entry_time,entry_price,exit_time,exit_price,direction,stop_loss,take_profit,exit_reason,pnl,return_pct,fvg_lower,fvg_upper,fvg_middle,cumulative_pnl,equity,is_win,streak
2018-01-15 08:31:00,7939.846938,2018-01-15 08:32:00,7938.089621999999,Short,7941.018482,7938.089621999999,TP,1.757316000001083,0.022132869987588708,7941.018482,7941.604254,7941.311368000001,1.757316000001083,10001.757316000001,True,1
2018-01-16 08:31:00,7992.859307,2018-01-16 08:41:00,8009.5538105,Long,7981.729638,8009.5538105,TP,16.694503499999882,0.20886772628887817,7980.265208,7981.729638,7980.997423,18.451819500000965,10018.451819500002,True,1
2018-01-26 08:31:00,8147.796008,2018-01-26 08:35:00,8152.77507,Short,8152.77507,8140.327415000002,SL,-4.9790619999994306,-0.061109310973307206,8152.77507,8156.289702,8154.532386,13.472757500001535,10013.472757500002,False,2
2018-01-29 08:31:00,8208.716298,2018-01-29 08:34:00,8198.6117295,Short,8215.452677,8198.6117295,TP,10.104568499999004,0.12309559903368712,8215.452677,8215.745563,8215.599119999999,23.57732600000054,10023.577326,True,3
2018-01-31 08:31:00,8183.235215,2018-01-31 08:35:00,8178.549039,Long,8178.549039,8190.264478999999,SL,-4.68617599999925,-0.05726556645236612,8176.791723,8178.549039,8177.670381,18.89115000000129,10018.891150000001,False,4
2018-02-01 08:31:00,8117.335862,2018-02-01 08:55:00,8138.423653999999,Long,8103.277334,8138.423653999999,TP,21.087791999999354,0.25978710698319696,8100.934246,8103.277334,8102.10579,39.97894200000064,10039.978942000002,True,5
2018-02-15 08:31:00,7871.897383,2018-02-15 08:36:00,7853.884892500001,Short,7883.90571,7853.884892500001,TP,18.01249049999933,0.22882018938532867,7883.90571,7890.349202,7887.127456,57.99143249999997,10057.991432499999,True,5
2018-02-16 08:31:00,7961.227617,2018-02-16 08:32:00,7955.077011,Long,7955.077011,7970.453525999998,SL,-6.150605999999243,-0.07725700477229859,7948.047747,7955.077011,7951.562379,51.84082650000073,10051.8408265,False,6
2018-03-02 08:31:00,7837.629719,2018-03-02 08:37:00,7822.985419,Long,7822.985419,7859.5961689999995,SL,-14.64429999999993,-0.18684603030555508,7817.127699,7822.985419,7820.056559,37.1965265000008,10037.1965265,False,6
2018-03-05 08:31:00,7955.369897,2018-03-05 08:33:00,7964.1564769999995,Long,7949.512177,7964.1564769999995,TP,8.786579999999958,0.11044841552010562,7946.583316,7949.512177,7948.0477465,45.98310650000076,10045.9831065,True,7
2018-03-07 08:31:00,8054.072483,2018-03-07 08:34:00,8063.298392000001,Long,8047.921877,8063.298392000001,TP,9.225909000000684,0.11454961473806101,8040.306841,8047.921877,8044.114358999999,55.20901550000144,10055.2090155,True,7
2018-03-12 08:31:00,8340.197951,2018-03-12 08:33:00,8346.034747,Short,8346.034747,8331.442757,SL,-5.836795999999595,-0.06998390247200015,8346.034747,8346.618427,8346.326587,49.37221950000185,10049.372219500001,False,8
2018-03-16 08:31:00,8260.233844,2018-03-16 08:33:00,8253.813369,Long,8253.813369,8269.8645565,SL,-6.420475000000806,-0.07772752105153122,8251.47865,8253.813369,8252.6460095,42.95174450000104,10042.951744500002,False,8
2018-03-19 08:31:00,8128.030413,2018-03-19 08:33:00,8122.3395375,Short,8131.82433,8122.3395375,TP,5.690875500000402,0.07001543068660762,8131.82433,8135.618248,8133.721289,48.64262000000144,10048.642620000002,True,9
2018-03-23 08:31:00,7837.357967,2018-03-23 08:35:00,7827.727253,Long,7827.727253,7851.804038,SL,-9.630713999999898,-0.122882150343917,7817.51286,7827.727253,7822.6200565,39.011906000001545,10039.011906000002,False,10
2018-03-26 08:31:00,7786.286001,2018-03-26 08:36:00,7774.028729,Long,7774.028729,7804.6719090000015,SL,-12.25727200000074,-0.15742129172273564,7769.651132,7774.028729,7771.8399305,26.754634000000806,10026.754634,False,10
2018-03-27 08:31:00,7945.630535,2018-03-27 08:32:00,7936.875341000001,Short,7951.467331,7936.875341000001,TP,8.755193999999392,0.11018878818280456,7951.467331,7957.595967,7954.5316490000005,35.5098280000002,10035.509828,True,11
2018-04-04 08:31:00,7431.116958,2018-04-04 08:36:00,7457.382539999999,Long,7413.60657,7457.382539999999,TP,26.265581999999085,0.35345402512771334,7409.812652,7413.60657,7411.709611,61.77540999999928,10061.775409999998,True,11
2018-04-05 08:31:00,7730.836438,2018-04-05 08:32:00,7738.132433,Short,7738.132433,7719.8924455000015,SL,-7.295994999999493,-0.09437523427784482,7738.132433,7743.969229,7741.0508310000005,54.47941499999979,10054.479415,False,12
2018-04-11 08:31:00,7714.493409,2018-04-11 08:35:00,7703.111656,Long,7703.111656,7731.566038499999,SL,-11.381752999999662,-0.1475372703892819,7694.648302,7703.111656,7698.879978999999,43.09766200000013,10043.097662,False,12
2018-04-17 08:31:00,7871.795064,2018-04-17 08:33:00,7876.172661,Short,7876.172661,7865.2286685,SL,-4.377596999999696,-0.055611165743118945,7876.172661,7879.966578,7878.0696195,38.72006500000043,10038.720065000001,False,12
2018-04-23 08:31:00,7815.761821,2018-04-23 08:32:00,7821.306778,Short,7821.306778,7807.4443855,SL,-5.544957000000068,-0.0709458287879429,7821.306778,7822.474137,7821.8904575,33.175108000000364,10033.175108,False,12
2018-04-26 08:31:00,7702.819817,2018-04-26 08:32:00,7706.030055,Short,7706.030055,7698.004459999998,SL,-3.2102380000005724,-0.04167614037804219,7706.030055,7708.656613,7707.343334,29.96486999999979,10029.96487,False,12
2018-05-02 08:31:00,7806.422948,2018-05-02 08:36:00,7790.663600000001,Short,7816.92918,7790.663600000001,TP,15.75934799999959,0.20187668673572345,7816.92918,7819.263899,7818.0965395,45.72421799999938,10045.724218,True,13
2018-05-09 08:31:00,7968.685879,2018-05-09 08:32:00,7973.938996,Short,7973.938996,7960.806203499999,SL,-5.253117000000202,-0.06592199868040755,7973.938996,7975.981874,7974.960435,40.47110099999918,10040.471101,False,14
2018-05-11 08:31:00,8119.858898,2018-05-11 08:32:00,8119.858898,Long,8119.858898,8119.858898,SL,0.0,0.0,8119.567058,8119.858898,8119.712978,40.47110099999918,10040.471101,False,14
2018-05-14 08:31:00,8149.334719,2018-05-14 08:32:00,8153.274557500001,Long,8146.70816,8153.274557500001,TP,3.9398385000004055,0.04834552311141124,8142.622403,8146.70816,8144.6652815,44.410939499999586,10044.4109395,True,15
2018-05-21 08:31:00,8100.889311,2018-05-21 08:38:00,8116.2109005,Long,8090.674918,8116.2109005,TP,15.3215895000003,0.18913466055134823,8085.713641,8090.674918,8088.1942794999995,59.732528999999886,10059.732529,True,15
2018-05-23 08:31:00,8004.290335,2018-05-23 08:36:00,8013.9210475,Long,7997.86986,8013.9210475,TP,9.6307125000003,0.12031937994413466,7994.951462,7997.86986,7996.410661,69.36324150000019,10069.3632415,True,15
2018-05-25 08:31:00,8130.365131,2018-05-25 08:32:00,8128.030413,Long,8128.030413,8133.867207999998,SL,-2.3347179999991567,-0.02871602889146009,8121.318097,8128.030413,8124.674255,67.02852350000103,10067.028523500001,False,16
2018-05-28 08:31:00,8143.497922,2018-05-28 08:32:00,8142.330563,Long,8142.330563,8145.248960499998,SL,-1.1673589999991236,-0.014334859677994815,8141.746884,8142.330563,8142.0387235,65.8611645000019,10065.861164500002,False,16
2018-05-29 08:31:00,8097.095393,2018-05-29 08:32:00,8093.593316,Long,8093.593316,8102.348508499998,SL,-3.50207699999919,-0.04325102805416819,8091.550437,8093.593316,8092.5718765,62.359087500002715,10062.359087500003,False,16
2018-06-04 08:31:00,8297.00566,2018-06-04 08:32:00,8296.42198,Long,8296.42198,8297.881180000004,SL,-0.5836800000015501,-0.007034827067980451,8293.211742,8296.42198,8294.816861,61.775407500001165,10061.775407500001,False,16
2018-06-06 08:31:00,8384.265762,2018-06-06 08:32:00,8383.682082,Long,8383.682082,8385.141282000004,SL,-0.5836800000015501,-0.006961611386973947,8381.055524,8383.682082,8382.368803,61.191727499999615,10061.1917275,False,16
2018-06-08 08:31:00,8314.017525,2018-06-08 08:32:00,8312.272228,Long,8312.272228,8316.635470499998,SL,-1.745296999999482,-0.02099222180794576,8308.490749,8312.272228,8310.3814885,59.44643050000013,10059.4464305,False,16
2018-06-15 08:31:00,8457.131955,2018-06-15 08:34:00,8464.40403,Short,8464.40403,8446.223842500003,SL,-7.272074999998949,-0.08598748415767091,8464.40403,8473.421402,8468.912715999999,52.174355500001184,10052.174355500001,False,16
2018-06-18 08:31:00,8401.864187,2018-06-18 08:34:00,8394.882995,Short,8406.518315,8394.882995,TP,6.981191999999282,0.08309098843565112,8406.518315,8412.335975,8409.427145,59.155547500000466,10059.1555475,True,17
2018-06-19 08:31:00,8375.975602,2018-06-19 08:38:00,8394.301231000001,Long,8363.758516,8394.301231000001,TP,18.325629000000845,0.21878799402931742,8355.904676,8363.758516,8359.831596,77.48117650000131,10077.481176500001,True,17
2018-06-20 08:31:00,8483.020541,2018-06-20 08:32:00,8478.948179,Long,8478.948179,8489.129083999998,SL,-4.072361999998975,-0.048006037240113944,8477.202881,8478.948179,8478.07553,73.40881450000234,10073.408814500002,False,18
2018-06-22 08:31:00,8438.515444,2018-06-22 08:36:00,8426.734684000001,Short,8446.369284,8426.734684000001,TP,11.780759999999646,0.139607020668263,8446.369284,8453.932242,8450.150763000001,85.18957450000198,10085.189574500002,True,19
2018-06-25 08:31:00,8322.162249,2018-06-25 08:32:00,8328.852558,Short,8328.852558,8312.1267855,SL,-6.6903089999996155,-0.08039147519388401,8328.852558,8330.01609,8329.434324,78.49926550000237,10078.499265500002,False,20
2018-06-29 08:31:00,8252.641215,2018-06-29 08:34:00,8260.931378999998,Long,8247.114439,8260.931378999998,TP,8.290163999998185,0.10045467607303689,8244.787375,8247.114439,8245.950907,86.78942950000055,10086.7894295,True,21
2018-07-03 08:31:00,8300.346025,2018-07-03 08:33:00,8292.928508500001,Short,8305.291036,8292.928508500001,TP,7.417516499999692,0.08936394311344016,8305.291036,8309.945164,8307.6181,94.20694600000024,10094.206946,True,21
2018-07-17 08:31:00,8503.964116,2018-07-17 08:32:00,8501.637052,Long,8501.637052,8507.454711999999,SL,-2.3270639999991545,-0.02736446165877912,8490.583498,8501.637052,8496.110275,91.87988200000109,10091.879882000001,False,22
2018-07-19 08:31:00,8599.664618,2018-07-19 08:38:00,8611.881702500003,Long,8591.519895,8611.881702500003,TP,12.217084500001874,0.1420646623175308,8586.865767,8591.519895,8589.192831,104.09696650000296,10104.096966500003,True,23
2018-07-23 08:31:00,8554.868638,2018-07-23 08:32:00,8551.08716,Long,8551.08716,8560.540855000001,SL,-3.7814780000007886,-0.044202642495336335,8541.778904,8551.08716,8546.433032,100.31548850000217,10100.315488500002,False,24
2018-07-24 08:31:00,8685.475099,2018-07-24 08:32:00,8684.602451,Long,8684.602451,8686.784070999998,SL,-0.8726479999986623,-0.010047210890042554,8684.311568,8684.602451,8684.4570095,99.44284050000351,10099.442840500004,False,24
2018-07-25 08:31:00,8637.77029,2018-07-25 08:32:00,8641.260886000002,Long,8635.443226,8641.260886000002,TP,3.49059600000146,0.040410845424339946,8634.570577,8635.443226,8635.0069015,102.93343650000497,10102.933436500005,True,25
2018-07-26 08:31:00,8650.569141,2018-07-26 08:33:00,8642.133534,Long,8642.133534,8663.2225515,SL,-8.435606999999436,-0.0975150520445905,8631.661747,8642.133534,8636.8976405,94.49782950000554,10094.497829500006,False,26
2018-07-31 08:31:00,8427.752773,2018-07-31 08:34:00,8439.0972085,Long,8420.189816,8439.0972085,TP,11.344435499999236,0.1346080717548267,8412.917741,8420.189816,8416.5537785,105.84226500000477,10105.842265000005,True,27
2018-08-06 08:31:00,8601.700799,2018-08-06 08:33:00,8605.191395,Short,8605.191395,8596.464905,SL,-3.490595999999641,-0.040580300123964366,8605.191395,8607.227576,8606.2094855,102.35166900000513,10102.351669000005,False,28
2018-08-17 08:31:00,8560.395415,2018-08-17 08:32:00,8564.75866,Short,8564.75866,8553.850547500002,SL,-4.363244999998642,-0.0509701338369618,8564.75866,8565.631309,8565.1949845,97.98842400000649,10097.988424000006,False,28
2018-08-20 08:31:00,8613.336119,2018-08-20 08:32:00,8609.845522999998,Short,8615.663183,8609.845522999998,TP,3.49059600000146,0.04052548224957364,8615.663183,8616.244949,8615.954066,101.47902000000795,10101.479020000008,True,29
2018-08-23 08:31:00,8640.388237,2018-08-23 08:32:00,8640.097354,Long,8640.097354,8640.824561499998,SL,-0.29088299999966694,-0.0033665501135011896,8636.897641,8640.097354,8638.4974975,101.18813700000828,10101.188137000008,False,30
2018-08-24 08:31:00,8670.93095,2018-08-24 08:32:00,8670.640067,Long,8670.640067,8671.3672745,SL,-0.29088299999966694,-0.0033546916897045174,8667.149471,8670.640067,8668.894769,100.89725400000862,10100.897254000009,False,30
2018-08-27 08:31:00,8768.667634,2018-08-27 08:32:00,8770.412931999997,Long,8767.504102,8770.412931999997,TP,1.7452979999980016,0.019903799218375092,8764.304389,8767.504102,8765.904245500002,102.64255200000662,10102.642552000007,True,31
2018-08-30 08:31:00,8910.618531,2018-08-30 08:38:00,8903.346457,Long,8903.346457,8921.526642,SL,-7.27207400000043,-0.08161132669635579,8903.055574,8903.346457,8903.201015499999,95.37047800000619,10095.370478000006,False,32
2018-08-31 08:31:00,8902.182925,2018-08-31 08:32:00,8909.600441499999,Long,8897.237914,8909.600441499999,TP,7.417516499999692,0.08332244532033915,8891.711137,8897.237914,8894.4745255,102.78799450000588,10102.787994500006,True,33
2018-09-07 08:31:00,8629.334683,2018-09-07 08:32:00,8624.971438,Long,8624.971438,8635.879550499998,SL,-4.363244999998642,-0.05056293631297372,8618.28113,8624.971438,8621.626284,98.42474950000724,10098.424749500007,False,34
2018-09-12 08:31:00,8720.381058,2018-09-12 08:32:00,8720.381058,Short,8720.381058,8720.381058,SL,0.0,0.0,8720.381058,8725.907835,8723.1444465,98.42474950000724,10098.424749500007,False,34
2018-09-14 08:31:00,8803.177142,2018-09-14 08:33:00,8792.307948500002,Short,8810.423271,8792.307948500002,TP,10.8691934999988,0.12346898539780402,8810.423271,8812.742032,8811.5826515,109.29394300000604,10109.293943000006,True,35
2018-09-19 08:31:00,8738.251826,2018-09-19 08:37:00,8728.976781,Long,8728.976781,8752.1643935,SL,-9.275045000000318,-0.10614302705723279,8727.527555,8728.976781,8728.252167999999,100.01889800000572,10100.018898000006,False,36
2018-09-24 08:31:00,8691.586756,2018-09-24 08:32:00,8678.543725000001,Short,8700.28211,8678.543725000001,TP,13.043030999999246,0.1500650153551691,8700.28211,8701.151646,8700.716878,113.06192900000497,10113.061929000005,True,37
2018-09-26 08:31:00,8820.567851,2018-09-26 08:39:00,8812.452187,Long,8812.452187,8832.741347,SL,-8.115663999999015,-0.09200840736210573,8808.104509,8812.452187,8810.278348,104.94626500000595,10104.946265000006,False,38
2018-09-28 08:31:00,8861.725863,2018-09-28 08:32:00,8859.696947,Long,8859.696947,8864.769236999999,SL,-2.028915999999299,-0.02289526928914094,8853.900044,8859.696947,8856.7984955,102.91734900000665,10102.917349000007,False,38
2018-10-17 08:31:00,8476.811494,2018-10-17 08:34:00,8459.855552500001,Short,8488.115455,8459.855552500001,TP,16.955941499998517,0.20002735122752416,8488.115455,8495.651429,8491.883441999998,119.87329050000517,10119.873290500005,True,39
2018-10-25 08:31:00,8018.276453,2018-10-25 08:32:00,8011.32017,Long,8011.32017,8028.7108775000015,SL,-6.95628300000044,-0.08675534001322416,8009.870944,8011.32017,8010.595557000001,112.91700750000473,10112.917007500004,False,40
2018-10-26 08:31:00,7911.32359,2018-10-26 08:32:00,7902.33839,Long,7902.33839,7924.8013900000005,SL,-8.985200000000077,-0.11357391589136197,7877.121861,7902.33839,7889.7301255,103.93180750000465,10103.931807500005,False,40
2018-10-31 08:31:00,8043.203137,2018-10-31 08:32:00,8048.420350000002,Long,8039.724995,8048.420350000002,TP,5.2172130000017205,0.06486486678425066,8037.696079,8039.724995,8038.710537,109.14902050000637,10109.149020500006,True,41
2018-11-01 08:31:00,8113.925356,2018-11-01 08:32:00,8108.128452,Long,8108.128452,8122.620712,SL,-5.796903999999813,-0.07144389115821949,8107.838607,8108.128452,8107.983529499999,103.35211650000656,10103.352116500006,False,42
2018-11-05 08:31:00,8045.811743,2018-11-05 08:43:00,8015.378000000001,Short,8066.100905,8015.378000000001,TP,30.433742999999595,0.3782557182807253,8066.100905,8079.433782,8072.7673435,133.78585950000615,10133.785859500007,True,43
2018-11-06 08:31:00,8072.767343,2018-11-06 08:34:00,8106.244458500001,Long,8050.449266,8106.244458500001,TP,33.477115500000764,0.4146919399210631,8048.42035,8050.449266,8049.434808,167.26297500000692,10167.262975000007,True,43
2018-11-09 08:31:00,8239.718154,2018-11-09 08:32:00,8237.399393,Long,8237.399393,8243.196295500002,SL,-2.3187610000004497,-0.028141265959137195,8235.370477,8237.399393,8236.384935,164.94421400000647,10164.944214000006,False,44
2018-11-13 08:31:00,7990.741163,2018-11-13 08:33:00,8012.4795484999995,Long,7976.248906,8012.4795484999995,TP,21.738385499999822,0.2720446709080798,7959.148041,7976.248906,7967.698473500001,186.6825995000063,10186.682599500007,True,45
2018-11-23 08:31:00,7595.972058,2018-11-23 08:35:00,7618.579980000001,Long,7580.90011,7618.579980000001,TP,22.607922000001054,0.2976303997352205,7572.784445,7580.90011,7576.8422775,209.29052150000734,10209.290521500006,True,45
2018-12-12 08:31:00,7880.310158,2018-12-12 08:32:00,7888.135977,Short,7888.135977,7868.571429500001,SL,-7.825818999999683,-0.09930851505958814,7888.135977,7890.454739,7889.295357999999,201.46470250000766,10201.464702500009,False,46
2018-12-14 08:31:00,7744.968193,2018-12-14 08:32:00,7748.144136,Short,7748.144136,7740.204278499999,SL,-3.1759430000001885,-0.04100653380178689,7748.144136,7750.742634,7749.4433850000005,198.28875950000747,10198.288759500007,False,46
2018-12-24 08:31:00,6978.122507,2018-12-24 08:34:00,6994.146578000001,Long,6967.439793,6994.146578000001,TP,16.02407100000073,0.22963298485984476,6955.60219,6967.439793,6961.5209915,214.3128305000082,10214.312830500008,True,47
2018-12-26 08:31:00,6931.060818,2018-12-26 08:33:00,6960.5104635,Long,6911.427721,6960.5104635,TP,29.44964549999986,0.4248937684043831,6902.477338,6911.427721,6906.9525295,243.76247600000806,10243.762476000007,True,47
2019-01-02 08:31:00,7196.107633,2019-01-02 08:45:00,7223.824947999999,Long,7177.629423,7223.824947999999,TP,27.717314999998962,0.3851709342546873,7175.319647,7177.629423,7176.474535,271.479791000007,10271.479791000007,True,47
2019-01-03 08:31:00,7271.46408,2019-01-03 08:32:00,7280.558822999999,Long,7265.400918,7280.558822999999,TP,9.094742999999653,0.12507444030445727,7253.852037,7265.400918,7259.6264775,280.5745340000067,10280.574534000007,True,47
2019-01-21 08:31:00,7807.043428,2019-01-21 08:32:00,7811.085536,Short,7811.085536,7800.9802660000005,SL,-4.042107999999644,-0.05177514429473523,7811.085536,7814.5502,7812.817868,276.53242600000704,10276.532426000007,False,48
2019-01-25 08:31:00,7787.699052,2019-01-25 08:47:00,7803.001319,Short,7803.001319,7764.745651499999,SL,-15.302267000000029,-0.19649278814992438,7803.001319,7805.311096,7804.1562075,261.230159000007,10261.230159000006,False,48
2019-01-31 08:31:00,7919.645016,2019-01-31 08:32:00,7914.159297,Long,7914.159297,7927.873594500001,SL,-5.485719000000245,-0.06926723342924446,7910.405911,7914.159297,7912.282604,255.74444000000676,10255.744440000006,False,48
2019-02-06 08:31:00,8124.348928,2019-02-06 08:32:00,8121.75043,Long,8121.75043,8128.246675,SL,-2.5984980000002906,-0.031984076792230684,8116.842155,8121.75043,8119.2962925,253.14594200000647,10253.145942000006,False,48
2019-02-07 08:31:00,8002.796957,2019-02-07 08:32:00,8004.818012,Short,8004.818012,7999.765374499999,SL,-2.0210550000001604,-0.025254358080800184,8004.818012,8014.923282,8009.870647,251.1248870000063,10251.124887000005,False,48
2019-02-08 08:31:00,7922.243514,2019-02-08 08:34:00,7933.0705904999995,Long,7915.025463,7933.0705904999995,TP,10.827076499999748,0.13666679749071584,7909.251023,7915.025463,7912.138242999999,261.95196350000606,10261.951963500007,True,49
2019-02-12 08:31:00,8033.401492,2019-02-12 08:33:00,8041.196986,Short,8041.196986,8021.708251,SL,-7.795493999999962,-0.09703852107681962,8041.196986,8041.485708,8041.341347,254.1564695000061,10254.156469500005,False,50
2019-02-15 08:31:00,8170.255729,2019-02-15 08:33:00,8159.861735500001,Short,8177.185058,8159.861735500001,TP,10.393993499999851,0.12721748063658256,8177.185058,8179.206112,8178.1955849999995,264.55046300000595,10264.550463000007,True,51
2019-02-19 08:31:00,8137.918863,2019-02-19 08:33:00,8146.580524499999,Long,8132.144422,8146.580524499999,TP,8.661661499999354,0.10643583016513732,8130.123368,8132.144422,8131.133895,273.2121245000053,10273.212124500005,True,51
2019-02-20 08:31:00,8182.093332,2019-02-20 08:32:00,8177.185058,Long,8177.185058,8189.455743,SL,-4.908274000000347,-0.05998799819117422,8176.03017,8177.185058,8176.6076140000005,268.30385050000496,10268.303850500004,False,52
2019-02-27 08:31:00,8204.902372,2019-02-27 08:32:00,8207.933954500002,Long,8202.881317,8207.933954500002,TP,3.031582500001605,0.036948428665612945,8196.240711,8202.881317,8199.561013999999,271.33543300000656,10271.335433000007,True,53
2019-02-28 08:31:00,8204.324928,2019-02-28 08:33:00,8208.655759500001,Long,8201.437707,8208.655759500001,TP,4.330831500001295,0.052787176739196244,8199.705375,8201.437707,8200.571541,275.66626450000786,10275.666264500007,True,53
2019-03-04 08:31:00,8314.616739,2019-03-04 08:32:00,8315.915987999999,Long,8313.750573,8315.915987999999,TP,1.2992489999996906,0.01562608404913624,8308.842299,8313.750573,8311.296436,276.96551350000755,10276.965513500007,True,53
2019-03-11 08:31:00,8149.35878,2019-03-11 08:33:00,8159.280187999999,Long,8142.744508,8159.280187999999,TP,9.921407999999246,0.12174464602476671,8137.280544,8142.744508,8140.012526,286.8869215000068,10286.886921500007,True,53
2019-03-18 08:31:00,8447.288616,2019-03-18 08:33:00,8455.484562000001,Long,8441.824652,8455.484562000001,TP,8.19594600000164,0.09702457643601414,8438.948881,8441.824652,8440.3867665,295.08286750000843,10295.082867500008,True,53
2019-03-19 08:31:00,8507.679799,2019-03-19 08:34:00,8501.928258,Long,8501.928258,8516.307110499998,SL,-5.751540999999634,-0.06760410753441466,8497.327025,8501.928258,8499.6276415,289.3313265000088,10289.331326500009,False,54
2019-03-21 08:31:00,8511.130724,2019-03-21 08:32:00,8507.392222,Long,8507.392222,8516.738477,SL,-3.738502000000153,-0.043924857004700765,8499.052487,8507.392222,8503.222354500002,285.59282450000865,10285.592824500009,False,54
2019-03-22 08:31:00,8627.02428,2019-03-22 08:33:00,8633.494764,Long,8622.710624,8633.494764,TP,6.470483999999487,0.07500250132597851,8620.697585,8622.710624,8621.7041045,292.06330850000813,10292.063308500008,True,55
2019-03-27 08:31:00,8508.830107,2019-03-27 08:33:00,8516.594687499999,Long,8503.65372,8516.594687499999,TP,7.764580499999283,0.09125320875324046,8497.327025,8503.65372,8500.4903725,299.8278890000074,10299.827889000007,True,55
2019-03-28 08:31:00,8456.491082,2019-03-28 08:32:00,8453.902889,Long,8453.902889,8460.3733715,SL,-2.588192999999592,-0.03060599218875392,8452.465003,8453.902889,8453.183946000001,297.2396960000078,10297.239696000008,False,56
2019-04-02 08:31:00,8623.860932,2019-04-02 08:37:00,8630.475205,Short,8630.475205,8613.939522499997,SL,-6.614273000001049,-0.0766973522898299,8630.475205,8631.050359,8630.762782000002,290.6254230000068,10290.625423000007,False,56
2019-04-03 08:31:00,8697.193083,2019-04-03 08:32:00,8694.604889999999,Short,8698.918545,8694.604889999999,TP,2.588193000001411,0.029758946079516523,8698.918545,8703.519778,8701.219161500001,293.2136160000082,10293.213616000008,True,57
2019-04-11 08:31:00,8782.315893,2019-04-11 08:32:00,8789.217743,Short,8789.217743,8771.963118000003,SL,-6.901849999998376,-0.07858804083214016,8789.217743,8794.39413,8791.8059365,286.3117660000098,10286.31176600001,False,58
2019-04-15 08:31:00,8803.309019,2019-04-15 08:32:00,8800.720825,Long,8800.720825,8807.19131,SL,-2.5881939999999304,-0.029400240232552156,8800.145671,8800.720825,8800.433248000001,283.7235720000099,10283.72357200001,False,58
2019-04-16 08:31:00,8824.877299,2019-04-16 08:32:00,8828.328223,Short,8828.328223,8819.700912999999,SL,-3.4509240000006685,-0.03910449837519796,8828.328223,8828.903377,8828.6158,280.2726480000092,10280.27264800001,False,58
2019-04-18 08:31:00,8863.412625,2019-04-18 08:39:00,8852.1971205,Short,8870.889628,8852.1971205,TP,11.215504499999952,0.12653709101126215,8870.889628,8874.052976,8872.471302000002,291.48815250000916,10291.48815250001,True,59
2019-04-23 08:31:00,8907.987069,2019-04-23 08:35:00,8912.875879,Short,8912.875879,8900.653854000004,SL,-4.888809999998557,-0.054881197762530746,8912.875879,8913.738611,8913.307245,286.5993425000106,10286.59934250001,False,60
2019-04-30 08:31:00,8956.87517,2019-04-30 08:32:00,8960.038518,Short,8960.038518,8952.130148,SL,-3.163348000000042,-0.03531754032472512,8960.038518,8961.76398,8960.901248999999,283.43599450001057,10283.43599450001,False,60
2019-05-03 08:31:00,8958.025478,2019-05-03 08:32:00,8963.489442,Short,8963.489442,8949.829532,SL,-5.463964000000487,-0.06099518262612032,8963.489442,8967.227944,8965.358693,277.9720305000101,10277.97203050001,False,60
2019-05-06 08:31:00,8864.85051,2019-05-06 08:35:00,8888.144251500002,Long,8849.321349,8888.144251500002,TP,23.293741500001488,0.2627651924161041,8848.746195,8849.321349,8849.033771999999,301.26577200001157,10301.265772000012,True,61
2019-05-07 08:31:00,8900.222489,2019-05-07 08:47:00,8886.41879,Long,8886.41879,8920.9280375,SL,-13.803699000000051,-0.15509386441811288,8881.242403,8886.41879,8883.8305965,287.4620730000115,10287.462073000012,False,62
2019-05-08 08:31:00,8787.49228,2019-05-08 08:32:00,8782.028316,Long,8782.028316,8795.688226000002,SL,-5.463964000000487,-0.062178876816042984,8776.851929,8782.028316,8779.4401225,281.998109000011,10281.998109000011,False,62
2019-05-09 08:31:00,8696.905506,2019-05-09 08:33:00,8687.127886,Long,8687.127886,8711.571935999997,SL,-9.777619999998933,-0.11242642562062274,8685.402423,8687.127886,8686.2651545,272.2204890000121,10272.220489000012,False,62
2019-05-13 08:31:00,8546.502703,2019-05-13 08:32:00,8539.88843,Long,8539.88843,8556.424112499999,SL,-6.61427299999923,-0.07739157442350637,8524.646846,8539.88843,8532.267638000001,265.60621600001286,10265.606216000013,False,62
2019-05-17 08:31:00,8666.422337,2019-05-17 08:41:00,8691.872906,Long,8649.455291,8691.872906,TP,25.45056900000054,0.29366869061230866,8647.154674,8649.455291,8648.3049825,291.0567850000134,10291.056785000013,True,63
2019-05-21 08:31:00,8581.01195,2019-05-21 08:33:00,8572.384638,Long,8572.384638,8593.952918,SL,-8.62731200000053,-0.10053956398464786,8571.809484,8572.384638,8572.097061,282.4294730000129,10282.429473000013,False,64
2019-05-22 08:31:00,8549.953627,2019-05-22 08:34:00,8559.875035000001,Long,8543.339355,8559.875035000001,TP,9.921408000000156,0.11604048902287871,8536.725082,8543.339355,8540.0322185,292.35088100001303,10292.350881000013,True,65
2019-05-24 08:31:00,8476.909054,2019-05-24 08:43:00,8485.536367,Long,8471.157512,8485.536367,TP,8.627313000000868,0.10177427816014963,8462.817778,8471.157512,8466.987645000001,300.9781940000139,10300.978194000014,True,65
2019-05-27 08:31:00,8416.805448,2019-05-27 08:32:00,8416.517871,Long,8416.517871,8417.236813499998,SL,-0.2875769999991462,-0.0034167000981052765,8414.792408,8416.517871,8415.655139499999,300.69061700001475,10300.690617000015,False,66
2019-05-28 08:31:00,8439.524036,2019-05-28 08:32:00,8445.99452,Long,8435.21038,8445.99452,TP,6.470483999999487,0.07666882601908247,8433.772494,8435.21038,8434.491437,307.16110100001424,10307.161101000014,True,67
2019-05-30 08:31:00,8338.872064,2019-05-30 08:32:00,8344.048451499999,Long,8335.421139,8344.048451499999,TP,5.1763874999996915,0.06207539173489462,8330.819906,8335.421139,8333.120522500001,312.33748850001393,10312.337488500014,True,67
2019-06-03 08:31:00,8200.547497,2019-06-03 08:33:00,8191.057454,Long,8191.057454,8214.7825615,SL,-9.490042999999787,-0.1157245050220308,8186.743798,8191.057454,8188.900626000001,302.84744550001415,10302.847445500014,False,68
2019-06-10 08:31:00,8607.46904,2019-06-10 08:33:00,8622.5668355,Long,8597.403843,8622.5668355,TP,15.097795499999847,0.17540342497705744,8594.240495,8597.403843,8595.822169,317.945241000014,10317.945241000014,True,69
2019-06-11 08:31:00,8740.042065,2019-06-11 08:33:00,8732.565062,Long,8732.565062,8751.2575695,SL,-7.477002999999968,-0.08554882166920061,8729.114137,8732.565062,8730.8395995,310.468238000014,10310.468238000014,False,70
2019-06-17 08:31:00,8628.780798,2019-06-17 08:32:00,8628.494223,Long,8628.494223,8629.2106605,SL,-0.2865750000000844,-0.0033211528570352314,8627.347922,8628.494223,8627.921072500001,310.18166300001394,10310.181663000014,False,70
2019-06-18 08:31:00,8744.843775,2019-06-18 08:32:00,8750.57528,Short,8750.57528,8736.2465175,SL,-5.731504999999743,-0.06554153678977236,8750.57528,8758.312812,8754.444046,304.4501580000142,10304.450158000014,False,70
2019-06-20 08:31:00,8932.550564,2019-06-20 08:33:00,8923.523443999997,Short,8938.568644,8923.523443999997,TP,9.02712000000247,0.10105870585702145,8938.568644,8941.434397,8940.001520500002,313.47727800001667,10313.477278000017,True,71
2019-06-28 08:31:00,8836.547855,2019-06-28 08:32:00,8830.529775,Long,8830.529775,8845.574975,SL,-6.018079999999827,-0.0681044237948036,8828.237173,8830.529775,8829.383474,307.45919800001684,10307.459198000017,False,72
2019-07-04 08:31:00,9051.479293,2019-07-04 08:33:00,9052.339019,Short,9052.339019,9050.189704000002,SL,-0.8597259999987727,-0.009498182254735373,9052.339019,9052.625594,9052.482306499998,306.59947200001807,10306.599472000018,False,72
2019-07-05 08:31:00,8982.987808,2019-07-05 08:32:00,8981.841507,Long,8981.841507,8984.7072595,SL,-1.1463010000006761,-0.012760798795472173,8976.396578,8981.841507,8979.119042499999,305.4531710000174,10305.453171000017,False,72
2019-07-08 08:31:00,8946.592751,2019-07-08 08:37:00,8934.5565905,Short,8954.616858,8934.5565905,TP,12.036160499999824,0.13453345686998538,8954.616858,8959.202062,8956.909459999999,317.4893315000172,10317.489331500017,True,73
2019-07-10 08:31:00,9063.228878,2019-07-10 08:32:00,9071.8261355,Long,9057.497373,9071.8261355,TP,8.597257499999614,0.09485866037068223,9052.052444,9057.497373,9054.7749085,326.08658900001683,10326.086589000017,True,73
2019-07-19 08:31:00,9126.275434,2019-07-19 08:38:00,9115.098999999998,Short,9133.72639,9115.098999999998,TP,11.176434000000881,0.12246435121126198,9133.72639,9140.031046,9136.878718,337.2630230000177,10337.263023000018,True,73
2019-07-23 08:31:00,9121.403654,2019-07-23 08:32:00,9122.836531,Short,9122.836531,9119.254338499999,SL,-1.432877000001099,-0.015708952858069614,9122.836531,9124.555982,9123.6962565,335.8301460000166,10335.830146000017,False,74
2019-07-24 08:31:00,9110.22722,2019-07-24 08:34:00,9118.394615000003,Long,9104.78229,9118.394615000003,TP,8.167395000002216,0.08965083749033227,9104.495715,9104.78229,9104.6390025,343.9975410000188,10343.997541000019,True,75
2019-07-25 08:31:00,9159.518163,2019-07-25 08:32:00,9164.389942,Short,9164.389942,9152.210494500003,SL,-4.871778999999151,-0.05318815808105245,9164.389942,9164.963092,9164.676517,339.1257620000197,10339.12576200002,False,76
2019-07-30 08:31:00,9107.074892,2019-07-30 08:32:00,9103.349414,Long,9103.349414,9112.663109000001,SL,-3.725478000000294,-0.04090751469797284,9101.916537,9103.349414,9102.6329755,335.4002840000194,10335.40028400002,False,76
2019-07-31 08:31:00,9145.762551,2019-07-31 08:32:00,9139.744471499998,Short,9149.774604,9139.744471499998,TP,6.018079500001477,0.06580183408920297,9149.774604,9154.073233,9151.9239185,341.41836350002086,10341.41836350002,True,77
2019-08-01 08:31:00,9050.906143,2019-08-01 08:33:00,9065.091619,Long,9041.449159,9065.091619,TP,14.185476000000563,0.15672989837566326,9024.827795,9041.449159,9033.138477,355.6038395000214,10355.603839500021,True,77
2019-08-02 08:31:00,8877.528116,2019-08-02 08:32:00,8882.973046,Short,8882.973046,8869.360721000001,SL,-5.444929999999658,-0.06133385249646511,8882.973046,8892.716604,8887.844825,350.15890950002176,10350.158909500022,False,78
2019-08-06 08:31:00,8616.458063,2019-08-06 08:37:00,8598.976972,Long,8598.976972,8642.6796995,SL,-17.48109099999965,-0.20288024234766883,8590.952865,8598.976972,8594.9649185,332.6778185000221,10332.677818500022,False,78
2019-08-09 08:31:00,8822.505668,2019-08-09 08:32:00,8819.639915,Long,8819.639915,8826.804297499999,SL,-2.8657530000000406,-0.03248230273622127,8819.066765,8819.639915,8819.35334,329.8120655000221,10329.812065500022,False,78
2019-08-19 08:31:00,8854.315521,2019-08-19 08:32:00,8854.028945,Long,8854.028945,8854.745385000002,SL,-0.28657600000042294,-0.0032365686463368456,8849.443741,8854.028945,8851.736343,329.52548950002165,10329.525489500022,False,78
2019-08-23 08:31:00,8790.98239,2019-08-23 08:32:00,8786.970337,Long,8786.970337,8797.000469499997,SL,-4.012052999998559,-0.045638278203837465,8786.397186,8786.970337,8786.6837615,325.5134365000231,10325.513436500023,False,78
2019-09-03 08:31:00,8750.002129,2019-09-03 08:32:00,8753.727608,Short,8753.727608,8744.413910500003,SL,-3.7254789999988134,-0.04257689249756311,8753.727608,8754.587333,8754.157470499998,321.7879575000243,10321.787957500024,False,78
2019-09-05 08:31:00,8955.476584,2019-09-05 08:33:00,8961.494663500001,Long,8951.464531,8961.494663500001,TP,6.018079500001477,0.06719999146392137,8950.031654,8951.464531,8950.7480925,327.80603700002575,10327.806037000026,True,79
2019-09-06 08:31:00,9015.084236,2019-09-06 08:35:00,9000.039035000002,Short,9025.11437,9000.039035000002,TP,15.045200999998997,0.16688918934244548,9025.11437,9025.400945,9025.257657499998,342.85123800002475,10342.851238000025,True,79
2019-09-13 08:31:00,9046.320939,2019-09-13 08:42:00,9060.936276,Short,9060.936276,9024.397933499997,SL,-14.615337000001091,-0.1615611152705434,9060.936276,9065.234905,9063.085590499999,328.23590100002366,10328.235901000024,False,80
2019-09-18 08:31:00,9028.653256,2019-09-18 08:32:00,9031.797534,Short,9031.797534,9023.936839,SL,-3.1442779999997583,-0.034825548294372975,9031.797534,9032.940908,9032.369221,325.0916230000239,10325.091623000024,False,80
2019-09-19 08:31:00,9069.814722,2019-09-19 08:32:00,9077.961262499997,Long,9064.383695,9077.961262499997,TP,8.146540499998082,0.08982036292580048,9061.811103,9064.383695,9063.097399,333.238163500022,10333.238163500022,True,81
2019-10-01 08:31:00,8927.750495,2019-10-01 08:32:00,8934.610739000002,Long,8923.176999,8934.610739000002,TP,6.86024400000133,0.07684179798532027,8918.603503,8923.176999,8920.890251,340.0984075000233,10340.098407500023,True,81
2019-10-02 08:31:00,8735.37781,2019-10-02 08:33:00,8721.657322,Short,8744.524802,8721.657322,TP,13.720488000000842,0.15706805473592725,8744.524802,8746.525707,8745.5252545,353.81889550002415,10353.818895500024,True,81
2019-10-03 08:31:00,8647.052164,2019-10-03 08:32:00,8649.338912,Short,8649.338912,8643.622042000003,SL,-2.2867479999986244,-0.02644540540091767,8649.338912,8649.624755,8649.4818335,351.53214750002553,10351.532147500026,False,82
2019-10-04 08:31:00,8812.555559,2019-10-04 08:33:00,8792.546513,Long,8792.546513,8842.569128000003,SL,-20.009046000001035,-0.2270515727933924,8791.688982,8792.546513,8792.1177475,331.5231015000245,10331.523101500024,False,82
2019-10-08 08:31:00,8773.680841,2019-10-08 08:32:00,8780.826928,Short,8780.826928,8762.961710499998,SL,-7.146087000000989,-0.08144913326008903,8780.826928,8786.829642,8783.828285,324.3770145000235,10324.377014500024,False,82
2019-10-11 08:31:00,8972.91377,2019-10-11 08:32:00,8975.057595499999,Long,8971.484553,8975.057595499999,TP,2.143825499999366,0.02389218881348245,8968.626118,8971.484553,8970.055335500001,326.5208400000229,10326.520840000023,True,83
2019-10-14 08:31:00,8988.34932,2019-10-14 08:32:00,8986.062572,Long,8986.062572,8991.779441999997,SL,-2.2867479999986244,-0.02544124531197709,8970.341179,8986.062572,8978.201875499999,324.23409200002425,10324.234092000024,False,84
2019-10-16 08:31:00,9054.950859,2019-10-16 08:33:00,9060.953573,Short,9060.953573,9045.946788000001,SL,-6.002714000000196,-0.06629206600314026,9060.953573,9062.954477,9061.954025,318.23137800002405,10318.231378000024,False,84
2019-10-17 08:31:00,9128.984329,2019-10-17 08:32:00,9131.556920500003,Long,9127.269268,9131.556920500003,TP,2.5725915000020905,0.028180478871343347,9126.983425,9127.269268,9127.126346500001,320.80396950002614,10320.803969500026,True,85
2019-10-22 08:31:00,9125.840051,2019-10-22 08:32:00,9124.410833,Long,9124.410833,9127.983878,SL,-1.4292179999993095,-0.015661221235657066,9118.979806,9124.410833,9121.695319499999,319.37475150002683,10319.374751500027,False,86
2019-10-25 08:31:00,9084.678585,2019-10-25 08:33:00,9091.538830499998,Long,9080.105088,9091.538830499998,TP,6.8602454999982,0.07551445475820541,9068.099661,9080.105088,9074.1023745,326.23499700002503,10326.234997000025,True,87
2019-10-28 08:31:00,9247.895232,2019-10-28 08:36:00,9257.7568335,Long,9241.320831,9257.7568335,TP,9.86160149999887,0.10663617236790587,9232.459682,9241.320831,9236.8902565,336.0965985000239,10336.096598500024,True,87
2019-10-29 08:31:00,9269.333495,2019-10-29 08:32:00,9268.761808,Long,9268.761808,9270.191025500004,SL,-0.5716870000014751,-0.006167509242275624,9265.331686,9268.761808,9267.046747,335.5249115000224,10335.524911500022,False,88
2019-10-30 08:31:00,9216.166601,2019-10-30 08:34:00,9210.163886000002,Short,9220.168411,9210.163886000002,TP,6.002714999998716,0.06513244887898827,9220.168411,9224.17022,9222.1693155,341.52762650002114,10341.527626500021,True,89
2019-11-01 08:31:00,9287.341637,2019-11-01 08:36:00,9292.48682,Short,9292.48682,9279.623862499999,SL,-5.145183000000543,-0.0553999540568483,9292.48682,9292.772663,9292.6297415,336.3824435000206,10336.38244350002,False,90
2019-11-06 08:31:00,9377.954031,2019-11-06 08:33:00,9371.093786999998,Short,9382.527527,9371.093786999998,TP,6.86024400000133,0.0731528857715013,9382.527527,9386.243493,9384.38551,343.24268750002193,10343.242687500022,True,91
2019-11-07 08:31:00,9420.258871,2019-11-07 08:32:00,9422.259775,Short,9422.259775,9417.257515,SL,-2.000904000000446,-0.021240435399924863,9422.259775,9422.831463,9422.545619,341.2417835000215,10341.241783500021,False,92
2019-11-11 08:31:00,9396.248016,2019-11-11 08:32:00,9394.961720999998,Short,9397.105546,9394.961720999998,TP,1.2862950000017008,0.013689453469208012,9397.105546,9397.677233,9397.3913895,342.5280785000232,10342.528078500023,True,93
2019-11-12 08:31:00,9440.55376,2019-11-12 08:32:00,9439.69623,Long,9439.69623,9441.840055000002,SL,-0.8575300000011339,-0.009083471391630885,9439.410386,9439.69623,9439.553307999999,341.67054850002205,10341.670548500022,False,94
2019-11-19 08:31:00,9556.892071,2019-11-19 08:34:00,9548.7455305,Short,9562.323098,9548.7455305,TP,8.146540499999901,0.08524257090566342,9562.323098,9562.608941,9562.4660195,349.81708900002195,10349.817089000022,True,95
2019-11-25 08:31:00,9522.590849,2019-11-25 08:34:00,9532.4524505,Long,9516.016448,9532.4524505,TP,9.861601500000688,0.10356006738477364,9503.725177,9516.016448,9509.870812500001,359.67869050002264,10359.678690500023,True,95
2019-11-27 08:31:00,9611.774026,2019-11-27 08:32:00,9616.061678,Short,9616.061678,9605.342547999997,SL,-4.2876520000008895,-0.044608331286219625,9616.061678,9617.490896,9616.776287,355.39103850002175,10355.391038500022,False,96
2019-12-02 08:31:00,9600.626129,2019-12-02 08:36:00,9588.191936,Short,9608.915591,9588.191936,TP,12.43419300000096,0.12951439659171587,9608.915591,9615.775835,9612.345713,367.8252315000227,10367.825231500023,True,97
2019-12-03 08:31:00,9371.37963,2019-12-03 08:32:00,9376.23897,Short,9376.23897,9364.090619999999,SL,-4.859340000000884,-0.05185298421211098,9376.23897,9385.957649,9381.098309500001,362.9658915000218,10362.965891500022,False,98
2019-12-04 08:31:00,9480.286009,2019-12-04 08:36:00,9488.861314,Short,9488.861314,9467.423051499998,SL,-8.575305000000299,-0.09045407482284218,9488.861314,9489.147158,9489.004236,354.3905865000215,10354.390586500022,False,98
2019-12-05 08:31:00,9500.866742,2019-12-05 08:33:00,9506.583612,Short,9506.583612,9492.291437,SL,-5.716870000000199,-0.0601720890866506,9506.583612,9516.588135,9511.5858735,348.6737165000213,10348.673716500021,False,98
2019-12-06 08:31:00,9574.614369,2019-12-06 08:32:00,9574.328525,Long,9574.328525,9575.043135,SL,-0.2858439999999973,-0.00298543616467189,9573.470995,9574.328525,9573.89976,348.38787250002133,10348.387872500021,False,98
2019-12-09 08:31:00,9598.911068,2019-12-09 08:35:00,9604.485016999999,Long,9595.195102,9604.485016999999,TP,5.5739489999996295,0.058068555490440654,9590.621606,9595.195102,9592.908354,353.96182150002096,10353.961821500021,True,99
2019-12-10 08:31:00,9561.751411,2019-12-10 08:32:00,9557.8925245,Short,9564.324002,9557.8925245,TP,3.8588865000001533,0.0403575279687864,9564.324002,9566.039063,9565.181532499999,357.8207080000211,10357.820708000021,True,99
2019-12-11 08:31:00,9570.61256,2019-12-11 08:34:00,9574.614369,Short,9574.614369,9564.609846499998,SL,-4.001809000001231,-0.04181350958377142,9574.614369,9576.615273,9575.614821,353.8188990000199,10353.81889900002,False,100
2019-12-16 08:31:00,9783.945304,2019-12-16 08:33:00,9787.7930995,Long,9781.380107,9787.7930995,TP,3.8477954999998474,0.039327647287917086,9775.67967,9781.380107,9778.529888500001,357.66669450001973,10357.66669450002,True,101
2019-12-18 08:31:00,9832.113998,2019-12-18 08:40:00,9826.698583,Long,9826.698583,9840.237120500002,SL,-5.415415000001303,-0.055078846737363706,9826.413561,9826.698583,9826.556072,352.2512795000184,10352.251279500018,False,102
2019-12-19 08:31:00,9840.09461,2019-12-19 08:33:00,9846.080069,Long,9836.104304,9846.080069,TP,5.985458999999537,0.0608272505217258,9827.553648,9836.104304,9831.828976,358.23673850001796,10358.236738500018,True,103
2019-12-23 08:31:00,9948.402916,2019-12-23 08:34:00,9953.533309,Short,9953.533309,9940.707326499996,SL,-5.130393000001277,-0.05157001624602553,9953.533309,9954.673397,9954.103353,353.1063455000167,10353.106345500017,False,104
2019-12-24 08:31:00,9956.098506,2019-12-24 08:32:00,9955.528462,Long,9955.528462,9956.953572,SL,-0.5700440000000526,-0.005725576134632638,9954.388375,9955.528462,9954.9584185,352.53630150001663,10352.536301500017,False,104
2019-12-27 08:31:00,10065.261878,2019-12-27 08:32:00,10062.6966815,Short,10066.972009,10062.6966815,TP,2.565196499999729,0.02548564092114255,10066.972009,10068.68214,10067.8270745,355.10149800001636,10355.101498000016,True,105
2019-12-31 08:31:00,9920.470774,2019-12-31 08:32:00,9921.040818,Short,9921.040818,9919.615708,SL,-0.5700440000000526,-0.005746138595499406,9921.040818,9925.316146,9923.178482,354.5314540000163,10354.531454000016,False,106
2020-01-03 08:31:00,10041.320042,2020-01-03 08:43:00,10071.247337,Long,10021.368512,10071.247337,TP,29.927295000001322,0.298041441511912,10005.692309,10021.368512,10013.5304105,384.45874900001763,10384.458749000018,True,107
2020-01-09 08:31:00,10269.907571,2020-01-09 08:32:00,10274.610431,Long,10266.772331,10274.610431,TP,4.7028599999994185,0.04579262245046176,10264.207134,10266.772331,10265.4897325,389.16160900001705,10389.161609000017,True,107
2020-01-10 08:31:00,10298.979801,2020-01-10 08:32:00,10294.704473999998,Short,10301.830019,10294.704473999998,TP,4.275327000001198,0.04151214083929048,10301.830019,10302.970107,10302.400063000001,393.43693600001825,10393.436936000018,True,107
2020-01-13 08:31:00,10284.443686,2020-01-13 08:32:00,10282.733555,Long,10282.733555,10287.0088825,SL,-1.7101309999998193,-0.016628327717208322,10280.738402,10282.733555,10281.7359785,391.72680500001843,10391.726805000018,False,108
2020-01-17 08:31:00,10448.331254,2020-01-17 08:34:00,10438.070466500001,Short,10455.171779,10438.070466500001,TP,10.260787499999424,0.09820503629296039,10455.171779,10460.872216,10458.0219975,401.98759250001785,10401.987592500018,True,109
2020-01-21 08:31:00,10446.336101,2020-01-21 08:33:00,10454.031690500004,Long,10441.205708,10454.031690500004,TP,7.695589500002825,0.0736678336365814,10437.500424,10441.205708,10439.353066,409.6831820000207,10409.68318200002,True,109
2020-01-22 08:31:00,10507.045757,2020-01-22 08:32:00,10510.466019,Short,10510.466019,10501.915364,SL,-3.4202619999996386,-0.032552080566709184,10510.466019,10513.601259,10512.033639,406.26292000002104,10406.262920000021,False,110
2020-01-31 08:31:00,10449.471342,2020-01-31 08:32:00,10430.659900500003,Short,10462.012303,10430.659900500003,TP,18.811441499998182,0.180022901487739,10462.012303,10464.007456,10463.0098795,425.0743615000192,10425.07436150002,True,111
2020-02-03 08:31:00,10333.467446,2020-02-03 08:32:00,10322.921637,Long,10322.921637,10349.286159500003,SL,-10.5458090000011,-0.10205489159481791,10308.1005,10322.921637,10315.5110685,414.5285525000181,10414.528552500018,False,112
2020-02-05 08:31:00,10757.864991,2020-02-05 08:37:00,10730.930425499999,Short,10775.821368,10730.930425499999,TP,26.934565500001554,0.2503709195322207,10775.821368,10779.811674,10777.816521,441.4631180000197,10441.46311800002,True,113
2020-02-06 08:31:00,10698.580445,2020-02-06 08:33:00,10706.276035,Short,10706.276035,10687.037059999999,SL,-7.695590000001175,-0.07193094485350832,10706.276035,10712.546516,10709.4112755,433.7675280000185,10433.767528000019,False,114
2020-02-10 08:31:00,10715.396735,2020-02-10 08:34:00,10732.070514500003,Long,10704.280882,10732.070514500003,TP,16.673779500002638,0.15560580641443358,10698.580445,10704.280882,10701.4306635,450.44130750002114,10450.441307500021,True,115
2020-02-12 08:31:00,10935.718631,2020-02-12 08:32:00,10930.873259,Long,10930.873259,10942.986689,SL,-4.84537199999977,-0.04430776031731801,10923.462691,10930.873259,10927.167975,445.59593550002137,10445.595935500021,False,116
2020-02-20 08:31:00,11074.239253,2020-02-20 08:32:00,11079.369646,Long,11070.818991,11079.369646,TP,5.130392999999458,0.04632727253576032,11066.258641,11070.818991,11068.538816,450.7263285000208,10450.72632850002,True,117
2020-02-21 08:31:00,10946.264439,2020-02-21 08:32:00,10939.993958,Long,10939.993958,10955.670160500002,SL,-6.270481000001382,-0.05728420900979279,10936.288674,10939.993958,10938.141316,444.45584750001944,10444.45584750002,False,118
2020-02-25 08:31:00,10462.297325,2020-02-25 08:32:00,10452.036538,Long,10452.036538,10477.688505499998,SL,-10.260786999999254,-0.09807393807745046,10445.196014,10452.036538,10448.616276,434.1950605000202,10434.19506050002,False,118
2020-02-28 08:31:00,9393.180337,2020-02-28 08:36:00,9485.9549515,Long,9331.330594,9485.9549515,TP,92.7746145000001,0.9876805423883783,9307.103736,9331.330594,9319.217164999998,526.9696750000203,10526.96967500002,True,119
2020-03-03 08:31:00,10106.020003,2020-03-03 08:36:00,10056.853731999998,Short,10138.797517,10056.853731999998,TP,49.16627100000187,0.4865047861117109,10138.797517,10147.633194,10143.2153555,576.1359460000222,10576.135946000022,True,119
2020-03-04 08:31:00,9992.01126,2020-03-04 08:32:00,10004.409710999998,Long,9983.745626,10004.409710999998,TP,12.398450999999113,0.12408363719156891,9971.204665,9983.745626,9977.4751455,588.5343970000213,10588.534397000021,True,119
2020-03-05 08:31:00,9970.064577,2020-03-05 08:32:00,9947.54785,Long,9947.54785,10003.839667499997,SL,-22.516726999998355,-0.22584334159622524,9938.997195,9947.54785,9943.2725225,566.0176700000229,10566.017670000023,False,120
2020-03-06 08:31:00,9595.545856,2020-03-06 08:33:00,9637.016536000003,Long,9567.898736,9637.016536000003,TP,41.470680000002176,0.432186773137778,9560.77319,9567.898736,9564.335963,607.4883500000251,10607.488350000025,True,121
2020-03-09 08:31:00,9032.627688,2020-03-09 08:34:00,9032.200155,Short,9032.91271,9032.200155,TP,0.42753300000003946,0.0047332073762768314,9032.91271,9227.012595,9129.9626525,607.9158830000251,10607.915883000025,True,121
2020-03-12 08:31:00,8558.636339,2020-03-12 08:32:00,8570.892278,Short,8570.892278,8540.252430500002,SL,-12.255938999998762,-0.14319967007069678,8570.892278,8666.374601,8618.6334395,595.6599440000264,10595.659944000026,False,122
2020-03-13 08:31:00,8807.745442,2020-03-13 08:32:00,8771.547666,Long,8771.547666,8862.042105999997,SL,-36.19777599999907,-0.4109766368517973,8690.601459,8771.547666,8731.0745625,559.4621680000273,10559.462168000027,False,122
2020-03-20 08:31:00,8441.518365,2020-03-20 08:32:00,8463.76892,Short,8463.76892,8408.142532499998,SL,-22.25055500000053,-0.26358474906902046,8463.76892,8477.176306,8470.472613,537.2116130000268,10537.211613000027,False,122
2020-03-23 08:31:00,7892.956598,2020-03-23 08:32:00,7935.1756,Short,7935.1756,7829.628095,SL,-42.21900199999982,-0.5348946427843998,7935.1756,7964.843007,7950.0093035,494.99261100002695,10494.992611000027,False,122
2020-03-25 08:31:00,8581.582758,2020-03-25 08:32:00,8601.551205,Short,8601.551205,8551.630087500002,SL,-19.968446999999287,-0.23268955812823833,8601.551205,8619.808071,8610.679638,475.02416400002767,10475.024164000028,False,122
2020-03-26 08:31:00,8654.895485,2020-03-26 08:32:00,8638.3502,Long,8638.3502,8679.713412499998,SL,-16.54528499999833,-0.1911667798724242,8592.708036,8638.3502,8615.529118,458.47887900002934,10458.47887900003,False,122
2020-03-30 08:31:00,8779.555648,2020-03-30 08:35:00,8760.728255,Long,8760.728255,8807.796737499999,SL,-18.827392999999574,-0.21444585301180355,8743.897706,8760.728255,8752.312980499999,439.65148600002976,10439.65148600003,False,122
2020-03-31 08:31:00,8936.165325,2020-03-31 08:32:00,8939.01796,Short,8939.01796,8931.886372500001,SL,-2.8526349999992817,-0.03192236150800267,8939.01796,8948.146393,8943.5821765,436.7988510000305,10436.79885100003,False,122
2020-04-02 08:31:00,8519.110045,2020-04-02 08:33:00,8546.067447999998,Long,8501.138443,8546.067447999998,TP,26.95740299999852,0.31643449676789004,8482.025786,8501.138443,8491.5821145,463.756254000029,10463.756254000029,True,123
2020-04-08 08:31:00,9291.888946,2020-04-08 08:32:00,9275.343662,Long,9275.343662,9316.706871999999,SL,-16.54528399999981,-0.17806157710399967,9270.494182,9275.343662,9272.918922,447.2109700000292,10447.21097000003,False,124
2020-04-09 08:31:00,9421.683852,2020-04-09 08:37:00,9443.649144,Short,9443.649144,9388.735913999999,SL,-21.965292000000773,-0.23313552380913377,9443.649144,9445.645989,9444.6475665,425.2456780000284,10425.245678000028,False,124
2020-04-14 08:31:00,9671.289441,2020-04-14 08:32:00,9673.001022,Short,9673.001022,9668.722069500001,SL,-1.711580999999569,-0.01769754705865357,9673.001022,9682.985245,9677.9931335,423.53409700002885,10423.534097000029,False,124
2020-04-24 08:31:00,9877.249709,2020-04-24 08:32:00,9870.118121,Long,9870.118121,9887.947091,SL,-7.1315880000001926,-0.07220216366001153,9868.977067,9870.118121,9869.547594,416.40250900002866,10416.402509000029,False,124
2020-04-27 08:31:00,10095.191046,2020-04-27 08:32:00,10101.18158,Short,10101.18158,10086.205245,SL,-5.99053400000048,-0.059340471841531905,10101.18158,10103.178424,10102.180002000001,410.4119750000282,10410.411975000028,False,124
2020-04-28 08:31:00,10120.294236,2020-04-28 08:58:00,10079.6441835,Short,10147.394271,10079.6441835,TP,40.65005249999922,0.4016686822740637,10147.394271,10158.804813,10153.099542,451.0620275000274,10451.062027500027,True,125
2020-04-29 08:31:00,10095.191046,2020-04-29 08:32:00,10095.761573,Short,10095.761573,10094.3352555,SL,-0.5705269999998563,-0.005651473037015137,10095.761573,10108.883695,10102.322634,450.49150050002754,10450.491500500028,False,126
2020-05-01 08:31:00,10061.815213,2020-05-01 08:43:00,10041.561502,Long,10041.561502,10092.195779499998,SL,-20.253710999999385,-0.20129281418159337,10034.715177,10041.561502,10038.138339500001,430.23778950002816,10430.237789500028,False,126
2020-05-08 08:31:00,10430.94622,2020-05-08 08:34:00,10415.541989500001,Short,10441.215707,10415.541989500001,TP,15.404230499998448,0.14767817008262216,10441.215707,10449.488349,10445.352028,445.6420200000266,10445.642020000027,True,127
2020-05-12 08:31:00,10654.592827,2020-05-12 08:33:00,10645.749658,Long,10645.749658,10667.8575805,SL,-8.843168999999762,-0.08299865742020779,10634.62438,10645.749658,10640.187019,436.79885100002684,10436.798851000027,False,128
2020-05-14 08:31:00,10226.982796,2020-05-14 08:32:00,10204.161714,Long,10204.161714,10261.214419,SL,-22.821082000000388,-0.22314579436787768,10196.459599,10204.161714,10200.3106565,413.97776900002646,10413.977769000026,False,128
2020-05-15 08:31:00,10245.524926,2020-05-15 08:33:00,10261.7849485,Long,10234.684911,10261.7849485,TP,16.26002250000056,0.15870365469257325,10230.976486,10234.684911,10232.8306985,430.237791500027,10430.237791500027,True,129
2020-05-20 08:31:00,10745.306629,2020-05-20 08:32:00,10755.576115,Long,10738.460305,10755.576115,TP,10.269485999999233,0.095571828283461,10731.043453,10738.460305,10734.751879,440.50727750002625,10440.507277500026,True,129
2020-05-27 08:31:00,10705.369735,2020-05-27 08:33:00,10689.394978,Long,10689.394978,10729.3318705,SL,-15.974756999999954,-0.1492219082146438,10689.109714,10689.394978,10689.252346000001,424.5325205000263,10424.532520500026,False,130
2020-05-28 08:31:00,10734.466615,2020-05-28 08:33:00,10726.7645,Long,10726.7645,10746.0197875,SL,-7.702115000000049,-0.07175125952916338,10713.07185,10726.7645,10719.918174999999,416.83040550002625,10416.830405500026,False,130
2020-05-29 08:31:00,10764.419286,2020-05-29 08:32:00,10765.56034,Short,10765.56034,10762.707705,SL,-1.1410539999997127,-0.010600237408846995,10765.56034,10771.550874,10768.555607,415.68935150002653,10415.689351500027,False,130
2020-06-02 08:31:00,10929.016342,2020-06-02 08:32:00,10946.702681,Short,10946.702681,10902.486833500001,SL,-17.68633899999986,-0.1618291934657614,10946.702681,10956.972168,10951.837424500001,398.00301250002667,10398.003012500027,False,130
2020-06-09 08:31:00,11267.624152,2020-06-09 08:33:00,11253.360975,Long,11253.360975,11289.018917500001,SL,-14.263177000000724,-0.12658548783302304,11249.082022,11253.360975,11251.2214985,383.73983550002595,10383.739835500026,False,130
2020-06-15 08:31:00,10889.655425,2020-06-15 08:32:00,10872.230605,Long,10872.230605,10915.792655000001,SL,-17.42482000000018,-0.1600125928686139,10867.66016,10872.230605,10869.9453825,366.31501550002577,10366.315015500026,False,130
2020-06-17 08:31:00,11418.970033,2020-06-17 08:32:00,11411.257407999998,Short,11424.111783,11411.257407999998,TP,7.712625000001935,0.06754221245622859,11424.111783,11425.8257,11424.9687415,374.0276405000277,10374.027640500028,True,131
2020-06-19 08:31:00,11528.089397,2020-06-19 08:32:00,11528.660702,Short,11528.660702,11527.2324395,SL,-0.5713049999994837,-0.0049557648307980385,11528.660702,11538.65855,11533.659626,373.4563355000282,10373.456335500028,False,132
2020-06-23 08:31:00,11625.782649,2020-06-23 08:32:00,11628.639177,Short,11628.639177,11621.497857000002,SL,-2.856527999998434,-0.02457062966203088,11628.639177,11632.638316,11630.6387465,370.5998075000298,10370.59980750003,False,132
2020-06-24 08:31:00,11634.637885,2020-06-24 08:35:00,11649.634655500002,Long,11624.640038,11649.634655500002,TP,14.99677050000173,0.1288976128714446,11618.355676,11624.640038,11621.497856999998,385.5965780000315,10385.596578000032,True,133
2020-06-25 08:31:00,11439.537034,2020-06-25 08:32:00,11430.681797,Long,11430.681797,11452.819889500002,SL,-8.85523700000158,-0.07740905050337703,11423.826131,11430.681797,11427.253964,376.74134100002993,10376.74134100003,False,134
2020-07-06 08:31:00,11976.278614,2020-07-06 08:33:00,11988.276031000001,Long,11968.280336,11988.276031000001,TP,11.997417000000496,0.10017650212291976,11963.995545,11968.280336,11966.1379405,388.73875800003043,10388.73875800003,True,135
2020-07-16 08:31:00,12098.538006,2020-07-16 08:32:00,12092.539297,Long,12092.539297,12107.536069500002,SL,-5.998709000001327,-0.04958209824217108,12082.827103,12092.539297,12087.6832,382.7400490000291,10382.74004900003,False,136
2020-07-21 08:31:00,12531.873279,2020-07-21 08:34:00,12558.724641,Short,12558.724641,12491.596235999998,SL,-26.851362000001245,-0.21426455089517066,12558.724641,12567.008571,12562.866606,355.88868700002786,10355.888687000028,False,136
2020-07-23 08:31:00,12377.04947,2020-07-23 08:32:00,12378.192081,Short,12378.192081,12375.335553500001,SL,-1.142610999999306,-0.009231691307114941,12378.192081,12381.905567,12380.048824,354.74607600002855,10354.746076000029,False,136
2020-07-24 08:31:00,11888.297557,2020-07-24 08:32:00,11888.297557,Short,11888.297557,11888.297557,SL,0.0,0.0,11888.297557,11898.009752,11893.1536545,354.74607600002855,10354.746076000029,False,136
2020-07-30 08:31:00,12082.255797,2020-07-30 08:32:00,12077.114047,Long,12077.114047,12089.968422000002,SL,-5.141750000000684,-0.04255620876092832,12076.542742,12077.114047,12076.8283945,349.60432600002787,10349.604326000028,False,136
2020-07-31 08:31:00,12402.758221,2020-07-31 08:33:00,12374.9070745,Short,12421.325652,12374.9070745,TP,27.85114649999923,0.22455607054278018,12421.325652,12447.605708,12434.46568,377.4554725000271,10377.455472500027,True,137
2020-08-04 08:31:00,12603.85778,2020-08-04 08:34:00,12615.8551955,Long,12595.859503,12615.8551955,TP,11.997415499999988,0.09518843920182657,12591.574711,12595.859503,12593.717107,389.4528880000271,10389.452888000027,True,137
2020-08-05 08:31:00,12646.705698,2020-08-05 08:35:00,12666.987046,Short,12666.987046,12616.283676,SL,-20.281348000000435,-0.16036862471788055,12666.987046,12681.555338,12674.271192,369.17154000002665,10369.171540000027,False,138
2020-08-06 08:31:00,12696.980588,2020-08-06 08:32:00,12691.267532,Long,12691.267532,12705.550172000001,SL,-5.713056000000506,-0.04499539052142801,12684.411866,12691.267532,12687.839699,363.45848400002615,10363.458484000026,False,138
2020-08-12 08:31:00,12549.869404,2020-08-12 08:48:00,12576.006632499999,Long,12532.444585,12576.006632499999,TP,26.137228499999765,0.2082669361616551,12523.018043,12532.444585,12527.731314,389.5957125000259,10389.595712500026,True,139
2020-08-26 08:31:00,13458.245257,2020-08-26 08:33:00,13447.961757,Long,13447.961757,13473.670507000003,SL,-10.283500000001368,-0.07641040717884555,13447.676104,13447.961757,13447.8189305,379.31221250002454,10379.312212500025,False,140
2020-08-27 08:31:00,13703.906651,2020-08-27 08:32:00,13695.765546499997,Short,13709.334054,13695.765546499997,TP,8.141104500002257,0.05940718006429346,13709.334054,13717.617985,13713.476019500002,387.4533170000268,10387.453317000027,True,141
2020-09-01 08:31:00,13900.435766,2020-09-01 08:34:00,13862.301119000002,Short,13925.858864,13862.301119000002,TP,38.13464699999895,0.27434137779532797,13925.858864,13930.714961,13928.2869125,425.58796400002575,10425.587964000026,True,141
2020-09-02 08:31:00,14167.235466,2020-09-02 08:35:00,14141.098236,Short,14184.660286,14141.098236,TP,26.137230000000272,0.18449068671673527,14184.660286,14199.799884,14192.230085,451.725194000026,10451.725194000026,True,141
2020-09-04 08:31:00,13453.960465,2020-09-04 08:36:00,13531.515196,Long,13402.257311,13531.515196,TP,77.55473100000017,0.5764453612135702,13390.545547,13402.257311,13396.401429,529.2799250000262,10529.279925000026,True,141
2020-09-07 08:31:00,13110.605819,2020-09-07 08:34:00,13106.60668,Long,13106.60668,13116.6045275,SL,-3.999138999999559,-0.030503083192417953,13092.038388,13106.60668,13099.322534,525.2807860000266,10525.280786000027,False,142
2020-09-23 08:31:00,12735.735064,2020-09-23 08:33:00,12720.292609000002,Short,12746.030034,12720.292609000002,TP,15.442454999998517,0.121252954167126,12746.030034,12750.319604,12748.174819,540.7232410000252,10540.723241000025,True,143
2020-09-24 08:31:00,12321.076575,2020-09-24 08:32:00,12309.351748,Long,12309.351748,12338.6638155,SL,-11.724827000000005,-0.09516073476720524,12261.594529,12309.351748,12285.4731385,528.9984140000252,10528.998414000025,False,144
2020-09-28 08:31:00,12941.920424,2020-09-28 08:32:00,12945.638052,Short,12945.638052,12936.343981999999,SL,-3.7176280000003317,-0.0287254741043394,12945.638052,12972.519361,12959.0787065,525.2807860000248,10525.280786000025,False,144
2020-09-30 08:31:00,12972.519361,2020-09-30 08:32:00,12981.956417500001,Long,12966.22799,12981.956417500001,TP,9.437056500000836,0.07274652083674647,12953.931221,12966.22799,12960.0796055,534.7178425000257,10534.717842500026,True,145
2020-10-02 08:31:00,13001.402469,2020-10-02 08:36:00,12978.52476,Long,12978.52476,13035.719032500001,SL,-22.877709000000323,-0.17596339359964414,12947.35388,12978.52476,12962.939320000001,511.84013350002533,10511.840133500025,False,146
2020-10-05 08:31:00,12977.666845,2020-10-05 08:35:00,12967.371876,Long,12967.371876,12993.1092985,SL,-10.294969000000492,-0.07932835018003956,12959.364678,12967.371876,12963.368277,501.54516450002484,10501.545164500025,False,146
2020-10-06 08:31:00,13121.224474,2020-10-06 08:33:00,13113.789219,Long,13113.789219,13132.377356500001,SL,-7.435255000000325,-0.05666586235707992,13096.916908,13113.789219,13105.353063499999,494.1099095000245,10494.109909500025,False,146
2020-10-07 08:31:00,13054.021202,2020-10-07 09:03:00,13033.145292,Long,13033.145292,13085.335067,SL,-20.87591000000066,-0.1599193817519024,13025.138093,13033.145292,13029.1416925,473.23399950002386,10473.233999500024,False,146
2020-10-12 08:31:00,13593.649181,2020-10-12 08:32:00,13602.228322,Short,13602.228322,13580.780469500001,SL,-8.579141000000163,-0.0631113903689035,13602.228322,13624.248118,13613.23822,464.6548585000237,10464.654858500024,False,146
2020-10-13 08:31:00,13881.05041,2020-10-13 08:32:00,13865.1789985,Short,13891.631351,13865.1789985,TP,15.87141150000025,0.11433869218259146,13891.631351,13896.492865,13894.062108,480.52627000002394,10480.526270000024,True,147
2020-10-14 08:31:00,13819.566565,2020-10-14 08:34:00,13831.577363,Short,13831.577363,13801.550367999997,SL,-12.01079800000116,-0.08691153911020769,13831.577363,13850.165502,13840.8714325,468.5154720000228,10468.515472000023,False,148
2020-10-16 08:31:00,13659.708568,2020-10-16 08:35:00,13676.294908,Short,13676.294908,13634.829058,SL,-16.586339999999836,-0.12142528456907146,13676.294908,13682.300307,13679.2976075,451.92913200002295,10451.929132000023,False,148
2020-10-22 08:31:00,13401.76239,2020-10-22 08:32:00,13393.183249,Long,13393.183249,13414.6311015,SL,-8.579141000000163,-0.06401502093785565,13369.733597,13393.183249,13381.458423,443.3499910000228,10443.349991000023,False,148
2020-10-23 08:31:00,13326.265948,2020-10-23 08:35:00,13289.8045975,Short,13350.573515,13289.8045975,TP,36.46135049999975,0.2736051542290574,13350.573515,13355.149057,13352.861286,479.81134150002254,10479.811341500023,True,149
2020-10-26 08:31:00,13262.208361,2020-10-26 08:32:00,13273.7902015,Long,13254.487134,13273.7902015,TP,11.581840499999089,0.08732965268482475,13242.476336,13254.487134,13248.481735000001,491.3931820000216,10491.393182000022,True,149
2020-10-29 08:31:00,12840.400587,2020-10-29 08:32:00,12835.253102,Long,12835.253102,12848.121814499998,SL,-5.147484999999506,-0.040088196354333146,12808.371793,12835.253102,12821.8124475,486.2456970000221,10486.245697000022,False,150
2020-11-05 08:31:00,13724.62407,2020-11-05 08:34:00,13696.7418615,Short,13743.212209,13696.7418615,TP,27.88220849999925,0.20315462454775457,13743.212209,13758.08272,13750.6474645,514.1279055000214,10514.127905500021,True,151
2020-11-06 08:31:00,13745.49998,2020-11-06 08:32:00,13720.620470000002,Short,13762.08632,13720.620470000002,TP,24.879509999998845,0.18100112790512582,13762.08632,13764.374091,13763.2302055,539.0074155000202,10539.00741550002,True,151
2020-11-10 08:31:00,13425.498014,2020-11-10 08:35:00,13388.893679,Long,13388.893679,13480.4045165,SL,-36.60433499999999,-0.27264787467719476,13377.740795,13388.893679,13383.317237,502.4030805000202,10502.40308050002,False,152
2020-11-19 08:31:00,13583.926155,2020-11-19 08:32:00,13582.496298,Long,13582.496298,13586.070940499998,SL,-1.4298569999991741,-0.01052609520755433,13580.494498,13582.496298,13581.495398,500.97322350002105,10500.973223500021,False,152
2020-11-20 08:31:00,13689.16362,2020-11-20 08:34:00,13702.032331,Short,13702.032331,13669.860553499999,SL,-12.868711000000985,-0.09400655406879406,13702.032331,13707.179816,13704.6060735,488.10451250002006,10488.10451250002,False,152
2020-11-23 08:31:00,13694.597076,2020-11-23 08:36:00,13679.726564,Long,13679.726564,13716.902844,SL,-14.870511999999508,-0.10858670698724184,13670.861452,13679.726564,13675.294008,473.23400050002056,10473.23400050002,False,152
2020-11-24 08:31:00,13663.140225,2020-11-24 08:32:00,13658.850655499997,Short,13665.999938,13658.850655499997,TP,4.289569500002472,0.031395194877336274,13665.999938,13668.001738,13667.000838,477.523570000023,10477.523570000023,True,153
2020-11-26 08:31:00,13958.548652,2020-11-26 08:35:00,13955.97491,Long,13955.97491,13962.409264999998,SL,-2.573741999998674,-0.018438464228370224,13955.116996,13955.97491,13955.545953,474.94982800002435,10474.949828000024,False,154
2020-11-30 08:31:00,14056.350862,2020-11-30 08:33:00,14064.930003999998,Long,14050.631434,14064.930003999998,TP,8.579141999998683,0.061033920426613514,14042.624236,14050.631434,14046.627835,483.52897000002304,10483.528970000023,True,155
2020-12-01 08:31:00,14144.430044,2020-12-01 08:33:00,14136.279860000002,Short,14149.8635,14136.279860000002,TP,8.150183999998262,0.05762115528617946,14149.8635,14156.726813,14153.2951565,491.6791540000213,10491.679154000021,True,155
2020-12-03 08:31:00,14285.127959,2020-12-03 08:32:00,14273.689105,Long,14273.689105,14302.28624,SL,-11.438853999999992,-0.08007526451867181,14260.820393,14273.689105,14267.254749,480.2403000000213,10480.240300000021,False,156
2020-12-09 08:31:00,14419.820476,2020-12-09 08:44:00,14438.122644,Short,14438.122644,14392.367224000003,SL,-18.302167999998346,-0.1269236883389778,14438.122644,14447.273728,14442.698186,461.93813200002296,10461.938132000023,False,156
2020-12-11 08:31:00,14114.974993,2020-12-11 08:32:00,14113.831107,Long,14113.831107,14116.690822,SL,-1.1438859999998385,-0.008104059699483156,14105.537938,14113.831107,14109.6845225,460.7942460000231,10460.794246000023,False,156
2020-12-14 08:31:00,14231.937284,2020-12-14 08:32:00,14240.087467999998,Long,14226.503828,14240.087467999998,TP,8.150183999998262,0.057266862812562845,14211.919288,14226.503828,14219.211557999999,468.9444300000214,10468.944430000021,True,157
2020-12-21 08:31:00,14424.304895,2020-12-21 08:48:00,14396.86596,Long,14396.86596,14465.463297499999,SL,-27.43893500000013,-0.19022708684916584,14389.14876,14396.86596,14393.00736,441.50549500002126,10441.505495000021,False,158
2020-12-22 08:31:00,14514.624721,2020-12-22 08:35:00,14497.046654500002,Short,14526.343432,14497.046654500002,TP,17.578066499998386,0.1211058972442198,14526.343432,14539.777077,14533.0602545,459.08356150001964,10459.08356150002,True,159
2020-12-24 08:31:00,14490.329831,2020-12-24 08:34:00,14499.333231499999,Long,14484.327564,14499.333231499999,TP,9.00340049999977,0.0621338548190827,14475.752897,14484.327564,14480.040230499999,468.0869620000194,10468.08696200002,True,159
2021-01-04 08:31:00,14768.434865,2021-01-04 08:32:00,14759.002731499997,Short,14774.722954,14759.002731499997,TP,9.432133500002237,0.06386684564899721,14774.722954,14786.155844,14780.439399,477.51909550002165,10477.519095500022,True,159
2021-01-05 08:31:00,14498.332853,2021-01-05 08:34:00,14516.339652499999,Long,14486.32832,14516.339652499999,TP,18.006799499999033,0.1241991040112799,14464.60583,14486.32832,14475.467075,495.5258950000207,10495.52589500002,True,159
2021-01-07 08:31:00,14577.21979,2021-01-07 08:33:00,14605.944924999998,Long,14558.0697,14605.944924999998,TP,28.725134999998772,0.19705496256360402,14552.639078,14558.0697,14555.354389,524.2510300000195,10524.25103000002,True,159
2021-01-12 08:31:00,14767.863221,2021-01-12 08:33:00,14782.868888,Long,14757.859443,14782.868888,TP,15.005667000001267,0.10161027885647742,14753.286287,14757.859443,14755.572865,539.2566970000207,10539.25669700002,True,159
2021-01-13 08:31:00,14759.860198,2021-01-13 08:32:00,14756.144509,Long,14756.144509,14765.433731500001,SL,-3.715689000000566,-0.02517428315821075,14738.709353,14756.144509,14747.426931,535.5410080000202,10535.54100800002,False,160
2021-01-25 08:31:00,15448.405961,2021-01-25 08:33:00,15456.551894,Long,15442.975339,15456.551894,TP,8.145932999999786,0.052729925796645025,15432.685739,15442.975339,15437.830539,543.6869410000199,10543.68694100002,True,161
2021-01-26 08:31:00,15436.68725,2021-01-26 08:32:00,15432.685739,Long,15432.685739,15442.689516500002,SL,-4.0015110000003915,-0.02592208376833178,15430.970805,15432.685739,15431.828272,539.6854300000196,10539.68543000002,False,162
2021-01-27 08:31:00,15226.607907,2021-01-27 08:32:00,15195.739105499999,Short,15247.187108,15195.739105499999,TP,30.8688015000007,0.2027293385929354,15247.187108,15307.209778,15277.198443000001,570.5542315000203,10570.55423150002,True,163
2021-02-03 08:31:00,15427.826761,2021-02-03 08:35:00,15460.410495,Short,15460.410495,15378.95116,SL,-32.58373399999982,-0.21120106224143143,15460.410495,15469.556807,15464.983651,537.9704975000204,10537.97049750002,False,164
2021-02-05 08:31:00,15516.717476,2021-02-05 08:32:00,15529.007832,Short,15529.007832,15498.281942000001,SL,-12.29035599999952,-0.07920719068971414,15529.007832,15536.725032,15532.866431999999,525.6801415000209,10525.68014150002,False,164
2021-02-09 08:31:00,15616.183613,2021-02-09 08:32:00,15613.611213,Long,15613.611213,15620.042212999997,SL,-2.5723999999991065,-0.0164726546751004,15602.464146,15613.611213,15608.037679500001,523.1077415000218,10523.107741500022,False,164
2021-02-10 08:31:00,15720.222907,2021-02-10 08:32:00,15720.222907,Long,15720.222907,15720.222907,SL,0.0,0.0,15713.077351,15720.222907,15716.650129,523.1077415000218,10523.107741500022,False,164
2021-02-11 08:31:00,15699.072061,2021-02-11 08:32:00,15691.640683,Long,15691.640683,15710.219128000002,SL,-7.431378000001132,-0.04733641562460455,15691.354861,15691.640683,15691.497771999999,515.6763635000207,10515.67636350002,False,164
2021-02-22 08:31:00,15321.786712,2021-02-22 08:33:00,15312.926222,Long,15312.926222,15335.077446999998,SL,-8.860489999999118,-0.05782935219336787,15310.925467,15312.926222,15311.9258445,506.81587350002155,10506.815873500022,False,164
2021-02-25 08:31:00,15106.848391,2021-02-25 08:34:00,15148.864259499998,Long,15078.837812,15148.864259499998,TP,42.01586849999876,0.2781246452769724,15070.548967,15078.837812,15074.6933895,548.8317420000203,10548.83174200002,True,165
2021-03-03 08:31:00,14905.343716,2021-03-03 08:35:00,14893.05336,Long,14893.05336,14923.77925,SL,-12.29035599999952,-0.08245603881517038,14882.192115,14893.05336,14887.6227375,536.5413860000208,10536.54138600002,False,166
2021-03-04 08:31:00,14508.336632,2021-03-04 08:32:00,14514.767633000001,Long,14504.049298,14514.767633000001,TP,6.431001000000833,0.044326246096443846,14480.326053,14504.049298,14492.187675500001,542.9723870000216,10542.972387000022,True,167
2021-03-05 08:31:00,14360.852359,2021-03-05 08:34:00,14333.842159000002,Short,14378.859159,14333.842159000002,TP,27.010199999998804,0.18808215086948799,14378.859159,14385.433071,14382.146115,569.9825870000204,10569.98258700002,True,167
2021-03-08 08:31:00,14398.295071,2021-03-08 08:34:00,14352.420602500002,Short,14428.87805,14352.420602500002,TP,45.87446849999833,0.318610420704569,14428.87805,14438.881829,14433.879939499999,615.8570555000188,10615.857055500019,True,167
2021-03-10 08:31:00,14798.160378,2021-03-10 08:32:00,14810.450734,Short,14810.450734,14779.724844,SL,-12.29035599999952,-0.0830532693663142,14810.450734,14825.885134,14818.167934000001,603.5666995000192,10603.56669950002,False,168
2021-03-15 08:31:00,14788.442422,2021-03-15 08:32:00,14784.155089,Short,14791.300644,14784.155089,TP,4.287333000000217,0.028991105876181887,14791.300644,14802.161889,14796.7312665,607.8540325000195,10607.85403250002,True,169
2021-03-16 08:31:00,15042.274106,2021-03-16 08:32:00,15044.276196,Short,15044.276196,15039.270971000002,SL,-2.002089999999953,-0.013309756130566505,15044.276196,15052.856582,15048.566389,605.8519425000195,10605.85194250002,False,170
2021-03-18 08:31:00,14862.37202,2021-03-18 08:33:00,14873.526521,Long,14854.935686,14873.526521,TP,11.154500999999073,0.0750519566122331,14850.073467,14854.935686,14852.5045765,617.0064435000186,10617.006443500019,True,171
2021-03-19 08:31:00,14669.313343,2021-03-19 08:36:00,14641.856109,Long,14641.856109,14710.499194,SL,-27.457233999999517,-0.18717463699895498,14631.845659,14641.856109,14636.850884,589.5492095000191,10589.549209500019,False,172
2021-03-22 08:31:00,14824.904336,2021-03-22 08:32:00,14843.352165499997,Long,14812.605783,14843.352165499997,TP,18.44782949999717,0.12443810146686379,14800.593243,14812.605783,14806.599513000001,607.9970390000162,10607.997039000016,True,173
2021-03-23 08:31:00,14979.351278,2021-03-23 08:35:00,14995.940024,Short,14995.940024,14954.468159,SL,-16.588745999999446,-0.11074408825943714,14995.940024,15000.802242,14998.371133,591.4082930000168,10591.408293000017,False,174
2021-03-24 08:31:00,14931.301118,2021-03-24 08:32:00,14937.307388,Short,14937.307388,14922.291712999999,SL,-6.0062699999998586,-0.04022603222942958,14937.307388,14951.322018,14944.314703,585.4020230000169,10585.402023000017,False,174
2021-04-14 08:31:00,15979.824246,2021-04-14 08:32:00,15969.098763000002,Short,15986.974568,15969.098763000002,TP,10.725482999998349,0.06711890465680875,15986.974568,15996.412992,15991.69378,596.1275060000153,10596.127506000015,True,175
2021-04-15 08:31:00,15953.511064,2021-04-15 08:33:00,15973.245952,Long,15940.354472,15973.245952,TP,19.734887999999046,0.12370247477705354,15938.638395,15940.354472,15939.4964335,615.8623940000143,10615.862394000014,True,175
2021-04-16 08:31:00,16006.137429,2021-04-16 09:10:00,16037.026817,Short,16037.026817,15959.803347000001,SL,-30.8893879999996,-0.19298464815149,16037.026817,16057.905756,16047.4662865,584.9730060000147,10584.973006000015,False,176
2021-04-20 08:31:00,15896.308493,2021-04-20 08:32:00,15886.870068,Long,15886.870068,15910.4661305,SL,-9.43842500000028,-0.05937494861877225,15873.141451,15886.870068,15880.0057595,575.5345810000144,10575.534581000014,False,176
2021-04-21 08:31:00,15745.007692,2021-04-21 08:32:00,15736.141293,Long,15736.141293,15758.307290499997,SL,-8.866398999998637,-0.05631244629053839,15731.851101,15736.141293,15733.996197,566.6681820000158,10566.668182000016,False,176
2021-04-23 08:31:00,15802.210263,2021-04-23 08:47:00,15776.469106,Long,15776.469106,15840.821998500001,SL,-25.741157000000385,-0.16289592766824446,15765.028592,15776.469106,15770.748849,540.9270250000154,10540.927025000015,False,176
2021-04-26 08:31:00,15950.650935,2021-04-26 08:32:00,15944.644665,Long,15944.644665,15959.660339999999,SL,-6.0062699999998586,-0.03765532845321374,15941.784537,15944.644665,15943.214601,534.9207550000156,10534.920755000016,False,176
2021-04-27 08:31:00,16031.592573,2021-04-27 08:34:00,16039.31492,Short,16039.31492,16020.009052499998,SL,-7.722347000000809,-0.04816955623614456,16039.31492,16042.461062,16040.887991,527.1984080000148,10527.198408000015,False,176
2021-05-05 08:31:00,15608.57956,2021-05-05 08:32:00,15618.017984500002,Long,15602.287277,15618.017984500002,TP,9.43842450000193,0.0604694646538479,15595.708981,15602.287277,15598.998129,536.6368325000167,10536.636832500017,True,177
2021-05-06 08:31:00,15394.641944,2021-05-06 08:37:00,15416.950947,Short,15416.950947,15361.178439500003,SL,-22.309002999998484,-0.1449140751772621,15416.950947,15420.669114,15418.8100305,514.3278295000182,10514.327829500018,False,178
2021-05-07 08:31:00,15642.043064,2021-05-07 08:32:00,15659.203835,Short,15659.203835,15616.301907499997,SL,-17.16077100000075,-0.10970926834676788,15659.203835,15685.231005,15672.21742,497.16705850001745,10497.167058500017,False,178
2021-05-10 08:31:00,15564.247567,2021-05-10 08:34:00,15532.9291585,Short,15585.126506,15532.9291585,TP,31.31840850000117,0.20122018983046655,15585.126506,15613.727791,15599.427148499999,528.4854670000186,10528.485467000019,True,179
2021-05-11 08:31:00,15026.257386,2021-05-11 08:34:00,15003.948384,Long,15003.948384,15059.720889,SL,-22.309001999999964,-0.1484667900124306,15003.090345,15003.948384,15003.5193645,506.17646500001865,10506.176465000019,False,180
2021-05-12 08:31:00,15054.286646,2021-05-12 08:32:00,15053.142595,Long,15053.142595,15056.002722500001,SL,-1.1440510000011272,-0.0075995032305639495,15031.119605,15053.142595,15042.131099999999,505.0324140000175,10505.032414000018,False,180
2021-05-13 08:31:00,15055.71671,2021-05-13 08:33:00,15045.70626,Long,15045.70626,15070.732385,SL,-10.010449999999764,-0.06648936209958592,15015.102885,15045.70626,15030.4045725,495.02196400001776,10495.021964000018,False,180
2021-05-17 08:31:00,15191.572817,2021-05-17 08:35:00,15218.458025,Short,15218.458025,15151.245005,SL,-26.885207999999693,-0.1769744866042707,15218.458025,15229.326514,15223.8922695,468.13675600001807,10468.136756000018,False,180
2021-05-19 08:31:00,14886.111087,2021-05-19 08:35:00,14917.000475999997,Long,14865.518161,14917.000475999997,TP,30.88938899999812,0.2075047594329303,14858.36784,14865.518161,14861.9430005,499.0261450000162,10499.026145000016,True,181
2021-05-20 08:31:00,15237.620886,2021-05-20 08:36:00,15264.649099500002,Long,15219.602077,15264.649099500002,TP,27.028213500001584,0.17737817276209128,15209.591627,15219.602077,15214.596851999999,526.0543585000178,10526.054358500018,True,181
2021-05-26 08:31:00,15668.070234,2021-05-26 08:32:00,15668.928273000001,Long,15667.498208,15668.928273000001,TP,0.8580390000006446,0.0054763540575576706,15659.489848,15667.498208,15663.494028000001,526.9123975000184,10526.912397500018,True,181
2021-06-02 08:31:00,15623.738241,2021-06-02 08:32:00,15628.314447,Short,15628.314447,15616.873931999997,SL,-4.576206000001548,-0.029290083649715876,15628.314447,15634.320717,15631.317582,522.3361915000169,10522.336191500017,False,182
2021-06-04 08:31:00,15602.859303,2021-06-04 08:39:00,15634.606729499998,Long,15581.694352,15634.606729499998,TP,31.747426499998255,0.2034718501492486,15575.688082,15581.694352,15578.691217,554.0836180000151,10554.083618000015,True,183
2021-06-08 08:31:00,15869.709297,2021-06-08 08:33:00,15877.431644,Short,15877.431644,15858.125776499997,SL,-7.722347000000809,-0.04866092286555392,15877.431644,15877.717657,15877.574650499999,546.3612710000143,10546.361271000014,False,184
2021-06-11 08:31:00,15967.239681,2021-06-11 08:32:00,15967.525694,Short,15967.525694,15966.810661499998,SL,-0.2860130000008212,-0.0017912488677749262,15967.525694,15970.671835,15969.098764499999,546.0752580000135,10546.075258000013,False,184
2021-06-14 08:31:00,15992.092851,2021-06-14 08:38:00,16006.688877,Short,16006.688877,15970.198811999999,SL,-14.596026000001075,-0.09127026797551625,16006.688877,16031.301783,16018.995330000002,531.4792320000124,10531.479232000012,False,184
2021-06-15 08:31:00,16114.012597,2021-06-15 08:42:00,16137.19452,Short,16137.19452,16079.239712500002,SL,-23.181922999998278,-0.14386188952287485,16137.19452,16150.931956,16144.063237999999,508.29730900001414,10508.297309000014,False,184
2021-06-17 08:31:00,15977.496825,2021-06-17 08:32:00,15982.219067999999,Long,15974.348663,15982.219067999999,TP,4.722242999998343,0.029555587159369335,15955.459688,15974.348663,15964.9041755,513.0195520000125,10513.019552000012,True,185
2021-06-28 08:31:00,16526.708074,2021-06-28 09:08:00,16564.486022499994,Long,16501.522775,16564.486022499994,TP,37.777948499995546,0.22858725603938174,16478.054655,16501.522775,16489.788715000002,550.797500500008,10550.797500500008,True,185
2021-06-29 08:31:00,16573.358118,2021-06-29 08:34:00,16593.391879,Short,16593.391879,16543.307476500002,SL,-20.033760999998776,-0.12087931038092094,16593.391879,16604.553546,16598.9727125,530.7637395000093,10530.76373950001,False,186
2021-07-05 08:31:00,16828.645473,2021-07-05 08:32:00,16829.790259,Short,16829.790259,16826.928293999998,SL,-1.1447860000007495,-0.006802603345809693,16829.790259,16832.366028,16831.078143500003,529.6189535000085,10529.618953500009,False,186
2021-07-06 08:31:00,16901.625602,2021-07-06 08:42:00,16892.753508,Long,16892.753508,16914.933742999998,SL,-8.87209399999847,-0.05249254840285078,16876.726499,16892.753508,16884.740003500003,520.74685950001,10520.74685950001,False,186
2021-07-13 08:31:00,17017.249023,2021-07-13 08:32:00,17027.5521,Long,17010.380305,17027.5521,TP,10.303077000000485,0.06054490350393978,17007.518339,17010.380305,17008.949322,531.0499365000105,10531.04993650001,True,187
2021-07-15 08:31:00,17010.094109,2021-07-15 08:38:00,16961.583788000004,Short,17042.434323,16961.583788000004,TP,48.51032099999793,0.28518549450194536,17042.434323,17047.585861,17045.010092,579.5602575000084,10579.560257500008,True,187
2021-07-16 08:31:00,17010.666502,2021-07-16 08:40:00,16991.205134,Long,16991.205134,17039.858554,SL,-19.46136800000022,-0.11440685171102546,16988.056971,16991.205134,16989.6310525,560.0988895000082,10560.098889500008,False,188
2021-07-22 08:31:00,17017.821416,2021-07-22 08:36:00,17033.276031499998,Long,17007.518339,17033.276031499998,TP,15.454615499998908,0.0908143006217507,16991.49133,17007.518339,16999.5048345,575.5535050000071,10575.553505000007,True,189
2021-07-23 08:31:00,17131.727658,2021-07-23 08:32:00,17135.162017,Short,17135.162017,17126.5761195,SL,-3.434358999998949,-0.020046775599979885,17135.162017,17152.333812,17143.7479145,572.1191460000082,10572.119146000008,False,190
2021-07-26 08:31:00,17240.482361,2021-07-26 08:32:00,17231.896464499998,Short,17246.206292,17231.896464499998,TP,8.585896500000672,0.04980079048961519,17246.206292,17256.795566,17251.500929,580.7050425000089,10580.705042500009,True,191
2021-07-27 08:31:00,17273.108771,2021-07-27 08:33:00,17259.3713345,Short,17282.267062,17259.3713345,TP,13.737436499999603,0.07953077052964275,17282.267062,17290.85296,17286.560011,594.4424790000085,10594.442479000008,True,191
2021-07-28 08:31:00,17186.677402,2021-07-28 08:32:00,17183.815436,Long,17183.815436,17190.970351000004,SL,-2.8619660000003933,-0.01665223552556673,17173.226163,17183.815436,17178.520799500002,591.5805130000081,10591.580513000008,False,192
2021-07-30 08:31:00,17063.040477,2021-07-30 08:32:00,17049.303041,Long,17049.303041,17083.646630999996,SL,-13.737435999999434,-0.08050989516503058,17027.5521,17049.303041,17038.4275705,577.8430770000086,10577.843077000009,False,192
2021-08-03 08:31:00,17138.023983,2021-08-03 08:35:00,17119.564303499996,Short,17150.330436,17119.564303499996,TP,18.459679500003404,0.10771183141250365,17150.330436,17151.761419,17151.0459275,596.302756500012,10596.302756500012,True,193
2021-08-05 08:31:00,17271.391592,2021-08-05 08:34:00,17283.984242,Short,17283.984242,17252.502617000002,SL,-12.592649999998685,-0.07291045387351139,17283.984242,17285.701421,17284.8428315,583.7101065000134,10583.710106500013,False,194
2021-08-09 08:31:00,17323.765567,2021-08-09 08:34:00,17316.038259,Long,17316.038259,17335.356528999997,SL,-7.72730799999772,-0.04460524457059989,17305.162789,17316.038259,17310.600524,575.9827985000156,10575.982798500016,False,194
2021-08-17 08:31:00,17148.32706,2021-08-17 08:34:00,17169.505607,Short,17169.505607,17116.5592395,SL,-21.178546999999526,-0.12350211729633016,17169.505607,17190.970351,17180.237978999998,554.8042515000161,10554.804251500016,False,194
2021-08-19 08:31:00,16969.454193,2021-08-19 08:37:00,16939.403552,Long,16939.403552,17014.530154500004,SL,-30.050641000001633,-0.17708666795186434,16915.363038,16939.403552,16927.383295,524.7536105000145,10524.753610500014,False,194
2021-08-23 08:31:00,17342.082149,2021-08-23 08:32:00,17354.102406500006,Long,17334.068644,17354.102406500006,TP,12.020257500003936,0.06931265459780481,17317.469242,17334.068644,17325.768943,536.7738680000184,10536.773868000018,True,195
2021-08-24 08:31:00,17567.605059,2021-08-24 08:32:00,17563.884503,Long,17563.884503,17573.185893,SL,-3.720556000000215,-0.021178504340830167,17562.45352,17563.884503,17563.169011500002,533.0533120000182,10533.053312000018,False,196
2021-08-26 08:31:00,17573.615187,2021-08-26 08:32:00,17571.325614,Long,17571.325614,17577.0495465,SL,-2.2895729999981995,-0.013028468961195305,17556.157195,17571.325614,17563.7414045,530.76373900002,10530.76373900002,False,196
2021-08-27 08:31:00,17539.271597,2021-08-27 08:35:00,17526.678947,Long,17526.678947,17558.160571999997,SL,-12.592649999998685,-0.0717968812464971,17524.675571,17526.678947,17525.677259,518.1710890000213,10518.171089000021,False,196
2021-08-30 08:31:00,17716.141087,2021-08-30 08:33:00,17733.312881500002,Long,17704.693224,17733.312881500002,TP,17.17179450000185,0.09692739753919895,17694.10395,17704.693224,17699.398587,535.3428835000232,10535.342883500023,True,197
2021-08-31 08:31:00,17809.154978,2021-08-31 10:41:00,17839.205619,Short,17839.205619,17764.079016499996,SL,-30.050641000001633,-0.16873704023084635,17839.205619,17864.677115,17851.941367,505.29224250002153,10505.292242500022,False,198
2021-09-02 08:31:00,17943.95357,2021-09-02 08:32:00,17938.802031,Long,17938.802031,17951.680878500003,SL,-5.151539000002231,-0.028709052215866997,17937.371048,17938.802031,17938.0865395,500.1407035000193,10500.14070350002,False,198
2021-09-07 08:31:00,17931.933313,2021-09-07 08:32:00,17925.350792,Long,17925.350792,17941.8070945,SL,-6.58252100000027,-0.036708373185997636,17923.633612,17925.350792,17924.492202,493.55818250001903,10493.558182500019,False,198
2021-09-08 08:31:00,17916.192501,2021-09-08 08:32:00,17926.781775,Short,17926.781775,17900.308590000004,SL,-10.589273999998113,-0.05910448885502356,17926.781775,17932.791903,17929.786839,482.9689085000209,10482.968908500021,False,198
2021-09-09 08:31:00,17898.162116,2021-09-09 08:32:00,17897.589723,Long,17897.589723,17899.0207055,SL,-0.5723929999985558,-0.003198054617501017,17895.013953,17897.589723,17896.301838,482.39651550002236,10482.396515500022,False,198
2021-09-10 08:31:00,17929.64374,2021-09-10 08:33:00,17924.492202,Long,17924.492202,17937.371046999997,SL,-5.151537999998254,-0.02873195962341109,17906.17562,17924.492202,17915.333911,477.2449775000241,10477.244977500024,False,198
2021-09-14 08:31:00,17768.277582,2021-09-14 08:32:00,17764.841221,Long,17764.841221,17773.4321235,SL,-3.4363610000000335,-0.01933986557864905,17747.945779,17764.841221,17756.3935,473.8086165000241,10473.808616500024,False,198
2021-09-17 08:31:00,17697.83218,2021-09-17 08:32:00,17706.136719,Short,17706.136719,17685.375371500006,SL,-8.304538999997021,-0.046924046490743825,17706.136719,17734.486698,17720.311708499998,465.50407750002705,10465.504077500027,False,198
2021-09-21 08:31:00,17234.496164,2021-09-21 08:32:00,17245.09161,Short,17245.09161,17218.602995,SL,-10.595445999999356,-0.0614781302521131,17245.09161,17273.727953,17259.4097815,454.9086315000277,10454.908631500028,False,198
2021-09-23 08:31:00,17431.800561,2021-09-23 08:32:00,17430.368744,Long,17430.368744,17433.948286500003,SL,-1.431817000000592,-0.008213821601447084,17423.496022,17430.368744,17426.932383,453.4768145000271,10453.476814500027,False,198
2021-09-27 08:31:00,17421.205115,2021-09-27 08:32:00,17404.8824,Long,17404.8824,17445.689187500004,SL,-16.322715000002063,-0.09369452280857359,17395.146043,17404.8824,17400.0142215,437.15409950002504,10437.154099500025,False,198
2021-09-28 08:31:00,17202.996187,2021-09-28 08:32:00,17199.559826,Long,17199.559826,17208.1507285,SL,-3.4363610000000335,-0.01997536337650781,17185.241655,17199.559826,17192.4007405,433.717738500025,10433.717738500025,False,198
2021-09-29 08:31:00,16993.664526,2021-09-29 08:38:00,16976.482721,Long,16976.482721,17019.4372335,SL,-17.181805000000168,-0.10110712126694225,16975.050904,16976.482721,16975.7668125,416.53593350002484,10416.535933500025,False,198
2021-09-30 08:31:00,17005.119063,2021-09-30 08:39:00,16980.778172,Long,16980.778172,17041.630399499998,SL,-24.34089099999983,-0.14313860967290207,16964.169094,16980.778172,16972.473633,392.195042500025,10392.195042500025,False,198
2021-10-05 08:31:00,16675.228401,2021-10-05 08:34:00,16630.269344,Long,16630.269344,16742.6669865,SL,-44.95905700000003,-0.2696158392487378,16617.669354,16630.269344,16623.969349,347.235985500025,10347.235985500025,False,198
2021-10-08 08:31:00,17094.178087,2021-10-08 08:32:00,17094.750814,Short,17094.750814,17093.318996500002,SL,-0.5727269999988494,-0.0033504213954247035,17094.750814,17103.62808,17099.189446999997,346.66325850002613,10346.663258500026,False,198
2021-10-12 08:31:00,16869.955528,2021-10-12 08:33:00,16896.300963,Short,16896.300963,16830.437375499994,SL,-26.345435000002908,-0.15616777979216323,16896.300963,16905.464592,16900.882777500003,320.3178235000232,10320.317823500023,False,198
2021-10-15 08:31:00,17247.668881,2021-10-15 08:32:00,17262.846143,Short,17262.846143,17224.902988000005,SL,-15.177261999997427,-0.08799601908357986,17262.846143,17283.177945,17273.012044,305.1405615000258,10305.140561500026,False,198
2021-10-19 08:31:00,17550.641381,2021-10-19 08:32:00,17553.218652,Short,17553.218652,17546.775474500006,SL,-2.577270999998291,-0.014684768174845144,17553.218652,17558.94592,17556.082285999997,302.5632905000275,10302.563290500028,False,198
2021-10-27 08:31:00,17847.600249,2021-10-27 08:32:00,17854.472969999995,Long,17843.018435,17854.472969999995,TP,6.8727209999960905,0.038507815639702986,17838.150256,17843.018435,17840.5843455,309.4360115000236,10309.436011500024,True,199
2021-10-29 08:31:00,17924.918373,2021-10-29 08:34:00,17912.604746,Long,17912.604746,17943.3888135,SL,-12.313626999999542,-0.06869558200358307,17905.445661,17912.604746,17909.0252035,297.12238450002405,10297.122384500024,False,200
2021-11-01 08:31:00,18143.700027,2021-11-01 08:36:00,18113.631866999996,Short,18163.745467,18113.631866999996,TP,30.068160000002536,0.1657223165906486,18163.745467,18164.03183,18163.8886485,327.1905445000266,10327.190544500027,True,201
2021-11-04 08:31:00,18521.986107,2021-11-04 08:32:00,18516.8315655,Short,18525.422468,18516.8315655,TP,5.15454150000005,0.027829313067306523,18525.422468,18528.572466,18526.997467,332.34508600002664,10332.345086000027,True,201
2021-11-15 08:31:00,18588.136058,2021-11-15 08:32:00,18591.286055,Short,18591.286055,18583.4110625,SL,-3.1499970000004396,-0.01694627686268058,18591.286055,18599.017868,18595.1519615,329.1950890000262,10329.195089000026,False,202
2021-11-18 08:31:00,18754.226842,2021-11-18 08:39:00,18769.97683,Short,18769.97683,18730.601860000002,SL,-15.749987999999576,-0.08398100403012912,18769.97683,18780.285913,18775.1313715,313.4451010000266,10313.445101000027,False,202
2021-11-19 08:31:00,18922.322171,2021-11-19 08:36:00,18951.817603,Short,18951.817603,18878.079023,SL,-29.49543199999971,-0.15587638627781034,18951.817603,18954.10851,18952.963056499997,283.9496690000269,10283.949669000027,False,202
2021-11-22 08:31:00,19094.71295,2021-11-22 08:40:00,19134.660647000004,Long,19068.081152,19134.660647000004,TP,39.947697000003245,0.20920815675316684,19061.781157,19068.081152,19064.931154500002,323.89736600003016,10323.89736600003,True,203
2021-11-24 08:31:00,18516.258839,2021-11-24 08:37:00,18540.027003,Short,18540.027003,18480.606592999997,SL,-23.76816400000098,-0.12836374889045685,18540.027003,18554.917901,18547.472452,300.1292020000292,10300.12920200003,False,204
2021-11-26 08:31:00,18652.854191,2021-11-26 08:33:00,18623.072395,Long,18623.072395,18697.526885,SL,-29.781795999999304,-0.1596634793530366,18615.913309,18623.072395,18619.492852,270.3474060000299,10270.34740600003,False,204
2021-11-29 08:31:00,18622.213305,2021-11-29 08:32:00,18619.636034,Long,18619.636034,18626.079211500004,SL,-2.5772710000019288,-0.013839767367018294,18602.454229,18619.636034,18611.0451315,267.77013500002795,10267.770135000028,False,204
2021-11-30 08:31:00,18709.267785,2021-11-30 08:32:00,18723.013229,Short,18723.013229,18688.649619,SL,-13.745444000000134,-0.0734686368165644,18723.013229,18732.176859,18727.595044,254.02469100002781,10254.024691000028,False,204
2021-12-01 08:31:00,18689.508709,2021-12-01 08:32:00,18671.0382685,Short,18701.822336,18671.0382685,TP,18.470440500001132,0.0988278546407516,18701.822336,18714.135963,18707.979149500003,272.49513150002895,10272.495131500029,True,205
2021-12-07 08:31:00,18479.031594,2021-12-07 08:32:00,18486.763407,Long,18473.877052,18486.763407,TP,7.73181299999851,0.04184100752611392,18464.427059,18473.877052,18469.152055500002,280.22694450002746,10280.226944500027,True,205
2021-12-08 08:31:00,18626.222393,2021-12-08 08:35:00,18677.195082,Short,18677.195082,18549.7633595,SL,-50.972688999998354,-0.273660906245566,18677.195082,18701.822336,18689.508709,229.2542555000291,10229.25425550003,False,206
2021-12-09 08:31:00,18745.635939,2021-12-09 08:35:00,18780.429094499996,Long,18722.440502,18780.429094499996,TP,34.79315549999592,0.1856066959436106,18716.42687,18722.440502,18719.433686,264.047411000025,10264.047411000025,True,207
2021-12-13 08:31:00,18669.463269,2021-12-13 08:36:00,18695.235977,Short,18695.235977,18630.804207,SL,-25.77270800000042,-0.13804739658903378,18695.235977,18701.249609,18698.242792999998,238.2747030000246,10238.274703000025,False,208
2021-12-16 08:31:00,18664.308728,2021-12-16 08:32:00,18680.058716,Short,18680.058716,18640.683746000002,SL,-15.749987999999576,-0.08438559514594617,18680.058716,18693.517797,18686.7882565,222.52471500002503,10222.524715000025,False,208
2021-12-21 08:31:00,18063.231906,2021-12-21 08:32:00,18061.513725,Long,18061.513725,18065.8091775,SL,-1.718181000000186,-0.009512035326465934,18056.931911,18061.513725,18059.222818000002,220.80653400002484,10220.806534000025,False,208
2021-12-27 08:31:00,18777.708643,2021-12-27 08:35:00,18809.065438000005,Long,18756.804113,18809.065438000005,TP,31.35679500000333,0.16698946392318526,18733.035949,18756.804113,18744.920031,252.16332900002817,10252.163329000028,True,209
2021-12-28 08:31:00,18977.017584,2021-12-28 08:36:00,18937.4994315,Short,19003.363019,18937.4994315,TP,39.518152500000724,0.20824216621540925,19003.363019,19010.808468,19007.0857435,291.6814815000289,10291.681481500029,True,209
2021-12-29 08:31:00,18935.208524,2021-12-29 08:32:00,18920.890353,Long,18920.890353,18956.685780500004,SL,-14.318171000002621,-0.07561665339916708,18903.994912,18920.890353,18912.4426325,277.3633105000263,10277.363310500026,False,210
2021-12-31 08:31:00,18838.417688,2021-12-31 08:46:00,18804.340441,Long,18804.340441,18889.533558500003,SL,-34.07724700000108,-0.18089229979069926,18798.040446,18804.340441,18801.1904435,243.2860635000252,10243.286063500025,False,210
2022-01-03 08:31:00,18817.226795,2022-01-03 08:37:00,18868.772211499992,Long,18782.863184,18868.772211499992,TP,51.545416499993735,0.27392674309314313,18768.545013,18782.863184,18775.7040985,294.8314800000189,10294.831480000019,True,211
2022-01-04 08:31:00,18898.554007,2022-01-04 08:32:00,18899.126733,Short,18899.126733,18897.694917999994,SL,-0.5727260000021488,-0.003030528154640889,18899.126733,18908.003999,18903.565366000003,294.2587540000168,10294.258754000017,False,212
2022-01-06 08:31:00,18013.118307,2022-01-06 08:33:00,18047.052372,Long,17990.495597,18047.052372,TP,33.934064999997645,0.18838528910794236,17976.463789,17990.495597,17983.479693,328.1928190000144,10328.192819000014,True,213
2022-01-11 08:31:00,17774.00485,2022-01-11 08:32:00,17810.659368,Short,17810.659368,17719.023073000004,SL,-36.65451799999937,-0.20622543039307975,17810.659368,17821.541178,17816.100273,291.53830100001505,10291.538301000015,False,214
2022-01-14 08:31:00,17683.514009,2022-01-14 08:34:00,17656.309484,Long,17656.309484,17724.320796499997,SL,-27.204524999997375,-0.15384117085637883,17627.673142,17656.309484,17641.991313,264.3337760000177,10264.333776000018,False,214
2022-01-17 08:31:00,17868.504779,2022-01-17 08:32:00,17867.932052,Long,17867.932052,17869.363869499997,SL,-0.5727269999988494,-0.003205231814762409,17866.500235,17867.932052,17867.2161435,263.76104900001883,10263.761049000019,False,214
2022-01-20 08:31:00,17424.927839,2022-01-20 08:35:00,17387.986958,Long,17387.986958,17480.3391605,SL,-36.940880999998626,-0.21200019501554862,17381.686962,17387.986958,17384.83696,226.8201680000202,10226.82016800002,False,214
2022-02-01 08:31:00,17051.796301,2022-02-01 08:34:00,17073.846284,Short,17073.846284,17018.721326499995,SL,-22.049983000000793,-0.12931178985939257,17073.846284,17111.932619,17092.8894515,204.7701850000194,10204.77018500002,False,214
2022-02-02 08:31:00,17318.400646,2022-02-02 08:32:00,17300.359749999996,Short,17330.42791,17300.359749999996,TP,18.04089600000225,0.10417183646902824,17330.42791,17365.364247,17347.8960785,222.81108100002166,10222.811081000022,True,215
2022-02-08 08:31:00,16668.928406,2022-02-08 08:32:00,16658.33296,Long,16658.33296,16684.821574999998,SL,-10.595445999999356,-0.06356405008126086,16630.269344,16658.33296,16644.301152,212.2156350000223,10212.215635000022,False,216
2022-02-10 08:31:00,16919.210037,2022-02-10 08:35:00,16950.996378,Long,16898.019143,16950.996378,TP,31.786340999999084,0.1878713068192114,16890.000968,16898.019143,16894.010055500003,244.0019760000214,10244.001976000021,True,217
2022-02-11 08:31:00,16879.691884,2022-02-11 08:34:00,16864.22826,Long,16864.22826,16902.88732,SL,-15.463623999999982,-0.09161081912080227,16841.891913,16864.22826,16853.0600865,228.5383520000214,10228.538352000021,False,218
2022-02-14 08:31:00,16292.074143,2022-02-14 08:32:00,16288.351419,Long,16288.351419,16297.658228999999,SL,-3.722723999999289,-0.022849908288680252,16278.042336,16288.351419,16283.1968775,224.81562800002212,10224.815628000022,False,218
2022-02-16 08:31:00,16583.01938,2022-02-16 08:34:00,16611.082995,Short,16611.082995,16540.923957500003,SL,-28.063614999999118,-0.16923103300382875,16611.082995,16620.246625,16615.664810000002,196.752013000023,10196.752013000023,False,218
2022-02-22 08:31:00,15953.878943,2022-02-22 08:32:00,15930.397142,Long,15930.397142,15989.101644499999,SL,-23.481800999999905,-0.14718552825864892,15906.342615,15930.397142,15918.3698785,173.2702120000231,10173.270212000023,False,218
2022-02-24 08:31:00,15068.443243,2022-02-24 08:36:00,15153.9227245,Long,15011.456922,15153.9227245,TP,85.47948150000047,0.5672748015274219,14985.970578,15011.456922,14998.713749999999,258.74969350002357,10258.749693500024,True,219
2022-02-25 08:31:00,15950.728945,2022-02-25 08:32:00,15973.924382,Short,15973.924382,15915.935789500003,SL,-23.195436999998492,-0.1454192913689343,15973.924382,16025.756161,15999.8402715,235.55425650002508,10235.554256500025,False,220
2022-02-28 08:31:00,16130.27881,2022-02-28 08:32:00,16149.178795,Long,16117.67882,16149.178795,TP,18.899985000000015,0.11717085130780833,16087.037934,16117.67882,16102.358377,254.4542415000251,10254.454241500025,True,221
2022-03-01 08:31:00,16248.546903,2022-03-01 08:32:00,16245.110542,Long,16245.110542,16253.7014445,SL,-3.4363610000000335,-0.021148728070973358,16241.960545,16245.110542,16243.5355435,251.01788050002506,10251.017880500025,False,222
2022-03-03 08:31:00,16390.010434,2022-03-03 08:48:00,16338.035473,Short,16424.660408,16338.035473,TP,51.974960999999894,0.3171136541327713,16424.660408,16430.674039,16427.6672235,302.99284150002495,10302.992841500025,True,223
2022-03-04 08:31:00,15995.115275,2022-03-04 08:33:00,15980.224377,Long,15980.224377,16017.451622,SL,-14.890897999999652,-0.093096534435571,15961.324391,15980.224377,15970.774384,288.1019435000253,10288.101943500025,False,224
2022-03-07 08:31:00,15892.024443,2022-03-07 08:32:00,15872.551731,Long,15872.551731,15921.233511000002,SL,-19.472712000000683,-0.12253134941897145,15843.915389,15872.551731,15858.23356,268.6292315000246,10268.629231500025,False,224
2022-03-09 08:31:00,15550.106518,2022-03-09 08:32:00,15573.874682,Short,15573.874682,15514.454272000003,SL,-23.76816399999916,-0.15284888224068666,15573.874682,15575.592863,15574.7337725,244.86106750002546,10244.861067500025,False,224
2022-03-15 08:31:00,15097.365949,2022-03-15 08:32:00,15094.502314,Long,15094.502314,15101.661401499998,SL,-2.8636349999997037,-0.01896777894682603,15083.620504,15094.502314,15089.061409,241.99743250002575,10241.997432500026,False,224
2022-03-16 08:31:00,15620.265556,2022-03-16 08:32:00,15617.401922,Long,15617.401922,15624.561007000002,SL,-2.863634000001184,-0.018332812523159794,15605.088295,15617.401922,15611.2451085,239.13379850002457,10239.133798500025,False,224
2022-03-17 08:31:00,15869.97446,2022-03-17 08:32:00,15859.235831,Short,15877.133546,15859.235831,TP,10.738628999999491,0.06766632817882615,15877.133546,15880.569907,15878.8517265,249.87242750002406,10249.872427500024,True,225
2022-03-22 08:31:00,16515.437612,2022-03-22 08:36:00,16546.794407,Long,16494.533082,16546.794407,TP,31.356794999999693,0.18986354304784553,16486.514907,16494.533082,16490.5239945,281.22922250002375,10281.229222500024,True,225
2022-03-28 08:31:00,16933.241844,2022-03-28 08:34:00,16959.444096,Long,16915.773676,16959.444096,TP,26.202251999999135,0.1547385447003667,16899.450961,16915.773676,16907.6123185,307.4314745000229,10307.431474500023,True,225
2022-03-29 08:31:00,17396.864224,2022-03-29 08:39:00,17369.946062,Long,17369.946062,17437.241467000003,SL,-26.918162000001757,-0.15472996543173892,17359.636979,17369.946062,17364.7915205,280.51331250002113,10280.513312500021,False,226
2022-04-06 08:31:00,16747.391984,2022-04-06 08:32:00,16747.391984,Long,16747.391984,16747.391984,SL,0.0,0.0,16728.205634,16747.391984,16737.798809,280.51331250002113,10280.513312500021,False,226
2022-04-12 08:31:00,16218.192381,2022-04-12 08:32:00,16236.233276,Short,16236.233276,16191.1310385,SL,-18.04089500000009,-0.11123862990511464,16236.233276,16257.996896,16247.115086000002,262.47241750002104,10262.472417500021,False,226
2022-04-18 08:31:00,15930.397142,2022-04-18 08:40:00,15899.183529,Long,15899.183529,15977.2175615,SL,-31.213612999999896,-0.19593744413129643,15865.965372,15899.183529,15882.5744505,231.25880450002114,10231.258804500021,False,226
2022-04-21 08:31:00,16291.78778,2022-04-21 08:35:00,16354.9309145,Long,16249.692357,16354.9309145,TP,63.14313450000009,0.3875764609303061,16237.37873,16249.692357,16243.5355435,294.40193900002123,10294.401939000021,True,227
2022-04-27 08:31:00,14959.052416,2022-04-27 08:33:00,14992.986481,Long,14936.429706,14992.986481,TP,33.934064999999464,0.22684635400905506,14921.825171,14936.429706,14929.1274385,328.3360040000207,10328.33600400002,True,227
2022-04-28 08:31:00,15178.406797,2022-04-28 08:32:00,15177.261343,Long,15177.261343,15180.124978,SL,-1.1454539999995177,-0.007546602323413257,15135.452284,15177.261343,15156.3568135,327.1905500000212,10327.190550000021,False,228
2022-05-02 08:31:00,14731.679859,2022-05-02 08:32:00,14714.498054,Long,14714.498054,14757.4525665,SL,-17.181805000000168,-0.1166316751684182,14714.211691,14714.498054,14714.3548725,310.008745000021,10310.008745000021,False,228
2022-05-03 08:31:00,14906.361546,2022-05-03 08:32:00,14934.138798,Short,14934.138798,14864.695668,SL,-27.777251999999862,-0.18634495020318126,14934.138798,14969.934226,14952.036511999999,282.23149300002115,10282.231493000021,False,228
2022-05-04 08:31:00,14996.566024,2022-05-04 08:32:00,15005.729654,Short,15005.729654,14982.820579,SL,-9.163630000000921,-0.06110485550715915,15005.729654,15006.588744,15006.159199000002,273.0678630000202,10273.06786300002,False,228
2022-05-05 08:31:00,15264.602187,2022-05-05 08:32:00,15244.413565500003,Short,15278.061268,15244.413565500003,TP,20.18862149999768,0.13225776376400553,15278.061268,15278.633994,15278.347631,293.2564845000179,10293.256484500018,True,229
2022-05-09 08:31:00,14302.993817,2022-05-09 08:32:00,14281.516561,Long,14281.516561,14335.209701,SL,-21.477256000000125,-0.15015916440146304,14272.639294,14281.516561,14277.0779275,271.7792285000178,10271.779228500018,False,230
2022-05-10 08:31:00,14349.098328,2022-05-10 08:32:00,14344.516513,Long,14344.516513,14355.9710505,SL,-4.581814999999551,-0.031931030753750304,14321.034713,14344.516513,14332.775613,267.19741350001823,10267.197413500018,False,230
2022-05-12 08:31:00,13565.03528,2022-05-12 08:32:00,13563.889826,Long,13563.889826,13566.753461,SL,-1.1454539999995177,-0.008444165284909731,13512.630774,13563.889826,13538.2603,266.0519595000187,10266.051959500019,False,230
2022-05-13 08:31:00,13918.980469,2022-05-13 08:32:00,13905.521388,Long,13905.521388,13939.169090500001,SL,-13.459081000000879,-0.0966958825035828,13899.507756,13905.521388,13902.514572,252.59287850001783,10252.592878500018,False,230
2022-05-19 08:31:00,13633.476138,2022-05-19 08:36:00,13688.457914999999,Long,13596.82162,13688.457914999999,TP,54.981776999999056,0.4032850935701623,13592.239805,13596.82162,13594.5307125,307.5746555000169,10307.574655500017,True,231
2022-05-25 08:31:00,13463.662629,2022-05-25 08:33:00,13495.019424,Long,13442.758099,13495.019424,TP,31.356794999999693,0.2328994409920734,13423.858113,13442.758099,13433.308106,338.9314505000166,10338.931450500017,True,231
2022-05-27 08:31:00,14263.762028,2022-05-27 08:36:00,14303.280178999998,Long,14237.416594,14303.280178999998,TP,39.5181509999984,0.2770527924009361,14213.64843,14237.416594,14225.532512,378.449601500015,10378.449601500015,True,231
2022-06-01 08:31:00,14634.316296,2022-06-01 08:55:00,14687.150347500003,Long,14599.093595,14687.150347500003,TP,52.834051500001806,0.36102849242395385,14589.357239,14599.093595,14594.225417000001,431.2836530000168,10431.283653000017,True,231
2022-06-02 08:31:00,14267.198389,2022-06-02 08:33:00,14308.148359,Short,14308.148359,14205.773433999997,SL,-40.949970000001485,-0.28702180262365934,14308.148359,14318.743805,14313.446082,390.3336830000153,10390.333683000015,False,232
2022-06-06 08:31:00,14622.002669,2022-06-06 08:32:00,14619.998125,Long,14619.998125,14625.009484999999,SL,-2.0045439999994414,-0.013709093380548073,14596.802688,14619.998125,14608.4004065,388.32913900001586,10388.329139000016,False,232
2022-06-08 08:31:00,14486.839134,2022-06-08 08:34:00,14502.589122,Short,14502.589122,14463.214152,SL,-15.749987999999576,-0.10871928551367026,14502.589122,14509.461844,14506.025483,372.5791510000163,10372.579151000016,False,232
2022-06-13 08:31:00,13195.829353,2022-06-13 08:33:00,13227.113307999996,Long,13174.973383,13227.113307999996,TP,31.28395499999715,0.23707456472135202,13147.832052,13174.973383,13161.402717500001,403.86310600001343,10403.863106000013,True,233
2022-06-17 08:31:00,12836.706691,2022-06-17 08:32:00,12865.4193625,Long,12817.56491,12865.4193625,TP,28.712671500001306,0.22367630725824852,12793.56626,12817.56491,12805.565585,432.57577750001474,10432.575777500015,True,233
2022-06-28 08:31:00,13818.365772,2022-06-28 08:32:00,13855.649389499999,Long,13793.510027,13855.649389499999,TP,37.28361749999931,0.26981206110165856,13790.653045,13793.510027,13792.081536,469.85939500001405,10469.859395000014,True,233
2022-07-05 08:31:00,13042.980805,2022-07-05 08:45:00,13067.550852,Short,13067.550852,13006.125734499998,SL,-24.57004700000107,-0.18837754472951607,13067.550852,13084.407047,13075.9789495,445.289348000013,10445.289348000013,False,234
2022-07-07 08:31:00,13643.804161,2022-07-07 08:32:00,13635.80461,Long,13635.80461,13655.803487500001,SL,-7.9995510000007926,-0.05863138246198983,13627.80506,13635.80461,13631.804834999999,437.2897970000122,10437.289797000012,False,234
2022-07-12 08:31:00,13685.801799,2022-07-12 08:34:00,13653.232202,Long,13653.232202,13734.656194500003,SL,-32.56959700000152,-0.2379809197761532,13652.375107,13653.232202,13652.8036545,404.72020000001066,10404.72020000001,False,234
2022-07-13 08:31:00,13215.54253,2022-07-13 08:32:00,13215.54253,Long,13215.54253,13215.54253,SL,0.0,0.0,13194.68656,13215.54253,13205.114545,404.72020000001066,10404.72020000001,False,234
2022-07-15 08:31:00,13640.947178,2022-07-15 08:32:00,13648.232481500003,Long,13636.090309,13648.232481500003,TP,7.285303500002556,0.05340760729395851,13634.376119,13636.090309,13635.233214,412.0055035000132,10412.005503500013,True,235
2022-07-28 08:31:00,14445.187666,2022-07-28 08:33:00,14433.759737,Long,14433.759737,14462.329559499998,SL,-11.427928999999494,-0.07911236090686241,14423.474601,14433.759737,14428.617169000001,400.5775745000137,10400.577574500014,False,236
2022-08-03 08:31:00,14874.306391,2022-08-03 08:32:00,14880.7346005,Long,14870.020918,14880.7346005,TP,6.428209499999866,0.043216868948520414,14851.736232,14870.020918,14860.878574999999,407.0057840000136,10407.005784000014,True,237
2022-08-05 08:31:00,15023.72656,2022-08-05 08:32:00,15012.298631,Long,15012.298631,15040.8684535,SL,-11.427928999999494,-0.07606587456420995,14996.870927,15012.298631,15004.584779,395.5778550000141,10395.577855000014,False,238
2022-08-15 08:31:00,15503.41387,2022-08-15 08:32:00,15513.2704585,Long,15496.842811,15513.2704585,TP,9.856588499998907,0.06357689075869911,15468.844385,15496.842811,15482.843598,405.434443500013,10405.434443500013,True,239
2022-08-23 08:31:00,14760.312801,2022-08-23 08:32:00,14783.454355499998,Long,14744.885098,14783.454355499998,TP,23.141554499998165,0.15678227698826508,14740.885323,14744.885098,14742.8852105,428.57599800001117,10428.575998000011,True,239
2022-08-24 08:31:00,14746.884985,2022-08-24 08:33:00,14723.743429,Long,14723.743429,14781.597319,SL,-23.14155600000049,-0.15692504568618557,14718.029465,14723.743429,14720.886447,405.4344420000107,10405.43444200001,False,240
2022-08-29 08:31:00,14314.909278,2022-08-29 08:32:00,14294.910402,Long,14294.910402,14344.907592,SL,-19.998875999999655,-0.1397066206401679,14291.196325,14294.910402,14293.0533635,385.435566000011,10385.435566000011,False,240
2022-08-31 08:31:00,14232.342492,2022-08-31 08:32:00,14224.200093,Short,14237.770758,14224.200093,TP,8.142399000000296,0.05721053301364226,14237.770758,14252.912764,14245.341761,393.5779650000113,10393.577965000011,True,241
2022-09-02 08:31:00,14129.205435,2022-09-02 08:33:00,14094.921648,Short,14152.061293,14094.921648,TP,34.2837870000003,0.24264483348139743,14152.061293,14170.631677,14161.346485,427.8617520000116,10427.861752000012,True,241
2022-09-05 08:31:00,13839.221743,2022-09-05 08:32:00,13838.364649000001,Short,13839.793139,13838.364649000001,TP,0.8570939999990514,0.006193223982646113,13839.793139,13840.364535,13840.078837000001,428.71884600001067,10428.71884600001,True,241
2022-09-08 08:31:00,13891.504517,2022-09-08 08:32:00,13892.933008,Short,13892.933008,13889.3617805,SL,-1.4284910000005766,-0.010283198614321674,13892.933008,13900.64686,13896.789934,427.2903550000101,10427.29035500001,False,242
2022-09-09 08:31:00,14220.057469,2022-09-09 08:32:00,14241.484835499998,Long,14205.772558,14241.484835499998,TP,21.427366499998243,0.15068410621202002,14194.058931,14205.772558,14199.9157445,448.71772150000834,10448.717721500008,True,243
2022-09-13 08:31:00,14199.163138,2022-09-13 08:34:00,14154.009799,Long,14154.009799,14266.8931465,SL,-45.153339000000415,-0.31800000155755953,14150.034033,14154.009799,14152.021916,403.5643825000079,10403.564382500008,False,244
2022-09-16 08:31:00,13425.876713,2022-09-16 08:33:00,13444.051642,Short,13444.051642,13398.614319499999,SL,-18.174929000000702,-0.13537238117494624,13444.051642,13460.238688,13452.145165,385.3894535000072,10385.389453500007,False,244
2022-09-19 08:31:00,13463.078521,2022-09-19 08:34:00,13495.0266385,Long,13441.779776,13495.0266385,TP,31.94811750000008,0.237301724491666,13433.828245,13441.779776,13437.8040105,417.3375710000073,10417.337571000007,True,245
2022-09-22 08:31:00,13256.338706,2022-09-22 08:32:00,13243.559459,Long,13243.559459,13275.5075765,SL,-12.779247000000396,-0.09640102960115476,13225.952496,13243.559459,13234.7559775,404.5583240000069,10404.558324000007,False,246
2022-09-26 08:31:00,12943.105167,2022-09-26 08:32:00,12920.954472,Long,12920.954472,12976.3312095,SL,-22.15069500000027,-0.17113895556126768,12899.087761,12920.954472,12910.0211165,382.40762900000664,10382.407629000007,False,246
2022-09-30 08:31:00,12730.969669,2022-09-30 08:32:00,12717.622456,Long,12717.622456,12750.990488500001,SL,-13.34721300000092,-0.10484050584537545,12715.918557,12717.622456,12716.770506500001,369.0604160000057,10369.060416000006,False,246
2022-10-04 08:31:00,13095.036212,2022-10-04 08:32:00,13106.537534000003,Long,13087.368664,13106.537534000003,TP,11.501322000001892,0.08782963111978519,13082.540949,13087.368664,13084.9548065,380.5617380000076,10380.561738000008,True,247
2022-10-05 08:31:00,13066.353903,2022-10-05 08:32:00,13084.244848499997,Long,13054.426606,13084.244848499997,TP,17.890945499997542,0.13692377868235936,13047.327024,13054.426606,13050.876815,398.45268350000515,10398.452683500005,True,247
2022-10-06 08:31:00,13206.925618,2022-10-06 08:38:00,13246.541283999999,Long,13180.515174,13246.541283999999,TP,39.61566599999969,0.2999613017128427,13168.019911,13180.515174,13174.2675425,438.06834950000484,10438.068349500005,True,247
2022-10-07 08:31:00,12853.366456,2022-10-07 08:32:00,12833.771611,Short,12866.429686,12833.771611,TP,19.594844999999623,0.15244912737123958,12866.429686,12883.752665,12875.0911755,457.66319450000447,10457.663194500004,True,247
2022-10-12 08:31:00,12293.351462,2022-10-12 08:35:00,12326.861487,Short,12326.861487,12243.086424500001,SL,-33.51002499999959,-0.27258656928163555,12326.861487,12338.788784,12332.8251355,424.1531695000049,10424.153169500005,False,248
2022-10-17 08:31:00,12523.945871,2022-10-17 08:32:00,12528.631594999999,Long,12520.822055,12528.631594999999,TP,4.685723999999027,0.03741411890679855,12500.943227,12520.822055,12510.882641,428.8388935000039,10428.838893500004,True,249
2022-10-19 08:31:00,12669.629285,2022-10-19 08:34:00,12703.281302000003,Long,12647.194607,12703.281302000003,TP,33.65201700000216,0.26561169425725745,12645.490707,12647.194607,12646.342657000001,462.49091050000607,10462.490910500006,True,249
2022-10-20 08:31:00,12658.553937,2022-10-20 08:32:00,12645.206724,Long,12645.206724,12678.574756500002,SL,-13.34721300000092,-0.1054402664508781,12624.191963,12645.206724,12634.6993435,449.14369750000515,10449.143697500005,False,250
2022-10-24 08:31:00,12864.15782,2022-10-24 08:35:00,12897.667845,Short,12897.667845,12813.892782500001,SL,-33.51002499999959,-0.2604914015272831,12897.667845,12900.507677,12899.087760999999,415.63367250000556,10415.633672500006,False,250
2022-10-25 08:31:00,13128.830221,2022-10-25 08:36:00,13101.283844,Long,13101.283844,13170.149786500002,SL,-27.546377000000575,-0.20981592827622395,13087.936631,13101.283844,13094.610237500001,388.087295500005,10388.087295500005,False,250
2022-10-26 08:31:00,13020.064631,2022-10-26 08:32:00,13020.916581,Short,13020.916581,13018.786705999999,SL,-0.8519500000002154,-0.006543362296157678,13020.916581,13033.695828,13027.3062045,387.23534550000477,10387.235345500005,False,250
2022-10-27 08:31:00,12992.234271,2022-10-27 08:32:00,12991.666305,Long,12991.666305,12993.086219999997,SL,-0.5679659999987052,-0.0043715806546566335,12960.996112,12991.666305,12976.3312085,386.66737950000606,10386.667379500006,False,250
2022-10-28 08:31:00,12786.346406,2022-10-28 08:33:00,12839.593268000002,Long,12750.848498,12839.593268000002,TP,53.246862000001784,0.41643531552543944,12740.6251,12750.848498,12745.736798999998,439.91424150000785,10439.914241500008,True,251
2022-10-31 08:31:00,13082.824932,2022-10-31 08:32:00,13059.538304,Long,13059.538304,13117.754873999998,SL,-23.286627999999837,-0.17799388221607854,13056.130505,13059.538304,13057.8344045,416.627613500008,10416.627613500008,False,252
2022-11-08 08:31:00,12554.048097,2022-11-08 08:32:00,12542.546775000003,Short,12561.715645,12542.546775000003,TP,11.501321999998254,0.09161444906959283,12561.715645,12579.890574,12570.8031095,428.12893550000626,10428.128935500006,True,253
2022-11-09 08:31:00,12485.892114,2022-11-09 08:41:00,12505.202976,Short,12505.202976,12456.925821,SL,-19.31086200000027,-0.1546614516903255,12505.202976,12505.770942,12505.486959,408.818073500006,10408.818073500006,False,254
2022-11-17 08:31:00,13156.66058,2022-11-17 08:45:00,13200.110018,Long,13127.694288,13200.110018,TP,43.449437999999645,0.3302467045934816,13125.706405,13127.694288,13126.700346500002,452.26751150000564,10452.267511500006,True,255
2022-11-18 08:31:00,13371.63591,2022-11-18 09:02:00,13300.072128000003,Short,13419.345098,13300.072128000003,TP,71.56378199999745,0.5351909256404322,13419.345098,13443.199692,13431.272395,523.8312935000031,10523.831293500003,True,255
2022-11-21 08:31:00,13276.501517,2022-11-21 08:33:00,13256.622689,Long,13256.622689,13306.319759000002,SL,-19.878828000000794,-0.1497294145942498,13240.435643,13256.622689,13248.529166,503.9524655000023,10503.952465500002,False,256
2022-11-28 08:31:00,13325.914605,2022-11-28 08:34:00,13349.3432235,Long,13310.295526,13349.3432235,TP,23.428618500000084,0.17581246161677686,13294.392463,13310.295526,13302.3439945,527.3810840000024,10527.381084000002,True,257
2022-12-01 08:31:00,13685.721399,2022-12-01 08:32:00,13691.117081,Short,13691.117081,13677.627875999999,SL,-5.395682000000306,-0.03942563086513337,13691.117081,13692.82098,13691.9690305,521.9854020000021,10521.985402000002,False,258
2022-12-02 08:31:00,13498.576429,2022-12-02 08:48:00,13472.733952,Long,13472.733952,13537.340144500002,SL,-25.842477000000144,-0.19144594347357116,13457.966822,13472.733952,13465.350387,496.1429250000019,10496.142925000002,False,258
2022-12-07 08:31:00,13093.048329,2022-12-07 08:32:00,13079.417133,Long,13079.417133,13113.495122999997,SL,-13.631195999998454,-0.10411017860375955,13074.589417,13079.417133,13077.003275,482.51172900000347,10482.511729000003,False,258
2022-12-13 08:31:00,13780.470701,2022-12-13 08:35:00,13737.028899500001,Short,13809.431902,13737.028899500001,TP,43.4418014999992,0.315241782683423,13809.431902,13812.524846,13810.978374,525.9535305000027,10525.953530500003,True,259
2022-12-19 08:31:00,12733.368622,2022-12-19 08:34:00,12708.9062485,Short,12749.676871,12708.9062485,TP,24.462373500000467,0.19211234847733655,12749.676871,12765.422767,12757.549819,550.4159040000031,10550.415904000003,True,259
2022-12-22 08:31:00,12573.941426,2022-12-22 08:32:00,12543.996106999999,Short,12593.904972,12543.996106999999,TP,29.94531900000038,0.23815379748851379,12593.904972,12596.716739,12595.3108555,580.3612230000035,10580.361223000004,True,259
2022-12-23 08:31:00,12404.391868,2022-12-23 08:34:00,12374.024783,Long,12374.024783,12449.9424955,SL,-30.36708499999986,-0.244809139562406,12371.494192,12374.024783,12372.7594875,549.9941380000037,10549.994138000004,False,260
2022-12-27 08:31:00,12401.298924,2022-12-27 08:35:00,12381.475966500002,Short,12414.514229,12381.475966500002,TP,19.822957499998665,0.15984581632522113,12414.514229,12428.291888,12421.4030585,569.8170955000023,10569.817095500002,True,261
2022-12-28 08:31:00,12253.962326,2022-12-28 08:32:00,12256.21174,Short,12256.21174,12250.588205,SL,-2.249413999999888,-0.01835662571956146,12256.21174,12257.05527,12256.633505000002,567.5676815000024,10567.567681500002,False,262
2023-01-03 08:31:00,12473.842516,2023-01-03 08:32:00,12485.651938,Short,12485.651938,12456.128383,SL,-11.809422000000268,-0.09467348962320558,12485.651938,12505.334308,12495.493123,555.7582595000022,10555.758259500002,False,262
2023-01-04 08:31:00,12369.807132,2023-01-04 08:37:00,12397.36245,Short,12397.36245,12328.474155,SL,-27.555318000000625,-0.2227627133224782,12397.36245,12404.673044,12401.017747,528.2029415000015,10528.202941500002,False,262
2023-01-06 08:31:00,12230.343482,2023-01-06 08:32:00,12235.123487,Short,12235.123487,12223.1734745,SL,-4.7800050000005285,-0.039083162357913315,12235.123487,12240.747021,12237.935254,523.422936500001,10523.422936500001,False,262
2023-01-09 08:31:00,12633.832066,2023-01-09 08:34:00,12606.839101,Long,12606.839101,12674.321513500003,SL,-26.992965000001277,-0.21365619599016503,12599.24733,12606.839101,12603.0432155,496.42997149999974,10496.4299715,False,262
2023-01-13 08:31:00,12875.081685,2023-01-13 08:32:00,12862.428733,Long,12862.428733,12894.061112999996,SL,-12.65295199999855,-0.09827473183909785,12852.306371,12862.428733,12857.367552,483.7770195000012,10483.777019500001,False,262
2023-01-18 08:31:00,13170.036057,2023-01-18 08:32:00,13164.974876,Long,13164.974876,13177.627828499997,SL,-5.061180999999124,-0.03842951513643775,13160.194872,13164.974876,13162.584874,478.71583850000206,10478.715838500002,False,262
2023-01-19 08:31:00,12834.873415,2023-01-19 08:32:00,12832.905178,Long,12832.905178,12837.8257705,SL,-1.9682369999991352,-0.015335071382152274,12830.374588,12832.905178,12831.639883,476.74760150000293,10476.747601500003,False,262
2023-01-20 08:31:00,12833.186355,2023-01-20 08:32:00,12838.809889,Short,12838.809889,12824.751054,SL,-5.623534000000291,-0.04382024732158026,12838.809889,12850.619311,12844.7146,471.12406750000264,10471.124067500003,False,262
2023-01-23 08:31:00,13136.013675,2023-01-23 08:32:00,13156.258398,Short,13156.258398,13105.6465905,SL,-20.244722999999794,-0.15411618395715315,13156.258398,13159.632519,13157.9454585,450.87934450000284,10450.879344500003,False,262
2023-01-25 08:31:00,13153.165454,2023-01-25 08:32:00,13145.995448,Short,13157.945458,13145.995448,TP,7.170006000000285,0.054511638472697986,13157.945458,13170.317234,13164.131346,458.04935050000313,10458.049350500003,True,263
2023-01-26 08:31:00,13556.372861,2023-01-26 08:34:00,13539.221081,Long,13539.221081,13582.100531,SL,-17.151780000000144,-0.1265218962023661,13519.819888,13539.221081,13529.5204845,440.897570500003,10440.897570500003,False,264
2023-01-27 08:31:00,13577.461114,2023-01-27 08:32:00,13593.909952,Long,13566.495222,13593.909952,TP,16.44883800000025,0.12114811349405756,13555.810507,13566.495222,13561.1528645,457.34640850000324,10457.346408500003,True,265
2023-01-30 08:31:00,13605.297609,2023-01-30 08:32:00,13602.767018,Long,13602.767018,13609.093495499998,SL,-2.5305909999988216,-0.018600041489168294,13591.238773,13602.767018,13597.0028955,454.8158175000044,10454.815817500004,False,266
2023-01-31 08:31:00,13496.763398,2023-01-31 08:33:00,13517.851651999998,Long,13482.704562,13517.851651999998,TP,21.088253999998415,0.15624674878069916,13470.332787,13482.704562,13476.5186745,475.90407150000283,10475.904071500003,True,267
2023-02-06 08:31:00,14104.105097,2023-02-06 08:43:00,14079.642723,Long,14079.642723,14140.798657999998,SL,-24.462373999998817,-0.17344151813787934,14070.645069,14079.642723,14075.143896000001,451.441697500004,10451.441697500004,False,268
2023-02-09 08:31:00,14269.999358,2023-02-09 08:41:00,14225.714025499998,Short,14299.522913,14225.714025499998,TP,44.28533250000146,0.3103387140320673,14299.522913,14306.833507,14303.17821,495.72703000000547,10495.727030000005,True,269
2023-02-10 08:31:00,13913.186109,2023-02-10 08:32:00,13903.626101,Long,13903.626101,13927.526121,SL,-9.56000800000038,-0.06871185309464317,13874.383723,13903.626101,13889.004912,486.1670220000051,10486.167022000005,False,270
2023-02-14 08:31:00,13946.646138,2023-02-14 08:34:00,13983.199111,Short,13983.199111,13891.8166785,SL,-36.55297299999984,-0.26209149237969886,13983.199111,14020.87679,14002.0379505,449.61404900000525,10449.614049000005,False,270
2023-02-15 08:31:00,14155.279259,2023-02-15 08:54:00,14120.413347,Long,14120.413347,14207.578127000002,SL,-34.86591200000112,-0.24631030841608575,14119.007463,14120.413347,14119.710405,414.74813700000414,10414.748137000004,False,270
2023-02-16 08:31:00,14109.166278,2023-02-16 08:36:00,14092.014499,Long,14092.014499,14134.8939465,SL,-17.151778999999806,-0.12156479456014392,14088.078025,14092.014499,14090.046262,397.59635800000433,10397.596358000004,False,270
2023-03-03 08:31:00,13630.322336,2023-03-03 08:32:00,13638.195284,Short,13638.195284,13618.512913999999,SL,-7.872948000000179,-0.057760541577262514,13638.195284,13646.349409,13642.2723465,389.72341000000415,10389.723410000004,False,270
2023-03-08 08:31:00,13727.890656,2023-03-08 08:32:00,13721.423591,Long,13721.423591,13737.591253499999,SL,-6.467064999998911,-0.04710894894236628,13707.645932,13721.423591,13714.5347615,383.25634500000524,10383.256345000005,False,270
2023-03-10 08:31:00,13488.328096,2023-03-10 08:32:00,13493.1081,Short,13493.1081,13481.158089999999,SL,-4.78000400000019,-0.0354380762832846,13493.1081,13503.511639,13498.3098695,378.47634100000505,10378.476341000005,False,270
2023-03-15 08:31:00,13617.409045,2023-03-15 08:33:00,13595.978332,Long,13595.978332,13649.555114499999,SL,-21.43071299999974,-0.15737731700046573,13595.143369,13595.978332,13595.5608505,357.0456280000053,10357.045628000005,False,270
2023-03-21 08:31:00,14252.81577,2023-03-21 08:38:00,14237.786439,Long,14237.786439,14275.359766499998,SL,-15.029330999999729,-0.10544815314061783,14226.096959,14237.786439,14231.941698999999,342.0162970000056,10342.016297000006,False,270
2023-03-23 08:31:00,14330.188994,2023-03-23 08:32:00,14329.07571,Long,14329.07571,14331.858920000002,SL,-1.113284000000931,-0.007768801936018143,14314.603021,14329.07571,14321.8393655,340.90301300000465,10340.903013000005,False,270
2023-03-27 08:31:00,14354.402917,2023-03-27 08:35:00,14378.060197,Short,14378.060197,14318.916996999997,SL,-23.657280000001265,-0.16480852695017928,14378.060197,14379.173481,14378.616839,317.2457330000034,10317.245733000003,False,270
2023-03-28 08:31:00,14199.93479,2023-03-28 08:33:00,14177.808273499999,Short,14214.685801,14177.808273499999,TP,22.126516500000434,0.15582125430310118,14214.685801,14215.520763,14215.103282,339.3722495000038,10339.372249500004,True,271
2023-03-30 08:31:00,14529.745114,2023-03-30 08:32:00,14534.47657,Short,14534.47657,14522.647929999997,SL,-4.731456000001344,-0.03256392980660339,14534.47657,14541.434594,14537.955582,334.6407935000025,10334.640793500002,False,272
2023-04-06 08:31:00,14460.164877,2023-04-06 08:36:00,14427.183844499998,Short,14482.152232,14427.183844499998,TP,32.981032500001675,0.22808199478043667,14482.152232,14483.822158,14482.987195000002,367.62182600000415,10367.621826000004,True,273
2023-04-11 08:31:00,14619.086139,2023-04-11 08:33:00,14627.435767,Short,14627.435767,14606.561696999997,SL,-8.349628000001758,-0.05711456872620154,14627.435767,14641.908456,14634.6721115,359.2721980000024,10359.272198000002,False,274
2023-04-13 08:31:00,14522.787091,2023-04-13 08:35:00,14540.321311000002,Long,14511.097611,14540.321311000002,TP,17.53422000000137,0.12073591584130296,14506.644475,14511.097611,14508.871043,376.80641800000376,10376.806418000004,True,275
2023-04-20 08:31:00,14553.402395,2023-04-20 08:35:00,14570.519133499998,Long,14541.991236,14570.519133499998,TP,17.116738499998974,0.11761331155029178,14532.528324,14541.991236,14537.25978,393.92315650000273,10393.923156500003,True,275
2023-04-27 08:31:00,14499.964773,2023-04-27 08:32:00,14510.81929,Short,14510.81929,14483.6829975,SL,-10.85451699999976,-0.07485891979690645,14510.81929,14513.324178,14512.071734000001,383.068639500003,10383.068639500003,False,276
2023-05-02 08:31:00,14799.438113,2023-05-02 08:32:00,14800.273076,Short,14800.273076,14798.185668500002,SL,-0.834962999999334,-0.005641856086859762,14800.273076,14804.726211,14802.4996435,382.23367650000364,10382.233676500004,False,276
2023-05-04 08:31:00,14547.835976,2023-05-04 08:32:00,14541.1562735,Short,14552.289111,14541.1562735,TP,6.679702499999621,0.04591543725829275,14552.289111,14555.350641,14553.819876000001,388.91337900000326,10388.913379000003,True,277
2023-05-10 08:31:00,14919.672763,2023-05-10 08:40:00,14887.387533,Long,14887.387533,14968.100608000002,SL,-32.28523000000132,-0.2163936871327834,14885.717607,14887.387533,14886.55257,356.62814900000194,10356.628149000002,False,278
2023-05-16 08:31:00,14988.139716,2023-05-16 08:42:00,15011.936156999998,Long,14972.275422,15011.936156999998,TP,23.796440999998595,0.1587684759476564,14960.864263,14972.275422,14966.569842500001,380.42459000000053,10380.42459,True,279
2023-05-18 08:31:00,15214.414647,2023-05-18 08:33:00,15221.511831,Long,15209.683191,15221.511831,TP,7.097184000000198,0.046647762432316976,15200.776921,15209.683191,15205.230056,387.52177400000073,10387.521774,True,279
2023-05-25 08:31:00,15489.395744,2023-05-25 08:34:00,15463.094413999997,Short,15506.929964,15463.094413999997,TP,26.301330000002054,0.16980216939831358,15506.929964,15533.648775,15520.2893695,413.8231040000028,10413.823104000003,True,279
2023-05-31 08:31:00,15980.353898,2023-05-31 08:32:00,15961.149752,Long,15961.149752,16009.160117,SL,-19.204146000000037,-0.12017347126713825,15954.470049,15961.149752,15957.8099005,394.61895800000275,10394.618958000003,False,280
2023-06-02 08:31:00,16240.027342,2023-06-02 08:33:00,16263.823782999998,Long,16224.163048,16263.823782999998,TP,23.796440999998595,0.14652956241308893,16192.43446,16224.163048,16208.298754,418.41539900000134,10418.415399000001,True,281
2023-06-05 08:31:00,16244.758799,2023-06-05 08:40:00,16279.409757499998,Long,16221.65816,16279.409757499998,TP,34.650958499998524,0.21330546626602778,16220.544876,16221.65816,16221.101518,453.06635749999987,10453.0663575,True,281
2023-06-06 08:31:00,16179.631697,2023-06-06 08:36:00,16151.6604425,Short,16198.2792,16151.6604425,TP,27.971254500000214,0.17287942657672856,16198.2792,16209.690359,16203.9847795,481.0376120000001,10481.037612,True,281
2023-06-07 08:31:00,16294.299927,2023-06-07 08:33:00,16318.513849500001,Long,16278.157312,16318.513849500001,TP,24.21392250000099,0.14860363813408153,16251.16018,16278.157312,16264.658746000001,505.25153450000107,10505.251534500001,True,281
2023-06-14 08:31:00,16590.358263,2023-06-14 08:32:00,16583.345812499996,Short,16595.03323,16583.345812499996,TP,7.01245050000216,0.04226822826148007,16595.03323,16601.083187,16598.0582085,512.2639850000032,10512.263985000003,True,281
2023-06-19 08:31:00,16771.856986,2023-06-19 08:32:00,16772.68198,Short,16772.68198,16770.619494999995,SL,-0.8249940000023344,-0.004918918642646327,16772.68198,16774.606966,16773.644473,511.4389910000009,10511.438991,False,282
2023-06-20 08:31:00,16767.457017,2023-06-20 08:34:00,16800.0442875,Long,16745.73217,16800.0442875,TP,32.58727050000016,0.19434831690315915,16742.432193,16745.73217,16744.0821815,544.026261500001,10544.026261500001,True,283
2023-07-04 08:31:00,16903.581059,2023-07-04 08:33:00,16901.381074,Long,16901.381074,16906.8810365,SL,-2.1999849999992875,-0.013014904902816118,16900.006084,16901.381074,16900.693579,541.8262765000018,10541.826276500002,False,284
2023-07-05 08:31:00,16865.631326,2023-07-05 08:40:00,16885.431186499998,Long,16852.431419,16885.431186499998,TP,19.79986049999934,0.11739768359264409,16824.381616,16852.431419,16838.4065175,561.6261370000011,10561.626137000001,True,285
2023-07-10 08:31:00,16725.382313,2023-07-10 08:33:00,16711.082413,Long,16711.082413,16746.832162999995,SL,-14.29989999999816,-0.08549819509287628,16686.057589,16711.082413,16698.570001,547.326237000003,10547.326237000003,False,286
2023-07-14 08:31:00,17330.653054,2023-07-14 08:36:00,17350.452914499998,Long,17317.453147,17350.452914499998,TP,19.79986049999934,0.11424763070558058,17294.078311,17317.453147,17305.765729,567.1260975000023,10567.126097500002,True,287
2023-07-17 08:31:00,17317.728145,2023-07-17 08:32:00,17316.628153,Long,17316.628153,17319.378133,SL,-1.0999919999994745,-0.006351826237190736,17302.328253,17316.628153,17309.478203,566.0261055000028,10566.026105500003,False,288
2023-07-18 08:31:00,17374.927742,2023-07-18 08:32:00,17378.502717,Short,17378.502717,17369.5652795,SL,-3.57497499999954,-0.02057548125140019,17378.502717,17387.577653,17383.040184999998,562.4511305000033,10562.451130500003,False,288
2023-07-21 08:31:00,17238.8037,2023-07-21 08:32:00,17241.003685,Short,17241.003685,17235.5037225,SL,-2.1999849999992875,-0.012761819429496071,17241.003685,17253.103599,17247.053642,560.251145500004,10560.251145500004,False,288
2023-07-24 08:31:00,17171.97917,2023-07-24 08:32:00,17164.279225,Long,17164.279225,17183.5290875,SL,-7.699945000000298,-0.044840172025437525,17137.329414,17164.279225,17150.8043195,552.5512005000037,10552.551200500004,False,288
2023-07-25 08:31:00,17174.179155,2023-07-25 08:45:00,17203.053952500006,Long,17154.92929,17203.053952500006,TP,28.874797500004206,0.16812912710065533,17150.254323,17154.92929,17152.5918065,581.4259980000079,10581.425998000008,True,289
2023-08-01 08:31:00,17356.502872,2023-08-01 08:34:00,17369.702779,Short,17369.702779,17336.7030115,SL,-13.199906999998348,-0.07605165105749966,17369.702779,17372.727758,17371.2152685,568.2260910000095,10568.22609100001,False,290
2023-08-02 08:31:00,17195.079008,2023-08-02 08:33:00,17222.303816,Short,17222.303816,17154.241796000002,SL,-27.22480799999903,-0.15832906605042468,17222.303816,17229.178768,17225.741292,541.0012830000105,10541.00128300001,False,290
2023-08-03 08:31:00,16911.006007,2023-08-03 08:32:00,16908.806022,Long,16908.806022,16914.3059845,SL,-2.1999849999992875,-0.013009190577359173,16897.531101,16908.806022,16903.168561500002,538.8012980000112,10538.801298000011,False,290
2023-08-04 08:31:00,17083.154795,2023-08-04 08:33:00,17104.192146499994,Long,17069.129894,17104.192146499994,TP,21.037351499995566,0.12314675920488004,17066.379913,17069.129894,17067.7549035,559.8386495000068,10559.838649500007,True,291
2023-08-14 08:31:00,16560.383474,2023-08-14 08:32:00,16545.946075999993,Short,16570.008406,16545.946075999993,TP,14.437398000005487,0.08718033626861585,16570.008406,16570.558402,16570.283404,574.2760475000123,10574.276047500012,True,291
2023-08-21 08:31:00,16292.810357,2023-08-21 08:32:00,16290.610372,Long,16290.610372,16296.110334500001,SL,-2.1999850000011065,-0.01350279633651975,16289.51038,16290.610372,16290.060376,572.0760625000112,10572.076062500011,False,292
2023-08-22 08:31:00,16584.308305,2023-08-22 08:32:00,16584.858302,Short,16584.858302,16583.483309499996,SL,-0.5499970000018948,-0.0033163698472493805,16584.858302,16593.933238,16589.395770000003,571.5260655000093,10571.52606550001,False,292
2023-08-23 08:31:00,16534.533656,2023-08-23 08:32:00,16516.93378,Long,16516.93378,16560.93347,SL,-17.599876000000222,-0.10644313511444958,16513.083807,16516.93378,16515.008793499997,553.9261895000091,10553.926189500009,False,292
2023-08-24 08:31:00,16823.006626,2023-08-24 08:34:00,16784.231898999995,Short,16848.856444,16784.231898999995,TP,38.77472700000362,0.23048630879142132,16848.856444,16866.181322,16857.518883,592.7009165000127,10592.700916500013,True,293
2023-08-25 08:31:00,16401.70959,2023-08-25 08:32:00,16397.859617,Long,16397.859617,16407.484549499997,SL,-3.8499730000003183,-0.023472998219329636,16386.859695,16397.859617,16392.359656,588.8509435000124,10588.850943500012,False,294
2023-08-28 08:31:00,16581.283327,2023-08-28 08:33:00,16592.833245,Short,16592.833245,16563.95845,SL,-11.549918000000616,-0.0696563575461822,16592.833245,16605.483156,16599.158200500002,577.3010255000117,10577.301025500012,False,294
2023-08-31 08:31:00,17089.754749,2023-08-31 08:34:00,17068.3049,Long,17068.3049,17121.929522500002,SL,-21.44984900000054,-0.12551291294133798,17042.180084,17068.3049,17055.242491999998,555.8511765000112,10555.851176500011,False,294
2023-09-04 08:31:00,17116.704559,2023-09-04 08:35:00,17120.829529000002,Long,17113.954579,17120.829529000002,TP,4.124970000000758,0.0240990897855501,17110.379604,17113.954579,17112.1670915,559.976146500012,10559.976146500012,True,295
2023-09-07 08:31:00,16683.032611,2023-09-07 08:35:00,16715.207384,Short,16715.207384,16634.770451499993,SL,-32.17477300000246,-0.19285925856662262,16715.207384,16716.857373,16716.0323785,527.8013735000095,10527.80137350001,False,296
2023-09-08 08:31:00,16841.431496,2023-09-08 08:33:00,16872.368778500004,Long,16820.806641,16872.368778500004,TP,30.937282500002766,0.1836974636470223,16807.606734,16820.806641,16814.206687500002,558.7386560000123,10558.738656000012,True,297
2023-09-13 08:31:00,16879.659704,2023-09-13 08:34:00,16855.222794,Long,16855.222794,16916.315069000004,SL,-24.436910000000353,-0.1447713427197202,16838.931521,16855.222794,16847.0771575,534.3017460000119,10534.301746000012,False,298
2023-09-14 08:31:00,16938.579809,2023-09-14 08:33:00,16959.486943,Short,16959.486943,16907.219107999998,SL,-20.90713400000095,-0.1234290845853106,16959.486943,16961.11607,16960.3015065,513.394612000011,10513.394612000011,False,298
2023-09-19 08:31:00,16660.8136,2023-09-19 08:32:00,16662.171207,Short,16662.171207,16658.777189500004,SL,-1.3576069999980973,-0.008148503624085304,16662.171207,16671.945971,16667.058589,512.0370050000129,10512.037005000013,False,298
2023-09-20 08:31:00,16701.270262,2023-09-20 08:32:00,16717.290014,Short,16717.290014,16677.240633999998,SL,-16.019752000000153,-0.09591936271128737,16717.290014,16743.08453,16730.187272,496.0172530000127,10496.017253000013,False,298
2023-09-21 08:31:00,16300.776462,2023-09-21 08:32:00,16287.471923,Long,16287.471923,16320.7332705,SL,-13.30453900000066,-0.08161905066924817,16280.412371,16287.471923,16283.942147,482.71271400001206,10482.712714000012,False,298
2023-09-22 08:31:00,16208.187726,2023-09-22 08:32:00,16209.273811,Short,16209.273811,16206.558598500002,SL,-1.0860849999990023,-0.006700841687912976,16209.273811,16218.234011,16213.753911,481.62662900001305,10481.626629000013,False,298
2023-09-27 08:31:00,16046.089558,2023-09-27 08:32:00,16041.202176,Long,16041.202176,16053.420630999997,SL,-4.887381999998979,-0.030458399115454938,16026.268509,16041.202176,16033.7353425,476.7392470000141,10476.739247000014,False,298
2023-10-04 08:31:00,16049.347812,2023-10-04 08:32:00,16060.344421499998,Long,16042.016739,16060.344421499998,TP,10.996609499998158,0.06851748512656732,16027.626115,16042.016739,16034.821426999999,487.73585650001223,10487.735856500012,True,299
2023-10-06 08:31:00,16058.579534,2023-10-06 08:35:00,16028.983721,Long,16028.983721,16102.9732535,SL,-29.595812999999907,-0.18429907164166184,16013.507011,16028.983721,16021.245366,458.1400435000123,10458.140043500012,False,300
2023-10-11 08:31:00,16686.336595,2023-10-11 08:44:00,16658.912952,Long,16658.912952,16727.472059500004,SL,-27.423643000001903,-0.16434789532064992,16648.052103,16658.912952,16653.4825275,430.7164005000104,10430.71640050001,False,300
2023-10-19 08:31:00,16396.080411,2023-10-19 08:32:00,16388.477817,Long,16388.477817,16407.484301999997,SL,-7.602593999999954,-0.04636836249534026,16387.391732,16388.477817,16387.934774499998,423.11380650001047,10423.11380650001,False,300
2023-10-20 08:31:00,16102.565972,2023-10-20 08:37:00,16117.77116,Short,16117.77116,16079.75819,SL,-15.205187999999907,-0.09442711196736904,16117.77116,16136.234603,16127.0028815,407.90861850001056,10407.90861850001,False,300
2023-10-25 08:31:00,15968.70601,2023-10-25 08:35:00,15927.163263999999,Short,15996.401174,15927.163263999999,TP,41.54274600000099,0.26015098514548324,15996.401174,16003.460726,15999.93095,449.45136450001155,10449.451364500012,True,301
2023-10-27 08:31:00,15555.722234,2023-10-27 08:32:00,15548.934203,Long,15548.934203,15565.9042805,SL,-6.788031000000046,-0.04363687457187625,15547.305076,15548.934203,15548.1196395,442.6633335000115,10442.663333500012,False,302
2023-10-30 08:31:00,15575.814804,2023-10-30 08:32:00,15592.377599,Short,15592.377599,15550.9706115,SL,-16.562794999999824,-0.10633661999978555,15592.377599,15596.178896,15594.278247499999,426.1005385000117,10426.100538500012,False,302
2023-11-06 08:31:00,16547.860773,2023-11-06 08:32:00,16538.629051,Long,16538.629051,16561.708356000003,SL,-9.231722000000445,-0.05578800865344002,16514.735184,16538.629051,16526.6821175,416.86881650001123,10416.868816500011,False,302
2023-11-10 08:31:00,16640.72103,2023-11-10 08:32:00,16641.535594,Short,16641.535594,16639.499184,SL,-0.8145640000002459,-0.004895004240091187,16641.535594,16642.8932,16642.214397,416.054252500011,10416.054252500011,False,302
2023-11-20 08:31:00,17316.808869,2023-11-20 08:36:00,17352.242388,Long,17293.186523,17352.242388,TP,35.43351899999834,0.20461921863346483,17265.219837,17293.186523,17279.20318,451.48777150000933,10451.48777150001,True,303
2023-11-21 08:31:00,17364.325082,2023-11-21 08:32:00,17371.656155,Short,17371.656155,17353.328472499998,SL,-7.331073000001197,-0.042219164668833846,17371.656155,17384.146131,17377.901143000003,444.15669850000813,10444.156698500008,False,304
2023-11-22 08:31:00,17499.814171,2023-11-22 08:34:00,17527.102052500006,Long,17481.62225,17527.102052500006,TP,27.287881500004005,0.15593240724364035,17454.198606,17481.62225,17467.910428000003,471.44458000001214,10471.444580000012,True,305
2023-11-23 08:31:00,17441.165588,2023-11-23 08:32:00,17442.794715,Short,17442.794715,17438.7218975,SL,-1.6291270000001532,-0.00934070026329569,17442.794715,17444.423842,17443.6092785,469.815453000012,10469.815453000012,False,306
2023-11-24 08:31:00,17399.079799,2023-11-24 08:32:00,17400.980447,Short,17400.980447,17396.228826999995,SL,-1.9006480000025476,-0.010923842076474562,17400.980447,17404.781744,17402.8810955,467.91480500000944,10467.91480500001,False,306
2023-11-27 08:31:00,17408.31152,2023-11-27 08:32:00,17393.649374,Long,17393.649374,17430.304739,SL,-14.662145999998756,-0.08422497485269471,17376.272016,17393.649374,17384.960695,453.2526590000107,10453.25265900001,False,306
2023-11-29 08:31:00,17553.846894,2023-11-29 08:32:00,17561.5852485,Long,17548.687991,17561.5852485,TP,7.738354500001151,0.04408352509127878,17539.456269,17548.687991,17544.07213,460.99101350001183,10460.991013500012,True,307
2023-12-06 08:31:00,17371.384634,2023-12-06 08:34:00,17345.318596999998,Short,17388.761992,17345.318596999998,TP,26.066037000000506,0.15005157935990301,17388.761992,17403.695659,17396.228825500002,487.05705050001234,10487.057050500012,True,307
2023-12-08 08:31:00,17333.371663,2023-12-08 08:32:00,17332.828621,Long,17332.828621,17334.186226000005,SL,-0.5430420000011509,-0.003132927687463911,17329.841887,17332.828621,17331.335253999998,486.5140085000112,10486.514008500011,False,308
2023-12-13 08:31:00,17837.75052,2023-12-13 08:46:00,17815.774266,Long,17815.774266,17870.714901000003,SL,-21.976254000001063,-0.12320081489737678,17806.126154,17815.774266,17810.950210000003,464.5377545000101,10464.53775450001,False,308
2023-12-15 08:31:00,18026.424705,2023-12-15 08:33:00,18003.644441,Long,18003.644441,18060.595101000003,SL,-22.780264000000898,-0.12637150390494417,17999.356391,18003.644441,18001.500416000003,441.7574905000092,10441.75749050001,False,308
2023-12-18 08:31:00,18084.313375,2023-12-18 08:48:00,18059.925093,Long,18059.925093,18120.895798,SL,-24.38828199999989,-0.1348587667901983,18059.657089,18059.925093,18059.791091,417.36920850000934,10417.36920850001,False,308
2023-12-19 08:31:00,18203.574756,2023-12-19 08:32:00,18196.606675,Long,18196.606675,18214.026877500008,SL,-6.968081000002712,-0.038278640835124944,18175.702433,18196.606675,18186.154554,410.4011275000066,10410.401127500007,False,308
2023-12-21 08:31:00,18167.66234,2023-12-21 08:32:00,18162.034275,Long,18162.034275,18176.104437499995,SL,-5.62806499999715,-0.030978476452668102,18145.954089,18162.034275,18153.994182000002,404.7730625000095,10404.77306250001,False,308
2023-12-22 08:31:00,18239.219168,2023-12-22 08:32:00,18233.055097,Long,18233.055097,18248.4652745,SL,-6.16407099999924,-0.03379569565573214,18226.891026,18233.055097,18229.9730615,398.60899150001023,10398.60899150001,False,308
2023-12-26 08:31:00,18248.86728,2023-12-26 08:32:00,18246.723255,Long,18246.723255,18252.083317499993,SL,-2.1440249999977823,-0.011748811403475681,18237.879153,18246.723255,18242.301204000003,396.46496650001245,10396.464966500012,False,308
2023-12-27 08:31:00,18340.792344,2023-12-27 08:32:00,18333.556261,Long,18333.556261,18351.646468500003,SL,-7.23608299999978,-0.03945349178094255,18323.908149,18333.556261,18328.732205,389.22888350001267,10389.228883500013,False,308
2024-01-08 08:31:00,17727.065239,2024-01-08 08:39:00,17759.225610999998,Long,17705.624991,17759.225610999998,TP,32.16037199999846,0.18141960649665131,17703.480966,17705.624991,17704.5529785,421.38925550001113,10421.389255500011,True,309
2024-01-09 08:31:00,17902.875274,2024-01-09 08:37:00,17883.847054,Long,17883.847054,17931.417604000002,SL,-19.028220000000147,-0.10628583235249625,17878.218989,17883.847054,17881.0330215,402.361035500011,10402.361035500011,False,310
2024-01-10 08:31:00,18071.717229,2024-01-10 08:32:00,18083.375364000007,Long,18063.945139,18083.375364000007,TP,11.658135000005132,0.06451038853848996,18054.029024,18063.945139,18058.9870815,414.0191705000161,10414.019170500016,True,311
2024-01-11 08:31:00,18223.406985,2024-01-11 08:32:00,18216.438905,Long,18216.438905,18233.859105000003,SL,-6.968080000002374,-0.03823697734313852,18209.738827,18216.438905,18213.088866,407.05109050001374,10407.051090500014,False,312
2024-01-15 08:31:00,18184.814538,2024-01-15 08:32:00,18183.474523,Long,18183.474523,18186.824560499997,SL,-1.3400149999979476,-0.0073688681135448365,18180.526489,18183.474523,18182.000506,405.7110755000158,10405.711075500016,False,312
2024-01-16 08:31:00,18145.150079,2024-01-16 08:32:00,18139.254011,Long,18139.254011,18153.994180999995,SL,-5.896067999998195,-0.03249390594361584,18136.841983,18139.254011,18138.047997,399.8150075000176,10399.815007500018,False,312
2024-01-18 08:31:00,18248.86728,2024-01-18 08:32:00,18245.115237,Long,18245.115237,18254.495344499992,SL,-3.7520429999967746,-0.02056041584624191,18224.210995,18245.115237,18234.663116000003,396.0629645000208,10396.06296450002,False,312
2024-01-22 08:31:00,18821.857914,2024-01-22 08:40:00,18798.005638,Long,18798.005638,18857.636328,SL,-23.85227600000144,-0.12672646934742682,18793.717588,18798.005638,18795.861613,372.2106885000194,10372.21068850002,False,312
2024-01-23 08:31:00,18711.440636,2024-01-23 08:34:00,18674.4562085,Short,18736.096921,18674.4562085,TP,36.98442749999958,0.1976567610130625,18736.096921,18743.333005,18739.714963,409.19511600001897,10409.195116000019,True,313
2024-01-25 08:31:00,18955.591462,2024-01-25 08:32:00,18971.671648,Short,18971.671648,18931.471183,SL,-16.08018599999923,-0.08483083227571635,18971.671648,18992.307887,18981.9897675,393.11493000001974,10393.11493000002,False,314
2024-02-06 08:31:00,19037.600412,2024-02-06 08:32:00,19026.612285,Long,19026.612285,19054.0826025,SL,-10.988127000000532,-0.057718025182808066,19018.840195,19026.612285,19022.72624,382.1268030000192,10382.12680300002,False,314
2024-02-07 08:31:00,19036.260396,2024-02-07 08:32:00,19047.248523,Short,19047.248523,19019.778205500006,SL,-10.988126999996894,-0.057722088117190165,19047.248523,19049.660551,19048.454536999998,371.1386760000223,10371.138676000022,False,314
2024-02-12 08:31:00,19310.42757,2024-02-12 08:32:00,19319.807679,Short,19319.807679,19296.3574065,SL,-9.38010900000154,-0.04857535632496375,19319.807679,19325.435744,19322.6217115,361.7585670000208,10361.75856700002,False,314
2024-02-14 08:31:00,19080.212905,2024-02-14 08:32:00,19077.532874,Long,19077.532874,19084.232951500002,SL,-2.6800309999998717,-0.014046127332769777,19073.512828,19077.532874,19075.522851,359.0785360000209,10359.07853600002,False,314
2024-02-16 08:31:00,19199.206283,2024-02-16 08:32:00,19180.7140685,Short,19211.534426,19180.7140685,TP,18.492214499998227,0.09631759890184742,19211.534426,19216.090478,19213.812452,377.57075050001913,10377.57075050002,True,315
2024-02-19 08:31:00,19075.924855,2024-02-19 08:32:00,19075.924855,Long,19075.924855,19075.924855,SL,0.0,0.0,19071.904809,19075.924855,19073.914832000002,377.57075050001913,10377.57075050002,False,316
2024-02-20 08:31:00,18986.947825,2024-02-20 08:34:00,18950.499403,Long,18950.499403,19041.620457999998,SL,-36.44842199999766,-0.19196567208135606,18937.635254,18950.499403,18944.0673285,341.12232850002147,10341.122328500021,False,316
2024-02-26 08:31:00,19344.463965,2024-02-26 08:32:00,19327.579769,Long,19327.579769,19369.790258999998,SL,-16.884195999999065,-0.08728179819584402,19314.71562,19327.579769,19321.1476945,324.2381325000224,10324.238132500022,False,316
2024-02-29 08:31:00,19341.51593,2024-02-29 08:32:00,19340.175915,Long,19340.175915,19343.525952500004,SL,-1.3400150000015856,-0.006928179801683133,19333.74384,19340.175915,19336.959877499998,322.8981175000208,10322.89811750002,False,316
2024-03-01 08:31:00,19439.873069,2024-03-01 08:48:00,19407.9807,Long,19407.9807,19487.711622500003,SL,-31.892369000001054,-0.16405646727631445,19401.012619,19407.9807,19404.4966595,291.00574850001976,10291.00574850002,False,316
2024-03-05 08:31:00,19422.720871,2024-03-05 08:32:00,19403.8266535,Short,19435.317016,19403.8266535,TP,18.894217500001105,0.09727894266457794,19435.317016,19436.389029,19435.8530225,309.89996600002087,10309.89996600002,True,317
2024-03-13 08:31:00,19450.661831,2024-03-13 08:45:00,19420.520933,Short,19470.755763,19420.520933,TP,30.14089800000147,0.15496078365808422,19470.755763,19487.412576,19479.084169499998,340.04086400002234,10340.040864000022,True,317
2024-03-14 08:31:00,19407.565635,2024-03-14 08:32:00,19412.589118,Short,19412.589118,19400.030410499996,SL,-5.0234830000008515,-0.025884147937345628,19412.589118,19427.659567,19420.1243425,335.0173810000215,10335.017381000021,False,318
2024-03-19 08:31:00,19159.56421,2024-03-19 08:33:00,19184.417232,Short,19184.417232,19122.284677000003,SL,-24.853021999999328,-0.12971600881729725,19184.417232,19186.796776,19185.607003999998,310.16435900002216,10310.164359000022,False,318
2024-03-20 08:31:00,19387.207309,2024-03-20 08:32:00,19375.57398,Long,19375.57398,19404.657302500003,SL,-11.63332900000023,-0.06000518184276992,19372.930042,19375.57398,19374.252011,298.53103000002193,10298.531030000022,False,318
2024-03-27 08:31:00,19616.436771,2024-03-27 08:33:00,19597.400415000004,Short,19629.127675,19597.400415000004,TP,19.036355999996886,0.09704288409880495,19629.127675,19632.036008,19630.5818415,317.5673860000188,10317.567386000019,True,319
2024-03-28 08:31:00,19532.888316,2024-03-28 08:38:00,19555.097399,Short,19555.097399,19499.574691500005,SL,-22.209082999997918,-0.11370096752053695,19555.097399,19560.120882,19557.609140499997,295.3583030000209,10295.35830300002,False,320
2024-04-01 08:31:00,19557.21255,2024-04-01 08:32:00,19560.120882,Short,19560.120882,19552.850052,SL,-2.9083319999990636,-0.014870892222312445,19560.120882,19560.64967,19560.385276,292.44997100002183,10292.449971000022,False,320
2024-04-03 08:31:00,19310.797489,2024-04-03 08:37:00,19331.8168,Long,19296.784615,19331.8168,TP,21.019311000000016,0.10884745185678238,19292.28992,19296.784615,19294.5372675,313.46928200002185,10313.469282000022,True,321
2024-04-15 08:31:00,19350.985353,2024-04-15 08:34:00,19322.82741,Short,19369.757315,19322.82741,TP,28.15794299999834,0.14551167543327706,19369.757315,19388.529278,19379.1432965,341.6272250000202,10341.62722500002,True,321
2024-04-17 08:31:00,18984.271093,2024-04-17 08:32:00,18986.386243,Short,18986.386243,18981.098368,SL,-2.1151500000014494,-0.011141591845374358,18986.386243,18987.179425,18986.782833999998,339.51207500001874,10339.512075000019,False,322
2024-04-19 08:31:00,18485.095518,2024-04-19 08:32:00,18485.359911,Short,18485.359911,18484.698928499995,SL,-0.2643930000012915,-0.0014303036721873407,18485.359911,18494.87809,18490.1190005,339.24768200001745,10339.247682000017,False,322
2024-05-06 08:31:00,19095.580901,2024-05-06 08:32:00,19099.282414,Short,19099.282414,19090.0286315,SL,-3.701512999999977,-0.019384134052743772,19099.282414,19107.21423,19103.248322,335.54616900001747,10335.546169000017,False,322
2024-05-08 08:31:00,19150.57482,2024-05-08 08:33:00,19135.768765,Long,19135.768765,19172.783902500003,SL,-14.806055000000924,-0.07731389339049052,19134.182402,19135.768765,19134.9755835,320.74011400001655,10320.740114000017,False,322
2024-05-14 08:31:00,19340.938387,2024-05-14 08:32:00,19333.006571,Long,19333.006571,19352.836110999993,SL,-7.931815999996616,-0.041010502392831064,19329.040664,19333.006571,19331.023617500003,312.80829800001993,10312.80829800002,False,322
2024-05-22 08:31:00,19894.843487,2024-05-22 08:32:00,19892.99273,Long,19892.99273,19897.619622499995,SL,-1.8507569999965199,-0.009302696958666052,19891.406367,19892.99273,19892.1995485,310.9575410000234,10310.957541000023,False,322
2024-05-23 08:31:00,20037.880556,2024-05-23 08:42:00,20000.997614,Short,20062.469184,20000.997614,TP,36.882942000000185,0.18406608372039737,20062.469184,20066.170697,20064.3199405,347.8404830000236,10347.840483000024,True,323
2024-05-24 08:31:00,19829.00942,2024-05-24 08:32:00,19825.043511499996,Short,19831.653359,19825.043511499996,TP,3.965908500002115,0.020000537676894782,19831.653359,19839.32078,19835.4870695,351.8063915000257,10351.806391500026,True,323
2024-05-27 08:31:00,19979.978305,2024-05-27 08:34:00,19989.099893500003,Long,19973.897246,19989.099893500003,TP,9.121588500001963,0.045653645668470424,19967.2874,19973.897246,19970.592323,360.9279800000277,10360.927980000028,True,323
2024-05-29 08:31:00,19878.451069,2024-05-29 08:33:00,19871.841223,Long,19871.841223,19888.365837999998,SL,-6.609845999999379,-0.033251313077945426,19845.930626,19871.841223,19858.8859245,354.3181340000283,10354.318134000028,False,324
2024-05-30 08:31:00,19833.239722,2024-05-30 08:32:00,19838.527599,Short,19838.527599,19825.307906499995,SL,-5.2878770000024815,-0.026661690546385675,19838.527599,19840.642749,19839.585174,349.0302570000258,10349.030257000026,False,324
2024-06-05 08:31:00,19920.48969,2024-06-05 08:32:00,19923.92681,Short,19923.92681,19915.334009999995,SL,-3.4371200000023236,-0.017254194316958703,19923.92681,19930.536656,19927.231733,345.5931370000235,10345.593137000023,False,324
2024-06-07 08:31:00,20114.554771,2024-06-07 08:32:00,20113.7615905,Short,20115.083558,20113.7615905,TP,0.7931805000007444,0.003943316215700215,20115.083558,20131.475977,20123.279767499997,346.38631750002423,10346.386317500024,True,325
2024-06-17 08:31:00,20837.530543,2024-06-17 08:32:00,20833.616362,Long,20833.616362,20843.4018145,SL,-3.9141810000000987,-0.018784284404156512,20833.355417,20833.616362,20833.4858895,342.47213650002413,10342.472136500024,False,326
2024-06-19 08:31:00,21132.398796,2024-06-19 08:32:00,21135.530140500003,Long,21130.311233,21135.530140500003,TP,3.1313445000014326,0.014817742794983322,21129.006507,21130.311233,21129.65887,345.60348100002557,10345.603481000026,True,327
2024-06-21 08:31:00,20869.104931,2024-06-21 08:32:00,20881.369363,Short,20881.369363,20850.708283,SL,-12.264431999999942,-0.05876836615921054,20881.369363,20889.980559,20885.674961,333.3390490000256,10333.339049000026,False,328
2024-06-27 08:31:00,20894.416631,2024-06-27 08:32:00,20908.8990995,Long,20884.761652,20908.8990995,TP,14.482468499998504,0.06931262430419613,20873.280057,20884.761652,20879.0208545,347.82151750002413,10347.821517500024,True,329
2024-06-28 08:31:00,20927.295745,2024-06-28 08:32:00,20935.385052,Short,20935.385052,20915.161784499996,SL,-8.089307000002009,-0.038654334982267,20935.385052,20943.996248,20939.69065,339.7322105000221,10339.732210500022,False,330
2024-07-03 08:31:00,21143.358501,2024-07-03 08:35:00,21123.004763,Long,21123.004763,21173.889107999996,SL,-20.353737999997975,-0.09626539699941862,21110.479386,21123.004763,21116.742074499998,319.37847250002415,10319.378472500024,False,330
2024-07-04 08:31:00,21293.402081,2024-07-04 08:33:00,21289.4879,Short,21296.011535,21289.4879,TP,3.9141810000000987,0.018382130695276278,21296.011535,21298.099098,21297.055316500002,323.29265350002424,10323.292653500024,True,331
2024-07-05 08:31:00,21362.813546,2024-07-05 08:34:00,21344.025481,Long,21344.025481,21390.995643500002,SL,-18.788065000000643,-0.08794752132973861,21340.1113,21344.025481,21342.0683905,304.5045885000236,10304.504588500024,False,332
2024-07-16 08:31:00,21545.997187,2024-07-16 08:32:00,21547.823805,Short,21547.823805,21543.257260000002,SL,-1.8266179999991436,-0.00847776031968134,21547.823805,21549.389477,21548.606641,302.67797050002446,10302.677970500024,False,332
2024-07-18 08:31:00,20991.227358,2024-07-18 08:41:00,20953.259808000003,Short,21016.539058,20953.259808000003,TP,37.96754999999757,0.18087341608220778,21016.539058,21017.843784,21017.191421,340.64552050002203,10340.645520500022,True,333
2024-07-19 08:31:00,20712.798662,2024-07-19 08:32:00,20733.674291,Short,20733.674291,20681.485218500005,SL,-20.8756289999983,-0.10078613392934209,20733.674291,20738.632252,20736.1532715,319.76989150002373,10319.769891500024,False,334
2024-07-22 08:31:00,20773.077039,2024-07-22 08:36:00,20794.996449,Short,20794.996449,20740.197924,SL,-21.919409999998607,-0.10551835897419745,20794.996449,20820.047204,20807.5218265,297.8504815000251,10297.850481500025,False,334
2024-07-26 08:31:00,19963.885487,2024-07-26 08:32:00,19980.064099,Short,19980.064099,19939.617569000002,SL,-16.178611999999703,-0.0810393949140553,19980.064099,19997.547438,19988.805768500002,281.6718695000254,10281.671869500025,False,334
2024-07-29 08:31:00,20074.265373,2024-07-29 08:32:00,20106.622598,Short,20106.622598,20025.729535499995,SL,-32.35722500000338,-0.16118759216725329,20106.622598,20124.888773,20115.7556855,249.31464450002204,10249.314644500022,False,334
2024-07-31 08:31:00,20191.429839,2024-07-31 08:40:00,20215.175866,Short,20215.175866,20155.8107985,SL,-23.74602700000105,-0.11760448462216035,20215.175866,20218.30721,20216.741538000002,225.568617500021,10225.568617500021,False,334
2024-08-02 08:31:00,19435.99303,2024-08-02 08:33:00,19403.113915,Short,19457.91244,19403.113915,TP,32.87911499999973,0.16916611849597749,19457.91244,19460.260948,19459.086693999998,258.4477325000207,10258.44773250002,True,335
2024-08-07 08:31:00,19313.870603,2024-08-07 08:32:00,19286.993231,Long,19286.993231,19354.186661,SL,-26.877371999999013,-0.13916098203445657,19268.988001,19286.993231,19277.990616000003,231.5703605000217,10231.570360500022,False,336
2024-08-09 08:31:00,19292.212138,2024-08-09 08:35:00,19264.03004,Long,19264.03004,19334.485284999995,SL,-28.182097999997495,-0.14608017887428798,19263.769094,19264.03004,19263.899567,203.3882625000242,10203.388262500024,False,336
2024-08-13 08:31:00,19682.847338,2024-08-13 08:42:00,19655.969966,Long,19655.969966,19723.163395999996,SL,-26.877371999999013,-0.13655225556776612,19653.882403,19655.969966,19654.9261845,176.5108905000252,10176.510890500025,False,336
2024-08-14 08:31:00,20001.722564,2024-08-14 08:32:00,19991.545695,Long,19991.545695,20016.9878675,SL,-10.176868999998987,-0.05087996280038287,19977.1937,19991.545695,19984.3696975,166.3340215000262,10166.334021500026,False,336
2024-08-20 08:31:00,20709.145427,2024-08-20 08:34:00,20724.4107305,Long,20698.968558,20724.4107305,TP,15.2653035000003,0.07371286059973207,20688.269798,20698.968558,20693.619178,181.5993250000265,10181.599325000027,True,337
2024-08-23 08:31:00,20582.847874,2024-08-23 08:40:00,20606.854847,Short,20606.854847,20546.837414499998,SL,-24.00697299999956,-0.11663581807027236,20606.854847,20611.812809,20609.333828,157.59235200002695,10157.592352000027,False,338
2024-08-28 08:31:00,20507.956557,2024-08-28 08:32:00,20500.650087,Long,20500.650087,20518.916262,SL,-7.3064699999995355,-0.03562748916349548,20485.515256,20500.650087,20493.0826715,150.2858820000274,10150.285882000027,False,338
2024-09-02 08:31:00,20484.73242,2024-09-02 08:33:00,20480.035403,Long,20480.035403,20491.777945499998,SL,-4.697016999998596,-0.022929354915140237,20477.947841,20480.035403,20478.991622,145.58886500002882,10145.588865000029,False,338
2024-09-03 08:31:00,20313.552266,2024-09-03 08:32:00,20304.549651499998,Short,20319.554009,20304.549651499998,TP,9.002614500001073,0.04431826783476608,20319.554009,20326.338588,20322.9462985,154.5914795000299,10154.59147950003,True,339
2024-09-10 08:31:00,19622.047069,2024-09-10 08:34:00,19593.082135,Long,19593.082135,19665.494469999998,SL,-28.96493399999963,-0.14761423157403408,19584.209993,19593.082135,19588.646064,125.62654550003026,10125.62654550003,False,340
2024-09-12 08:31:00,20054.694471,2024-09-12 08:33:00,20083.398461,Short,20083.398461,20011.638485999996,SL,-28.703990000001795,-0.14312853303005474,20083.398461,20091.748712,20087.573586500002,96.92255550002847,10096.922555500028,False,340
2024-09-16 08:31:00,20260.319413,2024-09-16 08:32:00,20235.2686585,Short,20277.019916,20235.2686585,TP,25.05075450000004,0.12364442035364093,20277.019916,20280.15126,20278.585588,121.9733100000285,10121.973310000029,True,341
2024-09-17 08:31:00,20438.127842,2024-09-17 08:32:00,20430.391402,Long,20430.391402,20449.732502000003,SL,-7.736440000000584,-0.037852977825602666,20419.302504,20430.391402,20424.846953,114.23687000002792,10114.236870000028,False,342
2024-09-18 08:31:00,20333.428017,2024-09-18 08:32:00,20348.127254,Short,20348.127254,20311.379161499997,SL,-14.699237000000721,-0.07229099287985899,20348.127254,20348.385135,20348.256194499998,99.5376330000272,10099.537633000027,False,342
2024-09-19 08:31:00,20671.510456,2024-09-19 08:32:00,20676.15232,Short,20676.15232,20664.547659999997,SL,-4.641864000001078,-0.022455369238166902,20676.15232,20680.278421,20678.215370500002,94.89576900002612,10094.895769000026,False,342
2024-09-25 08:31:00,20805.350872,2024-09-25 08:33:00,20825.465617,Long,20791.941042,20825.465617,TP,20.114745000002586,0.09668063338010398,20782.399433,20791.941042,20787.1702375,115.0105140000287,10115.010514000029,True,343
2024-09-26 08:31:00,21118.418821,2024-09-26 08:34:00,21095.5963225,Short,21133.63382,21095.5963225,TP,22.82249849999789,0.1080691631956052,21133.63382,21148.590938,21141.112379,137.8330125000266,10137.833012500027,True,343
2024-09-27 08:31:00,20990.767557,2024-09-27 08:33:00,21002.88798,Short,21002.88798,20972.5869225,SL,-12.1204230000003,-0.05774168556289111,21002.88798,21018.36086,21010.62442,125.7125895000263,10125.712589500026,False,344
2024-10-04 08:31:00,20851.769514,2024-10-04 08:32:00,20840.164854,Short,20859.505954,20840.164854,TP,11.604660000000877,0.055653118514519546,20859.505954,20862.084767,20860.7953605,137.31724950002717,10137.317249500027,True,345
2024-10-08 08:31:00,20715.608165,2024-10-08 08:32:00,20725.923419,Short,20725.923419,20700.135284000004,SL,-10.315253999997367,-0.04979459892191568,20725.923419,20726.1813,20726.052359499998,127.0019955000298,10127.00199550003,False,346
2024-10-16 08:31:00,20944.606797,2024-10-16 08:44:00,20882.328453,Short,20986.125693,20882.328453,TP,62.27834400000211,0.29734787863824946,20986.125693,20988.962387,20987.54404,189.28033950003191,10189.280339500032,True,347
2024-10-17 08:31:00,21187.788902,2024-10-17 08:33:00,21158.777252,Short,21207.130002,21158.777252,TP,29.011650000000373,0.13692627453571546,21207.130002,21220.797713,21213.9638575,218.2919895000323,10218.291989500032,True,347
2024-10-18 08:31:00,21081.026026,2024-10-18 08:32:00,21101.398652,Short,21101.398652,21050.467086999997,SL,-20.37262600000031,-0.0966396321264155,21101.398652,21109.650855,21105.5247535,197.91936350003198,10197.919363500032,False,348
2024-10-21 08:31:00,21084.120602,2024-10-21 08:32:00,21083.089077,Long,21083.089077,21085.667889499997,SL,-1.0315249999985099,-0.004892426008513067,21074.836874,21083.089077,21078.9629755,196.88783850003347,10196.887838500033,False,348
2024-10-22 08:31:00,21023.260606,2024-10-22 08:32:00,21034.091622,Short,21034.091622,21007.014082,SL,-10.83101600000009,-0.051519201531036236,21034.091622,21035.63891,21034.865266,186.05682250003338,10186.056822500033,False,348
2024-10-24 08:31:00,20955.695694,2024-10-24 08:35:00,20993.862133,Short,20993.862133,20898.446035499997,SL,-38.16643900000054,-0.18212919082866952,20993.862133,21005.724674,20999.7934035,147.89038350003284,10147.890383500033,False,348
2024-10-25 08:31:00,21169.479326,2024-10-25 08:32:00,21180.6971645,Long,21162.000767,21180.6971645,TP,11.217838500000653,0.052990620729264186,21140.080853,21162.000767,21151.04081,159.1082220000335,10159.108222000033,True,349
2024-10-28 08:31:00,21213.577036,2024-10-28 08:32:00,21243.23339,Short,21243.23339,21169.092504999993,SL,-29.656354000002466,-0.13979893136209348,21243.23339,21271.084575,21257.1589825,129.45186800003103,10129.451868000031,False,350
2024-10-29 08:31:00,21125.381617,2024-10-29 08:32:00,21090.567635499996,Short,21148.590938,21090.567635499996,TP,34.81398150000314,0.16479693541719342,21148.590938,21154.522209,21151.5565735,164.26584950003416,10164.265849500034,True,351
2024-10-31 08:31:00,20940.996458,2024-10-31 08:45:00,20877.1708265,Short,20983.546879,20877.1708265,TP,63.82563149999987,0.3047879389503303,20983.546879,21003.145861,20993.34637,228.09148100003404,10228.091481000034,True,351
2024-11-05 08:31:00,20841.712141,2024-11-05 08:49:00,20889.67807,Long,20809.734855,20889.67807,TP,47.96592900000178,0.23014389928955395,20789.104348,20809.734855,20799.419601499998,276.0574100000358,10276.057410000036,True,351
2024-11-08 08:31:00,21869.111406,2024-11-08 08:32:00,21866.274711,Long,21866.274711,21873.366448500004,SL,-2.8366950000017823,-0.01297124033683192,21860.085559,21866.274711,21863.180135,273.22071500003403,10273.220715000034,False,352
2024-11-14 08:31:00,21812.635392,2024-11-14 08:32:00,21812.635392,Long,21812.635392,21812.635392,SL,0.0,0.0,21805.156833,21812.635392,21808.8961125,273.22071500003403,10273.220715000034,False,352
2024-11-18 08:31:00,21181.083987,2024-11-18 08:32:00,21185.210088,Short,21185.210088,21174.894835500003,SL,-4.126100999998016,-0.01948012199248363,21185.210088,21203.261782,21194.235935,269.094614000036,10269.094614000036,False,352
2024-11-19 08:31:00,21205.324833,2024-11-19 08:32:00,21172.316021,Long,21172.316021,21254.838051,SL,-33.008812000000034,-0.1556628453464259,21170.510852,21172.316021,21171.4134365,236.08580200003598,10236.085802000036,False,352
2024-11-25 08:31:00,21627.73447,2024-11-25 08:32:00,21640.112775,Short,21640.112775,21609.167012499995,SL,-12.378305000002001,-0.05723347961929182,21640.112775,21675.442518,21657.7776465,223.70749700003398,10223.707497000034,False,352
2024-11-26 08:31:00,21635.213029,2024-11-26 08:50:00,21681.244847499995,Long,21604.52515,21681.244847499995,TP,46.03181849999601,0.21276341692727788,21600.141167,21604.52515,21602.3331585,269.73931550003,10269.73931550003,True,353
2024-11-27 08:31:00,21541.859984,2024-11-27 08:33:00,21553.980407,Short,21553.980407,21523.6793495,SL,-12.1204230000003,-0.056264514805140435,21553.980407,21592.404726,21573.1925665,257.6188925000297,10257.61889250003,False,354
2024-11-28 08:31:00,21544.180916,2024-11-28 08:32:00,21547.662314000005,Long,21541.859984,21547.662314000005,TP,3.481398000003537,0.016159342578756578,21532.834137,21541.859984,21537.3470605,261.1002905000332,10261.100290500033,True,355
2024-12-02 08:31:00,21750.485989,2024-12-02 08:36:00,21795.357343000003,Long,21720.571753,21795.357343000003,TP,44.87135400000261,0.20630046621806825,21709.998618,21720.571753,21715.2851855,305.97164450003584,10305.971644500036,True,355
2024-12-10 08:31:00,22187.0791,2024-12-10 08:32:00,22196.62071,Short,22196.62071,22172.766685,SL,-9.541610000000219,-0.04300525525236992,22196.62071,22208.741133,22202.6809215,296.4300345000356,10296.430034500036,False,356
2024-12-12 08:31:00,22354.444091,2024-12-12 08:35:00,22369.65909,Short,22369.65909,22331.6215925,SL,-15.214998999999807,-0.06806252456139329,22369.65909,22376.106123,22372.882606500003,281.2150355000358,10281.215035500036,False,356
2024-12-16 08:31:00,22597.884077,2024-12-16 08:32:00,22591.437044,Long,22591.437044,22607.5546265,SL,-6.447033000000374,-0.02852936574961073,22589.631874,22591.437044,22590.534459,274.76800250003544,10274.768002500035,False,356
2024-12-17 08:31:00,22696.652631,2024-12-17 08:32:00,22707.483647,Short,22707.483647,22680.406107000003,SL,-10.83101600000009,-0.04772076383284226,22707.483647,22722.956528,22715.220087499998,263.93698650003535,10263.936986500035,False,356
