entry_time,entry_price,exit_time,exit_price,direction,stop_loss,take_profit,exit_reason,pnl,return_pct,fvg_lower,fvg_upper,fvg_middle,cumulative_pnl,equity,is_win,streak
2018-01-15 08:31:00,7939.846938,2018-01-15 08:33:00,7941.018482,Short,7941.018482,7937.503849999998,SL,-1.171544000000722,-0.014755246658392472,7941.018482,7941.604254,7941.311368000001,-1.171544000000722,9998.828456,False,1
2018-01-16 08:31:00,7992.859307,2018-01-16 08:46:00,8015.118645,Long,7981.729638,8015.118645,TP,22.259337999999843,0.2784903017185042,7980.265208,7981.729638,7980.997423,21.08779399999912,10021.087794,True,2
2018-01-26 08:31:00,8147.796008,2018-01-26 08:35:00,8152.77507,Short,8152.77507,8137.837884000001,SL,-4.9790619999994306,-0.061109310973307206,8152.77507,8156.289702,8154.532386,16.10873199999969,10016.108732,False,3
2018-01-29 08:31:00,8208.716298,2018-01-29 08:34:00,8195.24354,Short,8215.452677,8195.24354,TP,13.472757999999885,0.16412746537826428,8215.452677,8215.745563,8215.599119999999,29.581489999999576,10029.58149,True,4
2018-01-31 08:31:00,8183.235215,2018-01-31 08:35:00,8178.549039,Long,8178.549039,8192.607567,SL,-4.68617599999925,-0.05726556645236612,8176.791723,8178.549039,8177.670381,24.895314000000326,10024.895314000001,False,5
2018-02-01 08:31:00,8117.335862,2018-02-01 08:56:00,8145.452917999999,Long,8103.277334,8145.452917999999,TP,28.11705599999914,0.3463828093109293,8100.934246,8103.277334,8102.10579,53.012369999999464,10053.01237,True,6
2018-02-15 08:31:00,7871.897383,2018-02-15 08:39:00,7883.90571,Short,7883.90571,7847.880729000001,SL,-12.008326999999554,-0.15254679292355242,7883.90571,7890.349202,7887.127456,41.00404299999991,10041.004043,False,7
2018-02-16 08:31:00,7961.227617,2018-02-16 08:32:00,7955.077011,Long,7955.077011,7973.528828999998,SL,-6.150605999999243,-0.07725700477229859,7948.047747,7955.077011,7951.562379,34.85343700000067,10034.853437000002,False,7
2018-03-02 08:31:00,7837.629719,2018-03-02 08:37:00,7822.985419,Long,7822.985419,7866.918318999999,SL,-14.64429999999993,-0.18684603030555508,7817.127699,7822.985419,7820.056559,20.209137000000737,10020.209137000002,False,7
2018-03-05 08:31:00,7955.369897,2018-03-05 08:33:00,7967.0853369999995,Long,7949.512177,7967.0853369999995,TP,11.715439999999944,0.1472645540268075,7946.583316,7949.512177,7948.0477465,31.92457700000068,10031.924577000002,True,8
2018-03-07 08:31:00,8054.072483,2018-03-07 08:35:00,8066.373695,Long,8047.921877,8066.373695,TP,12.301212000000305,0.15273281965074045,8040.306841,8047.921877,8044.114358999999,44.22578900000099,10044.225789,True,8
2018-03-12 08:31:00,8340.197951,2018-03-12 08:33:00,8346.034747,Short,8346.034747,8328.524359000001,SL,-5.836795999999595,-0.06998390247200015,8346.034747,8346.618427,8346.326587,38.38899300000139,10038.388993,False,9
2018-03-16 08:31:00,8260.233844,2018-03-16 08:33:00,8253.813369,Long,8253.813369,8273.074794000002,SL,-6.420475000000806,-0.07772752105153122,8251.47865,8253.813369,8252.6460095,31.968518000000586,10031.968518000001,False,9
2018-03-19 08:31:00,8128.030413,2018-03-19 08:33:00,8120.4425790000005,Short,8131.82433,8120.4425790000005,TP,7.58783399999993,0.09335390758213603,8131.82433,8135.618248,8133.721289,39.556352000000516,10039.556352,True,10
2018-03-23 08:31:00,7837.357967,2018-03-23 08:35:00,7827.727253,Long,7827.727253,7856.619395,SL,-9.630713999999898,-0.122882150343917,7817.51286,7827.727253,7822.6200565,29.925638000000617,10029.925638,False,11
2018-03-26 08:31:00,7786.286001,2018-03-26 08:36:00,7774.028729,Long,7774.028729,7810.800545000002,SL,-12.25727200000074,-0.15742129172273564,7769.651132,7774.028729,7771.8399305,17.668365999999878,10017.668366,False,11
2018-03-27 08:31:00,7945.630535,2018-03-27 08:33:00,7933.956943000001,Short,7951.467331,7933.956943000001,TP,11.67359199999919,0.14691838424373943,7951.467331,7957.595967,7954.5316490000005,29.341957999999067,10029.341957999999,True,12
2018-04-04 08:31:00,7431.116958,2018-04-04 08:37:00,7466.137733999999,Long,7413.60657,7466.137733999999,TP,35.02077599999939,0.4712720335036259,7409.812652,7413.60657,7411.709611,64.36273399999845,10064.362733999998,True,12
2018-04-05 08:31:00,7730.836438,2018-04-05 08:32:00,7738.132433,Short,7738.132433,7716.244448000001,SL,-7.295994999999493,-0.09437523427784482,7738.132433,7743.969229,7741.0508310000005,57.06673899999896,10057.066738999998,False,13
2018-04-11 08:31:00,7714.493409,2018-04-11 08:35:00,7703.111656,Long,7703.111656,7737.256914999999,SL,-11.381752999999662,-0.1475372703892819,7694.648302,7703.111656,7698.879978999999,45.6849859999993,10045.684986,False,13
2018-04-17 08:31:00,7871.795064,2018-04-17 08:33:00,7876.172661,Short,7876.172661,7863.0398700000005,SL,-4.377596999999696,-0.055611165743118945,7876.172661,7879.966578,7878.0696195,41.3073889999996,10041.307389,False,13
2018-04-23 08:31:00,7815.761821,2018-04-23 08:32:00,7821.306778,Short,7821.306778,7804.671907,SL,-5.544957000000068,-0.0709458287879429,7821.306778,7822.474137,7821.8904575,35.762431999999535,10035.762432,False,13
2018-04-26 08:31:00,7702.819817,2018-04-26 08:32:00,7706.030055,Short,7706.030055,7696.3993409999985,SL,-3.2102380000005724,-0.04167614037804219,7706.030055,7708.656613,7707.343334,32.55219399999896,10032.552194,False,13
2018-05-02 08:31:00,7806.422948,2018-05-02 08:37:00,7785.410484000001,Short,7816.92918,7785.410484000001,TP,21.012463999999454,0.2691689156476313,7816.92918,7819.263899,7818.0965395,53.56465799999842,10053.564658,True,14
2018-05-09 08:31:00,7968.685879,2018-05-09 08:32:00,7973.938996,Short,7973.938996,7958.179644999999,SL,-5.253117000000202,-0.06592199868040755,7973.938996,7975.981874,7974.960435,48.311540999998215,10048.311541,False,15
2018-05-11 08:31:00,8119.858898,2018-05-11 08:32:00,8119.858898,Long,8119.858898,8119.858898,SL,0.0,0.0,8119.567058,8119.858898,8119.712978,48.311540999998215,10048.311541,False,15
2018-05-14 08:31:00,8149.334719,2018-05-14 08:35:00,8146.70816,Long,8146.70816,8154.587837000001,SL,-2.6265590000002703,-0.03223034874094083,8142.622403,8146.70816,8144.6652815,45.684981999997945,10045.684981999999,False,15
2018-05-21 08:31:00,8100.889311,2018-05-21 08:44:00,8121.318097,Long,8090.674918,8121.318097,TP,20.4287860000004,0.2521795474017976,8085.713641,8090.674918,8088.1942794999995,66.11376799999834,10066.113768,True,16
2018-05-23 08:31:00,8004.290335,2018-05-23 08:37:00,8017.1312849999995,Long,7997.86986,8017.1312849999995,TP,12.840949999999793,0.16042583992550533,7994.951462,7997.86986,7996.410661,78.95471799999814,10078.954717999997,True,16
2018-05-25 08:31:00,8130.365131,2018-05-25 08:32:00,8128.030413,Long,8128.030413,8135.034566999998,SL,-2.3347179999991567,-0.02871602889146009,8121.318097,8128.030413,8124.674255,76.61999999999898,10076.619999999999,False,17
2018-05-28 08:31:00,8143.497922,2018-05-28 08:32:00,8142.330563,Long,8142.330563,8145.832639999998,SL,-1.1673589999991236,-0.014334859677994815,8141.746884,8142.330563,8142.0387235,75.45264099999986,10075.452641,False,17
2018-05-29 08:31:00,8097.095393,2018-05-29 08:32:00,8093.593316,Long,8093.593316,8104.099546999998,SL,-3.50207699999919,-0.04325102805416819,8091.550437,8093.593316,8092.5718765,71.95056400000067,10071.950564,False,17
2018-06-04 08:31:00,8297.00566,2018-06-04 08:32:00,8296.42198,Long,8296.42198,8298.173020000004,SL,-0.5836800000015501,-0.007034827067980451,8293.211742,8296.42198,8294.816861,71.36688399999912,10071.366884,False,17
2018-06-06 08:31:00,8384.265762,2018-06-06 08:32:00,8383.682082,Long,8383.682082,8385.433122000004,SL,-0.5836800000015501,-0.006961611386973947,8381.055524,8383.682082,8382.368803,70.78320399999757,10070.783203999998,False,17
2018-06-08 08:31:00,8314.017525,2018-06-08 08:32:00,8312.272228,Long,8312.272228,8317.508118999998,SL,-1.745296999999482,-0.02099222180794576,8308.490749,8312.272228,8310.3814885,69.03790699999809,10069.037906999998,False,17
2018-06-15 08:31:00,8457.131955,2018-06-15 08:34:00,8464.40403,Short,8464.40403,8442.587805000003,SL,-7.272074999998949,-0.08598748415767091,8464.40403,8473.421402,8468.912715999999,61.765831999999136,10061.765832,False,17
2018-06-18 08:31:00,8401.864187,2018-06-18 08:34:00,8392.555930999999,Short,8406.518315,8392.555930999999,TP,9.308256000000256,0.1107879845808826,8406.518315,8412.335975,8409.427145,71.07408799999939,10071.074088,True,18
2018-06-19 08:31:00,8375.975602,2018-06-19 08:46:00,8400.409774000002,Long,8363.758516,8400.409774000002,TP,24.434172000001126,0.29171732537242323,8355.904676,8363.758516,8359.831596,95.50826000000052,10095.50826,True,18
2018-06-20 08:31:00,8483.020541,2018-06-20 08:32:00,8478.948179,Long,8478.948179,8491.165264999998,SL,-4.072361999998975,-0.048006037240113944,8477.202881,8478.948179,8478.07553,91.43589800000154,10091.435898000002,False,19
2018-06-22 08:31:00,8438.515444,2018-06-22 08:36:00,8422.807764000001,Short,8446.369284,8422.807764000001,TP,15.707679999999527,0.18614269422435065,8446.369284,8453.932242,8450.150763000001,107.14357800000107,10107.143578000001,True,20
2018-06-25 08:31:00,8322.162249,2018-06-25 08:32:00,8328.852558,Short,8328.852558,8308.781631000002,SL,-6.6903089999996155,-0.08039147519388401,8328.852558,8330.01609,8329.434324,100.45326900000146,10100.453269000001,False,21
2018-06-29 08:31:00,8252.641215,2018-06-29 08:41:00,8263.694766999997,Long,8247.114439,8263.694766999997,TP,11.05355199999758,0.13393956809738253,8244.787375,8247.114439,8245.950907,111.50682099999904,10111.506820999999,True,22
2018-07-03 08:31:00,8300.346025,2018-07-03 08:33:00,8290.456003000001,Short,8305.291036,8290.456003000001,TP,9.89002199999959,0.11915192415125354,8305.291036,8309.945164,8307.6181,121.39684299999863,10121.396842999999,True,22
2018-07-17 08:31:00,8503.964116,2018-07-17 08:32:00,8501.637052,Long,8501.637052,8508.618243999998,SL,-2.3270639999991545,-0.02736446165877912,8490.583498,8501.637052,8496.110275,119.06977899999947,10119.069779,False,23
2018-07-19 08:31:00,8599.664618,2018-07-19 08:49:00,8591.519895,Long,8591.519895,8615.954064000003,SL,-8.14472300000125,-0.09470977487835386,8586.865767,8591.519895,8589.192831,110.92505599999822,10110.925055999998,False,23
2018-07-23 08:31:00,8554.868638,2018-07-23 08:32:00,8551.08716,Long,8551.08716,8562.431594000001,SL,-3.7814780000007886,-0.044202642495336335,8541.778904,8551.08716,8546.433032,107.14357799999743,10107.143577999997,False,23
2018-07-24 08:31:00,8685.475099,2018-07-24 08:32:00,8684.602451,Long,8684.602451,8687.220394999997,SL,-0.8726479999986623,-0.010047210890042554,8684.311568,8684.602451,8684.4570095,106.27092999999877,10106.270929999999,False,23
2018-07-25 08:31:00,8637.77029,2018-07-25 08:32:00,8642.424418000002,Long,8635.443226,8642.424418000002,TP,4.654128000001947,0.05388112723245325,8634.570577,8635.443226,8635.0069015,110.92505800000072,10110.925058,True,24
2018-07-26 08:31:00,8650.569141,2018-07-26 08:33:00,8642.133534,Long,8642.133534,8667.440354999999,SL,-8.435606999999436,-0.0975150520445905,8631.661747,8642.133534,8636.8976405,102.48945100000128,10102.489451000001,False,25
2018-07-31 08:31:00,8427.752773,2018-07-31 08:34:00,8442.878687,Long,8420.189816,8442.878687,TP,15.125914000000193,0.17947742900644997,8412.917741,8420.189816,8416.5537785,117.61536500000147,10117.615365000001,True,26
2018-08-06 08:31:00,8601.700799,2018-08-06 08:33:00,8605.191395,Short,8605.191395,8594.719607,SL,-3.490595999999641,-0.040580300123964366,8605.191395,8607.227576,8606.2094855,114.12476900000183,10114.124769000002,False,27
2018-08-17 08:31:00,8560.395415,2018-08-17 08:32:00,8564.75866,Short,8564.75866,8551.668925000004,SL,-4.363244999998642,-0.0509701338369618,8564.75866,8565.631309,8565.1949845,109.76152400000319,10109.761524000003,False,27
2018-08-20 08:31:00,8613.336119,2018-08-20 08:32:00,8608.681990999998,Short,8615.663183,8608.681990999998,TP,4.654128000001947,0.05403397633276486,8615.663183,8616.244949,8615.954066,114.41565200000514,10114.415652000005,True,28
2018-08-23 08:31:00,8640.388237,2018-08-23 08:32:00,8640.097354,Long,8640.097354,8640.970002999999,SL,-0.29088299999966694,-0.0033665501135011896,8636.897641,8640.097354,8638.4974975,114.12476900000547,10114.124769000005,False,29
2018-08-24 08:31:00,8670.93095,2018-08-24 08:32:00,8670.640067,Long,8670.640067,8671.512716,SL,-0.29088299999966694,-0.0033546916897045174,8667.149471,8670.640067,8668.894769,113.8338860000058,10113.833886000006,False,29
2018-08-27 08:31:00,8768.667634,2018-08-27 08:32:00,8770.994697999997,Long,8767.504102,8770.994697999997,TP,2.3270639999973355,0.02653839895783346,8764.304389,8767.504102,8765.904245500002,116.16095000000314,10116.160950000003,True,30
2018-08-30 08:31:00,8910.618531,2018-08-30 08:38:00,8903.346457,Long,8903.346457,8925.162679000001,SL,-7.27207400000043,-0.08161132669635579,8903.055574,8903.346457,8903.201015499999,108.88887600000271,10108.888876000003,False,31
2018-08-31 08:31:00,8902.182925,2018-08-31 08:37:00,8912.072946999999,Long,8897.237914,8912.072946999999,TP,9.89002199999959,0.1110965937604522,8891.711137,8897.237914,8894.4745255,118.7788980000023,10118.778898000002,True,32
2018-09-07 08:31:00,8629.334683,2018-09-07 08:32:00,8624.971438,Long,8624.971438,8638.061172999996,SL,-4.363244999998642,-0.05056293631297372,8618.28113,8624.971438,8621.626284,114.41565300000366,10114.415653000004,False,33
2018-09-12 08:31:00,8720.381058,2018-09-12 08:32:00,8720.381058,Short,8720.381058,8720.381058,SL,0.0,0.0,8720.381058,8725.907835,8723.1444465,114.41565300000366,10114.415653000004,False,33
2018-09-14 08:31:00,8803.177142,2018-09-14 08:35:00,8810.423271,Short,8810.423271,8788.684884000002,SL,-7.2461289999992005,-0.08231265693186934,8810.423271,8812.742032,8811.5826515,107.16952400000446,10107.169524000004,False,33
2018-09-19 08:31:00,8738.251826,2018-09-19 08:37:00,8728.976781,Long,8728.976781,8756.801916,SL,-9.275045000000318,-0.10614302705723279,8727.527555,8728.976781,8728.252167999999,97.89447900000414,10097.894479000004,False,33
2018-09-24 08:31:00,8691.586756,2018-09-24 08:33:00,8674.196048000002,Short,8700.28211,8674.196048000002,TP,17.390707999998995,0.2000866871402255,8700.28211,8701.151646,8700.716878,115.28518700000313,10115.285187000003,True,34
2018-09-26 08:31:00,8820.567851,2018-09-26 08:39:00,8812.452187,Long,8812.452187,8836.799178999998,SL,-8.115663999999015,-0.09200840736210573,8808.104509,8812.452187,8810.278348,107.16952300000412,10107.169523000004,False,35
2018-09-28 08:31:00,8861.725863,2018-09-28 08:32:00,8859.696947,Long,8859.696947,8865.783694999998,SL,-2.028915999999299,-0.02289526928914094,8853.900044,8859.696947,8856.7984955,105.14060700000482,10105.140607000005,False,35
2018-10-17 08:31:00,8476.811494,2018-10-17 08:35:00,8454.203572,Short,8488.115455,8454.203572,TP,22.607921999999235,0.2667031349700465,8488.115455,8495.651429,8491.883441999998,127.74852900000405,10127.748529000004,True,36
2018-10-25 08:31:00,8018.276453,2018-10-25 08:32:00,8011.32017,Long,8011.32017,8032.189019000001,SL,-6.95628300000044,-0.08675534001322416,8009.870944,8011.32017,8010.595557000001,120.79224600000362,10120.792246000005,False,37
2018-10-26 08:31:00,7911.32359,2018-10-26 08:32:00,7902.33839,Long,7902.33839,7929.29399,SL,-8.985200000000077,-0.11357391589136197,7877.121861,7902.33839,7889.7301255,111.80704600000354,10111.807046000004,False,37
2018-10-31 08:31:00,8043.203137,2018-10-31 08:32:00,8050.159421000002,Long,8039.724995,8050.159421000002,TP,6.956284000001688,0.08648648904566,8037.696079,8039.724995,8038.710537,118.76333000000523,10118.763330000005,True,38
2018-11-01 08:31:00,8113.925356,2018-11-01 08:32:00,8108.128452,Long,8108.128452,8125.519163999999,SL,-5.796903999999813,-0.07144389115821949,8107.838607,8108.128452,8107.983529499999,112.96642600000541,10112.966426000006,False,39
2018-11-05 08:31:00,8045.811743,2018-11-05 08:44:00,8005.233419,Short,8066.100905,8005.233419,TP,40.578324000000066,0.5043409577076413,8066.100905,8079.433782,8072.7673435,153.54475000000548,10153.544750000005,True,40
2018-11-06 08:31:00,8072.767343,2018-11-06 08:39:00,8117.403497000002,Long,8050.449266,8117.403497000002,TP,44.636154000001625,0.552922586561425,8048.42035,8050.449266,8049.434808,198.1809040000071,10198.180904000008,True,40
2018-11-09 08:31:00,8239.718154,2018-11-09 08:32:00,8237.399393,Long,8237.399393,8244.355676000001,SL,-2.3187610000004497,-0.028141265959137195,8235.370477,8237.399393,8236.384935,195.86214300000665,10195.862143000006,False,41
2018-11-13 08:31:00,7990.741163,2018-11-13 08:39:00,8019.725676999999,Long,7976.248906,8019.725676999999,TP,28.984513999999763,0.3627262278774398,7959.148041,7976.248906,7967.698473500001,224.84665700000642,10224.846657000006,True,42
2018-11-23 08:31:00,7595.972058,2018-11-23 08:37:00,7626.115954000002,Long,7580.90011,7626.115954000002,TP,30.143896000001405,0.396840532980294,7572.784445,7580.90011,7576.8422775,254.99055300000782,10254.990553000007,True,42
2018-12-12 08:31:00,7880.310158,2018-12-12 08:32:00,7888.135977,Short,7888.135977,7864.658520000001,SL,-7.825818999999683,-0.09930851505958814,7888.135977,7890.454739,7889.295357999999,247.16473400000814,10247.164734000009,False,43
2018-12-14 08:31:00,7744.968193,2018-12-14 08:32:00,7748.144136,Short,7748.144136,7738.616306999999,SL,-3.1759430000001885,-0.04100653380178689,7748.144136,7750.742634,7749.4433850000005,243.98879100000795,10243.988791000007,False,43
2018-12-24 08:31:00,6978.122507,2018-12-24 08:34:00,6999.487935000001,Long,6967.439793,6999.487935000001,TP,21.365428000000975,0.30617731314645974,6955.60219,6967.439793,6961.5209915,265.3542190000089,10265.354219000008,True,44
2018-12-26 08:31:00,6931.060818,2018-12-26 08:36:00,6970.327012,Long,6911.427721,6970.327012,TP,39.266193999999814,0.5665250245391775,6902.477338,6911.427721,6906.9525295,304.62041300000874,10304.620413000008,True,44
2019-01-02 08:31:00,7196.107633,2019-01-02 08:50:00,7233.064052999998,Long,7177.629423,7233.064052999998,TP,36.956419999998616,0.5135612456729164,7175.319647,7177.629423,7176.474535,341.57683300000735,10341.576833000006,True,44
2019-01-03 08:31:00,7271.46408,2019-01-03 08:34:00,7265.400918,Long,7265.400918,7283.590403999999,SL,-6.0631619999994655,-0.08338296020296734,7253.852037,7265.400918,7259.6264775,335.5136710000079,10335.513671000008,False,45
2019-01-21 08:31:00,7807.043428,2019-01-21 08:32:00,7811.085536,Short,7811.085536,7798.959212000001,SL,-4.042107999999644,-0.05177514429473523,7811.085536,7814.5502,7812.817868,331.47156300000825,10331.471563000008,False,45
2019-01-25 08:31:00,7787.699052,2019-01-25 08:47:00,7803.001319,Short,7803.001319,7757.094518,SL,-15.302267000000029,-0.19649278814992438,7803.001319,7805.311096,7804.1562075,316.1692960000082,10316.169296000007,False,45
2019-01-31 08:31:00,7919.645016,2019-01-31 08:32:00,7914.159297,Long,7914.159297,7930.616454000001,SL,-5.485719000000245,-0.06926723342924446,7910.405911,7914.159297,7912.282604,310.683577000008,10310.683577000007,False,45
2019-02-06 08:31:00,8124.348928,2019-02-06 08:32:00,8121.75043,Long,8121.75043,8129.545924000001,SL,-2.5984980000002906,-0.031984076792230684,8116.842155,8121.75043,8119.2962925,308.0850790000077,10308.085079000008,False,45
2019-02-07 08:31:00,8002.796957,2019-02-07 08:32:00,8004.818012,Short,8004.818012,7998.754846999999,SL,-2.0210550000001604,-0.025254358080800184,8004.818012,8014.923282,8009.870647,306.0640240000075,10306.064024000007,False,45
2019-02-08 08:31:00,7922.243514,2019-02-08 08:36:00,7936.679615999999,Long,7915.025463,7936.679615999999,TP,14.436101999999664,0.18222239665428777,7909.251023,7915.025463,7912.138242999999,320.5001260000072,10320.500126000006,True,46
2019-02-12 08:31:00,8033.401492,2019-02-12 08:33:00,8041.196986,Short,8041.196986,8017.810504,SL,-7.795493999999962,-0.09703852107681962,8041.196986,8041.485708,8041.341347,312.7046320000072,10312.704632000008,False,47
2019-02-15 08:31:00,8170.255729,2019-02-15 08:33:00,8156.397071000001,Short,8177.185058,8156.397071000001,TP,13.858657999999195,0.16962330751543597,8177.185058,8179.206112,8178.1955849999995,326.5632900000064,10326.563290000006,True,48
2019-02-19 08:31:00,8137.918863,2019-02-19 08:35:00,8149.467744999999,Long,8132.144422,8149.467744999999,TP,11.54888199999914,0.1419144402201831,8130.123368,8132.144422,8131.133895,338.11217200000556,10338.112172000005,True,48
2019-02-20 08:31:00,8182.093332,2019-02-20 08:32:00,8177.185058,Long,8177.185058,8191.909880000001,SL,-4.908274000000347,-0.05998799819117422,8176.03017,8177.185058,8176.6076140000005,333.2038980000052,10333.203898000005,False,49
2019-02-27 08:31:00,8204.902372,2019-02-27 08:32:00,8208.944482000003,Long,8202.881317,8208.944482000003,TP,4.04211000000214,0.049264571554150594,8196.240711,8202.881317,8199.561013999999,337.24600800000735,10337.246008000007,True,50
2019-02-28 08:31:00,8204.324928,2019-02-28 08:33:00,8210.099370000002,Long,8201.437707,8210.099370000002,TP,5.774442000001727,0.07038290231892833,8199.705375,8201.437707,8200.571541,343.0204500000091,10343.020450000009,True,50
2019-03-04 08:31:00,8314.616739,2019-03-04 08:32:00,8316.349070999999,Long,8313.750573,8316.349070999999,TP,1.7323319999995874,0.020834778732181654,8308.842299,8313.750573,8311.296436,344.75278200000866,10344.752782000009,True,50
2019-03-11 08:31:00,8149.35878,2019-03-11 08:33:00,8162.587323999999,Long,8142.744508,8162.587323999999,TP,13.228543999999602,0.1623261946996964,8137.280544,8142.744508,8140.012526,357.98132600000827,10357.981326000008,True,50
2019-03-18 08:31:00,8447.288616,2019-03-18 08:33:00,8458.216544,Long,8441.824652,8458.216544,TP,10.927928000000975,0.12936610191467116,8438.948881,8441.824652,8440.3867665,368.90925400000924,10368.90925400001,True,50
2019-03-19 08:31:00,8507.679799,2019-03-19 08:34:00,8501.928258,Long,8501.928258,8519.182880999999,SL,-5.751540999999634,-0.06760410753441466,8497.327025,8501.928258,8499.6276415,363.1577130000096,10363.15771300001,False,51
2019-03-21 08:31:00,8511.130724,2019-03-21 08:32:00,8507.392222,Long,8507.392222,8518.607728,SL,-3.738502000000153,-0.043924857004700765,8499.052487,8507.392222,8503.222354500002,359.41921100000945,10359.41921100001,False,51
2019-03-22 08:31:00,8627.02428,2019-03-22 08:33:00,8635.651592,Long,8622.710624,8635.651592,TP,8.62731200000053,0.10000333510131873,8620.697585,8622.710624,8621.7041045,368.04652300001,10368.04652300001,True,52
2019-03-27 08:31:00,8508.830107,2019-03-27 08:34:00,8503.65372,Long,8503.65372,8519.182880999999,SL,-5.176386999999522,-0.06083547250216031,8497.327025,8503.65372,8500.4903725,362.87013600001046,10362.87013600001,False,53
2019-03-28 08:31:00,8456.491082,2019-03-28 08:32:00,8453.902889,Long,8453.902889,8461.667468,SL,-2.588192999999592,-0.03060599218875392,8452.465003,8453.902889,8453.183946000001,360.28194300001087,10360.28194300001,False,53
2019-04-02 08:31:00,8623.860932,2019-04-02 08:37:00,8630.475205,Short,8630.475205,8610.632385999997,SL,-6.614273000001049,-0.0766973522898299,8630.475205,8631.050359,8630.762782000002,353.6676700000098,10353.66767000001,False,53
2019-04-03 08:31:00,8697.193083,2019-04-03 08:32:00,8693.742159,Short,8698.918545,8693.742159,TP,3.4509240000006685,0.039678594772674755,8698.918545,8703.519778,8701.219161500001,357.1185940000105,10357.11859400001,True,54
2019-04-11 08:31:00,8782.315893,2019-04-11 08:32:00,8789.217743,Short,8789.217743,8768.512193000004,SL,-6.901849999998376,-0.07858804083214016,8789.217743,8794.39413,8791.8059365,350.2167440000121,10350.216744000012,False,55
2019-04-15 08:31:00,8803.309019,2019-04-15 08:32:00,8800.720825,Long,8800.720825,8808.485407,SL,-2.5881939999999304,-0.029400240232552156,8800.145671,8800.720825,8800.433248000001,347.6285500000122,10347.628550000012,False,55
2019-04-16 08:31:00,8824.877299,2019-04-16 08:32:00,8828.328223,Short,8828.328223,8817.975450999998,SL,-3.4509240000006685,-0.03910449837519796,8828.328223,8828.903377,8828.6158,344.1776260000115,10344.177626000012,False,55
2019-04-18 08:31:00,8863.412625,2019-04-18 08:54:00,8848.458619,Short,8870.889628,8848.458619,TP,14.954005999999936,0.16871612134834957,8870.889628,8874.052976,8872.471302000002,359.13163200001145,10359.131632000011,True,56
2019-04-23 08:31:00,8907.987069,2019-04-23 08:35:00,8912.875879,Short,8912.875879,8898.209449000004,SL,-4.888809999998557,-0.054881197762530746,8912.875879,8913.738611,8913.307245,354.2428220000129,10354.242822000013,False,57
2019-04-30 08:31:00,8956.87517,2019-04-30 08:32:00,8960.038518,Short,8960.038518,8950.548474,SL,-3.163348000000042,-0.03531754032472512,8960.038518,8961.76398,8960.901248999999,351.07947400001285,10351.079474000013,False,57
2019-05-03 08:31:00,8958.025478,2019-05-03 08:32:00,8963.489442,Short,8963.489442,8947.097549999999,SL,-5.463964000000487,-0.06099518262612032,8963.489442,8967.227944,8965.358693,345.61551000001236,10345.615510000012,False,57
2019-05-06 08:31:00,8864.85051,2019-05-06 08:38:00,8895.908832000001,Long,8849.321349,8895.908832000001,TP,31.05832200000077,0.35035358988812515,8848.746195,8849.321349,8849.033771999999,376.67383200001314,10376.673832000013,True,58
2019-05-07 08:31:00,8900.222489,2019-05-07 08:47:00,8886.41879,Long,8886.41879,8927.829887,SL,-13.803699000000051,-0.15509386441811288,8881.242403,8886.41879,8883.8305965,362.8701330000131,10362.870133000013,False,59
2019-05-08 08:31:00,8787.49228,2019-05-08 08:32:00,8782.028316,Long,8782.028316,8798.420208000001,SL,-5.463964000000487,-0.062178876816042984,8776.851929,8782.028316,8779.4401225,357.4061690000126,10357.406169000013,False,59
2019-05-09 08:31:00,8696.905506,2019-05-09 08:33:00,8687.127886,Long,8687.127886,8716.460745999997,SL,-9.777619999998933,-0.11242642562062274,8685.402423,8687.127886,8686.2651545,347.62854900001366,10347.628549000014,False,59
2019-05-13 08:31:00,8546.502703,2019-05-13 08:32:00,8539.88843,Long,8539.88843,8559.731248999999,SL,-6.61427299999923,-0.07739157442350637,8524.646846,8539.88843,8532.267638000001,341.01427600001443,10341.014276000014,False,59
2019-05-17 08:31:00,8666.422337,2019-05-17 08:43:00,8700.356429,Long,8649.455291,8700.356429,TP,33.93409199999951,0.39155825414973094,8647.154674,8649.455291,8648.3049825,374.94836800001394,10374.948368000014,True,60
2019-05-21 08:31:00,8581.01195,2019-05-21 08:33:00,8572.384638,Long,8572.384638,8598.266574000001,SL,-8.62731200000053,-0.10053956398464786,8571.809484,8572.384638,8572.097061,366.3210560000134,10366.321056000013,False,61
2019-05-22 08:31:00,8549.953627,2019-05-22 08:35:00,8563.182171000002,Long,8543.339355,8563.182171000002,TP,13.22854400000142,0.15472065203051913,8536.725082,8543.339355,8540.0322185,379.54960000001483,10379.549600000015,True,62
2019-05-24 08:31:00,8476.909054,2019-05-24 08:43:00,8488.412138,Long,8471.157512,8488.412138,TP,11.503083999999944,0.13569903754685186,8462.817778,8471.157512,8466.987645000001,391.0526840000148,10391.052684000015,True,62
2019-05-27 08:31:00,8416.805448,2019-05-27 08:32:00,8416.517871,Long,8416.517871,8417.380601999997,SL,-0.2875769999991462,-0.0034167000981052765,8414.792408,8416.517871,8415.655139499999,390.76510700001563,10390.765107000016,False,63
2019-05-28 08:31:00,8439.524036,2019-05-28 08:32:00,8448.151348000001,Long,8435.21038,8448.151348000001,TP,8.62731200000053,0.102225101358791,8433.772494,8435.21038,8434.491437,399.39241900001616,10399.392419000016,True,64
2019-05-30 08:31:00,8338.872064,2019-05-30 08:32:00,8345.773913999998,Long,8335.421139,8345.773913999998,TP,6.901849999998376,0.08276718897984495,8330.819906,8335.421139,8333.120522500001,406.29426900001454,10406.294269000015,True,64
2019-06-03 08:31:00,8200.547497,2019-06-03 08:33:00,8191.057454,Long,8191.057454,8219.527583,SL,-9.490042999999787,-0.1157245050220308,8186.743798,8191.057454,8188.900626000001,396.80422600001475,10396.804226000015,False,65
2019-06-10 08:31:00,8607.46904,2019-06-10 08:34:00,8627.599434,Long,8597.403843,8627.599434,TP,20.130393999999797,0.23387123330274326,8594.240495,8597.403843,8595.822169,416.93462000001455,10416.934620000015,True,66
2019-06-11 08:31:00,8740.042065,2019-06-11 08:33:00,8732.565062,Long,8732.565062,8754.996071,SL,-7.477002999999968,-0.08554882166920061,8729.114137,8732.565062,8730.8395995,409.4576170000146,10409.457617000015,False,67
2019-06-17 08:31:00,8628.780798,2019-06-17 08:32:00,8628.494223,Long,8628.494223,8629.353948,SL,-0.2865750000000844,-0.0033211528570352314,8627.347922,8628.494223,8627.921072500001,409.1710420000145,10409.171042000014,False,67
2019-06-18 08:31:00,8744.843775,2019-06-18 08:32:00,8750.57528,Short,8750.57528,8733.380765,SL,-5.731504999999743,-0.06554153678977236,8750.57528,8758.312812,8754.444046,403.43953700001475,10403.439537000015,False,67
2019-06-20 08:31:00,8932.550564,2019-06-20 08:33:00,8920.514403999996,Short,8938.568644,8920.514403999996,TP,12.036160000003292,0.13474494114269525,8938.568644,8941.434397,8940.001520500002,415.47569700001804,10415.475697000018,True,68
2019-06-28 08:31:00,8836.547855,2019-06-28 08:32:00,8830.529775,Long,8830.529775,8848.584015,SL,-6.018079999999827,-0.0681044237948036,8828.237173,8830.529775,8829.383474,409.4576170000182,10409.457617000018,False,69
2019-07-04 08:31:00,9051.479293,2019-07-04 08:33:00,9052.339019,Short,9052.339019,9049.759841000003,SL,-0.8597259999987727,-0.009498182254735373,9052.339019,9052.625594,9052.482306499998,408.59789100001944,10408.59789100002,False,69
2019-07-05 08:31:00,8982.987808,2019-07-05 08:32:00,8981.841507,Long,8981.841507,8985.280410000001,SL,-1.1463010000006761,-0.012760798795472173,8976.396578,8981.841507,8979.119042499999,407.45159000001877,10407.451590000019,False,69
2019-07-08 08:31:00,8946.592751,2019-07-08 08:37:00,8930.544537000002,Short,8954.616858,8930.544537000002,TP,16.048213999998552,0.17937794249330027,8954.616858,8959.202062,8956.909459999999,423.4998040000173,10423.499804000017,True,70
2019-07-10 08:31:00,9063.228878,2019-07-10 08:33:00,9074.691888,Long,9057.497373,9074.691888,TP,11.463009999999485,0.12647821382757632,9052.052444,9057.497373,9054.7749085,434.9628140000168,10434.962814000017,True,70
2019-07-19 08:31:00,9126.275434,2019-07-19 08:45:00,9111.373521999998,Short,9133.72639,9111.373521999998,TP,14.901912000001175,0.16328580161501596,9133.72639,9140.031046,9136.878718,449.864726000018,10449.864726000018,True,70
2019-07-23 08:31:00,9121.403654,2019-07-23 08:32:00,9122.836531,Short,9122.836531,9118.537899999998,SL,-1.432877000001099,-0.015708952858069614,9122.836531,9124.555982,9123.6962565,448.4318490000169,10448.431849000017,False,71
2019-07-24 08:31:00,9110.22722,2019-07-24 08:35:00,9121.117080000004,Long,9104.78229,9121.117080000004,TP,10.889860000002955,0.11953444998710969,9104.495715,9104.78229,9104.6390025,459.32170900001984,10459.32170900002,True,72
2019-07-25 08:31:00,9159.518163,2019-07-25 08:32:00,9164.389942,Short,9164.389942,9149.774605000002,SL,-4.871778999999151,-0.05318815808105245,9164.389942,9164.963092,9164.676517,454.4499300000207,10454.44993000002,False,73
2019-07-30 08:31:00,9107.074892,2019-07-30 08:32:00,9103.349414,Long,9103.349414,9114.525848000001,SL,-3.725478000000294,-0.04090751469797284,9101.916537,9103.349414,9102.6329755,450.7244520000204,10450.72445200002,False,73
2019-07-31 08:31:00,9145.762551,2019-07-31 08:32:00,9137.738444999999,Short,9149.774604,9137.738444999999,TP,8.024106000000756,0.0877357787855907,9149.774604,9154.073233,9151.9239185,458.74855800002115,10458.748558000021,True,74
2019-08-01 08:31:00,9050.906143,2019-08-01 08:34:00,9069.820111,Long,9041.449159,9069.820111,TP,18.91396800000075,0.2089731978342177,9024.827795,9041.449159,9033.138477,477.6625260000219,10477.662526000022,True,74
2019-08-02 08:31:00,8877.528116,2019-08-02 08:32:00,8882.973046,Short,8882.973046,8866.638256,SL,-5.444929999999658,-0.06133385249646511,8882.973046,8892.716604,8887.844825,472.21759600002224,10472.217596000022,False,75
2019-08-06 08:31:00,8616.458063,2019-08-06 08:37:00,8598.976972,Long,8598.976972,8651.420245,SL,-17.48109099999965,-0.20288024234766883,8590.952865,8598.976972,8594.9649185,454.7365050000226,10454.736505000023,False,75
2019-08-09 08:31:00,8822.505668,2019-08-09 08:32:00,8819.639915,Long,8819.639915,8828.237174,SL,-2.8657530000000406,-0.03248230273622127,8819.066765,8819.639915,8819.35334,451.87075200002255,10451.870752000023,False,75
2019-08-19 08:31:00,8854.315521,2019-08-19 08:32:00,8854.028945,Long,8854.028945,8854.888673000001,SL,-0.28657600000042294,-0.0032365686463368456,8849.443741,8854.028945,8851.736343,451.5841760000221,10451.584176000022,False,75
2019-08-23 08:31:00,8790.98239,2019-08-23 08:32:00,8786.970337,Long,8786.970337,8799.006495999996,SL,-4.012052999998559,-0.045638278203837465,8786.397186,8786.970337,8786.6837615,447.57212300002357,10447.572123000024,False,75
2019-09-03 08:31:00,8750.002129,2019-09-03 08:32:00,8753.727608,Short,8753.727608,8742.551171000003,SL,-3.7254789999988134,-0.04257689249756311,8753.727608,8754.587333,8754.157470499998,443.84664400002475,10443.846644000025,False,75
2019-09-05 08:31:00,8955.476584,2019-09-05 08:33:00,8963.50069,Long,8951.464531,8963.50069,TP,8.024106000000756,0.08959998861854829,8950.031654,8951.464531,8950.7480925,451.8707500000255,10451.870750000026,True,76
2019-09-06 08:31:00,9015.084236,2019-09-06 08:35:00,8995.023968000003,Short,9025.11437,8995.023968000003,TP,20.06026799999745,0.2225189191232472,9025.11437,9025.400945,9025.257657499998,471.93101800002296,10471.931018000023,True,76
2019-09-13 08:31:00,9046.320939,2019-09-13 08:42:00,9060.936276,Short,9060.936276,9017.090264999997,SL,-14.615337000001091,-0.1615611152705434,9060.936276,9065.234905,9063.085590499999,457.31568100002187,10457.315681000022,False,77
2019-09-18 08:31:00,9028.653256,2019-09-18 08:32:00,9031.797534,Short,9031.797534,9022.3647,SL,-3.1442779999997583,-0.034825548294372975,9031.797534,9032.940908,9032.369221,454.1714030000221,10454.171403000022,False,77
2019-09-19 08:31:00,9069.814722,2019-09-19 08:32:00,9080.676775999997,Long,9064.383695,9080.676775999997,TP,10.862053999997443,0.1197604839010673,9061.811103,9064.383695,9063.097399,465.03345700001955,10465.03345700002,True,78
2019-10-01 08:31:00,8927.750495,2019-10-01 08:33:00,8936.897487000002,Long,8923.176999,8936.897487000002,TP,9.146992000001774,0.10245573064709369,8918.603503,8923.176999,8920.890251,474.1804490000213,10474.180449000021,True,78
2019-10-02 08:31:00,8735.37781,2019-10-02 08:35:00,8717.083826,Short,8744.524802,8717.083826,TP,18.29398399999991,0.20942407298122243,8744.524802,8746.525707,8745.5252545,492.47443300002124,10492.474433000021,True,78
2019-10-03 08:31:00,8647.052164,2019-10-03 08:32:00,8649.338912,Short,8649.338912,8642.478668000003,SL,-2.2867479999986244,-0.02644540540091767,8649.338912,8649.624755,8649.4818335,490.1876850000226,10490.187685000023,False,79
2019-10-04 08:31:00,8812.555559,2019-10-04 08:33:00,8792.546513,Long,8792.546513,8852.573651000002,SL,-20.009046000001035,-0.2270515727933924,8791.688982,8792.546513,8792.1177475,470.1786390000216,10470.178639000022,False,79
2019-10-08 08:31:00,8773.680841,2019-10-08 08:32:00,8780.826928,Short,8780.826928,8759.388666999997,SL,-7.146087000000989,-0.08144913326008903,8780.826928,8786.829642,8783.828285,463.0325520000206,10463.03255200002,False,79
2019-10-11 08:31:00,8972.91377,2019-10-11 08:32:00,8975.772203999997,Long,8971.484553,8975.772203999997,TP,2.858433999997942,0.031856251751296416,8968.626118,8971.484553,8970.055335500001,465.89098600001853,10465.890986000019,True,80
2019-10-14 08:31:00,8988.34932,2019-10-14 08:32:00,8986.062572,Long,8986.062572,8992.922815999997,SL,-2.2867479999986244,-0.02544124531197709,8970.341179,8986.062572,8978.201875499999,463.6042380000199,10463.60423800002,False,81
2019-10-16 08:31:00,9054.950859,2019-10-16 08:33:00,9060.953573,Short,9060.953573,9042.945431,SL,-6.002714000000196,-0.06629206600314026,9060.953573,9062.954477,9061.954025,457.6015240000197,10457.60152400002,False,81
2019-10-17 08:31:00,9128.984329,2019-10-17 08:32:00,9132.414451000002,Long,9127.269268,9132.414451000002,TP,3.4301220000015746,0.03757397182844451,9126.983425,9127.269268,9127.126346500001,461.0316460000213,10461.031646000021,True,82
2019-10-22 08:31:00,9125.840051,2019-10-22 08:32:00,9124.410833,Long,9124.410833,9128.698486999998,SL,-1.4292179999993095,-0.015661221235657066,9118.979806,9124.410833,9121.695319499999,459.602428000022,10459.602428000022,False,83
2019-10-25 08:31:00,9084.678585,2019-10-25 08:35:00,9093.825578999998,Long,9080.105088,9093.825578999998,TP,9.146993999998813,0.10068593967762056,9068.099661,9080.105088,9074.1023745,468.7494220000208,10468.74942200002,True,84
2019-10-28 08:31:00,9247.895232,2019-10-28 08:51:00,9241.320831,Long,9241.320831,9261.044034,SL,-6.5744009999998525,-0.07109078157861047,9232.459682,9241.320831,9236.8902565,462.17502100002093,10462.175021000021,False,85
2019-10-29 08:31:00,9269.333495,2019-10-29 08:32:00,9268.761808,Long,9268.761808,9270.476869000004,SL,-0.5716870000014751,-0.006167509242275624,9265.331686,9268.761808,9267.046747,461.60333400001946,10461.60333400002,False,85
2019-10-30 08:31:00,9216.166601,2019-10-30 08:34:00,9208.162981000001,Short,9220.168411,9208.162981000001,TP,8.0036199999995,0.08684326517199752,9220.168411,9224.17022,9222.1693155,469.60695400001896,10469.606954000019,True,86
2019-11-01 08:31:00,9287.341637,2019-11-01 08:36:00,9292.48682,Short,9292.48682,9277.051270999998,SL,-5.145183000000543,-0.0553999540568483,9292.48682,9292.772663,9292.6297415,464.4617710000184,10464.461771000018,False,87
2019-11-06 08:31:00,9377.954031,2019-11-06 08:33:00,9368.807038999998,Short,9382.527527,9368.807038999998,TP,9.146992000001774,0.09753718102866839,9382.527527,9386.243493,9384.38551,473.6087630000202,10473.60876300002,True,88
2019-11-07 08:31:00,9420.258871,2019-11-07 08:32:00,9422.259775,Short,9422.259775,9416.257063,SL,-2.000904000000446,-0.021240435399924863,9422.259775,9422.831463,9422.545619,471.60785900001974,10471.60785900002,False,89
2019-11-11 08:31:00,9396.248016,2019-11-11 08:32:00,9394.532955999997,Short,9397.105546,9394.532955999997,TP,1.7150600000022678,0.018252604625610683,9397.105546,9397.677233,9397.3913895,473.322919000022,10473.322919000022,True,90
2019-11-12 08:31:00,9440.55376,2019-11-12 08:32:00,9439.69623,Long,9439.69623,9442.268820000003,SL,-0.8575300000011339,-0.009083471391630885,9439.410386,9439.69623,9439.553307999999,472.4653890000209,10472.46538900002,False,91
2019-11-19 08:31:00,9556.892071,2019-11-19 08:42:00,9546.030017,Short,9562.323098,9546.030017,TP,10.86205400000108,0.11365676120756393,9562.323098,9562.608941,9562.4660195,483.32744300002196,10483.327443000022,True,92
2019-11-25 08:31:00,9522.590849,2019-11-25 08:35:00,9535.739651,Long,9516.016448,9535.739651,TP,13.148801999999705,0.13808008984635212,9503.725177,9516.016448,9509.870812500001,496.47624500002166,10496.476245000022,True,92
2019-11-27 08:31:00,9611.774026,2019-11-27 08:32:00,9616.061678,Short,9616.061678,9603.198721999997,SL,-4.2876520000008895,-0.044608331286219625,9616.061678,9617.490896,9616.776287,492.1885930000208,10492.18859300002,False,93
2019-12-02 08:31:00,9600.626129,2019-12-02 08:38:00,9584.047204999999,Short,9608.915591,9584.047204999999,TP,16.57892400000128,0.17268586212228781,9608.915591,9615.775835,9612.345713,508.76751700002205,10508.767517000022,True,94
2019-12-03 08:31:00,9371.37963,2019-12-03 08:32:00,9376.23897,Short,9376.23897,9361.660949999998,SL,-4.859340000000884,-0.05185298421211098,9376.23897,9385.957649,9381.098309500001,503.90817700002117,10503.908177000021,False,95
2019-12-04 08:31:00,9480.286009,2019-12-04 08:36:00,9488.861314,Short,9488.861314,9463.135398999999,SL,-8.575305000000299,-0.09045407482284218,9488.861314,9489.147158,9489.004236,495.33287200002087,10495.33287200002,False,95
2019-12-05 08:31:00,9500.866742,2019-12-05 08:33:00,9506.583612,Short,9506.583612,9489.433002,SL,-5.716870000000199,-0.0601720890866506,9506.583612,9516.588135,9511.5858735,489.61600200002067,10489.61600200002,False,95
2019-12-06 08:31:00,9574.614369,2019-12-06 08:32:00,9574.328525,Long,9574.328525,9575.186057,SL,-0.2858439999999973,-0.00298543616467189,9573.470995,9574.328525,9573.89976,489.3301580000207,10489.33015800002,False,95
2019-12-09 08:31:00,9598.911068,2019-12-09 08:35:00,9606.342999999999,Long,9595.195102,9606.342999999999,TP,7.431931999999506,0.07742474065392087,9590.621606,9595.195102,9592.908354,496.7620900000202,10496.76209000002,True,96
2019-12-10 08:31:00,9561.751411,2019-12-10 08:32:00,9556.606228999999,Short,9564.324002,9556.606228999999,TP,5.145182000000204,0.053810037291715206,9564.324002,9566.039063,9565.181532499999,501.9072720000204,10501.90727200002,True,96
2019-12-11 08:31:00,9570.61256,2019-12-11 08:34:00,9574.614369,Short,9574.614369,9562.608941999997,SL,-4.001809000001231,-0.04181350958377142,9574.614369,9576.615273,9575.614821,497.90546300001915,10497.90546300002,False,97
2019-12-16 08:31:00,9783.945304,2019-12-16 08:33:00,9789.075698,Long,9781.380107,9789.075698,TP,5.1303939999997965,0.052436863050556115,9775.67967,9781.380107,9778.529888500001,503.03585700001895,10503.035857000019,True,98
2019-12-18 08:31:00,9832.113998,2019-12-18 08:40:00,9826.698583,Long,9826.698583,9842.944828000003,SL,-5.415415000001303,-0.055078846737363706,9826.413561,9826.698583,9826.556072,497.62044200001765,10497.620442000018,False,99
2019-12-19 08:31:00,9840.09461,2019-12-19 08:36:00,9836.104304,Long,9836.104304,9848.075222,SL,-3.9903059999996913,-0.040551500347817196,9827.553648,9836.104304,9831.828976,493.63013600001796,10493.630136000018,False,99
2019-12-23 08:31:00,9948.402916,2019-12-23 08:34:00,9953.533309,Short,9953.533309,9938.142129999997,SL,-5.130393000001277,-0.05157001624602553,9953.533309,9954.673397,9954.103353,488.4997430000167,10488.499743000017,False,99
2019-12-24 08:31:00,9956.098506,2019-12-24 08:32:00,9955.528462,Long,9955.528462,9957.238594,SL,-0.5700440000000526,-0.005725576134632638,9954.388375,9955.528462,9954.9584185,487.9296990000166,10487.929699000017,False,99
2019-12-27 08:31:00,10065.261878,2019-12-27 08:32:00,10061.841616,Short,10066.972009,10061.841616,TP,3.4202619999996386,0.0339808545615234,10066.972009,10068.68214,10067.8270745,491.34996100001626,10491.349961000016,True,100
2019-12-31 08:31:00,9920.470774,2019-12-31 08:32:00,9921.040818,Short,9921.040818,9919.330686,SL,-0.5700440000000526,-0.005746138595499406,9921.040818,9925.316146,9923.178482,490.7799170000162,10490.779917000016,False,101
2020-01-03 08:31:00,10041.320042,2020-01-03 11:01:00,10081.223102,Long,10021.368512,10081.223102,TP,39.90306000000055,0.3973885886825372,10005.692309,10021.368512,10013.5304105,530.6829770000168,10530.682977000017,True,102
2020-01-09 08:31:00,10269.907571,2020-01-09 08:32:00,10276.178050999999,Long,10266.772331,10276.178050999999,TP,6.270479999999225,0.061056829933949015,10264.207134,10266.772331,10265.4897325,536.953457000016,10536.953457000016,True,102
2020-01-10 08:31:00,10298.979801,2020-01-10 08:32:00,10293.279364999997,Short,10301.830019,10293.279364999997,TP,5.70043600000281,0.05534952111906575,10301.830019,10302.970107,10302.400063000001,542.6538930000188,10542.653893000019,True,102
2020-01-13 08:31:00,10284.443686,2020-01-13 08:32:00,10282.733555,Long,10282.733555,10287.863948,SL,-1.7101309999998193,-0.016628327717208322,10280.738402,10282.733555,10281.7359785,540.943762000019,10540.943762000019,False,103
2020-01-17 08:31:00,10448.331254,2020-01-17 08:36:00,10434.650204000001,Short,10455.171779,10434.650204000001,TP,13.681049999999232,0.13094004839061385,10455.171779,10460.872216,10458.0219975,554.6248120000182,10554.624812000018,True,104
2020-01-21 08:31:00,10446.336101,2020-01-21 08:33:00,10456.596887000003,Long,10441.205708,10456.596887000003,TP,10.260786000002554,0.09822377818209692,10437.500424,10441.205708,10439.353066,564.8855980000208,10564.88559800002,True,104
2020-01-22 08:31:00,10507.045757,2020-01-22 08:32:00,10510.466019,Short,10510.466019,10500.205233,SL,-3.4202619999996386,-0.032552080566709184,10510.466019,10513.601259,10512.033639,561.4653360000211,10561.465336000021,False,105
2020-01-31 08:31:00,10449.471342,2020-01-31 08:33:00,10424.389420000003,Short,10462.012303,10424.389420000003,TP,25.081921999997576,0.24003053531698537,10462.012303,10464.007456,10463.0098795,586.5472580000187,10586.547258000019,True,106
2020-02-03 08:31:00,10333.467446,2020-02-03 08:32:00,10322.921637,Long,10322.921637,10354.559064000003,SL,-10.5458090000011,-0.10205489159481791,10308.1005,10322.921637,10315.5110685,576.0014490000176,10576.001449000018,False,107
2020-02-05 08:31:00,10757.864991,2020-02-05 08:39:00,10721.952237,Short,10775.821368,10721.952237,TP,35.91275400000086,0.3338278927096163,10775.821368,10779.811674,10777.816521,611.9142030000185,10611.914203000018,True,108
2020-02-06 08:31:00,10698.580445,2020-02-06 08:33:00,10706.276035,Short,10706.276035,10683.189264999997,SL,-7.695590000001175,-0.07193094485350832,10706.276035,10712.546516,10709.4112755,604.2186130000173,10604.218613000017,False,109
2020-02-10 08:31:00,10715.396735,2020-02-10 08:35:00,10737.628441000003,Long,10704.280882,10737.628441000003,TP,22.231706000002305,0.2074744085525668,10698.580445,10704.280882,10701.4306635,626.4503190000196,10626.45031900002,True,110
2020-02-12 08:31:00,10935.718631,2020-02-12 08:32:00,10930.873259,Long,10930.873259,10945.409375,SL,-4.84537199999977,-0.04430776031731801,10923.462691,10930.873259,10927.167975,621.6049470000198,10621.60494700002,False,111
2020-02-20 08:31:00,11074.239253,2020-02-20 08:34:00,11070.818991,Long,11070.818991,11081.079776999999,SL,-3.4202619999996386,-0.030884848357173547,11066.258641,11070.818991,11068.538816,618.1846850000202,10618.18468500002,False,111
2020-02-21 08:31:00,10946.264439,2020-02-21 08:32:00,10939.993958,Long,10939.993958,10958.805401000003,SL,-6.270481000001382,-0.05728420900979279,10936.288674,10939.993958,10938.141316,611.9142040000188,10611.914204000019,False,111
2020-02-25 08:31:00,10462.297325,2020-02-25 08:32:00,10452.036538,Long,10452.036538,10482.818898999998,SL,-10.260786999999254,-0.09807393807745046,10445.196014,10452.036538,10448.616276,601.6534170000195,10601.65341700002,False,111
2020-02-28 08:31:00,9393.180337,2020-02-28 08:55:00,9331.330594,Long,9331.330594,9516.879823000001,SL,-61.84974300000067,-0.658453694925592,9307.103736,9331.330594,9319.217164999998,539.8036740000189,10539.803674000019,False,111
2020-03-03 08:31:00,10106.020003,2020-03-03 08:37:00,10040.464974999997,Short,10138.797517,10040.464974999997,TP,65.5550280000025,0.6486730481489479,10138.797517,10147.633194,10143.2153555,605.3587020000214,10605.358702000021,True,112
2020-03-04 08:31:00,9992.01126,2020-03-04 08:33:00,10008.542527999998,Long,9983.745626,10008.542527999998,TP,16.531267999998818,0.16544484958875855,9971.204665,9983.745626,9977.4751455,621.8899700000202,10621.88997000002,True,112
2020-03-05 08:31:00,9970.064577,2020-03-05 08:32:00,9947.54785,Long,9947.54785,10015.098030999996,SL,-22.516726999998355,-0.22584334159622524,9938.997195,9947.54785,9943.2725225,599.3732430000218,10599.373243000022,False,113
2020-03-06 08:31:00,9595.545856,2020-03-06 08:49:00,9567.898736,Long,9567.898736,9650.840096000004,SL,-27.64712000000145,-0.2881245154251853,9560.77319,9567.898736,9564.335963,571.7261230000204,10571.72612300002,False,113
2020-03-09 08:31:00,9032.627688,2020-03-09 08:34:00,9032.057644,Short,9032.91271,9032.057644,TP,0.5700440000000526,0.00631094316836911,9032.91271,9227.012595,9129.9626525,572.2961670000204,10572.29616700002,True,114
2020-03-12 08:31:00,8558.636339,2020-03-12 08:32:00,8570.892278,Short,8570.892278,8534.124461000003,SL,-12.255938999998762,-0.14319967007069678,8570.892278,8666.374601,8618.6334395,560.0402280000217,10560.040228000022,False,115
2020-03-13 08:31:00,8807.745442,2020-03-13 08:32:00,8771.547666,Long,8771.547666,8880.140993999998,SL,-36.19777599999907,-0.4109766368517973,8690.601459,8771.547666,8731.0745625,523.8424520000226,10523.842452000023,False,115
2020-03-20 08:31:00,8441.518365,2020-03-20 08:32:00,8463.76892,Short,8463.76892,8397.017254999999,SL,-22.25055500000053,-0.26358474906902046,8463.76892,8477.176306,8470.472613,501.5918970000221,10501.591897000022,False,115
2020-03-23 08:31:00,7892.956598,2020-03-23 08:32:00,7935.1756,Short,7935.1756,7808.518594,SL,-42.21900199999982,-0.5348946427843998,7935.1756,7964.843007,7950.0093035,459.37289500002225,10459.372895000022,False,115
2020-03-25 08:31:00,8581.582758,2020-03-25 08:32:00,8601.551205,Short,8601.551205,8541.645864000002,SL,-19.968446999999287,-0.23268955812823833,8601.551205,8619.808071,8610.679638,439.40444800002297,10439.404448000023,False,115
2020-03-26 08:31:00,8654.895485,2020-03-26 08:32:00,8638.3502,Long,8638.3502,8687.986054999996,SL,-16.54528499999833,-0.1911667798724242,8592.708036,8638.3502,8615.529118,422.85916300002464,10422.859163000025,False,115
2020-03-30 08:31:00,8779.555648,2020-03-30 08:35:00,8760.728255,Long,8760.728255,8817.210433999999,SL,-18.827392999999574,-0.21444585301180355,8743.897706,8760.728255,8752.312980499999,404.03177000002506,10404.031770000025,False,115
2020-03-31 08:31:00,8936.165325,2020-03-31 08:32:00,8939.01796,Short,8939.01796,8930.460055000001,SL,-2.8526349999992817,-0.03192236150800267,8939.01796,8948.146393,8943.5821765,401.1791350000258,10401.179135000026,False,115
2020-04-02 08:31:00,8519.110045,2020-04-02 08:34:00,8555.053248999999,Long,8501.138443,8555.053248999999,TP,35.94320399999924,0.42191266235720104,8482.025786,8501.138443,8491.5821145,437.122339000025,10437.122339000025,True,116
2020-04-08 08:31:00,9291.888946,2020-04-08 08:32:00,9275.343662,Long,9275.343662,9324.979513999999,SL,-16.54528399999981,-0.17806157710399967,9270.494182,9275.343662,9272.918922,420.5770550000252,10420.577055000025,False,117
2020-04-09 08:31:00,9421.683852,2020-04-09 08:37:00,9443.649144,Short,9443.649144,9377.753267999999,SL,-21.965292000000773,-0.23313552380913377,9443.649144,9445.645989,9444.6475665,398.61176300002444,10398.611763000024,False,117
2020-04-14 08:31:00,9671.289441,2020-04-14 08:32:00,9673.001022,Short,9673.001022,9667.866279000002,SL,-1.711580999999569,-0.01769754705865357,9673.001022,9682.985245,9677.9931335,396.90018200002487,10396.900182000025,False,117
2020-04-24 08:31:00,9877.249709,2020-04-24 08:32:00,9870.118121,Long,9870.118121,9891.512885,SL,-7.1315880000001926,-0.07220216366001153,9868.977067,9870.118121,9869.547594,389.7685940000247,10389.768594000025,False,117
2020-04-27 08:31:00,10095.191046,2020-04-27 08:32:00,10101.18158,Short,10101.18158,10083.209977999999,SL,-5.99053400000048,-0.059340471841531905,10101.18158,10103.178424,10102.180002000001,383.7780600000242,10383.778060000024,False,117
2020-04-28 08:31:00,10120.294236,2020-04-28 09:00:00,10066.094166,Short,10147.394271,10066.094166,TP,54.20006999999896,0.535558243032085,10147.394271,10158.804813,10153.099542,437.97813000002316,10437.978130000023,True,118
2020-04-29 08:31:00,10095.191046,2020-04-29 08:32:00,10095.761573,Short,10095.761573,10094.049992,SL,-0.5705269999998563,-0.005651473037015137,10095.761573,10108.883695,10102.322634,437.4076030000233,10437.407603000023,False,119
2020-05-01 08:31:00,10061.815213,2020-05-01 08:43:00,10041.561502,Long,10041.561502,10102.322634999999,SL,-20.253710999999385,-0.20129281418159337,10034.715177,10041.561502,10038.138339500001,417.1538920000239,10417.153892000024,False,119
2020-05-08 08:31:00,10430.94622,2020-05-08 08:35:00,10410.407246,Short,10441.215707,10410.407246,TP,20.538973999999143,0.1969042267768412,10441.215707,10449.488349,10445.352028,437.69286600002306,10437.692866000023,True,120
2020-05-12 08:31:00,10654.592827,2020-05-12 08:33:00,10645.749658,Long,10645.749658,10672.279165,SL,-8.843168999999762,-0.08299865742020779,10634.62438,10645.749658,10640.187019,428.8496970000233,10428.849697000023,False,121
2020-05-14 08:31:00,10226.982796,2020-05-14 08:32:00,10204.161714,Long,10204.161714,10272.624960000001,SL,-22.821082000000388,-0.22314579436787768,10196.459599,10204.161714,10200.3106565,406.0286150000229,10406.028615000023,False,121
2020-05-15 08:31:00,10245.524926,2020-05-15 08:34:00,10234.684911,Long,10234.684911,10267.204956,SL,-10.840014999999767,-0.10580243646170957,10230.976486,10234.684911,10232.8306985,395.18860000002314,10395.188600000023,False,121
2020-05-20 08:31:00,10745.306629,2020-05-20 08:32:00,10758.999277,Long,10738.460305,10758.999277,TP,13.69264800000019,0.1274291043779593,10731.043453,10738.460305,10734.751879,408.88124800002333,10408.881248000023,True,122
2020-05-27 08:31:00,10705.369735,2020-05-27 08:33:00,10689.394978,Long,10689.394978,10737.319249,SL,-15.974756999999954,-0.1492219082146438,10689.109714,10689.394978,10689.252346000001,392.9064910000234,10392.906491000023,False,123
2020-05-28 08:31:00,10734.466615,2020-05-28 08:33:00,10726.7645,Long,10726.7645,10749.870845,SL,-7.702115000000049,-0.07175125952916338,10713.07185,10726.7645,10719.918174999999,385.20437600002333,10385.204376000023,False,123
2020-05-29 08:31:00,10764.419286,2020-05-29 08:32:00,10765.56034,Short,10765.56034,10762.137178,SL,-1.1410539999997127,-0.010600237408846995,10765.56034,10771.550874,10768.555607,384.0633220000236,10384.063322000024,False,123
2020-06-02 08:31:00,10929.016342,2020-06-02 08:32:00,10946.702681,Short,10946.702681,10893.643664000001,SL,-17.68633899999986,-0.1618291934657614,10946.702681,10956.972168,10951.837424500001,366.37698300002376,10366.376983000024,False,123
2020-06-09 08:31:00,11267.624152,2020-06-09 08:33:00,11253.360975,Long,11253.360975,11296.150506000002,SL,-14.263177000000724,-0.12658548783302304,11249.082022,11253.360975,11251.2214985,352.11380600002303,10352.113806000023,False,123
2020-06-15 08:31:00,10889.655425,2020-06-15 08:32:00,10872.230605,Long,10872.230605,10924.505065000001,SL,-17.42482000000018,-0.1600125928686139,10867.66016,10872.230605,10869.9453825,334.68898600002285,10334.688986000023,False,123
2020-06-17 08:31:00,11418.970033,2020-06-17 08:32:00,11408.686532999998,Short,11424.111783,11408.686532999998,TP,10.283500000001368,0.09005628327496083,11424.111783,11425.8257,11424.9687415,344.9724860000242,10344.972486000024,True,124
2020-06-19 08:31:00,11528.089397,2020-06-19 08:32:00,11528.660702,Short,11528.660702,11526.946787,SL,-0.5713049999994837,-0.0049557648307980385,11528.660702,11538.65855,11533.659626,344.40118100002474,10344.401181000025,False,125
2020-06-23 08:31:00,11625.782649,2020-06-23 08:32:00,11628.639177,Short,11628.639177,11620.069593000004,SL,-2.856527999998434,-0.02457062966203088,11628.639177,11632.638316,11630.6387465,341.5446530000263,10341.544653000026,False,125
2020-06-24 08:31:00,11634.637885,2020-06-24 08:36:00,11654.633579000001,Long,11624.640038,11654.633579000001,TP,19.995694000001095,0.17186348382858238,11618.355676,11624.640038,11621.497856999998,361.5403470000274,10361.540347000027,True,126
2020-06-25 08:31:00,11439.537034,2020-06-25 08:32:00,11430.681797,Long,11430.681797,11457.247508000004,SL,-8.85523700000158,-0.07740905050337703,11423.826131,11430.681797,11427.253964,352.6851100000258,10352.685110000026,False,127
2020-07-06 08:31:00,11976.278614,2020-07-06 08:36:00,11992.275170000003,Long,11968.280336,11992.275170000003,TP,15.996556000001874,0.13356866949723648,11963.995545,11968.280336,11966.1379405,368.6816660000277,10368.681666000028,True,128
2020-07-16 08:31:00,12098.538006,2020-07-16 08:32:00,12092.539297,Long,12092.539297,12110.535424000003,SL,-5.998709000001327,-0.04958209824217108,12082.827103,12092.539297,12087.6832,362.68295700002636,10362.682957000026,False,129
2020-07-21 08:31:00,12531.873279,2020-07-21 08:34:00,12558.724641,Short,12558.724641,12478.170554999997,SL,-26.851362000001245,-0.21426455089517066,12558.724641,12567.008571,12562.866606,335.8315950000251,10335.831595000025,False,129
2020-07-23 08:31:00,12377.04947,2020-07-23 08:32:00,12378.192081,Short,12378.192081,12374.764248000001,SL,-1.142610999999306,-0.009231691307114941,12378.192081,12381.905567,12380.048824,334.6889840000258,10334.688984000026,False,129
2020-07-24 08:31:00,11888.297557,2020-07-24 08:32:00,11888.297557,Short,11888.297557,11888.297557,SL,0.0,0.0,11888.297557,11898.009752,11893.1536545,334.6889840000258,10334.688984000026,False,129
2020-07-30 08:31:00,12082.255797,2020-07-30 08:32:00,12077.114047,Long,12077.114047,12092.539297000001,SL,-5.141750000000684,-0.04255620876092832,12076.542742,12077.114047,12076.8283945,329.5472340000251,10329.547234000025,False,129
2020-07-31 08:31:00,12402.758221,2020-07-31 08:35:00,12365.623359000001,Short,12421.325652,12365.623359000001,TP,37.134861999998975,0.2994080940570403,12421.325652,12447.605708,12434.46568,366.6820960000241,10366.682096000024,True,130
2020-08-04 08:31:00,12603.85778,2020-08-04 08:35:00,12619.854334000001,Long,12595.859503,12619.854334000001,TP,15.996554000001197,0.1269179189357784,12591.574711,12595.859503,12593.717107,382.6786500000253,10382.678650000025,True,130
2020-08-05 08:31:00,12646.705698,2020-08-05 08:35:00,12666.987046,Short,12666.987046,12606.143001999999,SL,-20.281348000000435,-0.16036862471788055,12666.987046,12681.555338,12674.271192,362.39730200002487,10362.397302000025,False,131
2020-08-06 08:31:00,12696.980588,2020-08-06 08:32:00,12691.267532,Long,12691.267532,12708.406700000001,SL,-5.713056000000506,-0.04499539052142801,12684.411866,12691.267532,12687.839699,356.68424600002436,10356.684246000024,False,131
2020-08-12 08:31:00,12549.869404,2020-08-12 08:48:00,12584.719041999999,Long,12532.444585,12584.719041999999,TP,34.849637999999686,0.27768924821554014,12523.018043,12532.444585,12527.731314,391.53388400002405,10391.533884000024,True,132
2020-08-26 08:31:00,13458.245257,2020-08-26 08:33:00,13447.961757,Long,13447.961757,13478.812257000003,SL,-10.283500000001368,-0.07641040717884555,13447.676104,13447.961757,13447.8189305,381.2503840000227,10381.250384000023,False,133
2020-08-27 08:31:00,13703.906651,2020-08-27 08:32:00,13693.051844999996,Short,13709.334054,13693.051844999996,TP,10.854806000003009,0.07920957341905795,13709.334054,13717.617985,13713.476019500002,392.1051900000257,10392.105190000026,True,134
2020-09-01 08:31:00,13900.435766,2020-09-01 08:42:00,13925.858864,Short,13925.858864,13849.589570000002,SL,-25.4230979999993,-0.18289425186355196,13925.858864,13930.714961,13928.2869125,366.6820920000264,10366.682092000026,False,135
2020-09-02 08:31:00,14167.235466,2020-09-02 08:37:00,14132.385826,Short,14184.660286,14132.385826,TP,34.84964000000036,0.24598758228898038,14184.660286,14199.799884,14192.230085,401.53173200002675,10401.531732000027,True,136
2020-09-04 08:31:00,13453.960465,2020-09-04 08:42:00,13402.257311,Long,13402.257311,13557.366773000002,SL,-51.70315400000072,-0.38429690747571793,13390.545547,13402.257311,13396.401429,349.828578000026,10349.828578000026,False,137
2020-09-07 08:31:00,13110.605819,2020-09-07 08:34:00,13106.60668,Long,13106.60668,13118.604097,SL,-3.999138999999559,-0.030503083192417953,13092.038388,13106.60668,13099.322534,345.82943900002647,10345.829439000026,False,137
2020-09-23 08:31:00,12735.735064,2020-09-23 08:33:00,12715.145124000002,Short,12746.030034,12715.145124000002,TP,20.589939999998023,0.16167060555616802,12746.030034,12750.319604,12748.174819,366.4193790000245,10366.419379000024,True,138
2020-09-24 08:31:00,12321.076575,2020-09-24 08:32:00,12309.351748,Long,12309.351748,12344.526229,SL,-11.724827000000005,-0.09516073476720524,12261.594529,12309.351748,12285.4731385,354.6945520000245,10354.694552000024,False,139
2020-09-28 08:31:00,12941.920424,2020-09-28 08:32:00,12945.638052,Short,12945.638052,12934.485168,SL,-3.7176280000003317,-0.0287254741043394,12945.638052,12972.519361,12959.0787065,350.97692400002416,10350.976924000024,False,139
2020-09-30 08:31:00,12972.519361,2020-09-30 08:32:00,12985.102103000003,Long,12966.22799,12985.102103000003,TP,12.582742000002327,0.09699536111567131,12953.931221,12966.22799,12960.0796055,363.5596660000265,10363.559666000026,True,140
2020-10-02 08:31:00,13001.402469,2020-10-02 08:36:00,12978.52476,Long,12978.52476,13047.157887000001,SL,-22.877709000000323,-0.17596339359964414,12947.35388,12978.52476,12962.939320000001,340.68195700002616,10340.681957000026,False,141
2020-10-05 08:31:00,12977.666845,2020-10-05 08:35:00,12967.371876,Long,12967.371876,12998.256783,SL,-10.294969000000492,-0.07932835018003956,12959.364678,12967.371876,12963.368277,330.38698800002567,10330.386988000026,False,141
2020-10-06 08:31:00,13121.224474,2020-10-06 08:33:00,13113.789219,Long,13113.789219,13136.094984000001,SL,-7.435255000000325,-0.05666586235707992,13096.916908,13113.789219,13105.353063499999,322.95173300002534,10322.951733000025,False,141
2020-10-07 08:31:00,13054.021202,2020-10-07 09:03:00,13033.145292,Long,13033.145292,13095.773022000001,SL,-20.87591000000066,-0.1599193817519024,13025.138093,13033.145292,13029.1416925,302.0758230000247,10302.075823000025,False,141
2020-10-12 08:31:00,13593.649181,2020-10-12 08:32:00,13602.228322,Short,13602.228322,13576.490899,SL,-8.579141000000163,-0.0631113903689035,13602.228322,13624.248118,13613.23822,293.4966820000245,10293.496682000025,False,141
2020-10-13 08:31:00,13881.05041,2020-10-13 08:32:00,13859.888528,Short,13891.631351,13859.888528,TP,21.161882000000332,0.15245158957678862,13891.631351,13896.492865,13894.062108,314.65856400002485,10314.658564000025,True,142
2020-10-14 08:31:00,13819.566565,2020-10-14 08:34:00,13831.577363,Short,13831.577363,13795.544968999997,SL,-12.01079800000116,-0.08691153911020769,13831.577363,13850.165502,13840.8714325,302.6477660000237,10302.647766000024,False,143
2020-10-16 08:31:00,13659.708568,2020-10-16 08:35:00,13676.294908,Short,13676.294908,13626.535888,SL,-16.586339999999836,-0.12142528456907146,13676.294908,13682.300307,13679.2976075,286.06142600002386,10286.061426000024,False,143
2020-10-22 08:31:00,13401.76239,2020-10-22 08:32:00,13393.183249,Long,13393.183249,13418.920672,SL,-8.579141000000163,-0.06401502093785565,13369.733597,13393.183249,13381.458423,277.4822850000237,10277.482285000024,False,143
2020-10-23 08:31:00,13326.265948,2020-10-23 08:40:00,13277.650814,Short,13350.573515,13277.650814,TP,48.61513399999967,0.3648068723054098,13350.573515,13355.149057,13352.861286,326.09741900002336,10326.097419000023,True,144
2020-10-26 08:31:00,13262.208361,2020-10-26 08:32:00,13277.650815,Long,13254.487134,13277.650815,TP,15.442453999999998,0.11643953691310881,13242.476336,13254.487134,13248.481735000001,341.53987300002336,10341.539873000023,True,144
2020-10-29 08:31:00,12840.400587,2020-10-29 08:32:00,12835.253102,Long,12835.253102,12850.695557,SL,-5.147484999999506,-0.040088196354333146,12808.371793,12835.253102,12821.8124475,336.39238800002386,10336.392388000024,False,145
2020-11-05 08:31:00,13724.62407,2020-11-05 08:35:00,13743.212209,Short,13743.212209,13687.447792,SL,-18.5881389999995,-0.1354364163651697,13743.212209,13758.08272,13750.6474645,317.80424900002436,10317.804249000024,False,145
2020-11-06 08:31:00,13745.49998,2020-11-06 08:32:00,13712.3273,Short,13762.08632,13712.3273,TP,33.17267999999967,0.24133483720684326,13762.08632,13764.374091,13763.2302055,350.97692900002403,10350.976929000024,True,146
2020-11-10 08:31:00,13425.498014,2020-11-10 08:35:00,13388.893679,Long,13388.893679,13498.706684,SL,-36.60433499999999,-0.27264787467719476,13377.740795,13388.893679,13383.317237,314.37259400002404,10314.372594000024,False,147
2020-11-19 08:31:00,13583.926155,2020-11-19 08:32:00,13582.496298,Long,13582.496298,13586.785868999998,SL,-1.4298569999991741,-0.01052609520755433,13580.494498,13582.496298,13581.495398,312.94273700002486,10312.942737000025,False,147
2020-11-20 08:31:00,13689.16362,2020-11-20 08:34:00,13702.032331,Short,13702.032331,13663.426197999997,SL,-12.868711000000985,-0.09400655406879406,13702.032331,13707.179816,13704.6060735,300.0740260000239,10300.074026000024,False,147
2020-11-23 08:31:00,13694.597076,2020-11-23 08:36:00,13679.726564,Long,13679.726564,13724.338099999999,SL,-14.870511999999508,-0.10858670698724184,13670.861452,13679.726564,13675.294008,285.20351400002437,10285.203514000024,False,147
2020-11-24 08:31:00,13663.140225,2020-11-24 08:32:00,13657.420798999996,Short,13665.999938,13657.420798999996,TP,5.7194260000032955,0.041860259836448366,13665.999938,13668.001738,13667.000838,290.92294000002767,10290.922940000028,True,148
2020-11-26 08:31:00,13958.548652,2020-11-26 08:35:00,13955.97491,Long,13955.97491,13963.696135999997,SL,-2.573741999998674,-0.018438464228370224,13955.116996,13955.97491,13955.545953,288.349198000029,10288.349198000029,False,149
2020-11-30 08:31:00,14056.350862,2020-11-30 08:33:00,14067.789717999996,Long,14050.631434,14067.789717999996,TP,11.438855999997031,0.0813785605688094,14042.624236,14050.631434,14046.627835,299.788054000026,10299.788054000026,True,150
2020-12-01 08:31:00,14144.430044,2020-12-01 08:33:00,14133.563132000003,Short,14149.8635,14133.563132000003,TP,10.866911999997683,0.07682820704823928,14149.8635,14156.726813,14153.2951565,310.6549660000237,10310.654966000024,True,150
2020-12-03 08:31:00,14285.127959,2020-12-03 08:32:00,14273.689105,Long,14273.689105,14308.005667,SL,-11.438853999999992,-0.08007526451867181,14260.820393,14273.689105,14267.254749,299.2161120000237,10299.216112000024,False,151
2020-12-09 08:31:00,14419.820476,2020-12-09 08:44:00,14438.122644,Short,14438.122644,14383.216140000004,SL,-18.302167999998346,-0.1269236883389778,14438.122644,14447.273728,14442.698186,280.91394400002537,10280.913944000025,False,151
2020-12-11 08:31:00,14114.974993,2020-12-11 08:32:00,14113.831107,Long,14113.831107,14117.262765,SL,-1.1438859999998385,-0.008104059699483156,14105.537938,14113.831107,14109.6845225,279.77005800002553,10279.770058000026,False,151
2020-12-14 08:31:00,14231.937284,2020-12-14 08:32:00,14242.804195999997,Long,14226.503828,14242.804195999997,TP,10.866911999997683,0.07635581708341713,14211.919288,14226.503828,14219.211557999999,290.6369700000232,10290.636970000023,True,152
2020-12-21 08:31:00,14424.304895,2020-12-21 08:48:00,14396.86596,Long,14396.86596,14479.182765,SL,-27.43893500000013,-0.19022708684916584,14389.14876,14396.86596,14393.00736,263.1980350000231,10263.198035000023,False,153
2020-12-22 08:31:00,14514.624721,2020-12-22 08:39:00,14526.343432,Short,14526.343432,14491.187299000001,SL,-11.71871099999953,-0.08073726482948404,14526.343432,14539.777077,14533.0602545,251.47932400002355,10251.479324000024,False,153
2020-12-24 08:31:00,14490.329831,2020-12-24 08:34:00,14502.334364999999,Long,14484.327564,14502.334364999999,TP,12.004533999999694,0.08284513975877693,14475.752897,14484.327564,14480.040230499999,263.48385800002325,10263.483858000023,True,154
2021-01-04 08:31:00,14768.434865,2021-01-04 08:33:00,14755.858686999996,Short,14774.722954,14755.858686999996,TP,12.576178000002983,0.08515579419866293,14774.722954,14786.155844,14780.439399,276.06003600002623,10276.060036000026,True,154
2021-01-05 08:31:00,14498.332853,2021-01-05 08:35:00,14522.341918999999,Long,14486.32832,14522.341918999999,TP,24.00906599999871,0.16559880534837318,14464.60583,14486.32832,14475.467075,300.06910200002494,10300.069102000025,True,154
2021-01-07 08:31:00,14577.21979,2021-01-07 08:36:00,14615.519969999998,Long,14558.0697,14615.519969999998,TP,38.30017999999836,0.26273995008480533,14552.639078,14558.0697,14555.354389,338.3692820000233,10338.369282000023,True,154
2021-01-12 08:31:00,14767.863221,2021-01-12 08:35:00,14787.870777,Long,14757.859443,14787.870777,TP,20.007556000000477,0.13548037180862835,14753.286287,14757.859443,14755.572865,358.3768380000238,10358.376838000024,True,154
2021-01-13 08:31:00,14759.860198,2021-01-13 08:32:00,14756.144509,Long,14756.144509,14767.291576000001,SL,-3.715689000000566,-0.02517428315821075,14738.709353,14756.144509,14747.426931,354.6611490000232,10354.661149000023,False,155
2021-01-25 08:31:00,15448.405961,2021-01-25 08:33:00,15459.267205,Long,15442.975339,15459.267205,TP,10.861243999999715,0.07030656772886003,15432.685739,15442.975339,15437.830539,365.52239300002293,10365.522393000023,True,156
2021-01-26 08:31:00,15436.68725,2021-01-26 08:32:00,15432.685739,Long,15432.685739,15444.690272000002,SL,-4.0015110000003915,-0.02592208376833178,15430.970805,15432.685739,15431.828272,361.52088200002254,10361.520882000023,False,157
2021-01-27 08:31:00,15226.607907,2021-01-27 08:32:00,15185.449504999999,Short,15247.187108,15185.449504999999,TP,41.15840200000093,0.2703057847905805,15247.187108,15307.209778,15277.198443000001,402.6792840000235,10402.679284000023,True,158
2021-02-03 08:31:00,15427.826761,2021-02-03 08:35:00,15460.410495,Short,15460.410495,15362.659293,SL,-32.58373399999982,-0.21120106224143143,15460.410495,15469.556807,15464.983651,370.09555000002365,10370.095550000024,False,159
2021-02-05 08:31:00,15516.717476,2021-02-05 08:32:00,15529.007832,Short,15529.007832,15492.136764,SL,-12.29035599999952,-0.07920719068971414,15529.007832,15536.725032,15532.866431999999,357.80519400002413,10357.805194000024,False,159
2021-02-09 08:31:00,15616.183613,2021-02-09 08:32:00,15613.611213,Long,15613.611213,15621.328412999997,SL,-2.5723999999991065,-0.0164726546751004,15602.464146,15613.611213,15608.037679500001,355.232794000025,10355.232794000025,False,159
2021-02-10 08:31:00,15720.222907,2021-02-10 08:32:00,15720.222907,Long,15720.222907,15720.222907,SL,0.0,0.0,15713.077351,15720.222907,15716.650129,355.232794000025,10355.232794000025,False,159
2021-02-11 08:31:00,15699.072061,2021-02-11 08:32:00,15691.640683,Long,15691.640683,15713.934817000003,SL,-7.431378000001132,-0.04733641562460455,15691.354861,15691.640683,15691.497771999999,347.8014160000239,10347.801416000024,False,159
2021-02-22 08:31:00,15321.786712,2021-02-22 08:33:00,15312.926222,Long,15312.926222,15339.507691999997,SL,-8.860489999999118,-0.05782935219336787,15310.925467,15312.926222,15311.9258445,338.9409260000248,10338.940926000025,False,159
2021-02-25 08:31:00,15106.848391,2021-02-25 08:35:00,15162.869549,Long,15078.837812,15162.869549,TP,56.02115799999956,0.3708328603693046,15070.548967,15078.837812,15074.6933895,394.96208400002433,10394.962084000024,True,160
2021-03-03 08:31:00,14905.343716,2021-03-03 08:35:00,14893.05336,Long,14893.05336,14929.924427999998,SL,-12.29035599999952,-0.08245603881517038,14882.192115,14893.05336,14887.6227375,382.6717280000248,10382.671728000025,False,161
2021-03-04 08:31:00,14508.336632,2021-03-04 08:32:00,14516.911300000002,Long,14504.049298,14516.911300000002,TP,8.574668000001111,0.05910166146192513,14480.326053,14504.049298,14492.187675500001,391.2463960000259,10391.246396000026,True,162
2021-03-05 08:31:00,14360.852359,2021-03-05 08:34:00,14324.838759000002,Short,14378.859159,14324.838759000002,TP,36.013599999998405,0.2507762011593173,14378.859159,14385.433071,14382.146115,427.25999600002433,10427.259996000024,True,162
2021-03-08 08:31:00,14398.295071,2021-03-08 08:34:00,14337.129113000003,Short,14428.87805,14337.129113000003,TP,61.16595799999777,0.42481389427275873,14428.87805,14438.881829,14433.879939499999,488.4259540000221,10488.425954000022,True,162
2021-03-10 08:31:00,14798.160378,2021-03-10 08:32:00,14810.450734,Short,14810.450734,14773.579666000001,SL,-12.29035599999952,-0.0830532693663142,14810.450734,14825.885134,14818.167934000001,476.1355980000226,10476.135598000023,False,163
2021-03-15 08:31:00,14788.442422,2021-03-15 08:32:00,14782.725977999999,Short,14791.300644,14782.725977999999,TP,5.716444000001502,0.038654807834917385,14791.300644,14802.161889,14796.7312665,481.8520420000241,10481.852042000024,True,164
2021-03-16 08:31:00,15042.274106,2021-03-16 08:32:00,15044.276196,Short,15044.276196,15038.269926,SL,-2.002089999999953,-0.013309756130566505,15044.276196,15052.856582,15048.566389,479.84995200002413,10479.849952000024,False,165
2021-03-18 08:31:00,14862.37202,2021-03-18 08:33:00,14877.244688,Long,14854.935686,14877.244688,TP,14.872667999999976,0.10006927548298562,14850.073467,14854.935686,14852.5045765,494.7226200000241,10494.722620000024,True,166
2021-03-19 08:31:00,14669.313343,2021-03-19 08:36:00,14641.856109,Long,14641.856109,14724.227810999999,SL,-27.457233999999517,-0.18717463699895498,14631.845659,14641.856109,14636.850884,467.2653860000246,10467.265386000025,False,167
2021-03-22 08:31:00,14824.904336,2021-03-22 08:32:00,14849.501441999997,Long,14812.605783,14849.501441999997,TP,24.59710599999744,0.16591746862249324,14800.593243,14812.605783,14806.599513000001,491.86249200002203,10491.862492000022,True,168
2021-03-23 08:31:00,14979.351278,2021-03-23 08:35:00,14995.940024,Short,14995.940024,14946.173786000001,SL,-16.588745999999446,-0.11074408825943714,14995.940024,15000.802242,14998.371133,475.2737460000226,10475.273746000023,False,169
2021-03-24 08:31:00,14931.301118,2021-03-24 08:32:00,14937.307388,Short,14937.307388,14919.288578,SL,-6.0062699999998586,-0.04022603222942958,14937.307388,14951.322018,14944.314703,469.2674760000227,10469.267476000023,False,169
2021-04-14 08:31:00,15979.824246,2021-04-14 08:33:00,15965.523602000001,Short,15986.974568,15965.523602000001,TP,14.30064399999901,0.0894918728757526,15986.974568,15996.412992,15991.69378,483.56812000002174,10483.568120000022,True,170
2021-04-15 08:31:00,15953.511064,2021-04-15 08:39:00,15979.824247999999,Long,15940.354472,15979.824247999999,TP,26.313183999998728,0.16493663303607137,15938.638395,15940.354472,15939.4964335,509.88130400002046,10509.88130400002,True,170
2021-04-16 08:31:00,16006.137429,2021-04-16 09:10:00,16037.026817,Short,16037.026817,15944.358653000001,SL,-30.8893879999996,-0.19298464815149,16037.026817,16057.905756,16047.4662865,478.99191600002086,10478.99191600002,False,171
2021-04-20 08:31:00,15896.308493,2021-04-20 08:32:00,15886.870068,Long,15886.870068,15915.185343000001,SL,-9.43842500000028,-0.05937494861877225,15873.141451,15886.870068,15880.0057595,469.5534910000206,10469.55349100002,False,171
2021-04-21 08:31:00,15745.007692,2021-04-21 08:32:00,15736.141293,Long,15736.141293,15762.740489999996,SL,-8.866398999998637,-0.05631244629053839,15731.851101,15736.141293,15733.996197,460.68709200002195,10460.687092000022,False,171
2021-04-23 08:31:00,15802.210263,2021-04-23 08:47:00,15776.469106,Long,15776.469106,15853.692577000002,SL,-25.741157000000385,-0.16289592766824446,15765.028592,15776.469106,15770.748849,434.94593500002156,10434.945935000022,False,171
2021-04-26 08:31:00,15950.650935,2021-04-26 08:32:00,15944.644665,Long,15944.644665,15962.663475,SL,-6.0062699999998586,-0.03765532845321374,15941.784537,15944.644665,15943.214601,428.9396650000217,10428.939665000022,False,171
2021-04-27 08:31:00,16031.592573,2021-04-27 08:34:00,16039.31492,Short,16039.31492,16016.147878999998,SL,-7.722347000000809,-0.04816955623614456,16039.31492,16042.461062,16040.887991,421.2173180000209,10421.21731800002,False,171
2021-05-05 08:31:00,15608.57956,2021-05-05 08:32:00,15621.164126000001,Long,15602.287277,15621.164126000001,TP,12.58456600000136,0.08062595287178943,15595.708981,15602.287277,15598.998129,433.80188400002226,10433.801884000022,True,172
2021-05-06 08:31:00,15394.641944,2021-05-06 08:37:00,15416.950947,Short,15416.950947,15350.023938000004,SL,-22.309002999998484,-0.1449140751772621,15416.950947,15420.669114,15418.8100305,411.4928810000238,10411.492881000024,False,173
2021-05-07 08:31:00,15642.043064,2021-05-07 08:32:00,15659.203835,Short,15659.203835,15607.721521999998,SL,-17.16077100000075,-0.10970926834676788,15659.203835,15685.231005,15672.21742,394.332110000023,10394.332110000023,False,173
2021-05-10 08:31:00,15564.247567,2021-05-10 08:34:00,15522.489689,Short,15585.126506,15522.489689,TP,41.757878000000346,0.26829358644061424,15585.126506,15613.727791,15599.427148499999,436.08998800002337,10436.089988000023,True,174
2021-05-11 08:31:00,15026.257386,2021-05-11 08:34:00,15003.948384,Long,15003.948384,15070.87539,SL,-22.309001999999964,-0.1484667900124306,15003.090345,15003.948384,15003.5193645,413.7809860000234,10413.780986000023,False,175
2021-05-12 08:31:00,15054.286646,2021-05-12 08:32:00,15053.142595,Long,15053.142595,15056.574748000003,SL,-1.1440510000011272,-0.0075995032305639495,15031.119605,15053.142595,15042.131099999999,412.6369350000223,10412.636935000022,False,175
2021-05-13 08:31:00,15055.71671,2021-05-13 08:33:00,15045.70626,Long,15045.70626,15075.73761,SL,-10.010449999999764,-0.06648936209958592,15015.102885,15045.70626,15030.4045725,402.6264850000225,10402.626485000023,False,175
2021-05-17 08:31:00,15191.572817,2021-05-17 08:35:00,15218.458025,Short,15218.458025,15137.802401,SL,-26.885207999999693,-0.1769744866042707,15218.458025,15229.326514,15223.8922695,375.7412770000228,10375.741277000023,False,175
2021-05-19 08:31:00,14886.111087,2021-05-19 08:36:00,14927.296938999998,Long,14865.518161,14927.296938999998,TP,41.185851999998704,0.2766730125772486,14858.36784,14865.518161,14861.9430005,416.9271290000215,10416.927129000022,True,176
2021-05-20 08:31:00,15237.620886,2021-05-20 08:36:00,15273.658504000003,Long,15219.602077,15273.658504000003,TP,36.03761800000211,0.236504230349455,15209.591627,15219.602077,15214.596851999999,452.96474700002364,10452.964747000024,True,176
2021-05-26 08:31:00,15668.070234,2021-05-26 08:32:00,15669.214286,Long,15667.498208,15669.214286,TP,1.1440519999996468,0.007301805410069154,15659.489848,15667.498208,15663.494028000001,454.1087990000233,10454.108799000023,True,176
2021-06-02 08:31:00,15623.738241,2021-06-02 08:32:00,15628.314447,Short,15628.314447,15614.585828999996,SL,-4.576206000001548,-0.029290083649715876,15628.314447,15634.320717,15631.317582,449.53259300002173,10449.532593000022,False,177
2021-06-04 08:31:00,15602.859303,2021-06-04 08:40:00,15645.189204999997,Long,15581.694352,15645.189204999997,TP,42.329901999997674,0.2712958001989982,15575.688082,15581.694352,15578.691217,491.8624950000194,10491.86249500002,True,178
2021-06-08 08:31:00,15869.709297,2021-06-08 08:33:00,15877.431644,Short,15877.431644,15854.264602999998,SL,-7.722347000000809,-0.04866092286555392,15877.431644,15877.717657,15877.574650499999,484.1401480000186,10484.140148000019,False,179
2021-06-11 08:31:00,15967.239681,2021-06-11 08:32:00,15967.525694,Short,15967.525694,15966.667654999997,SL,-0.2860130000008212,-0.0017912488677749262,15967.525694,15970.671835,15969.098764499999,483.8541350000178,10483.854135000018,False,179
2021-06-14 08:31:00,15992.092851,2021-06-14 08:38:00,16006.688877,Short,16006.688877,15962.900798999997,SL,-14.596026000001075,-0.09127026797551625,16006.688877,16031.301783,16018.995330000002,469.2581090000167,10469.258109000017,False,179
2021-06-15 08:31:00,16114.012597,2021-06-15 08:42:00,16137.19452,Short,16137.19452,16067.648751000004,SL,-23.181922999998278,-0.14386188952287485,16137.19452,16150.931956,16144.063237999999,446.0761860000184,10446.076186000018,False,179
2021-06-17 08:31:00,15977.496825,2021-06-17 08:32:00,15983.793149,Long,15974.348663,15983.793149,TP,6.296323999999004,0.03940744954583337,15955.459688,15974.348663,15964.9041755,452.3725100000174,10452.372510000017,True,180
2021-06-28 08:31:00,16526.708074,2021-06-28 09:12:00,16577.078671999992,Long,16501.522775,16577.078671999992,TP,50.37059799999406,0.3047830080525089,16478.054655,16501.522775,16489.788715000002,502.7431080000115,10502.743108000011,True,180
2021-06-29 08:31:00,16573.358118,2021-06-29 08:34:00,16593.391879,Short,16593.391879,16533.290596000003,SL,-20.033760999998776,-0.12087931038092094,16593.391879,16604.553546,16598.9727125,482.7093470000127,10482.709347000013,False,181
2021-07-05 08:31:00,16828.645473,2021-07-05 08:32:00,16829.790259,Short,16829.790259,16826.355901,SL,-1.1447860000007495,-0.006802603345809693,16829.790259,16832.366028,16831.078143500003,481.56456100001196,10481.564561000012,False,181
2021-07-06 08:31:00,16901.625602,2021-07-06 08:42:00,16892.753508,Long,16892.753508,16919.369789999997,SL,-8.87209399999847,-0.05249254840285078,16876.726499,16892.753508,16884.740003500003,472.6924670000135,10472.692467000013,False,181
2021-07-13 08:31:00,17017.249023,2021-07-13 08:32:00,17030.986459000003,Long,17010.380305,17030.986459000003,TP,13.737436000003072,0.08072653800526729,17007.518339,17010.380305,17008.949322,486.42990300001657,10486.429903000017,True,182
2021-07-15 08:31:00,17010.094109,2021-07-15 08:39:00,16945.413681,Short,17042.434323,16945.413681,TP,64.68042799999967,0.3802473260026081,17042.434323,17047.585861,17045.010092,551.1103310000162,10551.110331000016,True,182
2021-07-16 08:31:00,17010.666502,2021-07-16 08:40:00,16991.205134,Long,16991.205134,17049.589238,SL,-19.46136800000022,-0.11440685171102546,16988.056971,16991.205134,16989.6310525,531.648963000016,10531.648963000016,False,183
2021-07-22 08:31:00,17017.821416,2021-07-22 08:42:00,17038.42757,Long,17007.518339,17038.42757,TP,20.60615400000097,0.1210857341623485,16991.49133,17007.518339,16999.5048345,552.255117000017,10552.255117000017,True,184
2021-07-23 08:31:00,17131.727658,2021-07-23 08:32:00,17135.162017,Short,17135.162017,17124.858940000002,SL,-3.434358999998949,-0.020046775599979885,17135.162017,17152.333812,17143.7479145,548.820758000018,10548.820758000018,False,185
2021-07-26 08:31:00,17240.482361,2021-07-26 08:32:00,17229.034498999998,Short,17246.206292,17229.034498999998,TP,11.447862000000896,0.06640105398615359,17246.206292,17256.795566,17251.500929,560.2686200000189,10560.268620000019,True,186
2021-07-27 08:31:00,17273.108771,2021-07-27 08:33:00,17254.792189,Short,17282.267062,17254.792189,TP,18.31658199999947,0.10604102737285699,17282.267062,17290.85296,17286.560011,578.5852020000184,10578.585202000018,True,186
2021-07-28 08:31:00,17186.677402,2021-07-28 08:32:00,17183.815436,Long,17183.815436,17192.401334000002,SL,-2.8619660000003933,-0.01665223552556673,17173.226163,17183.815436,17178.520799500002,575.723236000018,10575.723236000018,False,187
2021-07-30 08:31:00,17063.040477,2021-07-30 08:32:00,17049.303041,Long,17049.303041,17090.515348999998,SL,-13.737435999999434,-0.08050989516503058,17027.5521,17049.303041,17038.4275705,561.9858000000186,10561.985800000019,False,187
2021-08-03 08:31:00,17138.023983,2021-08-03 08:39:00,17150.330436,Short,17150.330436,17113.411076999997,SL,-12.306453000001056,-0.0718078876083287,17150.330436,17151.761419,17151.0459275,549.6793470000175,10549.679347000018,False,187
2021-08-05 08:31:00,17271.391592,2021-08-05 08:34:00,17283.984242,Short,17283.984242,17246.206292000003,SL,-12.592649999998685,-0.07291045387351139,17283.984242,17285.701421,17284.8428315,537.0866970000188,10537.086697000019,False,187
2021-08-09 08:31:00,17323.765567,2021-08-09 08:34:00,17316.038259,Long,17316.038259,17339.220182999994,SL,-7.72730799999772,-0.04460524457059989,17305.162789,17316.038259,17310.600524,529.3593890000211,10529.359389000021,False,187
2021-08-17 08:31:00,17148.32706,2021-08-17 08:34:00,17169.505607,Short,17169.505607,17105.969966,SL,-21.178546999999526,-0.12350211729633016,17169.505607,17190.970351,17180.237978999998,508.1808420000216,10508.180842000022,False,187
2021-08-19 08:31:00,16969.454193,2021-08-19 08:37:00,16939.403552,Long,16939.403552,17029.555475000005,SL,-30.050641000001633,-0.17708666795186434,16915.363038,16939.403552,16927.383295,478.13020100001995,10478.13020100002,False,187
2021-08-23 08:31:00,17342.082149,2021-08-23 08:36:00,17358.109159000007,Long,17334.068644,17358.109159000007,TP,16.027010000005248,0.09241687279707307,17317.469242,17334.068644,17325.768943,494.1572110000252,10494.157211000025,True,188
2021-08-24 08:31:00,17567.605059,2021-08-24 08:32:00,17563.884503,Long,17563.884503,17575.046171,SL,-3.720556000000215,-0.021178504340830167,17562.45352,17563.884503,17563.169011500002,490.436655000025,10490.436655000025,False,189
2021-08-26 08:31:00,17573.615187,2021-08-26 08:32:00,17571.325614,Long,17571.325614,17578.194332999996,SL,-2.2895729999981995,-0.013028468961195305,17556.157195,17571.325614,17563.7414045,488.1470820000268,10488.147082000027,False,189
2021-08-27 08:31:00,17539.271597,2021-08-27 08:35:00,17526.678947,Long,17526.678947,17564.456896999996,SL,-12.592649999998685,-0.0717968812464971,17524.675571,17526.678947,17525.677259,475.5544320000281,10475.554432000028,False,189
2021-08-30 08:31:00,17716.141087,2021-08-30 08:35:00,17739.036813000002,Long,17704.693224,17739.036813000002,TP,22.89572600000247,0.12923653005226526,17694.10395,17704.693224,17699.398587,498.45015800003057,10498.45015800003,True,190
2021-08-31 08:31:00,17809.154978,2021-08-31 10:41:00,17839.205619,Short,17839.205619,17749.053695999995,SL,-30.050641000001633,-0.16873704023084635,17839.205619,17864.677115,17851.941367,468.39951700002894,10468.399517000029,False,191
2021-09-02 08:31:00,17943.95357,2021-09-02 08:32:00,17938.802031,Long,17938.802031,17954.256648000006,SL,-5.151539000002231,-0.028709052215866997,17937.371048,17938.802031,17938.0865395,463.2479780000267,10463.247978000027,False,191
2021-09-07 08:31:00,17931.933313,2021-09-07 08:32:00,17925.350792,Long,17925.350792,17945.098355000002,SL,-6.58252100000027,-0.036708373185997636,17923.633612,17925.350792,17924.492202,456.66545700002644,10456.665457000026,False,191
2021-09-08 08:31:00,17916.192501,2021-09-08 08:32:00,17926.781775,Short,17926.781775,17895.013953000005,SL,-10.589273999998113,-0.05910448885502356,17926.781775,17932.791903,17929.786839,446.0761830000283,10446.076183000028,False,191
2021-09-09 08:31:00,17898.162116,2021-09-09 08:32:00,17897.589723,Long,17897.589723,17899.306901999997,SL,-0.5723929999985558,-0.003198054617501017,17895.013953,17897.589723,17896.301838,445.50379000002977,10445.50379000003,False,191
2021-09-10 08:31:00,17929.64374,2021-09-10 08:33:00,17924.492202,Long,17924.492202,17939.946815999996,SL,-5.151537999998254,-0.02873195962341109,17906.17562,17924.492202,17915.333911,440.3522520000315,10440.352252000032,False,191
2021-09-14 08:31:00,17768.277582,2021-09-14 08:32:00,17764.841221,Long,17764.841221,17775.150304,SL,-3.4363610000000335,-0.01933986557864905,17747.945779,17764.841221,17756.3935,436.9158910000315,10436.915891000031,False,191
2021-09-17 08:31:00,17697.83218,2021-09-17 08:32:00,17706.136719,Short,17706.136719,17681.223102000007,SL,-8.304538999997021,-0.046924046490743825,17706.136719,17734.486698,17720.311708499998,428.61135200003446,10428.611352000034,False,191
2021-09-21 08:31:00,17234.496164,2021-09-21 08:32:00,17245.09161,Short,17245.09161,17213.305272,SL,-10.595445999999356,-0.0614781302521131,17245.09161,17273.727953,17259.4097815,418.0159060000351,10418.015906000035,False,191
2021-09-23 08:31:00,17431.800561,2021-09-23 08:32:00,17430.368744,Long,17430.368744,17434.664195,SL,-1.431817000000592,-0.008213821601447084,17423.496022,17430.368744,17426.932383,416.5840890000345,10416.584089000035,False,191
2021-09-27 08:31:00,17421.205115,2021-09-27 08:32:00,17404.8824,Long,17404.8824,17453.850545000005,SL,-16.322715000002063,-0.09369452280857359,17395.146043,17404.8824,17400.0142215,400.26137400003245,10400.261374000032,False,191
2021-09-28 08:31:00,17202.996187,2021-09-28 08:32:00,17199.559826,Long,17199.559826,17209.868909,SL,-3.4363610000000335,-0.01997536337650781,17185.241655,17199.559826,17192.4007405,396.8250130000324,10396.825013000032,False,191
2021-09-29 08:31:00,16993.664526,2021-09-29 08:38:00,16976.482721,Long,16976.482721,17028.028136,SL,-17.181805000000168,-0.10110712126694225,16975.050904,16976.482721,16975.7668125,379.64320800003225,10379.643208000032,False,191
2021-09-30 08:31:00,17005.119063,2021-09-30 08:39:00,16980.778172,Long,16980.778172,17053.800844999998,SL,-24.34089099999983,-0.14313860967290207,16964.169094,16980.778172,16972.473633,355.3023170000324,10355.302317000032,False,191
2021-10-05 08:31:00,16675.228401,2021-10-05 08:34:00,16630.269344,Long,16630.269344,16765.146515,SL,-44.95905700000003,-0.2696158392487378,16617.669354,16630.269344,16623.969349,310.3432600000324,10310.343260000032,False,191
2021-10-08 08:31:00,17094.178087,2021-10-08 08:32:00,17094.750814,Short,17094.750814,17093.032633000003,SL,-0.5727269999988494,-0.0033504213954247035,17094.750814,17103.62808,17099.189446999997,309.77053300003354,10309.770533000034,False,191
2021-10-12 08:31:00,16869.955528,2021-10-12 08:33:00,16896.300963,Short,16896.300963,16817.264657999993,SL,-26.345435000002908,-0.15616777979216323,16896.300963,16905.464592,16900.882777500003,283.42509800003063,10283.42509800003,False,191
2021-10-15 08:31:00,17247.668881,2021-10-15 08:32:00,17262.846143,Short,17262.846143,17217.314357000007,SL,-15.177261999997427,-0.08799601908357986,17262.846143,17283.177945,17273.012044,268.2478360000332,10268.247836000033,False,191
2021-10-19 08:31:00,17550.641381,2021-10-19 08:32:00,17553.218652,Short,17553.218652,17545.486839000005,SL,-2.577270999998291,-0.014684768174845144,17553.218652,17558.94592,17556.082285999997,265.6705650000349,10265.670565000035,False,191
2021-10-27 08:31:00,17847.600249,2021-10-27 08:32:00,17856.763876999994,Long,17843.018435,17856.763876999994,TP,9.163627999994787,0.05134375418627064,17838.150256,17843.018435,17840.5843455,274.8341930000297,10274.83419300003,True,192
2021-10-29 08:31:00,17924.918373,2021-10-29 08:34:00,17912.604746,Long,17912.604746,17949.545627,SL,-12.313626999999542,-0.06869558200358307,17905.445661,17912.604746,17909.0252035,262.52056600003016,10262.52056600003,False,193
2021-11-01 08:31:00,18143.700027,2021-11-01 08:49:00,18103.609146999996,Short,18163.745467,18103.609146999996,TP,40.09088000000338,0.22096308878753146,18163.745467,18164.03183,18163.8886485,302.61144600003354,10302.611446000034,True,194
2021-11-04 08:31:00,18521.986107,2021-11-04 08:32:00,18515.113385,Short,18525.422468,18515.113385,TP,6.872722000000067,0.0371057507564087,18525.422468,18528.572466,18526.997467,309.4841680000336,10309.484168000034,True,194
2021-11-15 08:31:00,18588.136058,2021-11-15 08:32:00,18591.286055,Short,18591.286055,18581.836064,SL,-3.1499970000004396,-0.01694627686268058,18591.286055,18599.017868,18595.1519615,306.33417100003317,10306.334171000033,False,195
2021-11-18 08:31:00,18754.226842,2021-11-18 08:39:00,18769.97683,Short,18769.97683,18722.726866,SL,-15.749987999999576,-0.08398100403012912,18769.97683,18780.285913,18775.1313715,290.5841830000336,10290.584183000034,False,195
2021-11-19 08:31:00,18922.322171,2021-11-19 08:36:00,18951.817603,Short,18951.817603,18863.331307,SL,-29.49543199999971,-0.15587638627781034,18951.817603,18954.10851,18952.963056499997,261.0887510000339,10261.088751000034,False,195
2021-11-22 08:31:00,19094.71295,2021-11-22 08:49:00,19147.976546000005,Long,19068.081152,19147.976546000005,TP,53.26359600000433,0.2789442090042224,19061.781157,19068.081152,19064.931154500002,314.3523470000382,10314.352347000038,True,196
2021-11-24 08:31:00,18516.258839,2021-11-24 08:37:00,18540.027003,Short,18540.027003,18468.722510999996,SL,-23.76816400000098,-0.12836374889045685,18540.027003,18554.917901,18547.472452,290.5841830000372,10290.584183000037,False,197
2021-11-26 08:31:00,18652.854191,2021-11-26 08:33:00,18623.072395,Long,18623.072395,18712.417782999997,SL,-29.781795999999304,-0.1596634793530366,18615.913309,18623.072395,18619.492852,260.8023870000379,10260.802387000038,False,197
2021-11-29 08:31:00,18622.213305,2021-11-29 08:32:00,18619.636034,Long,18619.636034,18627.367847000005,SL,-2.5772710000019288,-0.013839767367018294,18602.454229,18619.636034,18611.0451315,258.225116000036,10258.225116000036,False,197
2021-11-30 08:31:00,18709.267785,2021-11-30 08:32:00,18723.013229,Short,18723.013229,18681.776897,SL,-13.745444000000134,-0.0734686368165644,18723.013229,18732.176859,18727.595044,244.47967200003586,10244.479672000036,False,197
2021-12-01 08:31:00,18689.508709,2021-12-01 08:34:00,18664.881455000002,Short,18701.822336,18664.881455000002,TP,24.627253999999084,0.1317704728543225,18701.822336,18714.135963,18707.979149500003,269.10692600003495,10269.106926000035,True,198
2021-12-07 08:31:00,18479.031594,2021-12-07 08:32:00,18489.340678,Long,18473.877052,18489.340678,TP,10.30908400000044,0.0557880100348317,18464.427059,18473.877052,18469.152055500002,279.4160100000354,10279.416010000035,True,198
2021-12-08 08:31:00,18626.222393,2021-12-08 08:35:00,18677.195082,Short,18677.195082,18524.277015000003,SL,-50.972688999998354,-0.273660906245566,18677.195082,18701.822336,18689.508709,228.44332100003703,10228.443321000037,False,199
2021-12-09 08:31:00,18745.635939,2021-12-09 08:37:00,18792.026812999997,Long,18722.440502,18792.026812999997,TP,46.390873999996984,0.2474755945914937,18716.42687,18722.440502,18719.433686,274.834195000034,10274.834195000034,True,200
2021-12-13 08:31:00,18669.463269,2021-12-13 08:36:00,18695.235977,Short,18695.235977,18617.917853,SL,-25.77270800000042,-0.13804739658903378,18695.235977,18701.249609,18698.242792999998,249.0614870000336,10249.061487000034,False,201
2021-12-16 08:31:00,18664.308728,2021-12-16 08:32:00,18680.058716,Short,18680.058716,18632.808752,SL,-15.749987999999576,-0.08438559514594617,18680.058716,18693.517797,18686.7882565,233.31149900003402,10233.311499000034,False,201
2021-12-21 08:31:00,18063.231906,2021-12-21 08:32:00,18061.513725,Long,18061.513725,18066.668268,SL,-1.718181000000186,-0.009512035326465934,18056.931911,18061.513725,18059.222818000002,231.59331800003383,10231.593318000034,False,201
2021-12-27 08:31:00,18777.708643,2021-12-27 08:35:00,18819.51770300001,Long,18756.804113,18819.51770300001,TP,41.809060000006866,0.22265261856425994,18733.035949,18756.804113,18744.920031,273.4023780000407,10273.40237800004,True,202
2021-12-28 08:31:00,18977.017584,2021-12-28 08:39:00,18924.326714000003,Short,19003.363019,18924.326714000003,TP,52.69086999999854,0.2776562216205329,19003.363019,19010.808468,19007.0857435,326.09324800003924,10326.09324800004,True,202
2021-12-29 08:31:00,18935.208524,2021-12-29 08:32:00,18920.890353,Long,18920.890353,18963.844866000007,SL,-14.318171000002621,-0.07561665339916708,18903.994912,18920.890353,18912.4426325,311.7750770000366,10311.775077000037,False,203
2021-12-31 08:31:00,18838.417688,2021-12-31 08:46:00,18804.340441,Long,18804.340441,18906.572182000004,SL,-34.07724700000108,-0.18089229979069926,18798.040446,18804.340441,18801.1904435,277.69783000003554,10277.697830000036,False,203
2022-01-03 08:31:00,18817.226795,2022-01-03 08:47:00,18782.863184,Long,18782.863184,18885.954016999993,SL,-34.363610999997036,-0.18261782872876853,18768.545013,18782.863184,18775.7040985,243.3342190000385,10243.334219000039,False,203
2022-01-04 08:31:00,18898.554007,2022-01-04 08:32:00,18899.126733,Short,18899.126733,18897.408554999995,SL,-0.5727260000021488,-0.003030528154640889,18899.126733,18908.003999,18903.565366000003,242.76149300003635,10242.761493000036,False,203
2022-01-06 08:31:00,18013.118307,2022-01-06 08:33:00,18058.363727,Long,17990.495597,18058.363727,TP,45.245419999999285,0.25118038547726995,17976.463789,17990.495597,17983.479693,288.00691300003564,10288.006913000036,True,204
2022-01-11 08:31:00,17774.00485,2022-01-11 08:32:00,17810.659368,Short,17810.659368,17700.695814000002,SL,-36.65451799999937,-0.20622543039307975,17810.659368,17821.541178,17816.100273,251.35239500003627,10251.352395000036,False,205
2022-01-14 08:31:00,17683.514009,2022-01-14 08:34:00,17656.309484,Long,17656.309484,17737.923058999993,SL,-27.204524999997375,-0.15384117085637883,17627.673142,17656.309484,17641.991313,224.1478700000389,10224.147870000039,False,205
2022-01-17 08:31:00,17868.504779,2022-01-17 08:32:00,17867.932052,Long,17867.932052,17869.650232999997,SL,-0.5727269999988494,-0.003205231814762409,17866.500235,17867.932052,17867.2161435,223.57514300004004,10223.57514300004,False,205
2022-01-20 08:31:00,17424.927839,2022-01-20 08:35:00,17387.986958,Long,17387.986958,17498.809600999997,SL,-36.940880999998626,-0.21200019501554862,17381.686962,17387.986958,17384.83696,186.63426200004142,10186.634262000041,False,205
2022-02-01 08:31:00,17051.796301,2022-02-01 08:34:00,17073.846284,Short,17073.846284,17007.696334999997,SL,-22.049983000000793,-0.12931178985939257,17073.846284,17111.932619,17092.8894515,164.58427900004062,10164.58427900004,False,205
2022-02-02 08:31:00,17318.400646,2022-02-02 08:32:00,17294.346117999998,Short,17330.42791,17294.346117999998,TP,24.054528000000573,0.13889578195869032,17330.42791,17365.364247,17347.8960785,188.6388070000412,10188.638807000041,True,206
2022-02-08 08:31:00,16668.928406,2022-02-08 08:32:00,16658.33296,Long,16658.33296,16690.119297999998,SL,-10.595445999999356,-0.06356405008126086,16630.269344,16658.33296,16644.301152,178.04336100004184,10178.043361000042,False,207
2022-02-10 08:31:00,16919.210037,2022-02-10 08:36:00,16961.591825,Long,16898.019143,16961.591825,TP,42.38178799999878,0.2504950757589486,16890.000968,16898.019143,16894.010055500003,220.42514900004062,10220.42514900004,True,208
2022-02-11 08:31:00,16879.691884,2022-02-11 08:34:00,16864.22826,Long,16864.22826,16910.619132,SL,-15.463623999999982,-0.09161081912080227,16841.891913,16864.22826,16853.0600865,204.96152500004064,10204.96152500004,False,209
2022-02-14 08:31:00,16292.074143,2022-02-14 08:32:00,16288.351419,Long,16288.351419,16299.519590999998,SL,-3.722723999999289,-0.022849908288680252,16278.042336,16288.351419,16283.1968775,201.23880100004135,10201.238801000041,False,209
2022-02-16 08:31:00,16583.01938,2022-02-16 08:34:00,16611.082995,Short,16611.082995,16526.892150000003,SL,-28.063614999999118,-0.16923103300382875,16611.082995,16620.246625,16615.664810000002,173.17518600004223,10173.175186000042,False,209
2022-02-22 08:31:00,15953.878943,2022-02-22 08:32:00,15930.397142,Long,15930.397142,16000.842545,SL,-23.481800999999905,-0.14718552825864892,15906.342615,15930.397142,15918.3698785,149.69338500004233,10149.693385000042,False,209
2022-02-24 08:31:00,15068.443243,2022-02-24 08:37:00,15182.415885,Long,15011.456922,15182.415885,TP,113.97264200000063,0.7563664020365626,14985.970578,15011.456922,14998.713749999999,263.66602700004296,10263.666027000043,True,210
2022-02-25 08:31:00,15950.728945,2022-02-25 08:32:00,15973.924382,Short,15973.924382,15904.338071000004,SL,-23.195436999998492,-0.1454192913689343,15973.924382,16025.756161,15999.8402715,240.47059000004447,10240.470590000044,False,211
2022-02-28 08:31:00,16130.27881,2022-02-28 08:32:00,16155.478790000001,Long,16117.67882,16155.478790000001,TP,25.199980000001233,0.15622780174375195,16087.037934,16117.67882,16102.358377,265.6705700000457,10265.670570000046,True,212
2022-03-01 08:31:00,16248.546903,2022-03-01 08:32:00,16245.110542,Long,16245.110542,16255.419625,SL,-3.4363610000000335,-0.021148728070973358,16241.960545,16245.110542,16243.5355435,262.23420900004567,10262.234209000046,False,213
2022-03-03 08:31:00,16390.010434,2022-03-03 08:49:00,16320.710486,Short,16424.660408,16320.710486,TP,69.29994799999986,0.42281820551036176,16424.660408,16430.674039,16427.6672235,331.5341570000455,10331.534157000046,True,214
2022-03-04 08:31:00,15995.115275,2022-03-04 08:33:00,15980.224377,Long,15980.224377,16024.897071,SL,-14.890897999999652,-0.093096534435571,15961.324391,15980.224377,15970.774384,316.6432590000459,10316.643259000046,False,215
2022-03-07 08:31:00,15892.024443,2022-03-07 08:32:00,15872.551731,Long,15872.551731,15930.969867000002,SL,-19.472712000000683,-0.12253134941897145,15843.915389,15872.551731,15858.23356,297.1705470000452,10297.170547000045,False,215
2022-03-09 08:31:00,15550.106518,2022-03-09 08:32:00,15573.874682,Short,15573.874682,15502.570190000002,SL,-23.76816399999916,-0.15284888224068666,15573.874682,15575.592863,15574.7337725,273.40238300004603,10273.402383000046,False,215
2022-03-15 08:31:00,15097.365949,2022-03-15 08:32:00,15094.502314,Long,15094.502314,15103.093218999998,SL,-2.8636349999997037,-0.01896777894682603,15083.620504,15094.502314,15089.061409,270.5387480000463,10270.538748000046,False,215
2022-03-16 08:31:00,15620.265556,2022-03-16 08:32:00,15617.401922,Long,15617.401922,15625.992824000003,SL,-2.863634000001184,-0.018332812523159794,15605.088295,15617.401922,15611.2451085,267.67511400004514,10267.675114000045,False,215
2022-03-17 08:31:00,15869.97446,2022-03-17 08:32:00,15855.656288,Short,15877.133546,15855.656288,TP,14.318171999999322,0.09022177090510153,15877.133546,15880.569907,15878.8517265,281.99328600004446,10281.993286000044,True,216
2022-03-22 08:31:00,16515.437612,2022-03-22 08:36:00,16557.246672,Long,16494.533082,16557.246672,TP,41.80905999999959,0.25315139073046067,16486.514907,16494.533082,16490.5239945,323.80234600004405,10323.802346000044,True,216
2022-03-28 08:31:00,16933.241844,2022-03-28 08:34:00,16968.17818,Long,16915.773676,16968.17818,TP,34.936335999998846,0.2063180596004889,16899.450961,16915.773676,16907.6123185,358.7386820000429,10358.738682000043,True,216
2022-03-29 08:31:00,17396.864224,2022-03-29 08:39:00,17369.946062,Long,17369.946062,17450.700548000004,SL,-26.918162000001757,-0.15472996543173892,17359.636979,17369.946062,17364.7915205,331.82052000004114,10331.820520000041,False,217
2022-04-06 08:31:00,16747.391984,2022-04-06 08:32:00,16747.391984,Long,16747.391984,16747.391984,SL,0.0,0.0,16728.205634,16747.391984,16737.798809,331.82052000004114,10331.820520000041,False,217
2022-04-12 08:31:00,16218.192381,2022-04-12 08:32:00,16236.233276,Short,16236.233276,16182.110591,SL,-18.04089500000009,-0.11123862990511464,16236.233276,16257.996896,16247.115086000002,313.77962500004105,10313.779625000041,False,217
2022-04-18 08:31:00,15930.397142,2022-04-18 08:40:00,15899.183529,Long,15899.183529,15992.824368,SL,-31.213612999999896,-0.19593744413129643,15865.965372,15899.183529,15882.5744505,282.56601200004116,10282.566012000041,False,217
2022-04-21 08:31:00,16291.78778,2022-04-21 09:06:00,16249.692357,Long,16249.692357,16375.978626000002,SL,-42.095423000000665,-0.25838430728687445,16237.37873,16249.692357,16243.5355435,240.4705890000405,10240.47058900004,False,217
2022-04-27 08:31:00,14959.052416,2022-04-27 08:33:00,15004.297836,Long,14936.429706,15004.297836,TP,45.245419999999285,0.30246180534540673,14921.825171,14936.429706,14929.1274385,285.7160090000398,10285.71600900004,True,218
2022-04-28 08:31:00,15178.406797,2022-04-28 08:32:00,15177.261343,Long,15177.261343,15180.697704999999,SL,-1.1454539999995177,-0.007546602323413257,15135.452284,15177.261343,15156.3568135,284.57055500004026,10284.57055500004,False,219
2022-05-02 08:31:00,14731.679859,2022-05-02 08:32:00,14714.498054,Long,14714.498054,14766.043469,SL,-17.181805000000168,-0.1166316751684182,14714.211691,14714.498054,14714.3548725,267.3887500000401,10267.38875000004,False,219
2022-05-03 08:31:00,14906.361546,2022-05-03 08:32:00,14934.138798,Short,14934.138798,14850.807042,SL,-27.777251999999862,-0.18634495020318126,14934.138798,14969.934226,14952.036511999999,239.61149800004023,10239.61149800004,False,219
2022-05-04 08:31:00,14996.566024,2022-05-04 08:32:00,15005.729654,Short,15005.729654,14978.238763999998,SL,-9.163630000000921,-0.06110485550715915,15005.729654,15006.588744,15006.159199000002,230.4478680000393,10230.44786800004,False,219
2022-05-05 08:31:00,15264.602187,2022-05-05 08:32:00,15237.684025000002,Short,15278.061268,15237.684025000002,TP,26.91816199999812,0.17634368501868194,15278.061268,15278.633994,15278.347631,257.3660300000374,10257.366030000037,True,220
2022-05-09 08:31:00,14302.993817,2022-05-09 08:32:00,14281.516561,Long,14281.516561,14345.948329,SL,-21.477256000000125,-0.15015916440146304,14272.639294,14281.516561,14277.0779275,235.8887740000373,10235.888774000037,False,221
2022-05-10 08:31:00,14349.098328,2022-05-10 08:32:00,14344.516513,Long,14344.516513,14358.261958,SL,-4.581814999999551,-0.031931030753750304,14321.034713,14344.516513,14332.775613,231.30695900003775,10231.306959000038,False,221
2022-05-12 08:31:00,13565.03528,2022-05-12 08:32:00,13563.889826,Long,13563.889826,13567.326188,SL,-1.1454539999995177,-0.008444165284909731,13512.630774,13563.889826,13538.2603,230.16150500003823,10230.161505000038,False,221
2022-05-13 08:31:00,13918.980469,2022-05-13 08:32:00,13905.521388,Long,13905.521388,13945.898631000002,SL,-13.459081000000879,-0.0966958825035828,13899.507756,13905.521388,13902.514572,216.70242400003735,10216.702424000037,False,221
2022-05-19 08:31:00,13633.476138,2022-05-19 08:37:00,13706.785173999999,Long,13596.82162,13706.785173999999,TP,73.30903599999874,0.5377134580935498,13592.239805,13596.82162,13594.5307125,290.0114600000361,10290.011460000036,True,222
2022-05-25 08:31:00,13463.662629,2022-05-25 08:33:00,13505.471689,Long,13442.758099,13505.471689,TP,41.80905999999959,0.3105325879894312,13423.858113,13442.758099,13433.308106,331.8205200000357,10331.820520000036,True,222
2022-05-27 08:31:00,14263.762028,2022-05-27 08:38:00,14316.452895999997,Long,14237.416594,14316.452895999997,TP,52.69086799999786,0.3694037232012482,14213.64843,14237.416594,14225.532512,384.51138800003355,10384.511388000034,True,222
2022-06-01 08:31:00,14634.316296,2022-06-01 09:00:00,14599.093595,Long,14599.093595,14704.761698000002,SL,-35.2227010000006,-0.24068566161596508,14589.357239,14599.093595,14594.225417000001,349.28868700003295,10349.288687000033,False,223
2022-06-02 08:31:00,14267.198389,2022-06-02 08:33:00,14308.148359,Short,14308.148359,14185.298448999996,SL,-40.949970000001485,-0.28702180262365934,14308.148359,14318.743805,14313.446082,308.33871700003147,10308.338717000031,False,223
2022-06-06 08:31:00,14622.002669,2022-06-06 08:32:00,14619.998125,Long,14619.998125,14626.011756999998,SL,-2.0045439999994414,-0.013709093380548073,14596.802688,14619.998125,14608.4004065,306.334173000032,10306.334173000032,False,223
2022-06-08 08:31:00,14486.839134,2022-06-08 08:34:00,14502.589122,Short,14502.589122,14455.339158,SL,-15.749987999999576,-0.10871928551367026,14502.589122,14509.461844,14506.025483,290.58418500003245,10290.584185000032,False,223
2022-06-13 08:31:00,13195.829353,2022-06-13 08:37:00,13237.541292999997,Long,13174.973383,13237.541292999997,TP,41.71193999999741,0.31609941962847854,13147.832052,13174.973383,13161.402717500001,332.29612500002986,10332.29612500003,True,224
2022-06-17 08:31:00,12836.706691,2022-06-17 08:33:00,12874.990253,Long,12817.56491,12874.990253,TP,38.28356200000053,0.2982350763443219,12793.56626,12817.56491,12805.565585,370.5796870000304,10370.57968700003,True,224
2022-06-28 08:31:00,13818.365772,2022-06-28 08:32:00,13868.077261999997,Long,13793.510027,13868.077261999997,TP,49.711489999997866,0.3597494148022026,13790.653045,13793.510027,13792.081536,420.29117700002826,10420.291177000028,True,224
2022-07-05 08:31:00,13042.980805,2022-07-05 08:45:00,13067.550852,Short,13067.550852,12993.840710999997,SL,-24.57004700000107,-0.18837754472951607,13067.550852,13084.407047,13075.9789495,395.7211300000272,10395.721130000027,False,225
2022-07-07 08:31:00,13643.804161,2022-07-07 08:32:00,13635.80461,Long,13635.80461,13659.803263000002,SL,-7.9995510000007926,-0.05863138246198983,13627.80506,13635.80461,13631.804834999999,387.7215790000264,10387.721579000026,False,225
2022-07-12 08:31:00,13685.801799,2022-07-12 08:34:00,13653.232202,Long,13653.232202,13750.940993000004,SL,-32.56959700000152,-0.2379809197761532,13652.375107,13653.232202,13652.8036545,355.1519820000249,10355.151982000025,False,225
2022-07-13 08:31:00,13215.54253,2022-07-13 08:32:00,13215.54253,Long,13215.54253,13215.54253,SL,0.0,0.0,13194.68656,13215.54253,13205.114545,355.1519820000249,10355.151982000025,False,225
2022-07-15 08:31:00,13640.947178,2022-07-15 08:32:00,13650.660916000003,Long,13636.090309,13650.660916000003,TP,9.713738000002195,0.07121014305860246,13634.376119,13636.090309,13635.233214,364.86572000002707,10364.865720000027,True,226
2022-07-28 08:31:00,14445.187666,2022-07-28 08:33:00,14433.759737,Long,14433.759737,14468.043523999999,SL,-11.427928999999494,-0.07911236090686241,14423.474601,14433.759737,14428.617169000001,353.4377910000276,10353.437791000028,False,227
2022-08-03 08:31:00,14874.306391,2022-08-03 08:32:00,14882.877337,Long,14870.020918,14882.877337,TP,8.570945999999822,0.05762249193136054,14851.736232,14870.020918,14860.878574999999,362.0087370000274,10362.008737000027,True,228
2022-08-05 08:31:00,15023.72656,2022-08-05 08:32:00,15012.298631,Long,15012.298631,15046.582417999998,SL,-11.427928999999494,-0.07606587456420995,14996.870927,15012.298631,15004.584779,350.5808080000279,10350.580808000028,False,229
2022-08-15 08:31:00,15503.41387,2022-08-15 08:32:00,15516.555988,Long,15496.842811,15516.555988,TP,13.142117999999755,0.08476918767827331,15468.844385,15496.842811,15482.843598,363.72292600002766,10363.722926000028,True,230
2022-08-23 08:31:00,14760.312801,2022-08-23 08:33:00,14791.168206999999,Long,14744.885098,14791.168206999999,TP,30.855405999998766,0.2090430359843616,14740.885323,14744.885098,14742.8852105,394.5783320000264,10394.578332000026,True,230
2022-08-24 08:31:00,14746.884985,2022-08-24 08:33:00,14723.743429,Long,14723.743429,14793.168097000002,SL,-23.14155600000049,-0.15692504568618557,14718.029465,14723.743429,14720.886447,371.43677600002593,10371.436776000026,False,231
2022-08-29 08:31:00,14314.909278,2022-08-29 08:32:00,14294.910402,Long,14294.910402,14354.907029999998,SL,-19.998875999999655,-0.1397066206401679,14291.196325,14294.910402,14293.0533635,351.4379000000263,10351.437900000026,False,231
2022-08-31 08:31:00,14232.342492,2022-08-31 08:32:00,14221.485959999998,Short,14237.770758,14221.485959999998,TP,10.856532000001607,0.07628071068486487,14237.770758,14252.912764,14245.341761,362.2944320000279,10362.294432000028,True,232
2022-09-02 08:31:00,14129.205435,2022-09-02 08:34:00,14083.493718999998,Short,14152.061293,14083.493718999998,TP,45.711716000001616,0.3235264446418718,14152.061293,14170.631677,14161.346485,408.0061480000295,10408.00614800003,True,232
2022-09-05 08:31:00,13839.221743,2022-09-05 08:32:00,13838.078951000001,Short,13839.793139,13838.078951000001,TP,1.1427919999987353,0.008257631976861484,13839.793139,13840.364535,13840.078837000001,409.14894000002823,10409.148940000028,True,232
2022-09-08 08:31:00,13891.504517,2022-09-08 08:32:00,13892.933008,Short,13892.933008,13888.647534999998,SL,-1.4284910000005766,-0.010283198614321674,13892.933008,13900.64686,13896.789934,407.72044900002766,10407.720449000028,False,233
2022-09-09 08:31:00,14220.057469,2022-09-09 08:33:00,14248.627290999997,Long,14205.772558,14248.627290999997,TP,28.569821999997657,0.2009121416160267,14194.058931,14205.772558,14199.9157445,436.2902710000253,10436.290271000025,True,234
2022-09-13 08:31:00,14199.163138,2022-09-13 08:34:00,14154.009799,Long,14154.009799,14289.469816,SL,-45.153339000000415,-0.31800000155755953,14150.034033,14154.009799,14152.021916,391.1369320000249,10391.136932000025,False,235
2022-09-16 08:31:00,13425.876713,2022-09-16 08:33:00,13444.051642,Short,13444.051642,13389.526854999998,SL,-18.174929000000702,-0.13537238117494624,13444.051642,13460.238688,13452.145165,372.9620030000242,10372.962003000024,False,235
2022-09-19 08:31:00,13463.078521,2022-09-19 08:41:00,13505.676011,Long,13441.779776,13505.676011,TP,42.59749000000011,0.31640229932222136,13433.828245,13441.779776,13437.8040105,415.5594930000243,10415.559493000024,True,236
2022-09-22 08:31:00,13256.338706,2022-09-22 08:32:00,13243.559459,Long,13243.559459,13281.897200000001,SL,-12.779247000000396,-0.09640102960115476,13225.952496,13243.559459,13234.7559775,402.7802460000239,10402.780246000024,False,237
2022-09-26 08:31:00,12943.105167,2022-09-26 08:32:00,12920.954472,Long,12920.954472,12987.406557,SL,-22.15069500000027,-0.17113895556126768,12899.087761,12920.954472,12910.0211165,380.62955100002364,10380.629551000024,False,237
2022-09-30 08:31:00,12730.969669,2022-09-30 08:32:00,12717.622456,Long,12717.622456,12757.664095000002,SL,-13.34721300000092,-0.10484050584537545,12715.918557,12717.622456,12716.770506500001,367.2823380000227,10367.282338000023,False,237
2022-10-04 08:31:00,13095.036212,2022-10-04 08:32:00,13110.371308000003,Long,13087.368664,13110.371308000003,TP,15.335096000002522,0.11710617482638024,13082.540949,13087.368664,13084.9548065,382.61743400002524,10382.617434000025,True,238
2022-10-05 08:31:00,13066.353903,2022-10-05 08:32:00,13090.208496999996,Long,13054.426606,13090.208496999996,TP,23.854593999996723,0.18256503824314582,13047.327024,13054.426606,13050.876815,406.47202800002196,10406.472028000022,True,238
2022-10-06 08:31:00,13206.925618,2022-10-06 08:39:00,13259.746505999998,Long,13180.515174,13259.746505999998,TP,52.82088799999838,0.3999484022837811,13168.019911,13180.515174,13174.2675425,459.29291600002034,10459.29291600002,True,238
2022-10-07 08:31:00,12853.366456,2022-10-07 08:33:00,12866.429686,Short,12866.429686,12827.239996,SL,-13.063229999999749,-0.1016327515808264,12866.429686,12883.752665,12875.0911755,446.2296860000206,10446.22968600002,False,239
2022-10-12 08:31:00,12293.351462,2022-10-12 08:35:00,12326.861487,Short,12326.861487,12226.331412000001,SL,-33.51002499999959,-0.27258656928163555,12326.861487,12338.788784,12332.8251355,412.719661000021,10412.719661000021,False,239
2022-10-17 08:31:00,12523.945871,2022-10-17 08:32:00,12530.193502999999,Long,12520.822055,12530.193502999999,TP,6.247631999998703,0.0498854918757314,12500.943227,12520.822055,12510.882641,418.9672930000197,10418.96729300002,True,240
2022-10-19 08:31:00,12669.629285,2022-10-19 08:35:00,12714.498641000004,Long,12647.194607,12714.498641000004,TP,44.86935600000288,0.3541489256763433,12645.490707,12647.194607,12646.342657000001,463.8366490000226,10463.836649000023,True,240
2022-10-20 08:31:00,12658.553937,2022-10-20 08:32:00,12645.206724,Long,12645.206724,12685.248363000002,SL,-13.34721300000092,-0.1054402664508781,12624.191963,12645.206724,12634.6993435,450.48943600002167,10450.489436000022,False,241
2022-10-24 08:31:00,12864.15782,2022-10-24 08:35:00,12897.667845,Short,12897.667845,12797.137770000001,SL,-33.51002499999959,-0.2604914015272831,12897.667845,12900.507677,12899.087760999999,416.9794110000221,10416.979411000022,False,241
2022-10-25 08:31:00,13128.830221,2022-10-25 08:36:00,13101.283844,Long,13101.283844,13183.922975000001,SL,-27.546377000000575,-0.20981592827622395,13087.936631,13101.283844,13094.610237500001,389.4330340000215,10389.433034000022,False,241
2022-10-26 08:31:00,13020.064631,2022-10-26 08:32:00,13020.916581,Short,13020.916581,13018.360730999999,SL,-0.8519500000002154,-0.006543362296157678,13020.916581,13033.695828,13027.3062045,388.5810840000213,10388.581084000021,False,241
2022-10-27 08:31:00,12992.234271,2022-10-27 08:32:00,12991.666305,Long,12991.666305,12993.370202999997,SL,-0.5679659999987052,-0.0043715806546566335,12960.996112,12991.666305,12976.3312085,388.0131180000226,10388.013118000023,False,241
2022-10-28 08:31:00,12786.346406,2022-10-28 08:36:00,12857.342222000003,Long,12750.848498,12857.342222000003,TP,70.99581600000238,0.5552470873672525,12740.6251,12750.848498,12745.736798999998,459.00893400002496,10459.008934000025,True,242
2022-10-31 08:31:00,13082.824932,2022-10-31 08:32:00,13059.538304,Long,13059.538304,13129.398188,SL,-23.286627999999837,-0.17799388221607854,13056.130505,13059.538304,13057.8344045,435.7223060000251,10435.722306000025,False,243
2022-11-08 08:31:00,12554.048097,2022-11-08 08:32:00,12538.713001000002,Short,12561.715645,12538.713001000002,TP,15.335095999998885,0.12215259875946677,12561.715645,12579.890574,12570.8031095,451.057402000024,10451.057402000024,True,244
2022-11-09 08:31:00,12485.892114,2022-11-09 08:41:00,12505.202976,Short,12505.202976,12447.27039,SL,-19.31086200000027,-0.1546614516903255,12505.202976,12505.770942,12505.486959,431.74654000002374,10431.746540000024,False,245
2022-11-17 08:31:00,13156.66058,2022-11-17 08:47:00,13214.593163999998,Long,13127.694288,13214.593163999998,TP,57.932583999998315,0.44032893945796625,13125.706405,13127.694288,13126.700346500002,489.67912400002206,10489.679124000022,True,246
2022-11-18 08:31:00,13371.63591,2022-11-18 09:07:00,13276.217534000003,Short,13419.345098,13276.217534000003,TP,95.4183759999978,0.7135879008539188,13419.345098,13443.199692,13431.272395,585.0975000000199,10585.09750000002,True,246
2022-11-21 08:31:00,13276.501517,2022-11-21 08:33:00,13256.622689,Long,13256.622689,13316.259173000002,SL,-19.878828000000794,-0.1497294145942498,13240.435643,13256.622689,13248.529166,565.2186720000191,10565.218672000019,False,247
2022-11-28 08:31:00,13325.914605,2022-11-28 08:35:00,13357.152763,Long,13310.295526,13357.152763,TP,31.238158000000112,0.23441661548903578,13294.392463,13310.295526,13302.3439945,596.4568300000192,10596.45683000002,True,248
2022-12-01 08:31:00,13685.721399,2022-12-01 08:32:00,13691.117081,Short,13691.117081,13674.930035,SL,-5.395682000000306,-0.03942563086513337,13691.117081,13692.82098,13691.9690305,591.0611480000189,10591.061148000019,False,249
2022-12-02 08:31:00,13498.576429,2022-12-02 08:48:00,13472.733952,Long,13472.733952,13550.261383000001,SL,-25.842477000000144,-0.19144594347357116,13457.966822,13472.733952,13465.350387,565.2186710000187,10565.218671000019,False,249
2022-12-07 08:31:00,13093.048329,2022-12-07 08:32:00,13079.417133,Long,13079.417133,13120.310720999996,SL,-13.631195999998454,-0.10411017860375955,13074.589417,13079.417133,13077.003275,551.5874750000203,10551.58747500002,False,249
2022-12-13 08:31:00,13780.470701,2022-12-13 08:37:00,13722.548299,Short,13809.431902,13722.548299,TP,57.92240200000015,0.4203223769112395,13809.431902,13812.524846,13810.978374,609.5098770000204,10609.50987700002,True,250
2022-12-19 08:31:00,12733.368622,2022-12-19 08:34:00,12700.752124,Short,12749.676871,12700.752124,TP,32.61649799999941,0.25614979796977255,12749.676871,12765.422767,12757.549819,642.1263750000198,10642.12637500002,True,250
2022-12-22 08:31:00,12573.941426,2022-12-22 08:33:00,12534.014333999998,Short,12593.904972,12534.014333999998,TP,39.92709200000172,0.31753839665136135,12593.904972,12596.716739,12595.3108555,682.0534670000216,10682.053467000022,True,250
2022-12-23 08:31:00,12404.391868,2022-12-23 08:34:00,12374.024783,Long,12374.024783,12465.126038,SL,-30.36708499999986,-0.244809139562406,12371.494192,12374.024783,12372.7594875,651.6863820000217,10651.686382000022,False,251
2022-12-27 08:31:00,12401.298924,2022-12-27 08:35:00,12374.868314000001,Short,12414.514229,12374.868314000001,TP,26.430609999999433,0.21312775510030463,12414.514229,12428.291888,12421.4030585,678.1169920000211,10678.116992000021,True,252
2022-12-28 08:31:00,12253.962326,2022-12-28 08:32:00,12256.21174,Short,12256.21174,12249.463498000001,SL,-2.249413999999888,-0.01835662571956146,12256.21174,12257.05527,12256.633505000002,675.8675780000212,10675.867578000021,False,253
2023-01-03 08:31:00,12473.842516,2023-01-03 08:32:00,12485.651938,Short,12485.651938,12450.223672,SL,-11.809422000000268,-0.09467348962320558,12485.651938,12505.334308,12495.493123,664.058156000021,10664.058156000021,False,253
2023-01-04 08:31:00,12369.807132,2023-01-04 08:37:00,12397.36245,Short,12397.36245,12314.696495999999,SL,-27.555318000000625,-0.2227627133224782,12397.36245,12404.673044,12401.017747,636.5028380000203,10636.50283800002,False,253
2023-01-06 08:31:00,12230.343482,2023-01-06 08:32:00,12235.123487,Short,12235.123487,12220.783472,SL,-4.7800050000005285,-0.039083162357913315,12235.123487,12240.747021,12237.935254,631.7228330000198,10631.72283300002,False,253
2023-01-09 08:31:00,12633.832066,2023-01-09 08:34:00,12606.839101,Long,12606.839101,12687.817996000003,SL,-26.992965000001277,-0.21365619599016503,12599.24733,12606.839101,12603.0432155,604.7298680000185,10604.729868000019,False,253
2023-01-13 08:31:00,12875.081685,2023-01-13 08:32:00,12862.428733,Long,12862.428733,12900.387588999996,SL,-12.65295199999855,-0.09827473183909785,12852.306371,12862.428733,12857.367552,592.07691600002,10592.07691600002,False,253
2023-01-18 08:31:00,13170.036057,2023-01-18 08:32:00,13164.974876,Long,13164.974876,13180.158418999998,SL,-5.061180999999124,-0.03842951513643775,13160.194872,13164.974876,13162.584874,587.0157350000209,10587.01573500002,False,253
2023-01-19 08:31:00,12834.873415,2023-01-19 08:32:00,12832.905178,Long,12832.905178,12838.809888999998,SL,-1.9682369999991352,-0.015335071382152274,12830.374588,12832.905178,12831.639883,585.0474980000217,10585.047498000022,False,253
2023-01-20 08:31:00,12833.186355,2023-01-20 08:32:00,12838.809889,Short,12838.809889,12821.939287,SL,-5.623534000000291,-0.04382024732158026,12838.809889,12850.619311,12844.7146,579.4239640000214,10579.423964000021,False,253
2023-01-23 08:31:00,13136.013675,2023-01-23 08:32:00,13156.258398,Short,13156.258398,13095.524229,SL,-20.244722999999794,-0.15411618395715315,13156.258398,13159.632519,13157.9454585,559.1792410000216,10559.179241000022,False,253
2023-01-25 08:31:00,13153.165454,2023-01-25 08:32:00,13143.605446,Short,13157.945458,13143.605446,TP,9.56000800000038,0.07268218463026399,13157.945458,13170.317234,13164.131346,568.739249000022,10568.739249000022,True,254
2023-01-26 08:31:00,13556.372861,2023-01-26 08:34:00,13539.221081,Long,13539.221081,13590.676421,SL,-17.151780000000144,-0.1265218962023661,13519.819888,13539.221081,13529.5204845,551.5874690000219,10551.587469000022,False,255
2023-01-27 08:31:00,13577.461114,2023-01-27 08:33:00,13599.392898,Long,13566.495222,13599.392898,TP,21.931784000000334,0.16153081799207672,13555.810507,13566.495222,13561.1528645,573.5192530000222,10573.519253000022,True,256
2023-01-30 08:31:00,13605.297609,2023-01-30 08:32:00,13602.767018,Long,13602.767018,13610.358790999997,SL,-2.5305909999988216,-0.018600041489168294,13591.238773,13602.767018,13597.0028955,570.9886620000234,10570.988662000023,False,257
2023-01-31 08:31:00,13496.763398,2023-01-31 08:34:00,13524.881069999996,Long,13482.704562,13524.881069999996,TP,28.117671999996674,0.20832899837425656,13470.332787,13482.704562,13476.5186745,599.1063340000201,10599.10633400002,True,258
2023-02-06 08:31:00,14104.105097,2023-02-06 08:43:00,14079.642723,Long,14079.642723,14153.029844999997,SL,-24.462373999998817,-0.17344151813787934,14070.645069,14079.642723,14075.143896000001,574.6439600000213,10574.643960000021,False,259
2023-02-09 08:31:00,14269.999358,2023-02-09 08:45:00,14210.952247999996,Short,14299.522913,14210.952247999996,TP,59.04711000000316,0.41378495204276494,14299.522913,14306.833507,14303.17821,633.6910700000244,10633.691070000024,True,260
2023-02-10 08:31:00,13913.186109,2023-02-10 08:32:00,13903.626101,Long,13903.626101,13932.306125000001,SL,-9.56000800000038,-0.06871185309464317,13874.383723,13903.626101,13889.004912,624.131062000024,10624.131062000024,False,261
2023-02-14 08:31:00,13946.646138,2023-02-14 08:34:00,13983.199111,Short,13983.199111,13873.540192,SL,-36.55297299999984,-0.26209149237969886,13983.199111,14020.87679,14002.0379505,587.5780890000242,10587.578089000024,False,261
2023-02-15 08:31:00,14155.279259,2023-02-15 08:54:00,14120.413347,Long,14120.413347,14225.011083000003,SL,-34.86591200000112,-0.24631030841608575,14119.007463,14120.413347,14119.710405,552.7121770000231,10552.712177000023,False,261
2023-02-16 08:31:00,14109.166278,2023-02-16 08:36:00,14092.014499,Long,14092.014499,14143.469836,SL,-17.151778999999806,-0.12156479456014392,14088.078025,14092.014499,14090.046262,535.5603980000233,10535.560398000023,False,261
2023-03-03 08:31:00,13630.322336,2023-03-03 08:32:00,13638.195284,Short,13638.195284,13614.576439999999,SL,-7.872948000000179,-0.057760541577262514,13638.195284,13646.349409,13642.2723465,527.6874500000231,10527.687450000023,False,261
2023-03-08 08:31:00,13727.890656,2023-03-08 08:32:00,13721.423591,Long,13721.423591,13740.824785999997,SL,-6.467064999998911,-0.04710894894236628,13707.645932,13721.423591,13714.5347615,521.2203850000242,10521.220385000024,False,261
2023-03-10 08:31:00,13488.328096,2023-03-10 08:32:00,13493.1081,Short,13493.1081,13478.768087999999,SL,-4.78000400000019,-0.0354380762832846,13493.1081,13503.511639,13498.3098695,516.440381000024,10516.440381000024,False,261
2023-03-15 08:31:00,13617.409045,2023-03-15 08:33:00,13595.978332,Long,13595.978332,13660.270471,SL,-21.43071299999974,-0.15737731700046573,13595.143369,13595.978332,13595.5608505,495.00966800002425,10495.009668000024,False,261
2023-03-21 08:31:00,14252.81577,2023-03-21 08:38:00,14237.786439,Long,14237.786439,14282.874431999999,SL,-15.029330999999729,-0.10544815314061783,14226.096959,14237.786439,14231.941698999999,479.9803370000245,10479.980337000025,False,261
2023-03-23 08:31:00,14330.188994,2023-03-23 08:32:00,14329.07571,Long,14329.07571,14332.415562000002,SL,-1.113284000000931,-0.007768801936018143,14314.603021,14329.07571,14321.8393655,478.8670530000236,10478.867053000024,False,261
2023-03-27 08:31:00,14354.402917,2023-03-27 08:35:00,14378.060197,Short,14378.060197,14307.088356999997,SL,-23.657280000001265,-0.16480852695017928,14378.060197,14379.173481,14378.616839,455.2097730000223,10455.209773000022,False,261
2023-03-28 08:31:00,14199.93479,2023-03-28 08:33:00,14170.432767999999,Short,14214.685801,14170.432767999999,TP,29.50202200000058,0.2077616724041349,14214.685801,14215.520763,14215.103282,484.7117950000229,10484.711795000023,True,262
2023-03-30 08:31:00,14529.745114,2023-03-30 08:32:00,14534.47657,Short,14534.47657,14520.282201999997,SL,-4.731456000001344,-0.03256392980660339,14534.47657,14541.434594,14537.955582,479.98033900002156,10479.980339000022,False,263
2023-04-06 08:31:00,14460.164877,2023-04-06 09:01:00,14482.152232,Short,14482.152232,14416.190166999997,SL,-21.987355000001116,-0.15205466318695776,14482.152232,14483.822158,14482.987195000002,457.99298400002044,10457.99298400002,False,263
2023-04-11 08:31:00,14619.086139,2023-04-11 08:33:00,14627.435767,Short,14627.435767,14602.386882999996,SL,-8.349628000001758,-0.05711456872620154,14627.435767,14641.908456,14634.6721115,449.6433560000187,10449.643356000019,False,263
2023-04-13 08:31:00,14522.787091,2023-04-13 08:35:00,14546.166051000002,Long,14511.097611,14546.166051000002,TP,23.378960000001825,0.16098122112173727,14506.644475,14511.097611,14508.871043,473.0223160000205,10473.02231600002,True,264
2023-04-20 08:31:00,14553.402395,2023-04-20 08:35:00,14576.224712999998,Long,14541.991236,14576.224712999998,TP,22.82231799999863,0.15681774873372237,14532.528324,14541.991236,14537.25978,495.84463400001914,10495.84463400002,True,264
2023-04-27 08:31:00,14499.964773,2023-04-27 08:32:00,14510.81929,Short,14510.81929,14478.255739,SL,-10.85451699999976,-0.07485891979690645,14510.81929,14513.324178,14512.071734000001,484.9901170000194,10484.99011700002,False,265
2023-05-02 08:31:00,14799.438113,2023-05-02 08:32:00,14800.273076,Short,14800.273076,14797.768187000001,SL,-0.834962999999334,-0.005641856086859762,14800.273076,14804.726211,14802.4996435,484.15515400002005,10484.15515400002,False,265
2023-05-04 08:31:00,14547.835976,2023-05-04 08:32:00,14538.929706,Short,14552.289111,14538.929706,TP,8.906269999999495,0.061220583011057005,14552.289111,14555.350641,14553.819876000001,493.06142400001954,10493.06142400002,True,266
2023-05-10 08:31:00,14919.672763,2023-05-10 08:40:00,14887.387533,Long,14887.387533,14984.243223000003,SL,-32.28523000000132,-0.2163936871327834,14885.717607,14887.387533,14886.55257,460.7761940000182,10460.776194000018,False,267
2023-05-16 08:31:00,14988.139716,2023-05-16 08:43:00,15019.868303999998,Long,14972.275422,15019.868303999998,TP,31.728587999998126,0.21169130126354185,14960.864263,14972.275422,14966.569842500001,492.50478200001635,10492.504782000016,True,268
2023-05-18 08:31:00,15214.414647,2023-05-18 08:33:00,15223.877558999999,Long,15209.683191,15223.877558999999,TP,9.46291199999905,0.06219701657641467,15200.776921,15209.683191,15205.230056,501.9676940000154,10501.967694000015,True,268
2023-05-25 08:31:00,15489.395744,2023-05-25 08:36:00,15454.327303999997,Short,15506.929964,15454.327303999997,TP,35.06844000000274,0.22640289253108478,15506.929964,15533.648775,15520.2893695,537.0361340000181,10537.036134000018,True,268
2023-05-31 08:31:00,15980.353898,2023-05-31 08:32:00,15961.149752,Long,15961.149752,16018.76219,SL,-19.204146000000037,-0.12017347126713825,15954.470049,15961.149752,15957.8099005,517.8319880000181,10517.831988000018,False,269
2023-06-02 08:31:00,16240.027342,2023-06-02 08:34:00,16271.755929999998,Long,16224.163048,16271.755929999998,TP,31.728587999998126,0.19537274988411854,16192.43446,16224.163048,16208.298754,549.5605760000162,10549.560576000016,True,270
2023-06-05 08:31:00,16244.758799,2023-06-05 08:42:00,16290.960076999996,Long,16221.65816,16290.960076999996,TP,46.20127799999682,0.28440728835469625,16220.544876,16221.65816,16221.101518,595.761854000013,10595.761854000013,True,270
2023-06-06 08:31:00,16179.631697,2023-06-06 08:47:00,16198.2792,Short,16198.2792,16142.336691,SL,-18.647503000000142,-0.11525295105115237,16198.2792,16209.690359,16203.9847795,577.1143510000129,10577.114351000013,False,271
2023-06-07 08:31:00,16294.299927,2023-06-07 08:33:00,16326.585157000001,Long,16278.157312,16326.585157000001,TP,32.28523000000132,0.19813818417877535,16251.16018,16278.157312,16264.658746000001,609.3995810000142,10609.399581000014,True,272
2023-06-14 08:31:00,16590.358263,2023-06-14 08:32:00,16581.008328999993,Short,16595.03323,16581.008328999993,TP,9.349934000005305,0.05635763768198805,16595.03323,16601.083187,16598.0582085,618.7495150000195,10618.74951500002,True,272
2023-06-19 08:31:00,16771.856986,2023-06-19 08:32:00,16772.68198,Short,16772.68198,16770.206997999994,SL,-0.8249940000023344,-0.004918918642646327,16772.68198,16774.606966,16773.644473,617.9245210000172,10617.924521000017,False,273
2023-06-20 08:31:00,16767.457017,2023-06-20 08:37:00,16810.906711000003,Long,16745.73217,16810.906711000003,TP,43.44969400000264,0.2591310892042267,16742.432193,16745.73217,16744.0821815,661.3742150000198,10661.37421500002,True,274
2023-07-04 08:31:00,16903.581059,2023-07-04 08:33:00,16901.381074,Long,16901.381074,16907.981029,SL,-2.1999849999992875,-0.013014904902816118,16900.006084,16901.381074,16900.693579,659.1742300000205,10659.17423000002,False,275
2023-07-05 08:31:00,16865.631326,2023-07-05 08:40:00,16892.031139999996,Long,16852.431419,16892.031139999996,TP,26.399813999996695,0.1565302447901777,16824.381616,16852.431419,16838.4065175,685.5740440000172,10685.574044000017,True,276
2023-07-10 08:31:00,16725.382313,2023-07-10 08:33:00,16711.082413,Long,16711.082413,16753.982112999995,SL,-14.29989999999816,-0.08549819509287628,16686.057589,16711.082413,16698.570001,671.2741440000191,10671.274144000019,False,277
2023-07-14 08:31:00,17330.653054,2023-07-14 08:38:00,17357.052867999995,Long,17317.453147,17357.052867999995,TP,26.399813999996695,0.15233017427409346,17294.078311,17317.453147,17305.765729,697.6739580000158,10697.673958000016,True,278
2023-07-17 08:31:00,17317.728145,2023-07-17 08:32:00,17316.628153,Long,17316.628153,17319.928129,SL,-1.0999919999994745,-0.006351826237190736,17302.328253,17316.628153,17309.478203,696.5739660000163,10696.573966000016,False,279
2023-07-18 08:31:00,17374.927742,2023-07-18 08:32:00,17378.502717,Short,17378.502717,17367.777792,SL,-3.57497499999954,-0.02057548125140019,17378.502717,17387.577653,17383.040184999998,692.9989910000168,10692.998991000017,False,279
2023-07-21 08:31:00,17238.8037,2023-07-21 08:32:00,17241.003685,Short,17241.003685,17234.40373,SL,-2.1999849999992875,-0.012761819429496071,17241.003685,17253.103599,17247.053642,690.7990060000175,10690.799006000017,False,279
2023-07-24 08:31:00,17171.97917,2023-07-24 08:32:00,17164.279225,Long,17164.279225,17187.37906,SL,-7.699945000000298,-0.044840172025437525,17137.329414,17164.279225,17150.8043195,683.0990610000172,10683.099061000017,False,279
2023-07-25 08:31:00,17174.179155,2023-07-25 08:46:00,17212.678885000005,Long,17154.92929,17212.678885000005,TP,38.49973000000318,0.2241721694675263,17150.254323,17154.92929,17152.5918065,721.5987910000204,10721.59879100002,True,280
2023-08-01 08:31:00,17356.502872,2023-08-01 08:34:00,17369.702779,Short,17369.702779,17330.103058000004,SL,-13.199906999998348,-0.07605165105749966,17369.702779,17372.727758,17371.2152685,708.398884000022,10708.398884000022,False,281
2023-08-02 08:31:00,17195.079008,2023-08-02 08:33:00,17222.303816,Short,17222.303816,17140.629392000003,SL,-27.22480799999903,-0.15832906605042468,17222.303816,17229.178768,17225.741292,681.174076000023,10681.174076000023,False,281
2023-08-03 08:31:00,16911.006007,2023-08-03 08:32:00,16908.806022,Long,16908.806022,16915.405977,SL,-2.1999849999992875,-0.013009190577359173,16897.531101,16908.806022,16903.168561500002,678.9740910000237,10678.974091000024,False,281
2023-08-04 08:31:00,17083.154795,2023-08-04 08:34:00,17111.204596999993,Long,17069.129894,17111.204596999993,TP,28.049801999994088,0.16419567893984005,17066.379913,17069.129894,17067.7549035,707.0238930000178,10707.023893000018,True,282
2023-08-14 08:31:00,16560.383474,2023-08-14 08:32:00,16541.133609999993,Short,16570.008406,16541.133609999993,TP,19.24986400000489,0.11624044835813983,16570.008406,16570.558402,16570.283404,726.2737570000227,10726.273757000023,True,282
2023-08-21 08:31:00,16292.810357,2023-08-21 08:32:00,16290.610372,Long,16290.610372,16297.210327000003,SL,-2.1999850000011065,-0.01350279633651975,16289.51038,16290.610372,16290.060376,724.0737720000216,10724.073772000022,False,283
2023-08-22 08:31:00,16584.308305,2023-08-22 08:32:00,16584.858302,Short,16584.858302,16583.208310999995,SL,-0.5499970000018948,-0.0033163698472493805,16584.858302,16593.933238,16589.395770000003,723.5237750000197,10723.52377500002,False,283
2023-08-23 08:31:00,16534.533656,2023-08-23 08:32:00,16516.93378,Long,16516.93378,16569.733408,SL,-17.599876000000222,-0.10644313511444958,16513.083807,16516.93378,16515.008793499997,705.9238990000194,10705.92389900002,False,283
2023-08-24 08:31:00,16823.006626,2023-08-24 08:36:00,16771.306989999994,Short,16848.856444,16771.306989999994,TP,51.69963600000483,0.3073150783885617,16848.856444,16866.181322,16857.518883,757.6235350000243,10757.623535000024,True,284
2023-08-25 08:31:00,16401.70959,2023-08-25 08:32:00,16397.859617,Long,16397.859617,16409.409536,SL,-3.8499730000003183,-0.023472998219329636,16386.859695,16397.859617,16392.359656,753.773562000024,10753.773562000024,False,285
2023-08-28 08:31:00,16581.283327,2023-08-28 08:33:00,16592.833245,Short,16592.833245,16558.183491,SL,-11.549918000000616,-0.0696563575461822,16592.833245,16605.483156,16599.158200500002,742.2236440000233,10742.223644000023,False,285
2023-08-31 08:31:00,17089.754749,2023-08-31 08:34:00,17068.3049,Long,17068.3049,17132.654447,SL,-21.44984900000054,-0.12551291294133798,17042.180084,17068.3049,17055.242491999998,720.7737950000228,10720.773795000023,False,285
2023-09-04 08:31:00,17116.704559,2023-09-04 08:35:00,17122.204519000003,Long,17113.954579,17122.204519000003,TP,5.4999600000010105,0.0321321197140668,17110.379604,17113.954579,17112.1670915,726.2737550000238,10726.273755000024,True,286
2023-09-07 08:31:00,16683.032611,2023-09-07 08:35:00,16715.207384,Short,16715.207384,16618.683064999994,SL,-32.17477300000246,-0.19285925856662262,16715.207384,16716.857373,16716.0323785,694.0989820000214,10694.098982000021,False,287
2023-09-08 08:31:00,16841.431496,2023-09-08 08:34:00,16882.681206000005,Long,16820.806641,16882.681206000005,TP,41.24971000000369,0.24492995152936306,16807.606734,16820.806641,16814.206687500002,735.348692000025,10735.348692000025,True,288
2023-09-13 08:31:00,16879.659704,2023-09-13 08:34:00,16855.222794,Long,16855.222794,16928.533524000002,SL,-24.436910000000353,-0.1447713427197202,16838.931521,16855.222794,16847.0771575,710.9117820000247,10710.911782000025,False,289
2023-09-14 08:31:00,16938.579809,2023-09-14 08:33:00,16959.486943,Short,16959.486943,16896.765540999997,SL,-20.90713400000095,-0.1234290845853106,16959.486943,16961.11607,16960.3015065,690.0046480000237,10690.004648000024,False,289
2023-09-19 08:31:00,16660.8136,2023-09-19 08:32:00,16662.171207,Short,16662.171207,16658.098386000005,SL,-1.3576069999980973,-0.008148503624085304,16662.171207,16671.945971,16667.058589,688.6470410000256,10688.647041000026,False,289
2023-09-20 08:31:00,16701.270262,2023-09-20 08:32:00,16717.290014,Short,16717.290014,16669.230757999998,SL,-16.019752000000153,-0.09591936271128737,16717.290014,16743.08453,16730.187272,672.6272890000255,10672.627289000025,False,289
2023-09-21 08:31:00,16300.776462,2023-09-21 08:32:00,16287.471923,Long,16287.471923,16327.385540000001,SL,-13.30453900000066,-0.08161905066924817,16280.412371,16287.471923,16283.942147,659.3227500000248,10659.322750000025,False,289
2023-09-22 08:31:00,16208.187726,2023-09-22 08:32:00,16209.273811,Short,16209.273811,16206.015556000002,SL,-1.0860849999990023,-0.006700841687912976,16209.273811,16218.234011,16213.753911,658.2366650000258,10658.236665000026,False,289
2023-09-27 08:31:00,16046.089558,2023-09-27 08:32:00,16041.202176,Long,16041.202176,16055.864321999998,SL,-4.887381999998979,-0.030458399115454938,16026.268509,16041.202176,16033.7353425,653.3492830000268,10653.349283000027,False,289
2023-10-04 08:31:00,16049.347812,2023-10-04 08:33:00,16064.009957999999,Long,16042.016739,16064.009957999999,TP,14.662145999998756,0.09135664683543065,16027.626115,16042.016739,16034.821426999999,668.0114290000256,10668.011429000026,True,290
2023-10-06 08:31:00,16058.579534,2023-10-06 08:35:00,16028.983721,Long,16028.983721,16117.77116,SL,-29.595812999999907,-0.18429907164166184,16013.507011,16028.983721,16021.245366,638.4156160000257,10638.415616000026,False,291
2023-10-11 08:31:00,16686.336595,2023-10-11 08:44:00,16658.912952,Long,16658.912952,16741.183881000004,SL,-27.423643000001903,-0.16434789532064992,16648.052103,16658.912952,16653.4825275,610.9919730000238,10610.991973000024,False,291
2023-10-19 08:31:00,16396.080411,2023-10-19 08:32:00,16388.477817,Long,16388.477817,16411.285599,SL,-7.602593999999954,-0.04636836249534026,16387.391732,16388.477817,16387.934774499998,603.3893790000238,10603.389379000024,False,291
2023-10-20 08:31:00,16102.565972,2023-10-20 08:37:00,16117.77116,Short,16117.77116,16072.155596,SL,-15.205187999999907,-0.09442711196736904,16117.77116,16136.234603,16127.0028815,588.1841910000239,10588.184191000024,False,291
2023-10-25 08:31:00,15968.70601,2023-10-25 08:35:00,15913.315681999999,Short,15996.401174,15913.315681999999,TP,55.39032800000132,0.34686798019397763,15996.401174,16003.460726,15999.93095,643.5745190000252,10643.574519000025,True,292
2023-10-27 08:31:00,15555.722234,2023-10-27 08:32:00,15548.934203,Long,15548.934203,15569.298296,SL,-6.788031000000046,-0.04363687457187625,15547.305076,15548.934203,15548.1196395,636.7864880000252,10636.786488000025,False,293
2023-10-30 08:31:00,15575.814804,2023-10-30 08:32:00,15592.377599,Short,15592.377599,15542.689214,SL,-16.562794999999824,-0.10633661999978555,15592.377599,15596.178896,15594.278247499999,620.2236930000254,10620.223693000025,False,293
2023-11-06 08:31:00,16547.860773,2023-11-06 08:32:00,16538.629051,Long,16538.629051,16566.324217,SL,-9.231722000000445,-0.05578800865344002,16514.735184,16538.629051,16526.6821175,610.9919710000249,10610.991971000025,False,293
2023-11-10 08:31:00,16640.72103,2023-11-10 08:32:00,16641.535594,Short,16641.535594,16639.091902,SL,-0.8145640000002459,-0.004895004240091187,16641.535594,16642.8932,16642.214397,610.1774070000247,10610.177407000025,False,293
2023-11-20 08:31:00,17316.808869,2023-11-20 08:51:00,17364.053561,Long,17293.186523,17364.053561,TP,47.244692000000214,0.2728256248446338,17265.219837,17293.186523,17279.20318,657.4220990000249,10657.422099000025,True,294
2023-11-21 08:31:00,17364.325082,2023-11-21 08:32:00,17371.656155,Short,17371.656155,17349.662935999997,SL,-7.331073000001197,-0.042219164668833846,17371.656155,17384.146131,17377.901143000003,650.0910260000237,10650.091026000024,False,295
2023-11-22 08:31:00,17499.814171,2023-11-22 08:34:00,17536.198013000005,Long,17481.62225,17536.198013000005,TP,36.383842000002915,0.2079098763248399,17454.198606,17481.62225,17467.910428000003,686.4748680000266,10686.474868000027,True,296
2023-11-23 08:31:00,17441.165588,2023-11-23 08:32:00,17442.794715,Short,17442.794715,17437.907334,SL,-1.6291270000001532,-0.00934070026329569,17442.794715,17444.423842,17443.6092785,684.8457410000265,10684.845741000026,False,297
2023-11-24 08:31:00,17399.079799,2023-11-24 08:32:00,17400.980447,Short,17400.980447,17395.278502999994,SL,-1.9006480000025476,-0.010923842076474562,17400.980447,17404.781744,17402.8810955,682.9450930000239,10682.945093000024,False,297
2023-11-27 08:31:00,17408.31152,2023-11-27 08:32:00,17393.649374,Long,17393.649374,17437.635811999997,SL,-14.662145999998756,-0.08422497485269471,17376.272016,17393.649374,17384.960695,668.2829470000252,10668.282947000025,False,297
2023-11-29 08:31:00,17553.846894,2023-11-29 08:32:00,17564.164699999998,Long,17548.687991,17564.164699999998,TP,10.31780599999911,0.05877803345502457,17539.456269,17548.687991,17544.07213,678.6007530000243,10678.600753000024,True,298
2023-12-06 08:31:00,17371.384634,2023-12-06 08:35:00,17336.629917999995,Short,17388.761992,17336.629917999995,TP,34.7547160000031,0.20006877247988464,17388.761992,17403.695659,17396.228825500002,713.3554690000274,10713.355469000027,True,298
2023-12-08 08:31:00,17333.371663,2023-12-08 08:32:00,17332.828621,Long,17332.828621,17334.457747000004,SL,-0.5430420000011509,-0.003132927687463911,17329.841887,17332.828621,17331.335253999998,712.8124270000262,10712.812427000026,False,299
2023-12-13 08:31:00,17837.75052,2023-12-13 08:46:00,17815.774266,Long,17815.774266,17881.703028000004,SL,-21.976254000001063,-0.12320081489737678,17806.126154,17815.774266,17810.950210000003,690.8361730000252,10690.836173000025,False,299
2023-12-15 08:31:00,18026.424705,2023-12-15 08:33:00,18003.644441,Long,18003.644441,18071.985233000003,SL,-22.780264000000898,-0.12637150390494417,17999.356391,18003.644441,18001.500416000003,668.0559090000243,10668.055909000024,False,299
2023-12-18 08:31:00,18084.313375,2023-12-18 08:48:00,18059.925093,Long,18059.925093,18133.089939,SL,-24.38828199999989,-0.1348587667901983,18059.657089,18059.925093,18059.791091,643.6676270000244,10643.667627000024,False,299
2023-12-19 08:31:00,18203.574756,2023-12-19 08:32:00,18196.606675,Long,18196.606675,18217.510918000007,SL,-6.968081000002712,-0.038278640835124944,18175.702433,18196.606675,18186.154554,636.6995460000217,10636.699546000022,False,299
2023-12-21 08:31:00,18167.66234,2023-12-21 08:32:00,18162.034275,Long,18162.034275,18178.918469999993,SL,-5.62806499999715,-0.030978476452668102,18145.954089,18162.034275,18153.994182000002,631.0714810000245,10631.071481000025,False,299
2023-12-22 08:31:00,18239.219168,2023-12-22 08:32:00,18233.055097,Long,18233.055097,18251.547309999998,SL,-6.16407099999924,-0.03379569565573214,18226.891026,18233.055097,18229.9730615,624.9074100000253,10624.907410000025,False,299
2023-12-26 08:31:00,18248.86728,2023-12-26 08:32:00,18246.723255,Long,18246.723255,18253.155329999994,SL,-2.1440249999977823,-0.011748811403475681,18237.879153,18246.723255,18242.301204000003,622.7633850000275,10622.763385000027,False,299
2023-12-27 08:31:00,18340.792344,2023-12-27 08:32:00,18333.556261,Long,18333.556261,18355.26451,SL,-7.23608299999978,-0.03945349178094255,18323.908149,18333.556261,18328.732205,615.5273020000277,10615.527302000028,False,299
2024-01-08 08:31:00,17727.065239,2024-01-08 08:40:00,17769.945734999998,Long,17705.624991,17769.945734999998,TP,42.88049599999795,0.24189280866220175,17703.480966,17705.624991,17704.5529785,658.4077980000257,10658.407798000026,True,300
2024-01-09 08:31:00,17902.875274,2024-01-09 08:37:00,17883.847054,Long,17883.847054,17940.931714000002,SL,-19.028220000000147,-0.10628583235249625,17878.218989,17883.847054,17881.0330215,639.3795780000255,10639.379578000026,False,301
2024-01-10 08:31:00,18071.717229,2024-01-10 08:32:00,18087.261409000006,Long,18063.945139,18087.261409000006,TP,15.544180000004417,0.08601385138463986,18054.029024,18063.945139,18058.9870815,654.9237580000299,10654.92375800003,True,302
2024-01-11 08:31:00,18223.406985,2024-01-11 08:32:00,18216.438905,Long,18216.438905,18237.343145000006,SL,-6.968080000002374,-0.03823697734313852,18209.738827,18216.438905,18213.088866,647.9556780000275,10647.955678000028,False,303
2024-01-15 08:31:00,18184.814538,2024-01-15 08:32:00,18183.474523,Long,18183.474523,18187.494567999995,SL,-1.3400149999979476,-0.0073688681135448365,18180.526489,18183.474523,18182.000506,646.6156630000296,10646.61566300003,False,303
2024-01-16 08:31:00,18145.150079,2024-01-16 08:32:00,18139.254011,Long,18139.254011,18156.942214999995,SL,-5.896067999998195,-0.03249390594361584,18136.841983,18139.254011,18138.047997,640.7195950000314,10640.719595000031,False,303
2024-01-18 08:31:00,18248.86728,2024-01-18 08:32:00,18245.115237,Long,18245.115237,18256.371365999992,SL,-3.7520429999967746,-0.02056041584624191,18224.210995,18245.115237,18234.663116000003,636.9675520000346,10636.967552000035,False,303
2024-01-22 08:31:00,18821.857914,2024-01-22 08:40:00,18798.005638,Long,18798.005638,18869.562466000003,SL,-23.85227600000144,-0.12672646934742682,18793.717588,18798.005638,18795.861613,613.1152760000332,10613.115276000033,False,303
2024-01-23 08:31:00,18711.440636,2024-01-23 08:51:00,18736.096921,Short,18736.096921,18662.128065999997,SL,-24.656285000000935,-0.13177117400871483,18736.096921,18743.333005,18739.714963,588.4589910000323,10588.458991000032,False,303
2024-01-25 08:31:00,18955.591462,2024-01-25 08:32:00,18971.671648,Short,18971.671648,18923.431090000002,SL,-16.08018599999923,-0.08483083227571635,18971.671648,18992.307887,18981.9897675,572.378805000033,10572.378805000033,False,303
2024-02-06 08:31:00,19037.600412,2024-02-06 08:32:00,19026.612285,Long,19026.612285,19059.576666,SL,-10.988127000000532,-0.057718025182808066,19018.840195,19026.612285,19022.72624,561.3906780000325,10561.390678000032,False,303
2024-02-07 08:31:00,19036.260396,2024-02-07 08:32:00,19047.248523,Short,19047.248523,19014.284142000008,SL,-10.988126999996894,-0.057722088117190165,19047.248523,19049.660551,19048.454536999998,550.4025510000356,10550.402551000036,False,303
2024-02-12 08:31:00,19310.42757,2024-02-12 08:32:00,19319.807679,Short,19319.807679,19291.667351999997,SL,-9.38010900000154,-0.04857535632496375,19319.807679,19325.435744,19322.6217115,541.0224420000341,10541.022442000034,False,303
2024-02-14 08:31:00,19080.212905,2024-02-14 08:32:00,19077.532874,Long,19077.532874,19085.572967,SL,-2.6800309999998717,-0.014046127332769777,19073.512828,19077.532874,19075.522851,538.3424110000342,10538.342411000034,False,303
2024-02-16 08:31:00,19199.206283,2024-02-16 08:37:00,19211.534426,Short,19211.534426,19174.549997000002,SL,-12.328142999998818,-0.06421173260123161,19211.534426,19216.090478,19213.812452,526.0142680000354,10526.014268000035,False,303
2024-02-19 08:31:00,19075.924855,2024-02-19 08:32:00,19075.924855,Long,19075.924855,19075.924855,SL,0.0,0.0,19071.904809,19075.924855,19073.914832000002,526.0142680000354,10526.014268000035,False,303
2024-02-20 08:31:00,18986.947825,2024-02-20 08:34:00,18950.499403,Long,18950.499403,19059.844668999995,SL,-36.44842199999766,-0.19196567208135606,18937.635254,18950.499403,18944.0673285,489.5658460000377,10489.565846000038,False,303
2024-02-26 08:31:00,19344.463965,2024-02-26 08:32:00,19327.579769,Long,19327.579769,19378.232356999997,SL,-16.884195999999065,-0.08728179819584402,19314.71562,19327.579769,19321.1476945,472.68165000003864,10472.681650000039,False,303
2024-02-29 08:31:00,19341.51593,2024-02-29 08:32:00,19340.175915,Long,19340.175915,19344.195960000005,SL,-1.3400150000015856,-0.006928179801683133,19333.74384,19340.175915,19336.959877499998,471.34163500003706,10471.341635000037,False,303
2024-03-01 08:31:00,19439.873069,2024-03-01 08:48:00,19407.9807,Long,19407.9807,19503.657807000003,SL,-31.892369000001054,-0.16405646727631445,19401.012619,19407.9807,19404.4966595,439.449266000036,10439.449266000036,False,303
2024-03-05 08:31:00,19422.720871,2024-03-05 08:32:00,19397.528581000002,Short,19435.317016,19397.528581000002,TP,25.192289999999048,0.12970525688609144,19435.317016,19436.389029,19435.8530225,464.64155600003505,10464.641556000035,True,304
2024-03-13 08:31:00,19450.661831,2024-03-13 08:45:00,19410.473967,Short,19470.755763,19410.473967,TP,40.187863999999536,0.20661437821076645,19470.755763,19487.412576,19479.084169499998,504.8294200000346,10504.829420000035,True,304
2024-03-14 08:31:00,19407.565635,2024-03-14 08:32:00,19412.589118,Short,19412.589118,19397.518668999997,SL,-5.0234830000008515,-0.025884147937345628,19412.589118,19427.659567,19420.1243425,499.80593700003374,10499.805937000034,False,305
2024-03-19 08:31:00,19159.56421,2024-03-19 08:33:00,19184.417232,Short,19184.417232,19109.858166,SL,-24.853021999999328,-0.12971600881729725,19184.417232,19186.796776,19185.607003999998,474.9529150000344,10474.952915000034,False,305
2024-03-20 08:31:00,19387.207309,2024-03-20 08:32:00,19375.57398,Long,19375.57398,19410.473967,SL,-11.63332900000023,-0.06000518184276992,19372.930042,19375.57398,19374.252011,463.3195860000342,10463.319586000034,False,305
2024-03-27 08:31:00,19616.436771,2024-03-27 08:33:00,19591.054963000002,Short,19629.127675,19591.054963000002,TP,25.381807999998273,0.1293905121317523,19629.127675,19632.036008,19630.5818415,488.70139400003245,10488.701394000032,True,306
2024-03-28 08:31:00,19532.888316,2024-03-28 08:38:00,19555.097399,Short,19555.097399,19488.470150000005,SL,-22.209082999997918,-0.11370096752053695,19555.097399,19560.120882,19557.609140499997,466.49231100003453,10466.492311000035,False,307
2024-04-01 08:31:00,19557.21255,2024-04-01 08:32:00,19560.120882,Short,19560.120882,19551.395886000002,SL,-2.9083319999990636,-0.014870892222312445,19560.120882,19560.64967,19560.385276,463.58397900003547,10463.583979000035,False,307
2024-04-03 08:31:00,19310.797489,2024-04-03 09:00:00,19338.823237,Long,19296.784615,19338.823237,TP,28.02574800000002,0.14512993580904318,19292.28992,19296.784615,19294.5372675,491.6097270000355,10491.609727000035,True,308
2024-04-15 08:31:00,19350.985353,2024-04-15 08:35:00,19313.441429000002,Short,19369.757315,19313.441429000002,TP,37.54392399999779,0.19401556724436939,19369.757315,19388.529278,19379.1432965,529.1536510000333,10529.153651000033,True,308
2024-04-17 08:31:00,18984.271093,2024-04-17 08:32:00,18986.386243,Short,18986.386243,18980.040792999996,SL,-2.1151500000014494,-0.011141591845374358,18986.386243,18987.179425,18986.782833999998,527.0385010000318,10527.038501000032,False,309
2024-04-19 08:31:00,18485.095518,2024-04-19 08:32:00,18485.359911,Short,18485.359911,18484.566731999996,SL,-0.2643930000012915,-0.0014303036721873407,18485.359911,18494.87809,18490.1190005,526.7741080000305,10526.77410800003,False,309
2024-05-06 08:31:00,19095.580901,2024-05-06 08:32:00,19099.282414,Short,19099.282414,19088.177875,SL,-3.701512999999977,-0.019384134052743772,19099.282414,19107.21423,19103.248322,523.0725950000306,10523.07259500003,False,309
2024-05-08 08:31:00,19150.57482,2024-05-08 08:33:00,19135.768765,Long,19135.768765,19180.186930000003,SL,-14.806055000000924,-0.07731389339049052,19134.182402,19135.768765,19134.9755835,508.26654000002964,10508.26654000003,False,309
2024-05-14 08:31:00,19340.938387,2024-05-14 08:32:00,19333.006571,Long,19333.006571,19356.80201899999,SL,-7.931815999996616,-0.041010502392831064,19329.040664,19333.006571,19331.023617500003,500.334724000033,10500.334724000033,False,309
2024-05-22 08:31:00,19894.843487,2024-05-22 08:32:00,19892.99273,Long,19892.99273,19898.54500099999,SL,-1.8507569999965199,-0.009302696958666052,19891.406367,19892.99273,19892.1995485,498.4839670000365,10498.483967000037,False,309
2024-05-23 08:31:00,20037.880556,2024-05-23 08:45:00,19988.703299999997,Short,20062.469184,19988.703299999997,TP,49.17725600000267,0.2454214449605419,20062.469184,20066.170697,20064.3199405,547.6612230000392,10547.66122300004,True,310
2024-05-24 08:31:00,19829.00942,2024-05-24 08:32:00,19823.721541999996,Short,19831.653359,19823.721541999996,TP,5.28787800000282,0.026667383569193043,19831.653359,19839.32078,19835.4870695,552.949101000042,10552.949101000042,True,310
2024-05-27 08:31:00,19979.978305,2024-05-27 08:36:00,19992.140423,Long,19973.897246,19992.140423,TP,12.162118000000191,0.060871527557948425,19967.2874,19973.897246,19970.592323,565.1112190000422,10565.111219000042,True,310
2024-05-29 08:31:00,19878.451069,2024-05-29 08:33:00,19871.841223,Long,19871.841223,19891.670760999998,SL,-6.609845999999379,-0.033251313077945426,19845.930626,19871.841223,19858.8859245,558.5013730000428,10558.501373000043,False,311
2024-05-30 08:31:00,19833.239722,2024-05-30 08:32:00,19838.527599,Short,19838.527599,19822.663967999993,SL,-5.2878770000024815,-0.026661690546385675,19838.527599,19840.642749,19839.585174,553.2134960000403,10553.21349600004,False,311
2024-06-05 08:31:00,19920.48969,2024-06-05 08:32:00,19923.92681,Short,19923.92681,19913.615449999994,SL,-3.4371200000023236,-0.017254194316958703,19923.92681,19930.536656,19927.231733,549.776376000038,10549.776376000038,False,311
2024-06-07 08:31:00,20114.554771,2024-06-07 08:32:00,20113.497197,Short,20115.083558,20113.497197,TP,1.0575739999985672,0.005257754954254896,20115.083558,20131.475977,20123.279767499997,550.8339500000366,10550.833950000037,True,312
2024-06-17 08:31:00,20837.530543,2024-06-17 08:32:00,20833.616362,Long,20833.616362,20845.358905,SL,-3.9141810000000987,-0.018784284404156512,20833.355417,20833.616362,20833.4858895,546.9197690000365,10546.919769000036,False,313
2024-06-19 08:31:00,21132.398796,2024-06-19 08:32:00,21136.573922000003,Long,21130.311233,21136.573922000003,TP,4.17512600000191,0.019756990393311094,21129.006507,21130.311233,21129.65887,551.0948950000384,10551.094895000038,True,314
2024-06-21 08:31:00,20869.104931,2024-06-21 08:32:00,20881.369363,Short,20881.369363,20844.576067,SL,-12.264431999999942,-0.05876836615921054,20881.369363,20889.980559,20885.674961,538.8304630000384,10538.830463000038,False,315
2024-06-27 08:31:00,20894.416631,2024-06-27 08:33:00,20913.726588999998,Long,20884.761652,20913.726588999998,TP,19.309957999998005,0.09241683240559484,20873.280057,20884.761652,20879.0208545,558.1404210000364,10558.140421000036,True,316
2024-06-28 08:31:00,20927.295745,2024-06-28 08:32:00,20935.385052,Short,20935.385052,20911.117130999995,SL,-8.089307000002009,-0.038654334982267,20935.385052,20943.996248,20939.69065,550.0511140000344,10550.051114000034,False,317
2024-07-03 08:31:00,21143.358501,2024-07-03 08:35:00,21123.004763,Long,21123.004763,21184.065976999995,SL,-20.353737999997975,-0.09626539699941862,21110.479386,21123.004763,21116.742074499998,529.6973760000365,10529.697376000036,False,317
2024-07-04 08:31:00,21293.402081,2024-07-04 08:33:00,21288.183172999998,Short,21296.011535,21288.183172999998,TP,5.218908000002557,0.024509507593713096,21296.011535,21298.099098,21297.055316500002,534.916284000039,10534.916284000039,True,318
2024-07-05 08:31:00,21362.813546,2024-07-05 08:34:00,21344.025481,Long,21344.025481,21400.389676000003,SL,-18.788065000000643,-0.08794752132973861,21340.1113,21344.025481,21342.0683905,516.1282190000384,10516.128219000038,False,319
2024-07-16 08:31:00,21545.997187,2024-07-16 08:32:00,21547.823805,Short,21547.823805,21542.343951000003,SL,-1.8266179999991436,-0.00847776031968134,21547.823805,21549.389477,21548.606641,514.3016010000392,10514.30160100004,False,319
2024-07-18 08:31:00,20991.227358,2024-07-18 08:42:00,20940.603958000003,Short,21016.539058,20940.603958000003,TP,50.623399999996764,0.24116455477627705,21016.539058,21017.843784,21017.191421,564.925001000036,10564.925001000036,True,320
2024-07-19 08:31:00,20712.798662,2024-07-19 08:32:00,20733.674291,Short,20733.674291,20671.047404000004,SL,-20.8756289999983,-0.10078613392934209,20733.674291,20738.632252,20736.1532715,544.0493720000377,10544.049372000038,False,321
2024-07-22 08:31:00,20773.077039,2024-07-22 08:36:00,20794.996449,Short,20794.996449,20729.238219000003,SL,-21.919409999998607,-0.10551835897419745,20794.996449,20820.047204,20807.5218265,522.1299620000391,10522.129962000039,False,321
2024-07-26 08:31:00,19963.885487,2024-07-26 08:32:00,19980.064099,Short,19980.064099,19931.528263,SL,-16.178611999999703,-0.0810393949140553,19980.064099,19997.547438,19988.805768500002,505.9513500000394,10505.95135000004,False,321
2024-07-29 08:31:00,20074.265373,2024-07-29 08:32:00,20106.622598,Short,20106.622598,20009.55092299999,SL,-32.35722500000338,-0.16118759216725329,20106.622598,20124.888773,20115.7556855,473.594125000036,10473.594125000036,False,321
2024-07-31 08:31:00,20191.429839,2024-07-31 08:40:00,20215.175866,Short,20215.175866,20143.937785,SL,-23.74602700000105,-0.11760448462216035,20215.175866,20218.30721,20216.741538000002,449.84809800003495,10449.848098000035,False,321
2024-08-02 08:31:00,19435.99303,2024-08-02 08:33:00,19392.154210000004,Short,19457.91244,19392.154210000004,TP,43.83881999999721,0.22555482466129084,19457.91244,19460.260948,19459.086693999998,493.68691800003216,10493.686918000032,True,322
2024-08-07 08:31:00,19313.870603,2024-08-07 08:32:00,19286.993231,Long,19286.993231,19367.625346999997,SL,-26.877371999999013,-0.13916098203445657,19268.988001,19286.993231,19277.990616000003,466.80954600003315,10466.809546000033,False,323
2024-08-09 08:31:00,19292.212138,2024-08-09 08:35:00,19264.03004,Long,19264.03004,19348.576333999994,SL,-28.182097999997495,-0.14608017887428798,19263.769094,19264.03004,19263.899567,438.62744800003566,10438.627448000036,False,323
2024-08-13 08:31:00,19682.847338,2024-08-13 08:42:00,19655.969966,Long,19655.969966,19736.602081999998,SL,-26.877371999999013,-0.13655225556776612,19653.882403,19655.969966,19654.9261845,411.75007600003664,10411.750076000037,False,323
2024-08-14 08:31:00,20001.722564,2024-08-14 08:32:00,19991.545695,Long,19991.545695,20022.076301999998,SL,-10.176868999998987,-0.05087996280038287,19977.1937,19991.545695,19984.3696975,401.57320700003766,10401.573207000038,False,323
2024-08-20 08:31:00,20709.145427,2024-08-20 08:34:00,20729.499164999997,Long,20698.968558,20729.499164999997,TP,20.353737999997975,0.09828381413296439,20688.269798,20698.968558,20693.619178,421.92694500003563,10421.926945000036,True,324
2024-08-23 08:31:00,20582.847874,2024-08-23 08:40:00,20606.854847,Short,20606.854847,20534.833928,SL,-24.00697299999956,-0.11663581807027236,20606.854847,20611.812809,20609.333828,397.91997200003607,10397.919972000036,False,325
2024-08-28 08:31:00,20507.956557,2024-08-28 08:32:00,20500.650087,Long,20500.650087,20522.569497,SL,-7.3064699999995355,-0.03562748916349548,20485.515256,20500.650087,20493.0826715,390.61350200003653,10390.613502000037,False,325
2024-09-02 08:31:00,20484.73242,2024-09-02 08:33:00,20480.035403,Long,20480.035403,20494.126453999997,SL,-4.697016999998596,-0.022929354915140237,20477.947841,20480.035403,20478.991622,385.91648500003794,10385.916485000038,False,325
2024-09-03 08:31:00,20313.552266,2024-09-03 08:32:00,20301.548779999997,Short,20319.554009,20301.548779999997,TP,12.00348600000143,0.0590910237796881,20319.554009,20326.338588,20322.9462985,397.91997100003937,10397.91997100004,True,326
2024-09-10 08:31:00,19622.047069,2024-09-10 08:34:00,19593.082135,Long,19593.082135,19679.976937,SL,-28.96493399999963,-0.14761423157403408,19584.209993,19593.082135,19588.646064,368.95503700003974,10368.95503700004,False,327
2024-09-12 08:31:00,20054.694471,2024-09-12 08:33:00,20083.398461,Short,20083.398461,19997.286490999995,SL,-28.703990000001795,-0.14312853303005474,20083.398461,20091.748712,20087.573586500002,340.25104700003794,10340.251047000038,False,327
2024-09-16 08:31:00,20260.319413,2024-09-16 08:33:00,20226.918407,Short,20277.019916,20226.918407,TP,33.40100600000005,0.1648592271381879,20277.019916,20280.15126,20278.585588,373.652053000038,10373.652053000038,True,328
2024-09-17 08:31:00,20438.127842,2024-09-17 08:32:00,20430.391402,Long,20430.391402,20453.600722000003,SL,-7.736440000000584,-0.037852977825602666,20419.302504,20430.391402,20424.846953,365.9156130000374,10365.915613000037,False,329
2024-09-18 08:31:00,20333.428017,2024-09-18 08:32:00,20348.127254,Short,20348.127254,20304.029542999997,SL,-14.699237000000721,-0.07229099287985899,20348.127254,20348.385135,20348.256194499998,351.2163760000367,10351.216376000037,False,329
2024-09-19 08:31:00,20671.510456,2024-09-19 08:32:00,20676.15232,Short,20676.15232,20662.226727999998,SL,-4.641864000001078,-0.022455369238166902,20676.15232,20680.278421,20678.215370500002,346.5745120000356,10346.574512000036,False,329
2024-09-25 08:31:00,20805.350872,2024-09-25 08:35:00,20832.170532,Long,20791.941042,20832.170532,TP,26.819660000001022,0.1289075111734603,20782.399433,20791.941042,20787.1702375,373.39417200003663,10373.394172000037,True,330
2024-09-26 08:31:00,21118.418821,2024-09-26 08:35:00,21087.988823,Short,21133.63382,21087.988823,TP,30.429997999999614,0.14409221759415175,21133.63382,21148.590938,21141.112379,403.82417000003625,10403.824170000036,True,330
2024-09-27 08:31:00,20990.767557,2024-09-27 08:33:00,21002.88798,Short,21002.88798,20966.526711,SL,-12.1204230000003,-0.05774168556289111,21002.88798,21018.36086,21010.62442,391.70374700003595,10391.703747000036,False,331
2024-10-04 08:31:00,20851.769514,2024-10-04 08:32:00,20836.296634,Short,20859.505954,20836.296634,TP,15.472880000001169,0.0742041580193594,20859.505954,20862.084767,20860.7953605,407.1766270000371,10407.176627000037,True,332
2024-10-08 08:31:00,20715.608165,2024-10-08 08:32:00,20725.923419,Short,20725.923419,20694.977657000007,SL,-10.315253999997367,-0.04979459892191568,20725.923419,20726.1813,20726.052359499998,396.86137300003975,10396.86137300004,False,333
2024-10-16 08:31:00,20944.606797,2024-10-16 08:51:00,20861.569004999998,Short,20986.125693,20861.569004999998,TP,83.03779200000281,0.3964638381843326,20986.125693,20988.962387,20987.54404,479.89916500004256,10479.899165000043,True,334
2024-10-17 08:31:00,21187.788902,2024-10-17 08:34:00,21149.106701999997,Short,21207.130002,21149.106701999997,TP,38.68220000000292,0.18256836604763205,21207.130002,21220.797713,21213.9638575,518.5813650000455,10518.581365000045,True,334
2024-10-18 08:31:00,21081.026026,2024-10-18 08:32:00,21101.398652,Short,21101.398652,21040.280774,SL,-20.37262600000031,-0.0966396321264155,21101.398652,21109.650855,21105.5247535,498.20873900004517,10498.208739000045,False,335
2024-10-21 08:31:00,21084.120602,2024-10-21 08:32:00,21083.089077,Long,21083.089077,21086.183651999996,SL,-1.0315249999985099,-0.004892426008513067,21074.836874,21083.089077,21078.9629755,497.17721400004666,10497.177214000047,False,335
2024-10-22 08:31:00,21023.260606,2024-10-22 08:32:00,21034.091622,Short,21034.091622,21001.598574,SL,-10.83101600000009,-0.051519201531036236,21034.091622,21035.63891,21034.865266,486.34619800004657,10486.346198000047,False,335
2024-10-24 08:31:00,20955.695694,2024-10-24 08:35:00,20993.862133,Short,20993.862133,20879.362815999997,SL,-38.16643900000054,-0.18212919082866952,20993.862133,21005.724674,20999.7934035,448.17975900004603,10448.179759000046,False,335
2024-10-25 08:31:00,21169.479326,2024-10-25 08:32:00,21184.436444,Long,21162.000767,21184.436444,TP,14.957117999998445,0.0706541609723408,21140.080853,21162.000767,21151.04081,463.1368770000445,10463.136877000044,True,336
2024-10-28 08:31:00,21213.577036,2024-10-28 08:32:00,21243.23339,Short,21243.23339,21154.264327999994,SL,-29.656354000002466,-0.13979893136209348,21243.23339,21271.084575,21257.1589825,433.480523000042,10433.480523000042,False,337
2024-10-29 08:31:00,21125.381617,2024-10-29 08:35:00,21078.962974999995,Short,21148.590938,21078.962974999995,TP,46.41864200000418,0.21972924722292453,21148.590938,21154.522209,21151.5565735,479.8991650000462,10479.899165000046,True,338
2024-10-31 08:31:00,20940.996458,2024-10-31 08:47:00,20855.895616,Short,20983.546879,20855.895616,TP,85.10084199999983,0.40638391860044043,20983.546879,21003.145861,20993.34637,565.000007000046,10565.000007000046,True,338
2024-11-05 08:31:00,20841.712141,2024-11-05 08:54:00,20905.666713000002,Long,20809.734855,20905.666713000002,TP,63.95457200000237,0.30685853238607197,20789.104348,20809.734855,20799.419601499998,628.9545790000484,10628.954579000048,True,338
2024-11-08 08:31:00,21869.111406,2024-11-08 08:32:00,21866.274711,Long,21866.274711,21874.784796000004,SL,-2.8366950000017823,-0.01297124033683192,21860.085559,21866.274711,21863.180135,626.1178840000466,10626.117884000047,False,339
2024-11-14 08:31:00,21812.635392,2024-11-14 08:32:00,21812.635392,Long,21812.635392,21812.635392,SL,0.0,0.0,21805.156833,21812.635392,21808.8961125,626.1178840000466,10626.117884000047,False,339
2024-11-18 08:31:00,21181.083987,2024-11-18 08:32:00,21185.210088,Short,21185.210088,21172.831785000006,SL,-4.126100999998016,-0.01948012199248363,21185.210088,21203.261782,21194.235935,621.9917830000486,10621.991783000049,False,339
2024-11-19 08:31:00,21205.324833,2024-11-19 08:32:00,21172.316021,Long,21172.316021,21271.342457,SL,-33.008812000000034,-0.1556628453464259,21170.510852,21172.316021,21171.4134365,588.9829710000486,10588.982971000049,False,339
2024-11-25 08:31:00,21627.73447,2024-11-25 08:32:00,21640.112775,Short,21640.112775,21602.977859999995,SL,-12.378305000002001,-0.05723347961929182,21640.112775,21675.442518,21657.7776465,576.6046660000466,10576.604666000047,False,339
2024-11-26 08:31:00,21635.213029,2024-11-26 09:00:00,21604.52515,Long,21604.52515,21696.588786999993,SL,-30.687878999997338,-0.14184227795151855,21600.141167,21604.52515,21602.3331585,545.9167870000492,10545.91678700005,False,339
2024-11-27 08:31:00,21541.859984,2024-11-27 08:33:00,21553.980407,Short,21553.980407,21517.619138,SL,-12.1204230000003,-0.056264514805140435,21553.980407,21592.404726,21573.1925665,533.7963640000489,10533.796364000049,False,339
2024-11-28 08:31:00,21544.180916,2024-11-28 08:32:00,21548.822780000006,Long,21541.859984,21548.822780000006,TP,4.641864000004716,0.02154579010500877,21532.834137,21541.859984,21537.3470605,538.4382280000536,10538.438228000054,True,340
2024-12-02 08:31:00,21750.485989,2024-12-02 08:48:00,21810.314461,Long,21720.571753,21810.314461,TP,59.82847200000106,0.2750672882907465,21709.998618,21720.571753,21715.2851855,598.2667000000547,10598.266700000055,True,340
2024-12-10 08:31:00,22187.0791,2024-12-10 08:32:00,22196.62071,Short,22196.62071,22167.99588,SL,-9.541610000000219,-0.04300525525236992,22196.62071,22208.741133,22202.6809215,588.7250900000545,10588.725090000054,False,341
2024-12-12 08:31:00,22354.444091,2024-12-12 08:35:00,22369.65909,Short,22369.65909,22324.014093,SL,-15.214998999999807,-0.06806252456139329,22369.65909,22376.106123,22372.882606500003,573.5100910000547,10573.510091000055,False,341
2024-12-16 08:31:00,22597.884077,2024-12-16 08:32:00,22591.437044,Long,22591.437044,22610.778143,SL,-6.447033000000374,-0.02852936574961073,22589.631874,22591.437044,22590.534459,567.0630580000543,10567.063058000054,False,341
2024-12-17 08:31:00,22696.652631,2024-12-17 08:32:00,22707.483647,Short,22707.483647,22674.990599,SL,-10.83101600000009,-0.04772076383284226,22707.483647,22722.956528,22715.220087499998,556.2320420000542,10556.232042000054,False,341
