entry_time,entry_price,exit_time,exit_price,direction,stop_loss,take_profit,exit_reason,pnl,return_pct,fvg_lower,fvg_upper,fvg_middle,cumulative_pnl,equity,is_win,streak
2018-01-15 08:31:00,7939.846938,2018-01-15 08:39:00,7941.604254,Short,7941.604254,7932.817673999999,SL,-1.7573160000001735,-0.022132869987577252,7941.018482,7941.604254,7941.311368000001,-1.7573160000001735,9998.242684,False,1
2018-01-16 08:31:00,7992.859307,2018-01-16 09:37:00,7980.265208,Long,7980.265208,8043.235702999999,SL,-12.594098999999915,-0.1575668795892633,7980.265208,7981.729638,7980.997423,-14.351415000000088,9985.648584999999,False,1
2018-01-26 08:31:00,8147.796008,2018-01-26 08:35:00,8156.289702,Short,8156.289702,8113.821232000001,SL,-8.493693999999778,-0.10424529518976854,8152.77507,8156.289702,8154.532386,-22.845108999999866,9977.154891,False,1
2018-01-29 08:31:00,8208.716298,2018-01-29 08:38:00,8215.745563,Short,8215.745563,8180.599237999995,SL,-7.029265000001033,-0.08563172053727412,8215.452677,8215.745563,8215.599119999999,-29.8743740000009,9970.125626,False,1
2018-01-31 08:31:00,8183.235215,2018-01-31 08:58:00,8176.791723,Long,8176.791723,8209.009182999998,SL,-6.443491999999424,-0.07874015387200897,8176.791723,8178.549039,8177.670381,-36.31786600000032,9963.682133999999,False,1
2018-02-01 08:31:00,8117.335862,2018-02-01 13:22:00,8100.934246,Long,8100.934246,8182.942326,SL,-16.401616000000104,-0.20205663876471625,8100.934246,8103.277334,8102.10579,-52.719482000000426,9947.280518,False,1
2018-02-15 08:31:00,7871.897383,2018-02-15 08:45:00,7890.349202,Short,7890.349202,7798.090107000001,SL,-18.451818999999887,-0.2344011627977784,7883.90571,7890.349202,7887.127456,-71.17130100000031,9928.828699,False,1
2018-02-16 08:31:00,7961.227617,2018-02-16 08:33:00,7948.047747,Long,7948.047747,8013.947096999999,SL,-13.179869999999937,-0.165550724512088,7948.047747,7955.077011,7951.562379,-84.35117100000025,9915.648829,False,1
2018-03-02 08:31:00,7837.629719,2018-03-02 08:37:00,7817.127699,Long,7817.127699,7919.637798999999,SL,-20.502019999999902,-0.26158444242777706,7817.127699,7822.985419,7820.056559,-104.85319100000015,9895.146809,False,1
2018-03-05 08:31:00,7955.369897,2018-03-05 08:37:00,7946.583316,Long,7946.583316,7990.516220999997,SL,-8.786580999999387,-0.1104484280902242,7946.583316,7949.512177,7948.0477465,-113.63977199999954,9886.360228000001,False,1
2018-03-07 08:31:00,8054.072483,2018-03-07 11:03:00,8040.306841,Long,8040.306841,8109.135051000001,SL,-13.765642000000298,-0.17091529818058998,8040.306841,8047.921877,8044.114358999999,-127.40541399999984,9872.594586,False,1
2018-03-12 08:31:00,8340.197951,2018-03-12 08:33:00,8346.618427,Short,8346.618427,8314.516047000003,SL,-6.420475999999326,-0.07698229751524666,8346.034747,8346.618427,8346.326587,-133.82588999999916,9866.17411,False,1
2018-03-16 08:31:00,8260.233844,2018-03-16 08:33:00,8251.47865,Long,8251.47865,8295.254620000005,SL,-8.755194000001211,-0.10599208406624876,8251.47865,8253.813369,8252.6460095,-142.58108400000037,9857.418915999999,False,1
2018-03-19 08:31:00,8128.030413,2018-03-19 08:53:00,8135.618248,Short,8135.618248,8097.679073000003,SL,-7.587834999999359,-0.09335391988523258,8131.82433,8135.618248,8133.721289,-150.16891899999973,9849.831081,False,1
2018-03-23 08:31:00,7837.357967,2018-03-23 08:38:00,7817.51286,Long,7817.51286,7916.738395,SL,-19.845107000000098,-0.2532116956193651,7817.51286,7827.727253,7822.6200565,-170.01402599999983,9829.985974,False,1
2018-03-26 08:31:00,7786.286001,2018-03-26 08:51:00,7769.651132,Long,7769.651132,7852.825477000002,SL,-16.634869000000435,-0.21364317978897776,7769.651132,7774.028729,7771.8399305,-186.64889500000027,9813.351105,False,1
2018-03-27 08:31:00,7945.630535,2018-03-27 09:14:00,7897.768807,Short,7957.595967,7897.768807,TP,47.86172799999986,0.6023653854677986,7951.467331,7957.595967,7954.5316490000005,-138.7871670000004,9861.212833,True,2
2018-04-04 08:31:00,7431.116958,2018-04-04 10:18:00,7516.334182,Long,7409.812652,7516.334182,TP,85.21722399999999,1.1467619804888018,7409.812652,7413.60657,7411.709611,-53.56994300000042,9946.430057,True,2
2018-04-05 08:31:00,7730.836438,2018-04-05 08:33:00,7743.969229,Short,7743.969229,7678.305274,SL,-13.132790999999997,-0.16987542170013242,7738.132433,7743.969229,7741.0508310000005,-66.70273400000042,9933.297266,False,3
2018-04-11 08:31:00,7714.493409,2018-04-11 08:41:00,7694.648302,Long,7694.648302,7793.873837,SL,-19.845107000000098,-0.25724446114437144,7694.648302,7703.111656,7698.879978999999,-86.54784100000052,9913.452159,False,3
2018-04-17 08:31:00,7871.795064,2018-04-17 08:39:00,7879.966578,Short,7879.966578,7839.109008000001,SL,-8.17151399999966,-0.10380750430572516,7876.172661,7879.966578,7878.0696195,-94.71935500000018,9905.280644999999,False,3
2018-04-23 08:31:00,7815.761821,2018-04-23 08:32:00,7822.474137,Short,7822.474137,7788.912557,SL,-6.712316000000101,-0.08588178802947814,7821.306778,7822.474137,7821.8904575,-101.43167100000028,9898.568329,False,3
2018-04-26 08:31:00,7702.819817,2018-04-26 08:32:00,7708.656613,Short,7708.656613,7679.472632999998,SL,-5.836796000000504,-0.0757747959665211,7706.030055,7708.656613,7707.343334,-107.26846700000078,9892.731532999998,False,3
2018-05-02 08:31:00,7806.422948,2018-05-02 09:03:00,7819.263899,Short,7819.263899,7755.0591440000035,SL,-12.840950999999222,-0.16449212508129687,7816.92918,7819.263899,7818.0965395,-120.109418,9879.890582,False,3
2018-05-09 08:31:00,7968.685879,2018-05-09 08:32:00,7975.981874,Short,7975.981874,7939.501898999998,SL,-7.295995000000403,-0.09155832104296707,7973.938996,7975.981874,7974.960435,-127.40541300000041,9872.594587,False,3
2018-05-11 08:31:00,8119.858898,2018-05-11 08:32:00,8119.567058,Long,8119.567058,8121.0262580000035,SL,-0.29184000000077504,-0.003594151125860796,8119.567058,8119.858898,8119.712978,-127.69725300000118,9872.302746999998,False,3
2018-05-14 08:31:00,8149.334719,2018-05-14 09:18:00,8176.183983000001,Long,8142.622403,8176.183983000001,TP,26.849264000000403,0.32946571623082205,8142.622403,8146.70816,8144.6652815,-100.84798900000078,9899.152010999998,True,4
2018-05-21 08:31:00,8100.889311,2018-05-21 10:14:00,8085.713641,Long,8085.713641,8161.591990999998,SL,-15.175669999999627,-0.187333383007628,8085.713641,8090.674918,8088.1942794999995,-116.0236590000004,9883.976341,False,5
2018-05-23 08:31:00,8004.290335,2018-05-23 09:09:00,8041.6458269999985,Long,7994.951462,8041.6458269999985,TP,37.355491999998776,0.46669336613960766,7994.951462,7997.86986,7996.410661,-78.66816700000163,9921.331832999998,True,6
2018-05-25 08:31:00,8130.365131,2018-05-25 08:34:00,8121.318097,Long,8121.318097,8166.553266999997,SL,-9.047033999999258,-0.11127463347868746,8121.318097,8128.030413,8124.674255,-87.71520100000089,9912.284799,False,7
2018-05-28 08:31:00,8143.497922,2018-05-28 08:32:00,8141.746884,Long,8141.746884,8150.502073999997,SL,-1.7510379999994257,-0.021502283377133596,8141.746884,8142.330563,8142.0387235,-89.46623900000031,9910.533760999999,False,7
2018-05-29 08:31:00,8097.095393,2018-05-29 08:32:00,8091.550437,Long,8091.550437,8119.2752169999985,SL,-5.544955999999729,-0.06848080368169289,8091.550437,8093.593316,8092.5718765,-95.01119500000004,9904.988805,False,7
2018-06-04 08:31:00,8297.00566,2018-06-04 08:35:00,8312.181332000006,Long,8293.211742,8312.181332000006,TP,15.175672000004852,0.18290540734673733,8293.211742,8296.42198,8294.816861,-79.83552299999519,9920.164477000006,True,8
2018-06-06 08:31:00,8384.265762,2018-06-06 08:32:00,8381.055524,Long,8381.055524,8397.106714000007,SL,-3.210238000001482,-0.03828883877406702,8381.055524,8383.682082,8382.368803,-83.04576099999667,9916.954239000002,False,9
2018-06-08 08:31:00,8314.017525,2018-06-08 08:33:00,8308.490749,Long,8308.490749,8336.124628999994,SL,-5.52677599999879,-0.0664753951189054,8308.490749,8312.272228,8310.3814885,-88.57253699999546,9911.427463000004,False,9
2018-06-15 08:31:00,8457.131955,2018-06-15 11:56:00,8473.421402,Short,8473.421402,8391.974167000004,SL,-16.2894469999992,-0.19261195268886164,8464.40403,8473.421402,8468.912715999999,-104.86198399999466,9895.138016000004,False,9
2018-06-18 08:31:00,8401.864187,2018-06-18 08:44:00,8412.335975,Short,8412.335975,8359.977034999996,SL,-10.471788000000743,-0.12463648265349833,8406.518315,8412.335975,8409.427145,-115.3337719999954,9884.666228000006,False,9
2018-06-19 08:31:00,8375.975602,2018-06-19 09:01:00,8355.904676,Long,8355.904676,8456.259306000002,SL,-20.070926000000327,-0.2396249339027185,8355.904676,8363.758516,8359.831596,-135.40469799999573,9864.595302000005,False,9
2018-06-20 08:31:00,8483.020541,2018-06-20 09:28:00,8477.202881,Long,8477.202881,8506.291181000002,SL,-5.817660000000615,-0.06858005320018727,8477.202881,8478.948179,8478.07553,-141.22235799999635,9858.777642000005,False,9
2018-06-22 08:31:00,8438.515444,2018-06-22 09:34:00,8376.848252,Short,8453.932242,8376.848252,TP,61.667192000000796,0.7307824748231958,8446.369284,8453.932242,8450.150763000001,-79.55516599999555,9920.444834000005,True,10
2018-06-25 08:31:00,8322.162249,2018-06-25 08:32:00,8330.01609,Short,8330.01609,8290.746885000008,SL,-7.853840999998283,-0.09437260131454428,8328.852558,8330.01609,8329.434324,-87.40900699999384,9912.590993000005,False,11
2018-06-29 08:31:00,8252.641215,2018-06-29 09:56:00,8284.056574999999,Long,8244.787375,8284.056574999999,TP,31.415359999999055,0.38067037184287744,8244.787375,8247.114439,8245.950907,-55.99364699999478,9944.006353000004,True,12
2018-07-03 08:31:00,8300.346025,2018-07-03 08:46:00,8261.949469000001,Short,8309.945164,8261.949469000001,TP,38.39655599999969,0.46258982317547037,8305.291036,8309.945164,8307.6181,-17.59709099999509,9982.402909000004,True,12
2018-07-17 08:31:00,8503.964116,2018-07-17 09:30:00,8557.486587999996,Long,8490.583498,8557.486587999996,TP,53.522471999996924,0.6293826181521123,8490.583498,8501.637052,8496.110275,35.925381000001835,10035.925381000001,True,12
2018-07-19 08:31:00,8599.664618,2018-07-19 08:50:00,8586.865767,Long,8586.865767,8650.860022000006,SL,-12.798851000001378,-0.1488296528821838,8586.865767,8591.519895,8589.192831,23.126530000000457,10023.126530000001,False,13
2018-07-23 08:31:00,8554.868638,2018-07-23 08:35:00,8541.778904,Long,8541.778904,8607.227573999997,SL,-13.089733999999225,-0.15300917587273916,8541.778904,8551.08716,8546.433032,10.036796000001232,10010.036796,False,13
2018-07-24 08:31:00,8685.475099,2018-07-24 08:32:00,8684.311568,Long,8684.311568,8690.129223,SL,-1.1635310000001482,-0.013396285024570631,8684.311568,8684.602451,8684.4570095,8.873265000001084,10008.873265000002,False,13
2018-07-25 08:31:00,8637.77029,2018-07-25 08:34:00,8650.569142,Long,8634.570577,8650.569142,TP,12.798851999999897,0.14817309988918329,8634.570577,8635.443226,8635.0069015,21.67211700000098,10021.672117000002,True,14
2018-07-26 08:31:00,8650.569141,2018-07-26 08:46:00,8631.661747,Long,8631.661747,8726.198717,SL,-18.90739399999984,-0.21856820854002398,8631.661747,8642.133534,8636.8976405,2.7647230000011405,10002.764723,False,15
2018-07-31 08:31:00,8427.752773,2018-07-31 08:50:00,8412.917741,Long,8412.917741,8487.092901000004,SL,-14.835032000000865,-0.17602595139629476,8412.917741,8420.189816,8416.5537785,-12.070308999999725,9987.929691000001,False,15
2018-08-06 08:31:00,8601.700799,2018-08-06 08:34:00,8607.227576,Short,8607.227576,8579.593691000004,SL,-5.526776999999129,-0.06425214186294007,8605.191395,8607.227576,8606.2094855,-17.597085999998853,9982.402914000002,False,15
2018-08-17 08:31:00,8560.395415,2018-08-17 08:32:00,8565.631309,Short,8565.631309,8539.451839000003,SL,-5.235893999999462,-0.06116416060436691,8564.75866,8565.631309,8565.1949845,-22.832979999998315,9977.16702,False,15
2018-08-20 08:31:00,8613.336119,2018-08-20 08:33:00,8601.700798999998,Short,8616.244949,8601.700798999998,TP,11.63532000000123,0.1350849408318699,8615.663183,8616.244949,8615.954066,-11.197659999997086,9988.802340000002,True,16
2018-08-23 08:31:00,8640.388237,2018-08-23 08:34:00,8654.350620999998,Long,8636.897641,8654.350620999998,TP,13.962383999998565,0.16159440544822554,8636.897641,8640.097354,8638.4974975,2.764724000001479,10002.764724,True,16
2018-08-24 08:31:00,8670.93095,2018-08-24 08:32:00,8667.149471,Long,8667.149471,8686.056865999997,SL,-3.781478999999308,-0.04361099196620068,8667.149471,8670.640067,8668.894769,-1.0167549999978291,9998.983245000003,False,17
2018-08-27 08:31:00,8768.667634,2018-08-27 08:34:00,8764.304389,Long,8764.304389,8786.120613999994,SL,-4.363244999998642,-0.04975949804597922,8764.304389,8767.504102,8765.904245500002,-5.379999999996471,9994.620000000003,False,17
2018-08-30 08:31:00,8910.618531,2018-08-30 08:38:00,8903.055574,Long,8903.055574,8940.870359,SL,-7.562957000000097,-0.08487578021310871,8903.055574,8903.346457,8903.201015499999,-12.942956999996568,9987.057043000004,False,17
2018-08-31 08:31:00,8902.182925,2018-08-31 13:10:00,8891.711137,Long,8891.711137,8944.070076999995,SL,-10.471787999998924,-0.1176316875110598,8891.711137,8897.237914,8894.4745255,-23.41474499999549,9976.585255000005,False,17
2018-09-07 08:31:00,8629.334683,2018-09-07 08:32:00,8618.28113,Long,8618.28113,8673.548894999998,SL,-11.053552999999738,-0.1280927604045247,8618.28113,8624.971438,8621.626284,-34.46829799999523,9965.531702000004,False,17
2018-09-12 08:31:00,8720.381058,2018-09-12 08:32:00,8725.907835,Short,8725.907835,8698.273950000004,SL,-5.526776999999129,-0.06337770062156758,8720.381058,8725.907835,8723.1444465,-39.99507499999436,9960.004925000005,False,17
2018-09-14 08:31:00,8803.177142,2018-09-14 08:36:00,8812.742032,Short,8812.742032,8764.917582000002,SL,-9.56488999999965,-0.1086527039694057,8810.423271,8812.742032,8811.5826515,-49.55996499999401,9950.440035000007,False,17
2018-09-19 08:31:00,8738.251826,2018-09-19 08:38:00,8727.527555,Long,8727.527555,8781.148909999996,SL,-10.724270999999135,-0.12272787753827244,8727.527555,8728.976781,8728.252167999999,-60.28423599999314,9939.715764000008,False,17
2018-09-24 08:31:00,8691.586756,2018-09-24 08:42:00,8701.151646,Short,8701.151646,8653.327196000002,SL,-9.56488999999965,-0.11004768483035376,8700.28211,8701.151646,8700.716878,-69.8491259999928,9930.150874000006,False,17
2018-09-26 08:31:00,8820.567851,2018-09-26 08:39:00,8808.104509,Long,8808.104509,8870.421218999996,SL,-12.463341999999102,-0.14129863530935954,8808.104509,8812.452187,8810.278348,-82.3124679999919,9917.687532000007,False,17
2018-09-28 08:31:00,8861.725863,2018-09-28 08:45:00,8853.900044,Long,8853.900044,8893.029138999998,SL,-7.825818999999683,-0.08831032601306822,8853.900044,8859.696947,8856.7984955,-90.13828699999158,9909.86171300001,False,17
2018-10-17 08:31:00,8476.811494,2018-10-17 09:24:00,8401.451754,Short,8495.651429,8401.451754,TP,75.35973999999987,0.8890104499001836,8488.115455,8495.651429,8491.883441999998,-14.778546999991704,9985.22145300001,True,18
2018-10-25 08:31:00,8018.276453,2018-10-25 08:32:00,8009.870944,Long,8009.870944,8051.898489000001,SL,-8.405509000000166,-0.10482937385945684,8009.870944,8011.32017,8010.595557000001,-23.18405599999187,9976.815944000009,False,19
2018-10-26 08:31:00,7911.32359,2018-10-26 09:07:00,7877.121861,Long,7877.121861,8048.130506000001,SL,-34.20172900000034,-0.4323136149206651,7877.121861,7902.33839,7889.7301255,-57.38578499999221,9942.614215000009,False,19
2018-10-31 08:31:00,8043.203137,2018-10-31 08:33:00,8037.696079,Long,8037.696079,8065.231369000001,SL,-5.507058000000143,-0.06846846842232306,8037.696079,8039.724995,8038.710537,-62.892842999992354,9937.107157000008,False,19
2018-11-01 08:31:00,8113.925356,2018-11-01 08:32:00,8107.838607,Long,8107.838607,8138.272352,SL,-6.086749000000054,-0.07501608325123536,8107.838607,8108.128452,8107.983529499999,-68.97959199999241,9931.020408000008,False,19
2018-11-05 08:31:00,8045.811743,2018-11-05 15:59:00,8056.536014,Short,8079.433782,7911.323587000001,EOD,-10.724271000000044,-0.13329010598999352,8066.100905,8079.433782,8072.7673435,-79.70386299999245,9920.296137000008,False,19
2018-11-06 08:31:00,8072.767343,2018-11-06 13:25:00,8048.42035,Long,8048.42035,8170.155315000001,SL,-24.34699300000011,-0.3015941369982835,8048.42035,8050.449266,8049.434808,-104.05085599999256,9895.949144000007,False,19
2018-11-09 08:31:00,8239.718154,2018-11-09 08:33:00,8235.370477,Long,8235.370477,8257.108862,SL,-4.347676999999749,-0.052764875190411134,8235.370477,8237.399393,8236.384935,-108.39853299999231,9891.601467000008,False,19
2018-11-13 08:31:00,7990.741163,2018-11-13 08:58:00,7959.148041,Long,7959.148041,8117.113650999997,SL,-31.593121999999312,-0.3953716101616056,7959.148041,7976.248906,7967.698473500001,-139.99165499999162,9860.00834500001,False,19
2018-11-23 08:31:00,7595.972058,2018-11-23 12:00:00,7572.784445,Long,7572.784445,7688.7225100000005,SL,-23.187613000000056,-0.30526195756050867,7572.784445,7580.90011,7576.8422775,-163.17926799999168,9836.820732000007,False,19
2018-12-12 08:31:00,7880.310158,2018-12-12 08:33:00,7890.454739,Short,7890.454739,7839.731834000002,SL,-10.144580999999562,-0.12873327060231127,7888.135977,7890.454739,7889.295357999999,-173.32384899999124,9826.676151000009,False,19
2018-12-14 08:31:00,7744.968193,2018-12-14 08:32:00,7750.742634,Short,7750.742634,7721.870428999998,SL,-5.774441000000479,-0.07455732362102523,7748.144136,7750.742634,7749.4433850000005,-179.09828999999172,9820.90171000001,False,19
2018-12-24 08:31:00,6978.122507,2018-12-24 08:36:00,6955.60219,Long,6955.60219,7068.203775000002,SL,-22.520317000000432,-0.32272745251189716,6955.60219,6967.439793,6961.5209915,-201.61860699999215,9798.381393000007,False,19
2018-12-26 08:31:00,6931.060818,2018-12-26 09:05:00,6902.477338,Long,6902.477338,7045.394738000001,SL,-28.583480000000236,-0.4123969007135069,6902.477338,6911.427721,6906.9525295,-230.2020869999924,9769.797913000008,False,19
2019-01-02 08:31:00,7196.107633,2019-01-02 09:15:00,7279.259576999997,Long,7175.319647,7279.259576999997,TP,83.15194399999746,1.1555127888676684,7175.319647,7177.629423,7176.474535,-147.05014299999493,9852.949857000005,True,20
2019-01-03 08:31:00,7271.46408,2019-01-03 08:36:00,7253.852037,Long,7253.852037,7341.912252,SL,-17.612043000000085,-0.24220766005626868,7253.852037,7265.400918,7259.6264775,-164.66218599999502,9835.337814000006,False,21
2019-01-21 08:31:00,7807.043428,2019-01-21 11:58:00,7814.5502,Short,7814.5502,7777.016340000001,SL,-7.506771999999728,-0.09615383940451327,7811.085536,7814.5502,7812.817868,-172.16895799999475,9827.831042000005,False,21
2019-01-25 08:31:00,7787.699052,2019-01-25 08:48:00,7805.311096,Short,7805.311096,7717.250875999998,SL,-17.612044000000424,-0.22615208782981133,7803.001319,7805.311096,7804.1562075,-189.78100199999517,9810.218998000004,False,21
2019-01-31 08:31:00,7919.645016,2019-01-31 08:32:00,7910.405911,Long,7910.405911,7956.601436000003,SL,-9.239105000000563,-0.11666059503089934,7910.405911,7914.159297,7912.282604,-199.02010699999573,9800.979893000003,False,21
2019-02-06 08:31:00,8124.348928,2019-02-06 08:35:00,8116.842155,Long,8116.842155,8154.376020000001,SL,-7.5067730000000665,-0.0923984563751133,8116.842155,8121.75043,8119.2962925,-206.5268799999958,9793.473120000004,False,21
2019-02-07 08:31:00,8002.796957,2019-02-07 09:12:00,8014.923282,Short,8014.923282,7954.291656999999,SL,-12.126325000000179,-0.1515260860066349,8004.818012,8014.923282,8009.870647,-218.65320499999598,9781.346795000005,False,21
2019-02-08 08:31:00,7922.243514,2019-02-08 08:46:00,7909.251023,Long,7909.251023,7974.213478,SL,-12.992490999999973,-0.16400014689071288,7909.251023,7915.025463,7912.138242999999,-231.64569599999595,9768.354304000004,False,21
2019-02-12 08:31:00,8033.401492,2019-02-12 08:33:00,8041.485708,Short,8041.485708,8001.064627999999,SL,-8.084216000000197,-0.10063254037596403,8041.196986,8041.485708,8041.341347,-239.72991199999615,9760.270088000005,False,21
2019-02-15 08:31:00,8170.255729,2019-02-15 08:50:00,8134.454197000003,Short,8179.206112,8134.454197000003,TP,35.80153199999768,0.4381935301354345,8177.185058,8179.206112,8178.1955849999995,-203.92837999999847,9796.071620000002,True,22
2019-02-19 08:31:00,8137.918863,2019-02-19 09:12:00,8169.100843000001,Long,8130.123368,8169.100843000001,TP,31.181980000001204,0.38316897139112216,8130.123368,8132.144422,8131.133895,-172.74639999999727,9827.253600000004,True,22
2019-02-20 08:31:00,8182.093332,2019-02-20 08:45:00,8176.03017,Long,8176.03017,8206.345980000002,SL,-6.063162000000375,-0.07410282129497928,8176.03017,8177.185058,8176.6076140000005,-178.80956199999764,9821.190438000001,False,23
2019-02-27 08:31:00,8204.902372,2019-02-27 08:55:00,8196.240711,Long,8196.240711,8239.549016,SL,-8.661661000000095,-0.10556689899880864,8196.240711,8202.881317,8199.561013999999,-187.47122299999774,9812.528777000003,False,23
2019-02-28 08:31:00,8204.324928,2019-02-28 08:45:00,8222.803140000002,Long,8199.705375,8222.803140000002,TP,18.478212000001804,0.22522525816766145,8199.705375,8201.437707,8200.571541,-168.99301099999593,9831.006989000005,True,24
2019-03-04 08:31:00,8314.616739,2019-03-04 08:51:00,8308.842299,Long,8308.842299,8337.714498999996,SL,-5.774439999999231,-0.0694492624406128,8308.842299,8313.750573,8311.296436,-174.76745099999516,9825.232549000004,False,25
2019-03-11 08:31:00,8149.35878,2019-03-11 09:01:00,8197.671723999996,Long,8137.280544,8197.671723999996,TP,48.312943999996605,0.592843502222105,8137.280544,8142.744508,8140.012526,-126.45450699999856,9873.545493000001,True,26
2019-03-18 08:31:00,8447.288616,2019-03-18 09:00:00,8480.647555999998,Long,8438.948881,8480.647555999998,TP,33.358939999998256,0.39490707038011136,8438.948881,8441.824652,8440.3867665,-93.0955670000003,9906.904433,True,26
2019-03-19 08:31:00,8507.679799,2019-03-19 08:40:00,8497.327025,Long,8497.327025,8549.090894999996,SL,-10.352773999999044,-0.12168739591276012,8497.327025,8501.928258,8499.6276415,-103.44834099999935,9896.551659,False,27
2019-03-21 08:31:00,8511.130724,2019-03-21 08:54:00,8559.443672,Long,8499.052487,8559.443672,TP,48.31294799999887,0.5676442950613393,8499.052487,8507.392222,8503.222354500002,-55.13539300000048,9944.864607,True,28
2019-03-22 08:31:00,8627.02428,2019-03-22 08:45:00,8620.697585,Long,8620.697585,8652.331059999999,SL,-6.326694999999745,-0.0733357736649345,8620.697585,8622.710624,8621.7041045,-61.46208800000022,9938.537912,False,29
2019-03-27 08:31:00,8508.830107,2019-03-27 08:37:00,8497.327025,Long,8497.327025,8554.842434999997,SL,-11.503081999999267,-0.13518993628202744,8497.327025,8503.65372,8500.4903725,-72.96516999999949,9927.03483,False,29
2019-03-28 08:31:00,8456.491082,2019-03-28 08:32:00,8452.465003,Long,8452.465003,8472.595398000005,SL,-4.026079000001118,-0.047609333007762496,8452.465003,8453.902889,8453.183946000001,-76.99124900000061,9923.008751,False,29
2019-04-02 08:31:00,8623.860932,2019-04-02 08:37:00,8631.050359,Short,8631.050359,8595.103223999995,SL,-7.18942700000116,-0.08336668525490504,8630.475205,8631.050359,8630.762782000002,-84.18067600000177,9915.819323999998,False,29
2019-04-03 08:31:00,8697.193083,2019-04-03 08:40:00,8703.519778,Short,8703.519778,8671.886303000001,SL,-6.326694999999745,-0.07274410191451587,8698.918545,8703.519778,8701.219161500001,-90.50737100000151,9909.492628999998,False,29
2019-04-11 08:31:00,8782.315893,2019-04-11 15:59:00,8765.348847,Short,8794.39413,8734.002945000002,EOD,16.967046000001574,0.19319557855491468,8789.217743,8794.39413,8791.8059365,-73.54032499999994,9926.459675,True,30
2019-04-15 08:31:00,8803.309019,2019-04-15 08:32:00,8800.145671,Long,8800.145671,8815.962411,SL,-3.163348000000042,-0.035933624426595194,8800.145671,8800.720825,8800.433248000001,-76.70367299999998,9923.296327,False,31
2019-04-16 08:31:00,8824.877299,2019-04-16 08:32:00,8828.903377,Short,8828.903377,8808.772986999997,SL,-4.02607800000078,-0.04562191477106429,8828.328223,8828.903377,8828.6158,-80.72975100000076,9919.270249,False,31
2019-04-18 08:31:00,8863.412625,2019-04-18 09:41:00,8820.851221,Short,8874.052976,8820.851221,TP,42.56140400000004,0.4801920637199268,8870.889628,8874.052976,8872.471302000002,-38.16834700000072,9961.831653,True,32
2019-04-23 08:31:00,8907.987069,2019-04-23 08:36:00,8913.738611,Short,8913.738611,8884.980901,SL,-5.751541999999972,-0.06456612425960373,8912.875879,8913.738611,8913.307245,-43.919889000000694,9956.080111,False,33
2019-04-30 08:31:00,8956.87517,2019-04-30 08:32:00,8961.76398,Short,8961.76398,8937.319929999998,SL,-4.888810000000376,-0.05458164713933795,8960.038518,8961.76398,8960.901248999999,-48.80869900000107,9951.191300999999,False,33
2019-05-03 08:31:00,8958.025478,2019-05-03 08:32:00,8967.227944,Short,8967.227944,8921.215613999997,SL,-9.20246600000064,-0.10272873215867674,8963.489442,8967.227944,8965.358693,-58.01116500000171,9941.988834999998,False,33
2019-05-06 08:31:00,8864.85051,2019-05-06 09:21:00,8929.267770000002,Long,8848.746195,8929.267770000002,TP,64.41726000000199,0.7266592925321872,8848.746195,8849.321349,8849.033771999999,6.406095000000278,10006.406095,True,34
2019-05-07 08:31:00,8900.222489,2019-05-07 08:47:00,8881.242403,Long,8881.242403,8976.142832999998,SL,-18.980085999999574,-0.21325406217044038,8881.242403,8886.41879,8883.8305965,-12.573990999999296,9987.426009,False,35
2019-05-08 08:31:00,8787.49228,2019-05-08 08:33:00,8776.851929,Long,8776.851929,8830.053684,SL,-10.64035100000001,-0.12108518176701044,8776.851929,8782.028316,8779.4401225,-23.214341999999306,9976.785658,False,35
2019-05-09 08:31:00,8696.905506,2019-05-09 08:34:00,8685.402423,Long,8685.402423,8742.917837999998,SL,-11.503082999999606,-0.13226639052319958,8685.402423,8687.127886,8686.2651545,-34.71742499999891,9965.282575000001,False,35
2019-05-13 08:31:00,8546.502703,2019-05-13 08:50:00,8524.646846,Long,8524.646846,8633.926131000002,SL,-21.85585700000047,-0.25572866188094234,8524.646846,8539.88843,8532.267638000001,-56.57328199999938,9943.426718,False,35
2019-05-17 08:31:00,8666.422337,2019-05-17 09:56:00,8743.492989000002,Long,8647.154674,8743.492989000002,TP,77.07065200000216,0.8893018249406156,8647.154674,8649.455291,8648.3049825,20.497370000002775,10020.497370000003,True,36
2019-05-21 08:31:00,8581.01195,2019-05-21 08:33:00,8571.809484,Long,8571.809484,8617.821814000003,SL,-9.20246600000064,-0.10724220002980699,8571.809484,8572.384638,8572.097061,11.294904000002134,10011.294904000002,False,37
2019-05-22 08:31:00,8549.953627,2019-05-22 12:10:00,8536.725082,Long,8536.725082,8602.867807,SL,-13.22854499999994,-0.1547206637264717,8536.725082,8543.339355,8540.0322185,-1.933640999997806,9998.066359000002,False,37
2019-05-24 08:31:00,8476.909054,2019-05-24 08:49:00,8462.817778,Long,8462.817778,8533.274157999997,SL,-14.091275999999198,-0.16623129858105468,8462.817778,8471.157512,8466.987645000001,-16.024916999997004,9983.975083000003,False,37
2019-05-27 08:31:00,8416.805448,2019-05-27 08:32:00,8414.792408,Long,8414.792408,8424.857607999998,SL,-2.013039999999819,-0.023916912567798005,8414.792408,8416.517871,8415.655139499999,-18.037956999996823,9981.962043000003,False,37
2019-05-28 08:31:00,8439.524036,2019-05-28 08:35:00,8462.530204,Long,8433.772494,8462.530204,TP,23.00616799999989,0.27260030188744977,8433.772494,8435.21038,8434.491437,4.968211000003066,10004.968211000003,True,38
2019-05-30 08:31:00,8338.872064,2019-05-30 09:53:00,8330.819906,Long,8330.819906,8371.080695999994,SL,-8.052157999998599,-0.09656171647914852,8330.819906,8335.421139,8333.120522500001,-3.0839469999955327,9996.916053000004,False,39
2019-06-03 08:31:00,8200.547497,2019-06-03 08:40:00,8186.743798,Long,8186.743798,8255.762292999996,SL,-13.803698999999142,-0.1683265538678843,8186.743798,8191.057454,8188.900626000001,-16.887645999994675,9983.112354000004,False,39
2019-06-10 08:31:00,8607.46904,2019-06-10 09:10:00,8660.38322,Long,8594.240495,8660.38322,TP,52.91417999999976,0.6147472590851139,8594.240495,8597.403843,8595.822169,36.026534000005086,10036.026534000004,True,40
2019-06-11 08:31:00,8740.042065,2019-06-11 08:36:00,8729.114137,Long,8729.114137,8783.753776999996,SL,-10.927927999999156,-0.12503289936968007,8729.114137,8732.565062,8730.8395995,25.09860600000593,10025.098606000007,False,41
2019-06-17 08:31:00,8628.780798,2019-06-17 08:32:00,8627.347922,Long,8627.347922,8634.512301999996,SL,-1.4328759999989416,-0.016605775874281765,8627.347922,8628.494223,8627.921072500001,23.665730000006988,10023.665730000008,False,41
2019-06-18 08:31:00,8744.843775,2019-06-18 08:33:00,8758.312812,Short,8758.312812,8690.967626999996,SL,-13.469037000000753,-0.1540226143148081,8750.57528,8758.312812,8754.444046,10.196693000006235,10010.196693000005,False,41
2019-06-20 08:31:00,8932.550564,2019-06-20 09:22:00,8897.015231999992,Short,8941.434397,8897.015231999992,TP,35.53533200000675,0.39781842538033185,8938.568644,8941.434397,8940.001520500002,45.73202500001298,10045.732025000012,True,42
2019-06-28 08:31:00,8836.547855,2019-06-28 08:34:00,8828.237173,Long,8828.237173,8869.790583000005,SL,-8.31068200000118,-0.09404896727061497,8828.237173,8830.529775,8829.383474,37.4213430000118,10037.421343000013,False,43
2019-07-04 08:31:00,9051.479293,2019-07-04 08:34:00,9052.625594,Short,9052.625594,9046.894089000005,SL,-1.1463009999988572,-0.012664239323679986,9052.339019,9052.625594,9052.482306499998,36.275042000012945,10036.275042000012,False,43
2019-07-05 08:31:00,8982.987808,2019-07-05 08:34:00,8976.396578,Long,8976.396578,9009.352728,SL,-6.591229999999996,-0.07337458472480647,8976.396578,8981.841507,8979.119042499999,29.68381200001295,10029.683812000014,False,43
2019-07-08 08:31:00,8946.592751,2019-07-08 14:40:00,8959.202062,Short,8959.202062,8896.155507,SL,-12.609311000000162,-0.14093981195903618,8954.616858,8959.202062,8956.909459999999,17.074501000012788,10017.074501000014,False,43
2019-07-10 08:31:00,9063.228878,2019-07-10 08:50:00,9107.934613999996,Long,9052.052444,9107.934613999996,TP,44.70573599999625,0.49326500082674235,9052.052444,9057.497373,9054.7749085,61.78023700000904,10061.78023700001,True,44
2019-07-19 08:31:00,9126.275434,2019-07-19 10:40:00,9071.252985999996,Short,9140.031046,9071.252985999996,TP,55.02244800000335,0.6029014618057313,9133.72639,9140.031046,9136.878718,116.80268500001239,10116.802685000013,True,44
2019-07-23 08:31:00,9121.403654,2019-07-23 08:38:00,9108.794342,Short,9124.555982,9108.794342,TP,12.6093120000005,0.1382387237568524,9122.836531,9124.555982,9123.6962565,129.4119970000129,10129.411997000014,True,44
2019-07-24 08:31:00,9110.22722,2019-07-24 08:46:00,9133.153240000007,Long,9104.495715,9133.153240000007,TP,22.926020000006247,0.25165146210267897,9104.495715,9104.78229,9104.6390025,152.33801700001914,10152.33801700002,True,44
2019-07-25 08:31:00,9159.518163,2019-07-25 08:32:00,9164.963092,Short,9164.963092,9137.738447000003,SL,-5.44492899999932,-0.05944558330583572,9164.389942,9164.963092,9164.676517,146.89308800001982,10146.893088000019,False,45
2019-07-30 08:31:00,9107.074892,2019-07-30 08:32:00,9101.916537,Long,9101.916537,9127.708312000006,SL,-5.158355000001393,-0.05664118348837438,9101.916537,9103.349414,9102.6329755,141.73473300001842,10141.73473300002,False,45
2019-07-31 08:31:00,9145.762551,2019-07-31 09:05:00,9154.073233,Short,9154.073233,9112.519823000002,SL,-8.31068199999936,-0.09086920804750905,9149.774604,9154.073233,9151.9239185,133.42405100001906,10133.42405100002,False,45
2019-08-01 08:31:00,9050.906143,2019-08-01 09:50:00,9155.219535000004,Long,9024.827795,9155.219535000004,TP,104.31339200000366,1.1525187683078557,9024.827795,9041.449159,9033.138477,237.73744300002272,10237.737443000024,True,46
2019-08-02 08:31:00,8877.528116,2019-08-02 08:32:00,8892.716604,Short,8892.716604,8816.774164,SL,-15.18848799999978,-0.1710891568186139,8882.973046,8892.716604,8887.844825,222.54895500002294,10222.548955000024,False,47
2019-08-06 08:31:00,8616.458063,2019-08-06 08:46:00,8590.952865,Long,8590.952865,8718.478855000003,SL,-25.505198000000746,-0.29600559549547184,8590.952865,8598.976972,8594.9649185,197.0437570000222,10197.043757000021,False,47
2019-08-09 08:31:00,8822.505668,2019-08-09 08:32:00,8819.066765,Long,8819.066765,8836.26128,SL,-3.4389030000002094,-0.03897875648267829,8819.066765,8819.639915,8819.35334,193.604854000022,10193.604854000023,False,47
2019-08-19 08:31:00,8854.315521,2019-08-19 08:37:00,8873.802641000006,Long,8849.443741,8873.802641000006,TP,19.487120000005234,0.22008612584210654,8849.443741,8854.028945,8851.736343,213.09197400002722,10213.091974000028,True,48
2019-08-23 08:31:00,8790.98239,2019-08-23 08:32:00,8786.397186,Long,8786.397186,8809.323205999995,SL,-4.585203999999067,-0.05215803873313261,8786.397186,8786.970337,8786.6837615,208.50677000002815,10208.506770000029,False,49
2019-09-03 08:31:00,8750.002129,2019-09-03 08:32:00,8754.587333,Short,8754.587333,8731.661313000004,SL,-4.585203999999067,-0.05240231867832802,8753.727608,8754.587333,8754.157470499998,203.9215660000291,10203.92156600003,False,49
2019-09-05 08:31:00,8955.476584,2019-09-05 08:45:00,8977.256303999999,Long,8950.031654,8977.256303999999,TP,21.779719999998633,0.24320001058247012,8950.031654,8951.464531,8950.7480925,225.70128600002772,10225.701286000029,True,50
2019-09-06 08:31:00,9015.084236,2019-09-06 09:49:00,9025.400945,Short,9025.400945,8973.817400000005,SL,-10.31670899999881,-0.1144382984110234,9025.11437,9025.400945,9025.257657499998,215.3845770000289,10215.38457700003,False,51
2019-09-13 08:31:00,9046.320939,2019-09-13 08:44:00,9065.234905,Short,9065.234905,8970.665074999999,SL,-18.913966000000073,-0.2090790955520849,9060.936276,9065.234905,9063.085590499999,196.47061100002884,10196.47061100003,False,51
2019-09-18 08:31:00,9028.653256,2019-09-18 08:39:00,9032.940908,Short,9032.940908,9011.502647999996,SL,-4.2876520000008895,-0.047489386051585564,9031.797534,9032.940908,9032.369221,192.18295900002795,10192.182959000027,False,51
2019-09-19 08:31:00,9069.814722,2019-09-19 08:37:00,9101.829197999996,Long,9061.811103,9101.829197999996,TP,32.01447599999665,0.35297827994591147,9061.811103,9064.383695,9063.097399,224.1974350000246,10224.197435000024,True,52
2019-10-01 08:31:00,8927.750495,2019-10-01 08:48:00,8964.338463,Long,8918.603503,8964.338463,TP,36.58796799999982,0.4098229225882932,8918.603503,8923.176999,8920.890251,260.7854030000244,10260.785403000024,True,52
2019-10-02 08:31:00,8735.37781,2019-10-02 08:53:00,8690.786221999997,Short,8746.525707,8690.786221999997,TP,44.59158800000296,0.5104712007871697,8744.524802,8746.525707,8745.5252545,305.3769910000274,10305.376991000026,True,52
2019-10-03 08:31:00,8647.052164,2019-10-03 08:32:00,8649.624755,Short,8649.624755,8636.7618,SL,-2.572591000000102,-0.02975107529373408,8649.338912,8649.624755,8649.4818335,302.8044000000273,10302.804400000026,False,53
2019-10-04 08:31:00,8812.555559,2019-10-04 08:33:00,8791.688982,Long,8791.688982,8896.021867000003,SL,-20.86657700000069,-0.23678235967193734,8791.688982,8792.546513,8792.1177475,281.9378230000266,10281.937823000026,False,53
2019-10-08 08:31:00,8773.680841,2019-10-08 08:33:00,8786.829642,Short,8786.829642,8721.085636999995,SL,-13.148801000001185,-0.14986641568446343,8780.826928,8786.829642,8783.828285,268.7890220000254,10268.789022000026,False,53
2019-10-11 08:31:00,8972.91377,2019-10-11 08:38:00,8990.064377999995,Long,8968.626118,8990.064377999995,TP,17.150607999996282,0.19113755508648206,8968.626118,8971.484553,8970.055335500001,285.9396300000217,10285.939630000023,True,54
2019-10-14 08:31:00,8988.34932,2019-10-14 08:36:00,8970.341179,Long,8970.341179,9060.381884,SL,-18.00814100000025,-0.20034981239469954,8970.341179,8986.062572,8978.201875499999,267.93148900002143,10267.93148900002,False,55
2019-10-16 08:31:00,9054.950859,2019-10-16 08:33:00,9062.954477,Short,9062.954477,9022.936387000005,SL,-8.003617999998824,-0.08838941397504962,9060.953573,9062.954477,9061.954025,259.9278710000226,10259.927871000022,False,55
2019-10-17 08:31:00,9128.984329,2019-10-17 08:33:00,9126.983425,Long,9126.983425,9136.987945000003,SL,-2.000904000000446,-0.021918144756193567,9126.983425,9127.269268,9127.126346500001,257.92696700002216,10257.926967000021,False,55
2019-10-22 08:31:00,9125.840051,2019-10-22 08:35:00,9118.979806,Long,9118.979806,9153.281030999999,SL,-6.86024499999985,-0.07517384659013514,9118.979806,9124.410833,9121.695319499999,251.0667220000223,10251.066722000021,False,55
2019-10-25 08:31:00,9084.678585,2019-10-25 09:49:00,9150.994280999997,Long,9068.099661,9150.994280999997,TP,66.31569599999784,0.7299729470836072,9068.099661,9080.105088,9074.1023745,317.38241800002015,10317.38241800002,True,56
2019-10-28 08:31:00,9247.895232,2019-10-28 15:59:00,9273.906991,Long,9232.459682,9309.637432000001,EOD,26.011758999999074,0.28127220678270626,9232.459682,9241.320831,9236.8902565,343.3941770000192,10343.39417700002,True,56
2019-10-29 08:31:00,9269.333495,2019-10-29 08:33:00,9265.331686,Long,9265.331686,9285.340731000006,SL,-4.001809000001231,-0.04317256469583124,9265.331686,9268.761808,9267.046747,339.392368000018,10339.392368000019,False,57
2019-10-30 08:31:00,9216.166601,2019-10-30 09:03:00,9184.152125000004,Short,9224.17022,9184.152125000004,TP,32.01447599999665,0.3473730172859822,9220.168411,9224.17022,9222.1693155,371.40684400001464,10371.406844000016,True,58
2019-11-01 08:31:00,9287.341637,2019-11-01 08:36:00,9292.772663,Short,9292.772663,9265.617532999999,SL,-5.431026000000202,-0.058477723898552894,9292.48682,9292.772663,9292.6297415,365.97581800001444,10365.975818000014,False,59
2019-11-06 08:31:00,9377.954031,2019-11-06 10:45:00,9344.796182999997,Short,9386.243493,9344.796182999997,TP,33.15784800000256,0.35357230255549504,9382.527527,9386.243493,9384.38551,399.133666000017,10399.133666000016,True,60
2019-11-07 08:31:00,9420.258871,2019-11-07 08:32:00,9422.831463,Short,9422.831463,9409.968502999998,SL,-2.5725920000004407,-0.027309143360381448,9422.259775,9422.831463,9422.545619,396.56107400001656,10396.561074000016,False,61
2019-11-11 08:31:00,9396.248016,2019-11-11 08:32:00,9390.531147999996,Short,9397.677233,9390.531147999996,TP,5.71686800000316,0.060842029608716534,9397.105546,9397.677233,9397.3913895,402.2779420000197,10402.277942000019,True,62
2019-11-12 08:31:00,9440.55376,2019-11-12 08:32:00,9439.410386,Long,9439.410386,9445.127256000005,SL,-1.1433740000011312,-0.012111302250569793,9439.410386,9439.69623,9439.553307999999,401.1345680000186,10401.13456800002,False,63
2019-11-19 08:31:00,9556.892071,2019-11-19 08:59:00,9534.024591,Short,9562.608941,9534.024591,TP,22.867480000000796,0.23927736998716592,9562.323098,9562.608941,9562.4660195,424.0020480000194,10424.00204800002,True,64
2019-11-25 08:31:00,9522.590849,2019-11-25 15:59:00,9575.757743,Long,9503.725177,9598.053537,EOD,53.16689399999996,0.5583238305947293,9503.725177,9516.016448,9509.870812500001,477.16894200001934,10477.168942000018,True,64
2019-11-27 08:31:00,9611.774026,2019-11-27 08:33:00,9617.490896,Short,9617.490896,9588.906545999998,SL,-5.716870000000199,-0.05947778198422036,9616.061678,9617.490896,9616.776287,471.45207200001914,10471.452072000018,False,65
2019-12-02 08:31:00,9600.626129,2019-12-02 08:59:00,9540.027305,Short,9615.775835,9540.027305,TP,60.598824000000604,0.6311965822411686,9608.915591,9615.775835,9612.345713,532.0508960000197,10532.050896000019,True,66
2019-12-03 08:31:00,9371.37963,2019-12-03 08:34:00,9385.957649,Short,9385.957649,9313.067553999997,SL,-14.578019000000495,-0.15555894196552247,9376.23897,9385.957649,9381.098309500001,517.4728770000193,10517.472877000018,False,67
2019-12-04 08:31:00,9480.286009,2019-12-04 08:36:00,9489.147158,Short,9489.147158,9444.841412999998,SL,-8.861149000000296,-0.0934692159243726,9488.861314,9489.147158,9489.004236,508.61172800001896,10508.611728000018,False,67
2019-12-05 08:31:00,9500.866742,2019-12-05 15:59:00,9502.29596,Short,9516.588135,9437.981170000001,EOD,-1.4292179999993095,-0.015043027534332608,9506.583612,9516.588135,9511.5858735,507.18251000001965,10507.18251000002,False,67
2019-12-06 08:31:00,9574.614369,2019-12-06 08:32:00,9573.470995,Long,9573.470995,9579.187865000005,SL,-1.1433740000011312,-0.011941723770129744,9573.470995,9574.328525,9573.89976,506.0391360000185,10506.039136000018,False,67
2019-12-09 08:31:00,9598.911068,2019-12-09 08:44:00,9632.068915999995,Long,9590.621606,9632.068915999995,TP,33.15784799999528,0.3454334326581479,9590.621606,9595.195102,9592.908354,539.1969840000138,10539.196984000013,True,68
2019-12-10 08:31:00,9561.751411,2019-12-10 08:38:00,9544.600802999996,Short,9566.039063,9544.600802999996,TP,17.150608000003558,0.17936680491686086,9564.324002,9566.039063,9565.181532499999,556.3475920000174,10556.347592000016,True,68
2019-12-11 08:31:00,9570.61256,2019-12-11 08:34:00,9576.615273,Short,9576.615273,9546.601708,SL,-6.002712999999858,-0.06272025915131035,9574.614369,9576.615273,9575.614821,550.3448790000175,10550.344879000018,False,69
2019-12-16 08:31:00,9783.945304,2019-12-16 09:25:00,9817.007840000006,Long,9775.67967,9817.007840000006,TP,33.06253600000491,0.3379264189721896,9775.67967,9781.380107,9778.529888500001,583.4074150000224,10583.407415000023,True,70
2019-12-18 08:31:00,9832.113998,2019-12-18 08:40:00,9826.413561,Long,9826.413561,9854.915746000006,SL,-5.70043700000133,-0.05797773501365915,9826.413561,9826.698583,9826.556072,577.7069780000211,10577.70697800002,False,71
2019-12-19 08:31:00,9840.09461,2019-12-19 15:13:00,9890.258458000004,Long,9827.553648,9890.258458000004,TP,50.16384800000378,0.5097903017012128,9827.553648,9836.104304,9831.828976,627.8708260000249,10627.870826000024,True,72
2019-12-23 08:31:00,9948.402916,2019-12-23 08:34:00,9954.673397,Short,9954.673397,9923.320991999994,SL,-6.270481000001382,-0.06303002655749475,9953.533309,9954.673397,9954.103353,621.6003450000235,10621.600345000024,False,73
2019-12-24 08:31:00,9956.098506,2019-12-24 08:33:00,9954.388375,Long,9954.388375,9962.93903,SL,-1.7101309999998193,-0.017176718359799437,9954.388375,9955.528462,9954.9584185,619.8902140000237,10619.890214000025,False,73
2019-12-27 08:31:00,10065.261878,2019-12-27 08:33:00,10068.68214,Short,10068.68214,10051.580829999994,SL,-3.4202620000014576,-0.03398085456154147,10066.972009,10068.68214,10067.8270745,616.4699520000222,10616.469952000021,False,73
2019-12-31 08:31:00,9920.470774,2019-12-31 08:32:00,9925.316146,Short,9925.316146,9901.089286,SL,-4.84537199999977,-0.04884215790140455,9921.040818,9925.316146,9923.178482,611.6245800000224,10611.624580000022,False,73
2020-01-03 08:31:00,10041.320042,2020-01-03 15:59:00,10046.165413,Long,10005.692309,10183.830973999997,EOD,4.845371000001251,0.04825432293497703,10005.692309,10021.368512,10013.5304105,616.4699510000237,10616.469951000025,True,74
2020-01-09 08:31:00,10269.907571,2020-01-09 08:36:00,10264.207134,Long,10264.207134,10292.709318999998,SL,-5.700436999999511,-0.05550621522725592,10264.207134,10266.772331,10265.4897325,610.7695140000242,10610.769514000025,False,75
2020-01-10 08:31:00,10298.979801,2020-01-10 08:34:00,10283.018577,Short,10302.970107,10283.018577,TP,15.961223999998765,0.15497869020433439,10301.830019,10302.970107,10302.400063000001,626.7307380000229,10626.730738000024,True,76
2020-01-13 08:31:00,10284.443686,2020-01-13 08:32:00,10280.738402,Long,10280.738402,10299.264822,SL,-3.705283999999665,-0.03602804500785581,10280.738402,10282.733555,10281.7359785,623.0254540000233,10623.025454000024,False,77
2020-01-17 08:31:00,10448.331254,2020-01-17 14:53:00,10460.872216,Short,10460.872216,10398.167406000004,SL,-12.540961999999126,-0.12002837290594123,10455.171779,10460.872216,10458.0219975,610.4844920000241,10610.484492000025,False,77
2020-01-21 08:31:00,10446.336101,2020-01-21 10:32:00,10481.678809000005,Long,10437.500424,10481.678809000005,TP,35.34270800000377,0.3383263534534419,10437.500424,10441.205708,10439.353066,645.8272000000279,10645.827200000029,True,78
2020-01-22 08:31:00,10507.045757,2020-01-22 08:32:00,10513.601259,Short,10513.601259,10480.823749000003,SL,-6.555501999999251,-0.06239148616662154,10510.466019,10513.601259,10512.033639,639.2716980000287,10639.27169800003,False,79
2020-01-31 08:31:00,10449.471342,2020-01-31 08:50:00,10391.326886000006,Short,10464.007456,10391.326886000006,TP,58.144455999994534,0.5564344271302231,10462.012303,10464.007456,10463.0098795,697.4161540000232,10697.416154000024,True,80
2020-02-03 08:31:00,10333.467446,2020-02-03 09:28:00,10434.935230000001,Long,10308.1005,10434.935230000001,TP,101.46778400000039,0.981933552607046,10308.1005,10322.921637,10315.5110685,798.8839380000236,10798.883938000025,True,80
2020-02-05 08:31:00,10757.864991,2020-02-05 09:26:00,10670.078259,Short,10779.811674,10670.078259,TP,87.78673200000048,0.8160237377346027,10775.821368,10779.811674,10777.816521,886.6706700000241,10886.670670000025,True,80
2020-02-06 08:31:00,10698.580445,2020-02-06 08:33:00,10712.546516,Short,10712.546516,10642.716160999997,SL,-13.966071000000738,-0.13054134678706655,10706.276035,10712.546516,10709.4112755,872.7045990000233,10872.704599000022,False,81
2020-02-10 08:31:00,10715.396735,2020-02-10 09:18:00,10782.661895000003,Long,10698.580445,10782.661895000003,TP,67.26516000000265,0.6277430660153962,10698.580445,10704.280882,10701.4306635,939.969759000026,10939.969759000025,True,82
2020-02-12 08:31:00,10935.718631,2020-02-12 08:49:00,10923.462691,Long,10923.462691,10984.742390999996,SL,-12.2559399999991,-0.11207256160794597,10923.462691,10930.873259,10927.167975,927.7138190000269,10927.713819000026,False,83
2020-02-20 08:31:00,11074.239253,2020-02-20 08:36:00,11066.258641,Long,11066.258641,11106.161700999997,SL,-7.9806119999993825,-0.07206465218671741,11066.258641,11070.818991,11068.538816,919.7332070000275,10919.733207000027,False,83
2020-02-21 08:31:00,10946.264439,2020-02-21 08:32:00,10936.288674,Long,10936.288674,10986.167499000005,SL,-9.975765000001047,-0.09113396680294694,10936.288674,10939.993958,10938.141316,909.7574420000265,10909.757442000027,False,83
2020-02-25 08:31:00,10462.297325,2020-02-25 08:32:00,10445.196014,Long,10445.196014,10530.702569000001,SL,-17.10131100000035,-0.16345655709034584,10445.196014,10452.036538,10448.616276,892.6561310000261,10892.656131000025,False,83
2020-02-28 08:31:00,9393.180337,2020-02-28 08:57:00,9307.103736,Long,9307.103736,9737.486741000002,SL,-86.07660100000066,-0.9163733465325107,9307.103736,9331.330594,9319.217164999998,806.5795300000254,10806.579530000025,False,83
2020-03-03 08:31:00,10106.020003,2020-03-03 09:00:00,10147.633194,Short,10147.633194,9939.567238999998,SL,-41.61319100000037,-0.4117663628970394,10138.797517,10147.633194,10143.2153555,764.9663390000251,10764.966339000024,False,83
2020-03-04 08:31:00,9992.01126,2020-03-04 08:35:00,9971.204665,Long,9971.204665,10075.23764,SL,-20.806595000000016,-0.20823230137152604,9971.204665,9983.745626,9977.4751455,744.1597440000251,10744.159744000026,False,83
2020-03-05 08:31:00,9970.064577,2020-03-05 08:32:00,9938.997195,Long,9938.997195,10094.334104999996,SL,-31.06738199999927,-0.31160662762073577,9938.997195,9947.54785,9943.2725225,713.0923620000258,10713.092362000025,False,83
2020-03-06 08:31:00,9595.545856,2020-03-06 08:50:00,9560.77319,Long,9560.77319,9734.636520000004,SL,-34.772666000000754,-0.3623834070706644,9560.77319,9567.898736,9564.335963,678.319696000025,10678.319696000024,False,83
2020-03-09 08:31:00,9032.627688,2020-03-09 08:56:00,9227.012595,Short,9227.012595,8255.088060000002,SL,-194.38490699999966,-2.1520305465290384,9032.91271,9227.012595,9129.9626525,483.9347890000254,10483.934789000024,False,83
2020-03-12 08:31:00,8558.636339,2020-03-12 09:54:00,8666.374601,Short,8666.374601,8127.683291000005,SL,-107.73826199999894,-1.2588250947064679,8570.892278,8666.374601,8618.6334395,376.19652700002644,10376.196527000026,False,83
2020-03-13 08:31:00,8807.745442,2020-03-13 08:38:00,8690.601459,Long,8690.601459,9276.321374,SL,-117.14398299999993,-1.3300109973818648,8690.601459,8771.547666,8731.0745625,259.0525440000265,10259.052544000027,False,83
2020-03-20 08:31:00,8441.518365,2020-03-20 08:32:00,8477.176306,Short,8477.176306,8298.886601000002,SL,-35.65794099999948,-0.42241146033447596,8463.76892,8477.176306,8470.472613,223.39460300002702,10223.394603000026,False,83
2020-03-23 08:31:00,7892.956598,2020-03-23 08:32:00,7964.843007,Short,7964.843007,7605.410961999997,SL,-71.88640900000064,-0.9107665563271432,7935.1756,7964.843007,7950.0093035,151.50819400002638,10151.508194000027,False,83
2020-03-25 08:31:00,8581.582758,2020-03-25 08:33:00,8619.808071,Short,8619.808071,8428.681506000004,SL,-38.225312999999005,-0.44543429898597975,8601.551205,8619.808071,8610.679638,113.28288100002737,10113.282881000028,False,83
2020-03-26 08:31:00,8654.895485,2020-03-26 14:50:00,8903.645280999996,Long,8592.708036,8903.645280999996,TP,248.74979599999642,2.874093585891482,8592.708036,8638.3502,8615.529118,362.0326770000238,10362.032677000025,True,84
2020-03-30 08:31:00,8779.555648,2020-03-30 08:37:00,8743.897706,Long,8743.897706,8922.187415999999,SL,-35.65794199999982,-0.4061474569971291,8743.897706,8760.728255,8752.312980499999,326.374735000024,10326.374735000023,False,85
2020-03-31 08:31:00,8936.165325,2020-03-31 08:32:00,8948.146393,Short,8948.146393,8888.241052999996,SL,-11.98106800000096,-0.13407392952413802,8939.01796,8948.146393,8943.5821765,314.393667000023,10314.393667000022,False,85
2020-04-02 08:31:00,8519.110045,2020-04-02 08:44:00,8482.025786,Long,8482.025786,8667.447080999997,SL,-37.08425899999929,-0.43530672575082685,8482.025786,8501.138443,8491.5821145,277.3094080000237,10277.309408000023,False,85
2020-04-08 08:31:00,9291.888946,2020-04-08 08:33:00,9270.494182,Long,9270.494182,9377.468001999994,SL,-21.39476399999876,-0.23025204158524565,9270.494182,9275.343662,9272.918922,255.91464400002496,10255.914644000026,False,85
2020-04-09 08:31:00,9421.683852,2020-04-09 08:37:00,9445.645989,Short,9445.645989,9325.835303999998,SL,-23.96213700000044,-0.2543296652319091,9443.649144,9445.645989,9444.6475665,231.95250700002453,10231.952507000024,False,85
2020-04-14 08:31:00,9671.289441,2020-04-14 08:32:00,9682.985245,Short,9682.985245,9624.506225000005,SL,-11.695803999999043,-0.12093324340409473,9673.001022,9682.985245,9677.9931335,220.25670300002548,10220.256703000025,False,85
2020-04-24 08:31:00,9877.249709,2020-04-24 08:32:00,9868.977067,Long,9868.977067,9910.340277,SL,-8.272641999999905,-0.08375450903566808,9868.977067,9870.118121,9869.547594,211.98406100002558,10211.984061000025,False,85
2020-04-27 08:31:00,10095.191046,2020-04-27 08:33:00,10103.178424,Short,10103.178424,10063.241534,SL,-7.987377999999808,-0.07912062251822993,10101.18158,10103.178424,10102.180002000001,203.99668300002577,10203.996683000027,False,85
2020-04-28 08:31:00,10120.294236,2020-04-28 09:47:00,9966.251927999996,Short,10158.804813,9966.251927999996,TP,154.0423080000037,1.5221129386934527,10147.394271,10158.804813,10153.099542,358.03899100002945,10358.03899100003,True,86
2020-04-29 08:31:00,10095.191046,2020-04-29 08:42:00,10108.883695,Short,10108.883695,10040.420449999998,SL,-13.692649000000529,-0.1356353627941092,10095.761573,10108.883695,10102.322634,344.3463420000289,10344.34634200003,False,87
2020-05-01 08:31:00,10061.815213,2020-05-01 10:19:00,10034.715177,Long,10034.715177,10170.215357,SL,-27.100035999999818,-0.2693354571348737,10034.715177,10041.561502,10038.138339500001,317.2463060000291,10317.24630600003,False,87
2020-05-08 08:31:00,10430.94622,2020-05-08 08:51:00,10449.488349,Short,10449.488349,10356.777704000002,SL,-18.542128999999477,-0.17776075735533298,10441.215707,10449.488349,10445.352028,298.70417700002963,10298.704177000029,False,87
2020-05-12 08:31:00,10654.592827,2020-05-12 08:33:00,10634.62438,Long,10634.62438,10734.466615000005,SL,-19.968447000001106,-0.18741633138151179,10634.62438,10645.749658,10640.187019,278.7357300000285,10278.73573000003,False,87
2020-05-14 08:31:00,10226.982796,2020-05-14 08:33:00,10196.459599,Long,10196.459599,10349.075584000002,SL,-30.523197000000437,-0.298457498255876,10196.459599,10204.161714,10200.3106565,248.2125330000281,10248.212533000027,False,87
2020-05-15 08:31:00,10245.524926,2020-05-15 08:34:00,10230.976486,Long,10230.976486,10303.718686000002,SL,-14.548440000000483,-0.14199799527187723,10230.976486,10234.684911,10232.8306985,233.6640930000276,10233.664093000029,False,87
2020-05-20 08:31:00,10745.306629,2020-05-20 09:01:00,10802.359333000002,Long,10731.043453,10802.359333000002,TP,57.05270400000154,0.5309546388003921,10731.043453,10738.460305,10734.751879,290.71679700002915,10290.71679700003,True,88
2020-05-27 08:31:00,10705.369735,2020-05-27 08:33:00,10689.109714,Long,10689.109714,10770.409819,SL,-16.26002100000005,-0.15188658965079688,10689.109714,10689.394978,10689.252346000001,274.4567760000291,10274.456776000028,False,89
2020-05-28 08:31:00,10734.466615,2020-05-28 09:40:00,10820.045674999996,Long,10713.07185,10820.045674999996,TP,85.57905999999639,0.7972362583941615,10713.07185,10726.7645,10719.918174999999,360.0358360000255,10360.035836000025,True,90
2020-05-29 08:31:00,10764.419286,2020-05-29 08:32:00,10771.550874,Short,10771.550874,10735.892934,SL,-7.1315880000001926,-0.0662514884502446,10765.56034,10771.550874,10768.555607,352.9042480000253,10352.904248000024,False,91
2020-06-02 08:31:00,10929.016342,2020-06-02 09:07:00,10956.972168,Short,10956.972168,10817.193038000003,SL,-27.955825999999433,-0.255794530131369,10946.702681,10956.972168,10951.837424500001,324.94842200002586,10324.948422000027,False,91
2020-06-09 08:31:00,11267.624152,2020-06-09 09:45:00,11341.792672,Long,11249.082022,11341.792672,TP,74.16851999999926,0.6582445331816856,11249.082022,11253.360975,11251.2214985,399.1169420000251,10399.116942000026,True,92
2020-06-15 08:31:00,10889.655425,2020-06-15 08:33:00,10867.66016,Long,10867.66016,10977.636485000006,SL,-21.995265000001382,-0.20198311279441958,10867.66016,10872.230605,10869.9453825,377.12167700002374,10377.121677000025,False,93
2020-06-17 08:31:00,11418.970033,2020-06-17 08:33:00,11425.8257,Short,11425.8257,11391.547365,SL,-6.855666999999812,-0.060037525102416674,11424.111783,11425.8257,11424.9687415,370.2660100000239,10370.266010000025,False,93
2020-06-19 08:31:00,11528.089397,2020-06-19 08:40:00,11538.65855,Short,11538.65855,11485.812784999998,SL,-10.56915300000037,-0.091681740451725,11528.660702,11538.65855,11533.659626,359.69685700002356,10359.696857000024,False,93
2020-06-23 08:31:00,11625.782649,2020-06-23 08:32:00,11632.638316,Short,11632.638316,11598.359981000001,SL,-6.855666999999812,-0.05896950946859055,11628.639177,11632.638316,11630.6387465,352.84119000002374,10352.841190000025,False,93
2020-06-24 08:31:00,11634.637885,2020-06-24 08:50:00,11618.355676,Long,11618.355676,11699.766721000004,SL,-16.282209000000876,-0.1399459885295852,11618.355676,11624.640038,11621.497856999998,336.55898100002287,10336.558981000024,False,93
2020-06-25 08:31:00,11439.537034,2020-06-25 08:32:00,11423.826131,Long,11423.826131,11502.380646000005,SL,-15.710903000001053,-0.13733862614637218,11423.826131,11430.681797,11427.253964,320.8480780000218,10320.84807800002,False,93
2020-07-06 08:31:00,11976.278614,2020-07-06 09:00:00,12025.410890000005,Long,11963.995545,12025.410890000005,TP,49.13227600000391,0.41024660149914505,11963.995545,11968.280336,11966.1379405,369.9803540000257,10369.980354000025,True,94
2020-07-16 08:31:00,12098.538006,2020-07-16 08:32:00,12082.827103,Long,12082.827103,12161.381618000005,SL,-15.710903000001053,-0.12985786375353436,12082.827103,12092.539297,12087.6832,354.2694510000247,10354.269451000026,False,95
2020-07-21 08:31:00,12531.873279,2020-07-21 10:50:00,12391.332110999996,Short,12567.008571,12391.332110999996,TP,140.54116800000338,1.121469750540105,12558.724641,12567.008571,12562.866606,494.81061900002805,10494.810619000029,True,96
2020-07-23 08:31:00,12377.04947,2020-07-23 08:32:00,12381.905567,Short,12381.905567,12357.625082,SL,-4.856096999999863,-0.03923469007512873,12378.192081,12381.905567,12380.048824,489.9545220000282,10489.95452200003,False,97
2020-07-24 08:31:00,11888.297557,2020-07-24 08:33:00,11898.009752,Short,11898.009752,11849.448777,SL,-9.712195000000065,-0.08169542319607727,11888.297557,11898.009752,11893.1536545,480.2423270000281,10480.242327000029,False,97
2020-07-30 08:31:00,12082.255797,2020-07-30 08:32:00,12076.542742,Long,12076.542742,12105.108017,SL,-5.713055000000168,-0.04728467180291538,12076.542742,12077.114047,12076.8283945,474.52927200002796,10474.529272000029,False,97
2020-07-31 08:31:00,12402.758221,2020-07-31 11:56:00,12223.368273000004,Short,12447.605708,12223.368273000004,TP,179.38994799999637,1.44637140226001,12421.325652,12447.605708,12434.46568,653.9192200000243,10653.919220000025,True,98
2020-08-04 08:31:00,12603.85778,2020-08-04 08:37:00,12591.574711,Long,12591.574711,12652.990056000004,SL,-12.283069000000978,-0.09745483656196077,12591.574711,12595.859503,12593.717107,641.6361510000233,10641.636151000024,False,99
2020-08-05 08:31:00,12646.705698,2020-08-05 08:51:00,12681.555338,Short,12681.555338,12507.307137999998,SL,-34.84964000000036,-0.2755629871699444,12666.987046,12681.555338,12674.271192,606.786511000023,10606.786511000024,False,99
2020-08-06 08:31:00,12696.980588,2020-08-06 08:34:00,12684.411866,Long,12684.411866,12747.255476,SL,-12.56872199999998,-0.0989898496960668,12684.411866,12691.267532,12687.839699,594.217789000023,10594.217789000024,False,99
2020-08-12 08:31:00,12549.869404,2020-08-12 09:16:00,12657.274847999995,Long,12523.018043,12657.274847999995,TP,107.40544399999635,0.8558291767224542,12523.018043,12532.444585,12527.731314,701.6232330000194,10701.62323300002,True,100
2020-08-26 08:31:00,13458.245257,2020-08-26 08:33:00,13447.676104,Long,13447.676104,13500.521869000002,SL,-10.56915300000037,-0.07853292014055892,13447.676104,13447.961757,13447.8189305,691.054080000019,10691.05408000002,False,101
2020-08-27 08:31:00,13703.906651,2020-08-27 08:33:00,13649.061314999994,Short,13717.617985,13649.061314999994,TP,54.84533600000577,0.40021679508451413,13709.334054,13717.617985,13713.476019500002,745.8994160000248,10745.899416000026,True,102
2020-09-01 08:31:00,13900.435766,2020-09-01 08:43:00,13930.714961,Short,13930.714961,13779.318986000004,SL,-30.279194999999163,-0.21782910629363905,13925.858864,13930.714961,13928.2869125,715.6202210000256,10715.620221000027,False,103
2020-09-02 08:31:00,14167.235466,2020-09-02 08:56:00,14036.977794,Short,14199.799884,14036.977794,TP,130.25767199999973,0.919429004427897,14184.660286,14199.799884,14192.230085,845.8778930000253,10845.877893000026,True,104
2020-09-04 08:31:00,13453.960465,2020-09-04 08:43:00,13390.545547,Long,13390.545547,13707.620137000002,SL,-63.4149180000004,-0.4713475869426854,13390.545547,13402.257311,13396.401429,782.4629750000249,10782.462975000024,False,105
2020-09-07 08:31:00,13110.605819,2020-09-07 08:56:00,13092.038388,Long,13092.038388,13184.875542999998,SL,-18.567430999999488,-0.14162145713427987,13092.038388,13106.60668,13099.322534,763.8955440000254,10763.895544000025,False,105
2020-09-23 08:31:00,12735.735064,2020-09-23 08:54:00,12677.396904000001,Short,12750.319604,12677.396904000001,TP,58.338159999999334,0.4580666895694411,12746.030034,12750.319604,12748.174819,822.2337040000248,10822.233704000024,True,106
2020-09-24 08:31:00,12321.076575,2020-09-24 08:34:00,12261.594529,Long,12261.594529,12559.004758999996,SL,-59.48204599999917,-0.4827666286945317,12261.594529,12309.351748,12285.4731385,762.7516580000256,10762.751658000027,False,107
2020-09-28 08:31:00,12941.920424,2020-09-28 14:00:00,12972.519361,Short,12972.519361,12819.524675999997,SL,-30.59893700000066,-0.23643273948166765,12945.638052,12972.519361,12959.0787065,732.1527210000249,10732.152721000024,False,107
2020-09-30 08:31:00,12972.519361,2020-09-30 08:36:00,12953.931221,Long,12953.931221,13046.871921,SL,-18.58813999999984,-0.1432885893844367,12953.931221,12966.22799,12960.0796055,713.5645810000251,10713.564581000024,False,107
2020-10-02 08:31:00,13001.402469,2020-10-02 10:40:00,12947.35388,Long,12947.35388,13217.596825,SL,-54.04858899999999,-0.4157135288202268,12947.35388,12978.52476,12962.939320000001,659.5159920000251,10659.515992000026,False,107
2020-10-05 08:31:00,12977.666845,2020-10-05 09:13:00,13050.875512999999,Long,12959.364678,13050.875512999999,TP,73.2086679999993,0.5641127089666733,12959.364678,12967.371876,12963.368277,732.7246600000244,10732.724660000025,True,108
2020-10-06 08:31:00,13121.224474,2020-10-06 08:40:00,13096.916908,Long,13096.916908,13218.454738000006,SL,-24.307566000001316,-0.18525379280087237,13096.916908,13113.789219,13105.353063499999,708.4170940000231,10708.417094000022,False,109
2020-10-07 08:31:00,13054.021202,2020-10-07 09:03:00,13025.138093,Long,13025.138093,13169.553638000001,SL,-28.88310900000033,-0.22125832762991965,13025.138093,13033.145292,13029.1416925,679.5339850000228,10679.533985000024,False,109
2020-10-12 08:31:00,13593.649181,2020-10-12 08:35:00,13624.248118,Short,13624.248118,13471.253433000005,SL,-30.59893699999884,-0.22509729795563158,13602.228322,13624.248118,13613.23822,648.9350480000239,10648.935048000025,False,109
2020-10-13 08:31:00,13881.05041,2020-10-13 08:34:00,13819.280589999998,Short,13896.492865,13819.280589999998,TP,61.769820000001346,0.44499384539012954,13891.631351,13896.492865,13894.062108,710.7048680000253,10710.704868000026,True,110
2020-10-14 08:31:00,13819.566565,2020-10-14 08:36:00,13850.165502,Short,13850.165502,13697.170816999997,SL,-30.59893700000066,-0.22141748698180438,13831.577363,13850.165502,13840.8714325,680.1059310000246,10680.105931000024,False,111
2020-10-16 08:31:00,13659.708568,2020-10-16 08:41:00,13682.300307,Short,13682.300307,13569.341612000002,SL,-22.591738999999507,-0.16538961199307123,13676.294908,13682.300307,13679.2976075,657.5141920000251,10657.514192000024,False,111
2020-10-22 08:31:00,13401.76239,2020-10-22 08:39:00,13369.733597,Long,13369.733597,13529.877561999998,SL,-32.028792999999496,-0.23898941100387242,13369.733597,13393.183249,13381.458423,625.4853990000256,10625.485399000027,False,111
2020-10-23 08:31:00,13326.265948,2020-10-23 14:57:00,13355.149057,Short,13355.149057,13210.733511999999,SL,-28.88310900000033,-0.21673820042841857,13350.573515,13355.149057,13352.861286,596.6022900000253,10596.602290000024,False,111
2020-10-26 08:31:00,13262.208361,2020-10-26 08:52:00,13341.136461000006,Long,13242.476336,13341.136461000006,TP,78.92810000000463,0.5951354242940975,13242.476336,13254.487134,13248.481735000001,675.5303900000299,10675.530390000029,True,112
2020-10-29 08:31:00,12840.400587,2020-10-29 08:38:00,12808.371793,Long,12808.371793,12968.515763,SL,-32.028793999999834,-0.24943765409022153,12808.371793,12835.253102,12821.8124475,643.5015960000301,10643.501596000031,False,113
2020-11-05 08:31:00,13724.62407,2020-11-05 08:38:00,13758.08272,Short,13758.08272,13590.789469999998,SL,-33.45865000000049,-0.2437855480000808,13743.212209,13758.08272,13750.6474645,610.0429460000296,10610.04294600003,False,113
2020-11-06 08:31:00,13745.49998,2020-11-06 08:37:00,13670.003536000004,Short,13764.374091,13670.003536000004,TP,75.4964439999967,0.5492448009155407,13762.08632,13764.374091,13763.2302055,685.5393900000263,10685.539390000027,True,114
2020-11-10 08:31:00,13425.498014,2020-11-10 08:35:00,13377.740795,Long,13377.740795,13616.526890000005,SL,-47.75721900000099,-0.3557202790555713,13377.740795,13388.893679,13383.317237,637.7821710000253,10637.782171000024,False,115
2020-11-19 08:31:00,13583.926155,2020-11-19 08:32:00,13580.494498,Long,13580.494498,13597.652782999996,SL,-3.431656999999177,-0.025262629970467305,13580.494498,13582.496298,13581.495398,634.3505140000261,10634.350514000027,False,115
2020-11-20 08:31:00,13689.16362,2020-11-20 08:50:00,13707.179816,Short,13707.179816,13617.098835999997,SL,-18.01619600000049,-0.13160918007933411,13702.032331,13707.179816,13704.6060735,616.3343180000256,10616.334318000027,False,115
2020-11-23 08:31:00,13694.597076,2020-11-23 09:06:00,13670.861452,Long,13670.861452,13789.539572000003,SL,-23.735624000000826,-0.17332108325843254,13670.861452,13679.726564,13675.294008,592.5986940000248,10592.598694000026,False,115
2020-11-24 08:31:00,13663.140225,2020-11-24 08:33:00,13668.001738,Short,13668.001738,13643.694172999993,SL,-4.861513000001651,-0.035581227448038225,13665.999938,13668.001738,13667.000838,587.7371810000232,10587.737181000022,False,115
2020-11-26 08:31:00,13958.548652,2020-11-26 08:35:00,13955.116996,Long,13955.116996,13972.275275999995,SL,-3.4316559999988385,-0.024584618971164644,13955.116996,13955.97491,13955.545953,584.3055250000243,10584.305525000025,False,115
2020-11-30 08:31:00,14056.350862,2020-11-30 08:35:00,14042.624236,Long,14042.624236,14111.257365999998,SL,-13.72662599999967,-0.09765426414552791,14042.624236,14050.631434,14046.627835,570.5788990000246,10570.578899000026,False,115
2020-12-01 08:31:00,14144.430044,2020-12-01 08:42:00,14156.726813,Short,14156.726813,14095.242968000006,SL,-12.296768999998676,-0.08693718277616216,14149.8635,14156.726813,14153.2951565,558.282130000026,10558.282130000025,False,115
2020-12-03 08:31:00,14285.127959,2020-12-03 10:09:00,14260.820393,Long,14260.820393,14382.358222999997,SL,-24.307565999999497,-0.17015994585253333,14260.820393,14273.689105,14267.254749,533.9745640000265,10533.974564000026,False,115
2020-12-09 08:31:00,14419.820476,2020-12-09 08:49:00,14447.273728,Short,14447.273728,14310.007468000003,SL,-27.45325199999934,-0.1903855325084793,14438.122644,14447.273728,14442.698186,506.52131200002714,10506.521312000026,False,115
2020-12-11 08:31:00,14114.974993,2020-12-11 08:32:00,14105.537938,Long,14105.537938,14152.723213000001,SL,-9.437055000000328,-0.06685846063971364,14105.537938,14113.831107,14109.6845225,497.0842570000268,10497.084257000028,False,115
2020-12-14 08:31:00,14231.937284,2020-12-14 08:57:00,14312.009268000002,Long,14211.919288,14312.009268000002,TP,80.07198400000198,0.5626218160054813,14211.919288,14226.503828,14219.211557999999,577.1562410000288,10577.15624100003,True,116
2020-12-21 08:31:00,14424.304895,2020-12-21 08:48:00,14389.14876,Long,14389.14876,14564.929434999996,SL,-35.15613499999927,-0.2437284517757642,14389.14876,14396.86596,14393.00736,542.0001060000295,10542.000106000029,False,117
2020-12-22 08:31:00,14514.624721,2020-12-22 08:45:00,14539.777077,Short,14539.777077,14414.015296999998,SL,-25.15235600000051,-0.17328974385131476,14526.343432,14539.777077,14533.0602545,516.847750000029,10516.84775000003,False,117
2020-12-24 08:31:00,14490.329831,2020-12-24 12:14:00,14523.199388,Long,14475.752897,14548.637566999994,EOD,32.869557000001805,0.22683788004384872,14475.752897,14484.327564,14480.040230499999,549.7173070000308,10549.717307000032,True,118
2021-01-04 08:31:00,14768.434865,2021-01-04 09:11:00,14697.550948999993,Short,14786.155844,14697.550948999993,TP,70.88391600000614,0.47996904646947597,14774.722954,14786.155844,14780.439399,620.601223000037,10620.601223000038,True,118
2021-01-05 08:31:00,14498.332853,2021-01-05 13:42:00,14633.240944999998,Long,14464.60583,14633.240944999998,TP,134.90809199999785,0.93050762020602,14464.60583,14486.32832,14475.467075,755.5093150000348,10755.509315000036,True,118
2021-01-07 08:31:00,14577.21979,2021-01-07 08:59:00,14675.542637999995,Long,14552.639078,14675.542637999995,TP,98.32284799999616,0.6744965735334925,14552.639078,14558.0697,14555.354389,853.832163000031,10853.832163000032,True,118
2021-01-12 08:31:00,14767.863221,2021-01-12 08:46:00,14753.286287,Long,14753.286287,14826.170956999995,SL,-14.5769339999988,-0.09870713035363371,14753.286287,14757.859443,14755.572865,839.2552290000322,10839.255229000031,False,119
2021-01-13 08:31:00,14759.860198,2021-01-13 08:33:00,14738.709353,Long,14738.709353,14844.463578,SL,-21.150845000000118,-0.14329976514863002,14738.709353,14756.144509,14747.426931,818.104384000032,10818.104384000031,False,119
2021-01-25 08:31:00,15448.405961,2021-01-25 09:36:00,15432.685739,Long,15432.685739,15511.286849,SL,-15.720221999999922,-0.10175950864889315,15432.685739,15442.975339,15437.830539,802.3841620000321,10802.384162000031,False,119
2021-01-26 08:31:00,15436.68725,2021-01-26 08:32:00,15430.970805,Long,15430.970805,15459.553030000001,SL,-5.7164450000000215,-0.037031552867666094,15430.970805,15432.685739,15431.828272,796.6677170000321,10796.667717000033,False,119
2021-01-27 08:31:00,15226.607907,2021-01-27 14:34:00,14904.200422999997,Short,15307.209778,14904.200422999997,TP,322.407484000003,2.1173953251386037,15247.187108,15307.209778,15277.198443000001,1119.0752010000351,11119.075201000036,True,120
2021-02-03 08:31:00,15427.826761,2021-02-03 09:00:00,15469.556807,Short,15469.556807,15260.906576999998,SL,-41.730046000000584,-0.27048557548941343,15460.410495,15469.556807,15464.983651,1077.3451550000345,11077.345155000035,False,121
2021-02-05 08:31:00,15516.717476,2021-02-05 08:33:00,15536.725032,Short,15536.725032,15436.687251999998,SL,-20.007556000000477,-0.1289419365335906,15529.007832,15536.725032,15532.866431999999,1057.337599000034,11057.337599000035,False,121
2021-02-09 08:31:00,15616.183613,2021-02-09 08:59:00,15671.061480999995,Long,15602.464146,15671.061480999995,TP,54.87786799999594,0.3514166416070555,15602.464146,15613.611213,15608.037679500001,1112.21546700003,11112.215467000031,True,122
2021-02-10 08:31:00,15720.222907,2021-02-10 08:32:00,15713.077351,Long,15713.077351,15748.805130999997,SL,-7.1455559999994875,-0.04545454630174277,15713.077351,15720.222907,15716.650129,1105.0699110000305,11105.069911000031,False,123
2021-02-11 08:31:00,15699.072061,2021-02-11 08:32:00,15691.354861,Long,15691.354861,15729.940861000005,SL,-7.7172000000009575,-0.04915704552482567,15691.354861,15691.640683,15691.497771999999,1097.3527110000296,11097.352711000029,False,123
2021-02-22 08:31:00,15321.786712,2021-02-22 08:33:00,15310.925467,Long,15310.925467,15365.231692,SL,-10.861245000000054,-0.07088758774780192,15310.925467,15312.926222,15311.9258445,1086.4914660000295,11086.491466000029,False,123
2021-02-25 08:31:00,15106.848391,2021-02-25 09:02:00,15070.548967,Long,15070.548967,15252.046086999995,SL,-36.29942399999891,-0.2402845587675621,15070.548967,15078.837812,15074.6933895,1050.1920420000306,11050.192042000032,False,123
2021-03-03 08:31:00,14905.343716,2021-03-03 08:35:00,14882.192115,Long,14882.192115,14997.950119999998,SL,-23.151600999999573,-0.15532416723237122,14882.192115,14893.05336,14887.6227375,1027.040441000031,11027.04044100003,False,123
2021-03-04 08:31:00,14508.336632,2021-03-04 08:47:00,14480.326053,Long,14480.326053,14620.378948,SL,-28.01057899999978,-0.19306540584548368,14480.326053,14504.049298,14492.187675500001,999.0298620000312,10999.029862000032,False,123
2021-03-05 08:31:00,14360.852359,2021-03-05 08:38:00,14262.529511000004,Short,14385.433071,14262.529511000004,TP,98.32284799999616,0.6846588596698222,14378.859159,14385.433071,14382.146115,1097.3527100000274,11097.352710000028,True,124
2021-03-08 08:31:00,14398.295071,2021-03-08 08:41:00,14438.881829,Short,14438.881829,14235.948039000003,SL,-40.58675799999946,-0.2818858607901873,14428.87805,14438.881829,14433.879939499999,1056.765952000028,11056.765952000027,False,125
2021-03-10 08:31:00,14798.160378,2021-03-10 08:32:00,14825.885134,Short,14825.885134,14687.261354000002,SL,-27.724755999999616,-0.18735272014768276,14810.450734,14825.885134,14818.167934000001,1029.0411960000283,11029.041196000027,False,125
2021-03-15 08:31:00,14788.442422,2021-03-15 08:36:00,14802.161889,Short,14802.161889,14733.564553999997,SL,-13.719467000000805,-0.09277154827063508,14791.300644,14802.161889,14796.7312665,1015.3217290000275,11015.321729000028,False,125
2021-03-16 08:31:00,15042.274106,2021-03-16 08:32:00,15052.856582,Short,15052.856582,14999.944202000002,SL,-10.582475999999588,-0.07035157001811643,15044.276196,15052.856582,15048.566389,1004.7392530000279,11004.739253000029,False,125
2021-03-18 08:31:00,14862.37202,2021-03-18 08:43:00,14850.073467,Long,14850.073467,14911.566232000003,SL,-12.298553000000538,-0.08274959732841176,14850.073467,14854.935686,14852.5045765,992.4407000000274,10992.440700000028,False,125
2021-03-19 08:31:00,14669.313343,2021-03-19 08:39:00,14631.845659,Long,14631.845659,14819.184078999997,SL,-37.46768399999928,-0.25541539078158937,14631.845659,14641.856109,14636.850884,954.9730160000281,10954.973016000029,False,125
2021-03-22 08:31:00,14824.904336,2021-03-22 09:45:00,14922.148708,Long,14800.593243,14922.148708,TP,97.24437200000102,0.6559527791613334,14800.593243,14812.605783,14806.599513000001,1052.2173880000291,11052.21738800003,True,126
2021-03-23 08:31:00,14979.351278,2021-03-23 08:35:00,15000.802242,Short,15000.802242,14893.547422000001,SL,-21.450963999999658,-0.14320355803061005,14995.940024,15000.802242,14998.371133,1030.7664240000295,11030.76642400003,False,127
2021-03-24 08:31:00,14931.301118,2021-03-24 08:49:00,14851.217517999994,Short,14951.322018,14851.217517999994,TP,80.08360000000539,0.5363470963924432,14937.307388,14951.322018,14944.314703,1110.8500240000349,11110.850024000036,True,128
2021-04-14 08:31:00,15979.824246,2021-04-14 10:02:00,15913.469262000002,Short,15996.412992,15913.469262000002,TP,66.35498399999778,0.4152422641106799,15986.974568,15996.412992,15991.69378,1177.2050080000326,11177.205008000034,True,128
2021-04-15 08:31:00,15953.511064,2021-04-15 09:07:00,15938.638395,Long,15938.638395,16013.001740000002,SL,-14.872669000000315,-0.09322505209252234,15938.638395,15940.354472,15939.4964335,1162.3323390000323,11162.332339000033,False,129
2021-04-16 08:31:00,16006.137429,2021-04-16 11:45:00,16057.905756,Short,16057.905756,15799.064121000001,SL,-51.76832699999977,-0.32342798023341757,16037.026817,16057.905756,16047.4662865,1110.5640120000326,11110.564012000032,False,129
2021-04-20 08:31:00,15896.308493,2021-04-20 08:33:00,15873.141451,Long,15873.141451,15988.976661000004,SL,-23.167042000000947,-0.14573850281153414,15873.141451,15886.870068,15880.0057595,1087.3969700000316,11087.39697000003,False,129
2021-04-21 08:31:00,15745.007692,2021-04-21 08:32:00,15731.851101,Long,15731.851101,15797.634055999995,SL,-13.156590999999025,-0.08356039741208801,15731.851101,15736.141293,15733.996197,1074.2403790000326,11074.240379000032,False,129
2021-04-23 08:31:00,15802.210263,2021-04-23 11:46:00,15950.936947000002,Long,15765.028592,15950.936947000002,TP,148.72668400000111,0.9411764653469801,15765.028592,15776.469106,15770.748849,1222.9670630000337,11222.967063000033,True,130
2021-04-26 08:31:00,15950.650935,2021-04-26 08:32:00,15941.784537,Long,15941.784537,15986.116527,SL,-8.866398000000117,-0.055586433657982354,15941.784537,15944.644665,15943.214601,1214.1006650000336,11214.100665000034,False,131
2021-04-27 08:31:00,16031.592573,2021-04-27 08:34:00,16042.461062,Short,16042.461062,15988.118616999998,SL,-10.868489000000409,-0.0677941941857033,16039.31492,16042.461062,16040.887991,1203.2321760000332,11203.232176000034,False,131
2021-05-05 08:31:00,15608.57956,2021-05-05 08:35:00,15595.708981,Long,15595.708981,15660.061876000002,SL,-12.870579000000362,-0.08245836176524163,15595.708981,15602.287277,15598.998129,1190.3615970000328,11190.361597000032,False,131
2021-05-06 08:31:00,15394.641944,2021-05-06 08:37:00,15420.669114,Short,15420.669114,15290.533264000003,SL,-26.027169999999387,-0.16906641995751887,15416.950947,15420.669114,15418.8100305,1164.3344270000334,11164.334427000034,False,131
2021-05-07 08:31:00,15642.043064,2021-05-07 08:36:00,15685.231005,Short,15685.231005,15469.291299999999,SL,-43.18794100000014,-0.27610166282815535,15659.203835,15685.231005,15672.21742,1121.1464860000333,11121.146486000034,False,131
2021-05-10 08:31:00,15564.247567,2021-05-10 13:14:00,15366.326671000004,Short,15613.727791,15366.326671000004,TP,197.920895999996,1.2716380611911915,15585.126506,15613.727791,15599.427148499999,1319.0673820000293,11319.06738200003,True,132
2021-05-11 08:31:00,15026.257386,2021-05-11 08:34:00,15003.090345,Long,15003.090345,15118.925549999994,SL,-23.16704099999879,-0.15417705423829342,15003.090345,15003.948384,15003.5193645,1295.9003410000305,11295.90034100003,False,133
2021-05-12 08:31:00,15054.286646,2021-05-12 09:00:00,15031.119605,Long,15031.119605,15146.954810000003,SL,-23.16704100000061,-0.15388999522043914,15031.119605,15053.142595,15042.131099999999,1272.7333000000299,11272.733300000029,False,133
2021-05-13 08:31:00,15055.71671,2021-05-13 08:39:00,15015.102885,Long,15015.102885,15218.172010000002,SL,-40.61382500000036,-0.2697568357740464,15015.102885,15045.70626,15030.4045725,1232.1194750000295,11232.119475000029,False,133
2021-05-17 08:31:00,15191.572817,2021-05-17 08:37:00,15229.326514,Short,15229.326514,15040.558029,SL,-37.7536970000001,-0.2485173685094156,15218.458025,15229.326514,15223.8922695,1194.3657780000294,11194.365778000029,False,133
2021-05-19 08:31:00,14886.111087,2021-05-19 08:41:00,14858.36784,Long,14858.36784,14997.084074999993,SL,-27.74324699999852,-0.18637001187117716,14858.36784,14865.518161,14861.9430005,1166.622531000031,11166.62253100003,False,133
2021-05-20 08:31:00,15237.620886,2021-05-20 09:17:00,15349.737922000004,Long,15209.591627,15349.737922000004,TP,112.11703600000328,0.7357909534487369,15209.591627,15219.602077,15214.596851999999,1278.7395670000342,11278.739567000033,True,134
2021-05-26 08:31:00,15668.070234,2021-05-26 08:34:00,15659.489848,Long,15659.489848,15702.391778000007,SL,-8.580386000001454,-0.05476351504591712,15659.489848,15667.498208,15663.494028000001,1270.1591810000327,11270.159181000032,False,135
2021-06-02 08:31:00,15623.738241,2021-06-02 08:32:00,15634.320717,Short,15634.320717,15581.408336999993,SL,-10.582476000001407,-0.06773331603976024,15628.314447,15634.320717,15631.317582,1259.5767050000313,11259.576705000032,False,135
2021-06-04 08:31:00,15602.859303,2021-06-04 09:02:00,15711.544186999994,Long,15575.688082,15711.544186999994,TP,108.68488399999478,0.696570300926175,15575.688082,15581.694352,15578.691217,1368.261589000026,11368.261589000027,True,136
2021-06-08 08:31:00,15869.709297,2021-06-08 08:33:00,15877.717657,Short,15877.717657,15837.675857,SL,-8.008359999999811,-0.05046318020150317,15877.431644,15877.717657,15877.574650499999,1360.2532290000263,11360.253229000027,False,137
2021-06-11 08:31:00,15967.239681,2021-06-11 08:32:00,15970.671835,Short,15970.671835,15953.511064999999,SL,-3.4321540000000823,-0.0214949738875914,15967.525694,15970.671835,15969.098764499999,1356.8210750000262,11356.821075000025,False,137
2021-06-14 08:31:00,15992.092851,2021-06-14 08:42:00,16031.301783,Short,16031.301783,15835.257122999994,SL,-39.20893200000137,-0.24517699068730459,16006.688877,16031.301783,16018.995330000002,1317.6121430000248,11317.612143000024,False,137
2021-06-15 08:31:00,16114.012597,2021-06-15 08:45:00,16150.931956,Short,16150.931956,15966.335161000003,SL,-36.91935899999953,-0.22911338052989316,16137.19452,16150.931956,16144.063237999999,1280.6927840000253,11280.692784000024,False,137
2021-06-17 08:31:00,15977.496825,2021-06-17 09:02:00,16065.645372999998,Long,15955.459688,16065.645372999998,TP,88.14854799999739,0.5517043687473703,15955.459688,15974.348663,15964.9041755,1368.8413320000227,11368.841332000022,True,138
2021-06-28 08:31:00,16526.708074,2021-06-28 15:59:00,16602.55017,Long,16478.054655,16721.321749999992,EOD,75.84209600000031,0.45890624836119626,16478.054655,16501.522775,16489.788715000002,1444.683428000023,11444.683428000022,True,138
2021-06-29 08:31:00,16573.358118,2021-06-29 08:37:00,16604.553546,Short,16604.553546,16448.576406000004,SL,-31.195427999999083,-0.18822635568417687,16593.391879,16604.553546,16598.9727125,1413.488000000024,11413.488000000023,False,139
2021-07-05 08:31:00,16828.645473,2021-07-05 11:59:00,16820.631968,Short,16832.366028,16813.763253,EOD,8.013504999998986,0.04761824124737734,16829.790259,16832.366028,16831.078143500003,1421.501505000023,11421.501505000022,True,140
2021-07-06 08:31:00,16901.625602,2021-07-06 08:45:00,16876.726499,Long,16876.726499,17001.222014,SL,-24.89910299999974,-0.14731779999347155,16876.726499,16892.753508,16884.740003500003,1396.6024020000232,11396.602402000022,False,141
2021-07-13 08:31:00,17017.249023,2021-07-13 08:35:00,17007.518339,Long,17007.518339,17056.171759000008,SL,-9.73068400000193,-0.05718129873312795,17007.518339,17010.380305,17008.949322,1386.8717180000212,11386.87171800002,False,141
2021-07-15 08:31:00,17010.094109,2021-07-15 08:56:00,17047.585861,Short,17047.585861,16860.12710100001,SL,-37.49175199999809,-0.2204088452406697,17042.434323,17047.585861,17045.010092,1349.3799660000232,11349.379966000022,False,141
2021-07-16 08:31:00,17010.666502,2021-07-16 08:41:00,16988.056971,Long,16988.056971,17101.104625999993,SL,-22.609530999998242,-0.13291384554120772,16988.056971,16991.205134,16989.6310525,1326.770435000025,11326.770435000024,False,141
2021-07-22 08:31:00,17017.821416,2021-07-22 15:26:00,17123.14175999999,Long,16991.49133,17123.14175999999,TP,105.32034399999247,0.6188826491090761,16991.49133,17007.518339,16999.5048345,1432.0907790000174,11432.090779000016,True,142
2021-07-23 08:31:00,17131.727658,2021-07-23 08:49:00,17152.333812,Short,17152.333812,17049.303041999996,SL,-20.60615400000097,-0.12028065359992177,17135.162017,17152.333812,17143.7479145,1411.4846250000164,11411.484625000016,False,143
2021-07-26 08:31:00,17240.482361,2021-07-26 08:37:00,17256.795566,Short,17256.795566,17175.22954099999,SL,-16.3132050000022,-0.09462151150077211,17246.206292,17256.795566,17251.500929,1395.1714200000142,11395.171420000013,False,143
2021-07-27 08:31:00,17273.108771,2021-07-27 09:05:00,17202.132014999996,Short,17290.85296,17202.132014999996,TP,70.97675600000366,0.4109089854118632,17282.267062,17290.85296,17286.560011,1466.1481760000179,11466.148176000017,True,144
2021-07-28 08:31:00,17186.677402,2021-07-28 08:32:00,17173.226163,Long,17173.226163,17240.48235800001,SL,-13.451239000001806,-0.07826549998801104,17173.226163,17183.815436,17178.520799500002,1452.696937000016,11452.696937000015,False,145
2021-07-30 08:31:00,17063.040477,2021-07-30 15:59:00,17133.444837,Long,17027.5521,17204.99398499999,EOD,70.40436000000045,0.41261321565111153,17027.5521,17049.303041,17038.4275705,1523.1012970000165,11523.101297000016,True,146
2021-08-03 08:31:00,17138.023983,2021-08-03 08:39:00,17151.761419,Short,17151.761419,17083.074239,SL,-13.737435999999434,-0.08015764252416868,17150.330436,17151.761419,17151.0459275,1509.363861000017,11509.363861000016,False,147
2021-08-05 08:31:00,17271.391592,2021-08-05 08:34:00,17285.701421,Short,17285.701421,17214.152275999993,SL,-14.309829000001628,-0.08285278533450571,17283.984242,17285.701421,17284.8428315,1495.0540320000155,11495.054032000015,False,147
2021-08-09 08:31:00,17323.765567,2021-08-09 08:35:00,17305.162789,Long,17305.162789,17398.176678999986,SL,-18.60277799999676,-0.10738299319538905,17305.162789,17316.038259,17310.600524,1476.4512540000187,11476.451254000018,False,147
2021-08-17 08:31:00,17148.32706,2021-08-17 08:36:00,17190.970351,Short,17190.970351,16977.753896,SL,-42.64329100000032,-0.24867318456661347,17169.505607,17190.970351,17180.237978999998,1433.8079630000184,11433.807963000017,False,147
2021-08-19 08:31:00,16969.454193,2021-08-19 08:40:00,16915.363038,Long,16915.363038,17185.81881300001,SL,-54.09115500000189,-0.31875600938487936,16915.363038,16939.403552,16927.383295,1379.7168080000165,11379.716808000016,False,147
2021-08-23 08:31:00,17342.082149,2021-08-23 09:06:00,17440.53377700001,Long,17317.469242,17440.53377700001,TP,98.4516280000098,0.5677036191740495,17317.469242,17334.068644,17325.768943,1478.1684360000263,11478.168436000025,True,148
2021-08-24 08:31:00,17567.605059,2021-08-24 08:32:00,17562.45352,Long,17562.45352,17588.21121500001,SL,-5.151539000002231,-0.029324082495599268,17562.45352,17563.884503,17563.169011500002,1473.016897000024,11473.016897000023,False,149
2021-08-26 08:31:00,17573.615187,2021-08-26 08:59:00,17556.157195,Long,17556.157195,17643.447154999998,SL,-17.45799199999965,-0.09934206373719914,17556.157195,17571.325614,17563.7414045,1455.5589050000244,11455.558905000024,False,149
2021-08-27 08:31:00,17539.271597,2021-08-27 08:35:00,17524.675571,Long,17524.675571,17597.655700999996,SL,-14.596025999999256,-0.08321911157642277,17524.675571,17526.678947,17525.677259,1440.9628790000252,11440.962879000024,False,149
2021-08-30 08:31:00,17716.141087,2021-08-30 09:06:00,17804.289634999997,Long,17694.10395,17804.289634999997,TP,88.14854799999739,0.4975606570704061,17694.10395,17704.693224,17699.398587,1529.1114270000226,11529.111427000022,True,150
2021-08-31 08:31:00,17809.154978,2021-08-31 15:59:00,17858.094594,Short,17864.677115,17587.06643,EOD,-48.93961599999966,-0.27480032635156315,17839.205619,17864.677115,17851.941367,1480.171811000023,11480.171811000022,False,151
2021-09-02 08:31:00,17943.95357,2021-09-02 08:33:00,17937.371048,Long,17937.371048,17970.283658000004,SL,-6.582522000000608,-0.03668378863287824,17937.371048,17938.802031,17938.0865395,1473.5892890000223,11473.589289000021,False,151
2021-09-07 08:31:00,17931.933313,2021-09-07 08:32:00,17923.633612,Long,17923.633612,17965.132117,SL,-8.299700999999914,-0.04628447393334288,17923.633612,17925.350792,17924.492202,1465.2895880000224,11465.289588000021,False,151
2021-09-08 08:31:00,17916.192501,2021-09-08 09:33:00,17849.794893000002,Short,17932.791903,17849.794893000002,TP,66.39760799999931,0.37060110844585586,17926.781775,17932.791903,17929.786839,1531.6871960000217,11531.68719600002,True,152
2021-09-09 08:31:00,17898.162116,2021-09-09 08:32:00,17895.013953,Long,17895.013953,17910.75476799999,SL,-3.1481629999980214,-0.017589308777037686,17895.013953,17897.589723,17896.301838,1528.5390330000237,11528.539033000023,False,153
2021-09-10 08:31:00,17929.64374,2021-09-10 08:55:00,17906.17562,Long,17906.17562,18023.51621999999,SL,-23.468119999997725,-0.13089005191799602,17906.17562,17924.492202,17915.333911,1505.070913000026,11505.070913000025,False,153
2021-09-14 08:31:00,17768.277582,2021-09-14 08:34:00,17747.945779,Long,17747.945779,17849.604793999988,SL,-20.331802999997308,-0.11442754035199375,17747.945779,17764.841221,17756.3935,1484.7391100000286,11484.739110000028,False,153
2021-09-17 08:31:00,17697.83218,2021-09-17 10:08:00,17551.214108000004,Short,17734.486698,17551.214108000004,TP,146.61807199999748,0.8284521545282133,17706.136719,17734.486698,17720.311708499998,1631.3571820000261,11631.357182000025,True,154
2021-09-21 08:31:00,17234.496164,2021-09-21 08:38:00,17273.727953,Short,17273.727953,17077.569007999995,SL,-39.2317890000013,-0.22763525331219137,17245.09161,17273.727953,17259.4097815,1592.1253930000248,11592.125393000024,False,155
2021-09-23 08:31:00,17431.800561,2021-09-23 08:33:00,17423.496022,Long,17423.496022,17465.018717000003,SL,-8.30453900000066,-0.047640167583033986,17423.496022,17430.368744,17426.932383,1583.8208540000242,11583.820854000023,False,155
2021-09-27 08:31:00,17421.205115,2021-09-27 08:32:00,17395.146043,Long,17395.146043,17525.441403,SL,-26.059072000000015,-0.14958248770954796,17395.146043,17404.8824,17400.0142215,1557.7617820000241,11557.761782000023,False,155
2021-09-28 08:31:00,17202.996187,2021-09-28 08:33:00,17185.241655,Long,17185.241655,17274.014314999997,SL,-17.754531999999017,-0.1032060450807738,17185.241655,17199.559826,17192.4007405,1540.0072500000251,11540.007250000024,False,155
2021-09-29 08:31:00,16993.664526,2021-09-29 08:38:00,16975.050904,Long,16975.050904,17068.119014000004,SL,-18.61362200000076,-0.10953271421547868,16975.050904,16976.482721,16975.7668125,1521.3936280000244,11521.393628000023,False,155
2021-09-30 08:31:00,17005.119063,2021-09-30 09:07:00,16964.169094,Long,16964.169094,17168.91893899999,SL,-40.94996899999751,-0.24080965765830528,16964.169094,16980.778172,16972.473633,1480.4436590000269,11480.443659000026,False,155
2021-10-05 08:31:00,16675.228401,2021-10-05 08:37:00,16617.669354,Long,16617.669354,16905.464588999996,SL,-57.55904699999883,-0.34517696319258245,16617.669354,16630.269344,16623.969349,1422.884612000028,11422.884612000027,False,155
2021-10-08 08:31:00,17094.178087,2021-10-08 08:34:00,17056.378115000007,Short,17103.62808,17056.378115000007,TP,37.79997199999343,0.22112775359898726,17094.750814,17103.62808,17099.189446999997,1460.6845840000215,11460.68458400002,True,156
2021-10-12 08:31:00,16869.955528,2021-10-12 08:33:00,16905.464592,Short,16905.464592,16727.919271999992,SL,-35.50906400000167,-0.21048700419550787,16896.300963,16905.464592,16900.882777500003,1425.1755200000198,11425.175520000019,False,157
2021-10-15 08:31:00,17247.668881,2021-10-15 09:45:00,17283.177945,Short,17283.177945,17105.63262500001,SL,-35.509063999998034,-0.20587746810883384,17262.846143,17283.177945,17273.012044,1389.6664560000218,11389.66645600002,False,157
2021-10-19 08:31:00,17550.641381,2021-10-19 08:32:00,17558.94592,Short,17558.94592,17517.423225000013,SL,-8.304538999997021,-0.047317581276473245,17553.218652,17558.94592,17556.082285999997,1381.3619170000247,11381.361917000024,False,157
2021-10-27 08:31:00,17847.600249,2021-10-27 08:34:00,17838.150256,Long,17838.150256,17885.400220999993,SL,-9.449992999998358,-0.05294825560947803,17838.150256,17843.018435,17840.5843455,1371.9119240000264,11371.911924000025,False,157
2021-10-29 08:31:00,17924.918373,2021-10-29 08:36:00,17905.445661,Long,17905.445661,18002.809220999996,SL,-19.472711999998864,-0.10863487127132627,17905.445661,17912.604746,17909.0252035,1352.4392120000275,11352.439212000027,False,157
2021-11-01 08:31:00,18143.700027,2021-11-01 09:04:00,18062.372814999995,Short,18164.03183,18062.372814999995,TP,81.32721200000378,0.44823939923488126,18163.745467,18164.03183,18163.8886485,1433.7664240000313,11433.76642400003,True,158
2021-11-04 08:31:00,18521.986107,2021-11-04 08:33:00,18528.572466,Short,18528.572466,18495.640670999997,SL,-6.586359000000812,-0.03555968005780781,18525.422468,18528.572466,18526.997467,1427.1800650000305,11427.18006500003,False,159
2021-11-15 08:31:00,18588.136058,2021-11-15 08:32:00,18599.017868,Short,18599.017868,18544.608818000004,SL,-10.88180999999895,-0.058541695445120306,18591.286055,18599.017868,18595.1519615,1416.2982550000315,11416.29825500003,False,159
2021-11-18 08:31:00,18754.226842,2021-11-18 08:46:00,18780.285913,Short,18780.285913,18649.990558,SL,-26.059070999999676,-0.13895038819537212,18769.97683,18780.285913,18775.1313715,1390.2391840000319,11390.239184000031,False,159
2021-11-19 08:31:00,18922.322171,2021-11-19 08:36:00,18954.10851,Short,18954.10851,18795.176815000006,SL,-31.786338999998407,-0.1679832882705779,18951.817603,18954.10851,18952.963056499997,1358.4528450000334,11358.452845000033,False,159
2021-11-22 08:31:00,19094.71295,2021-11-22 10:12:00,19061.781157,Long,19061.781157,19226.440122,SL,-32.93179299999974,-0.17246550438455135,19061.781157,19068.081152,19064.931154500002,1325.5210520000337,11325.521052000033,False,159
2021-11-24 08:31:00,18516.258839,2021-11-24 09:00:00,18554.917901,Short,18554.917901,18361.62259099999,SL,-38.65906200000245,-0.20878441123633754,18540.027003,18554.917901,18547.472452,1286.8619900000313,11286.86199000003,False,159
2021-11-26 08:31:00,18652.854191,2021-11-26 08:37:00,18615.913309,Long,18615.913309,18800.617718999994,SL,-36.940881999998965,-0.1980441256964467,18615.913309,18623.072395,18619.492852,1249.9211080000323,11249.921108000031,False,159
2021-11-29 08:31:00,18622.213305,2021-11-29 08:32:00,18602.454229,Long,18602.454229,18701.24960900001,SL,-19.759076000002096,-0.10610487419718713,18602.454229,18619.636034,18611.0451315,1230.1620320000302,11230.16203200003,False,159
2021-11-30 08:31:00,18709.267785,2021-11-30 08:32:00,18732.176859,Short,18732.176859,18617.631489000003,SL,-22.909073999999237,-0.12244773159089849,18723.013229,18732.176859,18727.595044,1207.252958000031,11207.25295800003,False,159
2021-12-01 08:31:00,18689.508709,2021-12-01 09:00:00,18714.135963,Short,18714.135963,18590.999693000005,SL,-24.627253999999084,-0.1317704728543225,18701.822336,18714.135963,18707.979149500003,1182.6257040000319,11182.625704000031,False,159
2021-12-07 08:31:00,18479.031594,2021-12-07 08:45:00,18537.449733999994,Long,18464.427059,18537.449733999994,TP,58.41813999999431,0.31613204243323134,18464.427059,18473.877052,18469.152055500002,1241.0438440000262,11241.043844000025,True,160
2021-12-08 08:31:00,18626.222393,2021-12-08 08:44:00,18701.822336,Short,18701.822336,18323.822620999996,SL,-75.59994300000108,-0.4058790956367654,18677.195082,18701.822336,18689.508709,1165.443901000025,11165.443901000024,False,161
2021-12-09 08:31:00,18745.635939,2021-12-09 08:55:00,18716.42687,Long,18716.42687,18862.472215,SL,-29.209069000000454,-0.15581796795291136,18716.42687,18722.440502,18719.433686,1136.2348320000247,11136.234832000024,False,161
2021-12-13 08:31:00,18669.463269,2021-12-13 08:36:00,18701.249609,Short,18701.249609,18542.317909000005,SL,-31.786339999998745,-0.1702584565073109,18695.235977,18701.249609,18698.242792999998,1104.448492000026,11104.448492000025,False,161
2021-12-16 08:31:00,18664.308728,2021-12-16 08:35:00,18693.517797,Short,18693.517797,18547.472451999998,SL,-29.209069000000454,-0.15649692375791724,18680.058716,18693.517797,18686.7882565,1075.2394230000255,11075.239423000025,False,161
2021-12-21 08:31:00,18063.231906,2021-12-21 08:32:00,18056.931911,Long,18056.931911,18088.431886000006,SL,-6.299995000001218,-0.034877451791495685,18056.931911,18061.513725,18059.222818000002,1068.9394280000242,11068.939428000023,False,161
2021-12-27 08:31:00,18777.708643,2021-12-27 12:59:00,18956.399419000005,Long,18733.035949,18956.399419000005,TP,178.6907760000031,0.9516111864192539,18733.035949,18756.804113,18744.920031,1247.6302040000273,11247.630204000026,True,162
2021-12-28 08:31:00,18977.017584,2021-12-28 15:59:00,18914.303995,Short,19010.808468,18841.85404800001,EOD,62.713589000002685,0.3304712593662667,19003.363019,19010.808468,19007.0857435,1310.34379300003,11310.34379300003,True,162
2021-12-29 08:31:00,18935.208524,2021-12-29 08:37:00,18903.994912,Long,18903.994912,19060.062972000014,SL,-31.213612000003195,-0.16484430029086058,18903.994912,18920.890353,18912.4426325,1279.1301810000268,11279.130181000026,False,163
2021-12-31 08:31:00,18838.417688,2021-12-31 08:46:00,18798.040446,Long,18798.040446,18999.92665600001,SL,-40.3772420000023,-0.21433457240797055,18798.040446,18804.340441,18801.1904435,1238.7529390000245,11238.752939000024,False,163
2022-01-03 08:31:00,18817.226795,2022-01-03 08:47:00,18768.545013,Long,18768.545013,19011.953922999997,SL,-48.68178199999966,-0.25870858937053937,18768.545013,18782.863184,18775.7040985,1190.0711570000249,11190.071157000024,False,163
2022-01-04 08:31:00,18898.554007,2022-01-04 08:50:00,18860.754038999992,Short,18908.003999,18860.754038999992,TP,37.79996800000663,0.20001513335890977,18899.126733,18908.003999,18903.565366000003,1227.8711250000315,11227.87112500003,True,164
2022-01-06 08:31:00,18013.118307,2022-01-06 09:00:00,17976.463789,Long,17976.463789,18159.736378999998,SL,-36.65451799999937,-0.20348791017352733,17976.463789,17990.495597,17983.479693,1191.2166070000321,11191.216607000031,False,165
2022-01-11 08:31:00,17774.00485,2022-01-11 08:35:00,17821.541178,Short,17821.541178,17583.859538000008,SL,-47.53632799999832,-0.2674486048652019,17810.659368,17821.541178,17816.100273,1143.6802790000338,11143.680279000033,False,165
2022-01-14 08:31:00,17683.514009,2022-01-14 15:59:00,17888.263855,Long,17627.673142,17906.877476999995,EOD,204.74984600000244,1.1578572329899777,17627.673142,17656.309484,17641.991313,1348.4301250000362,11348.430125000035,True,166
2022-01-17 08:31:00,17868.504779,2022-01-17 08:32:00,17876.522954999997,Long,17866.500235,17876.522954999997,TP,8.018175999997766,0.044873234213873035,17866.500235,17867.932052,17867.2161435,1356.448301000034,11356.448301000033,True,166
2022-01-20 08:31:00,17424.927839,2022-01-20 12:33:00,17381.686962,Long,17381.686962,17597.891347,SL,-43.24087700000018,-0.24815527157145306,17381.686962,17387.986958,17384.83696,1313.2074240000338,11313.207424000033,False,167
2022-02-01 08:31:00,17051.796301,2022-02-01 10:58:00,17111.932619,Short,17111.932619,16811.251028999995,SL,-60.136318000000756,-0.352668522063415,17073.846284,17111.932619,17092.8894515,1253.071106000033,11253.071106000032,False,167
2022-02-02 08:31:00,17318.400646,2022-02-02 08:37:00,17365.364247,Short,17365.364247,17130.546241999986,SL,-46.96360100000311,-0.27117747163823824,17330.42791,17365.364247,17347.8960785,1206.10750500003,11206.107505000029,False,167
2022-02-08 08:31:00,16668.928406,2022-02-08 08:34:00,16630.269344,Long,16630.269344,16823.564653999994,SL,-38.65906199999881,-0.23192289905140778,16630.269344,16658.33296,16644.301152,1167.4484430000311,11167.44844300003,False,167
2022-02-10 08:31:00,16919.210037,2022-02-10 08:50:00,17036.046313000003,Long,16890.000968,17036.046313000003,TP,116.83627600000182,0.6905539664351754,16890.000968,16898.019143,16894.010055500003,1284.284719000033,11284.284719000032,True,168
2022-02-11 08:31:00,16879.691884,2022-02-11 08:35:00,16841.891913,Long,16841.891913,17030.891768,SL,-37.79997100000037,-0.2239375650916376,16841.891913,16864.22826,16853.0600865,1246.4847480000326,11246.484748000032,False,169
2022-02-14 08:31:00,16292.074143,2022-02-14 08:32:00,16278.042336,Long,16278.042336,16348.201370999997,SL,-14.03180699999939,-0.086126584478062,16278.042336,16288.351419,16283.1968775,1232.4529410000332,11232.452941000032,False,169
2022-02-16 08:31:00,16583.01938,2022-02-16 13:08:00,16620.246625,Short,16620.246625,16434.11040000001,SL,-37.22724499999822,-0.22449014951340074,16611.082995,16620.246625,16615.664810000002,1195.225696000035,11195.225696000034,False,169
2022-02-22 08:31:00,15953.878943,2022-02-22 08:33:00,15906.342615,Long,15906.342615,16144.024255,SL,-47.53632800000014,-0.29796094209964785,15906.342615,15930.397142,15918.3698785,1147.6893680000348,11147.689368000036,False,169
2022-02-24 08:31:00,15068.443243,2022-02-24 09:18:00,15398.333902999997,Long,14985.970578,15398.333902999997,TP,329.8906599999973,2.1892816310221495,14985.970578,15011.456922,14998.713749999999,1477.5800280000321,11477.580028000033,True,170
2022-02-25 08:31:00,15950.728945,2022-02-25 08:34:00,16025.756161,Short,16025.756161,15650.620081000006,SL,-75.02721599999859,-0.4703685722370513,15973.924382,16025.756161,15999.8402715,1402.5528120000336,11402.552812000034,False,171
2022-02-28 08:31:00,16130.27881,2022-02-28 08:40:00,16087.037934,Long,16087.037934,16303.242314,SL,-43.240875999999844,-0.2680727128733359,16087.037934,16117.67882,16102.358377,1359.3119360000337,11359.311936000035,False,171
2022-03-01 08:31:00,16248.546903,2022-03-01 08:32:00,16241.960545,Long,16241.960545,16274.892335000002,SL,-6.586358000000473,-0.04053505854597017,16241.960545,16245.110542,16243.5355435,1352.7255780000332,11352.725578000034,False,171
2022-03-03 08:31:00,16390.010434,2022-03-03 09:20:00,16227.356013999994,Short,16430.674039,16227.356013999994,TP,162.6544200000062,0.9923997343076141,16424.660408,16430.674039,16427.6672235,1515.3799980000394,11515.37999800004,True,172
2022-03-04 08:31:00,15995.115275,2022-03-04 08:40:00,15961.324391,Long,15961.324391,16130.278811,SL,-33.790884000000005,-0.2112575209308706,15961.324391,15980.224377,15970.774384,1481.5891140000394,11481.589114000039,False,173
2022-03-07 08:31:00,15892.024443,2022-03-07 08:33:00,15843.915389,Long,15843.915389,16084.460659000002,SL,-48.10905400000047,-0.3027245155112456,15843.915389,15872.551731,15858.23356,1433.480060000039,11433.480060000038,False,173
2022-03-09 08:31:00,15550.106518,2022-03-09 08:32:00,15575.592863,Short,15575.592863,15448.161138000003,SL,-25.486344999999346,-0.16389820205088415,15573.874682,15575.592863,15574.7337725,1407.9937150000396,11407.99371500004,False,173
2022-03-15 08:31:00,15097.365949,2022-03-15 08:34:00,15083.620504,Long,15083.620504,15152.347728999994,SL,-13.745444999998654,-0.09104531907374946,15083.620504,15094.502314,15089.061409,1394.248270000041,11394.24827000004,False,173
2022-03-16 08:31:00,15620.265556,2022-03-16 08:32:00,15605.088295,Long,15605.088295,15680.974600000003,SL,-15.177261000000726,-0.09716391149426323,15605.088295,15617.401922,15611.2451085,1379.0710090000402,11379.07100900004,False,173
2022-03-17 08:31:00,15869.97446,2022-03-17 08:33:00,15880.569907,Short,15880.569907,15827.592672,SL,-10.595446999999695,-0.0667641087054383,15877.133546,15880.569907,15878.8517265,1368.4755620000406,11368.47556200004,False,173
2022-03-22 08:31:00,16515.437612,2022-03-22 09:01:00,16631.128432000005,Long,16486.514907,16631.128432000005,TP,115.69082000000344,0.7005010870311018,16486.514907,16494.533082,16490.5239945,1484.166382000044,11484.166382000043,True,174
2022-03-28 08:31:00,16933.241844,2022-03-28 08:55:00,17068.405376000006,Long,16899.450961,17068.405376000006,TP,135.16353200000594,0.7982141473276058,16899.450961,16915.773676,16907.6123185,1619.32991400005,11619.329914000049,True,174
2022-03-29 08:31:00,17396.864224,2022-03-29 08:39:00,17359.636979,Long,17359.636979,17545.77320400001,SL,-37.22724500000186,-0.21398824823064766,17359.636979,17369.946062,17364.7915205,1582.102669000048,11582.102669000047,False,175
2022-04-06 08:31:00,16747.391984,2022-04-06 08:32:00,16728.205634,Long,16728.205634,16824.137384,SL,-19.186349999999948,-0.11456321090668958,16728.205634,16747.391984,16737.798809,1562.9163190000481,11562.916319000047,False,175
2022-04-12 08:31:00,16218.192381,2022-04-12 08:46:00,16257.996896,Short,16257.996896,16058.974321000002,SL,-39.80451499999981,-0.2454312667213872,16236.233276,16257.996896,16247.115086000002,1523.1118040000483,11523.111804000047,False,175
2022-04-18 08:31:00,15930.397142,2022-04-18 08:51:00,15865.965372,Long,15865.965372,16188.124221999997,SL,-64.43176999999923,-0.40445802716447576,15865.965372,15899.183529,15882.5744505,1458.680034000049,11458.680034000048,False,175
2022-04-21 08:31:00,16291.78778,2022-04-21 09:06:00,16237.37873,Long,16237.37873,16509.42398,SL,-54.40905000000021,-0.333966110624111,16237.37873,16249.692357,16243.5355435,1404.2709840000489,11404.27098400005,False,175
2022-04-27 08:31:00,14959.052416,2022-04-27 08:43:00,15107.961396,Long,14921.825171,15107.961396,TP,148.90898000000016,0.9954439349428921,14921.825171,14936.429706,14929.1274385,1553.179964000049,11553.17996400005,True,176
2022-04-28 08:31:00,15178.406797,2022-04-28 08:32:00,15135.452284,Long,15135.452284,15350.224848999995,SL,-42.95451299999877,-0.28299750806842716,15135.452284,15177.261343,15156.3568135,1510.2254510000503,11510.22545100005,False,177
2022-05-02 08:31:00,14731.679859,2022-05-02 08:32:00,14714.211691,Long,14714.211691,14801.552530999998,SL,-17.468167999999423,-0.11857553359284838,14714.211691,14714.498054,14714.3548725,1492.7572830000508,11492.75728300005,False,177
2022-05-03 08:31:00,14906.361546,2022-05-03 08:34:00,14969.934226,Short,14969.934226,14652.070826000003,SL,-63.57267999999931,-0.42648019641693524,14934.138798,14969.934226,14952.036511999999,1429.1846030000515,11429.184603000052,False,177
2022-05-04 08:31:00,14996.566024,2022-05-04 08:32:00,15006.588744,Short,15006.588744,14956.475143999996,SL,-10.022720000000845,-0.06683343362714385,15005.729654,15006.588744,15006.159199000002,1419.1618830000507,11419.161883000052,False,177
2022-05-05 08:31:00,15264.602187,2022-05-05 08:33:00,15208.474959000003,Short,15278.633994,15208.474959000003,TP,56.12722799999756,0.3676953209288215,15278.061268,15278.633994,15278.347631,1475.2891110000483,11475.28911100005,True,178
2022-05-09 08:31:00,14302.993817,2022-05-09 08:32:00,14272.639294,Long,14272.639294,14424.411909,SL,-30.354522999999972,-0.21222496065069768,14272.639294,14281.516561,14277.0779275,1444.9345880000483,11444.934588000047,False,179
2022-05-10 08:31:00,14349.098328,2022-05-10 08:33:00,14321.034713,Long,14321.034713,14461.352788000004,SL,-28.063615000000937,-0.19557755029972318,14321.034713,14344.516513,14332.775613,1416.8709730000473,11416.870973000048,False,179
2022-05-12 08:31:00,13565.03528,2022-05-12 08:32:00,13512.630774,Long,13512.630774,13774.653304000003,SL,-52.404506000000765,-0.3863204548923279,13512.630774,13563.889826,13538.2603,1364.4664670000466,11364.466467000046,False,179
2022-05-13 08:31:00,13918.980469,2022-05-13 08:32:00,13899.507756,Long,13899.507756,13996.871320999997,SL,-19.472712999999203,-0.13990042620843054,13899.507756,13905.521388,13902.514572,1344.9937540000474,11344.993754000046,False,179
2022-05-19 08:31:00,13633.476138,2022-05-19 08:45:00,13592.239805,Long,13592.239805,13798.421470000003,SL,-41.23633300000074,-0.302463822011354,13592.239805,13596.82162,13594.5307125,1303.7574210000466,11303.757421000046,False,179
2022-05-25 08:31:00,13463.662629,2022-05-25 09:30:00,13622.880693000001,Long,13423.858113,13622.880693000001,TP,159.2180640000006,1.182576156186902,13423.858113,13442.758099,13433.308106,1462.9754850000472,11462.975485000046,True,180
2022-05-27 08:31:00,14263.762028,2022-05-27 14:05:00,14464.216419999999,Long,14213.64843,14464.216419999999,TP,200.45439199999964,1.4053402714270218,14213.64843,14237.416594,14225.532512,1663.4298770000469,11663.429877000046,True,180
2022-06-01 08:31:00,14634.316296,2022-06-01 09:00:00,14589.357239,Long,14589.357239,14814.152524000001,SL,-44.95905700000003,-0.30721665495427825,14589.357239,14599.093595,14594.225417000001,1618.4708200000468,11618.470820000046,False,181
2022-06-02 08:31:00,14267.198389,2022-06-02 08:34:00,14318.743805,Short,14318.743805,14061.016724999996,SL,-51.54541600000084,-0.3612861796310502,14308.148359,14318.743805,14313.446082,1566.925404000046,11566.925404000045,False,181
2022-06-06 08:31:00,14622.002669,2022-06-06 08:32:00,14596.802688,Long,14596.802688,14722.802592999999,SL,-25.199980999999752,-0.17234288332764464,14596.802688,14619.998125,14608.4004065,1541.7254230000462,11541.725423000047,False,181
2022-06-08 08:31:00,14486.839134,2022-06-08 08:34:00,14509.461844,Short,14509.461844,14396.348294000001,SL,-22.622709999999643,-0.15616042803226204,14502.589122,14509.461844,14506.025483,1519.1027130000466,11519.102713000048,False,181
2022-06-13 08:31:00,13195.829353,2022-06-13 08:41:00,13147.832052,Long,13147.832052,13387.818556999997,SL,-47.997300999999425,-0.36373084037410275,13147.832052,13174.973383,13161.402717500001,1471.1054120000472,11471.105412000048,False,181
2022-06-17 08:31:00,12836.706691,2022-06-17 09:21:00,12793.56626,Long,12793.56626,13009.268414999999,SL,-43.14043099999981,-0.33607086333324254,12793.56626,12817.56491,12805.565585,1427.9649810000474,11427.964981000048,False,181
2022-06-28 08:31:00,13818.365772,2022-06-28 09:03:00,13790.653045,Long,13790.653045,13929.21668,SL,-27.712727000000086,-0.20054995979447932,13790.653045,13793.510027,13792.081536,1400.2522540000473,11400.252254000046,False,181
2022-07-05 08:31:00,13042.980805,2022-07-05 08:46:00,13084.407047,Short,13084.407047,12877.275836999994,SL,-41.426242000001366,-0.3176133018927752,13067.550852,13084.407047,13075.9789495,1358.826012000046,11358.826012000045,False,181
2022-07-07 08:31:00,13643.804161,2022-07-07 08:32:00,13627.80506,Long,13627.80506,13707.800564999998,SL,-15.999100999999428,-0.11726275759462969,13627.80506,13635.80461,13631.804834999999,1342.8269110000465,11342.826911000047,False,181
2022-07-12 08:31:00,13685.801799,2022-07-12 08:34:00,13652.375107,Long,13652.375107,13819.508567000004,SL,-33.42669200000091,-0.24424357805944075,13652.375107,13653.232202,13652.8036545,1309.4002190000456,11309.400219000046,False,181
2022-07-13 08:31:00,13215.54253,2022-07-13 08:32:00,13194.68656,Long,13194.68656,13298.966410000003,SL,-20.855970000000525,-0.1578139524174383,13194.68656,13215.54253,13205.114545,1288.544249000045,11288.544249000046,False,181
2022-07-15 08:31:00,13640.947178,2022-07-15 08:32:00,13667.231414,Long,13634.376119,13667.231414,TP,26.28423599999951,0.1926862970512084,13634.376119,13636.090309,13635.233214,1314.8284850000446,11314.828485000045,True,182
2022-07-28 08:31:00,14445.187666,2022-07-28 08:33:00,14423.474601,Long,14423.474601,14532.039926,SL,-21.713064999999915,-0.15031348503077258,14423.474601,14433.759737,14428.617169000001,1293.1154200000447,11293.115420000046,False,183
2022-08-03 08:31:00,14874.306391,2022-08-03 08:54:00,14964.587027000003,Long,14851.736232,14964.587027000003,TP,90.28063600000314,0.6069569472807772,14851.736232,14870.020918,14860.878574999999,1383.3960560000478,11383.396056000049,True,184
2022-08-05 08:31:00,15023.72656,2022-08-05 09:09:00,15131.149091999996,Long,14996.870927,15131.149091999996,TP,107.42253199999686,0.7150192169099014,14996.870927,15012.298631,15004.584779,1490.8185880000447,11490.818588000046,True,184
2022-08-15 08:31:00,15503.41387,2022-08-15 14:04:00,15641.69181,Long,15468.844385,15641.69181,TP,138.27793999999994,0.8919192969980356,15468.844385,15496.842811,15482.843598,1629.0965280000446,11629.096528000046,True,184
2022-08-23 08:31:00,14760.312801,2022-08-23 08:42:00,14740.885323,Long,14740.885323,14838.022712999998,SL,-19.42747799999961,-0.13161969032718204,14740.885323,14744.885098,14742.8852105,1609.669050000045,11609.669050000044,False,185
2022-08-24 08:31:00,14746.884985,2022-08-24 08:33:00,14718.029465,Long,14718.029465,14862.307065000005,SL,-28.85552000000098,-0.19567196753315547,14718.029465,14723.743429,14720.886447,1580.813530000044,11580.813530000043,False,185
2022-08-29 08:31:00,14314.909278,2022-08-29 09:17:00,14409.761089999993,Long,14291.196325,14409.761089999993,TP,94.85181199999352,0.6626085444059879,14291.196325,14294.910402,14293.0533635,1675.6653420000375,11675.665342000037,True,186
2022-08-31 08:31:00,14232.342492,2022-08-31 08:44:00,14252.912764,Short,14252.912764,14150.061403999996,SL,-20.57027200000084,-0.14453187879341292,14237.770758,14252.912764,14245.341761,1655.0950700000367,11655.095070000036,False,187
2022-09-02 08:31:00,14129.205435,2022-09-02 09:27:00,14170.631677,Short,14170.631677,13963.500467000002,SL,-41.42624199999955,-0.29319583603322097,14152.061293,14170.631677,14161.346485,1613.6688280000371,11613.668828000038,False,187
2022-09-05 08:31:00,13839.221743,2022-09-05 08:32:00,13834.650574999998,Short,13840.364535,13834.650574999998,TP,4.571168000002217,0.03303052790749851,13839.793139,13840.364535,13840.078837000001,1618.2399960000394,11618.23999600004,True,188
2022-09-08 08:31:00,13891.504517,2022-09-08 08:32:00,13900.64686,Short,13900.64686,13854.935144999994,SL,-9.142343000001347,-0.06581247545082843,13892.933008,13900.64686,13896.789934,1609.097653000038,11609.097653000037,False,189
2022-09-09 08:31:00,14220.057469,2022-09-09 09:06:00,14324.051620999999,Long,14194.058931,14324.051620999999,TP,103.9941519999993,0.7313201949198066,14194.058931,14205.772558,14199.9157445,1713.0918050000373,11713.091805000036,True,190
2022-09-13 08:31:00,14199.163138,2022-09-13 08:35:00,14150.034033,Long,14150.034033,14395.679558,SL,-49.12910499999998,-0.34600000382078844,14150.034033,14154.009799,14152.021916,1663.9627000000373,11663.962700000036,False,191
2022-09-16 08:31:00,13425.876713,2022-09-16 08:39:00,13460.238688,Short,13460.238688,13288.428813,SL,-34.3619749999998,-0.25593840711145377,13444.051642,13460.238688,13452.145165,1629.6007250000375,11629.600725000037,False,191
2022-09-19 08:31:00,13463.078521,2022-09-19 09:40:00,13580.079624999995,Long,13433.828245,13580.079624999995,TP,117.0011039999954,0.8690516349399177,13433.828245,13441.779776,13437.8040105,1746.601829000033,11746.601829000032,True,192
2022-09-22 08:31:00,13256.338706,2022-09-22 08:37:00,13225.952496,Long,13225.952496,13377.883546000003,SL,-30.386210000000574,-0.22922022946084922,13225.952496,13243.559459,13234.7559775,1716.2156190000323,11716.215619000031,False,193
2022-09-26 08:31:00,12943.105167,2022-09-26 10:45:00,12899.087761,Long,12899.087761,13119.174790999996,SL,-44.01740599999903,-0.3400838163026496,12899.087761,12920.954472,12910.0211165,1672.1982130000333,11672.198213000032,False,193
2022-09-30 08:31:00,12730.969669,2022-09-30 08:32:00,12715.918557,Long,12715.918557,12791.174116999997,SL,-15.051111999999193,-0.11822439603048271,12715.918557,12717.622456,12716.770506500001,1657.1471010000341,11657.147101000035,False,193
2022-10-04 08:31:00,13095.036212,2022-10-04 08:39:00,13145.017264000004,Long,13082.540949,13145.017264000004,TP,49.98105200000282,0.3816793721746359,13082.540949,13087.368664,13084.9548065,1707.128153000037,11707.128153000038,True,194
2022-10-05 08:31:00,13066.353903,2022-10-05 08:38:00,13047.327024,Long,13047.327024,13142.461418999996,SL,-19.0268789999991,-0.14561735539422804,13047.327024,13054.426606,13050.876815,1688.1012740000378,11688.101274000037,False,195
2022-10-06 08:31:00,13206.925618,2022-10-06 09:01:00,13168.019911,Long,13168.019911,13362.548445999999,SL,-38.90570699999989,-0.2945856448754014,13168.019911,13180.515174,13174.2675425,1649.195567000038,11649.195567000039,False,195
2022-10-07 08:31:00,12853.366456,2022-10-07 08:33:00,12883.752665,Short,12883.752665,12731.821619999999,SL,-30.386209000000235,-0.23640661848410802,12866.429686,12883.752665,12875.0911755,1618.8093580000377,11618.809358000039,False,195
2022-10-12 08:31:00,12293.351462,2022-10-12 08:35:00,12338.788784,Short,12338.788784,12111.602174000001,SL,-45.43732199999977,-0.3696089072247804,12326.861487,12338.788784,12332.8251355,1573.372036000038,11573.372036000037,False,195
2022-10-17 08:31:00,12523.945871,2022-10-17 08:40:00,12615.956447,Long,12500.943227,12615.956447,TP,92.01057600000058,0.734677209145857,12500.943227,12520.822055,12510.882641,1665.3826120000385,11665.382612000038,True,196
2022-10-19 08:31:00,12669.629285,2022-10-19 08:41:00,12645.490707,Long,12645.490707,12766.183597000001,SL,-24.138578000000052,-0.19052315941539447,12645.490707,12647.194607,12646.342657000001,1641.2440340000385,11641.24403400004,False,197
2022-10-20 08:31:00,12658.553937,2022-10-20 08:35:00,12624.191963,Long,12624.191963,12796.001833000006,SL,-34.36197400000128,-0.2714526017032942,12624.191963,12645.206724,12634.6993435,1606.8820600000372,11606.882060000036,False,197
2022-10-24 08:31:00,12864.15782,2022-10-24 08:35:00,12900.507677,Short,12900.507677,12718.758392000003,SL,-36.34985699999925,-0.2825669391546632,12897.667845,12900.507677,12899.087760999999,1570.532203000038,11570.532203000039,False,197
2022-10-25 08:31:00,13128.830221,2022-10-25 11:19:00,13292.404580999999,Long,13087.936631,13292.404580999999,TP,163.5743599999987,1.2459172465979191,13087.936631,13101.283844,13094.610237500001,1734.1065630000367,11734.106563000038,True,198
2022-10-26 08:31:00,13020.064631,2022-10-26 08:32:00,13033.695828,Short,13033.695828,12965.539842999997,SL,-13.631197000000611,-0.10469377369714081,13020.916581,13033.695828,13027.3062045,1720.475366000036,11720.475366000035,False,199
2022-10-27 08:31:00,12992.234271,2022-10-27 08:36:00,12960.996112,Long,12960.996112,13117.186906999994,SL,-31.23815899999863,-0.24043715921691322,12960.996112,12991.666305,12976.3312085,1689.2372070000374,11689.237207000038,False,199
2022-10-28 08:31:00,12786.346406,2022-10-28 09:31:00,12969.231630000006,Long,12740.6251,12969.231630000006,TP,182.8852240000051,1.430316512574586,12740.6251,12750.848498,12745.736798999998,1872.1224310000425,11872.122431000043,True,200
2022-10-31 08:31:00,13082.824932,2022-10-31 08:32:00,13056.130505,Long,13056.130505,13189.602640000001,SL,-26.69442700000036,-0.20404176574057026,13056.130505,13059.538304,13057.8344045,1845.4280040000422,11845.428004000041,False,201
2022-11-08 08:31:00,12554.048097,2022-11-08 08:53:00,12579.890574,Short,12579.890574,12450.678189000007,SL,-25.842476999998325,-0.20584975300655264,12561.715645,12579.890574,12570.8031095,1819.5855270000438,11819.585527000043,False,201
2022-11-09 08:31:00,12485.892114,2022-11-09 08:41:00,12505.770942,Short,12505.770942,12406.376802000004,SL,-19.878827999998975,-0.1592103136764215,12505.202976,12505.770942,12505.486959,1799.7066990000449,11799.706699000046,False,201
2022-11-17 08:31:00,13156.66058,2022-11-17 10:55:00,13280.477279999996,Long,13125.706405,13280.477279999996,TP,123.81669999999576,0.9410951908892049,13125.706405,13127.694288,13126.700346500002,1923.5233990000406,11923.523399000042,True,202
2022-11-18 08:31:00,13371.63591,2022-11-18 15:59:00,13302.911961,Short,13443.199692,13085.380782000004,EOD,68.72394900000108,0.5139531876470385,13419.345098,13443.199692,13431.272395,1992.2473480000417,11992.24734800004,True,202
2022-11-21 08:31:00,13276.501517,2022-11-21 08:34:00,13240.435643,Long,13240.435643,13420.765013,SL,-36.065873999999894,-0.2716519404891346,13240.435643,13256.622689,13248.529166,1956.1814740000418,11956.18147400004,False,203
2022-11-28 08:31:00,13325.914605,2022-11-28 09:24:00,13294.392463,Long,13294.392463,13452.003173,SL,-31.522141999999803,-0.23654768122386452,13294.392463,13310.295526,13302.3439945,1924.659332000042,11924.659332000043,False,203
2022-12-01 08:31:00,13685.721399,2022-12-01 08:32:00,13692.82098,Short,13692.82098,13657.323074999998,SL,-7.0995810000003985,-0.051875825855399606,13691.117081,13692.82098,13691.9690305,1917.5597510000416,11917.55975100004,False,203
2022-12-02 08:31:00,13498.576429,2022-12-02 08:54:00,13457.966822,Long,13457.966822,13661.014857000002,SL,-40.609607000000324,-0.30084362757509503,13457.966822,13472.733952,13465.350387,1876.9501440000413,11876.950144000042,False,203
2022-12-07 08:31:00,13093.048329,2022-12-07 08:32:00,13074.589417,Long,13074.589417,13166.883977,SL,-18.458912000000055,-0.1409825392541714,13074.589417,13079.417133,13077.003275,1858.4912320000412,11858.49123200004,False,203
2022-12-13 08:31:00,13780.470701,2022-12-13 08:47:00,13812.524846,Short,13812.524846,13652.254121,SL,-32.05414500000006,-0.23260558870223502,13809.431902,13812.524846,13810.978374,1826.4370870000412,11826.437087000042,False,203
2022-12-19 08:31:00,12733.368622,2022-12-19 10:32:00,12605.152042,Short,12765.422767,12605.152042,TP,128.21658000000025,1.0069337015695503,12749.676871,12765.422767,12757.549819,1954.6536670000414,11954.653667000042,True,204
2022-12-22 08:31:00,12573.941426,2022-12-22 08:45:00,12482.840173999999,Short,12596.716739,12482.840173999999,TP,91.10125200000039,0.7245242276349728,12593.904972,12596.716739,12595.3108555,2045.7549190000418,12045.754919000043,True,204
2022-12-23 08:31:00,12404.391868,2022-12-23 08:34:00,12371.494192,Long,12371.494192,12535.982572000003,SL,-32.8976760000005,-0.26520990589524723,12371.494192,12374.024783,12372.7594875,2012.8572430000413,12012.857243000042,False,205
2022-12-27 08:31:00,12401.298924,2022-12-27 08:45:00,12293.327068000004,Short,12428.291888,12293.327068000004,TP,107.97185599999648,0.8706495719657283,12414.514229,12428.291888,12421.4030585,2120.829099000038,12120.829099000039,True,206
2022-12-28 08:31:00,12253.962326,2022-12-28 08:32:00,12257.05527,Short,12257.05527,12241.59055,SL,-3.0929439999999886,-0.02524035832424175,12256.21174,12257.05527,12256.633505000002,2117.736155000038,12117.736155000039,False,207
2023-01-03 08:31:00,12473.842516,2023-01-03 08:33:00,12505.334308,Short,12505.334308,12347.875348000005,SL,-31.491791999998895,-0.25246263899520033,12485.651938,12505.334308,12495.493123,2086.244363000039,12086.244363000038,False,207
2023-01-04 08:31:00,12369.807132,2023-01-04 08:40:00,12404.673044,Short,12404.673044,12230.343484000003,SL,-34.8659119999993,-0.2818630204007234,12397.36245,12404.673044,12401.017747,2051.3784510000396,12051.37845100004,False,207
2023-01-06 08:31:00,12230.343482,2023-01-06 08:32:00,12240.747021,Short,12240.747021,12188.729326000004,SL,-10.403538999999,-0.08506334278600108,12235.123487,12240.747021,12237.935254,2040.9749120000406,12040.974912000042,False,207
2023-01-09 08:31:00,12633.832066,2023-01-09 08:36:00,12599.24733,Long,12599.24733,12772.171010000004,SL,-34.5847360000007,-0.2737469978968193,12599.24733,12606.839101,12603.0432155,2006.39017600004,12006.39017600004,False,207
2023-01-13 08:31:00,12875.081685,2023-01-13 08:32:00,12852.306371,Long,12852.306371,12966.182940999994,SL,-22.775313999998616,-0.17689452041716205,12852.306371,12862.428733,12857.367552,1983.6148620000413,11983.614862000042,False,207
2023-01-18 08:31:00,13170.036057,2023-01-18 08:32:00,13160.194872,Long,13160.194872,13209.400796999997,SL,-9.841184999999314,-0.07472405510058289,13160.194872,13164.974876,13162.584874,1973.773677000042,11973.773677000041,False,207
2023-01-19 08:31:00,12834.873415,2023-01-19 08:32:00,12830.374588,Long,12830.374588,12852.868722999998,SL,-4.498826999999437,-0.035051588391527874,12830.374588,12832.905178,12831.639883,1969.2748500000425,11969.274850000042,False,207
2023-01-20 08:31:00,12833.186355,2023-01-20 08:40:00,12850.619311,Short,12850.619311,12763.454530999998,SL,-17.43295600000056,-0.13584277137227435,12838.809889,12850.619311,12844.7146,1951.841894000042,11951.841894000041,False,207
2023-01-23 08:31:00,13136.013675,2023-01-23 08:33:00,13159.632519,Short,13159.632519,13041.538298999998,SL,-23.618844000000536,-0.17980221842301436,13156.258398,13159.632519,13157.9454585,1928.2230500000414,11928.22305000004,False,207
2023-01-25 08:31:00,13153.165454,2023-01-25 08:40:00,13170.317234,Short,13170.317234,13084.558334,SL,-17.151780000000144,-0.13040039722745317,13157.945458,13170.317234,13164.131346,1911.0712700000413,11911.07127000004,False,207
2023-01-26 08:31:00,13556.372861,2023-01-26 08:43:00,13519.819888,Long,13519.819888,13702.584753,SL,-36.55297299999984,-0.2696368222886389,13519.819888,13539.221081,13529.5204845,1874.5182970000415,11874.518297000042,False,207
2023-01-27 08:31:00,13577.461114,2023-01-27 09:02:00,13664.063541999998,Long,13555.810507,13664.063541999998,TP,86.60242799999833,0.6378396319669867,13555.810507,13566.495222,13561.1528645,1961.1207250000398,11961.12072500004,True,208
2023-01-30 08:31:00,13605.297609,2023-01-30 08:34:00,13591.238773,Long,13591.238773,13661.532953,SL,-14.058836000000156,-0.10333354259520304,13591.238773,13602.767018,13597.0028955,1947.0618890000396,11947.06188900004,False,209
2023-01-31 08:31:00,13496.763398,2023-01-31 10:37:00,13602.485841999998,Long,13470.332787,13602.485841999998,TP,105.72244399999909,0.7833170137343107,13470.332787,13482.704562,13476.5186745,2052.7843330000387,12052.78433300004,True,210
2023-02-06 08:31:00,14104.105097,2023-02-06 09:19:00,14070.645069,Long,14070.645069,14237.945208999998,SL,-33.46002799999951,-0.23723609381722913,14070.645069,14079.642723,14075.143896000001,2019.3243050000392,12019.324305000038,False,211
2023-02-09 08:31:00,14269.999358,2023-02-09 11:33:00,14122.662761999998,Short,14306.833507,14122.662761999998,TP,147.336596000001,1.0324919595557072,14299.522913,14306.833507,14303.17821,2166.66090100004,12166.66090100004,True,212
2023-02-10 08:31:00,13913.186109,2023-02-10 08:40:00,13874.383723,Long,13874.383723,14068.395652999998,SL,-38.80238599999939,-0.2788892903179046,13874.383723,13903.626101,13889.004912,2127.858515000041,12127.85851500004,False,213
2023-02-14 08:31:00,13946.646138,2023-02-14 08:36:00,14020.87679,Short,14020.87679,13649.72353,SL,-74.23065200000019,-0.5322473321936965,13983.199111,14020.87679,14002.0379505,2053.6278630000406,12053.627863000042,False,213
2023-02-15 08:31:00,14155.279259,2023-02-15 08:54:00,14119.007463,Long,14119.007463,14300.366443000004,SL,-36.271796000000904,-0.25624217888134637,14119.007463,14120.413347,14119.710405,2017.3560670000397,12017.35606700004,False,213
2023-02-16 08:31:00,14109.166278,2023-02-16 08:36:00,14088.078025,Long,14088.078025,14193.51929,SL,-21.088252999999895,-0.14946491227396033,14088.078025,14092.014499,14090.046262,1996.2678140000398,11996.267814000039,False,213
2023-03-03 08:31:00,13630.322336,2023-03-03 08:38:00,13646.349409,Short,13646.349409,13566.214043999995,SL,-16.02707300000111,-0.1175839617355995,13638.195284,13646.349409,13642.2723465,1980.2407410000387,11980.240741000038,False,213
2023-03-08 08:31:00,13727.890656,2023-03-08 08:33:00,13707.645932,Long,13707.645932,13808.869552,SL,-20.244724000000133,-0.14747148347333205,13707.645932,13721.423591,13714.5347615,1959.9960170000386,11959.996017000038,False,213
2023-03-10 08:31:00,13488.328096,2023-03-10 08:32:00,13503.511639,Short,13503.511639,13427.593923999995,SL,-15.18354300000101,-0.11256801355909879,13493.1081,13503.511639,13498.3098695,1944.8124740000376,11944.812474000038,False,213
2023-03-15 08:31:00,13617.409045,2023-03-15 08:40:00,13595.143369,Long,13595.143369,13706.471749000004,SL,-22.265676000000894,-0.16350890192416112,13595.143369,13595.978332,13595.5608505,1922.5467980000367,11922.546798000036,False,213
2023-03-21 08:31:00,14252.81577,2023-03-21 08:48:00,14226.096959,Long,14226.096959,14359.691013999995,SL,-26.718810999998823,-0.18746338569981266,14226.096959,14237.786439,14231.941698999999,1895.8279870000379,11895.827987000037,False,213
2023-03-23 08:31:00,14330.188994,2023-03-23 08:36:00,14314.603021,Long,14314.603021,14392.532885999997,SL,-15.585972999999285,-0.108763206169333,14314.603021,14329.07571,14321.8393655,1880.2420140000386,11880.24201400004,False,213
2023-03-27 08:31:00,14354.402917,2023-03-27 08:35:00,14379.173481,Short,14379.173481,14255.320660999998,SL,-24.770564000000377,-0.1725642239752408,14378.060197,14379.173481,14378.616839,1855.4714500000382,11855.471450000037,False,213
2023-03-28 08:31:00,14199.93479,2023-03-28 08:38:00,14137.590897999995,Short,14215.520763,14137.590897999995,TP,62.343892000004416,0.43904350915687845,14214.685801,14215.520763,14215.103282,1917.8153420000426,11917.815342000042,True,214
2023-03-30 08:31:00,14529.745114,2023-03-30 08:32:00,14541.434594,Short,14541.434594,14482.987193999996,SL,-11.689480000000913,-0.08045206511391328,14534.47657,14541.434594,14537.955582,1906.1258620000417,11906.12586200004,False,215
2023-04-06 08:31:00,14460.164877,2023-04-06 09:01:00,14483.822158,Short,14483.822158,14365.535752999993,SL,-23.657281000001603,-0.16360312071980812,14482.152232,14483.822158,14482.987195000002,1882.46858100004,11882.468581000041,False,215
2023-04-11 08:31:00,14619.086139,2023-04-11 08:34:00,14641.908456,Short,14641.908456,14527.796870999999,SL,-22.822317000000112,-0.1561131577104261,14627.435767,14641.908456,14634.6721115,1859.64626400004,11859.646264000039,False,215
2023-04-13 08:31:00,14522.787091,2023-04-13 09:08:00,14587.357555000004,Long,14506.644475,14587.357555000004,TP,64.570464000004,0.44461482217844617,14506.644475,14511.097611,14508.871043,1924.216728000044,11924.216728000043,True,216
2023-04-20 08:31:00,14553.402395,2023-04-20 09:10:00,14636.898678999993,Long,14532.528324,14636.898678999993,TP,83.49628399999347,0.5737234615919068,14532.528324,14541.991236,14537.25978,2007.7130120000375,12007.713012000037,True,216
2023-04-27 08:31:00,14499.964773,2023-04-27 08:36:00,14513.324178,Short,14513.324178,14446.527152999995,SL,-13.359405000001061,-0.09213405142112659,14510.81929,14513.324178,14512.071734000001,1994.3536070000364,11994.353607000037,False,217
2023-05-02 08:31:00,14799.438113,2023-05-02 08:32:00,14804.726211,Short,14804.726211,14778.285721000004,SL,-5.288097999999081,-0.035731748459787493,14800.273076,14804.726211,14802.4996435,1989.0655090000373,11989.065509000036,False,217
2023-05-04 08:31:00,14547.835976,2023-05-04 08:34:00,14555.350641,Short,14555.350641,14517.777315999998,SL,-7.514665000000605,-0.05165486476750062,14552.289111,14555.350641,14553.819876000001,1981.5508440000367,11981.550844000038,False,217
2023-05-10 08:31:00,14919.672763,2023-05-10 08:40:00,14885.717607,Long,14885.717607,15055.493387,SL,-33.95515599999999,-0.22758646613354,14885.717607,14887.387533,14886.55257,1947.5956880000367,11947.595688000038,False,217
2023-05-16 08:31:00,14988.139716,2023-05-16 15:59:00,15032.949389,Long,14960.864263,15097.241528,EOD,44.80967299999975,0.2989675426641836,14960.864263,14972.275422,14966.569842500001,1992.4053610000365,11992.405361000037,True,218
2023-05-18 08:31:00,15214.414647,2023-05-18 08:57:00,15268.965550999996,Long,15200.776921,15268.965550999996,TP,54.55090399999608,0.35854750422982923,15200.776921,15209.683191,15205.230056,2046.9562650000325,12046.956265000033,True,218
2023-05-25 08:31:00,15489.395744,2023-05-25 10:07:00,15533.648775,Short,15533.648775,15312.383619999999,SL,-44.25303100000019,-0.2856988854270969,15506.929964,15533.648775,15520.2893695,2002.7032340000324,12002.703234000033,False,219
2023-05-31 08:31:00,15980.353898,2023-05-31 09:13:00,15954.470049,Long,15954.470049,16083.889293999999,SL,-25.883848999999827,-0.16197293980604077,15954.470049,15961.149752,15957.8099005,1976.8193850000325,11976.819385000032,False,219
2023-06-02 08:31:00,16240.027342,2023-06-02 08:47:00,16192.43446,Long,16192.43446,16430.398869999997,SL,-47.59288199999901,-0.29305912482618907,16192.43446,16224.163048,16208.298754,1929.2265030000335,11929.226503000034,False,219
2023-06-05 08:31:00,16244.758799,2023-06-05 10:30:00,16341.614490999997,Long,16220.544876,16341.614490999997,TP,96.85569199999736,0.5962273321408726,16220.544876,16221.65816,16221.101518,2026.0821950000309,12026.082195000032,True,220
2023-06-06 08:31:00,16179.631697,2023-06-06 08:49:00,16209.690359,Short,16209.690359,16059.397049000003,SL,-30.058661999999458,-0.18578087908869323,16198.2792,16209.690359,16203.9847795,1996.0235330000314,11996.023533000032,False,221
2023-06-07 08:31:00,16294.299927,2023-06-07 09:03:00,16251.16018,Long,16251.16018,16466.858914999997,SL,-43.13974699999926,-0.26475360827571237,16251.16018,16278.157312,16264.658746000001,1952.8837860000322,11952.883786000031,False,221
2023-06-14 08:31:00,16590.358263,2023-06-14 08:40:00,16601.083187,Short,16601.083187,16547.45856699999,SL,-10.72492400000192,-0.0646455238035502,16595.03323,16601.083187,16598.0582085,1942.1588620000302,11942.15886200003,False,221
2023-06-19 08:31:00,16771.856986,2023-06-19 08:32:00,16774.606966,Short,16774.606966,16760.857065999997,SL,-2.7499800000005052,-0.016396395475444376,16772.68198,16774.606966,16773.644473,1939.4088820000297,11939.408882000029,False,221
2023-06-20 08:31:00,16767.457017,2023-06-20 09:00:00,16742.432193,Long,16742.432193,16867.556313,SL,-25.02482400000008,-0.14924638825451106,16742.432193,16745.73217,16744.0821815,1914.3840580000297,11914.384058000029,False,221
2023-07-04 08:31:00,16903.581059,2023-07-04 08:46:00,16900.006084,Long,16900.006084,16917.880959,SL,-3.57497499999954,-0.021149216769638945,16900.006084,16901.381074,16900.693579,1910.8090830000301,11910.80908300003,False,221
2023-07-05 08:31:00,16865.631326,2023-07-05 15:59:00,16889.831156,Long,16824.381616,17030.630166,EOD,24.199830000001384,0.1434860606889646,16824.381616,16852.431419,16838.4065175,1935.0089130000315,11935.00891300003,True,222
2023-07-10 08:31:00,16725.382313,2023-07-10 08:43:00,16686.057589,Long,16686.057589,16882.68120899999,SL,-39.32472399999824,-0.2351200305264929,16686.057589,16711.082413,16698.570001,1895.6841890000333,11895.684189000032,False,223
2023-07-14 08:31:00,17330.653054,2023-07-14 13:25:00,17294.078311,Long,17294.078311,17476.952025999988,SL,-36.5747429999974,-0.21104076624253792,17294.078311,17317.453147,17305.765729,1859.1094460000359,11859.109446000035,False,223
2023-07-17 08:31:00,17317.728145,2023-07-17 08:45:00,17302.328253,Long,17302.328253,17379.327713000006,SL,-15.399892000001273,-0.08892559041843806,17302.328253,17316.628153,17309.478203,1843.7095540000346,11843.709554000034,False,223
2023-07-18 08:31:00,17374.927742,2023-07-18 08:51:00,17324.328097999998,Short,17387.577653,17324.328097999998,TP,50.59964400000172,0.29122218377742315,17378.502717,17387.577653,17383.040184999998,1894.3091980000363,11894.309198000035,True,224
2023-07-21 08:31:00,17238.8037,2023-07-21 08:33:00,17253.103599,Short,17253.103599,17181.60410400001,SL,-14.299898999997822,-0.08295180598870572,17241.003685,17253.103599,17247.053642,1880.0092990000385,11880.009299000038,False,225
2023-07-24 08:31:00,17171.97917,2023-07-24 08:39:00,17137.329414,Long,17137.329414,17310.578193999994,SL,-34.64975599999889,-0.20178079449649652,17137.329414,17164.279225,17150.8043195,1845.3595430000396,11845.359543000039,False,225
2023-07-25 08:31:00,17174.179155,2023-07-25 12:02:00,17269.878483000004,Long,17150.254323,17269.878483000004,TP,95.69932800000242,0.557227959114081,17150.254323,17154.92929,17152.5918065,1941.058871000042,11941.058871000041,True,226
2023-08-01 08:31:00,17356.502872,2023-08-01 08:34:00,17372.727758,Short,17372.727758,17291.603328,SL,-16.22488599999997,-0.09348015622533276,17369.702779,17372.727758,17371.2152685,1924.833985000042,11924.833985000041,False,227
2023-08-02 08:31:00,17195.079008,2023-08-02 09:49:00,17058.679967999997,Short,17229.178768,17058.679967999997,TP,136.39904000000388,0.793244625026406,17222.303816,17229.178768,17225.741292,2061.233025000046,12061.233025000045,True,228
2023-08-03 08:31:00,16911.006007,2023-08-03 08:33:00,16897.531101,Long,16897.531101,16964.905630999998,SL,-13.474905999999464,-0.07968127972056645,16897.531101,16908.806022,16903.168561500002,2047.7581190000465,12047.758119000046,False,229
2023-08-04 08:31:00,17083.154795,2023-08-04 08:43:00,17066.379913,Long,17066.379913,17150.25432299999,SL,-16.774881999997888,-0.09819545746262079,17066.379913,17069.129894,17067.7549035,2030.9832370000486,12030.983237000048,False,229
2023-08-14 08:31:00,16560.383474,2023-08-14 08:33:00,16570.558402,Short,16570.558402,16519.683761999997,SL,-10.174928000000364,-0.06144137915631678,16570.008406,16570.558402,16570.283404,2020.8083090000482,12020.808309000047,False,229
2023-08-21 08:31:00,16292.810357,2023-08-21 08:32:00,16289.51038,Long,16289.51038,16306.010265000003,SL,-3.299977000000581,-0.02025419143593473,16289.51038,16290.610372,16290.060376,2017.5083320000476,12017.508332000049,False,229
2023-08-22 08:31:00,16584.308305,2023-08-22 08:34:00,16593.933238,Short,16593.933238,16545.808572999988,SL,-9.624933000002784,-0.058036384894635404,16584.858302,16593.933238,16589.395770000003,2007.8833990000448,12007.883399000046,False,229
2023-08-23 08:31:00,16534.533656,2023-08-23 08:32:00,16513.083807,Long,16513.083807,16620.333052,SL,-21.44984900000054,-0.12972757167673057,16513.083807,16516.93378,16515.008793499997,1986.4335500000443,11986.433550000045,False,229
2023-08-24 08:31:00,16823.006626,2023-08-24 09:15:00,16650.30784199999,Short,16866.181322,16650.30784199999,TP,172.69878400000744,1.026563133685634,16848.856444,16866.181322,16857.518883,2159.1323340000517,12159.132334000053,True,230
2023-08-25 08:31:00,16401.70959,2023-08-25 09:03:00,16461.109169999996,Long,16386.859695,16461.109169999996,TP,59.39957999999751,0.3621548087658679,16386.859695,16397.859617,16392.359656,2218.5319140000493,12218.53191400005,True,230
2023-08-28 08:31:00,16581.283327,2023-08-28 08:33:00,16605.483156,Short,16605.483156,16484.48401100001,SL,-24.199828999997408,-0.14594665878841723,16592.833245,16605.483156,16599.158200500002,2194.332085000052,12194.332085000053,False,231
2023-08-31 08:31:00,17089.754749,2023-08-31 11:49:00,17042.180084,Long,17042.180084,17280.053409,SL,-47.574665000000095,-0.2783812038191122,17042.180084,17068.3049,17055.242491999998,2146.7574200000518,12146.757420000053,False,231
2023-09-04 08:31:00,17116.704559,2023-09-04 09:14:00,17110.379604,Long,17110.379604,17142.004379,SL,-6.324955000000045,-0.03695194351341637,17110.379604,17113.954579,17112.1670915,2140.4324650000517,12140.432465000053,False,231
2023-09-07 08:31:00,16683.032611,2023-09-07 08:35:00,16716.857373,Short,16716.857373,16547.733562999998,SL,-33.82476200000019,-0.202749480797021,16715.207384,16716.857373,16716.0323785,2106.6077030000515,12106.607703000052,False,231
2023-09-08 08:31:00,16841.431496,2023-09-08 13:39:00,16807.606734,Long,16807.606734,16976.730544000002,SL,-33.82476200000019,-0.20084255906651338,16807.606734,16820.806641,16814.206687500002,2072.7829410000513,12072.782941000052,False,231
2023-09-13 08:31:00,16879.659704,2023-09-13 09:04:00,16838.931521,Long,16838.931521,17042.572436000013,SL,-40.7281830000029,-0.24128556922478403,16838.931521,16855.222794,16847.0771575,2032.0547580000484,12032.05475800005,False,231
2023-09-14 08:31:00,16938.579809,2023-09-14 08:33:00,16961.11607,Short,16961.11607,16848.434764999995,SL,-22.536261000001105,-0.1330469334154383,16959.486943,16961.11607,16960.3015065,2009.5184970000473,12009.518497000048,False,231
2023-09-19 08:31:00,16660.8136,2023-09-19 08:33:00,16671.945971,Short,16671.945971,16616.284116000003,SL,-11.132370999999694,-0.0668176913041011,16662.171207,16671.945971,16667.058589,1998.3861260000476,11998.386126000049,False,231
2023-09-20 08:31:00,16701.270262,2023-09-20 08:40:00,16743.08453,Short,16743.08453,16534.01318999999,SL,-41.8142680000019,-0.2503657946015095,16717.290014,16743.08453,16730.187272,1956.5718580000457,11956.571858000047,False,231
2023-09-21 08:31:00,16300.776462,2023-09-21 08:33:00,16280.412371,Long,16280.412371,16382.232825999998,SL,-20.364090999999462,-0.12492712262800346,16280.412371,16287.471923,16283.942147,1936.2077670000463,11936.207767000047,False,231
2023-09-22 08:31:00,16208.187726,2023-09-22 08:34:00,16218.234011,Short,16218.234011,16168.002585999999,SL,-10.046285000000353,-0.061982777901102605,16209.273811,16218.234011,16213.753911,1926.161482000046,11926.161482000047,False,231
2023-09-27 08:31:00,16046.089558,2023-09-27 08:35:00,16026.268509,Long,16026.268509,16125.373754,SL,-19.82104900000013,-0.12352572836113876,16026.268509,16041.202176,16033.7353425,1906.3404330000458,11906.340433000045,False,231
2023-10-04 08:31:00,16049.347812,2023-10-04 09:06:00,16027.626115,Long,16027.626115,16136.234600000003,SL,-21.72169700000086,-0.13534317565078674,16027.626115,16042.016739,16034.821426999999,1884.618736000045,11884.618736000044,False,231
2023-10-06 08:31:00,16058.579534,2023-10-06 08:37:00,16013.507011,Long,16013.507011,16238.869626000003,SL,-45.07252300000073,-0.2806756531894431,16013.507011,16028.983721,16021.245366,1839.5462130000442,11839.546213000045,False,231
2023-10-11 08:31:00,16686.336595,2023-10-11 08:51:00,16648.052103,Long,16648.052103,16839.474562999996,SL,-38.28449199999886,-0.2294361724158835,16648.052103,16658.912952,16653.4825275,1801.2617210000453,11801.261721000046,False,231
2023-10-19 08:31:00,16396.080411,2023-10-19 08:32:00,16387.391732,Long,16387.391732,16430.835126999995,SL,-8.688678999998956,-0.05299241515167119,16387.391732,16388.477817,16387.934774499998,1792.5730420000464,11792.573042000047,False,231
2023-10-20 08:31:00,16102.565972,2023-10-20 08:40:00,16136.234603,Short,16136.234603,15967.891447999998,SL,-33.66863100000046,-0.20908860773211718,16117.77116,16136.234603,16127.0028815,1758.904411000046,11758.904411000047,False,231
2023-10-25 08:31:00,15968.70601,2023-10-25 11:00:00,15829.687146000002,Short,16003.460726,15829.687146000002,TP,139.01886399999785,0.8705706267805343,15996.401174,16003.460726,15999.93095,1897.9232750000438,11897.923275000045,True,232
2023-10-27 08:31:00,15555.722234,2023-10-27 08:32:00,15547.305076,Long,15547.305076,15589.390866000002,SL,-8.4171580000002,-0.05410972164058634,15547.305076,15548.934203,15548.1196395,1889.5061170000436,11889.506117000044,False,233
2023-10-30 08:31:00,15575.814804,2023-10-30 08:32:00,15596.178896,Short,15596.178896,15494.358436,SL,-20.3640919999998,-0.13074174453313436,15592.377599,15596.178896,15594.278247499999,1869.1420250000438,11869.142025000045,False,233
2023-11-06 08:31:00,16547.860773,2023-11-06 08:35:00,16514.735184,Long,16514.735184,16680.363128999998,SL,-33.12558899999931,-0.20018049133002155,16514.735184,16538.629051,16526.6821175,1836.0164360000445,11836.016436000045,False,233
2023-11-10 08:31:00,16640.72103,2023-11-10 08:32:00,16642.8932,Short,16642.8932,16632.03235000001,SL,-2.1721699999980046,-0.013053340633990574,16641.535594,16642.8932,16642.214397,1833.8442660000464,11833.844266000047,False,233
2023-11-20 08:31:00,17316.808869,2023-11-20 15:59:00,17474.562698,Long,17265.219837,17523.164997,EOD,157.75382900000113,0.91098671928179,17265.219837,17293.186523,17279.20318,1991.5980950000476,11991.598095000048,True,234
2023-11-21 08:31:00,17364.325082,2023-11-21 08:34:00,17384.146131,Short,17384.146131,17285.04088599999,SL,-19.82104900000195,-0.11414811060263211,17371.656155,17384.146131,17377.901143000003,1971.7770460000456,11971.777046000047,False,235
2023-11-22 08:31:00,17499.814171,2023-11-22 08:53:00,17454.198606,Long,17454.198606,17682.276431000002,SL,-45.61556500000006,-0.260663139358316,17454.198606,17481.62225,17467.910428000003,1926.1614810000456,11926.161481000046,False,235
2023-11-23 08:31:00,17441.165588,2023-11-23 08:33:00,17444.423842,Short,17444.423842,17428.132572,SL,-3.2582540000003064,-0.01868140052659138,17442.794715,17444.423842,17443.6092785,1922.9032270000453,11922.903227000046,False,235
2023-11-24 08:31:00,17399.079799,2023-11-24 08:32:00,17404.781744,Short,17404.781744,17376.272018999996,SL,-5.7019450000007055,-0.032771531976814205,17400.980447,17404.781744,17402.8810955,1917.2012820000446,11917.201282000045,False,235
2023-11-27 08:31:00,17408.31152,2023-11-27 08:32:00,17376.272016,Long,17376.272016,17536.469536,SL,-32.039504000000306,-0.1840471659941912,17376.272016,17393.649374,17384.960695,1885.1617780000443,11885.161778000045,False,235
2023-11-29 08:31:00,17553.846894,2023-11-29 09:05:00,17539.456269,Long,17539.456269,17611.409394,SL,-14.390625,-0.08197989356349458,17539.456269,17548.687991,17544.07213,1870.7711530000443,11870.771153000045,False,235
2023-12-06 08:31:00,17371.384634,2023-12-06 10:33:00,17242.140533999987,Short,17403.695659,17242.140533999987,TP,129.2441000000108,0.7440057469399927,17388.761992,17403.695659,17396.228825500002,2000.015253000055,12000.015253000056,True,236
2023-12-08 08:31:00,17333.371663,2023-12-08 08:32:00,17329.841887,Long,17329.841887,17347.490767000014,SL,-3.5297760000030394,-0.020364047276143837,17329.841887,17332.828621,17331.335253999998,1996.485477000052,11996.485477000053,False,237
2023-12-13 08:31:00,17837.75052,2023-12-13 08:47:00,17806.126154,Long,17806.126154,17964.247984,SL,-31.62436600000001,-0.17728898026991807,17806.126154,17815.774266,17810.950210000003,1964.861111000052,11964.861111000053,False,237
2023-12-15 08:31:00,18026.424705,2023-12-15 08:34:00,17999.356391,Long,17999.356391,18134.697961,SL,-27.0683140000001,-0.1501590828074307,17999.356391,18003.644441,18001.500416000003,1937.792797000052,11937.792797000053,False,237
2023-12-18 08:31:00,18084.313375,2023-12-18 08:48:00,18059.657089,Long,18059.657089,18182.938519000007,SL,-24.656286000001273,-0.13634073624319326,18059.657089,18059.925093,18059.791091,1913.1365110000506,11913.136511000052,False,237
2023-12-19 08:31:00,18203.574756,2023-12-19 08:37:00,18175.702433,Long,18175.702433,18315.064048000015,SL,-27.872323000003234,-0.15311455784703143,18175.702433,18196.606675,18186.154554,1885.2641880000474,11885.264188000048,False,237
2023-12-21 08:31:00,18167.66234,2023-12-21 08:32:00,18145.954089,Long,18145.954089,18254.495344,SL,-21.70825100000002,-0.11948841074729055,18145.954089,18162.034275,18153.994182000002,1863.5559370000474,11863.555937000048,False,237
2023-12-22 08:31:00,18239.219168,2023-12-22 08:34:00,18226.891026,Long,18226.891026,18288.531735999994,SL,-12.32814199999848,-0.06759139131146429,18226.891026,18233.055097,18229.9730615,1851.227795000049,11851.22779500005,False,237
2023-12-26 08:31:00,18248.86728,2023-12-26 08:32:00,18237.879153,Long,18237.879153,18292.819787999986,SL,-10.988126999996894,-0.06021265227809194,18237.879153,18246.723255,18242.301204000003,1840.239668000052,11840.239668000053,False,237
2023-12-27 08:31:00,18340.792344,2023-12-27 09:11:00,18323.908149,Long,18323.908149,18408.32912400001,SL,-16.884195000002364,-0.09205815475865116,18323.908149,18333.556261,18328.732205,1823.3554730000496,11823.35547300005,False,237
2024-01-08 08:31:00,17727.065239,2024-01-08 08:59:00,17821.402331,Long,17703.480966,17821.402331,TP,94.33709200000158,0.5321641835697516,17703.480966,17705.624991,17704.5529785,1917.6925650000512,11917.692565000052,True,238
2024-01-09 08:31:00,17902.875274,2024-01-09 08:43:00,17878.218989,Long,17878.218989,18001.500414000006,SL,-24.656285000000935,-0.13772248659861233,17878.218989,17883.847054,17881.0330215,1893.0362800000503,11893.036280000051,False,239
2024-01-10 08:31:00,18071.717229,2024-01-10 08:50:00,18054.029024,Long,18054.029024,18142.47004900001,SL,-17.6882050000022,-0.09787783184000702,18054.029024,18063.945139,18058.9870815,1875.348075000048,11875.348075000049,False,239
2024-01-11 08:31:00,18223.406985,2024-01-11 08:32:00,18209.738827,Long,18209.738827,18278.079617000003,SL,-13.668158000000403,-0.07500330762107711,18209.738827,18216.438905,18213.088866,1861.6799170000477,11861.679917000049,False,239
2024-01-15 08:31:00,18184.814538,2024-01-15 08:32:00,18180.526489,Long,18180.526489,18201.966733999994,SL,-4.288048999998864,-0.0235803834624671,18180.526489,18183.474523,18182.000506,1857.3918680000488,11857.39186800005,False,239
2024-01-16 08:31:00,18145.150079,2024-01-16 08:32:00,18136.841983,Long,18136.841983,18178.382463,SL,-8.30809600000066,-0.04578686846804261,18136.841983,18139.254011,18138.047997,1849.0837720000482,11849.083772000049,False,239
2024-01-18 08:31:00,18248.86728,2024-01-18 09:02:00,18224.210995,Long,18224.210995,18347.492419999988,SL,-24.656284999997297,-0.13511131744061486,18224.210995,18245.115237,18234.663116000003,1824.4274870000509,11824.427487000052,False,239
2024-01-22 08:31:00,18821.857914,2024-01-22 08:40:00,18793.717588,Long,18793.717588,18934.419218000003,SL,-28.14032600000064,-0.14950875800135233,18793.717588,18798.005638,18795.861613,1796.2871610000502,11796.287161000051,False,239
2024-01-23 08:31:00,18711.440636,2024-01-23 08:55:00,18743.333005,Short,18743.333005,18583.871159999995,SL,-31.892369000001054,-0.17044315090651824,18736.096921,18743.333005,18739.714963,1764.3947920000492,11764.39479200005,False,239
2024-01-25 08:31:00,18955.591462,2024-01-25 09:20:00,18992.307887,Short,18992.307887,18808.725762000005,SL,-36.71642499999871,-0.1936970686122013,18971.671648,18992.307887,18981.9897675,1727.6783670000505,11727.678367000051,False,239
2024-02-06 08:31:00,19037.600412,2024-02-06 08:32:00,19018.840195,Long,19018.840195,19112.641279999996,SL,-18.760216999999102,-0.09854297072111014,19018.840195,19026.612285,19022.72624,1708.9181500000514,11708.918150000052,False,239
2024-02-07 08:31:00,19036.260396,2024-02-07 09:11:00,19049.660551,Short,19049.660551,18982.659776000004,SL,-13.400154999999359,-0.07039279102745973,19047.248523,19049.660551,19048.454536999998,1695.517995000052,11695.517995000053,False,239
2024-02-12 08:31:00,19310.42757,2024-02-12 08:32:00,19325.435744,Short,19325.435744,19250.394874000005,SL,-15.00817399999869,-0.07772056804850278,19319.807679,19325.435744,19322.6217115,1680.5098210000533,11680.509821000054,False,239
2024-02-14 08:31:00,19080.212905,2024-02-14 08:32:00,19073.512828,Long,19073.512828,19107.013213000006,SL,-6.700077000001329,-0.03511531571141726,19073.512828,19077.532874,19075.522851,1673.809744000052,11673.809744000053,False,239
2024-02-16 08:31:00,19199.206283,2024-02-16 08:50:00,19131.669503000005,Short,19216.090478,19131.669503000005,TP,67.5367799999949,0.3517686044125458,19211.534426,19216.090478,19213.812452,1741.3465240000469,11741.346524000048,True,240
2024-02-19 08:31:00,19075.924855,2024-02-19 08:32:00,19071.904809,Long,19071.904809,19092.005039000007,SL,-4.020046000001457,-0.021073924491518223,19071.904809,19075.924855,19073.914832000002,1737.3264780000454,11737.326478000046,False,241
2024-02-20 08:31:00,18986.947825,2024-02-20 08:36:00,18937.635254,Long,18937.635254,19184.198108999994,SL,-49.31257099999857,-0.2597182625375365,18937.635254,18950.499403,18944.0673285,1688.0139070000469,11688.013907000048,False,241
2024-02-26 08:31:00,19344.463965,2024-02-26 08:34:00,19314.71562,Long,19314.71562,19463.457345,SL,-29.748344999999972,-0.1537822141457305,19314.71562,19327.579769,19321.1476945,1658.2655620000469,11658.265562000048,False,241
2024-02-29 08:31:00,19341.51593,2024-02-29 08:35:00,19372.60429000001,Long,19333.74384,19372.60429000001,TP,31.088360000008834,0.16073383344161085,19333.74384,19340.175915,19336.959877499998,1689.3539220000557,11689.353922000057,True,242
2024-03-01 08:31:00,19439.873069,2024-03-01 08:48:00,19401.012619,Long,19401.012619,19595.314869,SL,-38.86045000000013,-0.19990073938275532,19401.012619,19407.9807,19404.4966595,1650.4934720000556,11650.493472000056,False,243
2024-03-05 08:31:00,19422.720871,2024-03-05 08:35:00,19368.048239,Short,19436.389029,19368.048239,TP,54.67263200000161,0.2814880178895694,19435.317016,19436.389029,19435.8530225,1705.1661040000572,11705.166104000058,True,244
2024-03-13 08:31:00,19450.661831,2024-03-13 15:59:00,19412.324724,Short,19487.412576,19303.65885100001,EOD,38.337107000003016,0.1970992418309502,19470.755763,19487.412576,19479.084169499998,1743.5032110000602,11743.503211000061,True,244
2024-03-14 08:31:00,19407.565635,2024-03-14 08:34:00,19427.659567,Short,19427.659567,19327.189907,SL,-20.093931999999768,-0.10353659174936378,19412.589118,19427.659567,19420.1243425,1723.4092790000605,11723.409279000061,False,245
2024-03-19 08:31:00,19159.56421,2024-03-19 08:33:00,19186.796776,Short,19186.796776,19050.633946000005,SL,-27.23256599999877,-0.1421356232402468,19184.417232,19186.796776,19185.607003999998,1696.1767130000617,11696.176713000063,False,245
2024-03-20 08:31:00,19387.207309,2024-03-20 08:32:00,19372.930042,Long,19372.930042,19444.316377000006,SL,-14.277267000001302,-0.07364272106056996,19372.930042,19375.57398,19374.252011,1681.8994460000604,11681.899446000061,False,245
2024-03-27 08:31:00,19616.436771,2024-03-27 08:40:00,19554.039823000006,Short,19632.036008,19554.039823000006,TP,62.396947999994154,0.3180850259831022,19629.127675,19632.036008,19630.5818415,1744.2963940000545,11744.296394000055,True,246
2024-03-28 08:31:00,19532.888316,2024-03-28 08:38:00,19560.120882,Short,19560.120882,19423.958052000005,SL,-27.23256599999877,-0.1394190432025955,19555.097399,19560.120882,19557.609140499997,1717.0638280000558,11717.063828000057,False,247
2024-04-01 08:31:00,19557.21255,2024-04-01 08:32:00,19560.64967,Short,19560.64967,19543.464070000005,SL,-3.4371199999986857,-0.01757469266753296,19560.120882,19560.64967,19560.385276,1713.626708000057,11713.626708000058,False,247
2024-04-03 08:31:00,19310.797489,2024-04-03 09:01:00,19384.827765000005,Long,19292.28992,19384.827765000005,TP,74.03027600000496,0.38336208560094315,19292.28992,19296.784615,19294.5372675,1787.656984000062,11787.656984000063,True,248
2024-04-15 08:31:00,19350.985353,2024-04-15 11:23:00,19200.809652999993,Short,19388.529278,19200.809652999993,TP,150.17570000000705,0.7760622896483418,19369.757315,19388.529278,19379.1432965,1937.832684000069,11937.83268400007,True,248
2024-04-17 08:31:00,18984.271093,2024-04-17 08:32:00,18972.637765000003,Short,18987.179425,18972.637765000003,TP,11.633327999996254,0.06127877095205288,18986.386243,18987.179425,18986.782833999998,1949.4660120000653,11949.466012000066,True,248
2024-04-19 08:31:00,18485.095518,2024-04-19 08:32:00,18494.87809,Short,18494.87809,18445.965229999998,SL,-9.782572000000073,-0.052921403573350324,18485.359911,18494.87809,18490.1190005,1939.6834400000653,11939.683440000066,False,249
2024-05-06 08:31:00,19095.580901,2024-05-06 08:34:00,19107.21423,Short,19107.21423,19049.047585,SL,-11.63332900000023,-0.06092157688374389,19099.282414,19107.21423,19103.248322,1928.050111000065,11928.050111000066,False,249
2024-05-08 08:31:00,19150.57482,2024-05-08 08:34:00,19134.182402,Long,19134.182402,19216.144492000014,SL,-16.39241800000309,-0.08559752463870475,19134.182402,19135.768765,19134.9755835,1911.657693000062,11911.657693000063,False,249
2024-05-14 08:31:00,19340.938387,2024-05-14 08:33:00,19329.040664,Long,19329.040664,19388.52927899999,SL,-11.897722999998223,-0.0615157484188837,19329.040664,19333.006571,19331.023617500003,1899.7599700000637,11899.759970000065,False,249
2024-05-22 08:31:00,19894.843487,2024-05-22 08:33:00,19908.591966999993,Long,19891.406367,19908.591966999993,TP,13.748479999994743,0.06910574596366385,19891.406367,19892.99273,19892.1995485,1913.5084500000585,11913.50845000006,True,250
2024-05-23 08:31:00,20037.880556,2024-05-23 08:57:00,19924.719991999995,Short,20066.170697,19924.719991999995,TP,113.16056400000525,0.5647331996203623,20062.469184,20066.170697,20064.3199405,2026.6690140000637,12026.669014000065,True,250
2024-05-24 08:31:00,19829.00942,2024-05-24 08:34:00,19839.32078,Short,19839.32078,19787.76398,SL,-10.311359999999695,-0.052001387369353,19831.653359,19839.32078,19835.4870695,2016.357654000064,12016.357654000065,False,251
2024-05-27 08:31:00,19979.978305,2024-05-27 08:55:00,19967.2874,Long,19967.2874,20030.741925,SL,-12.690904999999475,-0.06351811201328265,19967.2874,19973.897246,19970.592323,2003.6667490000646,12003.666749000065,False,251
2024-05-29 08:31:00,19878.451069,2024-05-29 15:29:00,19845.930626,Long,19845.930626,20008.53284099999,SL,-32.52044299999761,-0.16359646376428452,19845.930626,19871.841223,19858.8859245,1971.146306000067,11971.146306000068,False,251
2024-05-30 08:31:00,19833.239722,2024-05-30 08:33:00,19840.642749,Short,19840.642749,19803.627613999997,SL,-7.403027000000293,-0.03732636273129142,19838.527599,19840.642749,19839.585174,1963.7432790000667,11963.743279000068,False,251
2024-06-05 08:31:00,19920.48969,2024-06-05 08:45:00,19930.536656,Short,19930.536656,19880.30182599999,SL,-10.046966000001703,-0.05043533646186036,19923.92681,19930.536656,19927.231733,1953.696313000065,11953.696313000066,False,251
2024-06-07 08:31:00,20114.554771,2024-06-07 08:47:00,20131.475977,Short,20131.475977,20046.869947000003,SL,-16.921205999999074,-0.08412418864172469,20115.083558,20131.475977,20123.279767499997,1936.7751070000659,11936.775107000067,False,251
2024-06-17 08:31:00,20837.530543,2024-06-17 08:32:00,20833.355417,Long,20833.355417,20854.23104700001,SL,-4.17512600000191,-0.020036568111495675,20833.355417,20833.616362,20833.4858895,1932.599981000064,11932.599981000065,False,251
2024-06-19 08:31:00,21132.398796,2024-06-19 08:35:00,21129.006507,Long,21129.006507,21145.967952000014,SL,-3.3922890000030748,-0.016052550554010826,21129.006507,21130.311233,21129.65887,1929.207692000061,11929.207692000062,False,251
2024-06-21 08:31:00,20869.104931,2024-06-21 08:32:00,20889.980559,Short,20889.980559,20785.60241900001,SL,-20.87562799999796,-0.10003125706166856,20881.369363,20889.980559,20885.674961,1908.332064000063,11908.332064000064,False,251
2024-06-27 08:31:00,20894.416631,2024-06-27 08:39:00,20978.962927,Long,20873.280057,20978.962927,TP,84.54629600000044,0.40463582924140284,20873.280057,20884.761652,20879.0208545,1992.8783600000634,11992.878360000064,True,252
2024-06-28 08:31:00,20927.295745,2024-06-28 08:36:00,20943.996248,Short,20943.996248,20860.493733,SL,-16.700503000000026,-0.0798024895499943,20935.385052,20943.996248,20939.69065,1976.1778570000633,11976.177857000064,False,253
2024-07-03 08:31:00,21143.358501,2024-07-03 10:59:00,21274.874960999998,Long,21110.479386,21274.874960999998,TP,131.51645999999892,0.6220225608612686,21110.479386,21123.004763,21116.742074499998,2107.6943170000623,12107.694317000063,True,254
2024-07-04 08:31:00,21293.402081,2024-07-04 09:00:00,21274.614013000006,Short,21298.099098,21274.614013000006,TP,18.788067999994382,0.0882342235802652,21296.011535,21298.099098,21297.055316500002,2126.4823850000566,12126.482385000058,True,254
2024-07-05 08:31:00,21362.813546,2024-07-05 08:45:00,21340.1113,Long,21340.1113,21453.622530000004,SL,-22.70224600000074,-0.10626992531258384,21340.1113,21344.025481,21342.0683905,2103.780139000056,12103.780139000057,False,255
2024-07-16 08:31:00,21545.997187,2024-07-16 08:32:00,21549.389477,Short,21549.389477,21532.428027,SL,-3.3922899999997753,-0.01574440937013836,21547.823805,21549.389477,21548.606641,2100.387849000056,12100.387849000057,False,255
2024-07-18 08:31:00,20991.227358,2024-07-18 09:31:00,20884.761653999998,Short,21017.843784,20884.761653999998,TP,106.465704000002,0.5071914194642205,21016.539058,21017.843784,21017.191421,2206.853553000058,12206.853553000059,True,256
2024-07-19 08:31:00,20712.798662,2024-07-19 08:33:00,20738.632252,Short,20738.632252,20609.464302000008,SL,-25.833589999998367,-0.12472283645277277,20733.674291,20738.632252,20736.1532715,2181.0199630000598,12181.01996300006,False,257
2024-07-22 08:31:00,20773.077039,2024-07-22 08:37:00,20820.047204,Short,20820.047204,20585.196379000005,SL,-46.970164999998815,-0.2261107726689484,20794.996449,20820.047204,20807.5218265,2134.049798000061,12134.049798000062,False,257
2024-07-26 08:31:00,19963.885487,2024-07-26 09:00:00,19997.547438,Short,19997.547438,19829.237682999992,SL,-33.661951000001864,-0.16861422603291185,19980.064099,19997.547438,19988.805768500002,2100.387847000059,12100.38784700006,False,257
2024-07-29 08:31:00,20074.265373,2024-07-29 08:33:00,20124.888773,Short,20124.888773,19871.771772999997,SL,-50.6234000000004,-0.25218058573684676,20106.622598,20124.888773,20115.7556855,2049.7644470000587,12049.76444700006,False,257
2024-07-31 08:31:00,20191.429839,2024-07-31 08:40:00,20218.30721,Short,20218.30721,20083.920355000006,SL,-26.877370999998675,-0.13311276722010393,20215.175866,20218.30721,20216.741538000002,2022.88707600006,12022.887076000061,False,257
2024-08-02 08:31:00,19435.99303,2024-08-02 08:37:00,19460.260948,Short,19460.260948,19338.92135800001,SL,-24.267917999997735,-0.12486070540640513,19457.91244,19460.260948,19459.086693999998,1998.6191580000623,11998.619158000063,False,257
2024-08-07 08:31:00,19313.870603,2024-08-07 08:33:00,19268.988001,Long,19268.988001,19493.40101099999,SL,-44.88260199999786,-0.2323853303284858,19268.988001,19286.993231,19277.990616000003,1953.7365560000644,11953.736556000065,False,257
2024-08-09 08:31:00,19292.212138,2024-08-09 08:35:00,19263.769094,Long,19263.769094,19405.984313999998,SL,-28.443043999999645,-0.14743277648277148,19263.769094,19264.03004,19263.899567,1925.2935120000648,11925.293512000066,False,257
2024-08-13 08:31:00,19682.847338,2024-08-13 08:42:00,19653.882403,Long,19653.882403,19798.707078,SL,-28.96493499999997,-0.14715825664145568,19653.882403,19655.969966,19654.9261845,1896.3285770000648,11896.328577000066,False,257
2024-08-14 08:31:00,20001.722564,2024-08-14 08:32:00,19977.1937,Long,19977.1937,20099.83802,SL,-24.528863999999885,-0.12263375777518302,19977.1937,19991.545695,19984.3696975,1871.799713000065,11871.799713000066,False,257
2024-08-20 08:31:00,20709.145427,2024-08-20 08:57:00,20792.647942999993,Long,20688.269798,20792.647942999993,TP,83.5025159999932,0.4032156531728488,20688.269798,20698.968558,20693.619178,1955.302229000058,11955.302229000059,True,258
2024-08-23 08:31:00,20582.847874,2024-08-23 08:48:00,20611.812809,Short,20611.812809,20466.988134,SL,-28.96493499999997,-0.14072365096079886,20606.854847,20611.812809,20609.333828,1926.3372940000581,11926.337294000059,False,259
2024-08-28 08:31:00,20507.956557,2024-08-28 08:35:00,20485.515256,Long,20485.515256,20597.72176100001,SL,-22.441301000002568,-0.10942728953822879,20485.515256,20500.650087,20493.0826715,1903.8959930000556,11903.895993000056,False,259
2024-09-02 08:31:00,20484.73242,2024-09-02 08:33:00,20477.947841,Long,20477.947841,20511.870735999997,SL,-6.784578999999212,-0.033120173897781435,20477.947841,20480.035403,20478.991622,1897.1114140000564,11897.111414000057,False,259
2024-09-03 08:31:00,20313.552266,2024-09-03 08:34:00,20262.406978,Short,20326.338588,20262.406978,TP,51.14528799999971,0.2517791439442358,20319.554009,20326.338588,20322.9462985,1948.256702000056,11948.256702000057,True,260
2024-09-10 08:31:00,19622.047069,2024-09-10 08:34:00,19584.209993,Long,19584.209993,19773.395373,SL,-37.8370759999998,-0.19282940188119777,19584.209993,19593.082135,19588.646064,1910.4196260000563,11910.419626000057,False,261
2024-09-12 08:31:00,20054.694471,2024-09-12 08:33:00,20091.748712,Short,20091.748712,19906.477506999992,SL,-37.05424100000164,-0.18476592128383584,20083.398461,20091.748712,20087.573586500002,1873.3653850000546,11873.365385000056,False,261
2024-09-16 08:31:00,20260.319413,2024-09-16 08:35:00,20180.99202500001,Short,20280.15126,20180.99202500001,TP,79.3273879999906,0.3915406582834539,20277.019916,20280.15126,20278.585588,1952.6927730000452,11952.692773000046,True,262
2024-09-17 08:31:00,20438.127842,2024-09-17 08:33:00,20419.302504,Long,20419.302504,20513.42919400001,SL,-18.825338000002375,-0.09210891597084851,20419.302504,20430.391402,20424.846953,1933.8674350000429,11933.867435000044,False,263
2024-09-18 08:31:00,20333.428017,2024-09-18 08:32:00,20348.385135,Short,20348.385135,20273.59954499999,SL,-14.957118000002083,-0.0735592541872281,20348.127254,20348.385135,20348.256194499998,1918.9103170000408,11918.910317000042,False,263
2024-09-19 08:31:00,20671.510456,2024-09-19 08:32:00,20680.278421,Short,20680.278421,20636.438596000004,SL,-8.767964999999094,-0.04241569583733129,20676.15232,20680.278421,20678.215370500002,1910.1423520000417,11910.142352000043,False,263
2024-09-25 08:31:00,20805.350872,2024-09-25 08:42:00,20782.399433,Long,20782.399433,20897.156628,SL,-22.95143900000039,-0.11031507779514843,20782.399433,20791.941042,20787.1702375,1887.1909130000413,11887.190913000042,False,263
2024-09-26 08:31:00,21118.418821,2024-09-26 09:28:00,20997.73035299999,Short,21148.590938,20997.73035299999,TP,120.68846800000756,0.5714843948449201,21133.63382,21148.590938,21141.112379,2007.8793810000489,12007.87938100005,True,264
2024-09-27 08:31:00,20990.767557,2024-09-27 09:04:00,21018.36086,Short,21018.36086,20880.394344999993,SL,-27.59330300000147,-0.1314544736159477,21002.88798,21018.36086,21010.62442,1980.2860780000474,11980.286078000048,False,265
2024-10-04 08:31:00,20851.769514,2024-10-04 08:35:00,20862.084767,Short,20862.084767,20810.508501999997,SL,-10.315253000000666,-0.04946943708098704,20859.505954,20862.084767,20860.7953605,1969.9708250000467,11969.970825000048,False,265
2024-10-08 08:31:00,20715.608165,2024-10-08 08:32:00,20726.1813,Short,20726.1813,20673.315625000007,SL,-10.573134999998729,-0.05103946220542315,20725.923419,20726.1813,20726.052359499998,1959.397690000048,11959.397690000049,False,265
2024-10-16 08:31:00,20944.606797,2024-10-16 09:25:00,20988.962387,Short,20988.962387,20767.184437000004,SL,-44.35558999999921,-0.2117757111885838,20986.125693,20988.962387,20987.54404,1915.0421000000488,11915.04210000005,False,265
2024-10-17 08:31:00,21187.788902,2024-10-17 08:36:00,21055.753658,Short,21220.797713,21055.753658,TP,132.03524399999878,0.6231666957354641,21207.130002,21220.797713,21213.9638575,2047.0773440000476,12047.077344000048,True,266
2024-10-18 08:31:00,21081.026026,2024-10-18 08:33:00,21109.650855,Short,21109.650855,20966.52671,SL,-28.624829000000318,-0.1357847998702543,21101.398652,21109.650855,21105.5247535,2018.4525150000472,12018.452515000048,False,267
2024-10-21 08:31:00,21084.120602,2024-10-21 08:32:00,21074.836874,Long,21074.836874,21121.255513999993,SL,-9.283727999998518,-0.04403184830539189,21074.836874,21083.089077,21078.9629755,2009.1687870000487,12009.16878700005,False,267
2024-10-22 08:31:00,21023.260606,2024-10-22 08:32:00,21035.63891,Short,21035.63891,20973.747389999993,SL,-12.378304000001663,-0.05887908746404884,21034.091622,21035.63891,21034.865266,1996.790483000047,11996.790483000048,False,267
2024-10-24 08:31:00,20955.695694,2024-10-24 09:02:00,21005.724674,Short,21005.724674,20755.579773999987,SL,-50.028980000002775,-0.23873690823983,20993.862133,21005.724674,20999.7934035,1946.7615030000443,11946.761503000045,False,267
2024-10-25 08:31:00,21169.479326,2024-10-25 08:55:00,21287.073218000005,Long,21140.080853,21287.073218000005,TP,117.59389200000442,0.5554878804013736,21140.080853,21162.000767,21151.04081,2064.3553950000487,12064.35539500005,True,268
2024-10-28 08:31:00,21213.577036,2024-10-28 15:59:00,21153.748565,Short,21271.084575,20983.54687999999,EOD,59.82847099999708,0.28202915000363493,21243.23339,21271.084575,21257.1589825,2124.183866000046,12124.183866000047,True,268
2024-10-29 08:31:00,21125.381617,2024-10-29 08:45:00,21154.522209,Short,21154.522209,21008.819249,SL,-29.140591999999742,-0.13794113890255005,21148.590938,21154.522209,21151.5565735,2095.043274000046,12095.043274000047,False,269
2024-10-31 08:31:00,20940.996458,2024-10-31 10:02:00,20692.398846000004,Short,21003.145861,20692.398846000004,TP,248.59761199999775,1.187133632817301,20983.546879,21003.145861,20993.34637,2343.640886000044,12343.640886000045,True,270
2024-11-05 08:31:00,20841.712141,2024-11-05 15:59:00,21004.693149,Long,20789.104348,21052.143312999997,EOD,162.98100799999884,0.7819943337542848,20789.104348,20809.734855,20799.419601499998,2506.6218940000426,12506.621894000044,True,270
2024-11-08 08:31:00,21869.111406,2024-11-08 08:44:00,21860.085559,Long,21860.085559,21905.214794000003,SL,-9.025847000000795,-0.04127212501887236,21860.085559,21866.274711,21863.180135,2497.596047000042,12497.596047000043,False,271
2024-11-14 08:31:00,21812.635392,2024-11-14 08:32:00,21805.156833,Long,21805.156833,21842.549627999997,SL,-7.478558999999223,-0.03428544449398379,21805.156833,21812.635392,21808.8961125,2490.1174880000426,12490.117488000044,False,271
2024-11-18 08:31:00,21181.083987,2024-11-18 08:39:00,21203.261782,Short,21203.261782,21092.372807000003,SL,-22.177794999999605,-0.1047056657421846,21185.210088,21203.261782,21194.235935,2467.939693000043,12467.939693000044,False,271
2024-11-19 08:31:00,21205.324833,2024-11-19 08:33:00,21170.510852,Long,21170.510852,21344.580756999996,SL,-34.81398099999933,-0.16417565528551284,21170.510852,21172.316021,21171.4134365,2433.1257120000437,12433.125712000045,False,271
2024-11-25 08:31:00,21627.73447,2024-11-25 08:35:00,21675.442518,Short,21675.442518,21436.902277999998,SL,-47.70804800000042,-0.2205873577104279,21640.112775,21675.442518,21657.7776465,2385.4176640000433,12385.417664000044,False,271
2024-11-26 08:31:00,21635.213029,2024-11-26 09:00:00,21600.141167,Long,21600.141167,21775.500476999987,SL,-35.071861999997054,-0.1621054618366201,21600.141167,21604.52515,21602.3331585,2350.345802000046,12350.345802000047,False,271
2024-11-27 08:31:00,21541.859984,2024-11-27 11:08:00,21339.68101599999,Short,21592.404726,21339.68101599999,TP,202.17896800000744,0.9385399782106738,21553.980407,21592.404726,21573.1925665,2552.5247700000536,12552.524770000055,True,272
2024-11-28 08:31:00,21544.180916,2024-11-28 08:41:00,21532.834137,Long,21532.834137,21589.568032,SL,-11.346778999999515,-0.05266748847050721,21532.834137,21541.859984,21537.3470605,2541.177991000054,12541.177991000055,False,273
2024-12-02 08:31:00,21750.485989,2024-12-02 11:02:00,21912.435472999998,Long,21709.998618,21912.435472999998,TP,161.94948399999703,0.7445786916296983,21709.998618,21720.571753,21715.2851855,2703.127475000051,12703.127475000052,True,274
2024-12-10 08:31:00,22187.0791,2024-12-10 08:34:00,22208.741133,Short,22208.741133,22100.430967999997,SL,-21.66203300000052,-0.09763355015036893,22196.62071,22208.741133,22202.6809215,2681.4654420000506,12681.465442000052,False,275
2024-12-12 08:31:00,22354.444091,2024-12-12 08:42:00,22376.106123,Short,22376.106123,22267.795963,SL,-21.66203200000018,-0.09690257521868509,22369.65909,22376.106123,22372.882606500003,2659.8034100000505,12659.803410000051,False,275
2024-12-16 08:31:00,22597.884077,2024-12-16 08:32:00,22589.631874,Long,22589.631874,22630.892889,SL,-8.252203000000009,-0.03651759152264638,22589.631874,22591.437044,22590.534459,2651.5512070000505,12651.551207000051,False,275
2024-12-17 08:31:00,22696.652631,2024-12-17 08:43:00,22722.956528,Short,22722.956528,22591.43704300001,SL,-26.30389699999796,-0.1158932879999716,22707.483647,22722.956528,22715.220087499998,2625.2473100000525,12625.247310000053,False,275
