entry_time,entry_price,exit_time,exit_price,direction,stop_loss,take_profit,exit_reason,pnl,return_pct,fvg_lower,fvg_upper,fvg_middle,cumulative_pnl,equity,is_win,streak
2018-01-15 08:31:00,7939.846938,2018-01-15 08:33:00,7941.018482,Short,7941.018482,7935.160761999997,SL,-1.171544000000722,-0.014755246658392472,7941.018482,7941.604254,7941.311368000001,-1.171544000000722,9998.828456,False,1
2018-01-16 08:31:00,7992.859307,2018-01-16 09:37:00,7981.729638,Long,7981.729638,8037.377982999999,SL,-11.129668999999922,-0.1392451508592521,7980.265208,7981.729638,7980.997423,-12.301213000000644,9987.698787,False,1
2018-01-26 08:31:00,8147.796008,2018-01-26 08:35:00,8152.77507,Short,8152.77507,8127.8797600000025,SL,-4.9790619999994306,-0.061109310973307206,8152.77507,8156.289702,8154.532386,-17.280275000000074,9982.719724999999,False,1
2018-01-29 08:31:00,8208.716298,2018-01-29 08:38:00,8215.452677,Short,8215.452677,8181.770782,SL,-6.736378999999943,-0.08206373268913214,8215.452677,8215.745563,8215.599119999999,-24.016654000000017,9975.983346,False,1
2018-01-31 08:31:00,8183.235215,2018-01-31 08:35:00,8178.549039,Long,8178.549039,8201.979918999998,SL,-4.68617599999925,-0.05726556645236612,8176.791723,8178.549039,8177.670381,-28.702829999999267,9971.297170000002,False,1
2018-02-01 08:31:00,8117.335862,2018-02-01 12:05:00,8173.569973999998,Long,8103.277334,8173.569973999998,TP,56.23411199999828,0.6927656186218586,8100.934246,8103.277334,8102.10579,27.53128199999901,10027.531282,True,2
2018-02-15 08:31:00,7871.897383,2018-02-15 08:39:00,7883.90571,Short,7883.90571,7823.864075000002,SL,-12.008326999999554,-0.15254679292355242,7883.90571,7890.349202,7887.127456,15.522954999999456,10015.522955,False,3
2018-02-16 08:31:00,7961.227617,2018-02-16 08:32:00,7955.077011,Long,7955.077011,7985.8300409999965,SL,-6.150605999999243,-0.07725700477229859,7948.047747,7955.077011,7951.562379,9.372349000000213,10009.372349000001,False,3
2018-03-02 08:31:00,7837.629719,2018-03-02 08:37:00,7822.985419,Long,7822.985419,7896.206918999999,SL,-14.64429999999993,-0.18684603030555508,7817.127699,7822.985419,7820.056559,-5.271950999999717,9994.728049000001,False,3
2018-03-05 08:31:00,7955.369897,2018-03-05 08:37:00,7949.512177,Long,7949.512177,7978.8007769999995,SL,-5.857719999999972,-0.07363227701340375,7946.583316,7949.512177,7948.0477465,-11.12967099999969,9988.870329000001,False,3
2018-03-07 08:31:00,8054.072483,2018-03-07 08:40:00,8078.6749070000005,Long,8047.921877,8078.6749070000005,TP,24.60242400000061,0.3054656393014809,8040.306841,8047.921877,8044.114358999999,13.472753000000921,10013.472753000002,True,4
2018-03-12 08:31:00,8340.197951,2018-03-12 08:33:00,8346.034747,Short,8346.034747,8316.850767000002,SL,-5.836795999999595,-0.06998390247200015,8346.034747,8346.618427,8346.326587,7.635957000001326,10007.635957000002,False,5
2018-03-16 08:31:00,8260.233844,2018-03-16 08:33:00,8253.813369,Long,8253.813369,8285.915744000004,SL,-6.420475000000806,-0.07772752105153122,8251.47865,8253.813369,8252.6460095,1.2154820000005202,10001.215482,False,5
2018-03-19 08:31:00,8128.030413,2018-03-19 08:35:00,8112.854745000001,Short,8131.82433,8112.854745000001,TP,15.17566799999986,0.18670781516427207,8131.82433,8135.618248,8133.721289,16.39115000000038,10016.39115,True,6
2018-03-23 08:31:00,7837.357967,2018-03-23 08:35:00,7827.727253,Long,7827.727253,7875.8808229999995,SL,-9.630713999999898,-0.122882150343917,7817.51286,7827.727253,7822.6200565,6.760436000000482,10006.760436,False,7
2018-03-26 08:31:00,7786.286001,2018-03-26 08:36:00,7774.028729,Long,7774.028729,7835.315089000003,SL,-12.25727200000074,-0.15742129172273564,7769.651132,7774.028729,7771.8399305,-5.496836000000258,9994.503164,False,7
2018-03-27 08:31:00,7945.630535,2018-03-27 08:35:00,7922.283351000002,Short,7951.467331,7922.283351000002,TP,23.34718399999838,0.29383676848747886,7951.467331,7957.595967,7954.5316490000005,17.85034799999812,10017.850347999998,True,8
2018-04-04 08:31:00,7431.116958,2018-04-04 09:59:00,7501.158509999998,Long,7413.60657,7501.158509999998,TP,70.04155199999877,0.9425440670072518,7409.812652,7413.60657,7411.709611,87.8918999999969,10087.891899999997,True,8
2018-04-05 08:31:00,7730.836438,2018-04-05 08:32:00,7738.132433,Short,7738.132433,7701.652458000002,SL,-7.295994999999493,-0.09437523427784482,7738.132433,7743.969229,7741.0508310000005,80.5959049999974,10080.595904999998,False,9
2018-04-11 08:31:00,7714.493409,2018-04-11 08:35:00,7703.111656,Long,7703.111656,7760.020420999998,SL,-11.381752999999662,-0.1475372703892819,7694.648302,7703.111656,7698.879978999999,69.21415199999774,10069.214151999997,False,9
2018-04-17 08:31:00,7871.795064,2018-04-17 08:33:00,7876.172661,Short,7876.172661,7854.284676000001,SL,-4.377596999999696,-0.055611165743118945,7876.172661,7879.966578,7878.0696195,64.83655499999804,10064.836554999998,False,9
2018-04-23 08:31:00,7815.761821,2018-04-23 08:32:00,7821.306778,Short,7821.306778,7793.581993,SL,-5.544957000000068,-0.0709458287879429,7821.306778,7822.474137,7821.8904575,59.291597999997975,10059.291597999998,False,9
2018-04-26 08:31:00,7702.819817,2018-04-26 08:32:00,7706.030055,Short,7706.030055,7689.978864999997,SL,-3.2102380000005724,-0.04167614037804219,7706.030055,7708.656613,7707.343334,56.0813599999974,10056.081359999996,False,9
2018-05-02 08:31:00,7806.422948,2018-05-02 08:53:00,7816.92918,Short,7816.92918,7764.398020000001,SL,-10.506231999999727,-0.13458445782381565,7816.92918,7819.263899,7818.0965395,45.575127999997676,10045.575127999997,False,9
2018-05-09 08:31:00,7968.685879,2018-05-09 08:32:00,7973.938996,Short,7973.938996,7947.673410999999,SL,-5.253117000000202,-0.06592199868040755,7973.938996,7975.981874,7974.960435,40.322010999997474,10040.322010999997,False,9
2018-05-11 08:31:00,8119.858898,2018-05-11 08:32:00,8119.858898,Long,8119.858898,8119.858898,SL,0.0,0.0,8119.567058,8119.858898,8119.712978,40.322010999997474,10040.322010999997,False,9
2018-05-14 08:31:00,8149.334719,2018-05-14 08:35:00,8146.70816,Long,8146.70816,8159.8409550000015,SL,-2.6265590000002703,-0.03223034874094083,8142.622403,8146.70816,8144.6652815,37.6954519999972,10037.695451999996,False,9
2018-05-21 08:31:00,8100.889311,2018-05-21 10:06:00,8090.674918,Long,8090.674918,8141.746883000001,SL,-10.2143930000002,-0.1260897737008988,8085.713641,8090.674918,8088.1942794999995,27.481058999997003,10027.481058999998,False,9
2018-05-23 08:31:00,8004.290335,2018-05-23 08:47:00,8029.972234999999,Long,7997.86986,8029.972234999999,TP,25.681899999999587,0.32085167985101065,7994.951462,7997.86986,7996.410661,53.16295899999659,10053.162958999997,True,10
2018-05-25 08:31:00,8130.365131,2018-05-25 08:32:00,8128.030413,Long,8128.030413,8139.704002999996,SL,-2.3347179999991567,-0.02871602889146009,8121.318097,8128.030413,8124.674255,50.82824099999743,10050.828240999997,False,11
2018-05-28 08:31:00,8143.497922,2018-05-28 08:32:00,8142.330563,Long,8142.330563,8148.167357999996,SL,-1.1673589999991236,-0.014334859677994815,8141.746884,8142.330563,8142.0387235,49.66088199999831,10049.660881999998,False,11
2018-05-29 08:31:00,8097.095393,2018-05-29 08:32:00,8093.593316,Long,8093.593316,8111.103700999996,SL,-3.50207699999919,-0.04325102805416819,8091.550437,8093.593316,8092.5718765,46.15880499999912,10046.158805,False,11
2018-06-04 08:31:00,8297.00566,2018-06-04 08:32:00,8296.42198,Long,8296.42198,8299.340380000007,SL,-0.5836800000015501,-0.007034827067980451,8293.211742,8296.42198,8294.816861,45.57512499999757,10045.575124999998,False,11
2018-06-06 08:31:00,8384.265762,2018-06-06 08:32:00,8383.682082,Long,8383.682082,8386.600482000007,SL,-0.5836800000015501,-0.006961611386973947,8381.055524,8383.682082,8382.368803,44.99144499999602,10044.991444999996,False,11
2018-06-08 08:31:00,8314.017525,2018-06-08 08:32:00,8312.272228,Long,8312.272228,8320.998712999997,SL,-1.745296999999482,-0.02099222180794576,8308.490749,8312.272228,8310.3814885,43.24614799999654,10043.246147999997,False,11
2018-06-15 08:31:00,8457.131955,2018-06-15 08:34:00,8464.40403,Short,8464.40403,8428.043655000005,SL,-7.272074999998949,-0.08598748415767091,8464.40403,8473.421402,8468.912715999999,35.97407299999759,10035.974072999998,False,11
2018-06-18 08:31:00,8401.864187,2018-06-18 08:42:00,8406.518315,Short,8406.518315,8383.247674999999,SL,-4.654128000000128,-0.0553939922904413,8406.518315,8412.335975,8409.427145,31.31994499999746,10031.319944999997,False,11
2018-06-19 08:31:00,8375.975602,2018-06-19 08:59:00,8363.758516,Long,8363.758516,8424.843946000003,SL,-12.217086000000563,-0.14585866268621162,8355.904676,8363.758516,8359.831596,19.102858999996897,10019.102858999997,False,11
2018-06-20 08:31:00,8483.020541,2018-06-20 08:32:00,8478.948179,Long,8478.948179,8499.309988999996,SL,-4.072361999998975,-0.048006037240113944,8477.202881,8478.948179,8478.07553,15.030496999997922,10015.030496999998,False,11
2018-06-22 08:31:00,8438.515444,2018-06-22 08:44:00,8407.100084000002,Short,8446.369284,8407.100084000002,TP,31.415359999999055,0.3722853884487013,8446.369284,8453.932242,8450.150763000001,46.44585699999698,10046.445856999997,True,12
2018-06-25 08:31:00,8322.162249,2018-06-25 08:32:00,8328.852558,Short,8328.852558,8295.401013000002,SL,-6.6903089999996155,-0.08039147519388401,8328.852558,8330.01609,8329.434324,39.75554799999736,10039.755547999997,False,13
2018-06-29 08:31:00,8252.641215,2018-06-29 08:44:00,8274.748318999995,Long,8247.114439,8274.748318999995,TP,22.10710399999516,0.26787913619476506,8244.787375,8247.114439,8245.950907,61.86265199999252,10061.862651999993,True,14
2018-07-03 08:31:00,8300.346025,2018-07-03 08:37:00,8280.565981000002,Short,8305.291036,8280.565981000002,TP,19.78004399999918,0.2383038483025071,8305.291036,8309.945164,8307.6181,81.6426959999917,10081.642695999992,True,14
2018-07-17 08:31:00,8503.964116,2018-07-17 08:32:00,8501.637052,Long,8501.637052,8513.272371999996,SL,-2.3270639999991545,-0.02736446165877912,8490.583498,8501.637052,8496.110275,79.31563199999255,10079.315631999993,False,15
2018-07-19 08:31:00,8599.664618,2018-07-19 08:49:00,8591.519895,Long,8591.519895,8632.243510000006,SL,-8.14472300000125,-0.09470977487835386,8586.865767,8591.519895,8589.192831,71.1709089999913,10071.170908999991,False,15
2018-07-23 08:31:00,8554.868638,2018-07-23 08:32:00,8551.08716,Long,8551.08716,8569.994550000003,SL,-3.7814780000007886,-0.044202642495336335,8541.778904,8551.08716,8546.433032,67.38943099999051,10067.38943099999,False,15
2018-07-24 08:31:00,8685.475099,2018-07-24 08:32:00,8684.602451,Long,8684.602451,8688.965690999994,SL,-0.8726479999986623,-0.010047210890042554,8684.311568,8684.602451,8684.4570095,66.51678299999185,10066.516782999992,False,15
2018-07-25 08:31:00,8637.77029,2018-07-25 08:34:00,8647.078546000004,Long,8635.443226,8647.078546000004,TP,9.308256000003894,0.1077622544649065,8634.570577,8635.443226,8635.0069015,75.82503899999574,10075.825038999996,True,16
2018-07-26 08:31:00,8650.569141,2018-07-26 08:33:00,8642.133534,Long,8642.133534,8684.311568999998,SL,-8.435606999999436,-0.0975150520445905,8631.661747,8642.133534,8636.8976405,67.3894319999963,10067.389431999996,False,17
2018-07-31 08:31:00,8427.752773,2018-07-31 08:35:00,8458.004601,Long,8420.189816,8458.004601,TP,30.251828000000387,0.35895485801289995,8412.917741,8420.189816,8416.5537785,97.64125999999669,10097.641259999997,True,18
2018-08-06 08:31:00,8601.700799,2018-08-06 08:33:00,8605.191395,Short,8605.191395,8587.738415000002,SL,-3.490595999999641,-0.040580300123964366,8605.191395,8607.227576,8606.2094855,94.15066399999705,10094.150663999997,False,19
2018-08-17 08:31:00,8560.395415,2018-08-17 08:32:00,8564.75866,Short,8564.75866,8542.942435000006,SL,-4.363244999998642,-0.0509701338369618,8564.75866,8565.631309,8565.1949845,89.78741899999841,10089.787418999998,False,19
2018-08-20 08:31:00,8613.336119,2018-08-20 08:32:00,8604.027862999996,Short,8615.663183,8604.027862999996,TP,9.308256000003894,0.10806795266552972,8615.663183,8616.244949,8615.954066,99.0956750000023,10099.095675000002,True,20
2018-08-23 08:31:00,8640.388237,2018-08-23 08:32:00,8640.097354,Long,8640.097354,8641.551768999998,SL,-0.29088299999966694,-0.0033665501135011896,8636.897641,8640.097354,8638.4974975,98.80479200000264,10098.804792000003,False,21
2018-08-24 08:31:00,8670.93095,2018-08-24 08:32:00,8670.640067,Long,8670.640067,8672.094481999999,SL,-0.29088299999966694,-0.0033546916897045174,8667.149471,8670.640067,8668.894769,98.51390900000297,10098.513909000003,False,21
2018-08-27 08:31:00,8768.667634,2018-08-27 08:33:00,8767.504102,Long,8767.504102,8773.321761999994,SL,-1.1635319999986677,-0.01326919947891673,8764.304389,8767.504102,8765.904245500002,97.3503770000043,10097.350377000004,False,21
2018-08-30 08:31:00,8910.618531,2018-08-30 08:38:00,8903.346457,Long,8903.346457,8939.706827000002,SL,-7.27207400000043,-0.08161132669635579,8903.055574,8903.346457,8903.201015499999,90.07830300000387,10090.078303000004,False,21
2018-08-31 08:31:00,8902.182925,2018-08-31 08:46:00,8921.962968999998,Long,8897.237914,8921.962968999998,TP,19.78004399999918,0.2221931875209044,8891.711137,8897.237914,8894.4745255,109.85834700000305,10109.858347000003,True,22
2018-09-07 08:31:00,8629.334683,2018-09-07 08:32:00,8624.971438,Long,8624.971438,8646.787662999994,SL,-4.363244999998642,-0.05056293631297372,8618.28113,8624.971438,8621.626284,105.49510200000441,10105.495102000004,False,23
2018-09-12 08:31:00,8720.381058,2018-09-12 08:32:00,8720.381058,Short,8720.381058,8720.381058,SL,0.0,0.0,8720.381058,8725.907835,8723.1444465,105.49510200000441,10105.495102000004,False,23
2018-09-14 08:31:00,8803.177142,2018-09-14 08:35:00,8810.423271,Short,8810.423271,8774.192626000004,SL,-7.2461289999992005,-0.08231265693186934,8810.423271,8812.742032,8811.5826515,98.24897300000521,10098.248973000005,False,23
2018-09-19 08:31:00,8738.251826,2018-09-19 08:37:00,8728.976781,Long,8728.976781,8775.352006000001,SL,-9.275045000000318,-0.10614302705723279,8727.527555,8728.976781,8728.252167999999,88.97392800000489,10088.973928000005,False,23
2018-09-24 08:31:00,8691.586756,2018-09-24 08:39:00,8700.28211,Short,8700.28211,8656.805340000003,SL,-8.695353999999497,-0.10004334357011276,8700.28211,8701.151646,8700.716878,80.27857400000539,10080.278574000005,False,23
2018-09-26 08:31:00,8820.567851,2018-09-26 08:39:00,8812.452187,Long,8812.452187,8853.030506999996,SL,-8.115663999999015,-0.09200840736210573,8808.104509,8812.452187,8810.278348,72.16291000000638,10072.162910000006,False,23
2018-09-28 08:31:00,8861.725863,2018-09-28 08:32:00,8859.696947,Long,8859.696947,8869.841526999997,SL,-2.028915999999299,-0.02289526928914094,8853.900044,8859.696947,8856.7984955,70.13399400000708,10070.133994000007,False,23
2018-10-17 08:31:00,8476.811494,2018-10-17 08:38:00,8431.595650000001,Short,8488.115455,8431.595650000001,TP,45.21584399999847,0.533406269940093,8488.115455,8495.651429,8491.883441999998,115.34983800000555,10115.349838000006,True,24
2018-10-25 08:31:00,8018.276453,2018-10-25 08:32:00,8011.32017,Long,8011.32017,8046.101585000002,SL,-6.95628300000044,-0.08675534001322416,8009.870944,8011.32017,8010.595557000001,108.39355500000511,10108.393555000006,False,25
2018-10-26 08:31:00,7911.32359,2018-10-26 08:32:00,7902.33839,Long,7902.33839,7947.26439,SL,-8.985200000000077,-0.11357391589136197,7877.121861,7902.33839,7889.7301255,99.40835500000503,10099.408355000005,False,25
2018-10-31 08:31:00,8043.203137,2018-10-31 08:33:00,8039.724995,Long,8039.724995,8057.115705000004,SL,-3.478142000000844,-0.04324324452283,8037.696079,8039.724995,8038.710537,95.93021300000419,10095.930213000003,False,25
2018-11-01 08:31:00,8113.925356,2018-11-01 08:32:00,8108.128452,Long,8108.128452,8137.112971999999,SL,-5.796903999999813,-0.07144389115821949,8107.838607,8108.128452,8107.983529499999,90.13330900000437,10090.133309000004,False,25
2018-11-05 08:31:00,8045.811743,2018-11-05 09:21:00,7964.655095,Short,8066.100905,7964.655095,TP,81.15664800000013,1.0086819154152826,8066.100905,8079.433782,8072.7673435,171.2899570000045,10171.289957000005,True,26
2018-11-06 08:31:00,8072.767343,2018-11-06 13:25:00,8050.449266,Long,8050.449266,8162.039651000004,SL,-22.318077000000812,-0.2764612932807125,8048.42035,8050.449266,8049.434808,148.9718800000037,10148.971880000005,False,27
2018-11-09 08:31:00,8239.718154,2018-11-09 08:32:00,8237.399393,Long,8237.399393,8248.993198000002,SL,-2.3187610000004497,-0.028141265959137195,8235.370477,8237.399393,8236.384935,146.65311900000324,10146.653119000002,False,27
2018-11-13 08:31:00,7990.741163,2018-11-13 08:44:00,7976.248906,Long,7976.248906,8048.710190999999,SL,-14.492256999999881,-0.1813631139387199,7959.148041,7976.248906,7967.698473500001,132.16086200000336,10132.160862000004,False,27
2018-11-23 08:31:00,7595.972058,2018-11-23 11:57:00,7580.90011,Long,7580.90011,7656.259850000003,SL,-15.071948000000702,-0.198420266490147,7572.784445,7580.90011,7576.8422775,117.08891400000266,10117.088914000004,False,27
2018-12-12 08:31:00,7880.310158,2018-12-12 08:32:00,7888.135977,Short,7888.135977,7849.0068820000015,SL,-7.825818999999683,-0.09930851505958814,7888.135977,7890.454739,7889.295357999999,109.26309500000298,10109.263095000002,False,27
2018-12-14 08:31:00,7744.968193,2018-12-14 08:32:00,7748.144136,Short,7748.144136,7732.264420999999,SL,-3.1759430000001885,-0.04100653380178689,7748.144136,7750.742634,7749.4433850000005,106.08715200000279,10106.087152000004,False,27
2018-12-24 08:31:00,6978.122507,2018-12-24 08:35:00,6967.439793,Long,6967.439793,7020.853363000002,SL,-10.682714000000487,-0.15308865657322987,6955.60219,6967.439793,6961.5209915,95.4044380000023,10095.404438000001,False,27
2018-12-26 08:31:00,6931.060818,2018-12-26 09:04:00,6911.427721,Long,6911.427721,7009.593206,SL,-19.633096999999907,-0.28326251226958876,6902.477338,6911.427721,6906.9525295,75.7713410000024,10075.771341000003,False,27
2019-01-02 08:31:00,7196.107633,2019-01-02 09:09:00,7270.020472999997,Long,7177.629423,7270.020472999997,TP,73.91283999999723,1.0271224913458328,7175.319647,7177.629423,7176.474535,149.68418099999963,10149.684181,True,28
2019-01-03 08:31:00,7271.46408,2019-01-03 08:34:00,7265.400918,Long,7265.400918,7295.716727999998,SL,-6.0631619999994655,-0.08338296020296734,7253.852037,7265.400918,7259.6264775,143.62101900000016,10143.621019,False,29
2019-01-21 08:31:00,7807.043428,2019-01-21 08:32:00,7811.085536,Short,7811.085536,7790.874996000001,SL,-4.042107999999644,-0.05177514429473523,7811.085536,7814.5502,7812.817868,139.57891100000052,10139.578911,False,29
2019-01-25 08:31:00,7787.699052,2019-01-25 08:47:00,7803.001319,Short,7803.001319,7726.489984,SL,-15.302267000000029,-0.19649278814992438,7803.001319,7805.311096,7804.1562075,124.27664400000049,10124.276644000001,False,29
2019-01-31 08:31:00,7919.645016,2019-01-31 08:32:00,7914.159297,Long,7914.159297,7941.587892000001,SL,-5.485719000000245,-0.06926723342924446,7910.405911,7914.159297,7912.282604,118.79092500000024,10118.790925000001,False,29
2019-02-06 08:31:00,8124.348928,2019-02-06 08:32:00,8121.75043,Long,8121.75043,8134.7429200000015,SL,-2.5984980000002906,-0.031984076792230684,8116.842155,8121.75043,8119.2962925,116.19242699999995,10116.192427,False,29
2019-02-07 08:31:00,8002.796957,2019-02-07 08:32:00,8004.818012,Short,8004.818012,7994.712736999999,SL,-2.0210550000001604,-0.025254358080800184,8004.818012,8014.923282,8009.870647,114.17137199999979,10114.171372,False,29
2019-02-08 08:31:00,7922.243514,2019-02-08 08:46:00,7915.025463,Long,7915.025463,7951.115717999999,SL,-7.218050999999832,-0.09111119832714389,7909.251023,7915.025463,7912.138242999999,106.95332099999996,10106.953321,False,29
2019-02-12 08:31:00,8033.401492,2019-02-12 08:33:00,8041.196986,Short,8041.196986,8002.219516,SL,-7.795493999999962,-0.09703852107681962,8041.196986,8041.485708,8041.341347,99.157827,10099.157826999999,False,29
2019-02-15 08:31:00,8170.255729,2019-02-15 08:44:00,8142.538413000002,Short,8177.185058,8142.538413000002,TP,27.71731599999839,0.33924661503087195,8177.185058,8179.206112,8178.1955849999995,126.87514299999839,10126.875142999997,True,30
2019-02-19 08:31:00,8137.918863,2019-02-19 08:51:00,8161.016626999998,Long,8132.144422,8161.016626999998,TP,23.09776399999828,0.2838288804403662,8130.123368,8132.144422,8131.133895,149.97290699999667,10149.972906999996,True,30
2019-02-20 08:31:00,8182.093332,2019-02-20 08:32:00,8177.185058,Long,8177.185058,8201.726428000002,SL,-4.908274000000347,-0.05998799819117422,8176.03017,8177.185058,8176.6076140000005,145.06463299999632,10145.064632999996,False,31
2019-02-27 08:31:00,8204.902372,2019-02-27 08:32:00,8212.986592000005,Long,8202.881317,8212.986592000005,TP,8.08422000000428,0.09852914310830119,8196.240711,8202.881317,8199.561013999999,153.1488530000006,10153.148853,True,32
2019-02-28 08:31:00,8204.324928,2019-02-28 08:36:00,8201.437707,Long,8201.437707,8215.873812000003,SL,-2.8872210000008636,-0.03519145115946416,8199.705375,8201.437707,8200.571541,150.26163199999974,10150.261632,False,33
2019-03-04 08:31:00,8314.616739,2019-03-04 08:32:00,8318.081402999998,Long,8313.750573,8318.081402999998,TP,3.464663999999175,0.04166955746436331,8308.842299,8313.750573,8311.296436,153.7262959999989,10153.726295999999,True,34
2019-03-11 08:31:00,8149.35878,2019-03-11 08:39:00,8175.815867999999,Long,8142.744508,8175.815867999999,TP,26.457087999999203,0.3246523893993928,8137.280544,8142.744508,8140.012526,180.1833839999981,10180.183383999998,True,34
2019-03-18 08:31:00,8447.288616,2019-03-18 08:57:00,8469.144472000002,Long,8441.824652,8469.144472000002,TP,21.85585600000195,0.2587322038293423,8438.948881,8441.824652,8440.3867665,202.03924000000006,10202.03924,True,34
2019-03-19 08:31:00,8507.679799,2019-03-19 08:34:00,8501.928258,Long,8501.928258,8530.685962999998,SL,-5.751540999999634,-0.06760410753441466,8497.327025,8501.928258,8499.6276415,196.28769900000043,10196.287699,False,35
2019-03-21 08:31:00,8511.130724,2019-03-21 08:32:00,8507.392222,Long,8507.392222,8526.084732000001,SL,-3.738502000000153,-0.043924857004700765,8499.052487,8507.392222,8503.222354500002,192.54919700000028,10192.549197,False,35
2019-03-22 08:31:00,8627.02428,2019-03-22 08:45:00,8622.710624,Long,8622.710624,8644.278904,SL,-4.313656000000265,-0.050001667550659365,8620.697585,8622.710624,8621.7041045,188.235541,10188.235541,False,35
2019-03-27 08:31:00,8508.830107,2019-03-27 08:34:00,8503.65372,Long,8503.65372,8529.535654999998,SL,-5.176386999999522,-0.06083547250216031,8497.327025,8503.65372,8500.4903725,183.0591540000005,10183.059154,False,35
2019-03-28 08:31:00,8456.491082,2019-03-28 08:32:00,8453.902889,Long,8453.902889,8466.843853999999,SL,-2.588192999999592,-0.03060599218875392,8452.465003,8453.902889,8453.183946000001,180.4709610000009,10180.470961,False,35
2019-04-02 08:31:00,8623.860932,2019-04-02 08:37:00,8630.475205,Short,8630.475205,8597.403839999995,SL,-6.614273000001049,-0.0766973522898299,8630.475205,8631.050359,8630.762782000002,173.85668799999985,10173.856688,False,35
2019-04-03 08:31:00,8697.193083,2019-04-03 08:34:00,8690.291234999999,Short,8698.918545,8690.291234999999,TP,6.901848000001337,0.07935718954534951,8698.918545,8703.519778,8701.219161500001,180.7585360000012,10180.758536000001,True,36
2019-04-11 08:31:00,8782.315893,2019-04-11 08:32:00,8789.217743,Short,8789.217743,8754.708493000007,SL,-6.901849999998376,-0.07858804083214016,8789.217743,8794.39413,8791.8059365,173.8566860000028,10173.856686000003,False,37
2019-04-15 08:31:00,8803.309019,2019-04-15 08:32:00,8800.720825,Long,8800.720825,8813.661795,SL,-2.5881939999999304,-0.029400240232552156,8800.145671,8800.720825,8800.433248000001,171.26849200000288,10171.268492000003,False,37
2019-04-16 08:31:00,8824.877299,2019-04-16 08:32:00,8828.328223,Short,8828.328223,8811.073602999997,SL,-3.4509240000006685,-0.03910449837519796,8828.328223,8828.903377,8828.6158,167.8175680000022,10167.817568000002,False,37
2019-04-18 08:31:00,8863.412625,2019-04-18 09:03:00,8833.504613000001,Short,8870.889628,8833.504613000001,TP,29.90801199999987,0.33743224269669914,8870.889628,8874.052976,8872.471302000002,197.72558000000208,10197.725580000002,True,38
2019-04-23 08:31:00,8907.987069,2019-04-23 08:35:00,8912.875879,Short,8912.875879,8888.431829000006,SL,-4.888809999998557,-0.054881197762530746,8912.875879,8913.738611,8913.307245,192.83677000000353,10192.836770000004,False,39
2019-04-30 08:31:00,8956.87517,2019-04-30 08:32:00,8960.038518,Short,8960.038518,8944.221778,SL,-3.163348000000042,-0.03531754032472512,8960.038518,8961.76398,8960.901248999999,189.67342200000348,10189.673422000003,False,39
2019-05-03 08:31:00,8958.025478,2019-05-03 08:32:00,8963.489442,Short,8963.489442,8936.169621999998,SL,-5.463964000000487,-0.06099518262612032,8963.489442,8967.227944,8965.358693,184.209458000003,10184.209458000003,False,39
2019-05-06 08:31:00,8864.85051,2019-05-06 09:19:00,8926.967154000002,Long,8849.321349,8926.967154000002,TP,62.11664400000154,0.7007071797762503,8848.746195,8849.321349,8849.033771999999,246.32610200000454,10246.326102000005,True,40
2019-05-07 08:31:00,8900.222489,2019-05-07 08:47:00,8886.41879,Long,8886.41879,8955.437285,SL,-13.803699000000051,-0.15509386441811288,8881.242403,8886.41879,8883.8305965,232.5224030000045,10232.522403000004,False,41
2019-05-08 08:31:00,8787.49228,2019-05-08 08:32:00,8782.028316,Long,8782.028316,8809.348136000002,SL,-5.463964000000487,-0.062178876816042984,8776.851929,8782.028316,8779.4401225,227.058439000004,10227.058439000004,False,41
2019-05-09 08:31:00,8696.905506,2019-05-09 08:33:00,8687.127886,Long,8687.127886,8736.015985999995,SL,-9.777619999998933,-0.11242642562062274,8685.402423,8687.127886,8686.2651545,217.28081900000507,10217.280819000005,False,41
2019-05-13 08:31:00,8546.502703,2019-05-13 08:32:00,8539.88843,Long,8539.88843,8572.959794999997,SL,-6.61427299999923,-0.07739157442350637,8524.646846,8539.88843,8532.267638000001,210.66654600000584,10210.666546000006,False,41
2019-05-17 08:31:00,8666.422337,2019-05-17 09:53:00,8734.290520999999,Long,8649.455291,8734.290520999999,TP,67.86818399999902,0.7831165082994619,8647.154674,8649.455291,8648.3049825,278.53473000000486,10278.534730000005,True,42
2019-05-21 08:31:00,8581.01195,2019-05-21 08:33:00,8572.384638,Long,8572.384638,8615.521198000002,SL,-8.62731200000053,-0.10053956398464786,8571.809484,8572.384638,8572.097061,269.9074180000043,10269.907418000004,False,43
2019-05-22 08:31:00,8549.953627,2019-05-22 09:15:00,8576.410715000004,Long,8543.339355,8576.410715000004,TP,26.45708800000284,0.30944130406103826,8536.725082,8543.339355,8540.0322185,296.36450600000717,10296.364506000007,True,44
2019-05-24 08:31:00,8476.909054,2019-05-24 08:47:00,8471.157512,Long,8471.157512,8499.915222,SL,-5.751541999999972,-0.06784951877342593,8462.817778,8471.157512,8466.987645000001,290.6129640000072,10290.612964000007,False,45
2019-05-27 08:31:00,8416.805448,2019-05-27 08:32:00,8416.517871,Long,8416.517871,8417.955755999996,SL,-0.2875769999991462,-0.0034167000981052765,8414.792408,8416.517871,8415.655139499999,290.32538700000805,10290.325387000008,False,45
2019-05-28 08:31:00,8439.524036,2019-05-28 08:33:00,8456.778660000002,Long,8435.21038,8456.778660000002,TP,17.25462400000106,0.204450202717582,8433.772494,8435.21038,8434.491437,307.5800110000091,10307.58001100001,True,46
2019-05-30 08:31:00,8338.872064,2019-05-30 08:44:00,8352.675763999996,Long,8335.421139,8352.675763999996,TP,13.803699999996752,0.1655343779596899,8330.819906,8335.421139,8333.120522500001,321.38371100000586,10321.383711000006,True,46
2019-06-03 08:31:00,8200.547497,2019-06-03 08:33:00,8191.057454,Long,8191.057454,8238.507668999999,SL,-9.490042999999787,-0.1157245050220308,8186.743798,8191.057454,8188.900626000001,311.8936680000061,10311.893668000006,False,47
2019-06-10 08:31:00,8607.46904,2019-06-10 08:45:00,8647.729828,Long,8597.403843,8647.729828,TP,40.26078799999959,0.4677424666054865,8594.240495,8597.403843,8595.822169,352.15445600000567,10352.154456000006,True,48
2019-06-11 08:31:00,8740.042065,2019-06-11 08:33:00,8732.565062,Long,8732.565062,8769.950077,SL,-7.477002999999968,-0.08554882166920061,8729.114137,8732.565062,8730.8395995,344.6774530000057,10344.677453000006,False,49
2019-06-17 08:31:00,8628.780798,2019-06-17 08:32:00,8628.494223,Long,8628.494223,8629.927098,SL,-0.2865750000000844,-0.0033211528570352314,8627.347922,8628.494223,8627.921072500001,344.3908780000056,10344.390878000006,False,49
2019-06-18 08:31:00,8744.843775,2019-06-18 08:32:00,8750.57528,Short,8750.57528,8721.917755,SL,-5.731504999999743,-0.06554153678977236,8750.57528,8758.312812,8754.444046,338.65937300000587,10338.659373000006,False,49
2019-06-20 08:31:00,8932.550564,2019-06-20 09:12:00,8938.568644,Short,8938.568644,8908.478243999993,SL,-6.018080000001646,-0.06737247057134763,8938.568644,8941.434397,8940.001520500002,332.6412930000042,10332.641293000004,False,49
2019-06-28 08:31:00,8836.547855,2019-06-28 08:32:00,8830.529775,Long,8830.529775,8860.620175,SL,-6.018079999999827,-0.0681044237948036,8828.237173,8830.529775,8829.383474,326.6232130000044,10326.623213000004,False,49
2019-07-04 08:31:00,9051.479293,2019-07-04 08:33:00,9052.339019,Short,9052.339019,9048.040389000005,SL,-0.8597259999987727,-0.009498182254735373,9052.339019,9052.625594,9052.482306499998,325.7634870000056,10325.763487000006,False,49
2019-07-05 08:31:00,8982.987808,2019-07-05 08:32:00,8981.841507,Long,8981.841507,8987.573012000003,SL,-1.1463010000006761,-0.012760798795472173,8976.396578,8981.841507,8979.119042499999,324.61718600000495,10324.617186000005,False,49
2019-07-08 08:31:00,8946.592751,2019-07-08 14:15:00,8954.616858,Short,8954.616858,8914.496323000003,SL,-8.024106999999276,-0.08968897124665014,8954.616858,8959.202062,8956.909459999999,316.5930790000057,10316.593079000006,False,49
2019-07-10 08:31:00,9063.228878,2019-07-10 08:37:00,9086.154897999999,Long,9057.497373,9086.154897999999,TP,22.92601999999897,0.25295642765515264,9052.052444,9057.497373,9054.7749085,339.51909900000464,10339.519099000005,True,50
2019-07-19 08:31:00,9126.275434,2019-07-19 09:09:00,9096.471609999997,Short,9133.72639,9096.471609999997,TP,29.80382400000235,0.3265716032300319,9133.72639,9140.031046,9136.878718,369.322923000007,10369.322923000007,True,50
2019-07-23 08:31:00,9121.403654,2019-07-23 08:32:00,9122.836531,Short,9122.836531,9115.672145999995,SL,-1.432877000001099,-0.015708952858069614,9122.836531,9124.555982,9123.6962565,367.8900460000059,10367.890046000006,False,51
2019-07-24 08:31:00,9110.22722,2019-07-24 08:42:00,9132.006940000007,Long,9104.78229,9132.006940000007,TP,21.77972000000591,0.23906889997421937,9104.495715,9104.78229,9104.6390025,389.6697660000118,10389.669766000012,True,52
2019-07-25 08:31:00,9159.518163,2019-07-25 08:32:00,9164.389942,Short,9164.389942,9140.031047000004,SL,-4.871778999999151,-0.05318815808105245,9164.389942,9164.963092,9164.676517,384.79798700001265,10384.797987000013,False,53
2019-07-30 08:31:00,9107.074892,2019-07-30 08:32:00,9103.349414,Long,9103.349414,9121.976804000002,SL,-3.725478000000294,-0.04090751469797284,9101.916537,9103.349414,9102.6329755,381.07250900001236,10381.072509000012,False,53
2019-07-31 08:31:00,9145.762551,2019-07-31 08:42:00,9149.774604,Short,9149.774604,9129.714338999998,SL,-4.012053000000378,-0.04386788939279535,9149.774604,9154.073233,9151.9239185,377.060456000012,10377.060456000012,False,53
2019-08-01 08:31:00,9050.906143,2019-08-01 08:49:00,9088.734079000002,Long,9041.449159,9088.734079000002,TP,37.8279360000015,0.4179463956684354,9024.827795,9041.449159,9033.138477,414.8883920000135,10414.888392000013,True,54
2019-08-02 08:31:00,8877.528116,2019-08-02 08:32:00,8882.973046,Short,8882.973046,8855.748396,SL,-5.444929999999658,-0.06133385249646511,8882.973046,8892.716604,8887.844825,409.4434620000138,10409.443462000014,False,55
2019-08-06 08:31:00,8616.458063,2019-08-06 08:37:00,8598.976972,Long,8598.976972,8686.382426999999,SL,-17.48109099999965,-0.20288024234766883,8590.952865,8598.976972,8594.9649185,391.9623710000142,10391.962371000014,False,55
2019-08-09 08:31:00,8822.505668,2019-08-09 08:32:00,8819.639915,Long,8819.639915,8833.96868,SL,-2.8657530000000406,-0.03248230273622127,8819.066765,8819.639915,8819.35334,389.09661800001413,10389.096618000014,False,55
2019-08-19 08:31:00,8854.315521,2019-08-19 08:32:00,8854.028945,Long,8854.028945,8855.461825000002,SL,-0.28657600000042294,-0.0032365686463368456,8849.443741,8854.028945,8851.736343,388.8100420000137,10388.810042000014,False,55
2019-08-23 08:31:00,8790.98239,2019-08-23 08:32:00,8786.970337,Long,8786.970337,8807.030601999993,SL,-4.012052999998559,-0.045638278203837465,8786.397186,8786.970337,8786.6837615,384.79798900001515,10384.797989000015,False,55
2019-09-03 08:31:00,8750.002129,2019-09-03 08:32:00,8753.727608,Short,8753.727608,8735.100213000005,SL,-3.7254789999988134,-0.04257689249756311,8753.727608,8754.587333,8754.157470499998,381.07251000001634,10381.072510000016,False,55
2019-09-05 08:31:00,8955.476584,2019-09-05 08:37:00,8971.524796000002,Long,8951.464531,8971.524796000002,TP,16.048212000001513,0.17919997723709657,8950.031654,8951.464531,8950.7480925,397.12072200001785,10397.120722000018,True,56
2019-09-06 08:31:00,9015.084236,2019-09-06 09:48:00,9025.11437,Short,9025.11437,8974.963700000006,SL,-10.030133999998725,-0.1112594595616236,9025.11437,9025.400945,9025.257657499998,387.0905880000191,10387.09058800002,False,57
2019-09-13 08:31:00,9046.320939,2019-09-13 08:42:00,9060.936276,Short,9060.936276,8987.859590999995,SL,-14.615337000001091,-0.1615611152705434,9060.936276,9065.234905,9063.085590499999,372.47525100001803,10372.475251000018,False,57
2019-09-18 08:31:00,9028.653256,2019-09-18 08:32:00,9031.797534,Short,9031.797534,9016.076144,SL,-3.1442779999997583,-0.034825548294372975,9031.797534,9032.940908,9032.369221,369.3309730000183,10369.330973000018,False,57
2019-09-19 08:31:00,9069.814722,2019-09-19 08:36:00,9091.538829999994,Long,9064.383695,9091.538829999994,TP,21.724107999994885,0.2395209678021346,9061.811103,9064.383695,9063.097399,391.05508100001316,10391.055081000013,True,58
2019-10-01 08:31:00,8927.750495,2019-10-01 08:36:00,8946.044479000004,Long,8923.176999,8946.044479000004,TP,18.293984000003547,0.20491146129418739,8918.603503,8923.176999,8920.890251,409.3490650000167,10409.349065000017,True,58
2019-10-02 08:31:00,8735.37781,2019-10-02 08:39:00,8698.789842,Short,8744.524802,8698.789842,TP,36.58796799999982,0.41884814596244485,8744.524802,8746.525707,8745.5252545,445.9370330000165,10445.937033000017,True,58
2019-10-03 08:31:00,8647.052164,2019-10-03 08:32:00,8649.338912,Short,8649.338912,8637.905172000006,SL,-2.2867479999986244,-0.02644540540091767,8649.338912,8649.624755,8649.4818335,443.6502850000179,10443.650285000018,False,59
2019-10-04 08:31:00,8812.555559,2019-10-04 08:33:00,8792.546513,Long,8792.546513,8892.591743000004,SL,-20.009046000001035,-0.2270515727933924,8791.688982,8792.546513,8792.1177475,423.64123900001687,10423.641239000017,False,59
2019-10-08 08:31:00,8773.680841,2019-10-08 08:32:00,8780.826928,Short,8780.826928,8745.096492999995,SL,-7.146087000000989,-0.08144913326008903,8780.826928,8786.829642,8783.828285,416.4951520000159,10416.495152000016,False,59
2019-10-11 08:31:00,8972.91377,2019-10-11 08:34:00,8978.630637999995,Long,8971.484553,8978.630637999995,TP,5.716867999995884,0.06371250350259283,8968.626118,8971.484553,8970.055335500001,422.21202000001176,10422.212020000012,True,60
2019-10-14 08:31:00,8988.34932,2019-10-14 08:32:00,8986.062572,Long,8986.062572,8997.496311999994,SL,-2.2867479999986244,-0.02544124531197709,8970.341179,8986.062572,8978.201875499999,419.92527200001314,10419.925272000013,False,61
2019-10-16 08:31:00,9054.950859,2019-10-16 08:33:00,9060.953573,Short,9060.953573,9030.940003,SL,-6.002714000000196,-0.06629206600314026,9060.953573,9062.954477,9061.954025,413.92255800001294,10413.922558000013,False,61
2019-10-17 08:31:00,9128.984329,2019-10-17 08:32:00,9135.844573000004,Long,9127.269268,9135.844573000004,TP,6.860244000003149,0.07514794365688902,9126.983425,9127.269268,9127.126346500001,420.7828020000161,10420.782802000016,True,62
2019-10-22 08:31:00,9125.840051,2019-10-22 08:32:00,9124.410833,Long,9124.410833,9131.556922999996,SL,-1.4292179999993095,-0.015661221235657066,9118.979806,9124.410833,9121.695319499999,419.3535840000168,10419.353584000017,False,63
2019-10-25 08:31:00,9084.678585,2019-10-25 08:50:00,9102.972572999997,Long,9080.105088,9102.972572999997,TP,18.293987999997626,0.20137187935524112,9068.099661,9080.105088,9074.1023745,437.6475720000144,10437.647572000014,True,64
2019-10-28 08:31:00,9247.895232,2019-10-28 08:51:00,9241.320831,Long,9241.320831,9274.192836,SL,-6.5744009999998525,-0.07109078157861047,9232.459682,9241.320831,9236.8902565,431.07317100001455,10431.073171000015,False,65
2019-10-29 08:31:00,9269.333495,2019-10-29 08:32:00,9268.761808,Long,9268.761808,9271.620243000007,SL,-0.5716870000014751,-0.006167509242275624,9265.331686,9268.761808,9267.046747,430.5014840000131,10430.501484000013,False,65
2019-10-30 08:31:00,9216.166601,2019-10-30 08:38:00,9200.159361000002,Short,9220.168411,9200.159361000002,TP,16.007239999999,0.17368653034399503,9220.168411,9224.17022,9222.1693155,446.5087240000121,10446.508724000012,True,66
2019-11-01 08:31:00,9287.341637,2019-11-01 08:36:00,9292.48682,Short,9292.48682,9266.760904999997,SL,-5.145183000000543,-0.0553999540568483,9292.48682,9292.772663,9292.6297415,441.36354100001154,10441.363541000012,False,67
2019-11-06 08:31:00,9377.954031,2019-11-06 09:28:00,9359.660046999996,Short,9382.527527,9359.660046999996,TP,18.293984000003547,0.19507436205733678,9382.527527,9386.243493,9384.38551,459.6575250000151,10459.657525000015,True,68
2019-11-07 08:31:00,9420.258871,2019-11-07 08:32:00,9422.259775,Short,9422.259775,9412.255254999998,SL,-2.000904000000446,-0.021240435399924863,9422.259775,9422.831463,9422.545619,457.65662100001464,10457.656621000015,False,69
2019-11-11 08:31:00,9396.248016,2019-11-11 08:32:00,9392.817895999995,Short,9397.105546,9392.817895999995,TP,3.4301200000045355,0.03650520925122137,9397.105546,9397.677233,9397.3913895,461.0867410000192,10461.08674100002,True,70
2019-11-12 08:31:00,9440.55376,2019-11-12 08:32:00,9439.69623,Long,9439.69623,9443.983880000005,SL,-0.8575300000011339,-0.009083471391630885,9439.410386,9439.69623,9439.553307999999,460.22921100001804,10460.229211000018,False,71
2019-11-19 08:31:00,9556.892071,2019-11-19 08:59:00,9535.167962999998,Short,9562.323098,9535.167962999998,TP,21.72410800000216,0.22731352241512787,9562.323098,9562.608941,9562.4660195,481.9533190000202,10481.95331900002,True,72
2019-11-25 08:31:00,9522.590849,2019-11-25 08:51:00,9548.888453,Long,9516.016448,9548.888453,TP,26.29760399999941,0.27616017969270423,9503.725177,9516.016448,9509.870812500001,508.2509230000196,10508.25092300002,True,72
2019-11-27 08:31:00,9611.774026,2019-11-27 08:32:00,9616.061678,Short,9616.061678,9594.623417999996,SL,-4.2876520000008895,-0.044608331286219625,9616.061678,9617.490896,9616.776287,503.9632710000187,10503.963271000019,False,73
2019-12-02 08:31:00,9600.626129,2019-12-02 08:40:00,9567.468280999998,Short,9608.915591,9567.468280999998,TP,33.15784800000256,0.34537172424457563,9608.915591,9615.775835,9612.345713,537.1211190000213,10537.121119000021,True,74
2019-12-03 08:31:00,9371.37963,2019-12-03 08:32:00,9376.23897,Short,9376.23897,9351.942269999996,SL,-4.859340000000884,-0.05185298421211098,9376.23897,9385.957649,9381.098309500001,532.2617790000204,10532.26177900002,False,75
2019-12-04 08:31:00,9480.286009,2019-12-04 08:36:00,9488.861314,Short,9488.861314,9445.984788999998,SL,-8.575305000000299,-0.09045407482284218,9488.861314,9489.147158,9489.004236,523.6864740000201,10523.68647400002,False,75
2019-12-05 08:31:00,9500.866742,2019-12-05 08:33:00,9506.583612,Short,9506.583612,9477.999262,SL,-5.716870000000199,-0.0601720890866506,9506.583612,9516.588135,9511.5858735,517.9696040000199,10517.96960400002,False,75
2019-12-06 08:31:00,9574.614369,2019-12-06 08:32:00,9574.328525,Long,9574.328525,9575.757745,SL,-0.2858439999999973,-0.00298543616467189,9573.470995,9574.328525,9573.89976,517.6837600000199,10517.68376000002,False,75
2019-12-09 08:31:00,9598.911068,2019-12-09 08:37:00,9613.774931999998,Long,9595.195102,9613.774931999998,TP,14.863863999999012,0.15484948130784174,9590.621606,9595.195102,9592.908354,532.5476240000189,10532.547624000019,True,76
2019-12-10 08:31:00,9561.751411,2019-12-10 08:36:00,9551.461046999999,Short,9564.324002,9551.461046999999,TP,10.290364000000409,0.10762007458343041,9564.324002,9566.039063,9565.181532499999,542.8379880000193,10542.83798800002,True,76
2019-12-11 08:31:00,9570.61256,2019-12-11 08:34:00,9574.614369,Short,9574.614369,9554.605323999995,SL,-4.001809000001231,-0.04181350958377142,9574.614369,9576.615273,9575.614821,538.8361790000181,10538.836179000018,False,77
2019-12-16 08:31:00,9783.945304,2019-12-16 08:41:00,9794.206092,Long,9781.380107,9794.206092,TP,10.260787999999593,0.10487372610111223,9775.67967,9781.380107,9778.529888500001,549.0969670000177,10549.096967000018,True,78
2019-12-18 08:31:00,9832.113998,2019-12-18 08:40:00,9826.698583,Long,9826.698583,9853.775658000006,SL,-5.415415000001303,-0.055078846737363706,9826.413561,9826.698583,9826.556072,543.6815520000164,10543.681552000016,False,79
2019-12-19 08:31:00,9840.09461,2019-12-19 08:36:00,9836.104304,Long,9836.104304,9856.055833999999,SL,-3.9903059999996913,-0.040551500347817196,9827.553648,9836.104304,9831.828976,539.6912460000167,10539.691246000017,False,79
2019-12-23 08:31:00,9948.402916,2019-12-23 08:34:00,9953.533309,Short,9953.533309,9927.881343999994,SL,-5.130393000001277,-0.05157001624602553,9953.533309,9954.673397,9954.103353,534.5608530000154,10534.560853000015,False,79
2019-12-24 08:31:00,9956.098506,2019-12-24 08:32:00,9955.528462,Long,9955.528462,9958.378682,SL,-0.5700440000000526,-0.005725576134632638,9954.388375,9955.528462,9954.9584185,533.9908090000154,10533.990809000015,False,79
2019-12-27 08:31:00,10065.261878,2019-12-27 08:33:00,10066.972009,Short,10066.972009,10058.421354,SL,-1.7101309999998193,-0.0169904272807617,10066.972009,10068.68214,10067.8270745,532.2806780000155,10532.280678000016,False,79
2019-12-31 08:31:00,9920.470774,2019-12-31 08:32:00,9921.040818,Short,9921.040818,9918.190598,SL,-0.5700440000000526,-0.005746138595499406,9921.040818,9925.316146,9923.178482,531.7106340000155,10531.710634000015,False,79
2020-01-03 08:31:00,10041.320042,2020-01-03 15:59:00,10046.165413,Long,10021.368512,10121.126162,EOD,4.845371000001251,0.04825432293497703,10005.692309,10021.368512,10013.5304105,536.5560050000167,10536.556005000017,True,80
2020-01-09 08:31:00,10269.907571,2020-01-09 08:35:00,10266.772331,Long,10266.772331,10282.448530999998,SL,-3.1352399999996123,-0.030528414966974508,10264.207134,10266.772331,10265.4897325,533.4207650000171,10533.420765000017,False,81
2020-01-10 08:31:00,10298.979801,2020-01-10 08:33:00,10287.578928999994,Short,10301.830019,10287.578928999994,TP,11.40087200000562,0.1106990422381315,10301.830019,10302.970107,10302.400063000001,544.8216370000227,10544.821637000023,True,82
2020-01-13 08:31:00,10284.443686,2020-01-13 08:32:00,10282.733555,Long,10282.733555,10291.28421,SL,-1.7101309999998193,-0.016628327717208322,10280.738402,10282.733555,10281.7359785,543.1115060000229,10543.111506000023,False,83
2020-01-17 08:31:00,10448.331254,2020-01-17 08:40:00,10420.969154000002,Short,10455.171779,10420.969154000002,TP,27.362099999998463,0.2618800967812277,10455.171779,10460.872216,10458.0219975,570.4736060000214,10570.473606000021,True,84
2020-01-21 08:31:00,10446.336101,2020-01-21 08:39:00,10441.205708,Long,10441.205708,10466.857673000006,SL,-5.130393000001277,-0.04911188909104846,10437.500424,10441.205708,10439.353066,565.3432130000201,10565.34321300002,False,85
2020-01-22 08:31:00,10507.045757,2020-01-22 08:32:00,10510.466019,Short,10510.466019,10493.364709000001,SL,-3.4202619999996386,-0.032552080566709184,10510.466019,10513.601259,10512.033639,561.9229510000205,10561.92295100002,False,85
2020-01-31 08:31:00,10449.471342,2020-01-31 08:45:00,10399.307498000006,Short,10462.012303,10399.307498000006,TP,50.16384399999515,0.48006107063397074,10462.012303,10464.007456,10463.0098795,612.0867950000156,10612.086795000016,True,86
2020-02-03 08:31:00,10333.467446,2020-02-03 08:32:00,10322.921637,Long,10322.921637,10375.650682000005,SL,-10.5458090000011,-0.10205489159481791,10308.1005,10322.921637,10315.5110685,601.5409860000145,10601.540986000015,False,87
2020-02-05 08:31:00,10757.864991,2020-02-05 08:44:00,10686.039482999999,Short,10775.821368,10686.039482999999,TP,71.82550800000172,0.6676557854192327,10775.821368,10779.811674,10777.816521,673.3664940000162,10673.366494000016,True,88
2020-02-06 08:31:00,10698.580445,2020-02-06 08:33:00,10706.276035,Short,10706.276035,10667.798084999995,SL,-7.695590000001175,-0.07193094485350832,10706.276035,10712.546516,10709.4112755,665.6709040000151,10665.670904000015,False,89
2020-02-10 08:31:00,10715.396735,2020-02-10 08:45:00,10759.860147000005,Long,10704.280882,10759.860147000005,TP,44.46341200000461,0.4149488171051336,10698.580445,10704.280882,10701.4306635,710.1343160000197,10710.13431600002,True,90
2020-02-12 08:31:00,10935.718631,2020-02-12 08:32:00,10930.873259,Long,10930.873259,10955.100118999999,SL,-4.84537199999977,-0.04430776031731801,10923.462691,10930.873259,10927.167975,705.2889440000199,10705.28894400002,False,91
2020-02-20 08:31:00,11074.239253,2020-02-20 08:34:00,11070.818991,Long,11070.818991,11087.920300999998,SL,-3.4202619999996386,-0.030884848357173547,11066.258641,11070.818991,11068.538816,701.8686820000203,10701.86868200002,False,91
2020-02-21 08:31:00,10946.264439,2020-02-21 08:32:00,10939.993958,Long,10939.993958,10971.346363000006,SL,-6.270481000001382,-0.05728420900979279,10936.288674,10939.993958,10938.141316,695.5982010000189,10695.598201000019,False,91
2020-02-25 08:31:00,10462.297325,2020-02-25 08:32:00,10452.036538,Long,10452.036538,10503.340472999997,SL,-10.260786999999254,-0.09807393807745046,10445.196014,10452.036538,10448.616276,685.3374140000196,10685.33741400002,False,91
2020-02-28 08:31:00,9393.180337,2020-02-28 08:55:00,9331.330594,Long,9331.330594,9640.579309000002,SL,-61.84974300000067,-0.658453694925592,9307.103736,9331.330594,9319.217164999998,623.487671000019,10623.487671000019,False,91
2020-03-03 08:31:00,10106.020003,2020-03-03 08:56:00,9974.909946999995,Short,10138.797517,9974.909946999995,TP,131.110056000005,1.2973460962978958,10138.797517,10147.633194,10143.2153555,754.597727000024,10754.597727000024,True,92
2020-03-04 08:31:00,9992.01126,2020-03-04 08:34:00,9983.745626,Long,9983.745626,10025.073795999997,SL,-8.265633999999409,-0.08272242479437927,9971.204665,9983.745626,9977.4751455,746.3320930000245,10746.332093000025,False,93
2020-03-05 08:31:00,9970.064577,2020-03-05 08:32:00,9947.54785,Long,9947.54785,10060.131484999993,SL,-22.516726999998355,-0.22584334159622524,9938.997195,9947.54785,9943.2725225,723.8153660000262,10723.815366000026,False,93
2020-03-06 08:31:00,9595.545856,2020-03-06 08:49:00,9567.898736,Long,9567.898736,9706.134336000006,SL,-27.64712000000145,-0.2881245154251853,9560.77319,9567.898736,9564.335963,696.1682460000247,10696.168246000025,False,93
2020-03-09 08:31:00,9032.627688,2020-03-09 08:34:00,9031.4876,Short,9032.91271,9031.4876,TP,1.1400880000001052,0.01262188633673822,9032.91271,9227.012595,9129.9626525,697.3083340000248,10697.308334000025,True,94
2020-03-12 08:31:00,8558.636339,2020-03-12 08:32:00,8570.892278,Short,8570.892278,8509.612583000006,SL,-12.255938999998762,-0.14319967007069678,8570.892278,8666.374601,8618.6334395,685.0523950000261,10685.052395000026,False,95
2020-03-13 08:31:00,8807.745442,2020-03-13 08:32:00,8771.547666,Long,8771.547666,8952.536545999996,SL,-36.19777599999907,-0.4109766368517973,8690.601459,8771.547666,8731.0745625,648.854619000027,10648.854619000027,False,95
2020-03-20 08:31:00,8441.518365,2020-03-20 08:32:00,8463.76892,Short,8463.76892,8352.516144999998,SL,-22.25055500000053,-0.26358474906902046,8463.76892,8477.176306,8470.472613,626.6040640000265,10626.604064000026,False,95
2020-03-23 08:31:00,7892.956598,2020-03-23 08:32:00,7935.1756,Short,7935.1756,7724.0805900000005,SL,-42.21900199999982,-0.5348946427843998,7935.1756,7964.843007,7950.0093035,584.3850620000267,10584.385062000027,False,95
2020-03-25 08:31:00,8581.582758,2020-03-25 08:32:00,8601.551205,Short,8601.551205,8501.708970000003,SL,-19.968446999999287,-0.23268955812823833,8601.551205,8619.808071,8610.679638,564.4166150000274,10564.416615000027,False,95
2020-03-26 08:31:00,8654.895485,2020-03-26 08:32:00,8638.3502,Long,8638.3502,8721.076624999992,SL,-16.54528499999833,-0.1911667798724242,8592.708036,8638.3502,8615.529118,547.871330000029,10547.871330000029,False,95
2020-03-30 08:31:00,8779.555648,2020-03-30 08:35:00,8760.728255,Long,8760.728255,8854.865219999998,SL,-18.827392999999574,-0.21444585301180355,8743.897706,8760.728255,8752.312980499999,529.0439370000295,10529.04393700003,False,95
2020-03-31 08:31:00,8936.165325,2020-03-31 08:32:00,8939.01796,Short,8939.01796,8924.754785000003,SL,-2.8526349999992817,-0.03192236150800267,8939.01796,8948.146393,8943.5821765,526.1913020000302,10526.19130200003,False,95
2020-04-02 08:31:00,8519.110045,2020-04-02 08:43:00,8501.138443,Long,8501.138443,8590.996452999998,SL,-17.97160199999962,-0.21095633117860052,8482.025786,8501.138443,8491.5821145,508.21970000003057,10508.21970000003,False,95
2020-04-08 08:31:00,9291.888946,2020-04-08 08:32:00,9275.343662,Long,9275.343662,9358.070081999998,SL,-16.54528399999981,-0.17806157710399967,9270.494182,9275.343662,9272.918922,491.67441600003076,10491.67441600003,False,95
2020-04-09 08:31:00,9421.683852,2020-04-09 08:37:00,9443.649144,Short,9443.649144,9333.822683999997,SL,-21.965292000000773,-0.23313552380913377,9443.649144,9445.645989,9444.6475665,469.70912400003,10469.70912400003,False,95
2020-04-14 08:31:00,9671.289441,2020-04-14 08:32:00,9673.001022,Short,9673.001022,9664.443117000003,SL,-1.711580999999569,-0.01769754705865357,9673.001022,9682.985245,9677.9931335,467.9975430000304,10467.99754300003,False,95
2020-04-24 08:31:00,9877.249709,2020-04-24 08:32:00,9870.118121,Long,9870.118121,9905.776061,SL,-7.1315880000001926,-0.07220216366001153,9868.977067,9870.118121,9869.547594,460.8659550000302,10460.86595500003,False,95
2020-04-27 08:31:00,10095.191046,2020-04-27 08:32:00,10101.18158,Short,10101.18158,10071.228909999998,SL,-5.99053400000048,-0.059340471841531905,10101.18158,10103.178424,10102.180002000001,454.87542100002975,10454.87542100003,False,95
2020-04-28 08:31:00,10120.294236,2020-04-28 09:21:00,10011.894096000002,Short,10147.394271,10011.894096000002,TP,108.40013999999792,1.07111648606417,10147.394271,10158.804813,10153.099542,563.2755610000277,10563.275561000028,True,96
2020-04-29 08:31:00,10095.191046,2020-04-29 08:32:00,10095.761573,Short,10095.761573,10092.908938,SL,-0.5705269999998563,-0.005651473037015137,10095.761573,10108.883695,10102.322634,562.7050340000278,10562.705034000028,False,97
2020-05-01 08:31:00,10061.815213,2020-05-01 08:43:00,10041.561502,Long,10041.561502,10142.830056999997,SL,-20.253710999999385,-0.20129281418159337,10034.715177,10041.561502,10038.138339500001,542.4513230000284,10542.451323000028,False,97
2020-05-08 08:31:00,10430.94622,2020-05-08 08:45:00,10441.215707,Short,10441.215707,10389.868272000002,SL,-10.269486999999572,-0.0984521133884206,10441.215707,10449.488349,10445.352028,532.1818360000289,10532.181836000029,False,97
2020-05-12 08:31:00,10654.592827,2020-05-12 08:33:00,10645.749658,Long,10645.749658,10689.965503,SL,-8.843168999999762,-0.08299865742020779,10634.62438,10645.749658,10640.187019,523.3386670000291,10523.33866700003,False,97
2020-05-14 08:31:00,10226.982796,2020-05-14 08:32:00,10204.161714,Long,10204.161714,10318.267124000002,SL,-22.821082000000388,-0.22314579436787768,10196.459599,10204.161714,10200.3106565,500.5175850000287,10500.517585000029,False,97
2020-05-15 08:31:00,10245.524926,2020-05-15 08:34:00,10234.684911,Long,10234.684911,10288.884986,SL,-10.840014999999767,-0.10580243646170957,10230.976486,10234.684911,10232.8306985,489.67757000002894,10489.677570000029,False,97
2020-05-20 08:31:00,10745.306629,2020-05-20 08:33:00,10738.460305,Long,10738.460305,10772.691925000001,SL,-6.846324000000095,-0.06371455218897965,10731.043453,10738.460305,10734.751879,482.83124600002884,10482.831246000029,False,97
2020-05-27 08:31:00,10705.369735,2020-05-27 08:33:00,10689.394978,Long,10689.394978,10769.268763,SL,-15.974756999999954,-0.1492219082146438,10689.109714,10689.394978,10689.252346000001,466.8564890000289,10466.856489000029,False,97
2020-05-28 08:31:00,10734.466615,2020-05-28 08:33:00,10726.7645,Long,10726.7645,10765.275075,SL,-7.702115000000049,-0.07175125952916338,10713.07185,10726.7645,10719.918174999999,459.15437400002884,10459.154374000029,False,97
2020-05-29 08:31:00,10764.419286,2020-05-29 08:32:00,10765.56034,Short,10765.56034,10759.855070000001,SL,-1.1410539999997127,-0.010600237408846995,10765.56034,10771.550874,10768.555607,458.0133200000291,10458.01332000003,False,97
2020-06-02 08:31:00,10929.016342,2020-06-02 08:32:00,10946.702681,Short,10946.702681,10858.270986000001,SL,-17.68633899999986,-0.1618291934657614,10946.702681,10956.972168,10951.837424500001,440.32698100002926,10440.32698100003,False,97
2020-06-09 08:31:00,11267.624152,2020-06-09 08:33:00,11253.360975,Long,11253.360975,11324.676860000003,SL,-14.263177000000724,-0.12658548783302304,11249.082022,11253.360975,11251.2214985,426.06380400002854,10426.063804000029,False,97
2020-06-15 08:31:00,10889.655425,2020-06-15 08:32:00,10872.230605,Long,10872.230605,10959.354705000002,SL,-17.42482000000018,-0.1600125928686139,10867.66016,10872.230605,10869.9453825,408.63898400002836,10408.638984000028,False,97
2020-06-17 08:31:00,11418.970033,2020-06-17 08:33:00,11424.111783,Short,11424.111783,11398.403032999997,SL,-5.141750000000684,-0.045028141637480416,11424.111783,11425.8257,11424.9687415,403.4972340000277,10403.497234000028,False,97
2020-06-19 08:31:00,11528.089397,2020-06-19 08:32:00,11528.660702,Short,11528.660702,11525.804177000002,SL,-0.5713049999994837,-0.0049557648307980385,11528.660702,11538.65855,11533.659626,402.9259290000282,10402.925929000028,False,97
2020-06-23 08:31:00,11625.782649,2020-06-23 08:32:00,11628.639177,Short,11628.639177,11614.356537000007,SL,-2.856527999998434,-0.02457062966203088,11628.639177,11632.638316,11630.6387465,400.06940100002976,10400.06940100003,False,97
2020-06-24 08:31:00,11634.637885,2020-06-24 08:42:00,11674.629273000002,Long,11624.640038,11674.629273000002,TP,39.99138800000219,0.34372696765716476,11618.355676,11624.640038,11621.497856999998,440.06078900003195,10440.060789000032,True,98
2020-06-25 08:31:00,11439.537034,2020-06-25 08:32:00,11430.681797,Long,11430.681797,11474.957982000007,SL,-8.85523700000158,-0.07740905050337703,11423.826131,11430.681797,11427.253964,431.20555200003037,10431.20555200003,False,99
2020-07-06 08:31:00,11976.278614,2020-07-06 08:56:00,12008.271726000004,Long,11968.280336,12008.271726000004,TP,31.993112000003748,0.26713733899447295,11963.995545,11968.280336,11966.1379405,463.1986640000341,10463.198664000034,True,100
2020-07-16 08:31:00,12098.538006,2020-07-16 08:32:00,12092.539297,Long,12092.539297,12122.532842000006,SL,-5.998709000001327,-0.04958209824217108,12082.827103,12092.539297,12087.6832,457.1999550000328,10457.199955000033,False,101
2020-07-21 08:31:00,12531.873279,2020-07-21 08:34:00,12558.724641,Short,12558.724641,12424.467830999994,SL,-26.851362000001245,-0.21426455089517066,12558.724641,12567.008571,12562.866606,430.34859300003154,10430.348593000032,False,101
2020-07-23 08:31:00,12377.04947,2020-07-23 08:32:00,12378.192081,Short,12378.192081,12372.479026000003,SL,-1.142610999999306,-0.009231691307114941,12378.192081,12381.905567,12380.048824,429.20598200003224,10429.205982000032,False,101
2020-07-24 08:31:00,11888.297557,2020-07-24 08:32:00,11888.297557,Short,11888.297557,11888.297557,SL,0.0,0.0,11888.297557,11898.009752,11893.1536545,429.20598200003224,10429.205982000032,False,101
2020-07-30 08:31:00,12082.255797,2020-07-30 08:32:00,12077.114047,Long,12077.114047,12102.822797000003,SL,-5.141750000000684,-0.04255620876092832,12076.542742,12077.114047,12076.8283945,424.06423200003155,10424.064232000032,False,101
2020-07-31 08:31:00,12402.758221,2020-07-31 08:37:00,12328.488497000002,Short,12421.325652,12328.488497000002,TP,74.26972399999795,0.5988161881140805,12421.325652,12447.605708,12434.46568,498.3339560000295,10498.33395600003,True,102
2020-08-04 08:31:00,12603.85778,2020-08-04 08:37:00,12595.859503,Long,12595.859503,12635.850888000003,SL,-7.9982770000005985,-0.0634589594678892,12591.574711,12595.859503,12593.717107,490.3356790000289,10490.335679000029,False,103
2020-08-05 08:31:00,12646.705698,2020-08-05 08:35:00,12666.987046,Short,12666.987046,12565.580305999998,SL,-20.281348000000435,-0.16036862471788055,12666.987046,12681.555338,12674.271192,470.05433100002847,10470.054331000028,False,103
2020-08-06 08:31:00,12696.980588,2020-08-06 08:32:00,12691.267532,Long,12691.267532,12719.832812000002,SL,-5.713056000000506,-0.04499539052142801,12684.411866,12691.267532,12687.839699,464.34127500002796,10464.341275000028,False,103
2020-08-12 08:31:00,12549.869404,2020-08-12 08:53:00,12619.568679999998,Long,12532.444585,12619.568679999998,TP,69.69927599999937,0.5553784964310803,12523.018043,12532.444585,12527.731314,534.0405510000273,10534.040551000027,True,104
2020-08-26 08:31:00,13458.245257,2020-08-26 08:33:00,13447.961757,Long,13447.961757,13499.379257000006,SL,-10.283500000001368,-0.07641040717884555,13447.676104,13447.961757,13447.8189305,523.757051000026,10523.757051000026,False,105
2020-08-27 08:31:00,13703.906651,2020-08-27 08:32:00,13682.197038999993,Short,13709.334054,13682.197038999993,TP,21.709612000006018,0.1584191468381159,13709.334054,13717.617985,13713.476019500002,545.466663000032,10545.466663000032,True,106
2020-09-01 08:31:00,13900.435766,2020-09-01 08:42:00,13925.858864,Short,13925.858864,13798.743374000003,SL,-25.4230979999993,-0.18289425186355196,13925.858864,13930.714961,13928.2869125,520.0435650000327,10520.043565000033,False,107
2020-09-02 08:31:00,14167.235466,2020-09-02 08:52:00,14097.536186,Short,14184.660286,14097.536186,TP,69.69928000000073,0.49197516457796076,14184.660286,14199.799884,14192.230085,589.7428450000334,10589.742845000033,True,108
2020-09-04 08:31:00,13453.960465,2020-09-04 08:42:00,13402.257311,Long,13402.257311,13660.773081000003,SL,-51.70315400000072,-0.38429690747571793,13390.545547,13402.257311,13396.401429,538.0396910000327,10538.039691000033,False,109
2020-09-07 08:31:00,13110.605819,2020-09-07 08:34:00,13106.60668,Long,13106.60668,13126.602374999999,SL,-3.999138999999559,-0.030503083192417953,13092.038388,13106.60668,13099.322534,534.0405520000331,10534.040552000033,False,109
2020-09-23 08:31:00,12735.735064,2020-09-23 08:43:00,12746.030034,Short,12746.030034,12694.555184000004,SL,-10.294969999999012,-0.08083530277808401,12746.030034,12750.319604,12748.174819,523.7455820000341,10523.745582000034,False,109
2020-09-24 08:31:00,12321.076575,2020-09-24 08:32:00,12309.351748,Long,12309.351748,12367.975883,SL,-11.724827000000005,-0.09516073476720524,12261.594529,12309.351748,12285.4731385,512.0207550000341,10512.020755000034,False,109
2020-09-28 08:31:00,12941.920424,2020-09-28 08:32:00,12945.638052,Short,12945.638052,12927.049911999999,SL,-3.7176280000003317,-0.0287254741043394,12945.638052,12972.519361,12959.0787065,508.3031270000338,10508.303127000034,False,109
2020-09-30 08:31:00,12972.519361,2020-09-30 08:32:00,12997.684845000005,Long,12966.22799,12997.684845000005,TP,25.165484000004653,0.19399072223134262,12953.931221,12966.22799,12960.0796055,533.4686110000384,10533.468611000038,True,110
2020-10-02 08:31:00,13001.402469,2020-10-02 08:36:00,12978.52476,Long,12978.52476,13092.913305000002,SL,-22.877709000000323,-0.17596339359964414,12947.35388,12978.52476,12962.939320000001,510.5909020000381,10510.590902000038,False,111
2020-10-05 08:31:00,12977.666845,2020-10-05 08:35:00,12967.371876,Long,12967.371876,13018.846721000002,SL,-10.294969000000492,-0.07932835018003956,12959.364678,12967.371876,12963.368277,500.2959330000376,10500.295933000038,False,111
2020-10-06 08:31:00,13121.224474,2020-10-06 08:33:00,13113.789219,Long,13113.789219,13150.965494000002,SL,-7.435255000000325,-0.05666586235707992,13096.916908,13113.789219,13105.353063499999,492.8606780000373,10492.860678000037,False,111
2020-10-07 08:31:00,13054.021202,2020-10-07 09:03:00,13033.145292,Long,13033.145292,13137.524842000003,SL,-20.87591000000066,-0.1599193817519024,13025.138093,13033.145292,13029.1416925,471.98476800003664,10471.984768000037,False,111
2020-10-12 08:31:00,13593.649181,2020-10-12 08:32:00,13602.228322,Short,13602.228322,13559.332617,SL,-8.579141000000163,-0.0631113903689035,13602.228322,13624.248118,13613.23822,463.4056270000365,10463.405627000036,False,111
2020-10-13 08:31:00,13881.05041,2020-10-13 08:33:00,13838.726646,Short,13891.631351,13838.726646,TP,42.323764000000665,0.30490317915357723,13891.631351,13896.492865,13894.062108,505.72939100003714,10505.729391000037,True,112
2020-10-14 08:31:00,13819.566565,2020-10-14 08:34:00,13831.577363,Short,13831.577363,13771.523372999995,SL,-12.01079800000116,-0.08691153911020769,13831.577363,13850.165502,13840.8714325,493.718593000036,10493.718593000036,False,113
2020-10-16 08:31:00,13659.708568,2020-10-16 08:35:00,13676.294908,Short,13676.294908,13593.363208,SL,-16.586339999999836,-0.12142528456907146,13676.294908,13682.300307,13679.2976075,477.13225300003614,10477.132253000036,False,113
2020-10-22 08:31:00,13401.76239,2020-10-22 08:32:00,13393.183249,Long,13393.183249,13436.078954,SL,-8.579141000000163,-0.06401502093785565,13369.733597,13393.183249,13381.458423,468.553112000036,10468.553112000036,False,113
2020-10-23 08:31:00,13326.265948,2020-10-23 10:39:00,13229.03568,Short,13350.573515,13229.03568,TP,97.23026799999934,0.7296137446108196,13350.573515,13355.149057,13352.861286,565.7833800000353,10565.783380000035,True,114
2020-10-26 08:31:00,13262.208361,2020-10-26 08:34:00,13293.093269,Long,13254.487134,13293.093269,TP,30.884907999999996,0.23287907382621761,13242.476336,13254.487134,13248.481735000001,596.6682880000353,10596.668288000035,True,114
2020-10-29 08:31:00,12840.400587,2020-10-29 08:32:00,12835.253102,Long,12835.253102,12860.990526999998,SL,-5.147484999999506,-0.040088196354333146,12808.371793,12835.253102,12821.8124475,591.5208030000358,10591.520803000036,False,115
2020-11-05 08:31:00,13724.62407,2020-11-05 08:35:00,13743.212209,Short,13743.212209,13650.271514000002,SL,-18.5881389999995,-0.1354364163651697,13743.212209,13758.08272,13750.6474645,572.9326640000363,10572.932664000036,False,115
2020-11-06 08:31:00,13745.49998,2020-11-06 08:37:00,13679.154620000001,Short,13762.08632,13679.154620000001,TP,66.34535999999935,0.4826696744136865,13762.08632,13764.374091,13763.2302055,639.2780240000357,10639.278024000036,True,116
2020-11-10 08:31:00,13425.498014,2020-11-10 08:35:00,13388.893679,Long,13388.893679,13571.915354,SL,-36.60433499999999,-0.27264787467719476,13377.740795,13388.893679,13383.317237,602.6736890000357,10602.673689000036,False,117
2020-11-19 08:31:00,13583.926155,2020-11-19 08:32:00,13582.496298,Long,13582.496298,13589.645582999996,SL,-1.4298569999991741,-0.01052609520755433,13580.494498,13582.496298,13581.495398,601.2438320000365,10601.243832000036,False,117
2020-11-20 08:31:00,13689.16362,2020-11-20 08:34:00,13702.032331,Short,13702.032331,13637.688775999995,SL,-12.868711000000985,-0.09400655406879406,13702.032331,13707.179816,13704.6060735,588.3751210000355,10588.375121000036,False,117
2020-11-23 08:31:00,13694.597076,2020-11-23 08:36:00,13679.726564,Long,13679.726564,13754.079123999998,SL,-14.870511999999508,-0.10858670698724184,13670.861452,13679.726564,13675.294008,573.504609000036,10573.504609000036,False,117
2020-11-24 08:31:00,13663.140225,2020-11-24 08:33:00,13665.999938,Short,13665.999938,13651.701372999993,SL,-2.8597130000016477,-0.020930129918224183,13665.999938,13668.001738,13667.000838,570.6448960000344,10570.644896000034,False,117
2020-11-26 08:31:00,13958.548652,2020-11-26 08:35:00,13955.97491,Long,13955.97491,13968.843619999994,SL,-2.573741999998674,-0.018438464228370224,13955.116996,13955.97491,13955.545953,568.0711540000357,10568.071154000036,False,117
2020-11-30 08:31:00,14056.350862,2020-11-30 08:34:00,14050.631434,Long,14050.631434,14079.228573999993,SL,-5.719427999998516,-0.0406892802844047,14042.624236,14050.631434,14046.627835,562.3517260000372,10562.351726000037,False,117
2020-12-01 08:31:00,14144.430044,2020-12-01 08:34:00,14122.696220000005,Short,14149.8635,14122.696220000005,TP,21.733823999995366,0.15365641409647857,14149.8635,14156.726813,14153.2951565,584.0855500000325,10584.085550000033,True,118
2020-12-03 08:31:00,14285.127959,2020-12-03 08:32:00,14273.689105,Long,14273.689105,14330.883375,SL,-11.438853999999992,-0.08007526451867181,14260.820393,14273.689105,14267.254749,572.6466960000325,10572.646696000033,False,119
2020-12-09 08:31:00,14419.820476,2020-12-09 08:44:00,14438.122644,Short,14438.122644,14346.611804000007,SL,-18.302167999998346,-0.1269236883389778,14438.122644,14447.273728,14442.698186,554.3445280000342,10554.344528000034,False,119
2020-12-11 08:31:00,14114.974993,2020-12-11 08:32:00,14113.831107,Long,14113.831107,14119.550537,SL,-1.1438859999998385,-0.008104059699483156,14105.537938,14113.831107,14109.6845225,553.2006420000343,10553.200642000034,False,119
2020-12-14 08:31:00,14231.937284,2020-12-14 08:33:00,14226.503828,Long,14226.503828,14253.671107999995,SL,-5.433455999998841,-0.03817790854170856,14211.919288,14226.503828,14219.211557999999,547.7671860000355,10547.767186000036,False,119
2020-12-21 08:31:00,14424.304895,2020-12-21 08:48:00,14396.86596,Long,14396.86596,14534.060635,SL,-27.43893500000013,-0.19022708684916584,14389.14876,14396.86596,14393.00736,520.3282510000354,10520.328251000035,False,119
2020-12-22 08:31:00,14514.624721,2020-12-22 08:39:00,14526.343432,Short,14526.343432,14467.749877000002,SL,-11.71871099999953,-0.08073726482948404,14526.343432,14539.777077,14533.0602545,508.60954000003585,10508.609540000036,False,119
2020-12-24 08:31:00,14490.329831,2020-12-24 08:37:00,14514.338898999998,Long,14484.327564,14514.338898999998,TP,24.009067999999388,0.16569027951755386,14475.752897,14484.327564,14480.040230499999,532.6186080000352,10532.618608000035,True,120
2021-01-04 08:31:00,14768.434865,2021-01-04 08:35:00,14743.282508999993,Short,14774.722954,14743.282508999993,TP,25.152356000005966,0.17031158839732585,14774.722954,14786.155844,14780.439399,557.7709640000412,10557.770964000041,True,120
2021-01-05 08:31:00,14498.332853,2021-01-05 08:39:00,14546.350984999997,Long,14486.32832,14546.350984999997,TP,48.01813199999742,0.33119761069674636,14464.60583,14486.32832,14475.467075,605.7890960000386,10605.789096000039,True,120
2021-01-07 08:31:00,14577.21979,2021-01-07 08:55:00,14653.820149999996,Long,14558.0697,14653.820149999996,TP,76.60035999999673,0.5254799001696107,14552.639078,14558.0697,14555.354389,682.3894560000354,10682.389456000035,True,120
2021-01-12 08:31:00,14767.863221,2021-01-12 08:46:00,14757.859443,Long,14757.859443,14807.878333,SL,-10.003778000000239,-0.06774018590431417,14753.286287,14757.859443,14755.572865,672.3856780000351,10672.385678000035,False,121
2021-01-13 08:31:00,14759.860198,2021-01-13 08:32:00,14756.144509,Long,14756.144509,14774.722954000003,SL,-3.715689000000566,-0.02517428315821075,14738.709353,14756.144509,14747.426931,668.6699890000345,10668.669989000035,False,121
2021-01-25 08:31:00,15448.405961,2021-01-25 08:34:00,15470.128449,Long,15442.975339,15470.128449,TP,21.72248799999943,0.14061313545772006,15432.685739,15442.975339,15437.830539,690.392477000034,10690.392477000034,True,122
2021-01-26 08:31:00,15436.68725,2021-01-26 08:32:00,15432.685739,Long,15432.685739,15452.693294000002,SL,-4.0015110000003915,-0.02592208376833178,15430.970805,15432.685739,15431.828272,686.3909660000336,10686.390966000034,False,123
2021-01-27 08:31:00,15226.607907,2021-01-27 08:35:00,15144.291102999998,Short,15247.187108,15144.291102999998,TP,82.31680400000187,0.540611569581161,15247.187108,15307.209778,15277.198443000001,768.7077700000355,10768.707770000035,True,124
2021-02-03 08:31:00,15427.826761,2021-02-03 08:35:00,15460.410495,Short,15460.410495,15297.491825000001,SL,-32.58373399999982,-0.21120106224143143,15460.410495,15469.556807,15464.983651,736.1240360000356,10736.124036000036,False,125
2021-02-05 08:31:00,15516.717476,2021-02-05 08:32:00,15529.007832,Short,15529.007832,15467.556052000002,SL,-12.29035599999952,-0.07920719068971414,15529.007832,15536.725032,15532.866431999999,723.8336800000361,10723.833680000036,False,125
2021-02-09 08:31:00,15616.183613,2021-02-09 08:32:00,15613.611213,Long,15613.611213,15626.473212999996,SL,-2.5723999999991065,-0.0164726546751004,15602.464146,15613.611213,15608.037679500001,721.261280000037,10721.261280000037,False,125
2021-02-10 08:31:00,15720.222907,2021-02-10 08:32:00,15720.222907,Long,15720.222907,15720.222907,SL,0.0,0.0,15713.077351,15720.222907,15716.650129,721.261280000037,10721.261280000037,False,125
2021-02-11 08:31:00,15699.072061,2021-02-11 08:32:00,15691.640683,Long,15691.640683,15728.797573000005,SL,-7.431378000001132,-0.04733641562460455,15691.354861,15691.640683,15691.497771999999,713.8299020000359,10713.829902000036,False,125
2021-02-22 08:31:00,15321.786712,2021-02-22 08:33:00,15312.926222,Long,15312.926222,15357.228671999996,SL,-8.860489999999118,-0.05782935219336787,15310.925467,15312.926222,15311.9258445,704.9694120000368,10704.969412000037,False,125
2021-02-25 08:31:00,15106.848391,2021-02-25 09:02:00,15078.837812,Long,15078.837812,15218.890706999999,SL,-28.01057899999978,-0.1854164301846523,15070.548967,15078.837812,15074.6933895,676.958833000037,10676.958833000037,False,125
2021-03-03 08:31:00,14905.343716,2021-03-03 08:35:00,14893.05336,Long,14893.05336,14954.505139999997,SL,-12.29035599999952,-0.08245603881517038,14882.192115,14893.05336,14887.6227375,664.6684770000375,10664.668477000037,False,125
2021-03-04 08:31:00,14508.336632,2021-03-04 08:32:00,14525.485968000003,Long,14504.049298,14525.485968000003,TP,17.149336000002222,0.11820332292385026,14480.326053,14504.049298,14492.187675500001,681.8178130000397,10681.81781300004,True,126
2021-03-05 08:31:00,14360.852359,2021-03-05 08:37:00,14288.825159000004,Short,14378.859159,14288.825159000004,TP,72.02719999999681,0.5015524023186346,14378.859159,14385.433071,14382.146115,753.8450130000365,10753.845013000036,True,126
2021-03-08 08:31:00,14398.295071,2021-03-08 08:40:00,14428.87805,Short,14428.87805,14275.963155000005,SL,-30.582978999998886,-0.21240694713637936,14428.87805,14438.881829,14433.879939499999,723.2620340000376,10723.262034000038,False,127
2021-03-10 08:31:00,14798.160378,2021-03-10 08:32:00,14810.450734,Short,14810.450734,14748.998954000002,SL,-12.29035599999952,-0.0830532693663142,14810.450734,14825.885134,14818.167934000001,710.9716780000381,10710.971678000038,False,127
2021-03-15 08:31:00,14788.442422,2021-03-15 08:32:00,14777.009533999997,Short,14791.300644,14777.009533999997,TP,11.432888000003004,0.07730961566983477,14791.300644,14802.161889,14796.7312665,722.4045660000411,10722.404566000041,True,128
2021-03-16 08:31:00,15042.274106,2021-03-16 08:32:00,15044.276196,Short,15044.276196,15034.265746000001,SL,-2.002089999999953,-0.013309756130566505,15044.276196,15052.856582,15048.566389,720.4024760000411,10720.402476000041,False,129
2021-03-18 08:31:00,14862.37202,2021-03-18 08:34:00,14892.117356,Long,14854.935686,14892.117356,TP,29.745335999999952,0.20013855096597125,14850.073467,14854.935686,14852.5045765,750.1478120000411,10750.147812000041,True,130
2021-03-19 08:31:00,14669.313343,2021-03-19 08:36:00,14641.856109,Long,14641.856109,14779.142278999998,SL,-27.457233999999517,-0.18717463699895498,14631.845659,14641.856109,14636.850884,722.6905780000416,10722.690578000042,False,131
2021-03-22 08:31:00,14824.904336,2021-03-22 08:41:00,14812.605783,Long,14812.605783,14874.098547999994,SL,-12.29855299999872,-0.08295873431124662,14800.593243,14812.605783,14806.599513000001,710.3920250000428,10710.392025000043,False,131
2021-03-23 08:31:00,14979.351278,2021-03-23 08:35:00,14995.940024,Short,14995.940024,14912.996294000002,SL,-16.588745999999446,-0.11074408825943714,14995.940024,15000.802242,14998.371133,693.8032790000434,10693.803279000043,False,131
2021-03-24 08:31:00,14931.301118,2021-03-24 08:32:00,14937.307388,Short,14937.307388,14907.276038,SL,-6.0062699999998586,-0.04022603222942958,14937.307388,14951.322018,14944.314703,687.7970090000435,10687.797009000044,False,131
2021-04-14 08:31:00,15979.824246,2021-04-14 08:59:00,15986.974568,Short,15986.974568,15951.222958000002,SL,-7.150321999999505,-0.0447459364378763,15986.974568,15996.412992,15991.69378,680.646687000044,10680.646687000044,False,131
2021-04-15 08:31:00,15953.511064,2021-04-15 09:07:00,15940.354472,Long,15940.354472,16006.137431999998,SL,-13.156591999999364,-0.08246831651803568,15938.638395,15940.354472,15939.4964335,667.4900950000447,10667.490095000045,False,131
2021-04-16 08:31:00,16006.137429,2021-04-16 09:10:00,16037.026817,Short,16037.026817,15882.579877000002,SL,-30.8893879999996,-0.19298464815149,16037.026817,16057.905756,16047.4662865,636.6007070000451,10636.600707000045,False,131
2021-04-20 08:31:00,15896.308493,2021-04-20 08:32:00,15886.870068,Long,15886.870068,15934.062193000002,SL,-9.43842500000028,-0.05937494861877225,15873.141451,15886.870068,15880.0057595,627.1622820000448,10627.162282000045,False,131
2021-04-21 08:31:00,15745.007692,2021-04-21 08:32:00,15736.141293,Long,15736.141293,15780.473287999994,SL,-8.866398999998637,-0.05631244629053839,15731.851101,15736.141293,15733.996197,618.2958830000462,10618.295883000046,False,131
2021-04-23 08:31:00,15802.210263,2021-04-23 08:47:00,15776.469106,Long,15776.469106,15905.174891000002,SL,-25.741157000000385,-0.16289592766824446,15765.028592,15776.469106,15770.748849,592.5547260000458,10592.554726000046,False,131
2021-04-26 08:31:00,15950.650935,2021-04-26 08:32:00,15944.644665,Long,15944.644665,15974.676015,SL,-6.0062699999998586,-0.03765532845321374,15941.784537,15944.644665,15943.214601,586.5484560000459,10586.548456000046,False,131
2021-04-27 08:31:00,16031.592573,2021-04-27 08:34:00,16039.31492,Short,16039.31492,16000.703184999997,SL,-7.722347000000809,-0.04816955623614456,16039.31492,16042.461062,16040.887991,578.8261090000451,10578.826109000045,False,131
2021-05-05 08:31:00,15608.57956,2021-05-05 08:33:00,15633.748692000003,Long,15602.287277,15633.748692000003,TP,25.16913200000272,0.16125190574357887,15595.708981,15602.287277,15598.998129,603.9952410000478,10603.995241000048,True,132
2021-05-06 08:31:00,15394.641944,2021-05-06 08:37:00,15416.950947,Short,15416.950947,15305.405932000007,SL,-22.309002999998484,-0.1449140751772621,15416.950947,15420.669114,15418.8100305,581.6862380000493,10581.68623800005,False,133
2021-05-07 08:31:00,15642.043064,2021-05-07 08:32:00,15659.203835,Short,15659.203835,15573.399979999997,SL,-17.16077100000075,-0.10970926834676788,15659.203835,15685.231005,15672.21742,564.5254670000486,10564.525467000049,False,133
2021-05-10 08:31:00,15564.247567,2021-05-10 08:53:00,15480.731811,Short,15585.126506,15480.731811,TP,83.51575600000069,0.5365871728812285,15585.126506,15613.727791,15599.427148499999,648.0412230000493,10648.04122300005,True,134
2021-05-11 08:31:00,15026.257386,2021-05-11 08:34:00,15003.948384,Long,15003.948384,15115.493394,SL,-22.309001999999964,-0.1484667900124306,15003.090345,15003.948384,15003.5193645,625.7322210000493,10625.73222100005,False,135
2021-05-12 08:31:00,15054.286646,2021-05-12 08:32:00,15053.142595,Long,15053.142595,15058.862850000005,SL,-1.1440510000011272,-0.0075995032305639495,15031.119605,15053.142595,15042.131099999999,624.5881700000482,10624.588170000048,False,135
2021-05-13 08:31:00,15055.71671,2021-05-13 08:33:00,15045.70626,Long,15045.70626,15095.75851,SL,-10.010449999999764,-0.06648936209958592,15015.102885,15045.70626,15030.4045725,614.5777200000484,10614.577720000048,False,135
2021-05-17 08:31:00,15191.572817,2021-05-17 08:35:00,15218.458025,Short,15218.458025,15084.031985000001,SL,-26.885207999999693,-0.1769744866042707,15218.458025,15229.326514,15223.8922695,587.6925120000487,10587.692512000049,False,135
2021-05-19 08:31:00,14886.111087,2021-05-19 08:40:00,14865.518161,Long,14865.518161,14968.482790999997,SL,-20.592925999999352,-0.1383365062886243,14858.36784,14865.518161,14861.9430005,567.0995860000494,10567.09958600005,False,135
2021-05-20 08:31:00,15237.620886,2021-05-20 08:42:00,15309.696122000005,Long,15219.602077,15309.696122000005,TP,72.07523600000422,0.47300846069891,15209.591627,15219.602077,15214.596851999999,639.1748220000536,10639.174822000054,True,136
2021-05-26 08:31:00,15668.070234,2021-05-26 08:32:00,15670.358338,Long,15667.498208,15670.358338,TP,2.2881039999992936,0.014603610820138307,15659.489848,15667.498208,15663.494028000001,641.4629260000529,10641.462926000053,True,136
2021-06-02 08:31:00,15623.738241,2021-06-02 08:32:00,15628.314447,Short,15628.314447,15605.433416999993,SL,-4.576206000001548,-0.029290083649715876,15628.314447,15634.320717,15631.317582,636.8867200000514,10636.886720000051,False,137
2021-06-04 08:31:00,15602.859303,2021-06-04 09:01:00,15687.519106999995,Long,15581.694352,15687.519106999995,TP,84.65980399999535,0.5425916003979964,15575.688082,15581.694352,15578.691217,721.5465240000467,10721.546524000047,True,138
2021-06-08 08:31:00,15869.709297,2021-06-08 08:33:00,15877.431644,Short,15877.431644,15838.819908999996,SL,-7.722347000000809,-0.04866092286555392,15877.431644,15877.717657,15877.574650499999,713.8241770000459,10713.824177000046,False,139
2021-06-11 08:31:00,15967.239681,2021-06-11 08:32:00,15967.525694,Short,15967.525694,15966.095628999996,SL,-0.2860130000008212,-0.0017912488677749262,15967.525694,15970.671835,15969.098764499999,713.5381640000451,10713.538164000045,False,139
2021-06-14 08:31:00,15992.092851,2021-06-14 08:38:00,16006.688877,Short,16006.688877,15933.708746999995,SL,-14.596026000001075,-0.09127026797551625,16006.688877,16031.301783,16018.995330000002,698.942138000044,10698.942138000044,False,139
2021-06-15 08:31:00,16114.012597,2021-06-15 08:42:00,16137.19452,Short,16137.19452,16021.284905000008,SL,-23.181922999998278,-0.14386188952287485,16137.19452,16150.931956,16144.063237999999,675.7602150000457,10675.760215000046,False,139
2021-06-17 08:31:00,15977.496825,2021-06-17 08:32:00,15990.089472999998,Long,15974.348663,15990.089472999998,TP,12.592647999998007,0.07881489909166674,15955.459688,15974.348663,15964.9041755,688.3528630000437,10688.352863000044,True,140
2021-06-28 08:31:00,16526.708074,2021-06-28 15:59:00,16602.55017,Long,16501.522775,16627.449269999986,EOD,75.84209600000031,0.45890624836119626,16478.054655,16501.522775,16489.788715000002,764.194959000044,10764.194959000044,True,140
2021-06-29 08:31:00,16573.358118,2021-06-29 08:34:00,16593.391879,Short,16593.391879,16493.223074000005,SL,-20.033760999998776,-0.12087931038092094,16593.391879,16604.553546,16598.9727125,744.1611980000453,10744.161198000045,False,141
2021-07-05 08:31:00,16828.645473,2021-07-05 08:32:00,16829.790259,Short,16829.790259,16824.066328999997,SL,-1.1447860000007495,-0.006802603345809693,16829.790259,16832.366028,16831.078143500003,743.0164120000445,10743.016412000045,False,141
2021-07-06 08:31:00,16901.625602,2021-07-06 08:42:00,16892.753508,Long,16892.753508,16937.113977999994,SL,-8.87209399999847,-0.05249254840285078,16876.726499,16892.753508,16884.740003500003,734.144318000046,10734.144318000046,False,141
2021-07-13 08:31:00,17017.249023,2021-07-13 08:35:00,17010.380305,Long,17010.380305,17044.723895000006,SL,-6.868718000001536,-0.040363269002633644,17007.518339,17010.380305,17008.949322,727.2756000000445,10727.275600000045,False,141
2021-07-15 08:31:00,17010.094109,2021-07-15 08:56:00,17042.434323,Short,17042.434323,16880.733253000002,SL,-32.34021399999983,-0.19012366300130404,17042.434323,17047.585861,17045.010092,694.9353860000447,10694.935386000045,False,141
2021-07-16 08:31:00,17010.666502,2021-07-16 08:40:00,16991.205134,Long,16991.205134,17088.511974,SL,-19.46136800000022,-0.11440685171102546,16988.056971,16991.205134,16989.6310525,675.4740180000445,10675.474018000044,False,141
2021-07-22 08:31:00,17017.821416,2021-07-22 09:26:00,17059.033724,Long,17007.518339,17059.033724,TP,41.21230800000194,0.242171468324697,16991.49133,17007.518339,16999.5048345,716.6863260000464,10716.686326000046,True,142
2021-07-23 08:31:00,17131.727658,2021-07-23 08:32:00,17135.162017,Short,17135.162017,17117.990222000004,SL,-3.434358999998949,-0.020046775599979885,17135.162017,17152.333812,17143.7479145,713.2519670000474,10713.251967000047,False,143
2021-07-26 08:31:00,17240.482361,2021-07-26 08:36:00,17246.206292,Short,17246.206292,17217.586636999997,SL,-5.723931000000448,-0.033200526993076795,17246.206292,17256.795566,17251.500929,707.528036000047,10707.528036000047,False,143
2021-07-27 08:31:00,17273.108771,2021-07-27 08:43:00,17236.475607,Short,17282.267062,17236.475607,TP,36.63316399999894,0.21208205474571398,17282.267062,17290.85296,17286.560011,744.1612000000459,10744.161200000046,True,144
2021-07-28 08:31:00,17186.677402,2021-07-28 08:32:00,17183.815436,Long,17183.815436,17198.125266000003,SL,-2.8619660000003933,-0.01665223552556673,17173.226163,17183.815436,17178.520799500002,741.2992340000455,10741.299234000046,False,145
2021-07-30 08:31:00,17063.040477,2021-07-30 08:32:00,17049.303041,Long,17049.303041,17117.990220999996,SL,-13.737435999999434,-0.08050989516503058,17027.5521,17049.303041,17038.4275705,727.5617980000461,10727.561798000046,False,145
2021-08-03 08:31:00,17138.023983,2021-08-03 08:39:00,17150.330436,Short,17150.330436,17088.798170999995,SL,-12.306453000001056,-0.0718078876083287,17150.330436,17151.761419,17151.0459275,715.255345000045,10715.255345000045,False,145
2021-08-05 08:31:00,17271.391592,2021-08-05 08:34:00,17283.984242,Short,17283.984242,17221.020992000005,SL,-12.592649999998685,-0.07291045387351139,17283.984242,17285.701421,17284.8428315,702.6626950000464,10702.662695000046,False,145
2021-08-09 08:31:00,17323.765567,2021-08-09 08:34:00,17316.038259,Long,17316.038259,17354.67479899999,SL,-7.72730799999772,-0.04460524457059989,17305.162789,17316.038259,17310.600524,694.9353870000486,10694.935387000049,False,145
2021-08-17 08:31:00,17148.32706,2021-08-17 08:34:00,17169.505607,Short,17169.505607,17063.612872,SL,-21.178546999999526,-0.12350211729633016,17169.505607,17190.970351,17180.237978999998,673.7568400000491,10673.75684000005,False,145
2021-08-19 08:31:00,16969.454193,2021-08-19 08:37:00,16939.403552,Long,16939.403552,17089.656757000008,SL,-30.050641000001633,-0.17708666795186434,16915.363038,16939.403552,16927.383295,643.7061990000475,10643.706199000047,False,145
2021-08-23 08:31:00,17342.082149,2021-08-23 08:37:00,17374.136169000012,Long,17334.068644,17374.136169000012,TP,32.054020000010496,0.18483374559414614,17317.469242,17334.068644,17325.768943,675.760219000058,10675.760219000058,True,146
2021-08-24 08:31:00,17567.605059,2021-08-24 08:32:00,17563.884503,Long,17563.884503,17582.487283000002,SL,-3.720556000000215,-0.021178504340830167,17562.45352,17563.884503,17563.169011500002,672.0396630000578,10672.039663000058,False,147
2021-08-26 08:31:00,17573.615187,2021-08-26 08:32:00,17571.325614,Long,17571.325614,17582.773478999992,SL,-2.2895729999981995,-0.013028468961195305,17556.157195,17571.325614,17563.7414045,669.7500900000596,10669.75009000006,False,147
2021-08-27 08:31:00,17539.271597,2021-08-27 08:35:00,17526.678947,Long,17526.678947,17589.642196999994,SL,-12.592649999998685,-0.0717968812464971,17524.675571,17526.678947,17525.677259,657.1574400000609,10657.15744000006,False,147
2021-08-30 08:31:00,17716.141087,2021-08-30 08:39:00,17761.932539000005,Long,17704.693224,17761.932539000005,TP,45.79145200000494,0.2584730601045305,17694.10395,17704.693224,17699.398587,702.9488920000658,10702.948892000066,True,148
2021-08-31 08:31:00,17809.154978,2021-08-31 10:41:00,17839.205619,Short,17839.205619,17688.952413999992,SL,-30.050641000001633,-0.16873704023084635,17839.205619,17864.677115,17851.941367,672.8982510000642,10672.898251000064,False,149
2021-09-02 08:31:00,17943.95357,2021-09-02 08:32:00,17938.802031,Long,17938.802031,17964.55972600001,SL,-5.151539000002231,-0.028709052215866997,17937.371048,17938.802031,17938.0865395,667.746712000062,10667.746712000062,False,149
2021-09-07 08:31:00,17931.933313,2021-09-07 08:32:00,17925.350792,Long,17925.350792,17958.263397000002,SL,-6.58252100000027,-0.036708373185997636,17923.633612,17925.350792,17924.492202,661.1641910000617,10661.164191000062,False,149
2021-09-08 08:31:00,17916.192501,2021-09-08 08:32:00,17926.781775,Short,17926.781775,17873.83540500001,SL,-10.589273999998113,-0.05910448885502356,17926.781775,17932.791903,17929.786839,650.5749170000636,10650.574917000064,False,149
2021-09-09 08:31:00,17898.162116,2021-09-09 08:32:00,17897.589723,Long,17897.589723,17900.451687999994,SL,-0.5723929999985558,-0.003198054617501017,17895.013953,17897.589723,17896.301838,650.002524000065,10650.002524000065,False,149
2021-09-10 08:31:00,17929.64374,2021-09-10 08:33:00,17924.492202,Long,17924.492202,17950.249891999993,SL,-5.151537999998254,-0.02873195962341109,17906.17562,17924.492202,17915.333911,644.8509860000668,10644.850986000067,False,149
2021-09-14 08:31:00,17768.277582,2021-09-14 08:32:00,17764.841221,Long,17764.841221,17782.023026,SL,-3.4363610000000335,-0.01933986557864905,17747.945779,17764.841221,17756.3935,641.4146250000667,10641.414625000067,False,149
2021-09-17 08:31:00,17697.83218,2021-09-17 08:32:00,17706.136719,Short,17706.136719,17664.614024000013,SL,-8.304538999997021,-0.046924046490743825,17706.136719,17734.486698,17720.311708499998,633.1100860000697,10633.11008600007,False,149
2021-09-21 08:31:00,17234.496164,2021-09-21 08:32:00,17245.09161,Short,17245.09161,17192.114380000003,SL,-10.595445999999356,-0.0614781302521131,17245.09161,17273.727953,17259.4097815,622.5146400000704,10622.51464000007,False,149
2021-09-23 08:31:00,17431.800561,2021-09-23 08:32:00,17430.368744,Long,17430.368744,17437.527829000002,SL,-1.431817000000592,-0.008213821601447084,17423.496022,17430.368744,17426.932383,621.0828230000698,10621.08282300007,False,149
2021-09-27 08:31:00,17421.205115,2021-09-27 08:32:00,17404.8824,Long,17404.8824,17486.49597500001,SL,-16.322715000002063,-0.09369452280857359,17395.146043,17404.8824,17400.0142215,604.7601080000677,10604.760108000068,False,149
2021-09-28 08:31:00,17202.996187,2021-09-28 08:32:00,17199.559826,Long,17199.559826,17216.741631,SL,-3.4363610000000335,-0.01997536337650781,17185.241655,17199.559826,17192.4007405,601.3237470000677,10601.323747000068,False,149
2021-09-29 08:31:00,16993.664526,2021-09-29 08:38:00,16976.482721,Long,16976.482721,17062.391746,SL,-17.181805000000168,-0.10110712126694225,16975.050904,16976.482721,16975.7668125,584.1419420000675,10584.141942000068,False,149
2021-09-30 08:31:00,17005.119063,2021-09-30 08:39:00,16980.778172,Long,16980.778172,17102.482626999998,SL,-24.34089099999983,-0.14313860967290207,16964.169094,16980.778172,16972.473633,559.8010510000677,10559.801051000068,False,149
2021-10-05 08:31:00,16675.228401,2021-10-05 08:34:00,16630.269344,Long,16630.269344,16855.064629,SL,-44.95905700000003,-0.2696158392487378,16617.669354,16630.269344,16623.969349,514.8419940000676,10514.841994000068,False,149
2021-10-08 08:31:00,17094.178087,2021-10-08 08:32:00,17094.750814,Short,17094.750814,17091.887179000005,SL,-0.5727269999988494,-0.0033504213954247035,17094.750814,17103.62808,17099.189446999997,514.2692670000688,10514.269267000069,False,149
2021-10-12 08:31:00,16869.955528,2021-10-12 08:33:00,16896.300963,Short,16896.300963,16764.573787999987,SL,-26.345435000002908,-0.15616777979216323,16896.300963,16905.464592,16900.882777500003,487.9238320000659,10487.923832000066,False,149
2021-10-15 08:31:00,17247.668881,2021-10-15 08:32:00,17262.846143,Short,17262.846143,17186.95983300001,SL,-15.177261999997427,-0.08799601908357986,17262.846143,17283.177945,17273.012044,472.74657000006846,10472.746570000068,False,149
2021-10-19 08:31:00,17550.641381,2021-10-19 08:32:00,17553.218652,Short,17553.218652,17540.332297000008,SL,-2.577270999998291,-0.014684768174845144,17553.218652,17558.94592,17556.082285999997,470.16929900007017,10470.16929900007,False,149
2021-10-27 08:31:00,17847.600249,2021-10-27 08:32:00,17865.92750499999,Long,17843.018435,17865.92750499999,TP,18.327255999989575,0.10268750837254129,17838.150256,17843.018435,17840.5843455,488.49655500005974,10488.49655500006,True,150
2021-10-29 08:31:00,17924.918373,2021-10-29 08:34:00,17912.604746,Long,17912.604746,17974.172881,SL,-12.313626999999542,-0.06869558200358307,17905.445661,17912.604746,17909.0252035,476.1829280000602,10476.18292800006,False,151
2021-11-01 08:31:00,18143.700027,2021-11-01 09:04:00,18063.518266999992,Short,18163.745467,18063.518266999992,TP,80.18176000000676,0.4419261775750629,18163.745467,18164.03183,18163.8886485,556.364688000067,10556.364688000067,True,152
2021-11-04 08:31:00,18521.986107,2021-11-04 08:33:00,18525.422468,Short,18525.422468,18508.240663,SL,-3.4363610000000335,-0.01855287537820435,18525.422468,18528.572466,18526.997467,552.9283270000669,10552.928327000067,False,153
2021-11-15 08:31:00,18588.136058,2021-11-15 08:32:00,18591.286055,Short,18591.286055,18575.53607,SL,-3.1499970000004396,-0.01694627686268058,18591.286055,18599.017868,18595.1519615,549.7783300000665,10549.778330000066,False,153
2021-11-18 08:31:00,18754.226842,2021-11-18 08:39:00,18769.97683,Short,18769.97683,18691.22689,SL,-15.749987999999576,-0.08398100403012912,18769.97683,18780.285913,18775.1313715,534.0283420000669,10534.028342000067,False,153
2021-11-19 08:31:00,18922.322171,2021-11-19 08:36:00,18951.817603,Short,18951.817603,18804.340443,SL,-29.49543199999971,-0.15587638627781034,18951.817603,18954.10851,18952.963056499997,504.5329100000672,10504.532910000067,False,153
2021-11-22 08:31:00,19094.71295,2021-11-22 09:16:00,19201.24014200001,Long,19068.081152,19201.24014200001,TP,106.52719200000865,0.5578884180084448,19061.781157,19068.081152,19064.931154500002,611.0601020000759,10611.060102000076,True,154
2021-11-24 08:31:00,18516.258839,2021-11-24 08:37:00,18540.027003,Short,18540.027003,18421.186182999994,SL,-23.76816400000098,-0.12836374889045685,18540.027003,18554.917901,18547.472452,587.2919380000749,10587.291938000075,False,155
2021-11-26 08:31:00,18652.854191,2021-11-26 08:33:00,18623.072395,Long,18623.072395,18771.981374999996,SL,-29.781795999999304,-0.1596634793530366,18615.913309,18623.072395,18619.492852,557.5101420000756,10557.510142000076,False,155
2021-11-29 08:31:00,18622.213305,2021-11-29 08:32:00,18619.636034,Long,18619.636034,18632.52238900001,SL,-2.5772710000019288,-0.013839767367018294,18602.454229,18619.636034,18611.0451315,554.9328710000736,10554.932871000074,False,155
2021-11-30 08:31:00,18709.267785,2021-11-30 08:32:00,18723.013229,Short,18723.013229,18654.286009,SL,-13.745444000000134,-0.0734686368165644,18723.013229,18732.176859,18727.595044,541.1874270000735,10541.187427000074,False,155
2021-12-01 08:31:00,18689.508709,2021-12-01 08:35:00,18640.254201000003,Short,18701.822336,18640.254201000003,TP,49.25450799999817,0.263540945708645,18701.822336,18714.135963,18707.979149500003,590.4419350000717,10590.441935000072,True,156
2021-12-07 08:31:00,18479.031594,2021-12-07 08:32:00,18499.649762,Long,18473.877052,18499.649762,TP,20.61816800000088,0.1115760200696634,18464.427059,18473.877052,18469.152055500002,611.0601030000726,10611.060103000073,True,156
2021-12-08 08:31:00,18626.222393,2021-12-08 08:35:00,18677.195082,Short,18677.195082,18422.331637000007,SL,-50.972688999998354,-0.273660906245566,18677.195082,18701.822336,18689.508709,560.0874140000742,10560.087414000074,False,157
2021-12-09 08:31:00,18745.635939,2021-12-09 08:55:00,18722.440502,Long,18722.440502,18838.417686999994,SL,-23.195436999998492,-0.12373779729574685,18716.42687,18722.440502,18719.433686,536.8919770000757,10536.891977000076,False,157
2021-12-13 08:31:00,18669.463269,2021-12-13 08:36:00,18695.235977,Short,18695.235977,18566.372436999998,SL,-25.77270800000042,-0.13804739658903378,18695.235977,18701.249609,18698.242792999998,511.1192690000753,10511.119269000075,False,157
2021-12-16 08:31:00,18664.308728,2021-12-16 08:32:00,18680.058716,Short,18680.058716,18601.308776,SL,-15.749987999999576,-0.08438559514594617,18680.058716,18693.517797,18686.7882565,495.3692810000757,10495.369281000076,False,157
2021-12-21 08:31:00,18063.231906,2021-12-21 08:32:00,18061.513725,Long,18061.513725,18070.10463,SL,-1.718181000000186,-0.009512035326465934,18056.931911,18061.513725,18059.222818000002,493.65110000007553,10493.651100000076,False,157
2021-12-27 08:31:00,18777.708643,2021-12-27 09:07:00,18861.326763000015,Long,18756.804113,18861.326763000015,TP,83.61812000001373,0.4453052371285199,18733.035949,18756.804113,18744.920031,577.2692200000893,10577.26922000009,True,158
2021-12-28 08:31:00,18977.017584,2021-12-28 08:57:00,19003.363019,Short,19003.363019,18871.635844000004,SL,-26.34543499999927,-0.13882811081026644,19003.363019,19010.808468,19007.0857435,550.92378500009,10550.92378500009,False,159
2021-12-29 08:31:00,18935.208524,2021-12-29 08:32:00,18920.890353,Long,18920.890353,18992.481208000012,SL,-14.318171000002621,-0.07561665339916708,18903.994912,18920.890353,18912.4426325,536.6056140000874,10536.605614000087,False,159
2021-12-31 08:31:00,18838.417688,2021-12-31 08:46:00,18804.340441,Long,18804.340441,18974.726676000006,SL,-34.07724700000108,-0.18089229979069926,18798.040446,18804.340441,18801.1904435,502.5283670000863,10502.528367000086,False,159
2022-01-03 08:31:00,18817.226795,2022-01-03 08:47:00,18782.863184,Long,18782.863184,18954.681238999987,SL,-34.363610999997036,-0.18261782872876853,18768.545013,18782.863184,18775.7040985,468.16475600008926,10468.16475600009,False,159
2022-01-04 08:31:00,18898.554007,2022-01-04 08:32:00,18899.126733,Short,18899.126733,18896.26310299999,SL,-0.5727260000021488,-0.003030528154640889,18899.126733,18908.003999,18903.565366000003,467.5920300000871,10467.592030000087,False,159
2022-01-06 08:31:00,18013.118307,2022-01-06 08:35:00,18103.609147,Long,17990.495597,18103.609147,TP,90.49083999999857,0.5023607709545399,17976.463789,17990.495597,17983.479693,558.0828700000857,10558.082870000086,True,160
2022-01-11 08:31:00,17774.00485,2022-01-11 08:32:00,17810.659368,Short,17810.659368,17627.386778000004,SL,-36.65451799999937,-0.20622543039307975,17810.659368,17821.541178,17816.100273,521.4283520000863,10521.428352000086,False,161
2022-01-14 08:31:00,17683.514009,2022-01-14 08:34:00,17656.309484,Long,17656.309484,17792.332108999988,SL,-27.204524999997375,-0.15384117085637883,17627.673142,17656.309484,17641.991313,494.22382700008893,10494.223827000089,False,161
2022-01-17 08:31:00,17868.504779,2022-01-17 08:32:00,17867.932052,Long,17867.932052,17870.795686999994,SL,-0.5727269999988494,-0.003205231814762409,17866.500235,17867.932052,17867.2161435,493.6511000000901,10493.65110000009,False,161
2022-01-20 08:31:00,17424.927839,2022-01-20 08:35:00,17387.986958,Long,17387.986958,17572.691362999994,SL,-36.940880999998626,-0.21200019501554862,17381.686962,17387.986958,17384.83696,456.71021900009146,10456.710219000091,False,161
2022-02-01 08:31:00,17051.796301,2022-02-01 08:34:00,17073.846284,Short,17073.846284,16963.596368999995,SL,-22.049983000000793,-0.12931178985939257,17073.846284,17111.932619,17092.8894515,434.66023600009066,10434.66023600009,False,161
2022-02-02 08:31:00,17318.400646,2022-02-02 08:34:00,17330.42791,Short,17330.42791,17270.291589999997,SL,-12.027264000000287,-0.06944789097934516,17330.42791,17365.364247,17347.8960785,422.6329720000904,10422.63297200009,False,161
2022-02-08 08:31:00,16668.928406,2022-02-08 08:32:00,16658.33296,Long,16658.33296,16711.310189999997,SL,-10.595445999999356,-0.06356405008126086,16630.269344,16658.33296,16644.301152,412.037526000091,10412.037526000091,False,161
2022-02-10 08:31:00,16919.210037,2022-02-10 08:40:00,17003.973613,Long,16898.019143,17003.973613,TP,84.76357599999756,0.5009901515178972,16890.000968,16898.019143,16894.010055500003,496.8011020000886,10496.801102000089,True,162
2022-02-11 08:31:00,16879.691884,2022-02-11 08:34:00,16864.22826,Long,16864.22826,16941.54638,SL,-15.463623999999982,-0.09161081912080227,16841.891913,16864.22826,16853.0600865,481.3374780000886,10481.337478000089,False,163
2022-02-14 08:31:00,16292.074143,2022-02-14 08:32:00,16288.351419,Long,16288.351419,16306.965038999997,SL,-3.722723999999289,-0.022849908288680252,16278.042336,16288.351419,16283.1968775,477.6147540000893,10477.61475400009,False,163
2022-02-16 08:31:00,16583.01938,2022-02-16 08:34:00,16611.082995,Short,16611.082995,16470.764920000005,SL,-28.063614999999118,-0.16923103300382875,16611.082995,16620.246625,16615.664810000002,449.5511390000902,10449.55113900009,False,163
2022-02-22 08:31:00,15953.878943,2022-02-22 08:32:00,15930.397142,Long,15930.397142,16047.806147,SL,-23.481800999999905,-0.14718552825864892,15906.342615,15930.397142,15918.3698785,426.0693380000903,10426.06933800009,False,163
2022-02-24 08:31:00,15068.443243,2022-02-24 08:53:00,15296.388527000001,Long,15011.456922,15296.388527000001,TP,227.94528400000127,1.5127328040731252,14985.970578,15011.456922,14998.713749999999,654.0146220000915,10654.014622000092,True,164
2022-02-25 08:31:00,15950.728945,2022-02-25 08:32:00,15973.924382,Short,15973.924382,15857.947197000007,SL,-23.195436999998492,-0.1454192913689343,15973.924382,16025.756161,15999.8402715,630.8191850000931,10630.819185000093,False,165
2022-02-28 08:31:00,16130.27881,2022-02-28 08:33:00,16117.67882,Long,16117.67882,16180.678770000002,SL,-12.599990000000616,-0.07811390087187597,16087.037934,16117.67882,16102.358377,618.2191950000924,10618.219195000092,False,165
2022-03-01 08:31:00,16248.546903,2022-03-01 08:32:00,16245.110542,Long,16245.110542,16262.292347,SL,-3.4363610000000335,-0.021148728070973358,16241.960545,16245.110542,16243.5355435,614.7828340000924,10614.782834000092,False,165
2022-03-03 08:31:00,16390.010434,2022-03-03 09:15:00,16251.410538,Short,16424.660408,16251.410538,TP,138.59989599999972,0.8456364110207235,16424.660408,16430.674039,16427.6672235,753.3827300000921,10753.382730000092,True,166
2022-03-04 08:31:00,15995.115275,2022-03-04 08:33:00,15980.224377,Long,15980.224377,16054.678866999999,SL,-14.890897999999652,-0.093096534435571,15961.324391,15980.224377,15970.774384,738.4918320000925,10738.491832000092,False,167
2022-03-07 08:31:00,15892.024443,2022-03-07 08:32:00,15872.551731,Long,15872.551731,15969.915291000003,SL,-19.472712000000683,-0.12253134941897145,15843.915389,15872.551731,15858.23356,719.0191200000918,10719.019120000092,False,167
2022-03-09 08:31:00,15550.106518,2022-03-09 08:32:00,15573.874682,Short,15573.874682,15455.033862000004,SL,-23.76816399999916,-0.15284888224068666,15573.874682,15575.592863,15574.7337725,695.2509560000926,10695.250956000093,False,167
2022-03-15 08:31:00,15097.365949,2022-03-15 08:32:00,15094.502314,Long,15094.502314,15108.820488999998,SL,-2.8636349999997037,-0.01896777894682603,15083.620504,15094.502314,15089.061409,692.3873210000929,10692.387321000093,False,167
2022-03-16 08:31:00,15620.265556,2022-03-16 08:32:00,15617.401922,Long,15617.401922,15631.720092000005,SL,-2.863634000001184,-0.018332812523159794,15605.088295,15617.401922,15611.2451085,689.5236870000917,10689.523687000092,False,167
2022-03-17 08:31:00,15869.97446,2022-03-17 08:32:00,15841.338116,Short,15877.133546,15841.338116,TP,28.636343999998644,0.18044354181020306,15877.133546,15880.569907,15878.8517265,718.1600310000904,10718.16003100009,True,168
2022-03-22 08:31:00,16515.437612,2022-03-22 09:00:00,16599.055732,Long,16494.533082,16599.055732,TP,83.61811999999918,0.5063027814609213,16486.514907,16494.533082,16490.5239945,801.7781510000896,10801.77815100009,True,168
2022-03-28 08:31:00,16933.241844,2022-03-28 08:36:00,17003.114515999998,Long,16915.773676,17003.114515999998,TP,69.87267199999769,0.4126361192009778,16899.450961,16915.773676,16907.6123185,871.6508230000873,10871.650823000087,True,168
2022-03-29 08:31:00,17396.864224,2022-03-29 08:39:00,17369.946062,Long,17369.946062,17504.536872000008,SL,-26.918162000001757,-0.15472996543173892,17359.636979,17369.946062,17364.7915205,844.7326610000855,10844.732661000085,False,169
2022-04-06 08:31:00,16747.391984,2022-04-06 08:32:00,16747.391984,Long,16747.391984,16747.391984,SL,0.0,0.0,16728.205634,16747.391984,16737.798809,844.7326610000855,10844.732661000085,False,169
2022-04-12 08:31:00,16218.192381,2022-04-12 08:32:00,16236.233276,Short,16236.233276,16146.028801,SL,-18.04089500000009,-0.11123862990511464,16236.233276,16257.996896,16247.115086000002,826.6917660000854,10826.691766000085,False,169
2022-04-18 08:31:00,15930.397142,2022-04-18 08:40:00,15899.183529,Long,15899.183529,16055.251594,SL,-31.213612999999896,-0.19593744413129643,15865.965372,15899.183529,15882.5744505,795.4781530000855,10795.478153000086,False,169
2022-04-21 08:31:00,16291.78778,2022-04-21 09:06:00,16249.692357,Long,16249.692357,16460.169472,SL,-42.095423000000665,-0.25838430728687445,16237.37873,16249.692357,16243.5355435,753.3827300000848,10753.382730000085,False,169
2022-04-27 08:31:00,14959.052416,2022-04-27 08:40:00,15049.543255999999,Long,14936.429706,15049.543255999999,TP,90.49083999999857,0.6049236106908135,14921.825171,14936.429706,14929.1274385,843.8735700000834,10843.873570000083,True,170
2022-04-28 08:31:00,15178.406797,2022-04-28 08:32:00,15177.261343,Long,15177.261343,15182.988612999998,SL,-1.1454539999995177,-0.007546602323413257,15135.452284,15177.261343,15156.3568135,842.7281160000839,10842.728116000084,False,171
2022-05-02 08:31:00,14731.679859,2022-05-02 08:32:00,14714.498054,Long,14714.498054,14800.407079,SL,-17.181805000000168,-0.1166316751684182,14714.211691,14714.498054,14714.3548725,825.5463110000837,10825.546311000084,False,171
2022-05-03 08:31:00,14906.361546,2022-05-03 08:32:00,14934.138798,Short,14934.138798,14795.252538,SL,-27.777251999999862,-0.18634495020318126,14934.138798,14969.934226,14952.036511999999,797.7690590000839,10797.769059000084,False,171
2022-05-04 08:31:00,14996.566024,2022-05-04 08:32:00,15005.729654,Short,15005.729654,14959.911503999996,SL,-9.163630000000921,-0.06110485550715915,15005.729654,15006.588744,15006.159199000002,788.605429000083,10788.605429000083,False,171
2022-05-05 08:31:00,15264.602187,2022-05-05 08:33:00,15210.765863000004,Short,15278.061268,15210.765863000004,TP,53.83632399999624,0.3526873700373639,15278.061268,15278.633994,15278.347631,842.4417530000792,10842.44175300008,True,172
2022-05-09 08:31:00,14302.993817,2022-05-09 08:32:00,14281.516561,Long,14281.516561,14388.902841000001,SL,-21.477256000000125,-0.15015916440146304,14272.639294,14281.516561,14277.0779275,820.9644970000791,10820.964497000079,False,173
2022-05-10 08:31:00,14349.098328,2022-05-10 08:32:00,14344.516513,Long,14344.516513,14367.425587999998,SL,-4.581814999999551,-0.031931030753750304,14321.034713,14344.516513,14332.775613,816.3826820000795,10816.38268200008,False,173
2022-05-12 08:31:00,13565.03528,2022-05-12 08:32:00,13563.889826,Long,13563.889826,13569.617095999998,SL,-1.1454539999995177,-0.008444165284909731,13512.630774,13563.889826,13538.2603,815.23722800008,10815.23722800008,False,173
2022-05-13 08:31:00,13918.980469,2022-05-13 08:32:00,13905.521388,Long,13905.521388,13972.816793000004,SL,-13.459081000000879,-0.0966958825035828,13899.507756,13905.521388,13902.514572,801.7781470000791,10801.77814700008,False,173
2022-05-19 08:31:00,13633.476138,2022-05-19 08:45:00,13596.82162,Long,13596.82162,13780.094209999997,SL,-36.65451799999937,-0.2688567290467749,13592.239805,13596.82162,13594.5307125,765.1236290000797,10765.12362900008,False,173
2022-05-25 08:31:00,13463.662629,2022-05-25 08:36:00,13547.280749,Long,13442.758099,13547.280749,TP,83.61811999999918,0.6210651759788623,13423.858113,13442.758099,13433.308106,848.7417490000789,10848.741749000079,True,174
2022-05-27 08:31:00,14263.762028,2022-05-27 09:03:00,14369.143763999995,Long,14237.416594,14369.143763999995,TP,105.38173599999573,0.7388074464024964,14213.64843,14237.416594,14225.532512,954.1234850000747,10954.123485000075,True,174
2022-06-01 08:31:00,14634.316296,2022-06-01 09:00:00,14599.093595,Long,14599.093595,14775.207100000003,SL,-35.2227010000006,-0.24068566161596508,14589.357239,14599.093595,14594.225417000001,918.900784000074,10918.900784000074,False,175
2022-06-02 08:31:00,14267.198389,2022-06-02 08:33:00,14308.148359,Short,14308.148359,14103.398508999993,SL,-40.949970000001485,-0.28702180262365934,14308.148359,14318.743805,14313.446082,877.9508140000726,10877.950814000073,False,175
2022-06-06 08:31:00,14622.002669,2022-06-06 08:32:00,14619.998125,Long,14619.998125,14630.020844999997,SL,-2.0045439999994414,-0.013709093380548073,14596.802688,14619.998125,14608.4004065,875.9462700000731,10875.946270000073,False,175
2022-06-08 08:31:00,14486.839134,2022-06-08 08:34:00,14502.589122,Short,14502.589122,14423.839182000002,SL,-15.749987999999576,-0.10871928551367026,14502.589122,14509.461844,14506.025483,860.1962820000736,10860.196282000074,False,175
2022-06-13 08:31:00,13195.829353,2022-06-13 08:39:00,13174.973383,Long,13174.973383,13279.253232999994,SL,-20.855969999998706,-0.15804970981423927,13147.832052,13174.973383,13161.402717500001,839.3403120000748,10839.340312000075,False,175
2022-06-17 08:31:00,12836.706691,2022-06-17 08:41:00,12913.273815,Long,12817.56491,12913.273815,TP,76.56712400000106,0.5964701526886438,12793.56626,12817.56491,12805.565585,915.9074360000759,10915.907436000076,True,176
2022-06-28 08:31:00,13818.365772,2022-06-28 09:03:00,13793.510027,Long,13793.510027,13917.788751999995,SL,-24.855744999998933,-0.1798747074011013,13790.653045,13793.510027,13792.081536,891.051691000077,10891.051691000077,False,177
2022-07-05 08:31:00,13042.980805,2022-07-05 08:45:00,13067.550852,Short,13067.550852,12944.700616999995,SL,-24.57004700000107,-0.18837754472951607,13067.550852,13084.407047,13075.9789495,866.4816440000759,10866.481644000076,False,177
2022-07-07 08:31:00,13643.804161,2022-07-07 08:32:00,13635.80461,Long,13635.80461,13675.802365000003,SL,-7.9995510000007926,-0.05863138246198983,13627.80506,13635.80461,13631.804834999999,858.4820930000751,10858.482093000075,False,177
2022-07-12 08:31:00,13685.801799,2022-07-12 08:34:00,13653.232202,Long,13653.232202,13816.080187000007,SL,-32.56959700000152,-0.2379809197761532,13652.375107,13653.232202,13652.8036545,825.9124960000736,10825.912496000074,False,177
2022-07-13 08:31:00,13215.54253,2022-07-13 08:32:00,13215.54253,Long,13215.54253,13215.54253,SL,0.0,0.0,13194.68656,13215.54253,13205.114545,825.9124960000736,10825.912496000074,False,177
2022-07-15 08:31:00,13640.947178,2022-07-15 08:32:00,13660.374654000005,Long,13636.090309,13660.374654000005,TP,19.42747600000439,0.14242028611720492,13634.376119,13636.090309,13635.233214,845.339972000078,10845.339972000078,True,178
2022-07-28 08:31:00,14445.187666,2022-07-28 08:33:00,14433.759737,Long,14433.759737,14490.899381999998,SL,-11.427928999999494,-0.07911236090686241,14423.474601,14433.759737,14428.617169000001,833.9120430000785,10833.912043000078,False,179
2022-08-03 08:31:00,14874.306391,2022-08-03 08:32:00,14891.448283,Long,14870.020918,14891.448283,TP,17.141891999999643,0.11524498386272108,14851.736232,14870.020918,14860.878574999999,851.0539350000781,10851.053935000078,True,180
2022-08-05 08:31:00,15023.72656,2022-08-05 08:32:00,15012.298631,Long,15012.298631,15069.438275999997,SL,-11.427928999999494,-0.07606587456420995,14996.870927,15012.298631,15004.584779,839.6260060000786,10839.626006000079,False,181
2022-08-15 08:31:00,15503.41387,2022-08-15 08:33:00,15529.698106,Long,15496.842811,15529.698106,TP,26.28423599999951,0.16953837535654662,15468.844385,15496.842811,15482.843598,865.9102420000781,10865.910242000078,True,182
2022-08-23 08:31:00,14760.312801,2022-08-23 08:42:00,14744.885098,Long,14744.885098,14822.023612999998,SL,-15.427702999999383,-0.1045215179921808,14740.885323,14744.885098,14742.8852105,850.4825390000788,10850.482539000079,False,183
2022-08-24 08:31:00,14746.884985,2022-08-24 08:33:00,14723.743429,Long,14723.743429,14839.451209000003,SL,-23.14155600000049,-0.15692504568618557,14718.029465,14723.743429,14720.886447,827.3409830000783,10827.340983000078,False,183
2022-08-29 08:31:00,14314.909278,2022-08-29 08:32:00,14294.910402,Long,14294.910402,14394.904781999998,SL,-19.998875999999655,-0.1397066206401679,14291.196325,14294.910402,14293.0533635,807.3421070000786,10807.342107000079,False,183
2022-08-31 08:31:00,14232.342492,2022-08-31 08:32:00,14210.629427999997,Short,14237.770758,14210.629427999997,TP,21.713064000003214,0.15256142136972975,14237.770758,14252.912764,14245.341761,829.0551710000818,10829.055171000082,True,184
2022-09-02 08:31:00,14129.205435,2022-09-02 09:01:00,14037.782002999997,Short,14152.061293,14037.782002999997,TP,91.42343200000323,0.6470528892837436,14152.061293,14170.631677,14161.346485,920.4786030000851,10920.478603000085,True,184
2022-09-05 08:31:00,13839.221743,2022-09-05 08:32:00,13836.936159000003,Short,13839.793139,13836.936159000003,TP,2.2855839999974705,0.016515263953722967,13839.793139,13840.364535,13840.078837000001,922.7641870000825,10922.764187000083,True,184
2022-09-08 08:31:00,13891.504517,2022-09-08 08:32:00,13892.933008,Short,13892.933008,13885.790552999997,SL,-1.4284910000005766,-0.010283198614321674,13892.933008,13900.64686,13896.789934,921.335696000082,10921.335696000082,False,185
2022-09-09 08:31:00,14220.057469,2022-09-09 08:45:00,14205.772558,Long,14205.772558,14277.197112999995,SL,-14.284910999998829,-0.10045607080801335,14194.058931,14205.772558,14199.9157445,907.0507850000831,10907.050785000083,False,185
2022-09-13 08:31:00,14199.163138,2022-09-13 08:34:00,14154.009799,Long,14154.009799,14379.776494000002,SL,-45.153339000000415,-0.31800000155755953,14150.034033,14154.009799,14152.021916,861.8974460000827,10861.897446000083,False,185
2022-09-16 08:31:00,13425.876713,2022-09-16 08:33:00,13444.051642,Short,13444.051642,13353.176996999997,SL,-18.174929000000702,-0.13537238117494624,13444.051642,13460.238688,13452.145165,843.722517000082,10843.722517000082,False,185
2022-09-19 08:31:00,13463.078521,2022-09-19 08:53:00,13548.273501,Long,13441.779776,13548.273501,TP,85.19498000000021,0.6328045986444427,13433.828245,13441.779776,13437.8040105,928.9174970000822,10928.917497000082,True,186
2022-09-22 08:31:00,13256.338706,2022-09-22 08:32:00,13243.559459,Long,13243.559459,13307.455694000002,SL,-12.779247000000396,-0.09640102960115476,13225.952496,13243.559459,13234.7559775,916.1382500000818,10916.138250000082,False,187
2022-09-26 08:31:00,12943.105167,2022-09-26 08:32:00,12920.954472,Long,12920.954472,13031.707947,SL,-22.15069500000027,-0.17113895556126768,12899.087761,12920.954472,12910.0211165,893.9875550000816,10893.987555000082,False,187
2022-09-30 08:31:00,12730.969669,2022-09-30 08:32:00,12717.622456,Long,12717.622456,12784.358521000004,SL,-13.34721300000092,-0.10484050584537545,12715.918557,12717.622456,12716.770506500001,880.6403420000806,10880.64034200008,False,187
2022-10-04 08:31:00,13095.036212,2022-10-04 08:33:00,13125.706404000006,Long,13087.368664,13125.706404000006,TP,30.670192000005045,0.23421234965276047,13082.540949,13087.368664,13084.9548065,911.3105340000857,10911.310534000086,True,188
2022-10-05 08:31:00,13066.353903,2022-10-05 08:37:00,13054.426606,Long,13054.426606,13114.063090999993,SL,-11.927296999998362,-0.09128251912157291,13047.327024,13054.426606,13050.876815,899.3832370000873,10899.383237000087,False,189
2022-10-06 08:31:00,13206.925618,2022-10-06 08:43:00,13312.567393999996,Long,13180.515174,13312.567393999996,TP,105.64177599999675,0.7998968045675622,13168.019911,13180.515174,13174.2675425,1005.0250130000841,11005.025013000084,True,190
2022-10-07 08:31:00,12853.366456,2022-10-07 08:33:00,12866.429686,Short,12866.429686,12801.113536,SL,-13.063229999999749,-0.1016327515808264,12866.429686,12883.752665,12875.0911755,991.9617830000843,10991.961783000084,False,191
2022-10-12 08:31:00,12293.351462,2022-10-12 08:35:00,12326.861487,Short,12326.861487,12159.311362000002,SL,-33.51002499999959,-0.27258656928163555,12326.861487,12338.788784,12332.8251355,958.4517580000847,10958.451758000085,False,191
2022-10-17 08:31:00,12523.945871,2022-10-17 08:32:00,12536.441134999997,Long,12520.822055,12536.441134999997,TP,12.495263999997405,0.0997709837514628,12500.943227,12520.822055,12510.882641,970.9470220000821,10970.947022000082,True,192
2022-10-19 08:31:00,12669.629285,2022-10-19 08:41:00,12647.194607,Long,12647.194607,12759.367997000007,SL,-22.43467800000144,-0.17707446283817166,12645.490707,12647.194607,12646.342657000001,948.5123440000807,10948.51234400008,False,193
2022-10-20 08:31:00,12658.553937,2022-10-20 08:32:00,12645.206724,Long,12645.206724,12711.942789000004,SL,-13.34721300000092,-0.1054402664508781,12624.191963,12645.206724,12634.6993435,935.1651310000798,10935.16513100008,False,193
2022-10-24 08:31:00,12864.15782,2022-10-24 08:35:00,12897.667845,Short,12897.667845,12730.117720000002,SL,-33.51002499999959,-0.2604914015272831,12897.667845,12900.507677,12899.087760999999,901.6551060000802,10901.65510600008,False,193
2022-10-25 08:31:00,13128.830221,2022-10-25 08:36:00,13101.283844,Long,13101.283844,13239.015729000002,SL,-27.546377000000575,-0.20981592827622395,13087.936631,13101.283844,13094.610237500001,874.1087290000796,10874.10872900008,False,193
2022-10-26 08:31:00,13020.064631,2022-10-26 08:32:00,13020.916581,Short,13020.916581,13016.656830999998,SL,-0.8519500000002154,-0.006543362296157678,13020.916581,13033.695828,13027.3062045,873.2567790000794,10873.25677900008,False,193
2022-10-27 08:31:00,12992.234271,2022-10-27 08:32:00,12991.666305,Long,12991.666305,12994.506134999994,SL,-0.5679659999987052,-0.0043715806546566335,12960.996112,12991.666305,12976.3312085,872.6888130000807,10872.68881300008,False,193
2022-10-28 08:31:00,12786.346406,2022-10-28 09:26:00,12928.338038000005,Long,12750.848498,12928.338038000005,TP,141.99163200000476,1.110494174734505,12740.6251,12750.848498,12745.736798999998,1014.6804450000855,11014.680445000085,True,194
2022-10-31 08:31:00,13082.824932,2022-10-31 08:32:00,13059.538304,Long,13059.538304,13175.971443999999,SL,-23.286627999999837,-0.17799388221607854,13056.130505,13059.538304,13057.8344045,991.3938170000856,10991.393817000086,False,195
2022-11-08 08:31:00,12554.048097,2022-11-08 08:41:00,12523.377905000003,Short,12561.715645,12523.377905000003,TP,30.67019199999777,0.24430519751893354,12561.715645,12579.890574,12570.8031095,1022.0640090000834,11022.064009000083,True,196
2022-11-09 08:31:00,12485.892114,2022-11-09 08:41:00,12505.202976,Short,12505.202976,12408.648666,SL,-19.31086200000027,-0.1546614516903255,12505.202976,12505.770942,12505.486959,1002.7531470000831,11002.753147000083,False,197
2022-11-17 08:31:00,13156.66058,2022-11-17 10:55:00,13272.525747999996,Long,13127.694288,13272.525747999996,TP,115.86516799999663,0.8806578789159325,13125.706405,13127.694288,13126.700346500002,1118.6183150000797,11118.61831500008,True,198
2022-11-18 08:31:00,13371.63591,2022-11-18 15:59:00,13302.911961,Short,13419.345098,13180.799158000005,EOD,68.72394900000108,0.5139531876470385,13419.345098,13443.199692,13431.272395,1187.3422640000808,11187.34226400008,True,198
2022-11-21 08:31:00,13276.501517,2022-11-21 08:33:00,13256.622689,Long,13256.622689,13356.016829000004,SL,-19.878828000000794,-0.1497294145942498,13240.435643,13256.622689,13248.529166,1167.46343600008,11167.46343600008,False,199
2022-11-28 08:31:00,13325.914605,2022-11-28 08:45:00,13388.390921,Long,13310.295526,13388.390921,TP,62.476316000000224,0.46883323097807156,13294.392463,13310.295526,13302.3439945,1229.9397520000803,11229.93975200008,True,200
2022-12-01 08:31:00,13685.721399,2022-12-01 08:32:00,13691.117081,Short,13691.117081,13664.138670999999,SL,-5.395682000000306,-0.03942563086513337,13691.117081,13692.82098,13691.9690305,1224.54407000008,11224.54407000008,False,201
2022-12-02 08:31:00,13498.576429,2022-12-02 08:48:00,13472.733952,Long,13472.733952,13601.946337000001,SL,-25.842477000000144,-0.19144594347357116,13457.966822,13472.733952,13465.350387,1198.7015930000798,11198.70159300008,False,201
2022-12-07 08:31:00,13093.048329,2022-12-07 08:32:00,13079.417133,Long,13079.417133,13147.573112999993,SL,-13.631195999998454,-0.10411017860375955,13074.589417,13079.417133,13077.003275,1185.0703970000814,11185.070397000081,False,201
2022-12-13 08:31:00,13780.470701,2022-12-13 08:47:00,13809.431902,Short,13809.431902,13664.625897,SL,-28.961201000000074,-0.21016118845561976,13809.431902,13812.524846,13810.978374,1156.1091960000813,11156.109196000081,False,201
2022-12-19 08:31:00,12733.368622,2022-12-19 08:51:00,12668.135626000001,Short,12749.676871,12668.135626000001,TP,65.23299599999882,0.5122995959395451,12749.676871,12765.422767,12757.549819,1221.34219200008,11221.34219200008,True,202
2022-12-22 08:31:00,12573.941426,2022-12-22 08:40:00,12494.087241999996,Short,12593.904972,12494.087241999996,TP,79.85418400000344,0.6350767933027227,12593.904972,12596.716739,12595.3108555,1301.1963760000835,11301.196376000084,True,202
2022-12-23 08:31:00,12404.391868,2022-12-23 08:34:00,12374.024783,Long,12374.024783,12525.860208,SL,-30.36708499999986,-0.244809139562406,12371.494192,12374.024783,12372.7594875,1270.8292910000837,11270.829291000084,False,203
2022-12-27 08:31:00,12401.298924,2022-12-27 08:36:00,12348.437704000002,Short,12414.514229,12348.437704000002,TP,52.861219999998866,0.42625551020060926,12414.514229,12428.291888,12421.4030585,1323.6905110000826,11323.690511000083,True,204
2022-12-28 08:31:00,12253.962326,2022-12-28 08:32:00,12256.21174,Short,12256.21174,12244.964670000001,SL,-2.249413999999888,-0.01835662571956146,12256.21174,12257.05527,12256.633505000002,1321.4410970000827,11321.441097000083,False,205
2023-01-03 08:31:00,12473.842516,2023-01-03 08:32:00,12485.651938,Short,12485.651938,12426.604828,SL,-11.809422000000268,-0.09467348962320558,12485.651938,12505.334308,12495.493123,1309.6316750000824,11309.631675000082,False,205
2023-01-04 08:31:00,12369.807132,2023-01-04 08:37:00,12397.36245,Short,12397.36245,12259.585859999997,SL,-27.555318000000625,-0.2227627133224782,12397.36245,12404.673044,12401.017747,1282.0763570000818,11282.076357000082,False,205
2023-01-06 08:31:00,12230.343482,2023-01-06 08:32:00,12235.123487,Short,12235.123487,12211.223461999998,SL,-4.7800050000005285,-0.039083162357913315,12235.123487,12240.747021,12237.935254,1277.2963520000812,11277.296352000081,False,205
2023-01-09 08:31:00,12633.832066,2023-01-09 08:34:00,12606.839101,Long,12606.839101,12741.803926000006,SL,-26.992965000001277,-0.21365619599016503,12599.24733,12606.839101,12603.0432155,1250.30338700008,11250.30338700008,False,205
2023-01-13 08:31:00,12875.081685,2023-01-13 08:32:00,12862.428733,Long,12862.428733,12925.693492999993,SL,-12.65295199999855,-0.09827473183909785,12852.306371,12862.428733,12857.367552,1237.6504350000814,11237.650435000081,False,205
2023-01-18 08:31:00,13170.036057,2023-01-18 08:32:00,13164.974876,Long,13164.974876,13190.280780999996,SL,-5.061180999999124,-0.03842951513643775,13160.194872,13164.974876,13162.584874,1232.5892540000823,11232.589254000082,False,205
2023-01-19 08:31:00,12834.873415,2023-01-19 08:32:00,12832.905178,Long,12832.905178,12842.746362999997,SL,-1.9682369999991352,-0.015335071382152274,12830.374588,12832.905178,12831.639883,1230.6210170000832,11230.621017000083,False,205
2023-01-20 08:31:00,12833.186355,2023-01-20 08:32:00,12838.809889,Short,12838.809889,12810.692218999999,SL,-5.623534000000291,-0.04382024732158026,12838.809889,12850.619311,12844.7146,1224.9974830000829,11224.997483000083,False,205
2023-01-23 08:31:00,13136.013675,2023-01-23 08:32:00,13156.258398,Short,13156.258398,13055.034783000001,SL,-20.244722999999794,-0.15411618395715315,13156.258398,13159.632519,13157.9454585,1204.752760000083,11204.752760000083,False,205
2023-01-25 08:31:00,13153.165454,2023-01-25 08:32:00,13134.045438,Short,13157.945458,13134.045438,TP,19.12001600000076,0.14536436926052798,13157.945458,13170.317234,13164.131346,1223.8727760000838,11223.872776000084,True,206
2023-01-26 08:31:00,13556.372861,2023-01-26 08:34:00,13539.221081,Long,13539.221081,13624.979981,SL,-17.151780000000144,-0.1265218962023661,13519.819888,13539.221081,13529.5204845,1206.7209960000837,11206.720996000084,False,207
2023-01-27 08:31:00,13577.461114,2023-01-27 08:45:00,13621.324682,Long,13566.495222,13621.324682,TP,43.86356800000067,0.32306163598415344,13555.810507,13566.495222,13561.1528645,1250.5845640000844,11250.584564000084,True,208
2023-01-30 08:31:00,13605.297609,2023-01-30 08:32:00,13602.767018,Long,13602.767018,13615.419972999995,SL,-2.5305909999988216,-0.018600041489168294,13591.238773,13602.767018,13597.0028955,1248.0539730000855,11248.053973000086,False,209
2023-01-31 08:31:00,13496.763398,2023-01-31 08:40:00,13482.704562,Long,13482.704562,13552.998741999992,SL,-14.058835999998337,-0.10416449918712828,13470.332787,13482.704562,13476.5186745,1233.9951370000872,11233.995137000087,False,209
2023-02-06 08:31:00,14104.105097,2023-02-06 08:43:00,14079.642723,Long,14079.642723,14201.954592999995,SL,-24.462373999998817,-0.17344151813787934,14070.645069,14079.642723,14075.143896000001,1209.5327630000884,11209.532763000088,False,209
2023-02-09 08:31:00,14269.999358,2023-02-09 10:23:00,14151.905137999993,Short,14299.522913,14151.905137999993,TP,118.09422000000632,0.8275699040855299,14299.522913,14306.833507,14303.17821,1327.6269830000947,11327.626983000095,True,210
2023-02-10 08:31:00,13913.186109,2023-02-10 08:32:00,13903.626101,Long,13903.626101,13951.426141000002,SL,-9.56000800000038,-0.06871185309464317,13874.383723,13903.626101,13889.004912,1318.0669750000943,11318.066975000094,False,211
2023-02-14 08:31:00,13946.646138,2023-02-14 08:34:00,13983.199111,Short,13983.199111,13800.434246,SL,-36.55297299999984,-0.26209149237969886,13983.199111,14020.87679,14002.0379505,1281.5140020000945,11281.514002000094,False,211
2023-02-15 08:31:00,14155.279259,2023-02-15 08:54:00,14120.413347,Long,14120.413347,14294.742907000005,SL,-34.86591200000112,-0.24631030841608575,14119.007463,14120.413347,14119.710405,1246.6480900000934,11246.648090000093,False,211
2023-02-16 08:31:00,14109.166278,2023-02-16 08:36:00,14092.014499,Long,14092.014499,14177.773394,SL,-17.151778999999806,-0.12156479456014392,14088.078025,14092.014499,14090.046262,1229.4963110000936,11229.496311000094,False,211
2023-03-03 08:31:00,13630.322336,2023-03-03 08:32:00,13638.195284,Short,13638.195284,13598.830543999999,SL,-7.872948000000179,-0.057760541577262514,13638.195284,13646.349409,13642.2723465,1221.6233630000934,11221.623363000093,False,211
2023-03-08 08:31:00,13727.890656,2023-03-08 08:32:00,13721.423591,Long,13721.423591,13753.758915999995,SL,-6.467064999998911,-0.04710894894236628,13707.645932,13721.423591,13714.5347615,1215.1562980000945,11215.156298000094,False,211
2023-03-10 08:31:00,13488.328096,2023-03-10 08:32:00,13493.1081,Short,13493.1081,13469.208079999999,SL,-4.78000400000019,-0.0354380762832846,13493.1081,13503.511639,13498.3098695,1210.3762940000943,11210.376294000094,False,211
2023-03-15 08:31:00,13617.409045,2023-03-15 08:33:00,13595.978332,Long,13595.978332,13703.131897,SL,-21.43071299999974,-0.15737731700046573,13595.143369,13595.978332,13595.5608505,1188.9455810000945,11188.945581000095,False,211
2023-03-21 08:31:00,14252.81577,2023-03-21 08:38:00,14237.786439,Long,14237.786439,14312.933093999998,SL,-15.029330999999729,-0.10544815314061783,14226.096959,14237.786439,14231.941698999999,1173.9162500000948,11173.916250000095,False,211
2023-03-23 08:31:00,14330.188994,2023-03-23 08:32:00,14329.07571,Long,14329.07571,14334.642130000004,SL,-1.113284000000931,-0.007768801936018143,14314.603021,14329.07571,14321.8393655,1172.8029660000939,11172.802966000094,False,211
2023-03-27 08:31:00,14354.402917,2023-03-27 08:35:00,14378.060197,Short,14378.060197,14259.773796999994,SL,-23.657280000001265,-0.16480852695017928,14378.060197,14379.173481,14378.616839,1149.1456860000926,11149.145686000093,False,211
2023-03-28 08:31:00,14199.93479,2023-03-28 08:38:00,14140.930745999998,Short,14214.685801,14140.930745999998,TP,59.00404400000116,0.4155233448082698,14214.685801,14215.520763,14215.103282,1208.1497300000938,11208.149730000094,True,212
2023-03-30 08:31:00,14529.745114,2023-03-30 08:32:00,14534.47657,Short,14534.47657,14510.819289999994,SL,-4.731456000001344,-0.03256392980660339,14534.47657,14541.434594,14537.955582,1203.4182740000924,11203.418274000092,False,213
2023-04-06 08:31:00,14460.164877,2023-04-06 09:01:00,14482.152232,Short,14482.152232,14372.215456999995,SL,-21.987355000001116,-0.15205466318695776,14482.152232,14483.822158,14482.987195000002,1181.4309190000913,11181.430919000091,False,213
2023-04-11 08:31:00,14619.086139,2023-04-11 08:33:00,14627.435767,Short,14627.435767,14585.687626999992,SL,-8.349628000001758,-0.05711456872620154,14627.435767,14641.908456,14634.6721115,1173.0812910000895,11173.08129100009,False,213
2023-04-13 08:31:00,14522.787091,2023-04-13 09:05:00,14569.545011000004,Long,14511.097611,14569.545011000004,TP,46.75792000000365,0.32196244224347453,14506.644475,14511.097611,14508.871043,1219.8392110000932,11219.839211000093,True,214
2023-04-20 08:31:00,14553.402395,2023-04-20 08:45:00,14599.047030999996,Long,14541.991236,14599.047030999996,TP,45.64463599999726,0.31363549746744473,14532.528324,14541.991236,14537.25978,1265.4838470000905,11265.48384700009,True,214
2023-04-27 08:31:00,14499.964773,2023-04-27 08:32:00,14510.81929,Short,14510.81929,14456.546705,SL,-10.85451699999976,-0.07485891979690645,14510.81929,14513.324178,14512.071734000001,1254.6293300000907,11254.62933000009,False,215
2023-05-02 08:31:00,14799.438113,2023-05-02 08:32:00,14800.273076,Short,14800.273076,14796.098261000003,SL,-0.834962999999334,-0.005641856086859762,14800.273076,14804.726211,14802.4996435,1253.7943670000914,11253.794367000091,False,215
2023-05-04 08:31:00,14547.835976,2023-05-04 08:32:00,14530.023436000001,Short,14552.289111,14530.023436000001,TP,17.81253999999899,0.12244116602211401,14552.289111,14555.350641,14553.819876000001,1271.6069070000904,11271.60690700009,True,216
2023-05-10 08:31:00,14919.672763,2023-05-10 08:40:00,14887.387533,Long,14887.387533,15048.813683000006,SL,-32.28523000000132,-0.2163936871327834,14885.717607,14887.387533,14886.55257,1239.321677000089,11239.321677000089,False,217
2023-05-16 08:31:00,14988.139716,2023-05-16 09:56:00,15051.596891999996,Long,14972.275422,15051.596891999996,TP,63.45717599999625,0.4233826025270837,14960.864263,14972.275422,14966.569842500001,1302.7788530000853,11302.778853000085,True,218
2023-05-18 08:31:00,15214.414647,2023-05-18 08:35:00,15233.340470999998,Long,15209.683191,15233.340470999998,TP,18.9258239999981,0.12439403315282933,15200.776921,15209.683191,15205.230056,1321.7046770000834,11321.704677000083,True,218
2023-05-25 08:31:00,15489.395744,2023-05-25 09:46:00,15506.929964,Short,15506.929964,15419.258863999994,SL,-17.53422000000137,-0.11320144626554239,15506.929964,15533.648775,15520.2893695,1304.170457000082,11304.170457000082,False,219
2023-05-31 08:31:00,15980.353898,2023-05-31 08:32:00,15961.149752,Long,15961.149752,16057.170482,SL,-19.204146000000037,-0.12017347126713825,15954.470049,15961.149752,15957.8099005,1284.966311000082,11284.966311000082,False,219
2023-06-02 08:31:00,16240.027342,2023-06-02 08:46:00,16224.163048,Long,16224.163048,16303.484517999996,SL,-15.864293999999063,-0.09768637494205927,16192.43446,16224.163048,16208.298754,1269.102017000083,11269.102017000083,False,219
2023-06-05 08:31:00,16244.758799,2023-06-05 10:28:00,16337.161354999993,Long,16221.65816,16337.161354999993,TP,92.40255599999364,0.5688145767093925,16220.544876,16221.65816,16221.101518,1361.5045730000766,11361.504573000077,True,220
2023-06-06 08:31:00,16179.631697,2023-06-06 08:47:00,16198.2792,Short,16198.2792,16105.041685,SL,-18.647503000000142,-0.11525295105115237,16198.2792,16209.690359,16203.9847795,1342.8570700000764,11342.857070000076,False,221
2023-06-07 08:31:00,16294.299927,2023-06-07 08:56:00,16278.157312,Long,16278.157312,16358.870387000003,SL,-16.14261500000066,-0.09906909208938768,16251.16018,16278.157312,16264.658746000001,1326.7144550000758,11326.714455000076,False,221
2023-06-14 08:31:00,16590.358263,2023-06-14 08:34:00,16595.03323,Short,16595.03323,16571.658394999988,SL,-4.674967000002653,-0.028178818840994026,16595.03323,16601.083187,16598.0582085,1322.039488000073,11322.039488000073,False,221
2023-06-19 08:31:00,16771.856986,2023-06-19 08:32:00,16772.68198,Short,16772.68198,16768.55700999999,SL,-0.8249940000023344,-0.004918918642646327,16772.68198,16774.606966,16773.644473,1321.2144940000708,11321.21449400007,False,221
2023-06-20 08:31:00,16767.457017,2023-06-20 09:00:00,16745.73217,Long,16745.73217,16854.356405000006,SL,-21.72484700000132,-0.12956554460211334,16742.432193,16745.73217,16744.0821815,1299.4896470000695,11299.48964700007,False,221
2023-07-04 08:31:00,16903.581059,2023-07-04 08:33:00,16901.381074,Long,16901.381074,16912.380998999997,SL,-2.1999849999992875,-0.013014904902816118,16900.006084,16901.381074,16900.693579,1297.2896620000702,11297.28966200007,False,221
2023-07-05 08:31:00,16865.631326,2023-07-05 08:41:00,16918.430953999992,Long,16852.431419,16918.430953999992,TP,52.79962799999339,0.3130604895803554,16824.381616,16852.431419,16838.4065175,1350.0892900000636,11350.089290000064,True,222
2023-07-10 08:31:00,16725.382313,2023-07-10 08:33:00,16711.082413,Long,16711.082413,16782.58191299999,SL,-14.29989999999816,-0.08549819509287628,16686.057589,16711.082413,16698.570001,1335.7893900000654,11335.789390000065,False,223
2023-07-14 08:31:00,17330.653054,2023-07-14 08:41:00,17383.452681999992,Long,17317.453147,17383.452681999992,TP,52.79962799999339,0.3046603485481869,17294.078311,17317.453147,17305.765729,1388.5890180000588,11388.589018000059,True,224
2023-07-17 08:31:00,17317.728145,2023-07-17 08:32:00,17316.628153,Long,17316.628153,17322.128113,SL,-1.0999919999994745,-0.006351826237190736,17302.328253,17316.628153,17309.478203,1387.4890260000593,11387.48902600006,False,225
2023-07-18 08:31:00,17374.927742,2023-07-18 08:32:00,17378.502717,Short,17378.502717,17360.627842,SL,-3.57497499999954,-0.02057548125140019,17378.502717,17387.577653,17383.040184999998,1383.9140510000598,11383.91405100006,False,225
2023-07-21 08:31:00,17238.8037,2023-07-21 08:32:00,17241.003685,Short,17241.003685,17230.003760000003,SL,-2.1999849999992875,-0.012761819429496071,17241.003685,17253.103599,17247.053642,1381.7140660000605,11381.71406600006,False,225
2023-07-24 08:31:00,17171.97917,2023-07-24 08:32:00,17164.279225,Long,17164.279225,17202.77895,SL,-7.699945000000298,-0.044840172025437525,17137.329414,17164.279225,17150.8043195,1374.0141210000602,11374.01412100006,False,225
2023-07-25 08:31:00,17174.179155,2023-07-25 10:42:00,17251.178615000008,Long,17154.92929,17251.178615000008,TP,76.99946000000637,0.4483443389350526,17150.254323,17154.92929,17152.5918065,1451.0135810000666,11451.013581000067,True,226
2023-08-01 08:31:00,17356.502872,2023-08-01 08:34:00,17369.702779,Short,17369.702779,17303.703244000008,SL,-13.199906999998348,-0.07605165105749966,17369.702779,17372.727758,17371.2152685,1437.8136740000682,11437.813674000068,False,227
2023-08-02 08:31:00,17195.079008,2023-08-02 08:33:00,17222.303816,Short,17222.303816,17086.179776000004,SL,-27.22480799999903,-0.15832906605042468,17222.303816,17229.178768,17225.741292,1410.5888660000692,11410.58886600007,False,227
2023-08-03 08:31:00,16911.006007,2023-08-03 08:32:00,16908.806022,Long,16908.806022,16919.805946999997,SL,-2.1999849999992875,-0.013009190577359173,16897.531101,16908.806022,16903.168561500002,1408.38888100007,11408.38888100007,False,227
2023-08-04 08:31:00,17083.154795,2023-08-04 08:37:00,17139.254398999987,Long,17069.129894,17139.254398999987,TP,56.099603999988176,0.3283913578796801,17066.379913,17069.129894,17067.7549035,1464.488485000058,11464.488485000058,True,228
2023-08-14 08:31:00,16560.383474,2023-08-14 08:33:00,16570.008406,Short,16570.008406,16521.88374599999,SL,-9.624932000002445,-0.05812022417906992,16570.008406,16570.558402,16570.283404,1454.8635530000556,11454.863553000056,False,229
2023-08-21 08:31:00,16292.810357,2023-08-21 08:32:00,16290.610372,Long,16290.610372,16301.610297000005,SL,-2.1999850000011065,-0.01350279633651975,16289.51038,16290.610372,16290.060376,1452.6635680000545,11452.663568000055,False,229
2023-08-22 08:31:00,16584.308305,2023-08-22 08:32:00,16584.858302,Short,16584.858302,16582.10831699999,SL,-0.5499970000018948,-0.0033163698472493805,16584.858302,16593.933238,16589.395770000003,1452.1135710000526,11452.113571000053,False,229
2023-08-23 08:31:00,16534.533656,2023-08-23 08:32:00,16516.93378,Long,16516.93378,16604.93316,SL,-17.599876000000222,-0.10644313511444958,16513.083807,16516.93378,16515.008793499997,1434.5136950000524,11434.513695000052,False,229
2023-08-24 08:31:00,16823.006626,2023-08-24 08:49:00,16719.60735399999,Short,16848.856444,16719.60735399999,TP,103.39927200000966,0.6146301567771234,16848.856444,16866.181322,16857.518883,1537.912967000062,11537.912967000062,True,230
2023-08-25 08:31:00,16401.70959,2023-08-25 08:32:00,16397.859617,Long,16397.859617,16417.109482,SL,-3.8499730000003183,-0.023472998219329636,16386.859695,16397.859617,16392.359656,1534.0629940000617,11534.062994000062,False,231
2023-08-28 08:31:00,16581.283327,2023-08-28 08:33:00,16592.833245,Short,16592.833245,16535.083655,SL,-11.549918000000616,-0.0696563575461822,16592.833245,16605.483156,16599.158200500002,1522.5130760000611,11522.513076000061,False,231
2023-08-31 08:31:00,17089.754749,2023-08-31 08:34:00,17068.3049,Long,17068.3049,17175.554145000002,SL,-21.44984900000054,-0.12551291294133798,17042.180084,17068.3049,17055.242491999998,1501.0632270000606,11501.06322700006,False,231
2023-09-04 08:31:00,17116.704559,2023-09-04 08:35:00,17127.704479000004,Long,17113.954579,17127.704479000004,TP,10.999920000002021,0.0642642394281336,17110.379604,17113.954579,17112.1670915,1512.0631470000626,11512.063147000063,True,232
2023-09-07 08:31:00,16683.032611,2023-09-07 08:35:00,16715.207384,Short,16715.207384,16554.33351899999,SL,-32.17477300000246,-0.19285925856662262,16715.207384,16716.857373,16716.0323785,1479.8883740000601,11479.88837400006,False,233
2023-09-08 08:31:00,16841.431496,2023-09-08 09:20:00,16923.93091600001,Long,16820.806641,16923.93091600001,TP,82.49942000000738,0.4898599030587261,16807.606734,16820.806641,16814.206687500002,1562.3877940000675,11562.387794000068,True,234
2023-09-13 08:31:00,16879.659704,2023-09-13 08:34:00,16855.222794,Long,16855.222794,16977.407344000003,SL,-24.436910000000353,-0.1447713427197202,16838.931521,16855.222794,16847.0771575,1537.9508840000672,11537.950884000067,False,235
2023-09-14 08:31:00,16938.579809,2023-09-14 08:33:00,16959.486943,Short,16959.486943,16854.951272999995,SL,-20.90713400000095,-0.1234290845853106,16959.486943,16961.11607,16960.3015065,1517.0437500000662,11517.043750000066,False,235
2023-09-19 08:31:00,16660.8136,2023-09-19 08:32:00,16662.171207,Short,16662.171207,16655.38317200001,SL,-1.3576069999980973,-0.008148503624085304,16662.171207,16671.945971,16667.058589,1515.6861430000681,11515.686143000068,False,235
2023-09-20 08:31:00,16701.270262,2023-09-20 08:32:00,16717.290014,Short,16717.290014,16637.191253999998,SL,-16.019752000000153,-0.09591936271128737,16717.290014,16743.08453,16730.187272,1499.666391000068,11499.666391000068,False,235
2023-09-21 08:31:00,16300.776462,2023-09-21 08:32:00,16287.471923,Long,16287.471923,16353.994618000002,SL,-13.30453900000066,-0.08161905066924817,16280.412371,16287.471923,16283.942147,1486.3618520000673,11486.361852000067,False,235
2023-09-22 08:31:00,16208.187726,2023-09-22 08:32:00,16209.273811,Short,16209.273811,16203.843386000004,SL,-1.0860849999990023,-0.006700841687912976,16209.273811,16218.234011,16213.753911,1485.2757670000683,11485.275767000068,False,235
2023-09-27 08:31:00,16046.089558,2023-09-27 08:32:00,16041.202176,Long,16041.202176,16065.639085999996,SL,-4.887381999998979,-0.030458399115454938,16026.268509,16041.202176,16033.7353425,1480.3883850000693,11480.38838500007,False,235
2023-10-04 08:31:00,16049.347812,2023-10-04 08:35:00,16078.672103999997,Long,16042.016739,16078.672103999997,TP,29.324291999997513,0.1827132936708613,16027.626115,16042.016739,16034.821426999999,1509.7126770000668,11509.712677000067,True,236
2023-10-06 08:31:00,16058.579534,2023-10-06 08:35:00,16028.983721,Long,16028.983721,16176.962786,SL,-29.595812999999907,-0.18429907164166184,16013.507011,16028.983721,16021.245366,1480.116864000067,11480.116864000067,False,237
2023-10-11 08:31:00,16686.336595,2023-10-11 08:44:00,16658.912952,Long,16658.912952,16796.03116700001,SL,-27.423643000001903,-0.16434789532064992,16648.052103,16658.912952,16653.4825275,1452.693221000065,11452.693221000065,False,237
2023-10-19 08:31:00,16396.080411,2023-10-19 08:32:00,16388.477817,Long,16388.477817,16426.490787,SL,-7.602593999999954,-0.04636836249534026,16387.391732,16388.477817,16387.934774499998,1445.090627000065,11445.090627000065,False,237
2023-10-20 08:31:00,16102.565972,2023-10-20 08:37:00,16117.77116,Short,16117.77116,16041.74522,SL,-15.205187999999907,-0.09442711196736904,16117.77116,16136.234603,16127.0028815,1429.8854390000652,11429.885439000065,False,237
2023-10-25 08:31:00,15968.70601,2023-10-25 09:26:00,15857.925353999997,Short,15996.401174,15857.925353999997,TP,110.78065600000264,0.6937359603879553,15996.401174,16003.460726,15999.93095,1540.6660950000678,11540.666095000068,True,238
2023-10-27 08:31:00,15555.722234,2023-10-27 08:32:00,15548.934203,Long,15548.934203,15582.874358000001,SL,-6.788031000000046,-0.04363687457187625,15547.305076,15548.934203,15548.1196395,1533.8780640000678,11533.878064000068,False,239
2023-10-30 08:31:00,15575.814804,2023-10-30 08:32:00,15592.377599,Short,15592.377599,15509.563624,SL,-16.562794999999824,-0.10633661999978555,15592.377599,15596.178896,15594.278247499999,1517.315269000068,11517.315269000068,False,239
2023-11-06 08:31:00,16547.860773,2023-11-06 08:32:00,16538.629051,Long,16538.629051,16584.787661000002,SL,-9.231722000000445,-0.05578800865344002,16514.735184,16538.629051,16526.6821175,1508.0835470000675,11508.083547000067,False,239
2023-11-10 08:31:00,16640.72103,2023-11-10 08:32:00,16641.535594,Short,16641.535594,16637.462774,SL,-0.8145640000002459,-0.004895004240091187,16641.535594,16642.8932,16642.214397,1507.2689830000672,11507.268983000067,False,239
2023-11-20 08:31:00,17316.808869,2023-11-20 11:13:00,17411.298253,Long,17293.186523,17411.298253,TP,94.48938400000043,0.5456512496892676,17265.219837,17293.186523,17279.20318,1601.7583670000677,11601.758367000068,True,240
2023-11-21 08:31:00,17364.325082,2023-11-21 08:32:00,17371.656155,Short,17371.656155,17335.000789999995,SL,-7.331073000001197,-0.042219164668833846,17371.656155,17384.146131,17377.901143000003,1594.4272940000665,11594.427294000066,False,241
2023-11-22 08:31:00,17499.814171,2023-11-22 08:52:00,17481.62225,Long,17481.62225,17572.581855000008,SL,-18.191921000001457,-0.10395493816241995,17454.198606,17481.62225,17467.910428000003,1576.235373000065,11576.235373000065,False,241
2023-11-23 08:31:00,17441.165588,2023-11-23 08:32:00,17442.794715,Short,17442.794715,17434.64908,SL,-1.6291270000001532,-0.00934070026329569,17442.794715,17444.423842,17443.6092785,1574.6062460000649,11574.606246000065,False,241
2023-11-24 08:31:00,17399.079799,2023-11-24 08:32:00,17400.980447,Short,17400.980447,17391.47720699999,SL,-1.9006480000025476,-0.010923842076474562,17400.980447,17404.781744,17402.8810955,1572.7055980000623,11572.705598000062,False,241
2023-11-27 08:31:00,17408.31152,2023-11-27 08:32:00,17393.649374,Long,17393.649374,17466.960103999994,SL,-14.662145999998756,-0.08422497485269471,17376.272016,17393.649374,17384.960695,1558.0434520000636,11558.043452000064,False,241
2023-11-29 08:31:00,17553.846894,2023-11-29 08:33:00,17574.482505999997,Long,17548.687991,17574.482505999997,TP,20.63561199999822,0.11755606691004913,17539.456269,17548.687991,17544.07213,1578.6790640000618,11578.679064000062,True,242
2023-12-06 08:31:00,17371.384634,2023-12-06 09:00:00,17301.875201999992,Short,17388.761992,17301.875201999992,TP,69.5094320000062,0.4001375449597693,17388.761992,17403.695659,17396.228825500002,1648.188496000068,11648.188496000068,True,242
2023-12-08 08:31:00,17333.371663,2023-12-08 08:32:00,17332.828621,Long,17332.828621,17335.543831000006,SL,-0.5430420000011509,-0.003132927687463911,17329.841887,17332.828621,17331.335253999998,1647.6454540000668,11647.645454000067,False,243
2023-12-13 08:31:00,17837.75052,2023-12-13 08:46:00,17815.774266,Long,17815.774266,17925.655536000006,SL,-21.976254000001063,-0.12320081489737678,17806.126154,17815.774266,17810.950210000003,1625.6692000000658,11625.669200000066,False,243
2023-12-15 08:31:00,18026.424705,2023-12-15 08:33:00,18003.644441,Long,18003.644441,18117.545761000005,SL,-22.780264000000898,-0.12637150390494417,17999.356391,18003.644441,18001.500416000003,1602.8889360000649,11602.888936000065,False,243
2023-12-18 08:31:00,18084.313375,2023-12-18 08:48:00,18059.925093,Long,18059.925093,18181.866503,SL,-24.38828199999989,-0.1348587667901983,18059.657089,18059.925093,18059.791091,1578.500654000065,11578.500654000065,False,243
2023-12-19 08:31:00,18203.574756,2023-12-19 08:32:00,18196.606675,Long,18196.606675,18231.447080000013,SL,-6.968081000002712,-0.038278640835124944,18175.702433,18196.606675,18186.154554,1571.5325730000623,11571.532573000062,False,243
2023-12-21 08:31:00,18167.66234,2023-12-21 08:32:00,18162.034275,Long,18162.034275,18190.174599999988,SL,-5.62806499999715,-0.030978476452668102,18145.954089,18162.034275,18153.994182000002,1565.904508000065,11565.904508000065,False,243
2023-12-22 08:31:00,18239.219168,2023-12-22 08:32:00,18233.055097,Long,18233.055097,18263.875451999997,SL,-6.16407099999924,-0.03379569565573214,18226.891026,18233.055097,18229.9730615,1559.7404370000659,11559.740437000066,False,243
2023-12-26 08:31:00,18248.86728,2023-12-26 08:32:00,18246.723255,Long,18246.723255,18257.44337999999,SL,-2.1440249999977823,-0.011748811403475681,18237.879153,18246.723255,18242.301204000003,1557.596412000068,11557.596412000068,False,243
2023-12-27 08:31:00,18340.792344,2023-12-27 08:32:00,18333.556261,Long,18333.556261,18369.736676,SL,-7.23608299999978,-0.03945349178094255,18323.908149,18333.556261,18328.732205,1550.3603290000683,11550.360329000068,False,243
2024-01-08 08:31:00,17727.065239,2024-01-08 08:58:00,17812.826230999995,Long,17705.624991,17812.826230999995,TP,85.7609919999959,0.4837856173244035,17703.480966,17705.624991,17704.5529785,1636.1213210000642,11636.121321000064,True,244
2024-01-09 08:31:00,17902.875274,2024-01-09 08:37:00,17883.847054,Long,17883.847054,17978.988154000002,SL,-19.028220000000147,-0.10628583235249625,17878.218989,17883.847054,17881.0330215,1617.093101000064,11617.093101000064,False,245
2024-01-10 08:31:00,18071.717229,2024-01-10 08:40:00,18063.945139,Long,18063.945139,18102.80558900001,SL,-7.772090000002208,-0.04300692569231993,18054.029024,18063.945139,18058.9870815,1609.3210110000618,11609.321011000062,False,245
2024-01-11 08:31:00,18223.406985,2024-01-11 08:32:00,18216.438905,Long,18216.438905,18251.27930500001,SL,-6.968080000002374,-0.03823697734313852,18209.738827,18216.438905,18213.088866,1602.3529310000595,11602.35293100006,False,245
2024-01-15 08:31:00,18184.814538,2024-01-15 08:32:00,18183.474523,Long,18183.474523,18190.17459799999,SL,-1.3400149999979476,-0.0073688681135448365,18180.526489,18183.474523,18182.000506,1601.0129160000615,11601.012916000062,False,245
2024-01-16 08:31:00,18145.150079,2024-01-16 08:32:00,18139.254011,Long,18139.254011,18168.734350999992,SL,-5.896067999998195,-0.03249390594361584,18136.841983,18139.254011,18138.047997,1595.1168480000633,11595.116848000063,False,245
2024-01-18 08:31:00,18248.86728,2024-01-18 08:32:00,18245.115237,Long,18245.115237,18263.875451999986,SL,-3.7520429999967746,-0.02056041584624191,18224.210995,18245.115237,18234.663116000003,1591.3648050000666,11591.364805000067,False,245
2024-01-22 08:31:00,18821.857914,2024-01-22 08:40:00,18798.005638,Long,18798.005638,18917.267018000006,SL,-23.85227600000144,-0.12672646934742682,18793.717588,18798.005638,18795.861613,1567.5125290000651,11567.512529000065,False,245
2024-01-23 08:31:00,18711.440636,2024-01-23 08:51:00,18736.096921,Short,18736.096921,18612.815495999996,SL,-24.656285000000935,-0.13177117400871483,18736.096921,18743.333005,18739.714963,1542.8562440000642,11542.856244000064,False,245
2024-01-25 08:31:00,18955.591462,2024-01-25 08:32:00,18971.671648,Short,18971.671648,18891.270718000003,SL,-16.08018599999923,-0.08483083227571635,18971.671648,18992.307887,18981.9897675,1526.776058000065,11526.776058000065,False,245
2024-02-06 08:31:00,19037.600412,2024-02-06 08:32:00,19026.612285,Long,19026.612285,19081.552920000002,SL,-10.988127000000532,-0.057718025182808066,19018.840195,19026.612285,19022.72624,1515.7879310000644,11515.787931000064,False,245
2024-02-07 08:31:00,19036.260396,2024-02-07 08:32:00,19047.248523,Short,19047.248523,18992.307888000014,SL,-10.988126999996894,-0.057722088117190165,19047.248523,19049.660551,19048.454536999998,1504.7998040000675,11504.799804000068,False,245
2024-02-12 08:31:00,19310.42757,2024-02-12 08:32:00,19319.807679,Short,19319.807679,19272.907133999994,SL,-9.38010900000154,-0.04857535632496375,19319.807679,19325.435744,19322.6217115,1495.419695000066,11495.419695000066,False,245
2024-02-14 08:31:00,19080.212905,2024-02-14 08:32:00,19077.532874,Long,19077.532874,19090.933029,SL,-2.6800309999998717,-0.014046127332769777,19073.512828,19077.532874,19075.522851,1492.739664000066,11492.739664000066,False,245
2024-02-16 08:31:00,19199.206283,2024-02-16 08:37:00,19211.534426,Short,19211.534426,19149.893711000004,SL,-12.328142999998818,-0.06421173260123161,19211.534426,19216.090478,19213.812452,1480.4115210000673,11480.411521000067,False,245
2024-02-19 08:31:00,19075.924855,2024-02-19 08:32:00,19075.924855,Long,19075.924855,19075.924855,SL,0.0,0.0,19071.904809,19075.924855,19073.914832000002,1480.4115210000673,11480.411521000067,False,245
2024-02-20 08:31:00,18986.947825,2024-02-20 08:34:00,18950.499403,Long,18950.499403,19132.74151299999,SL,-36.44842199999766,-0.19196567208135606,18937.635254,18950.499403,18944.0673285,1443.9630990000696,11443.96309900007,False,245
2024-02-26 08:31:00,19344.463965,2024-02-26 08:32:00,19327.579769,Long,19327.579769,19412.000748999995,SL,-16.884195999999065,-0.08728179819584402,19314.71562,19327.579769,19321.1476945,1427.0789030000706,11427.07890300007,False,245
2024-02-29 08:31:00,19341.51593,2024-02-29 08:32:00,19340.175915,Long,19340.175915,19346.875990000008,SL,-1.3400150000015856,-0.006928179801683133,19333.74384,19340.175915,19336.959877499998,1425.738888000069,11425.738888000069,False,245
2024-03-01 08:31:00,19439.873069,2024-03-01 08:48:00,19407.9807,Long,19407.9807,19567.442545000005,SL,-31.892369000001054,-0.16405646727631445,19401.012619,19407.9807,19404.4966595,1393.846519000068,11393.846519000068,False,245
2024-03-05 08:31:00,19422.720871,2024-03-05 08:35:00,19372.336291000003,Short,19435.317016,19372.336291000003,TP,50.384579999998095,0.2594105137721829,19435.317016,19436.389029,19435.8530225,1444.231099000066,11444.231099000066,True,246
2024-03-13 08:31:00,19450.661831,2024-03-13 09:01:00,19370.286103000002,Short,19470.755763,19370.286103000002,TP,80.37572799999907,0.4132287564215329,19470.755763,19487.412576,19479.084169499998,1524.606827000065,11524.606827000065,True,246
2024-03-14 08:31:00,19407.565635,2024-03-14 08:32:00,19412.589118,Short,19412.589118,19387.471702999996,SL,-5.0234830000008515,-0.025884147937345628,19412.589118,19427.659567,19420.1243425,1519.5833440000642,11519.583344000064,False,247
2024-03-19 08:31:00,19159.56421,2024-03-19 08:33:00,19184.417232,Short,19184.417232,19060.152122000003,SL,-24.853021999999328,-0.12971600881729725,19184.417232,19186.796776,19185.607003999998,1494.730322000065,11494.730322000065,False,247
2024-03-20 08:31:00,19387.207309,2024-03-20 08:32:00,19375.57398,Long,19375.57398,19433.740625000002,SL,-11.63332900000023,-0.06000518184276992,19372.930042,19375.57398,19374.252011,1483.0969930000647,11483.096993000065,False,247
2024-03-27 08:31:00,19616.436771,2024-03-27 08:36:00,19565.673155000004,Short,19629.127675,19565.673155000004,TP,50.763615999996546,0.2587810242635046,19629.127675,19632.036008,19630.5818415,1533.8606090000612,11533.860609000061,True,248
2024-03-28 08:31:00,19532.888316,2024-03-28 08:38:00,19555.097399,Short,19555.097399,19444.05198400001,SL,-22.209082999997918,-0.11370096752053695,19555.097399,19560.120882,19557.609140499997,1511.6515260000633,11511.651526000063,False,249
2024-04-01 08:31:00,19557.21255,2024-04-01 08:32:00,19560.120882,Short,19560.120882,19545.579222000004,SL,-2.9083319999990636,-0.014870892222312445,19560.120882,19560.64967,19560.385276,1508.7431940000642,11508.743194000064,False,249
2024-04-03 08:31:00,19310.797489,2024-04-03 09:00:00,19366.848985,Long,19296.784615,19366.848985,TP,56.05149600000004,0.29025987161808636,19292.28992,19296.784615,19294.5372675,1564.7946900000643,11564.794690000064,True,250
2024-04-15 08:31:00,19350.985353,2024-04-15 08:45:00,19369.757315,Short,19369.757315,19275.897505000004,SL,-18.771961999998894,-0.09700778362218469,19369.757315,19388.529278,19379.1432965,1546.0227280000654,11546.022728000065,False,251
2024-04-17 08:31:00,18984.271093,2024-04-17 08:32:00,18986.386243,Short,18986.386243,18975.810492999994,SL,-2.1151500000014494,-0.011141591845374358,18986.386243,18987.179425,18986.782833999998,1543.907578000064,11543.907578000064,False,251
2024-04-19 08:31:00,18485.095518,2024-04-19 08:32:00,18485.359911,Short,18485.359911,18484.037945999993,SL,-0.2643930000012915,-0.0014303036721873407,18485.359911,18494.87809,18490.1190005,1543.6431850000627,11543.643185000063,False,251
2024-05-06 08:31:00,19095.580901,2024-05-06 08:32:00,19099.282414,Short,19099.282414,19080.774849,SL,-3.701512999999977,-0.019384134052743772,19099.282414,19107.21423,19103.248322,1539.9416720000627,11539.941672000063,False,251
2024-05-08 08:31:00,19150.57482,2024-05-08 08:33:00,19135.768765,Long,19135.768765,19209.799040000005,SL,-14.806055000000924,-0.07731389339049052,19134.182402,19135.768765,19134.9755835,1525.1356170000618,11525.135617000062,False,251
2024-05-14 08:31:00,19340.938387,2024-05-14 08:32:00,19333.006571,Long,19333.006571,19372.665650999985,SL,-7.931815999996616,-0.041010502392831064,19329.040664,19333.006571,19331.023617500003,1517.2038010000651,11517.203801000065,False,251
2024-05-22 08:31:00,19894.843487,2024-05-22 08:32:00,19892.99273,Long,19892.99273,19902.246514999984,SL,-1.8507569999965199,-0.009302696958666052,19891.406367,19892.99273,19892.1995485,1515.3530440000686,11515.353044000069,False,251
2024-05-23 08:31:00,20037.880556,2024-05-23 08:54:00,19939.526043999995,Short,20062.469184,19939.526043999995,TP,98.35451200000534,0.4908428899210838,20062.469184,20066.170697,20064.3199405,1613.707556000074,11613.707556000074,True,252
2024-05-24 08:31:00,19829.00942,2024-05-24 08:33:00,19831.653359,Short,19831.653359,19818.433663999993,SL,-2.64393900000141,-0.013333691784596521,19831.653359,19839.32078,19835.4870695,1611.0636170000726,11611.063617000073,False,253
2024-05-27 08:31:00,19979.978305,2024-05-27 08:53:00,19973.897246,Long,19973.897246,20004.302541,SL,-6.081059000000096,-0.030435763778974213,19967.2874,19973.897246,19970.592323,1604.9825580000725,11604.982558000072,False,253
2024-05-29 08:31:00,19878.451069,2024-05-29 08:33:00,19871.841223,Long,19871.841223,19904.890452999996,SL,-6.609845999999379,-0.033251313077945426,19845.930626,19871.841223,19858.8859245,1598.372712000073,11598.372712000073,False,253
2024-05-30 08:31:00,19833.239722,2024-05-30 08:32:00,19838.527599,Short,19838.527599,19812.08821399999,SL,-5.2878770000024815,-0.026661690546385675,19838.527599,19840.642749,19839.585174,1593.0848350000706,11593.08483500007,False,253
2024-06-05 08:31:00,19920.48969,2024-06-05 08:32:00,19923.92681,Short,19923.92681,19906.74120999999,SL,-3.4371200000023236,-0.017254194316958703,19923.92681,19930.536656,19927.231733,1589.6477150000683,11589.647715000068,False,253
2024-06-07 08:31:00,20114.554771,2024-06-07 08:32:00,20112.439623000002,Short,20115.083558,20112.439623000002,TP,2.1151479999971343,0.010515509908509793,20115.083558,20131.475977,20123.279767499997,1591.7628630000654,11591.762863000065,True,254
2024-06-17 08:31:00,20837.530543,2024-06-17 08:32:00,20833.616362,Long,20833.616362,20853.187267,SL,-3.9141810000000987,-0.018784284404156512,20833.355417,20833.616362,20833.4858895,1587.8486820000653,11587.848682000065,False,255
2024-06-19 08:31:00,21132.398796,2024-06-19 08:34:00,21130.311233,Long,21130.311233,21140.749048000005,SL,-2.087563000000955,-0.009878495196655547,21129.006507,21130.311233,21129.65887,1585.7611190000644,11585.761119000064,False,255
2024-06-21 08:31:00,20869.104931,2024-06-21 08:32:00,20881.369363,Short,20881.369363,20820.047203000002,SL,-12.264431999999942,-0.05876836615921054,20881.369363,20889.980559,20885.674961,1573.4966870000644,11573.496687000064,False,255
2024-06-27 08:31:00,20894.416631,2024-06-27 08:35:00,20933.036546999996,Long,20884.761652,20933.036546999996,TP,38.61991599999601,0.18483366481118968,20873.280057,20884.761652,20879.0208545,1612.1166030000604,11612.11660300006,True,256
2024-06-28 08:31:00,20927.295745,2024-06-28 08:32:00,20935.385052,Short,20935.385052,20894.93851699999,SL,-8.089307000002009,-0.038654334982267,20935.385052,20943.996248,20939.69065,1604.0272960000584,11604.027296000058,False,257
2024-07-03 08:31:00,21143.358501,2024-07-03 08:35:00,21123.004763,Long,21123.004763,21224.77345299999,SL,-20.353737999997975,-0.09626539699941862,21110.479386,21123.004763,21116.742074499998,1583.6735580000604,11583.67355800006,False,257
2024-07-04 08:31:00,21293.402081,2024-07-04 08:34:00,21282.964264999995,Short,21296.011535,21282.964264999995,TP,10.437816000005114,0.04901901518742619,21296.011535,21298.099098,21297.055316500002,1594.1113740000656,11594.111374000066,True,258
2024-07-05 08:31:00,21362.813546,2024-07-05 08:34:00,21344.025481,Long,21344.025481,21437.965806000004,SL,-18.788065000000643,-0.08794752132973861,21340.1113,21344.025481,21342.0683905,1575.323309000065,11575.323309000065,False,259
2024-07-16 08:31:00,21545.997187,2024-07-16 08:32:00,21547.823805,Short,21547.823805,21538.690715000004,SL,-1.8266179999991436,-0.00847776031968134,21547.823805,21549.389477,21548.606641,1573.4966910000658,11573.496691000066,False,259
2024-07-18 08:31:00,20991.227358,2024-07-18 09:31:00,20889.980558000007,Short,21016.539058,20889.980558000007,TP,101.24679999999353,0.4823291095525541,21016.539058,21017.843784,21017.191421,1674.7434910000593,11674.74349100006,True,260
2024-07-19 08:31:00,20712.798662,2024-07-19 08:32:00,20733.674291,Short,20733.674291,20629.296146000008,SL,-20.8756289999983,-0.10078613392934209,20733.674291,20738.632252,20736.1532715,1653.867862000061,11653.867862000061,False,261
2024-07-22 08:31:00,20773.077039,2024-07-22 08:36:00,20794.996449,Short,20794.996449,20685.399399000005,SL,-21.919409999998607,-0.10551835897419745,20794.996449,20820.047204,20807.5218265,1631.9484520000624,11631.948452000062,False,261
2024-07-26 08:31:00,19963.885487,2024-07-26 08:32:00,19980.064099,Short,19980.064099,19899.171039,SL,-16.178611999999703,-0.0810393949140553,19980.064099,19997.547438,19988.805768500002,1615.7698400000627,11615.769840000063,False,261
2024-07-29 08:31:00,20074.265373,2024-07-29 08:32:00,20106.622598,Short,20106.622598,19944.836472999985,SL,-32.35722500000338,-0.16118759216725329,20106.622598,20124.888773,20115.7556855,1583.4126150000593,11583.41261500006,False,261
2024-07-31 08:31:00,20191.429839,2024-07-31 08:40:00,20215.175866,Short,20215.175866,20096.445730999996,SL,-23.74602700000105,-0.11760448462216035,20215.175866,20218.30721,20216.741538000002,1559.6665880000583,11559.666588000058,False,261
2024-08-02 08:31:00,19435.99303,2024-08-02 08:37:00,19457.91244,Short,19457.91244,19348.315390000007,SL,-21.919409999998607,-0.11277741233064542,19457.91244,19460.260948,19459.086693999998,1537.7471780000596,11537.74717800006,False,261
2024-08-07 08:31:00,19313.870603,2024-08-07 08:32:00,19286.993231,Long,19286.993231,19421.380090999995,SL,-26.877371999999013,-0.13916098203445657,19268.988001,19286.993231,19277.990616000003,1510.8698060000606,11510.86980600006,False,261
2024-08-09 08:31:00,19292.212138,2024-08-09 08:35:00,19264.03004,Long,19264.03004,19404.94052999999,SL,-28.182097999997495,-0.14608017887428798,19263.769094,19264.03004,19263.899567,1482.6877080000631,11482.687708000063,False,261
2024-08-13 08:31:00,19682.847338,2024-08-13 08:42:00,19655.969966,Long,19655.969966,19790.356825999996,SL,-26.877371999999013,-0.13655225556776612,19653.882403,19655.969966,19654.9261845,1455.8103360000641,11455.810336000064,False,261
2024-08-14 08:31:00,20001.722564,2024-08-14 08:32:00,19991.545695,Long,19991.545695,20042.430039999996,SL,-10.176868999998987,-0.05087996280038287,19977.1937,19991.545695,19984.3696975,1445.6334670000651,11445.633467000065,False,261
2024-08-20 08:31:00,20709.145427,2024-08-20 08:46:00,20749.852902999995,Long,20698.968558,20749.852902999995,TP,40.70747599999595,0.19656762826592877,20688.269798,20698.968558,20693.619178,1486.340943000061,11486.340943000061,True,262
2024-08-23 08:31:00,20582.847874,2024-08-23 08:40:00,20606.854847,Short,20606.854847,20486.819982,SL,-24.00697299999956,-0.11663581807027236,20606.854847,20611.812809,20609.333828,1462.3339700000615,11462.333970000062,False,263
2024-08-28 08:31:00,20507.956557,2024-08-28 08:32:00,20500.650087,Long,20500.650087,20537.182437,SL,-7.3064699999995355,-0.03562748916349548,20485.515256,20500.650087,20493.0826715,1455.027500000062,11455.027500000062,False,263
2024-09-02 08:31:00,20484.73242,2024-09-02 08:33:00,20480.035403,Long,20480.035403,20503.520487999995,SL,-4.697016999998596,-0.022929354915140237,20477.947841,20480.035403,20478.991622,1450.3304830000634,11450.330483000063,False,263
2024-09-03 08:31:00,20313.552266,2024-09-03 08:32:00,20289.545293999996,Short,20319.554009,20289.545293999996,TP,24.00697200000286,0.1181820475593762,20319.554009,20326.338588,20322.9462985,1474.3374550000663,11474.337455000066,True,264
2024-09-10 08:31:00,19622.047069,2024-09-10 08:34:00,19593.082135,Long,19593.082135,19737.906805,SL,-28.96493399999963,-0.14761423157403408,19584.209993,19593.082135,19588.646064,1445.3725210000666,11445.372521000067,False,265
2024-09-12 08:31:00,20054.694471,2024-09-12 08:33:00,20083.398461,Short,20083.398461,19939.87851099999,SL,-28.703990000001795,-0.14312853303005474,20083.398461,20091.748712,20087.573586500002,1416.6685310000648,11416.668531000065,False,265
2024-09-16 08:31:00,20260.319413,2024-09-16 08:34:00,20193.517401,Short,20277.019916,20193.517401,TP,66.8020120000001,0.3297184542763758,20277.019916,20280.15126,20278.585588,1483.470543000065,11483.470543000065,True,266
2024-09-17 08:31:00,20438.127842,2024-09-17 08:32:00,20430.391402,Long,20430.391402,20469.073602000004,SL,-7.736440000000584,-0.037852977825602666,20419.302504,20430.391402,20424.846953,1475.7341030000644,11475.734103000064,False,267
2024-09-18 08:31:00,20333.428017,2024-09-18 08:32:00,20348.127254,Short,20348.127254,20274.631068999995,SL,-14.699237000000721,-0.07229099287985899,20348.127254,20348.385135,20348.256194499998,1461.0348660000636,11461.034866000064,False,267
2024-09-19 08:31:00,20671.510456,2024-09-19 08:32:00,20676.15232,Short,20676.15232,20652.942999999996,SL,-4.641864000001078,-0.022455369238166902,20676.15232,20680.278421,20678.215370500002,1456.3930020000626,11456.393002000063,False,267
2024-09-25 08:31:00,20805.350872,2024-09-25 08:42:00,20791.941042,Long,20791.941042,20858.990192,SL,-13.409830000000511,-0.06445375558673015,20782.399433,20791.941042,20787.1702375,1442.983172000062,11442.983172000062,False,267
2024-09-26 08:31:00,21118.418821,2024-09-26 08:48:00,21057.558825,Short,21133.63382,21057.558825,TP,60.85999599999923,0.2881844351883035,21133.63382,21148.590938,21141.112379,1503.8431680000613,11503.843168000061,True,268
2024-09-27 08:31:00,20990.767557,2024-09-27 08:33:00,21002.88798,Short,21002.88798,20942.285864999998,SL,-12.1204230000003,-0.05774168556289111,21002.88798,21018.36086,21010.62442,1491.722745000061,11491.722745000061,False,269
2024-10-04 08:31:00,20851.769514,2024-10-04 08:35:00,20859.505954,Short,20859.505954,20820.823753999997,SL,-7.736440000000584,-0.0371020790096797,20859.505954,20862.084767,20860.7953605,1483.9863050000604,11483.98630500006,False,269
2024-10-08 08:31:00,20715.608165,2024-10-08 08:32:00,20725.923419,Short,20725.923419,20674.347149000012,SL,-10.315253999997367,-0.04979459892191568,20725.923419,20726.1813,20726.052359499998,1473.671051000063,11473.671051000063,False,269
2024-10-16 08:31:00,20944.606797,2024-10-16 09:25:00,20986.125693,Short,20986.125693,20778.531212999995,SL,-41.518896000001405,-0.1982319190921663,20986.125693,20988.962387,20987.54404,1432.1521550000616,11432.152155000062,False,269
2024-10-17 08:31:00,21187.788902,2024-10-17 08:35:00,21110.424501999994,Short,21207.130002,21110.424501999994,TP,77.36440000000584,0.3651367320952641,21207.130002,21220.797713,21213.9638575,1509.5165550000675,11509.516555000067,True,270
2024-10-18 08:31:00,21081.026026,2024-10-18 08:32:00,21101.398652,Short,21101.398652,20999.535522,SL,-20.37262600000031,-0.0966396321264155,21101.398652,21109.650855,21105.5247535,1489.1439290000671,11489.143929000067,False,271
2024-10-21 08:31:00,21084.120602,2024-10-21 08:32:00,21083.089077,Long,21083.089077,21088.246701999993,SL,-1.0315249999985099,-0.004892426008513067,21074.836874,21083.089077,21078.9629755,1488.1124040000686,11488.112404000069,False,271
2024-10-22 08:31:00,21023.260606,2024-10-22 08:32:00,21034.091622,Short,21034.091622,20979.936542,SL,-10.83101600000009,-0.051519201531036236,21034.091622,21035.63891,21034.865266,1477.2813880000685,11477.281388000069,False,271
2024-10-24 08:31:00,20955.695694,2024-10-24 08:35:00,20993.862133,Short,20993.862133,20803.029937999996,SL,-38.16643900000054,-0.18212919082866952,20993.862133,21005.724674,20999.7934035,1439.114949000068,11439.114949000068,False,271
2024-10-25 08:31:00,21169.479326,2024-10-25 08:35:00,21199.393561999997,Long,21162.000767,21199.393561999997,TP,29.91423599999689,0.1413083219446816,21140.080853,21162.000767,21151.04081,1469.029185000065,11469.029185000065,True,272
2024-10-28 08:31:00,21213.577036,2024-10-28 08:32:00,21243.23339,Short,21243.23339,21094.95161999999,SL,-29.656354000002466,-0.13979893136209348,21243.23339,21271.084575,21257.1589825,1439.3728310000624,11439.372831000062,False,273
2024-10-29 08:31:00,21125.381617,2024-10-29 08:45:00,21148.590938,Short,21148.590938,21032.54433299999,SL,-23.20932100000209,-0.10986462361146226,21148.590938,21154.522209,21151.5565735,1416.1635100000603,11416.16351000006,False,273
2024-10-31 08:31:00,20940.996458,2024-10-31 09:11:00,20770.794774,Short,20983.546879,20770.794774,TP,170.20168399999966,0.8127678372008809,20983.546879,21003.145861,20993.34637,1586.36519400006,11586.36519400006,True,274
2024-11-05 08:31:00,20841.712141,2024-11-05 10:32:00,20969.621285000005,Long,20809.734855,20969.621285000005,TP,127.90914400000474,0.6137170647721439,20789.104348,20809.734855,20799.419601499998,1714.2743380000647,11714.274338000065,True,274
2024-11-08 08:31:00,21869.111406,2024-11-08 08:32:00,21866.274711,Long,21866.274711,21880.458186000007,SL,-2.8366950000017823,-0.01297124033683192,21860.085559,21866.274711,21863.180135,1711.437643000063,11711.437643000063,False,275
2024-11-14 08:31:00,21812.635392,2024-11-14 08:32:00,21812.635392,Long,21812.635392,21812.635392,SL,0.0,0.0,21805.156833,21812.635392,21808.8961125,1711.437643000063,11711.437643000063,False,275
2024-11-18 08:31:00,21181.083987,2024-11-18 08:32:00,21185.210088,Short,21185.210088,21164.57958300001,SL,-4.126100999998016,-0.01948012199248363,21185.210088,21203.261782,21194.235935,1707.311542000065,11707.311542000065,False,275
2024-11-19 08:31:00,21205.324833,2024-11-19 08:32:00,21172.316021,Long,21172.316021,21337.360081,SL,-33.008812000000034,-0.1556628453464259,21170.510852,21172.316021,21171.4134365,1674.302730000065,11674.302730000065,False,275
2024-11-25 08:31:00,21627.73447,2024-11-25 08:32:00,21640.112775,Short,21640.112775,21578.22124999999,SL,-12.378305000002001,-0.05723347961929182,21640.112775,21675.442518,21657.7776465,1661.924425000063,11661.924425000063,False,275
2024-11-26 08:31:00,21635.213029,2024-11-26 09:00:00,21604.52515,Long,21604.52515,21757.964544999988,SL,-30.687878999997338,-0.14184227795151855,21600.141167,21604.52515,21602.3331585,1631.2365460000656,11631.236546000066,False,275
2024-11-27 08:31:00,21541.859984,2024-11-27 08:33:00,21553.980407,Short,21553.980407,21493.378291999998,SL,-12.1204230000003,-0.056264514805140435,21553.980407,21592.404726,21573.1925665,1619.1161230000653,11619.116123000065,False,275
2024-11-28 08:31:00,21544.180916,2024-11-28 08:35:00,21541.859984,Long,21541.859984,21553.46464400001,SL,-2.320932000002358,-0.010772895052504386,21532.834137,21541.859984,21537.3470605,1616.795191000063,11616.795191000063,False,275
2024-12-02 08:31:00,21750.485989,2024-12-02 09:36:00,21870.142933000003,Long,21720.571753,21870.142933000003,TP,119.65694400000211,0.550134576581493,21709.998618,21720.571753,21715.2851855,1736.452135000065,11736.452135000065,True,276
2024-12-10 08:31:00,22187.0791,2024-12-10 08:32:00,22196.62071,Short,22196.62071,22148.912659999998,SL,-9.541610000000219,-0.04300525525236992,22196.62071,22208.741133,22202.6809215,1726.9105250000648,11726.910525000065,False,277
2024-12-12 08:31:00,22354.444091,2024-12-12 08:35:00,22369.65909,Short,22369.65909,22293.584095000002,SL,-15.214998999999807,-0.06806252456139329,22369.65909,22376.106123,22372.882606500003,1711.695526000065,11711.695526000065,False,277
2024-12-16 08:31:00,22597.884077,2024-12-16 08:32:00,22591.437044,Long,22591.437044,22623.672209,SL,-6.447033000000374,-0.02852936574961073,22589.631874,22591.437044,22590.534459,1705.2484930000646,11705.248493000065,False,277
2024-12-17 08:31:00,22696.652631,2024-12-17 08:32:00,22707.483647,Short,22707.483647,22653.328567,SL,-10.83101600000009,-0.04772076383284226,22707.483647,22722.956528,22715.220087499998,1694.4174770000645,11694.417477000065,False,277
