Column1;Column2;Column3;Column4;Column5;Column6;Column7
01/01/2018;16:00:00;2675.25;2681.75;2674.5;2679.5;28297
01/01/2018;20:00:00;2679.5;2680.75;2676.5;2680;12389
02/01/2018;00:00:00;2680;2680.75;2675.25;2676.25;38846
02/01/2018;04:00:00;2676;2686;2676;2684.5;71044
02/01/2018;08:00:00;2684.75;2692.25;2681.75;2689.25;466034
02/01/2018;12:00:00;2689.25;2696;2689;2694;347994
02/01/2018;16:00:00;2693.75;2695.75;2692.25;2695.25;17715
02/01/2018;20:00:00;2695.5;2697;2695.25;2696.25;9779
03/01/2018;00:00:00;2696.5;2698;2695.75;2697.5;29035
03/01/2018;04:00:00;2697.5;2698.75;2695.75;2696.5;43940
03/01/2018;08:00:00;2696.75;2712.5;2696.5;2711;513557
03/01/2018;12:00:00;2711;2714.25;2707.5;2709.25;463299
03/01/2018;16:00:00;2710.25;2712.25;2708.5;2709.25;23337
03/01/2018;20:00:00;2709.5;2714.25;2709;2714;17411
04/01/2018;00:00:00;2714;2716;2712.25;2715;34050
04/01/2018;04:00:00;2715;2719;2713;2718.5;65821
04/01/2018;08:00:00;2718.5;2729;2718.25;2726;623689
04/01/2018;12:00:00;2726;2728;2722.25;2725;374852
04/01/2018;16:00:00;2725;2726.5;2724.5;2725;15709
04/01/2018;20:00:00;2725;2726.5;2723.75;2726.25;10259
05/01/2018;00:00:00;2726.25;2730.25;2725.75;2729.25;35909
05/01/2018;04:00:00;2729.25;2734.75;2729.25;2732.75;79654
05/01/2018;08:00:00;2732.75;2734.75;2726.5;2732;484541
05/01/2018;12:00:00;2732.25;2743.25;2732;2742.5;462422
07/01/2018;16:00:00;2741.75;2747.75;2741.75;2746;27381
07/01/2018;20:00:00;2746;2746.25;2744.5;2745;10508
08/01/2018;00:00:00;2745;2745.75;2741.5;2742.5;35880
08/01/2018;04:00:00;2742.75;2744.25;2736.5;2739.25;76222
08/01/2018;08:00:00;2739.25;2744;2737;2743.5;388459
08/01/2018;12:00:00;2743.75;2748.5;2743.75;2747;328752
08/01/2018;16:00:00;2746.5;2748.25;2744;2744.5;21884
08/01/2018;20:00:00;2744.5;2745.25;2742.75;2744.5;17137
09/01/2018;00:00:00;2744.5;2749;2744.5;2748;27620
09/01/2018;04:00:00;2748.25;2752.25;2746.5;2751.5;57644
09/01/2018;08:00:00;2751.75;2758.5;2748;2757;546000
09/01/2018;12:00:00;2757;2760;2749.75;2750.25;444677
09/01/2018;16:00:00;2749.75;2752;2748.75;2749;21013
09/01/2018;20:00:00;2749.25;2752;2749;2750.75;17886
10/01/2018;00:00:00;2750.5;2751;2745;2747;57013
10/01/2018;04:00:00;2747;2747.75;2737.25;2743.5;156655
10/01/2018;08:00:00;2743.5;2750;2736.5;2749.5;593700
10/01/2018;12:00:00;2749.75;2751.75;2744;2750.75;409824
10/01/2018;16:00:00;2750;2754.5;2749;2752.25;21994
10/01/2018;20:00:00;2752.25;2754;2747.75;2753.75;22381
11/01/2018;00:00:00;2753.75;2754.5;2752;2752.75;28739
11/01/2018;04:00:00;2752.5;2756.5;2750.75;2753.25;56549
11/01/2018;08:00:00;2753.25;2764.75;2752.75;2763.75;462720
11/01/2018;12:00:00;2764;2770.5;2762;2769.25;406575
11/01/2018;16:00:00;2768.75;2769.5;2766.75;2769;18457
11/01/2018;20:00:00;2769;2770;2768.25;2768.75;13286
12/01/2018;00:00:00;2768.75;2776.75;2768.5;2774.75;57989
12/01/2018;04:00:00;2775;2776.25;2766.75;2769.25;109013
12/01/2018;08:00:00;2769.25;2785.75;2768.75;2784.25;589120
12/01/2018;12:00:00;2784.25;2790;2781.5;2789.25;500960
14/01/2018;16:00:00;2789.75;2797.5;2789.75;2793.5;29309
14/01/2018;20:00:00;2793.75;2796;2793.25;2795.25;14068
15/01/2018;00:00:00;2795.5;2795.75;2790.75;2794.75;34901
15/01/2018;04:00:00;2795;2796;2791;2793;34168
15/01/2018;08:00:00;2793;2796;2792.5;2794.5;41749
15/01/2018;16:00:00;2794.25;2795.75;2792;2794.25;16582
15/01/2018;20:00:00;2794.25;2797.25;2794;2797;15902
16/01/2018;00:00:00;2797;2802.5;2796.75;2801.75;58654
16/01/2018;04:00:00;2801.5;2803.5;2798.5;2801.75;81755
16/01/2018;08:00:00;2802;2808.5;2790;2790.5;799420
16/01/2018;12:00:00;2790.75;2793;2769.25;2783;793607
16/01/2018;16:00:00;2782.75;2785.75;2779;2782.75;42632
16/01/2018;20:00:00;2782.75;2786.5;2781.5;2784.25;25371
17/01/2018;00:00:00;2784.5;2789.25;2781.75;2788.25;51635
17/01/2018;04:00:00;2788.5;2793.5;2787;2793;93797
17/01/2018;08:00:00;2793;2799.25;2780.5;2799;692638
17/01/2018;12:00:00;2798.75;2809.5;2798;2803.5;535241
17/01/2018;16:00:00;2803.25;2807.75;2802.75;2804.75;27943
17/01/2018;20:00:00;2805;2808;2800.75;2801.75;25423
18/01/2018;00:00:00;2801.75;2806.25;2800.25;2802.75;46843
18/01/2018;04:00:00;2803;2807.5;2799.75;2801.5;79604
18/01/2018;08:00:00;2801.5;2806.5;2793.75;2800;560733
18/01/2018;12:00:00;2800.25;2807.75;2794.5;2797;473724
18/01/2018;16:00:00;2797;2801;2796.75;2798.25;27914
18/01/2018;20:00:00;2798.25;2799;2791.75;2794.5;31268
19/01/2018;00:00:00;2794.5;2804.25;2793.5;2803.75;51376
19/01/2018;04:00:00;2803.75;2806;2796;2799.5;97787
19/01/2018;08:00:00;2799.5;2808.25;2799.5;2804.5;622151
19/01/2018;12:00:00;2804.5;2815;2802.5;2812.75;456093
21/01/2018;16:00:00;2804;2809.25;2802;2808.75;30528
21/01/2018;20:00:00;2808.75;2810.5;2806.75;2807.75;13861
22/01/2018;00:00:00;2807.5;2809;2805.75;2807;29722
22/01/2018;04:00:00;2807;2812;2806;2808.5;45908
22/01/2018;08:00:00;2808.5;2828;2807.5;2825.75;558115
22/01/2018;12:00:00;2825.5;2838.25;2822.75;2835.5;414604
22/01/2018;16:00:00;2835.25;2838.25;2834;2837.25;24364
22/01/2018;20:00:00;2837;2839.75;2835.25;2839;19643
23/01/2018;00:00:00;2839;2842;2838.75;2840;54496
23/01/2018;04:00:00;2840.25;2840.25;2828.75;2832;111261
23/01/2018;08:00:00;2832;2844.75;2831.75;2839.25;613180
23/01/2018;12:00:00;2839.25;2843.75;2837;2838.25;371496
23/01/2018;16:00:00;2837;2841.5;2836.75;2839.75;20482
23/01/2018;20:00:00;2839.5;2840;2837.5;2839;15525
24/01/2018;00:00:00;2838.75;2845.25;2838.25;2843.25;35096
24/01/2018;04:00:00;2843.25;2850.25;2843;2848.25;90882
24/01/2018;08:00:00;2848.25;2855.25;2829.75;2834.25;920066
24/01/2018;12:00:00;2834.25;2845.5;2825.5;2840.75;669501
24/01/2018;16:00:00;2840;2843.25;2835.25;2840;38666
24/01/2018;20:00:00;2840.25;2841.25;2837.5;2839.75;19956
25/01/2018;00:00:00;2840;2845;2836.25;2844.75;43158
25/01/2018;04:00:00;2844.75;2853.75;2843.25;2852.5;87966
25/01/2018;08:00:00;2852.25;2853;2833.75;2843.75;701591
25/01/2018;12:00:00;2843.75;2846.25;2830.75;2842.25;464216
25/01/2018;16:00:00;2842.25;2846;2841.25;2845.5;20956
25/01/2018;20:00:00;2845.5;2847;2844.5;2845;16000
26/01/2018;00:00:00;2845;2847.5;2844.25;2846.25;34369
26/01/2018;04:00:00;2846.25;2852.25;2846;2850.75;94192
26/01/2018;08:00:00;2850.5;2859.25;2846.5;2858;455628
26/01/2018;12:00:00;2858.25;2876;2858;2874.75;581046
28/01/2018;16:00:00;2874.25;2878.5;2873.5;2878;32292
28/01/2018;20:00:00;2877.75;2878;2871.75;2872.5;25463
29/01/2018;00:00:00;2872.5;2874.75;2864.5;2865;63254
29/01/2018;04:00:00;2864.75;2869;2864;2865.25;74479
29/01/2018;08:00:00;2865.25;2871.25;2854.5;2865.75;674772
29/01/2018;12:00:00;2866;2868.25;2851.5;2853.25;473143
29/01/2018;16:00:00;2853.25;2858;2850.25;2853;35453
29/01/2018;20:00:00;2852.75;2855;2831;2837.5;92875
30/01/2018;00:00:00;2837.5;2845.5;2837.5;2845.5;67906
30/01/2018;04:00:00;2845.25;2845.75;2834.5;2834.75;119254
30/01/2018;08:00:00;2834.75;2839.5;2818.5;2825.75;1062858
30/01/2018;12:00:00;2825.75;2832.25;2820.5;2823.25;656737
30/01/2018;16:00:00;2823.25;2829.75;2822.5;2829;35438
30/01/2018;20:00:00;2828.75;2835.5;2825;2826.25;48504
31/01/2018;00:00:00;2826.5;2836.75;2825.25;2833.25;55906
31/01/2018;04:00:00;2833.25;2839;2828.5;2834.75;97619
31/01/2018;08:00:00;2834.75;2839.75;2824.75;2829;614421
31/01/2018;12:00:00;2829.25;2834.5;2813;2826.25;888538
31/01/2018;16:00:00;2828.75;2837.25;2828.5;2836.25;48492
31/01/2018;20:00:00;2836.5;2837.25;2834.25;2835;19064
01/02/2018;00:00:00;2835;2836;2830;2830;48409
01/02/2018;04:00:00;2830.25;2832.25;2813.5;2817.5;159941
01/02/2018;08:00:00;2817.5;2835.75;2809.5;2833;705446
01/02/2018;12:00:00;2833;2836.75;2812.5;2823.5;615380
01/02/2018;16:00:00;2826.5;2831;2811.75;2817.5;53960
01/02/2018;20:00:00;2817.5;2821;2813;2817;26291
02/02/2018;00:00:00;2817;2821.25;2801.5;2802.5;90780
02/02/2018;04:00:00;2802.5;2810;2797;2806.25;185831
02/02/2018;08:00:00;2806.5;2807.75;2786.75;2790.5;854249
02/02/2018;12:00:00;2790.25;2790.75;2755.25;2757.25;1217844
04/02/2018;16:00:00;2757;2757;2733;2746.25;124015
04/02/2018;20:00:00;2746;2751.75;2741.75;2751;42015
05/02/2018;00:00:00;2751;2756.5;2744.5;2754.5;100489
05/02/2018;04:00:00;2754.5;2755;2735;2746.5;180327
05/02/2018;08:00:00;2746.5;2763;2732.5;2736;1138341
05/02/2018;12:00:00;2736;2736.25;2595.75;2620.5;2309830
05/02/2018;16:00:00;2624;2634.75;2542;2548;253067
05/02/2018;20:00:00;2548;2595;2529;2589.5;282632
06/02/2018;00:00:00;2589.5;2644.5;2573.75;2620.75;320100
06/02/2018;04:00:00;2620.75;2626.25;2572.75;2607;423473
06/02/2018;08:00:00;2606.75;2680.75;2579;2652.5;2133621
06/02/2018;12:00:00;2652.5;2699.75;2623.75;2684.5;1283311
06/02/2018;16:00:00;2685.5;2697.5;2680;2687.75;64200
06/02/2018;20:00:00;2687.75;2694.75;2666;2666.5;48405
07/02/2018;00:00:00;2666.5;2680;2660.5;2669;98182
07/02/2018;04:00:00;2669.25;2687.5;2665;2681.5;127120
07/02/2018;08:00:00;2681.25;2726.75;2679.25;2704.75;1019932
07/02/2018;12:00:00;2704.75;2710;2663;2668.5;1050743
07/02/2018;16:00:00;2664.75;2668.75;2645.25;2662.75;86042
07/02/2018;20:00:00;2662.75;2674.75;2653.5;2672.25;36730
08/02/2018;00:00:00;2672.25;2679.25;2667.75;2672.25;61303
08/02/2018;04:00:00;2672.25;2684.5;2657;2683.25;133941
08/02/2018;08:00:00;2683.25;2686.5;2613.25;2623.75;1298680
08/02/2018;12:00:00;2623.75;2649;2577;2597.25;1436697
08/02/2018;16:00:00;2593.75;2610.25;2583;2595.75;76823
08/02/2018;20:00:00;2595.75;2612;2585;2605;62267
09/02/2018;00:00:00;2605;2617;2595;2610.5;103695
09/02/2018;04:00:00;2610.5;2615.25;2580.5;2609;234098
09/02/2018;08:00:00;2609;2618.5;2538.5;2564.75;1604325
09/02/2018;12:00:00;2564.75;2637.75;2530.25;2621.5;1706745
11/02/2018;16:00:00;2628.25;2639.5;2623;2632.25;59288
11/02/2018;20:00:00;2632;2637.75;2631;2637;22920
12/02/2018;00:00:00;2637.25;2655;2630.25;2650.75;93507
12/02/2018;04:00:00;2650.75;2652;2640.25;2641;102250
12/02/2018;08:00:00;2641.25;2660.75;2620;2654.5;1028615
12/02/2018;12:00:00;2654.75;2671.5;2645.75;2652.5;793223
12/02/2018;16:00:00;2653.25;2657.5;2646;2655.5;41969
12/02/2018;20:00:00;2655.75;2659.25;2644.25;2646.5;28588
13/02/2018;00:00:00;2646.75;2649;2636.25;2639.75;73377
13/02/2018;04:00:00;2639.75;2648.75;2636;2640.5;84123
13/02/2018;08:00:00;2640.5;2652.75;2634.25;2645.5;685398
13/02/2018;12:00:00;2645.5;2667.5;2645.25;2663.75;510630
13/02/2018;16:00:00;2662.5;2666.75;2661.25;2664.5;21370
13/02/2018;20:00:00;2664.25;2667.5;2661;2666.75;18616
14/02/2018;00:00:00;2666.75;2677.5;2666;2671.5;60517
14/02/2018;04:00:00;2671.5;2675.75;2627;2641.25;292896
14/02/2018;08:00:00;2641.25;2684;2635.75;2682.5;970771
14/02/2018;12:00:00;2682.5;2701.75;2681.5;2696.25;648177
14/02/2018;16:00:00;2695.5;2704.5;2693.5;2703.75;31428
14/02/2018;20:00:00;2703.75;2709.25;2702.25;2707;22539
15/02/2018;00:00:00;2707.25;2719.5;2705.5;2718;76815
15/02/2018;04:00:00;2718.25;2719.25;2704;2712;117225
15/02/2018;08:00:00;2712.25;2717.75;2688.5;2713.5;769034
15/02/2018;12:00:00;2713.5;2736.75;2712.25;2734.5;585708
15/02/2018;16:00:00;2734;2737.75;2733.5;2735.25;20111
15/02/2018;20:00:00;2735.5;2740;2734;2734.5;18114
16/02/2018;00:00:00;2734.5;2746.5;2732.5;2744.25;59959
16/02/2018;04:00:00;2744.25;2746.75;2730.75;2731.25;108120
16/02/2018;08:00:00;2731.5;2754.75;2722.25;2746.5;768070
16/02/2018;12:00:00;2746.5;2749.25;2726;2736.25;691114
18/02/2018;16:00:00;2734.5;2744.75;2734;2743.75;19459
18/02/2018;20:00:00;2743.75;2747.75;2743.5;2746.5;8103
19/02/2018;00:00:00;2746.5;2746.5;2738;2739;20005
19/02/2018;04:00:00;2739;2741.5;2733.25;2735;31258
19/02/2018;08:00:00;2735;2735.75;2719.5;2728.5;105678
19/02/2018;16:00:00;2728.25;2735;2723.5;2725;21638
19/02/2018;20:00:00;2724.75;2734;2722.5;2729.75;20022
20/02/2018;00:00:00;2729.5;2731.5;2712.5;2713.75;50673
20/02/2018;04:00:00;2713.75;2722;2709;2718.25;86235
20/02/2018;08:00:00;2718.5;2737.75;2713.5;2735;515997
20/02/2018;12:00:00;2735;2735.75;2705.75;2715;523643
20/02/2018;16:00:00;2714.5;2721.25;2712;2718.75;22316
20/02/2018;20:00:00;2719;2721.5;2706.25;2711.5;28899
21/02/2018;00:00:00;2711.75;2718.75;2706.5;2710.75;49215
21/02/2018;04:00:00;2710.75;2718;2708;2716.25;48012
21/02/2018;08:00:00;2716.25;2737.25;2715;2733.75;479494
21/02/2018;12:00:00;2734;2747.75;2693.5;2698.5;928760
21/02/2018;16:00:00;2698.5;2699.5;2682;2687;54673
21/02/2018;20:00:00;2686.75;2691.75;2684.25;2691;29163
22/02/2018;00:00:00;2691;2696.75;2687.25;2695;62332
22/02/2018;04:00:00;2695;2711;2694.75;2709.5;102792
22/02/2018;08:00:00;2709.5;2731;2707.75;2718;670329
22/02/2018;12:00:00;2717.75;2722.25;2696.5;2713.75;651471
22/02/2018;16:00:00;2713.5;2719.75;2710;2717.75;24827
22/02/2018;20:00:00;2718;2722;2715;2719.25;16203
23/02/2018;00:00:00;2719.25;2727.75;2715.25;2719.5;51939
23/02/2018;04:00:00;2719.5;2723.75;2713;2718.25;69709
23/02/2018;08:00:00;2718.25;2729.75;2712.75;2725.75;511472
23/02/2018;12:00:00;2725.5;2750.25;2721.5;2746;520444
25/02/2018;16:00:00;2751.5;2754.75;2742.5;2746;32071
25/02/2018;20:00:00;2746;2752.5;2743.5;2752.25;15395
26/02/2018;00:00:00;2752;2761.5;2750.25;2757.25;58432
26/02/2018;04:00:00;2757.25;2761.25;2756.5;2758.25;52357
26/02/2018;08:00:00;2758;2772.5;2752.75;2771.25;539285
26/02/2018;12:00:00;2771.5;2786;2769.5;2784;498371
26/02/2018;16:00:00;2783.5;2787;2781.5;2784.5;17740
26/02/2018;20:00:00;2784.75;2785.75;2778.25;2779.5;18425
27/02/2018;00:00:00;2779.75;2784.25;2775.5;2777.75;50696
27/02/2018;04:00:00;2778;2783.5;2774.5;2780.75;94764
27/02/2018;08:00:00;2780.75;2789.75;2756.75;2771.5;798258
27/02/2018;12:00:00;2771.5;2773;2742;2747.25;680535
27/02/2018;16:00:00;2746.5;2754.5;2746.25;2749;33537
27/02/2018;20:00:00;2749;2749.5;2738.5;2745;27140
28/02/2018;00:00:00;2745;2754.75;2743;2754;55873
28/02/2018;04:00:00;2753.75;2754.75;2745.25;2751.75;77547
28/02/2018;08:00:00;2751.5;2762;2737.5;2751.5;682449
28/02/2018;12:00:00;2751.25;2758.5;2712;2718.75;873857
28/02/2018;16:00:00;2718.25;2722.5;2703;2711.25;57655
28/02/2018;20:00:00;2711;2711.5;2704.25;2707.75;37015
01/03/2018;00:00:00;2707.75;2722.5;2706;2708;75424
01/03/2018;04:00:00;2708;2717.75;2698;2716.25;137329
01/03/2018;08:00:00;2716.25;2731;2695.75;2698;1111992
01/03/2018;12:00:00;2698;2698;2658.5;2679.75;1307655
01/03/2018;16:00:00;2678.75;2684.75;2676.25;2679.25;29787
01/03/2018;20:00:00;2679.25;2679.25;2668.75;2675.25;37582
02/03/2018;00:00:00;2675.25;2684.5;2668.5;2670;71368
02/03/2018;04:00:00;2669.75;2673.75;2652.75;2662;195367
02/03/2018;08:00:00;2662.25;2685.5;2647;2682.75;1016966
02/03/2018;12:00:00;2682.75;2696;2663.75;2690.5;745661
04/03/2018;16:00:00;2683.25;2689.25;2674.25;2682.25;47798
04/03/2018;20:00:00;2682;2683;2671.5;2675.25;30184
05/03/2018;00:00:00;2675.25;2688.25;2663.75;2687.25;88251
05/03/2018;04:00:00;2687.25;2691.75;2676.25;2678.25;106726
05/03/2018;08:00:00;2678;2716.75;2672.5;2716.5;792723
05/03/2018;12:00:00;2716.75;2727.75;2708.5;2718.75;640623
05/03/2018;16:00:00;2719;2722.5;2717.25;2719.5;22455
05/03/2018;20:00:00;2719.5;2721;2716;2720;15078
06/03/2018;00:00:00;2720;2727.25;2718.5;2724.5;40868
06/03/2018;04:00:00;2724.5;2734.5;2722;2727.25;97288
06/03/2018;08:00:00;2727.25;2732.75;2710.25;2727.75;715319
06/03/2018;12:00:00;2727.75;2730.5;2720;2724;443504
06/03/2018;16:00:00;2700;2703.5;2681.25;2703.25;134194
06/03/2018;20:00:00;2703;2704.75;2687.75;2691.5;45810
07/03/2018;00:00:00;2691.5;2704.5;2684.75;2697.5;71634
07/03/2018;04:00:00;2697.5;2709.75;2694;2705.25;116230
07/03/2018;08:00:00;2705.5;2723.5;2700.25;2709;755063
07/03/2018;12:00:00;2708.75;2730.25;2701.25;2722.75;526041
07/03/2018;16:00:00;2722.5;2726.25;2720;2724.75;21219
07/03/2018;20:00:00;2724.75;2727.25;2721.75;2722.5;17722
08/03/2018;00:00:00;2722.5;2729;2720.75;2722.75;32830
08/03/2018;04:00:00;2722.75;2733.5;2722.5;2729.5;59102
08/03/2018;08:00:00;2729.75;2737.25;2722.5;2727.5;536941
08/03/2018;12:00:00;2727.75;2740.5;2722;2738.25;422233
08/03/2018;16:00:00;2736.5;2744.5;2736.5;2741.5;26141
08/03/2018;20:00:00;2741.5;2741.5;2734;2738;20421
09/03/2018;00:00:00;2743;2745.75;2740.25;2743.75;14797
09/03/2018;04:00:00;2744;2763.75;2735.5;2760.75;70502
09/03/2018;08:00:00;2760.75;2781.25;2756.25;2777.75;380931
09/03/2018;12:00:00;2777.75;2792;2777.75;2788.25;344044
11/03/2018;16:00:00;2788.75;2799;2788;2797.75;19945
11/03/2018;20:00:00;2797.75;2802;2795;2798.75;19102
12/03/2018;00:00:00;2798.75;2805.25;2796;2798.5;30104
12/03/2018;04:00:00;2798.5;2800.75;2793;2793.5;45617
12/03/2018;08:00:00;2793.5;2802.25;2783.75;2789.75;434859
12/03/2018;12:00:00;2789.75;2797;2784.25;2788.25;329440
12/03/2018;16:00:00;2787;2789.25;2786.25;2788.5;8600
12/03/2018;20:00:00;2788.5;2790.5;2787;2790;11446
13/03/2018;00:00:00;2790;2794.5;2789.25;2793.25;18614
13/03/2018;04:00:00;2793.25;2805;2792;2799.75;130317
13/03/2018;08:00:00;2799.75;2807.25;2774;2784.5;706488
13/03/2018;12:00:00;2784.5;2788;2762.5;2768.25;581033
13/03/2018;16:00:00;2767;2771;2762.25;2768.25;26532
13/03/2018;20:00:00;2768.25;2769.25;2762.5;2768.25;22553
14/03/2018;00:00:00;2768.5;2782.25;2766.5;2779.75;40247
14/03/2018;04:00:00;2779.75;2783.5;2777;2779;59205
14/03/2018;08:00:00;2778.75;2782.5;2750.25;2756.75;743023
14/03/2018;12:00:00;2756.75;2767.25;2748.25;2755.25;593248
14/03/2018;16:00:00;2754.75;2759.5;2745.25;2746;34555
14/03/2018;20:00:00;2745.75;2762.25;2745;2757;28279
15/03/2018;00:00:00;2757.25;2762.25;2753.75;2758.5;28161
15/03/2018;04:00:00;2758.5;2761.5;2752.25;2757.75;60103
15/03/2018;08:00:00;2757.75;2767.25;2751.5;2757;544939
15/03/2018;12:00:00;2757.25;2759;2745.75;2758.5;481897
15/03/2018;16:00:00;2757.5;2759.5;2754.5;2755.75;14616
15/03/2018;20:00:00;2755.75;2756;2750.25;2753.25;22631
16/03/2018;00:00:00;2753.25;2757.5;2750.25;2756.5;27586
16/03/2018;04:00:00;2756.5;2760.5;2753.25;2758.25;57174
16/03/2018;08:00:00;2758.25;2766.25;2754.75;2762.25;539071
16/03/2018;12:00:00;2762.25;2763.5;2752.75;2755.5;418301
18/03/2018;16:00:00;2756.25;2756.5;2750.75;2751.5;21462
18/03/2018;20:00:00;2751.25;2752;2746;2749;27856
19/03/2018;00:00:00;2749.25;2750.25;2733;2739.25;54708
19/03/2018;04:00:00;2739.5;2745.5;2737.5;2742.75;68041
19/03/2018;08:00:00;2742.5;2745.25;2707.75;2712.75;844935
19/03/2018;12:00:00;2712.5;2724.25;2697.25;2722.75;925800
19/03/2018;16:00:00;2722.75;2724.25;2716.25;2719.25;26275
19/03/2018;20:00:00;2719;2727;2718.75;2724.5;25260
20/03/2018;00:00:00;2724.25;2728.5;2720.5;2723.5;35162
20/03/2018;04:00:00;2723.5;2729;2716.25;2724.75;71605
20/03/2018;08:00:00;2724.75;2727.75;2713.5;2719;548374
20/03/2018;12:00:00;2719;2726.75;2712.75;2723.75;375564
20/03/2018;16:00:00;2723.75;2725.5;2720.75;2721.25;11139
20/03/2018;20:00:00;2721.25;2727.75;2721;2727.25;11102
21/03/2018;00:00:00;2727.25;2727.25;2719;2720.5;25364
21/03/2018;04:00:00;2720.75;2724.5;2717.25;2721.75;65477
21/03/2018;08:00:00;2721.75;2734;2715.25;2733;420009
21/03/2018;12:00:00;2733.25;2744;2712.5;2718;852148
21/03/2018;16:00:00;2718.25;2722.5;2717;2721.5;12480
21/03/2018;20:00:00;2721.75;2726.25;2717.25;2719.5;19939
22/03/2018;00:00:00;2719.5;2723.5;2697.75;2707;64259
22/03/2018;04:00:00;2707;2707.25;2686.5;2690;141788
22/03/2018;08:00:00;2689.75;2698.25;2663.25;2678.5;1181575
22/03/2018;12:00:00;2678.25;2691.75;2641.75;2646.75;1045677
22/03/2018;16:00:00;2645.75;2647;2626;2630;71970
22/03/2018;20:00:00;2629.75;2635;2617;2628;72996
23/03/2018;00:00:00;2628.25;2644;2622.5;2634;81580
23/03/2018;04:00:00;2633.75;2651.25;2624.5;2642.5;178229
23/03/2018;08:00:00;2642.5;2658.75;2625.75;2629;1074990
23/03/2018;12:00:00;2629;2649.75;2586;2596.5;1285514
25/03/2018;16:00:00;2595;2609.25;2591;2608.5;63100
25/03/2018;20:00:00;2608.5;2614.5;2606;2611;39300
26/03/2018;00:00:00;2611;2629.75;2611;2624.75;84974
26/03/2018;04:00:00;2624.5;2637.75;2622.75;2629.25;113371
26/03/2018;08:00:00;2629.5;2639.75;2602;2622;1055053
26/03/2018;12:00:00;2622;2662.75;2621.5;2659.75;839301
26/03/2018;16:00:00;2659.5;2668.75;2656.75;2666.75;28513
26/03/2018;20:00:00;2666.5;2673.25;2666.25;2669;24841
27/03/2018;00:00:00;2669;2678.5;2667.75;2675;64571
27/03/2018;04:00:00;2675;2679.75;2667.25;2667.75;76332
27/03/2018;08:00:00;2667.75;2676;2652.5;2667.25;906776
27/03/2018;12:00:00;2667.25;2673.25;2596;2612.75;1250540
27/03/2018;16:00:00;2612.75;2623;2608;2618;38143
27/03/2018;20:00:00;2618;2624;2611.5;2614.75;43267
28/03/2018;00:00:00;2614.75;2621.25;2600;2605.5;127802
28/03/2018;04:00:00;2605.25;2627;2601.5;2613;147476
28/03/2018;08:00:00;2613.25;2633.75;2593;2609.5;1485391
28/03/2018;12:00:00;2609.5;2624.75;2597;2608;877995
28/03/2018;16:00:00;2609.75;2615.75;2603.25;2610.25;29132
28/03/2018;20:00:00;2610.5;2612.5;2601;2603.25;26923
29/03/2018;00:00:00;2603.25;2615.75;2601.5;2614.75;54938
29/03/2018;04:00:00;2614.5;2620.75;2612.25;2617.25;77213
29/03/2018;08:00:00;2617;2642;2609.25;2634.25;877816
29/03/2018;12:00:00;2634.5;2659.5;2629;2637.5;885973
01/04/2018;16:00:00;2635;2641.5;2631.25;2636.5;32036
01/04/2018;20:00:00;2636.5;2641.25;2633.75;2637.5;20578
02/04/2018;00:00:00;2637.5;2639.75;2632;2634;13373
02/04/2018;04:00:00;2634;2638;2628.5;2634.75;47962
02/04/2018;08:00:00;2634.5;2638;2568.75;2580.75;1094672
02/04/2018;12:00:00;2580.75;2585;2552;2582.75;1103181
02/04/2018;16:00:00;2581.25;2586;2577.75;2585.5;36652
02/04/2018;20:00:00;2585.5;2589;2582;2585.5;32184
03/04/2018;00:00:00;2585.5;2589.25;2579;2585.75;66050
03/04/2018;04:00:00;2585.5;2596;2582.75;2595.25;86961
03/04/2018;08:00:00;2595.5;2606;2573.5;2588.75;1022333
03/04/2018;12:00:00;2588.75;2618.75;2579.5;2612.75;891234
03/04/2018;16:00:00;2612;2612.75;2604.25;2606.75;20331
03/04/2018;20:00:00;2606.5;2607.5;2602.5;2607.25;24962
04/04/2018;00:00:00;2607.25;2607.5;2569.25;2578.25;133412
04/04/2018;04:00:00;2578;2581.5;2559.5;2577.75;188727
04/04/2018;08:00:00;2577.75;2619.5;2571.25;2614.5;1006003
04/04/2018;12:00:00;2614.75;2649.75;2601.5;2645;788150
04/04/2018;16:00:00;2645.75;2653;2644;2647.5;32529
04/04/2018;20:00:00;2647.25;2660;2645;2659.5;31331
05/04/2018;00:00:00;2659.5;2667;2653.25;2657.5;78912
05/04/2018;04:00:00;2657.5;2664.5;2652.25;2661;96118
05/04/2018;08:00:00;2661.25;2672.25;2651;2666.25;708792
05/04/2018;12:00:00;2666.5;2672;2649;2662;631643
05/04/2018;16:00:00;2663;2664;2619.75;2629.5;131771
05/04/2018;20:00:00;2629.5;2638;2622.25;2635;70483
06/04/2018;00:00:00;2635.25;2644.5;2629.75;2641.75;65596
06/04/2018;04:00:00;2641.75;2648.75;2633.25;2643.5;172243
06/04/2018;08:00:00;2643.25;2656.75;2622;2638.75;928415
06/04/2018;12:00:00;2638.75;2638.75;2584.5;2605;1132357
08/04/2018;16:00:00;2607.5;2621;2607.5;2619.25;37333
08/04/2018;20:00:00;2619.25;2625.5;2613.75;2622.25;31362
09/04/2018;00:00:00;2622.25;2627.5;2615.25;2624.75;60597
09/04/2018;04:00:00;2624.75;2628.25;2615.75;2617;79076
09/04/2018;08:00:00;2617.25;2648.5;2613.25;2646.25;713134
09/04/2018;12:00:00;2646.5;2653.75;2610;2618;780560
09/04/2018;16:00:00;2617.75;2620.5;2612.25;2617.5;34807
09/04/2018;20:00:00;2617.25;2658;2617.25;2648;121585
10/04/2018;00:00:00;2647.75;2656.25;2640.5;2645.25;79875
10/04/2018;04:00:00;2645.25;2652;2644.5;2647;83567
10/04/2018;08:00:00;2647.25;2663;2635;2649;918824
10/04/2018;12:00:00;2649;2666.25;2646.25;2654.5;695175
10/04/2018;16:00:00;2654.5;2655;2640.25;2642;36703
10/04/2018;20:00:00;2642;2646.25;2641;2642.25;29845
11/04/2018;00:00:00;2642.5;2644;2637.25;2641.25;30736
11/04/2018;04:00:00;2641.25;2643.25;2626;2632.75;152434
11/04/2018;08:00:00;2633;2661.25;2631;2651.25;761516
11/04/2018;12:00:00;2651;2655;2638.75;2642.5;567847
11/04/2018;16:00:00;2642.5;2650.75;2641.75;2649.25;15409
11/04/2018;20:00:00;2649.5;2651.75;2644;2646.5;19771
12/04/2018;00:00:00;2646.5;2647.5;2641;2641.25;26720
12/04/2018;04:00:00;2641.5;2657;2639.75;2654;73218
12/04/2018;08:00:00;2654;2672.75;2654;2671.25;583788
12/04/2018;12:00:00;2671.25;2675;2655.75;2665;529285
12/04/2018;16:00:00;2661.75;2663.25;2652;2655.25;37098
12/04/2018;20:00:00;2655.25;2658.5;2654.5;2657.5;13546
13/04/2018;00:00:00;2657.75;2668;2657.25;2666.5;34379
13/04/2018;04:00:00;2666.5;2680;2665.5;2678.5;83142
13/04/2018;08:00:00;2678.75;2680.5;2651;2661;793199
13/04/2018;12:00:00;2660.75;2668;2644.75;2659.25;680139
15/04/2018;16:00:00;2673.25;2677.5;2670;2672.25;37265
15/04/2018;20:00:00;2672.25;2672.5;2662.75;2669.25;28288
16/04/2018;00:00:00;2669.5;2669.5;2660.75;2669;41749
16/04/2018;04:00:00;2668.75;2677.75;2668.5;2677.5;71265
16/04/2018;08:00:00;2677.5;2684.5;2666;2682.5;572178
16/04/2018;12:00:00;2682.5;2687;2676.25;2679.5;432615
16/04/2018;16:00:00;2679.25;2688.25;2678.75;2685.75;19092
16/04/2018;20:00:00;2685.75;2692.5;2681;2692.5;23602
17/04/2018;00:00:00;2692.5;2696;2688.25;2693.5;49214
17/04/2018;04:00:00;2693.75;2698.5;2690.75;2697;80466
17/04/2018;08:00:00;2697;2708.5;2692.5;2705.25;538661
17/04/2018;12:00:00;2705.25;2713.75;2701.25;2705.5;500561
17/04/2018;16:00:00;2704.5;2713;2703.75;2711.75;17522
17/04/2018;20:00:00;2711.75;2712.75;2709.25;2712;14355
18/04/2018;00:00:00;2712;2714.25;2708.5;2712.5;34153
18/04/2018;04:00:00;2712.5;2718.5;2709.5;2715.25;78681
18/04/2018;08:00:00;2715.5;2718;2703.75;2714.25;538613
18/04/2018;12:00:00;2714.25;2717;2708;2710.5;336662
18/04/2018;16:00:00;2711.75;2713.25;2710.75;2713;12457
18/04/2018;20:00:00;2713;2713.25;2710.5;2712;11422
19/04/2018;00:00:00;2711.75;2712.5;2703.75;2704.5;35831
19/04/2018;04:00:00;2704.25;2708;2700;2700.25;55861
19/04/2018;08:00:00;2700;2703.5;2684.25;2685.5;743668
19/04/2018;12:00:00;2685.5;2699;2681.5;2692.75;645346
19/04/2018;16:00:00;2692.5;2694.5;2688;2691;13436
19/04/2018;20:00:00;2690.75;2697.25;2690;2696.25;17570
20/04/2018;00:00:00;2696.5;2696.5;2682.75;2688.75;40246
20/04/2018;04:00:00;2688.75;2698.25;2684.5;2694;71662
20/04/2018;08:00:00;2694;2696;2664.75;2667.5;778255
20/04/2018;12:00:00;2667.5;2677;2659.75;2671.25;640711
22/04/2018;16:00:00;2683;2684.75;2673;2676.75;27266
22/04/2018;20:00:00;2676.75;2680.75;2673.75;2680.5;18205
23/04/2018;00:00:00;2680.5;2681;2666.5;2668.5;42095
23/04/2018;04:00:00;2668.5;2678.25;2666.5;2677.75;61571
23/04/2018;08:00:00;2678;2683;2667.5;2672;554422
23/04/2018;12:00:00;2671.75;2674.75;2657.25;2672;492245
23/04/2018;16:00:00;2672;2676.75;2671.5;2673.25;13834
23/04/2018;20:00:00;2673.25;2679.75;2671.25;2677.25;16394
24/04/2018;00:00:00;2677.25;2685.5;2674;2684.25;36985
24/04/2018;04:00:00;2684.25;2688.5;2682;2684.5;75038
24/04/2018;08:00:00;2684.5;2684.5;2639.25;2639.5;1063098
24/04/2018;12:00:00;2639.25;2644.5;2616;2635.5;1082419
24/04/2018;16:00:00;2635.25;2639.75;2633.75;2639;16076
24/04/2018;20:00:00;2639;2639.75;2625.75;2630.75;32481
25/04/2018;00:00:00;2630.75;2637;2622.5;2624;58558
25/04/2018;04:00:00;2623.75;2630.75;2618.25;2626.5;110807
25/04/2018;08:00:00;2626.75;2634.75;2611.25;2628.25;998573
25/04/2018;12:00:00;2628.5;2648.25;2625.25;2646.25;625097
25/04/2018;16:00:00;2648.25;2654.75;2647.5;2653.25;27278
25/04/2018;20:00:00;2653.25;2654.75;2647.25;2648.25;15095
26/04/2018;00:00:00;2648.25;2648.5;2639.5;2644;52748
26/04/2018;04:00:00;2643.75;2654.25;2642.5;2653.75;66261
26/04/2018;08:00:00;2653.75;2663.25;2645.5;2660.5;597205
26/04/2018;12:00:00;2660.75;2677.5;2660.5;2673;486371
26/04/2018;16:00:00;2675.5;2675.75;2669;2670.25;15810
26/04/2018;20:00:00;2670.5;2670.75;2665.75;2668.75;16413
27/04/2018;00:00:00;2668.75;2672;2666.5;2667.25;30844
27/04/2018;04:00:00;2667;2674.5;2665.25;2674.5;63628
27/04/2018;08:00:00;2674.5;2676.25;2657.75;2672.5;664114
27/04/2018;12:00:00;2672.25;2674;2666;2671.5;326262
29/04/2018;16:00:00;2670.5;2679.25;2670;2674;16022
29/04/2018;20:00:00;2673.75;2678.5;2672.75;2678;12196
30/04/2018;00:00:00;2678.25;2680.75;2677;2678.5;20061
30/04/2018;04:00:00;2678.75;2682.25;2675.75;2677.5;39890
30/04/2018;08:00:00;2677.75;2681.75;2654.25;2660;557507
30/04/2018;12:00:00;2659.75;2664.5;2645;2645.5;624509
30/04/2018;16:00:00;2646.25;2650.75;2641.25;2649;22740
30/04/2018;20:00:00;2649.25;2651.5;2648.75;2649.75;10637
01/05/2018;00:00:00;2649.75;2653.75;2642.5;2642.5;29050
01/05/2018;04:00:00;2642.5;2649.5;2642;2645.75;37882
01/05/2018;08:00:00;2645.75;2646;2626.5;2630.5;664618
01/05/2018;12:00:00;2630.5;2658;2623.25;2655.5;524690
01/05/2018;16:00:00;2655.5;2656.5;2643.25;2649.5;21999
01/05/2018;20:00:00;2649.5;2652.25;2646.25;2649.25;18195
02/05/2018;00:00:00;2649.25;2656.75;2649.25;2656.25;32306
02/05/2018;04:00:00;2656;2658.5;2648.5;2650.25;64146
02/05/2018;08:00:00;2650.25;2651.25;2640.25;2647;575931
02/05/2018;12:00:00;2646.75;2658.5;2624.25;2625.75;649677
02/05/2018;16:00:00;2626.75;2630.5;2625;2628.5;17973
02/05/2018;20:00:00;2628.5;2630;2624.25;2629.75;16795
03/05/2018;00:00:00;2629.75;2634.5;2626.5;2634.25;36943
03/05/2018;04:00:00;2634.25;2636.25;2617;2619.75;98981
03/05/2018;08:00:00;2619.75;2628;2591.25;2627;1164527
03/05/2018;12:00:00;2627;2634.75;2619;2631.5;729375
03/05/2018;16:00:00;2631.75;2634.25;2625.25;2629;16249
03/05/2018;20:00:00;2629.25;2633.5;2622.75;2632.5;25787
04/05/2018;00:00:00;2632.5;2632.75;2623.25;2629.75;71132
04/05/2018;04:00:00;2629.75;2631;2616.75;2624.5;117180
04/05/2018;08:00:00;2624.25;2657.5;2612.25;2655.5;812337
04/05/2018;12:00:00;2655.75;2669.5;2654.5;2664;576178
06/05/2018;16:00:00;2662.75;2672.75;2661.25;2668.5;23170
06/05/2018;20:00:00;2668.75;2673.75;2664.5;2673.25;25954
07/05/2018;00:00:00;2673.25;2673.5;2666.75;2669.75;26654
07/05/2018;04:00:00;2669.5;2675.75;2668.75;2671.75;44406
07/05/2018;08:00:00;2672;2679.25;2667.75;2675;486692
07/05/2018;12:00:00;2674.75;2681.5;2662.5;2668.75;491724
07/05/2018;16:00:00;2668;2669.75;2664.75;2667.75;15796
07/05/2018;20:00:00;2667.75;2671.5;2667.5;2669.25;11301
08/05/2018;00:00:00;2669.5;2672.25;2662.25;2664.25;35240
08/05/2018;04:00:00;2664.5;2667.5;2658.5;2667;65682
08/05/2018;08:00:00;2667;2674.25;2657.25;2660;585058
08/05/2018;12:00:00;2659.75;2671;2652.25;2670.25;523493
08/05/2018;16:00:00;2669.75;2673;2666.5;2668.75;13847
08/05/2018;20:00:00;2668.5;2671.5;2666.75;2670.5;17428
09/05/2018;00:00:00;2670.25;2684.25;2669.25;2683.75;48352
09/05/2018;04:00:00;2683.75;2684.5;2678.25;2678.25;60327
09/05/2018;08:00:00;2678.25;2693.5;2672;2691.75;584763
09/05/2018;12:00:00;2691.75;2700;2690.5;2695.75;490682
09/05/2018;16:00:00;2696;2698;2692.75;2696;12054
09/05/2018;20:00:00;2696;2702.75;2695.25;2701.5;20920
10/05/2018;00:00:00;2701.5;2702.25;2697.75;2700.75;23524
10/05/2018;04:00:00;2700.75;2706;2696.25;2704;66834
10/05/2018;08:00:00;2704.25;2723.5;2702.5;2721.5;551690
10/05/2018;12:00:00;2721.75;2725;2713;2716.25;468499
10/05/2018;16:00:00;2716.25;2721.75;2716.25;2720.25;11587
10/05/2018;20:00:00;2720.5;2723;2719;2722;13378
11/05/2018;00:00:00;2722.25;2723;2716.5;2723;34839
11/05/2018;04:00:00;2722.75;2726.75;2720.5;2722.75;61303
11/05/2018;08:00:00;2722.75;2732.5;2719.25;2723.25;515547
11/05/2018;12:00:00;2723.25;2729.75;2716.75;2728;385221
13/05/2018;16:00:00;2727.25;2737;2727.25;2737;20526
13/05/2018;20:00:00;2736.75;2741;2736;2740.25;18171
14/05/2018;00:00:00;2740;2740.25;2734.5;2735;31831
14/05/2018;04:00:00;2735;2737;2732.25;2733;37351
14/05/2018;08:00:00;2733.25;2741.25;2730;2730.5;393988
14/05/2018;12:00:00;2730.5;2733;2724.25;2729;410093
14/05/2018;16:00:00;2728.5;2731.25;2727.75;2728.75;9016
14/05/2018;20:00:00;2728.5;2731;2726;2726.75;13412
15/05/2018;00:00:00;2727;2727.25;2720.5;2724.5;38911
15/05/2018;04:00:00;2724.25;2728.75;2712.25;2715;113445
15/05/2018;08:00:00;2715;2717.25;2703;2710.25;711155
15/05/2018;12:00:00;2710;2712.25;2700.5;2710;588654
15/05/2018;16:00:00;2711.25;2711.25;2704.5;2708.5;15107
15/05/2018;20:00:00;2708.5;2712;2707.25;2710.25;14501
16/05/2018;00:00:00;2710.25;2714.75;2707;2710.75;34417
16/05/2018;04:00:00;2710.5;2711.5;2704.5;2705.25;62364
16/05/2018;08:00:00;2705.25;2727.25;2704.5;2724.5;502808
16/05/2018;12:00:00;2724.5;2728;2717.25;2721.75;393286
16/05/2018;16:00:00;2721.75;2725.25;2721.75;2724.25;10483
16/05/2018;20:00:00;2724.25;2724.75;2720.25;2722.75;15135
17/05/2018;00:00:00;2722.75;2723.25;2716;2717.5;30782
17/05/2018;04:00:00;2717.5;2721;2715.5;2718.5;42247
17/05/2018;08:00:00;2718.5;2732;2713.5;2722.25;503655
17/05/2018;12:00:00;2722.5;2724.75;2711;2718.5;434583
17/05/2018;16:00:00;2718.75;2726;2715.5;2725.25;17917
17/05/2018;20:00:00;2725;2725.75;2722.25;2723.75;13116
18/05/2018;00:00:00;2724;2727;2720;2722.75;27175
18/05/2018;04:00:00;2722.5;2726.5;2712.25;2713;71433
18/05/2018;08:00:00;2713;2719.75;2708.75;2715.25;558850
18/05/2018;12:00:00;2715.5;2717.25;2712;2712.25;280133
20/05/2018;16:00:00;2728.75;2736.25;2728.25;2730.25;31861
20/05/2018;20:00:00;2730;2730.75;2728.75;2729.25;13932
21/05/2018;00:00:00;2729.25;2730;2724.25;2728.5;26773
21/05/2018;04:00:00;2728.75;2730;2726.25;2728.5;29882
21/05/2018;08:00:00;2728.5;2739.25;2725.25;2733;491458
21/05/2018;12:00:00;2733;2736.25;2728;2732.5;310174
21/05/2018;16:00:00;2731.25;2732.5;2730.5;2731.5;7504
21/05/2018;20:00:00;2731.25;2735;2731.25;2734.25;9968
22/05/2018;00:00:00;2734.5;2737.75;2733.25;2737.25;25022
22/05/2018;04:00:00;2737.5;2739;2736.25;2737.25;35841
22/05/2018;08:00:00;2737.25;2741.75;2732.5;2734.75;412778
22/05/2018;12:00:00;2735;2737.5;2721.5;2725.5;355852
22/05/2018;16:00:00;2724.5;2726.25;2723;2725.25;12572
22/05/2018;20:00:00;2725.25;2725.5;2716;2720.25;27327
23/05/2018;00:00:00;2720.25;2721.75;2705.5;2707.75;80847
23/05/2018;04:00:00;2707.75;2711;2704.5;2709.25;83506
23/05/2018;08:00:00;2709.5;2721.25;2707.5;2717.5;591764
23/05/2018;12:00:00;2717.5;2733;2712.75;2730;450008
23/05/2018;16:00:00;2729.75;2731;2724.25;2726.5;22575
23/05/2018;20:00:00;2726.5;2726.75;2720.25;2724.25;23246
24/05/2018;00:00:00;2724;2733.25;2723.75;2733;39852
24/05/2018;04:00:00;2733;2733.25;2725;2726.5;44100
24/05/2018;08:00:00;2726.5;2730.5;2705.75;2723.5;746243
24/05/2018;12:00:00;2723.25;2729.5;2723;2727.25;329005
24/05/2018;16:00:00;2726.75;2732.5;2726.75;2731.25;14709
24/05/2018;20:00:00;2731.5;2737.75;2730.5;2734.75;22909
25/05/2018;00:00:00;2734.5;2735.75;2728.25;2734;33270
25/05/2018;04:00:00;2734.25;2735.25;2718.5;2719;89170
25/05/2018;08:00:00;2719;2727;2716.25;2719.25;508349
25/05/2018;12:00:00;2719;2722;2713.75;2720.75;291433
27/05/2018;16:00:00;2729;2731;2726;2728.5;16958
27/05/2018;20:00:00;2728.5;2731;2727;2729;9663
28/05/2018;00:00:00;2729.25;2731.75;2727.75;2727.75;17455
28/05/2018;04:00:00;2727.75;2728.25;2718.25;2719.5;25808
28/05/2018;08:00:00;2719.5;2724.75;2718.75;2723.25;29531
28/05/2018;16:00:00;2721.25;2724.25;2720.75;2721.25;13986
28/05/2018;20:00:00;2721.25;2721.25;2717.5;2718.5;16661
29/05/2018;00:00:00;2718.5;2720;2690.25;2697.5;114753
29/05/2018;04:00:00;2697.25;2705.5;2693.5;2705;114350
29/05/2018;08:00:00;2705;2709.5;2676.5;2690.5;859110
29/05/2018;12:00:00;2690.25;2693.5;2675;2692.75;690481
29/05/2018;16:00:00;2693.25;2694;2686.5;2689;24310
29/05/2018;20:00:00;2689;2695.5;2685.75;2693.25;34708
30/05/2018;00:00:00;2693;2704.25;2688.25;2699;82485
30/05/2018;04:00:00;2699;2707.75;2696.75;2702.25;107934
30/05/2018;08:00:00;2702.25;2724.5;2700;2722;660405
30/05/2018;12:00:00;2722;2729.25;2720;2723.25;459625
30/05/2018;16:00:00;2720.25;2722.75;2718;2722.75;17970
30/05/2018;20:00:00;2722.5;2723.75;2719.75;2723.25;14403
31/05/2018;00:00:00;2723.25;2728.25;2719.75;2726.5;41005
31/05/2018;04:00:00;2726.25;2727;2721.5;2724.5;49757
31/05/2018;08:00:00;2724.5;2724.5;2707;2713.75;765488
31/05/2018;12:00:00;2713.75;2714.25;2699.75;2707.5;700052
31/05/2018;16:00:00;2707.5;2709.5;2706;2709.5;12066
31/05/2018;20:00:00;2709.25;2712.5;2707;2708.75;25467
01/06/2018;00:00:00;2708.5;2718.5;2707.25;2714.75;49680
01/06/2018;04:00:00;2714.5;2722;2714.25;2722;97652
01/06/2018;08:00:00;2722;2734.75;2720.5;2733.75;599161
01/06/2018;12:00:00;2733.75;2737;2728.5;2734.75;361446
03/06/2018;16:00:00;2731;2736.75;2729;2736.25;20900
03/06/2018;20:00:00;2736.25;2739.75;2735.5;2737.25;16156
04/06/2018;00:00:00;2737;2743.5;2736.25;2743.25;46189
04/06/2018;04:00:00;2743.25;2746.75;2740.5;2742;60211
04/06/2018;08:00:00;2742;2749.25;2739.75;2746.25;395871
04/06/2018;12:00:00;2746.25;2748.25;2743.5;2746.5;260305
04/06/2018;16:00:00;2746;2747.5;2743;2744;14232
04/06/2018;20:00:00;2743.75;2744.75;2742;2744.25;9761
05/06/2018;00:00:00;2744.25;2749.25;2742;2748.5;27865
05/06/2018;04:00:00;2748.75;2751.75;2744.25;2745;62348
05/06/2018;08:00:00;2744.75;2752.5;2739;2744.5;513721
05/06/2018;12:00:00;2744.25;2753.25;2744;2751.25;305003
05/06/2018;16:00:00;2751;2753;2750;2752.25;10074
05/06/2018;20:00:00;2752.25;2757.25;2752;2756.75;13288
06/06/2018;00:00:00;2756.5;2758;2753.75;2754.5;34250
06/06/2018;04:00:00;2754.5;2757.75;2754.25;2755;44835
06/06/2018;08:00:00;2754.75;2761.75;2748;2760.5;525210
06/06/2018;12:00:00;2760.5;2774.75;2758.25;2773.5;493072
06/06/2018;16:00:00;2773.25;2774.25;2770.25;2771.75;11776
06/06/2018;20:00:00;2772;2774.75;2771.5;2774;13733
07/06/2018;00:00:00;2774;2779.75;2773.5;2773.5;45172
07/06/2018;04:00:00;2773.5;2776.75;2772.25;2774.75;42581
07/06/2018;08:00:00;2774.75;2779.5;2765.75;2769.5;574820
07/06/2018;12:00:00;2769.5;2774.75;2760;2773;554938
07/06/2018;16:00:00;2771;2774;2769.75;2773.5;9206
07/06/2018;20:00:00;2773.75;2775;2768.25;2769.5;11489
08/06/2018;00:00:00;2769.5;2769.75;2752;2756;71532
08/06/2018;04:00:00;2756;2767.25;2755;2764.25;64506
08/06/2018;08:00:00;2764.25;2776.5;2763.25;2775;334396
08/06/2018;12:00:00;2775;2779.75;2771.25;2779.25;216781
10/06/2018;16:00:00;2771;2777;2770.5;2776.25;11648
10/06/2018;20:00:00;2776.5;2778;2773.75;2776.5;9370
11/06/2018;00:00:00;2780.25;2786.5;2777.25;2783.75;31449
11/06/2018;04:00:00;2783.75;2785.5;2779.25;2782.25;31470
11/06/2018;08:00:00;2782.25;2793.75;2781.5;2793;348440
11/06/2018;12:00:00;2793;2794.25;2784;2786;280183
11/06/2018;16:00:00;2785;2790.75;2784.5;2785.5;14757
11/06/2018;20:00:00;2785.5;2790.25;2783.25;2789.25;20925
12/06/2018;00:00:00;2789;2792;2783.5;2785.5;42067
12/06/2018;04:00:00;2785.5;2789.75;2782.25;2789.75;48661
12/06/2018;08:00:00;2789.75;2794;2786;2791.25;340264
12/06/2018;12:00:00;2791;2793.5;2782.75;2792.5;318785
12/06/2018;16:00:00;2792;2795;2790.25;2793.5;13888
12/06/2018;20:00:00;2793.75;2796;2792.25;2794;10449
13/06/2018;00:00:00;2794;2794.5;2789.25;2790.75;31383
13/06/2018;04:00:00;2791;2794.25;2790;2792;34112
13/06/2018;08:00:00;2791.75;2796;2790.75;2791;323026
13/06/2018;12:00:00;2791;2793.5;2778.5;2779.5;564663
13/06/2018;16:00:00;2777.75;2782.75;2777.75;2782.75;12834
13/06/2018;20:00:00;2782.75;2783.5;2778;2779.5;14941
14/06/2018;00:00:00;2779.75;2780;2772.25;2778;49126
14/06/2018;04:00:00;2778.25;2789.25;2777;2787.25;77947
14/06/2018;08:00:00;2787.25;2794;2781;2785.25;511312
14/06/2018;12:00:00;2785.25;2791;2783;2788.25;380323
14/06/2018;16:00:00;2787;2788.5;2784;2784.25;15243
14/06/2018;20:00:00;2784.25;2788.5;2783.5;2787.5;18002
15/06/2018;00:00:00;2787.25;2788.5;2773.5;2776.5;76444
15/06/2018;04:00:00;2776.75;2782.25;2772;2773.75;134387
15/06/2018;08:00:00;2773.75;2779.75;2765.5;2777.5;688335
15/06/2018;12:00:00;2777.5;2787.5;2774;2781.5;520679
17/06/2018;16:00:00;2780;2786.75;2772.25;2774;26832
17/06/2018;20:00:00;2774.25;2774.5;2768;2771.5;28948
18/06/2018;00:00:00;2771.5;2774.75;2770;2772.5;38102
18/06/2018;04:00:00;2772.75;2773.25;2763.5;2768.25;84861
18/06/2018;08:00:00;2768.25;2778;2761.25;2773.75;494194
18/06/2018;12:00:00;2773.75;2780;2773.25;2778.25;296310
18/06/2018;16:00:00;2778.25;2780.25;2762.5;2766.5;48970
18/06/2018;20:00:00;2766.5;2767.75;2752.75;2756.75;56882
19/06/2018;00:00:00;2756.75;2757.5;2735.75;2744.75;141853
19/06/2018;04:00:00;2745;2754.25;2743.25;2751.75;113043
19/06/2018;08:00:00;2752;2764;2746.25;2758.5;788407
19/06/2018;12:00:00;2758.25;2769;2754.25;2766.25;429074
19/06/2018;16:00:00;2765.25;2769;2762.75;2764.75;14959
19/06/2018;20:00:00;2764.5;2768.75;2757.25;2768;39053
20/06/2018;00:00:00;2767.75;2775.75;2767.75;2773.5;59706
20/06/2018;04:00:00;2773.75;2776.25;2770.5;2774.5;56962
20/06/2018;08:00:00;2774.75;2778.25;2767;2777;520680
20/06/2018;12:00:00;2777;2777.5;2770;2770.75;340988
20/06/2018;16:00:00;2771.75;2776.75;2770;2774.25;12652
20/06/2018;20:00:00;2774.5;2785.25;2774;2781;38741
21/06/2018;00:00:00;2781;2783;2768.5;2769;56308
21/06/2018;04:00:00;2768.75;2771.5;2762;2767.75;113943
21/06/2018;08:00:00;2767.75;2770.5;2750.25;2753;693012
21/06/2018;12:00:00;2753;2761.5;2747;2751.25;534930
21/06/2018;16:00:00;2750.5;2755.5;2749.25;2755.5;13792
21/06/2018;20:00:00;2755.5;2759;2754;2758.5;25376
22/06/2018;00:00:00;2758.75;2766.25;2757.5;2764.75;50222
22/06/2018;04:00:00;2765;2768.25;2763.25;2766.5;52520
22/06/2018;08:00:00;2766.5;2768.5;2757;2763.75;478437
22/06/2018;12:00:00;2764;2767.25;2755.25;2756.5;446840
24/06/2018;16:00:00;2757;2758;2742.5;2748;35296
24/06/2018;20:00:00;2748;2749.75;2743.75;2748.75;26078
25/06/2018;00:00:00;2748.75;2749.25;2741.25;2741.75;58268
25/06/2018;04:00:00;2741.75;2747.75;2739.25;2745.75;84193
25/06/2018;08:00:00;2745.75;2746.5;2703.75;2717.75;1076707
25/06/2018;12:00:00;2717.5;2725;2700.5;2722.5;858329
25/06/2018;16:00:00;2721.75;2726.75;2717.75;2725;26533
25/06/2018;20:00:00;2724.75;2727;2716.75;2724;38502
26/06/2018;00:00:00;2723.75;2728.5;2717.75;2722;63863
26/06/2018;04:00:00;2722;2725;2714.75;2724.25;85151
26/06/2018;08:00:00;2724;2731.5;2717.25;2729.75;718382
26/06/2018;12:00:00;2730;2735.25;2723.25;2724.25;430032
26/06/2018;16:00:00;2726.5;2732.5;2726.25;2730.25;18496
26/06/2018;20:00:00;2730.25;2732;2724.25;2729.5;27355
27/06/2018;00:00:00;2729.25;2729.5;2705.5;2706.75;111172
27/06/2018;04:00:00;2706.75;2733.75;2706.25;2728;233225
27/06/2018;08:00:00;2728;2748;2727;2727;759033
27/06/2018;12:00:00;2727;2729.75;2701;2705.75;902098
27/06/2018;16:00:00;2705;2710.75;2702.75;2707.25;25755
27/06/2018;20:00:00;2707.25;2713.75;2706.25;2712.75;35290
28/06/2018;00:00:00;2713;2717.25;2705.75;2710.5;78778
28/06/2018;04:00:00;2710.5;2716.25;2693.25;2695;191114
28/06/2018;08:00:00;2695;2714;2693.5;2708.25;848702
28/06/2018;12:00:00;2708.25;2726.25;2707.25;2720.5;467407
28/06/2018;16:00:00;2720;2723.5;2717;2719.5;19740
28/06/2018;20:00:00;2719.25;2731;2716.75;2729.5;40564
29/06/2018;00:00:00;2729.5;2737.25;2725.5;2735.5;72687
29/06/2018;04:00:00;2735.25;2735.5;2723;2726.5;119235
29/06/2018;08:00:00;2726.5;2745.5;2726.5;2737.25;545355
29/06/2018;12:00:00;2737.25;2741.25;2720.5;2720.75;757468
01/07/2018;16:00:00;2722.25;2724.75;2712.5;2721.5;24682
01/07/2018;20:00:00;2721.5;2728;2713.5;2716;31684
02/07/2018;00:00:00;2716.25;2716.5;2698.5;2708.75;89116
02/07/2018;04:00:00;2709;2710;2702.5;2705;66126
02/07/2018;08:00:00;2704.75;2719;2700.5;2709.5;539983
02/07/2018;12:00:00;2709.5;2728.5;2704;2726.75;423023
02/07/2018;16:00:00;2727.25;2727.75;2724.5;2725.5;11675
02/07/2018;20:00:00;2725.75;2732.75;2720.5;2723.5;51637
03/07/2018;00:00:00;2723.75;2735.5;2721.75;2734.75;65874
03/07/2018;04:00:00;2735;2741.5;2732.25;2738.5;67761
03/07/2018;08:00:00;2738.25;2738.75;2712;2716.25;569671
03/07/2018;12:00:00;2716.5;2719.5;2712.75;2713.25;59073
03/07/2018;16:00:00;2713;2716.25;2710.75;2713.5;13839
03/07/2018;20:00:00;2713.5;2720;2712.5;2718.25;17240
04/07/2018;00:00:00;2718.5;2723.5;2716.25;2722.25;24937
04/07/2018;04:00:00;2722.25;2724;2719;2721.25;19044
04/07/2018;08:00:00;2721.25;2722.75;2718;2721.75;25090
04/07/2018;16:00:00;2722;2722.75;2715.25;2715.5;10931
04/07/2018;20:00:00;2715.5;2722.75;2712.5;2715.75;31505
05/07/2018;00:00:00;2716;2726.75;2713.5;2724.25;49374
05/07/2018;04:00:00;2724.25;2735.75;2723.25;2732;72608
05/07/2018;08:00:00;2732;2735.25;2717;2734;469137
05/07/2018;12:00:00;2734;2739.75;2725;2738.5;404677
05/07/2018;16:00:00;2737;2739;2732.75;2738;20978
05/07/2018;20:00:00;2738;2745;2735.25;2741.25;44123
06/07/2018;00:00:00;2741;2747.5;2734.75;2739.5;58443
06/07/2018;04:00:00;2739.5;2744.5;2731.25;2737.75;90664
06/07/2018;08:00:00;2737.75;2764.5;2734.5;2761.25;592102
06/07/2018;12:00:00;2761.5;2766.25;2756.75;2762.5;416944
08/07/2018;16:00:00;2762;2769.75;2761.75;2768.75;15938
08/07/2018;20:00:00;2769;2774.5;2768.5;2772.5;28749
09/07/2018;00:00:00;2772.5;2774.75;2770.75;2770.75;35036
09/07/2018;04:00:00;2770.75;2775.25;2770.25;2772;37549
09/07/2018;08:00:00;2772.25;2785.5;2772.25;2782.75;503407
09/07/2018;12:00:00;2782.75;2788;2779.25;2787.25;317973
09/07/2018;16:00:00;2787.5;2797.75;2786.25;2795.75;22730
09/07/2018;20:00:00;2795.5;2796;2791.75;2792.75;22426
10/07/2018;00:00:00;2792.75;2793.75;2787.75;2789;36840
10/07/2018;04:00:00;2789.25;2794.5;2788.25;2791.5;52430
10/07/2018;08:00:00;2791.25;2797.75;2789;2793.75;433129
10/07/2018;12:00:00;2793.5;2797.75;2780.5;2786;329058
10/07/2018;16:00:00;2780.75;2787;2770.5;2771.25;85071
10/07/2018;20:00:00;2771.25;2781;2765.75;2777.25;64771
11/07/2018;00:00:00;2777.25;2778.75;2769.5;2776;64492
11/07/2018;04:00:00;2775.75;2783.5;2772.5;2777.5;104362
11/07/2018;08:00:00;2777.75;2787.75;2775.5;2777.25;596200
11/07/2018;12:00:00;2777.25;2782.75;2772.25;2775.75;412514
11/07/2018;16:00:00;2776.75;2779.25;2773.75;2777.75;14118
11/07/2018;20:00:00;2777.75;2785;2776;2783.5;35141
12/07/2018;00:00:00;2783.25;2785;2778.5;2782;43009
12/07/2018;04:00:00;2782;2791.5;2781.75;2790.5;82417
12/07/2018;08:00:00;2790.25;2799.75;2782.75;2798.5;499828
12/07/2018;12:00:00;2798.75;2801;2793.25;2798.25;420168
12/07/2018;16:00:00;2798.5;2804.75;2797.25;2804;17142
12/07/2018;20:00:00;2803.75;2807.25;2802;2806.75;21238
13/07/2018;00:00:00;2806.75;2807;2800.25;2800.75;34581
13/07/2018;04:00:00;2801;2801.5;2795.5;2797.25;59767
13/07/2018;08:00:00;2797.5;2806.25;2793.25;2805.75;512146
13/07/2018;12:00:00;2805.5;2806.25;2801;2804.25;251446
15/07/2018;16:00:00;2804.75;2809;2804.75;2807.25;9675
15/07/2018;20:00:00;2807.25;2809;2803.75;2805.5;14852
16/07/2018;00:00:00;2805.5;2807.5;2803.75;2806.25;23828
16/07/2018;04:00:00;2806.25;2806.75;2800.25;2802;45360
16/07/2018;08:00:00;2802;2804.75;2795;2802;385583
16/07/2018;12:00:00;2802.25;2803.25;2795;2796.5;296366
16/07/2018;16:00:00;2795.75;2799.5;2794.25;2798.5;14136
16/07/2018;20:00:00;2798.5;2801.5;2795.5;2799;21585
17/07/2018;00:00:00;2799.25;2799.25;2790.5;2795.75;43026
17/07/2018;04:00:00;2796;2796.5;2790.75;2791.75;50934
17/07/2018;08:00:00;2792;2812.75;2789.75;2812;526150
17/07/2018;12:00:00;2811.75;2815.75;2809.5;2813;364793
17/07/2018;16:00:00;2813;2816.5;2812.75;2815.75;13338
17/07/2018;20:00:00;2816;2816.25;2811.75;2813.25;14693
18/07/2018;00:00:00;2813.5;2814.75;2810.25;2812;37284
18/07/2018;04:00:00;2812.25;2813.75;2807.5;2810;48213
18/07/2018;08:00:00;2809.75;2818;2806.75;2816.25;435429
18/07/2018;12:00:00;2816.25;2818.25;2812.75;2814.75;284474
18/07/2018;16:00:00;2814.5;2817;2814.25;2816.25;9466
18/07/2018;20:00:00;2816.25;2818;2814;2814.25;16161
19/07/2018;00:00:00;2814.25;2815.25;2808;2811.5;37052
19/07/2018;04:00:00;2811.5;2812.25;2806.25;2807.5;62151
19/07/2018;08:00:00;2807.25;2812.75;2800.25;2806.5;516621
19/07/2018;12:00:00;2806.5;2813.25;2803.5;2805;414246
19/07/2018;16:00:00;2805.5;2810;2804.75;2809.75;14305
19/07/2018;20:00:00;2809.75;2810.5;2793.5;2800;65050
20/07/2018;00:00:00;2799.75;2805;2799.5;2803.5;35802
20/07/2018;04:00:00;2803.5;2806;2793;2797.25;115815
20/07/2018;08:00:00;2797.5;2810.5;2796.25;2806.75;420506
20/07/2018;12:00:00;2807;2808;2800.25;2803.5;327208
22/07/2018;16:00:00;2805.25;2806;2797;2797.5;18001
22/07/2018;20:00:00;2797.5;2798;2792.5;2797.75;32084
23/07/2018;00:00:00;2797.75;2800.5;2795.5;2798.75;34852
23/07/2018;04:00:00;2799;2802.5;2796.5;2800.5;38296
23/07/2018;08:00:00;2800.5;2808.75;2796;2807.25;430129
23/07/2018;12:00:00;2807.25;2812.5;2805;2811.25;248507
23/07/2018;16:00:00;2810.5;2816.75;2810.25;2815;17538
23/07/2018;20:00:00;2815.25;2819.5;2813.5;2818;26100
24/07/2018;00:00:00;2817.75;2818.5;2811;2816.75;39022
24/07/2018;04:00:00;2816.75;2824.5;2816.75;2822.25;77990
24/07/2018;08:00:00;2822.25;2831.25;2820;2821;665837
24/07/2018;12:00:00;2821;2823.25;2812;2819;490102
24/07/2018;16:00:00;2819.25;2820;2814.5;2816;16666
24/07/2018;20:00:00;2816;2818;2814;2815.25;18604
25/07/2018;00:00:00;2815.5;2820.5;2815;2818.75;26811
25/07/2018;04:00:00;2818.75;2821.75;2814;2819;65492
25/07/2018;08:00:00;2819;2830;2817.25;2830;496940
25/07/2018;12:00:00;2829.75;2849.5;2826.5;2845.25;639447
25/07/2018;16:00:00;2835.25;2839.5;2834;2837.5;36405
25/07/2018;20:00:00;2837.5;2838.5;2833.25;2834.75;22584
26/07/2018;00:00:00;2834.75;2837.25;2833.5;2834.75;37664
26/07/2018;04:00:00;2835;2838.75;2834.75;2835.25;57578
26/07/2018;08:00:00;2835.5;2846.5;2835.25;2837.75;492157
26/07/2018;12:00:00;2838;2843.25;2833.5;2840.25;360942
26/07/2018;16:00:00;2840.25;2843.5;2839.25;2842.5;9415
26/07/2018;20:00:00;2842.5;2844.75;2840.5;2843.75;12793
27/07/2018;00:00:00;2843.75;2846;2842.75;2843;24439
27/07/2018;04:00:00;2842.75;2847;2839;2844;70593
27/07/2018;08:00:00;2843.75;2844.25;2812.5;2813.25;644649
27/07/2018;12:00:00;2813.25;2821.25;2808.75;2817.25;688464
29/07/2018;16:00:00;2816;2817.75;2809.75;2812;19281
29/07/2018;20:00:00;2812;2814;2806.5;2809.75;21476
30/07/2018;00:00:00;2810;2814.75;2807.75;2814.25;43103
30/07/2018;04:00:00;2814.25;2818.75;2814;2817.5;49935
30/07/2018;08:00:00;2817.75;2821.75;2798.25;2802.5;592607
30/07/2018;12:00:00;2802.25;2811.25;2798.5;2805.25;422890
30/07/2018;16:00:00;2805.5;2807.25;2802.75;2806.25;13009
30/07/2018;20:00:00;2806.25;2808;2803.75;2807;21304
31/07/2018;00:00:00;2807;2809.5;2804.75;2807;41977
31/07/2018;04:00:00;2807.25;2811.75;2805.75;2809;52906
31/07/2018;08:00:00;2809.25;2825;2806.5;2822.5;615205
31/07/2018;12:00:00;2822.5;2827.75;2813.5;2826;555787
31/07/2018;16:00:00;2824.25;2825.5;2810.75;2816.75;41471
31/07/2018;20:00:00;2816.75;2818.25;2814;2816.75;22133
01/08/2018;00:00:00;2816.75;2821.5;2815.5;2816;51188
01/08/2018;04:00:00;2815.75;2820;2813;2819.5;55037
01/08/2018;08:00:00;2819.75;2825.75;2808;2811.5;526858
01/08/2018;12:00:00;2811.5;2817;2805.5;2813.75;373227
01/08/2018;16:00:00;2814;2815;2812.75;2814;10631
01/08/2018;20:00:00;2814.25;2814.75;2804.75;2808;29381
02/08/2018;00:00:00;2808;2809.5;2798;2798.5;74487
02/08/2018;04:00:00;2798.5;2799;2791;2797.5;119412
02/08/2018;08:00:00;2797.5;2823.25;2795;2822;606050
02/08/2018;12:00:00;2822;2831.25;2821.75;2830.5;362347
02/08/2018;16:00:00;2830.75;2830.75;2828.25;2828.75;12109
02/08/2018;20:00:00;2829;2829.75;2826;2828;18694
03/08/2018;00:00:00;2828;2829;2824.75;2826.75;43289
03/08/2018;04:00:00;2826.75;2836;2826;2828;99203
03/08/2018;08:00:00;2828.25;2835.5;2827;2833.5;385070
03/08/2018;12:00:00;2833.5;2841.5;2833.5;2841.25;311951
05/08/2018;16:00:00;2841.5;2843;2839.75;2841;11078
05/08/2018;20:00:00;2841;2845;2840.5;2843;18180
06/08/2018;00:00:00;2843.25;2843.5;2835.25;2835.5;36964
06/08/2018;04:00:00;2835.5;2843.25;2835;2838.25;56853
06/08/2018;08:00:00;2838.25;2851.5;2835.5;2851.25;364661
06/08/2018;12:00:00;2851.25;2853.5;2847;2849;283002
06/08/2018;16:00:00;2849.25;2850.5;2848.25;2850;7973
06/08/2018;20:00:00;2850;2852.5;2849.5;2851.75;13580
07/08/2018;00:00:00;2851.5;2858.5;2851.5;2857.25;37627
07/08/2018;04:00:00;2857.25;2857.75;2855;2856;35992
07/08/2018;08:00:00;2856.25;2863.75;2855.75;2862.25;395932
07/08/2018;12:00:00;2862.25;2863;2857.75;2860.75;262828
07/08/2018;16:00:00;2860.5;2861.25;2858.5;2859.75;10288
07/08/2018;20:00:00;2859.75;2861.25;2858.5;2858.75;12034
08/08/2018;00:00:00;2859;2860;2856.25;2859.5;28407
08/08/2018;04:00:00;2859.5;2861.5;2855;2856.25;45834
08/08/2018;08:00:00;2856;2861;2853;2857.75;354344
08/08/2018;12:00:00;2857.5;2862.5;2852.5;2853.5;266629
08/08/2018;16:00:00;2853.5;2855.25;2852.75;2854;11284
08/08/2018;20:00:00;2854;2858.5;2852.75;2857.25;17528
09/08/2018;00:00:00;2857.25;2858.25;2854;2857.5;24888
09/08/2018;04:00:00;2857.5;2860;2856;2858.75;39279
09/08/2018;08:00:00;2858.75;2862.75;2855.25;2860;310203
09/08/2018;12:00:00;2860.25;2861.75;2850.5;2852.25;281957
09/08/2018;16:00:00;2852.5;2852.75;2848.25;2848.5;14493
09/08/2018;20:00:00;2848.5;2851.75;2848.25;2848.75;16520
10/08/2018;00:00:00;2849;2849;2839;2840.75;87082
10/08/2018;04:00:00;2840.75;2843.75;2836.75;2839.5;109458
10/08/2018;08:00:00;2839.5;2843;2832;2838;583092
10/08/2018;12:00:00;2838;2839.5;2826;2839.25;545116
12/08/2018;16:00:00;2835.75;2835.75;2827.75;2828;32253
12/08/2018;20:00:00;2828.25;2828.75;2820.5;2821.75;45329
13/08/2018;00:00:00;2822;2831.75;2821.5;2830;76382
13/08/2018;04:00:00;2830;2838;2826;2835.25;97944
13/08/2018;08:00:00;2835.25;2843.75;2822.75;2824;509946
13/08/2018;12:00:00;2823.75;2833.5;2820;2826.25;494724
13/08/2018;16:00:00;2826.75;2830.75;2825.75;2830.5;17723
13/08/2018;20:00:00;2830.75;2832.25;2826.5;2830.5;28233
14/08/2018;00:00:00;2830.5;2838.75;2829.5;2833;64089
14/08/2018;04:00:00;2833;2838;2832;2833.25;55256
14/08/2018;08:00:00;2833.25;2843;2826.75;2838.5;503178
14/08/2018;12:00:00;2838.75;2843.5;2838.25;2841.75;333347
14/08/2018;16:00:00;2841.75;2843;2839.75;2840.75;14724
14/08/2018;20:00:00;2840.75;2840.75;2835;2836.75;26355
15/08/2018;00:00:00;2836.5;2839.75;2835.25;2837.5;35812
15/08/2018;04:00:00;2837.5;2837.75;2821;2823;145499
15/08/2018;08:00:00;2822.75;2826.75;2803;2816.5;953004
15/08/2018;12:00:00;2816.25;2823.25;2806;2822.5;621198
15/08/2018;16:00:00;2822.25;2823.25;2817.5;2820;20177
15/08/2018;20:00:00;2820;2833.5;2818.5;2830;74322
16/08/2018;00:00:00;2830;2832.5;2825.5;2831.25;51780
16/08/2018;04:00:00;2831.5;2837.25;2829.75;2832.5;81675
16/08/2018;08:00:00;2832.5;2851.75;2831.75;2846.75;551020
16/08/2018;12:00:00;2846.75;2849.5;2838.5;2844;460632
16/08/2018;16:00:00;2843.5;2843.75;2840.5;2843;15911
16/08/2018;20:00:00;2843;2849;2843;2844.25;26803
17/08/2018;00:00:00;2844.25;2847.5;2843.25;2845.25;27329
17/08/2018;04:00:00;2845.25;2845.25;2835;2840;85780
17/08/2018;08:00:00;2840;2848.25;2835;2842.5;529604
17/08/2018;12:00:00;2842.25;2857;2841.25;2853.25;476201
19/08/2018;16:00:00;2851.75;2855.25;2851.5;2852.75;16508
19/08/2018;20:00:00;2852.75;2854.75;2850.25;2851.5;26154
20/08/2018;00:00:00;2851.75;2860;2850.5;2857.75;41460
20/08/2018;04:00:00;2857.75;2859.25;2854.75;2855.25;39567
20/08/2018;08:00:00;2855.25;2859.25;2851.5;2858.75;402044
20/08/2018;12:00:00;2858.75;2860.75;2856.75;2857.25;255951
20/08/2018;16:00:00;2856.75;2857.5;2853.75;2855.5;14528
20/08/2018;20:00:00;2855.5;2859;2855.25;2858.75;17802
21/08/2018;00:00:00;2858.75;2861.5;2858;2861.25;32570
21/08/2018;04:00:00;2861.5;2864.75;2861.25;2862;39208
21/08/2018;08:00:00;2862.25;2874;2861;2873.25;444100
21/08/2018;12:00:00;2873.25;2873.75;2852;2855;478056
21/08/2018;16:00:00;2853;2855;2846.25;2849.25;59454
21/08/2018;20:00:00;2849.5;2857.5;2849;2854.5;35009
22/08/2018;00:00:00;2854.75;2857.5;2851.25;2856.5;46674
22/08/2018;04:00:00;2856.5;2861.25;2853;2857;74980
22/08/2018;08:00:00;2857;2868.25;2856;2865;467441
22/08/2018;12:00:00;2864.75;2868;2860.25;2862;285987
22/08/2018;16:00:00;2861.75;2864.25;2861.25;2861.75;10870
22/08/2018;20:00:00;2861.75;2863;2857.5;2859;25537
23/08/2018;00:00:00;2858.75;2863.75;2858;2863.5;42622
23/08/2018;04:00:00;2863.5;2863.75;2859.25;2862;38250
23/08/2018;08:00:00;2861.75;2869.75;2854.75;2859;605542
23/08/2018;12:00:00;2858.75;2861.75;2855;2858.25;303874
23/08/2018;16:00:00;2858.25;2860;2856.25;2859.5;12620
23/08/2018;20:00:00;2859.75;2863;2858.25;2862;22120
24/08/2018;00:00:00;2862.25;2864.75;2860.25;2864;33173
24/08/2018;04:00:00;2864;2865.5;2862;2863.5;40648
24/08/2018;08:00:00;2863.25;2877;2863.25;2876;522163
24/08/2018;12:00:00;2876.25;2877.5;2870.75;2876.5;353907
26/08/2018;16:00:00;2877.75;2884.5;2876.75;2882.75;19504
26/08/2018;20:00:00;2882.5;2884.25;2881.75;2883.5;18383
27/08/2018;00:00:00;2883.75;2884.5;2881.25;2883.75;28416
27/08/2018;04:00:00;2884;2888;2882.5;2887.75;52987
27/08/2018;08:00:00;2888;2899.25;2887;2898.5;481883
27/08/2018;12:00:00;2898.5;2899.5;2895;2899.25;319222
27/08/2018;16:00:00;2899;2903;2899;2902.75;16691
27/08/2018;20:00:00;2902.75;2903.75;2899.25;2899.25;19053
28/08/2018;00:00:00;2899.5;2900.25;2897.5;2898;31179
28/08/2018;04:00:00;2898;2903.25;2897.75;2903;43002
28/08/2018;08:00:00;2903;2906.25;2894.25;2898.5;459695
28/08/2018;12:00:00;2898.5;2901;2895.25;2899.75;313401
28/08/2018;16:00:00;2900.5;2903.5;2900;2902.75;13037
28/08/2018;20:00:00;2902.75;2905;2901.75;2904.25;12435
29/08/2018;00:00:00;2904.25;2905;2901;2901;34725
29/08/2018;04:00:00;2901;2902.5;2897.5;2898.75;57953
29/08/2018;08:00:00;2898.75;2916.25;2898.75;2915;578253
29/08/2018;12:00:00;2915;2917.5;2911.25;2915.5;364370
29/08/2018;16:00:00;2915.75;2916.25;2913.5;2914.5;11093
29/08/2018;20:00:00;2914.75;2915.25;2911.25;2912.5;19436
30/08/2018;00:00:00;2912.75;2912.75;2907;2908.75;51263
30/08/2018;04:00:00;2908.75;2912.25;2907.25;2909.5;64423
30/08/2018;08:00:00;2909.5;2913;2904;2910.5;521558
30/08/2018;12:00:00;2910.5;2912.75;2895.5;2899;619373
30/08/2018;16:00:00;2898;2900;2896;2898.75;15106
30/08/2018;20:00:00;2899;2902.5;2898.75;2902;20772
31/08/2018;00:00:00;2901.75;2904;2897;2900;45988
31/08/2018;04:00:00;2899.75;2902.25;2895;2895.25;58110
31/08/2018;08:00:00;2895.5;2907.5;2891.75;2896.5;547520
31/08/2018;12:00:00;2896.5;2907.25;2892.25;2907;546611
31/08/2018;16:00:00;2907;2907.25;2904.25;2906.25;14762
02/09/2018;20:00:00;2906.25;2907;2902.75;2903;16688
03/09/2018;00:00:00;2903.25;2910.25;2902.5;2909.5;31921
03/09/2018;04:00:00;2909.5;2912.5;2907.25;2907.75;25719
03/09/2018;08:00:00;2907.75;2910.5;2906.75;2908.25;32882
03/09/2018;12:00:00;2908.25;2908.25;2908.25;2908.25;2
03/09/2018;16:00:00;2907.75;2909.25;2903.25;2905.75;14931
03/09/2018;20:00:00;2905.5;2907.25;2901.75;2906.75;21702
04/09/2018;00:00:00;2906.5;2912;2905.75;2906.75;42515
04/09/2018;04:00:00;2907;2907;2891.75;2897.5;127108
04/09/2018;08:00:00;2897.5;2901;2885.5;2891.5;840558
04/09/2018;12:00:00;2891.25;2899.75;2890.75;2898.75;392668
04/09/2018;16:00:00;2898.75;2899.25;2895.5;2897.75;11720
04/09/2018;20:00:00;2897.75;2900.5;2896;2896.75;23142
05/09/2018;00:00:00;2897;2897.5;2885;2888;72640
05/09/2018;04:00:00;2888;2892.75;2886;2889.5;89915
05/09/2018;08:00:00;2889.25;2895;2877.5;2886.25;913630
05/09/2018;12:00:00;2886.25;2893.5;2884.75;2889.75;437860
05/09/2018;16:00:00;2888.5;2889;2885;2886.75;13679
05/09/2018;20:00:00;2886.75;2891;2884.75;2887.5;21848
06/09/2018;00:00:00;2887.5;2891.5;2882;2891.5;53387
06/09/2018;04:00:00;2891.25;2892.75;2885.5;2891.25;77396
06/09/2018;08:00:00;2891.25;2893;2869;2871;904894
06/09/2018;12:00:00;2870.75;2884.5;2868;2878.25;496258
06/09/2018;16:00:00;2877.75;2879;2871;2873.5;24230
06/09/2018;20:00:00;2873.25;2879.25;2871.75;2875.25;38600
07/09/2018;00:00:00;2875.25;2881.5;2874.5;2875;46437
07/09/2018;04:00:00;2875;2878.5;2867.5;2868;121867
07/09/2018;08:00:00;2868.25;2885;2865;2873.5;869966
07/09/2018;12:00:00;2873.5;2877.5;2868.75;2872.75;520577
09/09/2018;16:00:00;2873.75;2879.25;2873.25;2879.25;17918
09/09/2018;20:00:00;2879.25;2881.75;2877.25;2877.75;31536
10/09/2018;00:00:00;2878;2885.75;2876.25;2885.25;51065
10/09/2018;04:00:00;2885.25;2886.75;2883;2885.5;72810
10/09/2018;08:00:00;2885.75;2888.25;2876.5;2877.25;827546
10/09/2018;12:00:00;2877.5;2883;2876.5;2879.75;323656
10/09/2018;16:00:00;2879.75;2884;2878.75;2883;16213
10/09/2018;20:00:00;2883.25;2885;2882;2884.75;22551
11/09/2018;00:00:00;2884.5;2885;2874.5;2877.25;46155
11/09/2018;04:00:00;2877;2877.25;2870;2871.25;98545
11/09/2018;08:00:00;2871;2893;2867.25;2892.5;653489
11/09/2018;12:00:00;2892.5;2893;2887.25;2890;331066
11/09/2018;16:00:00;2890;2892.25;2888;2889;15652
11/09/2018;20:00:00;2889.25;2890;2886.25;2888;20159
12/09/2018;00:00:00;2888.25;2895.25;2888;2894.25;44348
12/09/2018;04:00:00;2894.25;2894.5;2886.5;2887;65817
12/09/2018;08:00:00;2887;2895.25;2879.5;2887.5;894920
12/09/2018;12:00:00;2887.25;2892.5;2882.75;2887;369305
12/09/2018;16:00:00;2887;2890;2885.75;2890;13502
12/09/2018;20:00:00;2889.75;2890;2885.75;2885.75;17220
13/09/2018;00:00:00;2885.75;2892;2884.75;2891.25;37470
13/09/2018;04:00:00;2891.5;2900.25;2889;2897.75;101619
13/09/2018;08:00:00;2897.75;2907;2896.5;2904.25;692260
13/09/2018;12:00:00;2904.25;2906.5;2900.5;2905;297280
13/09/2018;16:00:00;2904.75;2907.25;2903.5;2906.25;10393
13/09/2018;20:00:00;2906;2906.75;2902.5;2905.5;12695
14/09/2018;00:00:00;2905.5;2917.25;2905;2915.5;28265
14/09/2018;04:00:00;2915.5;2916.75;2912.75;2913;30680
14/09/2018;08:00:00;2913.25;2914.5;2903.5;2905;473031
14/09/2018;12:00:00;2904.75;2912.75;2902;2911.25;237624
16/09/2018;16:00:00;2907.75;2908;2904;2905.75;12629
16/09/2018;20:00:00;2905.75;2908;2905;2906.5;12946
17/09/2018;00:00:00;2906.5;2911.25;2904.5;2910.75;32161
17/09/2018;04:00:00;2910.75;2911;2905.75;2908.5;42381
17/09/2018;08:00:00;2908.5;2910.25;2899.25;2903.25;430814
17/09/2018;12:00:00;2903.25;2904.25;2892.25;2896;467491
17/09/2018;16:00:00;2895.5;2896.25;2883.5;2886.75;34504
17/09/2018;20:00:00;2886.5;2894.5;2885.5;2893.25;27705
18/09/2018;00:00:00;2893.25;2901.25;2892.5;2900;55776
18/09/2018;04:00:00;2900;2904;2899.25;2902.25;70258
18/09/2018;08:00:00;2902.5;2916.5;2895.5;2912.25;630539
18/09/2018;12:00:00;2912;2917.75;2910.25;2912.75;351100
18/09/2018;16:00:00;2913;2915.25;2909;2911;15281
18/09/2018;20:00:00;2911;2913.5;2909.5;2911.5;19998
19/09/2018;00:00:00;2911.25;2913.75;2909.5;2910;30390
19/09/2018;04:00:00;2910;2911;2905.75;2908.5;51383
19/09/2018;08:00:00;2908.5;2918.75;2908;2915.5;614239
19/09/2018;12:00:00;2915.75;2916.5;2912.5;2916.5;229711
19/09/2018;16:00:00;2916.5;2918;2915.5;2916.5;9663
19/09/2018;20:00:00;2916.5;2917.25;2914;2915;13323
20/09/2018;00:00:00;2915;2917.75;2913.25;2915.25;30545
20/09/2018;04:00:00;2915.5;2927.75;2914.75;2926.75;105840
20/09/2018;08:00:00;2926.75;2937.25;2925.75;2936.75;641684
20/09/2018;12:00:00;2936.75;2940.75;2934.75;2940.25;431707
20/09/2018;16:00:00;2939.5;2942.25;2938;2940.75;14750
20/09/2018;20:00:00;2940.75;2941.75;2939.25;2941.25;17040
21/09/2018;00:00:00;2941.5;2945.5;2940.75;2943;43887
21/09/2018;04:00:00;2943.25;2943.75;2937.5;2942.5;79435
21/09/2018;08:00:00;2942.75;2947;2938.25;2940.5;652739
21/09/2018;12:00:00;2940.5;2941;2932;2932.25;585555
23/09/2018;16:00:00;2929.5;2930;2924.75;2926;22534
23/09/2018;20:00:00;2926;2928.5;2923.25;2927.25;16106
24/09/2018;00:00:00;2927.5;2930;2924.5;2928.5;39314
24/09/2018;04:00:00;2928.5;2930.25;2927.25;2927.75;42082
24/09/2018;08:00:00;2927.5;2929;2917.75;2920.25;637250
24/09/2018;12:00:00;2920.25;2927.5;2919.25;2926.5;342635
24/09/2018;16:00:00;2926.5;2927;2923.5;2924.25;8662
24/09/2018;20:00:00;2924.25;2925.25;2923.5;2925.25;8312
25/09/2018;00:00:00;2925;2928.75;2924.25;2927.25;31180
25/09/2018;04:00:00;2927.25;2934.25;2927.25;2930.25;65542
25/09/2018;08:00:00;2930;2930.5;2920.25;2925;416920
25/09/2018;12:00:00;2925;2925;2918.25;2922.25;472754
25/09/2018;16:00:00;2922.5;2924.5;2922;2924.25;8448
25/09/2018;20:00:00;2924;2928;2924;2927.5;17073
26/09/2018;00:00:00;2927.5;2928.75;2924.5;2927.25;29748
26/09/2018;04:00:00;2927.5;2928.25;2924.25;2925;45874
26/09/2018;08:00:00;2924.75;2929.75;2920.25;2929.75;341722
26/09/2018;12:00:00;2929.75;2936;2907.5;2912;812193
26/09/2018;16:00:00;2911.5;2914.75;2910.5;2914.5;18768
26/09/2018;20:00:00;2914.5;2915.75;2912;2913.25;18708
27/09/2018;00:00:00;2913.5;2914.25;2907.5;2909.25;51807
27/09/2018;04:00:00;2909.5;2916.75;2908.5;2916;74647
27/09/2018;08:00:00;2916;2932;2914;2930.75;536576
27/09/2018;12:00:00;2930.5;2930.75;2917;2922;465860
27/09/2018;16:00:00;2922.25;2923.25;2919.75;2921.25;11109
27/09/2018;20:00:00;2921.5;2924.25;2921.25;2922.5;17581
28/09/2018;00:00:00;2922.5;2922.75;2915;2921;60670
28/09/2018;04:00:00;2920.75;2921.25;2908;2912.25;119713
28/09/2018;08:00:00;2912.5;2925.5;2910.5;2919.75;496212
28/09/2018;12:00:00;2919.75;2924;2916;2921.75;649927
30/09/2018;16:00:00;2922.5;2929.75;2922.5;2929.25;28843
30/09/2018;20:00:00;2929.5;2936;2928.5;2935.5;34149
01/10/2018;00:00:00;2935.25;2937.75;2932;2937.5;47095
01/10/2018;04:00:00;2937.25;2937.75;2931.75;2933.25;72403
01/10/2018;08:00:00;2933.25;2942;2931.25;2932.5;513536
01/10/2018;12:00:00;2932.5;2935.25;2922.5;2929.25;507336
01/10/2018;16:00:00;2929.25;2930;2927;2928.5;17490
01/10/2018;20:00:00;2928.5;2928.75;2924;2925.75;20355
02/10/2018;00:00:00;2926;2926;2918.5;2919.5;57836
02/10/2018;04:00:00;2919.5;2927;2917.5;2926.25;75713
02/10/2018;08:00:00;2926.5;2936;2924;2932.25;526551
02/10/2018;12:00:00;2932;2936;2924;2930;411005
02/10/2018;16:00:00;2929;2930;2925.75;2927.5;11902
02/10/2018;20:00:00;2927.75;2935.75;2926.25;2931.75;33288
03/10/2018;00:00:00;2931.75;2936;2931;2935.25;29185
03/10/2018;04:00:00;2935.25;2940;2932.25;2939.75;63789
03/10/2018;08:00:00;2939.5;2944.75;2935.75;2940.5;487589
03/10/2018;12:00:00;2940.25;2942;2924.75;2926.5;590183
03/10/2018;16:00:00;2926;2926.25;2920.75;2922.75;27495
03/10/2018;20:00:00;2923;2923;2917.75;2920;39264
04/10/2018;00:00:00;2920;2920;2913.25;2915.5;75095
04/10/2018;04:00:00;2915.75;2922.75;2913.25;2922;117000
04/10/2018;08:00:00;2921.75;2924;2893.75;2898.75;996767
04/10/2018;12:00:00;2898.75;2910.5;2887.75;2910.5;856985
04/10/2018;16:00:00;2910;2914;2908;2913.5;20784
04/10/2018;20:00:00;2913.5;2915.5;2907;2911.25;32974
05/10/2018;00:00:00;2911.25;2912;2900.75;2903;61801
05/10/2018;04:00:00;2903;2915;2898.25;2906.25;178731
05/10/2018;08:00:00;2906.5;2914;2877.25;2880.5;1085880
05/10/2018;12:00:00;2880.75;2895.25;2873.25;2895;853528
07/10/2018;16:00:00;2897.5;2898.25;2888.25;2894.5;38047
07/10/2018;20:00:00;2894.5;2897.75;2891.75;2894.75;29752
08/10/2018;00:00:00;2894.75;2896;2883;2883;53035
08/10/2018;04:00:00;2883;2889.75;2882.5;2886;71503
08/10/2018;08:00:00;2886;2893;2866;2867.25;870886
08/10/2018;12:00:00;2867;2894;2866.5;2892.5;649972
08/10/2018;16:00:00;2892.25;2893.25;2889.25;2891.25;16534
08/10/2018;20:00:00;2891.25;2894.25;2889;2890.5;29481
09/10/2018;00:00:00;2890.5;2891.25;2884.25;2887;46118
09/10/2018;04:00:00;2887;2887;2874.5;2884.75;135977
09/10/2018;08:00:00;2884.75;2900;2879;2885.75;954230
09/10/2018;12:00:00;2886;2893.5;2881.5;2887.5;537117
09/10/2018;16:00:00;2886.75;2890.75;2886.25;2890.25;15903
09/10/2018;20:00:00;2890;2891.25;2881.75;2886;28613
10/10/2018;00:00:00;2886;2890.5;2882.75;2884.5;42240
10/10/2018;04:00:00;2884.5;2889.5;2875.5;2878.5;99185
10/10/2018;08:00:00;2878.25;2880;2837.75;2841.5;1492557
10/10/2018;12:00:00;2841.25;2849.25;2771.5;2772.75;1667792
10/10/2018;16:00:00;2776.5;2785.5;2771;2780.5;95323
10/10/2018;20:00:00;2780.5;2780.75;2750.25;2757;135794
11/10/2018;00:00:00;2757;2779.75;2748.5;2755.75;212097
11/10/2018;04:00:00;2755.5;2786.5;2747.25;2780.25;310481
11/10/2018;08:00:00;2780.25;2798.75;2748.5;2773;1666896
11/10/2018;12:00:00;2773;2778.5;2712.25;2748;1472723
11/10/2018;16:00:00;2748.5;2766.5;2746.25;2762;62774
11/10/2018;20:00:00;2761.75;2773.25;2759;2773.25;50854
12/10/2018;00:00:00;2773;2785;2766.5;2767.75;135321
12/10/2018;04:00:00;2767.5;2778.5;2764;2772.75;161253
12/10/2018;08:00:00;2772.75;2779.25;2732.25;2744;1158784
12/10/2018;12:00:00;2744;2779;2734.75;2772.25;1120010
14/10/2018;16:00:00;2770;2771.25;2756.5;2759.25;49055
14/10/2018;20:00:00;2759.5;2766.75;2755.25;2763;46110
15/10/2018;00:00:00;2762.75;2763;2745.25;2746.75;79546
15/10/2018;04:00:00;2747;2768.75;2746.25;2765.75;121156
15/10/2018;08:00:00;2765.75;2774.75;2751.25;2765.5;724934
15/10/2018;12:00:00;2765.75;2778.75;2745.25;2747;681220
15/10/2018;16:00:00;2747.5;2757.75;2745.5;2755;44695
15/10/2018;20:00:00;2755.25;2761.5;2753;2757.25;40716
16/10/2018;00:00:00;2757.25;2762.75;2756.25;2758.75;74983
16/10/2018;04:00:00;2759;2771.5;2755.5;2770;95503
16/10/2018;08:00:00;2770;2798;2768.5;2797.75;762014
16/10/2018;12:00:00;2797.75;2819;2795.75;2816.5;687078
16/10/2018;16:00:00;2816.25;2817.75;2813;2817.25;18974
16/10/2018;20:00:00;2817.5;2819;2815;2816.5;19309
17/10/2018;00:00:00;2816.75;2824.25;2813;2814;81467
17/10/2018;04:00:00;2814.25;2814.25;2804;2808;115485
17/10/2018;08:00:00;2808;2817.75;2783.25;2814.5;979253
17/10/2018;12:00:00;2814.5;2819.25;2799.5;2816.25;656991
17/10/2018;16:00:00;2813.25;2814.75;2806.5;2808.5;25929
17/10/2018;20:00:00;2808.75;2810;2803;2807;28657
18/10/2018;00:00:00;2807;2812.75;2800.25;2809;56124
18/10/2018;04:00:00;2809;2811.5;2801;2805.5;72234
18/10/2018;08:00:00;2805.5;2808;2768;2779;1067267
18/10/2018;12:00:00;2778.75;2781;2756.5;2775.25;897987
18/10/2018;16:00:00;2774.75;2779.5;2771;2779;25372
18/10/2018;20:00:00;2779;2782;2774.75;2779.5;38989
19/10/2018;00:00:00;2779.75;2785.5;2771.5;2776;94400
19/10/2018;04:00:00;2775.75;2786.5;2773.25;2781.75;127665
19/10/2018;08:00:00;2782;2800.5;2767.25;2776.25;907495
19/10/2018;12:00:00;2776;2783.5;2762.25;2767.5;742094
21/10/2018;16:00:00;2758;2762.5;2749.75;2754.5;55890
21/10/2018;20:00:00;2754.5;2773.25;2754.25;2771.25;62861
22/10/2018;00:00:00;2771.25;2779.25;2769.5;2771.25;77816
22/10/2018;04:00:00;2771.25;2782;2768.75;2777;82461
22/10/2018;08:00:00;2777;2780.5;2751;2760.5;809606
22/10/2018;12:00:00;2760.5;2768.25;2755.25;2756.75;522201
22/10/2018;16:00:00;2755.75;2757.5;2738.25;2741.75;44010
22/10/2018;20:00:00;2741.75;2746.25;2731.5;2733.5;75712
23/10/2018;00:00:00;2733.25;2736.75;2721.25;2723.25;129707
23/10/2018;04:00:00;2723;2727;2710.25;2718.25;219095
23/10/2018;08:00:00;2718.25;2724.5;2692.25;2719.25;1337722
23/10/2018;12:00:00;2719;2754.75;2718;2746;947997
23/10/2018;16:00:00;2745.25;2747.75;2740.5;2744.75;25438
23/10/2018;20:00:00;2744.75;2750;2736.75;2748;64770
24/10/2018;00:00:00;2748;2748.5;2719.5;2720.25;129990
24/10/2018;04:00:00;2720;2746.5;2719.25;2742.25;143808
24/10/2018;08:00:00;2742.25;2743.5;2703.75;2716;1008708
24/10/2018;12:00:00;2715.75;2716;2652.25;2674.75;1380034
24/10/2018;16:00:00;2673.75;2675.25;2658.75;2670.5;60897
24/10/2018;20:00:00;2670.75;2677.5;2664.5;2669.25;57810
25/10/2018;00:00:00;2669.25;2683.5;2663.5;2682.5;126131
25/10/2018;04:00:00;2682.75;2692.5;2675.5;2678.25;192705
25/10/2018;08:00:00;2678;2706.5;2667.5;2701.25;1158976
25/10/2018;12:00:00;2701.25;2723.75;2677.75;2681.5;855792
25/10/2018;16:00:00;2678;2680.75;2667.5;2674.25;60287
25/10/2018;20:00:00;2674.5;2677;2657;2667.5;82435
26/10/2018;00:00:00;2667.5;2677.5;2658.5;2662.25;137170
26/10/2018;04:00:00;2662;2668;2646;2667.25;252127
26/10/2018;08:00:00;2667;2688;2627.25;2680;1587776
26/10/2018;12:00:00;2680;2692.75;2641;2662.25;1248580
28/10/2018;16:00:00;2667;2682.25;2666;2675.25;45072
28/10/2018;20:00:00;2675;2675.5;2662.25;2666.75;54416
29/10/2018;00:00:00;2666.75;2671;2660;2665;62564
29/10/2018;04:00:00;2665;2700.75;2662.25;2697.75;168685
29/10/2018;08:00:00;2697.75;2707;2666.25;2670.75;982948
29/10/2018;12:00:00;2670.75;2683.5;2603;2639.5;1369542
29/10/2018;16:00:00;2639;2655;2636.25;2652.5;42528
29/10/2018;20:00:00;2652.5;2664.25;2646.5;2661.75;62463
30/10/2018;00:00:00;2662;2664;2653.5;2656;59557
30/10/2018;04:00:00;2656;2661;2642.75;2647.25;131137
30/10/2018;08:00:00;2647.25;2675.25;2633.25;2651.75;1175266
30/10/2018;12:00:00;2651.75;2690.25;2640.5;2689.75;933615
30/10/2018;16:00:00;2690.75;2691.75;2682;2686.25;40731
30/10/2018;20:00:00;2686;2692.5;2685;2690.75;51251
31/10/2018;00:00:00;2690.5;2704.25;2690.5;2703.75;64102
31/10/2018;04:00:00;2703.5;2714;2696.25;2713;144072
31/10/2018;08:00:00;2713;2729.25;2706.25;2725;993790
31/10/2018;12:00:00;2724.75;2737.25;2704;2706;1050848
31/10/2018;16:00:00;2706;2717.5;2705.5;2717;32000
31/10/2018;20:00:00;2717;2722.25;2715;2717.5;41185
01/11/2018;00:00:00;2717.5;2720.5;2707.25;2718.75;62871
01/11/2018;04:00:00;2718.75;2727.25;2715.25;2716.75;100252
01/11/2018;08:00:00;2716.5;2734.75;2707.75;2734.5;940322
01/11/2018;12:00:00;2734.25;2741.25;2725.75;2734;572370
01/11/2018;16:00:00;2724;2740.5;2722.75;2736.5;41127
01/11/2018;20:00:00;2736.25;2749.75;2729.75;2747.75;45220
02/11/2018;00:00:00;2748;2764.25;2747;2759.25;116923
02/11/2018;04:00:00;2759.25;2766.25;2751;2755.75;185626
02/11/2018;08:00:00;2755.5;2757.25;2701.25;2705.75;1119564
02/11/2018;12:00:00;2705.75;2728;2699.5;2722.5;772565
04/11/2018;16:00:00;2722.5;2723;2712.75;2714.25;31375
04/11/2018;20:00:00;2714.25;2719.25;2713.75;2716.75;20581
05/11/2018;00:00:00;2717;2721.25;2714;2720.75;41817
05/11/2018;04:00:00;2721;2729.5;2719;2725.5;83407
05/11/2018;08:00:00;2725.5;2734.25;2717;2726.5;592389
05/11/2018;12:00:00;2726.5;2743.75;2725;2740;493504
05/11/2018;16:00:00;2739;2745.75;2737.5;2739.25;23762
05/11/2018;20:00:00;2739.5;2743;2738;2742.25;20466
06/11/2018;00:00:00;2742.25;2746.5;2731;2731.75;48006
06/11/2018;04:00:00;2731.75;2736;2729.75;2733.25;59808
06/11/2018;08:00:00;2733.25;2753.25;2733.25;2750.5;603392
06/11/2018;12:00:00;2750.5;2761;2737.75;2758;468855
06/11/2018;16:00:00;2755.25;2770.25;2744.75;2766;111915
06/11/2018;20:00:00;2766;2774.5;2757;2761.25;111299
07/11/2018;00:00:00;2761.25;2786.5;2758.5;2785.75;108644
07/11/2018;04:00:00;2785.75;2787;2774;2776.25;102067
07/11/2018;08:00:00;2776;2800;2773.5;2799;771751
07/11/2018;12:00:00;2799;2817.75;2793.75;2816.5;617379
07/11/2018;16:00:00;2815.75;2818;2811.25;2811.25;29916
07/11/2018;20:00:00;2811.5;2816.25;2809.25;2812.75;24349
08/11/2018;00:00:00;2812.75;2816.5;2805.5;2805.75;63445
08/11/2018;04:00:00;2805.75;2809;2801.5;2806.75;92431
08/11/2018;08:00:00;2806.75;2815.25;2803.75;2809.25;507966
08/11/2018;12:00:00;2809.5;2812.25;2795;2805.5;563372
08/11/2018;16:00:00;2804;2809.75;2802.5;2804.25;27322
08/11/2018;20:00:00;2804.25;2811.25;2799.75;2805.5;30718
09/11/2018;00:00:00;2805.5;2806.75;2793.25;2797.5;55504
09/11/2018;04:00:00;2797.75;2798.5;2789.5;2794.75;84620
09/11/2018;08:00:00;2794.5;2796.25;2771;2775.75;764685
09/11/2018;12:00:00;2775.75;2791.25;2764.5;2778.75;685491
11/11/2018;16:00:00;2778.75;2789.75;2773.75;2788.25;33222
11/11/2018;20:00:00;2788;2795.25;2787;2792;26957
12/11/2018;00:00:00;2792;2792.25;2777.5;2780;59416
12/11/2018;04:00:00;2780;2782.75;2768.5;2774;81327
12/11/2018;08:00:00;2774;2777.5;2733.5;2739.5;878565
12/11/2018;12:00:00;2739.25;2752;2722.25;2730.5;782431
12/11/2018;16:00:00;2732;2735.5;2719;2726.75;61440
12/11/2018;20:00:00;2726.75;2745.25;2725.25;2742.5;67712
13/11/2018;00:00:00;2742.25;2750.25;2733.5;2735.75;81672
13/11/2018;04:00:00;2735.5;2749.25;2733.5;2738;100921
13/11/2018;08:00:00;2738.25;2755.75;2719.5;2733.75;1020317
13/11/2018;12:00:00;2733.75;2740.75;2714.5;2728.75;724933
13/11/2018;16:00:00;2731.25;2743.75;2728.5;2732.75;37063
13/11/2018;20:00:00;2732.75;2734.5;2724.75;2727.75;31742
14/11/2018;00:00:00;2727.5;2729;2711;2718.75;79200
14/11/2018;04:00:00;2719;2743.5;2717;2740.5;141768
14/11/2018;08:00:00;2740.5;2748.25;2702.25;2704.25;985569
14/11/2018;12:00:00;2704.25;2723.5;2686.25;2702;931553
14/11/2018;16:00:00;2702;2708.25;2689;2691.25;52468
14/11/2018;20:00:00;2691.5;2701.5;2690.25;2700.75;34200
15/11/2018;00:00:00;2700.5;2716.75;2697.75;2698.75;84266
15/11/2018;04:00:00;2698.75;2710.25;2692.75;2696;120566
15/11/2018;08:00:00;2695.75;2710.75;2671.25;2698;1123070
15/11/2018;12:00:00;2698;2736.75;2691.5;2734;900402
15/11/2018;16:00:00;2731.75;2732.25;2722.5;2725.75;28680
15/11/2018;20:00:00;2726;2731.75;2723;2727.5;22937
16/11/2018;00:00:00;2727.25;2732;2722.75;2726.25;51218
16/11/2018;04:00:00;2726.5;2726.75;2708.75;2721.75;129446
16/11/2018;08:00:00;2721.75;2748.75;2713.25;2740;945536
16/11/2018;12:00:00;2740;2745;2724.5;2742.25;611169
18/11/2018;16:00:00;2733;2737.5;2728.75;2735.5;31956
18/11/2018;20:00:00;2735.5;2735.75;2730.75;2734.25;13006
19/11/2018;00:00:00;2734;2748;2733;2740.5;59805
19/11/2018;04:00:00;2740.5;2742;2730.25;2731.75;66434
19/11/2018;08:00:00;2732;2734.75;2686.5;2696.25;961330
19/11/2018;12:00:00;2696.25;2703.5;2681.5;2697.25;793296
19/11/2018;16:00:00;2696.25;2696.75;2686.75;2691;36099
19/11/2018;20:00:00;2691;2692;2684;2690.25;28763
20/11/2018;00:00:00;2690;2690.75;2673.5;2676;69168
20/11/2018;04:00:00;2676;2683.5;2655;2656;185814
20/11/2018;08:00:00;2655.75;2670.75;2633.75;2652.5;1366392
20/11/2018;12:00:00;2652.5;2655.5;2631.75;2637;781739
20/11/2018;16:00:00;2639.75;2648.25;2632.25;2646.75;41409
20/11/2018;20:00:00;2646.75;2651.75;2645.75;2650.25;29064
21/11/2018;00:00:00;2650.25;2659.5;2648;2654;69290
21/11/2018;04:00:00;2653.75;2667;2648.25;2659;143809
21/11/2018;08:00:00;2659.25;2671.25;2651;2668.25;676878
21/11/2018;12:00:00;2668.25;2669;2647.75;2649;416742
21/11/2018;16:00:00;2650;2656.25;2647.5;2648.25;17625
21/11/2018;20:00:00;2648.5;2653.75;2645.25;2653;12219
22/11/2018;00:00:00;2653;2656.25;2635.5;2640.5;42919
22/11/2018;04:00:00;2640.5;2646.5;2639.25;2642.5;36246
22/11/2018;08:00:00;2642.75;2643.75;2627;2632.75;67393
22/11/2018;16:00:00;2635.5;2645;2634.5;2642.5;11689
22/11/2018;20:00:00;2642.5;2644.25;2633.5;2635.25;13241
23/11/2018;00:00:00;2635.25;2646.25;2634.5;2645.5;39665
23/11/2018;04:00:00;2645.5;2646;2626;2629.75;72494
23/11/2018;08:00:00;2629.75;2647.5;2627;2632.75;468504
23/11/2018;12:00:00;2632.75;2633.5;2628.5;2628.5;39166
25/11/2018;16:00:00;2633.5;2642.5;2631.5;2638.75;34513
25/11/2018;20:00:00;2638.75;2645.75;2637.25;2644.5;24202
26/11/2018;00:00:00;2644.5;2666;2643;2664;64308
26/11/2018;04:00:00;2663.75;2663.75;2655.25;2659;66902
26/11/2018;08:00:00;2658.75;2671.75;2652.5;2657.5;641786
26/11/2018;12:00:00;2657.5;2676.25;2654.5;2661;489645
26/11/2018;16:00:00;2661;2664;2655.25;2657.5;34605
26/11/2018;20:00:00;2657.75;2669.5;2657.25;2665.25;25427
27/11/2018;00:00:00;2665.25;2684.25;2660.25;2667.5;94543
27/11/2018;04:00:00;2667.5;2669.5;2655.25;2659.5;86479
27/11/2018;08:00:00;2659.75;2679.25;2655.25;2667.25;728356
27/11/2018;12:00:00;2667.5;2686.75;2664.25;2686;470115
27/11/2018;16:00:00;2686.25;2688.75;2681.25;2681.75;23611
27/11/2018;20:00:00;2682;2688;2681;2686.75;19630
28/11/2018;00:00:00;2686.75;2692.5;2683;2687.5;53417
28/11/2018;04:00:00;2687.5;2697.25;2686;2695;65492
28/11/2018;08:00:00;2695.25;2727.75;2684.25;2722.75;924525
28/11/2018;12:00:00;2723;2745;2717.75;2741;684117
28/11/2018;16:00:00;2738;2742;2736;2736.5;25409
28/11/2018;20:00:00;2736.75;2738.75;2734.5;2735.25;23718
29/11/2018;00:00:00;2735.25;2738.75;2732.5;2733.25;57776
29/11/2018;04:00:00;2733.5;2737.75;2728.75;2735;90465
29/11/2018;08:00:00;2734.75;2742;2723.25;2741.5;778491
29/11/2018;12:00:00;2741.5;2754.5;2737;2742;472735
29/11/2018;16:00:00;2742;2742.25;2737.5;2739.75;21090
29/11/2018;20:00:00;2739.75;2743;2738.25;2740;17386
30/11/2018;00:00:00;2739.75;2742;2733.5;2734.5;36231
30/11/2018;04:00:00;2734.5;2740.75;2729;2738.75;85130
30/11/2018;08:00:00;2738.5;2748.5;2733.25;2739.25;525715
30/11/2018;12:00:00;2739.5;2764.75;2737.25;2764;707690
02/12/2018;16:00:00;2793.5;2809.75;2793;2800.5;90301
02/12/2018;20:00:00;2800.5;2809.25;2800;2807.25;35845
03/12/2018;00:00:00;2807.25;2814;2805.5;2809.25;82045
03/12/2018;04:00:00;2809.25;2810.25;2795.25;2798.5;108128
03/12/2018;08:00:00;2798.5;2802.5;2773.5;2783.75;914879
03/12/2018;12:00:00;2783.5;2794.5;2775;2789.75;587942
03/12/2018;16:00:00;2789.75;2790.5;2781.5;2783.5;28644
03/12/2018;20:00:00;2783.25;2784.5;2767.75;2769.25;37227
04/12/2018;00:00:00;2769.5;2780.5;2767.25;2774.25;53476
04/12/2018;04:00:00;2774.5;2787.25;2772.75;2785;83482
04/12/2018;08:00:00;2785;2787.25;2721;2728;1121401
04/12/2018;12:00:00;2728;2731.75;2696;2701.75;1244922
04/12/2018;16:00:00;2699.5;2714.5;2698;2713.25;42835
04/12/2018;20:00:00;2713.25;2715.5;2709;2712.25;23449
05/12/2018;00:00:00;2712.25;2717.75;2707.25;2715;54290
05/12/2018;04:00:00;2715;2720.75;2713;2718;52013
05/12/2018;08:00:00;2717.75;2719;2715.5;2718;10781
05/12/2018;16:00:00;2713.25;2714;2649.75;2673.75;117319
05/12/2018;20:00:00;2673.5;2675;2661;2670.5;67072
06/12/2018;00:00:00;2670.5;2683.5;2653;2654.25;137500
06/12/2018;04:00:00;2654.25;2668.25;2651.25;2661.25;186801
06/12/2018;08:00:00;2661.25;2669.25;2621.25;2663.5;1612722
06/12/2018;12:00:00;2663.5;2699.25;2644.25;2695;1071305
06/12/2018;16:00:00;2694.25;2698.75;2683.75;2684.75;37033
06/12/2018;20:00:00;2684.75;2689.5;2683;2687.5;21079
07/12/2018;00:00:00;2687.25;2688;2670.25;2683.5;83594
07/12/2018;04:00:00;2683.25;2698.25;2673.75;2690;137860
07/12/2018;08:00:00;2690;2709.75;2642.5;2659.75;1157692
07/12/2018;12:00:00;2659.5;2666.25;2623.25;2636.75;1038889
09/12/2018;16:00:00;2625;2629.75;2610.25;2619.5;84156
09/12/2018;20:00:00;2619.25;2620.5;2611;2618.75;28875
10/12/2018;00:00:00;2618.75;2631.5;2615.5;2628;85430
10/12/2018;04:00:00;2628;2645;2624.5;2636.25;102434
10/12/2018;08:00:00;2636;2639.25;2583;2619.75;1405300
10/12/2018;12:00:00;2619.75;2648.5;2615.25;2641.5;771633
10/12/2018;16:00:00;2644;2644;2628.25;2634.75;48666
10/12/2018;20:00:00;2634.75;2637.75;2629.25;2634.5;28452
11/12/2018;00:00:00;2634.25;2642.75;2632;2641.75;59519
11/12/2018;04:00:00;2641.75;2678;2641.75;2674;192327
11/12/2018;08:00:00;2674;2675.5;2632.75;2638.75;1015223
11/12/2018;12:00:00;2638.75;2661;2621.25;2631.75;834458
11/12/2018;16:00:00;2632.5;2656.75;2631.75;2652.75;67273
11/12/2018;20:00:00;2652.5;2659;2647.75;2658.25;24238
12/12/2018;00:00:00;2658.25;2666.75;2645.25;2664.5;86489
12/12/2018;04:00:00;2664.75;2677;2657.25;2673.75;121317
12/12/2018;08:00:00;2673.5;2684.75;2661.5;2683.5;765757
12/12/2018;12:00:00;2683.5;2686.5;2646.75;2651.25;679601
12/12/2018;16:00:00;2653;2661.25;2651.75;2661;27817
12/12/2018;20:00:00;2661;2665.75;2658.75;2660;25057
13/12/2018;00:00:00;2659.75;2670.75;2653.5;2654.75;62184
13/12/2018;04:00:00;2654.75;2661.25;2647.5;2659.75;93338
13/12/2018;08:00:00;2660;2671;2641.5;2646.75;841528
13/12/2018;12:00:00;2646.5;2656;2637.25;2644.75;572836
13/12/2018;16:00:00;2646.5;2648.75;2625.75;2628.75;39041
13/12/2018;20:00:00;2629;2631.5;2622.75;2623.5;27292
14/12/2018;00:00:00;2623.75;2632.5;2617.25;2620.25;37390
14/12/2018;04:00:00;2620.25;2631.5;2620.25;2630;49623
14/12/2018;08:00:00;2629.75;2639.75;2609.5;2616.25;626277
14/12/2018;12:00:00;2616.25;2621.5;2597.25;2600.25;557448
16/12/2018;16:00:00;2595.5;2616.25;2595.5;2612.75;21499
16/12/2018;20:00:00;2612.75;2616.75;2611;2614.25;18379
17/12/2018;00:00:00;2614;2615.75;2602;2606.75;37839
17/12/2018;04:00:00;2607;2612.25;2591;2592.25;73956
17/12/2018;08:00:00;2592.25;2605.5;2571;2575.5;902992
17/12/2018;12:00:00;2575.5;2580.25;2533.5;2556.75;1080056
17/12/2018;16:00:00;2557.25;2569;2556.75;2568.5;37307
17/12/2018;20:00:00;2568.25;2568.5;2552.25;2554;50957
18/12/2018;00:00:00;2554;2566.25;2553.25;2565.5;78239
18/12/2018;04:00:00;2565.25;2576.25;2562.5;2569.5;104838
18/12/2018;08:00:00;2569.5;2577.75;2554.75;2571.5;874106
18/12/2018;12:00:00;2571.5;2573.5;2530;2532;845590
18/12/2018;16:00:00;2532;2550.75;2531;2550;40140
18/12/2018;20:00:00;2549.75;2555;2545.5;2553.5;29701
19/12/2018;00:00:00;2553.5;2557;2550.5;2556.75;47022
19/12/2018;04:00:00;2556.75;2562.75;2552;2552.75;67404
19/12/2018;08:00:00;2552.75;2580.75;2546.75;2573.25;732030
19/12/2018;12:00:00;2573;2592;2489.5;2503.25;1480262
19/12/2018;16:00:00;2505;2517.25;2497;2513.5;46004
19/12/2018;20:00:00;2513.25;2514;2476.25;2488;91483
20/12/2018;00:00:00;2488;2501.5;2483.25;2500.75;104839
20/12/2018;04:00:00;2500.5;2518;2497;2498;154215
20/12/2018;08:00:00;2498;2512;2463.25;2478.25;1496590
20/12/2018;12:00:00;2478.5;2490.25;2441.5;2487.75;1427266
20/12/2018;16:00:00;2485;2491.75;2477;2478;42228
20/12/2018;20:00:00;2477.75;2486.25;2476.25;2486;31106
21/12/2018;00:00:00;2486;2489.5;2467.25;2473.25;91093
21/12/2018;04:00:00;2473.25;2492.25;2467;2485.75;157068
21/12/2018;08:00:00;2485.75;2508;2435.25;2446.25;1447955
21/12/2018;12:00:00;2446.25;2459;2409.25;2421.25;1079995
23/12/2018;16:00:00;2407.75;2426;2401;2425.25;65758
23/12/2018;20:00:00;2425.25;2434;2423.25;2430.25;26988
24/12/2018;00:00:00;2430;2434.5;2421.5;2425;36242
24/12/2018;04:00:00;2425.25;2428.75;2390.75;2399.25;111680
24/12/2018;08:00:00;2399.25;2412.5;2351;2351.75;907408
24/12/2018;12:00:00;2351.75;2355;2340.5;2342.25;79574
25/12/2018;16:00:00;2348.5;2353.5;2316.75;2337.75;91899
25/12/2018;20:00:00;2337.75;2340.75;2325;2334.25;58820
26/12/2018;00:00:00;2334.75;2359.75;2334.25;2357.5;44845
26/12/2018;04:00:00;2357.5;2369;2349.5;2360.25;71820
26/12/2018;08:00:00;2360.25;2415;2345.5;2412;830588
26/12/2018;12:00:00;2412.25;2477.75;2393.75;2468;815537
26/12/2018;16:00:00;2470.25;2472;2455.5;2460.25;52036
26/12/2018;20:00:00;2460.5;2481.5;2458.75;2460.5;45666
27/12/2018;00:00:00;2460.5;2464;2423.5;2423.5;105739
27/12/2018;04:00:00;2423.5;2442.25;2422.5;2432.5;146801
27/12/2018;08:00:00;2432.25;2445.75;2412.5;2425;903407
27/12/2018;12:00:00;2424.75;2498.75;2397;2489.25;925445
27/12/2018;16:00:00;2491.5;2494;2477.75;2488.5;50061
27/12/2018;20:00:00;2488.25;2505.75;2486.75;2496;46522
28/12/2018;00:00:00;2496;2501;2483;2500.5;80089
28/12/2018;04:00:00;2500.25;2519.25;2498.75;2507;131117
28/12/2018;08:00:00;2507;2509.75;2472.75;2490;827894
28/12/2018;12:00:00;2489.75;2523;2476.75;2488;788420
30/12/2018;16:00:00;2495.5;2507.75;2495.5;2501;25404
30/12/2018;20:00:00;2501;2509;2499.25;2503.75;20817
31/12/2018;00:00:00;2503.75;2509.75;2502.5;2506.5;25481
31/12/2018;04:00:00;2506.75;2512.5;2502;2502.75;45272
31/12/2018;08:00:00;2502.5;2510;2482.75;2501.75;536975
31/12/2018;12:00:00;2501.75;2513;2486.75;2508.75;685108
01/01/2019;16:00:00;2508;2521.25;2505.25;2505.5;34566
01/01/2019;20:00:00;2505.75;2506.25;2477;2478;53494
02/01/2019;00:00:00;2478;2485.75;2452.25;2468;100199
02/01/2019;04:00:00;2468.25;2478;2461.5;2464.5;101798
02/01/2019;08:00:00;2464.5;2512.75;2464.25;2509.75;937687
02/01/2019;12:00:00;2509.5;2520.5;2488.25;2490;673579
02/01/2019;16:00:00;2482.25;2484.75;2470.75;2483.25;62307
02/01/2019;20:00:00;2483.25;2485.25;2470.75;2473.5;33914
03/01/2019;00:00:00;2473.5;2481;2462.75;2470.5;71015
03/01/2019;04:00:00;2470.5;2490.75;2466;2488.75;114699
03/01/2019;08:00:00;2488.75;2493.5;2447.25;2477.5;1123813
03/01/2019;12:00:00;2477.25;2477.5;2443.25;2451.75;771324
03/01/2019;16:00:00;2451.75;2456;2438.5;2448.75;55318
03/01/2019;20:00:00;2448.75;2465.25;2445.25;2463.5;50661
04/01/2019;00:00:00;2463.5;2483.5;2463;2478;88903
04/01/2019;04:00:00;2478;2486.75;2470.25;2479;164020
04/01/2019;08:00:00;2478.75;2535.25;2475.5;2532.25;1177035
04/01/2019;12:00:00;2532.5;2539.25;2522.5;2529.5;718608
06/01/2019;16:00:00;2537.25;2551.75;2532.5;2541;68784
06/01/2019;20:00:00;2541.25;2543.75;2535.25;2536;35920
07/01/2019;00:00:00;2536;2541.75;2526.25;2527;67432
07/01/2019;04:00:00;2527.25;2534.5;2523.25;2528.75;79254
07/01/2019;08:00:00;2528.75;2564.75;2524.5;2562.5;787440
07/01/2019;12:00:00;2562.75;2567.5;2547.25;2553.75;528123
07/01/2019;16:00:00;2553.25;2559.25;2549.25;2556.5;30295
07/01/2019;20:00:00;2556.75;2563.25;2554.25;2555.5;29194
08/01/2019;00:00:00;2555.5;2569;2553.75;2561.5;56739
08/01/2019;04:00:00;2561.75;2575;2559.75;2574.25;109877
08/01/2019;08:00:00;2574.25;2581.25;2547.5;2559.75;901453
08/01/2019;12:00:00;2559.75;2577;2556.5;2569.75;480879
08/01/2019;16:00:00;2569.5;2584.75;2568.5;2583.5;40940
08/01/2019;20:00:00;2583.75;2587.25;2581;2583.75;31889
09/01/2019;00:00:00;2583.75;2585.5;2575.5;2583;56925
09/01/2019;04:00:00;2583;2585.75;2574.5;2584.25;74512
09/01/2019;08:00:00;2584;2595.5;2569;2594.75;790914
09/01/2019;12:00:00;2594.5;2596.75;2578;2581.75;530946
09/01/2019;16:00:00;2580;2581.75;2564.75;2570.75;49209
09/01/2019;20:00:00;2570.75;2574.5;2566.5;2569;33351
10/01/2019;00:00:00;2569.25;2571.75;2560.5;2566.5;61854
10/01/2019;04:00:00;2566.25;2574.5;2565.25;2569;68841
10/01/2019;08:00:00;2569;2593.75;2562;2589.75;638073
10/01/2019;12:00:00;2589.5;2599.5;2573.5;2594.5;611009
10/01/2019;16:00:00;2594;2596.25;2588.25;2591.75;32228
10/01/2019;20:00:00;2592;2593.25;2587.25;2590;24427
11/01/2019;00:00:00;2590;2597.75;2589.75;2594.25;46397
11/01/2019;04:00:00;2594.5;2595;2582.5;2585.5;83928
11/01/2019;08:00:00;2585.25;2596;2577;2594.5;580244
11/01/2019;12:00:00;2594.5;2596.75;2585.5;2595.5;373997
13/01/2019;16:00:00;2588.5;2592;2573.5;2575.75;39873
13/01/2019;20:00:00;2575.75;2577.25;2571.75;2574;23639
14/01/2019;00:00:00;2574.25;2578.25;2570.75;2573;45875
14/01/2019;04:00:00;2572.75;2577.5;2567.25;2576;92346
14/01/2019;08:00:00;2576;2588.25;2570.75;2585.25;567422
14/01/2019;12:00:00;2585;2589.75;2577;2581.5;384709
14/01/2019;16:00:00;2581.5;2596.5;2580;2593.75;39478
14/01/2019;20:00:00;2593.5;2600.25;2593.5;2597.5;37005
15/01/2019;00:00:00;2597.25;2599.25;2585;2585.75;53680
15/01/2019;04:00:00;2586;2591.75;2580.25;2583;92540
15/01/2019;08:00:00;2583.25;2613.75;2582.25;2607.75;802239
15/01/2019;12:00:00;2607.75;2612.5;2594;2605.75;454769
15/01/2019;16:00:00;2605.75;2611.25;2602.5;2607;42141
15/01/2019;20:00:00;2607.25;2613.5;2605.25;2612.75;27145
16/01/2019;00:00:00;2612.75;2617;2609.5;2611.5;44271
16/01/2019;04:00:00;2611.25;2614;2607;2612.75;63277
16/01/2019;08:00:00;2612.75;2624;2612.5;2620.25;634301
16/01/2019;12:00:00;2620.5;2626.25;2612.5;2615;450531
16/01/2019;16:00:00;2614.5;2616;2604.25;2605.75;42158
16/01/2019;20:00:00;2606;2609;2603.25;2604.75;37590
17/01/2019;00:00:00;2604.5;2606;2596.5;2601;66564
17/01/2019;04:00:00;2601;2609;2600.25;2606.5;72008
17/01/2019;08:00:00;2606.75;2623;2604.75;2618.75;510368
17/01/2019;12:00:00;2619;2645.5;2618.75;2638.25;742574
17/01/2019;16:00:00;2636.75;2644.75;2632.75;2643;44150
17/01/2019;20:00:00;2643.25;2644.75;2640.25;2641.5;19961
18/01/2019;00:00:00;2641.75;2644.75;2638.75;2643.5;43832
18/01/2019;04:00:00;2643.25;2649.75;2639.25;2649;99211
18/01/2019;08:00:00;2648.75;2676.5;2647;2673.5;945251
18/01/2019;12:00:00;2673.75;2677.75;2662;2677;518579
20/01/2019;16:00:00;2669.25;2673.5;2660.75;2663.75;28846
20/01/2019;20:00:00;2664;2667.5;2662.5;2664.75;22066
21/01/2019;00:00:00;2664.5;2665.75;2657.75;2658.5;27099
21/01/2019;04:00:00;2658.75;2664;2657.25;2663.5;28118
21/01/2019;08:00:00;2663.5;2664.75;2655.75;2663.25;54062
21/01/2019;16:00:00;2658.75;2666.25;2655.75;2656.25;25640
21/01/2019;20:00:00;2656.5;2657.75;2651;2652;26431
22/01/2019;00:00:00;2652;2658.25;2649.5;2655.5;37664
22/01/2019;04:00:00;2655.75;2657;2649;2653.5;64907
22/01/2019;08:00:00;2653.5;2656.5;2632.75;2635.25;708522
22/01/2019;12:00:00;2635.25;2638.5;2616.5;2632.5;810921
22/01/2019;16:00:00;2630.75;2642;2627.5;2641;35784
22/01/2019;20:00:00;2641;2641.25;2635;2635.5;25497
23/01/2019;00:00:00;2635.75;2639.25;2627.5;2638.75;50592
23/01/2019;04:00:00;2639;2647.75;2636.75;2643.75;88651
23/01/2019;08:00:00;2644;2653.75;2612.5;2627;801240
23/01/2019;12:00:00;2627;2640.25;2621;2637.75;537598
23/01/2019;16:00:00;2635;2644.75;2631;2635.75;35845
23/01/2019;20:00:00;2635.75;2639.5;2631.5;2639;26946
24/01/2019;00:00:00;2638.75;2644.25;2632.75;2643.75;43688
24/01/2019;04:00:00;2643.5;2645.5;2633.25;2635;119589
24/01/2019;08:00:00;2635;2647.5;2630;2633.75;610779
24/01/2019;12:00:00;2633.75;2642.75;2626;2637;402347
24/01/2019;16:00:00;2636.25;2642.25;2634.5;2639.25;26792
24/01/2019;20:00:00;2639;2651.75;2639;2649;36625
25/01/2019;00:00:00;2649;2653;2644.75;2647.5;49334
25/01/2019;04:00:00;2647.5;2661.5;2647;2659;94931
25/01/2019;08:00:00;2659.25;2672.5;2656.5;2665;642653
25/01/2019;12:00:00;2665;2668.75;2657.5;2665.5;469884
27/01/2019;16:00:00;2660;2663.5;2654;2659;34450
27/01/2019;20:00:00;2659.25;2659.5;2652.75;2653.75;23022
28/01/2019;00:00:00;2653.5;2654.5;2647.75;2651.75;41179
28/01/2019;04:00:00;2651.75;2654.25;2646;2648;67264
28/01/2019;08:00:00;2648;2648.25;2622.25;2628.75;766834
28/01/2019;12:00:00;2628.75;2643.25;2627.25;2640.75;426421
28/01/2019;16:00:00;2640.25;2641;2628.5;2632;36236
28/01/2019;20:00:00;2632;2639.5;2629.75;2638;28260
29/01/2019;00:00:00;2638;2641;2632.25;2639.75;48284
29/01/2019;04:00:00;2639.5;2647;2637.5;2646.5;104071
29/01/2019;08:00:00;2646.75;2650;2629.25;2639.5;630644
29/01/2019;12:00:00;2639.5;2648.5;2633.5;2647.25;362450
29/01/2019;16:00:00;2648.5;2651;2637.5;2642.25;38864
29/01/2019;20:00:00;2642.5;2646.75;2639;2640;22351
30/01/2019;00:00:00;2640;2648;2636.25;2646.25;44410
30/01/2019;04:00:00;2646.25;2655.25;2644.75;2652.25;80066
30/01/2019;08:00:00;2652.25;2667;2646.5;2661.75;567487
30/01/2019;12:00:00;2662;2689.75;2655;2683.25;740775
30/01/2019;16:00:00;2683.5;2688;2681.5;2686.5;46776
30/01/2019;20:00:00;2686.5;2691.75;2684.75;2686.25;33992
31/01/2019;00:00:00;2686.25;2690.25;2683.5;2684.25;55455
31/01/2019;04:00:00;2684.5;2687;2679;2681;88153
31/01/2019;08:00:00;2681.25;2708;2675.75;2698.5;843784
31/01/2019;12:00:00;2698.75;2713;2693.25;2712;748416
31/01/2019;16:00:00;2707.75;2711.75;2701.25;2703.75;49088
31/01/2019;20:00:00;2703.75;2706.75;2701;2702;24665
01/02/2019;00:00:00;2702.25;2708.25;2701;2704.25;45282
01/02/2019;04:00:00;2704.25;2709.25;2696.25;2707.5;105539
01/02/2019;08:00:00;2707.5;2716;2699;2707;750635
01/02/2019;12:00:00;2707;2708.5;2695.5;2704.5;423830
03/02/2019;16:00:00;2699.25;2709.25;2698;2707.25;22804
03/02/2019;20:00:00;2707.25;2708.75;2703.25;2704.5;13160
04/02/2019;00:00:00;2704.5;2707.5;2700.5;2706.5;33630
04/02/2019;04:00:00;2706.25;2709;2702;2703.5;47252
04/02/2019;08:00:00;2703.75;2713.75;2697;2712.75;518700
04/02/2019;12:00:00;2712.75;2725;2712.25;2721;350548
04/02/2019;16:00:00;2719.5;2722;2716.25;2718.25;24429
04/02/2019;20:00:00;2718.25;2719.75;2717;2717.5;12561
05/02/2019;00:00:00;2717.75;2725.25;2717;2724.25;42191
05/02/2019;04:00:00;2724.25;2728.25;2723.25;2727;70029
05/02/2019;08:00:00;2727.25;2737;2723;2724.25;633572
05/02/2019;12:00:00;2724.25;2737.75;2722.25;2731;405902
05/02/2019;16:00:00;2730.75;2734.5;2729.75;2734.25;21529
05/02/2019;20:00:00;2734;2735;2730.75;2732.25;16700
06/02/2019;00:00:00;2732;2733.5;2724.5;2726.5;41815
06/02/2019;04:00:00;2726.5;2733.25;2725.5;2732.25;57776
06/02/2019;08:00:00;2732;2736.5;2722.25;2730.5;665703
06/02/2019;12:00:00;2730.5;2733.75;2725.25;2727.75;336538
06/02/2019;16:00:00;2727;2729.25;2722.25;2724.75;22470
06/02/2019;20:00:00;2724.75;2726;2722.5;2724;12868
07/02/2019;00:00:00;2724;2725.75;2720.25;2725.5;37862
07/02/2019;04:00:00;2725.75;2725.75;2708.75;2714.25;128001
07/02/2019;08:00:00;2714.25;2718.5;2685.5;2688.25;1093718
07/02/2019;12:00:00;2688.25;2705.75;2687.75;2703.25;567708
07/02/2019;16:00:00;2702;2703.25;2693;2694.25;40246
07/02/2019;20:00:00;2694.5;2696;2690;2693.5;26877
08/02/2019;00:00:00;2693.25;2699.25;2691.75;2695.5;54241
08/02/2019;04:00:00;2695.75;2696.5;2687;2690;105147
08/02/2019;08:00:00;2690.25;2697;2680.75;2691;800028
08/02/2019;12:00:00;2691;2709;2690.75;2708;481656
10/02/2019;16:00:00;2710.75;2712.75;2700.5;2702;30340
10/02/2019;20:00:00;2702.25;2706.75;2701.75;2704;17811
11/02/2019;00:00:00;2704;2721.5;2703.25;2718.25;56865
11/02/2019;04:00:00;2718.25;2721;2711.75;2716;71106
11/02/2019;08:00:00;2715.75;2717.5;2703.75;2710.5;550072
11/02/2019;12:00:00;2710.5;2711.75;2702.75;2707.75;356221
11/02/2019;16:00:00;2707;2719;2705.5;2719;37804
11/02/2019;20:00:00;2719;2724.25;2716.75;2721;32412
12/02/2019;00:00:00;2721;2726.75;2720.75;2723.25;49149
12/02/2019;04:00:00;2723.5;2730.25;2723;2726;70910
12/02/2019;08:00:00;2726.25;2744.75;2726;2741.5;646296
12/02/2019;12:00:00;2741.5;2748;2740.75;2744.75;415856
12/02/2019;16:00:00;2743.5;2755.75;2742.75;2753.75;49350
12/02/2019;20:00:00;2753.5;2755.25;2752;2754.5;20355
13/02/2019;00:00:00;2754.5;2757;2747;2748.25;47675
13/02/2019;04:00:00;2748.25;2754.5;2746.75;2753.75;75466
13/02/2019;08:00:00;2754;2762;2748;2751;634020
13/02/2019;12:00:00;2751;2759.75;2749;2749.25;344892
13/02/2019;16:00:00;2749.25;2752.75;2745.5;2749.25;31042
13/02/2019;20:00:00;2749.5;2755.5;2747.5;2753.5;25258
14/02/2019;00:00:00;2753.5;2763;2753.5;2756.25;58677
14/02/2019;04:00:00;2756.25;2760.5;2741.25;2742;117752
14/02/2019;08:00:00;2741.75;2755.25;2730.25;2752.75;975898
14/02/2019;12:00:00;2752.75;2758.25;2741.25;2741.25;422172
14/02/2019;16:00:00;2741.25;2744.5;2736;2739;44138
14/02/2019;20:00:00;2738.75;2739;2731.25;2733.25;26212
15/02/2019;00:00:00;2733.25;2740.5;2729;2740;56797
15/02/2019;04:00:00;2740;2756.75;2737.25;2754.75;121913
15/02/2019;08:00:00;2754.75;2773;2754.25;2767.75;839197
15/02/2019;12:00:00;2767.75;2778.5;2764.25;2777.75;358996
17/02/2019;16:00:00;2777;2782.5;2774.25;2777;31246
17/02/2019;20:00:00;2777.25;2780.5;2775.75;2777;15580
18/02/2019;00:00:00;2776.75;2779;2773.25;2773.75;23711
18/02/2019;04:00:00;2774;2777.75;2773.25;2776;23127
18/02/2019;08:00:00;2776;2778.75;2774.25;2778.25;40160
18/02/2019;16:00:00;2777.5;2780.25;2774.25;2778.5;21207
18/02/2019;20:00:00;2778.75;2779;2774.75;2776;14248
19/02/2019;00:00:00;2776;2778;2771;2772.5;50306
19/02/2019;04:00:00;2772.5;2774;2766.75;2768.5;85129
19/02/2019;08:00:00;2768.5;2784;2766;2781.5;509405
19/02/2019;12:00:00;2781.25;2787.5;2776;2777.75;333982
19/02/2019;16:00:00;2777.75;2782.25;2776;2781.25;26140
19/02/2019;20:00:00;2781.25;2781.5;2774.25;2777.25;23351
20/02/2019;00:00:00;2777.25;2780.75;2773.25;2774;55371
20/02/2019;04:00:00;2774;2779.25;2773.75;2778;46380
20/02/2019;08:00:00;2778;2786.75;2775.75;2777.75;505070
20/02/2019;12:00:00;2777.75;2790.75;2773.75;2786.75;573693
20/02/2019;16:00:00;2787;2787.5;2781.5;2785;27423
20/02/2019;20:00:00;2785;2798;2784.25;2793.25;51008
21/02/2019;00:00:00;2793.5;2793.75;2787.5;2789;53703
21/02/2019;04:00:00;2789.25;2791;2778.25;2781.75;101826
21/02/2019;08:00:00;2781.75;2783;2769;2781;696490
21/02/2019;12:00:00;2781;2781.75;2764.25;2774;439597
21/02/2019;16:00:00;2773.5;2776;2770.5;2771.75;24986
21/02/2019;20:00:00;2771.75;2775.5;2770.75;2774.75;21985
22/02/2019;00:00:00;2774.75;2784.25;2773.75;2782.25;49213
22/02/2019;04:00:00;2782.25;2787.75;2780.5;2781.25;69162
22/02/2019;08:00:00;2781.25;2794.5;2778.75;2790.75;519150
22/02/2019;12:00:00;2790.75;2795.5;2781.25;2795.25;447043
24/02/2019;16:00:00;2799.5;2803.5;2797.75;2799.5;42099
24/02/2019;20:00:00;2799.75;2801.25;2794.5;2797.25;31184
25/02/2019;00:00:00;2797.25;2802.75;2796.75;2800.75;41363
25/02/2019;04:00:00;2801;2807.75;2800.5;2807.5;68185
25/02/2019;08:00:00;2807.75;2814;2801.5;2803.25;625411
25/02/2019;12:00:00;2803.5;2805;2794.75;2795.5;388803
25/02/2019;16:00:00;2795.75;2796;2786.25;2787.25;54537
25/02/2019;20:00:00;2787.25;2788.75;2783.25;2787.25;35844
26/02/2019;00:00:00;2787.25;2791.5;2785;2790.25;49813
26/02/2019;04:00:00;2790.25;2793.25;2787.5;2788.5;57821
26/02/2019;08:00:00;2788.5;2803.25;2788.5;2793.75;613404
26/02/2019;12:00:00;2793.75;2803.5;2788.75;2789;339030
26/02/2019;16:00:00;2788;2791.25;2786.5;2789.75;14337
26/02/2019;20:00:00;2789.75;2793.25;2788.75;2791.75;18265
27/02/2019;00:00:00;2791.75;2792;2780.5;2783.25;54675
27/02/2019;04:00:00;2783.25;2787.75;2782;2785;49063
27/02/2019;08:00:00;2785.25;2792.5;2775;2789;638027
27/02/2019;12:00:00;2789;2797.25;2789;2796.5;329506
27/02/2019;16:00:00;2795.25;2795.75;2790;2793.5;26012
27/02/2019;20:00:00;2793.75;2794.5;2786.5;2786.5;22171
28/02/2019;00:00:00;2786.5;2788.5;2781.75;2787.5;54670
28/02/2019;04:00:00;2787.5;2792.5;2785.5;2790.25;71238
28/02/2019;08:00:00;2790.25;2794.25;2783.5;2793.75;540096
28/02/2019;12:00:00;2793.75;2794;2782.75;2787;561209
28/02/2019;16:00:00;2785.25;2795.5;2783;2792;31263
28/02/2019;20:00:00;2792.25;2798.5;2791.25;2796.5;26371
01/03/2019;00:00:00;2796.5;2802.5;2795.25;2800.5;51464
01/03/2019;04:00:00;2800.75;2803.25;2799.5;2801;63641
01/03/2019;08:00:00;2801;2808.25;2787.5;2796.25;661539
01/03/2019;12:00:00;2796.25;2807.5;2795.5;2807;374040
03/03/2019;16:00:00;2814;2819.75;2811.75;2816;39733
03/03/2019;20:00:00;2816.25;2818.5;2815.25;2816;17042
04/03/2019;00:00:00;2816;2817;2810.25;2810.25;48554
04/03/2019;04:00:00;2810.25;2815.5;2809.5;2814.75;42011
04/03/2019;08:00:00;2815;2818;2768;2773;997680
04/03/2019;12:00:00;2773;2794.5;2767.5;2791.25;557131
04/03/2019;16:00:00;2790.5;2792.5;2785.25;2785.75;33412
04/03/2019;20:00:00;2785.75;2793;2785.75;2791.25;28514
05/03/2019;00:00:00;2791.25;2799;2791.25;2797.75;40851
05/03/2019;04:00:00;2797.75;2798.25;2790.75;2792.75;65522
05/03/2019;08:00:00;2793;2796;2783.25;2792.5;607288
05/03/2019;12:00:00;2792.5;2796.75;2787.75;2788.75;369786
05/03/2019;16:00:00;2786.5;2788.5;2782.25;2784.5;28205
05/03/2019;20:00:00;2784.5;2788;2781.5;2784.25;27944
06/03/2019;00:00:00;2784.5;2789;2783;2786.5;45701
06/03/2019;04:00:00;2786.25;2790;2784.25;2789;50417
06/03/2019;08:00:00;2789;2792.75;2771;2771.5;705740
06/03/2019;12:00:00;2771.25;2778.75;2768.5;2771;490736
06/03/2019;16:00:00;2770.5;2771.5;2765.5;2767.5;29913
06/03/2019;20:00:00;2767.25;2770;2765.25;2765.5;19080
07/03/2019;00:00:00;2765.75;2772;2765.5;2769.75;6723
07/03/2019;04:00:00;2770;2781.75;2769;2774.75;17637
07/03/2019;08:00:00;2774.75;2777;2747;2764.75;156869
07/03/2019;12:00:00;2764.75;2765.5;2743.75;2754.25;123191
07/03/2019;16:00:00;2754.5;2756.75;2748.5;2753;17463
07/03/2019;20:00:00;2753;2755.5;2746.25;2748;19705
08/03/2019;00:00:00;2747.75;2748.5;2740.75;2743.75;43426
08/03/2019;04:00:00;2743.75;2745.5;2730;2733;83668
08/03/2019;08:00:00;2733;2741.5;2727;2728.25;516516
08/03/2019;12:00:00;2728.25;2753.75;2727.5;2753.75;334293
10/03/2019;16:00:00;2750.75;2753.5;2742.25;2742.75;28177
10/03/2019;20:00:00;2742.5;2755.75;2741.75;2752.75;39091
11/03/2019;00:00:00;2752.75;2758.25;2751.25;2752;37244
11/03/2019;04:00:00;2752;2760;2751.5;2758.25;56389
11/03/2019;08:00:00;2758.25;2782.75;2755;2779.5;525779
11/03/2019;12:00:00;2779.5;2792.5;2779;2790.75;370416
11/03/2019;16:00:00;2790;2799;2789.25;2795.75;27253
11/03/2019;20:00:00;2796;2798.75;2795.5;2796.5;20184
12/03/2019;00:00:00;2796.75;2797.25;2791.5;2793.5;34718
12/03/2019;04:00:00;2793.25;2796.25;2785.5;2794.5;89105
12/03/2019;08:00:00;2794.5;2802.75;2791;2799;602881
12/03/2019;12:00:00;2799.25;2803.25;2792.5;2799;351196
12/03/2019;16:00:00;2797.75;2798.75;2792.75;2794.75;17817
12/03/2019;20:00:00;2795;2795.75;2788.25;2792;36800
13/03/2019;00:00:00;2792;2799.75;2791;2799.5;36325
13/03/2019;04:00:00;2799.5;2806;2797.75;2803;66012
13/03/2019;08:00:00;2803;2823.75;2802.75;2821;578877
13/03/2019;12:00:00;2821;2826.5;2813.75;2820.75;520662
13/03/2019;16:00:00;2821;2823.5;2816;2816.25;21992
13/03/2019;20:00:00;2816.5;2818.75;2814;2815.75;35602
14/03/2019;00:00:00;2816;2824.5;2815.5;2824.25;34691
14/03/2019;04:00:00;2824;2825;2811.25;2820;101265
14/03/2019;08:00:00;2820;2820.75;2808.5;2816.25;538763
14/03/2019;12:00:00;2816.25;2817;2810.75;2812.5;334164
14/03/2019;16:00:00;2813.5;2816.5;2812.5;2816.25;14989
14/03/2019;20:00:00;2816.25;2822;2815.25;2819.75;28744
15/03/2019;00:00:00;2819.75;2821.25;2816.75;2820.5;27865
15/03/2019;04:00:00;2820.5;2826.5;2819;2822.25;90006
15/03/2019;08:00:00;2822;2836.5;2815;2833.25;696733
15/03/2019;12:00:00;2833.5;2834.75;2823.5;2830;457324
17/03/2019;16:00:00;2827;2828.75;2825.25;2825.5;16435
17/03/2019;20:00:00;2825.5;2831.75;2824;2831.5;20853
18/03/2019;00:00:00;2831.5;2833.75;2830.5;2831.5;23880
18/03/2019;04:00:00;2831.5;2834.75;2828.5;2830.75;47209
18/03/2019;08:00:00;2831;2841;2827.5;2834;589078
18/03/2019;12:00:00;2833.75;2842;2832.75;2841.75;294681
18/03/2019;16:00:00;2841.5;2843.5;2839.25;2840.75;22008
18/03/2019;20:00:00;2840.75;2844.75;2840.25;2842.5;21140
19/03/2019;00:00:00;2842.5;2847.75;2841.25;2847.5;28788
19/03/2019;04:00:00;2847.5;2853;2847;2851;65508
19/03/2019;08:00:00;2851;2858.75;2841.25;2850.5;680583
19/03/2019;12:00:00;2850.75;2851.75;2829;2837.75;631798
19/03/2019;16:00:00;2837.25;2838.25;2831;2831.75;22509
19/03/2019;20:00:00;2831.5;2835.5;2828;2833;30802
20/03/2019;00:00:00;2833.25;2842.5;2833.25;2841.75;33560
20/03/2019;04:00:00;2841.75;2842;2833.25;2833.25;69472
20/03/2019;08:00:00;2833.25;2837;2817.25;2823.25;659401
20/03/2019;12:00:00;2823.25;2849.25;2822.25;2823.25;813248
20/03/2019;16:00:00;2823.75;2835.25;2822.75;2835;26457
20/03/2019;20:00:00;2835;2836;2827.5;2829.25;29207
21/03/2019;00:00:00;2829.5;2831.25;2820.25;2822.75;53310
21/03/2019;04:00:00;2822.5;2827.25;2813.75;2818.25;101174
21/03/2019;08:00:00;2818.25;2856.5;2818;2849.25;852872
21/03/2019;12:00:00;2849.25;2866;2849;2860.25;553807
21/03/2019;16:00:00;2859.5;2864.75;2858.75;2862.25;22466
21/03/2019;20:00:00;2862.25;2862.75;2856;2857.75;31029
22/03/2019;00:00:00;2858;2862.75;2847.25;2848.25;66325
22/03/2019;04:00:00;2848.5;2853.25;2842.25;2848;129100
22/03/2019;08:00:00;2847.75;2851.75;2806.5;2816;1164238
22/03/2019;12:00:00;2815.75;2828.5;2805.25;2807.5;758037
24/03/2019;16:00:00;2813;2818.5;2793.5;2794.5;71834
24/03/2019;20:00:00;2794.75;2801;2791.5;2798.5;58495
25/03/2019;00:00:00;2798.5;2803.75;2790.25;2799;58867
25/03/2019;04:00:00;2799;2810.25;2799;2808;91832
25/03/2019;08:00:00;2808;2815.25;2790.25;2804;924994
25/03/2019;12:00:00;2804;2809;2789.5;2808.25;538668
25/03/2019;16:00:00;2808.5;2814.25;2806;2812.5;26520
25/03/2019;20:00:00;2812.75;2817;2811.75;2815;39576
26/03/2019;00:00:00;2815.25;2817.25;2809.25;2809.75;45208
26/03/2019;04:00:00;2809.75;2823.75;2809.75;2818.5;86109
26/03/2019;08:00:00;2818.75;2835;2815.25;2819;714890
26/03/2019;12:00:00;2819.25;2824.75;2808.5;2824.25;509408
26/03/2019;16:00:00;2823.5;2824.75;2818.5;2822;37053
26/03/2019;20:00:00;2822;2827.5;2818;2826.75;48715
27/03/2019;00:00:00;2826.75;2831.75;2825;2825.25;37175
27/03/2019;04:00:00;2825;2829.5;2814;2823.75;99810
27/03/2019;08:00:00;2824;2830.5;2791.75;2802.25;922673
27/03/2019;12:00:00;2802.25;2816.25;2799.25;2807.25;532675
27/03/2019;16:00:00;2807;2808;2795.5;2799;39806
27/03/2019;20:00:00;2799;2807;2795;2803;37937
28/03/2019;00:00:00;2803;2813;2798.5;2812.25;64743
28/03/2019;04:00:00;2812.25;2814.75;2805.5;2810.75;84964
28/03/2019;08:00:00;2811;2824.25;2802.5;2811.75;632154
28/03/2019;12:00:00;2812;2822.75;2811.75;2822.25;302374
28/03/2019;16:00:00;2820.5;2829;2820.25;2825.75;28248
28/03/2019;20:00:00;2825.5;2828.5;2822.25;2827;24266
29/03/2019;00:00:00;2826.75;2828.75;2823.25;2823.5;35380
29/03/2019;04:00:00;2823.5;2834.25;2822;2833.5;82059
29/03/2019;08:00:00;2833.75;2837.5;2823.25;2832.25;577732
29/03/2019;12:00:00;2832.25;2840.75;2828.25;2839.5;671576
31/03/2019;16:00:00;2844.5;2857.5;2844.5;2855;48402
31/03/2019;20:00:00;2854.75;2860;2854;2856;33112
01/04/2019;00:00:00;2856.25;2861.25;2854.5;2859.5;52275
01/04/2019;04:00:00;2859.25;2860;2853.75;2857;71550
01/04/2019;08:00:00;2857.25;2865.75;2856;2865.75;581879
01/04/2019;12:00:00;2865.75;2873.5;2863.25;2870.5;423753
01/04/2019;16:00:00;2868.5;2872;2867.5;2869.25;20521
01/04/2019;20:00:00;2869;2870;2865;2866.25;23268
02/04/2019;00:00:00;2866.5;2868.5;2864.5;2867.25;32694
02/04/2019;04:00:00;2867;2873.75;2866.5;2872.75;49221
02/04/2019;08:00:00;2872.5;2872.75;2862.25;2868;468458
02/04/2019;12:00:00;2868.25;2873.75;2866;2866.5;250607
02/04/2019;16:00:00;2866;2878.75;2865.25;2877.25;32406
02/04/2019;20:00:00;2877.5;2882.25;2873;2879.5;41510
03/04/2019;00:00:00;2879.5;2884;2878.5;2882;56126
03/04/2019;04:00:00;2882;2886.25;2879.75;2884;65047
03/04/2019;08:00:00;2884;2889.25;2875;2885.25;555289
03/04/2019;12:00:00;2885.25;2886.75;2869;2880;452580
03/04/2019;16:00:00;2880.75;2881.5;2876.75;2879.5;14816
03/04/2019;20:00:00;2879.75;2883;2876;2877.5;21140
04/04/2019;00:00:00;2877.75;2878.75;2874;2876.25;37886
04/04/2019;04:00:00;2876.25;2880.5;2875.25;2879;48316
04/04/2019;08:00:00;2879.25;2885.75;2871;2875.25;607319
04/04/2019;12:00:00;2875.25;2884.5;2874;2882.75;295448
04/04/2019;16:00:00;2882.5;2888.5;2880.5;2885.25;28275
04/04/2019;20:00:00;2885.5;2887.75;2883;2886.5;86121
05/04/2019;00:00:00;2886.75;2889.25;2886;2887;40089
05/04/2019;04:00:00;2887.25;2893.5;2884.75;2890.25;79700
05/04/2019;08:00:00;2890.25;2896.5;2886.75;2893.25;548000
05/04/2019;12:00:00;2893.25;2898;2891.5;2897.75;382135
07/04/2019;16:00:00;2896.25;2899.5;2893.75;2895;19860
07/04/2019;20:00:00;2895;2895;2889.5;2891.25;28774
08/04/2019;00:00:00;2891.25;2893.25;2889;2891;35244
08/04/2019;04:00:00;2891;2894.25;2890.25;2890.75;45427
08/04/2019;08:00:00;2891;2893.75;2884.25;2891;529573
08/04/2019;12:00:00;2891.25;2899.75;2890.5;2899;290222
08/04/2019;16:00:00;2898.5;2900;2896.75;2896.75;15488
08/04/2019;20:00:00;2896.75;2897;2893;2896;20398
09/04/2019;00:00:00;2896;2897.25;2893.25;2896.75;31011
09/04/2019;04:00:00;2896.75;2897.75;2890.5;2890.75;53835
09/04/2019;08:00:00;2890.5;2891.5;2880;2886.75;616028
09/04/2019;12:00:00;2886.75;2887;2877.25;2882.25;421827
09/04/2019;16:00:00;2882;2884;2880.25;2883;13161
09/04/2019;20:00:00;2883;2885.5;2878;2884.25;23211
10/04/2019;00:00:00;2884.5;2888.75;2884.5;2886;29440
10/04/2019;04:00:00;2886;2891.25;2883.75;2888.5;64723
10/04/2019;08:00:00;2888.5;2890.25;2883.25;2887.25;448806
10/04/2019;12:00:00;2887;2896;2885.25;2895.25;362236
10/04/2019;16:00:00;2894.75;2898.75;2894.5;2896.75;16728
10/04/2019;20:00:00;2897;2900;2892;2894;29565
11/04/2019;00:00:00;2894.25;2896.25;2890;2893.5;41331
11/04/2019;04:00:00;2893.75;2900;2893.25;2895.75;56912
11/04/2019;08:00:00;2896;2898.5;2885.25;2890.5;492633
11/04/2019;12:00:00;2890.5;2893.75;2885.75;2892.25;309158
11/04/2019;16:00:00;2892;2895.75;2890.75;2894.5;21163
11/04/2019;20:00:00;2894.5;2895.75;2892.25;2895.25;20002
12/04/2019;00:00:00;2895.5;2906;2893;2905.25;60761
12/04/2019;04:00:00;2905.25;2911.75;2902;2909.75;120071
12/04/2019;08:00:00;2909.75;2914.75;2902.5;2909.75;597010
12/04/2019;12:00:00;2909.75;2913;2907.5;2911.75;333150
14/04/2019;16:00:00;2912;2913.75;2910;2910.5;18788
14/04/2019;20:00:00;2910.75;2913;2909.25;2911.75;23693
15/04/2019;00:00:00;2911.75;2912.25;2909.5;2911.75;24559
15/04/2019;04:00:00;2912;2914.5;2910.75;2911.75;44289
15/04/2019;08:00:00;2911.75;2913.5;2900.5;2904;448486
15/04/2019;12:00:00;2904.25;2911;2903.75;2910.5;357119
15/04/2019;16:00:00;2910.25;2914.25;2910;2912.25;15588
15/04/2019;20:00:00;2912.25;2913.5;2910;2913.5;27314
16/04/2019;00:00:00;2913.25;2921.25;2912.75;2920.75;71218
16/04/2019;04:00:00;2920.75;2921;2917.25;2919;58881
16/04/2019;08:00:00;2919;2920.25;2911.25;2914.5;521384
16/04/2019;12:00:00;2914.5;2914.5;2904.5;2911;396518
16/04/2019;16:00:00;2910.25;2913.25;2908.75;2912.5;18919
16/04/2019;20:00:00;2912.5;2918;2909;2913.75;58752
17/04/2019;00:00:00;2913.75;2916.5;2913.5;2916;23448
17/04/2019;04:00:00;2916.25;2920.5;2915.75;2919.5;43492
17/04/2019;08:00:00;2919.5;2923.5;2900.75;2906.25;744715
17/04/2019;12:00:00;2906;2908.5;2898.5;2900.75;437378
17/04/2019;16:00:00;2901;2903.5;2900;2900.75;14450
17/04/2019;20:00:00;2900.75;2902;2892;2894.25;44396
18/04/2019;00:00:00;2894.25;2897.5;2889.5;2896;70087
18/04/2019;04:00:00;2895.75;2909.25;2894.75;2906.5;113050
18/04/2019;08:00:00;2906.5;2911.75;2895;2907;704133
18/04/2019;12:00:00;2907.25;2911.5;2905.75;2910.5;340458
21/04/2019;16:00:00;2908.75;2915.75;2907.5;2912.5;26399
21/04/2019;20:00:00;2912.75;2913;2901;2904;34135
22/04/2019;00:00:00;2904.25;2905.25;2901.25;2902.25;15636
22/04/2019;04:00:00;2902;2904;2899;2899.5;32085
22/04/2019;08:00:00;2899.5;2910.75;2899;2909.25;356200
22/04/2019;12:00:00;2909.25;2915;2907.5;2913;215088
22/04/2019;16:00:00;2911.75;2914;2909.25;2909.5;17769
22/04/2019;20:00:00;2909.75;2912.25;2908;2912;24547
23/04/2019;00:00:00;2912;2914.5;2909;2911.5;29927
23/04/2019;04:00:00;2911.25;2916.75;2909;2913.5;58143
23/04/2019;08:00:00;2913.75;2939.75;2912.25;2936.75;633716
23/04/2019;12:00:00;2936.75;2939.75;2933.75;2937.75;382455
23/04/2019;16:00:00;2937.25;2939.75;2937;2938.75;13212
23/04/2019;20:00:00;2938.75;2939.5;2932.25;2933.75;29788
24/04/2019;00:00:00;2934;2935.5;2931.75;2935;35928
24/04/2019;04:00:00;2935.25;2939.25;2934.75;2937.75;58748
24/04/2019;08:00:00;2937.5;2939.5;2931;2932;511340
24/04/2019;12:00:00;2932;2937;2927.75;2928.25;408327
24/04/2019;16:00:00;2930;2933.75;2929.5;2932;15255
24/04/2019;20:00:00;2931.75;2934.75;2931;2933.75;20353
25/04/2019;00:00:00;2934;2935.75;2928;2931.75;42765
25/04/2019;04:00:00;2931.5;2935;2927;2932.25;69879
25/04/2019;08:00:00;2932;2935;2914.25;2931.5;837760
25/04/2019;12:00:00;2931.25;2935;2923;2923.5;351296
25/04/2019;16:00:00;2923.75;2926.5;2918;2919;28852
25/04/2019;20:00:00;2919;2924.75;2917.25;2924;25306
26/04/2019;00:00:00;2924;2926;2920.25;2922.5;41098
26/04/2019;04:00:00;2922.5;2932;2920.25;2928.5;92577
26/04/2019;08:00:00;2928.5;2934.75;2919.25;2932;615834
26/04/2019;12:00:00;2932.25;2942.75;2928.5;2939;389216
28/04/2019;16:00:00;2939.25;2942.5;2939.25;2941.25;14912
28/04/2019;20:00:00;2941.25;2943;2940.5;2942.5;13589
29/04/2019;00:00:00;2942.25;2946.75;2941.25;2943.75;35294
29/04/2019;04:00:00;2943.75;2944.25;2937.75;2941.75;49319
29/04/2019;08:00:00;2941.75;2950;2940.75;2949.5;476516
29/04/2019;12:00:00;2949.5;2951.5;2941.75;2943.25;309821
29/04/2019;16:00:00;2942.5;2943.25;2939.75;2941;13690
29/04/2019;20:00:00;2941;2941.25;2935.75;2939.25;37591
30/04/2019;00:00:00;2939.5;2942.25;2938.5;2941.5;34864
30/04/2019;04:00:00;2941.5;2945.5;2939;2940.5;65821
30/04/2019;08:00:00;2940.5;2942;2926;2939.75;693312
30/04/2019;12:00:00;2939.5;2956.5;2939;2955;589892
30/04/2019;16:00:00;2955;2956.75;2952.5;2956.75;15795
30/04/2019;20:00:00;2956.75;2961.25;2955.5;2959.25;19050
01/05/2019;00:00:00;2959;2960.5;2958.25;2959;16061
01/05/2019;04:00:00;2959.25;2959.5;2955;2956.25;42509
01/05/2019;08:00:00;2956.25;2956.25;2943.5;2947.25;510388
01/05/2019;12:00:00;2947.25;2956;2916;2917;846851
01/05/2019;16:00:00;2916.5;2924.25;2915.5;2924.25;28044
01/05/2019;20:00:00;2924;2926.75;2923.25;2925;29441
02/05/2019;00:00:00;2925;2931.25;2923.5;2929.25;55965
02/05/2019;04:00:00;2929.25;2932.25;2921;2923;99927
02/05/2019;08:00:00;2923;2932.75;2901;2911;977594
02/05/2019;12:00:00;2910.75;2920.5;2906.5;2919;596828
02/05/2019;16:00:00;2918.5;2921.5;2917.5;2920.75;14014
02/05/2019;20:00:00;2920.75;2926;2916.5;2923.25;25741
03/05/2019;00:00:00;2923.5;2928.5;2921.75;2927.25;32323
03/05/2019;04:00:00;2927.25;2934;2923;2933;120784
03/05/2019;08:00:00;2933;2946;2930.5;2944.75;651406
03/05/2019;12:00:00;2944.75;2949.5;2943.25;2949.25;393210
05/05/2019;16:00:00;2917.75;2917.75;2887.25;2888;199659
05/05/2019;20:00:00;2888;2902.75;2883.5;2901.25;103916
06/05/2019;00:00:00;2901;2903.75;2891;2892.75;143613
06/05/2019;04:00:00;2892.75;2904.75;2891.25;2902.25;121532
06/05/2019;08:00:00;2902;2924.5;2894;2916.5;831807
06/05/2019;12:00:00;2916.5;2938.25;2909;2909.75;560975
06/05/2019;16:00:00;2911.75;2919;2910.25;2915.75;72621
06/05/2019;20:00:00;2916;2919.25;2910.5;2917.25;62973
07/05/2019;00:00:00;2917.5;2930.5;2913;2920.5;79840
07/05/2019;04:00:00;2920.25;2920.5;2908.25;2912.5;115053
07/05/2019;08:00:00;2912.5;2913;2881.5;2888.5;1280692
07/05/2019;12:00:00;2888.5;2891.75;2862.5;2890.75;1113996
07/05/2019;16:00:00;2889.75;2890.75;2882.75;2886.5;39213
07/05/2019;20:00:00;2886.5;2895.5;2886.5;2893.25;63397
08/05/2019;00:00:00;2893.25;2899.5;2888;2890.75;82800
08/05/2019;04:00:00;2890.75;2891.5;2868.75;2880.5;286964
08/05/2019;08:00:00;2880.75;2898.75;2873;2893.75;1016640
08/05/2019;12:00:00;2893.75;2896.75;2878.75;2884.5;505107
08/05/2019;16:00:00;2884;2885.5;2871;2877.25;66450
08/05/2019;20:00:00;2877;2880.75;2867.75;2871.75;66818
09/05/2019;00:00:00;2871.75;2876.25;2858;2865;124027
09/05/2019;04:00:00;2865;2870.5;2857.25;2858.5;133515
09/05/2019;08:00:00;2858.5;2874.75;2836.25;2866.5;1460564
09/05/2019;12:00:00;2866.25;2877;2859.25;2872.25;791214
09/05/2019;16:00:00;2869.75;2889;2866;2879.25;102896
09/05/2019;20:00:00;2879.25;2884.75;2854;2858.25;170996
10/05/2019;00:00:00;2858.25;2874.75;2852.5;2865.75;106286
10/05/2019;04:00:00;2865.75;2875.5;2849;2855.75;175149
10/05/2019;08:00:00;2855.75;2867;2826;2857;1319853
10/05/2019;12:00:00;2857;2893;2855;2887.25;893611
12/05/2019;16:00:00;2858.5;2869.25;2852.5;2858.25;75897
12/05/2019;20:00:00;2858.25;2861.25;2855.5;2858;28679
13/05/2019;00:00:00;2858;2858.5;2844.25;2850;75093
13/05/2019;04:00:00;2849.75;2854.75;2828;2829.75;208455
13/05/2019;08:00:00;2829.5;2837.75;2805.5;2805.75;1293833
13/05/2019;12:00:00;2805.5;2825;2802;2808.25;995924
13/05/2019;16:00:00;2806;2813.5;2799.75;2813;49442
13/05/2019;20:00:00;2813;2822.75;2810.75;2821.75;63374
14/05/2019;00:00:00;2822;2824.25;2816.25;2821;87376
14/05/2019;04:00:00;2821;2831.5;2819.75;2825.5;166147
14/05/2019;08:00:00;2825.5;2850.5;2820.5;2845.75;851024
14/05/2019;12:00:00;2846;2853.75;2834;2840.25;533219
14/05/2019;16:00:00;2840.75;2842.75;2833.5;2838;37790
14/05/2019;20:00:00;2837.75;2846.25;2835.75;2844;48580
15/05/2019;00:00:00;2844.25;2848.5;2833.25;2837.25;105291
15/05/2019;04:00:00;2837.25;2841.5;2817.5;2820.5;160002
15/05/2019;08:00:00;2820.75;2858;2815;2851.25;915422
15/05/2019;12:00:00;2851.25;2860;2849.25;2854.5;411354
15/05/2019;16:00:00;2853.5;2854.5;2847.75;2848.75;22132
15/05/2019;20:00:00;2848.75;2853;2840.5;2845.75;76326
16/05/2019;00:00:00;2845.75;2855;2841.75;2854.25;70338
16/05/2019;04:00:00;2854.25;2868;2853.25;2863.25;145695
16/05/2019;08:00:00;2863.5;2894;2859;2887.75;759479
16/05/2019;12:00:00;2887.75;2889.75;2872.75;2879.75;562879
16/05/2019;16:00:00;2879.75;2882.5;2876.75;2880.25;23270
16/05/2019;20:00:00;2880.5;2882.5;2868.75;2871.25;45017
17/05/2019;00:00:00;2871;2872.75;2861.25;2863;76806
17/05/2019;04:00:00;2863.25;2871;2853;2858.25;168726
17/05/2019;08:00:00;2858;2887.5;2852.5;2875.75;937741
17/05/2019;12:00:00;2875.5;2880.25;2857.5;2861.25;620665
19/05/2019;16:00:00;2861.5;2874.25;2861.25;2872.5;34082
19/05/2019;20:00:00;2872.25;2876.5;2867.25;2872;40345
20/05/2019;00:00:00;2872;2873.25;2855.75;2857.75;60508
20/05/2019;04:00:00;2857.75;2861;2836;2839.5;192749
20/05/2019;08:00:00;2839.5;2855.75;2833;2844.25;815507
20/05/2019;12:00:00;2844.25;2848.5;2832.5;2847.75;466129
20/05/2019;16:00:00;2848;2853;2847;2852.25;33856
20/05/2019;20:00:00;2852.5;2858.25;2851.75;2856;44104
21/05/2019;00:00:00;2856;2856.5;2846.25;2851.75;55554
21/05/2019;04:00:00;2851.75;2863;2848.75;2862.75;128391
21/05/2019;08:00:00;2862.75;2870.75;2856.5;2866.25;641610
21/05/2019;12:00:00;2866.25;2870.25;2864.25;2864.5;348814
21/05/2019;16:00:00;2864.75;2868.25;2861.25;2862.25;31776
21/05/2019;20:00:00;2862.25;2869.5;2862;2865.25;36343
22/05/2019;00:00:00;2865.25;2865.5;2857.5;2859.75;45599
22/05/2019;04:00:00;2859.75;2866.5;2848.25;2855.25;142826
22/05/2019;08:00:00;2855;2868;2853.25;2855.5;623700
22/05/2019;12:00:00;2855.25;2864.5;2852;2856.75;337762
22/05/2019;16:00:00;2857.75;2858.5;2848.75;2850.75;22279
22/05/2019;20:00:00;2850.5;2850.5;2843.5;2847.25;42433
23/05/2019;00:00:00;2847;2847.75;2832.25;2836.5;98749
23/05/2019;04:00:00;2836.75;2837;2825.25;2832.5;159220
23/05/2019;08:00:00;2832.75;2833.25;2808.5;2809.25;919383
23/05/2019;12:00:00;2809;2824;2805.75;2821;697364
23/05/2019;16:00:00;2821.75;2827.75;2819.25;2825;30450
23/05/2019;20:00:00;2825;2830.5;2824.75;2828.5;41234
24/05/2019;00:00:00;2828.5;2838.5;2828.25;2836.5;68311
24/05/2019;04:00:00;2836.25;2839.5;2830.75;2834.25;111172
24/05/2019;08:00:00;2834.25;2842;2820.75;2833.75;590667
24/05/2019;12:00:00;2833.75;2835;2825.25;2831;311527
26/05/2019;16:00:00;2831;2835;2826;2832.5;19334
26/05/2019;20:00:00;2832.25;2833;2827.5;2828;21010
27/05/2019;00:00:00;2827.75;2839.25;2827.75;2832.5;34389
27/05/2019;04:00:00;2832.75;2833.75;2828.25;2830.5;25545
27/05/2019;08:00:00;2830.5;2832.25;2827.5;2831.75;44258
27/05/2019;16:00:00;2830;2837.5;2830;2837;24093
27/05/2019;20:00:00;2837;2839.25;2834;2837.75;22706
28/05/2019;00:00:00;2837.75;2840;2823.25;2824;73608
28/05/2019;04:00:00;2824;2835.75;2822;2830.75;110831
28/05/2019;08:00:00;2831;2841.25;2824.5;2829;606507
28/05/2019;12:00:00;2828.75;2830.5;2800.5;2805;609892
28/05/2019;16:00:00;2804.25;2806;2793;2795.25;48182
28/05/2019;20:00:00;2795.25;2798.25;2792.25;2794.75;41797
29/05/2019;00:00:00;2794.75;2800;2783.75;2787.75;104368
29/05/2019;04:00:00;2788;2792.25;2782;2787;117243
29/05/2019;08:00:00;2787.25;2792.75;2766.25;2773.5;1047106
29/05/2019;12:00:00;2773.5;2787.5;2768.75;2780.75;651770
29/05/2019;16:00:00;2779.5;2786.75;2776.75;2777.5;27363
29/05/2019;20:00:00;2777.25;2786.5;2777;2786;35192
30/05/2019;00:00:00;2786;2793;2785;2788.75;51801
30/05/2019;04:00:00;2788.75;2792.25;2785;2788.75;91166
30/05/2019;08:00:00;2788.5;2799;2782.25;2791.25;571528
30/05/2019;12:00:00;2791.25;2792.5;2776.5;2789.75;470029
30/05/2019;16:00:00;2788.75;2791;2763.5;2766.5;104171
30/05/2019;20:00:00;2766.25;2776;2763.75;2770.5;82397
31/05/2019;00:00:00;2770.5;2771.5;2758.5;2760.75;115307
31/05/2019;04:00:00;2760.75;2763;2753.75;2761.25;174135
31/05/2019;08:00:00;2761;2769.5;2751;2758.25;816789
31/05/2019;12:00:00;2758.25;2765;2750;2752.5;812609
02/06/2019;16:00:00;2741;2744.5;2732.25;2740.25;69621
02/06/2019;20:00:00;2740.25;2741;2735;2735;56914
03/06/2019;00:00:00;2735;2743;2731.25;2739.75;97168
03/06/2019;04:00:00;2739.75;2750;2739.25;2749.75;116902
03/06/2019;08:00:00;2749.75;2763.75;2735.5;2738.25;957894
03/06/2019;12:00:00;2738.25;2756.75;2728.75;2753.75;938415
03/06/2019;16:00:00;2754;2755.75;2747.25;2751.5;32298
03/06/2019;20:00:00;2751.5;2753.5;2744;2751.25;41543
04/06/2019;00:00:00;2751.25;2762.25;2747.5;2761.75;94142
04/06/2019;04:00:00;2762;2770;2758;2768.75;136903
04/06/2019;08:00:00;2769;2795.25;2764;2792.75;921554
04/06/2019;12:00:00;2792.75;2806.25;2789;2805.5;540521
04/06/2019;16:00:00;2806.5;2813.5;2806.5;2811.75;43677
04/06/2019;20:00:00;2812;2815.25;2811;2811.75;42264
05/06/2019;00:00:00;2812;2816.25;2806;2813.5;92302
05/06/2019;04:00:00;2813.75;2824.75;2810.5;2813;174544
05/06/2019;08:00:00;2813.25;2821.75;2801;2818;869943
05/06/2019;12:00:00;2818;2829.5;2815.5;2828.25;456020
05/06/2019;16:00:00;2820.5;2828.5;2812.75;2826;52010
05/06/2019;20:00:00;2826;2829.5;2824.25;2826.75;25312
06/06/2019;00:00:00;2827;2836.5;2821.75;2836;83321
06/06/2019;04:00:00;2835.75;2838;2827.25;2828.75;126224
06/06/2019;08:00:00;2828.75;2836.5;2823.25;2833.25;673843
06/06/2019;12:00:00;2833.5;2853;2831.75;2840.5;561780
06/06/2019;16:00:00;2840;2846.75;2838;2843.5;28806
06/06/2019;20:00:00;2843.75;2850.5;2842;2850;28454
07/06/2019;00:00:00;2850;2855.5;2847.5;2853.5;54385
07/06/2019;04:00:00;2853.5;2861.25;2846.25;2852.25;185161
07/06/2019;08:00:00;2852.25;2886.25;2851.25;2882.75;832196
07/06/2019;12:00:00;2882.75;2883.75;2870.75;2877.5;467515
09/06/2019;16:00:00;2893.25;2898;2881.5;2882.25;61751
09/06/2019;20:00:00;2882;2886;2880.5;2885;43376
10/06/2019;00:00:00;2885;2886.75;2882;2883.5;47711
10/06/2019;04:00:00;2883.5;2891.25;2882.25;2888.5;85813
10/06/2019;08:00:00;2888.5;2905.75;2887.5;2895.5;619036
10/06/2019;12:00:00;2895.5;2899.75;2886.25;2890;482924
10/06/2019;16:00:00;2890.25;2892.75;2886.25;2892;23294
10/06/2019;20:00:00;2891.75;2896.5;2891.75;2895.5;35660
11/06/2019;00:00:00;2895.5;2900;2893;2899.5;82818
11/06/2019;04:00:00;2899.5;2908;2898.25;2906;85336
11/06/2019;08:00:00;2906;2911.5;2879.25;2879.75;726331
11/06/2019;12:00:00;2879.75;2892;2879.25;2887.5;363418
11/06/2019;16:00:00;2887.25;2891;2884.5;2888.25;21621
11/06/2019;20:00:00;2888.25;2888.75;2882.75;2885.25;37019
12/06/2019;00:00:00;2885.5;2886;2877.5;2878.75;74962
12/06/2019;04:00:00;2878.75;2883.75;2875.25;2880.25;98551
12/06/2019;08:00:00;2880.5;2889.75;2875.25;2881.25;590620
12/06/2019;12:00:00;2881.5;2882.75;2877.25;2881.5;275912
12/06/2019;16:00:00;2882;2888.5;2881.25;2886.75;23210
12/06/2019;20:00:00;2886.75;2887.75;2867.25;2876.75;78226
13/06/2019;00:00:00;2876.75;2892.75;2873.5;2890.5;83892
13/06/2019;04:00:00;2890.5;2894.5;2887.25;2890.75;79308
13/06/2019;08:00:00;2890.75;2896.5;2882.75;2893.5;480681
13/06/2019;12:00:00;2893.75;2895.5;2883;2894.5;377958
13/06/2019;16:00:00;2893.75;2894.5;2889;2892.5;18597
13/06/2019;20:00:00;2892.75;2898.75;2892;2897.25;27798
14/06/2019;00:00:00;2897.25;2897.5;2885.25;2887;44889
14/06/2019;04:00:00;2887.25;2890;2881.75;2888.25;68699
14/06/2019;08:00:00;2888.25;2891.75;2880.5;2885.5;300983
14/06/2019;12:00:00;2885.5;2895.75;2883.5;2891.75;179599
16/06/2019;16:00:00;2890.75;2897.75;2890.75;2895.25;9890
16/06/2019;20:00:00;2895.25;2900.75;2894;2898;14635
17/06/2019;00:00:00;2898;2903.25;2896.25;2898.5;34050
17/06/2019;04:00:00;2898.5;2900;2893.75;2894.25;53472
17/06/2019;08:00:00;2894.25;2902.75;2892;2898.25;411538
17/06/2019;12:00:00;2898.25;2902;2892.25;2897.75;265939
17/06/2019;16:00:00;2898;2899;2895.75;2898;10194
17/06/2019;20:00:00;2898.25;2900;2894.5;2895.75;24204
18/06/2019;00:00:00;2895.75;2908;2889;2904.5;84647
18/06/2019;04:00:00;2904.5;2916;2902.75;2913.75;132753
18/06/2019;08:00:00;2913.75;2936.5;2910.25;2926;875510
18/06/2019;12:00:00;2926;2928.75;2919.25;2926;423911
18/06/2019;16:00:00;2924.75;2930.5;2923.75;2928.5;22259
18/06/2019;20:00:00;2928.25;2929.25;2924.25;2927.25;35271
19/06/2019;00:00:00;2927.25;2928.5;2921.75;2923.25;47735
19/06/2019;04:00:00;2923.25;2928.25;2922.75;2927;74655
19/06/2019;08:00:00;2926.75;2927.25;2920.5;2921.75;418329
19/06/2019;12:00:00;2921.75;2936.75;2915.25;2931.5;680874
19/06/2019;16:00:00;2930.75;2943;2930.5;2941;41116
19/06/2019;20:00:00;2941;2945.5;2940.25;2945;46535
20/06/2019;00:00:00;2945;2956.75;2943.75;2955.25;91573
20/06/2019;04:00:00;2955.25;2964.5;2955;2962;111645
20/06/2019;08:00:00;2962;2963.75;2935.75;2946.25;845127
20/06/2019;12:00:00;2946.25;2963.25;2945.25;2958.25;486313
20/06/2019;16:00:00;2957.75;2959.75;2954.75;2957.25;25567
20/06/2019;20:00:00;2957.25;2958;2949.75;2950.25;49750
21/06/2019;00:00:00;2950.5;2960;2947.75;2954;80217
21/06/2019;04:00:00;2954.25;2958.25;2951.25;2952.5;133995
21/06/2019;08:00:00;2952.5;2969.25;2950.5;2958.25;726238
21/06/2019;12:00:00;2958.5;2963.25;2948.25;2948.25;426858
23/06/2019;16:00:00;2948;2957.5;2947.25;2955.75;26908
23/06/2019;20:00:00;2955.75;2961.5;2954.5;2959.75;30859
24/06/2019;00:00:00;2959.5;2961.75;2956.25;2957.75;43338
24/06/2019;04:00:00;2957.75;2959.5;2954.5;2956.5;48640
24/06/2019;08:00:00;2956.5;2960;2952.75;2955.75;436116
24/06/2019;12:00:00;2955.75;2956.25;2948.75;2951.5;294847
24/06/2019;16:00:00;2951;2956.75;2950.75;2956.75;15953
24/06/2019;20:00:00;2956.75;2958.25;2942.25;2942.75;51631
25/06/2019;00:00:00;2942.75;2949.5;2942.25;2946.5;62573
25/06/2019;04:00:00;2946.25;2951.5;2945;2950.75;63192
25/06/2019;08:00:00;2950.75;2953;2931.5;2933.25;611608
25/06/2019;12:00:00;2933;2938.75;2920;2923;581120
25/06/2019;16:00:00;2922.5;2926;2917.5;2924.5;24678
25/06/2019;20:00:00;2924.25;2925.25;2920.25;2920.5;26670
26/06/2019;00:00:00;2920.5;2927.25;2920.25;2926.75;51052
26/06/2019;04:00:00;2927;2939;2926.25;2930;163938
26/06/2019;08:00:00;2929.75;2936.75;2924.25;2928.75;543017
26/06/2019;12:00:00;2928.5;2929.25;2914.5;2915.25;391720
26/06/2019;16:00:00;2914.75;2921;2914.75;2920.5;16571
26/06/2019;20:00:00;2920.75;2928.75;2920.25;2925.5;39130
27/06/2019;00:00:00;2925.75;2933.5;2925;2929.75;65141
27/06/2019;04:00:00;2929.5;2935.75;2917.75;2926.5;117219
27/06/2019;08:00:00;2926.25;2932.75;2922;2930.25;481668
27/06/2019;12:00:00;2930.5;2933.75;2927.5;2933.5;288971
27/06/2019;16:00:00;2932.75;2939.25;2932.25;2936.25;22217
27/06/2019;20:00:00;2936.25;2937.25;2930;2932.25;27341
28/06/2019;00:00:00;2932.5;2939.25;2930.75;2938;43365
28/06/2019;04:00:00;2938;2939.75;2935.5;2938.5;48867
28/06/2019;08:00:00;2938.75;2944.75;2932.75;2943;456648
28/06/2019;12:00:00;2943;2955.25;2935;2953.75;618691
30/06/2019;16:00:00;2970;2977.5;2963;2964.25;69506
30/06/2019;20:00:00;2964;2972;2964;2971.5;34980
01/07/2019;00:00:00;2971.5;2980.5;2971;2975.75;84264
01/07/2019;04:00:00;2975.5;2980;2973.5;2977.5;71037
01/07/2019;08:00:00;2977.25;2981.75;2958.75;2959.5;643375
01/07/2019;12:00:00;2959.5;2970;2955.5;2968;494214
01/07/2019;16:00:00;2968;2969;2959.75;2967.5;27615
01/07/2019;20:00:00;2967.5;2971.75;2966.5;2971;23626
02/07/2019;00:00:00;2971;2972;2961.25;2963;53179
02/07/2019;04:00:00;2963;2967.25;2962;2965.5;55931
02/07/2019;08:00:00;2965.25;2973.25;2958.5;2962.75;559431
02/07/2019;12:00:00;2962.75;2980;2960.75;2979;355672
02/07/2019;16:00:00;2979;2979.75;2976;2976.5;19021
02/07/2019;20:00:00;2976.5;2977.25;2973.75;2975.75;26970
03/07/2019;00:00:00;2975.75;2986.5;2975.5;2986;61130
03/07/2019;04:00:00;2986;2988.25;2984.25;2985.75;57867
03/07/2019;08:00:00;2985.75;2999.75;2981.5;2999;534916
03/07/2019;12:00:00;2999;3001.5;2998;3001;54618
03/07/2019;16:00:00;3000.75;3006;2998.75;2999.25;13352
03/07/2019;20:00:00;2999.25;3000.25;2997.75;2999.75;11913
04/07/2019;00:00:00;3000;3000.25;2997.25;2998.75;21207
04/07/2019;04:00:00;2998.75;3003.25;2998.5;3001.75;22873
04/07/2019;08:00:00;3001.75;3003.75;3001.25;3002.25;28334
04/07/2019;16:00:00;3002.75;3003.5;3001;3002;10352
04/07/2019;20:00:00;3001.75;3004;3000.25;3003.5;18490
05/07/2019;00:00:00;3003.5;3004;2993.75;2994;42814
05/07/2019;04:00:00;2994.25;2997.25;2984;2988;127535
05/07/2019;08:00:00;2987.75;2989.5;2971.25;2988.25;592876
05/07/2019;12:00:00;2988;2997.75;2986.25;2991.75;385233
07/07/2019;16:00:00;2990.75;2994.75;2986.25;2988;23159
07/07/2019;20:00:00;2988;2989.25;2982.75;2983.5;34900
08/07/2019;00:00:00;2983.5;2988.75;2978.75;2986.25;60527
08/07/2019;04:00:00;2986.25;2986.5;2982;2982.25;57710
08/07/2019;08:00:00;2982;2984.75;2974.5;2977;465250
08/07/2019;12:00:00;2977;2982.25;2973.25;2978.5;332446
08/07/2019;16:00:00;2977.75;2979.5;2974.75;2975.5;16373
08/07/2019;20:00:00;2975.75;2976.5;2965;2968;46135
09/07/2019;00:00:00;2968;2970.75;2963.5;2965.5;64853
09/07/2019;04:00:00;2965.5;2969.5;2963.5;2968.5;79062
09/07/2019;08:00:00;2968.25;2979.75;2965.75;2978;428342
09/07/2019;12:00:00;2977.75;2986.25;2976.25;2982.25;296083
09/07/2019;16:00:00;2982.25;2987.5;2980.25;2986.25;19143
09/07/2019;20:00:00;2986.5;2987;2980.5;2980.75;19128
10/07/2019;00:00:00;2980.75;2982;2974;2977.75;57002
10/07/2019;04:00:00;2977.5;2996.25;2971.25;2994.5;153408
10/07/2019;08:00:00;2994.5;3007.5;2988.5;2998.5;773420
10/07/2019;12:00:00;2998.5;3003.75;2993.5;2996.25;352587
10/07/2019;16:00:00;2996;3001;2995.25;2999.5;18378
10/07/2019;20:00:00;2999.5;3006.75;2998.75;3005.5;32523
11/07/2019;00:00:00;3005.5;3006;3001;3002.75;44094
11/07/2019;04:00:00;3002.75;3006.75;2999;3002.5;102845
11/07/2019;08:00:00;3002.5;3006.25;2995.5;3004;522076
11/07/2019;12:00:00;3004;3005;2992.5;3004;419365
11/07/2019;16:00:00;3003;3012;3002.25;3012;27434
11/07/2019;20:00:00;3012;3012.5;3007.75;3011;37702
12/07/2019;00:00:00;3011;3012;3007.75;3010.75;53544
12/07/2019;04:00:00;3011;3012.75;3008.75;3010.25;76779
12/07/2019;08:00:00;3010.25;3011.5;3005.5;3011.25;409151
12/07/2019;12:00:00;3011.5;3018;3009.5;3014.25;325541
14/07/2019;16:00:00;3015.25;3016.75;3012.75;3014.25;10521
14/07/2019;20:00:00;3014;3019.25;3010.75;3018.5;24319
15/07/2019;00:00:00;3018.5;3023.5;3017;3019.75;59098
15/07/2019;04:00:00;3019.75;3022.75;3016.5;3022.25;61389
15/07/2019;08:00:00;3022;3022.5;3012.5;3013.5;362134
15/07/2019;12:00:00;3013.5;3019;3012.5;3017.5;273663
15/07/2019;16:00:00;3017.25;3020.5;3016;3018.5;14494
15/07/2019;20:00:00;3018.5;3020.25;3017;3019.75;18544
16/07/2019;00:00:00;3019.75;3020.75;3016.5;3019.25;34457
16/07/2019;04:00:00;3019;3021.75;3016;3017.75;66157
16/07/2019;08:00:00;3017.75;3018.75;3004.5;3009;429562
16/07/2019;12:00:00;3009;3013.5;3004.5;3005.75;349331
16/07/2019;16:00:00;3005.75;3007.5;3004;3005.75;12775
16/07/2019;20:00:00;3005.5;3009.5;3003.25;3009.25;22327
17/07/2019;00:00:00;3009.25;3013;3008;3010.75;43965
17/07/2019;04:00:00;3010.75;3012.75;3005.5;3006.25;55086
17/07/2019;08:00:00;3006.5;3009.25;2993;2999;482702
17/07/2019;12:00:00;2999;3001.25;2980.5;2981.25;387078
17/07/2019;16:00:00;2980.75;2984;2974.5;2976.5;28716
17/07/2019;20:00:00;2976.5;2980.5;2974.5;2979;39428
18/07/2019;00:00:00;2979.25;2981;2975.5;2978.5;65618
18/07/2019;04:00:00;2978.25;2987;2977.75;2983.25;94972
18/07/2019;08:00:00;2983.25;2990;2975.75;2983;580225
18/07/2019;12:00:00;2983.25;3005.25;2982.75;3003.5;490799
18/07/2019;16:00:00;3003.75;3009.5;2996.25;3005.75;50788
18/07/2019;20:00:00;3006;3008.75;3005;3007.5;33999
19/07/2019;00:00:00;3007.5;3008.5;3003.5;3006;56094
19/07/2019;04:00:00;3006;3006.25;2997.5;3006;108764
19/07/2019;08:00:00;3006;3009.75;2993;3001.75;575515
19/07/2019;12:00:00;3002;3002.25;2969.5;2971;584600
21/07/2019;16:00:00;2974.5;2980.5;2972.5;2976;31531
21/07/2019;20:00:00;2976.25;2978.5;2974.5;2977.5;30929
22/07/2019;00:00:00;2977.5;2985.75;2976.25;2985.5;70018
22/07/2019;04:00:00;2985.25;2988.25;2981.5;2985.25;80981
22/07/2019;08:00:00;2985.25;2989.5;2978.5;2988.5;507100
22/07/2019;12:00:00;2988.25;2993.5;2984.75;2989;329381
22/07/2019;16:00:00;2988.75;2993.25;2987.5;2991.75;19619
22/07/2019;20:00:00;2991.75;2995;2991;2991.75;22640
23/07/2019;00:00:00;2991.75;2996.5;2989;2995.75;52707
23/07/2019;04:00:00;2996;3001;2994.75;3000;76468
23/07/2019;08:00:00;3000.25;3000.75;2990.25;2996.5;433698
23/07/2019;12:00:00;2996.75;3008.5;2995.25;3003;421542
23/07/2019;16:00:00;3003;3005.75;3002.5;3004;16345
23/07/2019;20:00:00;3004;3008.25;3004;3006.5;22728
24/07/2019;00:00:00;3006.5;3006.75;2996.5;2997.5;61020
24/07/2019;04:00:00;2997.5;3002.5;2996;2999.25;86811
24/07/2019;08:00:00;2999.5;3012.75;2998.75;3012.25;459352
24/07/2019;12:00:00;3012.25;3022;3010;3017.75;368464
24/07/2019;16:00:00;3018;3021.5;3017.75;3020.75;15035
24/07/2019;20:00:00;3020.75;3023;3019.25;3022.5;18261
25/07/2019;00:00:00;3022.75;3024.75;3020.75;3023.5;46472
25/07/2019;04:00:00;3023.5;3027.75;3019;3023.5;106695
25/07/2019;08:00:00;3023.5;3023.5;2998;3002.75;686654
25/07/2019;12:00:00;3002.5;3010.25;2999.25;3005;433356
25/07/2019;16:00:00;3006.5;3010.75;3006;3009.75;15611
25/07/2019;20:00:00;3009.75;3014.75;3009;3013.5;24178
26/07/2019;00:00:00;3013.5;3014.5;3010.5;3013;42809
26/07/2019;04:00:00;3013;3017.25;3010;3014.25;71730
26/07/2019;08:00:00;3014.25;3025;3013.25;3024.25;447557
26/07/2019;12:00:00;3024.25;3029.5;3022.75;3023;313237
28/07/2019;16:00:00;3022;3026;3021;3021.5;15309
28/07/2019;20:00:00;3021.5;3023.5;3020;3021;17965
29/07/2019;00:00:00;3021.25;3025.5;3020;3023.75;36883
29/07/2019;04:00:00;3023.75;3027.25;3022;3025.5;50043
29/07/2019;08:00:00;3025.75;3026.75;3015.5;3023.25;411342
29/07/2019;12:00:00;3023;3024;3020;3022.75;264482
29/07/2019;16:00:00;3022.25;3026.5;3022;3024.75;15031
29/07/2019;20:00:00;3025;3027.5;3024;3025.75;18406
30/07/2019;00:00:00;3025.75;3026.25;3014.25;3014.5;52353
30/07/2019;04:00:00;3014.75;3016.25;3004;3005.75;143925
30/07/2019;08:00:00;3005.75;3015.5;3001.5;3010.25;570158
30/07/2019;12:00:00;3010.25;3018.25;3009.75;3015.25;349083
30/07/2019;16:00:00;3016.25;3018.25;3013.75;3016.75;18231
30/07/2019;20:00:00;3016.75;3019.75;3014;3019.25;30776
31/07/2019;00:00:00;3019.5;3020.75;3014;3017.75;72309
31/07/2019;04:00:00;3018;3019.5;3015.25;3018;63832
31/07/2019;08:00:00;3018;3018.5;3009.25;3016;391773
31/07/2019;12:00:00;3015.75;3017.25;2958;2973.5;1294997
31/07/2019;16:00:00;2970.25;2976.5;2966.25;2975.75;54175
31/07/2019;20:00:00;2976;2985;2975;2981;51988
01/08/2019;00:00:00;2981;2984.5;2973.25;2982.75;95621
01/08/2019;04:00:00;2982.75;2989.5;2980.5;2983;120182
01/08/2019;08:00:00;2982.75;3014.25;2977.75;3009.25;868393
01/08/2019;12:00:00;3009.5;3010.25;2944.5;2948.75;1458410
01/08/2019;16:00:00;2950.25;2952;2938.75;2939.75;60219
01/08/2019;20:00:00;2940;2949.25;2939.75;2947.75;65948
02/08/2019;00:00:00;2947.75;2950.5;2935;2938;160592
02/08/2019;04:00:00;2938.25;2947;2933;2944;201197
02/08/2019;08:00:00;2944;2961;2913.5;2922.75;1133799
02/08/2019;12:00:00;2923;2945;2916.25;2934.5;732555
04/08/2019;16:00:00;2929.25;2932;2925.25;2931;35884
04/08/2019;20:00:00;2931;2933.5;2894;2897.5;171654
05/08/2019;00:00:00;2897.5;2905.75;2889.75;2890.25;147803
05/08/2019;04:00:00;2890.25;2901.75;2885.25;2886.25;236117
05/08/2019;08:00:00;2886.25;2888.5;2846;2847;1232441
05/08/2019;12:00:00;2846.75;2859;2820.5;2824.75;1128437
05/08/2019;16:00:00;2816.25;2818.75;2775.75;2794.5;165409
05/08/2019;20:00:00;2794.5;2850.75;2794;2832.75;236381
06/08/2019;00:00:00;2832.75;2855.5;2832.5;2854;204281
06/08/2019;04:00:00;2854.25;2865.25;2851.5;2854.25;216337
06/08/2019;08:00:00;2854.5;2872.75;2846;2854.25;1021007
06/08/2019;12:00:00;2854.25;2883.75;2854.25;2875.5;686314
06/08/2019;16:00:00;2873.75;2875.75;2864;2870;46617
06/08/2019;20:00:00;2870;2874;2854.5;2859.75;94703
07/08/2019;00:00:00;2859.75;2886;2858.75;2883.75;119829
07/08/2019;04:00:00;2883.75;2889.25;2845.5;2847.25;253176
07/08/2019;08:00:00;2847.25;2867.75;2823.25;2861;1300286
07/08/2019;12:00:00;2861;2891.5;2859.5;2880;766872
07/08/2019;16:00:00;2879;2885.5;2872.25;2872.25;32261
07/08/2019;20:00:00;2872.5;2894.75;2870.5;2892.25;86435
08/08/2019;00:00:00;2892.25;2896.5;2881.25;2888.75;89059
08/08/2019;04:00:00;2888.75;2894;2883.25;2893;112266
08/08/2019;08:00:00;2893;2931.5;2892.5;2931.25;791224
08/08/2019;12:00:00;2931.5;2940.75;2924.25;2939;617330
08/08/2019;16:00:00;2928;2935.75;2915.75;2927.5;91311
08/08/2019;20:00:00;2927.75;2932;2923;2926.25;40313
09/08/2019;00:00:00;2926.25;2930.5;2922.75;2926.5;71459
09/08/2019;04:00:00;2926.75;2929.75;2917.75;2924.75;112514
09/08/2019;08:00:00;2924.75;2935.5;2899;2913.5;1003866
09/08/2019;12:00:00;2913.25;2932.75;2912.75;2923.75;638784
11/08/2019;16:00:00;2918.75;2926.5;2913;2919.5;33902
11/08/2019;20:00:00;2919.5;2928;2917.75;2922.5;30932
12/08/2019;00:00:00;2922.5;2931;2905;2907.25;91736
12/08/2019;04:00:00;2907.25;2909.25;2893;2904;157252
12/08/2019;08:00:00;2904.25;2908.25;2888.25;2895;733550
12/08/2019;12:00:00;2894.75;2896.5;2872.5;2882.25;612011
12/08/2019;16:00:00;2882.25;2888.5;2880.25;2886.5;32614
12/08/2019;20:00:00;2886.5;2889.5;2881;2886.25;42277
13/08/2019;00:00:00;2886.25;2887.5;2870.75;2880.75;125190
13/08/2019;04:00:00;2880.75;2881;2866.75;2874;174630
13/08/2019;08:00:00;2874.25;2944.25;2872;2929.75;977505
13/08/2019;12:00:00;2929.75;2936.25;2922.75;2931.75;471028
13/08/2019;16:00:00;2931;2934.5;2927.75;2929.5;31237
13/08/2019;20:00:00;2929.75;2936.5;2923.25;2931.25;54897
14/08/2019;00:00:00;2931.5;2933.25;2918.25;2921;83434
14/08/2019;04:00:00;2921;2921.75;2886;2893.75;280522
14/08/2019;08:00:00;2893.75;2895.5;2843.75;2845.75;1212179
14/08/2019;12:00:00;2845.5;2861.75;2835.75;2835.75;1004994
14/08/2019;16:00:00;2836;2849.75;2833.75;2847;55305
14/08/2019;20:00:00;2847.25;2857.5;2844.5;2851;75721
15/08/2019;00:00:00;2851.25;2865;2850.5;2858.25;140527
15/08/2019;04:00:00;2858.5;2871.75;2817.75;2858;525134
15/08/2019;08:00:00;2857.75;2860.75;2834.5;2846.5;953309
15/08/2019;12:00:00;2846.75;2855.5;2825;2851.75;688792
15/08/2019;16:00:00;2851;2861.75;2849.5;2860.5;44243
15/08/2019;20:00:00;2860.5;2868.25;2859.25;2862.75;59399
16/08/2019;00:00:00;2862.75;2877.5;2861.5;2875.75;114983
16/08/2019;04:00:00;2875.75;2878.5;2871.25;2873;134303
16/08/2019;08:00:00;2873;2892.25;2862.5;2888.25;778430
16/08/2019;12:00:00;2888.25;2894.75;2884.75;2891.5;416851
18/08/2019;16:00:00;2893;2907.75;2892.5;2903.5;41982
18/08/2019;20:00:00;2903.5;2907;2903;2906.75;23201
19/08/2019;00:00:00;2906.75;2921;2906.25;2911.75;97101
19/08/2019;04:00:00;2911.75;2928.5;2911.5;2923.25;148056
19/08/2019;08:00:00;2923.5;2928.5;2915.5;2928;530736
19/08/2019;12:00:00;2928.25;2932.25;2921;2922.25;401224
19/08/2019;16:00:00;2921.25;2923.25;2916.25;2917;24561
19/08/2019;20:00:00;2917.25;2928.5;2916;2925.75;30828
20/08/2019;00:00:00;2925.75;2932.25;2924;2927.5;74460
20/08/2019;04:00:00;2927.5;2929.25;2920.25;2922;102503
20/08/2019;08:00:00;2922;2924.5;2904.25;2918.5;706875
20/08/2019;12:00:00;2918.5;2919.5;2894.25;2895.5;473312
20/08/2019;16:00:00;2893.25;2904;2893;2902;23615
20/08/2019;20:00:00;2902.25;2907;2901.5;2905.5;24227
21/08/2019;00:00:00;2905.5;2920.25;2905;2919;73360
21/08/2019;04:00:00;2919;2924.25;2916.75;2924.25;113998
21/08/2019;08:00:00;2924.25;2929.5;2920.5;2927;503489
21/08/2019;12:00:00;2926.75;2932.5;2918;2932.25;389410
21/08/2019;16:00:00;2931.25;2939;2930.5;2933;29928
21/08/2019;20:00:00;2932.75;2934.5;2925;2927.75;37369
22/08/2019;00:00:00;2928;2935.5;2922.5;2926.5;91564
22/08/2019;04:00:00;2926.25;2937.5;2918.5;2935.75;126737
22/08/2019;08:00:00;2935.5;2939.75;2904.25;2920.25;750311
22/08/2019;12:00:00;2920.25;2932.75;2919.75;2920;384078
22/08/2019;16:00:00;2920.25;2928.25;2918.75;2927.75;22117
22/08/2019;20:00:00;2927.75;2933.75;2925.5;2932;31962
23/08/2019;00:00:00;2932.25;2936.75;2930.75;2933.5;54155
23/08/2019;04:00:00;2933.5;2935.5;2902.5;2911.5;274158
23/08/2019;08:00:00;2911.75;2927.75;2863.25;2867.5;1369313
23/08/2019;12:00:00;2867.5;2869.5;2834;2851.5;960216
25/08/2019;16:00:00;2831;2834;2810.25;2824.75;126086
25/08/2019;20:00:00;2824.75;2843;2823.5;2833.25;88557
26/08/2019;00:00:00;2833.25;2880.75;2828.75;2879.75;231673
26/08/2019;04:00:00;2879.5;2888.5;2863.5;2877.25;223473
26/08/2019;08:00:00;2877;2879;2855.25;2874.5;730166
26/08/2019;12:00:00;2874.5;2884;2864.25;2882;403334
26/08/2019;16:00:00;2882.75;2884.75;2875;2878.25;32347
26/08/2019;20:00:00;2878.5;2887.25;2878;2883.25;41380
27/08/2019;00:00:00;2883.5;2883.5;2869.25;2874.25;102208
27/08/2019;04:00:00;2874.25;2896.25;2874;2894.25;134308
27/08/2019;08:00:00;2894.25;2899.5;2860.5;2862.25;673647
27/08/2019;12:00:00;2862;2881.75;2860;2866.75;508653
27/08/2019;16:00:00;2866.25;2876.75;2865.5;2871.25;33496
27/08/2019;20:00:00;2871.25;2878;2870;2874.5;43860
28/08/2019;00:00:00;2874.75;2876.75;2863;2869.5;96515
28/08/2019;04:00:00;2869.5;2874.5;2853.75;2862.25;172778
28/08/2019;08:00:00;2862;2887.75;2851.75;2886.5;707386
28/08/2019;12:00:00;2886.75;2890.5;2879.5;2883.25;389021
28/08/2019;16:00:00;2883.25;2887.75;2882;2883.25;23566
28/08/2019;20:00:00;2883;2883;2875.25;2881.25;37914
29/08/2019;00:00:00;2881.5;2911;2879.75;2909;161381
29/08/2019;04:00:00;2909.25;2919.75;2909;2915.5;153187
29/08/2019;08:00:00;2915.5;2928.5;2905.25;2926.25;666299
29/08/2019;12:00:00;2926.5;2930.75;2921.25;2924;384865
29/08/2019;16:00:00;2923.25;2926.75;2920.5;2925;29707
29/08/2019;20:00:00;2925;2934.25;2924.5;2932;40810
30/08/2019;00:00:00;2932;2941.75;2922.5;2940.5;124813
30/08/2019;04:00:00;2940.5;2946.5;2939.75;2943.25;117926
30/08/2019;08:00:00;2943.25;2943.75;2913.25;2927.5;689744
30/08/2019;12:00:00;2927.5;2929.25;2915.75;2923.75;580883
01/09/2019;16:00:00;2901;2911.5;2893.75;2908.75;41778
01/09/2019;20:00:00;2908.75;2915.75;2906.25;2910.75;32702
02/09/2019;00:00:00;2911;2920;2910;2918.5;56087
02/09/2019;04:00:00;2918.25;2926.5;2915.25;2918.75;54552
02/09/2019;08:00:00;2918.75;2919;2889;2898.75;105550
02/09/2019;16:00:00;2899;2909.25;2898.5;2905.25;26759
02/09/2019;20:00:00;2905.25;2915.5;2903.25;2910.5;39596
03/09/2019;00:00:00;2910.75;2913.75;2894.75;2904.75;136137
03/09/2019;04:00:00;2904.75;2912.75;2894.25;2907;153058
03/09/2019;08:00:00;2907;2914.5;2891;2901.25;834654
03/09/2019;12:00:00;2901.25;2909;2894.25;2904.5;433849
03/09/2019;16:00:00;2903;2907.75;2902;2906.5;41444
03/09/2019;20:00:00;2906.5;2925.25;2906.5;2924.75;61308
04/09/2019;00:00:00;2925;2936.25;2922.25;2933.5;114336
04/09/2019;04:00:00;2933.5;2935;2926.75;2931.75;104136
04/09/2019;08:00:00;2931.75;2934.5;2921.5;2933.75;508177
04/09/2019;12:00:00;2933.75;2939.5;2929;2937.75;351904
04/09/2019;16:00:00;2938;2945.25;2936.5;2944.25;33573
04/09/2019;20:00:00;2944;2971.75;2941.5;2968;122637
05/09/2019;00:00:00;2968;2970.75;2950.5;2961.25;130695
05/09/2019;04:00:00;2961;2968;2958.75;2966.75;94042
05/09/2019;08:00:00;2966.75;2986.5;2964.25;2976.75;778806
05/09/2019;12:00:00;2976.75;2981.25;2969.5;2970;423363
05/09/2019;16:00:00;2970.75;2980.75;2970.25;2979.5;24678
05/09/2019;20:00:00;2979.5;2982;2975.5;2977.25;34623
06/09/2019;00:00:00;2977.25;2983.75;2974.25;2979;51239
06/09/2019;04:00:00;2978.75;2988.25;2977;2981.25;146025
06/09/2019;08:00:00;2981.25;2984.25;2972.25;2980.25;507623
06/09/2019;12:00:00;2980;2985.75;2976.75;2983;338324
08/09/2019;16:00:00;2980.25;2988;2980;2987;23604
08/09/2019;20:00:00;2986.75;2989;2982.75;2987;31867
09/09/2019;00:00:00;2986.75;2988.5;2984.5;2986.5;41587
09/09/2019;04:00:00;2986.5;2991.5;2986;2990.25;57536
09/09/2019;08:00:00;2990.5;2991.5;2969.5;2977;604554
09/09/2019;12:00:00;2977;2980.25;2971.75;2979;379820
09/09/2019;16:00:00;2979.25;2985;2978.75;2983.75;22744
09/09/2019;20:00:00;2983.5;2984.5;2975;2975.25;36145
10/09/2019;00:00:00;2975.5;2977.5;2965.5;2968.75;76836
10/09/2019;04:00:00;2968.5;2978.5;2968.25;2971.75;96473
10/09/2019;08:00:00;2971.5;2975.5;2957.25;2973.75;766436
10/09/2019;12:00:00;2973.5;2980.75;2962.75;2979.5;414239
10/09/2019;16:00:00;2979;2979.5;2974.25;2975.5;19894
10/09/2019;20:00:00;2975.25;2987;2972;2981.75;45502
11/09/2019;00:00:00;2981.75;2985;2977;2980.5;82293
11/09/2019;04:00:00;2980.5;2984.5;2975.25;2982.75;89066
11/09/2019;08:00:00;2982.75;2996.5;2974.75;2995;638911
11/09/2019;12:00:00;2995;3004.25;2990.5;3002.25;412783
11/09/2019;16:00:00;3003;3020;3001.5;3017.75;71662
11/09/2019;20:00:00;3017.75;3018.75;3011.25;3013.75;42128
12/09/2019;00:00:00;3013.75;3014;3005.5;3006.75;77252
12/09/2019;04:00:00;3006.75;3012.75;3002.5;3009;128743
12/09/2019;08:00:00;3009;3020.5;3001;3017.75;809811
12/09/2019;12:00:00;3017.75;3021.75;3008;3008.5;312749
12/09/2019;16:00:00;3010;3016.25;3010;3015.75;13357
12/09/2019;20:00:00;3015.5;3017.75;3012.25;3017.25;12499
13/09/2019;00:00:00;3017.25;3021.5;3015.5;3016.5;41282
13/09/2019;04:00:00;3016.25;3023.75;3015.5;3016.75;61845
13/09/2019;08:00:00;3017;3018.75;3009.75;3011;296322
13/09/2019;12:00:00;3011;3013;3003.5;3007;224765
15/09/2019;16:00:00;2993.5;2997.5;2981.25;2988.25;49071
15/09/2019;20:00:00;2988.25;2991;2983.75;2988;24070
16/09/2019;00:00:00;2988;2999.5;2987.75;2996.25;55634
16/09/2019;04:00:00;2996;3000.75;2991.25;2998;85428
16/09/2019;08:00:00;2998;3005.25;2993.25;2997.5;461309
16/09/2019;12:00:00;2997.5;3004.75;2996.75;3004.5;235185
16/09/2019;16:00:00;3004.25;3007;3000.5;3004.25;29794
16/09/2019;20:00:00;3004.25;3004.25;2996.75;2999;33697
17/09/2019;00:00:00;2999.25;3003.75;2995.5;2999.25;59715
17/09/2019;04:00:00;2999.25;3002.5;2993.75;2997.25;64588
17/09/2019;08:00:00;2997.25;3004.5;2994;2998.75;426257
17/09/2019;12:00:00;2999;3009;2998.25;3008.25;257504
17/09/2019;16:00:00;3008.75;3008.75;3004.75;3005.5;16962
17/09/2019;20:00:00;3005.75;3006.25;3003;3003.75;14209
18/09/2019;00:00:00;3004;3007;3002.25;3004.25;33368
18/09/2019;04:00:00;3004;3005.5;3000.25;3004.75;46671
18/09/2019;08:00:00;3004.75;3005.25;2997.5;2999;327269
18/09/2019;12:00:00;2998.75;3013.75;2980.75;3009.75;790546
18/09/2019;16:00:00;3010;3010.75;3005.25;3007.75;23574
18/09/2019;20:00:00;3007.75;3009.25;2997.25;2999.5;41331
19/09/2019;00:00:00;2999.75;3005.25;2991.25;3003.25;80504
19/09/2019;04:00:00;3003.25;3014.75;2999.75;3013.75;82156
19/09/2019;08:00:00;3014;3024.5;3012.75;3017.25;474389
19/09/2019;12:00:00;3017.25;3019.25;3004.75;3007.5;426867
19/09/2019;16:00:00;3007;3011.5;3005.75;3010;15239
19/09/2019;20:00:00;3010.25;3012.25;3009.5;3009.75;16934
20/09/2019;00:00:00;3010;3014;3007;3010.25;42555
20/09/2019;04:00:00;3010.25;3016.5;3010;3014.25;79812
20/09/2019;08:00:00;3014.25;3018;3008;3011.25;482901
20/09/2019;12:00:00;3011;3011.75;2985.25;2989.25;737189
22/09/2019;16:00:00;2995.75;3008.25;2995.75;3003.75;31501
22/09/2019;20:00:00;3003.75;3006.25;2999.25;3000.25;19771
23/09/2019;00:00:00;3000.25;3005.75;2982;2983.25;89934
23/09/2019;04:00:00;2983;2992;2982.5;2989.75;78000
23/09/2019;08:00:00;2989.75;2998;2983.5;2995.25;475862
23/09/2019;12:00:00;2995.25;3001.5;2992.75;3001;307880
23/09/2019;16:00:00;3001;3012.25;3000.75;3007.25;37498
23/09/2019;20:00:00;3007.25;3009.25;3003.75;3006.75;25239
24/09/2019;00:00:00;3006.75;3008.5;3001.5;3004.75;42578
24/09/2019;04:00:00;3004.75;3009.75;3002.5;3004;52464
24/09/2019;08:00:00;3004.25;3009.25;2961.5;2963;860994
24/09/2019;12:00:00;2962.75;2979.75;2958.5;2972;846419
24/09/2019;16:00:00;2971;2976.75;2967.25;2970.75;40433
24/09/2019;20:00:00;2970.75;2979;2970.5;2975.75;31444
25/09/2019;00:00:00;2976;2977.5;2960;2961.25;84546
25/09/2019;04:00:00;2961.25;2971.75;2956.5;2971;110613
25/09/2019;08:00:00;2971;2979.75;2953.75;2975;775401
25/09/2019;12:00:00;2975.25;2991.75;2974.25;2986;409839
25/09/2019;16:00:00;2985.75;2988.75;2981.5;2983.75;25707
25/09/2019;20:00:00;2983.5;2985.75;2981;2982;24832
26/09/2019;00:00:00;2982;2995;2978.5;2992;70366
26/09/2019;04:00:00;2991.75;2993.75;2986.25;2990;66702
26/09/2019;08:00:00;2990;2990.5;2964.25;2975.75;680479
26/09/2019;12:00:00;2975.75;2988.5;2970.75;2979.5;435751
26/09/2019;16:00:00;2979.75;2983;2974;2976.25;20515
26/09/2019;20:00:00;2976.25;2978;2971.5;2976.25;37041
27/09/2019;00:00:00;2976.5;2988.75;2976;2987.75;56454
27/09/2019;04:00:00;2987.5;2993;2985;2988;67395
27/09/2019;08:00:00;2988;2989.75;2958.75;2958.75;768054
27/09/2019;12:00:00;2958.75;2969.25;2946.25;2968.5;649116
29/09/2019;16:00:00;2976;2980.25;2965.5;2971;29039
29/09/2019;20:00:00;2971;2978.25;2970.75;2973.5;30226
30/09/2019;00:00:00;2973.5;2978.75;2971.5;2976;64401
30/09/2019;04:00:00;2976.25;2977;2964.5;2965.5;80911
30/09/2019;08:00:00;2965.5;2984.25;2964.75;2983.25;426853
30/09/2019;12:00:00;2983.25;2986.25;2975.25;2984.5;462632
30/09/2019;16:00:00;2984;2988.75;2982.25;2987.75;22640
30/09/2019;20:00:00;2987.75;2992.25;2987.5;2989.75;21873
01/10/2019;00:00:00;2989.75;2994.5;2984.75;2987.25;51833
01/10/2019;04:00:00;2987.5;2989;2982.75;2987.25;70423
01/10/2019;08:00:00;2987;2994;2947.25;2949.5;817581
01/10/2019;12:00:00;2949.25;2950.5;2937;2942.5;566305
01/10/2019;16:00:00;2942.25;2949;2939.25;2944.75;28053
01/10/2019;20:00:00;2945;2946.5;2940.5;2943.75;26521
02/10/2019;00:00:00;2943.75;2945.75;2922;2924.25;91102
02/10/2019;04:00:00;2924.5;2927.75;2916.75;2920.5;130994
02/10/2019;08:00:00;2920.5;2924.25;2874;2877.5;1037563
02/10/2019;12:00:00;2877.25;2897.25;2875;2883.75;710146
02/10/2019;16:00:00;2883.75;2891;2882;2884;36444
02/10/2019;20:00:00;2884;2892.25;2884;2887;41385
03/10/2019;00:00:00;2887;2894.5;2881.25;2890.25;91916
03/10/2019;04:00:00;2890.25;2893;2878;2882.5;120924
03/10/2019;08:00:00;2882.5;2903;2855;2902;1200319
03/10/2019;12:00:00;2902;2912.5;2897.75;2911.25;448741
03/10/2019;16:00:00;2911.5;2912.25;2905.75;2907.5;21661
03/10/2019;20:00:00;2907.5;2910.5;2905.25;2910.25;24141
04/10/2019;00:00:00;2910.5;2918;2903.25;2904.75;93331
04/10/2019;04:00:00;2905;2921.25;2896.75;2919.5;176845
04/10/2019;08:00:00;2919.25;2938.5;2916.5;2936;680105
04/10/2019;12:00:00;2936.25;2953.25;2934.5;2950.75;427773
06/10/2019;16:00:00;2929.75;2942.75;2928;2936.5;39423
06/10/2019;20:00:00;2936.75;2940;2935;2939.75;20424
07/10/2019;00:00:00;2939.75;2943.25;2935;2935.75;57039
07/10/2019;04:00:00;2935.75;2946.75;2935.5;2942.75;68280
07/10/2019;08:00:00;2942.5;2955;2934.25;2950;461807
07/10/2019;12:00:00;2950;2959.5;2935;2935.75;572415
07/10/2019;16:00:00;2934.5;2943;2933.75;2942;20390
07/10/2019;20:00:00;2942;2949.5;2940.25;2947.25;32822
08/10/2019;00:00:00;2947.5;2950;2932.5;2934.75;88496
08/10/2019;04:00:00;2934.75;2936.25;2910.25;2918.5;201033
08/10/2019;08:00:00;2918.5;2921.75;2894.75;2909.5;808504
08/10/2019;12:00:00;2909.5;2924.75;2890.5;2893.5;650351
08/10/2019;16:00:00;2893.5;2900;2888.25;2898.75;30507
08/10/2019;20:00:00;2898.75;2903.25;2896.5;2898;31787
09/10/2019;00:00:00;2898;2908.25;2892;2906.25;90151
09/10/2019;04:00:00;2906.25;2934.25;2905.75;2915.5;184556
09/10/2019;08:00:00;2915.25;2919.75;2906.5;2919.5;466314
09/10/2019;12:00:00;2919.75;2929.5;2915.25;2920.5;444072
09/10/2019;16:00:00;2920.5;2923.5;2881.75;2895.75;194963
09/10/2019;20:00:00;2896;2923;2895.5;2913;87135
10/10/2019;00:00:00;2913.25;2920.5;2906.75;2915.75;87191
10/10/2019;04:00:00;2915.5;2923.25;2909;2916;82389
10/10/2019;08:00:00;2916;2948.25;2914;2938.75;625021
10/10/2019;12:00:00;2939;2954;2926.25;2949.5;452131
10/10/2019;16:00:00;2949;2957.5;2941.75;2945;37920
10/10/2019;20:00:00;2945;2954.25;2943;2953.5;31080
11/10/2019;00:00:00;2953.5;2966;2948;2966;81359
11/10/2019;04:00:00;2966;2974;2965.5;2968.25;110627
11/10/2019;08:00:00;2968.5;2994;2966;2982.75;743299
11/10/2019;12:00:00;2983;2992.75;2963.75;2970.25;640738
13/10/2019;16:00:00;2968;2982.5;2967.5;2976.5;31691
13/10/2019;20:00:00;2976.5;2980.5;2969;2976.5;32784
14/10/2019;00:00:00;2976.5;2977.25;2964.25;2969.75;56668
14/10/2019;04:00:00;2969.5;2970;2953.75;2963;112358
14/10/2019;08:00:00;2963;2972.5;2961;2967.25;339377
14/10/2019;12:00:00;2967;2971.25;2963.5;2966.25;224056
14/10/2019;16:00:00;2966.75;2974;2966.5;2970;21179
14/10/2019;20:00:00;2970.25;2974;2969.25;2973.5;22609
15/10/2019;00:00:00;2973.5;2982.5;2972.25;2977.25;67786
15/10/2019;04:00:00;2977.25;2980;2971.5;2974.25;84358
15/10/2019;08:00:00;2974.25;3002;2973.25;3000;575713
15/10/2019;12:00:00;3000;3003.25;2994.25;2996.5;358713
15/10/2019;16:00:00;2996.5;2997.75;2988.25;2991;34329
15/10/2019;20:00:00;2991;2993.5;2986.5;2988.5;36409
16/10/2019;00:00:00;2988.75;2995.75;2986.5;2989.25;65461
16/10/2019;04:00:00;2989;2997;2984.75;2992;111159
16/10/2019;08:00:00;2992;2997.5;2984.75;2988;480109
16/10/2019;12:00:00;2988;2993;2985.75;2992.25;362557
16/10/2019;16:00:00;2992.25;2992.75;2985.75;2989;18629
16/10/2019;20:00:00;2989.25;2992.75;2988.25;2990;21223
17/10/2019;00:00:00;2990.25;2997.5;2985.25;2994.25;50025
17/10/2019;04:00:00;2994.25;3006.75;2991.75;3001.25;148352
17/10/2019;08:00:00;3001.25;3008;2990.5;2998.25;528255
17/10/2019;12:00:00;2998.5;3002;2995.5;2998.25;288374
17/10/2019;16:00:00;2997.75;2998.25;2993.5;2995.75;20003
17/10/2019;20:00:00;2995.5;2999.25;2991.75;2993.75;30983
18/10/2019;00:00:00;2993.75;2997.25;2989;2996.25;54767
18/10/2019;04:00:00;2996;3001.25;2994.5;2997.75;60971
18/10/2019;08:00:00;2997.75;2999;2975;2983.75;661518
18/10/2019;12:00:00;2983.5;2994.5;2983.25;2989.25;426628
20/10/2019;16:00:00;2984.75;2995.5;2983.75;2994.75;24792
20/10/2019;20:00:00;2994.75;2997.25;2993.5;2994.75;19905
21/10/2019;00:00:00;2995;2997.5;2989.5;2993.5;46947
21/10/2019;04:00:00;2993.5;3002;2992.25;3000.25;63232
21/10/2019;08:00:00;3000.25;3004.75;2994.5;3003.75;421736
21/10/2019;12:00:00;3003.5;3007.5;3001;3006.5;273002
21/10/2019;16:00:00;3006.5;3013.5;3005;3011.5;15670
21/10/2019;20:00:00;3011.5;3014.25;3009.75;3012.5;15472
22/10/2019;00:00:00;3012.75;3012.75;3000.75;3003.25;46945
22/10/2019;04:00:00;3003.5;3012;3003;3010.5;67360
22/10/2019;08:00:00;3010.5;3014;3006.75;3013;441750
22/10/2019;12:00:00;3013;3013;2988.25;2990.25;510740
22/10/2019;16:00:00;2992;2994.25;2982;2988.75;39902
22/10/2019;20:00:00;2988.75;2989.75;2984.5;2988.75;29379
23/10/2019;00:00:00;2989;2995.25;2987.5;2992.75;56270
23/10/2019;04:00:00;2992.5;2997.5;2983.75;2991.5;97335
23/10/2019;08:00:00;2991.25;3002.5;2989.75;2998.25;459338
23/10/2019;12:00:00;2998;3006;2992.5;3006;339643
23/10/2019;16:00:00;3006;3010;3004.75;3005.5;18820
23/10/2019;20:00:00;3005.5;3007.5;3004;3005;16105
24/10/2019;00:00:00;3005;3012.25;3003;3008;63079
24/10/2019;04:00:00;3008;3013;3007.25;3011.5;57031
24/10/2019;08:00:00;3011.75;3015.25;2998.75;3005.75;586344
24/10/2019;12:00:00;3005.75;3011;3000.25;3002.75;289803
24/10/2019;16:00:00;3003.75;3006;3000;3004.5;18191
24/10/2019;20:00:00;3004.5;3005.75;3001;3004.75;18863
25/10/2019;00:00:00;3004.75;3009.75;3004;3005.5;37609
25/10/2019;04:00:00;3005.25;3008.25;3000.75;3002.5;43690
25/10/2019;08:00:00;3002.25;3026.5;3000;3022;557521
25/10/2019;12:00:00;3022.25;3023.75;3016.75;3019.75;377466
27/10/2019;16:00:00;3023;3026.25;3022.75;3024.75;16273
27/10/2019;20:00:00;3024.75;3026.25;3022.75;3026.25;17244
28/10/2019;00:00:00;3026.25;3029;3024;3025.5;36346
28/10/2019;04:00:00;3025.25;3034;3024.25;3033.25;60010
28/10/2019;08:00:00;3033.5;3042.75;3031.75;3036;506617
28/10/2019;12:00:00;3036.25;3041;3035;3037;358205
28/10/2019;16:00:00;3038.25;3040.75;3036.25;3039.75;19129
28/10/2019;20:00:00;3039.75;3040;3037.25;3038.25;15171
29/10/2019;00:00:00;3038.5;3038.75;3033.25;3035;31334
29/10/2019;04:00:00;3035;3035.75;3029.5;3035;63330
29/10/2019;08:00:00;3035;3046.25;3032.25;3041.75;551091
29/10/2019;12:00:00;3041.75;3043.75;3033;3036.25;318366
29/10/2019;16:00:00;3036.5;3037.5;3033.5;3034.5;14633
29/10/2019;20:00:00;3034.75;3035;3032;3033;17196
30/10/2019;00:00:00;3033.25;3036;3032.5;3033.75;23863
30/10/2019;04:00:00;3033.75;3038.75;3032.75;3037.75;48390
30/10/2019;08:00:00;3037.75;3039;3023.25;3032.5;459927
30/10/2019;12:00:00;3032.75;3055;3025;3050.5;573081
30/10/2019;16:00:00;3051.75;3052;3047.5;3049;21431
30/10/2019;20:00:00;3049.25;3049.25;3044.5;3048.25;26505
31/10/2019;00:00:00;3048.25;3051.25;3046.25;3049.25;39373
31/10/2019;04:00:00;3049;3050;3033.5;3042.5;176285
31/10/2019;08:00:00;3042.5;3046.25;3020.25;3024.5;806953
31/10/2019;12:00:00;3024.5;3038.5;3021;3035.5;610565
31/10/2019;16:00:00;3036;3037.5;3033;3036.5;17032
31/10/2019;20:00:00;3036.5;3043.5;3036.5;3043.25;30594
01/11/2019;00:00:00;3043.25;3044.75;3039.25;3040.75;43067
01/11/2019;04:00:00;3040.75;3049.75;3037.5;3048.25;98320
01/11/2019;08:00:00;3048.25;3062;3048;3056;596202
01/11/2019;12:00:00;3056.25;3065;3055.5;3063;429387
03/11/2019;16:00:00;3064.75;3069;3064.75;3068.25;22846
03/11/2019;20:00:00;3068.25;3071.75;3067.5;3069.75;16965
04/11/2019;00:00:00;3069.75;3076.75;3068.75;3076.25;57010
04/11/2019;04:00:00;3076.5;3083.75;3076.25;3081.5;84200
04/11/2019;08:00:00;3081.5;3083;3075.25;3078;555800
04/11/2019;12:00:00;3078.25;3079.5;3072.5;3075.75;370507
04/11/2019;16:00:00;3076.75;3085.75;3074;3079.25;45108
04/11/2019;20:00:00;3079.25;3083.25;3078.25;3080.25;30180
05/11/2019;00:00:00;3080.25;3084;3078.75;3083;46244
05/11/2019;04:00:00;3083;3085;3078.75;3083;61122
05/11/2019;08:00:00;3083.25;3084.25;3069.75;3075.75;609423
05/11/2019;12:00:00;3075.75;3078;3071;3071.25;295518
05/11/2019;16:00:00;3071.5;3073;3067.5;3069.75;27381
05/11/2019;20:00:00;3069.75;3072.75;3068.5;3072.5;15936
06/11/2019;00:00:00;3072.5;3075.75;3068;3069.5;37108
06/11/2019;04:00:00;3069.25;3077.25;3069;3075.75;56695
06/11/2019;08:00:00;3075.5;3077;3063;3067.25;572508
06/11/2019;12:00:00;3067.5;3078;3065.5;3076.75;330373
06/11/2019;16:00:00;3077.25;3077.75;3070.25;3071;25550
06/11/2019;20:00:00;3071;3073.75;3070.5;3073.5;18335
07/11/2019;00:00:00;3073.75;3092.5;3073.25;3089.5;115150
07/11/2019;04:00:00;3089.5;3090.75;3084.25;3086.25;68599
07/11/2019;08:00:00;3086.25;3097;3086;3093.25;614598
07/11/2019;12:00:00;3093.25;3093.5;3078.75;3085.75;465363
07/11/2019;16:00:00;3086.25;3090.5;3079.5;3080.5;45227
07/11/2019;20:00:00;3080.75;3081.25;3076.75;3079.5;29240
08/11/2019;00:00:00;3079.5;3085;3077.75;3082.5;42179
08/11/2019;04:00:00;3082.5;3088.25;3081;3083.25;67593
08/11/2019;08:00:00;3083;3086.5;3072.5;3085;526763
08/11/2019;12:00:00;3085;3092.5;3082.5;3092;312775
10/11/2019;16:00:00;3090.5;3092.25;3083.25;3084.25;31487
10/11/2019;20:00:00;3084;3084.75;3081;3082;26533
11/11/2019;00:00:00;3081.75;3083.25;3076.75;3080;63216
11/11/2019;04:00:00;3080;3080.75;3077;3078;64833
11/11/2019;08:00:00;3078;3085.5;3074.5;3085;386907
11/11/2019;12:00:00;3085;3088;3083;3087.5;236355
11/11/2019;16:00:00;3087.75;3088.25;3082.25;3082.5;23125
11/11/2019;20:00:00;3082.5;3091.5;3081.25;3090.75;23012
12/11/2019;00:00:00;3090.75;3094;3085.25;3087.25;52251
12/11/2019;04:00:00;3087.25;3091.75;3086.25;3087.75;43555
12/11/2019;08:00:00;3087.75;3102;3087.25;3095;529820
12/11/2019;12:00:00;3095.25;3097.75;3083;3090.5;391518
12/11/2019;16:00:00;3091.25;3091.75;3083;3083.5;34791
12/11/2019;20:00:00;3083.5;3085.25;3081.75;3084;28878
13/11/2019;00:00:00;3084;3088;3075.75;3077.25;67547
13/11/2019;04:00:00;3077.25;3083.75;3077;3083.25;62768
13/11/2019;08:00:00;3083.25;3095.75;3078;3095;521410
13/11/2019;12:00:00;3094.75;3097;3085.5;3096.25;489823
13/11/2019;16:00:00;3096.25;3099.75;3091.5;3097.5;31997
13/11/2019;20:00:00;3097.5;3097.5;3088.25;3093;44184
14/11/2019;00:00:00;3092.75;3093.5;3087.5;3090.5;61117
14/11/2019;04:00:00;3090.75;3096.75;3087.25;3089;61886
14/11/2019;08:00:00;3089.25;3095.5;3081.75;3091.25;490316
14/11/2019;12:00:00;3091;3098.25;3083.25;3097.5;349306
14/11/2019;16:00:00;3097;3109.25;3095.75;3107.25;64523
14/11/2019;20:00:00;3107;3111.5;3106.5;3107.5;33630
15/11/2019;00:00:00;3107.5;3108.5;3103.5;3106.75;49684
15/11/2019;04:00:00;3106.5;3107.75;3102.5;3107.5;73422
15/11/2019;08:00:00;3107.25;3115.5;3103.25;3113.5;531636
15/11/2019;12:00:00;3113.5;3119.5;3111.5;3119;421726
17/11/2019;16:00:00;3119;3119.25;3113.75;3117.25;32173
17/11/2019;20:00:00;3117.5;3118.75;3116;3118.5;22238
18/11/2019;00:00:00;3118.75;3127.75;3118.25;3123;72557
18/11/2019;04:00:00;3123;3125.5;3113.5;3117;95348
18/11/2019;08:00:00;3117;3120.75;3111;3119.75;481770
18/11/2019;12:00:00;3119.75;3123.5;3117.25;3121.5;267967
18/11/2019;16:00:00;3121.5;3123;3115.75;3121.5;28653
18/11/2019;20:00:00;3121.75;3125;3121;3124;22920
19/11/2019;00:00:00;3124;3132;3123.25;3131.75;69946
19/11/2019;04:00:00;3131.75;3132.5;3127;3127.75;71102
19/11/2019;08:00:00;3127.5;3129.5;3112.75;3119.5;610063
19/11/2019;12:00:00;3119.75;3124.5;3116.75;3117;311212
19/11/2019;16:00:00;3116.5;3116.75;3108.25;3109.25;57391
19/11/2019;20:00:00;3109.5;3115;3108.5;3114;35358
20/11/2019;00:00:00;3114;3116;3104.5;3108.75;95022
20/11/2019;04:00:00;3108.75;3112.75;3104.5;3108.75;85874
20/11/2019;08:00:00;3109;3118.5;3095.5;3101.75;565708
20/11/2019;12:00:00;3102;3109.75;3090.75;3108.75;769266
20/11/2019;16:00:00;3097.25;3103.75;3091.25;3093;83144
20/11/2019;20:00:00;3093;3107.5;3092.75;3104;83396
21/11/2019;00:00:00;3104;3108;3098.25;3104;80161
21/11/2019;04:00:00;3104;3114.5;3103.75;3109.5;140640
21/11/2019;08:00:00;3109.75;3111;3093.5;3104.75;638089
21/11/2019;12:00:00;3104.75;3108;3098.5;3103.75;335026
21/11/2019;16:00:00;3104;3109.5;3100.5;3109.25;29354
21/11/2019;20:00:00;3109.25;3109.5;3106.5;3106.75;17769
22/11/2019;00:00:00;3107;3114.5;3106;3110;72786
22/11/2019;04:00:00;3110;3111.75;3105.25;3110.25;81910
22/11/2019;08:00:00;3110.25;3111.75;3097.75;3108;459354
22/11/2019;12:00:00;3108.25;3112;3105.25;3112;267751
24/11/2019;16:00:00;3119;3121.25;3116.5;3120.25;31140
24/11/2019;20:00:00;3120.25;3120.75;3117.75;3120.25;18073
25/11/2019;00:00:00;3120.25;3120.75;3117.75;3119.5;37988
25/11/2019;04:00:00;3119.5;3121;3116.75;3120.5;46096
25/11/2019;08:00:00;3120.75;3131;3119;3128.75;403518
25/11/2019;12:00:00;3128.75;3133.5;3128;3131.5;321951
25/11/2019;16:00:00;3131.25;3145;3130.25;3139.5;61121
25/11/2019;20:00:00;3139.75;3140;3133;3133.25;44270
26/11/2019;00:00:00;3133.25;3134.5;3128;3130.75;48567
26/11/2019;04:00:00;3130.5;3135.25;3129.5;3133.5;46493
26/11/2019;08:00:00;3133.5;3141;3129.75;3139.5;439817
26/11/2019;12:00:00;3139.75;3144.5;3134;3144;379687
26/11/2019;16:00:00;3143.75;3145.75;3141.75;3143;27463
26/11/2019;20:00:00;3143.25;3146.5;3142.75;3144.75;16799
27/11/2019;00:00:00;3144.5;3150;3144.25;3149.5;51145
27/11/2019;04:00:00;3149.25;3150.25;3145.75;3146;53115
27/11/2019;08:00:00;3145.75;3149;3142.25;3148.25;390775
27/11/2019;12:00:00;3148.5;3155;3148;3154.5;339015
27/11/2019;16:00:00;3154.75;3155;3141;3146.25;49004
27/11/2019;20:00:00;3146.25;3146.5;3144;3144.25;15396
28/11/2019;00:00:00;3144.5;3146.75;3142.75;3144.75;24804
28/11/2019;04:00:00;3144.5;3149.5;3144.25;3147.5;24342
28/11/2019;08:00:00;3147.25;3151;3146.25;3150.25;27111
28/11/2019;16:00:00;3150;3151.75;3145.75;3146.25;21266
28/11/2019;20:00:00;3146.25;3148;3142.5;3143.5;24232
29/11/2019;00:00:00;3143.75;3148.5;3141.75;3147;52573
29/11/2019;04:00:00;3147;3149.5;3145.75;3147.75;42178
29/11/2019;08:00:00;3147.75;3150.25;3139.5;3142;508058
29/11/2019;12:00:00;3142;3145;3141.5;3143.75;59974
01/12/2019;16:00:00;3146.25;3153.75;3144.25;3152.5;50572
01/12/2019;20:00:00;3152.5;3154.75;3152.25;3153;22899
02/12/2019;00:00:00;3153.25;3158;3150.25;3154.75;59179
02/12/2019;04:00:00;3155;3156.75;3143.5;3146.25;103116
02/12/2019;08:00:00;3146.25;3147.25;3110.25;3113;1092589
02/12/2019;12:00:00;3112.75;3124.5;3112.5;3113;521989
02/12/2019;16:00:00;3114.25;3118.5;3108;3116.5;57427
02/12/2019;20:00:00;3116.25;3121.75;3115.75;3120.75;34999
03/12/2019;00:00:00;3121;3121.25;3115.25;3118.5;59121
03/12/2019;04:00:00;3118.5;3120;3086.75;3088;243003
03/12/2019;08:00:00;3088;3088.5;3069.5;3082.75;1148852
03/12/2019;12:00:00;3082.5;3094.75;3081.5;3091.75;526248
03/12/2019;16:00:00;3091.75;3096.25;3088;3091;53639
03/12/2019;20:00:00;3090.75;3094.5;3090;3093;51668
04/12/2019;00:00:00;3093;3108.5;3081.75;3106.75;218242
04/12/2019;04:00:00;3106.75;3107.5;3101;3104.25;117588
04/12/2019;08:00:00;3104.25;3118;3101.25;3115;617001
04/12/2019;12:00:00;3115.25;3119.5;3108.25;3110.75;365398
04/12/2019;16:00:00;3111;3115.25;3107.25;3110;45361
04/12/2019;20:00:00;3110.25;3112;3108.25;3109.75;25121
05/12/2019;00:00:00;3109.75;3119.25;3109.25;3119;75451
05/12/2019;04:00:00;3118.75;3124.75;3117.25;3119.75;88356
05/12/2019;08:00:00;3120;3120.25;3103.25;3110.25;629044
05/12/2019;12:00:00;3110;3119.5;3108.5;3118;392354
05/12/2019;16:00:00;3117.75;3123.25;3117;3121.75;30282
05/12/2019;20:00:00;3122;3122.75;3119.25;3120.5;16412
06/12/2019;00:00:00;3120.25;3127.5;3120.25;3125.5;59465
06/12/2019;04:00:00;3125.5;3139;3120.25;3137.25;137774
06/12/2019;08:00:00;3137.25;3150.75;3136.5;3150;605215
06/12/2019;12:00:00;3150;3151;3144.25;3146.5;359338
08/12/2019;16:00:00;3146.5;3148.5;3139.5;3140.25;37881
08/12/2019;20:00:00;3140.25;3143.25;3140;3141.25;21115
09/12/2019;00:00:00;3141.25;3145.5;3140;3143.25;47558
09/12/2019;04:00:00;3143;3145.5;3140.75;3142.75;43537
09/12/2019;08:00:00;3142.5;3149.5;3140.75;3143;448551
09/12/2019;12:00:00;3142.75;3143.5;3131.25;3133;443321
09/12/2019;16:00:00;3133.5;3136.5;3132.25;3134;37836
09/12/2019;20:00:00;3134;3138.5;3134;3136.75;24795
10/12/2019;00:00:00;3136.75;3138.75;3121.5;3123.5;89552
10/12/2019;04:00:00;3123.5;3142;3116.25;3137.75;214414
10/12/2019;08:00:00;3137.75;3143;3125.5;3136.75;645813
10/12/2019;12:00:00;3137;3139.25;3127.75;3137;316901
10/12/2019;16:00:00;3135.5;3138.25;3129.5;3131.5;29757
10/12/2019;20:00:00;3131.5;3136;3131;3135.75;16578
11/12/2019;00:00:00;3135.75;3143.5;3131.25;3134.25;72647
11/12/2019;04:00:00;3134.5;3141.25;3132.5;3140.25;63389
11/12/2019;08:00:00;3140.25;3143;3133.75;3135.5;417815
11/12/2019;12:00:00;3135.5;3144.5;3133.5;3144.25;440205
11/12/2019;16:00:00;3144;3147.25;3142.75;3146.75;27572
11/12/2019;20:00:00;3146.75;3147.75;3145;3145;17787
12/12/2019;00:00:00;3145.25;3153.5;3145;3152;12645
12/12/2019;04:00:00;3152;3152.75;3140.25;3144;23604
12/12/2019;08:00:00;3144;3180.25;3141.75;3160;230688
12/12/2019;12:00:00;3160;3177;3157.75;3172.5;111660
12/12/2019;16:00:00;3178.25;3186;3177.75;3184.25;38870
12/12/2019;20:00:00;3184;3187.75;3182;3183.25;26616
13/12/2019;00:00:00;3183.25;3186;3181;3185;65140
13/12/2019;04:00:00;3185;3188.25;3165.75;3180;113102
13/12/2019;08:00:00;3179.75;3186.75;3159.75;3175;832929
13/12/2019;12:00:00;3175;3175.75;3170.75;3175.5;288423
15/12/2019;16:00:00;3179.5;3182.5;3177;3182;22391
15/12/2019;20:00:00;3182;3185;3182;3183;17133
16/12/2019;00:00:00;3183;3187;3181.75;3185.5;55712
16/12/2019;04:00:00;3185.5;3193;3183.5;3192.25;63998
16/12/2019;08:00:00;3192.5;3202.25;3191.75;3200.75;488047
16/12/2019;12:00:00;3200.75;3202.5;3195.25;3197.75;330480
16/12/2019;16:00:00;3196.5;3197.75;3193;3194.75;23467
16/12/2019;20:00:00;3194.75;3201;3193.5;3200.75;19830
17/12/2019;00:00:00;3200.75;3202.25;3195;3197;38730
17/12/2019;04:00:00;3197;3203.5;3192;3201.25;61687
17/12/2019;08:00:00;3201;3203.5;3196;3200.5;449382
17/12/2019;12:00:00;3200.75;3200.75;3192.75;3193.5;335382
17/12/2019;16:00:00;3192.5;3196.5;3192.5;3195.25;14154
17/12/2019;20:00:00;3195.5;3196.25;3193.75;3195;14035
18/12/2019;00:00:00;3195;3199;3192;3198.25;39595
18/12/2019;04:00:00;3198.25;3199;3194.25;3196.25;37657
18/12/2019;08:00:00;3196.25;3203;3195.5;3198.5;404954
18/12/2019;12:00:00;3198.5;3201.25;3196;3199.25;320112
18/12/2019;16:00:00;3199.5;3201.75;3197.25;3198;23932
18/12/2019;20:00:00;3198;3198.75;3196.5;3198.25;16971
19/12/2019;00:00:00;3198.5;3201.5;3195.75;3201.5;42491
19/12/2019;04:00:00;3201.5;3201.75;3194.5;3196.25;55412
19/12/2019;08:00:00;3196.25;3208.25;3195.75;3206;392498
19/12/2019;12:00:00;3206;3213.75;3205;3212.75;332167
19/12/2019;16:00:00;3213.5;3213.75;3210.25;3212;24841
19/12/2019;20:00:00;3212.25;3212.25;3210.25;3210.5;17937
20/12/2019;00:00:00;3210.75;3211.75;3208.5;3209.25;45354
20/12/2019;04:00:00;3209.5;3216;3209.25;3215.5;76250
20/12/2019;08:00:00;3215.5;3228.75;3215.25;3226.75;563930
20/12/2019;12:00:00;3226.5;3229.5;3222.75;3224.5;464489
22/12/2019;16:00:00;3227;3229;3224.75;3228.5;19864
22/12/2019;20:00:00;3228.25;3228.75;3227.25;3228;10441
23/12/2019;00:00:00;3228;3228.75;3226.25;3228.25;26683
23/12/2019;04:00:00;3228;3234.25;3227.75;3231;38967
23/12/2019;08:00:00;3231.25;3231.5;3226.5;3227.75;286555
23/12/2019;12:00:00;3227.75;3229.25;3224.25;3228;218562
23/12/2019;16:00:00;3228.25;3229.25;3226;3226.75;10460
23/12/2019;20:00:00;3226.75;3228.5;3226;3228.5;7374
24/12/2019;00:00:00;3228.5;3229.75;3227.25;3229;8563
24/12/2019;04:00:00;3229;3231.25;3228;3228.75;16257
24/12/2019;08:00:00;3228.75;3229;3222.5;3226.25;216531
24/12/2019;12:00:00;3226;3226.75;3225;3226.5;21135
25/12/2019;16:00:00;3227.5;3231;3227;3229.5;12490
25/12/2019;20:00:00;3229.5;3230.5;3229.5;3230;5069
26/12/2019;00:00:00;3230;3231.25;3229.25;3230.75;6805
26/12/2019;04:00:00;3230.75;3233;3229.5;3230.5;11533
26/12/2019;08:00:00;3230.5;3238;3229;3235.25;181207
26/12/2019;12:00:00;3235;3244.75;3233.25;3242.25;226626
26/12/2019;16:00:00;3242;3249;3241.5;3248.75;22197
26/12/2019;20:00:00;3248.5;3250;3248;3248.5;16892
27/12/2019;00:00:00;3248.75;3252;3247.75;3249.5;42358
27/12/2019;04:00:00;3249.5;3254;3249.25;3250.75;47897
27/12/2019;08:00:00;3250.75;3251.5;3238;3245;442724
27/12/2019;12:00:00;3245;3245.75;3235.5;3236.5;361387
29/12/2019;16:00:00;3238.25;3243.5;3238;3243.25;24802
29/12/2019;20:00:00;3243.25;3244.25;3242;3242.5;13074
30/12/2019;00:00:00;3242.5;3244.25;3240.75;3241.25;33201
30/12/2019;04:00:00;3241.5;3242.5;3236.5;3242;42626
30/12/2019;08:00:00;3242.25;3243.5;3217.25;3230;609830
30/12/2019;12:00:00;3229.75;3230.75;3218.5;3223.25;360067
30/12/2019;16:00:00;3223.25;3228.25;3221.75;3226.75;12989
30/12/2019;20:00:00;3226.75;3228.25;3226.5;3227;9566
31/12/2019;00:00:00;3227.25;3227.75;3223;3225.75;13993
31/12/2019;04:00:00;3225.5;3228;3216.75;3217.75;53904
31/12/2019;08:00:00;3217.5;3226.75;3213;3218.25;477141
31/12/2019;12:00:00;3218;3236.25;3218;3236;532205
01/01/2020;16:00:00;3237;3240.75;3234.25;3238.5;33510
01/01/2020;20:00:00;3238.5;3241;3238;3240.25;13746
02/01/2020;00:00:00;3240.25;3249.75;3239.25;3249.25;66615
02/01/2020;04:00:00;3249.25;3251.75;3247.25;3251;56072
02/01/2020;08:00:00;3251.25;3251.5;3235.5;3243.75;694612
02/01/2020;12:00:00;3244;3261.75;3239.75;3261.5;490119
02/01/2020;16:00:00;3261;3263.5;3252.25;3253.25;31531
02/01/2020;20:00:00;3253.25;3254.5;3230.5;3233;124804
03/01/2020;00:00:00;3233.25;3235;3220.5;3223.25;114434
03/01/2020;04:00:00;3223.25;3232;3206.75;3227.25;161682
03/01/2020;08:00:00;3227.25;3246.25;3220.25;3243.75;693619
03/01/2020;12:00:00;3243.75;3245.25;3233;3235.5;547104
05/01/2020;16:00:00;3220.25;3225.25;3216.25;3220.25;76930
05/01/2020;20:00:00;3220;3230;3219.25;3226.75;44514
06/01/2020;00:00:00;3226.5;3228.75;3208.75;3214;127572
06/01/2020;04:00:00;3214.25;3222.75;3213;3218;86666
06/01/2020;08:00:00;3218;3235.5;3213.25;3233.75;610173
06/01/2020;12:00:00;3233.75;3249.5;3233.25;3242.75;506227
06/01/2020;16:00:00;3243.5;3249.5;3241.75;3248.5;36126
06/01/2020;20:00:00;3248.5;3253.5;3248;3250;33768
07/01/2020;00:00:00;3250;3254.5;3243;3248.5;96026
07/01/2020;04:00:00;3248.25;3250.25;3238.75;3239.25;78144
07/01/2020;08:00:00;3239.5;3244.75;3231.75;3238.5;641290
07/01/2020;12:00:00;3238.25;3243;3226;3233;333460
07/01/2020;16:00:00;3231.75;3233.75;3181;3205.75;396902
07/01/2020;20:00:00;3205.5;3230;3204.5;3223.25;183387
08/01/2020;00:00:00;3223.25;3235.25;3222.5;3232.25;112996
08/01/2020;04:00:00;3232.25;3246.25;3231.25;3240;155836
08/01/2020;08:00:00;3239.75;3262;3236;3258.75;817162
08/01/2020;12:00:00;3258.75;3267.75;3252;3259.75;543646
08/01/2020;16:00:00;3261.25;3265.75;3259;3264;33759
08/01/2020;20:00:00;3264;3267;3257.75;3265.5;24742
09/01/2020;00:00:00;3265.5;3274;3264;3270.5;68531
09/01/2020;04:00:00;3270.75;3273;3267.25;3270.75;74391
09/01/2020;08:00:00;3270.75;3275.25;3264.25;3269.5;597741
09/01/2020;12:00:00;3269.75;3276.75;3266.5;3275.25;417152
09/01/2020;16:00:00;3275.5;3283.25;3275.25;3281.75;39189
09/01/2020;20:00:00;3281.5;3284.5;3280.5;3284.25;18537
10/01/2020;00:00:00;3284.5;3285.25;3279.5;3283.5;49113
10/01/2020;04:00:00;3283.5;3287;3277.5;3281.75;103465
10/01/2020;08:00:00;3281.75;3283.75;3268.5;3274;727201
10/01/2020;12:00:00;3274.25;3278;3260.75;3263.5;507279
12/01/2020;16:00:00;3265.75;3274;3265.5;3271.25;28810
12/01/2020;20:00:00;3271;3274.75;3270.25;3273.75;12698
13/01/2020;00:00:00;3274;3278.25;3272.5;3278;42637
13/01/2020;04:00:00;3278;3278.25;3271.25;3274.5;62340
13/01/2020;08:00:00;3274.5;3284.5;3268;3282;498611
13/01/2020;12:00:00;3282.25;3291;3280.25;3289;314955
13/01/2020;16:00:00;3289.25;3296.75;3288.75;3292.75;38822
13/01/2020;20:00:00;3293;3293.75;3287.5;3288.25;27852
14/01/2020;00:00:00;3288.25;3292.5;3275.25;3291;95663
14/01/2020;04:00:00;3290.75;3291.75;3281.25;3288.5;103454
14/01/2020;08:00:00;3288.5;3293;3279;3291.75;608036
14/01/2020;12:00:00;3291.5;3295;3277.25;3287.75;759429
14/01/2020;16:00:00;3287.75;3288.25;3277.75;3284;42597
14/01/2020;20:00:00;3283.75;3284.5;3278.25;3282;30448
15/01/2020;00:00:00;3282;3286.5;3280.75;3283;47495
15/01/2020;04:00:00;3283;3288.5;3279;3280;75924
15/01/2020;08:00:00;3280;3299;3279;3290.5;662028
15/01/2020;12:00:00;3290.5;3295.5;3281.25;3294.25;552786
15/01/2020;16:00:00;3294.25;3300;3294;3297;33691
15/01/2020;20:00:00;3296.75;3300;3294.75;3299.75;24749
16/01/2020;00:00:00;3299.75;3308;3297.75;3302.75;81285
16/01/2020;04:00:00;3302.75;3305.75;3301;3304;76885
16/01/2020;08:00:00;3304.25;3308.75;3302.75;3307.5;630816
16/01/2020;12:00:00;3307.25;3318;3306.5;3317.25;446761
16/01/2020;16:00:00;3316.75;3323.25;3316;3318.25;35596
16/01/2020;20:00:00;3318.5;3320.5;3317.25;3318.75;19939
17/01/2020;00:00:00;3319;3325.25;3317.75;3324.25;54243
17/01/2020;04:00:00;3324.25;3328.75;3322.5;3325.25;99967
17/01/2020;08:00:00;3325.25;3327;3319;3323.5;581285
17/01/2020;12:00:00;3323.5;3330.25;3321.25;3323.75;416958
19/01/2020;16:00:00;3325;3328.5;3323.25;3326.75;18198
19/01/2020;20:00:00;3326.75;3327.5;3325;3325.25;9253
20/01/2020;00:00:00;3325.5;3327;3318.5;3320.75;32678
20/01/2020;04:00:00;3321;3323.5;3319.25;3321;20817
20/01/2020;08:00:00;3320.75;3325.75;3320.25;3325.25;34822
20/01/2020;16:00:00;3325.5;3326;3311.25;3312.75;45951
20/01/2020;20:00:00;3312.5;3314.5;3308.75;3311;41538
21/01/2020;00:00:00;3311.25;3316.25;3307.25;3311.5;91237
21/01/2020;04:00:00;3311.5;3316.75;3310.25;3314;66915
21/01/2020;08:00:00;3313.75;3329.75;3313.75;3328.25;576734
21/01/2020;12:00:00;3328.25;3329;3316.25;3320.25;546676
21/01/2020;16:00:00;3321.25;3326.75;3319.25;3324.25;43605
21/01/2020;20:00:00;3324;3336.5;3324;3335.25;59866
22/01/2020;00:00:00;3335.25;3336.25;3329.75;3331.75;65692
22/01/2020;04:00:00;3331.75;3335;3330.25;3331.5;67469
22/01/2020;08:00:00;3331.5;3337.5;3324.25;3329.25;704288
22/01/2020;12:00:00;3329.5;3331.75;3315.25;3317.25;517314
22/01/2020;16:00:00;3317.25;3320.5;3313;3319.5;59816
22/01/2020;20:00:00;3319.5;3321.25;3312.25;3313.25;42289
23/01/2020;00:00:00;3313.25;3320.75;3312;3317.75;64896
23/01/2020;04:00:00;3317.5;3321.25;3313;3313.75;81100
23/01/2020;08:00:00;3313.75;3315.75;3301.25;3310;869029
23/01/2020;12:00:00;3310;3327;3309;3326;537731
23/01/2020;16:00:00;3326.5;3332;3325;3327.25;35835
23/01/2020;20:00:00;3327.25;3330.5;3326;3330;15530
24/01/2020;00:00:00;3330;3337;3327.25;3333;67359
24/01/2020;04:00:00;3333;3335.25;3331.25;3332;66468
24/01/2020;08:00:00;3332.25;3333.75;3293.75;3304.75;1206206
24/01/2020;12:00:00;3304.75;3305.25;3280.5;3291;1024304
26/01/2020;16:00:00;3269.75;3269.75;3252.25;3266.25;163175
26/01/2020;20:00:00;3266.25;3266.5;3257.75;3259.25;52820
27/01/2020;00:00:00;3259.5;3266.5;3249.25;3253.25;137786
27/01/2020;04:00:00;3253;3253;3235.75;3243;261841
27/01/2020;08:00:00;3242.75;3257.75;3233;3253.25;1156695
27/01/2020;12:00:00;3253.5;3257.25;3237.5;3240.75;723544
27/01/2020;16:00:00;3239.5;3253.75;3238.75;3250;62041
27/01/2020;20:00:00;3250;3260;3245.5;3258.75;51695
28/01/2020;00:00:00;3258.75;3263.75;3244.75;3248.25;132511
28/01/2020;04:00:00;3248.5;3262.75;3241.75;3258.75;176779
28/01/2020;08:00:00;3258.75;3281.25;3251.75;3277.75;845464
28/01/2020;12:00:00;3277.5;3285;3272.75;3283;558064
28/01/2020;16:00:00;3281.75;3289;3273;3285.75;75204
28/01/2020;20:00:00;3286;3290.75;3285;3286.75;32590
29/01/2020;00:00:00;3286.75;3290;3281.25;3283;74655
29/01/2020;04:00:00;3283;3291.75;3282.5;3286;107153
29/01/2020;08:00:00;3286;3291.25;3270.25;3284.5;711859
29/01/2020;12:00:00;3284.75;3292.75;3265.25;3270.75;611955
29/01/2020;16:00:00;3271.5;3277.5;3263.5;3265.25;61789
29/01/2020;20:00:00;3265.25;3266;3250;3254.25;93641
30/01/2020;00:00:00;3254.5;3258.75;3239.75;3253.5;172599
30/01/2020;04:00:00;3253.5;3256.75;3242.75;3251.5;171473
30/01/2020;08:00:00;3251.5;3264.75;3241;3248.25;989453
30/01/2020;12:00:00;3248.25;3295.25;3246;3294.25;866839
30/01/2020;16:00:00;3292;3297.5;3284.75;3288;75732
30/01/2020;20:00:00;3288;3296.5;3287.75;3290.25;41426
31/01/2020;00:00:00;3290.25;3290.5;3274.75;3277.75;107759
31/01/2020;04:00:00;3277.5;3280.5;3265.75;3276.75;197025
31/01/2020;08:00:00;3276.75;3280;3226.25;3232.25;1431252
31/01/2020;12:00:00;3232;3237.75;3212.75;3227;1175941
02/02/2020;16:00:00;3222.75;3249;3222;3248.5;156554
02/02/2020;20:00:00;3248.25;3250.5;3240;3247.5;80207
03/02/2020;00:00:00;3247.5;3248;3233.25;3234.25;133873
03/02/2020;04:00:00;3234.25;3247.75;3232.75;3241.75;128958
03/02/2020;08:00:00;3241.75;3267.25;3237.75;3253.75;854262
03/02/2020;12:00:00;3253.75;3255.25;3242.25;3245;509161
03/02/2020;16:00:00;3244.25;3259;3236;3257.75;71299
03/02/2020;20:00:00;3257.75;3268.75;3253;3266.5;77572
04/02/2020;00:00:00;3266.75;3284.75;3263.75;3283.5;121051
04/02/2020;04:00:00;3283.5;3289.75;3278;3289;142046
04/02/2020;08:00:00;3289;3304.5;3282.25;3302.75;771013
04/02/2020;12:00:00;3302.75;3305.25;3294;3300.25;460798
04/02/2020;16:00:00;3300.25;3300.75;3288.25;3297.5;65312
04/02/2020;20:00:00;3297.5;3297.5;3289;3290.75;42031
05/02/2020;00:00:00;3290.75;3331.25;3290.25;3328.75;225507
05/02/2020;04:00:00;3328.75;3330.5;3319.5;3328;218349
05/02/2020;08:00:00;3328.25;3329.25;3311.75;3324.5;856133
05/02/2020;12:00:00;3324.5;3338;3321.25;3335.5;575540
05/02/2020;16:00:00;3337;3347;3332.5;3341;68581
05/02/2020;20:00:00;3341.25;3355.5;3341;3353.5;79311
06/02/2020;00:00:00;3353.75;3357.75;3342;3343.75;105939
06/02/2020;04:00:00;3343.75;3349.75;3340.5;3344.75;115975
06/02/2020;08:00:00;3345;3346.5;3332.75;3345.5;688050
06/02/2020;12:00:00;3345.5;3348.25;3339.5;3348;367380
06/02/2020;16:00:00;3349;3350;3336.25;3339.75;63451
06/02/2020;20:00:00;3340;3344.5;3337.75;3340.5;39168
07/02/2020;00:00:00;3340.5;3347.75;3334.75;3335.5;81339
07/02/2020;04:00:00;3335.5;3345;3327.5;3333.25;194363
07/02/2020;08:00:00;3333.25;3341.25;3324;3336.5;676738
07/02/2020;12:00:00;3336.5;3336.75;3320.75;3323;569410
09/02/2020;16:00:00;3322.25;3329.25;3303.5;3324.5;120824
09/02/2020;20:00:00;3324.5;3334.5;3323.75;3328.25;58536
10/02/2020;00:00:00;3328.25;3332.75;3318.75;3322.25;99072
10/02/2020;04:00:00;3322.25;3329.75;3319.25;3321;100327
10/02/2020;08:00:00;3321.25;3341.75;3314.75;3334.75;575035
10/02/2020;12:00:00;3335;3353.5;3334.25;3352.25;382970
10/02/2020;16:00:00;3351;3362.5;3349.25;3362;48146
10/02/2020;20:00:00;3362;3364.75;3360.75;3363.5;29343
11/02/2020;00:00:00;3363.75;3364.25;3355.25;3359.25;70404
11/02/2020;04:00:00;3359.25;3365.5;3358.75;3364.5;84869
11/02/2020;08:00:00;3364.25;3374.5;3359.25;3367.25;692589
11/02/2020;12:00:00;3367.25;3369.25;3351.75;3359.25;517809
11/02/2020;16:00:00;3360.5;3362.75;3355.5;3360;40876
11/02/2020;20:00:00;3359.75;3366.5;3358.5;3365.75;28233
12/02/2020;00:00:00;3365.5;3372.75;3363.5;3368.5;68972
12/02/2020;04:00:00;3368.5;3372.5;3367.5;3371;66027
12/02/2020;08:00:00;3371;3377;3368.5;3374.25;576132
12/02/2020;12:00:00;3374.5;3381.5;3369.5;3380.5;399386
12/02/2020;16:00:00;3381.25;3382.5;3363.75;3370.25;109581
12/02/2020;20:00:00;3370.5;3372.75;3367;3369;36647
13/02/2020;00:00:00;3369;3370;3354;3356.75;101849
13/02/2020;04:00:00;3356.5;3365.75;3348.5;3364.25;200237
13/02/2020;08:00:00;3364.25;3380.75;3359;3375.5;732556
13/02/2020;12:00:00;3375.5;3384.75;3371.25;3378.75;542277
13/02/2020;16:00:00;3379.5;3380.75;3372;3380;51590
13/02/2020;20:00:00;3380.25;3388.5;3378;3383.75;45023
14/02/2020;00:00:00;3383.75;3385.75;3378.25;3381.25;47469
14/02/2020;04:00:00;3381.25;3386.5;3375.75;3378.5;87307
14/02/2020;08:00:00;3378.5;3380.75;3370;3371.5;531054
14/02/2020;12:00:00;3371.5;3382.25;3365.25;3380.5;510319
16/02/2020;16:00:00;3382.25;3389.75;3382;3388;41505
16/02/2020;20:00:00;3388;3390;3386.75;3389.5;18485
17/02/2020;00:00:00;3389.5;3392.5;3386.75;3389.5;31574
17/02/2020;04:00:00;3389.5;3390.5;3385.75;3387;23794
17/02/2020;08:00:00;3387;3389.75;3385.75;3388;27750
17/02/2020;16:00:00;3378.25;3378.75;3370.75;3373;64110
17/02/2020;20:00:00;3372.75;3374;3367.25;3371.75;46691
18/02/2020;00:00:00;3371.75;3372.5;3361.25;3364.25;92791
18/02/2020;04:00:00;3364.25;3370.5;3362.5;3367.5;107024
18/02/2020;08:00:00;3367.5;3374.5;3355.25;3364.75;784413
18/02/2020;12:00:00;3364.75;3375;3362.5;3370.75;436849
18/02/2020;16:00:00;3372;3379.75;3370.75;3376.75;41223
18/02/2020;20:00:00;3377;3382;3376.25;3378.75;34227
19/02/2020;00:00:00;3378.75;3380.75;3374;3376.5;63019
19/02/2020;04:00:00;3376.5;3380.75;3375;3380;73594
19/02/2020;08:00:00;3380.25;3392.25;3377.75;3390.5;533410
19/02/2020;12:00:00;3390.5;3393.75;3385.25;3388.25;356606
19/02/2020;16:00:00;3391.75;3397.5;3388.5;3388.5;56552
19/02/2020;20:00:00;3388.5;3390;3376.5;3383.75;76383
20/02/2020;00:00:00;3383.75;3391.25;3380;3385;109278
20/02/2020;04:00:00;3385;3386.5;3375.25;3378.75;106688
20/02/2020;08:00:00;3378.75;3389;3339.25;3359.25;1099211
20/02/2020;12:00:00;3359.5;3375;3357.25;3367.5;582944
20/02/2020;16:00:00;3367;3369.25;3353.25;3360.5;85102
20/02/2020;20:00:00;3360.75;3360.75;3352.25;3354;55252
21/02/2020;00:00:00;3354;3359.25;3345;3352.5;162375
21/02/2020;04:00:00;3352.5;3362.25;3352.25;3355.25;148994
21/02/2020;08:00:00;3355.5;3360.75;3332;3341.75;1027325
21/02/2020;12:00:00;3341.5;3344.75;3328;3338.25;734750
23/02/2020;16:00:00;3309;3312;3289.5;3298;180138
23/02/2020;20:00:00;3298;3299.75;3285.5;3290.75;98329
24/02/2020;00:00:00;3290.5;3293.5;3242.5;3260.5;378670
24/02/2020;04:00:00;3260.25;3266;3241.75;3246.25;318531
24/02/2020;08:00:00;3246.25;3260;3223;3225;1373076
24/02/2020;12:00:00;3225;3253.25;3213.75;3227;1113204
24/02/2020;16:00:00;3223;3259.5;3214.25;3253;138291
24/02/2020;20:00:00;3253;3256.75;3245.25;3254.5;79587
25/02/2020;00:00:00;3254.25;3258;3234.25;3234.75;185991
25/02/2020;04:00:00;3235;3245.75;3220.25;3241.5;302935
25/02/2020;08:00:00;3241.5;3247.25;3170.25;3171.75;1655519
25/02/2020;12:00:00;3171.5;3178.25;3117.25;3138.5;1797492
25/02/2020;16:00:00;3138;3153.5;3127;3141;139988
25/02/2020;20:00:00;3141;3158.5;3134.5;3150.25;126459
26/02/2020;00:00:00;3150.25;3152;3091;3113.75;364651
26/02/2020;04:00:00;3113.75;3149.75;3113.25;3140.5;399410
26/02/2020;08:00:00;3140.25;3182;3127.5;3144;1519691
26/02/2020;12:00:00;3144.25;3148.5;3098;3100;1197770
26/02/2020;16:00:00;3100.25;3117;3078;3084.5;187017
26/02/2020;20:00:00;3084.5;3086.75;3059.5;3069.75;171926
27/02/2020;00:00:00;3069.5;3104;3061.25;3091.5;280092
27/02/2020;04:00:00;3091.5;3095.5;3060.75;3062.25;321049
27/02/2020;08:00:00;3062;3096.25;3006;3078;2010913
27/02/2020;12:00:00;3078;3092.75;2944.5;2949.25;1549993
27/02/2020;16:00:00;2950;2973.5;2935.25;2971;175848
27/02/2020;20:00:00;2971;2980.5;2907;2914;220151
28/02/2020;00:00:00;2914.25;2947.75;2879;2904.25;454629
28/02/2020;04:00:00;2904.25;2953.75;2898.5;2900;500059
28/02/2020;08:00:00;2900;2958.75;2853.25;2944;2248810
28/02/2020;12:00:00;2943.75;2996;2878.25;2988;1778990
01/03/2020;16:00:00;2900;2964.75;2889.25;2946.25;231533
01/03/2020;20:00:00;2946.25;2983.5;2942;2969.75;135299
02/03/2020;00:00:00;2969.5;3021;2958.25;2973.25;270623
02/03/2020;04:00:00;2973;2977.75;2903.75;2960;352232
02/03/2020;08:00:00;2960.25;3039;2942.5;3034.5;1348348
02/03/2020;12:00:00;3034.5;3093.25;2987.75;3071.75;1114821
02/03/2020;16:00:00;3077;3095.5;3067.5;3074.25;103777
02/03/2020;20:00:00;3074.5;3086;3054.25;3054.5;109705
03/03/2020;00:00:00;3054.75;3099.75;3045.5;3097;197010
03/03/2020;04:00:00;3097.25;3100;3051;3075.25;348227
03/03/2020;08:00:00;3075;3137;3023.5;3049;1518631
03/03/2020;12:00:00;3049;3049;2973;2989.5;1261827
03/03/2020;16:00:00;2988.25;3026.5;2976.5;3015.75;114429
03/03/2020;20:00:00;3015.5;3041.25;3011.25;3036.25;95729
04/03/2020;00:00:00;3036.5;3060.75;3031;3055.25;148748
04/03/2020;04:00:00;3055.25;3074;3043.5;3055.25;235859
04/03/2020;08:00:00;3055.25;3077.75;3030.75;3077.25;987976
04/03/2020;12:00:00;3077.25;3129.5;3075.5;3110.75;831663
04/03/2020;16:00:00;3109.25;3113.75;3088.75;3091.75;75144
04/03/2020;20:00:00;3092;3103.5;3085;3100.75;65114
05/03/2020;00:00:00;3100.5;3101;3062.5;3068.25;122009
05/03/2020;04:00:00;3068.25;3069.5;3037;3051;231433
05/03/2020;08:00:00;3051;3082.25;3017.5;3021.75;1047981
05/03/2020;12:00:00;3021.75;3039;2996.5;3022.5;1037983
05/03/2020;16:00:00;3024.25;3037;2997.75;2998.5;93264
05/03/2020;20:00:00;2998.5;3000.25;2971.5;2978;130440
06/03/2020;00:00:00;2978.25;2997;2954.5;2954.75;178380
06/03/2020;04:00:00;2955;2957;2915;2929.75;317020
06/03/2020;08:00:00;2929.5;2976;2906.25;2942;1152141
06/03/2020;12:00:00;2941.75;2984.25;2898;2963.75;1062152
08/03/2020;16:00:00;2884;2890;2819;2834.5;205696
08/03/2020;20:00:00;2834.5;2839;2819;2819;66012
09/03/2020;00:00:00;2819;2819;2819;2819;4208
09/03/2020;04:00:00;2819;2823.25;2819;2819;16207
09/03/2020;08:00:00;2819;2836.75;2715;2791.75;1015797
09/03/2020;12:00:00;2791.75;2802;2720.75;2733.5;1123172
09/03/2020;16:00:00;2733;2815;2695.25;2814.25;171073
09/03/2020;20:00:00;2814.25;2830;2797.75;2825.5;114973
10/03/2020;00:00:00;2825.75;2854;2805.25;2853;143548
10/03/2020;04:00:00;2853;2879;2817.5;2838;285034
10/03/2020;08:00:00;2837.5;2846;2728.5;2777.75;1330884
10/03/2020;12:00:00;2777.75;2884.75;2755;2876.75;1142631
10/03/2020;16:00:00;2859.5;2869.5;2805;2818;116419
10/03/2020;20:00:00;2818.25;2831.75;2792.5;2801.5;119693
11/03/2020;00:00:00;2801.75;2837;2778;2826.25;147154
11/03/2020;04:00:00;2826.25;2828.5;2764.25;2766;199466
11/03/2020;08:00:00;2765.5;2814.5;2749;2759;1072988
11/03/2020;12:00:00;2759;2764.25;2702.75;2741;1075450
11/03/2020;16:00:00;2738;2774;2713;2729.5;116189
11/03/2020;20:00:00;2730;2735;2607.25;2658.5;336489
12/03/2020;00:00:00;2658.5;2662.25;2603.25;2609.25;177845
12/03/2020;04:00:00;2609.25;2631.5;2601;2601;187437
12/03/2020;08:00:00;2601;2612;2492.25;2591.75;1308621
12/03/2020;12:00:00;2592;2658.75;2442.5;2449.75;1505482
12/03/2020;16:00:00;2429.5;2485;2419;2456;91707
12/03/2020;20:00:00;2455.25;2502;2393.5;2499;128644
13/03/2020;00:00:00;2499.25;2593;2479.25;2536.75;163886
13/03/2020;04:00:00;2536;2595;2523;2595;76631
13/03/2020;08:00:00;2595;2636;2488.75;2546.25;876991
13/03/2020;12:00:00;2546.25;2707.75;2525;2664.75;880506
15/03/2020;16:00:00;2673.75;2675;2567.5;2567.5;45631
15/03/2020;20:00:00;2567.5;2567.5;2567.5;2567.5;1639
16/03/2020;00:00:00;2567.5;2567.5;2567.5;2567.5;1623
16/03/2020;04:00:00;2567.5;2567.5;2567.5;2567.5;452
16/03/2020;08:00:00;2567.5;2567.5;2360.25;2482.25;548875
16/03/2020;12:00:00;2482.25;2509.5;2380.75;2410.5;515343
16/03/2020;16:00:00;2417.25;2478.75;2402.25;2469.5;33075
16/03/2020;20:00:00;2470;2508.5;2464.25;2508.5;25462
17/03/2020;00:00:00;2508.5;2508.5;2427.5;2432;63640
17/03/2020;04:00:00;2432.25;2481.5;2370.75;2437;244054
17/03/2020;08:00:00;2437;2542.75;2352;2474;1267202
17/03/2020;12:00:00;2473.75;2536.75;2432.25;2474.75;1139062
17/03/2020;16:00:00;2467.5;2486.25;2396.75;2409.5;134649
17/03/2020;20:00:00;2408.75;2448.25;2395.25;2401.75;94237
18/03/2020;00:00:00;2402;2403;2393.5;2393.5;5936
18/03/2020;04:00:00;2393.5;2393.5;2393.5;2393.5;835
18/03/2020;08:00:00;2393.5;2442;2342.5;2345.5;1063477
18/03/2020;12:00:00;2326.5;2413.5;2262;2405.75;1385151
18/03/2020;16:00:00;2402.5;2460;2363.75;2409.5;149262
18/03/2020;20:00:00;2409;2428.75;2275;2292.75;154830
19/03/2020;00:00:00;2293;2415;2293;2404.25;125390
19/03/2020;04:00:00;2404.25;2411.75;2326.75;2366;171103
19/03/2020;08:00:00;2366.25;2447.25;2306.25;2406;1128594
19/03/2020;12:00:00;2405.75;2457.25;2347;2355;1001683
19/03/2020;16:00:00;2351;2366.5;2330.25;2341.5;79552
19/03/2020;20:00:00;2342.25;2408.75;2341.5;2396.5;98605
20/03/2020;00:00:00;2396.5;2496;2380.75;2487;146223
20/03/2020;04:00:00;2487;2499;2403.25;2404.25;224078
20/03/2020;08:00:00;2404.25;2442.5;2339.5;2371;1198689
20/03/2020;12:00:00;2371;2394.5;2260;2266.5;1125204
22/03/2020;16:00:00;2220.25;2229;2174;2179.5;131642
22/03/2020;20:00:00;2180.25;2223;2174.75;2210;96745
23/03/2020;00:00:00;2210;2230;2174.5;2204.75;109888
23/03/2020;04:00:00;2204.75;2386;2203.25;2343;359133
23/03/2020;08:00:00;2342.5;2355;2179.5;2270;1199797
23/03/2020;12:00:00;2269.75;2290.75;2184.5;2217.25;1075592
23/03/2020;16:00:00;2233.25;2284;2230.5;2264;90687
23/03/2020;20:00:00;2264.75;2318;2262.5;2296.5;106447
24/03/2020;00:00:00;2296.5;2332;2278.25;2323.75;119123
24/03/2020;04:00:00;2323.5;2333.5;2300.75;2333.5;150147
24/03/2020;08:00:00;2333.5;2427.25;2322.75;2393.75;985232
24/03/2020;12:00:00;2393.75;2447.75;2346.5;2442.5;1042641
24/03/2020;16:00:00;2442.75;2470;2396;2407.75;112393
24/03/2020;20:00:00;2407.75;2437.25;2386;2428;86478
25/03/2020;00:00:00;2428.25;2485.75;2390.75;2481.25;168860
25/03/2020;04:00:00;2481.25;2498;2387;2427.75;307094
25/03/2020;08:00:00;2427.5;2518.75;2393.5;2504.5;1080929
25/03/2020;12:00:00;2504.75;2560.75;2454.25;2467.25;1156045
25/03/2020;16:00:00;2471;2497.5;2454.75;2472.5;68490
25/03/2020;20:00:00;2472.75;2473.25;2430.5;2449;103529
26/03/2020;00:00:00;2449.75;2457.75;2412;2426.25;98851
26/03/2020;04:00:00;2426.5;2464.75;2402.25;2458.5;211116
26/03/2020;08:00:00;2458.5;2588.75;2450.75;2584;896431
26/03/2020;12:00:00;2584.25;2625.75;2544.75;2619.25;941487
26/03/2020;16:00:00;2627.75;2634.5;2591;2593.75;73164
26/03/2020;20:00:00;2593.5;2595.75;2557.25;2560;99113
27/03/2020;00:00:00;2560;2601;2550.5;2561.5;92743
27/03/2020;04:00:00;2561.75;2572.5;2524.5;2525.75;201875
27/03/2020;08:00:00;2525.75;2558.5;2505.25;2547.5;793815
27/03/2020;12:00:00;2547.5;2605;2516;2520;885261
29/03/2020;16:00:00;2459;2502;2445;2489.25;121149
29/03/2020;20:00:00;2489.75;2542.25;2481.5;2537.75;81227
30/03/2020;00:00:00;2538;2567.5;2495;2521.5;140679
30/03/2020;04:00:00;2521.25;2559;2506.5;2558.75;120224
30/03/2020;08:00:00;2558.75;2601;2532.25;2600.25;602841
30/03/2020;12:00:00;2600.5;2621.75;2576.75;2613;701520
30/03/2020;16:00:00;2613.25;2625;2610.25;2616.75;38651
30/03/2020;20:00:00;2617;2631.5;2595;2603.25;53380
31/03/2020;00:00:00;2603.25;2635.75;2595;2630.5;111095
31/03/2020;04:00:00;2630.5;2634.5;2572.5;2591;146721
31/03/2020;08:00:00;2590.75;2629.5;2578.75;2589.75;829598
31/03/2020;12:00:00;2589.75;2602.75;2555.75;2563;942963
31/03/2020;16:00:00;2562;2562.25;2530.25;2545.75;56506
31/03/2020;20:00:00;2545.5;2545.75;2517.25;2525.5;45266
01/04/2020;00:00:00;2525.75;2528.5;2476.25;2492;170763
01/04/2020;04:00:00;2492;2506;2467.25;2480;159690
01/04/2020;08:00:00;2480.5;2509.75;2453.5;2457.75;777178
01/04/2020;12:00:00;2457.75;2482.75;2434.25;2457;767611
01/04/2020;16:00:00;2459;2477;2456.5;2470.5;44588
01/04/2020;20:00:00;2470.5;2490;2458.25;2479.75;52859
02/04/2020;00:00:00;2479.75;2502;2467.25;2492.5;91370
02/04/2020;04:00:00;2492.5;2498.5;2448.5;2457.5;191081
02/04/2020;08:00:00;2457.75;2523;2424.75;2506.5;927501
02/04/2020;12:00:00;2506.75;2525;2456;2516.25;767884
02/04/2020;16:00:00;2513.75;2524;2492.5;2497.25;44308
02/04/2020;20:00:00;2497.25;2504.75;2480;2483.75;36211
03/04/2020;00:00:00;2483.5;2500;2474.25;2487;74359
03/04/2020;04:00:00;2487;2526.75;2476.25;2509.25;165257
03/04/2020;08:00:00;2509.25;2529.5;2460;2472.75;685583
03/04/2020;12:00:00;2472.5;2488;2449;2480.25;694039
05/04/2020;16:00:00;2485;2565.5;2484.75;2552.25;114697
05/04/2020;20:00:00;2552.25;2574.75;2541.5;2569;73928
06/04/2020;00:00:00;2569;2586.75;2564;2578.25;107865
06/04/2020;04:00:00;2578.5;2584.75;2564;2576;87894
06/04/2020;08:00:00;2576;2623.75;2564;2623;730981
06/04/2020;12:00:00;2623;2668.5;2612.25;2647.5;816380
06/04/2020;16:00:00;2645.5;2668;2635;2654.5;56351
06/04/2020;20:00:00;2654.5;2659;2623.5;2644.75;82150
07/04/2020;00:00:00;2644.5;2721.5;2641.25;2705.5;173971
07/04/2020;04:00:00;2705.5;2745;2705.25;2733.25;223246
07/04/2020;08:00:00;2733;2750;2678.5;2725;1039673
07/04/2020;12:00:00;2725;2731;2634.75;2637.25;858640
07/04/2020;16:00:00;2640.5;2659.75;2620.75;2625.75;63586
07/04/2020;20:00:00;2625.25;2661.25;2622.25;2659.25;55488
08/04/2020;00:00:00;2659.5;2680.5;2627.25;2640.5;116626
08/04/2020;04:00:00;2640.5;2677.75;2632.75;2671.25;124517
08/04/2020;08:00:00;2671.25;2721.75;2653.5;2713.75;751804
08/04/2020;12:00:00;2713.75;2752.5;2698.5;2739.5;747718
08/04/2020;16:00:00;2737.75;2751.5;2727.75;2743.25;38550
08/04/2020;20:00:00;2743.5;2747.25;2721.75;2743;58728
09/04/2020;00:00:00;2743.25;2769.25;2732.25;2735.75;117054
09/04/2020;04:00:00;2735.5;2770;2701;2766.75;289560
09/04/2020;08:00:00;2767;2808;2762.75;2803.75;1008310
09/04/2020;12:00:00;2803.75;2809.5;2752.25;2787;778842
12/04/2020;16:00:00;2811;2819.5;2717.25;2732.75;91948
12/04/2020;20:00:00;2732.75;2754;2730;2741;50263
13/04/2020;00:00:00;2741;2751.75;2734.5;2743.5;28001
13/04/2020;04:00:00;2743.25;2776.5;2740.5;2771;73459
13/04/2020;08:00:00;2770.75;2779.25;2711;2729.75;719527
13/04/2020;12:00:00;2729.75;2765;2720.75;2760.25;570149
13/04/2020;16:00:00;2760;2771;2752.5;2761.5;37387
13/04/2020;20:00:00;2761.75;2807;2759.75;2805.5;61470
14/04/2020;00:00:00;2805.75;2808;2781.25;2784;73184
14/04/2020;04:00:00;2784.25;2805.75;2780.5;2802.5;101615
14/04/2020;08:00:00;2802.5;2836.25;2796.25;2827.25;811840
14/04/2020;12:00:00;2827.5;2846;2821;2844.5;556152
14/04/2020;16:00:00;2843.75;2845.5;2823.25;2827.5;37962
14/04/2020;20:00:00;2827.5;2834.75;2819.5;2831;39662
15/04/2020;00:00:00;2830.75;2834.5;2790;2794.25;107947
15/04/2020;04:00:00;2794.5;2799.5;2756;2759;201478
15/04/2020;08:00:00;2759.25;2781.75;2751.25;2770.75;745840
15/04/2020;12:00:00;2770.75;2792.75;2765.75;2768.75;639873
15/04/2020;16:00:00;2767.75;2773;2746;2754.25;54041
15/04/2020;20:00:00;2754.5;2768;2748.75;2766.25;49661
16/04/2020;00:00:00;2766.25;2806.25;2759.25;2791.25;106493
16/04/2020;04:00:00;2791.25;2800;2773.75;2788.5;161173
16/04/2020;08:00:00;2788.5;2797.75;2754.75;2769.25;770522
16/04/2020;12:00:00;2769.5;2831.5;2764.75;2829.75;564554
16/04/2020;16:00:00;2863;2885;2851.75;2871.25;160249
16/04/2020;20:00:00;2871.5;2882.25;2867.75;2875.25;55469
17/04/2020;00:00:00;2875.5;2884;2850;2856;119300
17/04/2020;04:00:00;2856;2877.25;2851.75;2859.75;131615
17/04/2020;08:00:00;2859.75;2862;2821;2840.75;759860
17/04/2020;12:00:00;2840.75;2872.75;2823.75;2869;604597
19/04/2020;16:00:00;2861.5;2875.5;2842;2869.25;63695
19/04/2020;20:00:00;2869.25;2874;2848.5;2867.5;74533
20/04/2020;00:00:00;2867.25;2868.25;2841.25;2848;67220
20/04/2020;04:00:00;2848;2851.75;2808;2815.5;167961
20/04/2020;08:00:00;2815.75;2860.75;2812.5;2851.75;553936
20/04/2020;12:00:00;2851.75;2852.25;2804.25;2811.5;594521
20/04/2020;16:00:00;2807;2828.75;2806.5;2822.25;43995
20/04/2020;20:00:00;2822.25;2833.25;2772.25;2792.75;86653
21/04/2020;00:00:00;2793;2807.75;2783;2792.5;81216
21/04/2020;04:00:00;2792.75;2799;2747.75;2750.25;210634
21/04/2020;08:00:00;2750.25;2777.5;2717.25;2731;854050
21/04/2020;12:00:00;2731;2754;2721.75;2733.25;646720
21/04/2020;16:00:00;2737.25;2749;2717.25;2735;48981
21/04/2020;20:00:00;2735;2743.5;2727.75;2732;50832
22/04/2020;00:00:00;2732.25;2774.25;2731.5;2772.75;94560
22/04/2020;04:00:00;2773;2783.5;2757;2781;128021
22/04/2020;08:00:00;2781;2790.5;2766.25;2783.5;546454
22/04/2020;12:00:00;2783.5;2808;2779.5;2790;467895
22/04/2020;16:00:00;2790.5;2792.5;2772.75;2783.75;46944
22/04/2020;20:00:00;2784;2794.75;2774.25;2784.5;55854
23/04/2020;00:00:00;2784.5;2805.75;2777.25;2783.75;80270
23/04/2020;04:00:00;2783.75;2806.5;2782.75;2805.25;92677
23/04/2020;08:00:00;2805.5;2836.75;2786;2807.75;768225
23/04/2020;12:00:00;2808;2817.5;2779;2781.75;637366
23/04/2020;16:00:00;2777;2782.5;2757;2761.5;43311
23/04/2020;20:00:00;2761.75;2770.25;2755.25;2764;32515
24/04/2020;00:00:00;2764.25;2779.75;2755.25;2775.25;69045
24/04/2020;04:00:00;2775.5;2811.75;2775.25;2804.5;132742
24/04/2020;08:00:00;2804.5;2810.75;2782.25;2799.75;474134
24/04/2020;12:00:00;2799.75;2835;2795.25;2828;500224
26/04/2020;16:00:00;2829;2847;2812.75;2827.5;45973
26/04/2020;20:00:00;2827.75;2860;2821.75;2858.5;46955
27/04/2020;00:00:00;2858.5;2865;2842.25;2854.5;90573
27/04/2020;04:00:00;2854.25;2863.75;2850.25;2855.25;87139
27/04/2020;08:00:00;2855;2871.75;2843.75;2869;512966
27/04/2020;12:00:00;2869;2881.25;2859.25;2867;401334
27/04/2020;16:00:00;2867.75;2874.25;2862.75;2871.5;23358
27/04/2020;20:00:00;2871.5;2871.5;2851;2858.25;40295
28/04/2020;00:00:00;2858.5;2882.75;2856.5;2877.25;65459
28/04/2020;04:00:00;2877.25;2913;2876.75;2912.25;163926
28/04/2020;08:00:00;2912.25;2913.5;2854;2871;783693
28/04/2020;12:00:00;2871;2881.25;2852;2860.5;512593
28/04/2020;16:00:00;2870.5;2879.75;2860.75;2877.75;30245
28/04/2020;20:00:00;2877.75;2905;2877.25;2901.75;63406
29/04/2020;00:00:00;2901.75;2903.5;2883;2895;66334
29/04/2020;04:00:00;2895.25;2922.5;2880.25;2921.5;183634
29/04/2020;08:00:00;2921.5;2942.25;2902.25;2938;684112
29/04/2020;12:00:00;2938;2959.75;2923.25;2958.5;651430
29/04/2020;16:00:00;2956.5;2957;2932.25;2938.75;37447
29/04/2020;20:00:00;2938.5;2965;2935.25;2961;48187
30/04/2020;00:00:00;2961;2962.25;2939;2941.75;107378
30/04/2020;04:00:00;2942;2951.25;2909;2909.5;186356
30/04/2020;08:00:00;2909.25;2920;2883.25;2897;839672
30/04/2020;12:00:00;2897;2909.5;2878;2882.5;716091
30/04/2020;16:00:00;2871.5;2877.75;2853;2877.25;61225
30/04/2020;20:00:00;2877.25;2879.75;2856;2864.5;38469
01/05/2020;00:00:00;2864.5;2866;2830.75;2849.75;88703
01/05/2020;04:00:00;2850;2851;2836.25;2842.5;87920
01/05/2020;08:00:00;2842.5;2857.75;2812.75;2819.5;732509
01/05/2020;12:00:00;2819.5;2830.5;2811.75;2817;577217
03/05/2020;16:00:00;2789;2797;2771;2775.75;89133
03/05/2020;20:00:00;2775.75;2808;2775.5;2798.5;57901
04/05/2020;00:00:00;2798.5;2814.5;2792;2794.5;119024
04/05/2020;04:00:00;2794.25;2808;2783.5;2801.5;141197
04/05/2020;08:00:00;2801.25;2817.75;2788.5;2807.5;598296
04/05/2020;12:00:00;2807.5;2835.75;2798.5;2827.5;463237
04/05/2020;16:00:00;2827;2839.75;2824.5;2839.25;22308
04/05/2020;20:00:00;2839.5;2852;2838.5;2849.5;33918
05/05/2020;00:00:00;2849.5;2865;2833.25;2834;107095
05/05/2020;04:00:00;2834;2864.5;2832.5;2861.25;131847
05/05/2020;08:00:00;2861.25;2889.5;2859;2881;590095
05/05/2020;12:00:00;2881;2889.75;2852.25;2859.75;560845
05/05/2020;16:00:00;2857.75;2869.25;2843.5;2847;36470
05/05/2020;20:00:00;2847.25;2863.75;2843.5;2859.5;44340
06/05/2020;00:00:00;2859.75;2885.75;2859.25;2877.25;87726
06/05/2020;04:00:00;2877.25;2886.25;2865.25;2872.25;101806
06/05/2020;08:00:00;2872.25;2881.75;2847.25;2863;639821
06/05/2020;12:00:00;2863;2871;2832;2834;520299
06/05/2020;16:00:00;2832;2843.25;2823;2841.25;53377
06/05/2020;20:00:00;2841.25;2855;2837;2852.75;52301
07/05/2020;00:00:00;2852.75;2875.25;2847.75;2869.5;74874
07/05/2020;04:00:00;2869.75;2881.5;2868.25;2876.75;125527
07/05/2020;08:00:00;2876.5;2895;2868.75;2889.5;646616
07/05/2020;12:00:00;2889.5;2892.75;2867.75;2882.75;511634
07/05/2020;16:00:00;2882;2906.25;2879.75;2905;45620
07/05/2020;20:00:00;2905;2916.75;2902.25;2913;48610
08/05/2020;00:00:00;2913.25;2923;2901.25;2907.25;69477
08/05/2020;04:00:00;2907.25;2918;2901.5;2910.5;115939
08/05/2020;08:00:00;2910.5;2917.5;2895.75;2916.75;508215
08/05/2020;12:00:00;2916.5;2933;2904.5;2930.5;486539
10/05/2020;16:00:00;2920.75;2942;2916;2941;63101
10/05/2020;20:00:00;2941;2947;2937;2939.75;52653
11/05/2020;00:00:00;2940;2942;2921.5;2925;72892
11/05/2020;04:00:00;2924.75;2925;2889.75;2894.25;166455
11/05/2020;08:00:00;2894.25;2927.75;2894.25;2926.75;604504
11/05/2020;12:00:00;2927;2937;2917.25;2919;529877
11/05/2020;16:00:00;2919.25;2927.75;2902.5;2904.75;41650
11/05/2020;20:00:00;2905;2911;2894.5;2908.25;54486
12/05/2020;00:00:00;2908;2918.5;2896.75;2913.5;81123
12/05/2020;04:00:00;2913.5;2936;2909;2934.75;123957
12/05/2020;08:00:00;2934.75;2939.25;2912.5;2922;660241
12/05/2020;12:00:00;2921.75;2922.25;2838;2839.25;822152
12/05/2020;16:00:00;2839.75;2849.25;2825.25;2839.5;78531
12/05/2020;20:00:00;2839.5;2859;2833;2858.5;65081
13/05/2020;00:00:00;2858.75;2865;2845.5;2851.5;108370
13/05/2020;04:00:00;2851.5;2876.75;2848.75;2866;146666
13/05/2020;08:00:00;2865.75;2868.75;2792.75;2813.75;1244497
13/05/2020;12:00:00;2813.5;2819.75;2786;2819;875063
13/05/2020;16:00:00;2820.25;2825;2803.25;2813.5;52831
13/05/2020;20:00:00;2813.5;2819;2798;2806.25;74112
14/05/2020;00:00:00;2806.5;2820;2796.25;2809;127992
14/05/2020;04:00:00;2808.75;2817.5;2777;2785.75;221531
14/05/2020;08:00:00;2785.5;2822.75;2760.25;2820.5;1189996
14/05/2020;12:00:00;2820.5;2853.75;2806.75;2848;784867
14/05/2020;16:00:00;2846.25;2858.5;2841;2847.75;35272
14/05/2020;20:00:00;2847.5;2852.75;2834.75;2850.5;58969
15/05/2020;00:00:00;2850.5;2863.5;2842;2856.25;94023
15/05/2020;04:00:00;2856.25;2859.25;2810.75;2819.75;247224
15/05/2020;08:00:00;2819.5;2847;2809.5;2837.5;805729
15/05/2020;12:00:00;2837.5;2859.5;2836.5;2854.75;596828
17/05/2020;16:00:00;2859.75;2873.75;2850;2868.75;51041
17/05/2020;20:00:00;2869;2885;2867.5;2880.25;43318
18/05/2020;00:00:00;2880.25;2897;2874;2891.75;93749
18/05/2020;04:00:00;2891.75;2933.75;2884.25;2932.75;174142
18/05/2020;08:00:00;2932.75;2952.75;2923.5;2945;745130
18/05/2020;12:00:00;2945.25;2964.75;2942.75;2944.5;609756
18/05/2020;16:00:00;2945;2953.75;2940.25;2947.5;37424
18/05/2020;20:00:00;2947.5;2951;2935;2950;48067
19/05/2020;00:00:00;2949.75;2976.25;2932.25;2943;145159
19/05/2020;04:00:00;2942.75;2948;2930.75;2942.5;112984
19/05/2020;08:00:00;2942.25;2956.5;2931.75;2948.5;594018
19/05/2020;12:00:00;2948.75;2958.5;2914.25;2917;590884
19/05/2020;16:00:00;2913.5;2929.75;2908.5;2928;45514
19/05/2020;20:00:00;2928;2941.5;2928;2937.25;40694
20/05/2020;00:00:00;2937.5;2948;2925;2943.5;84608
20/05/2020;04:00:00;2943.5;2957.25;2941.75;2953;117158
20/05/2020;08:00:00;2952.75;2975.75;2952.25;2965.5;662064
20/05/2020;12:00:00;2965.5;2973.25;2955;2971.5;544111
20/05/2020;16:00:00;2972.25;2973.5;2957.5;2963;32878
20/05/2020;20:00:00;2962.75;2963;2945.75;2955;46982
21/05/2020;00:00:00;2955.25;2957.5;2941.5;2952;60199
21/05/2020;04:00:00;2952;2964;2943.5;2960.5;114263
21/05/2020;08:00:00;2960.5;2973;2933;2945.75;803443
21/05/2020;12:00:00;2945.75;2954.75;2936.25;2936.5;523124
21/05/2020;16:00:00;2936.75;2952.5;2934;2946.75;29551
21/05/2020;20:00:00;2946.5;2949;2915.5;2918;76466
22/05/2020;00:00:00;2918;2923.25;2903.75;2921.5;108292
22/05/2020;04:00:00;2921.25;2945.75;2918.75;2940;143465
22/05/2020;08:00:00;2940;2945.5;2928.25;2940.5;560638
22/05/2020;12:00:00;2940.25;2957.5;2938.75;2956.25;421972
24/05/2020;16:00:00;2948.5;2969.5;2947.5;2962;26546
24/05/2020;20:00:00;2961.75;2965.75;2954.25;2963.5;25882
25/05/2020;00:00:00;2963.75;2983.75;2959.25;2979.75;45566
25/05/2020;04:00:00;2979.75;2985.75;2976.5;2984.5;42403
25/05/2020;08:00:00;2984.5;2990;2982.75;2989.5;43565
25/05/2020;16:00:00;2989.5;2990;2980.75;2986.75;24604
25/05/2020;20:00:00;2987;3012.5;2986;3005.5;56049
26/05/2020;00:00:00;3005.5;3014.25;3002.5;3010.75;100163
26/05/2020;04:00:00;3010.75;3015;3004;3014.75;115491
26/05/2020;08:00:00;3014.75;3019.75;2996;3007.25;718653
26/05/2020;12:00:00;3007.5;3012;2983.5;2995;546213
26/05/2020;16:00:00;2994;2994.5;2983.25;2993.75;33950
26/05/2020;20:00:00;2993.75;3018.75;2993.5;3014.25;66513
27/05/2020;00:00:00;3014.25;3023.75;3004;3022.5;98368
27/05/2020;04:00:00;3022.5;3035;3019;3019;188049
27/05/2020;08:00:00;3019.25;3024.75;2965.5;2998.25;1100952
27/05/2020;12:00:00;2998.25;3039.5;2991.25;3037;567859
27/05/2020;16:00:00;3035;3051.5;3030.75;3047.75;51855
27/05/2020;20:00:00;3047.5;3053.75;3028.25;3037;84274
28/05/2020;00:00:00;3037;3052;3031.25;3037.75;127063
28/05/2020;04:00:00;3037.5;3045.75;3028;3043.5;143204
28/05/2020;08:00:00;3043.5;3061.25;3030;3059.75;706910
28/05/2020;12:00:00;3059.5;3065.5;3019.5;3037.25;737751
28/05/2020;16:00:00;3036;3039;3012.75;3015.5;48767
28/05/2020;20:00:00;3015.5;3033.75;3011.25;3031.75;56650
29/05/2020;00:00:00;3031.75;3035.25;3013.5;3019.75;119532
29/05/2020;04:00:00;3020;3035.25;3017.25;3023.5;134024
29/05/2020;08:00:00;3023.25;3028.5;2992;3013.5;827152
29/05/2020;12:00:00;3013.25;3058.25;2997.5;3057.25;1001351
31/05/2020;16:00:00;3029.75;3041;3008;3035.5;89578
31/05/2020;20:00:00;3035.5;3049;3030.25;3041.75;57333
01/06/2020;00:00:00;3041.75;3055.25;3020.5;3035.25;118513
01/06/2020;04:00:00;3035.5;3047.25;3027.5;3035;109530
01/06/2020;08:00:00;3035;3053.5;3027;3052;514314
01/06/2020;12:00:00;3052;3059;3048.5;3053.5;355725
01/06/2020;16:00:00;3052.75;3054.75;3035;3044.25;55711
01/06/2020;20:00:00;3044.25;3045.75;3035;3041.75;42210
02/06/2020;00:00:00;3042;3069.5;3041.5;3066.25;107572
02/06/2020;04:00:00;3066.25;3075.5;3061.5;3063.75;104330
02/06/2020;08:00:00;3063.75;3069.5;3047.75;3061;635660
02/06/2020;12:00:00;3060.75;3079;3057.25;3078;460907
02/06/2020;16:00:00;3078;3090.25;3074.25;3089;47736
02/06/2020;20:00:00;3088.75;3092.25;3080.75;3088;50460
03/06/2020;00:00:00;3088.25;3094.75;3084.75;3089.75;87299
03/06/2020;04:00:00;3089.75;3098.75;3086;3096;125394
03/06/2020;08:00:00;3096;3117.5;3095.25;3109.25;717262
03/06/2020;12:00:00;3109;3129.5;3108.25;3117.75;538080
03/06/2020;16:00:00;3117.75;3126.75;3111.5;3115.75;48965
03/06/2020;20:00:00;3116;3118.75;3105.25;3112;54016
04/06/2020;00:00:00;3112.25;3114.75;3105;3106.25;84823
04/06/2020;04:00:00;3106;3112.75;3094.25;3101;184795
04/06/2020;08:00:00;3100.75;3126.75;3100;3102;840949
04/06/2020;12:00:00;3102;3116.5;3087.5;3113.75;572480
04/06/2020;16:00:00;3113.25;3117.5;3106.5;3113.5;29029
04/06/2020;20:00:00;3113.25;3128.75;3111;3126.5;48918
05/06/2020;00:00:00;3126.5;3145.5;3124.5;3138.25;120064
05/06/2020;04:00:00;3138.25;3164.5;3128.25;3160.5;254741
05/06/2020;08:00:00;3160.25;3210.5;3158.5;3199;1106811
05/06/2020;12:00:00;3199;3205;3181;3185.25;774597
07/06/2020;16:00:00;3192.5;3211.5;3187.5;3196.75;73115
07/06/2020;20:00:00;3196.5;3198;3186.25;3195.25;60943
08/06/2020;00:00:00;3195.25;3203.25;3183.25;3202.75;95150
08/06/2020;04:00:00;3202.75;3210.75;3195.5;3206;133485
08/06/2020;08:00:00;3206;3211;3193.5;3205.75;662881
08/06/2020;12:00:00;3205.75;3231.25;3204.5;3226.75;478050
08/06/2020;16:00:00;3227.75;3229;3220;3222.25;39214
08/06/2020;20:00:00;3222.25;3226;3217;3222;42885
09/06/2020;00:00:00;3221.75;3231;3190;3194.5;165416
09/06/2020;04:00:00;3194.5;3206;3190.25;3196.75;156404
09/06/2020;08:00:00;3196.75;3214.75;3190.75;3211.25;693337
09/06/2020;12:00:00;3211.25;3221;3201.75;3205.25;522436
09/06/2020;16:00:00;3204.75;3220.5;3204.75;3220;35008
09/06/2020;20:00:00;3219.75;3227.25;3216.5;3222.25;45934
10/06/2020;00:00:00;3222.25;3225.25;3211.25;3212.5;77220
10/06/2020;04:00:00;3212.5;3218.75;3193;3217;161982
10/06/2020;08:00:00;3217;3219;3179.75;3199.75;735328
10/06/2020;12:00:00;3199.75;3221.25;3180.25;3184;842677
10/06/2020;16:00:00;3183.75;3188.5;3162;3173.25;66008
10/06/2020;20:00:00;3173.5;3180.75;3148.25;3152.75;73841
11/06/2020;00:00:00;3152.75;3154.5;3120;3124.5;184761
11/06/2020;04:00:00;3124.5;3145.5;3098.25;3105.25;274264
11/06/2020;08:00:00;3105;3118.25;3034;3039;1282621
11/06/2020;12:00:00;3038.75;3055;2996.25;3013.75;1279914
11/06/2020;16:00:00;3011.75;3034;3003.25;3023.5;74745
11/06/2020;20:00:00;3023;3049;3011.75;3046.75;91939
12/06/2020;00:00:00;3046.5;3068.5;3027.25;3065;144090
12/06/2020;04:00:00;3065;3074.75;3050.75;3069;168037
12/06/2020;08:00:00;3069;3087.75;3001.5;3034.75;865999
12/06/2020;12:00:00;3034.75;3047.25;2982;3035.75;798666
14/06/2020;16:00:00;2992.75;3008.75;2980.75;2990;61044
14/06/2020;20:00:00;2990;3003.5;2982.5;2983.25;37085
15/06/2020;00:00:00;2983.25;2983.75;2923.75;2970.75;200625
15/06/2020;04:00:00;2970.75;2981.75;2955;2966.25;152570
15/06/2020;08:00:00;2966.5;3029.25;2952.5;3028.75;848892
15/06/2020;12:00:00;3028.75;3068.25;3023.5;3065.5;728834
15/06/2020;16:00:00;3065.25;3090.5;3060.25;3084.25;61743
15/06/2020;20:00:00;3084.5;3113.5;3082.25;3103.25;68668
16/06/2020;00:00:00;3103.5;3112.75;3080;3096.25;141752
16/06/2020;04:00:00;3096.5;3156.25;3091.75;3148.75;228074
16/06/2020;08:00:00;3148.5;3150.75;3063;3121;1111848
16/06/2020;12:00:00;3121.25;3130;3092;3116;666452
16/06/2020;16:00:00;3111.75;3126.75;3099.5;3119.25;52260
16/06/2020;20:00:00;3119.5;3124.25;3096.5;3116.5;63632
17/06/2020;00:00:00;3116.5;3147;3106.25;3141.25;103981
17/06/2020;04:00:00;3141.25;3142.25;3117.25;3127.5;161781
17/06/2020;08:00:00;3127.5;3131.25;3098.25;3122;631479
17/06/2020;12:00:00;3122;3130.25;3094.5;3106.5;478783
17/06/2020;16:00:00;3104;3109.5;3079;3086;55436
17/06/2020;20:00:00;3085.75;3094.25;3064.5;3091.25;83643
18/06/2020;00:00:00;3091.5;3118.5;3081.5;3114;119647
18/06/2020;04:00:00;3114;3120;3073.5;3087.75;189779
18/06/2020;08:00:00;3087.75;3109;3080.5;3099.75;594901
18/06/2020;12:00:00;3099.75;3106;3086.5;3099.25;394147
18/06/2020;16:00:00;3096.75;3117;3096.75;3102.25;39347
18/06/2020;20:00:00;3102;3107.75;3094.75;3101.5;39695
19/06/2020;00:00:00;3101.75;3124.5;3100.5;3119.25;84930
19/06/2020;04:00:00;3119.25;3137.5;3117;3135.75;145129
19/06/2020;08:00:00;3135.75;3144.75;3078.5;3103.5;808486
19/06/2020;12:00:00;3103.25;3104.75;3056.75;3057.75;767592
21/06/2020;16:00:00;3040.25;3059.75;3027.25;3057.5;77978
21/06/2020;20:00:00;3057.5;3083;3057.25;3073;61106
22/06/2020;00:00:00;3072.75;3092.5;3062.25;3090.75;94380
22/06/2020;04:00:00;3090.75;3096.75;3073.75;3081.5;111193
22/06/2020;08:00:00;3081.5;3107;3066.25;3104;582629
22/06/2020;12:00:00;3104;3114.25;3091.75;3110;431698
22/06/2020;16:00:00;3111.75;3125.25;3108;3120.25;39257
22/06/2020;20:00:00;3120;3121.25;3060;3111.25;215936
23/06/2020;00:00:00;3111.25;3135;3100.75;3127;91051
23/06/2020;04:00:00;3127;3145.75;3125.25;3141.5;96456
23/06/2020;08:00:00;3141.75;3143;3120.25;3136;573016
23/06/2020;12:00:00;3135.75;3145;3111.25;3112.75;493599
23/06/2020;16:00:00;3113.25;3125;3106.75;3122;38583
23/06/2020;20:00:00;3122.25;3128.5;3108.75;3124.25;51932
24/06/2020;00:00:00;3124.5;3126;3086.25;3097.5;103545
24/06/2020;04:00:00;3097.5;3105;3081;3103.75;136042
24/06/2020;08:00:00;3103.75;3105.75;3019.75;3051;1198311
24/06/2020;12:00:00;3051;3055.75;3026.25;3050;815399
24/06/2020;16:00:00;3046.75;3055;3034;3052.25;54344
24/06/2020;20:00:00;3052.25;3056.5;3020.25;3032.75;73994
25/06/2020;00:00:00;3032.75;3047.5;3005;3042.75;138485
25/06/2020;04:00:00;3043;3052.25;3018.5;3028.25;177424
25/06/2020;08:00:00;3028;3051.75;3011.5;3045.75;893317
25/06/2020;12:00:00;3045.75;3079.5;3034.25;3073.5;595296
25/06/2020;16:00:00;3071.25;3080;3063.5;3073.25;37864
25/06/2020;20:00:00;3073.5;3082;3065.75;3075.75;38616
26/06/2020;00:00:00;3076;3079.25;3048.75;3059.25;79779
26/06/2020;04:00:00;3059.5;3081;3057.5;3060.25;115959
26/06/2020;08:00:00;3060.25;3063.25;3003;3016.25;1022760
26/06/2020;12:00:00;3016.25;3024.5;2992.5;3003;849915
28/06/2020;16:00:00;2986.25;3006;2983.5;3005.5;80476
28/06/2020;20:00:00;3005.25;3021;2996.5;2998.75;77592
29/06/2020;00:00:00;2998.75;3019.25;2995.75;3013;90583
29/06/2020;04:00:00;3012.75;3026.5;3006.25;3013.75;107706
29/06/2020;08:00:00;3014;3037.25;2988.5;3033;737170
29/06/2020;12:00:00;3032.75;3051.25;3021.25;3046;455771
29/06/2020;16:00:00;3046;3059.25;3044.25;3048;45331
29/06/2020;20:00:00;3048;3058.25;3047.25;3053.75;31198
30/06/2020;00:00:00;3053.75;3057;3031.5;3034.5;92497
30/06/2020;04:00:00;3034.25;3055.25;3030.25;3039.5;118451
30/06/2020;08:00:00;3039.75;3074.5;3035.25;3062.25;630963
30/06/2020;12:00:00;3062.25;3101.25;3056;3084.75;722270
30/06/2020;16:00:00;3085.25;3088.25;3078.75;3084;38632
30/06/2020;20:00:00;3084.25;3087.75;3079.5;3082;30107
01/07/2020;00:00:00;3082.25;3091.5;3072.75;3086.25;53045
01/07/2020;04:00:00;3086.5;3094.75;3062.75;3094.5;193170
01/07/2020;08:00:00;3094.25;3113.5;3089.25;3106.75;735726
01/07/2020;12:00:00;3106.75;3117.75;3100;3100.75;449963
01/07/2020;16:00:00;3101.75;3106.75;3096.5;3098.75;32308
01/07/2020;20:00:00;3098.75;3111;3095.5;3105.75;37175
02/07/2020;00:00:00;3106;3130.75;3102.25;3124.25;95996
02/07/2020;04:00:00;3124.25;3146.75;3118.25;3146;151073
02/07/2020;08:00:00;3146;3156.5;3119.25;3136.5;773041
02/07/2020;12:00:00;3136.25;3143.5;3114.25;3125.75;422921
02/07/2020;16:00:00;3125.25;3131.5;3123.25;3128;17343
02/07/2020;20:00:00;3127.75;3131.5;3121.5;3123;25169
03/07/2020;00:00:00;3123;3138.75;3120.25;3130.25;44900
03/07/2020;04:00:00;3130.25;3131.25;3114.75;3116.75;48245
03/07/2020;08:00:00;3116.75;3121.25;3105.75;3115.75;60207
05/07/2020;16:00:00;3121.25;3141.25;3121.25;3140.5;36325
05/07/2020;20:00:00;3140.5;3169;3140.5;3165.75;71884
06/07/2020;00:00:00;3165.75;3171.75;3160.25;3164.5;92338
06/07/2020;04:00:00;3164.75;3172.75;3157.75;3170.25;83987
06/07/2020;08:00:00;3170.5;3174.5;3155;3164.5;545540
06/07/2020;12:00:00;3164.5;3174;3155.25;3168.5;397497
06/07/2020;16:00:00;3170;3184;3166.75;3182;32536
06/07/2020;20:00:00;3181.75;3183;3158.25;3165;62980
07/07/2020;00:00:00;3164.75;3167.5;3143.25;3146.75;85979
07/07/2020;04:00:00;3146.75;3154;3138.25;3152.25;102288
07/07/2020;08:00:00;3152;3174.25;3148.25;3162.75;534656
07/07/2020;12:00:00;3162.75;3164.5;3132.5;3135.5;492448
07/07/2020;16:00:00;3135.25;3145.75;3134.5;3143;32344
07/07/2020;20:00:00;3142.75;3149.75;3131.25;3133.75;46503
08/07/2020;00:00:00;3133.75;3152;3125.5;3142.5;94219
08/07/2020;04:00:00;3142.75;3145.5;3129;3141;103006
08/07/2020;08:00:00;3141;3162.25;3126;3148;697420
08/07/2020;12:00:00;3148.25;3166.25;3134.5;3165;517252
08/07/2020;16:00:00;3166.25;3170;3163.25;3165.25;26053
08/07/2020;20:00:00;3165.25;3167.5;3157.25;3163.75;42585
09/07/2020;00:00:00;3163.75;3164.5;3152.25;3160;72134
09/07/2020;04:00:00;3160;3170.75;3155.25;3168.5;86029
09/07/2020;08:00:00;3168.25;3170;3105.25;3133.5;1050805
09/07/2020;12:00:00;3133.5;3154.5;3130.25;3141.75;580995
09/07/2020;16:00:00;3142.25;3154.25;3137.25;3141.5;32427
09/07/2020;20:00:00;3141.25;3144.75;3127.75;3128.25;49934
10/07/2020;00:00:00;3128.5;3134.75;3111.5;3124.75;112145
10/07/2020;04:00:00;3125;3143.75;3118.25;3135.75;136497
10/07/2020;08:00:00;3135.75;3160.25;3126.5;3157.25;677606
10/07/2020;12:00:00;3157.25;3181.25;3155.25;3179.5;376870
12/07/2020;16:00:00;3183.5;3199;3181.75;3190.5;55385
12/07/2020;20:00:00;3190.5;3196.25;3187.75;3192;39949
13/07/2020;00:00:00;3192.25;3202.75;3182.25;3187.5;76181
13/07/2020;04:00:00;3187.75;3204.25;3184.75;3199;89171
13/07/2020;08:00:00;3199;3222.5;3191;3215.75;681907
13/07/2020;12:00:00;3215.75;3226.25;3140.5;3148.5;1088576
13/07/2020;16:00:00;3149.75;3161.25;3149.25;3153.5;52329
13/07/2020;20:00:00;3153.5;3157.25;3143;3149.25;58634
14/07/2020;00:00:00;3149.25;3166;3143.25;3159;96705
14/07/2020;04:00:00;3159;3164;3136;3136.5;160495
14/07/2020;08:00:00;3136.5;3166.25;3119;3152.25;1095526
14/07/2020;12:00:00;3152.25;3192.25;3144;3184;758320
14/07/2020;16:00:00;3204;3216.25;3203.75;3210.75;84332
14/07/2020;20:00:00;3210.5;3213.25;3203.25;3210.5;42888
15/07/2020;00:00:00;3210.5;3211.5;3198;3203.5;64248
15/07/2020;04:00:00;3203.5;3233.25;3200;3231.75;163781
15/07/2020;08:00:00;3231.75;3232;3192;3210.25;889997
15/07/2020;12:00:00;3210.25;3225.75;3201.25;3221.25;645021
15/07/2020;16:00:00;3223.25;3228.5;3207.75;3210.75;37338
15/07/2020;20:00:00;3210.75;3218.25;3200.75;3206;53134
16/07/2020;00:00:00;3206;3208.25;3191;3195;122044
16/07/2020;04:00:00;3194.75;3203;3188.5;3195.5;105764
16/07/2020;08:00:00;3195.5;3206.75;3190.25;3196.25;632660
16/07/2020;12:00:00;3196;3212;3191.25;3196.75;494883
16/07/2020;16:00:00;3198.5;3206.5;3194.75;3205.75;21763
16/07/2020;20:00:00;3205.75;3208.25;3198.75;3202.5;40802
17/07/2020;00:00:00;3202.25;3206.25;3195;3202.25;64280
17/07/2020;04:00:00;3202.25;3217.75;3198.5;3212;91887
17/07/2020;08:00:00;3212;3219.25;3196.5;3211.25;563319
17/07/2020;12:00:00;3211.5;3225.25;3208.25;3213.75;447465
19/07/2020;16:00:00;3214.5;3222.25;3212.25;3216.75;29164
19/07/2020;20:00:00;3216.5;3217.5;3196;3202;65686
20/07/2020;00:00:00;3202;3208.75;3190.25;3208;82063
20/07/2020;04:00:00;3208.25;3216.25;3203.5;3214.75;104580
20/07/2020;08:00:00;3214.5;3230.75;3205.25;3229.5;595626
20/07/2020;12:00:00;3229.5;3250.5;3227.75;3243.75;492932
20/07/2020;16:00:00;3243.75;3250;3241;3248.5;24338
20/07/2020;20:00:00;3248.5;3254;3244.25;3253.5;43592
21/07/2020;00:00:00;3253.25;3269.5;3252;3267.25;108866
21/07/2020;04:00:00;3267.25;3273.25;3264.5;3266.5;86699
21/07/2020;08:00:00;3266.5;3268.75;3254;3262.5;640670
21/07/2020;12:00:00;3262.5;3268;3239.25;3249.75;526958
21/07/2020;16:00:00;3249.25;3261.25;3248.5;3253.25;29654
21/07/2020;20:00:00;3253.25;3265.75;3250.5;3252.5;35589
22/07/2020;00:00:00;3252.25;3258;3232;3235.75;112522
22/07/2020;04:00:00;3235.5;3249;3227.25;3247.75;106127
22/07/2020;08:00:00;3248;3263.25;3243;3258.5;539793
22/07/2020;12:00:00;3258.5;3271.75;3247;3266.75;495065
22/07/2020;16:00:00;3267.75;3270;3259;3261.25;22953
22/07/2020;20:00:00;3261.25;3269.5;3258.5;3267.25;28761
23/07/2020;00:00:00;3267;3284.5;3265.25;3275.25;75496
23/07/2020;04:00:00;3275.25;3282;3262.25;3262.25;85802
23/07/2020;08:00:00;3262.5;3271.75;3249.25;3252.25;626135
23/07/2020;12:00:00;3252;3258.5;3214.25;3229.5;840515
23/07/2020;16:00:00;3230;3239;3229.5;3238.5;31632
23/07/2020;20:00:00;3238.5;3238.75;3212;3218.25;46025
24/07/2020;00:00:00;3218;3219.25;3199.25;3216;115056
24/07/2020;04:00:00;3215.75;3224.75;3208.75;3215.5;103418
24/07/2020;08:00:00;3215.5;3219.25;3194.25;3201.75;853494
24/07/2020;12:00:00;3202;3214;3191.5;3203.5;580052
26/07/2020;16:00:00;3210.75;3217;3192;3212.25;68600
26/07/2020;20:00:00;3212.5;3223.75;3210;3218.5;48930
27/07/2020;00:00:00;3218.5;3220;3209;3214.75;57772
27/07/2020;04:00:00;3214.75;3223.5;3213.5;3217.25;77511
27/07/2020;08:00:00;3217;3229.25;3207.25;3223.25;549489
27/07/2020;12:00:00;3223.5;3235;3221;3234.5;463683
27/07/2020;16:00:00;3235;3241.5;3232;3241;25294
27/07/2020;20:00:00;3241;3246.75;3231.5;3235.5;61897
28/07/2020;00:00:00;3235.25;3238.25;3230;3235;55651
28/07/2020;04:00:00;3235;3236;3215;3224.25;90115
28/07/2020;08:00:00;3224;3234.25;3212.5;3229.75;630961
28/07/2020;12:00:00;3229.5;3236.25;3208;3213;494304
28/07/2020;16:00:00;3215;3221.25;3213;3219.5;25561
28/07/2020;20:00:00;3219.5;3220.25;3204.25;3206;35058
29/07/2020;00:00:00;3206;3223.5;3204.25;3218.5;60348
29/07/2020;04:00:00;3218.75;3226;3214.5;3222.25;55784
29/07/2020;08:00:00;3222.5;3240.75;3220;3238.75;388494
29/07/2020;12:00:00;3238.75;3257;3235.5;3256.25;615793
29/07/2020;16:00:00;3256.75;3257;3247.25;3250.25;21382
29/07/2020;20:00:00;3250.25;3252;3245.5;3246.5;24159
30/07/2020;00:00:00;3246.75;3247.25;3216;3217.25;100075
30/07/2020;04:00:00;3217.25;3229.75;3210.75;3212.5;160114
30/07/2020;08:00:00;3212.5;3238.75;3195;3234.75;796433
30/07/2020;12:00:00;3234.75;3269;3230.5;3267.75;876384
30/07/2020;16:00:00;3269.25;3273.75;3257.5;3257.5;50313
30/07/2020;20:00:00;3257.5;3269.5;3251.5;3253.75;57101
31/07/2020;00:00:00;3254;3263.5;3245.75;3258.25;101282
31/07/2020;04:00:00;3258.5;3260.75;3250.25;3255;73277
31/07/2020;08:00:00;3255;3260.5;3212.5;3216;1108350
31/07/2020;12:00:00;3216;3270.25;3214.5;3269.5;827796
02/08/2020;16:00:00;3272;3273.75;3255.75;3265.25;50699
02/08/2020;20:00:00;3265.25;3271.5;3260;3263.75;42731
03/08/2020;00:00:00;3264;3268;3254.75;3259.5;70493
03/08/2020;04:00:00;3259.5;3286;3257.75;3284;96965
03/08/2020;08:00:00;3284;3293.5;3276.5;3288.75;551233
03/08/2020;12:00:00;3288.75;3295.5;3282.75;3289.25;413170
03/08/2020;16:00:00;3290.75;3291;3284.75;3288.25;19552
03/08/2020;20:00:00;3288;3294.5;3285.75;3288;26231
04/08/2020;00:00:00;3288;3297.75;3273.5;3280.5;112084
04/08/2020;04:00:00;3280.5;3284;3271;3274.5;87437
04/08/2020;08:00:00;3274.25;3295.75;3272.75;3288.5;471195
04/08/2020;12:00:00;3288.25;3300.5;3278.75;3299.25;410391
04/08/2020;16:00:00;3300.75;3300.75;3293.75;3296.25;27682
04/08/2020;20:00:00;3296.25;3304;3292;3300.25;34496
05/08/2020;00:00:00;3300.5;3319.25;3299.75;3317.75;70386
05/08/2020;04:00:00;3318;3321.75;3310.25;3315.25;99669
05/08/2020;08:00:00;3315.25;3323.25;3311.5;3317.75;504536
05/08/2020;12:00:00;3317.75;3322.75;3311.25;3317.75;343582
05/08/2020;16:00:00;3317;3327.5;3315;3326.75;25862
05/08/2020;20:00:00;3326.75;3329.25;3313;3316.75;42577
06/08/2020;00:00:00;3316.5;3328.25;3315.25;3317.5;71102
06/08/2020;04:00:00;3317.25;3320.25;3300.5;3316.5;115792
06/08/2020;08:00:00;3316.5;3325.75;3310.5;3323.5;608076
06/08/2020;12:00:00;3323.75;3345.5;3322;3344;469679
06/08/2020;16:00:00;3343.75;3347.25;3338;3343;27084
06/08/2020;20:00:00;3343;3343.75;3324.5;3330.5;63716
07/08/2020;00:00:00;3330.5;3340.25;3326.75;3331.5;68228
07/08/2020;04:00:00;3331.5;3345.5;3323.25;3332.75;121769
07/08/2020;08:00:00;3332.75;3346;3327.5;3338;616668
07/08/2020;12:00:00;3338;3347.75;3322.25;3347.25;679757
09/08/2020;16:00:00;3347;3347;3335;3342.75;32833
09/08/2020;20:00:00;3342.5;3352;3340;3351.25;30671
10/08/2020;00:00:00;3351;3355.5;3343.25;3349.75;64190
10/08/2020;04:00:00;3349.75;3352.75;3345.25;3349;48962
10/08/2020;08:00:00;3349;3355.25;3329;3351;589614
10/08/2020;12:00:00;3351;3357.25;3347.25;3352.5;411313
10/08/2020;16:00:00;3350.25;3355;3347.5;3354.5;30506
10/08/2020;20:00:00;3354.5;3363.5;3353.25;3359.5;34408
11/08/2020;00:00:00;3359.25;3378;3357;3377.5;81290
11/08/2020;04:00:00;3377.5;3379;3368;3370.75;101049
11/08/2020;08:00:00;3370.75;3372.25;3354.5;3369.25;667606
11/08/2020;12:00:00;3369.25;3374.75;3319.5;3336.25;790851
11/08/2020;16:00:00;3339.5;3342.25;3327.25;3330;34727
11/08/2020;20:00:00;3330.25;3337.75;3326.25;3329.5;38000
12/08/2020;00:00:00;3329.75;3356.75;3327;3354.25;83623
12/08/2020;04:00:00;3354.25;3360.75;3348.25;3355;81009
12/08/2020;08:00:00;3355;3377.75;3353;3370.25;641254
12/08/2020;12:00:00;3370.25;3382.5;3365.25;3369;487904
12/08/2020;16:00:00;3367.75;3375.75;3365;3366.25;24762
12/08/2020;20:00:00;3366.25;3371.75;3363.5;3370;29604
13/08/2020;00:00:00;3370;3372.75;3362.75;3368.75;46799
13/08/2020;04:00:00;3368.75;3374.25;3364;3371;54407
13/08/2020;08:00:00;3371.25;3380.75;3363.75;3380.25;464745
13/08/2020;12:00:00;3380.5;3382;3357.5;3369.5;556659
13/08/2020;16:00:00;3369.25;3378;3368.75;3372.5;21182
13/08/2020;20:00:00;3372.75;3375.75;3370;3373;22489
14/08/2020;00:00:00;3373;3380.5;3350;3352.5;80183
14/08/2020;04:00:00;3352.75;3370;3350;3363.25;93100
14/08/2020;08:00:00;3363.25;3372.75;3358.25;3369.25;460464
14/08/2020;12:00:00;3369.25;3373.5;3356;3363.75;371008
16/08/2020;16:00:00;3366;3371.5;3365.5;3369;17543
16/08/2020;20:00:00;3368.75;3375.5;3367.75;3370.75;24912
17/08/2020;00:00:00;3370.5;3375.25;3364.75;3373;54392
17/08/2020;04:00:00;3373;3378.25;3370.25;3377.5;53451
17/08/2020;08:00:00;3377.25;3382.75;3374;3380.5;326678
17/08/2020;12:00:00;3380.75;3381.25;3375.25;3379.25;256013
17/08/2020;16:00:00;3379.25;3387.75;3377.5;3384.75;23584
17/08/2020;20:00:00;3385;3385.25;3376.75;3381;30325
18/08/2020;00:00:00;3380.75;3382.5;3371.5;3380.75;63460
18/08/2020;04:00:00;3381;3388.75;3380;3385;67465
18/08/2020;08:00:00;3385;3390;3365.25;3386.5;528583
18/08/2020;12:00:00;3386.5;3390.75;3382.5;3388.25;281849
18/08/2020;16:00:00;3388.75;3389.75;3385;3387;15367
18/08/2020;20:00:00;3387.25;3393.75;3386.75;3391.25;27656
19/08/2020;00:00:00;3391.25;3393.25;3383.25;3389.75;70179
19/08/2020;04:00:00;3389.75;3393.5;3386;3388.25;46537
19/08/2020;08:00:00;3388;3395.75;3385.5;3391;399590
19/08/2020;12:00:00;3391;3395.25;3365.5;3369;772428
19/08/2020;16:00:00;3370.25;3370.25;3359.25;3362.75;29892
19/08/2020;20:00:00;3362.75;3363.5;3344.75;3353;67573
20/08/2020;00:00:00;3353;3364.5;3349.25;3358.25;87324
20/08/2020;04:00:00;3358;3368;3356;3357.75;85694
20/08/2020;08:00:00;3358;3377.75;3351.25;3372.5;501533
20/08/2020;12:00:00;3372.5;3387;3370.5;3383.25;405393
20/08/2020;16:00:00;3383.5;3393.5;3383.5;3391.5;24473
20/08/2020;20:00:00;3391.75;3392.5;3384.5;3389.5;30414
21/08/2020;00:00:00;3389.5;3391;3375.5;3378;68688
21/08/2020;04:00:00;3378;3382.75;3356.75;3367.75;129138
21/08/2020;08:00:00;3367.5;3389;3364.5;3385;552475
21/08/2020;12:00:00;3385;3396.25;3382.5;3391.5;371641
23/08/2020;16:00:00;3398.75;3401.5;3393.5;3399.25;38079
23/08/2020;20:00:00;3399.25;3404.5;3397.25;3401.5;31953
24/08/2020;00:00:00;3401.5;3417.75;3401;3416.5;84662
24/08/2020;04:00:00;3416.25;3424;3414.75;3421;70832
24/08/2020;08:00:00;3421;3423.5;3409.5;3416;561251
24/08/2020;12:00:00;3416.25;3429.5;3410.5;3426.75;459533
24/08/2020;16:00:00;3427;3439;3426.75;3437.75;25928
24/08/2020;20:00:00;3437.75;3446;3437.25;3442.5;36350
25/08/2020;00:00:00;3442.5;3448.75;3438;3439.25;66198
25/08/2020;04:00:00;3439.5;3445.5;3436.5;3440;65910
25/08/2020;08:00:00;3440;3441.5;3421.75;3429.75;625365
25/08/2020;12:00:00;3429.75;3445.25;3427.25;3444.5;298618
25/08/2020;16:00:00;3444.75;3448;3442.5;3443.25;15760
25/08/2020;20:00:00;3443;3443.5;3439.25;3442.5;18965
26/08/2020;00:00:00;3442.5;3447.5;3436.75;3444.5;47729
26/08/2020;04:00:00;3444.5;3446;3441.25;3443.75;45973
26/08/2020;08:00:00;3443.75;3469.5;3441;3465.5;510610
26/08/2020;12:00:00;3465.5;3483.5;3462.25;3480;605465
26/08/2020;16:00:00;3479.5;3480.5;3474;3477;20599
26/08/2020;20:00:00;3477;3480.5;3470.25;3474.75;29178
27/08/2020;00:00:00;3474.75;3477;3470.5;3473.25;47202
27/08/2020;04:00:00;3473;3479.25;3468.5;3474.5;71521
27/08/2020;08:00:00;3474.5;3498.25;3464.75;3469.5;916247
27/08/2020;12:00:00;3469.75;3496.25;3465.5;3487.75;529750
27/08/2020;16:00:00;3488;3493.5;3486.5;3488.25;20613
27/08/2020;20:00:00;3488.25;3509.5;3486.5;3507;50315
28/08/2020;00:00:00;3506.75;3507.25;3485.25;3496.25;97159
28/08/2020;04:00:00;3496.5;3500.5;3488.75;3492.75;66922
28/08/2020;08:00:00;3492.75;3496.75;3480.75;3496.25;518288
28/08/2020;12:00:00;3496.25;3507;3486.5;3506.75;438489
30/08/2020;16:00:00;3508.5;3524.25;3508.5;3522.75;30739
30/08/2020;20:00:00;3522.5;3524.5;3520.25;3520.75;23942
31/08/2020;00:00:00;3520.75;3521;3513.25;3517;50483
31/08/2020;04:00:00;3517;3517.5;3505.75;3507;58929
31/08/2020;08:00:00;3507;3507.5;3490.25;3504.75;549120
31/08/2020;12:00:00;3504.75;3513;3490;3494;651815
31/08/2020;16:00:00;3493.25;3503.25;3484.25;3495.75;48983
31/08/2020;20:00:00;3495.75;3505.5;3494.25;3504;32251
01/09/2020;00:00:00;3503.75;3516.25;3502;3505;78432
01/09/2020;04:00:00;3504.75;3512.75;3501.25;3502.5;72948
01/09/2020;08:00:00;3502.75;3513.5;3491.75;3511.25;581372
01/09/2020;12:00:00;3511.25;3530;3507.5;3529.5;428177
01/09/2020;16:00:00;3529;3541.75;3526.25;3537.75;37929
01/09/2020;20:00:00;3537.5;3539.5;3532;3536.25;35682
02/09/2020;00:00:00;3536.25;3552.5;3535;3552;86348
02/09/2020;04:00:00;3552;3556.25;3544.75;3546.25;91183
02/09/2020;08:00:00;3546.25;3557.5;3533.75;3555.25;913306
02/09/2020;12:00:00;3555.5;3587;3553.5;3577.25;615720
02/09/2020;16:00:00;3578.75;3586.5;3572.75;3573.25;32388
02/09/2020;20:00:00;3573.5;3583;3570.25;3574.5;44597
03/09/2020;00:00:00;3574.5;3584.25;3567.25;3576.75;74669
03/09/2020;04:00:00;3576.5;3576.5;3559.25;3562.25;138416
03/09/2020;08:00:00;3562.5;3563.5;3451.25;3455.25;1495325
03/09/2020;12:00:00;3455;3468.75;3424.5;3462.5;1022382
03/09/2020;16:00:00;3454.75;3457.75;3426.5;3446.25;80993
03/09/2020;20:00:00;3446.25;3458;3436.25;3449.5;65732
04/09/2020;00:00:00;3449.5;3477.5;3435.75;3474.5;103990
04/09/2020;04:00:00;3474.25;3484.25;3446.75;3464.25;200270
04/09/2020;08:00:00;3464.25;3477.25;3347.75;3407.75;1582567
04/09/2020;12:00:00;3407.75;3453.25;3383.25;3415;875734
06/09/2020;16:00:00;3420.5;3422.75;3380.25;3413.75;51815
06/09/2020;20:00:00;3414;3419.75;3402.25;3406.5;28719
07/09/2020;00:00:00;3406.5;3417;3392.25;3408;59819
07/09/2020;04:00:00;3408.25;3425.75;3404.75;3420.25;44063
07/09/2020;08:00:00;3420.25;3438.5;3416;3433;74466
07/09/2020;16:00:00;3432.5;3443.5;3432;3434.5;28044
07/09/2020;20:00:00;3434.75;3439;3423.25;3430.25;35431
08/09/2020;00:00:00;3430.5;3447;3401.25;3404;106241
08/09/2020;04:00:00;3404;3411;3363;3373.5;224572
08/09/2020;08:00:00;3373.5;3379.5;3337.25;3366.5;1117297
08/09/2020;12:00:00;3366.5;3376.5;3327.5;3335.75;856897
08/09/2020;16:00:00;3315.25;3337.25;3295.5;3334.75;84596
08/09/2020;20:00:00;3334.75;3345;3326;3344;47154
09/09/2020;00:00:00;3344.25;3368;3321.5;3356.75;132481
09/09/2020;04:00:00;3356.75;3370;3350.5;3363;113818
09/09/2020;08:00:00;3362.75;3413.25;3361.75;3411;772532
09/09/2020;12:00:00;3411;3424;3389;3395.25;765042
09/09/2020;16:00:00;3396;3411.5;3394.25;3397.25;32400
09/09/2020;20:00:00;3397.25;3398.25;3384.25;3392.5;42575
10/09/2020;00:00:00;3392.5;3408.25;3374.75;3382.75;94856
10/09/2020;04:00:00;3382.75;3411.25;3378;3407.25;136994
10/09/2020;08:00:00;3407.25;3424.25;3372.25;3384;885708
10/09/2020;12:00:00;3384;3395;3327.25;3341.75;837255
10/09/2020;16:00:00;3345.25;3356.75;3342.5;3354.5;23265
10/09/2020;20:00:00;3354.25;3364;3353.75;3360.75;22720
11/09/2020;00:00:00;3361;3374.5;3359;3366.5;53695
11/09/2020;04:00:00;3366.5;3375;3351.5;3355.25;82374
11/09/2020;08:00:00;3355.25;3368.5;3329.5;3330.5;488714
11/09/2020;12:00:00;3330.5;3352.5;3308.75;3337.25;438648
13/09/2020;16:00:00;3350;3362;3345.5;3360.5;12148
13/09/2020;20:00:00;3360;3377.25;3359.25;3371.75;12279
14/09/2020;00:00:00;3371.5;3375;3359;3362.5;60514
14/09/2020;04:00:00;3362.75;3367;3353.75;3361;73713
14/09/2020;08:00:00;3361;3392.5;3358.25;3384.75;591510
14/09/2020;12:00:00;3384.75;3387.5;3364.5;3368.5;524506
14/09/2020;16:00:00;3369.75;3377.75;3366.25;3369.25;19975
14/09/2020;20:00:00;3369.25;3382.75;3366.75;3382.75;22458
15/09/2020;00:00:00;3382.75;3390.25;3377.75;3388;68285
15/09/2020;04:00:00;3388;3406.25;3387.75;3401.75;87981
15/09/2020;08:00:00;3401.75;3409;3394.5;3405.75;653917
15/09/2020;12:00:00;3405.75;3408.25;3378.5;3395;433128
15/09/2020;16:00:00;3395.75;3398.5;3385.25;3392.5;21733
15/09/2020;20:00:00;3392.5;3403.5;3389;3399.5;25370
16/09/2020;00:00:00;3399.5;3411.5;3393;3408.75;43453
16/09/2020;04:00:00;3408.75;3418.25;3406.25;3410;116047
16/09/2020;08:00:00;3410;3412.5;3392;3400.5;510141
16/09/2020;12:00:00;3400.75;3419.5;3373.75;3380.5;748560
16/09/2020;16:00:00;3381.5;3386.5;3361.75;3367.5;36825
16/09/2020;20:00:00;3367.5;3373.5;3334.5;3339.25;76187
17/09/2020;00:00:00;3339.5;3348.25;3310.25;3341;135423
17/09/2020;04:00:00;3341.25;3347;3319.5;3322;150837
17/09/2020;08:00:00;3321.75;3365.25;3315.75;3333.25;1287678
17/09/2020;12:00:00;3333.25;3354.25;3318;3347.5;790332
17/09/2020;16:00:00;3345;3358.5;3339;3342;33471
17/09/2020;20:00:00;3342;3349.5;3331;3346.75;37958
18/09/2020;00:00:00;3346.75;3356.25;3342.25;3349.5;63394
18/09/2020;04:00:00;3349.5;3360.25;3347.5;3360;106774
18/09/2020;08:00:00;3360;3363;3307;3310.5;1269055
18/09/2020;12:00:00;3310.25;3318;3280.75;3317.25;764365
20/09/2020;16:00:00;3314.5;3323;3296;3320.5;51165
20/09/2020;20:00:00;3320.75;3326.25;3303;3303.75;45072
21/09/2020;00:00:00;3303.75;3306.5;3247.25;3254.5;150068
21/09/2020;04:00:00;3254.25;3270.25;3248.75;3259;169310
21/09/2020;08:00:00;3259;3266.25;3217.75;3232.75;1123786
21/09/2020;12:00:00;3233;3279.25;3221.75;3273.75;912303
21/09/2020;16:00:00;3271.5;3289.5;3269.5;3283;29475
21/09/2020;20:00:00;3283;3283.25;3264.75;3274;46415
22/09/2020;00:00:00;3274;3276.25;3256.5;3269.75;85860
22/09/2020;04:00:00;3269.75;3286.5;3267.25;3277.75;118775
22/09/2020;08:00:00;3278;3291.75;3258.75;3273.25;765891
22/09/2020;12:00:00;3273;3309.5;3271.75;3300.75;494256
22/09/2020;16:00:00;3303.75;3305.75;3293.5;3294.25;36254
22/09/2020;20:00:00;3294.5;3303;3291.5;3299.75;35632
23/09/2020;00:00:00;3300;3316.25;3295;3315.75;77057
23/09/2020;04:00:00;3315.5;3319.75;3304.5;3306.5;89872
23/09/2020;08:00:00;3306.5;3312.5;3271.25;3286.5;808851
23/09/2020;12:00:00;3286.75;3287.25;3221;3231;891950
23/09/2020;16:00:00;3228;3235;3210;3234;56554
23/09/2020;20:00:00;3234.25;3239.25;3211.75;3213.25;65070
24/09/2020;00:00:00;3213;3233;3210;3224;100657
24/09/2020;04:00:00;3224;3236.5;3201.5;3206.75;144741
24/09/2020;08:00:00;3207;3253.25;3198;3251;1092649
24/09/2020;12:00:00;3251;3268.25;3218.75;3240.75;783874
24/09/2020;16:00:00;3243.5;3256.75;3242.75;3253.75;25864
24/09/2020;20:00:00;3254;3258.75;3249.25;3256.25;27692
25/09/2020;00:00:00;3256.25;3258;3232.5;3240.25;65140
25/09/2020;04:00:00;3240;3243;3206.5;3230.5;171501
25/09/2020;08:00:00;3230.5;3258.5;3216;3257;740127
25/09/2020;12:00:00;3257.25;3296.25;3254.25;3285.5;610358
27/09/2020;16:00:00;3291;3298.5;3287.5;3292.75;35813
27/09/2020;20:00:00;3293;3302;3292;3301.25;34171
28/09/2020;00:00:00;3301.25;3319.5;3301.25;3312.75;67955
28/09/2020;04:00:00;3313;3337;3312.25;3334.25;92387
28/09/2020;08:00:00;3334;3346.5;3321.75;3342.75;734640
28/09/2020;12:00:00;3343;3351.25;3336;3348.75;505211
28/09/2020;16:00:00;3348.75;3358.5;3346.75;3357;21009
28/09/2020;20:00:00;3357;3361.75;3351.75;3361.5;31421
29/09/2020;00:00:00;3361.75;3363;3332;3341.5;93311
29/09/2020;04:00:00;3341.25;3349;3336;3343.5;75679
29/09/2020;08:00:00;3343.25;3348.25;3317.5;3327.25;654191
29/09/2020;12:00:00;3327.5;3339.5;3316.5;3329.75;428767
29/09/2020;16:00:00;3330;3340.5;3327.5;3335;27291
29/09/2020;20:00:00;3334.5;3358.25;3303.5;3312.5;120268
30/09/2020;00:00:00;3312.5;3319.5;3291.25;3308.75;114375
30/09/2020;04:00:00;3308.5;3333;3296.25;3329.25;125172
30/09/2020;08:00:00;3329.25;3376.75;3328.25;3371.75;643022
30/09/2020;12:00:00;3371.75;3384;3329.25;3338.5;1071161
30/09/2020;16:00:00;3344.75;3363.5;3343.25;3356;41021
30/09/2020;20:00:00;3356;3372.75;3355.5;3367.25;28563
01/10/2020;00:00:00;3367.25;3383.25;3365;3369.5;71966
01/10/2020;04:00:00;3369.5;3388;3368.75;3377;117279
01/10/2020;08:00:00;3376.75;3387.5;3355.75;3371.75;711928
01/10/2020;12:00:00;3371.75;3377.25;3350;3368;511392
01/10/2020;16:00:00;3367;3375.5;3355.5;3358;43966
01/10/2020;20:00:00;3358;3365.25;3333;3335.5;56443
02/10/2020;00:00:00;3335.25;3339.5;3300.25;3329.25;213803
02/10/2020;04:00:00;3329;3335;3304;3314.75;183135
02/10/2020;08:00:00;3314.75;3359.5;3305.5;3354;919645
02/10/2020;12:00:00;3354;3358.5;3335.25;3345.5;561699
04/10/2020;16:00:00;3360;3367.25;3349.5;3367.25;44884
04/10/2020;20:00:00;3367;3367.75;3356;3361.5;25890
05/10/2020;00:00:00;3361.5;3364.25;3346.5;3355.75;57003
05/10/2020;04:00:00;3355.75;3366.25;3353.5;3360.75;67305
05/10/2020;08:00:00;3360.75;3388.75;3359.75;3386.25;411326
05/10/2020;12:00:00;3386.5;3400;3375.5;3392.25;449064
05/10/2020;16:00:00;3392;3397;3384.75;3390.75;37572
05/10/2020;20:00:00;3390.75;3399.25;3389.75;3395;33428
06/10/2020;00:00:00;3395;3398.75;3380.5;3385;53242
06/10/2020;04:00:00;3384.75;3403;3380.25;3399.25;92793
06/10/2020;08:00:00;3399.5;3405.75;3386.25;3403.5;529119
06/10/2020;12:00:00;3403.75;3421.75;3330.5;3334;926142
06/10/2020;16:00:00;3338;3350;3332.25;3347.5;50341
06/10/2020;20:00:00;3347.5;3360;3342.5;3357.25;48995
07/10/2020;00:00:00;3357;3378.25;3355.75;3372.75;78177
07/10/2020;04:00:00;3372.75;3384.75;3365.25;3379.25;102542
07/10/2020;08:00:00;3379.25;3399;3376.75;3396;585131
07/10/2020;12:00:00;3396;3416.75;3395.75;3407.75;493708
07/10/2020;16:00:00;3406.25;3415.5;3405.5;3410.5;23487
07/10/2020;20:00:00;3410.5;3421.5;3408.5;3418.25;33912
08/10/2020;00:00:00;3418.5;3433;3414.25;3421.5;74789
08/10/2020;04:00:00;3421.25;3431;3417;3427.75;103011
08/10/2020;08:00:00;3427.75;3436;3418.75;3433.25;520177
08/10/2020;12:00:00;3433.5;3447.25;3428;3446.25;313978
08/10/2020;16:00:00;3447.25;3456;3445.75;3451.75;42004
08/10/2020;20:00:00;3451.75;3460;3450.25;3455.75;25069
09/10/2020;00:00:00;3455.5;3456;3445.25;3451;52611
09/10/2020;04:00:00;3450.75;3459.75;3446.75;3458.25;74685
09/10/2020;08:00:00;3458;3474;3449.5;3467.25;593694
09/10/2020;12:00:00;3467;3480;3459.75;3476.5;356368
11/10/2020;16:00:00;3467.5;3474;3464.25;3468.75;36418
11/10/2020;20:00:00;3468.75;3479.5;3466.25;3479;35559
12/10/2020;00:00:00;3478.75;3491.75;3477.5;3481.25;70117
12/10/2020;04:00:00;3481.5;3500;3480.75;3496.5;90569
12/10/2020;08:00:00;3496.75;3534;3491.25;3529.25;575154
12/10/2020;12:00:00;3529.5;3541;3522.75;3531.75;543991
12/10/2020;16:00:00;3534;3535.75;3516.25;3520.75;39256
12/10/2020;20:00:00;3520.75;3523.25;3513.25;3518.75;32076
13/10/2020;00:00:00;3519;3529.75;3510;3527.75;91642
13/10/2020;04:00:00;3527.75;3532.25;3519.25;3522.5;134015
13/10/2020;08:00:00;3522.5;3524.75;3506.5;3514;711813
13/10/2020;12:00:00;3513.75;3516.75;3491.5;3501.75;585185
13/10/2020;16:00:00;3502;3513.5;3500.75;3509.75;19949
13/10/2020;20:00:00;3509.75;3521;3502.5;3514.75;46049
14/10/2020;00:00:00;3514.75;3524;3508.25;3520.25;52603
14/10/2020;04:00:00;3520.25;3523.75;3493.75;3511.5;120608
14/10/2020;08:00:00;3511.25;3520.25;3472;3480.75;707392
14/10/2020;12:00:00;3480.5;3493.75;3472.5;3479.5;565022
14/10/2020;16:00:00;3479.25;3486.5;3474.25;3478.75;40242
14/10/2020;20:00:00;3478.75;3483;3463.25;3470.75;44488
15/10/2020;00:00:00;3471;3476;3441;3444.5;123176
15/10/2020;04:00:00;3444.5;3451.5;3433.75;3438.5;175177
15/10/2020;08:00:00;3438.5;3464;3431.5;3459.25;806443
15/10/2020;12:00:00;3459;3481;3458;3476;429618
15/10/2020;16:00:00;3478.5;3487.25;3476;3483.75;28965
15/10/2020;20:00:00;3483.75;3491.25;3471;3472;38030
16/10/2020;00:00:00;3472;3481.75;3470.25;3478.75;64724
16/10/2020;04:00:00;3478.5;3490.75;3470.5;3490.25;107371
16/10/2020;08:00:00;3490.25;3508.5;3483.25;3491;631468
16/10/2020;12:00:00;3491;3500;3461.25;3464.75;472178
18/10/2020;16:00:00;3471;3481.5;3470;3481.25;25084
18/10/2020;20:00:00;3481.25;3487.5;3479;3485.25;27859
19/10/2020;00:00:00;3485.25;3496.5;3483;3492.75;50031
19/10/2020;04:00:00;3492.75;3496;3484.5;3485.75;60716
19/10/2020;08:00:00;3486;3493.75;3456.25;3462;678085
19/10/2020;12:00:00;3462;3464.25;3410.75;3433.75;771434
19/10/2020;16:00:00;3436;3445.5;3434.25;3441.25;27294
19/10/2020;20:00:00;3441.25;3443;3428.25;3432.5;41999
20/10/2020;00:00:00;3432.5;3445;3428.25;3440.25;60585
20/10/2020;04:00:00;3440.5;3451.75;3426.75;3435;100753
20/10/2020;08:00:00;3435;3458.25;3426.75;3451.75;741919
20/10/2020;12:00:00;3451.5;3469.75;3418.75;3428;710014
20/10/2020;16:00:00;3437;3450.5;3430.75;3446.25;47051
20/10/2020;20:00:00;3446.5;3458;3443;3455.5;42689
21/10/2020;00:00:00;3455.5;3457.5;3422.25;3422.75;82025
21/10/2020;04:00:00;3422.75;3439.25;3420.5;3435;90790
21/10/2020;08:00:00;3434.75;3457.25;3424.5;3428.25;814809
21/10/2020;12:00:00;3428;3450.75;3426;3431.5;576724
21/10/2020;16:00:00;3430.25;3434;3402.5;3414.5;80290
21/10/2020;20:00:00;3414.5;3415.5;3405;3407.75;31545
22/10/2020;00:00:00;3407.75;3427.75;3407;3423;80512
22/10/2020;04:00:00;3423;3431.5;3417.75;3424.5;101066
22/10/2020;08:00:00;3424.5;3438.25;3406.75;3431.75;749531
22/10/2020;12:00:00;3431.75;3453;3430.5;3450.5;437622
22/10/2020;16:00:00;3455.75;3457;3443.25;3448.5;25236
22/10/2020;20:00:00;3448.75;3454.25;3441;3452;25670
23/10/2020;00:00:00;3452;3460;3437;3453.25;72357
23/10/2020;04:00:00;3453;3462.5;3451.75;3460.75;72523
23/10/2020;08:00:00;3460.75;3461.75;3431.5;3434.5;637783
23/10/2020;12:00:00;3434.5;3458.5;3434;3452.75;347648
25/10/2020;16:00:00;3445.75;3446.25;3425;3439;48808
25/10/2020;20:00:00;3439.25;3442;3429.5;3431.25;32925
26/10/2020;00:00:00;3431.25;3434.75;3412;3420.75;80193
26/10/2020;04:00:00;3421;3424.75;3414;3416.5;76707
26/10/2020;08:00:00;3416.5;3430;3372.25;3374.75;932629
26/10/2020;12:00:00;3374.75;3398.5;3356;3394.75;751301
26/10/2020;16:00:00;3394.25;3404;3390;3403.5;30249
26/10/2020;20:00:00;3403.5;3404;3394.75;3401;25641
27/10/2020;00:00:00;3401.25;3408.25;3392.5;3400.25;66777
27/10/2020;04:00:00;3400;3410;3393.25;3398.75;110674
27/10/2020;08:00:00;3399;3401.5;3381.25;3390.25;766782
27/10/2020;12:00:00;3390.25;3401.5;3368.25;3368.5;536398
27/10/2020;16:00:00;3369;3370.25;3358;3362.75;36690
27/10/2020;20:00:00;3363;3367.25;3360.5;3364.5;26286
28/10/2020;00:00:00;3364.75;3370;3330.75;3341.75;123740
28/10/2020;04:00:00;3341.75;3345.75;3313.25;3317.25;162480
28/10/2020;08:00:00;3317.25;3328.25;3275.25;3283.25;1263343
28/10/2020;12:00:00;3283;3298;3260.75;3274.75;949157
28/10/2020;16:00:00;3279;3292.5;3272.25;3289.75;37847
28/10/2020;20:00:00;3289.75;3300;3289.5;3299;35050
29/10/2020;00:00:00;3299;3310.75;3283.25;3288.5;93683
29/10/2020;04:00:00;3288.5;3297;3255.75;3270.75;169823
29/10/2020;08:00:00;3270.5;3298.25;3250.25;3291.25;797680
29/10/2020;12:00:00;3291.5;3333.75;3270.75;3275.5;776368
29/10/2020;16:00:00;3268;3281.25;3264.25;3268;43061
29/10/2020;20:00:00;3267.75;3276.75;3266.25;3269.75;31292
30/10/2020;00:00:00;3269.5;3271;3226;3251.75;150556
30/10/2020;04:00:00;3251.75;3290.75;3249.5;3279.75;152881
30/10/2020;08:00:00;3279.5;3296.25;3231.25;3248.5;1006987
30/10/2020;12:00:00;3248.5;3282.5;3225;3278.25;1034883
01/11/2020;16:00:00;3260;3274.25;3243.25;3269.25;77523
01/11/2020;20:00:00;3269;3277.75;3264.75;3275.75;34760
02/11/2020;00:00:00;3275.25;3308.5;3262.75;3301.5;119756
02/11/2020;04:00:00;3301.25;3322.5;3297.5;3300.25;109967
02/11/2020;08:00:00;3300.25;3323.5;3286.5;3292.75;810324
02/11/2020;12:00:00;3292.75;3306.25;3272;3303.5;659849
02/11/2020;16:00:00;3304;3321.75;3301.25;3320;29087
02/11/2020;20:00:00;3320;3325;3311;3315.75;25382
03/11/2020;00:00:00;3315.75;3349.75;3313;3347.5;80151
03/11/2020;04:00:00;3347.25;3349.25;3333.75;3336.75;93263
03/11/2020;08:00:00;3336.75;3382.75;3331.5;3362.5;684921
03/11/2020;12:00:00;3362.75;3381.25;3346.5;3360;725604
03/11/2020;16:00:00;3362.75;3397;3336.25;3363.25;201298
03/11/2020;20:00:00;3363.5;3432.25;3328.5;3385;334844
04/11/2020;00:00:00;3385.25;3408;3319;3380;264774
04/11/2020;04:00:00;3380.25;3429.75;3357;3414;202656
04/11/2020;08:00:00;3414;3480;3395.75;3468;975665
04/11/2020;12:00:00;3468.25;3472.5;3431.5;3441;769535
04/11/2020;16:00:00;3448;3448;3428.25;3442.5;42346
04/11/2020;20:00:00;3443;3475.25;3429.75;3470.75;51095
05/11/2020;00:00:00;3470.75;3491;3453.5;3490;88511
05/11/2020;04:00:00;3490;3508.5;3487.75;3494.25;131363
05/11/2020;08:00:00;3494.25;3522.5;3485;3505.5;748434
05/11/2020;12:00:00;3505.75;3521.5;3494.75;3511.75;573866
05/11/2020;16:00:00;3508.75;3509.5;3482.75;3497.75;65549
05/11/2020;20:00:00;3498;3499;3476;3483.75;42540
06/11/2020;00:00:00;3484;3502.25;3461;3463;96701
06/11/2020;04:00:00;3463.25;3503.75;3456.75;3500.25;154325
06/11/2020;08:00:00;3500.25;3519;3476.5;3501.5;751826
06/11/2020;12:00:00;3501.5;3515.75;3492.25;3510;447941
08/11/2020;16:00:00;3522.5;3556.5;3515.75;3551.25;72052
08/11/2020;20:00:00;3551.25;3565.75;3548.5;3557.5;48414
09/11/2020;00:00:00;3557.25;3558.5;3545.25;3550.25;84113
09/11/2020;04:00:00;3550;3668;3546.75;3652;410933
09/11/2020;08:00:00;3652.25;3661.25;3588;3616;1169998
09/11/2020;12:00:00;3616.25;3622.75;3541.25;3547;745890
09/11/2020;16:00:00;3549.5;3562.75;3531.25;3547.25;65531
09/11/2020;20:00:00;3547.5;3553;3511.25;3521.5;81277
10/11/2020;00:00:00;3521.5;3559;3520;3553.5;130381
10/11/2020;04:00:00;3553.5;3555.5;3520;3534;147146
10/11/2020;08:00:00;3534;3552.5;3506.5;3543.25;1001308
10/11/2020;12:00:00;3543.25;3549.25;3522.75;3545.75;701818
10/11/2020;16:00:00;3546.25;3552.5;3531;3544.25;41115
10/11/2020;20:00:00;3544.25;3556.75;3540.25;3546;38239
11/11/2020;00:00:00;3545.75;3569.25;3543;3564;103168
11/11/2020;04:00:00;3564;3574.25;3562.75;3565.75;93747
11/11/2020;08:00:00;3565.75;3575;3551.75;3572.25;531534
11/11/2020;12:00:00;3572.25;3576.75;3551.25;3573.5;486552
11/11/2020;16:00:00;3574.5;3574.5;3561;3562.75;30550
11/11/2020;20:00:00;3562.75;3564.25;3538.25;3550.25;53728
12/11/2020;00:00:00;3550;3563.5;3540.5;3562;64114
12/11/2020;04:00:00;3562.25;3569.5;3544.5;3559;102238
12/11/2020;08:00:00;3559;3565.25;3525.5;3533.25;654616
12/11/2020;12:00:00;3533;3548;3513;3538.75;751966
12/11/2020;16:00:00;3537.5;3540;3521;3522.25;34326
12/11/2020;20:00:00;3522.25;3536;3518;3533;29500
13/11/2020;00:00:00;3533.25;3565;3532;3564;60112
13/11/2020;04:00:00;3563.75;3569;3554;3558;79570
13/11/2020;08:00:00;3557.75;3568.25;3547.5;3568.25;530263
13/11/2020;12:00:00;3568.25;3590;3565;3582;551514
15/11/2020;16:00:00;3587;3611;3586.5;3605;46881
15/11/2020;20:00:00;3605.25;3615;3605.25;3613.5;26493
16/11/2020;00:00:00;3613.5;3617.75;3603;3613.75;56730
16/11/2020;04:00:00;3613.75;3637;3607.75;3613.75;148170
16/11/2020;08:00:00;3613.75;3623.5;3596.75;3612;489937
16/11/2020;12:00:00;3612.25;3631;3597.25;3628.25;490763
16/11/2020;16:00:00;3625.5;3630;3607.5;3609;35863
16/11/2020;20:00:00;3609.25;3613.5;3602.75;3603;28292
17/11/2020;00:00:00;3603.25;3616.5;3602.75;3611.5;38982
17/11/2020;04:00:00;3611.25;3611.75;3593;3599.25;96806
17/11/2020;08:00:00;3599.5;3618.5;3584.25;3614.25;610142
17/11/2020;12:00:00;3614.25;3620.25;3598.25;3604;431048
17/11/2020;16:00:00;3604.5;3611.75;3595.5;3596.5;30508
17/11/2020;20:00:00;3596.5;3604.25;3591.5;3594.25;27813
18/11/2020;00:00:00;3594;3612;3585.75;3610.25;49387
18/11/2020;04:00:00;3610.25;3623.25;3609.75;3614.75;84928
18/11/2020;08:00:00;3614.5;3616.25;3604;3609;443282
18/11/2020;12:00:00;3609;3611.5;3556.5;3560;634718
18/11/2020;16:00:00;3562;3568.25;3553.75;3565.25;39305
18/11/2020;20:00:00;3565.25;3569.5;3554.25;3566.75;24675
19/11/2020;00:00:00;3566.75;3573.75;3544;3549;73361
19/11/2020;04:00:00;3549;3564.25;3542.5;3560.5;92190
19/11/2020;08:00:00;3560.25;3567.5;3542.25;3555.5;579863
19/11/2020;12:00:00;3555.5;3582.75;3554.25;3562.25;430802
19/11/2020;16:00:00;3560;3560;3544;3556;54062
19/11/2020;20:00:00;3556.25;3567;3551.75;3563.75;30869
20/11/2020;00:00:00;3563.5;3576.5;3559;3572.5;47268
20/11/2020;04:00:00;3572.5;3582.5;3570.75;3571;78254
20/11/2020;08:00:00;3571;3578.75;3562;3569.5;483424
20/11/2020;12:00:00;3569.5;3574.75;3542.75;3551.5;434596
22/11/2020;16:00:00;3546.5;3566.5;3545.5;3563;37724
22/11/2020;20:00:00;3563;3566.75;3561.75;3564.5;13848
23/11/2020;00:00:00;3564.5;3580;3562.75;3577.5;60295
23/11/2020;04:00:00;3577.25;3578.5;3561;3569.75;90759
23/11/2020;08:00:00;3569.75;3588;3548.75;3567;533086
23/11/2020;12:00:00;3567;3584.5;3562.5;3576;421046
23/11/2020;16:00:00;3576;3597.5;3575.25;3593;43182
23/11/2020;20:00:00;3593;3606;3593;3602;27427
24/11/2020;00:00:00;3602.25;3606;3597.25;3603.25;41609
24/11/2020;04:00:00;3603.25;3607.75;3596;3603.5;69205
24/11/2020;08:00:00;3603.25;3635.75;3593.25;3630.5;589415
24/11/2020;12:00:00;3630.5;3640;3623.5;3638.25;467570
24/11/2020;16:00:00;3635.5;3655;3634.5;3650.5;47458
24/11/2020;20:00:00;3650.75;3652.75;3632;3632.5;34838
25/11/2020;00:00:00;3632.75;3643.25;3625.75;3632.25;50605
25/11/2020;04:00:00;3632.5;3636.25;3624.5;3630;73103
25/11/2020;08:00:00;3629.75;3633.25;3615.25;3627.25;408427
25/11/2020;12:00:00;3627.5;3632;3619.5;3629;372527
25/11/2020;16:00:00;3630.25;3637.5;3626.25;3636;14047
25/11/2020;20:00:00;3636;3637.5;3628.5;3637;15018
26/11/2020;00:00:00;3637;3638.75;3627;3629.5;24178
26/11/2020;04:00:00;3629.5;3631.75;3624.25;3628;19302
26/11/2020;08:00:00;3628.5;3630.75;3613.25;3617.75;38819
26/11/2020;16:00:00;3620.5;3623.25;3614.25;3617.75;19005
26/11/2020;20:00:00;3617.75;3630;3612.75;3629.75;19251
27/11/2020;00:00:00;3630;3637.75;3627.25;3632.5;31922
27/11/2020;04:00:00;3632.75;3641.5;3630.25;3638.75;44018
27/11/2020;08:00:00;3639;3642.75;3626.25;3637;368050
27/11/2020;12:00:00;3637;3638;3634.25;3637;18650
29/11/2020;16:00:00;3643.75;3652;3623.25;3629;46152
29/11/2020;20:00:00;3629;3634;3610.5;3614.75;39069
30/11/2020;00:00:00;3614.75;3624.75;3602.75;3623.25;62086
30/11/2020;04:00:00;3623;3632.5;3614.25;3628.5;74012
30/11/2020;08:00:00;3628.5;3635.5;3592.25;3613.25;693041
30/11/2020;12:00:00;3613.5;3633.25;3606.75;3632.5;699838
30/11/2020;16:00:00;3631;3648.75;3626;3648.5;48941
30/11/2020;20:00:00;3648.5;3660.75;3648;3653.75;37101
01/12/2020;00:00:00;3654;3663.25;3646;3658.5;63285
01/12/2020;04:00:00;3658.25;3664.5;3654.25;3659.5;75542
01/12/2020;08:00:00;3659.5;3675.5;3650.25;3665;642482
01/12/2020;12:00:00;3665;3677.5;3655.5;3660;436920
01/12/2020;16:00:00;3661.25;3666;3642.5;3647.25;41772
01/12/2020;20:00:00;3647.25;3653.5;3644;3648.75;23006
02/12/2020;00:00:00;3649;3658;3646.25;3654;47608
02/12/2020;04:00:00;3654.25;3657.25;3643.75;3650;61642
02/12/2020;08:00:00;3650;3664.75;3642.25;3661;497455
02/12/2020;12:00:00;3660.75;3672.75;3655;3670.25;347221
02/12/2020;16:00:00;3671;3673.5;3663.75;3668;23697
02/12/2020;20:00:00;3668;3674.5;3661.5;3662.75;28471
03/12/2020;00:00:00;3662.75;3669.75;3657.5;3662;33829
03/12/2020;04:00:00;3662;3669.75;3661.25;3666.75;48776
03/12/2020;08:00:00;3666.75;3679.75;3666.25;3674.5;449951
03/12/2020;12:00:00;3674.75;3682;3655.25;3667.5;475430
03/12/2020;16:00:00;3668.25;3674.5;3665.5;3669.5;24443
03/12/2020;20:00:00;3669.75;3675.5;3667.5;3674;16953
04/12/2020;00:00:00;3674.25;3680;3671;3676;34980
04/12/2020;04:00:00;3676.25;3680;3667.5;3673.75;70058
04/12/2020;08:00:00;3673.5;3693.25;3671.5;3690.5;419569
04/12/2020;12:00:00;3690.25;3700;3685.5;3690.25;363039
06/12/2020;16:00:00;3694.75;3705;3692.5;3694.5;39978
06/12/2020;20:00:00;3694.5;3694.75;3685.75;3687;24114
07/12/2020;00:00:00;3687.25;3693;3672.25;3681.75;61233
07/12/2020;04:00:00;3681.75;3689.75;3680.5;3689.75;47903
07/12/2020;08:00:00;3689.5;3696.5;3688.5;3688.75;386077
07/12/2020;12:00:00;3689;3693;3677.25;3681.5;451470
07/12/2020;16:00:00;3682.75;3684.75;3677.25;3680;28005
07/12/2020;20:00:00;3680;3683;3676;3682;20857
08/12/2020;00:00:00;3681.75;3687.5;3675;3677.75;49096
08/12/2020;04:00:00;3677.75;3679.25;3664.25;3676.5;85972
08/12/2020;08:00:00;3676.5;3703.25;3673.25;3700.25;538258
08/12/2020;12:00:00;3700.25;3708;3699.25;3703;325431
08/12/2020;16:00:00;3707.75;3714.75;3704.75;3705.5;44706
08/12/2020;20:00:00;3705.5;3711.75;3705.25;3711;14991
09/12/2020;00:00:00;3711;3714;3706.25;3711.25;39729
09/12/2020;04:00:00;3711.25;3711.75;3704.5;3708.25;43998
09/12/2020;08:00:00;3708;3710.5;3677.5;3685;647685
09/12/2020;12:00:00;3685;3685.75;3659.5;3671.25;886919
09/12/2020;16:00:00;3669.5;3677.5;3669.5;3674;25083
09/12/2020;20:00:00;3673.75;3677.75;3668.25;3671;21900
10/12/2020;00:00:00;3671;3673.25;3656.75;3668.25;5502
10/12/2020;04:00:00;3668.5;3671.5;3643.75;3644.5;12458
10/12/2020;08:00:00;3644.5;3670.25;3636;3657;104706
10/12/2020;12:00:00;3657;3667;3649.5;3658.5;83916
10/12/2020;16:00:00;3662.75;3667;3658.25;3664;12992
10/12/2020;20:00:00;3663.75;3664;3653.5;3654.75;13428
11/12/2020;00:00:00;3654.75;3664.25;3632.75;3637.5;41837
11/12/2020;04:00:00;3637.25;3642.5;3620.75;3637.75;48462
11/12/2020;08:00:00;3637.5;3651.5;3624.5;3634.5;465982
11/12/2020;12:00:00;3634.5;3657.75;3633.5;3652.75;400063
13/12/2020;16:00:00;3670;3678;3667.5;3672.75;30336
13/12/2020;20:00:00;3672.75;3674.25;3667.75;3668.25;15498
14/12/2020;00:00:00;3668.25;3677.5;3667.25;3675.25;35442
14/12/2020;04:00:00;3675.25;3685;3674;3680.25;62415
14/12/2020;08:00:00;3680.5;3691.5;3658.75;3661.5;646227
14/12/2020;12:00:00;3661.5;3664.75;3637.5;3644.5;575765
14/12/2020;16:00:00;3647;3651;3642;3644.75;29910
14/12/2020;20:00:00;3644.75;3647;3636.25;3645;23898
15/12/2020;00:00:00;3645.25;3665;3643.5;3662.25;40300
15/12/2020;04:00:00;3662.5;3668.5;3658.75;3666.25;52563
15/12/2020;08:00:00;3666.25;3678;3652.25;3677.5;620393
15/12/2020;12:00:00;3677.5;3688.5;3676.25;3686.75;451035
15/12/2020;16:00:00;3689.75;3689.75;3680;3682.75;18151
15/12/2020;20:00:00;3682.75;3689.5;3682.5;3685.75;15905
16/12/2020;00:00:00;3685.5;3698.75;3683.75;3696.25;40395
16/12/2020;04:00:00;3696;3701.75;3688.75;3693;76002
16/12/2020;08:00:00;3693;3696.25;3681.25;3692.75;437229
16/12/2020;12:00:00;3692.5;3704.5;3683;3693.75;553269
16/12/2020;16:00:00;3697;3698.5;3692;3695.75;18692
16/12/2020;20:00:00;3696;3706.25;3694.75;3705.75;20618
17/12/2020;00:00:00;3705.75;3717.5;3704.75;3713.25;45184
17/12/2020;04:00:00;3713.25;3715.5;3707.5;3709.25;49122
17/12/2020;08:00:00;3709.5;3717;3702;3708.25;531025
17/12/2020;12:00:00;3708.25;3716;3706.5;3714.5;410159
17/12/2020;16:00:00;3713;3714.75;3707.25;3708;16954
17/12/2020;20:00:00;3708;3709.25;3699.25;3704.5;22372
18/12/2020;00:00:00;3704.75;3723;3703.5;3714.5;38675
18/12/2020;04:00:00;3714.5;3719;3712;3715.25;58757
18/12/2020;08:00:00;3715.5;3721.25;3683.25;3695.75;700850
18/12/2020;12:00:00;3695.75;3720;3677.25;3716.5;765635
20/12/2020;16:00:00;3718.25;3724;3697;3700.25;69802
20/12/2020;20:00:00;3700;3709.5;3696.5;3708.5;26898
21/12/2020;00:00:00;3708.5;3708.5;3661;3664.5;97956
21/12/2020;04:00:00;3664.75;3664.75;3596;3648.5;257345
21/12/2020;08:00:00;3648.75;3680.75;3625;3678.5;814944
21/12/2020;12:00:00;3678.5;3694.25;3671.75;3684.25;526243
21/12/2020;16:00:00;3685;3689.75;3675.5;3683;26888
21/12/2020;20:00:00;3682.75;3689;3664.25;3667.5;35272
22/12/2020;00:00:00;3667.75;3693.5;3663.75;3685.75;56293
22/12/2020;04:00:00;3686;3695;3683;3689.5;51187
22/12/2020;08:00:00;3689.75;3691;3665.75;3680.25;596932
22/12/2020;12:00:00;3680.25;3688.25;3671.5;3674.75;326249
22/12/2020;16:00:00;3674.25;3684.75;3651;3661;66846
22/12/2020;20:00:00;3661;3675.5;3655;3671.25;34848
23/12/2020;00:00:00;3671.25;3688.5;3670.5;3687.5;40801
23/12/2020;04:00:00;3687.75;3690.75;3681.5;3687;42479
23/12/2020;08:00:00;3687.25;3699.25;3685.75;3698;443802
23/12/2020;12:00:00;3698;3701.75;3674.5;3685;364649
23/12/2020;16:00:00;3685.25;3689;3678.5;3687.5;22452
23/12/2020;20:00:00;3687.5;3691.75;3685.5;3687.75;14621
24/12/2020;00:00:00;3688;3694.5;3686.75;3690.5;16229
24/12/2020;04:00:00;3690.75;3692.5;3685;3687.25;18109
24/12/2020;08:00:00;3687.25;3695.5;3679.75;3695.25;263438
24/12/2020;12:00:00;3695.25;3696;3692.25;3692.75;20333
27/12/2020;16:00:00;3682;3712;3676;3711.75;46720
27/12/2020;20:00:00;3711.5;3719.75;3710.5;3717.75;27413
28/12/2020;00:00:00;3717.75;3721;3714.25;3718;24196
28/12/2020;04:00:00;3718.25;3726.5;3716.75;3722.25;32201
28/12/2020;08:00:00;3722.25;3729.5;3716;3726.75;352761
28/12/2020;12:00:00;3726.75;3732.25;3724.75;3729.5;248371
28/12/2020;16:00:00;3731;3740.5;3729.25;3738;24772
28/12/2020;20:00:00;3738.25;3747.5;3737.5;3745;22181
29/12/2020;00:00:00;3745;3747.75;3743;3744.25;29445
29/12/2020;04:00:00;3744.25;3746;3740.5;3742.75;30208
29/12/2020;08:00:00;3743;3746.25;3714.5;3721.5;541697
29/12/2020;12:00:00;3721.75;3726;3714.75;3724.25;324010
29/12/2020;16:00:00;3724.5;3726.75;3716.5;3723.75;23944
29/12/2020;20:00:00;3724;3737.5;3723.75;3729.75;24935
30/12/2020;00:00:00;3729.75;3738.25;3729.75;3732.75;27265
30/12/2020;04:00:00;3732.75;3736.5;3727.75;3728;29046
30/12/2020;08:00:00;3728;3736.25;3725.75;3728;336029
30/12/2020;12:00:00;3728.25;3730.75;3720.75;3724.75;297131
30/12/2020;16:00:00;3725;3729;3723.5;3729;10741
30/12/2020;20:00:00;3728.75;3729.5;3721.5;3725.75;14493
31/12/2020;00:00:00;3725.75;3726.5;3715;3718.25;21693
31/12/2020;04:00:00;3718.25;3728.5;3716.5;3722.25;30917
31/12/2020;08:00:00;3722.25;3727.5;3717.75;3724.5;294654
31/12/2020;12:00:00;3724.5;3753;3720.5;3748.75;544581
03/01/2021;16:00:00;3748.75;3755.5;3738.25;3747.5;50248
03/01/2021;20:00:00;3747.75;3751.25;3745.25;3749.25;20759
04/01/2021;00:00:00;3749.25;3773.25;3748.25;3771;70359
04/01/2021;04:00:00;3770.75;3772.75;3761;3762;51661
04/01/2021;08:00:00;3762;3763.75;3652.5;3667;1103644
04/01/2021;12:00:00;3667;3699.25;3664.75;3696;675027
04/01/2021;16:00:00;3695;3705;3686.5;3701;32996
04/01/2021;20:00:00;3700.75;3705;3685.75;3693.75;35051
05/01/2021;00:00:00;3693.75;3703.5;3677.75;3698.25;70713
05/01/2021;04:00:00;3698.25;3704;3674;3674.5;85763
05/01/2021;08:00:00;3674.75;3714;3673.25;3709.25;654554
05/01/2021;12:00:00;3709.25;3730;3707.75;3717.5;476917
05/01/2021;16:00:00;3717.5;3734.75;3695;3707.25;92265
05/01/2021;20:00:00;3707.25;3713.25;3686.25;3696.75;101827
06/01/2021;00:00:00;3696.75;3719.25;3685.5;3708.75;100893
06/01/2021;04:00:00;3708.5;3718.75;3696.25;3699.25;107201
06/01/2021;08:00:00;3699.25;3770.5;3695.75;3769.25;727363
06/01/2021;12:00:00;3769.25;3774.75;3730;3749.25;941500
06/01/2021;16:00:00;3752.5;3765;3742;3764;47305
06/01/2021;20:00:00;3764;3770.5;3755;3761.25;31852
07/01/2021;00:00:00;3761.25;3773.25;3753.25;3758;66233
07/01/2021;04:00:00;3757.75;3763.5;3747;3758.5;75429
07/01/2021;08:00:00;3758.5;3803.25;3758.25;3793.75;623369
07/01/2021;12:00:00;3794;3804;3789;3796;406054
07/01/2021;16:00:00;3797.75;3811.25;3792.75;3809.5;34044
07/01/2021;20:00:00;3809.5;3815.75;3806.5;3812.5;32466
08/01/2021;00:00:00;3812.75;3817.75;3798.5;3807;61509
08/01/2021;04:00:00;3807.25;3812.25;3801.25;3805.25;74224
08/01/2021;08:00:00;3805.25;3816.5;3793;3802.25;643028
08/01/2021;12:00:00;3802.25;3824.5;3775;3822;701193
10/01/2021;16:00:00;3815.5;3820.75;3798.75;3799.75;41051
10/01/2021;20:00:00;3799.75;3801;3790.5;3793.75;42917
11/01/2021;00:00:00;3793.75;3804.5;3790;3792.75;50809
11/01/2021;04:00:00;3792.75;3800.75;3781.5;3782.75;79199
11/01/2021;08:00:00;3783;3810.5;3776.5;3807;576026
11/01/2021;12:00:00;3807;3809.25;3785.5;3791.75;465529
11/01/2021;16:00:00;3794.25;3804.5;3788.75;3797.25;32904
11/01/2021;20:00:00;3797.5;3799.75;3787.75;3796;23389
12/01/2021;00:00:00;3795.75;3806.75;3793.75;3802.5;41996
12/01/2021;04:00:00;3802.75;3804.5;3786;3790.5;58797
12/01/2021;08:00:00;3790.5;3803.25;3768;3784.5;629968
12/01/2021;12:00:00;3784.25;3799.5;3782;3792.5;408443
12/01/2021;16:00:00;3792;3799.5;3790.5;3799.25;19938
12/01/2021;20:00:00;3799;3805;3797;3798.75;23931
13/01/2021;00:00:00;3798.75;3802.25;3796.5;3799.5;34439
13/01/2021;04:00:00;3799.75;3800.25;3776.5;3787.25;98249
13/01/2021;08:00:00;3787.25;3808;3782.75;3806;493111
13/01/2021;12:00:00;3806;3813.5;3800.75;3805.75;342093
13/01/2021;16:00:00;3808.5;3816;3805.25;3815.75;23067
13/01/2021;20:00:00;3815.75;3817.75;3806;3810.75;36994
14/01/2021;00:00:00;3811;3814.75;3806.75;3812;34354
14/01/2021;04:00:00;3812.25;3812.25;3804.25;3809.5;55383
14/01/2021;08:00:00;3809.5;3816;3803;3811.5;480110
14/01/2021;12:00:00;3811.5;3812.25;3786.25;3789.75;499950
14/01/2021;16:00:00;3793;3797.75;3777.25;3782.5;48841
14/01/2021;20:00:00;3782.5;3788.5;3765.25;3766.25;46626
15/01/2021;00:00:00;3766.5;3783.25;3765.25;3779.5;54372
15/01/2021;04:00:00;3779.25;3784.5;3770.5;3772.5;98623
15/01/2021;08:00:00;3772.5;3780.5;3741.5;3771.25;894083
15/01/2021;12:00:00;3771.25;3777.75;3744.5;3746.25;559755
17/01/2021;16:00:00;3750;3760;3740.5;3753.25;39942
17/01/2021;20:00:00;3753.25;3758;3750;3757.25;18960
18/01/2021;00:00:00;3757;3757.5;3750;3754.25;23072
18/01/2021;04:00:00;3754.25;3767;3753.5;3764;34407
18/01/2021;08:00:00;3764;3769;3760.25;3768.5;36565
18/01/2021;16:00:00;3769.25;3784.25;3767.75;3782.25;28848
18/01/2021;20:00:00;3782.5;3796.25;3781.25;3783.5;42582
19/01/2021;00:00:00;3783.75;3792.5;3782.5;3788.25;38419
19/01/2021;04:00:00;3788.25;3792.25;3785.5;3786.5;48763
19/01/2021;08:00:00;3786.5;3792.75;3772.25;3791.75;571507
19/01/2021;12:00:00;3792;3797;3788;3794;376917
19/01/2021;16:00:00;3796.75;3803.75;3790.25;3795.25;31838
19/01/2021;20:00:00;3795.25;3799.5;3788.5;3794.75;25205
20/01/2021;00:00:00;3794.75;3807.25;3793;3802.75;47454
20/01/2021;04:00:00;3803;3811;3802;3810.75;65899
20/01/2021;08:00:00;3811;3842.25;3810.75;3841.25;573061
20/01/2021;12:00:00;3841.25;3852.5;3838.5;3840.25;455245
20/01/2021;16:00:00;3841.5;3855;3840.75;3850.25;33226
20/01/2021;20:00:00;3850.5;3859.75;3850;3857.75;26006
21/01/2021;00:00:00;3857.75;3858.5;3847.75;3851;38047
21/01/2021;04:00:00;3851;3857.5;3842.75;3845.5;74389
21/01/2021;08:00:00;3845.25;3853.75;3836.5;3843.5;540190
21/01/2021;12:00:00;3843.5;3853.75;3842.25;3846.5;313192
21/01/2021;16:00:00;3846.75;3849;3839;3841;27089
21/01/2021;20:00:00;3841;3841.75;3830.75;3835.25;34929
22/01/2021;00:00:00;3835.5;3837;3817;3820.5;77087
22/01/2021;04:00:00;3820.75;3824.5;3813.25;3820.75;98682
22/01/2021;08:00:00;3820.5;3842.5;3819.75;3839;522434
22/01/2021;12:00:00;3839;3845;3830;3830;378026
24/01/2021;16:00:00;3835.5;3848;3834;3845.5;29151
24/01/2021;20:00:00;3845.5;3851.75;3845.5;3849.75;22675
25/01/2021;00:00:00;3850;3853.25;3842;3843.25;41125
25/01/2021;04:00:00;3843.25;3848.5;3830;3836.5;136979
25/01/2021;08:00:00;3836.5;3852;3788.5;3834.5;1033933
25/01/2021;12:00:00;3834.25;3851.5;3828.5;3847;459448
25/01/2021;16:00:00;3845;3848;3836.75;3839.75;24308
25/01/2021;20:00:00;3839.75;3840.75;3821.5;3826.25;39701
26/01/2021;00:00:00;3826.5;3847.5;3822;3839.75;57747
26/01/2021;04:00:00;3839.75;3856.75;3837.75;3855.25;82645
26/01/2021;08:00:00;3855.25;3862.25;3840;3844.25;568700
26/01/2021;12:00:00;3844.25;3854;3840;3846.5;382781
26/01/2021;16:00:00;3845.25;3853;3838.25;3840.75;31008
26/01/2021;20:00:00;3840.5;3840.75;3834.25;3840;30822
27/01/2021;00:00:00;3840;3843.75;3833.25;3838;50198
27/01/2021;04:00:00;3837.75;3837.75;3791;3803.5;246289
27/01/2021;08:00:00;3803.5;3807.25;3759.5;3790.25;1083924
27/01/2021;12:00:00;3790;3792.75;3706.5;3733.75;1061698
27/01/2021;16:00:00;3735.25;3750;3703.5;3746.5;109843
27/01/2021;20:00:00;3746.25;3749.25;3727.25;3730;61726
28/01/2021;00:00:00;3730;3737.75;3706.5;3720.25;124653
28/01/2021;04:00:00;3720.25;3767.5;3716;3764.5;206931
28/01/2021;08:00:00;3764.75;3822.5;3762.5;3819;926851
28/01/2021;12:00:00;3819;3823.5;3765.25;3768;656367
28/01/2021;16:00:00;3770.25;3777.25;3753.5;3754.25;60282
28/01/2021;20:00:00;3754.25;3760.5;3725.25;3734.25;78394
29/01/2021;00:00:00;3734.25;3752.5;3721.5;3740.5;129899
29/01/2021;04:00:00;3740.5;3774.75;3727.5;3765;219989
29/01/2021;08:00:00;3765;3770.25;3688.25;3695.25;1098923
29/01/2021;12:00:00;3695.25;3735;3685.5;3696.5;1023568
31/01/2021;16:00:00;3692.25;3698.5;3656.5;3693.25;97102
31/01/2021;20:00:00;3693.25;3725;3692.5;3723.75;59912
01/02/2021;00:00:00;3723.75;3743.75;3715.25;3738.25;98744
01/02/2021;04:00:00;3738.25;3751.25;3732.5;3737.75;113273
01/02/2021;08:00:00;3737.75;3768.25;3717.25;3768;753703
01/02/2021;12:00:00;3768;3777;3756.5;3763.75;511865
01/02/2021;16:00:00;3764.75;3787.75;3760;3786;50292
01/02/2021;20:00:00;3786;3792;3781.25;3789.75;36302
02/02/2021;00:00:00;3789.75;3802.25;3781;3799.5;65486
02/02/2021;04:00:00;3799.5;3804;3792.75;3799.25;74118
02/02/2021;08:00:00;3799.25;3835.75;3795.25;3833.5;684599
02/02/2021;12:00:00;3833.5;3835;3813.75;3828.25;470714
02/02/2021;16:00:00;3829.5;3839.25;3825;3831.25;42134
02/02/2021;20:00:00;3831.25;3836.75;3825;3836.25;27309
03/02/2021;00:00:00;3836.25;3843.5;3828;3830.5;69079
03/02/2021;04:00:00;3830.25;3835.75;3827;3832.75;66897
03/02/2021;08:00:00;3832.75;3834;3807.75;3832;613076
03/02/2021;12:00:00;3832;3840;3821;3832.5;422132
03/02/2021;16:00:00;3832.75;3835.5;3824.5;3827.5;28294
03/02/2021;20:00:00;3827.75;3831.75;3811.25;3817.75;42926
04/02/2021;00:00:00;3818;3832.5;3814;3826.5;42431
04/02/2021;04:00:00;3826.5;3834.5;3821.25;3831.75;61489
04/02/2021;08:00:00;3831.75;3853.5;3829.5;3850.75;549229
04/02/2021;12:00:00;3850.75;3869.75;3850;3866.5;383125
04/02/2021;16:00:00;3864.25;3868.75;3860;3867.75;29429
04/02/2021;20:00:00;3868;3877.25;3866.25;3877;33743
05/02/2021;00:00:00;3877.25;3881;3870;3878;42054
05/02/2021;04:00:00;3877.75;3886.25;3876.5;3880;88531
05/02/2021;08:00:00;3880.25;3888.25;3868.5;3888;550970
05/02/2021;12:00:00;3887.75;3888.25;3875.25;3884.75;332847
07/02/2021;16:00:00;3889;3899.75;3885.5;3899;41398
07/02/2021;20:00:00;3899;3900.5;3895;3896.25;31343
08/02/2021;00:00:00;3896.5;3899;3885.75;3891.75;40439
08/02/2021;04:00:00;3891.5;3896.75;3887.75;3895.5;49003
08/02/2021;08:00:00;3895.25;3903;3887;3893.75;460575
08/02/2021;12:00:00;3893.75;3911.25;3889.25;3910.5;314144
08/02/2021;16:00:00;3910.5;3913.25;3903.75;3910.25;28467
08/02/2021;20:00:00;3910.25;3912;3906.25;3909;18128
09/02/2021;00:00:00;3909;3910.25;3901.75;3904.5;38512
09/02/2021;04:00:00;3904.75;3905.75;3898;3902.5;57432
09/02/2021;08:00:00;3902.25;3911.5;3895;3910.25;443771
09/02/2021;12:00:00;3910.25;3912.25;3902.25;3910.75;275217
09/02/2021;16:00:00;3912.25;3919.25;3907.25;3919;26876
09/02/2021;20:00:00;3919;3921.5;3917.5;3919.25;23095
10/02/2021;00:00:00;3919.5;3924;3915.5;3918.75;40210
10/02/2021;04:00:00;3918.75;3928.5;3916;3924.75;75575
10/02/2021;08:00:00;3924.5;3926;3878.25;3898.75;923707
10/02/2021;12:00:00;3898.75;3914.5;3897.25;3908.25;440076
10/02/2021;16:00:00;3907;3908.75;3895;3896.5;26452
10/02/2021;20:00:00;3896.5;3908.25;3896;3905.25;18757
11/02/2021;00:00:00;3905.25;3917;3905.25;3915.25;35076
11/02/2021;04:00:00;3915.25;3918.5;3912;3915;53961
11/02/2021;08:00:00;3915.25;3920.5;3884.5;3896.75;689471
11/02/2021;12:00:00;3896.5;3913.75;3891.25;3905.75;442220
11/02/2021;16:00:00;3905.25;3914;3903.25;3907;21859
11/02/2021;20:00:00;3907;3908;3901.25;3907.5;14504
12/02/2021;00:00:00;3907.5;3907.75;3890.25;3902;42638
12/02/2021;04:00:00;3902;3907.25;3899;3900;53783
12/02/2021;08:00:00;3900;3919.75;3899.25;3915;435184
12/02/2021;12:00:00;3915;3936.25;3908.25;3935.75;422898
14/02/2021;16:00:00;3936.5;3946.5;3934.75;3944;26203
14/02/2021;20:00:00;3944;3949.25;3943.75;3946.25;14273
15/02/2021;00:00:00;3946.5;3949.25;3943.25;3947.75;27864
15/02/2021;04:00:00;3947.75;3951.25;3945.5;3947.5;28360
15/02/2021;08:00:00;3947.25;3952;3946.75;3950.5;33251
15/02/2021;16:00:00;3950.75;3958.5;3947;3956.25;26892
15/02/2021;20:00:00;3956;3959.25;3951;3953.5;24822
16/02/2021;00:00:00;3953;3955.5;3945.25;3950.25;42744
16/02/2021;04:00:00;3950.25;3954;3942;3943.75;75245
16/02/2021;08:00:00;3943.75;3945;3918.75;3932;764242
16/02/2021;12:00:00;3932.25;3936.75;3923.5;3929.25;353694
16/02/2021;16:00:00;3929;3931;3913;3919.75;50320
16/02/2021;20:00:00;3919.5;3931.75;3918;3927.75;30054
17/02/2021;00:00:00;3927.75;3932.25;3916.5;3923;64391
17/02/2021;04:00:00;3923;3930.5;3910.75;3916.25;108842
17/02/2021;08:00:00;3916.25;3920.75;3896.5;3913.75;776822
17/02/2021;12:00:00;3913.75;3930;3913;3927;326551
17/02/2021;16:00:00;3928.25;3936;3924;3927.25;39282
17/02/2021;20:00:00;3927.25;3934;3914;3920;47306
18/02/2021;00:00:00;3920.25;3924.75;3910.25;3918.25;58229
18/02/2021;04:00:00;3918.25;3919.5;3898.75;3901.5;129708
18/02/2021;08:00:00;3901.5;3906.25;3880.5;3894.75;790634
18/02/2021;12:00:00;3894.75;3918.5;3891.25;3910.75;432556
18/02/2021;16:00:00;3910.5;3913.75;3892.75;3898.5;44900
18/02/2021;20:00:00;3898.5;3904.75;3890.25;3904.25;38100
19/02/2021;00:00:00;3904.25;3924;3903.25;3919;69767
19/02/2021;04:00:00;3919.25;3931;3915.25;3929;94796
19/02/2021;08:00:00;3929;3929.25;3904;3909;613943
19/02/2021;12:00:00;3909.25;3913.75;3896.75;3899.25;510144
21/02/2021;16:00:00;3905.5;3914.5;3894;3904;53867
21/02/2021;20:00:00;3903.75;3908.5;3889.75;3891.5;56068
22/02/2021;00:00:00;3891.75;3896;3861.25;3874.25;139980
22/02/2021;04:00:00;3874;3880;3866.25;3876.75;107678
22/02/2021;08:00:00;3877;3891.75;3867.75;3890.75;639132
22/02/2021;12:00:00;3890.75;3899.25;3872;3877.5;477888
22/02/2021;16:00:00;3878;3883.5;3868.25;3882;46615
22/02/2021;20:00:00;3882;3896;3878.75;3892.75;35769
23/02/2021;00:00:00;3892.75;3894;3855.5;3857.5;102491
23/02/2021;04:00:00;3857.5;3860;3840;3854;201858
23/02/2021;08:00:00;3854.25;3864.25;3804.75;3830.75;1196322
23/02/2021;12:00:00;3830.75;3892.25;3827.75;3876;642586
23/02/2021;16:00:00;3876.25;3889.75;3865.5;3884.5;58352
23/02/2021;20:00:00;3884.75;3887;3860.25;3860.5;68337
24/02/2021;00:00:00;3860.5;3885.5;3851.75;3883.5;102325
24/02/2021;04:00:00;3883.75;3896.5;3862.75;3867.5;171951
24/02/2021;08:00:00;3867.5;3915.5;3855.5;3908.25;955284
24/02/2021;12:00:00;3908.25;3927.75;3905;3923.5;530609
24/02/2021;16:00:00;3923.5;3934.5;3921;3923.25;46059
24/02/2021;20:00:00;3923.25;3934;3921.75;3930.75;29743
25/02/2021;00:00:00;3930.75;3933.5;3914.5;3919;73831
25/02/2021;04:00:00;3919;3924.75;3904.5;3909.75;129210
25/02/2021;08:00:00;3909.75;3921.75;3829.75;3832;1338868
25/02/2021;12:00:00;3832;3869.25;3810.25;3822;1194654
25/02/2021;16:00:00;3823.25;3836;3805;3831.75;114998
25/02/2021;20:00:00;3831.5;3844;3805;3806.5;88067
26/02/2021;00:00:00;3806.5;3847.5;3801.5;3838;142703
26/02/2021;04:00:00;3838;3845.25;3807.5;3844.25;222786
26/02/2021;08:00:00;3844.25;3858.5;3785;3838.25;1237955
26/02/2021;12:00:00;3838.25;3850.75;3790;3807.75;1078438
28/02/2021;16:00:00;3817.25;3846.75;3812.5;3845;68438
28/02/2021;20:00:00;3844.75;3847;3834.25;3837;41935
01/03/2021;00:00:00;3837.25;3857;3834.5;3852.5;84117
01/03/2021;04:00:00;3852.5;3855;3843.25;3852;90967
01/03/2021;08:00:00;3852;3899.5;3847.75;3891.75;766758
01/03/2021;12:00:00;3892;3912;3885;3903.25;577249
01/03/2021;16:00:00;3903.25;3906.5;3893.5;3894;35723
01/03/2021;20:00:00;3894.25;3899.5;3876.5;3881;53529
02/03/2021;00:00:00;3881;3891.25;3866.25;3878.75;97210
02/03/2021;04:00:00;3878.75;3897;3875.75;3894.25;96018
02/03/2021;08:00:00;3894.25;3903.5;3868.25;3889;782312
02/03/2021;12:00:00;3889;3900;3865.5;3866.75;533568
02/03/2021;16:00:00;3867.5;3882;3867.25;3874.25;42582
02/03/2021;20:00:00;3874.25;3885.25;3873;3883.75;31607
03/03/2021;00:00:00;3883.75;3898;3881.75;3892.5;66283
03/03/2021;04:00:00;3892.75;3894;3853.25;3860.25;145495
03/03/2021;08:00:00;3860.5;3870.5;3833.25;3848;983113
03/03/2021;12:00:00;3848;3860.75;3813;3815;874730
03/03/2021;16:00:00;3818;3820;3793.5;3810;67706
03/03/2021;20:00:00;3809.75;3813.25;3777.5;3795;71717
04/03/2021;00:00:00;3795.25;3818.75;3793.25;3800.25;97034
04/03/2021;04:00:00;3800;3822;3789;3815.25;161394
04/03/2021;08:00:00;3815.25;3842.25;3765.5;3772;1408948
04/03/2021;12:00:00;3772;3781;3720.5;3766.75;1321270
04/03/2021;16:00:00;3765.5;3771;3731.25;3743.25;82724
04/03/2021;20:00:00;3743;3769.75;3736;3769;67996
05/03/2021;00:00:00;3769.25;3770;3739;3752.75;96598
05/03/2021;04:00:00;3752.75;3797;3749.5;3791.75;256553
05/03/2021;08:00:00;3791.75;3814.5;3728.5;3793.25;1471942
05/03/2021;12:00:00;3793.25;3850;3781;3840.5;862761
07/03/2021;16:00:00;3854.75;3866.25;3839;3849.5;77209
07/03/2021;20:00:00;3849.75;3851;3823.25;3828.75;73526
08/03/2021;00:00:00;3828.5;3834.75;3796.25;3808.25;113602
08/03/2021;04:00:00;3808.25;3843.25;3806.5;3841.75;152998
08/03/2021;08:00:00;3841.75;3878.25;3829.5;3869.5;1017506
08/03/2021;12:00:00;3869.75;3878.75;3816.25;3829.5;697007
08/03/2021;16:00:00;3831.25;3846.25;3826.25;3827.75;57740
08/03/2021;20:00:00;3827.5;3853.75;3827.25;3848.25;53579
09/03/2021;00:00:00;3847.75;3863.25;3834;3859;90991
09/03/2021;04:00:00;3858.75;3865.5;3850.25;3857.75;119491
09/03/2021;08:00:00;3857.5;3899.75;3855;3892.75;730094
09/03/2021;12:00:00;3892.75;3901.25;3869.75;3871.75;575676
09/03/2021;16:00:00;3878.5;3879.5;3863;3863.5;40335
09/03/2021;20:00:00;3863.75;3872;3859.25;3864.25;40430
10/03/2021;00:00:00;3864.5;3882.5;3856.25;3880.5;63653
10/03/2021;04:00:00;3880.75;3893;3865.25;3891.5;151070
10/03/2021;08:00:00;3891.5;3911.5;3883.5;3904.25;885543
10/03/2021;12:00:00;3904.5;3916.25;3890.75;3907.75;547128
10/03/2021;16:00:00;3907.75;3911;3893;3910.25;36221
10/03/2021;20:00:00;3910.5;3919;3910;3914.25;32062
11/03/2021;00:00:00;3914.75;3919.25;3902;3915.75;8365
11/03/2021;04:00:00;3915.5;3919.25;3908;3911.25;11168
11/03/2021;08:00:00;3911;3946.75;3909.5;3941.5;65238
11/03/2021;12:00:00;3941.75;3949;3923.75;3926.75;55292
11/03/2021;16:00:00;3928;3936.25;3926.5;3933;19871
11/03/2021;20:00:00;3933;3937.25;3924.25;3929;21624
12/03/2021;00:00:00;3929;3930.5;3901.25;3904.75;56247
12/03/2021;04:00:00;3905;3921;3900.75;3911.75;57243
12/03/2021;08:00:00;3911.75;3925.5;3904.5;3918;478418
12/03/2021;12:00:00;3918;3938.5;3915.25;3933;266241
14/03/2021;16:00:00;3937.5;3945.5;3931.75;3942;29242
14/03/2021;20:00:00;3942;3947.5;3933.5;3937.5;29757
15/03/2021;00:00:00;3937.5;3943.25;3924.25;3942.25;46155
15/03/2021;04:00:00;3942.25;3947.75;3927.75;3931;64212
15/03/2021;08:00:00;3931;3939.25;3913;3934.25;521393
15/03/2021;12:00:00;3934;3960.25;3931.25;3956.75;358497
15/03/2021;16:00:00;3957.75;3958.5;3951;3954.75;21580
15/03/2021;20:00:00;3954.75;3962.5;3954.5;3959.5;27437
16/03/2021;00:00:00;3959.5;3964;3954.5;3957;41823
16/03/2021;04:00:00;3956.75;3966;3955;3961.25;63204
16/03/2021;08:00:00;3961.25;3970.75;3952.5;3960.5;621082
16/03/2021;12:00:00;3960.5;3966.5;3942.75;3957.5;557399
16/03/2021;16:00:00;3957.25;3960.25;3950.25;3954;18023
16/03/2021;20:00:00;3954;3955.25;3946.25;3950.25;25522
17/03/2021;00:00:00;3950.25;3955;3948;3951;25135
17/03/2021;04:00:00;3951.25;3953.5;3935;3940.25;89186
17/03/2021;08:00:00;3940.25;3942;3925;3931.25;657841
17/03/2021;12:00:00;3931.25;3973.5;3928.5;3961.25;843431
17/03/2021;16:00:00;3962;3977.5;3961.5;3976.5;29388
17/03/2021;20:00:00;3976.5;3978.5;3962.25;3966.75;38914
18/03/2021;00:00:00;3966.75;3972.25;3940.25;3943;85735
18/03/2021;04:00:00;3942.75;3952.75;3932.5;3938.25;132841
18/03/2021;08:00:00;3938;3958.75;3931;3938.5;844425
18/03/2021;12:00:00;3938.25;3952.75;3900.5;3910.5;827197
18/03/2021;16:00:00;3910.75;3916.75;3905.5;3915.75;32747
18/03/2021;20:00:00;3915.75;3919;3907.25;3913.75;43389
19/03/2021;00:00:00;3913.5;3923.5;3898.5;3921.25;74900
19/03/2021;04:00:00;3921.25;3922.25;3908.25;3915;106338
19/03/2021;08:00:00;3914.75;3916;3875;3914.25;1034802
19/03/2021;12:00:00;3914;3919.5;3895.75;3896.75;670769
21/03/2021;16:00:00;3893.5;3898.75;3886.5;3891.75;34597
21/03/2021;20:00:00;3891.75;3904.5;3885;3902;43915
22/03/2021;00:00:00;3902;3903.25;3886.5;3897.75;50345
22/03/2021;04:00:00;3897.5;3911;3892.25;3905.5;74543
22/03/2021;08:00:00;3905.5;3936;3903.5;3935;641621
22/03/2021;12:00:00;3935.25;3944.5;3928;3932.75;438171
22/03/2021;16:00:00;3933.25;3938.75;3930;3932;23235
22/03/2021;20:00:00;3931.75;3934.5;3921;3921.25;35331
23/03/2021;00:00:00;3921;3924.75;3913.25;3919.75;55321
23/03/2021;04:00:00;3920;3921.75;3908.25;3920.75;91914
23/03/2021;08:00:00;3920.75;3938.5;3916.25;3933.5;785569
23/03/2021;12:00:00;3933.5;3937;3890.5;3903.75;853059
23/03/2021;16:00:00;3905.75;3906.25;3895.75;3900.25;26498
23/03/2021;20:00:00;3900.25;3904.5;3892.25;3898.5;39660
24/03/2021;00:00:00;3898.75;3915;3894.75;3913;56771
24/03/2021;04:00:00;3913;3919;3909.75;3913.5;80499
24/03/2021;08:00:00;3913.5;3931.5;3906.5;3917.75;974480
24/03/2021;12:00:00;3917.75;3918.5;3877.5;3882.75;846876
24/03/2021;16:00:00;3882.75;3890.25;3880.25;3890.25;26140
24/03/2021;20:00:00;3890.25;3895.75;3877.5;3887.25;50066
25/03/2021;00:00:00;3887.5;3894.5;3880.25;3889.25;51131
25/03/2021;04:00:00;3889.25;3892;3859;3863;151698
25/03/2021;08:00:00;3862.75;3888;3843.25;3884.5;1178209
25/03/2021;12:00:00;3884.5;3909.5;3870;3907.25;791640
25/03/2021;16:00:00;3907.5;3912;3900.75;3904.75;27962
25/03/2021;20:00:00;3904.75;3916;3901.75;3915;28576
26/03/2021;00:00:00;3915;3921.5;3911.25;3913.25;52237
26/03/2021;04:00:00;3913;3915;3904;3910.25;93478
26/03/2021;08:00:00;3910;3933.75;3908.5;3929;785669
26/03/2021;12:00:00;3929;3968;3906.75;3962.25;941249
28/03/2021;16:00:00;3962.25;3964;3941.75;3943.5;46262
28/03/2021;20:00:00;3943.5;3948.75;3939.5;3943.25;49578
29/03/2021;00:00:00;3943.25;3951.5;3928.75;3940;88213
29/03/2021;04:00:00;3940;3954;3938.75;3944;66727
29/03/2021;08:00:00;3944.25;3962.5;3931.75;3962;1023980
29/03/2021;12:00:00;3962;3971.25;3952.5;3963;688480
29/03/2021;16:00:00;3965.25;3968.5;3957;3958.5;21896
29/03/2021;20:00:00;3958.5;3965.25;3955;3963;29642
30/03/2021;00:00:00;3962.75;3965.5;3955;3957;58817
30/03/2021;04:00:00;3957;3962;3942.5;3945.5;95582
30/03/2021;08:00:00;3945.75;3953;3933.75;3943.25;792296
30/03/2021;12:00:00;3943.25;3958.25;3937.5;3949.5;569281
30/03/2021;16:00:00;3949.5;3955;3943;3954;21963
30/03/2021;20:00:00;3954;3957.75;3945.75;3947.5;29537
31/03/2021;00:00:00;3947.25;3950;3941.5;3947.75;42613
31/03/2021;04:00:00;3948;3957;3945.75;3954.5;60771
31/03/2021;08:00:00;3954.25;3980.25;3953.75;3980;625512
31/03/2021;12:00:00;3980;3983.75;3963.25;3966.25;783951
31/03/2021;16:00:00;3967.5;3973.5;3965.75;3972.25;26474
31/03/2021;20:00:00;3972.25;3973.25;3964.5;3968.5;26571
01/04/2021;00:00:00;3968.5;3983.5;3967.75;3983.25;54107
01/04/2021;04:00:00;3983;3985.5;3976.5;3984.75;60089
01/04/2021;08:00:00;3984.75;4002.5;3982.75;4001.5;580996
01/04/2021;12:00:00;4001.5;4015.25;3997.25;4014.25;425233
01/04/2021;16:00:00;4014.5;4017;4012.5;4016;12110
01/04/2021;20:00:00;4016.25;4017;4014.5;4016.75;9687
02/04/2021;00:00:00;4016.5;4022;4015.5;4022;7857
02/04/2021;04:00:00;4022;4038;4018.5;4032;27824
02/04/2021;08:00:00;4032;4032.5;4025.5;4027.25;6858
04/04/2021;16:00:00;4030;4033.75;4022.5;4031.25;27674
04/04/2021;20:00:00;4031;4031.25;4026;4026.75;14064
05/04/2021;00:00:00;4026.75;4030;4021;4028.25;16079
05/04/2021;04:00:00;4028.25;4038;4027.25;4037;35608
05/04/2021;08:00:00;4037.25;4073.75;4036;4067.75;596461
05/04/2021;12:00:00;4067.75;4072.25;4061.25;4070.25;515962
05/04/2021;16:00:00;4069.75;4074.5;4065.75;4067;21073
05/04/2021;20:00:00;4067;4068;4057;4059.5;29850
06/04/2021;00:00:00;4059.75;4064.25;4052.25;4060.25;65546
06/04/2021;04:00:00;4060.25;4066.5;4056.25;4060.5;70404
06/04/2021;08:00:00;4060.75;4076;4058.75;4072;573673
06/04/2021;12:00:00;4072;4072.25;4058.25;4066.5;472591
06/04/2021;16:00:00;4067;4071.5;4065;4069;16340
06/04/2021;20:00:00;4069;4069.25;4061.75;4065;26424
07/04/2021;00:00:00;4065.25;4070;4063.75;4066.5;35622
07/04/2021;04:00:00;4066.75;4068.25;4056.5;4056.75;59487
07/04/2021;08:00:00;4056.75;4073.5;4056.75;4064.5;538836
07/04/2021;12:00:00;4064.25;4075.5;4061.5;4075.25;394386
07/04/2021;16:00:00;4074.25;4083;4072.5;4078.5;25133
07/04/2021;20:00:00;4078.5;4089;4077;4087.75;30076
08/04/2021;00:00:00;4088;4092.75;4080;4082.5;47614
08/04/2021;04:00:00;4082.25;4085.75;4078.75;4081.5;52125
08/04/2021;08:00:00;4081.5;4087.5;4073;4083.75;507964
08/04/2021;12:00:00;4084;4098.5;4082.25;4098;301947
08/04/2021;16:00:00;4098;4102.5;4094.75;4101.75;29440
08/04/2021;20:00:00;4101.75;4102.5;4091.5;4095.75;29251
09/04/2021;00:00:00;4095.5;4096.5;4087;4094;50744
09/04/2021;04:00:00;4094;4098.5;4083.5;4084.5;74894
09/04/2021;08:00:00;4084.25;4099.5;4081;4098.75;433127
09/04/2021;12:00:00;4099;4121.5;4097.25;4114;417214
11/04/2021;16:00:00;4114.25;4118;4106;4113.5;25279
11/04/2021;20:00:00;4113.5;4114.75;4106;4106.25;26064
12/04/2021;00:00:00;4106.5;4113;4104.5;4110.75;47654
12/04/2021;04:00:00;4110.5;4116.25;4110.25;4114;40502
12/04/2021;08:00:00;4114.25;4122.25;4106;4121;491196
12/04/2021;12:00:00;4121;4124.5;4109.5;4122.5;414219
12/04/2021;16:00:00;4122.75;4123.75;4119.5;4121;14081
12/04/2021;20:00:00;4121;4123.25;4116.25;4117.25;22737
13/04/2021;00:00:00;4117.5;4123.5;4113.75;4121.25;38091
13/04/2021;04:00:00;4121.5;4127;4101.25;4122.5;134401
13/04/2021;08:00:00;4122.5;4126.5;4115.5;4120.75;436885
13/04/2021;12:00:00;4120.75;4139.75;4119.75;4134.25;394479
13/04/2021;16:00:00;4134.75;4134.75;4130;4131;16597
13/04/2021;20:00:00;4130.75;4136.25;4130.25;4135.5;22025
14/04/2021;00:00:00;4135.5;4139;4132.75;4138.25;39158
14/04/2021;04:00:00;4138;4139.25;4130.75;4131.75;54453
14/04/2021;08:00:00;4131.75;4144;4129.5;4138.75;619512
14/04/2021;12:00:00;4138.75;4139;4113;4123.25;742247
14/04/2021;16:00:00;4123.5;4127.5;4121.25;4125.25;17516
14/04/2021;20:00:00;4125.25;4127;4119.5;4124;25282
15/04/2021;00:00:00;4124;4138.5;4123.5;4137.25;48067
15/04/2021;04:00:00;4137.25;4146.25;4134.75;4142.25;77703
15/04/2021;08:00:00;4142.25;4161.5;4139.25;4161;580566
15/04/2021;12:00:00;4161;4166.5;4153.75;4162.5;489147
15/04/2021;16:00:00;4162.75;4164.25;4156;4157.25;18398
15/04/2021;20:00:00;4157;4159;4154.25;4159;25550
16/04/2021;00:00:00;4158.75;4162.75;4154.25;4160.5;41240
16/04/2021;04:00:00;4160.5;4173.5;4159.5;4173;85142
16/04/2021;08:00:00;4173.25;4178.5;4161.75;4170.75;617121
16/04/2021;12:00:00;4170.75;4183.5;4168.5;4172.25;455604
18/04/2021;16:00:00;4165;4168.75;4160.75;4166;25804
18/04/2021;20:00:00;4166;4172.25;4162.75;4170.5;28473
19/04/2021;00:00:00;4170.5;4174.75;4166;4172.25;37333
19/04/2021;04:00:00;4172;4172.5;4163.25;4168.5;56888
19/04/2021;08:00:00;4168.25;4171.5;4141.75;4146.25;880245
19/04/2021;12:00:00;4146.25;4159;4144.5;4156.5;556154
19/04/2021;16:00:00;4156.25;4163.75;4155.5;4160.75;21345
19/04/2021;20:00:00;4160.75;4166.5;4160;4163.75;27493
20/04/2021;00:00:00;4163.5;4167.25;4153.5;4155;45322
20/04/2021;04:00:00;4155;4155.5;4131;4140.25;114974
20/04/2021;08:00:00;4140.25;4151;4110.5;4124.5;974267
20/04/2021;12:00:00;4124.5;4131;4110.75;4120.25;480602
20/04/2021;16:00:00;4121.25;4125.25;4119.5;4123.25;22699
20/04/2021;20:00:00;4123;4123.75;4113;4119.5;41902
21/04/2021;00:00:00;4119.75;4130;4115;4125.5;56522
21/04/2021;04:00:00;4125.5;4132.25;4114.75;4118.75;76243
21/04/2021;08:00:00;4118.75;4153.5;4117.25;4149;790260
21/04/2021;12:00:00;4149;4167.25;4148.5;4156.75;488605
21/04/2021;16:00:00;4157.5;4158.75;4153.5;4155.75;19746
21/04/2021;20:00:00;4155.5;4162.5;4154;4161.75;29384
22/04/2021;00:00:00;4161.75;4167;4159.25;4160.25;43291
22/04/2021;04:00:00;4160.5;4166;4158.25;4162.5;54025
22/04/2021;08:00:00;4162.5;4171.5;4149.25;4171.25;669260
22/04/2021;12:00:00;4171.5;4171.75;4115.25;4130;1108223
22/04/2021;16:00:00;4129;4133.75;4128;4133;24997
22/04/2021;20:00:00;4132.75;4137.75;4131.5;4135.25;27117
23/04/2021;00:00:00;4135.25;4141.5;4127.5;4138.25;54005
23/04/2021;04:00:00;4138.25;4139.25;4129.25;4131.25;66518
23/04/2021;08:00:00;4131;4177;4130.5;4175.25;705778
23/04/2021;12:00:00;4175.25;4186.75;4165.25;4166;581431
25/04/2021;16:00:00;4170.75;4172.75;4164.5;4170;21709
25/04/2021;20:00:00;4170;4176;4167.5;4175.5;22883
26/04/2021;00:00:00;4175.5;4175.75;4165.25;4166.75;35250
26/04/2021;04:00:00;4166.75;4174;4163.75;4172;46032
26/04/2021;08:00:00;4172.25;4185.5;4172;4179.75;456169
26/04/2021;12:00:00;4179.75;4186;4173.25;4181.25;406999
26/04/2021;16:00:00;4181.5;4184.75;4178.75;4181.25;16630
26/04/2021;20:00:00;4181;4183.25;4179.5;4183;16575
27/04/2021;00:00:00;4183;4192.5;4182;4184.75;34295
27/04/2021;04:00:00;4184.75;4185.5;4176.25;4181.5;48094
27/04/2021;08:00:00;4181.5;4183.75;4166.75;4174.75;519568
27/04/2021;12:00:00;4174.75;4185.25;4174.25;4180.25;327799
27/04/2021;16:00:00;4180.25;4183.5;4178.5;4180;13304
27/04/2021;20:00:00;4180;4185;4179;4184.25;16698
28/04/2021;00:00:00;4184;4185.75;4176.75;4182.25;36795
28/04/2021;04:00:00;4182.25;4184.75;4175.75;4180.75;52301
28/04/2021;08:00:00;4180.75;4188.25;4175;4181.75;522877
28/04/2021;12:00:00;4181.5;4193.75;4172.75;4184.75;609798
28/04/2021;16:00:00;4184.75;4194.5;4183.5;4193.25;16729
28/04/2021;20:00:00;4193.25;4203.25;4192.25;4198.5;28262
29/04/2021;00:00:00;4198.75;4207;4198;4203.5;42687
29/04/2021;04:00:00;4203.5;4208.5;4201.75;4208;66892
29/04/2021;08:00:00;4208;4211;4168;4184.75;982330
29/04/2021;12:00:00;4184.75;4209;4181.5;4200;582581
29/04/2021;16:00:00;4200.75;4201.5;4193.75;4195.75;22068
29/04/2021;20:00:00;4195.75;4196.25;4188.75;4190.75;26031
30/04/2021;00:00:00;4191;4196.25;4186;4191.25;41216
30/04/2021;04:00:00;4191.5;4193.75;4174.25;4182.5;99985
30/04/2021;08:00:00;4182.75;4189.25;4170.75;4178.5;827750
30/04/2021;12:00:00;4178.5;4182.75;4167.25;4180.5;830509
02/05/2021;16:00:00;4181.5;4194.25;4181.5;4193.25;21865
02/05/2021;20:00:00;4193.5;4194;4185;4187.5;20154
03/05/2021;00:00:00;4187.75;4199.5;4182.5;4193.75;37278
03/05/2021;04:00:00;4193.75;4198.75;4183;4192.25;70382
03/05/2021;08:00:00;4192.25;4202.5;4185.5;4188.75;638619
03/05/2021;12:00:00;4188.75;4196.75;4181;4183.5;414234
03/05/2021;16:00:00;4184.25;4185.5;4177;4178.75;18237
03/05/2021;20:00:00;4178.75;4179;4171;4175;25006
04/05/2021;00:00:00;4175.25;4184.5;4173.25;4177.75;50966
04/05/2021;04:00:00;4177.75;4184.25;4157.25;4163.25;151644
04/05/2021;08:00:00;4163.25;4170.25;4120.5;4131.5;1105120
04/05/2021;12:00:00;4131.5;4162.5;4129.75;4158.25;613472
04/05/2021;16:00:00;4158.25;4167.75;4155.25;4166.25;22945
04/05/2021;20:00:00;4166.5;4173.25;4165;4170.75;25594
05/05/2021;00:00:00;4170.75;4175.5;4161.75;4172;58150
05/05/2021;04:00:00;4172;4179;4169.5;4175;77687
05/05/2021;08:00:00;4174.75;4180;4153;4170.25;681935
05/05/2021;12:00:00;4170.25;4176;4155.25;4158.25;516186
05/05/2021;16:00:00;4158.75;4164.75;4155.25;4162.75;25356
05/05/2021;20:00:00;4162.75;4168;4151.5;4157;37144
06/05/2021;00:00:00;4156.75;4174.5;4156.75;4164.75;55902
06/05/2021;04:00:00;4165;4169;4155.25;4159.5;93362
06/05/2021;08:00:00;4159.75;4179.5;4140.5;4173;820781
06/05/2021;12:00:00;4172.75;4197.25;4160;4196.25;636366
06/05/2021;16:00:00;4197.5;4199.5;4192;4198;20278
06/05/2021;20:00:00;4198;4203.75;4196.75;4200;28157
07/05/2021;00:00:00;4200;4200;4191.75;4199.75;41146
07/05/2021;04:00:00;4199.75;4214;4195.75;4207.5;156679
07/05/2021;08:00:00;4207.5;4232.25;4195.5;4225;849010
07/05/2021;12:00:00;4225;4231.75;4216;4226.75;509358
09/05/2021;16:00:00;4226.75;4238.25;4224.25;4235.25;24255
09/05/2021;20:00:00;4235.25;4238;4231.5;4232.5;25689
10/05/2021;00:00:00;4232.5;4234.25;4222.25;4224.5;52345
10/05/2021;04:00:00;4224.75;4232.75;4223.5;4229.5;70479
10/05/2021;08:00:00;4229.5;4231;4214.25;4221.75;697381
10/05/2021;12:00:00;4221.75;4223.75;4172;4175.75;757437
10/05/2021;16:00:00;4176.75;4185.5;4157.5;4163;51862
10/05/2021;20:00:00;4162.75;4164.75;4149.25;4157.25;72189
11/05/2021;00:00:00;4157.25;4169.75;4144.75;4151;115251
11/05/2021;04:00:00;4151;4161.25;4127.5;4128.75;171329
11/05/2021;08:00:00;4128.75;4156.25;4103.75;4128.75;1339988
11/05/2021;12:00:00;4128.5;4153.75;4127;4140;733648
11/05/2021;16:00:00;4140;4150.5;4126.75;4129.75;38503
11/05/2021;20:00:00;4129.5;4139;4110.25;4124.25;80901
12/05/2021;00:00:00;4124.25;4147;4122;4134.25;83957
12/05/2021;04:00:00;4134.5;4139.5;4095.5;4119.5;225251
12/05/2021;08:00:00;4119.5;4129;4070.25;4080.5;1192200
12/05/2021;12:00:00;4080.25;4089;4051;4052;950243
12/05/2021;16:00:00;4053.5;4072.75;4053.25;4070.25;40016
12/05/2021;20:00:00;4070.25;4077.25;4065.25;4072.25;41460
13/05/2021;00:00:00;4072.25;4072.75;4029.25;4040.5;138411
13/05/2021;04:00:00;4040.75;4074.75;4037.25;4069;173027
13/05/2021;08:00:00;4069;4123.25;4068.25;4101.75;1102001
13/05/2021;12:00:00;4101.75;4126.75;4081.5;4110.75;836435
13/05/2021;16:00:00;4112.5;4120.75;4105.25;4120;28505
13/05/2021;20:00:00;4119.75;4127.75;4115.75;4124.75;39369
14/05/2021;00:00:00;4124.75;4133.75;4122.25;4131.75;64261
14/05/2021;04:00:00;4132;4138;4122.75;4132.75;108150
14/05/2021;08:00:00;4132.75;4165.75;4130;4165.25;666843
14/05/2021;12:00:00;4165.5;4178.25;4163.75;4173.25;552466
16/05/2021;16:00:00;4169;4178.75;4158.5;4162.25;37098
16/05/2021;20:00:00;4162.25;4169.5;4155.75;4162.25;43092
17/05/2021;00:00:00;4162.25;4170.25;4153;4163.75;60048
17/05/2021;04:00:00;4163.5;4164;4147.25;4151.75;69335
17/05/2021;08:00:00;4151.75;4167;4141.25;4147.75;730115
17/05/2021;12:00:00;4147.5;4162.5;4136.5;4160.5;501734
17/05/2021;16:00:00;4159;4167;4156;4166.75;20672
17/05/2021;20:00:00;4166.75;4170.5;4164.5;4168.25;33016
18/05/2021;00:00:00;4168.25;4179.5;4167.25;4170.5;52541
18/05/2021;04:00:00;4170.75;4173.5;4160;4161.5;65863
18/05/2021;08:00:00;4161.5;4163.5;4147.5;4155.5;536600
18/05/2021;12:00:00;4155.75;4158.75;4111.5;4114.75;541323
18/05/2021;16:00:00;4114;4123;4104.75;4116.5;41592
18/05/2021;20:00:00;4116.75;4121.75;4100.5;4104;44127
19/05/2021;00:00:00;4104.25;4113.25;4085.75;4089.75;98251
19/05/2021;04:00:00;4089.75;4101;4066;4069;155563
19/05/2021;08:00:00;4069;4096.75;4055.5;4094.25;1069484
19/05/2021;12:00:00;4094;4113.75;4078.25;4107.75;850910
19/05/2021;16:00:00;4107.75;4113.25;4099.5;4108.75;31627
19/05/2021;20:00:00;4108.75;4114;4099.75;4113.75;34404
20/05/2021;00:00:00;4113.5;4114.25;4090;4092.75;65458
20/05/2021;04:00:00;4092.75;4115.25;4084.5;4115.25;86538
20/05/2021;08:00:00;4115.25;4164.5;4114.5;4151.25;699288
20/05/2021;12:00:00;4151;4169.25;4148.25;4152;524083
20/05/2021;16:00:00;4152.5;4166.5;4151.5;4164.25;19938
20/05/2021;20:00:00;4164.5;4166.5;4155.75;4162.75;28226
21/05/2021;00:00:00;4162.75;4168.75;4155.75;4161.25;40603
21/05/2021;04:00:00;4161.25;4173.25;4161.25;4168.5;59391
21/05/2021;08:00:00;4168.5;4185;4147;4151.5;722028
21/05/2021;12:00:00;4151.5;4165.25;4150;4157.75;544785
23/05/2021;16:00:00;4151.5;4162.25;4142.5;4161.5;37418
23/05/2021;20:00:00;4161.5;4167.5;4157.25;4161.5;33108
24/05/2021;00:00:00;4161.25;4174;4160.5;4167.25;35244
24/05/2021;04:00:00;4167.25;4176;4166.5;4174.75;39562
24/05/2021;08:00:00;4174.75;4200;4173.5;4196;470348
24/05/2021;12:00:00;4196.25;4206.25;4192.25;4199.25;397694
24/05/2021;16:00:00;4199.25;4204;4195.25;4201;23438
24/05/2021;20:00:00;4201.25;4204.5;4197.75;4201.75;24082
25/05/2021;00:00:00;4201.5;4212.75;4201.5;4207.5;47062
25/05/2021;04:00:00;4207.75;4210;4203.25;4205.5;47816
25/05/2021;08:00:00;4205.75;4210;4182.5;4194.25;607779
25/05/2021;12:00:00;4194.25;4195.25;4179.25;4188.5;441856
25/05/2021;16:00:00;4188;4199.75;4187.75;4198;22567
25/05/2021;20:00:00;4198;4200;4195.75;4197.5;19822
26/05/2021;00:00:00;4197.5;4202.75;4191.25;4196.75;47552
26/05/2021;04:00:00;4196.75;4204.25;4192.75;4195;63444
26/05/2021;08:00:00;4195;4198;4180.5;4196.75;463130
26/05/2021;12:00:00;4196.75;4199;4187.25;4193.75;414363
26/05/2021;16:00:00;4193;4196.5;4187.5;4190.75;18254
26/05/2021;20:00:00;4190.5;4191;4182.5;4187.5;32519
27/05/2021;00:00:00;4187.5;4189.75;4177.75;4182;48959
27/05/2021;04:00:00;4182.25;4199;4179.5;4197.5;79152
27/05/2021;08:00:00;4197.5;4210;4196.75;4203.25;492764
27/05/2021;12:00:00;4203.25;4211.5;4194.25;4211.25;486124
27/05/2021;16:00:00;4211.25;4217.5;4209;4214.75;22759
27/05/2021;20:00:00;4214.5;4215.25;4210.25;4213;22277
28/05/2021;00:00:00;4213;4214.5;4206.75;4214.5;39061
28/05/2021;04:00:00;4214.5;4217.25;4207.75;4209;67778
28/05/2021;08:00:00;4209.25;4215.5;4202.5;4211.75;425085
28/05/2021;12:00:00;4211.75;4213;4201;4203.25;456129
30/05/2021;16:00:00;4206.5;4210.25;4204.5;4208.5;14863
30/05/2021;20:00:00;4208.25;4209.25;4204.5;4205.5;12576
31/05/2021;00:00:00;4205.5;4209.25;4201.5;4202.5;19824
31/05/2021;04:00:00;4202.75;4204.75;4197.75;4200;19996
31/05/2021;08:00:00;4199.75;4200;4190;4191.25;36460
31/05/2021;16:00:00;4192;4204;4191.75;4202.5;21019
31/05/2021;20:00:00;4202.25;4205.25;4197.5;4205;22202
01/06/2021;00:00:00;4204.75;4220;4202;4219.5;63131
01/06/2021;04:00:00;4219.25;4228.25;4218.25;4224;79048
01/06/2021;08:00:00;4224;4230;4197.5;4201.25;655549
01/06/2021;12:00:00;4201.25;4206.75;4195;4198.5;383202
01/06/2021;16:00:00;4198.5;4201.5;4190.75;4200.75;24714
01/06/2021;20:00:00;4200.75;4202.25;4196.5;4197.25;18168
02/06/2021;00:00:00;4197.25;4203;4191.5;4194.5;41266
02/06/2021;04:00:00;4194.5;4207.5;4194.5;4207.25;53071
02/06/2021;08:00:00;4207.25;4215;4198;4207;477340
02/06/2021;12:00:00;4206.75;4208;4195.5;4206.75;409617
02/06/2021;16:00:00;4208;4213.25;4206;4212.25;16379
02/06/2021;20:00:00;4212.5;4212.5;4206.75;4208;15974
03/06/2021;00:00:00;4208;4209.75;4197.5;4202.25;41102
03/06/2021;04:00:00;4202.25;4202.5;4169.5;4178.5;156482
03/06/2021;08:00:00;4178.75;4202.5;4165.25;4198;758241
03/06/2021;12:00:00;4198;4201.5;4188.75;4191.25;368794
03/06/2021;16:00:00;4190.75;4194.25;4177;4182.75;30465
03/06/2021;20:00:00;4182.75;4194.25;4182;4191.75;31851
04/06/2021;00:00:00;4191.75;4196;4185.25;4189.75;44941
04/06/2021;04:00:00;4190;4210.25;4183.75;4207.5;124824
04/06/2021;08:00:00;4207.5;4223;4206.75;4221.5;423908
04/06/2021;12:00:00;4221.5;4232;4220.25;4227.75;346928
06/06/2021;16:00:00;4232.25;4232.5;4222;4223.5;23200
06/06/2021;20:00:00;4223.5;4225;4219.5;4223;21785
07/06/2021;00:00:00;4223.25;4224;4214;4223.5;37889
07/06/2021;04:00:00;4223.5;4232.5;4216.75;4231.25;60546
07/06/2021;08:00:00;4231.25;4231.5;4215;4219.5;427735
07/06/2021;12:00:00;4219.75;4227.5;4214.5;4227.25;306319
07/06/2021;16:00:00;4227.5;4232.75;4225;4232.25;19991
07/06/2021;20:00:00;4232.25;4234.75;4225.75;4228.5;24272
08/06/2021;00:00:00;4228.5;4229.5;4222.25;4227.25;35189
08/06/2021;04:00:00;4227;4236.75;4212.25;4233.25;111365
08/06/2021;08:00:00;4233.5;4236;4205.75;4228.5;672779
08/06/2021;12:00:00;4228.25;4232;4223;4225.25;344148
08/06/2021;16:00:00;4225.5;4229.5;4221.5;4228;14936
08/06/2021;20:00:00;4228;4228.75;4222.25;4225.5;17708
09/06/2021;00:00:00;4225.5;4230.75;4223;4229.5;37956
09/06/2021;04:00:00;4229.25;4234.25;4224;4232;68639
09/06/2021;08:00:00;4232.25;4235;4224.75;4230.25;446371
09/06/2021;12:00:00;4230.25;4232.5;4217;4222.25;354641
09/06/2021;16:00:00;4222.25;4224.25;4220.5;4223;15680
09/06/2021;20:00:00;4223;4225.5;4222.5;4223.75;14740
10/06/2021;00:00:00;4223.75;4223.75;4211.25;4219.5;58788
10/06/2021;04:00:00;4219.5;4231.5;4207;4230.25;159930
10/06/2021;08:00:00;4230.25;4249;4218.25;4241.75;630595
10/06/2021;12:00:00;4241.75;4243.5;4234.5;4238.5;340704
10/06/2021;16:00:00;4239.5;4240.5;4234.75;4239.75;10647
10/06/2021;20:00:00;4240;4241.5;4237.5;4240.75;9641
11/06/2021;00:00:00;4240.75;4241;4236.25;4240.25;11544
11/06/2021;04:00:00;4240.5;4247.75;4239.25;4245.5;24325
11/06/2021;08:00:00;4245.5;4247.5;4230.75;4234.5;200765
11/06/2021;12:00:00;4234.5;4247;4233;4245;126275
13/06/2021;16:00:00;4248;4252.5;4246.25;4248.75;7618
13/06/2021;20:00:00;4248.75;4252;4246.5;4249.25;4391
14/06/2021;00:00:00;4249.25;4249.75;4237.75;4240;38085
14/06/2021;04:00:00;4240;4242.25;4233.5;4236.25;48020
14/06/2021;08:00:00;4236.25;4238;4224.5;4225.25;415348
14/06/2021;12:00:00;4225.25;4248.5;4224.5;4246.25;334783
14/06/2021;16:00:00;4246.25;4252.25;4243.25;4251;22618
14/06/2021;20:00:00;4251.25;4254.25;4248.25;4253;24202
15/06/2021;00:00:00;4253;4258.25;4250.25;4252.5;47129
15/06/2021;04:00:00;4252.5;4252.75;4245.75;4247.25;61896
15/06/2021;08:00:00;4247.25;4249.25;4228.25;4235;411773
15/06/2021;12:00:00;4235;4242.5;4231.75;4237.5;352365
15/06/2021;16:00:00;4238;4239.75;4235.25;4237.25;11497
15/06/2021;20:00:00;4237.25;4239;4234.75;4236.75;14364
16/06/2021;00:00:00;4236.75;4240.25;4231.5;4235.25;35229
16/06/2021;04:00:00;4235.5;4240;4231.75;4236.5;43945
16/06/2021;08:00:00;4236.75;4241.5;4224.75;4227.75;342778
16/06/2021;12:00:00;4227.5;4228.5;4190.25;4202.5;916328
16/06/2021;16:00:00;4204.25;4205.25;4183;4190;46423
16/06/2021;20:00:00;4190.25;4201.25;4186.75;4200.75;36879
17/06/2021;00:00:00;4200.5;4202.5;4191.25;4193.5;70604
17/06/2021;04:00:00;4193.25;4206.75;4193;4199.5;104272
17/06/2021;08:00:00;4199.5;4221.75;4185.5;4203.5;853800
17/06/2021;12:00:00;4203.25;4222.75;4202.75;4215.5;484642
17/06/2021;16:00:00;4216;4219;4212;4216.5;18286
17/06/2021;20:00:00;4216.75;4220;4214.5;4215.5;20650
18/06/2021;00:00:00;4215.75;4217.5;4209.25;4211.5;49821
18/06/2021;04:00:00;4211.5;4214;4173.5;4189.75;207367
18/06/2021;08:00:00;4189.5;4190.25;4161;4172.25;914748
18/06/2021;12:00:00;4172.5;4177.5;4140.75;4141.75;652270
20/06/2021;16:00:00;4142.5;4152.5;4142;4148;38706
20/06/2021;20:00:00;4148;4148.5;4126.75;4135.25;62767
21/06/2021;00:00:00;4135;4169.75;4133.25;4168.75;105641
21/06/2021;04:00:00;4168.75;4177.5;4165.5;4173.25;96081
21/06/2021;08:00:00;4173.25;4209.75;4164.75;4204.5;671546
21/06/2021;12:00:00;4204.75;4219.75;4203.5;4218.5;408258
21/06/2021;16:00:00;4219.25;4221.5;4215.75;4216.5;18517
21/06/2021;20:00:00;4216.25;4226.25;4214.75;4223;20347
22/06/2021;00:00:00;4223;4223.5;4205.75;4207.5;59068
22/06/2021;04:00:00;4207.5;4222;4206.5;4213;68254
22/06/2021;08:00:00;4213;4231.75;4205.75;4228.25;451997
22/06/2021;12:00:00;4228;4245.5;4226.5;4236.75;410993
22/06/2021;16:00:00;4237.5;4240.75;4235.5;4239.5;14435
22/06/2021;20:00:00;4239.5;4244.5;4239.5;4241.5;16955
23/06/2021;00:00:00;4241.75;4248.25;4237.75;4239.5;42925
23/06/2021;04:00:00;4239.5;4242;4230.75;4241.5;59393
23/06/2021;08:00:00;4241.25;4246.25;4232.25;4236.75;454256
23/06/2021;12:00:00;4236.75;4243.75;4230.5;4233.5;319299
23/06/2021;16:00:00;4233.75;4240;4231.75;4239.25;18445
23/06/2021;20:00:00;4239;4242.75;4238.75;4241.25;18894
24/06/2021;00:00:00;4241.5;4251.75;4239;4251;50854
24/06/2021;04:00:00;4251.25;4254.5;4248;4250.75;64615
24/06/2021;08:00:00;4251;4260.5;4249.75;4257.5;392179
24/06/2021;12:00:00;4257.5;4263.75;4253;4262.25;307164
24/06/2021;16:00:00;4262;4262.5;4258;4259.5;13866
24/06/2021;20:00:00;4259.75;4264.25;4257.5;4260.5;20811
25/06/2021;00:00:00;4260.75;4263;4253.5;4258.75;32871
25/06/2021;04:00:00;4258.75;4265.5;4256.75;4263.75;54566
25/06/2021;08:00:00;4263.75;4270;4260.75;4268.25;349941
25/06/2021;12:00:00;4268.25;4276.75;4264.75;4274.5;392153
27/06/2021;16:00:00;4275;4278.5;4273.25;4274.75;17031
27/06/2021;20:00:00;4274.75;4275.5;4272;4273.25;14452
28/06/2021;00:00:00;4273.5;4277.5;4269.25;4273.5;42181
28/06/2021;04:00:00;4273.5;4278.5;4268.5;4278;51055
28/06/2021;08:00:00;4278;4279.5;4265.75;4267;361912
28/06/2021;12:00:00;4267;4282;4264.25;4281.25;314844
28/06/2021;16:00:00;4280.5;4280.5;4274.25;4275.25;14456
28/06/2021;20:00:00;4275.25;4276;4271.75;4275.25;18006
29/06/2021;00:00:00;4275.25;4282.25;4273.5;4277.25;39067
29/06/2021;04:00:00;4277.25;4283.25;4275.75;4281.25;49484
29/06/2021;08:00:00;4281.25;4291;4280.5;4285.25;336745
29/06/2021;12:00:00;4285.5;4286.25;4277;4284.25;264607
29/06/2021;16:00:00;4284.75;4290;4283.5;4286.25;13833
29/06/2021;20:00:00;4286.25;4288;4284.75;4287.75;13014
30/06/2021;00:00:00;4287.75;4288;4273.75;4274;63645
30/06/2021;04:00:00;4274;4283.75;4269.25;4277.75;88609
30/06/2021;08:00:00;4277.75;4289.25;4274.5;4285.5;413905
30/06/2021;12:00:00;4285.5;4294.25;4281.25;4293.5;441418
30/06/2021;16:00:00;4294.25;4297.5;4292;4297;19596
30/06/2021;20:00:00;4296.75;4298.25;4294.25;4295.25;17388
01/07/2021;00:00:00;4295;4305.75;4294.5;4298.75;68540
01/07/2021;04:00:00;4299;4299;4286;4293.5;100504
01/07/2021;08:00:00;4293.25;4303;4292.25;4300.5;414596
01/07/2021;12:00:00;4300.5;4312;4299.75;4309.5;342102
01/07/2021;16:00:00;4309.75;4314.5;4308;4314;14598
01/07/2021;20:00:00;4314.25;4315;4310.5;4313;18855
02/07/2021;00:00:00;4313;4318.25;4309;4310.75;54918
02/07/2021;04:00:00;4310.75;4324.75;4310;4322;96219
02/07/2021;08:00:00;4322;4339;4319;4338.5;391863
02/07/2021;12:00:00;4338.75;4347;4336.25;4338.75;360431
04/07/2021;16:00:00;4341;4342.75;4334.5;4337.25;12339
04/07/2021;20:00:00;4337.25;4338.5;4335.5;4337.5;11722
05/07/2021;00:00:00;4337.5;4340.25;4333;4337.75;28223
05/07/2021;04:00:00;4337.75;4343.75;4337.25;4343.5;20839
05/07/2021;08:00:00;4343.25;4346;4340.75;4341.5;20004
05/07/2021;16:00:00;4341.5;4348;4341.5;4347.5;12903
05/07/2021;20:00:00;4347.75;4347.75;4341.25;4342;15799
06/07/2021;00:00:00;4342.25;4343.75;4336.75;4340.5;41955
06/07/2021;04:00:00;4340.25;4343.25;4338;4342.25;48119
06/07/2021;08:00:00;4342;4345.75;4305.25;4315.75;698928
06/07/2021;12:00:00;4315.75;4337.5;4314.5;4328.25;420895
06/07/2021;16:00:00;4328;4330.75;4325.25;4330;18105
06/07/2021;20:00:00;4330;4334;4328.75;4331;18119
07/07/2021;00:00:00;4330.75;4342.75;4329.5;4337.75;55537
07/07/2021;04:00:00;4338;4345.5;4336.25;4338;68322
07/07/2021;08:00:00;4337.75;4350;4320.25;4345.75;620962
07/07/2021;12:00:00;4346;4353.25;4341.5;4351.75;399217
07/07/2021;16:00:00;4352.25;4352.25;4346.75;4348;11827
07/07/2021;20:00:00;4348;4348;4338;4341.5;28089
08/07/2021;00:00:00;4341.5;4342.75;4302.25;4309.75;142168
08/07/2021;04:00:00;4310;4310.75;4279.25;4290.5;219235
08/07/2021;08:00:00;4290.5;4322.75;4280.25;4320.75;940216
08/07/2021;12:00:00;4320.75;4321.5;4296.75;4310.25;617786
08/07/2021;16:00:00;4310.25;4315.5;4304;4304.5;28503
08/07/2021;20:00:00;4304.75;4307.75;4293.25;4305.75;46242
09/07/2021;00:00:00;4305.5;4328;4305.25;4326.25;84853
09/07/2021;04:00:00;4326;4336;4319.75;4332;100707
09/07/2021;08:00:00;4331.75;4357.75;4328.25;4353.75;590382
09/07/2021;12:00:00;4353.75;4364;4351.25;4362;412936
11/07/2021;16:00:00;4362;4365.25;4357.5;4360;19669
11/07/2021;20:00:00;4360.25;4360.75;4351.25;4353.75;24295
12/07/2021;00:00:00;4353.75;4357.75;4341.75;4354;64472
12/07/2021;04:00:00;4354;4359.5;4343.5;4359.25;71305
12/07/2021;08:00:00;4359.5;4372.75;4354.75;4370.75;496784
12/07/2021;12:00:00;4370.5;4379.25;4369.25;4375.75;347770
12/07/2021;16:00:00;4377;4378.75;4373.5;4377.5;12555
12/07/2021;20:00:00;4377.75;4378;4372.75;4373.75;15331
13/07/2021;00:00:00;4373.75;4378;4368;4377;50335
13/07/2021;04:00:00;4377.25;4378.5;4356.75;4357.25;127409
13/07/2021;08:00:00;4357.25;4383.75;4356.5;4380.5;465494
13/07/2021;12:00:00;4380.25;4380.75;4358;4359.25;553540
13/07/2021;16:00:00;4359.5;4363.25;4354.5;4360.75;16611
13/07/2021;20:00:00;4360.75;4364;4352.75;4352.75;23629
14/07/2021;00:00:00;4352.75;4363;4350;4357.25;65999
14/07/2021;04:00:00;4357;4380.5;4357;4378.5;80916
14/07/2021;08:00:00;4378.25;4384.5;4354.5;4370.25;627538
14/07/2021;12:00:00;4370.5;4376.25;4363.5;4366.25;463098
14/07/2021;16:00:00;4366.5;4368.75;4358.5;4360.25;15590
14/07/2021;20:00:00;4360.25;4366;4357.75;4363;21438
15/07/2021;00:00:00;4363;4370.25;4353.75;4368.75;58426
15/07/2021;04:00:00;4368.75;4368.75;4345.25;4351.5;123696
15/07/2021;08:00:00;4351.5;4360.75;4345;4350.75;746204
15/07/2021;12:00:00;4351;4354;4332.5;4348;601258
15/07/2021;16:00:00;4347.75;4348.5;4340.25;4341;20896
15/07/2021;20:00:00;4341;4352.25;4338.5;4351.75;22740
16/07/2021;00:00:00;4352;4357;4345.5;4356.25;49498
16/07/2021;04:00:00;4356.25;4365;4352.5;4363.75;100989
16/07/2021;08:00:00;4363.5;4368;4334;4342;766147
16/07/2021;12:00:00;4342.25;4346;4314.25;4318.5;627422
18/07/2021;16:00:00;4320;4320.75;4296.75;4298.5;50945
18/07/2021;20:00:00;4298.25;4305.5;4296.75;4300.25;35346
19/07/2021;00:00:00;4300.25;4308.25;4285;4287.25;125777
19/07/2021;04:00:00;4287.25;4294;4263.25;4268.75;200766
19/07/2021;08:00:00;4268.75;4272;4227;4233;1220838
19/07/2021;12:00:00;4232.75;4262;4224;4261;908547
19/07/2021;16:00:00;4262.75;4268.5;4258;4267.5;28054
19/07/2021;20:00:00;4267.25;4274.75;4255;4261.75;53476
20/07/2021;00:00:00;4261.75;4279.25;4258.75;4273;94869
20/07/2021;04:00:00;4272.75;4277.25;4262.5;4266.25;150457
20/07/2021;08:00:00;4266;4325;4252.75;4325;869300
20/07/2021;12:00:00;4325;4329;4312.25;4319;617656
20/07/2021;16:00:00;4318.75;4327;4318.25;4325.25;20811
20/07/2021;20:00:00;4325.25;4325.25;4310;4310;35644
21/07/2021;00:00:00;4310;4338.5;4310;4335.5;84923
21/07/2021;04:00:00;4335.5;4337;4315.5;4324.75;95599
21/07/2021;08:00:00;4325;4345;4322.5;4339.5;507290
21/07/2021;12:00:00;4339.5;4355.25;4339.25;4355.25;392389
21/07/2021;16:00:00;4355;4357;4351.75;4352;14196
21/07/2021;20:00:00;4352.25;4356.5;4351.75;4353;11468
22/07/2021;00:00:00;4353;4360.25;4351.75;4357;43485
22/07/2021;04:00:00;4357.25;4361.25;4346;4348.5;81467
22/07/2021;08:00:00;4348.25;4358.5;4341.5;4352.5;516781
22/07/2021;12:00:00;4352.75;4371.5;4351.25;4371;295474
22/07/2021;16:00:00;4371.5;4374;4367.25;4373;12854
22/07/2021;20:00:00;4372.75;4374;4368;4370.5;12410
23/07/2021;00:00:00;4370.75;4378.75;4369;4377.25;43162
23/07/2021;04:00:00;4377;4383;4376.75;4378.25;54135
23/07/2021;08:00:00;4378;4400;4372.5;4398.5;546107
23/07/2021;12:00:00;4398.5;4408.25;4396.5;4399.25;442093
25/07/2021;16:00:00;4400.5;4405.25;4391;4393;22983
25/07/2021;20:00:00;4393.25;4394.25;4387.5;4390.75;24965
26/07/2021;00:00:00;4391;4393;4375.5;4384.25;81385
26/07/2021;04:00:00;4384.25;4398.25;4383.75;4391.5;68313
26/07/2021;08:00:00;4391.5;4413.25;4390.25;4406.25;447344
26/07/2021;12:00:00;4406.5;4416.75;4406.25;4415;261031
26/07/2021;16:00:00;4415.75;4416;4407.25;4408.75;13402
26/07/2021;20:00:00;4408.75;4410.5;4405;4408;20219
27/07/2021;00:00:00;4408;4408;4390.5;4396.75;94023
27/07/2021;04:00:00;4396.75;4411.75;4392.75;4407.75;69111
27/07/2021;08:00:00;4407.75;4408.25;4368.25;4372.75;839937
27/07/2021;12:00:00;4372.5;4395.75;4364.75;4383.5;504438
27/07/2021;16:00:00;4380;4398.75;4379.75;4398;28631
27/07/2021;20:00:00;4398;4402;4384.75;4385.75;42191
28/07/2021;00:00:00;4385.75;4404.5;4381.75;4404;62737
28/07/2021;04:00:00;4404;4404.25;4392.75;4398.5;72670
28/07/2021;08:00:00;4398.5;4403;4385.5;4391;494677
28/07/2021;12:00:00;4390.75;4407.75;4377.5;4392;498343
28/07/2021;16:00:00;4393.75;4394.75;4387.5;4391;19737
28/07/2021;20:00:00;4391;4391;4380.5;4388.5;28747
29/07/2021;00:00:00;4388.5;4401.75;4387.5;4399.25;47683
29/07/2021;04:00:00;4399;4403.25;4396.25;4402;68143
29/07/2021;08:00:00;4402.25;4422;4401.75;4418.25;458590
29/07/2021;12:00:00;4418.5;4422.5;4394;4397;361812
29/07/2021;16:00:00;4394.25;4400;4375;4379;46131
29/07/2021;20:00:00;4379;4384.25;4375;4377.5;39352
30/07/2021;00:00:00;4377.25;4388.25;4370.75;4384.25;89726
30/07/2021;04:00:00;4384.25;4388.75;4376.5;4385;94734
30/07/2021;08:00:00;4385;4405;4380;4394;552732
30/07/2021;12:00:00;4394;4396;4382.25;4395.25;508976
01/08/2021;16:00:00;4396.5;4413.25;4395.25;4411.5;34451
01/08/2021;20:00:00;4411.5;4413.75;4405.25;4412.5;32817
02/08/2021;00:00:00;4412.5;4419.75;4409;4416.25;60153
02/08/2021;04:00:00;4416.5;4418.25;4402;4406.75;76974
02/08/2021;08:00:00;4406.75;4414;4386.5;4392.75;568337
02/08/2021;12:00:00;4392.5;4396.75;4377.25;4383.75;390132
02/08/2021;16:00:00;4383.75;4393.5;4382.5;4390.75;21332
02/08/2021;20:00:00;4390.75;4391.25;4381;4388.5;27153
03/08/2021;00:00:00;4388.5;4397.25;4387.5;4395;46366
03/08/2021;04:00:00;4395.25;4397.25;4385.75;4391.25;55858
03/08/2021;08:00:00;4391.5;4402.75;4365.25;4402.25;724400
03/08/2021;12:00:00;4402.25;4417;4402.25;4408.75;401198
03/08/2021;16:00:00;4409.75;4412.25;4405.5;4408.25;16873
03/08/2021;20:00:00;4408.25;4412.25;4406.75;4411.5;18451
04/08/2021;00:00:00;4411.75;4415;4407.75;4411;37993
04/08/2021;04:00:00;4411;4414.5;4397.75;4401.5;86748
04/08/2021;08:00:00;4401.25;4408.25;4391.25;4399.5;536722
04/08/2021;12:00:00;4399.75;4406.75;4393.25;4396.5;325408
04/08/2021;16:00:00;4396.25;4405.5;4394.75;4403.5;16903
04/08/2021;20:00:00;4403.25;4404.5;4400.5;4402.25;13494
05/08/2021;00:00:00;4402.25;4404.25;4393.75;4403;43626
05/08/2021;04:00:00;4402.75;4408.75;4401;4402.25;59869
05/08/2021;08:00:00;4402.25;4415;4401.75;4408.25;339170
05/08/2021;12:00:00;4408.25;4422.75;4407.75;4421;275314
05/08/2021;16:00:00;4420.25;4421;4416;4417.5;12627
05/08/2021;20:00:00;4417.25;4420.25;4416;4419.25;13709
06/08/2021;00:00:00;4419.25;4423.5;4417;4422.75;30789
06/08/2021;04:00:00;4422.75;4429.5;4417.25;4422.5;86330
06/08/2021;08:00:00;4422.75;4433.25;4421.75;4431.5;473932
06/08/2021;12:00:00;4431.5;4432.25;4423.25;4430.25;295888
08/08/2021;16:00:00;4428;4429.5;4412.25;4416;31649
08/08/2021;20:00:00;4416.25;4422.75;4414.75;4420.25;19128
09/08/2021;00:00:00;4420.5;4427.75;4415.5;4422.25;41364
09/08/2021;04:00:00;4422.25;4425.75;4420;4424.75;44711
09/08/2021;08:00:00;4424.75;4432;4416.75;4425.75;376271
09/08/2021;12:00:00;4425.75;4431.75;4423.75;4427.5;243027
09/08/2021;16:00:00;4427.25;4428.5;4423;4428;15401
09/08/2021;20:00:00;4428;4428;4416.5;4420.75;27453
10/08/2021;00:00:00;4420.5;4427.5;4420;4425.5;34726
10/08/2021;04:00:00;4425.75;4427.25;4423.5;4426.75;31185
10/08/2021;08:00:00;4426.5;4438.25;4422.25;4432.75;532669
10/08/2021;12:00:00;4433;4434.75;4426;4429.5;285150
10/08/2021;16:00:00;4429.25;4430.25;4425;4425.25;12862
10/08/2021;20:00:00;4425.25;4429;4423.5;4426;15950
11/08/2021;00:00:00;4426;4429.5;4420.75;4424.25;37622
11/08/2021;04:00:00;4424.25;4439;4420.75;4437;100459
11/08/2021;08:00:00;4437;4443.25;4430;4436;480066
11/08/2021;12:00:00;4436;4441.75;4434.75;4441.5;324246
11/08/2021;16:00:00;4440;4441.5;4438;4438.75;12031
11/08/2021;20:00:00;4438.75;4442.75;4438.75;4440.25;12328
12/08/2021;00:00:00;4440.25;4441.75;4435.75;4441.25;34703
12/08/2021;04:00:00;4441;4444.25;4437.75;4438.5;48785
12/08/2021;08:00:00;4438.75;4448;4430.25;4447;449067
12/08/2021;12:00:00;4446.75;4456.25;4444.75;4456;279877
12/08/2021;16:00:00;4455.75;4455.75;4451;4453.25;12664
12/08/2021;20:00:00;4453.25;4455.5;4451.75;4454;15183
13/08/2021;00:00:00;4454.25;4458.75;4452.75;4458.5;27610
13/08/2021;04:00:00;4458.75;4459.75;4455.5;4458.75;38084
13/08/2021;08:00:00;4459;4462;4454.25;4459.25;361667
13/08/2021;12:00:00;4459.25;4463.25;4455.75;4459.75;300566
15/08/2021;16:00:00;4456.25;4459;4450;4452;24177
15/08/2021;20:00:00;4452;4454;4448;4452.5;22552
16/08/2021;00:00:00;4452.5;4456.5;4445.5;4452.75;53211
16/08/2021;04:00:00;4453;4454.25;4441;4446.5;72159
16/08/2021;08:00:00;4446.25;4453;4432.5;4452.75;606806
16/08/2021;12:00:00;4452.75;4476.5;4451.75;4472;396210
16/08/2021;16:00:00;4472;4472.25;4465.25;4466.5;18155
16/08/2021;20:00:00;4466.75;4467;4463;4464.5;20619
17/08/2021;00:00:00;4464.25;4464.25;4447;4455;74257
17/08/2021;04:00:00;4455;4459;4447.5;4454.25;88647
17/08/2021;08:00:00;4454.5;4454.5;4412.25;4413.75;925026
17/08/2021;12:00:00;4413.5;4445.5;4411.75;4437.5;627621
17/08/2021;16:00:00;4436.75;4440;4432.5;4438.25;19252
17/08/2021;20:00:00;4438.5;4448.75;4437.5;4447.25;28511
18/08/2021;00:00:00;4447;4448.75;4436;4439.25;42907
18/08/2021;04:00:00;4439.25;4443.75;4434.75;4436;60263
18/08/2021;08:00:00;4435.75;4449.75;4430.25;4437.25;540635
18/08/2021;12:00:00;4437.25;4445.5;4381.5;4388.5;813668
18/08/2021;16:00:00;4389.75;4398;4388.75;4396.25;33902
18/08/2021;20:00:00;4396.25;4399.5;4388;4390.5;36588
19/08/2021;00:00:00;4390.25;4391;4352;4355.25;147522
19/08/2021;04:00:00;4355.5;4373.25;4347.75;4355.75;151714
19/08/2021;08:00:00;4355.75;4414.75;4355.5;4412.25;915683
19/08/2021;12:00:00;4412.25;4414;4377.75;4403.25;609635
19/08/2021;16:00:00;4403.75;4406.25;4392.75;4403.5;27734
19/08/2021;20:00:00;4403.5;4405.25;4388.5;4395.5;37704
20/08/2021;00:00:00;4395.25;4395.75;4371.75;4381;86536
20/08/2021;04:00:00;4381;4400.25;4378;4400.25;90192
20/08/2021;08:00:00;4400;4439;4398;4435.75;638447
20/08/2021;12:00:00;4435.75;4440.5;4427.75;4437.5;400156
22/08/2021;16:00:00;4435;4443.5;4433.5;4442.75;23409
22/08/2021;20:00:00;4443;4455;4442.25;4453.5;31882
23/08/2021;00:00:00;4453.5;4454.5;4445.25;4450;55606
23/08/2021;04:00:00;4450;4454.75;4448;4452.75;48251
23/08/2021;08:00:00;4452.75;4485.25;4450.5;4485;450775
23/08/2021;12:00:00;4485;4485.75;4475;4481.25;342746
23/08/2021;16:00:00;4481;4484;4480;4483;11918
23/08/2021;20:00:00;4483;4484.5;4481.25;4483;12888
24/08/2021;00:00:00;4482.75;4492;4482.75;4485.25;44822
24/08/2021;04:00:00;4485.25;4486.25;4476.75;4479;59460
24/08/2021;08:00:00;4479;4488;4477.5;4482.5;393005
24/08/2021;12:00:00;4482.75;4488.5;4480.5;4483.75;236560
24/08/2021;16:00:00;4483.5;4485.5;4479.75;4481.5;12841
24/08/2021;20:00:00;4481.5;4482.75;4476.25;4476.75;17496
25/08/2021;00:00:00;4476.75;4487.5;4476.75;4484.75;31760
25/08/2021;04:00:00;4484.75;4486.25;4478.25;4485;42681
25/08/2021;08:00:00;4484.75;4497.25;4480.75;4496.25;370687
25/08/2021;12:00:00;4496.25;4498;4491.25;4493.5;281350
25/08/2021;16:00:00;4493.75;4494.25;4487.25;4489;13196
25/08/2021;20:00:00;4488.75;4489;4483.25;4486.5;20913
26/08/2021;00:00:00;4486.25;4491.75;4480.25;4487.75;50439
26/08/2021;04:00:00;4487.5;4493;4484.25;4488.25;64273
26/08/2021;08:00:00;4488.25;4492;4465.25;4480.5;684071
26/08/2021;12:00:00;4480.5;4482.5;4465;4470;448092
26/08/2021;16:00:00;4470;4472;4462.25;4466.75;22198
26/08/2021;20:00:00;4466.5;4478;4465.75;4476;22293
27/08/2021;00:00:00;4476;4484.25;4473.5;4479.5;34146
27/08/2021;04:00:00;4479.75;4482;4473.5;4479;44728
27/08/2021;08:00:00;4479;4505.5;4473.75;4505.5;632360
27/08/2021;12:00:00;4505.25;4510;4503.25;4507.5;400266
29/08/2021;16:00:00;4508.75;4513.25;4502.25;4503.5;24096
29/08/2021;20:00:00;4503.5;4509.5;4500.75;4508;21193
30/08/2021;00:00:00;4507.75;4509.75;4506.25;4509;27374
30/08/2021;04:00:00;4509;4512.25;4507.5;4511.5;33529
30/08/2021;08:00:00;4511.25;4534.5;4510.5;4531;489284
30/08/2021;12:00:00;4531;4534.5;4524;4530;342832
30/08/2021;16:00:00;4529.5;4531.5;4525.75;4526.25;15138
30/08/2021;20:00:00;4526.25;4537.75;4525;4537.25;21222
31/08/2021;00:00:00;4537.25;4542.25;4534.75;4535.5;58669
31/08/2021;04:00:00;4535.75;4537;4516;4522.25;119198
31/08/2021;08:00:00;4522.25;4528.5;4512.5;4526.5;515645
31/08/2021;12:00:00;4526.5;4528.5;4515.5;4528;594552
31/08/2021;16:00:00;4527.75;4529.5;4523.75;4525.25;20066
31/08/2021;20:00:00;4525;4534.25;4524.25;4532;24529
01/09/2021;00:00:00;4532.25;4540;4532;4537.5;62485
01/09/2021;04:00:00;4537.25;4539.5;4533.25;4534;70602
01/09/2021;08:00:00;4534;4535;4521.75;4533.25;478821
01/09/2021;12:00:00;4533.5;4535;4519.25;4522.75;363950
01/09/2021;16:00:00;4522.5;4526;4516;4517.75;19999
01/09/2021;20:00:00;4517.75;4521.5;4516.75;4519.75;18987
02/09/2021;00:00:00;4519.75;4532.25;4518.25;4531;43129
02/09/2021;04:00:00;4531.25;4534.5;4527.75;4533.75;47028
02/09/2021;08:00:00;4534;4544;4532.75;4537.5;431378
02/09/2021;12:00:00;4537.5;4538.25;4522.75;4536.5;421410
02/09/2021;16:00:00;4536.75;4539.25;4534;4538;13531
02/09/2021;20:00:00;4538;4545.5;4535;4544.5;30382
03/09/2021;00:00:00;4544.25;4545.75;4538.75;4542.25;38888
03/09/2021;04:00:00;4542;4549.5;4528.5;4538;128662
03/09/2021;08:00:00;4538;4540.75;4519.25;4530.75;590773
03/09/2021;12:00:00;4530.5;4540;4530.5;4533.75;309839
05/09/2021;16:00:00;4533;4535.25;4523.75;4526.5;16475
05/09/2021;20:00:00;4526.25;4534.5;4526.25;4533;17838
06/09/2021;00:00:00;4533.25;4544.25;4531.75;4544;31621
06/09/2021;04:00:00;4544;4545.75;4542.25;4543.5;23136
06/09/2021;08:00:00;4543.75;4548;4542.5;4544.5;28513
06/09/2021;16:00:00;4545.25;4545.25;4537.5;4538.25;13042
06/09/2021;20:00:00;4538;4541;4536.5;4538.5;15980
07/09/2021;00:00:00;4538.75;4541;4532.5;4537.25;41976
07/09/2021;04:00:00;4537.25;4538.25;4529.25;4534;72106
07/09/2021;08:00:00;4533.75;4534.75;4510.75;4525.25;602294
07/09/2021;12:00:00;4525.5;4527.75;4515.25;4517.75;345637
07/09/2021;16:00:00;4517.5;4522.5;4513.25;4522.25;19145
07/09/2021;20:00:00;4522.25;4524.75;4516.75;4519.75;22773
08/09/2021;00:00:00;4519.75;4523.25;4497;4504.25;119657
08/09/2021;04:00:00;4504.5;4521.5;4503.5;4516.75;122608
08/09/2021;08:00:00;4516.5;4520.25;4492;4506;800232
08/09/2021;12:00:00;4506;4514.75;4504;4511.25;371235
08/09/2021;16:00:00;4511;4511.75;4501.5;4502.75;19814
08/09/2021;20:00:00;4502.75;4506.75;4495;4496.25;31919
09/09/2021;00:00:00;4496;4503.75;4485.5;4499;100273
09/09/2021;04:00:00;4499;4513.5;4496.25;4510.75;117568
09/09/2021;08:00:00;4510.75;4529.5;4508;4509.25;581726
09/09/2021;12:00:00;4509.25;4514;4487;4490.75;554007
09/09/2021;16:00:00;4491.25;4496.75;4488.75;4494.5;17133
09/09/2021;20:00:00;4494.25;4505.5;4489.5;4504;21473
10/09/2021;00:00:00;4503.75;4514;4501.5;4513;36963
10/09/2021;04:00:00;4513.25;4513.5;4508.5;4511.75;43177
10/09/2021;08:00:00;4511.5;4518.25;4476.25;4494.25;450784
10/09/2021;12:00:00;4494.5;4497;4456.5;4461;333018
12/09/2021;16:00:00;4461;4476;4459.75;4468;19499
12/09/2021;20:00:00;4468;4470.25;4463.25;4464.25;17367
13/09/2021;00:00:00;4464.5;4471.5;4446.5;4468.25;52392
13/09/2021;04:00:00;4468.25;4478.5;4467;4478;68369
13/09/2021;08:00:00;4478.25;4483.5;4442.25;4454.5;822698
13/09/2021;12:00:00;4454.5;4467.5;4434.5;4466.75;466393
13/09/2021;16:00:00;4465.75;4469;4462.75;4466.25;15942
13/09/2021;20:00:00;4466.25;4471.25;4465;4468;19253
14/09/2021;00:00:00;4468;4470.75;4452.75;4465.5;90742
14/09/2021;04:00:00;4465.5;4479.5;4451.5;4472;120991
14/09/2021;08:00:00;4472;4477.25;4439.25;4442;712192
14/09/2021;12:00:00;4441.75;4445.5;4425.25;4437.25;581509
14/09/2021;16:00:00;4437;4445;4436;4440.25;19307
14/09/2021;20:00:00;4440;4445;4431.5;4444.5;30418
15/09/2021;00:00:00;4444.5;4447.75;4435.75;4445.25;49429
15/09/2021;04:00:00;4445;4448.5;4430.75;4440.75;81030
15/09/2021;08:00:00;4440.5;4464.75;4427.5;4462.75;730952
15/09/2021;12:00:00;4463;4477.75;4462.75;4476.5;450601
15/09/2021;16:00:00;4476;4477.25;4473;4474.5;14375
15/09/2021;20:00:00;4474.5;4478.5;4467.25;4468.75;26940
16/09/2021;00:00:00;4469;4474.5;4465.5;4469.25;44613
16/09/2021;04:00:00;4469.5;4470.25;4456;4469;91824
16/09/2021;08:00:00;4469.25;4476;4433.25;4452.75;715946
16/09/2021;12:00:00;4452.75;4476.5;4446.75;4460.25;462262
16/09/2021;16:00:00;4459.25;4462;4454.5;4456.5;16567
16/09/2021;20:00:00;4456.75;4468.5;4452.25;4468.25;31131
17/09/2021;00:00:00;4468;4472.5;4462.25;4465;44545
17/09/2021;04:00:00;4465;4465.25;4448.25;4460.75;121588
17/09/2021;08:00:00;4460.5;4463.75;4422.25;4433.25;920996
17/09/2021;12:00:00;4433.25;4433.5;4406.5;4408.25;727452
19/09/2021;16:00:00;4411.75;4418;4404.25;4413;35809
19/09/2021;20:00:00;4412.75;4413;4381.25;4388.75;65847
20/09/2021;00:00:00;4389;4393.75;4365.25;4370;127623
20/09/2021;04:00:00;4369.75;4370.5;4340;4346.75;225382
20/09/2021;08:00:00;4346.75;4371.25;4321.5;4322;1150476
20/09/2021;12:00:00;4321.75;4350;4293.75;4343;1012412
20/09/2021;16:00:00;4342.5;4366;4341;4357.5;46545
20/09/2021;20:00:00;4357.75;4374;4353.5;4372.75;46443
21/09/2021;00:00:00;4372.75;4395.75;4362.75;4386.5;99416
21/09/2021;04:00:00;4386.75;4389.75;4369.25;4370;138812
21/09/2021;08:00:00;4370;4385;4336.5;4359.75;985253
21/09/2021;12:00:00;4359.75;4366.5;4329.25;4336.25;593330
21/09/2021;16:00:00;4336.5;4339.5;4321.25;4327;38378
21/09/2021;20:00:00;4327;4361;4323.25;4351.5;76024
22/09/2021;00:00:00;4351.75;4373;4351;4366.5;65638
22/09/2021;04:00:00;4366.25;4371.25;4360.5;4369;52306
22/09/2021;08:00:00;4369;4402;4356.5;4391;675507
22/09/2021;12:00:00;4390.75;4406.5;4371.75;4386.25;802694
22/09/2021;16:00:00;4386;4396.5;4385.75;4395;22081
22/09/2021;20:00:00;4395.25;4400;4391.5;4395.5;26765
23/09/2021;00:00:00;4395.5;4416.5;4394.5;4415.75;70951
23/09/2021;04:00:00;4415.75;4424.75;4401.5;4405.75;138344
23/09/2021;08:00:00;4405.75;4447.5;4395.25;4443.25;673787
23/09/2021;12:00:00;4443.5;4455;4435.25;4439;477555
23/09/2021;16:00:00;4439;4451.5;4438.25;4445.25;24614
23/09/2021;20:00:00;4445.5;4447.75;4433.75;4438.75;28427
24/09/2021;00:00:00;4438.75;4441.25;4415.75;4427.25;81967
24/09/2021;04:00:00;4427;4427.5;4410.75;4413.75;91951
24/09/2021;08:00:00;4413.5;4445;4411.25;4440.5;545890
24/09/2021;12:00:00;4440.25;4453;4433.75;4446;359428
26/09/2021;16:00:00;4446;4462.75;4445;4461.25;36288
26/09/2021;20:00:00;4461.25;4467.5;4460.5;4461.75;23867
27/09/2021;00:00:00;4461.75;4472;4455.5;4458;44798
27/09/2021;04:00:00;4457.75;4461.5;4427;4435.25;128011
27/09/2021;08:00:00;4435.25;4446.5;4425;4429.25;646503
27/09/2021;12:00:00;4429;4443.25;4427.25;4429.25;375701
27/09/2021;16:00:00;4429.75;4433.25;4421.25;4424.75;24698
27/09/2021;20:00:00;4424.5;4437.5;4421.5;4434.5;29825
28/09/2021;00:00:00;4434.5;4442;4396;4405.25;130659
28/09/2021;04:00:00;4405.5;4408.5;4388;4395.5;144396
28/09/2021;08:00:00;4395.25;4409.75;4336.5;4338.75;1060984
28/09/2021;12:00:00;4338.5;4372.25;4334.75;4346.5;850259
28/09/2021;16:00:00;4347.5;4366;4345.25;4362.25;38884
28/09/2021;20:00:00;4362.25;4371.5;4347.25;4370.75;62732
29/09/2021;00:00:00;4370.5;4378.75;4360.75;4374.25;108888
29/09/2021;04:00:00;4374.5;4378;4355.75;4360.75;117335
29/09/2021;08:00:00;4360.75;4376.5;4346;4355.75;807515
29/09/2021;12:00:00;4355.5;4375.5;4344.25;4356.5;636682
29/09/2021;16:00:00;4360;4368;4355.25;4366;25636
29/09/2021;20:00:00;4366;4375.25;4361.5;4374.5;32003
30/09/2021;00:00:00;4374.5;4389;4373.75;4380.5;96821
30/09/2021;04:00:00;4380.75;4382.25;4361;4364;96016
30/09/2021;08:00:00;4363.75;4373.5;4304.5;4313;982638
30/09/2021;12:00:00;4313;4343.75;4294.25;4298.5;1009414
30/09/2021;16:00:00;4301;4311;4297.25;4298.25;37638
30/09/2021;20:00:00;4298.25;4300;4268.75;4274.75;88456
01/10/2021;00:00:00;4275;4284.75;4260;4272;142110
01/10/2021;04:00:00;4271.75;4320.25;4271.75;4309.25;196027
01/10/2021;08:00:00;4309.25;4326;4277;4319;1017096
01/10/2021;12:00:00;4319.25;4365.75;4314.75;4350.75;713509
03/10/2021;16:00:00;4349;4362;4340.5;4343.75;49102
03/10/2021;20:00:00;4343.75;4346.5;4326.5;4342;68191
04/10/2021;00:00:00;4342;4349.75;4315;4330.5;104150
04/10/2021;04:00:00;4330.75;4341.5;4322.5;4338.25;96624
04/10/2021;08:00:00;4338.5;4344.5;4267.5;4276.5;1038288
04/10/2021;12:00:00;4276.5;4296.5;4269;4294;710310
04/10/2021;16:00:00;4295.75;4300;4275.5;4277;37744
04/10/2021;20:00:00;4277;4298.25;4269;4295.25;61574
05/10/2021;00:00:00;4295;4304;4283.5;4304;83548
05/10/2021;04:00:00;4304;4314.75;4302.75;4311.75;94401
05/10/2021;08:00:00;4312;4356.75;4298.5;4350;787355
05/10/2021;12:00:00;4350;4359.75;4331;4336;534796
05/10/2021;16:00:00;4334;4339.5;4327;4334.75;27775
05/10/2021;20:00:00;4334.75;4336;4306.5;4314.25;71246
06/10/2021;00:00:00;4314.25;4321;4285.75;4287.25;129900
06/10/2021;04:00:00;4287;4301;4273.75;4293.25;186921
06/10/2021;08:00:00;4293.25;4319.5;4279.5;4304.5;1002875
06/10/2021;12:00:00;4304.25;4357.5;4296.25;4355.25;715090
06/10/2021;16:00:00;4355.25;4372.75;4355;4368.5;40965
06/10/2021;20:00:00;4368.75;4382.75;4366;4372.75;38932
07/10/2021;00:00:00;4372.75;4385;4369.5;4380.5;74546
07/10/2021;04:00:00;4380.5;4398.5;4377.25;4394.5;99448
07/10/2021;08:00:00;4394.25;4421.5;4385.5;4416.25;640749
07/10/2021;12:00:00;4416.5;4417;4386.5;4390.25;482644
07/10/2021;16:00:00;4390.5;4401.25;4387.25;4398.5;34044
07/10/2021;20:00:00;4398.5;4403.25;4390.5;4391.25;31067
08/10/2021;00:00:00;4391.25;4401.75;4382.25;4383.75;70674
08/10/2021;04:00:00;4383.75;4407.75;4382.25;4400.5;172150
08/10/2021;08:00:00;4400.5;4405.5;4382.25;4386.25;643967
08/10/2021;12:00:00;4386.25;4397.75;4376.25;4380.5;417981
10/10/2021;16:00:00;4381;4388;4352.25;4368;50195
10/10/2021;20:00:00;4368;4378.5;4366.25;4376.25;35171
11/10/2021;00:00:00;4376.25;4383;4362.25;4369.5;66242
11/10/2021;04:00:00;4369.5;4375;4357.75;4372.75;69092
11/10/2021;08:00:00;4373;4407.5;4372;4385;487880
11/10/2021;12:00:00;4385;4385;4344;4347.25;498565
11/10/2021;16:00:00;4347.75;4349.75;4328;4331.75;43866
11/10/2021;20:00:00;4332;4337;4321.5;4332.75;47198
12/10/2021;00:00:00;4332.5;4348.5;4317.25;4346.75;81454
12/10/2021;04:00:00;4346.75;4365;4346.25;4357;98524
12/10/2021;08:00:00;4356.75;4365;4339;4345.75;559381
12/10/2021;12:00:00;4345.5;4359.75;4326.25;4328.75;428125
12/10/2021;16:00:00;4327.5;4338.75;4326.25;4337.25;22693
12/10/2021;20:00:00;4337.25;4339.25;4328.75;4338.5;26958
13/10/2021;00:00:00;4338.75;4353.75;4323.25;4349.75;71050
13/10/2021;04:00:00;4349.75;4354.75;4333.25;4339;129779
13/10/2021;08:00:00;4339;4357.25;4318.75;4340.5;632119
13/10/2021;12:00:00;4340.5;4364.75;4339;4355.25;445504
13/10/2021;16:00:00;4354.75;4371.5;4354;4368.75;25333
13/10/2021;20:00:00;4368.75;4372;4365;4369.5;18203
14/10/2021;00:00:00;4369.25;4385.75;4367.5;4383.5;65591
14/10/2021;04:00:00;4383.5;4399;4381;4394.5;96920
14/10/2021;08:00:00;4394.5;4426.25;4390;4425.5;563018
14/10/2021;12:00:00;4425.5;4437.25;4420;4435.5;451495
14/10/2021;16:00:00;4433;4438.25;4428.25;4433;21128
14/10/2021;20:00:00;4433;4447.75;4426.25;4446.25;37165
15/10/2021;00:00:00;4446.25;4449;4436.25;4442;50925
15/10/2021;04:00:00;4442;4453.75;4438.25;4449.25;88481
15/10/2021;08:00:00;4449.25;4461.75;4445;4457.5;533127
15/10/2021;12:00:00;4457.75;4467.5;4454.5;4465.25;402536
17/10/2021;16:00:00;4465.5;4469.5;4450.75;4460;37791
17/10/2021;20:00:00;4459.75;4462.5;4456;4456.25;28625
18/10/2021;00:00:00;4456;4458.25;4441.75;4448.5;55925
18/10/2021;04:00:00;4448.75;4455;4436.25;4440;82610
18/10/2021;08:00:00;4440;4474.75;4436.75;4470.25;499248
18/10/2021;12:00:00;4470.25;4479.75;4469;4476;333146
18/10/2021;16:00:00;4475.75;4484.25;4471.75;4477;23652
18/10/2021;20:00:00;4477;4481.25;4472.25;4477.5;20063
19/10/2021;00:00:00;4477.5;4493.75;4476.5;4490.25;49547
19/10/2021;04:00:00;4490.25;4504.5;4488;4493.25;71008
19/10/2021;08:00:00;4493.25;4510.25;4487.25;4509.75;470612
19/10/2021;12:00:00;4510;4517.5;4500.5;4515.25;347611
19/10/2021;16:00:00;4516;4517.25;4510;4512;20372
19/10/2021;20:00:00;4512;4512.75;4507;4509;20912
20/10/2021;00:00:00;4509.25;4515.75;4504;4511.25;45229
20/10/2021;04:00:00;4511;4513.5;4506.75;4511.25;55958
20/10/2021;08:00:00;4511.25;4532.25;4509.25;4529.75;447418
20/10/2021;12:00:00;4529.75;4531.25;4515;4525;375174
20/10/2021;16:00:00;4525;4526.5;4518.25;4521.25;15848
20/10/2021;20:00:00;4521;4527.75;4516;4518.75;22861
21/10/2021;00:00:00;4518.75;4520;4510.25;4515.5;49050
21/10/2021;04:00:00;4515.5;4522.5;4513.25;4518;54222
21/10/2021;08:00:00;4518.25;4533.5;4516.5;4525.75;433634
21/10/2021;12:00:00;4526;4543.25;4522.25;4532;337447
21/10/2021;16:00:00;4530;4538.5;4527.25;4536.75;25155
21/10/2021;20:00:00;4536.75;4539.75;4534;4536.75;23146
22/10/2021;00:00:00;4536.75;4542.75;4532;4539.25;47282
22/10/2021;04:00:00;4539.25;4548;4537.25;4540;56661
22/10/2021;08:00:00;4539.75;4551.5;4515.25;4531.75;724986
22/10/2021;12:00:00;4531.75;4545.75;4528;4529.25;387904
24/10/2021;16:00:00;4528.75;4534.5;4522.5;4533.25;25156
24/10/2021;20:00:00;4533.25;4540.25;4529.5;4540;23935
25/10/2021;00:00:00;4540;4546.25;4538;4541.25;39183
25/10/2021;04:00:00;4541.5;4545;4538;4543;44071
25/10/2021;08:00:00;4543;4560.75;4528.75;4558.75;478140
25/10/2021;12:00:00;4559;4566.25;4552.5;4565.25;375728
25/10/2021;16:00:00;4564.75;4572;4561.5;4570.75;19198
25/10/2021;20:00:00;4570.75;4575;4567.75;4570;18122
26/10/2021;00:00:00;4570;4580.75;4566;4576.75;45361
26/10/2021;04:00:00;4576.75;4578.5;4574;4576.5;47128
26/10/2021;08:00:00;4576.25;4590;4560.75;4567;666509
26/10/2021;12:00:00;4567.25;4579.25;4562.25;4563.25;418884
26/10/2021;16:00:00;4563.75;4573;4563.25;4564.5;21256
26/10/2021;20:00:00;4564.75;4567.75;4561.5;4567.75;17505
27/10/2021;00:00:00;4567.75;4576.25;4564.5;4565.25;38512
27/10/2021;04:00:00;4565.25;4571;4556.5;4568.75;78568
27/10/2021;08:00:00;4568.75;4576.75;4558;4567;575585
27/10/2021;12:00:00;4566.75;4576.25;4543.75;4547.75;480723
27/10/2021;16:00:00;4548.75;4554.5;4548;4552.5;19455
27/10/2021;20:00:00;4552.5;4553.75;4547.25;4552.25;17939
28/10/2021;00:00:00;4552;4555.5;4545.25;4554.25;50571
28/10/2021;04:00:00;4554.5;4562.5;4549.25;4558.5;71914
28/10/2021;08:00:00;4558.75;4584.75;4556;4571.75;581485
28/10/2021;12:00:00;4571.75;4589.75;4571.5;4578.5;410721
28/10/2021;16:00:00;4577;4579.75;4570.5;4571.25;21540
28/10/2021;20:00:00;4571.5;4576.25;4568;4569.5;22416
29/10/2021;00:00:00;4569.5;4572.5;4559.75;4567;56323
29/10/2021;04:00:00;4566.75;4571.5;4559.25;4562.75;95724
29/10/2021;08:00:00;4562.75;4596.75;4559.25;4592.5;580862
29/10/2021;12:00:00;4592.75;4603.5;4581;4602.5;551380
31/10/2021;16:00:00;4608;4615.5;4602.75;4612;40096
31/10/2021;20:00:00;4611.75;4611.75;4604.75;4605.75;22957
01/11/2021;00:00:00;4605.75;4615;4601.5;4614.75;40792
01/11/2021;04:00:00;4614.75;4619.5;4608.75;4609.25;59824
01/11/2021;08:00:00;4609;4612;4586.5;4604.5;500763
01/11/2021;12:00:00;4604.75;4607;4586.75;4605.75;359393
01/11/2021;16:00:00;4605.75;4608.25;4601.75;4603;14845
01/11/2021;20:00:00;4603.25;4605.5;4593.25;4596.25;26071
02/11/2021;00:00:00;4596;4606.25;4594.5;4600.5;36267
02/11/2021;04:00:00;4600.5;4610;4598.5;4608;47273
02/11/2021;08:00:00;4608.25;4627;4605.5;4624.25;514594
02/11/2021;12:00:00;4624.25;4625.5;4616.75;4621.5;306371
02/11/2021;16:00:00;4621.25;4622;4617.75;4620.5;10189
02/11/2021;20:00:00;4620.5;4625;4618;4618.75;14784
03/11/2021;00:00:00;4619;4623.25;4616.75;4621.75;21950
03/11/2021;04:00:00;4621.75;4624.25;4616.25;4617;40781
03/11/2021;08:00:00;4617;4620.5;4613;4618;359122
03/11/2021;12:00:00;4617.75;4657;4613.25;4651.75;592488
03/11/2021;16:00:00;4651.5;4660.5;4651.25;4654.75;20472
03/11/2021;20:00:00;4654.5;4654.5;4650.75;4653;17577
04/11/2021;00:00:00;4653;4662.5;4651;4656;40927
04/11/2021;04:00:00;4656.25;4662.25;4655;4658.5;62903
04/11/2021;08:00:00;4658.25;4674.75;4654.5;4664;555429
04/11/2021;12:00:00;4664.25;4676.25;4659.5;4672.75;426015
04/11/2021;16:00:00;4671.75;4677.5;4669.5;4672.75;18554
04/11/2021;20:00:00;4672.75;4674.75;4669;4674.25;17276
05/11/2021;00:00:00;4674.25;4676.75;4667.5;4674.5;32297
05/11/2021;04:00:00;4674.5;4697;4674.5;4693.75;111987
05/11/2021;08:00:00;4693.5;4711.75;4692;4694.5;659484
05/11/2021;12:00:00;4694.5;4696.75;4674.25;4685.75;551078
07/11/2021;16:00:00;4678.5;4689.75;4676.25;4678.5;32351
07/11/2021;20:00:00;4678.25;4684.5;4677.25;4683.75;18962
08/11/2021;00:00:00;4683.75;4694.5;4680.5;4691.75;43401
08/11/2021;04:00:00;4691.75;4700;4690;4699.75;51296
08/11/2021;08:00:00;4699.75;4707;4686.75;4691;504898
08/11/2021;12:00:00;4690.75;4699.5;4688.25;4692;299626
08/11/2021;16:00:00;4690.75;4692.25;4680.25;4681.75;27707
08/11/2021;20:00:00;4682;4688;4680;4687.25;19475
09/11/2021;00:00:00;4687.5;4695.75;4685;4694.75;33938
09/11/2021;04:00:00;4695;4697.5;4686.75;4695;58711
09/11/2021;08:00:00;4695.25;4700.5;4663.25;4671.25;753727
09/11/2021;12:00:00;4671.25;4680;4664.25;4675.25;362036
09/11/2021;16:00:00;4674.75;4675.75;4666;4669.25;26178
09/11/2021;20:00:00;4669.25;4669.75;4658.25;4663.75;34281
10/11/2021;00:00:00;4663.75;4680.25;4663;4673.5;48945
10/11/2021;04:00:00;4673.5;4674.5;4656.75;4662.25;106534
10/11/2021;08:00:00;4662.5;4678.75;4658;4665;550734
10/11/2021;12:00:00;4665;4666;4625.25;4644.25;816693
10/11/2021;16:00:00;4645;4652.75;4638;4652.75;32081
10/11/2021;20:00:00;4652.75;4654;4640.5;4646.5;30401
11/11/2021;00:00:00;4646.75;4659.5;4644.5;4658.5;53017
11/11/2021;04:00:00;4658.5;4661.5;4655;4659.25;53651
11/11/2021;08:00:00;4659;4659.25;4643;4648.75;460880
11/11/2021;12:00:00;4648.75;4653;4642;4646.5;286562
11/11/2021;16:00:00;4647;4658.25;4646.25;4655;24039
11/11/2021;20:00:00;4655.25;4655.5;4647;4650.75;20423
12/11/2021;00:00:00;4650.75;4652;4643.75;4647;42335
12/11/2021;04:00:00;4647;4656.25;4646.25;4655;41039
12/11/2021;08:00:00;4655;4678.5;4645.75;4673;572866
12/11/2021;12:00:00;4673;4685.5;4667.25;4681;400119
14/11/2021;16:00:00;4684.75;4689.5;4682.25;4683.5;21823
14/11/2021;20:00:00;4683.75;4685;4677.25;4681.5;16981
15/11/2021;00:00:00;4681.5;4688.25;4677.25;4686.25;30178
15/11/2021;04:00:00;4686.25;4697.5;4686.25;4693.5;51545
15/11/2021;08:00:00;4693.75;4695.25;4667;4676.75;543806
15/11/2021;12:00:00;4676.5;4682;4670.25;4681;338482
15/11/2021;16:00:00;4680.75;4687;4676.5;4686.25;22089
15/11/2021;20:00:00;4686.25;4686.75;4675;4676.75;18763
16/11/2021;00:00:00;4676.75;4681.25;4671.25;4676.5;32749
16/11/2021;04:00:00;4676.25;4685.5;4670.75;4679;70854
16/11/2021;08:00:00;4678.75;4706.75;4673.5;4704.5;504262
16/11/2021;12:00:00;4704.5;4709.75;4694.5;4696.5;344521
16/11/2021;16:00:00;4696.5;4700.25;4694.75;4697.5;16210
16/11/2021;20:00:00;4697.25;4698.25;4690.5;4693.5;18084
17/11/2021;00:00:00;4693.75;4701;4692.75;4694.75;25989
17/11/2021;04:00:00;4694.75;4697.5;4688.5;4692.25;48808
17/11/2021;08:00:00;4692.25;4696.75;4679.25;4686;560374
17/11/2021;12:00:00;4685.75;4692.5;4682.25;4685.25;352966
17/11/2021;16:00:00;4685.25;4691;4684.5;4688.25;16134
17/11/2021;20:00:00;4688.25;4693.75;4686;4691.5;15148
18/11/2021;00:00:00;4691.75;4704;4691.25;4698.75;33735
18/11/2021;04:00:00;4698.75;4703;4695.75;4697;46686
18/11/2021;08:00:00;4697;4704.5;4668;4694.75;655379
18/11/2021;12:00:00;4695;4706.5;4691.25;4705.25;361510
18/11/2021;16:00:00;4705.25;4714.25;4702.75;4711.5;22841
18/11/2021;20:00:00;4711.75;4722;4710.75;4717.75;31105
19/11/2021;00:00:00;4717.75;4723.5;4701.25;4702;62895
19/11/2021;04:00:00;4702;4702.5;4684.25;4694;157408
19/11/2021;08:00:00;4693.75;4714.25;4689.75;4708;561449
19/11/2021;12:00:00;4707.75;4709.25;4690;4697.75;440663
21/11/2021;16:00:00;4701;4707.25;4695.25;4705.5;23971
21/11/2021;20:00:00;4705.5;4710;4705;4707.25;16056
22/11/2021;00:00:00;4707;4712;4705.5;4709.75;31977
22/11/2021;04:00:00;4710;4716.75;4702.25;4710;76163
22/11/2021;08:00:00;4710;4740.5;4697.5;4711.75;883899
22/11/2021;12:00:00;4711.75;4729;4674.25;4684;586251
22/11/2021;16:00:00;4686;4689;4680;4681.75;27889
22/11/2021;20:00:00;4681.75;4682.25;4669;4672.75;29598
23/11/2021;00:00:00;4672.75;4676.75;4654.5;4675.25;107148
23/11/2021;04:00:00;4675.25;4682;4667.5;4678.75;118539
23/11/2021;08:00:00;4678.75;4695.5;4649;4659.5;952672
23/11/2021;12:00:00;4659.25;4691.25;4653.75;4684.75;598089
23/11/2021;16:00:00;4686.25;4688.75;4681.25;4687.25;18695
23/11/2021;20:00:00;4687.25;4688;4675.5;4688;20371
24/11/2021;00:00:00;4687.75;4692;4670;4672.75;51762
24/11/2021;04:00:00;4672.75;4681.75;4661.5;4664;98901
24/11/2021;08:00:00;4664.25;4691.75;4656.25;4691;699801
24/11/2021;12:00:00;4691;4702.25;4677.75;4700.5;465975
24/11/2021;16:00:00;4700.5;4709.25;4700.25;4707;16183
24/11/2021;20:00:00;4707;4715.25;4705.5;4715.25;15026
25/11/2021;00:00:00;4715.25;4717;4710;4710.25;21681
25/11/2021;04:00:00;4710.25;4711.25;4702.5;4703.75;21811
25/11/2021;08:00:00;4703.5;4708.75;4700.75;4705.5;28551
25/11/2021;16:00:00;4707.75;4708.5;4666;4671.25;59851
25/11/2021;20:00:00;4671.5;4672.25;4650;4654;63948
26/11/2021;00:00:00;4654;4655;4597;4610.25;231641
26/11/2021;04:00:00;4610.25;4628;4604.75;4620.25;183354
26/11/2021;08:00:00;4620.25;4643.25;4581.25;4594.75;1252400
26/11/2021;12:00:00;4594.75;4601;4577.25;4579;72311
28/11/2021;16:00:00;4589;4639.75;4588.75;4638;125723
28/11/2021;20:00:00;4638;4642.75;4622.5;4628.25;56072
29/11/2021;00:00:00;4628.5;4641;4620;4620.5;110440
29/11/2021;04:00:00;4620.25;4646.5;4620.25;4644;116066
29/11/2021;08:00:00;4644;4667.25;4621.25;4665.5;961723
29/11/2021;12:00:00;4665.5;4669.75;4647.25;4655.75;575292
29/11/2021;16:00:00;4657.25;4667.5;4656.5;4664.5;23919
29/11/2021;20:00:00;4664.5;4665.5;4606.5;4608.75;68590
30/11/2021;00:00:00;4608.75;4620.25;4582;4604.25;151934
30/11/2021;04:00:00;4604;4626;4595;4625;160410
30/11/2021;08:00:00;4625;4644.25;4562;4575;1373342
30/11/2021;12:00:00;4574.75;4597;4557;4585.5;931285
30/11/2021;16:00:00;4587.5;4595;4571.5;4591.75;61661
30/11/2021;20:00:00;4592;4607.75;4591;4603.75;52097
01/12/2021;00:00:00;4603.75;4625.75;4596;4621.75;87069
01/12/2021;04:00:00;4622;4628.75;4614.75;4622;106339
01/12/2021;08:00:00;4622;4650.75;4606.25;4608.5;971882
01/12/2021;12:00:00;4608.5;4615.75;4497.75;4507.5;1303073
01/12/2021;16:00:00;4514.75;4536;4508;4534.75;66176
01/12/2021;20:00:00;4534.5;4543;4527.25;4537.5;49294
02/12/2021;00:00:00;4537.5;4552;4524.5;4542.75;97625
02/12/2021;04:00:00;4543;4544.75;4509.5;4517;172085
02/12/2021;08:00:00;4517;4587;4505.5;4579.5;1309450
02/12/2021;12:00:00;4579.75;4593.75;4564.75;4585.25;808440
02/12/2021;16:00:00;4587.25;4589;4543.75;4554.25;57143
02/12/2021;20:00:00;4554;4580.5;4550.5;4578.5;35231
03/12/2021;00:00:00;4578.75;4583.75;4568.25;4571.5;49842
03/12/2021;04:00:00;4571.25;4602;4557.5;4592.75;154454
03/12/2021;08:00:00;4593;4606.5;4504.25;4521;1312827
03/12/2021;12:00:00;4520.75;4543.25;4492;4533.25;1032541
05/12/2021;16:00:00;4542.25;4562.5;4535;4557.5;66720
05/12/2021;20:00:00;4557.5;4566.5;4554.25;4563.25;25277
06/12/2021;00:00:00;4563.5;4571.75;4545.5;4547.75;83053
06/12/2021;04:00:00;4548;4559.25;4531.5;4559;115212
06/12/2021;08:00:00;4558.75;4600;4539.25;4599.75;988022
06/12/2021;12:00:00;4600;4611.75;4586.75;4595.25;639486
06/12/2021;16:00:00;4594.25;4604.25;4587.25;4600.25;26682
06/12/2021;20:00:00;4600.25;4619;4593;4619;28693
07/12/2021;00:00:00;4619;4647;4614.5;4642.5;84927
07/12/2021;04:00:00;4642.5;4656.75;4642;4647;102564
07/12/2021;08:00:00;4647;4692.5;4642.5;4690;745885
07/12/2021;12:00:00;4690;4697.25;4666.25;4695;684115
07/12/2021;16:00:00;4695.25;4701;4683.25;4694.75;33913
07/12/2021;20:00:00;4694.75;4706;4694.5;4703.25;28742
08/12/2021;00:00:00;4703.25;4704;4690.75;4695.5;45307
08/12/2021;04:00:00;4695.5;4712;4681.25;4692.25;139177
08/12/2021;08:00:00;4692.25;4696.5;4671.75;4685.75;652686
08/12/2021;12:00:00;4686;4703.25;4684.75;4697.75;366479
08/12/2021;16:00:00;4697.25;4699.75;4693.75;4698.5;17469
08/12/2021;20:00:00;4698.5;4706;4687.75;4690.75;29560
09/12/2021;00:00:00;4690.75;4693.25;4679;4682.5;6744
09/12/2021;04:00:00;4682.5;4682.75;4670.75;4675.5;12036
09/12/2021;08:00:00;4675.75;4687;4666.5;4685.25;106613
09/12/2021;12:00:00;4685.25;4687.25;4655.25;4661;125296
09/12/2021;16:00:00;4662.25;4668.25;4657;4665.25;15164
09/12/2021;20:00:00;4665.25;4668;4657.5;4658.75;7924
10/12/2021;00:00:00;4658.75;4673;4658.25;4672.5;22248
10/12/2021;04:00:00;4672.5;4699;4670.5;4693.75;66512
10/12/2021;08:00:00;4694;4697.75;4661.5;4685.25;560411
10/12/2021;12:00:00;4685;4705.25;4680.25;4704.75;319491
12/12/2021;16:00:00;4704.5;4723.25;4703.75;4722.5;29218
12/12/2021;20:00:00;4722.5;4722.75;4715.5;4717.75;13883
13/12/2021;00:00:00;4717.5;4722;4709.25;4719.25;34173
13/12/2021;04:00:00;4719.25;4722.25;4710;4710;56828
13/12/2021;08:00:00;4710;4710.5;4662.5;4670.25;757103
13/12/2021;12:00:00;4670.5;4680.75;4655.5;4663.5;476374
13/12/2021;16:00:00;4663;4670;4661.25;4666.75;24635
13/12/2021;20:00:00;4667;4668;4660.25;4665.5;13966
14/12/2021;00:00:00;4665.75;4676.75;4642.5;4643.25;51711
14/12/2021;04:00:00;4643.5;4656;4628.5;4631.25;106007
14/12/2021;08:00:00;4631.25;4652;4596.25;4600.25;849685
14/12/2021;12:00:00;4600.25;4638.5;4598.25;4629.25;523100
14/12/2021;16:00:00;4629;4634;4622.5;4630;28582
14/12/2021;20:00:00;4629.75;4638.25;4625.25;4634.5;23865
15/12/2021;00:00:00;4634.75;4637.25;4620.5;4625.5;47275
15/12/2021;04:00:00;4625.5;4634.5;4621;4627.25;69978
15/12/2021;08:00:00;4627;4632;4602.25;4616.25;563905
15/12/2021;12:00:00;4616.25;4705.75;4602;4702.5;1047715
15/12/2021;16:00:00;4702.75;4712;4697;4698.5;36904
15/12/2021;20:00:00;4698.25;4715.5;4698.25;4715;23032
16/12/2021;00:00:00;4715;4732.25;4714;4725.75;73137
16/12/2021;04:00:00;4725.75;4743.25;4720;4725;126198
16/12/2021;08:00:00;4725;4725.25;4671;4671.25;901376
16/12/2021;12:00:00;4671.25;4686.75;4642;4665.25;815596
16/12/2021;16:00:00;4664;4668;4652.75;4665.75;37876
16/12/2021;20:00:00;4665.75;4667.25;4642.75;4652.5;32540
17/12/2021;00:00:00;4652.5;4666;4634.5;4652.25;84527
17/12/2021;04:00:00;4652.5;4654;4624.25;4632.75;151291
17/12/2021;08:00:00;4632.75;4657;4590;4627.25;1291428
17/12/2021;12:00:00;4627;4647;4605;4619.25;771230
19/12/2021;16:00:00;4612;4621.5;4572.75;4576;84068
19/12/2021;20:00:00;4575.75;4575.75;4555.25;4556.75;53219
20/12/2021;00:00:00;4556.75;4561;4526.25;4540.5;116518
20/12/2021;04:00:00;4540.5;4568;4540;4551;120233
20/12/2021;08:00:00;4551;4558.75;4520.25;4527.25;994601
20/12/2021;12:00:00;4527.25;4572.5;4524.5;4569.25;658918
20/12/2021;16:00:00;4567.75;4587.25;4565.75;4585.25;43481
20/12/2021;20:00:00;4585.5;4595.75;4576.75;4595.25;26748
21/12/2021;00:00:00;4595;4602;4577.75;4581.75;55387
21/12/2021;04:00:00;4581.75;4606.5;4579.5;4600.75;84372
21/12/2021;08:00:00;4600.75;4629.25;4572.25;4628.25;749604
21/12/2021;12:00:00;4628.25;4643;4622;4642;499019
21/12/2021;16:00:00;4641.75;4642.75;4634.5;4636.75;21404
21/12/2021;20:00:00;4636.75;4638.5;4631;4636.75;12856
22/12/2021;00:00:00;4636.5;4642.5;4622.25;4630.25;34844
22/12/2021;04:00:00;4630;4646;4626;4630;68793
22/12/2021;08:00:00;4630.25;4678.5;4628.25;4677.75;542471
22/12/2021;12:00:00;4677.75;4690.5;4661.75;4689.25;388767
22/12/2021;16:00:00;4689;4693.25;4686.5;4687.5;19517
22/12/2021;20:00:00;4687.5;4691.25;4687.5;4690;9451
23/12/2021;00:00:00;4690.25;4696.5;4684.25;4692.75;28061
23/12/2021;04:00:00;4693;4703.5;4691.75;4697;52893
23/12/2021;08:00:00;4697;4724.25;4695.5;4720.5;453775
23/12/2021;12:00:00;4720.25;4731.25;4714;4716.75;360300
26/12/2021;16:00:00;4717;4726.5;4716.75;4720.25;22814
26/12/2021;20:00:00;4720.5;4723.25;4718.75;4719.75;8449
27/12/2021;00:00:00;4719.5;4725;4713.25;4724;24245
27/12/2021;04:00:00;4724.25;4735;4722;4733;33769
27/12/2021;08:00:00;4732.75;4768;4729.5;4767.5;407555
27/12/2021;12:00:00;4767.5;4784.25;4766.25;4782.25;356058
27/12/2021;16:00:00;4780.5;4782.75;4774.75;4777;22121
27/12/2021;20:00:00;4776.75;4781.25;4773.5;4781.25;12504
28/12/2021;00:00:00;4781.5;4795;4775.25;4794.25;30098
28/12/2021;04:00:00;4794.25;4797.25;4788.75;4789.25;39841
28/12/2021;08:00:00;4789.25;4798;4770.5;4777.75;499103
28/12/2021;12:00:00;4777.75;4787.25;4772.5;4781;317970
28/12/2021;16:00:00;4781;4788.25;4776.5;4777;19969
28/12/2021;20:00:00;4777;4787.25;4775.5;4785.75;12513
29/12/2021;00:00:00;4785.75;4790;4782.5;4788.75;22312
29/12/2021;04:00:00;4789;4790.5;4775;4779.5;42148
29/12/2021;08:00:00;4779.5;4791.75;4770;4778;433349
29/12/2021;12:00:00;4778;4796;4776.25;4784;291114
29/12/2021;16:00:00;4784.75;4786.5;4775.5;4784;20352
29/12/2021;20:00:00;4784.25;4786.25;4779.25;4779.25;9670
30/12/2021;00:00:00;4779;4792.5;4778.5;4790.25;21288
30/12/2021;04:00:00;4790.5;4794.75;4786.25;4790.5;31452
30/12/2021;08:00:00;4790.5;4799.75;4786.25;4793.25;308821
30/12/2021;12:00:00;4793.25;4793.5;4767.25;4772.5;321007
30/12/2021;16:00:00;4773.75;4776;4750.5;4769.5;35261
30/12/2021;20:00:00;4769.75;4770;4757.75;4766.5;17161
31/12/2021;00:00:00;4766.5;4771.25;4764;4768.75;13062
31/12/2021;04:00:00;4768.75;4769.75;4756;4766.5;28111
31/12/2021;08:00:00;4766.5;4778.5;4758;4771;355793
31/12/2021;12:00:00;4771;4778.25;4757.25;4761.5;414796
02/01/2022;16:00:00;4771;4785;4770.75;4778;37585
02/01/2022;20:00:00;4777.75;4780.25;4775.5;4778.75;13233
03/01/2022;00:00:00;4778.75;4782.75;4771.25;4782.25;42038
03/01/2022;04:00:00;4782.5;4791.25;4775;4775.5;52714
03/01/2022;08:00:00;4775.5;4786.5;4747.5;4764.75;708931
03/01/2022;12:00:00;4764.75;4787.75;4762;4784.5;420357
03/01/2022;16:00:00;4785.25;4786.75;4781;4784.5;20241
03/01/2022;20:00:00;4784.25;4798;4783.75;4797.25;18100
04/01/2022;00:00:00;4797.25;4798.5;4792.5;4796.5;36682
04/01/2022;04:00:00;4796.5;4807.5;4795;4802.75;83620
04/01/2022;08:00:00;4802.5;4808.25;4773;4776.75;701250
04/01/2022;12:00:00;4776.5;4798.25;4764.5;4783.75;488200
04/01/2022;16:00:00;4783.5;4784.5;4769.5;4772.25;27226
04/01/2022;20:00:00;4772.25;4775.25;4767;4768.25;20724
05/01/2022;00:00:00;4768.5;4786;4766.5;4783.75;35449
05/01/2022;04:00:00;4784;4787.75;4775;4782.5;75607
05/01/2022;08:00:00;4782.5;4788.25;4767;4768;557944
05/01/2022;12:00:00;4767.75;4777.5;4689.5;4692;1060115
05/01/2022;16:00:00;4692;4703;4681.75;4698.25;52554
05/01/2022;20:00:00;4698.25;4698.75;4668;4674.75;61429
06/01/2022;00:00:00;4674.75;4696.75;4668.5;4690;86001
06/01/2022;04:00:00;4690.25;4702.5;4686.75;4693;96259
06/01/2022;08:00:00;4692.75;4715.75;4662;4703;976235
06/01/2022;12:00:00;4703.25;4709.5;4678.75;4693.75;536094
06/01/2022;16:00:00;4695;4705.75;4695;4702.75;24722
06/01/2022;20:00:00;4702.75;4703.75;4693.25;4699;25040
07/01/2022;00:00:00;4698.75;4701.5;4678.75;4692;51299
07/01/2022;04:00:00;4692;4701.25;4670;4677.5;152054
07/01/2022;08:00:00;4677.5;4699.5;4653.75;4679.75;833719
07/01/2022;12:00:00;4679.75;4687.5;4666.5;4667.5;466300
09/01/2022;16:00:00;4671.25;4673.75;4650;4665.75;52141
09/01/2022;20:00:00;4665.75;4675.25;4663;4671.75;22719
10/01/2022;00:00:00;4671.75;4681.75;4656.25;4669.25;67709
10/01/2022;04:00:00;4669.25;4675.75;4633;4636;116143
10/01/2022;08:00:00;4636.25;4640;4572.75;4599.25;1105354
10/01/2022;12:00:00;4599.5;4665.25;4597.75;4662.5;788322
10/01/2022;16:00:00;4663.5;4669.25;4655;4657.5;38420
10/01/2022;20:00:00;4657.5;4668.75;4656.5;4660.75;27647
11/01/2022;00:00:00;4661;4687;4653.25;4683.25;78174
11/01/2022;04:00:00;4683.25;4688.25;4661.25;4661.75;94723
11/01/2022;08:00:00;4661.75;4687.75;4627.25;4684.75;969517
11/01/2022;12:00:00;4684.75;4707.5;4677;4704.25;479519
11/01/2022;16:00:00;4704;4709.75;4699.25;4703.25;26176
11/01/2022;20:00:00;4703.25;4715.75;4702.75;4715.75;20966
12/01/2022;00:00:00;4715.5;4718.75;4695;4710.5;57168
12/01/2022;04:00:00;4710.5;4730.5;4705.5;4728.5;130149
12/01/2022;08:00:00;4728.75;4739.5;4696.75;4724.5;819263
12/01/2022;12:00:00;4724.75;4725.25;4705.25;4718.75;476351
12/01/2022;16:00:00;4719.25;4720.75;4702.5;4704.25;25399
12/01/2022;20:00:00;4704.25;4711.5;4703.25;4705.25;22197
13/01/2022;00:00:00;4705.25;4721.5;4703.75;4717;43540
13/01/2022;04:00:00;4716.75;4729.25;4714.75;4727.5;64707
13/01/2022;08:00:00;4727.75;4736.25;4676.5;4683.75;856456
13/01/2022;12:00:00;4683.5;4699.5;4642.5;4652.5;758821
13/01/2022;16:00:00;4655;4658.25;4644.25;4647.5;42141
13/01/2022;20:00:00;4647.25;4657.75;4638;4657.5;36195
14/01/2022;00:00:00;4657.25;4667;4650.5;4661.75;66585
14/01/2022;04:00:00;4661.75;4662.5;4606.75;4613.75;171878
14/01/2022;08:00:00;4613.5;4655.75;4609.5;4613.5;971369
14/01/2022;12:00:00;4613.25;4664.75;4606;4664;667435
16/01/2022;16:00:00;4666;4671.75;4641.75;4646.75;39578
16/01/2022;20:00:00;4647;4652;4638.75;4642.75;22217
17/01/2022;00:00:00;4643;4664.5;4641.25;4661;32630
17/01/2022;04:00:00;4661.25;4666.25;4657;4658;26070
17/01/2022;08:00:00;4658;4660.5;4650.5;4654.5;42257
17/01/2022;16:00:00;4656;4661.75;4648;4659.25;22383
17/01/2022;20:00:00;4659.25;4659.75;4625.25;4631.5;57570
18/01/2022;00:00:00;4631.5;4636;4590.25;4599.75;103508
18/01/2022;04:00:00;4599.75;4615;4596.75;4611.5;123147
18/01/2022;08:00:00;4611.5;4612.75;4563.5;4564.25;966859
18/01/2022;12:00:00;4564.5;4595.75;4560;4577;753917
18/01/2022;16:00:00;4577.75;4580.75;4561.75;4566.25;50560
18/01/2022;20:00:00;4566.5;4574.25;4538.75;4543;70583
19/01/2022;00:00:00;4543.25;4581.75;4535.5;4579.75;101803
19/01/2022;04:00:00;4580;4594.5;4573.25;4593;134561
19/01/2022;08:00:00;4593.25;4603;4554.25;4588;872958
19/01/2022;12:00:00;4587.75;4588.75;4517.25;4524.5;696570
19/01/2022;16:00:00;4526;4532.75;4514.5;4527.5;52812
19/01/2022;20:00:00;4527.75;4547;4527.5;4540.5;40371
20/01/2022;00:00:00;4540.75;4553.5;4528.75;4541;67788
20/01/2022;04:00:00;4541;4552;4536.75;4546.25;106423
20/01/2022;08:00:00;4546.25;4594.25;4541.5;4574;721415
20/01/2022;12:00:00;4574.25;4574.25;4437.75;4456.25;996569
20/01/2022;16:00:00;4454.25;4465;4438.25;4453;82162
20/01/2022;20:00:00;4453;4459.5;4429.5;4453.5;77817
21/01/2022;00:00:00;4453.5;4474;4447.25;4472;89547
21/01/2022;04:00:00;4472;4477.75;4443.5;4452.25;146913
21/01/2022;08:00:00;4452.25;4487;4412.5;4434.75;1446152
21/01/2022;12:00:00;4434.5;4448.5;4381.25;4381.5;1060672
23/01/2022;16:00:00;4389;4427.25;4386;4424.75;101520
23/01/2022;20:00:00;4424.75;4427.5;4416.25;4421.5;32407
24/01/2022;00:00:00;4421.25;4425;4396;4400.5;105227
24/01/2022;04:00:00;4400.5;4401;4325.5;4326;239433
24/01/2022;08:00:00;4325.75;4340.5;4212.75;4258.25;1748268
24/01/2022;12:00:00;4258;4411.5;4252.5;4407.5;1480044
24/01/2022;16:00:00;4402.75;4406.75;4355.25;4368.75;82669
24/01/2022;20:00:00;4368.75;4369.5;4337.25;4359.25;67279
25/01/2022;00:00:00;4359.25;4380.75;4328.75;4374.5;129410
25/01/2022;04:00:00;4374.5;4383;4319;4337.25;158303
25/01/2022;08:00:00;4337.5;4351.75;4276.5;4320.5;1100461
25/01/2022;12:00:00;4320.5;4402.75;4296.5;4306.25;869471
25/01/2022;16:00:00;4308.75;4370;4308.5;4354.75;91374
25/01/2022;20:00:00;4355;4366.5;4350.25;4359.5;31318
26/01/2022;00:00:00;4359.25;4410.75;4345.25;4401.5;95050
26/01/2022;04:00:00;4401.5;4423.25;4392.5;4416.5;125166
26/01/2022;08:00:00;4416.5;4437;4381;4425;760239
26/01/2022;12:00:00;4425.25;4446.25;4294.25;4338.75;1259379
26/01/2022;16:00:00;4345.25;4368;4292.75;4296.75;90493
26/01/2022;20:00:00;4296.75;4297;4263.25;4285.75;95886
27/01/2022;00:00:00;4285;4352;4267.5;4347;126889
27/01/2022;04:00:00;4346.75;4377;4321.25;4376;169125
27/01/2022;08:00:00;4375.75;4422;4330.25;4345;965072
27/01/2022;12:00:00;4345;4350;4298.75;4344;784611
27/01/2022;16:00:00;4348;4353.75;4321.75;4339;58266
27/01/2022;20:00:00;4339.25;4356.25;4330;4346.75;51880
28/01/2022;00:00:00;4346.5;4351.25;4310.25;4321.25;92544
28/01/2022;04:00:00;4321;4322.25;4266.25;4313.75;224223
28/01/2022;08:00:00;4313.75;4380.5;4283;4350.5;943503
28/01/2022;12:00:00;4351;4426;4322.75;4419.75;801183
30/01/2022;16:00:00;4423.5;4427.75;4402.75;4416;49109
30/01/2022;20:00:00;4416;4436;4415;4434.75;35072
31/01/2022;00:00:00;4435;4437.5;4415;4428;71054
31/01/2022;04:00:00;4428;4429.25;4395.5;4413.75;115908
31/01/2022;08:00:00;4414;4480.25;4402.75;4478;723226
31/01/2022;12:00:00;4478;4507.75;4461.75;4491.75;721054
31/01/2022;16:00:00;4493.25;4497;4479.75;4481.75;30802
31/01/2022;20:00:00;4481.75;4495.5;4478.75;4494.75;22844
01/02/2022;00:00:00;4494.25;4514.5;4482;4491.5;72433
01/02/2022;04:00:00;4491.75;4510;4487.75;4509.75;90548
01/02/2022;08:00:00;4509.5;4515;4474;4509;778952
01/02/2022;12:00:00;4509;4554.75;4500;4549.5;534480
01/02/2022;16:00:00;4552;4558;4547;4556;22730
01/02/2022;20:00:00;4555.75;4566.5;4553.25;4561.5;14067
02/02/2022;00:00:00;4561.75;4575;4551;4573.5;52591
02/02/2022;04:00:00;4573.5;4580;4562;4563;88041
02/02/2022;08:00:00;4563;4573.5;4535.25;4573;781427
02/02/2022;12:00:00;4573;4586;4540;4548.5;595349
02/02/2022;16:00:00;4545.75;4548.25;4528.25;4529;55102
02/02/2022;20:00:00;4529;4537.25;4526.5;4535.5;21345
03/02/2022;00:00:00;4535.5;4544;4525;4526.5;47577
03/02/2022;04:00:00;4526.5;4540.75;4511.25;4511.75;115724
03/02/2022;08:00:00;4511.75;4534.25;4495.25;4503.5;804444
03/02/2022;12:00:00;4503.5;4524.5;4462;4522;708071
03/02/2022;16:00:00;4518;4524;4502.75;4505.75;43651
03/02/2022;20:00:00;4506;4526;4505.5;4525.5;24705
04/02/2022;00:00:00;4525.5;4528;4498.25;4500.75;63196
04/02/2022;04:00:00;4500.75;4501;4443.25;4447.5;234505
04/02/2022;08:00:00;4447.25;4491.5;4438.5;4489.75;840813
04/02/2022;12:00:00;4489.75;4532.5;4481.25;4485.5;675843
06/02/2022;16:00:00;4497;4499.5;4479.25;4482;43306
06/02/2022;20:00:00;4482.25;4497.25;4471.25;4493.75;34619
07/02/2022;00:00:00;4493.5;4504.25;4472.5;4481.25;58534
07/02/2022;04:00:00;4481.25;4507.75;4476.25;4502.25;70416
07/02/2022;08:00:00;4502;4513;4471.75;4480.5;677648
07/02/2022;12:00:00;4480.5;4514.5;4462.75;4483.5;537822
07/02/2022;16:00:00;4484;4488.75;4475.75;4477.5;22912
07/02/2022;20:00:00;4477.5;4482.5;4471.25;4473;21426
08/02/2022;00:00:00;4472.75;4496.5;4471.25;4482.75;53370
08/02/2022;04:00:00;4482.5;4483.25;4463.25;4472.25;77047
08/02/2022;08:00:00;4472;4517.25;4456.25;4510.75;656740
08/02/2022;12:00:00;4510.75;4523.75;4485.5;4518.25;589141
08/02/2022;16:00:00;4519;4527.75;4517.25;4521.75;22474
08/02/2022;20:00:00;4521.75;4537;4519.5;4532;22002
09/02/2022;00:00:00;4532.25;4545.5;4521;4540;52107
09/02/2022;04:00:00;4540.25;4557;4539;4553.75;61605
09/02/2022;08:00:00;4553.75;4575.25;4553.25;4571.25;619445
09/02/2022;12:00:00;4571.25;4585;4562.25;4581.25;543410
09/02/2022;16:00:00;4582.25;4583.75;4564;4567;26365
09/02/2022;20:00:00;4567;4572.25;4563.25;4572.25;19900
10/02/2022;00:00:00;4572.25;4580;4564;4568.25;36392
10/02/2022;04:00:00;4568.25;4583.25;4531.75;4535;178135
10/02/2022;08:00:00;4535;4581.75;4512.5;4541.25;1093595
10/02/2022;12:00:00;4541;4548;4476;4495;970503
10/02/2022;16:00:00;4494.5;4498;4472.25;4482.75;40466
10/02/2022;20:00:00;4482.75;4483.5;4454.5;4458.5;42770
11/02/2022;00:00:00;4458.25;4490;4455.25;4471.25;69475
11/02/2022;04:00:00;4471.5;4506.75;4469.25;4503;105644
11/02/2022;08:00:00;4502.75;4520.5;4468;4471;802993
11/02/2022;12:00:00;4471;4481.5;4393.25;4418;1343322
13/02/2022;16:00:00;4411.75;4423.25;4401;4409;55068
13/02/2022;20:00:00;4409;4425.75;4405.25;4416.75;27523
14/02/2022;00:00:00;4416.75;4428;4360.25;4365.25;119314
14/02/2022;04:00:00;4365.25;4420.25;4354;4398;214997
14/02/2022;08:00:00;4398;4418.75;4377.5;4412.75;833619
14/02/2022;12:00:00;4413;4420;4357;4394.5;801824
14/02/2022;16:00:00;4393.5;4405.25;4389.75;4401.5;25752
14/02/2022;20:00:00;4401.25;4410.75;4381.75;4387.75;27020
15/02/2022;00:00:00;4388;4453.75;4384.5;4449.25;115342
15/02/2022;04:00:00;4449.5;4468;4439.5;4445;136631
15/02/2022;08:00:00;4445;4464.25;4436;4443;627308
15/02/2022;12:00:00;4442.75;4466.75;4441.5;4457;550315
15/02/2022;16:00:00;4458.75;4460;4450;4452.5;22774
15/02/2022;20:00:00;4452.25;4458.5;4450;4457.25;13061
16/02/2022;00:00:00;4457.5;4483;4453.5;4462.75;65984
16/02/2022;04:00:00;4462.75;4464.5;4443.75;4446.25;107648
16/02/2022;08:00:00;4446.25;4452;4422.75;4432.25;569901
16/02/2022;12:00:00;4432.25;4484.5;4423.75;4465;594257
16/02/2022;16:00:00;4464.25;4474.75;4458.75;4462.25;32475
16/02/2022;20:00:00;4462.25;4468;4435.75;4450.75;77242
17/02/2022;00:00:00;4450.75;4468;4437;4443.75;80884
17/02/2022;04:00:00;4443.5;4464.25;4431;4433.5;97857
17/02/2022;08:00:00;4433.5;4449;4401.25;4414.75;656353
17/02/2022;12:00:00;4414.75;4416.25;4367.25;4374.75;631503
17/02/2022;16:00:00;4374.75;4404.25;4368.25;4400.75;58467
17/02/2022;20:00:00;4400.75;4411.5;4395;4401.25;37297
18/02/2022;00:00:00;4401;4407.25;4389.5;4399.25;47352
18/02/2022;04:00:00;4399.25;4400;4359.5;4375.25;118322
18/02/2022;08:00:00;4375.5;4390.25;4327.25;4327.75;780841
18/02/2022;12:00:00;4327.75;4377.25;4321;4344.25;697190
20/02/2022;16:00:00;4324.25;4374;4312.75;4366.75;87493
20/02/2022;20:00:00;4366.75;4371.75;4358.75;4370.25;26897
21/02/2022;00:00:00;4370.25;4391.25;4347;4349;70339
21/02/2022;04:00:00;4348.5;4352.75;4299.5;4314.25;111231
21/02/2022;08:00:00;4314.25;4330.5;4285.25;4289.5;129332
21/02/2022;16:00:00;4266.25;4288.25;4250;4272;106151
21/02/2022;20:00:00;4272;4285;4261.25;4280.25;44183
22/02/2022;00:00:00;4280;4300.5;4260;4290.75;147505
22/02/2022;04:00:00;4291.25;4350.5;4290.25;4337;180735
22/02/2022;08:00:00;4337.25;4358.75;4295.25;4297.5;724803
22/02/2022;12:00:00;4297.5;4332;4261.5;4312.25;890362
22/02/2022;16:00:00;4310.75;4327.5;4309;4319.25;30000
22/02/2022;20:00:00;4319.25;4327.75;4310.25;4321.25;27661
23/02/2022;00:00:00;4321;4345.5;4312;4335;78226
23/02/2022;04:00:00;4335;4337.75;4315.5;4333.75;78475
23/02/2022;08:00:00;4334;4336.5;4268.25;4283;765679
23/02/2022;12:00:00;4282.75;4283;4212.5;4215;856165
23/02/2022;16:00:00;4215.5;4224.5;4183.5;4203.25;97809
23/02/2022;20:00:00;4203;4206.75;4116.5;4133;234376
24/02/2022;00:00:00;4133.25;4164;4101.75;4136;249601
24/02/2022;04:00:00;4135.75;4149.75;4103;4116.5;228567
24/02/2022;08:00:00;4116.5;4197;4108.75;4166.5;1093473
24/02/2022;12:00:00;4166.25;4290;4159.25;4269.25;937461
24/02/2022;16:00:00;4266.75;4278.5;4253.25;4262.5;56830
24/02/2022;20:00:00;4262.25;4272.5;4251.25;4257;45766
25/02/2022;00:00:00;4257.25;4266.25;4227.5;4252.25;115111
25/02/2022;04:00:00;4252;4317.5;4238.75;4304.5;218891
25/02/2022;08:00:00;4304.25;4376;4281.25;4361;803463
25/02/2022;12:00:00;4361;4384.25;4351.5;4380.5;634981
27/02/2022;16:00:00;4299.5;4314;4251.5;4282.75;141275
27/02/2022;20:00:00;4283;4292;4258.5;4286.25;68804
28/02/2022;00:00:00;4286.75;4325;4281.5;4311.75;128080
28/02/2022;04:00:00;4311.75;4342.25;4301;4316.5;142048
28/02/2022;08:00:00;4316.5;4385.5;4313;4338.75;801450
28/02/2022;12:00:00;4338.75;4372.75;4310;4370.25;811362
28/02/2022;16:00:00;4367.5;4382;4362.5;4366.75;37692
28/02/2022;20:00:00;4367;4371.75;4359.25;4368;25891
01/03/2022;00:00:00;4368;4399;4340.75;4343.5;103781
01/03/2022;04:00:00;4343.25;4365.25;4322.5;4358.25;151168
01/03/2022;08:00:00;4358.25;4374.5;4287.5;4316;792502
01/03/2022;12:00:00;4315.75;4326.25;4275;4310.25;687396
01/03/2022;16:00:00;4308.75;4323;4304.75;4312;34690
01/03/2022;20:00:00;4311.75;4325.75;4301.25;4319;37928
02/03/2022;00:00:00;4319;4339.75;4278.25;4333.25;127737
02/03/2022;04:00:00;4333.25;4343;4306.5;4317.75;142765
02/03/2022;08:00:00;4317.75;4386.5;4316.5;4381.25;789360
02/03/2022;12:00:00;4381.25;4399.25;4370;4373.75;511547
02/03/2022;16:00:00;4373.75;4379.5;4370.25;4370.5;24844
02/03/2022;20:00:00;4370.5;4390;4370;4386.5;22779
03/03/2022;00:00:00;4386.5;4392.75;4369.5;4377;64005
03/03/2022;04:00:00;4377;4409.25;4367;4408.5;100102
03/03/2022;08:00:00;4408.25;4418.75;4341;4381.25;796502
03/03/2022;12:00:00;4381;4395.75;4342.25;4365.25;495664
03/03/2022;16:00:00;4366.5;4374.5;4283.5;4336.5;154892
03/03/2022;20:00:00;4336.75;4339.5;4314.5;4337;59825
04/03/2022;00:00:00;4337;4361.25;4315.5;4324.25;98642
04/03/2022;04:00:00;4324;4346;4310;4319.75;131467
04/03/2022;08:00:00;4319.75;4328;4281.25;4322;740622
04/03/2022;12:00:00;4322.5;4337;4294.75;4320.25;576727
06/03/2022;16:00:00;4308.75;4310;4253.75;4257.75;85463
06/03/2022;20:00:00;4257.5;4293;4252.5;4272.25;59824
07/03/2022;00:00:00;4271.75;4286.5;4238;4261.25;114139
07/03/2022;04:00:00;4261.5;4315.5;4245;4311.25;174990
07/03/2022;08:00:00;4311.5;4325.25;4224.75;4233.25;736445
07/03/2022;12:00:00;4233;4246.5;4185.25;4186;643996
07/03/2022;16:00:00;4186.5;4216;4181;4213;54972
07/03/2022;20:00:00;4213;4215;4169;4169.75;47320
08/03/2022;00:00:00;4169.75;4220;4138.75;4213.5;141671
08/03/2022;04:00:00;4213.5;4233.5;4186.25;4202;170900
08/03/2022;08:00:00;4201.75;4258.75;4153.25;4254.5;1002993
08/03/2022;12:00:00;4254.75;4275;4148.25;4152.25;842763
08/03/2022;16:00:00;4153;4193.75;4152;4184;43660
08/03/2022;20:00:00;4183.75;4195.25;4164.5;4177.5;44529
09/03/2022;00:00:00;4177.75;4242.5;4177.25;4241.5;109498
09/03/2022;04:00:00;4241.25;4255.25;4226.25;4238.5;132161
09/03/2022;08:00:00;4238.75;4290.75;4230.75;4287;712265
09/03/2022;12:00:00;4287;4298.25;4266.25;4279.75;509593
09/03/2022;16:00:00;4279;4282.25;4265;4272;34191
09/03/2022;20:00:00;4271.75;4282;4265;4270.75;40086
10/03/2022;00:00:00;4270.75;4271.5;4235.5;4240.25;26321
10/03/2022;04:00:00;4240.5;4248.25;4210.25;4213.5;37501
10/03/2022;08:00:00;4213.5;4246.5;4198;4208.25;101702
10/03/2022;12:00:00;4208.5;4258.25;4204.5;4248;75339
10/03/2022;16:00:00;4248.75;4261.5;4228.5;4232.25;23204
10/03/2022;20:00:00;4232.25;4248.75;4222.5;4245;23994
11/03/2022;00:00:00;4245;4270.5;4235.5;4262.75;50810
11/03/2022;04:00:00;4263;4326.75;4261;4281.75;88475
11/03/2022;08:00:00;4281.75;4285.5;4223.5;4233.75;458672
11/03/2022;12:00:00;4234;4249.25;4189;4196.75;341324
13/03/2022;16:00:00;4206.75;4230.75;4202.25;4220.5;38389
13/03/2022;20:00:00;4220.75;4223;4200.25;4215.75;31621
14/03/2022;00:00:00;4215.75;4234.5;4211.75;4219;59165
14/03/2022;04:00:00;4219.25;4244.75;4199.5;4216.75;95744
14/03/2022;08:00:00;4216.75;4239.75;4172.5;4173.25;522118
14/03/2022;12:00:00;4173;4176.5;4152.25;4171.25;454245
14/03/2022;16:00:00;4171.25;4180;4165.5;4169.5;18941
14/03/2022;20:00:00;4169.5;4182.75;4159.25;4174.5;37813
15/03/2022;00:00:00;4174.75;4175;4132.75;4136;76292
15/03/2022;04:00:00;4136;4194.5;4129.5;4186.5;113911
15/03/2022;08:00:00;4186.5;4239.25;4178.5;4231.25;676450
15/03/2022;12:00:00;4231;4263.25;4208;4250;479563
15/03/2022;16:00:00;4249.75;4258.25;4239;4243.5;24061
15/03/2022;20:00:00;4243.5;4253.25;4240.75;4250.75;23538
16/03/2022;00:00:00;4250.75;4302;4249.5;4297;80854
16/03/2022;04:00:00;4297;4314.75;4294.25;4296;94525
16/03/2022;08:00:00;4296.25;4339.75;4290.25;4312;653789
16/03/2022;12:00:00;4312;4367.5;4242.25;4362.25;792945
16/03/2022;16:00:00;4361;4362.25;4348.75;4357.75;20683
16/03/2022;20:00:00;4357.75;4358.25;4334.5;4346.5;33595
17/03/2022;00:00:00;4346.25;4363.5;4340.5;4345.25;44408
17/03/2022;04:00:00;4345.25;4348.25;4320.25;4331;95584
17/03/2022;08:00:00;4331;4373.75;4325.75;4372;521933
17/03/2022;12:00:00;4372.25;4406.75;4364.5;4384.25;501929
17/03/2022;16:00:00;4384.25;4390;4372;4374.5;26492
17/03/2022;20:00:00;4374.5;4377.25;4368;4373.5;23866
18/03/2022;00:00:00;4373.25;4394.25;4371.75;4379.75;43343
18/03/2022;04:00:00;4379.75;4382.5;4364.5;4374.25;91743
18/03/2022;08:00:00;4374;4425.5;4369.25;4422.75;596045
18/03/2022;12:00:00;4422.75;4465.75;4420.25;4465;515365
20/03/2022;16:00:00;4460;4463.25;4444;4449.25;25960
20/03/2022;20:00:00;4449.25;4451.25;4437.5;4439.75;22562
21/03/2022;00:00:00;4439.75;4451.75;4430.75;4446.25;43361
21/03/2022;04:00:00;4446.25;4459.25;4439;4451.5;66756
21/03/2022;08:00:00;4451.25;4473;4430;4432;610467
21/03/2022;12:00:00;4432;4460.75;4415;4458.5;554110
21/03/2022;16:00:00;4456.75;4457.5;4437.25;4437.5;18207
21/03/2022;20:00:00;4437.75;4447;4433;4441;28791
22/03/2022;00:00:00;4440.75;4471;4436;4466.75;38734
22/03/2022;04:00:00;4467;4472.5;4458.75;4467.75;61644
22/03/2022;08:00:00;4467.75;4506;4464.25;4498.75;558531
22/03/2022;12:00:00;4498.75;4514.75;4490;4505.75;465858
22/03/2022;16:00:00;4504;4513;4499.25;4503.5;18827
22/03/2022;20:00:00;4503.75;4514;4502.75;4511.75;18840
23/03/2022;00:00:00;4511.75;4513.75;4495;4499.25;33131
23/03/2022;04:00:00;4499.5;4501;4476.5;4479.5;81185
23/03/2022;08:00:00;4479.25;4493.75;4465.25;4477;579070
23/03/2022;12:00:00;4477;4478.25;4444.75;4449;522659
23/03/2022;16:00:00;4449.25;4458.5;4446.75;4452.5;17417
23/03/2022;20:00:00;4452.5;4463;4445.75;4459.75;21717
24/03/2022;00:00:00;4460;4479;4460;4474.75;40621
24/03/2022;04:00:00;4475;4481.25;4462.5;4469;76783
24/03/2022;08:00:00;4469;4498.5;4456;4486.25;579541
24/03/2022;12:00:00;4486;4517.5;4482.5;4516.25;446233
24/03/2022;16:00:00;4516.25;4517.25;4503.25;4505.5;19028
24/03/2022;20:00:00;4505.25;4527.25;4504;4524.25;30013
25/03/2022;00:00:00;4524;4524;4500.25;4508.75;35118
25/03/2022;04:00:00;4508.75;4531.75;4502.5;4528;64882
25/03/2022;08:00:00;4528;4539;4493.25;4509.75;609409
25/03/2022;12:00:00;4509.75;4537.75;4504.5;4536;435148
27/03/2022;16:00:00;4535.25;4540;4521.75;4522.25;22391
27/03/2022;20:00:00;4522.25;4527.25;4518.75;4522.25;22707
28/03/2022;00:00:00;4522.25;4539;4514;4538.25;45920
28/03/2022;04:00:00;4538.25;4548.5;4527;4533;67781
28/03/2022;08:00:00;4533.25;4546;4509.75;4525.75;543914
28/03/2022;12:00:00;4526;4572.25;4523.5;4570;438837
28/03/2022;16:00:00;4570.25;4571.5;4565.25;4566.25;15875
28/03/2022;20:00:00;4566.25;4574.75;4566;4571.25;16108
29/03/2022;00:00:00;4571.25;4583.75;4569.25;4581.75;46242
29/03/2022;04:00:00;4581.75;4611.25;4580;4606.75;163920
29/03/2022;08:00:00;4606.75;4623;4581.75;4593.25;624058
29/03/2022;12:00:00;4593.25;4631;4586.5;4621.25;446711
29/03/2022;16:00:00;4621.25;4622;4616.25;4618.5;19264
29/03/2022;20:00:00;4618.5;4627.5;4613.5;4616.5;27152
30/03/2022;00:00:00;4616.5;4627.5;4604.75;4608.25;48149
30/03/2022;04:00:00;4608.25;4617;4602;4610.75;59810
30/03/2022;08:00:00;4610.75;4622.5;4596.5;4609.5;472986
30/03/2022;12:00:00;4609.25;4609.75;4574.75;4601.5;523081
30/03/2022;16:00:00;4599;4614.25;4597.75;4612.75;21722
30/03/2022;20:00:00;4612.75;4613.5;4604;4605.75;17068
31/03/2022;00:00:00;4606;4612.5;4600;4603.25;39699
31/03/2022;04:00:00;4603.5;4604.5;4590.5;4597;52151
31/03/2022;08:00:00;4597;4600;4575;4576.5;504640
31/03/2022;12:00:00;4576.5;4584.5;4526.25;4541;886526
31/03/2022;16:00:00;4541;4545.25;4536.5;4542.25;23640
31/03/2022;20:00:00;4542.25;4549.25;4539.5;4542.5;22393
01/04/2022;00:00:00;4542.75;4551.25;4538.25;4549.75;40541
01/04/2022;04:00:00;4549.75;4555.5;4541.5;4542.25;68413
01/04/2022;08:00:00;4542.25;4547.75;4503.5;4509.5;627787
01/04/2022;12:00:00;4509.5;4542;4501.25;4538.5;594413
03/04/2022;16:00:00;4538.25;4541.5;4527.75;4532;15673
03/04/2022;20:00:00;4532;4543.75;4529.75;4543.25;14256
04/04/2022;00:00:00;4543.25;4551.25;4530;4536.5;51326
04/04/2022;04:00:00;4536.75;4551;4536.25;4539.5;52916
04/04/2022;08:00:00;4539.75;4567.5;4532.75;4559.25;471715
04/04/2022;12:00:00;4559.25;4580;4556.75;4576;382812
04/04/2022;16:00:00;4576.25;4577;4570.5;4573;9553
04/04/2022;20:00:00;4573.25;4574.5;4571.25;4573.75;8442
05/04/2022;00:00:00;4573.75;4587.25;4571.25;4576.75;35888
05/04/2022;04:00:00;4576.75;4577.75;4563;4564.25;55095
05/04/2022;08:00:00;4564.25;4588.75;4536.25;4545.25;659579
05/04/2022;12:00:00;4545;4556.5;4507.75;4526.25;501097
05/04/2022;16:00:00;4526.25;4526.5;4512.5;4512.5;19571
05/04/2022;20:00:00;4512.5;4519;4510.75;4516.75;25151
06/04/2022;00:00:00;4516.75;4528.75;4496.5;4504.25;68501
06/04/2022;04:00:00;4504.25;4506.25;4473;4479.75;112249
06/04/2022;08:00:00;4479.75;4485.25;4454.5;4462.25;676778
06/04/2022;12:00:00;4462.25;4499.5;4444.5;4471;827095
06/04/2022;16:00:00;4471.25;4477.5;4458.75;4462.25;21943
06/04/2022;20:00:00;4462.5;4471.5;4454.25;4457.5;28480
07/04/2022;00:00:00;4457.5;4485.5;4454.5;4484.75;57323
07/04/2022;04:00:00;4484.75;4496.75;4467.25;4469;87930
07/04/2022;08:00:00;4469;4486.75;4444.5;4451.75;606668
07/04/2022;12:00:00;4451.75;4517.25;4450.5;4495;613374
07/04/2022;16:00:00;4494.75;4503.25;4491.75;4495;17112
07/04/2022;20:00:00;4495.25;4499.75;4491.75;4493.5;19505
08/04/2022;00:00:00;4493.75;4519.75;4492;4509.25;49970
08/04/2022;04:00:00;4509.25;4515;4496.5;4498.25;64973
08/04/2022;08:00:00;4498.25;4516;4468.75;4511.5;657811
08/04/2022;12:00:00;4511.5;4511.75;4476.75;4483.5;484055
10/04/2022;16:00:00;4488.75;4491.25;4466.5;4477.5;25516
10/04/2022;20:00:00;4477.25;4479.5;4450;4452.75;38274
11/04/2022;00:00:00;4452.75;4482.75;4450;4457;75127
11/04/2022;04:00:00;4457;4473.5;4446.25;4451.75;77699
11/04/2022;08:00:00;4452;4459.5;4422.75;4427.5;620911
11/04/2022;12:00:00;4427.25;4439.25;4403.5;4410;545019
11/04/2022;16:00:00;4411;4413.75;4392.75;4393.75;26158
11/04/2022;20:00:00;4393.75;4395.25;4383.25;4384.25;34255
12/04/2022;00:00:00;4384;4409.75;4382.25;4406.5;67804
12/04/2022;04:00:00;4406.5;4462.75;4402;4457;186976
12/04/2022;08:00:00;4457;4466.75;4421.5;4429.5;752957
12/04/2022;12:00:00;4429.25;4436;4375.5;4394.5;641266
12/04/2022;16:00:00;4396.75;4410.25;4393.25;4409.5;21765
12/04/2022;20:00:00;4409.75;4416.75;4408.5;4413;24887
13/04/2022;00:00:00;4413;4428.5;4409.25;4423;57629
13/04/2022;04:00:00;4422.75;4423.75;4385.25;4388.25;102358
13/04/2022;08:00:00;4388.5;4434.75;4384;4429.25;586350
13/04/2022;12:00:00;4429.25;4449.5;4423.75;4438.25;418114
13/04/2022;16:00:00;4438.5;4446.25;4438;4443.25;16850
13/04/2022;20:00:00;4443.25;4453.75;4439.5;4452.25;21033
14/04/2022;00:00:00;4452.5;4455.75;4437;4441;43400
14/04/2022;04:00:00;4441;4445.75;4430;4430.75;89128
14/04/2022;08:00:00;4430.75;4455.75;4403;4409;648661
14/04/2022;12:00:00;4408.75;4427.25;4385;4389;506638
17/04/2022;16:00:00;4390;4390;4355.5;4359;42861
17/04/2022;20:00:00;4359;4367.25;4357.25;4362.25;20560
18/04/2022;00:00:00;4362.5;4373.75;4361.5;4369.25;18368
18/04/2022;04:00:00;4369.5;4382;4361;4374;34562
18/04/2022;08:00:00;4374;4403.75;4364.5;4373.75;486914
18/04/2022;12:00:00;4374;4406.25;4365;4399.5;518648
18/04/2022;16:00:00;4399;4411;4393.75;4396.5;23592
18/04/2022;20:00:00;4396.25;4407;4392.25;4405;25403
19/04/2022;00:00:00;4404.75;4409;4381.5;4383.25;58924
19/04/2022;04:00:00;4383;4394;4371.75;4385.75;86520
19/04/2022;08:00:00;4385.5;4451.75;4377;4442.5;660030
19/04/2022;12:00:00;4442.75;4467;4433;4441;573242
19/04/2022;16:00:00;4441;4448.25;4438;4443.75;21795
19/04/2022;20:00:00;4443.5;4446.25;4432.75;4443.25;30833
20/04/2022;00:00:00;4443.25;4448;4433.5;4446.25;49485
20/04/2022;04:00:00;4446.5;4480.5;4445.75;4479.75;97383
20/04/2022;08:00:00;4479.75;4484.25;4452.5;4471.75;651503
20/04/2022;12:00:00;4471.5;4481;4443.5;4469.25;538350
20/04/2022;16:00:00;4468;4475;4467.5;4472.25;15967
20/04/2022;20:00:00;4472.25;4479.25;4469.5;4474.75;18233
21/04/2022;00:00:00;4474.75;4493.75;4468.25;4492.25;55085
21/04/2022;04:00:00;4492.25;4497.75;4484.25;4497.25;60941
21/04/2022;08:00:00;4497;4509;4435;4435.25;697535
21/04/2022;12:00:00;4435.25;4444.75;4380;4385.75;802860
21/04/2022;16:00:00;4385.75;4390;4362;4369;32772
21/04/2022;20:00:00;4369;4379.75;4366.25;4379.25;33832
22/04/2022;00:00:00;4379;4393.25;4374.5;4382.25;61979
22/04/2022;04:00:00;4382;4391.75;4369.5;4379;88373
22/04/2022;08:00:00;4379.25;4381.5;4306.25;4312;859426
22/04/2022;12:00:00;4311.75;4315;4247.5;4251.25;878689
24/04/2022;16:00:00;4259;4267.25;4237.75;4246.5;56538
24/04/2022;20:00:00;4246.5;4251;4230.25;4238.5;50455
25/04/2022;00:00:00;4238.5;4251.75;4218.5;4225;99330
25/04/2022;04:00:00;4224.75;4254.5;4218.75;4253;152936
25/04/2022;08:00:00;4252.75;4254.5;4195.25;4227.75;1097736
25/04/2022;12:00:00;4227.75;4296.5;4216.75;4294.25;768742
25/04/2022;16:00:00;4294;4294.25;4287.75;4293.75;15975
25/04/2022;20:00:00;4293.75;4303.5;4290.5;4301.5;28970
26/04/2022;00:00:00;4301.5;4302.5;4268;4286.5;63944
26/04/2022;04:00:00;4286.25;4288.25;4266.5;4273;73023
26/04/2022;08:00:00;4273.25;4273.25;4201;4229.5;906438
26/04/2022;12:00:00;4229.25;4229.75;4136.75;4140.75;866242
26/04/2022;16:00:00;4149.5;4178;4149;4165.75;48411
26/04/2022;20:00:00;4165.75;4194.75;4165.5;4191.5;45972
27/04/2022;00:00:00;4191.5;4217.25;4164;4204.25;97290
27/04/2022;04:00:00;4204.25;4214.75;4181.5;4186;114698
27/04/2022;08:00:00;4186;4236.25;4157;4227.75;963908
27/04/2022;12:00:00;4227.5;4230.75;4172;4211.5;710645
27/04/2022;16:00:00;4213;4217;4202.5;4211;20705
27/04/2022;20:00:00;4211.25;4214.5;4200.5;4214.25;21823
28/04/2022;00:00:00;4214;4257;4210;4256.5;81177
28/04/2022;04:00:00;4256.25;4258.75;4220.75;4225.75;110934
28/04/2022;08:00:00;4225.5;4265;4182.5;4263;792167
28/04/2022;12:00:00;4263;4303.5;4253.75;4260.25;719422
28/04/2022;16:00:00;4244;4259.5;4235.5;4257.25;30925
28/04/2022;20:00:00;4257.5;4273;4256;4267.75;31914
29/04/2022;00:00:00;4267.5;4279.75;4258.75;4262.5;67228
29/04/2022;04:00:00;4262.25;4262.5;4236.25;4241.75;116863
29/04/2022;08:00:00;4242;4265.5;4178.5;4183.25;817808
29/04/2022;12:00:00;4183.25;4204.5;4118.75;4137;960757
01/05/2022;16:00:00;4144;4147.5;4116.75;4134;59178
01/05/2022;20:00:00;4134.25;4154;4120;4150.75;42762
02/05/2022;00:00:00;4150.75;4158.25;4124.25;4136.75;64042
02/05/2022;04:00:00;4136.5;4150;4110.75;4116.75;87903
02/05/2022;08:00:00;4116.5;4165.75;4092.25;4095.75;1074071
02/05/2022;12:00:00;4096;4156.25;4056;4146.25;932961
02/05/2022;16:00:00;4145.5;4161;4141.75;4158.25;18113
02/05/2022;20:00:00;4158.25;4176;4150.75;4163;31398
03/05/2022;00:00:00;4163.25;4173.75;4145;4153.5;56920
03/05/2022;04:00:00;4153.5;4162;4129;4159.5;87742
03/05/2022;08:00:00;4159.75;4195.75;4139;4176;831740
03/05/2022;12:00:00;4176;4193.25;4147;4174.25;606211
03/05/2022;16:00:00;4171.25;4179.75;4169.25;4175.5;12273
03/05/2022;20:00:00;4175.75;4184;4169.75;4173.25;18747
04/05/2022;00:00:00;4173.25;4183;4167.75;4180.75;36365
04/05/2022;04:00:00;4180.75;4191;4175.5;4177.75;60432
04/05/2022;08:00:00;4177.5;4187.5;4142.75;4186.25;533119
04/05/2022;12:00:00;4186.25;4303;4146.75;4286.25;1057649
04/05/2022;16:00:00;4289.75;4296;4285;4292.25;19528
04/05/2022;20:00:00;4292.5;4297.5;4286.25;4297.25;18876
05/05/2022;00:00:00;4297;4300.75;4260.25;4265;72513
05/05/2022;04:00:00;4264.75;4275.5;4262.5;4263.75;77273
05/05/2022;08:00:00;4263.75;4264.5;4114.75;4150.25;1202534
05/05/2022;12:00:00;4150;4169;4099.25;4151;928608
05/05/2022;16:00:00;4146.5;4149.5;4129;4131;30812
05/05/2022;20:00:00;4131;4147.25;4124.5;4140.5;39254
06/05/2022;00:00:00;4140.25;4147.25;4112.75;4127.25;81261
06/05/2022;04:00:00;4127.25;4152.5;4111.25;4113;141714
06/05/2022;08:00:00;4113.25;4153.25;4062;4142.75;1171014
06/05/2022;12:00:00;4142.75;4148.75;4078;4110.75;758354
08/05/2022;16:00:00;4087.25;4099;4065.75;4066.25;47226
08/05/2022;20:00:00;4066.25;4083.5;4057.75;4075.5;43693
09/05/2022;00:00:00;4075.75;4093.5;4051.25;4063.75;79261
09/05/2022;04:00:00;4063.5;4069.5;4031;4055.5;168084
09/05/2022;08:00:00;4055.5;4069;3997.5;4012;981353
09/05/2022;12:00:00;4011.75;4030.5;3970;3989.5;741713
09/05/2022;16:00:00;3993.25;4002;3961.75;3973.25;48540
09/05/2022;20:00:00;3973.25;4010;3968.5;4008.75;64867
10/05/2022;00:00:00;4008.5;4032;4006.25;4030.5;101526
10/05/2022;04:00:00;4030.75;4045.75;4006.25;4043.5;117449
10/05/2022;08:00:00;4043.5;4065.5;3953;3964;1096765
10/05/2022;12:00:00;3964;4037.25;3960.75;3991.5;768117
10/05/2022;16:00:00;3990.5;4005;3986.5;3996.25;23914
10/05/2022;20:00:00;3996.5;4014.75;3991.75;4013.5;33534
11/05/2022;00:00:00;4013.5;4041.5;4000.75;4039.25;66641
11/05/2022;04:00:00;4039;4050.5;3947.25;3955.25;219425
11/05/2022;08:00:00;3955.25;4045;3952.25;3973.75;977560
11/05/2022;12:00:00;3973.5;3985.5;3923.75;3943;783203
11/05/2022;16:00:00;3939.75;3952;3920.25;3948.25;43438
11/05/2022;20:00:00;3948.25;3954.25;3929;3930.5;40046
12/05/2022;00:00:00;3930.25;3936.75;3897.5;3904.5;132246
12/05/2022;04:00:00;3904.25;3925;3884.75;3899.5;181357
12/05/2022;08:00:00;3899.75;3961.75;3872.75;3908;1082348
12/05/2022;12:00:00;3908;3930;3855;3910;845381
12/05/2022;16:00:00;3916.25;3952;3915.5;3950.25;39143
12/05/2022;20:00:00;3950;3973.25;3948;3966.5;39703
13/05/2022;00:00:00;3966.5;3975;3951;3969;75245
13/05/2022;04:00:00;3969.25;3988;3961.25;3981.25;92232
13/05/2022;08:00:00;3981;4036;3959.5;4022;808355
13/05/2022;12:00:00;4022;4029.5;3975.75;4014;734896
15/05/2022;16:00:00;4025;4042;4018.75;4030.5;45366
15/05/2022;20:00:00;4030.5;4034.75;3981.75;3999.5;67137
16/05/2022;00:00:00;4000;4015.25;3982.25;4015.25;67582
16/05/2022;04:00:00;4015.5;4026.25;4000.5;4011.75;71497
16/05/2022;08:00:00;4011.75;4024.5;3979.5;4002;785801
16/05/2022;12:00:00;4001.75;4043.5;3997;4000.25;607758
16/05/2022;16:00:00;4002;4018.75;4000.5;4012.5;21865
16/05/2022;20:00:00;4012.5;4024.25;4010.25;4020;30048
17/05/2022;00:00:00;4020;4070.75;4018.5;4062.75;78620
17/05/2022;04:00:00;4062.5;4083.75;4055.25;4066.5;128414
17/05/2022;08:00:00;4066.25;4073.25;4029.75;4066.5;669996
17/05/2022;12:00:00;4066.5;4091.5;4039;4090.5;734743
17/05/2022;16:00:00;4091.25;4095;4082.75;4084;21257
17/05/2022;20:00:00;4084;4085.25;4066.5;4072;29591
18/05/2022;00:00:00;4072.25;4083.25;4064.5;4070.25;46913
18/05/2022;04:00:00;4070;4081;4038;4038.5;109153
18/05/2022;08:00:00;4038.75;4042.75;3955.25;3973.75;916021
18/05/2022;12:00:00;3973.5;3973.75;3905.5;3914;979365
18/05/2022;16:00:00;3916.5;3919.75;3894.5;3905;39478
18/05/2022;20:00:00;3905.25;3933.25;3896.5;3929;63348
19/05/2022;00:00:00;3929.25;3932.25;3866;3867;121101
19/05/2022;04:00:00;3867;3898.5;3856;3880;164927
19/05/2022;08:00:00;3879.75;3936;3874;3902;1061385
19/05/2022;12:00:00;3902;3943.5;3885.75;3898.25;818621
19/05/2022;16:00:00;3900.5;3920.75;3898.25;3914.25;26348
19/05/2022;20:00:00;3914.25;3931.75;3913;3930.75;43818
20/05/2022;00:00:00;3930.5;3946.75;3915.25;3941.5;73257
20/05/2022;04:00:00;3941.25;3949.5;3929.25;3935.5;99002
20/05/2022;08:00:00;3935.75;3943;3821;3832;1040065
20/05/2022;12:00:00;3831.75;3905;3807.5;3902;1029089
22/05/2022;16:00:00;3910.5;3942;3910.25;3939.25;42121
22/05/2022;20:00:00;3939.25;3942.75;3921;3931.25;35603
23/05/2022;00:00:00;3931.75;3955.5;3911.75;3919.25;82659
23/05/2022;04:00:00;3919.5;3948.5;3914.5;3933.25;85646
23/05/2022;08:00:00;3933.5;3979;3906.5;3962.75;857546
23/05/2022;12:00:00;3962.75;3982.25;3942.75;3978;586598
23/05/2022;16:00:00;3951.75;3952.75;3929;3943;41732
23/05/2022;20:00:00;3943;3946.5;3933;3934;24239
24/05/2022;00:00:00;3934;3936.5;3909.75;3912.5;74452
24/05/2022;04:00:00;3912.5;3938.5;3912;3933.25;72360
24/05/2022;08:00:00;3933.25;3938.5;3872;3904.75;952210
24/05/2022;12:00:00;3904.5;3954.5;3890;3950;806922
24/05/2022;16:00:00;3950;3963.75;3942.25;3949.25;27158
24/05/2022;20:00:00;3949.25;3969;3949;3962.5;23352
25/05/2022;00:00:00;3962.25;3968.5;3935.75;3940.75;58525
25/05/2022;04:00:00;3940.25;3947.75;3913.5;3926.75;96565
25/05/2022;08:00:00;3926.5;3977.5;3921.5;3947.25;728134
25/05/2022;12:00:00;3947;3997.75;3928.5;3970;755822
25/05/2022;16:00:00;3972.25;3993;3967.5;3991.75;28481
25/05/2022;20:00:00;3991.5;3993.5;3963.75;3966.25;29621
26/05/2022;00:00:00;3966.25;3992.75;3960.5;3973;59594
26/05/2022;04:00:00;3973.25;4009.75;3969.25;4000.25;113086
26/05/2022;08:00:00;4000.25;4066.75;3987.5;4066.25;654751
26/05/2022;12:00:00;4066.25;4073.5;4046.5;4050.75;537986
26/05/2022;16:00:00;4047.5;4059.5;4041.25;4047;22068
26/05/2022;20:00:00;4047.25;4054.5;4045;4052.25;19236
27/05/2022;00:00:00;4052;4070.75;4045.25;4068.25;56935
27/05/2022;04:00:00;4068.25;4087;4056;4084.75;132674
27/05/2022;08:00:00;4085;4132;4078;4127.25;685463
27/05/2022;12:00:00;4127.25;4168.25;4122;4168;562813
29/05/2022;16:00:00;4164.5;4173.25;4157.5;4169;21874
29/05/2022;20:00:00;4168.75;4178.75;4165.75;4178;19941
30/05/2022;00:00:00;4178;4200;4175.75;4194.25;50339
30/05/2022;04:00:00;4194.25;4202.25;4177;4182;42401
30/05/2022;08:00:00;4182;4187;4166.25;4177.5;58520
30/05/2022;16:00:00;4175.75;4180;4152;4158.25;35976
30/05/2022;20:00:00;4158.5;4168.5;4148;4165.75;41457
31/05/2022;00:00:00;4166;4169.5;4134.5;4156.75;89149
31/05/2022;04:00:00;4157;4157;4121.5;4123.5;121550
31/05/2022;08:00:00;4123.25;4160.5;4102.75;4154.5;805203
31/05/2022;12:00:00;4154.5;4167.75;4123.25;4132.25;852207
31/05/2022;16:00:00;4138.5;4152.5;4132.75;4149.75;26120
31/05/2022;20:00:00;4150;4156.75;4138.5;4147;30997
01/06/2022;00:00:00;4146.75;4151.25;4125.75;4133.5;64829
01/06/2022;04:00:00;4133.75;4153.25;4127;4147.5;66432
01/06/2022;08:00:00;4147.5;4165;4071.5;4082.25;927646
01/06/2022;12:00:00;4082.25;4127.75;4080;4097;731080
01/06/2022;16:00:00;4097.75;4106.75;4083.5;4104;30140
01/06/2022;20:00:00;4104.25;4108;4095.5;4103;29144
02/06/2022;00:00:00;4103;4120.75;4092.5;4115;53712
02/06/2022;04:00:00;4114.75;4124.5;4109;4111.25;60154
02/06/2022;08:00:00;4111.25;4149;4072.25;4145.25;780364
02/06/2022;12:00:00;4145.5;4179;4138.5;4177.75;514902
02/06/2022;16:00:00;4177.75;4189;4175;4175.5;31231
02/06/2022;20:00:00;4175.5;4182;4175;4176.75;21388
03/06/2022;00:00:00;4176.5;4183;4160.5;4164.75;50576
03/06/2022;04:00:00;4165;4165.5;4131;4136.75;134959
03/06/2022;08:00:00;4136.75;4142.25;4096.75;4123.25;722211
03/06/2022;12:00:00;4123.25;4134.5;4100;4109.5;514554
05/06/2022;16:00:00;4110.5;4117;4104.5;4114.75;22998
05/06/2022;20:00:00;4114.75;4131;4112;4130;39187
06/06/2022;00:00:00;4129.75;4156.5;4124.75;4155.25;67170
06/06/2022;04:00:00;4155.25;4159;4144;4152.5;55944
06/06/2022;08:00:00;4152.75;4168.25;4110.25;4126;684246
06/06/2022;12:00:00;4126;4140;4107.25;4120.75;541653
06/06/2022;16:00:00;4122;4124;4105.25;4109;27382
06/06/2022;20:00:00;4109;4113.75;4092.25;4098.25;45773
07/06/2022;00:00:00;4098.25;4110.75;4085.75;4107;64290
07/06/2022;04:00:00;4107.25;4108.75;4078;4079.25;114952
07/06/2022;08:00:00;4079.5;4138.25;4076;4126.75;778391
07/06/2022;12:00:00;4126.75;4164;4124.25;4150.75;582151
07/06/2022;16:00:00;4150.75;4156;4145.25;4153.5;22033
07/06/2022;20:00:00;4153.5;4158.25;4139.5;4139.5;26592
08/06/2022;00:00:00;4139.5;4151.75;4135;4144.5;77836
08/06/2022;04:00:00;4144.25;4153.5;4134.25;4139;63294
08/06/2022;08:00:00;4139;4160;4117;4128.75;746463
08/06/2022;12:00:00;4128.75;4129;4105.25;4116.25;652343
08/06/2022;16:00:00;4116;4121.75;4107.25;4109.25;21415
08/06/2022;20:00:00;4109.5;4113.5;4101.5;4111.5;23921
09/06/2022;00:00:00;4111.5;4131.75;4102.75;4131;70560
09/06/2022;04:00:00;4131;4144.25;4097;4101;135586
09/06/2022;08:00:00;4101;4118.25;4081.75;4104.5;744301
09/06/2022;12:00:00;4104.25;4110.25;4014.75;4023;726520
09/06/2022;16:00:00;4025.25;4026;4014;4017;22266
09/06/2022;20:00:00;4017;4029.5;4014.25;4017.75;21382
10/06/2022;00:00:00;4018;4028.75;4008;4013.75;67496
10/06/2022;04:00:00;4013.75;4023.5;3946.5;3948.5;192153
10/06/2022;08:00:00;3948;3966;3898.5;3905.75;625679
10/06/2022;12:00:00;3905.5;3942.5;3895.25;3905.5;514954
12/06/2022;16:00:00;3870.75;3876.5;3849;3849.25;36086
12/06/2022;20:00:00;3849.5;3854.5;3832.75;3841.5;39017
13/06/2022;00:00:00;3841.25;3847.5;3798.25;3801.25;115639
13/06/2022;04:00:00;3801.25;3821.25;3799.5;3806.5;140544
13/06/2022;08:00:00;3806.5;3819.5;3750.5;3783.25;1005280
13/06/2022;12:00:00;3783.25;3801.5;3735.25;3757.5;806709
13/06/2022;16:00:00;3760.75;3778.25;3754.5;3775;28698
13/06/2022;20:00:00;3775;3796.5;3762.25;3792.5;44991
14/06/2022;00:00:00;3792.75;3807.5;3771.5;3774.75;85463
14/06/2022;04:00:00;3774.75;3788;3756.5;3772.75;143004
14/06/2022;08:00:00;3772.5;3783.5;3728.25;3742.75;934653
14/06/2022;12:00:00;3742.75;3767.5;3708.5;3742.5;676021
14/06/2022;16:00:00;3743.5;3763.25;3742.5;3752.5;23704
14/06/2022;20:00:00;3752.25;3764;3744.25;3746;30204
15/06/2022;00:00:00;3746;3774.25;3739.5;3763.75;88516
15/06/2022;04:00:00;3763.75;3782.75;3752.25;3777.5;111252
15/06/2022;08:00:00;3777.25;3797.75;3762.5;3764;618845
15/06/2022;12:00:00;3764.25;3843;3723.5;3793.75;1029758
15/06/2022;16:00:00;3799;3826.75;3799;3823.5;29456
15/06/2022;20:00:00;3823.5;3833.25;3799;3799.5;50788
16/06/2022;00:00:00;3799.5;3801;3707.25;3707.75;140040
16/06/2022;04:00:00;3707.75;3733.25;3695;3716.25;170471
16/06/2022;08:00:00;3716;3722;3658.75;3678.25;941342
16/06/2022;12:00:00;3678.25;3691;3642;3680;901247
16/06/2022;16:00:00;3680.5;3687.75;3668.5;3680.25;34586
16/06/2022;20:00:00;3680;3707;3677.75;3703.25;49210
17/06/2022;00:00:00;3703.5;3713.5;3681.5;3703.75;97304
17/06/2022;04:00:00;3703.75;3713.5;3688;3690;120265
17/06/2022;08:00:00;3689.75;3711.75;3639;3675;1023364
17/06/2022;12:00:00;3675.25;3708.75;3672.25;3683.75;736543
19/06/2022;16:00:00;3684;3707.5;3682.75;3685;33485
19/06/2022;20:00:00;3685;3694.75;3661.5;3683.25;50851
20/06/2022;00:00:00;3683;3704.5;3678;3701.5;39165
20/06/2022;04:00:00;3701.5;3709.75;3692.5;3701.75;35547
20/06/2022;08:00:00;3701.75;3725;3697.25;3716;70809
20/06/2022;16:00:00;3716;3728;3710.5;3723.25;24019
20/06/2022;20:00:00;3723.25;3741.25;3716.5;3735;33997
21/06/2022;00:00:00;3735;3749;3720.25;3747;67497
21/06/2022;04:00:00;3747.25;3749;3725.25;3728.25;67642
21/06/2022;08:00:00;3728;3781.25;3727.25;3774;606454
21/06/2022;12:00:00;3774.25;3783.75;3763.5;3769.5;479443
21/06/2022;16:00:00;3766.25;3767.75;3750.75;3753.5;23574
21/06/2022;20:00:00;3753.5;3756.5;3728;3734;38686
22/06/2022;00:00:00;3734.25;3738.75;3693.25;3703.75;90249
22/06/2022;04:00:00;3704;3724.75;3702.25;3716.25;84121
22/06/2022;08:00:00;3716;3797.75;3706.75;3782.5;827563
22/06/2022;12:00:00;3782.25;3805.5;3759;3760.25;546592
22/06/2022;16:00:00;3761.25;3773.75;3737.75;3767.75;35290
22/06/2022;20:00:00;3767.5;3770.75;3740.5;3757.75;47063
23/06/2022;00:00:00;3757.75;3769;3735;3756.5;72331
23/06/2022;04:00:00;3756.5;3797;3756;3780;88883
23/06/2022;08:00:00;3780;3799.75;3747.75;3752.75;777108
23/06/2022;12:00:00;3752.75;3805.75;3745.75;3784.25;549334
23/06/2022;16:00:00;3785.25;3795.75;3781.25;3794.5;20945
23/06/2022;20:00:00;3794.25;3831.25;3791.75;3828.5;45058
24/06/2022;00:00:00;3828.25;3834.25;3816.75;3825.25;57436
24/06/2022;04:00:00;3825.5;3834.25;3823;3825.5;68116
24/06/2022;08:00:00;3825.5;3893.25;3824.75;3890.75;700752
24/06/2022;12:00:00;3890.75;3919.75;3886.25;3914.75;583247
26/06/2022;16:00:00;3915;3922.5;3895.5;3897;36474
26/06/2022;20:00:00;3896.75;3936.75;3896.75;3927;43312
27/06/2022;00:00:00;3927;3948;3911.75;3936;70506
27/06/2022;04:00:00;3936;3938.75;3918.25;3922;76983
27/06/2022;08:00:00;3922.25;3931.75;3893.5;3916.5;705235
27/06/2022;12:00:00;3916.5;3917.75;3892.5;3910;515080
27/06/2022;16:00:00;3911.25;3917.75;3905.5;3913;17808
27/06/2022;20:00:00;3913;3915;3885.75;3899.75;39807
28/06/2022;00:00:00;3899.5;3937.75;3899.25;3927;62314
28/06/2022;04:00:00;3926.75;3931.25;3910.25;3919.75;71587
28/06/2022;08:00:00;3919.5;3950;3851.25;3863.25;831285
28/06/2022;12:00:00;3863;3863.5;3821.75;3828;706238
28/06/2022;16:00:00;3828.25;3834.25;3821.5;3822.75;27069
28/06/2022;20:00:00;3823;3835;3822;3832.25;40055
29/06/2022;00:00:00;3832.25;3835;3814;3828.5;74871
29/06/2022;04:00:00;3828.25;3840;3812;3825.25;108187
29/06/2022;08:00:00;3825;3840;3801.25;3813;875231
29/06/2022;12:00:00;3813;3834.5;3804.5;3823;555721
29/06/2022;16:00:00;3822.75;3825;3810;3816.5;17518
29/06/2022;20:00:00;3816.5;3817;3805.5;3808.75;25656
30/06/2022;00:00:00;3808.5;3810;3765;3777.75;128273
30/06/2022;04:00:00;3777.75;3784.25;3760.75;3768.75;146463
30/06/2022;08:00:00;3768.75;3822.75;3741.25;3811.75;1000381
30/06/2022;12:00:00;3812;3821;3766.75;3781;966254
30/06/2022;16:00:00;3782;3793.75;3773;3785.5;28104
30/06/2022;20:00:00;3785.5;3788;3746.5;3751.25;53157
01/07/2022;00:00:00;3751.5;3779;3744.5;3776.75;80824
01/07/2022;04:00:00;3776.75;3788.75;3763.25;3781.25;93287
01/07/2022;08:00:00;3781;3816.75;3753.5;3772.5;849399
01/07/2022;12:00:00;3772.25;3833.5;3770.25;3825.5;569299
03/07/2022;16:00:00;3828.5;3828.5;3802;3803.75;22764
03/07/2022;20:00:00;3803.5;3808.25;3793;3803;27278
04/07/2022;00:00:00;3803;3817;3797.25;3800.75;33027
04/07/2022;04:00:00;3800.75;3820.75;3798.25;3818.5;26747
04/07/2022;08:00:00;3818.5;3822.25;3805.75;3813.5;33883
04/07/2022;16:00:00;3813.5;3857.75;3813.5;3846.75;33697
04/07/2022;20:00:00;3846.5;3849.75;3835.75;3843;26632
05/07/2022;00:00:00;3843;3849.75;3804;3805.25;65485
05/07/2022;04:00:00;3805.5;3814.5;3774.5;3776;121528
05/07/2022;08:00:00;3776;3786.5;3744;3769.5;942730
05/07/2022;12:00:00;3769.5;3835.75;3768.5;3833.75;626019
05/07/2022;16:00:00;3838;3845;3823.25;3842.5;30186
05/07/2022;20:00:00;3842.75;3848.75;3821.75;3828.5;39363
06/07/2022;00:00:00;3828.5;3848.5;3808.75;3821.75;84205
06/07/2022;04:00:00;3821.75;3837.75;3814.75;3831.75;81181
06/07/2022;08:00:00;3831.75;3852.25;3811.5;3825.25;732579
06/07/2022;12:00:00;3825.25;3875;3822.25;3854;672593
06/07/2022;16:00:00;3853.75;3855;3841.25;3846.5;19344
06/07/2022;20:00:00;3846.5;3855;3832.5;3854.75;33960
07/07/2022;00:00:00;3854.75;3867.5;3852.25;3858.5;65231
07/07/2022;04:00:00;3858.5;3868.5;3849.5;3865;82576
07/07/2022;08:00:00;3865;3900;3862.75;3896.25;598034
07/07/2022;12:00:00;3896.25;3914.25;3889.25;3899.25;472125
07/07/2022;16:00:00;3897;3903.25;3893.5;3902;18079
07/07/2022;20:00:00;3902;3905;3887.75;3893.25;34609
08/07/2022;00:00:00;3893.25;3899.25;3884.25;3888.25;49751
08/07/2022;04:00:00;3888.5;3909;3868;3883.25;149214
08/07/2022;08:00:00;3883.25;3922;3871.5;3886.75;714932
08/07/2022;12:00:00;3887;3919.25;3881.5;3905.5;464940
10/07/2022;16:00:00;3900;3900.75;3888.75;3894.25;24290
10/07/2022;20:00:00;3894.25;3894.5;3871.5;3876.25;39719
11/07/2022;00:00:00;3876;3880.75;3863.5;3877;53512
11/07/2022;04:00:00;3877;3886.5;3869.5;3875.25;61092
11/07/2022;08:00:00;3875.25;3884;3851.25;3865;728936
11/07/2022;12:00:00;3865;3883.25;3850;3862;539661
11/07/2022;16:00:00;3862;3865;3837;3837.75;26650
11/07/2022;20:00:00;3838;3842.75;3831.25;3835.25;28550
12/07/2022;00:00:00;3835.25;3838.25;3820.75;3834.5;52212
12/07/2022;04:00:00;3834.5;3847.5;3825.25;3843.75;85924
12/07/2022;08:00:00;3844;3876.5;3840;3863.25;771108
12/07/2022;12:00:00;3863.5;3869;3804.75;3823.5;641639
12/07/2022;16:00:00;3825;3830;3818.75;3828;26284
12/07/2022;20:00:00;3828.25;3833.5;3820.5;3828.75;29029
13/07/2022;00:00:00;3828.5;3838.75;3818.5;3836.5;56613
13/07/2022;04:00:00;3836.5;3873;3752;3770.5;244187
13/07/2022;08:00:00;3770.5;3823.75;3760.5;3823;1072482
13/07/2022;12:00:00;3823.25;3834.75;3794.75;3796;670087
13/07/2022;16:00:00;3795.75;3796.5;3775.5;3786.25;30447
13/07/2022;20:00:00;3786.25;3806.25;3785;3802.25;34601
14/07/2022;00:00:00;3802.25;3804.5;3755.25;3759;85556
14/07/2022;04:00:00;3759;3769.25;3742;3753.25;145960
14/07/2022;08:00:00;3753.5;3774.5;3723.75;3753.25;938854
14/07/2022;12:00:00;3753.5;3800;3746;3796;603145
14/07/2022;16:00:00;3797.75;3811.75;3795.25;3796.5;26046
14/07/2022;20:00:00;3796.25;3808.5;3794;3803.75;28099
15/07/2022;00:00:00;3804;3808.5;3780.25;3802.25;57039
15/07/2022;04:00:00;3802.5;3833;3786.75;3828;129364
15/07/2022;08:00:00;3828;3863.5;3819.75;3852.5;775125
15/07/2022;12:00:00;3852.5;3868.25;3850.25;3866.75;423190
17/07/2022;16:00:00;3878.5;3881.5;3865.75;3867.25;19314
17/07/2022;20:00:00;3867.5;3884;3867.25;3882.5;20492
18/07/2022;00:00:00;3882.5;3909.5;3879.25;3908.75;62003
18/07/2022;04:00:00;3908.25;3909;3890;3896.5;78498
18/07/2022;08:00:00;3896.25;3905.25;3884.5;3885.75;532189
18/07/2022;12:00:00;3885.75;3887.75;3820.25;3838.25;672249
18/07/2022;16:00:00;3838.5;3845.5;3834;3838.75;19362
18/07/2022;20:00:00;3838.75;3846.5;3836.75;3837.75;20322
19/07/2022;00:00:00;3837.75;3853.5;3834.25;3849.5;50832
19/07/2022;04:00:00;3849.5;3872.75;3848.75;3870;98786
19/07/2022;08:00:00;3870;3920;3868;3920;745277
19/07/2022;12:00:00;3920;3948;3912.75;3945.25;608682
19/07/2022;16:00:00;3947;3956.25;3940;3953.25;26453
19/07/2022;20:00:00;3953.5;3964.25;3949.5;3959.5;31615
20/07/2022;00:00:00;3959.5;3959.5;3938.75;3942.25;64988
20/07/2022;04:00:00;3942.25;3947.75;3922.25;3933.25;111801
20/07/2022;08:00:00;3933;3977.25;3924.75;3961;792895
20/07/2022;12:00:00;3961.25;3972.5;3938.5;3953.75;656679
20/07/2022;16:00:00;3954;3960.5;3950;3956.5;22699
20/07/2022;20:00:00;3956.5;3962.5;3945.25;3959.75;24368
21/07/2022;00:00:00;3959.5;3974.75;3945.5;3953.5;57860
21/07/2022;04:00:00;3953.75;3979;3947.5;3971;105120
21/07/2022;08:00:00;3971;3991;3930.25;3987.75;941618
21/07/2022;12:00:00;3987.75;4004.75;3971;3991.25;623020
21/07/2022;16:00:00;3988;3990;3980.5;3987;18190
21/07/2022;20:00:00;3987;3991.75;3981.25;3983.75;15615
22/07/2022;00:00:00;3984;3996;3980;3988.75;49518
22/07/2022;04:00:00;3988.75;3999.5;3987.75;3996.25;63968
22/07/2022;08:00:00;3996.25;4016.25;3963.25;3966.5;922909
22/07/2022;12:00:00;3966.75;3966.75;3941.5;3963.25;618218
24/07/2022;16:00:00;3967.75;3968.25;3953.5;3954;24593
24/07/2022;20:00:00;3953.75;3962.75;3951.5;3959.75;20926
25/07/2022;00:00:00;3960;3975.25;3952.25;3972.5;43780
25/07/2022;04:00:00;3972.5;3988.75;3972;3978;67336
25/07/2022;08:00:00;3978;3980;3951;3972;752157
25/07/2022;12:00:00;3972.25;3977.5;3946;3962.25;549680
25/07/2022;16:00:00;3959;3959.75;3950;3952.5;20695
25/07/2022;20:00:00;3952.25;3962.25;3952.25;3958.75;18301
26/07/2022;00:00:00;3958.75;3963.75;3954.75;3959.75;31170
26/07/2022;04:00:00;3959.75;3964.5;3950;3954;72999
26/07/2022;08:00:00;3954;3956.75;3917.5;3930;813637
26/07/2022;12:00:00;3930;3939.5;3913.25;3939.25;587602
26/07/2022;16:00:00;3939.25;3959;3938.75;3952.5;36411
26/07/2022;20:00:00;3952.5;3960.75;3947.25;3959.25;19615
27/07/2022;00:00:00;3959.25;3968.5;3954.25;3962.5;42163
27/07/2022;04:00:00;3962.5;3965.5;3952.75;3959.75;55283
27/07/2022;08:00:00;3959.75;3984.5;3954.5;3974.25;624412
27/07/2022;12:00:00;3974.25;4042.75;3968.5;4020.5;893080
27/07/2022;16:00:00;4022;4022.5;4012.75;4015.75;17212
27/07/2022;20:00:00;4015.5;4021.5;4013.75;4015.75;21091
28/07/2022;00:00:00;4015.75;4022.25;4008;4009;66566
28/07/2022;04:00:00;4009;4030;4003.5;4021.25;112578
28/07/2022;08:00:00;4021;4058;3994.5;4053.75;1069115
28/07/2022;12:00:00;4054;4111;4049.25;4105;669477
28/07/2022;16:00:00;4105;4105;4091.25;4093;24713
28/07/2022;20:00:00;4092.75;4103.5;4091.75;4097.75;23678
29/07/2022;00:00:00;4097.5;4108.75;4093.75;4099.25;56672
29/07/2022;04:00:00;4099.25;4107.75;4085.75;4093.25;104824
29/07/2022;08:00:00;4093;4123.25;4081;4118.25;911357
29/07/2022;12:00:00;4118.5;4144;4113.5;4132.5;698547
31/07/2022;16:00:00;4137.5;4138;4113.75;4117.25;29292
31/07/2022;20:00:00;4117.5;4121.75;4112.75;4116.5;24004
01/08/2022;00:00:00;4116.5;4128.25;4111;4118.5;42261
01/08/2022;04:00:00;4118.75;4134;4106.5;4107.25;76336
01/08/2022;08:00:00;4107.5;4147.25;4097;4131.5;860918
01/08/2022;12:00:00;4131.75;4131.75;4103.5;4123;682165
01/08/2022;16:00:00;4119.75;4122.25;4105.5;4105.75;23346
01/08/2022;20:00:00;4105.75;4108.25;4096.25;4103.5;31137
02/08/2022;00:00:00;4103.25;4106.5;4088;4093.75;59268
02/08/2022;04:00:00;4093.5;4098.75;4083.5;4095.25;89673
02/08/2022;08:00:00;4095.5;4143;4080.5;4139;931623
02/08/2022;12:00:00;4139;4139.5;4089.25;4096.25;712745
02/08/2022;16:00:00;4097;4102.5;4084.5;4089.75;26489
02/08/2022;20:00:00;4089.75;4105;4089.25;4100.5;30338
03/08/2022;00:00:00;4100.5;4107.75;4092.5;4102;39713
03/08/2022;04:00:00;4101.75;4122.5;4100.75;4118.75;66490
03/08/2022;08:00:00;4119;4159.75;4112.5;4156.5;851723
03/08/2022;12:00:00;4156.5;4170;4150.25;4152.5;615570
03/08/2022;16:00:00;4150.25;4157.5;4148;4157.5;16656
03/08/2022;20:00:00;4157.5;4159.5;4149;4152.25;20402
04/08/2022;00:00:00;4152.25;4159.25;4148;4152.25;36340
04/08/2022;04:00:00;4152.25;4173.25;4150.25;4164.75;82497
04/08/2022;08:00:00;4164.5;4164.75;4136;4143.25;680096
04/08/2022;12:00:00;4143.5;4162;4143;4151.75;360756
04/08/2022;16:00:00;4152;4158;4150;4156.75;9018
04/08/2022;20:00:00;4156.75;4166.25;4156.25;4163.5;14572
05/08/2022;00:00:00;4163.5;4163.75;4150;4152.5;28598
05/08/2022;04:00:00;4152.75;4162;4103.75;4109;156480
05/08/2022;08:00:00;4108.75;4153.25;4105.25;4136.5;908963
05/08/2022;12:00:00;4136.25;4149;4125.75;4141.75;546288
07/08/2022;16:00:00;4149.75;4150.75;4130.75;4137;22400
07/08/2022;20:00:00;4136.75;4144.25;4132.25;4143.5;18387
08/08/2022;00:00:00;4143.5;4164.75;4143;4156.5;46821
08/08/2022;04:00:00;4156.5;4177.5;4153.25;4177.25;64939
08/08/2022;08:00:00;4177.5;4188;4135;4144.75;876232
08/08/2022;12:00:00;4144.75;4153.5;4129.25;4150.75;459357
08/08/2022;16:00:00;4148.5;4155;4144.5;4147;20076
08/08/2022;20:00:00;4147.25;4154;4140;4151.5;19561
09/08/2022;00:00:00;4151.5;4152.5;4140.5;4148;29030
09/08/2022;04:00:00;4148.25;4150.25;4123.5;4131.75;66500
09/08/2022;08:00:00;4131.75;4138.75;4114.25;4119.75;636468
09/08/2022;12:00:00;4120;4129.75;4113;4129.25;466685
09/08/2022;16:00:00;4128.75;4130.25;4120.5;4120.5;13707
09/08/2022;20:00:00;4120.5;4128;4119.75;4123.5;17805
10/08/2022;00:00:00;4123.5;4140.25;4113.75;4137.5;41046
10/08/2022;04:00:00;4137.75;4201.5;4130.75;4192;193571
10/08/2022;08:00:00;4192;4212;4178.5;4202.25;774225
10/08/2022;12:00:00;4202.25;4213.5;4195;4211;506330
10/08/2022;16:00:00;4210.75;4223.25;4206.75;4221.75;20934
10/08/2022;20:00:00;4221.75;4224.75;4218;4219.5;18875
11/08/2022;00:00:00;4219.25;4232.25;4213;4218.5;54380
11/08/2022;04:00:00;4218.75;4247;4216.75;4244.25;117222
11/08/2022;08:00:00;4244.25;4260.5;4221.75;4234.5;775256
11/08/2022;12:00:00;4234.5;4241;4202.75;4218.75;562410
11/08/2022;16:00:00;4219.25;4220.75;4208.25;4209;18892
11/08/2022;20:00:00;4209.25;4217.5;4208.75;4215.25;17645
12/08/2022;00:00:00;4215.25;4237.5;4215;4231.25;44699
12/08/2022;04:00:00;4231;4235.25;4219.75;4231.75;69380
12/08/2022;08:00:00;4231.5;4254.5;4221;4252.75;607900
12/08/2022;12:00:00;4252.75;4282.75;4251.5;4280.75;464774
14/08/2022;16:00:00;4277;4278.5;4268.5;4271.5;19158
14/08/2022;20:00:00;4271.5;4276;4268;4271.75;22167
15/08/2022;00:00:00;4271.75;4274;4258.75;4261.25;38581
15/08/2022;04:00:00;4261.25;4263.5;4249;4249.25;79454
15/08/2022;08:00:00;4249.5;4300;4249;4298.75;701242
15/08/2022;12:00:00;4299;4304.75;4291.5;4294.5;415061
15/08/2022;16:00:00;4294.5;4296.75;4290;4291.75;15020
15/08/2022;20:00:00;4291.5;4300.25;4287;4295;23388
16/08/2022;00:00:00;4295.25;4299;4285;4295.5;38305
16/08/2022;04:00:00;4295.75;4297.75;4283.75;4287.75;60773
16/08/2022;08:00:00;4287.5;4315.5;4278.75;4308.25;615933
16/08/2022;12:00:00;4308.5;4327.5;4291.5;4310.25;565851
16/08/2022;16:00:00;4309.25;4312.5;4303.5;4308;17956
16/08/2022;20:00:00;4308;4311.25;4304;4310.5;14646
17/08/2022;00:00:00;4310.5;4315;4290;4290.75;46669
17/08/2022;04:00:00;4291;4293.75;4266;4269.5;118642
17/08/2022;08:00:00;4269.25;4285.25;4255;4275;705636
17/08/2022;12:00:00;4275;4305.25;4270.25;4280.75;678464
17/08/2022;16:00:00;4279.5;4279.5;4264.75;4268.75;20445
17/08/2022;20:00:00;4268.75;4275.5;4268.25;4269.5;16037
18/08/2022;00:00:00;4269.5;4274;4258;4273.5;36900
18/08/2022;04:00:00;4273.75;4292.75;4272.5;4284;72424
18/08/2022;08:00:00;4284;4290.75;4264;4272.75;666348
18/08/2022;12:00:00;4272.75;4295.5;4270.75;4288.25;503789
18/08/2022;16:00:00;4287;4288;4279;4280.75;15574
18/08/2022;20:00:00;4280.75;4285.25;4277;4277.75;19441
19/08/2022;00:00:00;4277.75;4278.25;4250;4254.75;57334
19/08/2022;04:00:00;4254.5;4259.5;4241;4249.75;94961
19/08/2022;08:00:00;4249.75;4261.75;4225.5;4241.5;851136
19/08/2022;12:00:00;4241.75;4245.25;4220.75;4228.5;587178
21/08/2022;16:00:00;4221;4221.5;4206.25;4208.5;28700
21/08/2022;20:00:00;4208.5;4221.25;4207.5;4211;22997
22/08/2022;00:00:00;4211.25;4214.25;4178.25;4184.75;76619
22/08/2022;04:00:00;4184.5;4189;4175.5;4179;80917
22/08/2022;08:00:00;4179;4182.5;4151;4159.5;784958
22/08/2022;12:00:00;4159.25;4160;4131.5;4146.5;672159
22/08/2022;16:00:00;4147;4153.5;4143.75;4144.75;22643
22/08/2022;20:00:00;4144.5;4151.75;4140.5;4142.5;25337
23/08/2022;00:00:00;4142.25;4157;4118;4148.75;80071
23/08/2022;04:00:00;4148.5;4153.5;4136.5;4138.25;76376
23/08/2022;08:00:00;4138.5;4161.75;4125;4138.25;854780
23/08/2022;12:00:00;4138.5;4143.5;4127.5;4128;485068
23/08/2022;16:00:00;4128.25;4133;4125;4126.75;15971
23/08/2022;20:00:00;4126.5;4127.5;4113.5;4125;33171
24/08/2022;00:00:00;4124.75;4135.5;4110.75;4133.5;54837
24/08/2022;04:00:00;4133.75;4142;4125;4133.75;64914
24/08/2022;08:00:00;4133.5;4158.5;4121.25;4137.75;692298
24/08/2022;12:00:00;4137.75;4152.25;4132;4149.5;431895
24/08/2022;16:00:00;4148.75;4154.25;4143;4153.25;16957
24/08/2022;20:00:00;4153.25;4161;4152.25;4160;21955
25/08/2022;00:00:00;4160;4187.75;4158;4178.5;72165
25/08/2022;04:00:00;4178.5;4179.5;4155.5;4160.75;79339
25/08/2022;08:00:00;4160.5;4185;4147.5;4161.25;804010
25/08/2022;12:00:00;4161.5;4202.75;4159;4195.25;578342
25/08/2022;16:00:00;4198.25;4200.5;4192.5;4198;18576
25/08/2022;20:00:00;4198;4200;4194.75;4195.25;21731
26/08/2022;00:00:00;4195.5;4199;4184.5;4188.25;46309
26/08/2022;04:00:00;4188.25;4202;4180;4201;99276
26/08/2022;08:00:00;4200.75;4217.25;4099.25;4109.25;1108321
26/08/2022;12:00:00;4109;4112.5;4042.75;4042.75;838447
28/08/2022;16:00:00;4024;4031.75;4009.5;4011.75;69487
28/08/2022;20:00:00;4011.5;4031.25;4006.75;4026;50526
29/08/2022;00:00:00;4026;4040.75;4015.75;4018;82206
29/08/2022;04:00:00;4018.25;4034;4015.5;4025.75;101249
29/08/2022;08:00:00;4025.75;4058.5;4017;4052;976000
29/08/2022;12:00:00;4051.75;4064;4029.25;4035.75;622266
29/08/2022;16:00:00;4035.75;4043.25;4026.75;4034;27026
29/08/2022;20:00:00;4034;4048.75;4027.25;4045.5;35225
30/08/2022;00:00:00;4045.5;4072.75;4039;4065;74547
30/08/2022;04:00:00;4065.25;4072.75;4045.25;4045.75;98110
30/08/2022;08:00:00;4046;4048.75;3968.5;3984.5;1352130
30/08/2022;12:00:00;3984.75;3998.5;3964.5;3986.5;904589
30/08/2022;16:00:00;3987.25;3999.75;3982.25;3998;26078
30/08/2022;20:00:00;3998.25;4018.25;3995.25;4013.5;40937
31/08/2022;00:00:00;4013.5;4017.75;3985.75;3991;71300
31/08/2022;04:00:00;3991;4007.25;3979.25;4004.25;127499
31/08/2022;08:00:00;4004.25;4017;3971.75;3981.25;1022426
31/08/2022;12:00:00;3981;3988.25;3953;3960.5;980993
31/08/2022;16:00:00;3958;3961;3924;3930.75;59008
31/08/2022;20:00:00;3930.75;3938.25;3926;3934.75;40081
01/09/2022;00:00:00;3934.5;3940;3921;3925;87701
01/09/2022;04:00:00;3924.75;3948.25;3921;3929.25;115379
01/09/2022;08:00:00;3929.25;3938;3903.5;3910.75;1044136
01/09/2022;12:00:00;3910.75;3971.25;3908.25;3968;801205
01/09/2022;16:00:00;3967.5;3974.25;3963;3966;22856
01/09/2022;20:00:00;3965.75;3970.5;3958;3970;23200
02/09/2022;00:00:00;3970;3974.75;3955.25;3972.75;57698
02/09/2022;04:00:00;3972.5;4002;3960;3996;191732
02/09/2022;08:00:00;3995.75;4019.25;3961.25;3968.5;1113778
02/09/2022;12:00:00;3968.75;3968.75;3906;3933.25;1024138
04/09/2022;16:00:00;3929;3938.75;3915.25;3928;39612
04/09/2022;20:00:00;3928;3935.75;3925;3932.25;27599
05/09/2022;00:00:00;3932.5;3942.25;3921.25;3931.25;47141
05/09/2022;04:00:00;3931.5;3938.25;3918.5;3928;50403
05/09/2022;08:00:00;3928;3940.5;3927.5;3936.25;48685
05/09/2022;16:00:00;3936.25;3957.25;3932;3954.5;35841
05/09/2022;20:00:00;3954.5;3957;3937;3938;34872
06/09/2022;00:00:00;3938;3961.25;3935;3950.25;67129
06/09/2022;04:00:00;3950.5;3963.25;3939.75;3947.25;88109
06/09/2022;08:00:00;3947.5;3951.5;3886.75;3919.25;1072338
06/09/2022;12:00:00;3919;3920.75;3893.75;3908.25;761317
06/09/2022;16:00:00;3907.5;3911.75;3883.5;3889.75;39024
06/09/2022;20:00:00;3889.5;3898.25;3884.5;3896;36859
07/09/2022;00:00:00;3896.25;3923.25;3893;3919.25;68769
07/09/2022;04:00:00;3919.25;3919.5;3896.25;3903.75;104133
07/09/2022;08:00:00;3903.5;3954;3900.75;3949.75;884936
07/09/2022;12:00:00;3949.75;3988.75;3948.25;3978.5;710043
07/09/2022;16:00:00;3980;3985;3975.75;3982.25;25682
07/09/2022;20:00:00;3982;3986.75;3977.75;3984.75;27546
08/09/2022;00:00:00;3985;3996;3969.75;3980.5;69409
08/09/2022;04:00:00;3980.25;3992;3962;3962.75;114412
08/09/2022;08:00:00;3962.5;4010.75;3942.75;3980.75;1161521
08/09/2022;12:00:00;3980.75;4011.5;3973;4010;728910
08/09/2022;16:00:00;4010.25;4020.75;4005.75;4018;18401
08/09/2022;20:00:00;4018;4027.25;4011.5;4024.5;23193
09/09/2022;00:00:00;4024.25;4039.5;4011;4039;70679
09/09/2022;04:00:00;4039;4045;4031.5;4035.75;85298
09/09/2022;08:00:00;4035.75;4064.25;4026.25;4061.75;589637
09/09/2022;12:00:00;4061.75;4077.25;4056.5;4066.25;366176
11/09/2022;16:00:00;4077.25;4087.5;4069.5;4071.5;14708
11/09/2022;20:00:00;4071.5;4073.75;4062.25;4064.75;12085
12/09/2022;00:00:00;4064.75;4112.5;4064.75;4111.75;53575
12/09/2022;04:00:00;4111.75;4115;4095.25;4104;76472
12/09/2022;08:00:00;4104;4137.75;4100;4123.25;775219
12/09/2022;12:00:00;4123.25;4137.75;4115.25;4137;523299
12/09/2022;16:00:00;4137.5;4143;4131.75;4134.5;19879
12/09/2022;20:00:00;4134.25;4136.75;4128;4131.75;25966
13/09/2022;00:00:00;4131.75;4149.75;4130.25;4148.25;55102
13/09/2022;04:00:00;4148.25;4175;4039.75;4039.75;252860
13/09/2022;08:00:00;4040;4051.25;3995.75;4003.75;1108997
13/09/2022;12:00:00;4003.75;4016.5;3938.5;3955.25;932489
13/09/2022;16:00:00;3956.75;3962.25;3945.5;3951.25;36799
13/09/2022;20:00:00;3951.5;3964;3951.25;3959;31587
14/09/2022;00:00:00;3959.5;3979.5;3946.75;3975;93146
14/09/2022;04:00:00;3975;3976.5;3942.5;3961.25;154133
14/09/2022;08:00:00;3961.25;3981.25;3936.5;3971.5;1065505
14/09/2022;12:00:00;3971.5;3976;3929;3973.75;809551
14/09/2022;16:00:00;3972;3977;3966.25;3970.5;19495
14/09/2022;20:00:00;3970.5;3977;3963.75;3967.5;26390
15/09/2022;00:00:00;3967.5;3977;3962.25;3968.25;40854
15/09/2022;04:00:00;3968.25;3974;3948.5;3959.25;135700
15/09/2022;08:00:00;3959.25;3977.5;3919.5;3938.75;1136597
15/09/2022;12:00:00;3938.75;3963.5;3905;3910;943327
15/09/2022;16:00:00;3904;3905;3887.5;3894;40166
15/09/2022;20:00:00;3894.25;3897.75;3889.25;3892.5;28412
16/09/2022;00:00:00;3892.5;3894.5;3878;3881.25;79599
16/09/2022;04:00:00;3881.5;3894;3864.25;3865;134966
16/09/2022;08:00:00;3865;3891.75;3853;3867.25;1303172
16/09/2022;12:00:00;3867;3903.5;3856.5;3902.5;1002601
18/09/2022;16:00:00;3889.5;3899.25;3884;3896.25;27529
18/09/2022;20:00:00;3896;3898.75;3873.75;3882.75;32580
19/09/2022;00:00:00;3882.75;3885;3855.25;3856.5;64757
19/09/2022;04:00:00;3856.5;3867.25;3846.25;3862.75;95922
19/09/2022;08:00:00;3862.75;3903.75;3853.25;3893.25;1021278
19/09/2022;12:00:00;3893.5;3927;3878.75;3922.75;805452
19/09/2022;16:00:00;3923;3934.5;3921.5;3925.5;25957
19/09/2022;20:00:00;3925.5;3927.5;3919.25;3926.25;23491
20/09/2022;00:00:00;3926;3936.25;3906.25;3911.25;68102
20/09/2022;04:00:00;3911.25;3912.5;3885.25;3890.75;131755
20/09/2022;08:00:00;3890.75;3894;3859;3873.75;1064238
20/09/2022;12:00:00;3874;3887.5;3843.25;3879.75;970509
20/09/2022;16:00:00;3878.75;3881;3870.25;3878;22389
20/09/2022;20:00:00;3878;3880.25;3870.5;3877;21794
21/09/2022;00:00:00;3877;3883;3854.75;3876;107686
21/09/2022;04:00:00;3875.75;3896.75;3871.75;3892.75;90613
21/09/2022;08:00:00;3892.75;3905;3886;3891;629585
21/09/2022;12:00:00;3891;3925.25;3792;3796.75;1492166
21/09/2022;16:00:00;3794;3800.75;3771.75;3774;48516
21/09/2022;20:00:00;3773.75;3788.5;3766.75;3784.75;45662
22/09/2022;00:00:00;3784.75;3833;3776.75;3821.75;127236
22/09/2022;04:00:00;3821.75;3822.75;3791.5;3813.75;163518
22/09/2022;08:00:00;3813.75;3814.5;3763.5;3781;1232239
22/09/2022;12:00:00;3781;3805;3766.25;3773.75;918716
22/09/2022;16:00:00;3777.25;3783.25;3771.75;3778.75;21543
22/09/2022;20:00:00;3778.5;3780.25;3756.5;3759.5;35840
23/09/2022;00:00:00;3759.5;3773;3747;3747.5;90433
23/09/2022;04:00:00;3747.75;3749;3715;3720;216596
23/09/2022;08:00:00;3719.75;3739.5;3676;3694.75;1310437
23/09/2022;12:00:00;3694.5;3713.75;3660.25;3711.5;1131297
25/09/2022;16:00:00;3705.25;3714.5;3683.5;3685;62480
25/09/2022;20:00:00;3685;3702;3679.25;3682;64983
26/09/2022;00:00:00;3681.75;3718.25;3672.5;3702.75;128771
26/09/2022;04:00:00;3702.75;3705.5;3671.5;3700.75;167630
26/09/2022;08:00:00;3700.75;3730.5;3666.5;3683.5;1300432
26/09/2022;12:00:00;3683.5;3697;3657.5;3667.25;1105074
26/09/2022;16:00:00;3668;3697.75;3663.75;3695.25;39193
26/09/2022;20:00:00;3695;3700;3687.25;3695.5;42312
27/09/2022;00:00:00;3695.5;3725;3690.5;3709.25;112536
27/09/2022;04:00:00;3709;3727.75;3695;3711.25;160175
27/09/2022;08:00:00;3711;3733;3638.75;3654.25;1531600
27/09/2022;12:00:00;3654.25;3673.25;3635.25;3665.25;1012612
27/09/2022;16:00:00;3668.5;3674.75;3661;3664.75;39347
27/09/2022;20:00:00;3665;3670;3623;3638.75;114905
28/09/2022;00:00:00;3638.75;3653.75;3623;3636.5;132934
28/09/2022;04:00:00;3636.5;3681;3613;3670.5;363376
28/09/2022;08:00:00;3670.75;3723.25;3652.25;3716.75;1200028
28/09/2022;12:00:00;3717;3751.25;3709.75;3729.75;838170
28/09/2022;16:00:00;3730.25;3736;3723.5;3730.25;32819
28/09/2022;20:00:00;3730;3736;3718.75;3733.25;47450
29/09/2022;00:00:00;3733.5;3735;3677.25;3687.75;146938
29/09/2022;04:00:00;3687.5;3711.5;3673.5;3684;196309
29/09/2022;08:00:00;3684;3700;3631.25;3648;1372888
29/09/2022;12:00:00;3648.25;3662.5;3622;3658.75;1001592
29/09/2022;16:00:00;3656.5;3670.75;3650.75;3658.5;42284
29/09/2022;20:00:00;3658.5;3666.75;3640.25;3648.75;51518
30/09/2022;00:00:00;3648.75;3693.75;3648;3691.75;126024
30/09/2022;04:00:00;3692;3692.25;3640.75;3661.25;229980
30/09/2022;08:00:00;3661;3684.5;3626.5;3651.75;1201439
30/09/2022;12:00:00;3651.5;3655;3595.25;3604.25;1176398
02/10/2022;16:00:00;3593.25;3613.5;3571.75;3576.25;95308
02/10/2022;20:00:00;3576.25;3607.75;3576.25;3595.75;67307
03/10/2022;00:00:00;3595.5;3619.75;3589.25;3598.75;109925
03/10/2022;04:00:00;3598.75;3641.75;3587.5;3636;165487
03/10/2022;08:00:00;3636.25;3680;3617;3668.25;1084609
03/10/2022;12:00:00;3668.5;3711.75;3667.25;3694.5;735491
03/10/2022;16:00:00;3696.5;3717.75;3686.25;3713.5;46989
03/10/2022;20:00:00;3713.5;3729.5;3701;3724.75;51599
04/10/2022;00:00:00;3724.75;3746.5;3722;3745.25;107434
04/10/2022;04:00:00;3745.5;3761.5;3735;3750.25;172407
04/10/2022;08:00:00;3750.25;3802.5;3744.25;3787.75;1081073
04/10/2022;12:00:00;3787.75;3808.75;3766.5;3803.5;846846
04/10/2022;16:00:00;3801;3804.5;3785;3788;34354
04/10/2022;20:00:00;3788;3794.5;3780.25;3782.75;44882
05/10/2022;00:00:00;3782.75;3788.75;3765;3774.75;93418
05/10/2022;04:00:00;3774.75;3779.25;3762;3765.25;133648
05/10/2022;08:00:00;3765;3785.5;3734;3778;964302
05/10/2022;12:00:00;3778;3820;3776.5;3795.75;757763
05/10/2022;16:00:00;3795.75;3819.5;3791.25;3814.5;34878
05/10/2022;20:00:00;3814.75;3818.5;3805;3814;34228
06/10/2022;00:00:00;3814.25;3818;3777.25;3780.75;82032
06/10/2022;04:00:00;3781;3797.75;3763.75;3787.75;139499
06/10/2022;08:00:00;3787.75;3811.5;3758;3779;1104743
06/10/2022;12:00:00;3779;3784;3750;3751;706479
06/10/2022;16:00:00;3745.75;3754.25;3742.5;3750.5;27924
06/10/2022;20:00:00;3750.75;3762;3746.25;3747;32096
07/10/2022;00:00:00;3747;3754.5;3732.25;3752.25;74476
07/10/2022;04:00:00;3752;3770.5;3700.25;3714.5;230856
07/10/2022;08:00:00;3714.5;3723;3657.25;3661;1028490
07/10/2022;12:00:00;3661.25;3666.75;3632.5;3650.75;757568
09/10/2022;16:00:00;3638.75;3642.25;3618;3636.5;69010
09/10/2022;20:00:00;3636.25;3645.75;3632.25;3640.75;37131
10/10/2022;00:00:00;3640.75;3649;3623.5;3630.25;74804
10/10/2022;04:00:00;3630.5;3665.25;3630.5;3664.75;120273
10/10/2022;08:00:00;3664.75;3667.5;3606.25;3606.5;946482
10/10/2022;12:00:00;3606.5;3647;3600;3627.5;739957
10/10/2022;16:00:00;3624.75;3636;3618.75;3631;29480
10/10/2022;20:00:00;3631;3635.5;3601;3604.75;51124
11/10/2022;00:00:00;3604.75;3615.5;3584.75;3591.75;112053
11/10/2022;04:00:00;3591.75;3628.25;3584.25;3614.5;162428
11/10/2022;08:00:00;3614.5;3653.25;3580.25;3644.5;1079696
11/10/2022;12:00:00;3644.5;3646.75;3579;3608.25;911456
11/10/2022;16:00:00;3607;3616.25;3596.25;3612.25;34847
11/10/2022;20:00:00;3612.25;3624;3597.5;3616.75;49908
12/10/2022;00:00:00;3616.75;3635.25;3605;3618.75;104849
12/10/2022;04:00:00;3618.5;3634.75;3601;3608.5;170729
12/10/2022;08:00:00;3608.25;3620.75;3585.5;3608;956897
12/10/2022;12:00:00;3608;3616.25;3587.25;3593.25;583775
12/10/2022;16:00:00;3596.25;3602.25;3593.25;3601;19035
12/10/2022;20:00:00;3601;3602.5;3590.25;3592;25179
13/10/2022;00:00:00;3592;3603.75;3581.75;3602;65594
13/10/2022;04:00:00;3602;3644.75;3506.75;3520.5;397964
13/10/2022;08:00:00;3520.5;3675.5;3502;3651.75;1832422
13/10/2022;12:00:00;3652;3697.75;3651.5;3680.25;855358
13/10/2022;16:00:00;3680.25;3686;3670.25;3679;35372
13/10/2022;20:00:00;3679.25;3715.5;3677;3705;65251
14/10/2022;00:00:00;3704.75;3713.5;3665;3667.25;107989
14/10/2022;04:00:00;3667.25;3733.75;3660.25;3723.5;240962
14/10/2022;08:00:00;3723.5;3726.25;3605.5;3614.5;1454647
14/10/2022;12:00:00;3614.75;3623.5;3591.25;3596.5;748502
16/10/2022;16:00:00;3591;3616.5;3590.5;3611.75;40603
16/10/2022;20:00:00;3612;3616.25;3607;3614;36731
17/10/2022;00:00:00;3613.75;3640;3613.5;3630.25;97192
17/10/2022;04:00:00;3630.5;3650.5;3627.75;3648.75;102232
17/10/2022;08:00:00;3648.75;3702.5;3648.75;3687.25;991149
17/10/2022;12:00:00;3687.5;3702.25;3681.5;3699.5;616493
17/10/2022;16:00:00;3706.25;3722.5;3706;3718.75;42093
17/10/2022;20:00:00;3718.75;3764.75;3710.75;3753.75;86616
18/10/2022;00:00:00;3753.75;3760.25;3729.75;3730.5;118078
18/10/2022;04:00:00;3730.75;3776;3723.5;3773.5;190783
18/10/2022;08:00:00;3773.5;3777.25;3697.25;3726.5;1315446
18/10/2022;12:00:00;3726.5;3761.75;3703.25;3758;945918
18/10/2022;16:00:00;3759.75;3773.25;3751.75;3766.5;55440
18/10/2022;20:00:00;3766.5;3774.25;3758;3759.25;41138
19/10/2022;00:00:00;3759.25;3761.5;3721.5;3730.75;95882
19/10/2022;04:00:00;3730.75;3753.25;3701.75;3710.25;178254
19/10/2022;08:00:00;3710.25;3740.75;3690.25;3694.25;1114473
19/10/2022;12:00:00;3694.25;3721.25;3676.75;3710.25;813172
19/10/2022;16:00:00;3708;3710.25;3684.75;3690.75;38237
19/10/2022;20:00:00;3690.5;3705;3677;3698;60485
20/10/2022;00:00:00;3698;3719;3680.25;3687;90520
20/10/2022;04:00:00;3687.25;3730;3686.5;3694.25;191437
20/10/2022;08:00:00;3694.5;3748;3690.25;3699.75;1140531
20/10/2022;12:00:00;3699.75;3701.25;3666.25;3676.75;821101
20/10/2022;16:00:00;3677.75;3678;3655.5;3666;39333
20/10/2022;20:00:00;3666;3676;3660.75;3665.25;37710
21/10/2022;00:00:00;3665.25;3679.75;3650.75;3652.25;79847
21/10/2022;04:00:00;3652.5;3665;3641.5;3655.75;155372
21/10/2022;08:00:00;3655.5;3740;3655;3734;1613976
21/10/2022;12:00:00;3734;3773.25;3727.75;3772;657475
23/10/2022;16:00:00;3771;3813.25;3770.75;3783.75;85676
23/10/2022;20:00:00;3783.75;3786.25;3763.25;3779.5;70434
24/10/2022;00:00:00;3779.25;3780.5;3736.5;3749;110696
24/10/2022;04:00:00;3749;3802.5;3741.5;3792.75;163742
24/10/2022;08:00:00;3792.75;3808.75;3751.75;3798;1057447
24/10/2022;12:00:00;3798.25;3822;3787.25;3805.5;563898
24/10/2022;16:00:00;3803.25;3816.75;3803.25;3813;27170
24/10/2022;20:00:00;3813;3815.5;3795.5;3812;50919
25/10/2022;00:00:00;3812;3818.25;3801.25;3802.75;64738
25/10/2022;04:00:00;3802.75;3805;3790;3799;103339
25/10/2022;08:00:00;3798.75;3863.5;3798.75;3852;841684
25/10/2022;12:00:00;3852;3874.25;3844.25;3853.25;702355
25/10/2022;16:00:00;3841;3842.25;3825;3826.75;55276
25/10/2022;20:00:00;3826.75;3839.5;3824.25;3835.5;36909
26/10/2022;00:00:00;3835.25;3853.5;3830.25;3851.75;82522
26/10/2022;04:00:00;3851.5;3854;3831.5;3838;120990
26/10/2022;08:00:00;3838;3897.5;3834.25;3865;1029507
26/10/2022;12:00:00;3865;3866;3836.25;3853.75;704663
26/10/2022;16:00:00;3844.25;3868;3842;3857.25;37881
26/10/2022;20:00:00;3857.25;3865;3850.5;3862.75;39572
27/10/2022;00:00:00;3862.75;3867.75;3846;3851.5;74798
27/10/2022;04:00:00;3851.75;3862.75;3834.25;3855.5;172168
27/10/2022;08:00:00;3855.25;3870.75;3821.5;3835.75;1047093
27/10/2022;12:00:00;3835.75;3848.25;3757.5;3791.5;773116
27/10/2022;16:00:00;3798.25;3808;3790.75;3798;41450
27/10/2022;20:00:00;3798.25;3813;3797.5;3799.5;36834
28/10/2022;00:00:00;3799.75;3799.75;3776.75;3791.75;84501
28/10/2022;04:00:00;3791.75;3828;3784.25;3806.25;190304
28/10/2022;08:00:00;3806;3895;3803.25;3892.25;998739
28/10/2022;12:00:00;3892.5;3924.25;3891.25;3923;639634
30/10/2022;16:00:00;3911.5;3914.75;3896.25;3899.5;37489
30/10/2022;20:00:00;3899.5;3910.75;3895.5;3904.5;34946
31/10/2022;00:00:00;3904.5;3909.25;3884;3888.25;51776
31/10/2022;04:00:00;3888.5;3902.5;3885;3889.5;90922
31/10/2022;08:00:00;3889.5;3904.5;3872.25;3882.5;887720
31/10/2022;12:00:00;3882.75;3897.5;3875.25;3882.75;783195
31/10/2022;16:00:00;3884;3893.5;3881;3890.25;26849
31/10/2022;20:00:00;3890.25;3900.75;3889.5;3896.5;28732
01/11/2022;00:00:00;3896.25;3918.25;3896;3912.5;74067
01/11/2022;04:00:00;3912.5;3928;3907.25;3924.5;105892
01/11/2022;08:00:00;3924.25;3925.25;3852.5;3867.5;1068306
01/11/2022;12:00:00;3867.5;3878.25;3855.75;3861.75;526431
01/11/2022;16:00:00;3863;3874;3861.5;3872.75;22733
01/11/2022;20:00:00;3872.5;3879;3870.5;3876.25;29452
02/11/2022;00:00:00;3876.5;3881.5;3866.5;3877;43267
02/11/2022;04:00:00;3876.75;3879;3854.5;3861.5;104720
02/11/2022;08:00:00;3861.5;3863.25;3833;3844;567579
02/11/2022;12:00:00;3844;3907;3760.25;3768.25;1359370
02/11/2022;16:00:00;3766.75;3770;3756;3765.5;38245
02/11/2022;20:00:00;3765.25;3780;3764.25;3776;43068
03/11/2022;00:00:00;3776;3782.5;3757.25;3763.25;81344
03/11/2022;04:00:00;3763;3768;3727.25;3728.5;146686
03/11/2022;08:00:00;3728.5;3758.5;3704.25;3755;1006302
03/11/2022;12:00:00;3755;3757;3724.5;3725.5;509048
03/11/2022;16:00:00;3724;3727.5;3715.75;3725.25;25593
03/11/2022;20:00:00;3725.5;3738.25;3720.25;3736.75;38140
04/11/2022;00:00:00;3736.75;3750;3731.75;3745.75;71065
04/11/2022;04:00:00;3745.5;3774.75;3711;3772.75;240368
04/11/2022;08:00:00;3773;3805.5;3716.5;3728.5;1304901
04/11/2022;12:00:00;3728.75;3785.25;3715.25;3772.75;748933
06/11/2022;16:00:00;3750;3770;3738.25;3766.75;51148
06/11/2022;20:00:00;3767;3781.75;3765.5;3772.5;40070
07/11/2022;00:00:00;3772.25;3795;3757.5;3786.25;80441
07/11/2022;04:00:00;3786.5;3805;3784.75;3790.5;122284
07/11/2022;08:00:00;3790.25;3800;3771.25;3786.25;674726
07/11/2022;12:00:00;3786.25;3821.75;3785.75;3812.25;474364
07/11/2022;16:00:00;3812.75;3827.75;3809.25;3820;31936
07/11/2022;20:00:00;3820.25;3820.25;3807;3809.25;23851
08/11/2022;00:00:00;3809.25;3823.25;3800;3822.75;53678
08/11/2022;04:00:00;3822.75;3831.5;3816.25;3827;96168
08/11/2022;08:00:00;3827;3867;3810.75;3860.5;744978
08/11/2022;12:00:00;3860.75;3866;3792.75;3832.75;860706
08/11/2022;16:00:00;3832.5;3848.75;3830.5;3839.75;38027
08/11/2022;20:00:00;3839.75;3844;3825;3831;56526
09/11/2022;00:00:00;3831.25;3845;3815;3818.75;68039
09/11/2022;04:00:00;3818.5;3835.25;3811;3814.25;121393
09/11/2022;08:00:00;3814.25;3825.75;3788.25;3799.25;812389
09/11/2022;12:00:00;3799.5;3802;3750;3756.25;731983
09/11/2022;16:00:00;3757;3767.25;3753.25;3762.75;29298
09/11/2022;20:00:00;3762.75;3767.75;3757;3764.25;24895
10/11/2022;00:00:00;3764.5;3769.75;3755.25;3765.5;44530
10/11/2022;04:00:00;3765.5;3882.75;3751.5;3878;289300
10/11/2022;08:00:00;3878;3935.75;3870;3905.75;1134233
10/11/2022;12:00:00;3905.75;3973.5;3905.75;3973;776325
10/11/2022;16:00:00;3973;3974.5;3958.5;3959.25;44272
10/11/2022;20:00:00;3959.25;3985.25;3957.25;3984.5;44306
11/11/2022;00:00:00;3984.5;3997.5;3979.25;3983.75;102395
11/11/2022;04:00:00;3984;3987.75;3972.75;3983.25;127385
11/11/2022;08:00:00;3983.25;3991.25;3951;3977.25;922886
11/11/2022;12:00:00;3977.25;4009.75;3977;3999.5;604055
13/11/2022;16:00:00;3984;3995.75;3979.5;3988.75;46704
13/11/2022;20:00:00;3989;3992.5;3982.25;3982.25;24506
14/11/2022;00:00:00;3982.25;3996.5;3978;3979.75;63653
14/11/2022;04:00:00;3979.5;3993.75;3977;3986;74493
14/11/2022;08:00:00;3985.75;4008;3974.5;4001.75;744072
14/11/2022;12:00:00;4002;4017.5;3964;3975;563202
14/11/2022;16:00:00;3974.75;3980.25;3971.75;3978;20837
14/11/2022;20:00:00;3978.25;3987.5;3976.75;3984.5;24034
15/11/2022;00:00:00;3984.25;3996.75;3984;3992;54663
15/11/2022;04:00:00;3992;4050.75;3990;4039.75;175061
15/11/2022;08:00:00;4039.75;4040.75;4009;4015.25;866130
15/11/2022;12:00:00;4015.25;4018.5;3960;3994.75;1016755
15/11/2022;16:00:00;3992;3996.75;3980.5;3989.25;39988
15/11/2022;20:00:00;3989.25;4006.5;3987;4004.75;46616
16/11/2022;00:00:00;4004.75;4015.75;3999.5;4007.75;55062
16/11/2022;04:00:00;4008;4015.25;3982.75;3984.75;110360
16/11/2022;08:00:00;3985;3992.75;3966.25;3981.5;649365
16/11/2022;12:00:00;3981.5;3983.5;3962;3974;540434
16/11/2022;16:00:00;3977.25;3980;3971.25;3973;20346
16/11/2022;20:00:00;3973;3977.5;3968;3973.5;21353
17/11/2022;00:00:00;3973.5;3990.25;3957.25;3961;66420
17/11/2022;04:00:00;3961.25;3967.5;3914.75;3915.75;173126
17/11/2022;08:00:00;3915.75;3958.25;3912.5;3955.5;705004
17/11/2022;12:00:00;3955.25;3962.5;3928.75;3961;524119
17/11/2022;16:00:00;3960.5;3967;3952.5;3957.25;27255
17/11/2022;20:00:00;3957.25;3961.25;3950;3952.5;23079
18/11/2022;00:00:00;3952.5;3974.75;3943.5;3966.25;64198
18/11/2022;04:00:00;3966.25;3994;3963.5;3991.25;108205
18/11/2022;08:00:00;3991.25;3994;3942.5;3950.75;720184
18/11/2022;12:00:00;3950.75;3982.75;3946;3971.5;527880
20/11/2022;16:00:00;3972.5;3982;3957.75;3959.5;30904
20/11/2022;20:00:00;3959.75;3964.5;3956;3963.5;23804
21/11/2022;00:00:00;3963.5;3964.5;3948.25;3952.75;61757
21/11/2022;04:00:00;3953;3962.75;3948;3961.25;62951
21/11/2022;08:00:00;3961;3970.5;3937.5;3951.25;538977
21/11/2022;12:00:00;3951.25;3968.25;3950.75;3958;418468
21/11/2022;16:00:00;3957.75;3967.75;3956.5;3963.25;20728
21/11/2022;20:00:00;3963;3966.5;3956.5;3957.5;16860
22/11/2022;00:00:00;3957.25;3969.75;3945.25;3968.25;72572
22/11/2022;04:00:00;3968;3978.5;3956.5;3977.75;81709
22/11/2022;08:00:00;3978;3990.5;3962.75;3986.25;500905
22/11/2022;12:00:00;3986.25;4012.5;3984.5;4009.25;417824
22/11/2022;16:00:00;4010;4014.25;4007;4008.5;20147
22/11/2022;20:00:00;4008.25;4011.25;4006;4010.5;15669
23/11/2022;00:00:00;4010.5;4021.75;4006;4018.75;66561
23/11/2022;04:00:00;4018.75;4019;4002;4007;78565
23/11/2022;08:00:00;4007.25;4038;4003.25;4008.5;541807
23/11/2022;12:00:00;4008.25;4039.5;4005.5;4039.25;507408
23/11/2022;16:00:00;4038.75;4043.5;4037.25;4042.25;14727
23/11/2022;20:00:00;4042;4043.75;4039.5;4040;10678
24/11/2022;00:00:00;4040;4047.5;4037.25;4044.5;25994
24/11/2022;04:00:00;4044.5;4049.25;4038.5;4044;29419
24/11/2022;08:00:00;4044;4047.5;4039.5;4043.5;27154
24/11/2022;16:00:00;4043.75;4046;4039.25;4042.25;10916
24/11/2022;20:00:00;4042;4044.25;4040;4041.5;10146
25/11/2022;00:00:00;4041.5;4045.75;4032.75;4035;36169
25/11/2022;04:00:00;4034.75;4041.5;4030;4031;51768
25/11/2022;08:00:00;4031;4039.25;4024.75;4033;329713
25/11/2022;12:00:00;4033;4034.5;4031.5;4034.25;16818
27/11/2022;16:00:00;4020.25;4024;4003.5;4005;47680
27/11/2022;20:00:00;4005.25;4008.5;3997.5;4002.5;34184
28/11/2022;00:00:00;4002.75;4018.5;3993;3994.75;77219
28/11/2022;04:00:00;3994.5;4006;3992.25;4002.5;79684
28/11/2022;08:00:00;4002.25;4017.75;3985;3985.5;652723
28/11/2022;12:00:00;3985.75;3989.5;3960.25;3971.5;532617
28/11/2022;16:00:00;3972;3976.25;3969.25;3975.75;22484
28/11/2022;20:00:00;3975.75;3984.5;3974;3983;31356
29/11/2022;00:00:00;3983;3990.25;3973.75;3977;72420
29/11/2022;04:00:00;3977;3984.25;3966;3971.75;89847
29/11/2022;08:00:00;3971.75;3981.75;3941.25;3958.25;689385
29/11/2022;12:00:00;3958.25;3969.5;3947.75;3962.25;538642
29/11/2022;16:00:00;3962.25;3967.75;3956.5;3965.25;23031
29/11/2022;20:00:00;3965;3970;3963.5;3965.25;17846
30/11/2022;00:00:00;3965.25;3977.75;3965;3970;55850
30/11/2022;04:00:00;3970;3980;3958.25;3958.75;94263
30/11/2022;08:00:00;3958.5;3970.5;3942.75;3950.25;641731
30/11/2022;12:00:00;3950;4093.5;3948.5;4093;1518258
30/11/2022;16:00:00;4094.5;4096;4084.25;4085.25;54250
30/11/2022;20:00:00;4085.25;4094.75;4080.5;4091.5;41809
01/12/2022;00:00:00;4091.75;4093;4072;4077.5;83158
01/12/2022;04:00:00;4077.75;4104.75;4074.75;4094.75;144010
01/12/2022;08:00:00;4094.75;4110;4054.5;4080.5;892164
01/12/2022;12:00:00;4080.5;4092.5;4070.25;4077.5;545160
01/12/2022;16:00:00;4077.5;4080;4065.75;4067;24856
01/12/2022;20:00:00;4067;4075.75;4066.5;4075.25;27652
02/12/2022;00:00:00;4075.25;4082.5;4072.25;4082.5;48654
02/12/2022;04:00:00;4082.25;4084.5;4006.75;4026;232435
02/12/2022;08:00:00;4026;4070;4012.25;4054.5;905174
02/12/2022;12:00:00;4054.5;4085.5;4050;4066.75;530205
04/12/2022;16:00:00;4074;4075.75;4065.5;4068;28161
04/12/2022;20:00:00;4068;4072.5;4067.5;4071;14570
05/12/2022;00:00:00;4071;4072;4053.25;4060.75;60022
05/12/2022;04:00:00;4060.75;4064;4044;4046.25;72984
05/12/2022;08:00:00;4046.25;4055.5;4008.25;4009.25;668988
05/12/2022;12:00:00;4009.25;4015.25;3987.25;4006.25;577414
05/12/2022;16:00:00;4005.75;4014.75;4003.75;4011;26874
05/12/2022;20:00:00;4010.75;4014.5;4002.5;4006;27326
06/12/2022;00:00:00;4006;4014;3997.5;4004.75;58329
06/12/2022;04:00:00;4004.5;4011.25;3994.75;4003;103320
06/12/2022;08:00:00;4003;4006;3943.25;3945.75;815327
06/12/2022;12:00:00;3945.75;3948.75;3921.5;3945;741043
06/12/2022;16:00:00;3944.5;3953.5;3943.5;3951.75;27187
06/12/2022;20:00:00;3951.5;3954;3948;3948.75;23090
07/12/2022;00:00:00;3949;3950.5;3933.75;3936.5;69896
07/12/2022;04:00:00;3936.75;3940.25;3914;3933;141163
07/12/2022;08:00:00;3933.25;3961.5;3924.25;3942;925462
07/12/2022;12:00:00;3942;3951;3925.5;3934.5;471548
07/12/2022;16:00:00;3935.75;3938.75;3916;3923;30525
07/12/2022;20:00:00;3923;3935;3922.25;3934.5;23646
08/12/2022;00:00:00;3934.75;3947.5;3932.5;3941.25;53903
08/12/2022;04:00:00;3941.25;3965.75;3937.5;3958.75;96180
08/12/2022;08:00:00;3958.5;3977.25;3937.75;3962;693708
08/12/2022;12:00:00;3962.25;3976.5;3948.5;3964.25;583650
08/12/2022;16:00:00;3964.75;3970;3960.25;3970;15964
08/12/2022;20:00:00;3970;3976.5;3968.5;3974.25;17841
09/12/2022;00:00:00;3974.25;3982.75;3970.25;3971.75;36487
09/12/2022;04:00:00;3971.75;3990;3930;3957.25;130949
09/12/2022;08:00:00;3957.25;3979.5;3944;3968.75;546328
09/12/2022;12:00:00;3968.75;3968.75;3931;3931.5;355039
11/12/2022;16:00:00;3933;3937.5;3924.5;3927;17113
11/12/2022;20:00:00;3927;3934.5;3924.5;3933.5;8123
12/12/2022;00:00:00;3933;3943.5;3930;3942.75;21011
12/12/2022;04:00:00;3942.75;3951.5;3942;3945;32306
12/12/2022;08:00:00;3945.25;3962.5;3937;3960.5;217760
12/12/2022;12:00:00;3960.25;3992.75;3954;3986.75;221844
12/12/2022;16:00:00;3989.25;3993;3985.5;3986.5;9556
12/12/2022;20:00:00;3986.25;3997.75;3985;3996.5;9979
13/12/2022;00:00:00;3996.5;4039;3996;4032.75;48170
13/12/2022;04:00:00;4033;4180;4028.75;4143;275165
13/12/2022;08:00:00;4143;4154;4026.25;4035.5;1152301
13/12/2022;12:00:00;4035.75;4068.25;4033;4053.5;569867
13/12/2022;16:00:00;4054.5;4067.25;4052.25;4066;25546
13/12/2022;20:00:00;4066;4072.5;4062;4068;20050
14/12/2022;00:00:00;4068;4070.75;4050;4055.25;45493
14/12/2022;04:00:00;4055.25;4063;4044.5;4053.5;70415
14/12/2022;08:00:00;4053;4086.5;4048.25;4071.5;469120
14/12/2022;12:00:00;4071.75;4090.75;3997;4038.25;951155
14/12/2022;16:00:00;4037;4043;4030.75;4032.5;32633
14/12/2022;20:00:00;4032.5;4035;4025;4034.25;24783
15/12/2022;00:00:00;4034;4035.75;3981.75;3989.5;98470
15/12/2022;04:00:00;3989.5;3996.5;3969.25;3978.25;141496
15/12/2022;08:00:00;3978.5;3985.25;3915.5;3918.25;927781
15/12/2022;12:00:00;3918.5;3938.75;3908;3922.25;716827
15/12/2022;16:00:00;3920;3929.5;3920;3927.25;24607
15/12/2022;20:00:00;3927.25;3934.5;3919;3928.25;25831
16/12/2022;00:00:00;3928.25;3932.5;3878.75;3886.75;96991
16/12/2022;04:00:00;3886.5;3897.25;3871.25;3888.25;138439
16/12/2022;08:00:00;3888.25;3912.5;3855.25;3857;851399
16/12/2022;12:00:00;3856.75;3895.5;3855.75;3872;685441
18/12/2022;16:00:00;3874;3889.25;3872.75;3886;35140
18/12/2022;20:00:00;3886;3887.5;3876;3880.5;17422
19/12/2022;00:00:00;3880.5;3898.75;3880;3889.5;44178
19/12/2022;04:00:00;3889.75;3899;3878.75;3879.25;56308
19/12/2022;08:00:00;3879.5;3883.75;3848.75;3858.75;584513
19/12/2022;12:00:00;3859;3862.5;3827.25;3841.75;590812
19/12/2022;16:00:00;3842.75;3854.75;3842;3853.75;22924
19/12/2022;20:00:00;3854;3854.75;3803.5;3812.75;104860
20/12/2022;00:00:00;3812.75;3846.25;3810.25;3843.25;82231
20/12/2022;04:00:00;3843;3849;3832.25;3836.75;81535
20/12/2022;08:00:00;3836.5;3865.75;3822.25;3855.5;738085
20/12/2022;12:00:00;3855.5;3866.5;3844.75;3853.5;457523
20/12/2022;16:00:00;3857.25;3876;3855.5;3872.5;38819
20/12/2022;20:00:00;3872.5;3874.75;3860.5;3866.75;22230
21/12/2022;00:00:00;3866.75;3876.5;3857.5;3875.5;42596
21/12/2022;04:00:00;3875.5;3884.25;3862.5;3881;95441
21/12/2022;08:00:00;3880.75;3917.5;3870.5;3908.25;685921
21/12/2022;12:00:00;3908.25;3918.75;3896.5;3914;580616
21/12/2022;16:00:00;3915;3917;3907.25;3915.75;24397
21/12/2022;20:00:00;3916;3919.75;3914.5;3916.75;16891
22/12/2022;00:00:00;3917;3919.5;3905.75;3906.25;37353
22/12/2022;04:00:00;3906.25;3906.5;3870;3873.5;98655
22/12/2022;08:00:00;3873.5;3875.5;3802;3806.25;755263
22/12/2022;12:00:00;3806.5;3856.75;3788.5;3847.75;820450
22/12/2022;16:00:00;3850;3854.5;3837.75;3853.5;29196
22/12/2022;20:00:00;3853.25;3859;3850.5;3852;21725
23/12/2022;00:00:00;3852.25;3855.5;3845;3850.75;31845
23/12/2022;04:00:00;3850.75;3871.5;3830.5;3849;141517
23/12/2022;08:00:00;3848.75;3870;3821.25;3860;710271
23/12/2022;12:00:00;3860;3872.5;3851.75;3868.25;398173
26/12/2022;16:00:00;3878;3899.5;3877;3898.75;27281
26/12/2022;20:00:00;3898.75;3900.5;3892.25;3894.75;14016
27/12/2022;00:00:00;3894.75;3900.5;3887.75;3896.5;33639
27/12/2022;04:00:00;3896.5;3899.25;3871.25;3871.75;62783
27/12/2022;08:00:00;3871.75;3875.5;3837.25;3862;500466
27/12/2022;12:00:00;3862.25;3867.75;3845.75;3856;337248
27/12/2022;16:00:00;3858;3861;3850.75;3860.5;20263
27/12/2022;20:00:00;3860.25;3861.5;3854.5;3855.25;15799
28/12/2022;00:00:00;3855.5;3869.5;3852;3857.5;32454
28/12/2022;04:00:00;3857.75;3868.25;3855.5;3858;46111
28/12/2022;08:00:00;3857.75;3875;3813.25;3833.5;602955
28/12/2022;12:00:00;3833.75;3843;3804.5;3810.25;485975
28/12/2022;16:00:00;3811;3814.5;3806.25;3808.75;19923
28/12/2022;20:00:00;3808.75;3812.75;3806.5;3809.5;18132
29/12/2022;00:00:00;3809.75;3823;3807.75;3821.25;32432
29/12/2022;04:00:00;3821;3839.75;3817.75;3835.25;61216
29/12/2022;08:00:00;3835;3881.5;3829;3877;574832
29/12/2022;12:00:00;3877;3882.75;3868;3869.25;382488
29/12/2022;16:00:00;3869.75;3871;3862;3864.75;17954
29/12/2022;20:00:00;3864.75;3870;3861.5;3863.25;15922
30/12/2022;00:00:00;3863.5;3863.75;3848.5;3857.25;41959
30/12/2022;04:00:00;3857.5;3864;3843;3847.5;63024
30/12/2022;08:00:00;3847.25;3854;3827.75;3847.5;515153
30/12/2022;12:00:00;3847.5;3868.5;3821.5;3868;641830
02/01/2023;16:00:00;3895;3900;3842.75;3853.25;71827
02/01/2023;20:00:00;3853.5;3873.75;3850.75;3871.5;37318
03/01/2023;00:00:00;3871.5;3906.25;3865.75;3906;98754
03/01/2023;04:00:00;3906;3906.75;3870.25;3884;171619
03/01/2023;08:00:00;3884.25;3901.5;3814.5;3822.5;805755
03/01/2023;12:00:00;3822.75;3849.25;3817.25;3843.25;530962
03/01/2023;16:00:00;3842.75;3853.75;3839.25;3852.25;24747
03/01/2023;20:00:00;3852;3854.5;3845;3852;27785
04/01/2023;00:00:00;3852;3866.25;3847.25;3860.5;72869
04/01/2023;04:00:00;3860.75;3870;3850.75;3866.25;90194
04/01/2023;08:00:00;3866.25;3896.25;3836.5;3880.5;877431
04/01/2023;12:00:00;3880.75;3893.25;3848;3871.25;765950
04/01/2023;16:00:00;3871;3875.75;3868.5;3870.75;29306
04/01/2023;20:00:00;3870.75;3874.5;3857.25;3872.25;36523
05/01/2023;00:00:00;3872.25;3874;3856.25;3871.75;48702
05/01/2023;04:00:00;3871.75;3885.5;3849.25;3853;122663
05/01/2023;08:00:00;3852.75;3853.5;3822.5;3828.75;795201
05/01/2023;12:00:00;3829;3852.5;3823.75;3832.75;603254
05/01/2023;16:00:00;3833;3844.75;3831.5;3844;22582
05/01/2023;20:00:00;3844;3849;3840;3841.25;30678
06/01/2023;00:00:00;3841.25;3845;3824;3829.75;51304
06/01/2023;04:00:00;3829.75;3876.25;3819;3873;198619
06/01/2023;08:00:00;3872.75;3903.25;3829;3890;999732
06/01/2023;12:00:00;3890;3928.75;3887.75;3913.75;635030
08/01/2023;16:00:00;3918.5;3927;3918;3921.5;29066
08/01/2023;20:00:00;3921.5;3931;3921;3928.5;21924
09/01/2023;00:00:00;3928.5;3933.5;3916.5;3929.5;57196
09/01/2023;04:00:00;3929.5;3938.5;3926;3932.5;96430
09/01/2023;08:00:00;3932.5;3973.25;3928.5;3959.25;780849
09/01/2023;12:00:00;3959.25;3960.75;3909.75;3913.5;663416
09/01/2023;16:00:00;3914.5;3915;3902.75;3912;25260
09/01/2023;20:00:00;3912;3912.5;3897.5;3907.5;31583
10/01/2023;00:00:00;3907.5;3915.75;3902.25;3911.5;55795
10/01/2023;04:00:00;3911.75;3914.75;3891.5;3900.75;88172
10/01/2023;08:00:00;3900.75;3935;3897;3922.5;854453
10/01/2023;12:00:00;3922.5;3943.75;3920;3941.25;422363
10/01/2023;16:00:00;3941;3947;3938.75;3943.25;17880
10/01/2023;20:00:00;3943.25;3946.25;3939.25;3942.75;15651
11/01/2023;00:00:00;3942.75;3951.25;3934.5;3948;49903
11/01/2023;04:00:00;3948;3957.75;3942.25;3957;82031
11/01/2023;08:00:00;3956.75;3971.5;3948.75;3967;639091
11/01/2023;12:00:00;3967;3992.5;3964.25;3992.25;529305
11/01/2023;16:00:00;3991.75;3992.25;3985.25;3989.75;21353
11/01/2023;20:00:00;3989.75;3995.75;3988;3993.5;18109
12/01/2023;00:00:00;3993.5;3994.5;3985;3990.75;47838
12/01/2023;04:00:00;3990.5;4019.75;3954;4013.75;299433
12/01/2023;08:00:00;4013.75;4021.5;3957.25;4011;1071485
12/01/2023;12:00:00;4011;4018.5;3988.75;4002.75;585332
12/01/2023;16:00:00;4003;4008.25;3995.5;3997.75;23705
12/01/2023;20:00:00;3997.5;3997.5;3990.75;3994.5;22734
13/01/2023;00:00:00;3994.25;4005.25;3993.25;4003.5;54430
13/01/2023;04:00:00;4003.75;4005.75;3961.75;3966.5;152687
13/01/2023;08:00:00;3966.75;4001.25;3962;3999.75;692106
13/01/2023;12:00:00;4000;4024.25;3993.75;4019;465393
15/01/2023;16:00:00;4020;4028.25;4011.5;4026.75;23325
15/01/2023;20:00:00;4026.75;4027.25;4019.5;4020.5;13089
16/01/2023;00:00:00;4020.5;4020.75;3996.75;3998;35842
16/01/2023;04:00:00;3998;4016.5;3998;4015;33076
16/01/2023;08:00:00;4015;4020.5;4008.25;4009.75;42408
16/01/2023;16:00:00;4010;4017.5;4007.25;4008.25;19003
16/01/2023;20:00:00;4008.25;4012;4002.5;4004.75;18085
17/01/2023;00:00:00;4004.5;4010.75;4000.5;4006;40512
17/01/2023;04:00:00;4005.75;4014;4002.25;4007.75;72323
17/01/2023;08:00:00;4007.75;4035.25;4002.75;4013.75;690747
17/01/2023;12:00:00;4013.75;4021.25;4004;4009;386790
17/01/2023;16:00:00;4008.5;4008.75;3996.25;4002.25;24037
17/01/2023;20:00:00;4002;4029.5;3999.75;4013.75;63086
18/01/2023;00:00:00;4013.5;4020.5;4007.75;4012.5;47263
18/01/2023;04:00:00;4012.5;4032.75;4009;4023.75;121554
18/01/2023;08:00:00;4024;4033.5;3963.5;3965;954534
18/01/2023;12:00:00;3965;3971.75;3943.75;3945.75;625281
18/01/2023;16:00:00;3945.25;3948.75;3939;3939.5;28059
18/01/2023;20:00:00;3939.5;3945.25;3937.25;3938.75;31465
19/01/2023;00:00:00;3938.75;3944.5;3927.25;3928.5;72766
19/01/2023;04:00:00;3929;3932.5;3906.75;3918;157805
19/01/2023;08:00:00;3917.75;3933.75;3901.75;3915.25;850207
19/01/2023;12:00:00;3915;3940.25;3914.5;3920.25;695089
19/01/2023;16:00:00;3925;3926;3917.5;3925;23137
19/01/2023;20:00:00;3925.25;3926.25;3920.75;3925.75;16429
20/01/2023;00:00:00;3925.75;3933;3915;3917.25;52136
20/01/2023;04:00:00;3917.25;3931;3911.75;3919.75;84791
20/01/2023;08:00:00;3919.75;3954.25;3912.25;3947.75;644692
20/01/2023;12:00:00;3948;3990.5;3940.25;3988;706839
22/01/2023;16:00:00;3987;3990;3980.75;3985;25845
22/01/2023;20:00:00;3985;3987.75;3983;3985.5;14348
23/01/2023;00:00:00;3985.5;3995;3982.5;3987;46599
23/01/2023;04:00:00;3987;4000;3980.25;3994.75;78468
23/01/2023;08:00:00;3994.75;4051;3986.25;4045;775461
23/01/2023;12:00:00;4045;4056.75;4016.75;4037;590228
23/01/2023;16:00:00;4036.5;4037.5;4031;4036;13638
23/01/2023;20:00:00;4036;4041.5;4034.25;4037;12809
24/01/2023;00:00:00;4036.75;4038;4028.25;4029.75;42852
24/01/2023;04:00:00;4029.75;4031;4013;4016.5;85989
24/01/2023;08:00:00;4016.25;4037;4005.25;4029.5;772651
24/01/2023;12:00:00;4029.75;4047.5;4022;4038.75;503575
24/01/2023;16:00:00;4039;4040.5;4010.25;4012;52150
24/01/2023;20:00:00;4011.75;4019.25;4011.5;4015;18036
25/01/2023;00:00:00;4015;4023.25;4004;4004.5;47290
25/01/2023;04:00:00;4004.5;4006.75;3987.5;3989.25;97153
25/01/2023;08:00:00;3989;4005.75;3963.25;4000.5;897293
25/01/2023;12:00:00;4000.5;4039.5;3999.25;4029.5;591022
25/01/2023;16:00:00;4031;4040;4028.25;4034.75;25106
25/01/2023;20:00:00;4034.5;4043.25;4034;4041.75;15981
26/01/2023;00:00:00;4041.75;4049.25;4034.25;4035.5;52395
26/01/2023;04:00:00;4035.5;4058.75;4035.25;4055;106417
26/01/2023;08:00:00;4055.25;4068.25;4027.25;4049;857354
26/01/2023;12:00:00;4049.25;4077;4043.25;4067.75;505418
26/01/2023;16:00:00;4065;4067;4061.5;4062.75;18683
26/01/2023;20:00:00;4062.75;4066.25;4061.25;4065;13729
27/01/2023;00:00:00;4065;4065.5;4057.25;4063.25;42849
27/01/2023;04:00:00;4063.25;4070.25;4058.5;4060.25;87901
27/01/2023;08:00:00;4060.25;4095;4058.5;4091.75;763331
27/01/2023;12:00:00;4091.75;4109.25;4081.25;4084;599550
29/01/2023;16:00:00;4077;4086;4074;4075;30867
29/01/2023;20:00:00;4075.25;4077;4067.25;4069.75;27738
30/01/2023;00:00:00;4069.5;4072;4044;4049;82923
30/01/2023;04:00:00;4049.25;4054;4040;4052.5;102217
30/01/2023;08:00:00;4052.5;4078;4045.5;4047;778146
30/01/2023;12:00:00;4047.25;4057.5;4029.5;4039.75;708811
30/01/2023;16:00:00;4039.25;4044;4035.5;4040.25;22194
30/01/2023;20:00:00;4040;4042;4026.75;4027.5;31538
31/01/2023;00:00:00;4027.75;4041.5;4017.75;4020.5;66958
31/01/2023;04:00:00;4020.5;4048.5;4007.5;4043.25;165158
31/01/2023;08:00:00;4043.5;4065;4033.25;4063;736762
31/01/2023;12:00:00;4063.25;4091.25;4059;4085.75;681153
31/01/2023;16:00:00;4085.75;4086;4075.25;4078;27992
31/01/2023;20:00:00;4078;4082.5;4075.75;4080;18939
01/02/2023;00:00:00;4079.75;4084.5;4073.5;4074.75;48084
01/02/2023;04:00:00;4074.75;4085.25;4071;4075.75;98658
01/02/2023;08:00:00;4076;4089.75;4063;4067;587676
01/02/2023;12:00:00;4066.75;4163.25;4048.5;4142.5;1156295
01/02/2023;16:00:00;4145.5;4154.25;4139.5;4143.75;46003
01/02/2023;20:00:00;4144;4149;4136.75;4145.25;27842
02/02/2023;00:00:00;4145.25;4161;4142.75;4153.5;82656
02/02/2023;04:00:00;4153.75;4173.5;4144.75;4171.25;134187
02/02/2023;08:00:00;4171.5;4196.75;4153.25;4192;909563
02/02/2023;12:00:00;4192;4208.5;4154.25;4164.75;1017515
02/02/2023;16:00:00;4176;4177.75;4163.25;4170.5;38329
02/02/2023;20:00:00;4170.5;4173;4164;4169;29233
03/02/2023;00:00:00;4168.75;4171.5;4152.75;4158.5;66025
03/02/2023;04:00:00;4158.25;4174.5;4135.25;4143.25;243061
03/02/2023;08:00:00;4143;4194;4132.5;4165.5;1088285
03/02/2023;12:00:00;4165.25;4166.75;4135;4146;794707
05/02/2023;16:00:00;4134.25;4143;4130.25;4139.25;47362
05/02/2023;20:00:00;4139.25;4140.25;4127.75;4133.25;30980
06/02/2023;00:00:00;4133.25;4134.75;4113.25;4113.75;71012
06/02/2023;04:00:00;4113.5;4124.5;4106.25;4116.75;104003
06/02/2023;08:00:00;4116.5;4136.5;4104;4122.75;786591
06/02/2023;12:00:00;4122.5;4134;4110.75;4123.25;474330
06/02/2023;16:00:00;4123.5;4136.25;4123.25;4135.5;19901
06/02/2023;20:00:00;4135.5;4135.75;4126.5;4129.25;20414
07/02/2023;00:00:00;4129.25;4133.25;4113;4131;56117
07/02/2023;04:00:00;4130.75;4133.25;4115;4117.5;84652
07/02/2023;08:00:00;4117.25;4175;4106;4166.5;775871
07/02/2023;12:00:00;4166.75;4188.25;4098.25;4166.25;1166034
07/02/2023;16:00:00;4167.25;4173.25;4165.75;4169.75;25742
07/02/2023;20:00:00;4169.5;4179.25;4169.25;4178.25;17605
08/02/2023;00:00:00;4178.25;4178.75;4157.5;4166;55734
08/02/2023;04:00:00;4166;4166.75;4153.25;4155.75;88673
08/02/2023;08:00:00;4156;4168;4123.5;4141;909828
08/02/2023;12:00:00;4141;4148.25;4121.25;4132.5;635970
08/02/2023;16:00:00;4132.25;4139.25;4128;4137.75;17874
08/02/2023;20:00:00;4137.75;4146.5;4132.5;4142.75;27198
09/02/2023;00:00:00;4142.75;4167.75;4140.75;4167.5;63113
09/02/2023;04:00:00;4167.75;4170.25;4155.75;4165.5;87382
09/02/2023;08:00:00;4165.5;4166.75;4113.5;4122;831947
09/02/2023;12:00:00;4121.75;4125.75;4078.25;4097.75;748710
09/02/2023;16:00:00;4098;4098.25;4087.25;4093;27524
09/02/2023;20:00:00;4093.25;4093.5;4081.25;4087.5;24373
10/02/2023;00:00:00;4087.5;4098;4076.75;4077.5;82523
10/02/2023;04:00:00;4077.75;4081.75;4060.75;4072;146522
10/02/2023;08:00:00;4071.75;4100.75;4069.75;4089;883674
10/02/2023;12:00:00;4089;4104.25;4082;4099.5;533042
12/02/2023;16:00:00;4105;4107;4078.75;4083.75;31673
12/02/2023;20:00:00;4084;4090.75;4081.25;4086.5;21753
13/02/2023;00:00:00;4086.5;4104;4086;4099.5;48675
13/02/2023;04:00:00;4099.75;4115;4096.25;4102.75;68598
13/02/2023;08:00:00;4102.75;4145.5;4101.5;4141.5;629367
13/02/2023;12:00:00;4141.5;4150.75;4130.5;4149.5;518663
13/02/2023;16:00:00;4149.75;4149.75;4142;4143.75;17119
13/02/2023;20:00:00;4143.75;4145.25;4140.25;4143;14589
14/02/2023;00:00:00;4143;4156.5;4142.25;4152.5;47213
14/02/2023;04:00:00;4152.5;4186.5;4132;4145.5;265064
14/02/2023;08:00:00;4145.5;4170;4103.75;4129.5;1287372
14/02/2023;12:00:00;4129.5;4156.25;4128.5;4141;685882
14/02/2023;16:00:00;4141.25;4142.25;4131.75;4132;20449
14/02/2023;20:00:00;4132;4132.5;4123.25;4127.5;23531
15/02/2023;00:00:00;4127.75;4134.75;4120;4131.5;59026
15/02/2023;04:00:00;4131.5;4141.75;4116;4128.5;131145
15/02/2023;08:00:00;4128.5;4146.5;4113;4133.5;845903
15/02/2023;12:00:00;4133.75;4161.75;4130.25;4159.5;486307
15/02/2023;16:00:00;4159;4167.5;4155.75;4165.5;22833
15/02/2023;20:00:00;4165.5;4168.25;4162.75;4164.25;18016
16/02/2023;00:00:00;4164.25;4168.5;4156.25;4156.25;49964
16/02/2023;04:00:00;4156.5;4159.5;4106.75;4113.75;178353
16/02/2023;08:00:00;4113.5;4145.5;4098.25;4137.75;980628
16/02/2023;12:00:00;4138;4145.5;4095;4095.75;740897
16/02/2023;16:00:00;4095.5;4096;4085.25;4088.5;36841
16/02/2023;20:00:00;4088.5;4088.5;4078.75;4080;28578
17/02/2023;00:00:00;4080.25;4083.5;4063.25;4075.25;88047
17/02/2023;04:00:00;4075.5;4079.5;4065.5;4077.25;117585
17/02/2023;08:00:00;4077;4087.75;4055.75;4059.75;1036513
17/02/2023;12:00:00;4060;4090.5;4057.75;4085.75;632497
19/02/2023;16:00:00;4083;4085.75;4075.5;4082.5;19055
19/02/2023;20:00:00;4082.5;4089.25;4082;4087.75;13987
20/02/2023;00:00:00;4087.75;4089;4075.25;4077.25;24809
20/02/2023;04:00:00;4077.25;4084.75;4075.25;4084;24280
20/02/2023;08:00:00;4084;4084.25;4073.25;4075.75;35102
20/02/2023;16:00:00;4076;4077.75;4067.25;4071.75;24717
20/02/2023;20:00:00;4071.75;4073;4068.25;4072;17144
21/02/2023;00:00:00;4072;4073;4047.75;4064.25;99541
21/02/2023;04:00:00;4064.25;4065.75;4047.75;4048.75;96800
21/02/2023;08:00:00;4048.75;4056.25;4015.5;4023.25;825351
21/02/2023;12:00:00;4023.25;4024;4002;4007.75;641842
21/02/2023;16:00:00;4007.5;4014.75;4005.25;4012.75;24768
21/02/2023;20:00:00;4012.5;4016;4011.25;4012.75;18699
22/02/2023;00:00:00;4012.5;4016.25;3998.75;4008.75;83744
22/02/2023;04:00:00;4008.75;4020.75;3995.5;4013.5;137371
22/02/2023;08:00:00;4013.25;4019.25;3990;4015;768200
22/02/2023;12:00:00;4015;4025;3983.75;4008.5;841616
22/02/2023;16:00:00;4010;4016.5;4005;4016.5;24306
22/02/2023;20:00:00;4016.5;4019;4014.75;4016;20009
23/02/2023;00:00:00;4016;4023.25;4009.25;4015.25;63954
23/02/2023;04:00:00;4015.5;4024.5;4010.75;4018;125984
23/02/2023;08:00:00;4018;4034.25;3974.25;3987.5;1006171
23/02/2023;12:00:00;3987.75;4028.5;3982;4015.25;654067
23/02/2023;16:00:00;4015.25;4023.25;4011;4015.5;32253
23/02/2023;20:00:00;4015.5;4019;4013.25;4015.25;18605
24/02/2023;00:00:00;4015.25;4017;4005.25;4005.75;47533
24/02/2023;04:00:00;4005.75;4008;3962.75;3967.5;195270
24/02/2023;08:00:00;3967.5;3978.5;3947.5;3957.5;998205
24/02/2023;12:00:00;3957.75;3984;3954;3974.5;684418
26/02/2023;16:00:00;3976.5;3986.25;3973;3984.75;27985
26/02/2023;20:00:00;3984.75;3986.75;3975;3976.25;21673
27/02/2023;00:00:00;3976.5;3996.75;3975.25;3993;59769
27/02/2023;04:00:00;3993;4014.5;3991.25;4010.5;105037
27/02/2023;08:00:00;4010.5;4024.75;3986.5;3998.25;842745
27/02/2023;12:00:00;3998.5;4006.5;3978.5;3991.5;526611
27/02/2023;16:00:00;3991.5;3998;3990.25;3995.75;20055
27/02/2023;20:00:00;3995.5;3997;3987.25;3987.5;20562
28/02/2023;00:00:00;3987.75;3991.5;3972.25;3982.5;68073
28/02/2023;04:00:00;3982.75;4003.75;3982.5;3995.25;114346
28/02/2023;08:00:00;3995.5;4001;3975;3999;802166
28/02/2023;12:00:00;3998.75;4003.5;3965;3969.5;744887
28/02/2023;16:00:00;3968.5;3970.5;3956;3969.75;50415
28/02/2023;20:00:00;3969.5;3978.25;3968.5;3976.25;33220
01/03/2023;00:00:00;3976.5;3989.75;3976.25;3985;80557
01/03/2023;04:00:00;3985.25;3991;3963.5;3964;116169
01/03/2023;08:00:00;3964.25;3976.5;3943;3965.5;1124736
01/03/2023;12:00:00;3965.75;3966;3945.75;3961;567677
01/03/2023;16:00:00;3959.75;3965.5;3932;3938.25;67036
01/03/2023;20:00:00;3938.25;3946.75;3935;3936.75;43633
02/03/2023;00:00:00;3936.75;3940.5;3925;3933;87702
02/03/2023;04:00:00;3933;3947.75;3927;3932.75;122425
02/03/2023;08:00:00;3932.5;3954.5;3931;3952;737360
02/03/2023;12:00:00;3952;3995.25;3948;3983;719565
02/03/2023;16:00:00;3983;3984.25;3974.5;3975.25;33426
02/03/2023;20:00:00;3975.25;3980.75;3974;3979.5;20472
03/03/2023;00:00:00;3979.25;3992.25;3975.25;3989.25;56718
03/03/2023;04:00:00;3989.5;4007;3989.5;4006.75;96829
03/03/2023;08:00:00;4006.5;4038.25;3998;4037.5;809819
03/03/2023;12:00:00;4037.75;4053;4034;4052.5;543185
05/03/2023;16:00:00;4049.25;4050.75;4041.75;4049.25;34057
05/03/2023;20:00:00;4049;4062.5;4047.25;4055.75;38131
06/03/2023;00:00:00;4055.5;4058.25;4047.25;4049;59438
06/03/2023;04:00:00;4049;4064;4043.5;4059;106999
06/03/2023;08:00:00;4059;4082.5;4055.25;4066;706577
06/03/2023;12:00:00;4066;4066.75;4048;4053.75;531164
06/03/2023;16:00:00;4053.75;4061.75;4051.25;4061.5;20799
06/03/2023;20:00:00;4061.5;4063.75;4058;4059.75;23241
07/03/2023;00:00:00;4059.75;4064.5;4054.25;4058;48586
07/03/2023;04:00:00;4058;4062.5;4054.5;4056;63029
07/03/2023;08:00:00;4056;4056.25;4004.25;4010;1215856
07/03/2023;12:00:00;4010;4010.75;3982.5;3989.75;663003
07/03/2023;16:00:00;3990;3993.25;3985.5;3989.75;30136
07/03/2023;20:00:00;3989.5;3991.5;3984;3987.75;30983
08/03/2023;00:00:00;3988;3996.25;3987;3993.75;60050
08/03/2023;04:00:00;3994;4000.75;3982.25;3991;140334
08/03/2023;08:00:00;3990.75;4003.25;3974.25;3985.5;924419
08/03/2023;12:00:00;3985.5;3998.25;3971.5;3998.25;563376
08/03/2023;16:00:00;3997;3997.75;3985;3985.75;37024
08/03/2023;20:00:00;3985.5;3993;3985;3991.5;21710
09/03/2023;00:00:00;3991.75;3993.5;3979;3979.75;60208
09/03/2023;04:00:00;3979.75;4002.25;3978.75;4001.75;131209
09/03/2023;08:00:00;4001.5;4019.75;3981.5;3983.75;916612
09/03/2023;12:00:00;3983.75;3987;3909.5;3919;1143562
09/03/2023;16:00:00;3919;3919.25;3900.25;3903.5;58624
09/03/2023;20:00:00;3903.5;3905.25;3887;3891.25;81471
10/03/2023;00:00:00;3891.25;3911.5;3884.25;3903.75;120420
10/03/2023;04:00:00;3903.5;3941.75;3892.5;3929.5;270502
10/03/2023;08:00:00;3929.5;3934.75;3878.5;3881.5;1123203
10/03/2023;12:00:00;3881.5;3887.5;3846.25;3879;920763
12/03/2023;16:00:00;3887.75;3927.75;3859;3912.75;167757
12/03/2023;20:00:00;3912.5;3935;3902.5;3928;51379
13/03/2023;00:00:00;3927.75;3938.75;3883;3884;77326
13/03/2023;04:00:00;3884.25;3896.5;3808.75;3834.75;291645
13/03/2023;08:00:00;3834.75;3908;3810;3869.75;699704
13/03/2023;12:00:00;3869.75;3899.5;3854.5;3863;315249
13/03/2023;16:00:00;3865.75;3872;3858.5;3867;17249
13/03/2023;20:00:00;3867;3880;3864.5;3876.5;18311
14/03/2023;00:00:00;3876.5;3912;3876.25;3911.5;88381
14/03/2023;04:00:00;3911.25;3939.5;3885;3933.75;244435
14/03/2023;08:00:00;3933.5;3972.5;3931;3950.75;904810
14/03/2023;12:00:00;3951;3957.5;3905.5;3955;905684
14/03/2023;16:00:00;3953.75;3954.75;3947;3949.75;27512
14/03/2023;20:00:00;3949.5;3964;3948.75;3958;32395
15/03/2023;00:00:00;3958;3962.25;3946.25;3947.5;62422
15/03/2023;04:00:00;3947.5;3948.5;3865;3877.25;379291
15/03/2023;08:00:00;3877.25;3909.75;3869.5;3874;1140220
15/03/2023;12:00:00;3874;3931.25;3870.5;3925.5;982254
15/03/2023;16:00:00;3924.75;3944.25;3920.25;3944;50333
15/03/2023;20:00:00;3943.75;3947.5;3933.75;3943.75;58195
16/03/2023;00:00:00;3943.75;3944;3922.75;3926.25;88838
16/03/2023;04:00:00;3926;3928.5;3908;3912.25;159553
16/03/2023;08:00:00;3912.25;3989.5;3895;3987;1176404
16/03/2023;12:00:00;3987.25;4000;3971;3996.25;720941
16/03/2023;16:00:00;3995;3997.75;3987.75;3989;28379
16/03/2023;20:00:00;3989;3999;3988.5;3998;24911
17/03/2023;00:00:00;3998;4009.25;3993.25;3999.25;65978
17/03/2023;04:00:00;3999.25;4006;3956.75;3963.5;180657
17/03/2023;08:00:00;3963.5;3992.5;3933;3951.25;1088170
17/03/2023;12:00:00;3951.25;3964;3932.5;3947.75;693624
19/03/2023;16:00:00;3963.75;3978.25;3952.5;3975.25;76477
19/03/2023;20:00:00;3975;3975;3943.5;3947.5;56391
20/03/2023;00:00:00;3947.5;3951.25;3897.25;3929;163398
20/03/2023;04:00:00;3929.25;3965.75;3925;3959.75;175078
20/03/2023;08:00:00;3959.75;3989.5;3946.75;3976.25;816491
20/03/2023;12:00:00;3976.5;3989;3966.75;3987.5;457876
20/03/2023;16:00:00;3986.5;3998;3981.75;3989.25;30551
20/03/2023;20:00:00;3989.5;3993.5;3983.5;3986;23773
21/03/2023;00:00:00;3986;3999;3984.75;3996;47123
21/03/2023;04:00:00;3996;4019.75;3994.25;4017;113143
21/03/2023;08:00:00;4017;4031.5;4003.5;4012.25;711972
21/03/2023;12:00:00;4012.5;4043.25;4009.5;4039;515948
21/03/2023;16:00:00;4038.75;4038.75;4032.75;4034.5;16150
21/03/2023;20:00:00;4035;4040.5;4033;4039.5;21327
22/03/2023;00:00:00;4039.5;4040;4022.75;4027.25;45124
22/03/2023;04:00:00;4027.25;4041.75;4025.25;4035.75;67220
22/03/2023;08:00:00;4035.75;4047.5;4026.5;4027.5;430150
22/03/2023;12:00:00;4027.75;4073.75;3966.25;3971.75;1152972
22/03/2023;16:00:00;3972.75;3979;3970.75;3976;27744
22/03/2023;20:00:00;3976;3991.25;3975.5;3990.25;35640
23/03/2023;00:00:00;3990;4001.25;3987.75;3998;71998
23/03/2023;04:00:00;3998.25;3998.75;3977.25;3988.75;105508
23/03/2023;08:00:00;3988.75;4039.5;3982.5;4014;792712
23/03/2023;12:00:00;4014.25;4017.5;3948.5;3987.5;1124506
23/03/2023;16:00:00;3988.75;3991;3978.25;3980.75;25590
23/03/2023;20:00:00;3980.75;3984;3971;3980.75;33416
24/03/2023;00:00:00;3980.75;3998.25;3961.25;3972.25;75164
24/03/2023;04:00:00;3972.5;3977.25;3937;3956;204825
24/03/2023;08:00:00;3955.75;3984.75;3937.5;3977.25;929089
24/03/2023;12:00:00;3977.5;4010.75;3971;4010.5;602198
26/03/2023;16:00:00;4008;4027.25;4006.5;4016.25;43235
26/03/2023;20:00:00;4016.25;4024.25;4011.5;4021.25;28048
27/03/2023;00:00:00;4021;4026.75;3997.5;4013.5;79159
27/03/2023;04:00:00;4013.5;4033.75;4010.75;4024.75;84839
27/03/2023;08:00:00;4025;4034.25;4000.25;4009;593297
27/03/2023;12:00:00;4009.25;4027.75;4003.5;4015;421175
27/03/2023;16:00:00;4013.5;4015.75;4010.25;4012.75;11279
27/03/2023;20:00:00;4012.75;4015.25;4008;4012.75;19537
28/03/2023;00:00:00;4012.75;4023.75;4005;4006.75;51971
28/03/2023;04:00:00;4006.5;4009.75;3997;3999.75;67581
28/03/2023;08:00:00;4000;4009.5;3989.75;3998;557363
28/03/2023;12:00:00;3998.25;4007.5;3980.75;4006.5;481327
28/03/2023;16:00:00;4006.5;4016.25;4006;4015.5;19831
28/03/2023;20:00:00;4015.5;4021.25;4015;4020.5;28539
29/03/2023;00:00:00;4020.75;4037.75;4019.75;4035.75;76078
29/03/2023;04:00:00;4035.5;4040.25;4031.5;4036;69103
29/03/2023;08:00:00;4036;4047.75;4032;4041.5;570898
29/03/2023;12:00:00;4041.75;4061.25;4037.25;4058;562006
29/03/2023;16:00:00;4058;4059.75;4052.5;4055.25;18926
29/03/2023;20:00:00;4055.25;4059.75;4053;4058;22459
30/03/2023;00:00:00;4058;4075;4057.25;4073.25;72488
30/03/2023;04:00:00;4073.25;4085.75;4071.75;4083.25;97729
30/03/2023;08:00:00;4083.25;4087.75;4064.5;4067.5;610074
30/03/2023;12:00:00;4067.75;4085.75;4061.25;4083;457965
30/03/2023;16:00:00;4081;4094.25;4078.25;4092.75;27871
30/03/2023;20:00:00;4092.75;4093.75;4089.25;4091.75;22894
31/03/2023;00:00:00;4091.75;4091.75;4078;4081.5;48419
31/03/2023;04:00:00;4081.75;4098.5;4081.25;4091;94069
31/03/2023;08:00:00;4091;4121.75;4088.5;4116.75;589759
31/03/2023;12:00:00;4117;4142.5;4111.5;4139.5;773045
02/04/2023;16:00:00;4127;4135;4122.75;4129.5;47848
02/04/2023;20:00:00;4129.5;4131.75;4123.25;4127.25;29004
03/04/2023;00:00:00;4127.25;4137.25;4123;4130.5;62559
03/04/2023;04:00:00;4130.75;4137.5;4127.25;4134;74534
03/04/2023;08:00:00;4134;4157.75;4127.75;4136.75;682465
03/04/2023;12:00:00;4136.75;4156.25;4133;4153.5;434709
03/04/2023;16:00:00;4152.5;4153.25;4148;4152;14205
03/04/2023;20:00:00;4152;4155;4147.5;4152.25;20394
04/04/2023;00:00:00;4152.5;4158.75;4148.5;4154.75;42668
04/04/2023;04:00:00;4154.75;4171.75;4154.75;4164.25;76537
04/04/2023;08:00:00;4164.5;4165;4115.25;4126.25;837249
04/04/2023;12:00:00;4126.5;4136;4117.5;4133;501316
04/04/2023;16:00:00;4134;4135.5;4131.5;4132.5;13843
04/04/2023;20:00:00;4132.5;4134.25;4128.5;4129.5;17360
05/04/2023;00:00:00;4129.75;4132;4117.75;4120;54957
05/04/2023;04:00:00;4119.75;4128.25;4117;4120.25;85445
05/04/2023;08:00:00;4120.25;4127.75;4099;4101.75;771273
05/04/2023;12:00:00;4102;4119.5;4100;4114.5;480907
05/04/2023;16:00:00;4113.75;4115.5;4109;4110.75;14985
05/04/2023;20:00:00;4110.75;4111;4106.25;4106.75;21347
06/04/2023;00:00:00;4106.75;4118.75;4105.25;4117;43598
06/04/2023;04:00:00;4116.75;4123.5;4107.75;4110.5;93074
06/04/2023;08:00:00;4110.5;4131.75;4096.5;4126.5;674198
06/04/2023;12:00:00;4126.25;4135.25;4124.5;4130.75;411832
06/04/2023;16:00:00;4129;4131.25;4126.75;4127.75;8699
06/04/2023;20:00:00;4127.75;4129.25;4126;4128.75;5990
07/04/2023;00:00:00;4128.75;4129.5;4124.5;4128.75;6909
07/04/2023;04:00:00;4128.75;4146.75;4121;4137.75;45737
07/04/2023;08:00:00;4137.5;4142.75;4137.25;4141.5;4296
09/04/2023;16:00:00;4139;4143;4131.25;4132.25;25965
09/04/2023;20:00:00;4132;4134.25;4129.5;4130.5;16160
10/04/2023;00:00:00;4130.75;4132;4126.75;4132;18168
10/04/2023;04:00:00;4132;4135;4106.75;4107.75;62281
10/04/2023;08:00:00;4107.5;4123.5;4098.75;4123.25;571398
10/04/2023;12:00:00;4123.25;4141.25;4122;4139.25;424246
10/04/2023;16:00:00;4138.5;4144.5;4137.25;4140.5;21870
10/04/2023;20:00:00;4140.5;4144;4138.25;4138.5;22951
11/04/2023;00:00:00;4138.5;4143.75;4137.75;4143;40500
11/04/2023;04:00:00;4143.25;4149;4132.75;4136.75;66565
11/04/2023;08:00:00;4136.75;4145.25;4128.75;4144;586371
11/04/2023;12:00:00;4144;4151.75;4132.5;4138.25;441370
11/04/2023;16:00:00;4137.5;4140.75;4136.5;4138.5;13122
11/04/2023;20:00:00;4138.5;4140.25;4136;4137.75;16680
12/04/2023;00:00:00;4138;4144.75;4133.75;4140.25;41015
12/04/2023;04:00:00;4140.25;4177.75;4135;4160.25;172785
12/04/2023;08:00:00;4160.5;4164.25;4121;4148.25;820962
12/04/2023;12:00:00;4148.25;4154.5;4113.5;4117.25;738034
12/04/2023;16:00:00;4117.5;4117.75;4110.25;4116.5;23373
12/04/2023;20:00:00;4116.5;4123.5;4114.75;4123.25;22271
13/04/2023;00:00:00;4123.25;4131.5;4120.5;4124.25;49593
13/04/2023;04:00:00;4124;4137.75;4117.75;4133.5;92589
13/04/2023;08:00:00;4133.5;4154;4124.5;4153;630270
13/04/2023;12:00:00;4153.25;4177;4149.25;4168.75;564277
13/04/2023;16:00:00;4168.75;4175.5;4167;4173.75;20587
13/04/2023;20:00:00;4174;4174.25;4169.5;4170.25;18452
14/04/2023;00:00:00;4170.25;4173;4164.5;4165.5;40642
14/04/2023;04:00:00;4165.5;4177.5;4161.75;4167;151819
14/04/2023;08:00:00;4166.75;4189;4138.75;4141;952492
14/04/2023;12:00:00;4141;4175.25;4138;4171.75;639718
16/04/2023;16:00:00;4174.25;4174.75;4169.25;4169.5;18870
16/04/2023;20:00:00;4169.25;4173.5;4168.75;4170.25;18621
17/04/2023;00:00:00;4170.5;4176;4167.5;4168.25;45163
17/04/2023;04:00:00;4168.25;4170.25;4161.75;4163.5;67388
17/04/2023;08:00:00;4163.5;4169.5;4149.25;4154.75;612054
17/04/2023;12:00:00;4155;4180.5;4148;4176.75;497138
17/04/2023;16:00:00;4177;4177.5;4173.75;4174.5;12714
17/04/2023;20:00:00;4174.25;4178.5;4172;4173.25;20689
18/04/2023;00:00:00;4173.25;4187.5;4173;4185.5;40590
18/04/2023;04:00:00;4185.75;4198.25;4184.5;4195.5;81340
18/04/2023;08:00:00;4195.75;4196;4164.5;4174.75;721257
18/04/2023;12:00:00;4175;4183;4168.75;4179;494835
18/04/2023;16:00:00;4176;4178.5;4175;4176.75;11290
18/04/2023;20:00:00;4176.75;4178.5;4172.75;4174;16033
19/04/2023;00:00:00;4174;4174.5;4158.25;4162.25;51649
19/04/2023;04:00:00;4162;4162;4150.5;4153.25;91138
19/04/2023;08:00:00;4153.25;4178.5;4153.25;4176.75;619344
19/04/2023;12:00:00;4177;4187.5;4172.5;4173.5;461510
19/04/2023;16:00:00;4172.25;4173;4165.25;4169.25;18950
19/04/2023;20:00:00;4169.25;4173.5;4167;4168.5;20885
20/04/2023;00:00:00;4168.75;4170;4144.25;4146.5;84254
20/04/2023;04:00:00;4146.5;4153.75;4143;4150.25;99430
20/04/2023;08:00:00;4150;4167.75;4145;4166.75;702018
20/04/2023;12:00:00;4167;4171.75;4137;4153.75;789270
20/04/2023;16:00:00;4153.75;4157.25;4150.25;4157.25;17911
20/04/2023;20:00:00;4157;4157.5;4151.25;4151.25;19400
21/04/2023;00:00:00;4151.5;4154.5;4141.5;4153.75;52273
21/04/2023;04:00:00;4153.75;4156;4140;4153.75;81787
21/04/2023;08:00:00;4153.5;4159;4135.25;4149.75;903976
21/04/2023;12:00:00;4150;4161;4147.25;4153.25;512926
23/04/2023;16:00:00;4150;4152.5;4144.5;4147.25;17961
23/04/2023;20:00:00;4147;4148.75;4141.75;4142.75;17860
24/04/2023;00:00:00;4142.75;4143.75;4133.5;4140.75;47452
24/04/2023;04:00:00;4140.5;4157;4139.75;4155.5;63999
24/04/2023;08:00:00;4155.5;4164.25;4139;4150.25;670919
24/04/2023;12:00:00;4150.25;4161.75;4147;4157.5;467728
24/04/2023;16:00:00;4157.25;4158.5;4154.25;4154.75;12436
24/04/2023;20:00:00;4154.5;4157.25;4145;4146.25;26515
25/04/2023;00:00:00;4146.25;4150;4130;4137.75;78849
25/04/2023;04:00:00;4137.75;4144.5;4135.25;4140.25;62049
25/04/2023;08:00:00;4140.25;4144.25;4116.5;4118.75;741066
25/04/2023;12:00:00;4118.75;4121.25;4091.5;4109.25;770837
25/04/2023;16:00:00;4110.25;4116.25;4108;4113;38242
25/04/2023;20:00:00;4113;4115;4108.5;4110.75;28116
26/04/2023;00:00:00;4110.75;4115.5;4099.25;4110.5;64774
26/04/2023;04:00:00;4110.5;4112.25;4089.25;4105;125000
26/04/2023;08:00:00;4105.25;4109.75;4081.25;4098.25;814446
26/04/2023;12:00:00;4098.25;4101.25;4068.75;4085.5;683111
26/04/2023;16:00:00;4085.5;4086.5;4081.75;4083.75;13459
26/04/2023;20:00:00;4083.5;4088.75;4080.75;4088.5;15450
27/04/2023;00:00:00;4088.75;4097.25;4086.25;4096;46057
27/04/2023;04:00:00;4096;4105.75;4089.5;4100;102154
27/04/2023;08:00:00;4100;4128.75;4097.25;4127.75;732672
27/04/2023;12:00:00;4127.75;4166.5;4126.75;4158;706665
27/04/2023;16:00:00;4151;4153;4147;4148.75;26313
27/04/2023;20:00:00;4148.5;4154.25;4145.75;4149.5;28287
28/04/2023;00:00:00;4149.25;4155.5;4133.75;4135.25;70903
28/04/2023;04:00:00;4135.5;4146;4131.5;4143;108684
28/04/2023;08:00:00;4143;4185.75;4142.5;4185;807154
28/04/2023;12:00:00;4185;4193.75;4171.25;4190.75;646685
30/04/2023;16:00:00;4190;4191.25;4181;4187;24856
30/04/2023;20:00:00;4187;4193;4185;4191.5;15725
01/05/2023;00:00:00;4191.5;4196;4184.75;4186.5;24291
01/05/2023;04:00:00;4186.5;4191;4182.25;4186.75;30162
01/05/2023;08:00:00;4186.75;4206.25;4181.5;4201.75;600523
01/05/2023;12:00:00;4201.75;4203.25;4178.5;4179.5;499879
01/05/2023;16:00:00;4179.5;4181.75;4176.25;4177.5;20492
01/05/2023;20:00:00;4177.5;4185.25;4177;4184.25;25415
02/05/2023;00:00:00;4184;4191.5;4178.5;4179.5;45991
02/05/2023;04:00:00;4179.25;4183.25;4174.25;4176.25;51873
02/05/2023;08:00:00;4176.5;4178;4105.5;4124.5;1146746
02/05/2023;12:00:00;4124.5;4144;4122.5;4133.25;650628
02/05/2023;16:00:00;4133.25;4142.75;4131.75;4141.75;17646
02/05/2023;20:00:00;4141.75;4143.25;4138.5;4142.75;17649
03/05/2023;00:00:00;4142.5;4147.75;4140;4142;46409
03/05/2023;04:00:00;4141.75;4149.5;4139.25;4140.5;63520
03/05/2023;08:00:00;4140.5;4154.5;4130.75;4149.25;567448
03/05/2023;12:00:00;4149.5;4167;4095;4096.25;898222
03/05/2023;16:00:00;4087;4098.5;4075.5;4096.5;49359
03/05/2023;20:00:00;4096.5;4118;4095.5;4115.5;38853
04/05/2023;00:00:00;4115.5;4117.75;4098.25;4105;68361
04/05/2023;04:00:00;4105;4109.25;4086.25;4095.25;115109
04/05/2023;08:00:00;4095;4100;4062.25;4083.5;999930
04/05/2023;12:00:00;4083.25;4097;4071;4074.5;666773
04/05/2023;16:00:00;4077.25;4093.5;4076.75;4091;25646
04/05/2023;20:00:00;4091;4093;4086.75;4092.25;19312
05/05/2023;00:00:00;4092;4096.5;4085.5;4095;44466
05/05/2023;04:00:00;4095.25;4113;4092;4104.75;144758
05/05/2023;08:00:00;4104.5;4141.75;4104.25;4136.5;689480
05/05/2023;12:00:00;4136.5;4163.25;4136.25;4149;564350
07/05/2023;16:00:00;4151;4154.5;4142.5;4145.75;22633
07/05/2023;20:00:00;4145.5;4152.5;4143.25;4146.5;23703
08/05/2023;00:00:00;4146.5;4156.25;4146;4150.75;34193
08/05/2023;04:00:00;4150.75;4161;4150.25;4156.5;49465
08/05/2023;08:00:00;4156.25;4157;4141.5;4147.5;466759
08/05/2023;12:00:00;4147.75;4157.5;4137.5;4151.5;401586
08/05/2023;16:00:00;4150.5;4151.5;4148;4148.25;9741
08/05/2023;20:00:00;4148.5;4153;4147.5;4151.5;13370
09/05/2023;00:00:00;4151.5;4152.75;4135.5;4137.75;41199
09/05/2023;04:00:00;4137.5;4140.25;4134;4136.5;57592
09/05/2023;08:00:00;4136.5;4142.75;4131;4137.75;476553
09/05/2023;12:00:00;4138;4145.25;4132.5;4135.25;367578
09/05/2023;16:00:00;4133;4141;4132.25;4139.25;13654
09/05/2023;20:00:00;4139.25;4140.5;4136;4138.5;12890
10/05/2023;00:00:00;4138.5;4142.5;4120.5;4128.75;49098
10/05/2023;04:00:00;4128.75;4169;4126;4166.25;202322
10/05/2023;08:00:00;4166.25;4173.25;4125.5;4130.25;861999
10/05/2023;12:00:00;4130.25;4162.5;4112.25;4152.75;685005
10/05/2023;16:00:00;4152.75;4163.5;4151.5;4161.75;20051
10/05/2023;20:00:00;4161.75;4164.5;4158.5;4161.75;20537
11/05/2023;00:00:00;4161.5;4168.25;4156.75;4163.75;48364
11/05/2023;04:00:00;4164;4168.5;4144.5;4147.5;134975
11/05/2023;08:00:00;4147.5;4147.75;4121.5;4142;712185
11/05/2023;12:00:00;4142.25;4146.75;4124.5;4145.25;489632
11/05/2023;16:00:00;4144.5;4152;4143.75;4151.5;17482
11/05/2023;20:00:00;4151.25;4155;4148;4153.25;22523
12/05/2023;00:00:00;4153.25;4162;4148.5;4161.5;45926
12/05/2023;04:00:00;4161.5;4164.5;4153.5;4155.75;50214
12/05/2023;08:00:00;4155.75;4158.25;4115.5;4116.75;657161
12/05/2023;12:00:00;4116.5;4138.5;4111.75;4132;592672
14/05/2023;16:00:00;4132.25;4133.5;4126.75;4128.75;16305
14/05/2023;20:00:00;4129;4140.5;4128.5;4139.75;21576
15/05/2023;00:00:00;4139.75;4156.25;4139.25;4150.75;55957
15/05/2023;04:00:00;4150.75;4155.25;4144.5;4145;66202
15/05/2023;08:00:00;4145;4149;4123;4148.5;545823
15/05/2023;12:00:00;4148.5;4155.25;4136.5;4148.75;435864
15/05/2023;16:00:00;4148.25;4150.5;4144;4146.5;12854
15/05/2023;20:00:00;4146.5;4146.5;4141;4142;17976
16/05/2023;00:00:00;4142;4151.5;4135.25;4147.5;40944
16/05/2023;04:00:00;4147.25;4149.75;4137;4138.75;74037
16/05/2023;08:00:00;4139;4148.75;4127;4141;665043
16/05/2023;12:00:00;4141;4141.75;4120;4127.5;472065
16/05/2023;16:00:00;4126;4130.25;4123.75;4129;16817
16/05/2023;20:00:00;4129;4133.75;4128.75;4131.25;17889
17/05/2023;00:00:00;4131;4134.5;4122;4133.25;51864
17/05/2023;04:00:00;4133.5;4141.75;4130.75;4141.5;66580
17/05/2023;08:00:00;4141.5;4166.5;4125.75;4164.25;692518
17/05/2023;12:00:00;4164.5;4179;4164.5;4171;662147
17/05/2023;16:00:00;4171.25;4172.25;4167.25;4168;16198
17/05/2023;20:00:00;4168.25;4172.25;4166;4169.75;20538
18/05/2023;00:00:00;4169.75;4181.5;4166.25;4177;52528
18/05/2023;04:00:00;4177;4183.75;4164;4164.5;77471
18/05/2023;08:00:00;4164.5;4199.25;4161.25;4180.25;788612
18/05/2023;12:00:00;4180.5;4215.75;4172.5;4215.5;709354
18/05/2023;16:00:00;4215.5;4225.5;4213.5;4217.75;34763
18/05/2023;20:00:00;4217.75;4222;4213.5;4218;25535
19/05/2023;00:00:00;4218.25;4222;4212;4220;55622
19/05/2023;04:00:00;4219.75;4227.25;4213.75;4226.5;104925
19/05/2023;08:00:00;4226.75;4226.75;4191.5;4205.25;907140
19/05/2023;12:00:00;4205.25;4209;4193;4198.25;484449
21/05/2023;16:00:00;4189;4203.75;4186.5;4201.75;23342
21/05/2023;20:00:00;4201.75;4205.75;4198.25;4204.5;20962
22/05/2023;00:00:00;4204.5;4206.25;4196.75;4205;35492
22/05/2023;04:00:00;4205;4210.5;4198.25;4207;56338
22/05/2023;08:00:00;4207;4221.75;4191;4208.75;661265
22/05/2023;12:00:00;4208.75;4220.25;4200.25;4207.75;459443
22/05/2023;16:00:00;4207.5;4219;4206;4217.25;23423
22/05/2023;20:00:00;4217;4222.75;4209;4210.5;32361
23/05/2023;00:00:00;4210.5;4212;4199.75;4201.5;50222
23/05/2023;04:00:00;4201.5;4205.25;4191.5;4193;75573
23/05/2023;08:00:00;4193;4198.5;4175.5;4180;667159
23/05/2023;12:00:00;4180;4186.25;4153;4159.25;770149
23/05/2023;16:00:00;4158;4166.25;4158;4165.25;14514
23/05/2023;20:00:00;4165.25;4165.5;4159.5;4164.75;17856
24/05/2023;00:00:00;4165;4166;4142.75;4156;89633
24/05/2023;04:00:00;4156;4157.75;4138;4138.75;106915
24/05/2023;08:00:00;4138.75;4141.25;4114;4121.5;886437
24/05/2023;12:00:00;4121.5;4151;4115.25;4150.75;740934
24/05/2023;16:00:00;4157;4157;4131.5;4145;51388
24/05/2023;20:00:00;4145;4147;4136.75;4140.25;29574
25/05/2023;00:00:00;4140.25;4154.25;4135.5;4150.25;80750
25/05/2023;04:00:00;4150.25;4166;4145.5;4163.75;135804
25/05/2023;08:00:00;4164;4166.75;4137.5;4150.5;941505
25/05/2023;12:00:00;4150.5;4175.5;4147.75;4158.75;644501
25/05/2023;16:00:00;4157;4159.75;4151;4154.5;19855
25/05/2023;20:00:00;4154.25;4155.25;4146;4152.25;23367
26/05/2023;00:00:00;4152.5;4163;4148.25;4156.5;47509
26/05/2023;04:00:00;4156.5;4171.75;4151.25;4166.75;101171
26/05/2023;08:00:00;4166.5;4213.25;4165.25;4210.75;874440
26/05/2023;12:00:00;4211;4221.25;4204;4219.25;596152
28/05/2023;16:00:00;4239.75;4243.25;4224.75;4225.75;35963
28/05/2023;20:00:00;4226;4227;4221.5;4224.75;21680
29/05/2023;00:00:00;4224.75;4232.5;4222.5;4227.25;28223
29/05/2023;04:00:00;4227;4228.5;4220.25;4222;24545
29/05/2023;08:00:00;4222.25;4227.25;4220.25;4224.75;30549
29/05/2023;16:00:00;4224;4229.75;4221;4224;16702
29/05/2023;20:00:00;4224;4225.75;4220.75;4223.75;14971
30/05/2023;00:00:00;4223.75;4235;4222.25;4233.5;59246
30/05/2023;04:00:00;4233.25;4243;4231;4237;103228
30/05/2023;08:00:00;4237.25;4239;4207.5;4217.75;922516
30/05/2023;12:00:00;4218;4222.5;4200;4213.75;653201
30/05/2023;16:00:00;4213;4217.75;4210.5;4215.25;15569
30/05/2023;20:00:00;4215.25;4216;4203.5;4204.75;31146
31/05/2023;00:00:00;4204.5;4207.75;4194.5;4206.5;78012
31/05/2023;04:00:00;4206.25;4210.5;4192.75;4194.25;79982
31/05/2023;08:00:00;4194.25;4204.5;4174;4182.25;945109
31/05/2023;12:00:00;4182.25;4203.5;4180.75;4188.25;891127
31/05/2023;16:00:00;4188.5;4197.5;4187.75;4190;26228
31/05/2023;20:00:00;4189.75;4202.5;4182.5;4193;50617
01/06/2023;00:00:00;4193;4201;4191.5;4200;49916
01/06/2023;04:00:00;4199.75;4203.5;4187.75;4190.75;99137
01/06/2023;08:00:00;4190.5;4228.75;4178;4227.25;918596
01/06/2023;12:00:00;4227.25;4239.75;4219;4231.75;651890
01/06/2023;16:00:00;4231.75;4232.75;4229.25;4229.5;12391
01/06/2023;20:00:00;4229.75;4237.5;4229;4235.75;19653
02/06/2023;00:00:00;4235.5;4245.5;4234.5;4245.25;56571
02/06/2023;04:00:00;4245;4257;4235;4248.75;144491
02/06/2023;08:00:00;4248.75;4291.5;4248.75;4290.5;1020821
02/06/2023;12:00:00;4290.5;4297.75;4284.75;4288.75;616526
04/06/2023;16:00:00;4288;4292.75;4280.5;4284.25;28255
04/06/2023;20:00:00;4284.5;4287.75;4281.25;4283.5;25691
05/06/2023;00:00:00;4283.75;4292.25;4282.25;4288;48683
05/06/2023;04:00:00;4288;4292.25;4286.5;4288.75;51318
05/06/2023;08:00:00;4289;4305.25;4285.75;4305;759262
05/06/2023;12:00:00;4305.25;4305.75;4273;4280.25;681678
05/06/2023;16:00:00;4279.75;4280;4274;4278.5;16251
05/06/2023;20:00:00;4278.75;4284.75;4278.25;4282;22061
06/06/2023;00:00:00;4282.25;4285;4275.25;4276.25;57588
06/06/2023;04:00:00;4276.5;4281;4273.75;4277.5;57402
06/06/2023;08:00:00;4277.75;4293.75;4268.5;4278;738711
06/06/2023;12:00:00;4278.25;4294.75;4274.5;4292.25;590454
06/06/2023;16:00:00;4292.25;4295.5;4288.25;4292.75;16751
06/06/2023;20:00:00;4293;4294.75;4288;4293.25;25785
07/06/2023;00:00:00;4293.25;4293.5;4281.5;4285.5;43139
07/06/2023;04:00:00;4285.5;4296.75;4283.25;4293.25;60054
07/06/2023;08:00:00;4293.5;4304.75;4274.75;4276.75;962812
07/06/2023;12:00:00;4277;4282.25;4269.25;4273.25;692097
07/06/2023;16:00:00;4273.25;4276.5;4272.25;4275.25;17919
07/06/2023;20:00:00;4275;4276.5;4262.75;4265;32404
08/06/2023;00:00:00;4265;4277.5;4264;4275;61224
08/06/2023;04:00:00;4275.25;4279;4268.5;4275.75;80118
08/06/2023;08:00:00;4275.5;4298.5;4264.5;4292.75;773607
08/06/2023;12:00:00;4292.75;4302.5;4283.5;4298.25;494179
08/06/2023;16:00:00;4297.75;4297.75;4291.5;4293;11877
08/06/2023;20:00:00;4293.25;4296;4292.25;4292.75;10899
09/06/2023;00:00:00;4292.75;4295.75;4284;4294.25;43030
09/06/2023;04:00:00;4294.25;4301.75;4289.5;4301.75;73347
09/06/2023;08:00:00;4302;4325.5;4294;4303.75;845035
09/06/2023;12:00:00;4303.5;4313.5;4302;4304.75;432768
11/06/2023;16:00:00;4306.5;4313.5;4305.25;4312.5;11550
11/06/2023;20:00:00;4312.5;4313.5;4308;4309.5;8538
12/06/2023;00:00:00;4309.5;4365.75;4309.5;4364.75;44641
12/06/2023;04:00:00;4364.75;4367;4353;4361.75;61633
12/06/2023;08:00:00;4362;4365;4351.25;4364.5;547551
12/06/2023;12:00:00;4364.25;4391.25;4361.25;4391;458780
12/06/2023;16:00:00;4389.75;4393.5;4387.25;4387.75;14583
12/06/2023;20:00:00;4387.5;4398.5;4387.5;4396.5;21929
13/06/2023;00:00:00;4396.25;4402.5;4395.5;4399;53107
13/06/2023;04:00:00;4398.75;4411;4381.75;4410.75;145439
13/06/2023;08:00:00;4411;4423;4396;4419.5;905987
13/06/2023;12:00:00;4419.75;4423.25;4402.5;4418;579280
13/06/2023;16:00:00;4417.25;4419.5;4413;4413.75;16050
13/06/2023;20:00:00;4414;4417.75;4414;4417.25;14679
14/06/2023;00:00:00;4417.25;4428;4414;4426.25;42953
14/06/2023;04:00:00;4426.25;4427;4418.75;4420;74964
14/06/2023;08:00:00;4420;4439.5;4413.75;4429.25;531850
14/06/2023;12:00:00;4429;4429.5;4383.5;4424.75;1033648
14/06/2023;16:00:00;4422.75;4425.25;4418.75;4420.75;14741
14/06/2023;20:00:00;4420.5;4421.75;4411.75;4418.5;29266
15/06/2023;00:00:00;4418.5;4421.25;4407.75;4408.75;54070
15/06/2023;04:00:00;4408.75;4410.5;4393.75;4404.75;110378
15/06/2023;08:00:00;4405;4458;4403.25;4454.5;801212
15/06/2023;12:00:00;4454.75;4485.5;4447;4467.5;708988
15/06/2023;16:00:00;4469;4470;4461.5;4462.75;20012
15/06/2023;20:00:00;4462.75;4467.5;4459.75;4465.5;20042
16/06/2023;00:00:00;4465.5;4478;4462.5;4476.25;59249
16/06/2023;04:00:00;4476.25;4484.5;4468.75;4483;106495
16/06/2023;08:00:00;4483;4493.75;4465;4483.75;894361
16/06/2023;12:00:00;4483.75;4484.75;4451;4459;614474
18/06/2023;16:00:00;4458;4462;4449.75;4452.25;13470
18/06/2023;20:00:00;4452.25;4454.75;4447;4447.75;15936
19/06/2023;00:00:00;4447.75;4460.75;4447;4452.25;36320
19/06/2023;04:00:00;4452;4455.75;4446.25;4449.75;27382
19/06/2023;08:00:00;4450;4450.5;4443;4448.25;48790
19/06/2023;16:00:00;4449;4451;4444.5;4446.25;12567
19/06/2023;20:00:00;4446.25;4447.75;4441.5;4442.25;16177
20/06/2023;00:00:00;4442.25;4447.75;4432;4433.5;57910
20/06/2023;04:00:00;4433.5;4444.5;4432.5;4443.75;60794
20/06/2023;08:00:00;4443.75;4445;4410.5;4439;715172
20/06/2023;12:00:00;4439.25;4444.75;4428;4430.5;475314
20/06/2023;16:00:00;4430.25;4438.5;4430.25;4436.75;12606
20/06/2023;20:00:00;4436.75;4437.25;4432.25;4436.25;15039
21/06/2023;00:00:00;4436.25;4436.5;4423.75;4433;47521
21/06/2023;04:00:00;4433;4437.5;4419.75;4421.75;64462
21/06/2023;08:00:00;4422;4423.5;4403.5;4413.5;723179
21/06/2023;12:00:00;4413.75;4430.75;4406.25;4410;535037
21/06/2023;16:00:00;4410;4413.5;4407.75;4410;13521
21/06/2023;20:00:00;4410.25;4411;4402.25;4404.25;20887
22/06/2023;00:00:00;4404.5;4404.5;4393.75;4399;83627
22/06/2023;04:00:00;4399.25;4404.25;4393;4397.75;90314
22/06/2023;08:00:00;4397.75;4418.5;4393.75;4410.75;638642
22/06/2023;12:00:00;4410.5;4427;4402.25;4425.25;477544
22/06/2023;16:00:00;4425.75;4426.25;4420;4420.75;11475
22/06/2023;20:00:00;4420.75;4421;4400.5;4403.25;36821
23/06/2023;00:00:00;4403.5;4412.5;4396.25;4400.75;69017
23/06/2023;04:00:00;4400.75;4407.5;4386.5;4388.75;94364
23/06/2023;08:00:00;4388.75;4406;4384;4402.75;655398
23/06/2023;12:00:00;4402.75;4408;4381.5;4388.5;592598
25/06/2023;16:00:00;4390;4399;4387.5;4397.25;24121
25/06/2023;20:00:00;4397;4402.25;4393.5;4397.25;26601
26/06/2023;00:00:00;4397.5;4397.75;4375.75;4378.25;79416
26/06/2023;04:00:00;4378.25;4390;4378;4386.25;59960
26/06/2023;08:00:00;4386.5;4403;4372.75;4380.5;792061
26/06/2023;12:00:00;4380.5;4385.75;4368.5;4374.75;574838
26/06/2023;16:00:00;4375.75;4379.75;4373.5;4376;14857
26/06/2023;20:00:00;4376;4381;4373.75;4380.25;27055
27/06/2023;00:00:00;4380.25;4387.75;4376.25;4378.25;58875
27/06/2023;04:00:00;4378;4381.75;4371.5;4377;68223
27/06/2023;08:00:00;4377.25;4409.75;4374.5;4407.25;750937
27/06/2023;12:00:00;4407.25;4424.75;4404;4414.75;514560
27/06/2023;16:00:00;4414;4415;4407.5;4409.25;21091
27/06/2023;20:00:00;4409.25;4413;4407;4409.75;25586
28/06/2023;00:00:00;4409.75;4414.75;4406.5;4407.5;55889
28/06/2023;04:00:00;4407.5;4416.75;4406.25;4408.25;67963
28/06/2023;08:00:00;4408;4430.25;4399.25;4406.75;857454
28/06/2023;12:00:00;4406.75;4425.75;4401.5;4422.75;592744
28/06/2023;16:00:00;4423.75;4429.75;4422.75;4427;13926
28/06/2023;20:00:00;4427;4429;4418.75;4420;23991
29/06/2023;00:00:00;4420;4424.25;4414.5;4423.5;53711
29/06/2023;04:00:00;4423.5;4436.75;4420.5;4422;113238
29/06/2023;08:00:00;4422;4437.75;4409.75;4431.25;813893
29/06/2023;12:00:00;4431.25;4438;4418;4435.75;553815
29/06/2023;16:00:00;4435.25;4439;4433;4435.25;14437
29/06/2023;20:00:00;4435.25;4442.25;4435.25;4437.75;21678
30/06/2023;00:00:00;4437.75;4446.75;4435.75;4445.75;40078
30/06/2023;04:00:00;4446;4466.25;4445.5;4464.25;120169
30/06/2023;08:00:00;4464.5;4490.5;4464.25;4489.5;719010
30/06/2023;12:00:00;4489.5;4498;4480.75;4482.5;704129
02/07/2023;16:00:00;4485.5;4491.75;4485;4486.25;20577
02/07/2023;20:00:00;4486.25;4489.75;4485;4488.75;18992
03/07/2023;00:00:00;4488.75;4492.25;4485;4491;44776
03/07/2023;04:00:00;4490.75;4493.25;4482.75;4484.5;60516
03/07/2023;08:00:00;4484.75;4494;4479.5;4492.25;426877
03/07/2023;12:00:00;4492.5;4492.75;4489;4492;23001
03/07/2023;16:00:00;4492;4492;4487;4490.25;7314
03/07/2023;20:00:00;4490.25;4493.25;4488.25;4491.75;8420
04/07/2023;00:00:00;4492;4493.75;4487.25;4488.5;21030
04/07/2023;04:00:00;4488.5;4491.75;4486.25;4490.25;18461
04/07/2023;08:00:00;4490.25;4491.75;4487.75;4490.5;22943
04/07/2023;16:00:00;4490;4491;4487.75;4491;10847
04/07/2023;20:00:00;4491;4492.75;4487.75;4488.25;16593
05/07/2023;00:00:00;4488.25;4489.5;4478.75;4480;56168
05/07/2023;04:00:00;4480;4480.5;4466.25;4468.25;87736
05/07/2023;08:00:00;4468.5;4491.25;4467.75;4483.5;512317
05/07/2023;12:00:00;4483.75;4490;4475;4482;370657
05/07/2023;16:00:00;4481.75;4483.5;4476.5;4477.25;12407
05/07/2023;20:00:00;4477.25;4480.75;4462.75;4467.75;38491
06/07/2023;00:00:00;4467.75;4470.75;4461.75;4464.25;77649
06/07/2023;04:00:00;4464.25;4467.25;4442;4446.25;160095
06/07/2023;08:00:00;4446.5;4448;4419.5;4441.25;860830
06/07/2023;12:00:00;4441.5;4451;4439.5;4444.75;506019
06/07/2023;16:00:00;4441.25;4447.25;4441.25;4446.75;17240
06/07/2023;20:00:00;4446.75;4448;4442.75;4443.25;21397
07/07/2023;00:00:00;4443.5;4446.5;4434.25;4441.5;74282
07/07/2023;04:00:00;4441.5;4454;4435;4439.25;171454
07/07/2023;08:00:00;4439;4472.5;4431.5;4472;728779
07/07/2023;12:00:00;4472.25;4476;4431.75;4438;601851
09/07/2023;16:00:00;4437.5;4440;4428;4430.75;31869
09/07/2023;20:00:00;4431;4434.25;4422.25;4426.5;35588
10/07/2023;00:00:00;4426.5;4427.25;4411.25;4423.5;81868
10/07/2023;04:00:00;4423.75;4438.5;4423;4431.5;77918
10/07/2023;08:00:00;4431.75;4446.75;4424;4437.25;694385
10/07/2023;12:00:00;4437.25;4448.25;4433.5;4445.25;386026
10/07/2023;16:00:00;4445.75;4447.75;4442.75;4447.25;13132
10/07/2023;20:00:00;4447.25;4448.5;4443.75;4447;19641
11/07/2023;00:00:00;4447;4455.25;4439;4442.25;56231
11/07/2023;04:00:00;4442.25;4457.25;4440.5;4456.25;70735
11/07/2023;08:00:00;4456.25;4465.25;4442;4459.5;636719
11/07/2023;12:00:00;4459.5;4478.5;4450.5;4472.25;486214
11/07/2023;16:00:00;4471;4476.5;4470.25;4471.25;15568
11/07/2023;20:00:00;4471.25;4477.75;4470;4476.5;15824
12/07/2023;00:00:00;4476.25;4481.5;4474.5;4481;39032
12/07/2023;04:00:00;4480.75;4510.75;4480;4505;164577
12/07/2023;08:00:00;4505;4523.75;4497;4506.75;912767
12/07/2023;12:00:00;4506.75;4516;4500;4509.5;543910
12/07/2023;16:00:00;4510.5;4515.75;4509.25;4514.5;14642
12/07/2023;20:00:00;4514.75;4520;4511.75;4517;25695
13/07/2023;00:00:00;4516.75;4523.75;4515;4523;47893
13/07/2023;04:00:00;4523;4527;4517.75;4524.25;88061
13/07/2023;08:00:00;4524.25;4536.5;4521.25;4533.5;494775
13/07/2023;12:00:00;4533.5;4551.5;4528.75;4539.5;417538
13/07/2023;16:00:00;4539.5;4543;4534.5;4536;18391
13/07/2023;20:00:00;4536;4542.75;4535.25;4540.5;22838
14/07/2023;00:00:00;4540.5;4543.25;4536.25;4540.25;38474
14/07/2023;04:00:00;4540.25;4553.25;4538;4551.5;74678
14/07/2023;08:00:00;4551.5;4560.5;4541.75;4544.5;641961
14/07/2023;12:00:00;4544.75;4549.25;4531;4535.25;519008
16/07/2023;16:00:00;4536;4536.25;4528;4530.75;16659
16/07/2023;20:00:00;4531;4534.75;4530;4532.75;13537
17/07/2023;00:00:00;4532.75;4539.25;4531.5;4535.25;38424
17/07/2023;04:00:00;4535.25;4536.75;4528.5;4533.25;56573
17/07/2023;08:00:00;4533;4553.5;4532.75;4552;476559
17/07/2023;12:00:00;4551.75;4565.75;4548.75;4550;405559
17/07/2023;16:00:00;4550.25;4551.75;4548.25;4550.5;11069
17/07/2023;20:00:00;4550.25;4552.75;4546.5;4550.75;18198
18/07/2023;00:00:00;4550.5;4555.75;4549;4551.5;36653
18/07/2023;04:00:00;4551.5;4555.5;4544.75;4548.25;59809
18/07/2023;08:00:00;4548;4579.5;4545.25;4573.75;608175
18/07/2023;12:00:00;4574;4594.5;4573.5;4583;485924
18/07/2023;16:00:00;4582.75;4587;4582.25;4585.5;11750
18/07/2023;20:00:00;4585.5;4587.25;4584.5;4586;15404
19/07/2023;00:00:00;4586;4592.75;4585;4590.75;60314
19/07/2023;04:00:00;4590.75;4592;4584.5;4589.5;70773
19/07/2023;08:00:00;4589.25;4609.25;4588.75;4598.5;804339
19/07/2023;12:00:00;4598.5;4605.75;4588.5;4595.75;499000
19/07/2023;16:00:00;4593.25;4594.25;4581;4588.25;27713
19/07/2023;20:00:00;4588.25;4592.5;4586.75;4590.5;22705
20/07/2023;00:00:00;4590.75;4593.25;4583.5;4590.25;59107
20/07/2023;04:00:00;4590;4593.75;4583.25;4583.75;67780
20/07/2023;08:00:00;4583.75;4594.25;4570.75;4577.5;700264
20/07/2023;12:00:00;4577.75;4581;4557.25;4566.25;581038
20/07/2023;16:00:00;4566.25;4568.5;4561.75;4566;14001
20/07/2023;20:00:00;4566;4571.5;4563.75;4570.25;18718
21/07/2023;00:00:00;4570;4576.5;4568.25;4575.5;40874
21/07/2023;04:00:00;4575.25;4587;4571.75;4586.75;68607
21/07/2023;08:00:00;4587;4590;4564;4572;692318
21/07/2023;12:00:00;4572;4584;4562.25;4564;535896
23/07/2023;16:00:00;4564.25;4566.75;4560;4563.25;18159
23/07/2023;20:00:00;4563.5;4566.5;4560;4563.75;18672
24/07/2023;00:00:00;4563.75;4574.75;4560;4572.5;57210
24/07/2023;04:00:00;4572.5;4577;4568.25;4573.5;51192
24/07/2023;08:00:00;4573.5;4588.75;4568.75;4584.75;611181
24/07/2023;12:00:00;4584.5;4592.5;4576;4585.5;395205
24/07/2023;16:00:00;4584.5;4586.25;4581.25;4582.25;11281
24/07/2023;20:00:00;4582.25;4583.75;4579.75;4582.75;16080
25/07/2023;00:00:00;4582.75;4593.25;4582.75;4590.75;46512
25/07/2023;04:00:00;4590.75;4591.5;4583.75;4584.25;46813
25/07/2023;08:00:00;4584.25;4600.25;4579.25;4600;510604
25/07/2023;12:00:00;4600.25;4608.75;4590;4604.5;520392
25/07/2023;16:00:00;4604.75;4606.75;4591;4592.75;27147
25/07/2023;20:00:00;4592.75;4597.75;4592;4594.75;15932
26/07/2023;00:00:00;4595;4601.5;4592.25;4593;41199
26/07/2023;04:00:00;4593.25;4595.25;4584;4584.5;70383
26/07/2023;08:00:00;4584.5;4592;4580.5;4583;453466
26/07/2023;12:00:00;4583;4610.75;4573.75;4592.25;700489
26/07/2023;16:00:00;4594.75;4601;4591.25;4601;15425
26/07/2023;20:00:00;4601;4611.25;4600.5;4609.25;28953
27/07/2023;00:00:00;4609.5;4622;4605.25;4621.25;67149
27/07/2023;04:00:00;4621.25;4634.5;4619.25;4629.5;112301
27/07/2023;08:00:00;4629.75;4633.5;4609.25;4622.75;685845
27/07/2023;12:00:00;4622.75;4625;4553.75;4567.25;918786
27/07/2023;16:00:00;4566;4571.25;4564.5;4570;20883
27/07/2023;20:00:00;4570.25;4583;4558;4572.5;77617
28/07/2023;00:00:00;4572.5;4587.75;4572;4578.75;78875
28/07/2023;04:00:00;4578.75;4596.25;4577;4596;97615
28/07/2023;08:00:00;4596;4616.5;4589.75;4608.75;637490
28/07/2023;12:00:00;4608.75;4612;4588.75;4607;579747
30/07/2023;16:00:00;4608.75;4618;4608;4608.75;25601
30/07/2023;20:00:00;4608.75;4611.5;4595.25;4598;38607
31/07/2023;00:00:00;4598;4611;4596.5;4610.75;50247
31/07/2023;04:00:00;4610.5;4618.75;4606.75;4617.5;57617
31/07/2023;08:00:00;4617.5;4619.25;4601.75;4603.5;516079
31/07/2023;12:00:00;4603.5;4618.5;4597.75;4617.25;543277
31/07/2023;16:00:00;4617.75;4619;4614.5;4619;13655
31/07/2023;20:00:00;4619;4621.75;4616.75;4617.75;21942
01/08/2023;00:00:00;4617.5;4618.5;4599.5;4603.5;57114
01/08/2023;04:00:00;4603.75;4608.5;4592;4595.25;97836
01/08/2023;08:00:00;4595.25;4609.25;4591;4599.5;583060
01/08/2023;12:00:00;4599.75;4606.5;4596;4598.25;373449
01/08/2023;16:00:00;4580;4590.25;4572;4588.75;46925
01/08/2023;20:00:00;4589;4593.5;4578;4578.75;39602
02/08/2023;00:00:00;4579;4584.25;4552.25;4562;122890
02/08/2023;04:00:00;4562;4583.5;4558;4571.5;145361
02/08/2023;08:00:00;4571.75;4572;4534.25;4543.25;889901
02/08/2023;12:00:00;4543;4549;4527.75;4534.5;590839
02/08/2023;16:00:00;4534.25;4545.25;4534.25;4542.25;21419
02/08/2023;20:00:00;4542.25;4547.5;4536;4537;30290
03/08/2023;00:00:00;4536.75;4541.25;4510.25;4518.25;120367
03/08/2023;04:00:00;4518.25;4532.75;4516.25;4521.75;125140
03/08/2023;08:00:00;4521.5;4540;4505.75;4538.25;805410
03/08/2023;12:00:00;4538.25;4544.5;4517.5;4524.75;596374
03/08/2023;16:00:00;4523.5;4537;4522.25;4536.75;24456
03/08/2023;20:00:00;4536.75;4540.75;4532.75;4537.5;25745
04/08/2023;00:00:00;4537.25;4547;4530.25;4538.75;58769
04/08/2023;04:00:00;4538.75;4544;4514.25;4537;183175
04/08/2023;08:00:00;4536.75;4560.75;4518.75;4559;796149
04/08/2023;12:00:00;4559.25;4559.75;4493.75;4498;859704
06/08/2023;16:00:00;4500.5;4513;4500.5;4512.75;29846
06/08/2023;20:00:00;4512.5;4517;4509.25;4513.75;26324
07/08/2023;00:00:00;4513.5;4522;4508.25;4512.25;61823
07/08/2023;04:00:00;4512.25;4518.5;4504.75;4518;77888
07/08/2023;08:00:00;4518;4530;4510.5;4527.5;699802
07/08/2023;12:00:00;4527.5;4541.75;4525.75;4540;456661
07/08/2023;16:00:00;4539.5;4541;4536.25;4537.25;11516
07/08/2023;20:00:00;4537;4537.25;4526.25;4529.25;36052
08/08/2023;00:00:00;4529.5;4530.25;4519.75;4524;56996
08/08/2023;04:00:00;4524;4524.5;4495.25;4506.75;149719
08/08/2023;08:00:00;4506.75;4511.5;4482;4495.25;836033
08/08/2023;12:00:00;4495.5;4522.25;4495;4517.25;540273
08/08/2023;16:00:00;4516.5;4521.75;4515.5;4520;13571
08/08/2023;20:00:00;4520.25;4524.5;4519.75;4522.5;18592
09/08/2023;00:00:00;4522.5;4535.75;4522.25;4534.5;51126
09/08/2023;04:00:00;4534.25;4536.25;4523;4524.25;71408
09/08/2023;08:00:00;4524.5;4525.25;4478.25;4491.25;783934
09/08/2023;12:00:00;4491.25;4518;4483;4493.25;642956
09/08/2023;16:00:00;4493.25;4500.25;4492.75;4499.75;17352
09/08/2023;20:00:00;4500;4504.25;4495;4501;23002
10/08/2023;00:00:00;4501;4516;4498;4511;54640
10/08/2023;04:00:00;4511;4525;4494;4516.75;166023
10/08/2023;08:00:00;4516.75;4544.75;4485.75;4489.5;1197069
10/08/2023;12:00:00;4489.5;4501.5;4473.5;4486.75;706919
10/08/2023;16:00:00;4487.75;4496.25;4486.25;4495;12586
10/08/2023;20:00:00;4494.75;4496;4482.75;4484.25;23160
11/08/2023;00:00:00;4484;4494.5;4477.5;4481.5;50624
11/08/2023;04:00:00;4481.5;4487;4466.5;4467.5;96201
11/08/2023;08:00:00;4467.25;4493;4459;4472.75;750824
11/08/2023;12:00:00;4473;4488.5;4470.25;4484.25;525338
13/08/2023;16:00:00;4485;4491.5;4482.25;4483;22144
13/08/2023;20:00:00;4483;4485;4465;4469.25;48247
14/08/2023;00:00:00;4469.25;4501.25;4469.25;4489.25;72590
14/08/2023;04:00:00;4489.5;4495.25;4469.5;4475.75;76946
14/08/2023;08:00:00;4475.75;4503.25;4469;4497.75;622325
14/08/2023;12:00:00;4497.75;4507.75;4488.25;4506.5;395871
14/08/2023;16:00:00;4505.75;4514.5;4504.75;4510.25;18904
14/08/2023;20:00:00;4510.25;4517.75;4509;4514.25;27420
15/08/2023;00:00:00;4514.5;4516;4480.5;4490.75;84697
15/08/2023;04:00:00;4490.5;4491.25;4470;4475;125756
15/08/2023;08:00:00;4475;4491;4458.5;4465.5;677761
15/08/2023;12:00:00;4465.5;4471.25;4447;4452.5;496166
15/08/2023;16:00:00;4453.25;4457.25;4447;4452.5;19533
15/08/2023;20:00:00;4452.25;4458;4450.25;4453.75;24714
16/08/2023;00:00:00;4454;4467.25;4448.25;4463.75;50724
16/08/2023;04:00:00;4463.75;4464.25;4444.5;4445.5;73763
16/08/2023;08:00:00;4445.5;4465.5;4440.5;4441;570084
16/08/2023;12:00:00;4441;4454.5;4417;4419.5;703821
16/08/2023;16:00:00;4420.5;4423.75;4412.5;4414.5;23564
16/08/2023;20:00:00;4414.75;4424.25;4409.5;4421.75;37109
17/08/2023;00:00:00;4422;4430.25;4413.5;4425.25;53092
17/08/2023;04:00:00;4425.25;4436.75;4423.25;4435;90118
17/08/2023;08:00:00;4435;4436;4411;4426.25;676749
17/08/2023;12:00:00;4426.5;4427.5;4377.75;4378.5;679037
17/08/2023;16:00:00;4379.25;4386.25;4375.25;4385;26368
17/08/2023;20:00:00;4385;4390.25;4381.5;4384.5;26126
18/08/2023;00:00:00;4384.5;4388.75;4375.75;4382.25;56242
18/08/2023;04:00:00;4382;4383;4353.25;4358.75;128876
18/08/2023;08:00:00;4358.5;4385.75;4350;4378.75;818501
18/08/2023;12:00:00;4378.75;4396;4367.25;4380;589117
20/08/2023;16:00:00;4382.5;4390.25;4381.75;4388.75;19103
20/08/2023;20:00:00;4388.5;4389;4378.5;4382.75;30220
21/08/2023;00:00:00;4382.75;4399.5;4375.75;4399.25;50934
21/08/2023;04:00:00;4399.25;4407.5;4394.25;4394.75;68084
21/08/2023;08:00:00;4394.75;4408.5;4372.25;4392.5;667395
21/08/2023;12:00:00;4392.5;4421;4388.75;4409.5;483643
21/08/2023;16:00:00;4410.25;4410.25;4402.25;4408;17595
21/08/2023;20:00:00;4407.75;4411.75;4403.25;4407.75;23840
22/08/2023;00:00:00;4407.75;4428.25;4405.5;4427.75;57983
22/08/2023;04:00:00;4427.75;4440;4424.25;4430.75;74741
22/08/2023;08:00:00;4430.75;4432;4396;4405.75;706632
22/08/2023;12:00:00;4405.75;4413.5;4394.25;4400.25;442324
22/08/2023;16:00:00;4400;4407;4399.5;4406.5;12812
22/08/2023;20:00:00;4406.75;4414.5;4405.75;4411.25;23431
23/08/2023;00:00:00;4411.25;4425.25;4410.25;4422.75;52774
23/08/2023;04:00:00;4422.75;4424.75;4399.5;4403.75;95344
23/08/2023;08:00:00;4403.75;4445;4402.75;4440.5;543476
23/08/2023;12:00:00;4440.25;4476.25;4439.5;4475.5;520593
23/08/2023;16:00:00;4470.5;4472.75;4464.75;4470.75;26343
23/08/2023;20:00:00;4470.5;4480.5;4467.75;4479.75;30515
24/08/2023;00:00:00;4480;4485.5;4471;4473.5;70641
24/08/2023;04:00:00;4473.5;4476.75;4462;4464.5;90765
24/08/2023;08:00:00;4464.25;4468.75;4407;4414.75;895410
24/08/2023;12:00:00;4415;4417;4378.5;4383.75;602176
24/08/2023;16:00:00;4384.5;4392.75;4383;4391.25;22052
24/08/2023;20:00:00;4391.5;4392.75;4385;4387;24319
25/08/2023;00:00:00;4387.25;4398;4379.5;4395.5;60319
25/08/2023;04:00:00;4395.25;4406;4389.5;4403.5;64699
25/08/2023;08:00:00;4403.5;4427.75;4365.25;4402;1049536
25/08/2023;12:00:00;4402;4429;4389;4413.25;580728
27/08/2023;16:00:00;4418;4424.75;4414.5;4416;20033
27/08/2023;20:00:00;4416.25;4422;4415.75;4417.75;24385
28/08/2023;00:00:00;4417.5;4424.25;4415.5;4421.5;34930
28/08/2023;04:00:00;4421.5;4436.75;4416.25;4436;57590
28/08/2023;08:00:00;4436;4447.25;4423.75;4440.75;596763
28/08/2023;12:00:00;4440.75;4449.5;4423.25;4444.25;492161
28/08/2023;16:00:00;4444;4447;4439.5;4443.5;13715
28/08/2023;20:00:00;4443.75;4446.25;4440;4444.5;14549
29/08/2023;00:00:00;4444.5;4454.25;4438;4438.75;53755
29/08/2023;04:00:00;4439;4449.25;4433.5;4439.5;66079
29/08/2023;08:00:00;4439.75;4499.25;4435.75;4495.25;683683
29/08/2023;12:00:00;4495.25;4509.5;4491.25;4508;542769
29/08/2023;16:00:00;4508.75;4511.75;4507.5;4510.75;14656
29/08/2023;20:00:00;4510.75;4516.25;4509.25;4511.75;23321
30/08/2023;00:00:00;4511.75;4514;4499;4499.5;58091
30/08/2023;04:00:00;4499.5;4514;4496.25;4510;98170
30/08/2023;08:00:00;4509.75;4530.75;4501;4528.25;689832
30/08/2023;12:00:00;4528.25;4528.5;4513.75;4527;458238
30/08/2023;16:00:00;4527;4528;4524;4525.5;10756
30/08/2023;20:00:00;4525.5;4531.5;4525;4527.75;21187
31/08/2023;00:00:00;4527.5;4531.75;4524.25;4530.5;51350
31/08/2023;04:00:00;4530.5;4541.25;4523;4534;98632
31/08/2023;08:00:00;4533.75;4539.75;4515;4521;562864
31/08/2023;12:00:00;4521;4533.5;4512.75;4517.25;589028
31/08/2023;16:00:00;4516.75;4521;4514;4519.5;15080
31/08/2023;20:00:00;4519.5;4522.75;4518.25;4521.75;18510
01/09/2023;00:00:00;4521.75;4528;4513.5;4525;51206
01/09/2023;04:00:00;4525;4546.25;4523;4542.25;137359
01/09/2023;08:00:00;4542.5;4547.75;4507.25;4518;785857
01/09/2023;12:00:00;4518;4523.75;4509.25;4519;346960
03/09/2023;16:00:00;4521.25;4523.5;4517.5;4522.75;10073
03/09/2023;20:00:00;4522.75;4524.25;4519.5;4522.25;13150
04/09/2023;00:00:00;4522.25;4531;4521.25;4529.25;29250
04/09/2023;04:00:00;4529.5;4531.25;4525;4526.25;23585
04/09/2023;08:00:00;4526.25;4528.25;4515.25;4518.75;47846
04/09/2023;16:00:00;4520;4521.5;4513;4513.5;12754
04/09/2023;20:00:00;4513.5;4517;4512.5;4515.5;13990
05/09/2023;00:00:00;4515.75;4517;4500;4509.5;67614
05/09/2023;04:00:00;4509.75;4520.25;4507.25;4519.25;89717
05/09/2023;08:00:00;4519.25;4520.75;4501.75;4513.25;596190
05/09/2023;12:00:00;4513;4516.5;4499.25;4500.5;426623
05/09/2023;16:00:00;4500;4503.75;4499;4502.25;11323
05/09/2023;20:00:00;4502.25;4502.75;4496.25;4498.25;21853
06/09/2023;00:00:00;4498.5;4501;4486.25;4493.25;59410
06/09/2023;04:00:00;4493.5;4496;4487.75;4493.75;66029
06/09/2023;08:00:00;4493.5;4494.25;4448.75;4451.25;791103
06/09/2023;12:00:00;4451.25;4473.25;4447;4469.75;574891
06/09/2023;16:00:00;4469.5;4471.75;4467.25;4468;12019
06/09/2023;20:00:00;4468;4470.75;4462.5;4463.75;18719
07/09/2023;00:00:00;4463.5;4464;4452.5;4458;64581
07/09/2023;04:00:00;4458.25;4464.5;4434.75;4437;115078
07/09/2023;08:00:00;4437;4459.25;4434.25;4451.75;781356
07/09/2023;12:00:00;4452;4463;4447.75;4457.25;452105
07/09/2023;16:00:00;4458.25;4458.25;4451.25;4454.25;12179
07/09/2023;20:00:00;4454.5;4458.25;4451;4454.5;13784
08/09/2023;00:00:00;4454.5;4469;4448.75;4448.75;57525
08/09/2023;04:00:00;4448.75;4459.5;4443;4454.5;72936
08/09/2023;08:00:00;4454.5;4477.5;4453.75;4467.25;510836
08/09/2023;12:00:00;4467.25;4468.75;4451.5;4463.5;411628
10/09/2023;16:00:00;4463.5;4468;4460.75;4462.75;9279
10/09/2023;20:00:00;4462.5;4470;4459.25;4470;9520
11/09/2023;00:00:00;4469.75;4532;4469.75;4524.25;45208
11/09/2023;04:00:00;4524.25;4535.75;4524;4534.75;47337
11/09/2023;08:00:00;4534.75;4543.5;4519.5;4532.25;513309
11/09/2023;12:00:00;4532.25;4542;4530;4537.5;273798
11/09/2023;16:00:00;4536.5;4537.75;4531.25;4532;13258
11/09/2023;20:00:00;4532;4537.5;4529.75;4534.25;19396
12/09/2023;00:00:00;4534.25;4537.75;4526.25;4528.25;36964
12/09/2023;04:00:00;4528;4532.75;4524.5;4526.5;54049
12/09/2023;08:00:00;4526.25;4532.5;4514.5;4526.5;480415
12/09/2023;12:00:00;4526.75;4539;4507.25;4513.75;454122
12/09/2023;16:00:00;4513;4515;4510.75;4513.25;10888
12/09/2023;20:00:00;4513.5;4515.5;4505.25;4511.25;22407
13/09/2023;00:00:00;4511.5;4518.5;4504.75;4508.5;55250
13/09/2023;04:00:00;4508.25;4519.25;4495;4514.5;149665
13/09/2023;08:00:00;4514.75;4529;4503;4526;639379
13/09/2023;12:00:00;4526;4530.25;4505.75;4522;454699
13/09/2023;16:00:00;4521.25;4527.5;4519;4527;13565
13/09/2023;20:00:00;4527;4532.25;4524.5;4529.75;26304
14/09/2023;00:00:00;4529.75;4534.25;4522;4528.5;45131
14/09/2023;04:00:00;4528.25;4541.5;4526.25;4539;133346
14/09/2023;08:00:00;4538.75;4558.25;4528;4557.75;766161
14/09/2023;12:00:00;4558;4562;4550.5;4557.75;444535
14/09/2023;16:00:00;4556.5;4561;4556.5;4559.25;16177
14/09/2023;20:00:00;4559.25;4566;4556.75;4564.75;25726
15/09/2023;00:00:00;4564.75;4566;4556.75;4557.25;56190
15/09/2023;04:00:00;4557.5;4561.75;4547.25;4548;85653
15/09/2023;08:00:00;4547.75;4550.5;4507.75;4517.25;871767
15/09/2023;12:00:00;4517;4517.25;4494;4499;629607
17/09/2023;16:00:00;4499.5;4507.25;4498.25;4505.75;17892
17/09/2023;20:00:00;4505.75;4507;4503;4505.5;17756
18/09/2023;00:00:00;4505.5;4507.5;4499.5;4502.75;41711
18/09/2023;04:00:00;4503;4505.25;4487;4495;88247
18/09/2023;08:00:00;4495;4514.5;4489.75;4509.5;588979
18/09/2023;12:00:00;4509.5;4513;4496.25;4502.5;358489
18/09/2023;16:00:00;4503.25;4505.5;4502.25;4503.25;11257
18/09/2023;20:00:00;4503.25;4503.75;4498.75;4499.25;19478
19/09/2023;00:00:00;4499;4507.75;4496.25;4505.75;40852
19/09/2023;04:00:00;4506;4509.5;4496;4496.25;54640
19/09/2023;08:00:00;4496.25;4497.5;4462.25;4469;683712
19/09/2023;12:00:00;4469;4496.75;4468;4492;559470
19/09/2023;16:00:00;4491.25;4493;4488.5;4489.25;10460
19/09/2023;20:00:00;4489.25;4491.25;4484.25;4485.25;16185
20/09/2023;00:00:00;4485.25;4497.75;4484.25;4497;41968
20/09/2023;04:00:00;4497;4506;4495.25;4505.5;57037
20/09/2023;08:00:00;4505.5;4508;4494.25;4502.5;399218
20/09/2023;12:00:00;4502.75;4503;4443.25;4444.25;895840
20/09/2023;16:00:00;4445;4447;4435.75;4436.75;36073
20/09/2023;20:00:00;4436.75;4438.5;4431.25;4434.25;33641
21/09/2023;00:00:00;4434.25;4439.25;4427;4428.5;72249
21/09/2023;04:00:00;4428.75;4431.5;4403.25;4410.25;160850
21/09/2023;08:00:00;4410.5;4418.5;4392.5;4394;855659
21/09/2023;12:00:00;4394.25;4407.75;4366.5;4369;746758
21/09/2023;16:00:00;4370.25;4374.75;4366;4371.5;24335
21/09/2023;20:00:00;4371.25;4381.25;4368.5;4380.25;43000
22/09/2023;00:00:00;4380.25;4384.25;4373.5;4378.75;82905
22/09/2023;04:00:00;4378.75;4390.75;4376;4387;95700
22/09/2023;08:00:00;4387.25;4399;4374.25;4391.75;668984
22/09/2023;12:00:00;4391.75;4392.5;4357.25;4362.75;735982
24/09/2023;16:00:00;4365;4370.5;4360.5;4364.5;21725
24/09/2023;20:00:00;4364.5;4374;4364.5;4372.5;26503
25/09/2023;00:00:00;4372.25;4379.5;4347.25;4354;73684
25/09/2023;04:00:00;4354;4362.5;4343.5;4347.25;106482
25/09/2023;08:00:00;4347;4377.5;4338.25;4367.75;722370
25/09/2023;12:00:00;4367.5;4383.5;4356.5;4382.75;547797
25/09/2023;16:00:00;4382;4382;4364.25;4365.5;20460
25/09/2023;20:00:00;4365.75;4367;4358;4365;33911
26/09/2023;00:00:00;4364.75;4365.75;4344;4359.25;84245
26/09/2023;04:00:00;4359;4366.75;4351.5;4353;104939
26/09/2023;08:00:00;4353;4354;4321.75;4331.5;767873
26/09/2023;12:00:00;4331.5;4335.5;4305.5;4319.5;662424
26/09/2023;16:00:00;4320.25;4323.5;4317;4319;29675
26/09/2023;20:00:00;4318.75;4326.75;4318.5;4326.5;32893
27/09/2023;00:00:00;4326.5;4336.5;4323.75;4333.25;68646
27/09/2023;04:00:00;4333.5;4334;4324.5;4332.5;89917
27/09/2023;08:00:00;4332.25;4334.75;4292.25;4295.5;789197
27/09/2023;12:00:00;4295.25;4330.25;4277;4321.75;883559
27/09/2023;16:00:00;4323.25;4326.5;4314.5;4324.5;27586
27/09/2023;20:00:00;4324.5;4325.5;4308;4315.5;39925
28/09/2023;00:00:00;4315.75;4323.25;4308;4312;77026
28/09/2023;04:00:00;4311.75;4328.25;4302.25;4307.25;201658
28/09/2023;08:00:00;4307;4355.75;4301;4342.25;950993
28/09/2023;12:00:00;4342.25;4351;4327.5;4342.25;649063
28/09/2023;16:00:00;4342;4346.75;4329.25;4329.5;29899
28/09/2023;20:00:00;4329.25;4342;4327.5;4337.25;35892
29/09/2023;00:00:00;4337;4359;4334.75;4353;76432
29/09/2023;04:00:00;4353;4369.75;4349.75;4368;145908
29/09/2023;08:00:00;4368;4371.25;4330.75;4334.25;875109
29/09/2023;12:00:00;4334.25;4341.25;4311;4329.25;845734
01/10/2023;16:00:00;4349;4354;4337.75;4347.5;58490
01/10/2023;20:00:00;4347.5;4353.25;4345.25;4346.25;26954
02/10/2023;00:00:00;4346;4355.5;4337.25;4346.5;62059
02/10/2023;04:00:00;4346.5;4346.5;4313.25;4315.25;139376
02/10/2023;08:00:00;4315.25;4337.75;4295.5;4299;992175
02/10/2023;12:00:00;4298.75;4329.25;4296;4326;615632
02/10/2023;16:00:00;4326;4329;4317.25;4324.5;35505
02/10/2023;20:00:00;4324.75;4327.25;4315.75;4316.25;30400
03/10/2023;00:00:00;4316;4335.75;4313.75;4332.25;75517
03/10/2023;04:00:00;4332;4332.75;4292.5;4294.25;178081
03/10/2023;08:00:00;4294.25;4317;4257;4272;1174886
03/10/2023;12:00:00;4272;4278.25;4251.25;4262.75;697108
03/10/2023;16:00:00;4262.75;4268.5;4258.5;4261.25;29755
03/10/2023;20:00:00;4261.25;4262;4244.75;4256.25;63159
04/10/2023;00:00:00;4256.25;4262.25;4235.5;4258.25;130416
04/10/2023;04:00:00;4258.25;4282;4256.5;4275;198739
04/10/2023;08:00:00;4275.25;4293;4254.25;4285.5;1025853
04/10/2023;12:00:00;4285.75;4304;4265.25;4290.75;648955
04/10/2023;16:00:00;4291.5;4293.75;4286;4293.25;20280
04/10/2023;20:00:00;4293.25;4301.75;4292;4299.25;26818
05/10/2023;00:00:00;4299.5;4299.5;4282.25;4283;66312
05/10/2023;04:00:00;4283;4302;4277.25;4285.75;138954
05/10/2023;08:00:00;4285.75;4299.5;4258;4272.75;827561
05/10/2023;12:00:00;4272.75;4300.75;4264.75;4288.5;543825
05/10/2023;16:00:00;4287.5;4290.5;4284.5;4290;11846
05/10/2023;20:00:00;4290.25;4293;4285.75;4286.5;20521
06/10/2023;00:00:00;4286.5;4296.75;4281.75;4290.75;48027
06/10/2023;04:00:00;4291;4305.25;4242.25;4250.5;246005
06/10/2023;08:00:00;4250.5;4339.5;4247;4329.5;1205268
06/10/2023;12:00:00;4329.5;4358.5;4327.75;4345.25;592534
08/10/2023;16:00:00;4315;4319;4302.25;4311.5;65479
08/10/2023;20:00:00;4311.5;4312;4303.75;4308.5;24168
09/10/2023;00:00:00;4308.5;4318.25;4299.5;4317.25;73365
09/10/2023;04:00:00;4317.25;4322.5;4308.5;4310.5;92330
09/10/2023;08:00:00;4310.5;4346.25;4310.25;4335.75;598291
09/10/2023;12:00:00;4336;4375.75;4334.75;4368.75;569332
09/10/2023;16:00:00;4368.75;4374;4367;4372.5;16239
09/10/2023;20:00:00;4372.5;4377.75;4371;4371.5;25090
10/10/2023;00:00:00;4371.5;4381;4366.25;4379.25;81270
10/10/2023;04:00:00;4379.5;4380.75;4366.25;4374.5;105113
10/10/2023;08:00:00;4374.25;4419;4371;4415;714447
10/10/2023;12:00:00;4415.25;4415.25;4389.25;4391.5;615484
10/10/2023;16:00:00;4392;4395.75;4389.5;4391.5;13990
10/10/2023;20:00:00;4391.5;4395;4390;4392.5;19220
11/10/2023;00:00:00;4392.5;4400;4388;4398.25;60157
11/10/2023;04:00:00;4398.25;4408.75;4394.5;4407.75;124777
11/10/2023;08:00:00;4407.5;4410.5;4381;4387;694122
11/10/2023;12:00:00;4387;4419.75;4377.25;4419;522738
11/10/2023;16:00:00;4417.75;4422.25;4415.25;4420.75;16566
11/10/2023;20:00:00;4420.5;4423.25;4418.25;4423;18375
12/10/2023;00:00:00;4423;4427.75;4418.25;4425.25;48098
12/10/2023;04:00:00;4425.25;4430.5;4407.75;4414.5;158289
12/10/2023;08:00:00;4414.5;4417.5;4393.25;4409;758486
12/10/2023;12:00:00;4409.25;4409.25;4355.5;4380.75;827469
12/10/2023;16:00:00;4380.75;4385.25;4378.25;4384.25;15691
12/10/2023;20:00:00;4384;4388.5;4382.25;4383.75;20534
13/10/2023;00:00:00;4384;4391.75;4380.25;4381.5;49712
13/10/2023;04:00:00;4381.25;4395.5;4365.25;4394.5;157022
13/10/2023;08:00:00;4394.5;4407.75;4352.75;4363.25;1034028
13/10/2023;12:00:00;4363.5;4367.25;4340.75;4351.5;816751
15/10/2023;16:00:00;4356.75;4373;4356.75;4368.25;31652
15/10/2023;20:00:00;4368.25;4372.25;4364.25;4366.75;21384
16/10/2023;00:00:00;4366.75;4374.75;4354.5;4365.25;68843
16/10/2023;04:00:00;4365;4382.25;4360.25;4380.75;104681
16/10/2023;08:00:00;4380.5;4414.25;4377.75;4402.5;750116
16/10/2023;12:00:00;4402.5;4412.25;4385.5;4406;647504
16/10/2023;16:00:00;4406.25;4406.75;4397.25;4401;18033
16/10/2023;20:00:00;4401;4401;4393;4394.25;21207
17/10/2023;00:00:00;4394;4402.5;4387.5;4389;48571
17/10/2023;04:00:00;4389.25;4398;4377;4377.25;120161
17/10/2023;08:00:00;4377.5;4423.25;4365.75;4410;969322
17/10/2023;12:00:00;4410;4412;4383.5;4400;647658
17/10/2023;16:00:00;4398;4399.25;4386.25;4387.25;23240
17/10/2023;20:00:00;4387;4397.5;4386;4395.25;27473
18/10/2023;00:00:00;4395.25;4399;4385;4394.75;62496
18/10/2023;04:00:00;4395;4397.25;4377.25;4378.5;121687
18/10/2023;08:00:00;4378.75;4392.5;4354.25;4355.5;992278
18/10/2023;12:00:00;4355.25;4378.75;4330.75;4347.5;976658
18/10/2023;16:00:00;4346.5;4347.5;4339.75;4345.5;32024
18/10/2023;20:00:00;4345.5;4348.75;4329;4335.75;39188
19/10/2023;00:00:00;4336;4341.75;4320.75;4327.75;86007
19/10/2023;04:00:00;4328;4351.5;4326.5;4349.25;139507
19/10/2023;08:00:00;4349.5;4366.5;4315;4348.5;1336915
19/10/2023;12:00:00;4348.5;4362.25;4292.75;4296.5;1039211
19/10/2023;16:00:00;4295;4298;4290.5;4294.75;31189
19/10/2023;20:00:00;4294.5;4299.25;4287.75;4297.5;32017
20/10/2023;00:00:00;4297.5;4304.25;4283.25;4299.75;82099
20/10/2023;04:00:00;4300;4300.5;4282;4288;131182
20/10/2023;08:00:00;4288.25;4302.25;4255.25;4279;1121268
20/10/2023;12:00:00;4279.25;4284.75;4243.5;4244.5;836801
22/10/2023;16:00:00;4256.25;4261.5;4248;4258.75;34139
22/10/2023;20:00:00;4258.75;4261;4253.5;4257.25;22296
23/10/2023;00:00:00;4257.25;4260;4236.5;4241;69027
23/10/2023;04:00:00;4241;4241;4215.25;4231;159117
23/10/2023;08:00:00;4231;4280.25;4213.25;4280;927536
23/10/2023;12:00:00;4280;4280.75;4238.25;4250.75;695355
23/10/2023;16:00:00;4250.25;4254.75;4245.75;4248.75;20172
23/10/2023;20:00:00;4248.75;4254.5;4242.25;4254.25;33407
24/10/2023;00:00:00;4254.25;4261.25;4246.5;4256.75;77292
24/10/2023;04:00:00;4256.75;4268.25;4255.25;4267.25;104919
24/10/2023;08:00:00;4267;4283.5;4242;4247.5;933676
24/10/2023;12:00:00;4247.25;4290.5;4245;4270.25;588159
24/10/2023;16:00:00;4269.5;4273.5;4259;4264.5;28408
24/10/2023;20:00:00;4264.75;4268.25;4260.75;4262.5;21832
25/10/2023;00:00:00;4262.5;4263.5;4245.75;4256.75;73333
25/10/2023;04:00:00;4256.75;4264.25;4248.25;4253.5;88531
25/10/2023;08:00:00;4253.5;4257;4217.25;4219.75;978175
25/10/2023;12:00:00;4219.75;4223.25;4203.75;4211;728624
25/10/2023;16:00:00;4202;4204.5;4184;4185.75;57412
25/10/2023;20:00:00;4185.75;4188.75;4178;4181.25;40851
26/10/2023;00:00:00;4181;4186.25;4171;4182.5;90909
26/10/2023;04:00:00;4182.5;4199.5;4171.5;4197.75;175670
26/10/2023;08:00:00;4198;4205;4152.75;4153;1108221
26/10/2023;12:00:00;4153;4191.25;4146.25;4160.5;867596
26/10/2023;16:00:00;4167;4180.75;4166.75;4172.75;37449
26/10/2023;20:00:00;4172.5;4182.75;4171.75;4182.25;29672
27/10/2023;00:00:00;4182.25;4184.5;4171.5;4184;64546
27/10/2023;04:00:00;4184;4185;4160.75;4173.25;143007
27/10/2023;08:00:00;4173.5;4178.5;4147;4148.25;1004695
27/10/2023;12:00:00;4148.5;4150.75;4122.25;4136.5;844339
29/10/2023;16:00:00;4148;4153.75;4143.5;4153.75;35400
29/10/2023;20:00:00;4153.75;4154.5;4149;4151;23391
30/10/2023;00:00:00;4151;4164.25;4149.25;4160;51604
30/10/2023;04:00:00;4160;4169;4158.5;4161.75;88962
30/10/2023;08:00:00;4161.75;4184;4152;4162.25;939023
30/10/2023;12:00:00;4162.5;4197.5;4159.75;4185;687298
30/10/2023;16:00:00;4184.25;4184.75;4175.75;4179.5;24776
30/10/2023;20:00:00;4179.5;4180.5;4168;4171.5;43521
31/10/2023;00:00:00;4171.25;4192.25;4166.75;4192;52905
31/10/2023;04:00:00;4192;4199.75;4184.25;4190.5;140041
31/10/2023;08:00:00;4190.75;4198.5;4171.75;4197.5;821280
31/10/2023;12:00:00;4197.5;4215;4193.25;4204;673772
31/10/2023;16:00:00;4205;4207.25;4199;4201.25;21369
31/10/2023;20:00:00;4201;4207;4197.5;4205.5;23584
01/11/2023;00:00:00;4205.75;4211.5;4195.25;4197.5;45886
01/11/2023;04:00:00;4197.5;4217.5;4191.25;4214;140401
01/11/2023;08:00:00;4213.75;4248.5;4207;4227;788796
01/11/2023;12:00:00;4226.75;4264.75;4220.25;4258.25;934400
01/11/2023;16:00:00;4258.5;4269;4257.75;4267.5;29065
01/11/2023;20:00:00;4267.75;4270;4265;4266;26242
02/11/2023;00:00:00;4266;4277.75;4261.75;4275.75;52098
02/11/2023;04:00:00;4276;4298;4274.25;4296.5;160167
02/11/2023;08:00:00;4296.5;4324;4290.75;4319.5;849554
02/11/2023;12:00:00;4319.5;4339.75;4317.5;4333.25;609380
02/11/2023;16:00:00;4327.5;4332.75;4325.5;4330;22934
02/11/2023;20:00:00;4330;4334.75;4328.75;4332.5;18767
03/11/2023;00:00:00;4332.5;4335;4328;4329.5;31533
03/11/2023;04:00:00;4329.75;4361.25;4326;4356;186166
03/11/2023;08:00:00;4356;4387.25;4352.5;4386.25;886685
03/11/2023;12:00:00;4386.25;4391.75;4374.5;4378.5;549422
05/11/2023;16:00:00;4379.25;4383.75;4374;4376.25;27512
05/11/2023;20:00:00;4376.5;4379.5;4376.25;4378.25;17969
06/11/2023;00:00:00;4378;4384.75;4377;4383.5;43891
06/11/2023;04:00:00;4383.5;4386.75;4378.5;4381.75;70744
06/11/2023;08:00:00;4382;4389.5;4372.5;4377.5;598924
06/11/2023;12:00:00;4377.25;4385.5;4364.25;4380.25;528396
06/11/2023;16:00:00;4380;4380;4373.75;4377;26049
06/11/2023;20:00:00;4377.25;4377.75;4372.25;4375;18886
07/11/2023;00:00:00;4374.75;4378.75;4369.25;4371.5;43849
07/11/2023;04:00:00;4371.5;4380.75;4366;4380.5;87769
07/11/2023;08:00:00;4380.5;4402.5;4372.25;4394.5;676170
07/11/2023;12:00:00;4394.25;4403.25;4389.5;4397.5;463968
07/11/2023;16:00:00;4397.5;4397.5;4392.5;4394;18144
07/11/2023;20:00:00;4394.25;4396.5;4389.75;4390.25;18622
08/11/2023;00:00:00;4390.25;4395.25;4387.5;4393;45986
08/11/2023;04:00:00;4393;4401.25;4390.75;4399;58576
08/11/2023;08:00:00;4398.75;4407.75;4375;4384.5;696367
08/11/2023;12:00:00;4384.75;4404.75;4382.5;4393.5;482195
08/11/2023;16:00:00;4393.25;4398.25;4390.25;4396.25;18323
08/11/2023;20:00:00;4396.25;4398.25;4393.25;4395.25;14923
09/11/2023;00:00:00;4395.25;4404.75;4393.25;4400.25;45796
09/11/2023;04:00:00;4400.25;4412.25;4399.75;4411;85081
09/11/2023;08:00:00;4411;4413;4385.25;4400.75;698472
09/11/2023;12:00:00;4400.5;4401.5;4357.75;4364.75;1042450
09/11/2023;16:00:00;4364.5;4365;4354.25;4363;32344
09/11/2023;20:00:00;4362.75;4367.5;4361.25;4366.5;24418
10/11/2023;00:00:00;4366.25;4373.75;4359.75;4366.5;55889
10/11/2023;04:00:00;4366.75;4383;4356;4381.25;105973
10/11/2023;08:00:00;4381.5;4414.5;4367.75;4412.25;822509
10/11/2023;12:00:00;4412.25;4435.5;4406.25;4424.5;631700
12/11/2023;16:00:00;4425.75;4429;4415.75;4417.5;33193
12/11/2023;20:00:00;4417.25;4418.5;4408.5;4410.75;29225
13/11/2023;00:00:00;4410.75;4422.75;4410.25;4421.75;53607
13/11/2023;04:00:00;4421.5;4425.75;4414.25;4416;82433
13/11/2023;08:00:00;4416;4436.75;4407.25;4428.75;638686
13/11/2023;12:00:00;4428.75;4434.5;4422.25;4428;389725
13/11/2023;16:00:00;4427.25;4428.25;4425.5;4426.75;16341
13/11/2023;20:00:00;4427;4429.5;4425;4426.25;16627
14/11/2023;00:00:00;4426.25;4437;4425;4434.5;43873
14/11/2023;04:00:00;4434.5;4490.25;4420.25;4488;257263
14/11/2023;08:00:00;4488;4520.75;4482.25;4510.75;874069
14/11/2023;12:00:00;4511;4524.25;4500.25;4514.5;603077
14/11/2023;16:00:00;4515.5;4519.75;4514;4516.25;23030
14/11/2023;20:00:00;4516.5;4525.25;4515.5;4523.25;27625
15/11/2023;00:00:00;4523;4529.5;4518.5;4520.75;68465
15/11/2023;04:00:00;4520.5;4541.25;4519.5;4525.75;143033
15/11/2023;08:00:00;4526;4536.75;4516.75;4520.25;685508
15/11/2023;12:00:00;4520.25;4529.5;4510.75;4514;559298
15/11/2023;16:00:00;4514.25;4520;4509.25;4509.5;24874
15/11/2023;20:00:00;4509.75;4516.25;4507;4515;30015
16/11/2023;00:00:00;4515;4521.5;4514;4515.25;47747
16/11/2023;04:00:00;4515.5;4522.5;4507.75;4522.25;112274
16/11/2023;08:00:00;4522;4526.25;4501.75;4515.5;742467
16/11/2023;12:00:00;4515.5;4529.5;4506.5;4528.5;475607
16/11/2023;16:00:00;4527.75;4528.25;4523.5;4526.75;17509
16/11/2023;20:00:00;4526.75;4530.5;4524.5;4526.5;16891
17/11/2023;00:00:00;4526.5;4535.5;4524;4530.5;48878
17/11/2023;04:00:00;4530.5;4539.5;4529.5;4531.75;89715
17/11/2023;08:00:00;4531.75;4533.75;4512.75;4524.5;638678
17/11/2023;12:00:00;4524.5;4534.5;4522;4523.75;432580
19/11/2023;16:00:00;4526.75;4529;4520.5;4523.25;27527
19/11/2023;20:00:00;4523.5;4526;4520;4520;16163
20/11/2023;00:00:00;4520;4533.25;4520;4533;49117
20/11/2023;04:00:00;4532.75;4534;4523.25;4529.5;65439
20/11/2023;08:00:00;4529.75;4550.5;4524.5;4546;484330
20/11/2023;12:00:00;4546;4571;4545.75;4561.25;503562
20/11/2023;16:00:00;4561.75;4566.5;4560.5;4564.25;22313
20/11/2023;20:00:00;4564.25;4567;4562.5;4563;17293
21/11/2023;00:00:00;4563;4564.25;4555.25;4555.75;40418
21/11/2023;04:00:00;4555.75;4560.5;4548.25;4549;80028
21/11/2023;08:00:00;4548.75;4554.25;4537.75;4553.5;481276
21/11/2023;12:00:00;4553.75;4554.75;4536.75;4548;413352
21/11/2023;16:00:00;4547.75;4551.25;4543;4550.25;19600
21/11/2023;20:00:00;4550;4554;4548;4548.5;16680
22/11/2023;00:00:00;4548.5;4554.25;4545.75;4551.75;37520
22/11/2023;04:00:00;4551.75;4566.75;4551.25;4565.25;101532
22/11/2023;08:00:00;4565.5;4580.5;4555;4567.25;751723
22/11/2023;12:00:00;4567.25;4572.5;4555.25;4565.75;422752
22/11/2023;16:00:00;4564;4568.5;4562;4568;12141
22/11/2023;20:00:00;4568.25;4569.25;4564.75;4569;9075
23/11/2023;00:00:00;4569.25;4572.5;4567.25;4571;27319
23/11/2023;04:00:00;4571.25;4572.25;4567.5;4569.75;18907
23/11/2023;08:00:00;4569.75;4572.75;4567.5;4569.5;30803
23/11/2023;16:00:00;4572;4572.25;4569;4571.75;9760
23/11/2023;20:00:00;4571.75;4571.75;4568.75;4570;10074
24/11/2023;00:00:00;4570;4574;4566;4571;31080
24/11/2023;04:00:00;4571.25;4573.75;4566.5;4570;42138
24/11/2023;08:00:00;4570;4571;4562.75;4568.25;320631
24/11/2023;12:00:00;4568.25;4570;4567.5;4568.25;21394
26/11/2023;16:00:00;4568.5;4568.75;4557.25;4559.25;32905
26/11/2023;20:00:00;4559.25;4559.5;4552;4552;23615
27/11/2023;00:00:00;4552.25;4562.75;4552.25;4555.25;46152
27/11/2023;04:00:00;4555.25;4565.25;4555.25;4561.25;59545
27/11/2023;08:00:00;4561.25;4569.25;4555.5;4566.75;498957
27/11/2023;12:00:00;4567;4570;4556;4561.5;397993
27/11/2023;16:00:00;4561.5;4564;4559.5;4562.25;20824
27/11/2023;20:00:00;4562.5;4564.75;4560;4562;18298
28/11/2023;00:00:00;4562.25;4564.25;4550.5;4559;55410
28/11/2023;04:00:00;4559.25;4560.5;4547;4553.5;76442
28/11/2023;08:00:00;4553.5;4577.25;4549.25;4563.5;693159
28/11/2023;12:00:00;4563.25;4565.5;4551.75;4564;518375
28/11/2023;16:00:00;4564;4570.5;4562.5;4568.75;25663
28/11/2023;20:00:00;4568.75;4571.25;4566.5;4569.5;22940
29/11/2023;00:00:00;4569.5;4579.75;4567.25;4578.5;61335
29/11/2023;04:00:00;4578.25;4590.25;4576.5;4584.75;114984
29/11/2023;08:00:00;4585;4597;4562.75;4576.25;793281
29/11/2023;12:00:00;4576.5;4578;4555.5;4563;516341
29/11/2023;16:00:00;4562.25;4564.25;4560;4561.25;22958
29/11/2023;20:00:00;4561.5;4567.5;4561;4567.25;21638
30/11/2023;00:00:00;4567.25;4568.25;4558.5;4566.25;49728
30/11/2023;04:00:00;4566.5;4578.25;4565;4570.25;116547
30/11/2023;08:00:00;4570;4570.25;4546;4552.5;974826
30/11/2023;12:00:00;4552.5;4579.5;4544.75;4571.75;760306
30/11/2023;16:00:00;4571.75;4574.25;4571;4572.75;22182
30/11/2023;20:00:00;4572.75;4576.75;4571.5;4574.25;23625
01/12/2023;00:00:00;4574;4584.5;4572;4581.5;51348
01/12/2023;04:00:00;4581.25;4581.5;4565;4566.25;94164
01/12/2023;08:00:00;4566;4607.75;4562.5;4605.5;1065311
01/12/2023;12:00:00;4605.25;4606.25;4593;4604;561684
03/12/2023;16:00:00;4603.25;4604.5;4593.5;4595.25;40552
03/12/2023;20:00:00;4595.25;4596.75;4592.5;4592.75;23691
04/12/2023;00:00:00;4593;4594.5;4585.25;4589.75;61627
04/12/2023;04:00:00;4590;4591;4573.75;4574.25;99231
04/12/2023;08:00:00;4574.25;4578.5;4553.5;4577;908411
04/12/2023;12:00:00;4577;4579.75;4565;4572.5;591970
04/12/2023;16:00:00;4573;4573.25;4565.75;4568.5;22611
04/12/2023;20:00:00;4568.25;4569.5;4565.75;4567.25;21310
05/12/2023;00:00:00;4567.25;4569.25;4556.5;4566.25;62549
05/12/2023;04:00:00;4566.25;4566.5;4555.5;4559.75;102362
05/12/2023;08:00:00;4559.75;4585.5;4555.5;4572;1009904
05/12/2023;12:00:00;4571.75;4578.5;4568.25;4573.25;559254
05/12/2023;16:00:00;4573.25;4588.5;4571.25;4587.25;35072
05/12/2023;20:00:00;4587.25;4590.25;4585.75;4588.5;28694
06/12/2023;00:00:00;4588.5;4589;4580.75;4584.25;55054
06/12/2023;04:00:00;4584.5;4596.25;4580;4594.5;119073
06/12/2023;08:00:00;4594.25;4598.5;4566.5;4567.25;885334
06/12/2023;12:00:00;4567.25;4574.75;4552;4556.5;588909
06/12/2023;16:00:00;4556;4557;4552;4552.75;29358
06/12/2023;20:00:00;4552.5;4554.75;4551;4552;24155
07/12/2023;00:00:00;4552.25;4557.25;4548.75;4555.25;65911
07/12/2023;04:00:00;4555.5;4570.25;4552.5;4569.5;116055
07/12/2023;08:00:00;4569.5;4591.5;4568.25;4588.5;914551
07/12/2023;12:00:00;4588.5;4596;4583.5;4585.75;452710
07/12/2023;16:00:00;4586.5;4588.5;4583.75;4585.25;20151
07/12/2023;20:00:00;4585;4590.25;4584.75;4588.25;16990
08/12/2023;00:00:00;4588.25;4591.75;4580.75;4590.75;33979
08/12/2023;04:00:00;4590.5;4593.5;4561.75;4581.25;146553
08/12/2023;08:00:00;4581.25;4610.5;4575.5;4596.5;773801
08/12/2023;12:00:00;4596.5;4613.75;4595;4607.25;433340
10/12/2023;16:00:00;4607.75;4614.25;4605.5;4607.5;18040
10/12/2023;20:00:00;4607.25;4608.25;4603.75;4606.5;8421
11/12/2023;00:00:00;4606.5;4609.5;4602;4605;20891
11/12/2023;04:00:00;4604.75;4607.75;4599.5;4604.25;23834
11/12/2023;08:00:00;4604.25;4617;4599.75;4614.75;238858
11/12/2023;12:00:00;4614.75;4627.25;4611.75;4624.5;157697
11/12/2023;16:00:00;4625;4629.75;4622.75;4626.75;9335
11/12/2023;20:00:00;4626.5;4629.25;4626.5;4628;8164
12/12/2023;00:00:00;4627.75;4685.25;4627.75;4685;42179
12/12/2023;04:00:00;4684.75;4696.25;4672.5;4673.75;154460
12/12/2023;08:00:00;4674;4687.5;4662.25;4682.25;551468
12/12/2023;12:00:00;4682.25;4701.75;4681;4700.5;375516
12/12/2023;16:00:00;4700.5;4705;4700;4703.75;22191
12/12/2023;20:00:00;4704;4705.25;4701.75;4703;15966
13/12/2023;00:00:00;4703;4705.5;4701;4703.25;37456
13/12/2023;04:00:00;4703.25;4709.25;4701.25;4708.5;72469
13/12/2023;08:00:00;4708.25;4708.75;4697.5;4700.5;442315
13/12/2023;12:00:00;4700.5;4764.25;4696.75;4758.5;994451
13/12/2023;16:00:00;4760.75;4779.5;4759.75;4777.75;50723
13/12/2023;20:00:00;4777.75;4781.25;4774.5;4778.75;36363
14/12/2023;00:00:00;4778.75;4780.5;4767.25;4770;94131
14/12/2023;04:00:00;4770.25;4788;4768.25;4788;148720
14/12/2023;08:00:00;4788;4791.75;4769;4774;843697
14/12/2023;12:00:00;4774.25;4776;4746.25;4768.5;772503
14/12/2023;16:00:00;4767.75;4775;4765.75;4772.75;28134
14/12/2023;20:00:00;4772.75;4780;4772.25;4779.25;25245
15/12/2023;00:00:00;4779;4787.75;4777.25;4787.25;55063
15/12/2023;04:00:00;4787;4789;4765.25;4772.75;147755
15/12/2023;08:00:00;4773;4779.75;4761.5;4767;721924
15/12/2023;12:00:00;4766.75;4779.5;4757.25;4769.5;650721
17/12/2023;16:00:00;4770.5;4778.5;4769.5;4776;25697
17/12/2023;20:00:00;4776;4782;4775.25;4781.5;17973
18/12/2023;00:00:00;4781.5;4782.75;4771;4779.25;40577
18/12/2023;04:00:00;4779.25;4784.5;4773.75;4782.5;55521
18/12/2023;08:00:00;4782.5;4799.25;4778.75;4796.75;537360
18/12/2023;12:00:00;4796.5;4802.25;4788.25;4790.25;400136
18/12/2023;16:00:00;4790.5;4791.75;4787.75;4791;13396
18/12/2023;20:00:00;4791;4795.25;4790.75;4794.5;18278
19/12/2023;00:00:00;4794.25;4798.75;4792;4796.25;32078
19/12/2023;04:00:00;4796.25;4804.25;4794.5;4801;59427
19/12/2023;08:00:00;4801;4817;4796.5;4812.5;543432
19/12/2023;12:00:00;4812.5;4821.5;4808.25;4818.25;396238
19/12/2023;16:00:00;4818.5;4820.5;4817.25;4820.25;14392
19/12/2023;20:00:00;4820;4824.25;4819.25;4822.5;17822
20/12/2023;00:00:00;4822.5;4823;4810.5;4812.5;48111
20/12/2023;04:00:00;4812.5;4814;4808.25;4810.75;59525
20/12/2023;08:00:00;4811;4830.75;4807.5;4829.5;443383
20/12/2023;12:00:00;4829.75;4829.75;4743.25;4753.25;1040192
20/12/2023;16:00:00;4751;4759.5;4751;4758.25;28249
20/12/2023;20:00:00;4758.25;4768;4758.25;4767.5;34535
21/12/2023;00:00:00;4767.75;4778;4766.5;4774.75;66196
21/12/2023;04:00:00;4774.75;4794.75;4769.5;4785.75;123401
21/12/2023;08:00:00;4786;4792.5;4760;4762.25;799549
21/12/2023;12:00:00;4762;4798.25;4755.5;4795.75;572924
21/12/2023;16:00:00;4795.75;4797.25;4788.5;4789.75;23423
21/12/2023;20:00:00;4789.5;4792;4786.75;4787;19705
22/12/2023;00:00:00;4787;4794.25;4785.5;4791.25;34866
22/12/2023;04:00:00;4791.25;4807.75;4789.5;4807.25;84718
22/12/2023;08:00:00;4807.5;4821.75;4803.5;4813.75;569374
22/12/2023;12:00:00;4813.75;4815.5;4784.75;4799.25;528933
25/12/2023;16:00:00;4800.25;4811.75;4800.25;4808.75;21291
25/12/2023;20:00:00;4809;4813;4807;4811.5;12566
26/12/2023;00:00:00;4811.75;4815;4810.25;4811.75;14223
26/12/2023;04:00:00;4812;4813.5;4806.5;4810.5;41142
26/12/2023;08:00:00;4810.5;4822.75;4808;4819;251045
26/12/2023;12:00:00;4819;4834.5;4818.5;4827;286267
26/12/2023;16:00:00;4827.75;4830;4822.75;4825.25;13389
26/12/2023;20:00:00;4825.25;4827.5;4823.25;4827.25;11731
27/12/2023;00:00:00;4827.25;4829.25;4822;4823.75;30231
27/12/2023;04:00:00;4824;4828.75;4821;4825.25;38102
27/12/2023;08:00:00;4825;4829;4818;4822.75;358338
27/12/2023;12:00:00;4822.75;4836.5;4816.5;4834.75;498212
27/12/2023;16:00:00;4834.5;4840.5;4832.75;4840.5;16146
27/12/2023;20:00:00;4840.5;4841.5;4838;4840;18035
28/12/2023;00:00:00;4840;4841.25;4833;4833.75;27353
28/12/2023;04:00:00;4834;4836;4829.5;4829.5;45666
28/12/2023;08:00:00;4829.75;4839.25;4829;4837.25;357802
28/12/2023;12:00:00;4837.25;4839.75;4828;4833.5;383907
28/12/2023;16:00:00;4834.75;4836;4832.5;4834.75;14211
28/12/2023;20:00:00;4834.5;4837;4834.25;4836.25;12482
29/12/2023;00:00:00;4836.5;4841;4834.5;4834.75;25987
29/12/2023;04:00:00;4834.75;4837.25;4828;4828.75;50373
29/12/2023;08:00:00;4828.75;4835;4796.75;4808.5;521406
29/12/2023;12:00:00;4808.5;4823;4807;4812.75;505626
01/01/2024;16:00:00;4818;4822.75;4815.75;4818.75;29950
01/01/2024;20:00:00;4819;4823.5;4817;4822.25;19051
02/01/2024;00:00:00;4822.5;4828;4815;4816.5;44875
02/01/2024;04:00:00;4816.25;4817.75;4777.75;4782.75;141865
02/01/2024;08:00:00;4782.5;4797.5;4773.25;4787;743311
02/01/2024;12:00:00;4787.25;4790.5;4765.5;4788.5;570047
02/01/2024;16:00:00;4790.75;4790.75;4785.25;4786.25;13819
02/01/2024;20:00:00;4786.5;4787;4781.75;4783.75;15490
03/01/2024;00:00:00;4783.75;4789;4775.5;4775.5;50929
03/01/2024;04:00:00;4775.75;4780;4765.5;4766.5;98321
03/01/2024;08:00:00;4766.25;4769.5;4746.5;4762.25;753220
03/01/2024;12:00:00;4762.25;4771.75;4741;4748.75;655697
03/01/2024;16:00:00;4750;4753.25;4746.75;4752.25;20604
03/01/2024;20:00:00;4752.25;4752.5;4748;4748.25;14167
04/01/2024;00:00:00;4748.25;4757;4748.25;4754.25;45438
04/01/2024;04:00:00;4754;4755;4741.75;4743;107660
04/01/2024;08:00:00;4743;4766.5;4737;4747.75;632516
04/01/2024;12:00:00;4747.5;4751;4727;4732.25;479099
04/01/2024;16:00:00;4732.75;4736.5;4732.5;4735.25;15580
04/01/2024;20:00:00;4735.25;4735.25;4729.5;4730.25;12988
05/01/2024;00:00:00;4730;4731.75;4717.5;4718.25;51365
05/01/2024;04:00:00;4718.25;4724;4702;4719.75;201461
05/01/2024;08:00:00;4719.75;4760.25;4719.25;4730.75;841013
05/01/2024;12:00:00;4730.5;4745.5;4719.75;4735.5;541508
07/01/2024;16:00:00;4735.75;4743.25;4733.5;4736.5;21586
07/01/2024;20:00:00;4736.25;4736.25;4729.5;4730.5;19110
08/01/2024;00:00:00;4730.5;4735.75;4715.25;4725;54551
08/01/2024;04:00:00;4724.75;4739.5;4721;4735;75442
08/01/2024;08:00:00;4735.25;4771.5;4732.75;4770;570480
08/01/2024;12:00:00;4770;4803.25;4767.5;4798;598965
08/01/2024;16:00:00;4797.75;4798.75;4795.75;4797.25;16029
08/01/2024;20:00:00;4797.25;4798.75;4794.25;4794.75;15169
09/01/2024;00:00:00;4794.75;4797.25;4783;4788.25;53497
09/01/2024;04:00:00;4788.25;4789.25;4773.5;4774;93795
09/01/2024;08:00:00;4774.25;4799.25;4767.5;4798.25;585217
09/01/2024;12:00:00;4798;4804;4783.75;4790.5;533079
09/01/2024;16:00:00;4790.75;4795;4787.75;4791;16635
09/01/2024;20:00:00;4791.25;4792.25;4787.5;4789.5;16900
10/01/2024;00:00:00;4789.5;4804;4786;4800.75;46689
10/01/2024;04:00:00;4801;4801.5;4789;4789.5;66629
10/01/2024;08:00:00;4789.25;4808.5;4787.75;4807.5;532351
10/01/2024;12:00:00;4807.75;4828.5;4801.75;4820.25;621808
10/01/2024;16:00:00;4820.5;4827.5;4818;4826.25;19592
10/01/2024;20:00:00;4826.5;4830.25;4825.75;4828;17283
11/01/2024;00:00:00;4828;4838;4826;4827.5;50641
11/01/2024;04:00:00;4827.75;4837;4802.5;4807.5;177746
11/01/2024;08:00:00;4807.75;4832.25;4772.75;4790;994811
11/01/2024;12:00:00;4790;4820.75;4789.25;4812;479655
11/01/2024;16:00:00;4811.25;4813.5;4803;4807.5;31089
11/01/2024;20:00:00;4807.25;4812;4804.75;4807;19321
12/01/2024;00:00:00;4807.25;4821.75;4801.25;4812.5;64270
12/01/2024;04:00:00;4812.25;4817.5;4791.5;4814.75;167305
12/01/2024;08:00:00;4814.5;4836.5;4802.25;4811.5;798107
12/01/2024;12:00:00;4811.5;4823.75;4807.75;4811.25;378558
14/01/2024;16:00:00;4812;4813;4806.5;4812;18616
14/01/2024;20:00:00;4812;4818.75;4811.75;4816;17227
15/01/2024;00:00:00;4816;4823;4807.75;4812;39264
15/01/2024;04:00:00;4812.25;4814.5;4806.75;4810;34909
15/01/2024;08:00:00;4810;4813.5;4807.5;4813.5;45338
15/01/2024;16:00:00;4811.5;4813.5;4797;4803.25;32411
15/01/2024;20:00:00;4803.25;4805.5;4797;4797.25;19212
16/01/2024;00:00:00;4797.25;4800.25;4786;4791.75;73548
16/01/2024;04:00:00;4791.75;4805;4785.25;4795.25;105543
16/01/2024;08:00:00;4795.25;4815.75;4783.5;4788.5;956835
16/01/2024;12:00:00;4788.5;4801.25;4779.5;4799;488438
16/01/2024;16:00:00;4799.75;4800.75;4792.5;4794.5;21229
16/01/2024;20:00:00;4794.5;4795;4784.25;4784.25;27844
17/01/2024;00:00:00;4784.25;4785.25;4768.75;4777.5;99642
17/01/2024;04:00:00;4777.75;4785.25;4765.75;4768;132508
17/01/2024;08:00:00;4768;4775.75;4758;4764.5;780422
17/01/2024;12:00:00;4764.5;4774.25;4746.25;4769.25;537748
17/01/2024;16:00:00;4768;4771.75;4765;4770.25;22757
17/01/2024;20:00:00;4770;4771.5;4763.5;4769.25;19195
18/01/2024;00:00:00;4769;4777.75;4767.75;4774.25;72490
18/01/2024;04:00:00;4774;4797.5;4771.5;4783;127977
18/01/2024;08:00:00;4783.25;4796.25;4775.75;4777.75;786247
18/01/2024;12:00:00;4777.5;4817;4770;4810.75;630891
18/01/2024;16:00:00;4811.25;4815.25;4808.5;4814.5;27270
18/01/2024;20:00:00;4814.25;4816.5;4811.5;4812;18777
19/01/2024;00:00:00;4811.75;4831.75;4811.75;4829.75;68304
19/01/2024;04:00:00;4829.75;4841.25;4826.75;4831.25;102599
19/01/2024;08:00:00;4831.25;4848.5;4815;4848.25;856818
19/01/2024;12:00:00;4848.5;4874.25;4843.5;4869.75;685123
21/01/2024;16:00:00;4872.5;4887.5;4872.5;4883;40510
21/01/2024;20:00:00;4883;4885;4878.75;4879.5;21446
22/01/2024;00:00:00;4879.5;4885;4877.5;4884.25;61139
22/01/2024;04:00:00;4884.25;4890.5;4882.25;4886;82367
22/01/2024;08:00:00;4885.75;4898.25;4875.25;4883.25;669749
22/01/2024;12:00:00;4883.5;4888;4873.5;4880.75;386670
22/01/2024;16:00:00;4881.75;4884.75;4879;4883.25;17436
22/01/2024;20:00:00;4883;4885;4880;4881.5;19531
23/01/2024;00:00:00;4881.25;4885.75;4877.25;4881.75;45374
23/01/2024;04:00:00;4881.75;4891.75;4878.25;4888.25;66644
23/01/2024;08:00:00;4888.25;4889.25;4874.25;4884.25;491971
23/01/2024;12:00:00;4884.5;4902;4881;4901;422332
23/01/2024;16:00:00;4900.25;4906.25;4900.25;4903.5;17841
23/01/2024;20:00:00;4903.75;4908.75;4902.5;4907;15078
24/01/2024;00:00:00;4907;4917;4906.75;4916.5;60576
24/01/2024;04:00:00;4916.75;4924.5;4912.5;4919.75;79038
24/01/2024;08:00:00;4919.75;4933.25;4909;4932.75;648476
24/01/2024;12:00:00;4932.75;4932.75;4889;4901.5;684500
24/01/2024;16:00:00;4899.5;4902;4893.5;4897;22035
24/01/2024;20:00:00;4897;4901.5;4893.25;4901;16814
25/01/2024;00:00:00;4901.25;4904.75;4897.25;4902;42140
25/01/2024;04:00:00;4901.75;4918;4895.5;4915.75;117218
25/01/2024;08:00:00;4915.75;4926.5;4904.5;4908.75;681747
25/01/2024;12:00:00;4908.5;4925.5;4896.75;4919;576242
25/01/2024;16:00:00;4919.25;4919.5;4909.75;4911.75;26570
25/01/2024;20:00:00;4911.75;4915.5;4901.25;4906;25275
26/01/2024;00:00:00;4906;4913;4898.5;4912.75;50171
26/01/2024;04:00:00;4913;4928.75;4911.25;4926.75;112207
26/01/2024;08:00:00;4926.5;4934.25;4909.25;4912.25;638430
26/01/2024;12:00:00;4912.25;4923.75;4907.5;4912.75;420515
28/01/2024;16:00:00;4908.75;4912.5;4901.75;4912;29747
28/01/2024;20:00:00;4912.25;4913.25;4909.5;4913.25;15446
29/01/2024;00:00:00;4913.25;4920.75;4912.75;4913.5;39245
29/01/2024;04:00:00;4913.5;4921.75;4912.5;4916.25;47821
29/01/2024;08:00:00;4916.25;4927.5;4912.75;4923;444402
29/01/2024;12:00:00;4923.25;4956;4919.75;4950.25;561630
29/01/2024;16:00:00;4950.25;4957.25;4949.5;4954.25;19838
29/01/2024;20:00:00;4954.25;4955.75;4952.25;4954;13125
30/01/2024;00:00:00;4954.25;4955;4946;4949.5;41187
30/01/2024;04:00:00;4949.5;4952.5;4940.75;4943.25;54666
30/01/2024;08:00:00;4943.5;4955.75;4941.5;4944.5;520073
30/01/2024;12:00:00;4944.5;4957.25;4933;4933.5;428896
30/01/2024;16:00:00;4930.25;4934.25;4927;4930.25;28343
30/01/2024;20:00:00;4930;4932.75;4929.25;4930.5;14552
31/01/2024;00:00:00;4930.75;4938;4923.25;4925.5;51187
31/01/2024;04:00:00;4925.5;4937;4923;4925;116740
31/01/2024;08:00:00;4925;4930.5;4902.75;4912.75;743517
31/01/2024;12:00:00;4913;4929.75;4866;4871.75;1203812
31/01/2024;16:00:00;4874.5;4883;4872.5;4880.75;28932
31/01/2024;20:00:00;4880.75;4886;4879.5;4879.75;24244
01/02/2024;00:00:00;4879.75;4886.75;4873.75;4885.5;54517
01/02/2024;04:00:00;4885.5;4895.75;4882.75;4889.25;107998
01/02/2024;08:00:00;4889.25;4919.5;4874.5;4911;886607
01/02/2024;12:00:00;4910.75;4963.75;4899;4959;636104
01/02/2024;16:00:00;4952.75;4959;4950;4958.25;29522
01/02/2024;20:00:00;4958.5;4959;4953.75;4955.5;15605
02/02/2024;00:00:00;4955.25;4960;4951.25;4954.75;50517
02/02/2024;04:00:00;4954.75;4964;4927.5;4929.25;165048
02/02/2024;08:00:00;4929.25;4983.5;4925.75;4973.25;932158
02/02/2024;12:00:00;4973.25;4997.75;4969.75;4972.75;664692
04/02/2024;16:00:00;4976;4980.75;4964.25;4970;40874
04/02/2024;20:00:00;4969.75;4970.25;4964.5;4969.25;21430
05/02/2024;00:00:00;4969.25;4974;4963.75;4965.75;38459
05/02/2024;04:00:00;4965.75;4975.5;4963.25;4965;77647
05/02/2024;08:00:00;4965;4973;4937.75;4966;708665
05/02/2024;12:00:00;4966.25;4977.5;4955.5;4960.25;520240
05/02/2024;16:00:00;4959.5;4964;4957.25;4963.5;14359
05/02/2024;20:00:00;4963.25;4968.25;4962.5;4965.5;17389
06/02/2024;00:00:00;4965.25;4971.5;4962.5;4963.25;38175
06/02/2024;04:00:00;4963.5;4969.75;4954.5;4968.5;76548
06/02/2024;08:00:00;4968.5;4978.25;4955;4960.5;649027
06/02/2024;12:00:00;4960.75;4976.25;4955.75;4972.25;421841
06/02/2024;16:00:00;4971.5;4983.5;4971.25;4978.5;22992
06/02/2024;20:00:00;4978.25;4980.5;4973.25;4975;15994
07/02/2024;00:00:00;4975.25;4976.5;4971;4975.5;27156
07/02/2024;04:00:00;4975.5;4991.75;4970;4989.75;80451
07/02/2024;08:00:00;4989.75;5015.25;4988;5010.25;678842
07/02/2024;12:00:00;5010.25;5020;5005.25;5015.5;441685
07/02/2024;16:00:00;5015.75;5016.25;5011.25;5014.5;12807
07/02/2024;20:00:00;5014.5;5015.75;5012.25;5013.5;9320
08/02/2024;00:00:00;5013.5;5016.25;5010;5012;35599
08/02/2024;04:00:00;5012.25;5012.75;5003.75;5011;70728
08/02/2024;08:00:00;5010.75;5016;5005;5008.25;440246
08/02/2024;12:00:00;5008.25;5020;5007.5;5014.5;383176
08/02/2024;16:00:00;5014.5;5017.25;5013;5013.75;12326
08/02/2024;20:00:00;5013.5;5016.75;5013;5013.75;8479
09/02/2024;00:00:00;5013.75;5023.25;5013.5;5020.25;32887
09/02/2024;04:00:00;5020.25;5043;5019.75;5030.5;114122
09/02/2024;08:00:00;5030.5;5036.75;5016.25;5036.5;520313
09/02/2024;12:00:00;5036.25;5048.5;5034.75;5042;452283
11/02/2024;16:00:00;5042.5;5044.75;5038.75;5043.5;13593
11/02/2024;20:00:00;5043.5;5044.25;5040.75;5041;8622
12/02/2024;00:00:00;5041.25;5045;5040.5;5043.5;26785
12/02/2024;04:00:00;5043.5;5046.25;5041.25;5041.5;36220
12/02/2024;08:00:00;5041.75;5066.5;5039.5;5063.5;447323
12/02/2024;12:00:00;5063.5;5065.75;5031.5;5035.75;546574
12/02/2024;16:00:00;5034;5037;5031.5;5033.25;15340
12/02/2024;20:00:00;5033;5035.25;5032;5033.75;10079
13/02/2024;00:00:00;5034;5040;5022.5;5024.5;55012
13/02/2024;04:00:00;5024.5;5028;4975;4978;210699
13/02/2024;08:00:00;4978;4988.25;4961.75;4972.75;889991
13/02/2024;12:00:00;4972.75;4974.5;4936.5;4973.25;822741
13/02/2024;16:00:00;4974.25;4975.25;4968.75;4971.5;30002
13/02/2024;20:00:00;4971.75;4974;4969.25;4972.25;21749
14/02/2024;00:00:00;4972;4994.75;4972;4994;68729
14/02/2024;04:00:00;4994;5000.75;4985.75;4993.5;99131
14/02/2024;08:00:00;4993.5;5009;4972.75;4991;730374
14/02/2024;12:00:00;4991.25;5022.5;4981.25;5017.5;604948
14/02/2024;16:00:00;5017.5;5019;5011;5012.25;17691
14/02/2024;20:00:00;5012.25;5019.25;5011.75;5018;15618
15/02/2024;00:00:00;5018;5029.5;5016.25;5025.25;42886
15/02/2024;04:00:00;5025.25;5031.75;5018.75;5023.5;95426
15/02/2024;08:00:00;5023.25;5032;5013.75;5026.5;590142
15/02/2024;12:00:00;5026.5;5051.75;5025.5;5050.5;541853
15/02/2024;16:00:00;5049.5;5050.5;5039.25;5043;22827
15/02/2024;20:00:00;5042.75;5046.5;5041.75;5043;15178
16/02/2024;00:00:00;5043.25;5056.5;5043;5054;36943
16/02/2024;04:00:00;5054;5059.25;5030;5041;139165
16/02/2024;08:00:00;5041.25;5050.25;5012.75;5044;692004
16/02/2024;12:00:00;5044;5054.5;5013;5014.5;550002
18/02/2024;16:00:00;5016.5;5029.5;5016.25;5022.25;24298
18/02/2024;20:00:00;5022.25;5025.5;5020.75;5024.5;11272
19/02/2024;00:00:00;5024.5;5026.5;5018.5;5025.5;25232
19/02/2024;04:00:00;5025.5;5026.25;5021;5024.75;19506
19/02/2024;08:00:00;5024.75;5028.75;5023;5024.5;36588
19/02/2024;16:00:00;5024.5;5024.75;5002.75;5003.25;29211
19/02/2024;20:00:00;5003.25;5007.75;5001.25;5006;22212
20/02/2024;00:00:00;5005.75;5012.25;4999.75;5005;49078
20/02/2024;04:00:00;5005;5007.5;4994.25;5002.5;89085
20/02/2024;08:00:00;5002.5;5009.25;4968.25;4979.25;705047
20/02/2024;12:00:00;4979;4993.5;4971.75;4989.5;527341
20/02/2024;16:00:00;4990;4993.25;4981;4984.5;23954
20/02/2024;20:00:00;4984.75;4986.25;4981.5;4985.75;12222
21/02/2024;00:00:00;4985.75;4989.5;4976;4980;43260
21/02/2024;04:00:00;4979.75;4984.5;4973;4978.5;70072
21/02/2024;08:00:00;4978.5;4987;4970;4979.25;535929
21/02/2024;12:00:00;4979.25;5020.5;4959;5018.75;722854
21/02/2024;16:00:00;5016;5036;5015.25;5029;49370
21/02/2024;20:00:00;5029;5037.5;5027;5033.25;21672
22/02/2024;00:00:00;5033.25;5057.5;5032.5;5051.5;98847
22/02/2024;04:00:00;5051.75;5067.75;5050;5064.25;119176
22/02/2024;08:00:00;5064.25;5087.5;5052.25;5087;764731
22/02/2024;12:00:00;5087;5107.75;5083.25;5093.25;604530
22/02/2024;16:00:00;5094.25;5101.75;5092.25;5099.5;25734
22/02/2024;20:00:00;5099.75;5103.75;5099.5;5103.25;15387
23/02/2024;00:00:00;5103;5104.25;5092;5094.75;38735
23/02/2024;04:00:00;5094.75;5108;5092.75;5107.25;66387
23/02/2024;08:00:00;5107;5123.5;5092.5;5108;704368
23/02/2024;12:00:00;5107.75;5112.25;5094.5;5094.75;436189
25/02/2024;16:00:00;5095;5101.25;5087.25;5090.25;30797
25/02/2024;20:00:00;5090.25;5094.5;5089.25;5091.25;16482
26/02/2024;00:00:00;5091.5;5098.5;5088.75;5097.75;32704
26/02/2024;04:00:00;5097.75;5107.25;5095.25;5105;50595
26/02/2024;08:00:00;5105;5108;5090.5;5093.5;442533
26/02/2024;12:00:00;5093.5;5096.5;5076.25;5077.5;463742
26/02/2024;16:00:00;5077.5;5081.5;5073.25;5077.5;21177
26/02/2024;20:00:00;5077.75;5079.5;5073;5075.5;20381
27/02/2024;00:00:00;5075.5;5087;5074.25;5085.5;36276
27/02/2024;04:00:00;5085.5;5090;5079.25;5087;58420
27/02/2024;08:00:00;5087;5089;5069.25;5070;450996
27/02/2024;12:00:00;5070;5093;5067;5090.25;389950
27/02/2024;16:00:00;5090.75;5091.25;5085.75;5088.5;13792
27/02/2024;20:00:00;5088.5;5091;5086;5086.75;15033
28/02/2024;00:00:00;5087;5088;5063.25;5064.75;59114
28/02/2024;04:00:00;5064.75;5079;5064;5076;87023
28/02/2024;08:00:00;5076.5;5087.75;5068.5;5077.75;517546
28/02/2024;12:00:00;5077.75;5087.25;5066.75;5069.5;441529
28/02/2024;16:00:00;5072;5079.5;5070;5077.5;20145
28/02/2024;20:00:00;5077.5;5085.25;5077.5;5082.5;22935
29/02/2024;00:00:00;5082.5;5082.5;5060;5068;70984
29/02/2024;04:00:00;5067.75;5098.5;5063.25;5095.5;138871
29/02/2024;08:00:00;5095.5;5105.5;5070;5090.5;720797
29/02/2024;12:00:00;5090.5;5114.5;5088.5;5100.75;719792
29/02/2024;16:00:00;5101.5;5110.75;5094.25;5110.5;36627
29/02/2024;20:00:00;5110.5;5113.25;5109;5111;19651
01/03/2024;00:00:00;5110.75;5116.25;5106.5;5108.5;53405
01/03/2024;04:00:00;5108.5;5108.5;5089.25;5102.75;114810
01/03/2024;08:00:00;5102.5;5137;5100.5;5134.5;713776
01/03/2024;12:00:00;5134.5;5149.25;5133;5138.75;572483
03/03/2024;16:00:00;5142;5146;5138.75;5141.5;23873
03/03/2024;20:00:00;5141.5;5143;5139.75;5140;13525
04/03/2024;00:00:00;5139.75;5145;5139.25;5140;35736
04/03/2024;04:00:00;5139.75;5141.5;5133.75;5134;69461
04/03/2024;08:00:00;5134;5147.25;5132;5145;489041
04/03/2024;12:00:00;5145;5157.75;5133.25;5134.25;519780
04/03/2024;16:00:00;5133.75;5135.5;5127.75;5130.25;30228
04/03/2024;20:00:00;5130.5;5132.25;5125.5;5126.5;21752
05/03/2024;00:00:00;5126.75;5129.25;5119.25;5120.25;52784
05/03/2024;04:00:00;5120.25;5127.25;5114.25;5116.25;82932
05/03/2024;08:00:00;5116.25;5121.5;5083.5;5094;839791
05/03/2024;12:00:00;5094.25;5095.75;5063;5091.25;739605
05/03/2024;16:00:00;5091;5091.25;5083.75;5086.5;24717
05/03/2024;20:00:00;5086.5;5092;5086;5090.5;21029
06/03/2024;00:00:00;5090.5;5105.75;5088.5;5104.25;59127
06/03/2024;04:00:00;5104.25;5117;5100.25;5117;122667
06/03/2024;08:00:00;5117;5134.5;5097.75;5127.25;816626
06/03/2024;12:00:00;5127.25;5133.5;5098.5;5113.25;832812
06/03/2024;16:00:00;5114.25;5114.5;5095;5095.5;35644
06/03/2024;20:00:00;5095.5;5104.5;5091.5;5102;32389
07/03/2024;00:00:00;5101.75;5113;5086.5;5112;65328
07/03/2024;04:00:00;5112;5136.25;5112;5132.75;93230
07/03/2024;08:00:00;5132.75;5161.25;5131.25;5157.25;735010
07/03/2024;12:00:00;5157;5170.5;5143.75;5157.25;626675
07/03/2024;16:00:00;5159.25;5162.25;5155.75;5160.5;22084
07/03/2024;20:00:00;5160.5;5167.25;5157.5;5164.5;18022
08/03/2024;00:00:00;5164.75;5174.25;5161.25;5167.25;50362
08/03/2024;04:00:00;5167;5178.75;5141.5;5173;187188
08/03/2024;08:00:00;5173.25;5193;5133.5;5136;1105367
08/03/2024;12:00:00;5136;5155.25;5121.75;5132;671706
10/03/2024;16:00:00;5132.5;5132.5;5118.25;5125.5;34991
10/03/2024;20:00:00;5125.25;5133.25;5116.25;5118;16160
11/03/2024;00:00:00;5118;5128;5106.5;5117.75;52290
11/03/2024;04:00:00;5117.75;5126.25;5102.75;5108.5;68207
11/03/2024;08:00:00;5108.5;5121.5;5094.75;5120;362532
11/03/2024;12:00:00;5120;5129;5111.75;5128.25;181445
11/03/2024;16:00:00;5129;5139.25;5128.75;5134.25;9406
11/03/2024;20:00:00;5134.25;5141.25;5133.5;5140.75;7499
12/03/2024;00:00:00;5140.75;5208.75;5140.75;5196.25;40971
12/03/2024;04:00:00;5196.25;5221;5176.25;5207.75;173607
12/03/2024;08:00:00;5207.75;5238.5;5180;5216.25;879171
12/03/2024;12:00:00;5216.5;5246.75;5208.5;5239;479903
12/03/2024;16:00:00;5238.25;5245;5237.75;5239.75;14622
12/03/2024;20:00:00;5239.75;5241;5235;5240.75;15357
13/03/2024;00:00:00;5240.75;5247.5;5237.25;5240.75;40793
13/03/2024;04:00:00;5241;5247.25;5235.75;5240.25;75331
13/03/2024;08:00:00;5240;5244.25;5228.75;5237.25;609595
13/03/2024;12:00:00;5237.25;5246;5217.5;5237.75;535889
13/03/2024;16:00:00;5236.5;5239.25;5234.5;5237;12477
13/03/2024;20:00:00;5237;5240;5235.75;5238.75;13754
14/03/2024;00:00:00;5238.75;5250.75;5237.75;5249.75;38643
14/03/2024;04:00:00;5249.75;5253.5;5239;5242.5;130342
14/03/2024;08:00:00;5242.5;5246.5;5203;5208.75;1012027
14/03/2024;12:00:00;5208.75;5222;5188;5217.75;753980
14/03/2024;16:00:00;5216;5219;5210;5217.75;19666
14/03/2024;20:00:00;5217.75;5219.5;5212;5213.25;20745
15/03/2024;00:00:00;5213;5219.25;5210;5218.25;33255
15/03/2024;04:00:00;5218.5;5230.75;5215.75;5220.25;95147
15/03/2024;08:00:00;5220;5221.25;5167.75;5168.75;927480
15/03/2024;12:00:00;5168.75;5190.5;5168.5;5183.25;653343
17/03/2024;16:00:00;5185.75;5191.5;5181.75;5186.25;18694
17/03/2024;20:00:00;5186.25;5196.5;5185.5;5195.5;19916
18/03/2024;00:00:00;5195.75;5202.25;5192;5202;32895
18/03/2024;04:00:00;5201.75;5225.75;5197.25;5220.75;90362
18/03/2024;08:00:00;5220.75;5240.25;5219.5;5220.25;639621
18/03/2024;12:00:00;5220.25;5229;5210.25;5214.5;506017
18/03/2024;16:00:00;5215.25;5216.25;5204.5;5205.25;19066
18/03/2024;20:00:00;5205.25;5213.75;5202.5;5210.25;27441
19/03/2024;00:00:00;5210.25;5219.25;5203.75;5213;39368
19/03/2024;04:00:00;5213.25;5214.75;5186;5198.5;108611
19/03/2024;08:00:00;5198.75;5235.75;5195.25;5231;603289
19/03/2024;12:00:00;5231.25;5244.75;5226.25;5239.5;521084
19/03/2024;16:00:00;5239.75;5241;5236.25;5236.75;11365
19/03/2024;20:00:00;5236.75;5237.75;5233;5235;11608
20/03/2024;00:00:00;5234.75;5241.5;5233.5;5236.25;25755
20/03/2024;04:00:00;5236.25;5246.25;5234;5237.75;52691
20/03/2024;08:00:00;5237.75;5247.75;5235.25;5244;362007
20/03/2024;12:00:00;5244;5297.75;5233;5296.25;857255
20/03/2024;16:00:00;5294.75;5304.75;5293.5;5300.25;25245
20/03/2024;20:00:00;5300;5308.75;5299;5308.75;21009
21/03/2024;00:00:00;5308.75;5315.75;5307.5;5308.75;47434
21/03/2024;04:00:00;5309;5314.25;5301.5;5312.5;86162
21/03/2024;08:00:00;5312.25;5322.75;5308.5;5319;579320
21/03/2024;12:00:00;5319;5319;5300;5307.5;489545
21/03/2024;16:00:00;5306.75;5311;5304.5;5309.5;13166
21/03/2024;20:00:00;5309.5;5310.75;5299;5305.75;24937
22/03/2024;00:00:00;5305.75;5309.5;5297.75;5308.5;33268
22/03/2024;04:00:00;5308.5;5311.75;5292.25;5298.5;81140
22/03/2024;08:00:00;5298.5;5304.75;5289;5298.25;455154
22/03/2024;12:00:00;5298.25;5306;5287.75;5289.75;436252
24/03/2024;16:00:00;5290.5;5294.75;5287.25;5291.75;24062
24/03/2024;20:00:00;5291.75;5295;5287.5;5288.75;28677
25/03/2024;00:00:00;5289;5293;5282.25;5289.5;30666
25/03/2024;04:00:00;5289.5;5290.25;5272.5;5277.75;66343
25/03/2024;08:00:00;5277.5;5287.5;5274.25;5283;397051
25/03/2024;12:00:00;5283.25;5288.75;5275.75;5280.75;306622
25/03/2024;16:00:00;5280.75;5286.75;5280.75;5286.25;10954
25/03/2024;20:00:00;5286.25;5287.25;5281.5;5284;14148
26/03/2024;00:00:00;5284.25;5296;5283.5;5293.5;29869
26/03/2024;04:00:00;5293.25;5300.5;5288.25;5289.75;62667
26/03/2024;08:00:00;5289.75;5294.5;5284.5;5287;423749
26/03/2024;12:00:00;5287;5289;5263;5272.5;482154
26/03/2024;16:00:00;5273.25;5277;5271.25;5275.75;14707
26/03/2024;20:00:00;5276;5282.75;5274.75;5282.75;16173
27/03/2024;00:00:00;5282.75;5285.75;5276;5281.25;35180
27/03/2024;04:00:00;5281.5;5289.5;5280;5289.25;49732
27/03/2024;08:00:00;5289.25;5294.5;5270.75;5279.25;609797
27/03/2024;12:00:00;5279.5;5313.75;5273.5;5308.25;643786
27/03/2024;16:00:00;5308;5308.5;5301.5;5307.75;25410
27/03/2024;20:00:00;5307.5;5308;5303.75;5306.25;17696
28/03/2024;00:00:00;5306.5;5308.25;5302.75;5304.25;29016
28/03/2024;04:00:00;5304.25;5312.5;5301;5308.5;68419
28/03/2024;08:00:00;5308.75;5316.25;5305;5310;427104
28/03/2024;12:00:00;5310;5321;5302;5304.25;562562
31/03/2024;16:00:00;5314.25;5333.5;5312;5329;35049
31/03/2024;20:00:00;5328.75;5329.75;5325;5329.25;16674
01/04/2024;00:00:00;5329.5;5330.5;5325.5;5329;21327
01/04/2024;04:00:00;5329;5329.5;5310.25;5315.25;56125
01/04/2024;08:00:00;5315.25;5317.25;5282.25;5291.75;578134
01/04/2024;12:00:00;5291.75;5300.75;5283;5293.75;362391
01/04/2024;16:00:00;5294.5;5294.5;5286.5;5288.75;17783
01/04/2024;20:00:00;5288.75;5292.25;5287;5288.5;18204
02/04/2024;00:00:00;5288.5;5296;5285;5289.5;49781
02/04/2024;04:00:00;5289.25;5292.75;5258.75;5260;114034
02/04/2024;08:00:00;5259.75;5261;5235;5250.5;724050
02/04/2024;12:00:00;5250.5;5263.25;5244.5;5262;423554
02/04/2024;16:00:00;5262.5;5262.75;5252.75;5254.25;18095
02/04/2024;20:00:00;5254.25;5255.5;5251.25;5253.5;20828
03/04/2024;00:00:00;5253.5;5255.75;5246.5;5252.5;42695
03/04/2024;04:00:00;5252.25;5261.25;5245.75;5250.25;82033
03/04/2024;08:00:00;5250;5280.75;5244.5;5273.75;672401
03/04/2024;12:00:00;5274;5279;5248.25;5269;485557
03/04/2024;16:00:00;5270.75;5284.75;5267;5275.25;23308
03/04/2024;20:00:00;5275.5;5282.5;5274.5;5280.5;16121
04/04/2024;00:00:00;5280.5;5284.5;5274.75;5281;36989
04/04/2024;04:00:00;5281;5301;5279.75;5300;78950
04/04/2024;08:00:00;5300;5308.5;5292.75;5304;470402
04/04/2024;12:00:00;5304.25;5304.5;5192.5;5197;1208525
04/04/2024;16:00:00;5199.75;5207.75;5191.5;5200.5;42237
04/04/2024;20:00:00;5200.5;5206.25;5195.5;5204.5;34709
05/04/2024;00:00:00;5204.75;5214;5202.75;5211.75;64111
05/04/2024;04:00:00;5212;5224.5;5195.5;5211;183153
05/04/2024;08:00:00;5211.25;5272.5;5205.25;5271.5;878388
05/04/2024;12:00:00;5271.25;5272.25;5237;5255.75;635394
07/04/2024;16:00:00;5263.25;5269.25;5249.25;5254.5;29003
07/04/2024;20:00:00;5254.5;5258;5243.75;5247.25;27590
08/04/2024;00:00:00;5247.5;5259.25;5236.5;5244.25;67456
08/04/2024;04:00:00;5244.5;5266.25;5241.75;5265;80138
08/04/2024;08:00:00;5265;5268.75;5245.25;5261.25;561014
08/04/2024;12:00:00;5261.25;5264.25;5249.5;5257;350985
08/04/2024;16:00:00;5258;5260;5253.25;5253.5;10300
08/04/2024;20:00:00;5253.75;5257.5;5251.75;5257;13606
09/04/2024;00:00:00;5257.25;5259;5248.25;5253;39781
09/04/2024;04:00:00;5253.25;5268.5;5246;5266;86700
09/04/2024;08:00:00;5266;5274.25;5208.25;5233.75;872193
09/04/2024;12:00:00;5234;5272;5223;5265.5;569306
09/04/2024;16:00:00;5264.25;5265.5;5261.25;5264.75;11900
09/04/2024;20:00:00;5264.25;5266;5261.75;5264.75;11004
10/04/2024;00:00:00;5265;5269.75;5262;5268.75;32575
10/04/2024;04:00:00;5268.75;5285;5176.5;5192.25;290643
10/04/2024;08:00:00;5192.5;5226.5;5179.75;5206;987765
10/04/2024;12:00:00;5206;5216;5185;5203.75;948997
10/04/2024;16:00:00;5202;5202;5192;5198.25;22227
10/04/2024;20:00:00;5198;5208.25;5196.5;5207.75;22816
11/04/2024;00:00:00;5208;5209.75;5194.75;5194.75;48603
11/04/2024;04:00:00;5195;5216.25;5173.5;5212.25;203270
11/04/2024;08:00:00;5212.25;5222.5;5181.75;5215;782976
11/04/2024;12:00:00;5214.75;5257.5;5210.5;5243.25;611252
11/04/2024;16:00:00;5244;5247.75;5240.5;5246;14401
11/04/2024;20:00:00;5246;5248;5243.25;5244.25;15554
12/04/2024;00:00:00;5244.25;5248.75;5239.25;5239.75;52133
12/04/2024;04:00:00;5239.75;5240.5;5202.25;5203;170535
12/04/2024;08:00:00;5203.25;5218.75;5164.5;5165.25;902655
12/04/2024;12:00:00;5165;5174;5150;5166.5;750594
14/04/2024;16:00:00;5166.5;5187.75;5164.25;5180;74036
14/04/2024;20:00:00;5179.75;5186.5;5172.25;5186.25;37329
15/04/2024;00:00:00;5186.25;5198.5;5185.5;5192;79138
15/04/2024;04:00:00;5192.25;5212;5186.5;5207.25;141293
15/04/2024;08:00:00;5207;5213.25;5153.75;5159.5;850950
15/04/2024;12:00:00;5159.5;5164.75;5094;5101;972456
15/04/2024;16:00:00;5101.25;5107.75;5094.5;5102.75;35140
15/04/2024;20:00:00;5102.75;5103.75;5081.25;5093.5;50203
16/04/2024;00:00:00;5093.75;5103.25;5089;5100.75;82529
16/04/2024;04:00:00;5100.75;5120.25;5088;5112.25;173406
16/04/2024;08:00:00;5112.25;5116;5081.5;5103;817083
16/04/2024;12:00:00;5103;5123.25;5078.75;5094.5;878071
16/04/2024;16:00:00;5096.25;5107;5093.25;5098;28831
16/04/2024;20:00:00;5098;5105.75;5096;5105.25;26726
17/04/2024;00:00:00;5105;5111.75;5075.75;5108.75;84148
17/04/2024;04:00:00;5109;5117;5101.5;5110.5;91852
17/04/2024;08:00:00;5110.25;5120.5;5047;5055;884670
17/04/2024;12:00:00;5055.25;5097;5053;5061.5;760575
17/04/2024;16:00:00;5063;5069;5062;5067.5;15003
17/04/2024;20:00:00;5067.75;5078;5066.75;5075.75;19004
18/04/2024;00:00:00;5076;5084.25;5071.25;5074;52542
18/04/2024;04:00:00;5073.75;5079.5;5063.25;5069.75;106525
18/04/2024;08:00:00;5070;5095.25;5050.75;5061.25;789974
18/04/2024;12:00:00;5061;5065;5038.5;5048;667751
18/04/2024;16:00:00;5047.25;5051.5;5021.25;5024.25;47947
18/04/2024;20:00:00;5024.25;5026.5;4963.5;5004;218764
19/04/2024;00:00:00;5004.5;5031.5;4998.25;5023.25;107506
19/04/2024;04:00:00;5023.25;5056.5;5021.75;5047;148070
19/04/2024;08:00:00;5047;5058;5002.75;5023.5;897509
19/04/2024;12:00:00;5023.25;5037.5;4991.25;5003.5;841874
21/04/2024;16:00:00;5014.25;5023.75;5009.25;5011.25;47967
21/04/2024;20:00:00;5011.5;5021;5009.5;5020;25913
22/04/2024;00:00:00;5020.25;5031;5016;5021.75;53267
22/04/2024;04:00:00;5021.75;5036.5;5020.5;5032;91337
22/04/2024;08:00:00;5032.25;5037.25;5006;5036;656779
22/04/2024;12:00:00;5036.25;5076.75;5034.5;5049;651572
22/04/2024;16:00:00;5051;5054;5037.75;5048;17733
22/04/2024;20:00:00;5048;5049.5;5039;5046.25;26133
23/04/2024;00:00:00;5046.25;5059;5042.5;5052.5;46008
23/04/2024;04:00:00;5052.5;5067.5;5049.75;5065.25;80714
23/04/2024;08:00:00;5065.5;5108;5063.75;5103.75;706553
23/04/2024;12:00:00;5103.75;5113.5;5097.5;5112.25;432088
23/04/2024;16:00:00;5115.25;5120.75;5111.5;5120;25276
23/04/2024;20:00:00;5119.75;5127.25;5118;5124.5;22579
24/04/2024;00:00:00;5124.5;5128.75;5113.25;5113.5;49251
24/04/2024;04:00:00;5113.75;5124.75;5106.5;5111.25;98854
24/04/2024;08:00:00;5111.25;5124.75;5082;5094;695083
24/04/2024;12:00:00;5093.75;5116.5;5072.25;5079.75;564931
24/04/2024;16:00:00;5070;5082;5070;5081;28397
24/04/2024;20:00:00;5081.25;5081.5;5073.25;5074.25;15772
25/04/2024;00:00:00;5074.25;5081.75;5066.5;5079.25;51542
25/04/2024;04:00:00;5079;5082.5;5042.75;5044.75;161555
25/04/2024;08:00:00;5044.75;5068.25;5022.25;5065.5;905409
25/04/2024;12:00:00;5065.5;5132.75;5057.25;5131.75;672449
25/04/2024;16:00:00;5132;5134.75;5116.75;5120.25;24279
25/04/2024;20:00:00;5120.25;5127.25;5117.75;5124;18882
26/04/2024;00:00:00;5124;5129.75;5115.75;5117.25;44512
26/04/2024;04:00:00;5117.5;5140.25;5111.25;5119.25;139298
26/04/2024;08:00:00;5119.5;5143.5;5104.5;5143.25;726837
26/04/2024;12:00:00;5143.25;5146.5;5128.75;5131.75;429429
28/04/2024;16:00:00;5140.25;5143;5135;5142;19246
28/04/2024;20:00:00;5142;5147;5141.25;5145.5;19246
29/04/2024;00:00:00;5145.25;5147;5139.25;5140.75;35709
29/04/2024;04:00:00;5140.75;5146.5;5134.5;5145.5;64238
29/04/2024;08:00:00;5145.5;5154.25;5136.5;5146.25;497485
29/04/2024;12:00:00;5146.25;5152;5118.75;5147.25;494013
29/04/2024;16:00:00;5148.5;5148.5;5141.75;5142.25;11929
29/04/2024;20:00:00;5142.25;5144.5;5141;5141.5;11103
30/04/2024;00:00:00;5141.5;5144.25;5135.25;5136.5;31283
30/04/2024;04:00:00;5136.75;5145.5;5120.5;5127;122662
30/04/2024;08:00:00;5127;5141.25;5092.5;5097.5;686737
30/04/2024;12:00:00;5097.75;5110.25;5051;5055;720054
30/04/2024;16:00:00;5050;5060;5048.5;5059.5;27874
30/04/2024;20:00:00;5059.25;5065.5;5057.5;5065;16731
01/05/2024;00:00:00;5064.75;5064.75;5048.5;5053;31362
01/05/2024;04:00:00;5053;5057.25;5037.75;5053;98220
01/05/2024;08:00:00;5053;5062.25;5042.25;5048;563632
01/05/2024;12:00:00;5047.75;5126.75;5042.75;5053.75;1161966
01/05/2024;16:00:00;5057;5072;5056.25;5069.75;25225
01/05/2024;20:00:00;5070;5076;5066.5;5072.25;21092
02/05/2024;00:00:00;5072.25;5082.5;5066;5072.25;50589
02/05/2024;04:00:00;5072.5;5090;5072.5;5079.5;83374
02/05/2024;08:00:00;5079.75;5088.75;5036.25;5064.25;768351
02/05/2024;12:00:00;5064.25;5113;5064;5111;559278
02/05/2024;16:00:00;5110.25;5118;5103.25;5109;29317
02/05/2024;20:00:00;5109.25;5112.25;5103.5;5104;13267
03/05/2024;00:00:00;5104;5109.5;5099.25;5107.5;29345
03/05/2024;04:00:00;5107.75;5157;5105.25;5148;148205
03/05/2024;08:00:00;5148;5166.75;5126.75;5148.75;934633
03/05/2024;12:00:00;5148.75;5162.25;5147.5;5161.5;387925
05/05/2024;16:00:00;5166.75;5169.75;5156;5159.25;21227
05/05/2024;20:00:00;5159;5161;5157.25;5157.75;13693
06/05/2024;00:00:00;5157.5;5165.75;5155.75;5164.5;28063
06/05/2024;04:00:00;5164.5;5177.75;5164;5175;50517
06/05/2024;08:00:00;5175.25;5188.75;5173.25;5188;447693
06/05/2024;12:00:00;5187.75;5207.75;5183.5;5205.25;413125
06/05/2024;16:00:00;5204.75;5208;5202.25;5206;14913
06/05/2024;20:00:00;5205.75;5209.25;5203.5;5207.25;15656
07/05/2024;00:00:00;5207.5;5212.75;5202.25;5212.25;40618
07/05/2024;04:00:00;5212;5213.25;5205;5213;50690
07/05/2024;08:00:00;5212.75;5224;5210.5;5220;484714
07/05/2024;12:00:00;5219.75;5226.75;5205.5;5212;457580
07/05/2024;16:00:00;5211.75;5216;5208.25;5214.5;15990
07/05/2024;20:00:00;5214.5;5215.5;5210.25;5210.75;15166
08/05/2024;00:00:00;5210.75;5218;5210;5212;32062
08/05/2024;04:00:00;5211.5;5215.5;5188.75;5194;84865
08/05/2024;08:00:00;5194;5217.25;5191;5206;484746
08/05/2024;12:00:00;5206.25;5217;5200.75;5210;340077
08/05/2024;16:00:00;5209.25;5213;5207.5;5209.75;10911
08/05/2024;20:00:00;5209.75;5212;5206.25;5206.25;11324
09/05/2024;00:00:00;5206.25;5207.25;5199.75;5200;27510
09/05/2024;04:00:00;5199.75;5215;5195;5211.25;71337
09/05/2024;08:00:00;5211.5;5232.75;5204.25;5230;552033
09/05/2024;12:00:00;5229.75;5244.75;5225.5;5240.5;377127
09/05/2024;16:00:00;5240.75;5246;5239.25;5244.75;15913
09/05/2024;20:00:00;5244.75;5245.5;5240.5;5244.25;13748
10/05/2024;00:00:00;5244.25;5256.75;5242.75;5256.75;39989
10/05/2024;04:00:00;5257;5260.75;5250;5250.25;61629
10/05/2024;08:00:00;5250.5;5264;5232.75;5242.5;593109
10/05/2024;12:00:00;5242.5;5250.75;5236;5241.5;334448
12/05/2024;16:00:00;5240.5;5245.25;5239.75;5245;11496
12/05/2024;20:00:00;5245;5251;5243.25;5250.75;17198
13/05/2024;00:00:00;5250.75;5253.25;5249;5250;25645
13/05/2024;04:00:00;5249.75;5261;5249;5259.75;40312
13/05/2024;08:00:00;5259.5;5264;5240;5246.25;444117
13/05/2024;12:00:00;5246.25;5247.75;5233.25;5243;352054
13/05/2024;16:00:00;5241.75;5246;5241.75;5243.75;9527
13/05/2024;20:00:00;5243.5;5244.25;5240.75;5242.25;10410
14/05/2024;00:00:00;5242.5;5248;5242.25;5247.5;20204
14/05/2024;04:00:00;5247.25;5250;5216.75;5244.25;128359
14/05/2024;08:00:00;5244;5260;5240.25;5245.5;581379
14/05/2024;12:00:00;5245.5;5274.25;5241.25;5269;438697
14/05/2024;16:00:00;5268.5;5273.75;5266.25;5271.25;13734
14/05/2024;20:00:00;5271.25;5277.5;5270.5;5272.5;13296
15/05/2024;00:00:00;5272.5;5274.75;5268.5;5272.5;26489
15/05/2024;04:00:00;5272.5;5303;5266.25;5296;141367
15/05/2024;08:00:00;5296.25;5321.5;5286.75;5321;634569
15/05/2024;12:00:00;5321;5337.25;5319;5330.25;500801
15/05/2024;16:00:00;5331.5;5340.75;5329.25;5340.5;22268
15/05/2024;20:00:00;5340.25;5343.25;5337.75;5340.5;17384
16/05/2024;00:00:00;5340.5;5342;5334.75;5336.5;33762
16/05/2024;04:00:00;5336.5;5342.5;5331.5;5333.25;64839
16/05/2024;08:00:00;5333.5;5349;5328.25;5340.5;516287
16/05/2024;12:00:00;5340.75;5342;5315.5;5316.25;509728
16/05/2024;16:00:00;5318.25;5321.75;5316.75;5321;15902
16/05/2024;20:00:00;5321.25;5323.25;5318;5320.25;14531
17/05/2024;00:00:00;5320.25;5324;5313.25;5315.75;35272
17/05/2024;04:00:00;5316;5326;5315.75;5325.75;53665
17/05/2024;08:00:00;5325.75;5326;5312.75;5320.5;444076
17/05/2024;12:00:00;5320.5;5328.75;5305.75;5327.75;428508
19/05/2024;16:00:00;5329.25;5336.5;5329;5335;16082
19/05/2024;20:00:00;5334.75;5336.25;5332.5;5334.75;13459
20/05/2024;00:00:00;5335;5336;5330.25;5332;26251
20/05/2024;04:00:00;5332;5337.25;5328.5;5329.75;47570
20/05/2024;08:00:00;5329.75;5348.25;5326.75;5344.5;457792
20/05/2024;12:00:00;5344.75;5345.5;5323.75;5331.75;423098
20/05/2024;16:00:00;5331.75;5334.25;5329.5;5333;9946
20/05/2024;20:00:00;5333;5333.75;5330.25;5333.25;11468
21/05/2024;00:00:00;5333.5;5335.5;5330;5331.25;23362
21/05/2024;04:00:00;5331.5;5334.25;5326.75;5327.75;45375
21/05/2024;08:00:00;5327.75;5339.25;5322.5;5331.25;460532
21/05/2024;12:00:00;5331;5347.5;5328;5344;393284
21/05/2024;16:00:00;5343.5;5348;5343.25;5346;8270
21/05/2024;20:00:00;5346.25;5349.25;5345;5345.5;10903
22/05/2024;00:00:00;5345.75;5347.25;5338.25;5340;28480
22/05/2024;04:00:00;5340;5341.25;5334.25;5337.5;49035
22/05/2024;08:00:00;5337.25;5345;5332.5;5339.75;361919
22/05/2024;12:00:00;5339.5;5347;5306.75;5331;734816
22/05/2024;16:00:00;5339;5342.25;5334;5340;19287
22/05/2024;20:00:00;5340;5362.75;5338.5;5360.25;36330
23/05/2024;00:00:00;5360;5360.75;5350.5;5352;40983
23/05/2024;04:00:00;5352;5368.25;5350.5;5365;78731
23/05/2024;08:00:00;5364.75;5365.25;5316.75;5322.5;893298
23/05/2024;12:00:00;5322.75;5325.5;5273.5;5286.5;861838
23/05/2024;16:00:00;5285.75;5293.25;5285.75;5292.5;17396
23/05/2024;20:00:00;5292.5;5296;5291.75;5293.5;19918
24/05/2024;00:00:00;5293.25;5299.5;5286;5297.75;43859
24/05/2024;04:00:00;5298;5305.25;5294.5;5300.5;68733
24/05/2024;08:00:00;5300.25;5329.25;5294.75;5318.75;633951
24/05/2024;12:00:00;5319;5327.75;5309.25;5320.75;411620
26/05/2024;16:00:00;5321.75;5324.25;5314.75;5316.75;9935
26/05/2024;20:00:00;5316.75;5319;5312.5;5318.5;8971
27/05/2024;00:00:00;5318.5;5323.25;5317;5319.5;14020
27/05/2024;04:00:00;5319.5;5322.75;5318.5;5318.5;13037
27/05/2024;08:00:00;5318.5;5334.75;5318.5;5334;40536
27/05/2024;16:00:00;5334.25;5335;5323.25;5324.5;14226
27/05/2024;20:00:00;5324.25;5330.75;5324;5328;13048
28/05/2024;00:00:00;5328.25;5339;5326;5337.75;42406
28/05/2024;04:00:00;5337.75;5338.75;5324.25;5329;64068
28/05/2024;08:00:00;5329;5331.25;5316;5323.75;497997
28/05/2024;12:00:00;5323.75;5330.75;5296.75;5324;621562
28/05/2024;16:00:00;5323.75;5324;5312.75;5314.25;14784
28/05/2024;20:00:00;5314.25;5315.5;5305.75;5309.75;23157
29/05/2024;00:00:00;5309.75;5310.25;5292.25;5295.75;64717
29/05/2024;04:00:00;5295.75;5297;5284.25;5285.25;87368
29/05/2024;08:00:00;5285;5298.25;5278.75;5296.5;658250
29/05/2024;12:00:00;5296.25;5297.75;5268.25;5270;526468
29/05/2024;16:00:00;5270.5;5273.75;5262.75;5264;30621
29/05/2024;20:00:00;5264;5266.5;5254;5256.25;31357
30/05/2024;00:00:00;5256;5264;5250.5;5263.25;59925
30/05/2024;04:00:00;5263.25;5272.5;5258.25;5268.5;88162
30/05/2024;08:00:00;5268.5;5274.25;5253;5271.5;648819
30/05/2024;12:00:00;5271.5;5277;5238.25;5250.5;546604
30/05/2024;16:00:00;5250.5;5250.75;5234.5;5239.5;26275
30/05/2024;20:00:00;5239.5;5247.5;5238.5;5244;25680
31/05/2024;00:00:00;5244;5249.75;5239.5;5244;50954
31/05/2024;04:00:00;5244;5272.25;5230.75;5268.25;132953
31/05/2024;08:00:00;5268.25;5270.25;5205.5;5217.25;980486
31/05/2024;12:00:00;5217;5307;5217;5299.25;1073901
02/06/2024;16:00:00;5299.5;5311;5290.25;5307.25;39581
02/06/2024;20:00:00;5307.25;5311;5302.5;5309.5;23255
03/06/2024;00:00:00;5309.5;5313.25;5295;5305.5;71175
03/06/2024;04:00:00;5305.25;5310;5299;5306;68888
03/06/2024;08:00:00;5306;5313.25;5253;5258.75;891854
03/06/2024;12:00:00;5258.75;5304;5246.75;5300.5;636652
03/06/2024;16:00:00;5300.25;5303.5;5296.5;5302.25;16332
03/06/2024;20:00:00;5302.25;5303;5295.75;5297.5;18731
04/06/2024;00:00:00;5297.5;5298.5;5269.25;5270.75;76908
04/06/2024;04:00:00;5271;5282.75;5262;5281.75;104289
04/06/2024;08:00:00;5281.5;5298;5269.5;5285;797701
04/06/2024;12:00:00;5285;5312.25;5277;5304.75;617099
04/06/2024;16:00:00;5305;5312.5;5302.5;5309.25;18912
04/06/2024;20:00:00;5309.25;5314.75;5307.25;5313;26605
05/06/2024;00:00:00;5313;5314.75;5305.5;5310.25;44431
05/06/2024;04:00:00;5310.5;5324.75;5310;5324.75;96334
05/06/2024;08:00:00;5324.5;5348;5306.5;5346.5;679333
05/06/2024;12:00:00;5346.25;5368.25;5341.5;5365.75;504081
05/06/2024;16:00:00;5367.75;5372.75;5364;5368;17289
05/06/2024;20:00:00;5367.75;5372.75;5366.25;5369;15441
06/06/2024;00:00:00;5369.25;5369.75;5363;5364.5;37578
06/06/2024;04:00:00;5364.5;5371.5;5358.5;5366;68911
06/06/2024;08:00:00;5366;5373.25;5351.25;5353.25;577917
06/06/2024;12:00:00;5353.25;5366;5345.25;5363.25;460987
06/06/2024;16:00:00;5362;5365.5;5361.25;5365.25;8441
06/06/2024;20:00:00;5365.5;5369.5;5364.5;5369;11944
07/06/2024;00:00:00;5369;5372;5361.75;5363.25;30398
07/06/2024;04:00:00;5363.25;5380;5329;5339.75;162498
07/06/2024;08:00:00;5339.5;5380.75;5337.5;5380;700529
07/06/2024;12:00:00;5380;5385.5;5351;5353.5;581471
09/06/2024;16:00:00;5351.5;5360.5;5348.25;5354.5;19248
09/06/2024;20:00:00;5354.75;5359;5353.25;5357.25;10939
10/06/2024;00:00:00;5357.25;5358.25;5342.25;5343.75;56897
10/06/2024;04:00:00;5343.75;5354.75;5338.25;5346.5;60427
10/06/2024;08:00:00;5346.25;5367;5341;5364;476363
10/06/2024;12:00:00;5364;5375.75;5357.5;5369.5;507994
10/06/2024;16:00:00;5369.75;5371.25;5363.75;5364.25;10526
10/06/2024;20:00:00;5364.25;5367.25;5363.5;5366;11486
11/06/2024;00:00:00;5366;5374;5360;5360.75;31177
11/06/2024;04:00:00;5360.75;5363.25;5350;5356;76753
11/06/2024;08:00:00;5356;5362.5;5334.5;5355.5;680890
11/06/2024;12:00:00;5355.5;5386.25;5351.5;5383.75;507931
11/06/2024;16:00:00;5384.5;5387.5;5380;5382.5;11453
11/06/2024;20:00:00;5382.75;5387.5;5382.5;5386.25;9355
12/06/2024;00:00:00;5386;5392;5385;5388.5;31705
12/06/2024;04:00:00;5388.75;5432;5387.5;5431.25;149992
12/06/2024;08:00:00;5431.25;5453.5;5426;5442;663490
12/06/2024;12:00:00;5442;5454.5;5416.25;5438.5;848933
12/06/2024;16:00:00;5436.25;5438.5;5432.25;5437.5;14279
12/06/2024;20:00:00;5437.5;5441.25;5435.75;5440.5;13784
13/06/2024;00:00:00;5440.75;5443.75;5433.5;5435.75;40226
13/06/2024;04:00:00;5435.75;5452.75;5426;5442;127655
13/06/2024;08:00:00;5442;5445.5;5408.5;5419.75;690504
13/06/2024;12:00:00;5419.75;5445.75;5418.25;5436.25;439558
13/06/2024;16:00:00;5436;5439;5432;5437.25;11437
13/06/2024;20:00:00;5437.25;5441.5;5437;5440;11895
14/06/2024;00:00:00;5440;5443;5426.25;5426.75;59367
14/06/2024;04:00:00;5426.75;5428.75;5397.75;5414.75;163442
14/06/2024;08:00:00;5414.75;5429.25;5408.5;5428.25;503423
14/06/2024;12:00:00;5428.25;5438.5;5421.75;5435.75;340225
16/06/2024;16:00:00;5435.5;5439.75;5432;5436.25;6220
16/06/2024;20:00:00;5436;5437;5432.75;5434;6161
17/06/2024;00:00:00;5434.25;5509.5;5433.75;5498.75;41237
17/06/2024;04:00:00;5498.5;5503.25;5493;5497.25;46537
17/06/2024;08:00:00;5497;5534.75;5489.75;5529.5;437156
17/06/2024;12:00:00;5529.5;5561;5529.5;5547.25;486010
17/06/2024;16:00:00;5548;5554.25;5546.75;5547.75;16454
17/06/2024;20:00:00;5547.75;5548.5;5542;5544.5;13700
18/06/2024;00:00:00;5544.5;5549.75;5541.5;5545.75;38424
18/06/2024;04:00:00;5545.5;5553.25;5542.5;5545.5;77315
18/06/2024;08:00:00;5545.5;5558.75;5542.25;5554.5;458266
18/06/2024;12:00:00;5554.5;5562.75;5546.5;5562;392191
18/06/2024;16:00:00;5561.75;5567;5560;5561;10453
18/06/2024;20:00:00;5560.75;5563.25;5559.75;5560.5;6447
19/06/2024;00:00:00;5560.75;5565.5;5560.25;5562.5;21975
19/06/2024;04:00:00;5562.5;5566.5;5562.25;5564;19395
19/06/2024;08:00:00;5564.25;5566.5;5560;5561.75;34056
19/06/2024;16:00:00;5562;5566.75;5560.75;5566;6992
19/06/2024;20:00:00;5566;5574.75;5565.25;5574;13218
20/06/2024;00:00:00;5573.75;5588;5573.5;5581.75;46982
20/06/2024;04:00:00;5581.75;5584.5;5570.25;5571.5;67588
20/06/2024;08:00:00;5571.5;5576.75;5533.5;5546.75;671998
20/06/2024;12:00:00;5546.5;5555.75;5525.5;5544;601311
20/06/2024;16:00:00;5545;5548;5541;5541.75;12476
20/06/2024;20:00:00;5541.5;5548.25;5540.5;5548;11548
21/06/2024;00:00:00;5548;5550.75;5526.5;5531.5;51295
21/06/2024;04:00:00;5531.5;5543.5;5529;5540.75;78753
21/06/2024;08:00:00;5540.75;5545.75;5519;5534.5;630111
21/06/2024;12:00:00;5534.5;5541.75;5524.25;5536.5;453820
23/06/2024;16:00:00;5538.5;5539.75;5535.5;5536.75;11339
23/06/2024;20:00:00;5536.5;5537;5519.75;5529;27855
24/06/2024;00:00:00;5529;5546;5529;5542.5;44320
24/06/2024;04:00:00;5542.5;5544;5531.25;5531.75;60363
24/06/2024;08:00:00;5532;5558.5;5525.75;5539.75;622652
24/06/2024;12:00:00;5539.75;5541.75;5510.25;5515.75;572872
24/06/2024;16:00:00;5516;5519.5;5515;5515.75;11418
24/06/2024;20:00:00;5516;5524.5;5513.25;5524.25;16664
25/06/2024;00:00:00;5524.5;5525.5;5511;5523;47055
25/06/2024;04:00:00;5523;5529.25;5521.75;5526.25;78991
25/06/2024;08:00:00;5526.25;5532.25;5512.25;5516.5;505321
25/06/2024;12:00:00;5516.5;5539.75;5511.75;5535;413519
25/06/2024;16:00:00;5535;5538.5;5533;5538;11041
25/06/2024;20:00:00;5538;5542;5537.5;5540.5;15723
26/06/2024;00:00:00;5540.75;5551.75;5540.25;5548.75;43183
26/06/2024;04:00:00;5548.5;5549.25;5523.5;5524.5;83448
26/06/2024;08:00:00;5524.5;5541.5;5516.25;5534;548282
26/06/2024;12:00:00;5534;5549;5526.25;5533.5;422942
26/06/2024;16:00:00;5533;5536;5515.75;5520;20200
26/06/2024;20:00:00;5520;5528.25;5519.5;5528;15907
27/06/2024;00:00:00;5528.25;5535.75;5527;5532;31522
27/06/2024;04:00:00;5531.75;5542.75;5530.5;5542.25;61894
27/06/2024;08:00:00;5542;5555;5531;5540.5;590712
27/06/2024;12:00:00;5540.5;5551.75;5530;5549.5;444431
27/06/2024;16:00:00;5548.25;5556.5;5547.5;5552.25;12088
27/06/2024;20:00:00;5552;5563.5;5551.5;5558.25;24545
28/06/2024;00:00:00;5558.25;5563.75;5555.75;5562.75;36492
28/06/2024;04:00:00;5563;5573;5555;5556.5;104667
28/06/2024;08:00:00;5556.75;5585;5535.5;5544;804512
28/06/2024;12:00:00;5544;5551;5510.75;5532.25;732007
30/06/2024;16:00:00;5534.25;5536.5;5526.5;5535.25;29411
30/06/2024;20:00:00;5535.25;5538.25;5533;5534;19252
01/07/2024;00:00:00;5534;5541;5524;5525.5;59632
01/07/2024;04:00:00;5525.5;5537.75;5521;5534.25;65455
01/07/2024;08:00:00;5534.25;5539.25;5504.5;5531;754736
01/07/2024;12:00:00;5531;5539.5;5518.5;5532;423294
01/07/2024;16:00:00;5533.5;5535;5521;5524.25;15874
01/07/2024;20:00:00;5524.5;5526.5;5519;5522.75;18124
02/07/2024;00:00:00;5523;5527.75;5508;5513.25;57305
02/07/2024;04:00:00;5513.5;5515.75;5502.75;5511.5;76538
02/07/2024;08:00:00;5511.25;5544.25;5511;5538.75;622442
02/07/2024;12:00:00;5538.75;5569.75;5538;5562.75;450476
02/07/2024;16:00:00;5563.75;5566.5;5561;5565;12128
02/07/2024;20:00:00;5564.75;5565;5559.75;5563.75;16702
03/07/2024;00:00:00;5563.75;5572.25;5561.75;5569.25;39538
03/07/2024;04:00:00;5569.25;5571.5;5560;5561.25;64803
03/07/2024;08:00:00;5561.25;5595.75;5560.75;5591;567439
03/07/2024;12:00:00;5591.25;5592.5;5589.25;5591;33724
03/07/2024;16:00:00;5591;5592.25;5586.25;5590;9138
03/07/2024;20:00:00;5589.75;5592.25;5587.75;5589.75;7482
04/07/2024;00:00:00;5589.75;5594.25;5588.75;5593.25;19626
04/07/2024;04:00:00;5593.25;5596.25;5592.5;5596.25;15886
04/07/2024;08:00:00;5596.25;5597;5585.25;5588.5;40720
04/07/2024;16:00:00;5587.75;5593.25;5586.25;5591.5;8508
04/07/2024;20:00:00;5591.5;5595;5590.5;5593.5;10371
05/07/2024;00:00:00;5593.75;5598.75;5590.5;5591.25;40141
05/07/2024;04:00:00;5591.5;5605;5585;5591;94389
05/07/2024;08:00:00;5591.25;5612.75;5585.5;5610.5;517855
05/07/2024;12:00:00;5610.5;5626;5608.25;5615;392647
07/07/2024;16:00:00;5612;5618;5611;5612.25;14714
07/07/2024;20:00:00;5612.25;5615.25;5610.75;5612.5;11886
08/07/2024;00:00:00;5612.5;5621.25;5610.75;5619;37819
08/07/2024;04:00:00;5618.75;5626.75;5617.75;5626.5;50874
08/07/2024;08:00:00;5626.5;5637.5;5617.25;5622.25;452905
08/07/2024;12:00:00;5622.25;5629.75;5615.25;5628.5;345570
08/07/2024;16:00:00;5627.75;5639.75;5626.25;5635.75;19156
08/07/2024;20:00:00;5636;5639.25;5632.75;5639;15217
09/07/2024;00:00:00;5639;5640;5633.5;5638.5;33519
09/07/2024;04:00:00;5638.5;5640;5632.75;5635.75;49087
09/07/2024;08:00:00;5635.5;5642.75;5630;5641;492127
09/07/2024;12:00:00;5641;5645.75;5628.25;5632;401214
09/07/2024;16:00:00;5631.75;5636;5631.5;5635.75;8937
09/07/2024;20:00:00;5635.75;5636.5;5633;5635.25;10495
10/07/2024;00:00:00;5635.25;5638.5;5630.75;5638.5;32963
10/07/2024;04:00:00;5638.5;5646.5;5637.5;5643.75;50370
10/07/2024;08:00:00;5643.75;5666.5;5640.25;5666.25;491052
10/07/2024;12:00:00;5666.25;5690.5;5664;5684.5;515818
10/07/2024;16:00:00;5684.25;5686;5680;5680.5;14315
10/07/2024;20:00:00;5680.5;5685.25;5679;5684.5;11932
11/07/2024;00:00:00;5684.5;5686.75;5681.75;5683.25;30808
11/07/2024;04:00:00;5683.25;5707.75;5677.25;5684.5;150533
11/07/2024;08:00:00;5684.5;5695.75;5631.75;5635.25;1042871
11/07/2024;12:00:00;5635.25;5647.75;5630;5640;644004
11/07/2024;16:00:00;5638.5;5644;5634.75;5640;19828
11/07/2024;20:00:00;5640;5641.75;5636.5;5637.25;14336
12/07/2024;00:00:00;5637.5;5645;5634.25;5644.75;35269
12/07/2024;04:00:00;5644.75;5646.75;5621.25;5643.75;96389
12/07/2024;08:00:00;5644;5688.5;5640.5;5687.25;721554
12/07/2024;12:00:00;5687.25;5708.25;5660;5667.5;710003
14/07/2024;16:00:00;5681;5683.25;5665.5;5674.5;28779
14/07/2024;20:00:00;5674.5;5677.25;5672.75;5676.5;15313
15/07/2024;00:00:00;5676.5;5689;5676;5688.75;38077
15/07/2024;04:00:00;5688.75;5694.75;5684;5686.25;64206
15/07/2024;08:00:00;5686.5;5718.75;5683.25;5695.75;823303
15/07/2024;12:00:00;5695.75;5695.75;5666;5688.25;666529
15/07/2024;16:00:00;5688.75;5694.75;5688;5690.75;12874
15/07/2024;20:00:00;5690.75;5694.5;5689;5692.75;13938
16/07/2024;00:00:00;5692.75;5694.75;5673;5685;41771
16/07/2024;04:00:00;5685.25;5698.25;5682.75;5694.25;69183
16/07/2024;08:00:00;5694.25;5714.25;5690.25;5704.75;785524
16/07/2024;12:00:00;5705;5721.25;5694;5715.5;498903
16/07/2024;16:00:00;5715;5717.75;5710.5;5711.75;11918
16/07/2024;20:00:00;5712;5713.25;5706.5;5707.5;14473
17/07/2024;00:00:00;5707.75;5709;5668.25;5676.25;95679
17/07/2024;04:00:00;5676.5;5678.75;5655;5658.75;107991
17/07/2024;08:00:00;5658.75;5672.75;5637.75;5647;1046225
17/07/2024;12:00:00;5647.25;5651.75;5631.75;5643;690747
17/07/2024;16:00:00;5644;5653.75;5643;5651.75;20732
17/07/2024;20:00:00;5651.75;5654.5;5646.25;5649.5;19414
18/07/2024;00:00:00;5649.75;5664;5640;5656.25;74242
18/07/2024;04:00:00;5656.5;5656.75;5638.25;5654.75;82105
18/07/2024;08:00:00;5654.75;5661.75;5590;5609;1277323
18/07/2024;12:00:00;5609.25;5615.5;5570.25;5600;960099
18/07/2024;16:00:00;5602.5;5606;5599.25;5602;19103
18/07/2024;20:00:00;5602;5605.25;5600.5;5603.75;18083
19/07/2024;00:00:00;5603.75;5607.5;5568.5;5585;80256
19/07/2024;04:00:00;5585;5603.5;5577.75;5602.75;105570
19/07/2024;08:00:00;5602.75;5604.75;5552.5;5556.75;1035769
19/07/2024;12:00:00;5557;5568.5;5542;5552.75;760035
21/07/2024;16:00:00;5564.5;5574;5557.25;5571.25;35168
21/07/2024;20:00:00;5571.25;5571.75;5553.5;5566.5;33051
22/07/2024;00:00:00;5566.75;5576.25;5560.25;5572;46168
22/07/2024;04:00:00;5571.75;5592.25;5570.5;5586.25;77355
22/07/2024;08:00:00;5586;5608.25;5572.75;5598.25;931203
22/07/2024;12:00:00;5598.5;5616;5598.5;5608.25;490866
22/07/2024;16:00:00;5607.75;5612.5;5600;5601.75;17463
22/07/2024;20:00:00;5602;5607;5596.25;5601.75;17637
23/07/2024;00:00:00;5601.75;5603.75;5587.75;5599;44586
23/07/2024;04:00:00;5599.25;5618.25;5598.75;5609;67338
23/07/2024;08:00:00;5609;5629.75;5603.5;5608;717779
23/07/2024;12:00:00;5608.25;5617.75;5593.75;5602.25;469361
23/07/2024;16:00:00;5585;5585;5573.5;5581.75;30293
23/07/2024;20:00:00;5581.75;5583.25;5560.25;5563;24143
24/07/2024;00:00:00;5563;5571.5;5551.75;5562.75;65649
24/07/2024;04:00:00;5563;5565.75;5543.75;5546;98064
24/07/2024;08:00:00;5546;5551.75;5495.25;5497.75;963959
24/07/2024;12:00:00;5497.75;5509.25;5462;5483.25;870048
24/07/2024;16:00:00;5482.5;5490;5481.5;5488;24484
24/07/2024;20:00:00;5487.75;5489.5;5473.25;5482.75;35260
25/07/2024;00:00:00;5482.75;5485;5451;5475.25;148073
25/07/2024;04:00:00;5475.5;5481.25;5452.25;5475.5;174396
25/07/2024;08:00:00;5475.5;5524.75;5432.5;5519.5;1431158
25/07/2024;12:00:00;5519.5;5533.25;5433.25;5444.75;979246
25/07/2024;16:00:00;5446;5458.75;5445.25;5454.75;23815
25/07/2024;20:00:00;5454.75;5467.25;5454.25;5466.25;20689
25/07/2024;00:00:00;5482.75;5485;5451;5475.25;148073
25/07/2024;04:00:00;5475.5;5481.25;5452.25;5475.5;174396
25/07/2024;08:00:00;5475.5;5524.75;5432.5;5519.5;1431158
25/07/2024;12:00:00;5519.5;5533.25;5433.25;5444.75;979246
25/07/2024;16:00:00;5446;5458.75;5445.25;5454.75;23815
25/07/2024;20:00:00;5454.75;5467.25;5454.25;5466.25;20689
26/07/2024;00:00:00;5466.25;5488;5459.75;5487.75;60797
26/07/2024;04:00:00;5487.5;5492.75;5477;5481.25;86202
26/07/2024;08:00:00;5481.5;5525;5470;5523.75;921882
26/07/2024;12:00:00;5523.75;5528.25;5482.5;5499.25;776600
28/07/2024;16:00:00;5496.5;5530;5496.25;5524.75;29703
28/07/2024;20:00:00;5524.75;5527.25;5521;5522.25;20986
29/07/2024;00:00:00;5522.5;5527.75;5505.75;5511.25;50230
29/07/2024;04:00:00;5511.5;5534.5;5507.5;5522.75;61437
29/07/2024;08:00:00;5522.75;5525;5481;5517.25;923688
29/07/2024;12:00:00;5517.25;5525.25;5499.5;5504.5;557603
29/07/2024;16:00:00;5504.5;5508.75;5485.75;5492.75;18522
29/07/2024;20:00:00;5493;5499.5;5479.5;5499;28636
30/07/2024;00:00:00;5499.25;5515.75;5497.25;5511;40304
30/07/2024;04:00:00;5511.25;5515.75;5505;5512.25;43082
30/07/2024;08:00:00;5512.5;5527.5;5441;5441.5;1010860
30/07/2024;12:00:00;5441.5;5491;5433;5452;842331
30/07/2024;16:00:00;5454.75;5486.25;5451.5;5485.25;38499
30/07/2024;20:00:00;5485.5;5499.75;5481;5494;34161
31/07/2024;00:00:00;5494.25;5528.75;5492.5;5523.75;93715
31/07/2024;04:00:00;5524;5543.75;5520;5541.5;99963
31/07/2024;08:00:00;5541.25;5571;5528.75;5555;797709
31/07/2024;12:00:00;5555.25;5588.5;5539.5;5570.25;961077
31/07/2024;16:00:00;5574.75;5594.5;5572.75;5582.5;33524
31/07/2024;20:00:00;5582.5;5593.25;5578.75;5591;32261
01/08/2024;00:00:00;5591;5596.5;5558.5;5562.25;83646
01/08/2024;04:00:00;5562.5;5593.75;5560.75;5587;100752
01/08/2024;08:00:00;5587;5600.75;5482.5;5488.25;1302593
01/08/2024;12:00:00;5488.5;5490.75;5444.75;5471.25;1107286
01/08/2024;16:00:00;5464.25;5473.25;5446;5457.5;46880
01/08/2024;20:00:00;5457.75;5461.75;5421;5438.75;68837
02/08/2024;00:00:00;5438.75;5445;5412.5;5431.5;111355
02/08/2024;04:00:00;5431.25;5434.75;5376.5;5393;243484
02/08/2024;08:00:00;5392.75;5417.25;5331.75;5358.25;1710301
02/08/2024;12:00:00;5358.25;5378.5;5341.25;5358;945720
04/08/2024;16:00:00;5330;5345.5;5298.25;5304;105283
04/08/2024;20:00:00;5304;5314.5;5281;5281.25;118339
05/08/2024;00:00:00;5281.25;5283.5;5201;5244;250469
05/08/2024;04:00:00;5244;5254.5;5120;5151.25;401202
05/08/2024;08:00:00;5151;5279.5;5145.75;5232.75;1455148
05/08/2024;12:00:00;5232.75;5252.25;5192.25;5248.25;944279
05/08/2024;16:00:00;5250;5286.25;5250;5286.25;58043
05/08/2024;20:00:00;5286;5305.5;5275.75;5289.75;51136
06/08/2024;00:00:00;5289.5;5299.25;5246.75;5256.5;88629
06/08/2024;04:00:00;5256.75;5276;5227.5;5238;152884
06/08/2024;08:00:00;5237.75;5324.5;5221.75;5320;929392
06/08/2024;12:00:00;5320.25;5342;5238.25;5249;792369
06/08/2024;16:00:00;5241.5;5268.75;5236.25;5263.75;48213
06/08/2024;20:00:00;5264.25;5319.5;5259.25;5314.75;71085
07/08/2024;00:00:00;5314.75;5318.75;5280;5318.75;87019
07/08/2024;04:00:00;5318.5;5334;5314.5;5326.5;98823
07/08/2024;08:00:00;5326.25;5359.25;5288.75;5293;926830
07/08/2024;12:00:00;5292.75;5296.25;5196.75;5202.25;905986
07/08/2024;16:00:00;5208.25;5220.75;5182;5210.25;70634
07/08/2024;20:00:00;5210.25;5239.5;5208;5226;50231
08/08/2024;00:00:00;5226;5237.25;5202.25;5226.25;73713
08/08/2024;04:00:00;5226;5276.75;5203;5265.5;144834
08/08/2024;08:00:00;5265.75;5332.5;5259.75;5320.25;837391
08/08/2024;12:00:00;5320.5;5361;5309;5353;652460
08/08/2024;16:00:00;5348.25;5362.75;5336.75;5344.75;37009
08/08/2024;20:00:00;5344.5;5358.75;5328.5;5333.25;32133
09/08/2024;00:00:00;5333.25;5372;5329;5369.25;58754
09/08/2024;04:00:00;5369.5;5371;5319.5;5330.25;93565
09/08/2024;08:00:00;5330;5366.5;5324.75;5354.25;634822
09/08/2024;12:00:00;5354.25;5385.25;5352.75;5365;492250
11/08/2024;16:00:00;5364.25;5375.5;5350.25;5364.75;26863
11/08/2024;20:00:00;5364.5;5377.5;5360;5372.5;16906
12/08/2024;00:00:00;5372.5;5384;5366;5372;28824
12/08/2024;04:00:00;5371.75;5389.5;5370.75;5382;38404
12/08/2024;08:00:00;5381.75;5396.75;5347.75;5366.5;634006
12/08/2024;12:00:00;5366.5;5381.25;5356.25;5367.75;420160
12/08/2024;16:00:00;5372.5;5378.75;5367.5;5375.5;16060
12/08/2024;20:00:00;5375.75;5380.75;5368.5;5379.5;16744
13/08/2024;00:00:00;5379.5;5401.75;5377.25;5390.25;36763
13/08/2024;04:00:00;5390;5409.25;5370.25;5403.25;100152
13/08/2024;08:00:00;5403.25;5450.25;5394.25;5449.25;561601
13/08/2024;12:00:00;5449;5461.25;5433.25;5455.5;465903
13/08/2024;16:00:00;5457.5;5459.75;5453;5456.5;13312
13/08/2024;20:00:00;5456.25;5462.5;5452;5458.25;25608
14/08/2024;00:00:00;5458.25;5463.75;5453.5;5459.25;33909
14/08/2024;04:00:00;5459.5;5473.75;5448.5;5466.75;115328
14/08/2024;08:00:00;5466.75;5487.75;5438.75;5469;667885
14/08/2024;12:00:00;5468.75;5485.25;5462.75;5481.5;386899
14/08/2024;16:00:00;5481.25;5485.25;5472.5;5483.25;18817
14/08/2024;20:00:00;5483.5;5492;5481;5489.75;20815
15/08/2024;00:00:00;5490;5492;5478.5;5482.75;31624
15/08/2024;04:00:00;5482.75;5534.75;5471.75;5527.75;146111
15/08/2024;08:00:00;5528;5565.25;5523.25;5557.5;624537
15/08/2024;12:00:00;5557.75;5571.75;5552.75;5567;503431
15/08/2024;16:00:00;5568.5;5579;5565.5;5571.25;29775
15/08/2024;20:00:00;5571;5577.75;5568.25;5574.5;24214
16/08/2024;00:00:00;5574.5;5583.25;5569.5;5573.25;37993
16/08/2024;04:00:00;5573.25;5576.5;5536.5;5542.5;124132
16/08/2024;08:00:00;5542.25;5586.25;5541.5;5584;524198
16/08/2024;12:00:00;5584.25;5585;5571.25;5580.25;322950
18/08/2024;16:00:00;5584;5593.75;5581;5587.25;30628
18/08/2024;20:00:00;5587.25;5592;5575.75;5579.25;19884
19/08/2024;00:00:00;5579;5582;5565.25;5577;37147
19/08/2024;04:00:00;5577.25;5585;5572;5583.25;37123
19/08/2024;08:00:00;5583.25;5610.25;5573.5;5608.5;438500
19/08/2024;12:00:00;5608.5;5631.75;5604.5;5625.25;365710
19/08/2024;16:00:00;5629.5;5633.25;5627;5629.5;12919
19/08/2024;20:00:00;5629.5;5637;5625.75;5631.5;16024
20/08/2024;00:00:00;5631.25;5641.25;5627;5633.25;30573
20/08/2024;04:00:00;5633;5637.25;5629;5630.5;38438
20/08/2024;08:00:00;5630.25;5643.75;5613;5615;546185
20/08/2024;12:00:00;5615.25;5632.25;5607.75;5620;329672
20/08/2024;16:00:00;5619.5;5627;5617.75;5626;11482
20/08/2024;20:00:00;5626;5629.75;5621.5;5629.5;11885
21/08/2024;00:00:00;5629.5;5630.75;5619.75;5620;21443
21/08/2024;04:00:00;5620;5633.75;5619.25;5629.25;37898
21/08/2024;08:00:00;5629.5;5655.25;5613.5;5635;561009
21/08/2024;12:00:00;5635.25;5651;5626;5641.5;368356
21/08/2024;16:00:00;5642;5647.25;5640.25;5644.5;8961
21/08/2024;20:00:00;5644.5;5645;5631.5;5636.5;14027
22/08/2024;00:00:00;5636.25;5647;5636;5645.5;19106
22/08/2024;04:00:00;5645.5;5656.25;5643.5;5655.25;44433
22/08/2024;08:00:00;5655.25;5665.25;5603.25;5608.75;651946
22/08/2024;12:00:00;5608.75;5617;5582.75;5598.5;590370
22/08/2024;16:00:00;5597.75;5607.25;5597.75;5603.75;11687
22/08/2024;20:00:00;5603.75;5613.75;5603;5612.25;13761
23/08/2024;00:00:00;5612.25;5618.5;5610;5618.25;23546
23/08/2024;04:00:00;5618.5;5629;5614.5;5628.5;44582
23/08/2024;08:00:00;5628.25;5662.25;5603;5623.25;866315
23/08/2024;12:00:00;5623.25;5657.75;5620;5650.75;384234
25/08/2024;16:00:00;5650.5;5659.25;5640.25;5654.75;25650
25/08/2024;20:00:00;5655;5659.5;5644.25;5648.5;14712
26/08/2024;00:00:00;5648.25;5664.5;5646.25;5663.5;23826
26/08/2024;04:00:00;5663.5;5664.25;5652.25;5661.75;38375
26/08/2024;08:00:00;5661.5;5669;5626.5;5644.5;556656
26/08/2024;12:00:00;5644.5;5646.5;5619.75;5629.5;399046
26/08/2024;16:00:00;5630;5636;5623.25;5628.5;14813
26/08/2024;20:00:00;5628.5;5636.5;5626;5636;12408
27/08/2024;00:00:00;5636;5645.75;5633.5;5641.25;23610
27/08/2024;04:00:00;5641.25;5645.5;5616.75;5620.75;57106
27/08/2024;08:00:00;5620.75;5649.5;5611.5;5636.75;558624
27/08/2024;12:00:00;5636.5;5649.25;5636.5;5643;299707
27/08/2024;16:00:00;5643.75;5645.25;5630.5;5638.25;16001
27/08/2024;20:00:00;5638.5;5645.25;5635;5644;10098
28/08/2024;00:00:00;5644;5650.25;5641.5;5649.5;23019
28/08/2024;04:00:00;5649.5;5650.5;5636;5642.5;40616
28/08/2024;08:00:00;5642.5;5644.5;5596;5613;596576
28/08/2024;12:00:00;5613;5621.5;5576;5593.5;621635
28/08/2024;16:00:00;5580.5;5587;5561.25;5582.75;35646
28/08/2024;20:00:00;5582.75;5592.75;5577.5;5592.5;17658
29/08/2024;00:00:00;5592.5;5615.75;5590.75;5613.25;49968
29/08/2024;04:00:00;5613.5;5635.75;5612.75;5625;89022
29/08/2024;08:00:00;5625;5663.75;5620.5;5658.25;678175
29/08/2024;12:00:00;5658.25;5658.25;5598;5618;637495
29/08/2024;16:00:00;5618.5;5621.75;5608.25;5617.75;14962
29/08/2024;20:00:00;5618;5623.5;5614.5;5621.5;14522
30/08/2024;00:00:00;5621.25;5635;5619;5632;37208
30/08/2024;04:00:00;5631.75;5639.75;5625.75;5627.5;57210
30/08/2024;08:00:00;5627.75;5646;5594.25;5614.25;688955
30/08/2024;12:00:00;5614;5665;5608.75;5656.5;641212
01/09/2024;16:00:00;5656.25;5660.5;5651.75;5656.25;10264
01/09/2024;20:00:00;5656.25;5660.25;5648.5;5653;11699
02/09/2024;00:00:00;5653.25;5656.75;5638;5650.75;28914
02/09/2024;04:00:00;5650.75;5658.25;5649.5;5657.25;13736
02/09/2024;08:00:00;5657.25;5667;5652.25;5665;41850
02/09/2024;16:00:00;5665;5669.75;5649.75;5656.25;18250
02/09/2024;20:00:00;5656.5;5661;5644.75;5651.5;17334
03/09/2024;00:00:00;5651.5;5666.25;5639.25;5639.5;39640
03/09/2024;04:00:00;5639.5;5642.5;5626.5;5628.25;88107
03/09/2024;08:00:00;5628;5633;5569;5570.5;806427
03/09/2024;12:00:00;5570.5;5580.5;5516.75;5538.5;731982
03/09/2024;16:00:00;5538.5;5541;5508.75;5510.75;41747
03/09/2024;20:00:00;5510.75;5527.25;5507.5;5511.5;50272
04/09/2024;00:00:00;5511.5;5529.5;5506.75;5522.5;90705
04/09/2024;04:00:00;5522.5;5530.5;5515.5;5526.75;81434
04/09/2024;08:00:00;5526.75;5565;5520.75;5543.75;845388
04/09/2024;12:00:00;5543.5;5543.75;5515;5527.25;579521
04/09/2024;16:00:00;5527.5;5537.75;5515;5534.5;22787
04/09/2024;20:00:00;5534.5;5537.75;5519.75;5523;23439
05/09/2024;00:00:00;5523;5540;5517;5536.25;51877
05/09/2024;04:00:00;5536;5537.25;5512;5523;109757
05/09/2024;08:00:00;5523;5557.25;5490;5506.5;865264
05/09/2024;12:00:00;5506.5;5531.25;5496.5;5511.5;596926
05/09/2024;16:00:00;5513;5513.75;5496;5496.25;19725
05/09/2024;20:00:00;5496.5;5511;5488.5;5507.75;33259
06/09/2024;00:00:00;5507.75;5507.75;5466.5;5474.25;90301
06/09/2024;04:00:00;5474;5520;5469;5513.75;194315
06/09/2024;08:00:00;5513.75;5532.5;5412.5;5417;1252316
06/09/2024;12:00:00;5417.25;5436;5394;5403.75;667341
08/09/2024;16:00:00;5410;5429;5405.25;5424.75;41514
08/09/2024;20:00:00;5424.5;5445;5424.5;5441.5;36281
09/09/2024;00:00:00;5441.75;5454.5;5436.25;5451.75;61453
09/09/2024;04:00:00;5451.75;5464.25;5447.25;5456.25;83814
09/09/2024;08:00:00;5456.25;5492.5;5442.5;5490.75;727121
09/09/2024;12:00:00;5490.75;5493;5457.25;5487.5;568474
09/09/2024;16:00:00;5488.25;5491.5;5473.75;5481.5;21607
09/09/2024;20:00:00;5481.25;5483.25;5468.75;5470;21333
10/09/2024;00:00:00;5470.25;5487.75;5466.5;5475.75;42094
10/09/2024;04:00:00;5475.5;5497.5;5462.5;5496.25;104915
10/09/2024;08:00:00;5496.25;5501.25;5448.25;5466.25;756910
10/09/2024;12:00:00;5466;5506;5464.75;5499.5;504811
10/09/2024;16:00:00;5499.25;5501.75;5490.25;5492.25;13666
10/09/2024;20:00:00;5492.5;5495;5473.75;5475.75;46865
11/09/2024;00:00:00;5475.75;5495.25;5471;5481.5;46992
11/09/2024;04:00:00;5481.5;5498.75;5468.5;5494.25;132565
11/09/2024;08:00:00;5494.25;5507.5;5412;5486.75;1132402
11/09/2024;12:00:00;5486.5;5567.5;5486.5;5557.75;775192
11/09/2024;16:00:00;5558;5563;5554.5;5557;16104
11/09/2024;20:00:00;5556.75;5570.5;5554.5;5570;26285
12/09/2024;00:00:00;5569.75;5577.5;5562;5569.25;56935
12/09/2024;04:00:00;5569.25;5581.5;5562.75;5564.75;94405
12/09/2024;08:00:00;5564.75;5586;5540.25;5584;753385
12/09/2024;12:00:00;5584.25;5607;5578;5596.5;568588
12/09/2024;16:00:00;5598.5;5609.5;5597.25;5606.25;14345
12/09/2024;20:00:00;5606.5;5607;5599.25;5605;12895
13/09/2024;00:00:00;5605;5614.75;5601.75;5608.5;36339
13/09/2024;04:00:00;5608.75;5617.75;5605;5612.5;47861
13/09/2024;08:00:00;5612.75;5640.5;5605;5633;486809
13/09/2024;12:00:00;5633;5641.5;5621;5626.75;444428
15/09/2024;16:00:00;5622.75;5634.25;5622.5;5630.25;12814
15/09/2024;20:00:00;5630;5633.5;5625.75;5632.25;6286
16/09/2024;00:00:00;5632.5;5698;5632.5;5696.75;14134
16/09/2024;04:00:00;5696.75;5699.25;5684;5686.25;28268
16/09/2024;08:00:00;5686.25;5700.5;5669.5;5686.75;354190
16/09/2024;12:00:00;5686.75;5702.75;5682.75;5694.75;236927
16/09/2024;16:00:00;5694.25;5701;5692.25;5693;9652
16/09/2024;20:00:00;5692.75;5697.5;5690.5;5697.5;10087
17/09/2024;00:00:00;5697.25;5714.5;5697.25;5712.75;26944
17/09/2024;04:00:00;5712.75;5726.75;5711.5;5724;57703
17/09/2024;08:00:00;5724;5737;5679.25;5688;604115
17/09/2024;12:00:00;5688;5706.5;5677.75;5701.25;407432
17/09/2024;16:00:00;5701;5706.75;5700;5704.5;8720
17/09/2024;20:00:00;5704.75;5708;5701.25;5703;11676
18/09/2024;00:00:00;5702.75;5711;5698.25;5703.75;31970
18/09/2024;04:00:00;5703.75;5711.5;5699;5709.25;40884
18/09/2024;08:00:00;5709;5710;5682.25;5705;402129
18/09/2024;12:00:00;5705.25;5755.75;5675.25;5689.75;950352
18/09/2024;16:00:00;5693;5729.75;5691;5706;39665
18/09/2024;20:00:00;5706.25;5738.25;5698;5736;42896
19/09/2024;00:00:00;5736;5758;5731.5;5756.25;63047
19/09/2024;04:00:00;5756.5;5779;5755;5768.5;116265
19/09/2024;08:00:00;5768.25;5788.75;5748.25;5783.25;696169
19/09/2024;12:00:00;5783.5;5797.5;5771.5;5774.5;541004
19/09/2024;16:00:00;5776;5776.75;5764.25;5765.75;19061
19/09/2024;20:00:00;5766;5773;5765;5772;17717
20/09/2024;00:00:00;5772;5773;5763;5765.5;39838
20/09/2024;04:00:00;5765.25;5773.5;5759;5772;83066
20/09/2024;08:00:00;5772;5772.25;5733.5;5763.75;720607
20/09/2024;12:00:00;5763.5;5775;5742.5;5758.25;551032
22/09/2024;16:00:00;5762;5778.5;5755.5;5777.75;21603
22/09/2024;20:00:00;5777.75;5781.75;5776.25;5779.75;20392
23/09/2024;00:00:00;5779.75;5779.75;5745.25;5765;57645
23/09/2024;04:00:00;5765.25;5775.5;5760.25;5774.25;48383
23/09/2024;08:00:00;5774;5784.5;5763;5766.25;537966
23/09/2024;12:00:00;5766.25;5779.5;5761;5774.75;328050
23/09/2024;16:00:00;5774;5775;5767;5770;10956
23/09/2024;20:00:00;5770.25;5777.5;5763.75;5773.5;26188
24/09/2024;00:00:00;5773.5;5793.5;5773.5;5792.25;39667
24/09/2024;04:00:00;5792.25;5792.25;5769.25;5782;70254
24/09/2024;08:00:00;5781.75;5791.25;5754.75;5783.75;593623
24/09/2024;12:00:00;5783.75;5794.25;5773.5;5792.75;371695
24/09/2024;16:00:00;5792.25;5794.5;5784.5;5785.25;13399
24/09/2024;20:00:00;5785.25;5787.25;5779.25;5783.25;20591
25/09/2024;00:00:00;5783;5785.75;5773.5;5782.5;37041
25/09/2024;04:00:00;5782.5;5792.5;5779.25;5790;41485
25/09/2024;08:00:00;5790;5798.75;5778.25;5779;477126
25/09/2024;12:00:00;5779;5784.5;5768;5783.25;383454
25/09/2024;16:00:00;5783.5;5796.5;5780.75;5794.25;19295
25/09/2024;20:00:00;5794;5807.75;5793;5807.25;26498
26/09/2024;00:00:00;5807.5;5828;5805;5825;67929
26/09/2024;04:00:00;5825;5828.5;5819.5;5826.25;74369
26/09/2024;08:00:00;5826.25;5830;5787.75;5790.25;700398
26/09/2024;12:00:00;5790;5808.25;5778.25;5803.75;386644
26/09/2024;16:00:00;5804.25;5812;5799;5804.5;19822
26/09/2024;20:00:00;5804.5;5808.25;5796;5807.25;27026
27/09/2024;00:00:00;5807.25;5809;5790.75;5798;61526
27/09/2024;04:00:00;5797.75;5817;5795.5;5813.25;65420
27/09/2024;08:00:00;5813.25;5821.5;5796.5;5799.5;532761
27/09/2024;12:00:00;5799.75;5804.75;5782;5785.75;475357
29/09/2024;16:00:00;5784;5802.75;5779;5798;26156
29/09/2024;20:00:00;5798;5798;5785.5;5792.75;29085
30/09/2024;00:00:00;5792.75;5796.75;5782.75;5789;43411
30/09/2024;04:00:00;5789;5791;5774.25;5778.5;56700
30/09/2024;08:00:00;5778.75;5798.75;5776.75;5792;441587
30/09/2024;12:00:00;5792;5820.25;5756.25;5806.25;756533
30/09/2024;16:00:00;5807;5815;5801.5;5813;19239
30/09/2024;20:00:00;5813;5822.5;5810.75;5811.25;22387
01/10/2024;00:00:00;5811.25;5815.5;5800.75;5808.5;38689
01/10/2024;04:00:00;5808.25;5819.25;5804.75;5811;43435
01/10/2024;08:00:00;5810.75;5812.25;5733;5757.75;1104903
01/10/2024;12:00:00;5757.75;5783.75;5735.75;5758.25;625901
01/10/2024;16:00:00;5760.25;5763.5;5742.5;5755.25;29843
01/10/2024;20:00:00;5755.5;5763.5;5746.75;5750.25;24357
02/10/2024;00:00:00;5750;5757.25;5738.75;5750.25;46634
02/10/2024;04:00:00;5750.5;5757.75;5735.75;5752.5;84765
02/10/2024;08:00:00;5752.5;5772.25;5724;5751.25;658199
02/10/2024;12:00:00;5751.25;5773.25;5748;5770;346738
02/10/2024;16:00:00;5769.5;5772.75;5756;5759.75;18999
02/10/2024;20:00:00;5759.75;5762.25;5748.25;5748.5;30306
03/10/2024;00:00:00;5748.75;5754;5726.5;5739.25;66348
03/10/2024;04:00:00;5739.5;5759.25;5736.5;5744.25;65585
03/10/2024;08:00:00;5744.5;5770;5729.25;5735;757231
03/10/2024;12:00:00;5735;5754.25;5725.75;5744;424265
03/10/2024;16:00:00;5745.75;5751.75;5741;5748;15493
03/10/2024;20:00:00;5748;5763.25;5745.25;5751.25;25964
04/10/2024;00:00:00;5751.5;5758.5;5743.5;5750.25;32086
04/10/2024;04:00:00;5750.5;5800.5;5749.5;5799.5;135921
04/10/2024;08:00:00;5799.5;5803.25;5749.5;5780.5;767268
04/10/2024;12:00:00;5780.75;5804.75;5765.75;5795.5;399187
06/10/2024;16:00:00;5802;5808;5795.25;5797.5;25825
06/10/2024;20:00:00;5797.5;5805.75;5793.5;5795.75;28279
07/10/2024;00:00:00;5796;5796.5;5773.25;5773.75;56764
07/10/2024;04:00:00;5773.75;5781;5762.75;5778.25;68645
07/10/2024;08:00:00;5778.25;5788.75;5769.75;5775;453625
07/10/2024;12:00:00;5775.25;5778.75;5734.25;5750;505737
07/10/2024;16:00:00;5752.5;5754.5;5725.25;5751.25;41377
07/10/2024;20:00:00;5751.25;5752.25;5739.75;5747;33190
08/10/2024;00:00:00;5747;5754.25;5736.25;5753;53067
08/10/2024;04:00:00;5753;5770.75;5753;5766;73301
08/10/2024;08:00:00;5766.25;5795;5763.75;5788.5;489859
08/10/2024;12:00:00;5788.5;5806.75;5774.5;5798.25;395189
08/10/2024;16:00:00;5799.25;5800.25;5793.75;5795.25;9311
08/10/2024;20:00:00;5795.5;5797.75;5787.5;5788.75;18343
09/10/2024;00:00:00;5789;5793.25;5780.75;5788.25;36070
09/10/2024;04:00:00;5788.25;5801.25;5787.75;5797.5;46364
09/10/2024;08:00:00;5797.75;5840;5793.75;5828;497767
09/10/2024;12:00:00;5828;5846.5;5818.75;5836.5;448088
09/10/2024;16:00:00;5836;5841;5834.25;5839.5;11197
09/10/2024;20:00:00;5839.25;5842.75;5837.5;5840.75;14605
10/10/2024;00:00:00;5840.5;5842.25;5828.25;5830.5;35963
10/10/2024;04:00:00;5830.75;5844;5814.75;5820.75;119667
10/10/2024;08:00:00;5820.75;5843.25;5812.75;5829.25;472298
10/10/2024;12:00:00;5829.25;5834.25;5811.5;5831;403458
10/10/2024;16:00:00;5831;5837.75;5829;5833.5;12249
10/10/2024;20:00:00;5833.5;5836.5;5829.5;5830;10513
11/10/2024;00:00:00;5830;5830.5;5816;5817;25474
11/10/2024;04:00:00;5817.25;5837.75;5816.25;5825.75;60870
11/10/2024;08:00:00;5826;5866.25;5822.75;5853.5;497557
11/10/2024;12:00:00;5853.5;5868.25;5848.5;5853.25;349399
13/10/2024;16:00:00;5854.5;5860.25;5852;5855.25;15077
13/10/2024;20:00:00;5855;5857.25;5850;5855.75;13352
14/10/2024;00:00:00;5856;5865.75;5855.75;5863;24566
14/10/2024;04:00:00;5863;5874.5;5863;5873;42282
14/10/2024;08:00:00;5873.25;5905.5;5873;5904;399734
14/10/2024;12:00:00;5904;5918.5;5898.5;5913.75;346490
14/10/2024;16:00:00;5914.25;5914.5;5906.5;5909.5;16636
14/10/2024;20:00:00;5909.25;5915.5;5908.75;5913.5;13718
15/10/2024;00:00:00;5913.25;5913.75;5902.5;5904.75;32792
15/10/2024;04:00:00;5904.75;5911.25;5902.25;5910.25;53236
15/10/2024;08:00:00;5910.5;5914;5877.5;5883;635492
15/10/2024;12:00:00;5883.25;5884.75;5850;5860.75;524740
15/10/2024;16:00:00;5861;5866.5;5853.75;5863.75;15059
15/10/2024;20:00:00;5863.5;5869;5860.75;5868;15812
16/10/2024;00:00:00;5868;5868.25;5855.75;5862.5;38028
16/10/2024;04:00:00;5862.5;5869;5861;5863.25;41829
16/10/2024;08:00:00;5863.25;5878.25;5853.25;5878;436313
16/10/2024;12:00:00;5878.25;5892.75;5873.25;5883.75;340087
16/10/2024;16:00:00;5882.75;5884.75;5873;5878.75;13384
16/10/2024;20:00:00;5878.75;5880.75;5871.25;5873.75;14918
17/10/2024;00:00:00;5873.5;5908.5;5873;5908;56112
17/10/2024;04:00:00;5908.25;5919.75;5905.5;5918.75;75283
17/10/2024;08:00:00;5918.75;5927.25;5886.5;5907.25;587917
17/10/2024;12:00:00;5907.25;5910.5;5884.75;5887.5;415615
17/10/2024;16:00:00;5888.25;5893.75;5876.25;5884.25;17455
17/10/2024;20:00:00;5884.25;5888.75;5882.75;5885.5;15636
18/10/2024;00:00:00;5885.5;5899.75;5884.75;5897.25;32111
18/10/2024;04:00:00;5897.5;5902.5;5892;5900.25;44105
18/10/2024;08:00:00;5900.25;5914;5886.5;5908;440497
18/10/2024;12:00:00;5908;5915.5;5899.25;5907.5;330701
20/10/2024;16:00:00;5911.5;5915.5;5910.75;5912.75;10047
20/10/2024;20:00:00;5912.75;5914.75;5905.25;5905.75;11423
21/10/2024;00:00:00;5905.75;5906.5;5899;5904;24308
21/10/2024;04:00:00;5904;5904.5;5883;5892.75;56274
21/10/2024;08:00:00;5892.75;5908.5;5865;5887.75;561931
21/10/2024;12:00:00;5888;5901;5881.25;5898.75;355537
21/10/2024;16:00:00;5900.75;5900.75;5887.5;5888;14523
21/10/2024;20:00:00;5887.75;5890.25;5882.25;5882.5;18661
22/10/2024;00:00:00;5882.5;5887.75;5875.5;5875.5;32509
22/10/2024;04:00:00;5875.5;5877.25;5861.5;5867.5;79898
22/10/2024;08:00:00;5867.75;5885.5;5861.25;5884.75;464342
22/10/2024;12:00:00;5884.75;5904.25;5881.75;5887;384900
22/10/2024;16:00:00;5887.25;5890.75;5881;5884;12437
22/10/2024;20:00:00;5884;5890;5882;5888.25;13293
23/10/2024;00:00:00;5888.25;5893.75;5882.5;5883;31719
23/10/2024;04:00:00;5882.75;5886;5870.75;5872;57941
23/10/2024;08:00:00;5872.25;5874.75;5833.5;5838.5;640183
23/10/2024;12:00:00;5838.75;5847;5801;5842;649381
23/10/2024;16:00:00;5844;5852.5;5838.5;5852.25;16477
23/10/2024;20:00:00;5852;5854.5;5846.25;5849.5;18899
24/10/2024;00:00:00;5849.5;5866.75;5846.75;5862;37858
24/10/2024;04:00:00;5862;5870;5860.25;5862.75;52051
24/10/2024;08:00:00;5862.75;5866.75;5822.5;5846;592288
24/10/2024;12:00:00;5846;5856.75;5837.75;5852.75;399145
24/10/2024;16:00:00;5853.25;5854.5;5847;5853;13928
24/10/2024;20:00:00;5852.75;5855.5;5844.75;5846;14501
25/10/2024;00:00:00;5846;5861;5844.25;5858.25;32131
25/10/2024;04:00:00;5858;5872;5858;5871.25;49353
25/10/2024;08:00:00;5871.5;5900.75;5869.5;5875.25;569685
25/10/2024;12:00:00;5875.25;5875.25;5835;5841.5;615825
27/10/2024;16:00:00;5857;5881.25;5857;5874.75;35299
27/10/2024;20:00:00;5874.5;5880.5;5870;5879;28344
28/10/2024;00:00:00;5879.25;5883.5;5868.5;5881.25;43804
28/10/2024;04:00:00;5881.5;5884.5;5864.25;5879.5;72180
28/10/2024;08:00:00;5879.25;5881.75;5860;5864.5;454078
28/10/2024;12:00:00;5864.75;5872.75;5859.5;5864.25;351801
28/10/2024;16:00:00;5867;5867;5855.25;5861;15367
28/10/2024;20:00:00;5861;5863;5850.25;5857.25;26912
29/10/2024;00:00:00;5857.5;5869.5;5854.75;5864.25;40260
29/10/2024;04:00:00;5864.25;5865.25;5848;5850.25;79207
29/10/2024;08:00:00;5850;5874.75;5837.5;5873.75;561634
29/10/2024;12:00:00;5873.75;5883.75;5867.5;5878;411734
29/10/2024;16:00:00;5883;5891.5;5880.25;5890.5;20255
29/10/2024;20:00:00;5890.25;5893;5877;5877.25;26868
30/10/2024;00:00:00;5877;5886;5874.5;5880.25;38410
30/10/2024;04:00:00;5880;5885;5866.5;5868.5;95959
30/10/2024;08:00:00;5868.5;5886.75;5845.5;5873.25;574961
30/10/2024;12:00:00;5873;5876.25;5840.25;5845.25;525751
30/10/2024;16:00:00;5840;5844;5827;5832;43286
30/10/2024;20:00:00;5832;5838.25;5825;5826;27354
31/10/2024;00:00:00;5826;5826.5;5801;5805.25;72857
31/10/2024;04:00:00;5805.25;5820;5801.5;5813.25;99753
31/10/2024;08:00:00;5813.25;5815.5;5750.5;5763.25;838173
31/10/2024;12:00:00;5763.25;5770.5;5733.25;5738.5;785325
31/10/2024;16:00:00;5742;5751.5;5737;5743.75;26521
31/10/2024;20:00:00;5743.5;5751;5732.5;5748;26160
01/11/2024;00:00:00;5748;5757;5740.5;5753.75;56229
01/11/2024;04:00:00;5753.75;5769.5;5752.75;5766.5;117281
01/11/2024;08:00:00;5766.5;5803.75;5755.5;5777;733734
01/11/2024;12:00:00;5777;5786;5752.5;5759.25;556661
03/11/2024;16:00:00;5741.75;5761.5;5740;5759.25;39317
03/11/2024;20:00:00;5759.5;5774.75;5758.75;5772;26352
04/11/2024;00:00:00;5772;5776.5;5758;5765.25;50078
04/11/2024;04:00:00;5765.25;5774.5;5755.5;5762.25;64040
04/11/2024;08:00:00;5762.25;5771.5;5724.25;5750.75;664904
04/11/2024;12:00:00;5750.75;5758.75;5737.5;5749;428474
04/11/2024;16:00:00;5752.25;5753.25;5735;5747;24856
04/11/2024;20:00:00;5747;5750.25;5742;5746.75;17001
05/11/2024;00:00:00;5746.75;5756.75;5743.75;5753.25;35658
05/11/2024;04:00:00;5753.25;5758.5;5746.5;5750.5;45968
05/11/2024;08:00:00;5750.5;5811;5747.5;5807;560256
05/11/2024;12:00:00;5807.25;5823.25;5792.5;5822.25;456615
05/11/2024;16:00:00;5820.25;5854.5;5814.75;5844.75;77269
05/11/2024;20:00:00;5844.5;5894.75;5841.25;5884;164199
06/11/2024;00:00:00;5883.75;5954;5878.25;5948.5;186307
06/11/2024;04:00:00;5948.5;5951.75;5919.5;5933.5;150535
06/11/2024;08:00:00;5933.25;5943;5900.75;5940.75;811019
06/11/2024;12:00:00;5940.5;5967;5939.5;5966.25;511500
06/11/2024;16:00:00;5963.5;5964.25;5951;5960.5;26149
06/11/2024;20:00:00;5960.5;5970.5;5957.25;5969.75;25307
07/11/2024;00:00:00;5969.75;5973;5959.25;5967.5;50000
07/11/2024;04:00:00;5967.75;5977;5964.75;5973.25;77092
07/11/2024;08:00:00;5973.25;6002;5971;6000.5;481995
07/11/2024;12:00:00;6000.5;6013;5985.5;6006.5;549384
07/11/2024;16:00:00;6007.75;6009;6002;6005.5;16153
07/11/2024;20:00:00;6005.25;6009.75;6001.25;6007.5;16442
08/11/2024;00:00:00;6007.5;6010;6002.25;6006.25;39643
08/11/2024;04:00:00;6006.5;6006.5;5990.25;5998.25;82208
08/11/2024;08:00:00;5998.25;6027;5997.5;6024.75;465203
08/11/2024;12:00:00;6024.75;6040.5;6020;6023.5;439110
10/11/2024;16:00:00;6030;6038.5;6029.5;6035.25;26621
10/11/2024;20:00:00;6035.25;6038.5;6032.25;6036.25;14786
11/11/2024;00:00:00;6036.5;6044.75;6035.5;6041.25;38650
11/11/2024;04:00:00;6041.25;6053.25;6039.5;6042.5;66119
11/11/2024;08:00:00;6042.5;6045.25;6026;6026;465827
11/11/2024;12:00:00;6026;6033.5;6013.5;6028.5;400901
11/11/2024;16:00:00;6029.25;6032.5;6022.75;6028.25;19854
11/11/2024;20:00:00;6028.25;6030.75;6022;6023.25;24464
12/11/2024;00:00:00;6023.25;6031.75;6020;6020.5;47571
12/11/2024;04:00:00;6020.5;6031.25;6012.25;6030.75;90998
12/11/2024;08:00:00;6030.75;6036.5;5988.75;5990;597566
12/11/2024;12:00:00;5990.25;6027.75;5986.75;6012.25;544051
12/11/2024;16:00:00;6012.25;6013.25;6002.5;6004.5;20695
12/11/2024;20:00:00;6004.5;6008.75;5999;5999.5;22769
13/11/2024;00:00:00;5999.5;6009.75;5993;6008.5;42452
13/11/2024;04:00:00;6008.5;6030.25;5995.5;6013.75;115665
13/11/2024;08:00:00;6013.75;6034.75;5991.75;6034;637558
13/11/2024;12:00:00;6034.25;6035.25;6008;6018.25;520891
13/11/2024;16:00:00;6017.75;6022;6013;6013;18279
13/11/2024;20:00:00;6013.25;6015.25;6006;6010;21131
14/11/2024;00:00:00;6009.75;6024.5;6004;6018;44315
14/11/2024;04:00:00;6017.75;6025.25;6009.5;6014.25;81809
14/11/2024;08:00:00;6014.25;6020.5;5978.75;5992;702967
14/11/2024;12:00:00;5992;6000.5;5964.25;5974.25;602380
14/11/2024;16:00:00;5972;5974.25;5955;5956;32607
14/11/2024;20:00:00;5956.25;5963;5954.75;5956.25;25872
15/11/2024;00:00:00;5956.25;5956.25;5930.75;5939;77757
15/11/2024;04:00:00;5939;5953.25;5936.25;5943.25;97275
15/11/2024;08:00:00;5943;5944.75;5885;5893;945802
15/11/2024;12:00:00;5893;5905.25;5876.75;5900;659798
17/11/2024;16:00:00;5899.75;5914.5;5891.75;5912;40961
17/11/2024;20:00:00;5912;5915.5;5908.75;5912.75;24330
18/11/2024;00:00:00;5912.5;5915.75;5894.5;5897;66883
18/11/2024;04:00:00;5897;5904.5;5886.5;5900;77181
18/11/2024;08:00:00;5900;5933;5891.25;5924.25;621563
18/11/2024;12:00:00;5924.25;5924.5;5907.5;5918.75;427494
18/11/2024;16:00:00;5919;5923.5;5911.75;5920.5;19471
18/11/2024;20:00:00;5920.75;5933.75;5918.5;5928.25;22988
19/11/2024;00:00:00;5928.25;5931.5;5882;5890.25;104292
19/11/2024;04:00:00;5890;5908.25;5861;5862;143097
19/11/2024;08:00:00;5862;5932.25;5855;5928.75;752305
19/11/2024;12:00:00;5928.75;5947.5;5924.5;5937.5;492623
19/11/2024;16:00:00;5937.75;5954;5937;5945.75;25529
19/11/2024;20:00:00;5945.75;5951;5941.75;5946.75;20156
20/11/2024;00:00:00;5947;5957.75;5946.25;5949.5;44544
20/11/2024;04:00:00;5949.25;5954;5938.75;5945;58882
20/11/2024;08:00:00;5944.75;5945;5880;5905.25;834158
20/11/2024;12:00:00;5905.25;5944.25;5895.75;5939.75;526599
20/11/2024;16:00:00;5937.25;5942.5;5911.25;5913.75;32511
20/11/2024;20:00:00;5914;5929.75;5913.25;5925.5;21620
21/11/2024;00:00:00;5925.75;5935.5;5905.25;5916.25;90374
21/11/2024;04:00:00;5916;5970.75;5912.5;5962.75;126375
21/11/2024;08:00:00;5962.75;5975.75;5907.25;5971.5;1022454
21/11/2024;12:00:00;5971.25;5985;5966;5966.5;483933
21/11/2024;16:00:00;5967;5971.5;5961.25;5968;21513
21/11/2024;20:00:00;5968;5977;5960;5961;28610
22/11/2024;00:00:00;5961;5976;5941.25;5956.75;68928
22/11/2024;04:00:00;5956.75;5971.25;5940.75;5965.25;74619
22/11/2024;08:00:00;5965.25;5993.25;5962.75;5989;782826
22/11/2024;12:00:00;5989;5993.5;5972.75;5991;485063
24/11/2024;16:00:00;6006;6015.25;6005.5;6013.25;33770
24/11/2024;20:00:00;6013.25;6015;6012.25;6014;13721
25/11/2024;00:00:00;6014;6017;6009;6016;36069
25/11/2024;04:00:00;6016;6032.25;6011.25;6027.75;76699
25/11/2024;08:00:00;6027.5;6040;5982.5;5995.25;893239
25/11/2024;12:00:00;5995.25;6015.75;5994.75;6012.75;474976
25/11/2024;16:00:00;6013.25;6018.75;5976.25;5996;80672
25/11/2024;20:00:00;5996.25;6011;5996;6003.75;31010
26/11/2024;00:00:00;6004;6012;5997;6006;47788
26/11/2024;04:00:00;6006.25;6023.25;6001.5;6019.75;81597
26/11/2024;08:00:00;6020;6032;6011.25;6031.5;566433
26/11/2024;12:00:00;6031.5;6044;6023;6041.5;451516
26/11/2024;16:00:00;6041.75;6043.25;6036.5;6042.25;18187
26/11/2024;20:00:00;6042.25;6047;6034.25;6035.75;21849
27/11/2024;00:00:00;6036;6041.5;6024.5;6028;48199
27/11/2024;04:00:00;6028.25;6038.25;6024.25;6036;53563
27/11/2024;08:00:00;6036;6037;6000.25;6011.75;594765
27/11/2024;12:00:00;6011.5;6019;6007.25;6015.5;348313
27/11/2024;16:00:00;6015;6023.25;6014.75;6021.75;12680
27/11/2024;20:00:00;6021.75;6024;6021.25;6023;10569
28/11/2024;00:00:00;6023;6023.75;6019.75;6023;17909
28/11/2024;04:00:00;6023.25;6025.5;6021.5;6025;19169
28/11/2024;08:00:00;6025.25;6032.5;6023.75;6029.75;39185
28/11/2024;16:00:00;6027.25;6030.75;6018;6029;14676
28/11/2024;20:00:00;6029;6035.5;6028.75;6031.25;18449
29/11/2024;00:00:00;6031.25;6034.5;6023.5;6032.75;25618
29/11/2024;04:00:00;6032.75;6035.25;6018.75;6022.25;42401
29/11/2024;08:00:00;6022.5;6060;6019;6051.5;544086
29/11/2024;12:00:00;6051.75;6054.25;6048.75;6051.5;39849
01/12/2024;16:00:00;6051.5;6054.5;6042;6042.5;26369
01/12/2024;20:00:00;6042.5;6043;6038.75;6039;21176
02/12/2024;00:00:00;6039;6042.5;6036;6039.75;30500
02/12/2024;04:00:00;6040;6053;6037.5;6051.75;58724
02/12/2024;08:00:00;6051.75;6065;6049.75;6061;441236
02/12/2024;12:00:00;6061;6068.5;6056;6063;351576
02/12/2024;16:00:00;6064;6066.25;6060.5;6060.75;16738
02/12/2024;20:00:00;6060.75;6067.5;6060;6066;12948
03/12/2024;00:00:00;6066;6067.25;6061.5;6064.5;28692
03/12/2024;04:00:00;6064.75;6067.25;6057.5;6061;43451
03/12/2024;08:00:00;6061.25;6064;6047.5;6061.5;461338
03/12/2024;12:00:00;6061.5;6070.75;6055.75;6066.75;357637
03/12/2024;16:00:00;6067;6069.75;6063;6066.5;17190
03/12/2024;20:00:00;6066.75;6073.75;6066.75;6072.5;14874
04/12/2024;00:00:00;6072.5;6080;6068.75;6077.25;33981
04/12/2024;04:00:00;6077.25;6085;6075;6084.75;56281
04/12/2024;08:00:00;6084.5;6088.75;6072.5;6087.5;448195
04/12/2024;12:00:00;6087.5;6102.25;6075.25;6095.5;473361
04/12/2024;16:00:00;6095.25;6096.75;6091;6095;16600
04/12/2024;20:00:00;6095;6096.5;6092.25;6096.25;12215
05/12/2024;00:00:00;6096.25;6097.75;6093;6095.5;30298
05/12/2024;04:00:00;6095.5;6098.25;6092.75;6096;43057
05/12/2024;08:00:00;6096.25;6107.25;6090.25;6106.5;441412
05/12/2024;12:00:00;6106.5;6106.75;6081.5;6085.75;492701
05/12/2024;16:00:00;6085.5;6086;6079.5;6083.25;15419
05/12/2024;20:00:00;6083.25;6086.75;6080.75;6084.75;12556
06/12/2024;00:00:00;6084.75;6089;6083.25;6084.75;22461
06/12/2024;04:00:00;6085;6100.75;6076;6094.5;77919
06/12/2024;08:00:00;6094.5;6111;6090.5;6093.5;532872
06/12/2024;12:00:00;6093.5;6103.75;6090;6096.75;408136
08/12/2024;16:00:00;6096.25;6103;6094;6098;17751
08/12/2024;20:00:00;6098;6099;6093.25;6095.5;11390
09/12/2024;00:00:00;6095.25;6105.75;6094.5;6096;35885
09/12/2024;04:00:00;6096;6098.75;6088.5;6096.5;52964
09/12/2024;08:00:00;6096.5;6098.5;6065;6072;631736
09/12/2024;12:00:00;6072;6083.25;6060;6063.25;509121
09/12/2024;16:00:00;6065.25;6065.25;6059.5;6060.25;20917
09/12/2024;20:00:00;6060.5;6063.75;6060;6061.5;13853
10/12/2024;00:00:00;6061.5;6064;6057.5;6060;28065
10/12/2024;04:00:00;6059.75;6071.75;6059.75;6066.5;54532
10/12/2024;08:00:00;6066.75;6075.25;6060;6061.5;579279
10/12/2024;12:00:00;6061.75;6064.5;6039.75;6052.75;545119
10/12/2024;16:00:00;6052.75;6054.75;6048.25;6050.75;14742
10/12/2024;20:00:00;6050.75;6051.5;6047;6051;10595
11/12/2024;00:00:00;6051;6053.5;6045.5;6051.5;27934
11/12/2024;04:00:00;6051.75;6071.5;6049.25;6070.75;85726
11/12/2024;08:00:00;6070.5;6100;6070.25;6099.25;589363
11/12/2024;12:00:00;6099.25;6102.5;6086.5;6087.25;437087
11/12/2024;16:00:00;6087.5;6088.25;6082;6083.5;13340
11/12/2024;20:00:00;6083.5;6086.75;6082.5;6086.5;9404
12/12/2024;00:00:00;6086.5;6087.5;6081;6081.75;25712
12/12/2024;04:00:00;6081.75;6087.5;6071;6078;87199
12/12/2024;08:00:00;6078;6087.75;6067.5;6083.75;655485
12/12/2024;12:00:00;6083.75;6085.5;6055.5;6058.75;532826
12/12/2024;16:00:00;6065;6071;6062.25;6065.75;20323
12/12/2024;20:00:00;6065.75;6066.75;6060.75;6065.25;13209
13/12/2024;00:00:00;6065.5;6079.25;6065.5;6079.25;24157
13/12/2024;04:00:00;6079;6085.25;6078.25;6082;47996
13/12/2024;08:00:00;6081.75;6084.75;6041.5;6042.25;686894
13/12/2024;12:00:00;6042.25;6060.25;6041.25;6051.25;366326
15/12/2024;16:00:00;6055.5;6061;6051.5;6061;12310
15/12/2024;20:00:00;6061;6062.75;6056;6056.5;7435
16/12/2024;00:00:00;6056.5;6063.75;6056.5;6063.5;13229
16/12/2024;04:00:00;6063.5;6076.25;6061.75;6075.75;27582
16/12/2024;08:00:00;6075.75;6086.25;6064.75;6085.25;215975
16/12/2024;12:00:00;6085.5;6090.5;6073;6076.5;174775
16/12/2024;16:00:00;6077;6078;6070;6077.5;7003
16/12/2024;20:00:00;6077.5;6079.25;6072.5;6072.75;3480
17/12/2024;00:00:00;6073;6073.5;6058.75;6064.75;13378
17/12/2024;04:00:00;6064.75;6068;6051;6056.75;27092
17/12/2024;08:00:00;6056.75;6063.5;6043;6059.75;158413
17/12/2024;12:00:00;6059.75;6059.75;6040.75;6052;127176
17/12/2024;16:00:00;6053.5;6059.75;6040;6059.25;3619
17/12/2024;20:00:00;6059.5;6063.5;6055.75;6062.75;3360
18/12/2024;00:00:00;6062.75;6065.75;6058.5;6065.25;7729
18/12/2024;04:00:00;6065.25;6073.25;6057.75;6058;14734
18/12/2024;08:00:00;6058;6074.5;6045;6066.25;89660
18/12/2024;12:00:00;6066;6067.25;5840;5872.25;251547
18/12/2024;16:00:00;5881.75;5891.25;5872.75;5885;13998
18/12/2024;20:00:00;5884.5;5886;5870.25;5871;8710
19/12/2024;00:00:00;5871;5966.75;5871;5965;90844
19/12/2024;04:00:00;5965;5992.75;5959.75;5979.5;139825
19/12/2024;08:00:00;5979.5;6005.25;5947.5;5963.5;1015154
19/12/2024;12:00:00;5963.25;5986.5;5931.25;5941.25;740287
19/12/2024;16:00:00;5944.5;5944.5;5912.5;5913.25;41279
19/12/2024;20:00:00;5913.5;5918;5901.75;5917.75;35579
20/12/2024;00:00:00;5917.5;5927.75;5882.25;5886.25;75890
20/12/2024;04:00:00;5886.25;5913.25;5866;5902.5;177079
20/12/2024;08:00:00;5902.5;6050.75;5895.25;6038.75;1039329
20/12/2024;12:00:00;6038.75;6039.25;5987.25;5996.5;741305
22/12/2024;16:00:00;6001.75;6026;6001.75;6023.75;35518
22/12/2024;20:00:00;6023.5;6032;6020;6031.25;20451
23/12/2024;00:00:00;6031.25;6033;6015.25;6018.25;41147
23/12/2024;04:00:00;6018;6021;5983;5989;78575
23/12/2024;08:00:00;5989.25;6020.5;5965;6015.5;651729
23/12/2024;12:00:00;6015.5;6043;6012;6036;474669
23/12/2024;16:00:00;6037.75;6042.5;6030;6034.25;14903
23/12/2024;20:00:00;6034;6038;6032;6034.25;8517
24/12/2024;00:00:00;6034.25;6046;6032.5;6044.75;18508
24/12/2024;04:00:00;6045;6046;6037.5;6045.5;24435
24/12/2024;08:00:00;6045.5;6099.5;6042.25;6098.5;483727
24/12/2024;12:00:00;6098.5;6099.25;6094.25;6099;31387
25/12/2024;16:00:00;6099.25;6102.5;6094.75;6099.75;12691
25/12/2024;20:00:00;6099.5;6105;6097.5;6102.75;9248
26/12/2024;00:00:00;6103;6103.5;6074.25;6076.25;32171
26/12/2024;04:00:00;6076.5;6080.25;6067.5;6076.75;48238
26/12/2024;08:00:00;6076.5;6107.5;6063.25;6092;437939
26/12/2024;12:00:00;6092;6104;6088.5;6091.5;299607
26/12/2024;16:00:00;6092;6095.25;6083;6086.25;12960
26/12/2024;20:00:00;6086.25;6087.75;6082.5;6083;9435
27/12/2024;00:00:00;6082.75;6083;6070.25;6072.25;27955
27/12/2024;04:00:00;6072.5;6078.75;6065;6066.25;45922
27/12/2024;08:00:00;6066.5;6068;5982.75;5996;869915
27/12/2024;12:00:00;5996;6033.75;5993.75;6029.25;575012
29/12/2024;16:00:00;6028.75;6036.25;6017.5;6025.5;22805
29/12/2024;20:00:00;6025.25;6025.25;6011.5;6013.25;14402
30/12/2024;00:00:00;6013.5;6020.5;6003.5;6012;32654
30/12/2024;04:00:00;6011.75;6016.25;5945.25;5949.25;106424
30/12/2024;08:00:00;5949.25;5990.25;5918.25;5986.75;811288
30/12/2024;12:00:00;5987;5993.25;5948;5954.25;507693
30/12/2024;16:00:00;5955;5960.75;5944;5959.75;15290
30/12/2024;20:00:00;5959.75;5966.25;5949.75;5956.25;15945
31/12/2024;00:00:00;5956.25;5977.75;5948.5;5975;27673
31/12/2024;04:00:00;5975;5983.25;5968;5973;47627
31/12/2024;08:00:00;5973.25;5980.25;5921.75;5945.5;584358
31/12/2024;12:00:00;5945.25;5950.25;5917.25;5938.25;574011
01/01/2025;16:00:00;5949.25;5955.5;5910.75;5947;49149
01/01/2025;20:00:00;5946.75;5965.5;5945.5;5963.75;24936
02/01/2025;00:00:00;5964;5975;5953.25;5972;43290
02/01/2025;04:00:00;5972;5995.25;5963.75;5978.25;78592
02/01/2025;08:00:00;5978;5985;5879.75;5899;956877
02/01/2025;12:00:00;5899.25;5925.25;5874.75;5920;569606
02/01/2025;16:00:00;5921;5932.25;5911.25;5925.75;22597
02/01/2025;20:00:00;5925.75;5934;5923.75;5927.5;16857
03/01/2025;00:00:00;5927.25;5941.75;5924;5938.5;31410
03/01/2025;04:00:00;5938.5;5938.75;5923.75;5930.5;43655
03/01/2025;08:00:00;5930.5;5981.25;5930.25;5977.5;641088
03/01/2025;12:00:00;5977.5;5996.75;5972.25;5985.25;389017
05/01/2025;16:00:00;5994.5;5996;5981.25;5984.25;21909
05/01/2025;20:00:00;5984.5;5993.5;5980.75;5991.5;15388
06/01/2025;00:00:00;5991.75;6017.75;5990.25;6017.25;35939
06/01/2025;04:00:00;6017.25;6041.25;6007.5;6040.75;100827
06/01/2025;08:00:00;6041;6068.25;6015.75;6047;673086
06/01/2025;12:00:00;6047.25;6047.75;6004;6028.25;612444
06/01/2025;16:00:00;6028;6031.75;6019.25;6023;18380
06/01/2025;20:00:00;6023.25;6026.5;6007;6014.75;20199
07/01/2025;00:00:00;6014.75;6027.75;6010.25;6019.75;32923
07/01/2025;04:00:00;6019.75;6037.5;6017.5;6037.5;50352
07/01/2025;08:00:00;6037.5;6045.5;5962.75;5975.75;985069
07/01/2025;12:00:00;5976;5991;5935;5954.75;577733
07/01/2025;16:00:00;5955.5;5968.5;5948.25;5968;23312
07/01/2025;20:00:00;5967.75;5972.25;5961.75;5972;18882
08/01/2025;00:00:00;5972;5972.5;5957.5;5971;29820
08/01/2025;04:00:00;5971;5975;5926.5;5959.25;166819
08/01/2025;08:00:00;5959.25;5965.25;5917;5934.5;841827
08/01/2025;12:00:00;5934.5;5971.75;5933.75;5954.75;621091
08/01/2025;16:00:00;5955;5956.5;5940;5945.25;16836
08/01/2025;20:00:00;5945.25;5952.5;5940.75;5949;14692
09/01/2025;00:00:00;5949;5954.25;5929.25;5952.5;29571
09/01/2025;04:00:00;5952.5;5957;5943.25;5946.25;37312
09/01/2025;08:00:00;5946.25;5946.25;5936;5944.75;14918
09/01/2025;16:00:00;5943.75;5945.25;5920.5;5934.25;36990
09/01/2025;20:00:00;5934.25;5948.5;5932.25;5945.75;21172
10/01/2025;00:00:00;5946;5950.75;5934.5;5939.75;33609
10/01/2025;04:00:00;5939.5;5959.25;5888;5903.25;163370
10/01/2025;08:00:00;5903;5921.75;5845.25;5875.75;1070828
10/01/2025;12:00:00;5875.75;5907.25;5858;5861.5;679221
12/01/2025;16:00:00;5864.5;5867.5;5838.5;5845;44931
12/01/2025;20:00:00;5844.75;5849.25;5831;5839;28228
13/01/2025;00:00:00;5839.25;5848.75;5809;5812.75;77227
13/01/2025;04:00:00;5812.75;5835;5810;5827.5;88427
13/01/2025;08:00:00;5827.5;5856.25;5813;5855.5;902128
13/01/2025;12:00:00;5855.25;5883.25;5849.25;5881.75;558026
13/01/2025;16:00:00;5887.25;5901.25;5886.75;5889;29680
13/01/2025;20:00:00;5889;5896;5883;5896;16984
14/01/2025;00:00:00;5896;5913.5;5888;5905.5;43220
14/01/2025;04:00:00;5905.5;5918.5;5874.5;5897.25;129031
14/01/2025;08:00:00;5897.5;5909.75;5842.5;5861.5;849630
14/01/2025;12:00:00;5861.25;5898.75;5848.75;5891.5;710005
14/01/2025;16:00:00;5891.5;5891.5;5884.25;5887.25;16598
14/01/2025;20:00:00;5887.25;5888;5881;5883.25;12335
15/01/2025;00:00:00;5883.25;5891.75;5879.5;5888.75;28308
15/01/2025;04:00:00;5889;5979.75;5883.75;5970.5;185099
15/01/2025;08:00:00;5970.75;5991.75;5952.5;5971;856338
15/01/2025;12:00:00;5971.25;6001.25;5971;5987.75;459613
15/01/2025;16:00:00;5988.5;6002;5986.5;5991.5;21025
15/01/2025;20:00:00;5991.5;5995;5983;5985.5;17616
16/01/2025;00:00:00;5985.75;6017.5;5983.75;6001.75;79466
16/01/2025;04:00:00;6002;6010;5986.75;5996.25;102140
16/01/2025;08:00:00;5996.25;6004.25;5973.25;5989.5;770316
16/01/2025;12:00:00;5989.75;5995.5;5961.75;5969.5;517973
16/01/2025;16:00:00;5970.25;5984;5968;5981.75;18086
16/01/2025;20:00:00;5982;5989.5;5977;5986.5;16530
17/01/2025;00:00:00;5986.5;5999;5977;5995.25;31611
17/01/2025;04:00:00;5995.25;6021.25;5990;6019;96802
17/01/2025;08:00:00;6019;6049;6012.75;6046.75;706752
17/01/2025;12:00:00;6046.75;6051.5;6029;6032.5;455408
19/01/2025;16:00:00;6032.25;6038.5;6020;6027.75;20625
19/01/2025;20:00:00;6027.5;6033.25;6025.25;6032.25;10606
20/01/2025;00:00:00;6032.25;6043.5;6031;6038.5;23347
20/01/2025;04:00:00;6038.5;6058.5;6018;6057.25;67379
20/01/2025;08:00:00;6057.25;6078.25;6036.5;6055.25;151404
20/01/2025;16:00:00;6060.5;6070.5;5994.5;6036.5;98522
20/01/2025;20:00:00;6036.75;6050.75;6034.5;6039;28460
21/01/2025;00:00:00;6039;6060.75;6036;6060.75;39557
21/01/2025;04:00:00;6060.75;6067.75;6045.5;6062.75;67726
21/01/2025;08:00:00;6062.75;6082.25;6043.5;6081.75;704803
21/01/2025;12:00:00;6081.75;6093.25;6074.25;6091.75;433765
21/01/2025;16:00:00;6094;6102;6087;6100;28928
21/01/2025;20:00:00;6099.75;6105;6099;6102.75;13281
22/01/2025;00:00:00;6103;6114.75;6098;6110.75;40831
22/01/2025;04:00:00;6110.5;6119;6107.75;6118.75;56632
22/01/2025;08:00:00;6118.75;6135.75;6111.25;6130.5;563238
22/01/2025;12:00:00;6130.5;6133.25;6115;6120.25;451002
22/01/2025;16:00:00;6120;6120;6113;6113.75;29410
22/01/2025;20:00:00;6113.75;6117;6109.75;6113.75;12128
23/01/2025;00:00:00;6113.5;6116;6101.5;6108.75;34790
23/01/2025;04:00:00;6108.5;6117.75;6106;6114.75;56611
23/01/2025;08:00:00;6115;6134.75;6111.25;6132.75;484502
23/01/2025;12:00:00;6132.75;6154;6129.25;6148.5;452831
23/01/2025;16:00:00;6148;6150.5;6145.25;6148;27551
23/01/2025;20:00:00;6148;6156;6143.75;6146;28559
24/01/2025;00:00:00;6146;6149.5;6142.75;6145.5;28832
24/01/2025;04:00:00;6145.25;6149.25;6139;6143.25;56591
24/01/2025;08:00:00;6143.25;6162.25;6139.25;6141;532714
24/01/2025;12:00:00;6140.75;6143.25;6122;6132;511762
26/01/2025;16:00:00;6102.25;6105.25;6072;6077.5;82247
26/01/2025;20:00:00;6077.5;6085.75;6057;6060;47331
27/01/2025;00:00:00;6060;6061.25;6006.75;6010.5;145870
27/01/2025;04:00:00;6010.75;6014.75;5948;6007.5;284256
27/01/2025;08:00:00;6007.5;6048;5995.75;6013.25;1016750
27/01/2025;12:00:00;6013.25;6056.5;6011.75;6050.25;711188
27/01/2025;16:00:00;6059.5;6059.5;6033.5;6035.25;49826
27/01/2025;20:00:00;6035.25;6051.5;6032.25;6043.5;25125
28/01/2025;00:00:00;6043.75;6069.25;6037;6067.75;57118
28/01/2025;04:00:00;6067.75;6073;6046;6055;92412
28/01/2025;08:00:00;6054.75;6092.5;6023.5;6090;808324
28/01/2025;12:00:00;6090;6105.5;6083.75;6091.25;491478
28/01/2025;16:00:00;6090.75;6094.75;6086.5;6091.75;14159
28/01/2025;20:00:00;6092;6099.75;6088.75;6094.25;12679
29/01/2025;00:00:00;6094.5;6111.5;6094.5;6101.5;48647
29/01/2025;04:00:00;6101.5;6106.75;6078.75;6085.75;57472
29/01/2025;08:00:00;6085.5;6091.25;6069.25;6070.75;501823
29/01/2025;12:00:00;6071;6087.5;6042.25;6076.5;864027
29/01/2025;16:00:00;6068.5;6092.5;6061.5;6089.25;32986
29/01/2025;20:00:00;6089.25;6094;6087;6090;15112
30/01/2025;00:00:00;6090;6101.5;6084.75;6090.25;28415
30/01/2025;04:00:00;6090.5;6094.75;6074.25;6090.25;66719
30/01/2025;08:00:00;6090.5;6109.75;6056.5;6083;734000
30/01/2025;12:00:00;6083.25;6116.25;6067.75;6093.25;662454
30/01/2025;16:00:00;6106;6118.5;6099.25;6117.75;33327
30/01/2025;20:00:00;6117.75;6119.75;6110.75;6113.75;14188
31/01/2025;00:00:00;6114;6128.5;6112.5;6124.5;32039
31/01/2025;04:00:00;6124.5;6130;6121;6127.25;52318
31/01/2025;08:00:00;6127;6147.75;6117;6139;604603
31/01/2025;12:00:00;6139;6141.5;6057.75;6065.5;1031679
02/02/2025;16:00:00;5982.25;5982.5;5942;5961.5;159847
02/02/2025;20:00:00;5961.5;5962.25;5935.5;5952.25;71175
03/02/2025;00:00:00;5952;5988.75;5946.5;5966.75;111519
03/02/2025;04:00:00;5966.5;5988;5960.25;5969.75;143738
03/02/2025;08:00:00;5969.5;6038.5;5950.25;6019.25;1222329
03/02/2025;12:00:00;6019.5;6062;6006.25;6055.5;533003
03/02/2025;16:00:00;6069;6069;6035.75;6042;27925
03/02/2025;20:00:00;6042.5;6043.25;5987;6011.25;69226
04/02/2025;00:00:00;6011.25;6023;5994;6007.25;61775
04/02/2025;04:00:00;6007;6031.25;6004.5;6022;76485
04/02/2025;08:00:00;6022;6066.75;6018;6055.25;611358
04/02/2025;12:00:00;6055.5;6068.75;6042.5;6045.75;426806
04/02/2025;16:00:00;6042.75;6053;6038.25;6042;23179
04/02/2025;20:00:00;6041.75;6044.75;6032.25;6033.25;19137
05/02/2025;00:00:00;6033;6040.25;6020.75;6022;53265
05/02/2025;04:00:00;6022.25;6046.25;6020.25;6044.25;68732
05/02/2025;08:00:00;6044;6076.75;6029.5;6071.25;604178
05/02/2025;12:00:00;6071.25;6092;6066.5;6090;376622
05/02/2025;16:00:00;6090.25;6095.75;6086.75;6091.75;16373
05/02/2025;20:00:00;6091.5;6103;6090;6102.25;14531
06/02/2025;00:00:00;6102.5;6105;6092.5;6098.5;31936
06/02/2025;04:00:00;6098.75;6101.5;6086.25;6101;63833
06/02/2025;08:00:00;6101;6106.25;6085.25;6100.25;486063
06/02/2025;12:00:00;6100.25;6108.5;6070;6094.25;498952
06/02/2025;16:00:00;6089.75;6108.25;6084.5;6106.75;15187
06/02/2025;20:00:00;6106.75;6108;6098.25;6099.25;9865
07/02/2025;00:00:00;6099.25;6106.75;6094;6104.5;23950
07/02/2025;04:00:00;6104.25;6114.75;6087.5;6109.25;82418
07/02/2025;08:00:00;6109.25;6123.25;6046.5;6062.25;989960
07/02/2025;12:00:00;6062.25;6078.5;6041.25;6050;491740
09/02/2025;16:00:00;6016;6070;6014;6064;50596
09/02/2025;20:00:00;6064;6071.5;6060.75;6067.5;18112
10/02/2025;00:00:00;6067.5;6072.5;6062.5;6071;26910
10/02/2025;04:00:00;6071.25;6085.75;6069.5;6085.25;48933
10/02/2025;08:00:00;6085;6094.5;6067.75;6086.75;477819
10/02/2025;12:00:00;6086.75;6096;6083;6087.75;339683
10/02/2025;16:00:00;6085.5;6087.25;6072;6076;22152
10/02/2025;20:00:00;6076.25;6077.75;6068.25;6076.25;16384
11/02/2025;00:00:00;6076.5;6076.75;6062.75;6068.75;28307
11/02/2025;04:00:00;6068.5;6075.25;6058.5;6059.25;57866
11/02/2025;08:00:00;6059.25;6092;6057.75;6077;481349
11/02/2025;12:00:00;6077;6098.75;6074.75;6090.5;378717
11/02/2025;16:00:00;6090.75;6096.5;6086.25;6095.25;21465
11/02/2025;20:00:00;6095.25;6095.75;6085;6086.25;11972
12/02/2025;00:00:00;6086.25;6092.25;6075.25;6082.5;24159
12/02/2025;04:00:00;6082;6098;6024.5;6031;163594
12/02/2025;08:00:00;6031.25;6084.5;6020.75;6083.25;826567
12/02/2025;12:00:00;6083.25;6084.75;6064.25;6079.75;436137
12/02/2025;16:00:00;6079.75;6086.75;6076.75;6083.5;17969
12/02/2025;20:00:00;6083.5;6090.25;6079.75;6085.25;14174
13/02/2025;00:00:00;6085.25;6088.75;6053.5;6070.75;47769
13/02/2025;04:00:00;6070.75;6087.25;6063;6084.5;93792
13/02/2025;08:00:00;6084.5;6113.75;6070.25;6100;650624
13/02/2025;12:00:00;6100.25;6138;6088;6132.25;620663
13/02/2025;16:00:00;6131.75;6143.5;6131.25;6143.25;22708
13/02/2025;20:00:00;6143.25;6144.75;6139;6139.5;13078
14/02/2025;00:00:00;6139.5;6146.75;6132.25;6134.75;40355
14/02/2025;04:00:00;6134.5;6134.75;6121.25;6133;66641
14/02/2025;08:00:00;6133;6145.25;6125.75;6134.25;468556
14/02/2025;12:00:00;6134.25;6143;6128.75;6134;353657
16/02/2025;16:00:00;6138.25;6140.5;6131;6138.75;20639
16/02/2025;20:00:00;6139;6146.5;6138.25;6145;11182
17/02/2025;00:00:00;6145;6145.5;6138;6143.5;14743
17/02/2025;04:00:00;6143.25;6146;6141.25;6146;12207
17/02/2025;08:00:00;6145.75;6147.25;6136.25;6146;39480
17/02/2025;16:00:00;6145.25;6146;6137;6143.5;15640
17/02/2025;20:00:00;6143.25;6146;6141.5;6144;10560
18/02/2025;00:00:00;6144;6157;6143.25;6147.5;36854
18/02/2025;04:00:00;6147.5;6157.75;6144.75;6156.5;38085
18/02/2025;08:00:00;6156.75;6157.25;6127.5;6138;497170
18/02/2025;12:00:00;6138;6149.5;6118.25;6144.75;450141
18/02/2025;16:00:00;6143.75;6156;6143.75;6155;18667
18/02/2025;20:00:00;6154.75;6157;6151.25;6153;14410
19/02/2025;00:00:00;6152.75;6154.75;6148.5;6149.25;26469
19/02/2025;04:00:00;6149.5;6150;6131.75;6135;65614
19/02/2025;08:00:00;6135.25;6153.75;6129.25;6149.5;458385
19/02/2025;12:00:00;6149.75;6166.5;6140.25;6155;442362
19/02/2025;16:00:00;6153.75;6159.5;6146.25;6147.5;21488
19/02/2025;20:00:00;6147.25;6150;6143.75;6144.25;18398
20/02/2025;00:00:00;6144;6153;6141.75;6152.25;28476
20/02/2025;04:00:00;6152.25;6155;6141;6146.5;47152
20/02/2025;08:00:00;6146.25;6150.5;6102.75;6113;768119
20/02/2025;12:00:00;6112.75;6139.75;6109;6133;454207
20/02/2025;16:00:00;6132.5;6139.75;6131.25;6133.5;16967
20/02/2025;20:00:00;6133.5;6136.25;6128.25;6130.5;12872
21/02/2025;00:00:00;6130.25;6137.75;6127.25;6137.75;30884
21/02/2025;04:00:00;6137.75;6141.75;6132.25;6139.75;47710
21/02/2025;08:00:00;6139.5;6142.5;6066.25;6068.25;809616
21/02/2025;12:00:00;6068.25;6068.75;6024.5;6029.75;910386
23/02/2025;16:00:00;6040.75;6059.25;6034;6050.5;49667
23/02/2025;20:00:00;6050.5;6062.5;6049.75;6061.5;21429
24/02/2025;00:00:00;6061.25;6067.5;6041.5;6061.75;67047
24/02/2025;04:00:00;6062;6063;6053.5;6061.75;65149
24/02/2025;08:00:00;6061.5;6062.5;5994.5;6036;975559
24/02/2025;12:00:00;6036.25;6047;5996;6005.5;557287
24/02/2025;16:00:00;6006.5;6014;5995.25;6013.75;46573
24/02/2025;20:00:00;6013.75;6016;6005;6010.5;21786
25/02/2025;00:00:00;6010.5;6012.25;5979.5;5980;84707
25/02/2025;04:00:00;5980;6010.75;5977.75;6002.75;99415
25/02/2025;08:00:00;6002.75;6007.75;5924;5976.75;1134715
25/02/2025;12:00:00;5976.5;5995.5;5958.5;5979.75;760976
25/02/2025;16:00:00;5982;5990.25;5979.75;5981.5;21002
25/02/2025;20:00:00;5981.5;5994.75;5977.5;5994.25;24672
26/02/2025;00:00:00;5994.25;6002.5;5990;5997.75;48604
26/02/2025;04:00:00;5998;6004;5989;5993;76178
26/02/2025;08:00:00;5992.75;6023.75;5978.25;5983.75;883446
26/02/2025;12:00:00;5983.75;5996.25;5945.5;5990.25;795373
26/02/2025;16:00:00;5980;5983.75;5960.75;5970.25;48612
26/02/2025;20:00:00;5970.5;5995;5968.5;5990;27845
27/02/2025;00:00:00;5990.25;6007;5989.5;6005.25;48907
27/02/2025;04:00:00;6005.25;6014.5;5977.5;5986;134005
27/02/2025;08:00:00;5986;6007.25;5931.5;5960.75;1211625
27/02/2025;12:00:00;5960.5;5978.25;5873;5881;1029379
27/02/2025;16:00:00;5883;5890;5859.75;5877.5;52072
27/02/2025;20:00:00;5877.5;5884;5858.5;5880;55842
28/02/2025;00:00:00;5879.75;5897;5869.5;5892.75;69373
28/02/2025;04:00:00;5892.75;5900.5;5881.25;5886.75;118579
28/02/2025;08:00:00;5887;5914.25;5857;5860.25;1130422
28/02/2025;12:00:00;5860.25;5971;5848;5958;1242611
02/03/2025;16:00:00;5967.5;5984.5;5947;5965.25;63189
02/03/2025;20:00:00;5965.25;5979.25;5957.5;5977.25;27360
03/03/2025;00:00:00;5977.25;5982.5;5955.75;5982;73346
03/03/2025;04:00:00;5982;6000.5;5974.75;5985.25;95572
03/03/2025;08:00:00;5985.25;5997;5930.5;5943.25;1031344
03/03/2025;12:00:00;5943.25;5944.75;5821.75;5875;1228349
03/03/2025;16:00:00;5874;5881.5;5859.5;5861.25;58672
03/03/2025;20:00:00;5861.75;5884;5859.25;5877.75;48759
04/03/2025;00:00:00;5877.75;5881.5;5856.5;5863.25;79130
04/03/2025;04:00:00;5863;5866;5812;5820.75;194353
04/03/2025;08:00:00;5820.5;5835.75;5744;5786.75;1674754
04/03/2025;12:00:00;5786.75;5875.75;5768.25;5825;1186161
04/03/2025;16:00:00;5832;5838;5808;5820;57525
04/03/2025;20:00:00;5820;5834;5807.75;5827;54578
05/03/2025;00:00:00;5827;5844.25;5817.25;5839.5;71706
05/03/2025;04:00:00;5840;5842.75;5783.75;5788.5;172507
05/03/2025;08:00:00;5788.5;5829.5;5750.75;5828;1095394
05/03/2025;12:00:00;5828;5869.5;5797.75;5845.5;763916
05/03/2025;16:00:00;5844.75;5853.5;5838;5843.25;23296
05/03/2025;20:00:00;5843.5;5850;5838.75;5842.75;22858
06/03/2025;00:00:00;5843;5850;5786.25;5792.5;95643
06/03/2025;04:00:00;5792.5;5797.75;5769.25;5779.5;137931
06/03/2025;08:00:00;5779.5;5821.25;5729;5749.5;1242170
06/03/2025;12:00:00;5749.25;5771.75;5720;5761.25;949416
06/03/2025;16:00:00;5766;5774.5;5756.25;5768.75;31933
06/03/2025;20:00:00;5768.75;5774.5;5754.5;5757;27314
07/03/2025;00:00:00;5757.25;5773.25;5750;5767.75;66061
07/03/2025;04:00:00;5768;5786.5;5729.25;5734.5;180222
07/03/2025;08:00:00;5734.25;5778;5673;5718.5;1160743
07/03/2025;12:00:00;5718.5;5791;5718;5771.75;766605
09/03/2025;16:00:00;5753;5756.25;5710.5;5738.25;81595
09/03/2025;20:00:00;5738.75;5757.75;5737.5;5745.5;33704
10/03/2025;00:00:00;5745.75;5754;5703;5705.75;67806
10/03/2025;04:00:00;5705.5;5731.5;5687.25;5701;148214
10/03/2025;08:00:00;5701.25;5711.25;5640;5645.75;1085770
10/03/2025;12:00:00;5645.75;5647.25;5571.5;5628.75;1024298
10/03/2025;16:00:00;5622;5625.75;5558.75;5573.5;80293
10/03/2025;20:00:00;5573.5;5637.5;5558;5630.5;76624
11/03/2025;00:00:00;5630.25;5644;5615.5;5644;65769
11/03/2025;04:00:00;5643.75;5651.75;5616.25;5619.25;157337
11/03/2025;08:00:00;5619.25;5635.75;5550;5557.25;1134081
11/03/2025;12:00:00;5557.25;5643.75;5534;5576.75;979426
11/03/2025;16:00:00;5580;5598.5;5574.25;5592.25;24626
11/03/2025;20:00:00;5592;5598.75;5585;5590.75;21410
12/03/2025;00:00:00;5591;5613;5577.5;5611.25;48022
12/03/2025;04:00:00;5611;5675;5605.5;5643.75;191148
12/03/2025;08:00:00;5643.75;5646.25;5550.25;5604.5;966645
12/03/2025;12:00:00;5604.5;5633;5591.75;5597.25;597228
12/03/2025;16:00:00;5596.5;5623;5595.5;5611;22906
12/03/2025;20:00:00;5610.75;5613.75;5576.75;5580.75;36406
13/03/2025;00:00:00;5580.5;5585;5559.25;5580;66770
13/03/2025;04:00:00;5579.75;5609.75;5572;5594.75;162745
13/03/2025;08:00:00;5594.75;5603.75;5525.75;5538.75;885315
13/03/2025;12:00:00;5538.5;5559;5509.25;5537.5;705342
13/03/2025;16:00:00;5540;5567;5538.75;5561.75;56601
13/03/2025;20:00:00;5561.75;5572.25;5558.5;5569;31992
14/03/2025;00:00:00;5568.75;5572.75;5552.75;5567.25;36218
14/03/2025;04:00:00;5567.5;5588;5558.5;5581.5;94974
14/03/2025;08:00:00;5581.5;5635.5;5564;5631.75;787581
14/03/2025;12:00:00;5631.5;5648.75;5613;5628.75;543064
16/03/2025;16:00:00;5626.75;5632;5602.5;5613.5;43372
16/03/2025;20:00:00;5613.5;5617.75;5607.25;5610.25;15915
17/03/2025;00:00:00;5610.25;5615;5599;5613.25;25137
17/03/2025;04:00:00;5613;5649;5610;5641.75;80035
17/03/2025;08:00:00;5641.5;5674;5631.75;5656.25;326902
17/03/2025;12:00:00;5656;5707.5;5649.5;5680.25;242002
17/03/2025;16:00:00;5680;5686.25;5672;5675.25;30426
17/03/2025;20:00:00;5675.25;5677.25;5655.5;5657.75;18580
18/03/2025;00:00:00;5657.75;5735.5;5657.25;5732.25;29601
18/03/2025;04:00:00;5732.25;5735.25;5704.5;5706.25;77098
18/03/2025;08:00:00;5706.5;5711.25;5650.75;5668.75;607530
18/03/2025;12:00:00;5668.75;5682.5;5652;5669.75;432301
18/03/2025;16:00:00;5670.5;5689.5;5660.5;5686.25;26222
18/03/2025;20:00:00;5686;5686.75;5674.75;5676;20738
19/03/2025;00:00:00;5676;5681.5;5657.5;5673.5;37199
19/03/2025;04:00:00;5673;5688.5;5668.25;5680.25;66627
19/03/2025;08:00:00;5680.5;5723.25;5675.75;5709.5;453468
19/03/2025;12:00:00;5709.5;5770.5;5682;5729.75;725908
19/03/2025;16:00:00;5731.75;5752.75;5729;5751.25;18841
19/03/2025;20:00:00;5751;5760;5746;5756;17934
20/03/2025;00:00:00;5756.25;5758.75;5748.75;5753.75;30097
20/03/2025;04:00:00;5754;5754.5;5682.5;5702;150052
20/03/2025;08:00:00;5702.25;5765.25;5684.5;5717.5;717095
20/03/2025;12:00:00;5717.25;5731;5695;5716.5;573203
20/03/2025;16:00:00;5715.25;5722.75;5706.25;5719.5;16617
20/03/2025;20:00:00;5719.25;5723.75;5709.5;5710.5;19758
21/03/2025;00:00:00;5710.5;5717.25;5684;5691.75;50390
21/03/2025;04:00:00;5691.75;5705;5664.5;5665.75;94101
21/03/2025;08:00:00;5665.75;5710;5651.25;5709.5;759495
21/03/2025;12:00:00;5709.75;5722.25;5687.75;5720;524872
23/03/2025;16:00:00;5740;5757.25;5739;5755.5;52096
23/03/2025;20:00:00;5755.5;5757.5;5751.5;5754.5;20060
24/03/2025;00:00:00;5754.5;5778.75;5754.5;5776.25;44388
24/03/2025;04:00:00;5776.25;5788;5768.5;5786.5;93421
24/03/2025;08:00:00;5786.5;5819.25;5776;5805.75;595655
24/03/2025;12:00:00;5806;5825.5;5795;5813;533522
24/03/2025;16:00:00;5813;5815.25;5806.75;5814.25;22439
24/03/2025;20:00:00;5814;5816;5805.75;5806.5;18832
25/03/2025;00:00:00;5806.25;5813.75;5802.25;5805.75;31778
25/03/2025;04:00:00;5805.75;5834;5802.75;5827;81476
25/03/2025;08:00:00;5827;5837.25;5812.25;5822.25;455309
25/03/2025;12:00:00;5822.25;5832.25;5809.5;5832;406185
25/03/2025;16:00:00;5831;5836.5;5828.75;5834.25;14178
25/03/2025;20:00:00;5834.25;5834.25;5823;5826.25;17944
26/03/2025;00:00:00;5826;5828.5;5816.25;5818.5;29402
26/03/2025;04:00:00;5818.75;5831.5;5813.75;5829.5;64507
26/03/2025;08:00:00;5829.5;5834.5;5764;5765.75;723842
26/03/2025;12:00:00;5765.75;5773.5;5743;5754.75;564219
26/03/2025;16:00:00;5737.25;5754.75;5730;5750.25;41863
26/03/2025;20:00:00;5750.5;5769.5;5749.25;5768;26770
27/03/2025;00:00:00;5767.75;5772.75;5743;5764;54920
27/03/2025;04:00:00;5764.25;5770;5744.75;5752;77161
27/03/2025;08:00:00;5752;5779.75;5720;5736.75;723896
27/03/2025;12:00:00;5736.75;5771.25;5733.75;5741.25;586517
27/03/2025;16:00:00;5741.75;5744.75;5727.75;5741;17206
27/03/2025;20:00:00;5741;5745.5;5737.25;5743.5;19802
28/03/2025;00:00:00;5743.75;5747.75;5711.5;5725.75;57976
28/03/2025;04:00:00;5725.75;5739.75;5712;5712;82231
28/03/2025;08:00:00;5712.25;5734.75;5631;5632;948880
28/03/2025;12:00:00;5632;5636.5;5602.25;5602.5;697424
30/03/2025;16:00:00;5590;5600;5574.25;5580.25;69865
30/03/2025;20:00:00;5580.75;5592.25;5574.25;5587.25;39095
31/03/2025;00:00:00;5587;5591.75;5572.25;5573;76905
31/03/2025;04:00:00;5573;5577.75;5552;5574.25;116635
31/03/2025;08:00:00;5574.25;5611.75;5533.75;5598.5;892804
31/03/2025;12:00:00;5598.75;5672.75;5592.25;5644.5;902613
31/03/2025;16:00:00;5644.25;5645.75;5620.25;5626.25;43064
31/03/2025;20:00:00;5626;5642;5619.25;5634;31408
01/04/2025;00:00:00;5634;5661.5;5631.5;5653.75;62676
01/04/2025;04:00:00;5653.75;5663.5;5618;5634.75;123855
01/04/2025;08:00:00;5635;5694.75;5600.25;5671.75;914488
01/04/2025;12:00:00;5671.75;5679.75;5625.75;5672.25;635578
01/04/2025;16:00:00;5672;5695.75;5662.5;5665.5;35967
01/04/2025;20:00:00;5665.5;5672.25;5663.5;5668.75;18161
02/04/2025;00:00:00;5668.75;5673;5652.25;5657.25;46284
02/04/2025;04:00:00;5657.25;5663.25;5612;5624.5;124266
02/04/2025;08:00:00;5624.5;5725.5;5610.75;5721.5;831288
02/04/2025;12:00:00;5721.75;5773.25;5566.25;5584.5;931916
02/04/2025;16:00:00;5550.5;5557.75;5481;5531.75;142432
02/04/2025;20:00:00;5532;5564.75;5531.5;5556.25;66992
03/04/2025;00:00:00;5556.5;5562;5523.5;5551.5;97767
03/04/2025;04:00:00;5551.25;5556.5;5495.5;5497.25;162392
03/04/2025;08:00:00;5497;5540.5;5455;5494.75;1092016
03/04/2025;12:00:00;5494.75;5504.25;5415.25;5421;784565
03/04/2025;16:00:00;5423;5435;5407.5;5423.5;43536
03/04/2025;20:00:00;5423.5;5429.25;5383;5385.25;60354
04/04/2025;00:00:00;5385.25;5430;5380.5;5391.25;128250
04/04/2025;04:00:00;5391.5;5395.75;5210.5;5303.5;553345
04/04/2025;08:00:00;5303.75;5322;5153.5;5174;1484381
04/04/2025;12:00:00;5174.25;5212.25;5074;5096.75;1176748
06/04/2025;16:00:00;5007;5007;4832;4934;227098
06/04/2025;20:00:00;4933.75;4995.5;4903.25;4926.75;142368
07/04/2025;00:00:00;4927.5;4968.75;4842.5;4926.5;256405
07/04/2025;04:00:00;4926.25;5040;4895;5011.75;380384
07/04/2025;08:00:00;5012.5;5286.5;4867;5007.25;1623513
07/04/2025;12:00:00;5007;5158;5006.25;5118;877920
07/04/2025;16:00:00;5126.5;5174;5115;5140.5;56900
07/04/2025;20:00:00;5140.5;5187;5126;5166;74110
08/04/2025;00:00:00;5166;5191.5;5141.5;5181;105069
08/04/2025;04:00:00;5180.5;5248;5151.75;5223.5;180594
08/04/2025;08:00:00;5223.25;5305.25;5121.5;5123.75;986777
08/04/2025;12:00:00;5123.25;5142.75;4940.5;5012.25;917799
08/04/2025;16:00:00;5006.25;5014.5;4920;4931.75;85362
08/04/2025;20:00:00;4931.75;4999.5;4885;4902.5;108843
09/04/2025;00:00:00;4903;5057.5;4871.75;5029.5;183727
09/04/2025;04:00:00;5029;5041.75;4901.75;4962.75;231431
09/04/2025;08:00:00;4962.5;5087.25;4962.5;5062.75;729253
09/04/2025;12:00:00;5062.75;5520;5025;5513.5;1522466
09/04/2025;16:00:00;5502.5;5528.75;5475.5;5496.5;64960
09/04/2025;20:00:00;5496.5;5506.75;5441;5451;64991
10/04/2025;00:00:00;5451.25;5487.75;5359.5;5372.5;150327
10/04/2025;04:00:00;5372;5427;5360;5385.5;205534
10/04/2025;08:00:00;5385.5;5405;5146.75;5249.25;974739
10/04/2025;12:00:00;5249;5351.75;5180.25;5304.5;924516
10/04/2025;16:00:00;5299.25;5330.5;5206;5231.75;63841
10/04/2025;20:00:00;5230.75;5320;5223;5307.75;58691
11/04/2025;00:00:00;5308.25;5379;5257.25;5276.25;137649
11/04/2025;04:00:00;5276.25;5359;5264.5;5307.25;140543
11/04/2025;08:00:00;5307.5;5381.25;5251.5;5369.75;669416
11/04/2025;12:00:00;5370;5418.25;5340.25;5395.75;604070
13/04/2025;16:00:00;5452.5;5474.75;5410;5426.75;55437
13/04/2025;20:00:00;5426.5;5457.25;5415.5;5454.5;34847
14/04/2025;00:00:00;5454.5;5473.75;5441.75;5468;48138
14/04/2025;04:00:00;5468;5483.5;5445;5480.25;78116
14/04/2025;08:00:00;5480.25;5497.75;5391;5407.75;597915
14/04/2025;12:00:00;5408;5479;5405.5;5432.25;429416
14/04/2025;16:00:00;5431.75;5438;5413;5434.25;22481
14/04/2025;20:00:00;5434;5443;5425.25;5436.25;17421
15/04/2025;00:00:00;5436.25;5463.75;5425;5451.75;52739
15/04/2025;04:00:00;5451.5;5459;5413;5433.75;76836
15/04/2025;08:00:00;5433.75;5485;5433;5442;543971
15/04/2025;12:00:00;5442;5451.25;5419.5;5425.5;396402
15/04/2025;16:00:00;5403.75;5403.75;5367.25;5377.5;35360
15/04/2025;20:00:00;5377.75;5390.75;5373.75;5376.25;22250
16/04/2025;00:00:00;5376.25;5425;5340;5389.5;108802
16/04/2025;04:00:00;5389.75;5405.5;5373.25;5376;83417
16/04/2025;08:00:00;5376;5401;5346;5358.25;531208
16/04/2025;12:00:00;5358.25;5366.5;5251;5299.5;701540
16/04/2025;16:00:00;5308;5330.75;5293.25;5329;36627
16/04/2025;20:00:00;5328.5;5347;5322.75;5345;27425
17/04/2025;00:00:00;5345;5371.25;5342.25;5345.5;58060
17/04/2025;04:00:00;5345.75;5359;5318.5;5334;105075
17/04/2025;08:00:00;5334;5351.5;5285.5;5346.75;640351
17/04/2025;12:00:00;5346.75;5359.5;5304.25;5326.5;430172
20/04/2025;16:00:00;5283.75;5306.75;5279;5286;29123
20/04/2025;20:00:00;5286;5288;5259.25;5268.75;31785
21/04/2025;00:00:00;5268.75;5278;5252;5258;21882
21/04/2025;04:00:00;5258.25;5270;5238;5255;45759
21/04/2025;08:00:00;5254.75;5262.5;5151.75;5156.25;498793
21/04/2025;12:00:00;5156.25;5193;5127.25;5184;510762
21/04/2025;16:00:00;5182.5;5209.25;5171.75;5206;28350
21/04/2025;20:00:00;5205.75;5224.25;5198;5204;31123
22/04/2025;00:00:00;5204;5254.5;5201.25;5236.75;56378
22/04/2025;04:00:00;5236.75;5239;5216.5;5238.25;61035
22/04/2025;08:00:00;5238.25;5339.25;5236;5321;695135
22/04/2025;12:00:00;5321.25;5332.5;5262.25;5314.5;630178
22/04/2025;16:00:00;5379.75;5424;5377.75;5397.25;86694
22/04/2025;20:00:00;5397;5403;5378;5398.5;28782
23/04/2025;00:00:00;5398.5;5434.25;5388;5425;60530
23/04/2025;04:00:00;5425.25;5456.75;5418.25;5455.25;99108
23/04/2025;08:00:00;5455.5;5499.75;5385;5428;932060
23/04/2025;12:00:00;5427.75;5441.75;5383.75;5413;544613
23/04/2025;16:00:00;5409;5421;5388.75;5411.5;22549
23/04/2025;20:00:00;5411.5;5413.75;5383.25;5394.5;21684
24/04/2025;00:00:00;5394.5;5399.5;5355.25;5365;62112
24/04/2025;04:00:00;5364.5;5409.75;5364.5;5404.75;110662
24/04/2025;08:00:00;5404.75;5504.5;5398.5;5500;644759
24/04/2025;12:00:00;5500.25;5541.5;5485.75;5519.75;484239
24/04/2025;16:00:00;5529;5543;5517.75;5540.5;25293
24/04/2025;20:00:00;5540.25;5553;5520.25;5533;36936
25/04/2025;00:00:00;5533;5549.25;5523;5532.25;46277
25/04/2025;04:00:00;5532.5;5536.5;5486.75;5496.25;104574
25/04/2025;08:00:00;5496;5535.5;5480.25;5534.75;543579
25/04/2025;12:00:00;5534.75;5562.25;5511.25;5552.5;509897
27/04/2025;16:00:00;5544;5547.5;5519.5;5521.5;22113
27/04/2025;20:00:00;5521.75;5528.75;5516.25;5521;18673
28/04/2025;00:00:00;5521;5544;5516.5;5540.25;34387
28/04/2025;04:00:00;5540.5;5554.5;5530;5552;60910
28/04/2025;08:00:00;5552.25;5578.75;5499.75;5507.5;583255
28/04/2025;12:00:00;5507.5;5565.75;5492;5545.5;414345
28/04/2025;16:00:00;5543;5560;5537.5;5558.5;15554
28/04/2025;20:00:00;5558.25;5573.75;5555.25;5557.25;19035
29/04/2025;00:00:00;5557.25;5573.75;5552.25;5566.25;29494
29/04/2025;04:00:00;5566.5;5567.75;5533.25;5536.5;81166
29/04/2025;08:00:00;5536.75;5577.25;5521.5;5553;564285
29/04/2025;12:00:00;5553;5597.25;5549.75;5582.75;456834
29/04/2025;16:00:00;5579.5;5583;5560;5562.5;16122
29/04/2025;20:00:00;5562.25;5565.5;5548.75;5558.75;18282
30/04/2025;00:00:00;5559.25;5582.25;5555;5571;32339
30/04/2025;04:00:00;5571.25;5581.25;5502.25;5512;99114
30/04/2025;08:00:00;5512;5544.25;5455.5;5536.75;777038
30/04/2025;12:00:00;5537;5626.25;5512.25;5619.25;769493
30/04/2025;16:00:00;5617.5;5643.75;5615;5640.75;37866
30/04/2025;20:00:00;5640.75;5649;5634.75;5644;23108
01/05/2025;00:00:00;5644.25;5653.25;5635;5651.5;39345
01/05/2025;04:00:00;5651.75;5662.25;5636.5;5639.5;74920
01/05/2025;08:00:00;5639.5;5682.5;5627.25;5637.5;641822
01/05/2025;12:00:00;5637.5;5668.25;5601.75;5611.75;490159
01/05/2025;16:00:00;5608.5;5663.25;5601;5658.5;35039
01/05/2025;20:00:00;5658.25;5674;5654.25;5668;36941
02/05/2025;00:00:00;5668.25;5669.25;5635.5;5635.75;47871
02/05/2025;04:00:00;5635.75;5692.75;5633.5;5690.5;98513
02/05/2025;08:00:00;5690.5;5721.5;5663;5715.75;605234
02/05/2025;12:00:00;5715.75;5724.75;5700.25;5710.5;489959
04/05/2025;16:00:00;5705;5705.25;5671;5681;24746
04/05/2025;20:00:00;5681;5681;5660.25;5664.25;26947
05/05/2025;00:00:00;5664.25;5680.5;5655.25;5659.5;31884
05/05/2025;04:00:00;5659.25;5668.5;5655.25;5664.75;45734
05/05/2025;08:00:00;5664.75;5698.75;5655.25;5695.5;449633
05/05/2025;12:00:00;5695.25;5706.25;5665.25;5671.25;374079
05/05/2025;16:00:00;5666.25;5673.25;5661.25;5665.25;11849
05/05/2025;20:00:00;5665.25;5667.75;5652;5659;17323
06/05/2025;00:00:00;5659.25;5660.5;5625.5;5634.5;41384
06/05/2025;04:00:00;5634.5;5643.25;5616.5;5627;78486
06/05/2025;08:00:00;5627;5671.75;5607;5629.75;602662
06/05/2025;12:00:00;5630;5651.5;5605;5615;495278
06/05/2025;16:00:00;5608.5;5689.75;5608.5;5675.5;61841
06/05/2025;20:00:00;5675.25;5680.5;5652.25;5660.75;22280
07/05/2025;00:00:00;5661;5662.75;5646.25;5659.5;30005
07/05/2025;04:00:00;5659.75;5667.75;5642;5645.25;47950
07/05/2025;08:00:00;5645;5656.5;5620;5649.25;480563
07/05/2025;12:00:00;5649.25;5675;5596;5645.75;685241
07/05/2025;16:00:00;5643.25;5669.25;5636.5;5664.5;20910
07/05/2025;20:00:00;5664.5;5700.5;5661.25;5697.75;38777
08/05/2025;00:00:00;5697.75;5706.75;5683;5706;43171
08/05/2025;04:00:00;5706.25;5717.5;5681.25;5693.25;104854
08/05/2025;08:00:00;5693.5;5741;5653;5739;663204
08/05/2025;12:00:00;5738.75;5739.75;5682.5;5684.5;482440
08/05/2025;16:00:00;5688.5;5690.5;5665.25;5675;19062
08/05/2025;20:00:00;5675.25;5695.75;5673.5;5691.25;20953
09/05/2025;00:00:00;5691.25;5698.25;5682.5;5685.75;31852
09/05/2025;04:00:00;5685.75;5715.25;5676;5703.5;77422
09/05/2025;08:00:00;5703.5;5710.5;5662.5;5668.5;488761
09/05/2025;12:00:00;5668.75;5694;5663;5684;344907
11/05/2025;16:00:00;5761;5768.5;5734.25;5751.5;51953
11/05/2025;20:00:00;5751.25;5762.75;5750.25;5761;19535
12/05/2025;00:00:00;5761.25;5853.75;5758.75;5830.25;149235
12/05/2025;04:00:00;5830.5;5865.75;5828.75;5848.25;165837
12/05/2025;08:00:00;5848.5;5855;5805.75;5847;701791
12/05/2025;12:00:00;5847;5876.25;5844;5868.25;586432
12/05/2025;16:00:00;5868;5869.75;5847.75;5849;18356
12/05/2025;20:00:00;5849.25;5854.5;5835.75;5840.5;26748
13/05/2025;00:00:00;5840.75;5851;5838;5839;37581
13/05/2025;04:00:00;5839.25;5885.5;5837.5;5868.5;93346
13/05/2025;08:00:00;5868.5;5920.25;5863.5;5915.75;614815
13/05/2025;12:00:00;5915.75;5927;5899.5;5900.75;470470
13/05/2025;16:00:00;5902;5909.5;5900.25;5903.75;14906
13/05/2025;20:00:00;5903.75;5911.25;5898.5;5908.25;19773
14/05/2025;00:00:00;5908.5;5917.75;5902.5;5905.25;39390
14/05/2025;04:00:00;5905.5;5924.5;5896.25;5915.25;78553
14/05/2025;08:00:00;5915.25;5925;5892.5;5909.5;521629
14/05/2025;12:00:00;5909.75;5917.5;5890;5906;465969
14/05/2025;16:00:00;5904;5904;5892.25;5899.5;17245
14/05/2025;20:00:00;5899.5;5903;5894.5;5898.5;15026
15/05/2025;00:00:00;5898.5;5899;5867.25;5870.5;48302
15/05/2025;04:00:00;5870.5;5898.25;5867;5887;83671
15/05/2025;08:00:00;5887;5936.75;5884.5;5936.5;555678
15/05/2025;12:00:00;5936.5;5944.5;5917.5;5934;504446
15/05/2025;16:00:00;5935;5940;5924.5;5925.5;14935
15/05/2025;20:00:00;5925.25;5935.75;5923;5933;13989
16/05/2025;00:00:00;5932.75;5952.5;5927.25;5948.5;29569
16/05/2025;04:00:00;5948.75;5958;5943;5945.25;49570
16/05/2025;08:00:00;5945.25;5957.25;5924.75;5954.5;519907
16/05/2025;12:00:00;5954.75;5977.5;5938.5;5948.5;445594
18/05/2025;16:00:00;5930.25;5948;5920;5931.5;37978
18/05/2025;20:00:00;5931.75;5935.5;5909.75;5913;27952
19/05/2025;00:00:00;5912.75;5923.5;5892.75;5897.75;49561
19/05/2025;04:00:00;5897.75;5919;5893.75;5917.5;67139
19/05/2025;08:00:00;5917.75;5979.5;5902.5;5977.25;538136
19/05/2025;12:00:00;5977.25;5987.5;5962.75;5980.5;464911
19/05/2025;16:00:00;5980;5993.5;5975.75;5982;27258
19/05/2025;20:00:00;5982;5982;5963;5967;22261
20/05/2025;00:00:00;5967.25;5974.25;5955.25;5962;34227
20/05/2025;04:00:00;5962.25;5974.5;5958.5;5966.25;42582
20/05/2025;08:00:00;5966.25;5971.25;5950.75;5964.5;450760
20/05/2025;12:00:00;5964.75;5969;5926.75;5954;483476
20/05/2025;16:00:00;5953.5;5958.25;5936;5953;22821
20/05/2025;20:00:00;5953;5955.5;5935.75;5938;18172
21/05/2025;00:00:00;5938;5943.5;5920.25;5927;32818
21/05/2025;04:00:00;5927;5934;5905;5923;73522
21/05/2025;08:00:00;5923;5956.25;5908.75;5946.25;510082
21/05/2025;12:00:00;5946.5;5948;5847.75;5858.75;812481
21/05/2025;16:00:00;5858;5872.25;5851;5871.5;24478
21/05/2025;20:00:00;5871.5;5874.25;5861.25;5862.75;18753
22/05/2025;00:00:00;5862.75;5876.75;5861;5869;38494
22/05/2025;04:00:00;5869;5875;5828.75;5859.25;114246
22/05/2025;08:00:00;5859.5;5885;5842.75;5859.75;645788
22/05/2025;12:00:00;5859.75;5895;5853.75;5868;514302
22/05/2025;16:00:00;5869.25;5872;5850;5865.25;17436
22/05/2025;20:00:00;5865.25;5868;5851.75;5854;18750
23/05/2025;00:00:00;5854;5871.5;5841.75;5860.75;34976
23/05/2025;04:00:00;5860.75;5861.25;5756.5;5774.75;222260
23/05/2025;08:00:00;5774.75;5822.25;5762.75;5815;674060
23/05/2025;12:00:00;5815;5843.75;5807;5814.75;493073
25/05/2025;16:00:00;5820;5876.75;5813;5865.5;36194
25/05/2025;20:00:00;5865.5;5879.75;5861.75;5878.25;15672
26/05/2025;00:00:00;5878.5;5895;5870;5883.25;31444
26/05/2025;04:00:00;5883.5;5892.25;5882.25;5884.75;15348
26/05/2025;08:00:00;5884.75;5893;5871;5891;39668
26/05/2025;16:00:00;5889;5890.5;5872.75;5882;18434
26/05/2025;20:00:00;5882;5882;5862.5;5869;18062
27/05/2025;00:00:00;5869.25;5912.5;5866.25;5901;42718
27/05/2025;04:00:00;5901;5910;5886;5891.75;60821
27/05/2025;08:00:00;5891.75;5932.25;5868.25;5924.75;532712
27/05/2025;12:00:00;5924.75;5941.75;5923.75;5940.25;414833
27/05/2025;16:00:00;5940.75;5941.75;5934.5;5935.75;14575
27/05/2025;20:00:00;5936;5938.75;5928;5928.5;13976
28/05/2025;00:00:00;5928.5;5932.75;5922;5922.5;29015
28/05/2025;04:00:00;5922.75;5945.75;5918.5;5938.25;53807
28/05/2025;08:00:00;5938.5;5952.5;5913.75;5923.75;502213
28/05/2025;12:00:00;5923.75;5932.75;5890;5925.5;513355
28/05/2025;16:00:00;5923.5;6002.75;5916.5;6000.25;93558
28/05/2025;20:00:00;6000.25;6005.75;5984.25;5999;42898
29/05/2025;00:00:00;5999.25;6008;5985.25;5991;54392
29/05/2025;04:00:00;5991.25;5995;5940.5;5946.75;106554
29/05/2025;08:00:00;5946.75;5957.75;5884;5921.5;643221
29/05/2025;12:00:00;5921.25;5930.75;5899.5;5917.25;427907
29/05/2025;16:00:00;5912.25;5920.5;5904.25;5907.25;20675
29/05/2025;20:00:00;5907.5;5913;5891;5909.75;20511
30/05/2025;00:00:00;5909.75;5923;5902.25;5911.75;31525
30/05/2025;04:00:00;5912;5922.75;5876.5;5899;99842
30/05/2025;08:00:00;5899;5920.5;5853.25;5865;668167
30/05/2025;12:00:00;5865;5932.75;5860.75;5913.75;707057
01/06/2025;16:00:00;5898.75;5909.25;5893.25;5899.75;24851
01/06/2025;20:00:00;5900;5904.25;5884.25;5886.75;27037
02/06/2025;00:00:00;5886.75;5894.75;5867.5;5887.5;50541
02/06/2025;04:00:00;5887.5;5901.5;5876.5;5899;60897
02/06/2025;08:00:00;5899;5922.5;5870.5;5920.5;570806
02/06/2025;12:00:00;5920.75;5955.5;5915.5;5949.25;416417
02/06/2025;16:00:00;5949;5949.5;5930.25;5933.5;20073
02/06/2025;20:00:00;5933.75;5936.25;5920.5;5923.25;23974
03/06/2025;00:00:00;5923.25;5928.5;5909.25;5919.75;50077
03/06/2025;04:00:00;5919.75;5943.75;5917.25;5940.25;51794
03/06/2025;08:00:00;5940;5987.25;5938;5985.25;499121
03/06/2025;12:00:00;5985.5;5991.25;5968.25;5980.25;463836
03/06/2025;16:00:00;5980;5988;5979.25;5982.5;13399
03/06/2025;20:00:00;5982.5;5985;5974.75;5976;17273
04/06/2025;00:00:00;5976;5996;5975.25;5988.5;34894
04/06/2025;04:00:00;5988.75;5996.75;5974;5982.25;69135
04/06/2025;08:00:00;5982.25;5998.75;5974.25;5986.75;558992
04/06/2025;12:00:00;5986.75;5999;5975.25;5976.75;353002
04/06/2025;16:00:00;5974.25;5981;5972.25;5976.5;13188
04/06/2025;20:00:00;5976.5;5979;5973;5977.75;14262
05/06/2025;00:00:00;5977.75;5996.5;5972.25;5987;35584
05/06/2025;04:00:00;5987.25;6016.5;5971;5991.5;91869
05/06/2025;08:00:00;5991.75;6009;5957.5;5965.75;683863
05/06/2025;12:00:00;5966;5988;5928.75;5939.75;673000
05/06/2025;16:00:00;5931.75;5957;5930;5954;22853
05/06/2025;20:00:00;5954;5967.25;5951.5;5967;18734
06/06/2025;00:00:00;5966.75;5974.75;5963.5;5970.25;29016
06/06/2025;04:00:00;5970.5;5997.5;5962.5;5993.5;84599
06/06/2025;08:00:00;5993.25;6025;5984.5;5992.25;642563
06/06/2025;12:00:00;5992.25;6020.75;5987.25;6010;415188
08/06/2025;16:00:00;6010;6015.75;5995;5999.5;19893
08/06/2025;20:00:00;5999.75;6000.5;5992.25;5998.5;15244
09/06/2025;00:00:00;5998.25;6015.75;5994.5;6014.25;27976
09/06/2025;04:00:00;6014.5;6019.75;6006.5;6013.25;36035
09/06/2025;08:00:00;6013.5;6026.5;6000;6022;369687
09/06/2025;12:00:00;6022.25;6027.75;6007;6012;361863
09/06/2025;16:00:00;6012.25;6021;6009;6019.5;11205
09/06/2025;20:00:00;6019.25;6040.75;6019.25;6030.75;31526
10/06/2025;00:00:00;6030.75;6033.75;5991.25;6008.25;63714
10/06/2025;04:00:00;6008;6022.25;6006.5;6019;42104
10/06/2025;08:00:00;6019;6037.5;6005;6036;435104
10/06/2025;12:00:00;6036.25;6049.5;6015.25;6040.5;416578
10/06/2025;16:00:00;6038.75;6052.25;6032;6032.5;27193
10/06/2025;20:00:00;6032.5;6035;6023;6023.5;18206
11/06/2025;00:00:00;6023.75;6042.5;6021.5;6038;31286
11/06/2025;04:00:00;6038;6074.75;6024.5;6059;135846
11/06/2025;08:00:00;6059.25;6064.75;6033.5;6048.25;605738
11/06/2025;12:00:00;6048;6058.5;6006.25;6028;651103
11/06/2025;16:00:00;6022.25;6032;6004.75;6008.75;30659
11/06/2025;20:00:00;6009;6013.75;5997;6013;26865
12/06/2025;00:00:00;6013;6020.5;5987.75;6004.25;52478
12/06/2025;04:00:00;6004.5;6015;5989.75;6013.5;83275
12/06/2025;08:00:00;6013.75;6050;6008.5;6037.75;592097
12/06/2025;12:00:00;6038;6051.25;6037;6042.5;356322
12/06/2025;16:00:00;6045;6045;5950;5959.5;118064
12/06/2025;20:00:00;5959.75;5967.25;5927.5;5954.5;108299
13/06/2025;00:00:00;5954.5;5985.75;5949.5;5974.75;89058
13/06/2025;04:00:00;5974.75;6001.75;5968.5;5991.75;108033
13/06/2025;08:00:00;5992;6029.75;5977.25;6021.75;576185
13/06/2025;12:00:00;6021.5;6023;5965.25;5978.25;518414
15/06/2025;16:00:00;5949;5990.5;5944;5988.75;30806
15/06/2025;20:00:00;5989;5996.25;5984.25;5986.75;11049
16/06/2025;00:00:00;5987;6068.75;5986.75;6065.75;23973
16/06/2025;04:00:00;6065.75;6077.25;6053.25;6070.25;36791
16/06/2025;08:00:00;6070.5;6109;6066.25;6091.25;361913
16/06/2025;12:00:00;6091.25;6101;6080.5;6091;307359
16/06/2025;16:00:00;6093;6093.5;6051.25;6070.5;48122
16/06/2025;20:00:00;6070.25;6076.75;6054;6065.5;27631
17/06/2025;00:00:00;6065.5;6075;6045.25;6061.25;45668
17/06/2025;04:00:00;6061.25;6071.25;6045;6059.25;55613
17/06/2025;08:00:00;6059.25;6081.25;6056.25;6061;472236
17/06/2025;12:00:00;6061;6065;6030.25;6037.75;512214
17/06/2025;16:00:00;6030.75;6045;6017.75;6043;31932
17/06/2025;20:00:00;6042.75;6049.25;6036.5;6043.25;16035
18/06/2025;00:00:00;6043.25;6057;6043;6055;26794
18/06/2025;04:00:00;6055;6062.75;6034.5;6042;58517
18/06/2025;08:00:00;6042.25;6073.75;6034.5;6056;439262
18/06/2025;12:00:00;6056;6072.25;6026.25;6036;540516
18/06/2025;16:00:00;6038.25;6038.25;6013.75;6023.5;18834
18/06/2025;20:00:00;6023.5;6028.75;5999.75;6028;27888
19/06/2025;00:00:00;6027.75;6027.75;5995.75;6008.75;33526
19/06/2025;04:00:00;6008.5;6015;5989.25;5992.75;31030
19/06/2025;08:00:00;5992.75;5999.5;5969.5;5978.25;116808
19/06/2025;16:00:00;5994;6029;5991.5;6018.75;33344
19/06/2025;20:00:00;6019;6025.25;6006.75;6022.25;18571
20/06/2025;00:00:00;6022;6033.5;6011.75;6013;39427
20/06/2025;04:00:00;6013.25;6055.75;6013;6053.5;79166
20/06/2025;08:00:00;6053.5;6071;6010.25;6029;635652
20/06/2025;12:00:00;6029;6035.5;6003.25;6025;497923
22/06/2025;16:00:00;5964;6007.75;5959;5993.5;51772
22/06/2025;20:00:00;5993.75;6003.75;5990;6001.75;16280
23/06/2025;00:00:00;6001.75;6039.25;6001.5;6033;43833
23/06/2025;04:00:00;6033;6038;6002.5;6026.75;61870
23/06/2025;08:00:00;6026.75;6058.25;5993.25;6010.75;627493
23/06/2025;12:00:00;6010.75;6081.5;6006.5;6077.5;499253
23/06/2025;16:00:00;6078;6113;6075.25;6107;48992
23/06/2025;20:00:00;6106.75;6116.5;6103.25;6111.5;25150
24/06/2025;00:00:00;6111.5;6143.75;6111.25;6125.5;77274
24/06/2025;04:00:00;6125.5;6136;6113.25;6119.25;61846
24/06/2025;08:00:00;6119.25;6148.75;6109;6143.25;428249
24/06/2025;12:00:00;6143.25;6155.25;6139.75;6143.5;359852
24/06/2025;16:00:00;6144.75;6148.75;6138.25;6147.75;13662
24/06/2025;20:00:00;6147.5;6148;6140.5;6148;10504
25/06/2025;00:00:00;6147.75;6149.75;6141.25;6148;25030
25/06/2025;04:00:00;6148.25;6157.25;6141.75;6157;46549
25/06/2025;08:00:00;6156.75;6160.25;6140;6143;402893
25/06/2025;12:00:00;6143;6149.75;6130.75;6146;358885
25/06/2025;16:00:00;6144.75;6150.5;6141.25;6148.75;13844
25/06/2025;20:00:00;6148.75;6155.5;6144.75;6154.75;11256
26/06/2025;00:00:00;6154.75;6170.5;6152.75;6166.25;28739
26/06/2025;04:00:00;6166.25;6171;6157.75;6166.5;49835
26/06/2025;08:00:00;6166.25;6187.5;6159.25;6184.75;433689
26/06/2025;12:00:00;6184.75;6200;6182.5;6195.75;424666
26/06/2025;16:00:00;6197.5;6205.25;6194.75;6195.75;18141
26/06/2025;20:00:00;6195.5;6204.25;6194;6200;13298
27/06/2025;00:00:00;6200;6215;6199.75;6212;33445
27/06/2025;04:00:00;6212;6220.75;6207.25;6209.5;54918
27/06/2025;08:00:00;6209.25;6239;6202;6234.75;462865
27/06/2025;12:00:00;6234.5;6234.75;6183.25;6220.75;684997
29/06/2025;16:00:00;6223.25;6245;6223.25;6240.25;31166
29/06/2025;20:00:00;6240;6250;6236.5;6247.5;22685
30/06/2025;00:00:00;6247.5;6255;6243.75;6246.75;37991
30/06/2025;04:00:00;6246.75;6253.5;6242;6245.25;50914
30/06/2025;08:00:00;6245.25;6250.5;6231.25;6241;451612
30/06/2025;12:00:00;6240.75;6265.5;6224.25;6245.25;658121
30/06/2025;16:00:00;6245.75;6256.5;6242.25;6255.5;19694
30/06/2025;20:00:00;6255.5;6257.75;6243.5;6244.25;18597
01/07/2025;00:00:00;6244.25;6250.5;6238;6244;40217
01/07/2025;04:00:00;6243.75;6244.5;6227.25;6234.25;59445
01/07/2025;08:00:00;6234.25;6254.25;6227.5;6243.5;644313
01/07/2025;12:00:00;6243.5;6261.5;6240;6248.25;482542
01/07/2025;16:00:00;6247.75;6255;6245;6253.25;11063
01/07/2025;20:00:00;6253.25;6267.75;6245;6265.5;18046
02/07/2025;00:00:00;6265.25;6270.75;6252.25;6255;32991
02/07/2025;04:00:00;6254.75;6258.5;6235.5;6240;73322
02/07/2025;08:00:00;6240;6268.25;6237.25;6268;486841
02/07/2025;12:00:00;6268;6279.5;6263;6277;363624
02/07/2025;16:00:00;6276.5;6279.75;6273;6277.5;7858
02/07/2025;20:00:00;6277.25;6284;6270.5;6280.25;15364
03/07/2025;00:00:00;6280.25;6285;6274.5;6274.75;21895
03/07/2025;04:00:00;6274.5;6296;6272.5;6285.25;74161
03/07/2025;08:00:00;6285.25;6333.25;6285;6323;526055
03/07/2025;12:00:00;6323;6327;6320;6323.5;32569
03/07/2025;16:00:00;6320.75;6322.75;6311.5;6312.25;12476
03/07/2025;20:00:00;6312;6318.5;6304.25;6306.5;12602
04/07/2025;00:00:00;6306.75;6308.75;6285.5;6286.5;30950
04/07/2025;04:00:00;6286.25;6291;6276.5;6284.75;29431
04/07/2025;08:00:00;6285;6292.75;6279.25;6283.5;36526
06/07/2025;16:00:00;6307.75;6313;6295.5;6301.5;23904
06/07/2025;20:00:00;6301.5;6306;6291;6297.5;19968
07/07/2025;00:00:00;6297.25;6298.5;6290.75;6294;25390
07/07/2025;04:00:00;6294;6315;6292.75;6302.75;50655
07/07/2025;08:00:00;6302.75;6309.75;6260.25;6266;571304
07/07/2025;12:00:00;6266;6282.5;6246.25;6263.25;502327
07/07/2025;16:00:00;6262.5;6275.75;6254.5;6273.75;23169
07/07/2025;20:00:00;6273.5;6280;6270.25;6276.25;15878
08/07/2025;00:00:00;6276.25;6289;6275.25;6283;30107
08/07/2025;04:00:00;6283;6286.75;6273.75;6282.25;36068
08/07/2025;08:00:00;6282.25;6288.75;6262.5;6275.25;578884
08/07/2025;12:00:00;6275.25;6280.75;6265.75;6271.75;346832
08/07/2025;16:00:00;6272;6276.75;6262.25;6265;12330
08/07/2025;20:00:00;6264.75;6270.75;6260;6268.25;14707
09/07/2025;00:00:00;6268.25;6274.25;6260.5;6271.75;23610
09/07/2025;04:00:00;6272;6290.25;6272;6287;43751
09/07/2025;08:00:00;6286.75;6315.25;6276;6287.5;642781
09/07/2025;12:00:00;6287.25;6310;6283;6306.25;354488
09/07/2025;16:00:00;6306;6312.25;6296;6296.5;16000
09/07/2025;20:00:00;6296.75;6299.5;6290.5;6292;18819
10/07/2025;00:00:00;6292;6301.5;6287.5;6300.5;29549
10/07/2025;04:00:00;6300.5;6311.25;6294.5;6302.5;41478
10/07/2025;08:00:00;6302.25;6324.5;6296;6322;458217
10/07/2025;12:00:00;6322;6335.5;6318.25;6321.5;324631
10/07/2025;16:00:00;6323;6330.25;6283;6292.25;62613
10/07/2025;20:00:00;6292.5;6311.5;6287.75;6309.5;28924
11/07/2025;00:00:00;6309.25;6310.5;6284.75;6291;44899
11/07/2025;04:00:00;6291;6295;6276.75;6289.5;59625
11/07/2025;08:00:00;6289.25;6310.25;6278.5;6307.5;467082
11/07/2025;12:00:00;6307.25;6312.75;6293.25;6294;385662
13/07/2025;16:00:00;6274;6280.5;6263;6270.75;34874
13/07/2025;20:00:00;6271;6274.75;6268.25;6270.75;14620
14/07/2025;00:00:00;6271;6281.75;6259.75;6279;34040
14/07/2025;04:00:00;6279.25;6285.75;6276.75;6282.5;34131
14/07/2025;08:00:00;6282.5;6307.75;6279.75;6305.5;457534
14/07/2025;12:00:00;6305.5;6315;6305.5;6309.5;303842
14/07/2025;16:00:00;6309.5;6309.75;6300.75;6302.75;12342
14/07/2025;20:00:00;6302.75;6335.75;6301;6323.25;43550
15/07/2025;00:00:00;6323.25;6333.25;6322.5;6329;35472
15/07/2025;04:00:00;6328.75;6343;6325;6335.25;96043
15/07/2025;08:00:00;6335.5;6342.25;6292;6294.25;620177
15/07/2025;12:00:00;6294;6311;6272.5;6273.75;422995
15/07/2025;16:00:00;6273.75;6277.25;6264.25;6272.5;21434
15/07/2025;20:00:00;6272.5;6278.25;6272;6274.5;14926
16/07/2025;00:00:00;6274.75;6281.25;6257.25;6279;37105
16/07/2025;04:00:00;6279;6300.5;6273.75;6297.25;62622
16/07/2025;08:00:00;6297.5;6302;6241;6292.25;913376
16/07/2025;12:00:00;6292.5;6308.75;6288.5;6299;360916
16/07/2025;16:00:00;6299.25;6300.5;6290.25;6296.75;15582
16/07/2025;20:00:00;6296.5;6297.75;6288.25;6293;11724
17/07/2025;00:00:00;6293.25;6311.5;6293;6306;32531
17/07/2025;04:00:00;6306;6315;6297;6314.25;53602
17/07/2025;08:00:00;6314;6336.5;6302;6329.5;468972
17/07/2025;12:00:00;6329.5;6345.5;6327.5;6342.25;399718
17/07/2025;16:00:00;6342.5;6350.75;6338.5;6347;13845
17/07/2025;20:00:00;6347;6352.75;6344.75;6350.75;13187
18/07/2025;00:00:00;6351;6357;6345;6348.75;29689
18/07/2025;04:00:00;6348.5;6350.25;6339.5;6348;44142
18/07/2025;08:00:00;6347.75;6353.5;6323.5;6325.25;539117
18/07/2025;12:00:00;6325.25;6337;6323.25;6335.25;337046
20/07/2025;16:00:00;6335.75;6343.75;6329.75;6342;13893
20/07/2025;20:00:00;6342;6345;6338.75;6343.25;10134
21/07/2025;00:00:00;6343;6354.5;6341.25;6352;23800
21/07/2025;04:00:00;6352;6354;6341.75;6342.5;33908
21/07/2025;08:00:00;6342.25;6374;6339.75;6370.75;403420
21/07/2025;12:00:00;6371;6373.75;6341;6348.5;407667
21/07/2025;16:00:00;6347;6351.5;6346;6347.75;11103
21/07/2025;20:00:00;6347.75;6352;6340.5;6341.5;17043
22/07/2025;00:00:00;6341.5;6347;6335.25;6337.25;33328
22/07/2025;04:00:00;6337.25;6349.25;6335.75;6348;45354
22/07/2025;08:00:00;6348;6349.5;6318.75;6336;565037
22/07/2025;12:00:00;6336;6353.75;6332.5;6347.25;420611
22/07/2025;16:00:00;6346.5;6364.25;6342.75;6351;29142
22/07/2025;20:00:00;6350.75;6363;6349;6362.25;18624
23/07/2025;00:00:00;6362.25;6371.75;6360;6371.25;36202
23/07/2025;04:00:00;6371.25;6374.25;6363;6369.5;48923
23/07/2025;08:00:00;6369.5;6385;6353.5;6375.5;558410
23/07/2025;12:00:00;6375.5;6407.25;6371.75;6405.75;458666
23/07/2025;16:00:00;6404;6405;6400.5;6402;13219
23/07/2025;20:00:00;6402;6406.75;6399;6401;13467
24/07/2025;00:00:00;6401;6403.5;6393.5;6400.75;27898
24/07/2025;04:00:00;6401;6406.75;6391.5;6398;55806
24/07/2025;08:00:00;6398.25;6415.5;6394.5;6405.5;476723
24/07/2025;12:00:00;6405.25;6418.25;6399.25;6406.5;433542
24/07/2025;16:00:00;6406.75;6414.75;6404.75;6414;13825
24/07/2025;20:00:00;6414;6421.25;6410.5;6411.25;16917
25/07/2025;00:00:00;6411.5;6414.5;6401;6406.25;27382
25/07/2025;04:00:00;6406.25;6410.25;6403.75;6407;27894
25/07/2025;08:00:00;6407;6424.5;6402;6423.25;362020
25/07/2025;12:00:00;6423.25;6431;6421.25;6428.25;325320
27/07/2025;16:00:00;6450;6455;6442.75;6450.75;26393
27/07/2025;20:00:00;6451;6454.5;6448;6454;12868
28/07/2025;00:00:00;6453.75;6457.75;6443.75;6444.5;35794
28/07/2025;04:00:00;6444.5;6445.5;6433.25;6439.25;46211
28/07/2025;08:00:00;6439.25;6439.5;6416.5;6422.5;433062
28/07/2025;12:00:00;6422.25;6425.5;6408.75;6424.5;360337
28/07/2025;16:00:00;6424.25;6429;6423.25;6427.25;11131
28/07/2025;20:00:00;6427.25;6433.5;6426.5;6431.75;11785
29/07/2025;00:00:00;6431.75;6439.5;6428.75;6436.75;24498
29/07/2025;04:00:00;6437;6442.5;6432.5;6434.25;41626
29/07/2025;08:00:00;6434;6440;6400;6415;573005
29/07/2025;12:00:00;6415;6419.25;6396.25;6403.5;413612
29/07/2025;16:00:00;6404;6413;6403.25;6412;11602
29/07/2025;20:00:00;6412;6416;6407.75;6415.5;11909
30/07/2025;00:00:00;6415.5;6416.75;6405;6410;23318
30/07/2025;04:00:00;6410;6417.5;6406.5;6410.75;46744
30/07/2025;08:00:00;6410.75;6421;6402.25;6417;371810
30/07/2025;12:00:00;6417;6435.25;6366.75;6425.5;769207
30/07/2025;16:00:00;6435.5;6448.25;6431;6447.5;28350
30/07/2025;20:00:00;6447.5;6459.25;6445.5;6458;20469
31/07/2025;00:00:00;6458;6468.5;6451.75;6461.5;45103
31/07/2025;04:00:00;6461.75;6462.5;6448.75;6456;71304
31/07/2025;08:00:00;6455.75;6456.25;6402.25;6430;728924
31/07/2025;12:00:00;6430;6430;6357.5;6368.75;855401
31/07/2025;16:00:00;6359.5;6373.5;6346.25;6356.75;39586
31/07/2025;20:00:00;6356.75;6372.5;6355.25;6364.25;24654
01/08/2025;00:00:00;6364.25;6365.5;6304.5;6315;93704
01/08/2025;04:00:00;6315;6331;6295;6306.75;171975
01/08/2025;08:00:00;6306.5;6314.25;6243.75;6260.25;1124332
01/08/2025;12:00:00;6260;6280.25;6239.5;6263.25;748888
03/08/2025;16:00:00;6257;6281.75;6251.25;6280;36487
03/08/2025;20:00:00;6280.25;6290.25;6275.5;6285.75;29122
04/08/2025;00:00:00;6285.75;6306.75;6279.25;6305.75;54990
04/08/2025;04:00:00;6306;6310;6294.5;6300;65377
04/08/2025;08:00:00;6300;6351.25;6298.25;6348;603071
04/08/2025;12:00:00;6348;6370;6340;6369.5;437078
04/08/2025;16:00:00;6370;6376;6360.25;6368.25;21164
04/08/2025;20:00:00;6368.5;6373;6362.5;6368.75;16913
05/08/2025;00:00:00;6369;6377.5;6358.5;6363;36255
05/08/2025;04:00:00;6363;6376.75;6361.75;6364.25;63539
05/08/2025;08:00:00;6364;6371.75;6315.5;6334.5;769787
05/08/2025;12:00:00;6334.25;6348.75;6320.75;6324.5;447376
05/08/2025;16:00:00;6323;6328.5;6313.25;6320.75;25337
05/08/2025;20:00:00;6321;6342.5;6319;6341.25;21180
06/08/2025;00:00:00;6341.25;6358.25;6340;6345.75;34427
06/08/2025;04:00:00;6345.5;6348.5;6330.75;6339.25;50561
06/08/2025;08:00:00;6339.25;6375;6325.75;6367.5;675595
06/08/2025;12:00:00;6367.5;6379.5;6364.25;6370.75;360074
06/08/2025;16:00:00;6371;6388.5;6364.25;6385.75;28427
06/08/2025;20:00:00;6385.5;6391.5;6380.75;6382.75;15211
07/08/2025;00:00:00;6382.75;6409.75;6380.25;6405.75;38047
07/08/2025;04:00:00;6406;6426.75;6402.25;6407.75;74491
07/08/2025;08:00:00;6408;6414.5;6344;6355.75;737728
07/08/2025;12:00:00;6355.75;6375.5;6334.5;6373.75;496044
07/08/2025;16:00:00;6372.5;6387.5;6371.5;6384.5;18785
07/08/2025;20:00:00;6384.5;6387.5;6377.25;6378.5;15084
08/08/2025;00:00:00;6378.75;6382.75;6369.25;6380.25;25188
08/08/2025;04:00:00;6380.25;6389.75;6376.25;6379;45997
08/08/2025;08:00:00;6379.25;6416;6377;6408;614969
08/08/2025;12:00:00;6408;6425.75;6402.75;6425.25;413074
10/08/2025;16:00:00;6422.75;6425.5;6413;6421.75;20051
10/08/2025;20:00:00;6421.75;6429.5;6420.25;6421.5;17439
11/08/2025;00:00:00;6421.5;6428.5;6408.5;6413.5;30920
11/08/2025;04:00:00;6413.5;6426.75;6413.25;6418;35457
11/08/2025;08:00:00;6418;6431.5;6406.75;6414.75;485185
11/08/2025;12:00:00;6414.75;6417.5;6387.5;6396.5;442731
11/08/2025;16:00:00;6396;6406.25;6393;6401.25;17257
11/08/2025;20:00:00;6401.5;6409.75;6399.5;6409;11724
12/08/2025;00:00:00;6409;6411;6392.25;6402.25;33331
12/08/2025;04:00:00;6402;6442;6391.25;6432;111728
12/08/2025;08:00:00;6432;6461.25;6408.5;6458;683318
12/08/2025;12:00:00;6458;6470;6455.25;6468.5;362812
12/08/2025;16:00:00;6468;6474.75;6464;6466;22109
12/08/2025;20:00:00;6466;6471;6461;6469.25;16544
13/08/2025;00:00:00;6469.5;6484.25;6463;6479;30523
13/08/2025;04:00:00;6479.25;6488.5;6477.5;6486;41102
13/08/2025;08:00:00;6486.25;6502.5;6466.75;6470.25;550242
13/08/2025;12:00:00;6470.25;6493.25;6467;6484;396345
13/08/2025;16:00:00;6485;6490.5;6479.75;6484.75;13968
13/08/2025;20:00:00;6484.75;6486.75;6481.25;6485.25;12360
14/08/2025;00:00:00;6485.5;6488;6477;6485;24236
14/08/2025;04:00:00;6484.75;6491.75;6453.25;6465.75;90120
14/08/2025;08:00:00;6465.5;6495.25;6460;6481;591813
14/08/2025;12:00:00;6481.25;6496;6478.5;6489.75;409764
14/08/2025;16:00:00;6489.25;6496;6486.75;6492.75;12548
14/08/2025;20:00:00;6492.5;6505.75;6492;6503.75;18600
15/08/2025;00:00:00;6503.75;6508.75;6494;6494.75;29762
15/08/2025;04:00:00;6494.5;6502.25;6490;6498.5;55891
15/08/2025;08:00:00;6498.25;6500.5;6461.5;6477.5;548859
15/08/2025;12:00:00;6477.5;6485.5;6464;6467.25;386975
17/08/2025;16:00:00;6467;6483;6466.25;6480.25;15087
17/08/2025;20:00:00;6480.25;6484.25;6478;6478.5;11371
18/08/2025;00:00:00;6478.25;6480;6456.75;6464.25;34866
18/08/2025;04:00:00;6464.5;6467.25;6456;6466.5;34474
18/08/2025;08:00:00;6466.5;6475.25;6457.25;6460.75;410061
18/08/2025;12:00:00;6460.75;6474.75;6460;6467;321865
18/08/2025;16:00:00;6468.5;6477.5;6462;6465.75;13827
18/08/2025;20:00:00;6466;6469;6456.75;6459;15289
19/08/2025;00:00:00;6459.25;6465.5;6454;6465.25;20122
19/08/2025;04:00:00;6465.25;6469;6459.5;6463.25;39363
19/08/2025;08:00:00;6463.25;6476.25;6427.75;6431.25;652268
19/08/2025;12:00:00;6431.25;6436.5;6419.25;6435;426320
19/08/2025;16:00:00;6433;6438;6422.25;6425;20113
19/08/2025;20:00:00;6424.75;6427.5;6409.25;6413;28569
20/08/2025;00:00:00;6412.75;6425.5;6409;6419.5;33752
20/08/2025;04:00:00;6419.75;6429.75;6417.75;6427;52060
20/08/2025;08:00:00;6427;6430.75;6362.75;6397;879121
20/08/2025;12:00:00;6396.75;6424.25;6385.5;6414.5;512453
20/08/2025;16:00:00;6414.25;6417.75;6401.25;6405.5;17464
20/08/2025;20:00:00;6405.25;6419;6401;6412;17402
21/08/2025;00:00:00;6412.25;6418.75;6403;6403.25;26666
21/08/2025;04:00:00;6403.25;6408.25;6384.75;6387;62637
21/08/2025;08:00:00;6386.75;6412.25;6375.5;6381;650379
21/08/2025;12:00:00;6381;6397.5;6370.25;6390.75;381865
21/08/2025;16:00:00;6392;6399.25;6385.25;6391.5;17940
21/08/2025;20:00:00;6391.5;6394.75;6385.5;6389;14918
22/08/2025;00:00:00;6389;6402.75;6364;6402;39106
22/08/2025;04:00:00;6402;6406;6398;6400.25;40089
22/08/2025;08:00:00;6400.25;6496.25;6399.25;6478;791415
22/08/2025;12:00:00;6477.75;6495;6474;6484.75;445852
24/08/2025;16:00:00;6493;6494;6477.75;6479.25;18098
24/08/2025;20:00:00;6479.25;6480;6471.5;6479.25;21154
25/08/2025;00:00:00;6479.25;6482.5;6470.75;6471;30589
25/08/2025;04:00:00;6471.25;6471.5;6460.75;6464.25;40325
25/08/2025;08:00:00;6464.5;6482.75;6463.75;6479.75;417591
25/08/2025;12:00:00;6479.5;6480;6453;6459.5;371774
25/08/2025;16:00:00;6460.25;6463.75;6430.75;6441.25;47823
25/08/2025;20:00:00;6441.5;6453;6437.75;6447.75;23652
26/08/2025;00:00:00;6448;6454.75;6435;6446;37195
26/08/2025;04:00:00;6446;6453.5;6443;6450.75;42897
26/08/2025;08:00:00;6450.75;6464.75;6444.5;6462.25;420342
26/08/2025;12:00:00;6462.25;6487.5;6453.5;6487;472536
26/08/2025;16:00:00;6486.75;6488.75;6483.25;6484;11554
26/08/2025;20:00:00;6484;6489.25;6483.75;6487.25;10762
27/08/2025;00:00:00;6487.25;6487.75;6478;6482.25;28096
27/08/2025;04:00:00;6482.25;6488.5;6477.75;6480.75;36143
27/08/2025;08:00:00;6480.5;6495.5;6472.25;6491.5;436879
27/08/2025;12:00:00;6491.5;6505.5;6459.25;6485.25;392480
27/08/2025;16:00:00;6485;6486.25;6471;6479;20198
27/08/2025;20:00:00;6479;6493.75;6478.5;6488.25;18058
28/08/2025;00:00:00;6488;6506.75;6485;6499;33220
28/08/2025;04:00:00;6499;6503.25;6490.5;6498.75;53096
28/08/2025;08:00:00;6498.75;6513;6480.75;6504.25;589960
28/08/2025;12:00:00;6504.5;6523;6502.25;6516.25;383313
28/08/2025;16:00:00;6516;6518;6511.5;6514.25;12319
28/08/2025;20:00:00;6514.25;6515.5;6509.5;6509.75;11232
29/08/2025;00:00:00;6510;6513;6492;6492.75;32608
29/08/2025;04:00:00;6493;6505.75;6488.75;6501.25;56776
29/08/2025;08:00:00;6501;6504;6455.5;6471.25;673234
29/08/2025;12:00:00;6471.25;6479.25;6458.5;6474;486968
31/08/2025;16:00:00;6478.75;6491.5;6474.25;6488.75;15187
31/08/2025;20:00:00;6488.75;6489;6465;6469;18082
01/09/2025;00:00:00;6469;6485;6459.5;6482;29659
01/09/2025;04:00:00;6481.75;6482.5;6470.25;6474.25;18723
01/09/2025;08:00:00;6474.25;6484;6467.75;6483;36057
01/09/2025;16:00:00;6480.75;6482.25;6465.75;6473.75;17419
01/09/2025;20:00:00;6474;6476.25;6464;6469.5;14897
02/09/2025;00:00:00;6469.5;6472.5;6427.75;6441.75;60650
02/09/2025;04:00:00;6441.75;6444.5;6387.25;6396;124656
02/09/2025;08:00:00;6396;6425;6371.75;6392.25;793826
02/09/2025;12:00:00;6392.25;6447.5;6388;6447.25;604106
02/09/2025;16:00:00;6448;6448;6432;6434.75;23155
02/09/2025;20:00:00;6434.25;6434.75;6426.25;6431;17411
03/09/2025;00:00:00;6431;6454;6425.5;6451.75;59718
03/09/2025;04:00:00;6451.75;6460.25;6444.25;6445.75;61596
03/09/2025;08:00:00;6445.75;6464.25;6436;6440;697698
03/09/2025;12:00:00;6440;6462.75;6426.5;6460.5;526720
03/09/2025;16:00:00;6460;6471.25;6454.5;6467.25;18135
03/09/2025;20:00:00;6467.25;6472.25;6458.5;6466;19262
04/09/2025;00:00:00;6465.75;6469.5;6458.5;6466.5;31405
04/09/2025;04:00:00;6466.5;6473.75;6461.5;6465.25;45781
04/09/2025;08:00:00;6465;6487.75;6456.25;6481;552767
04/09/2025;12:00:00;6481;6516.75;6480.75;6512.5;447803
04/09/2025;16:00:00;6515.75;6519.75;6513;6519.25;14437
04/09/2025;20:00:00;6519.5;6522.5;6517.5;6520.75;10646
05/09/2025;00:00:00;6520.5;6531;6519.25;6526.25;33634
05/09/2025;04:00:00;6526.5;6535.75;6502.5;6535.5;105754
05/09/2025;08:00:00;6535.75;6541.75;6452;6483.5;997011
05/09/2025;12:00:00;6483.5;6493;6464.75;6488.75;474000
07/09/2025;16:00:00;6483.75;6507.5;6480.25;6500.25;29524
07/09/2025;20:00:00;6500.25;6503.75;6493.75;6494.75;16704
08/09/2025;00:00:00;6494.75;6507;6493.75;6503.5;30915
08/09/2025;04:00:00;6503.25;6508.25;6496.75;6504.75;38654
08/09/2025;08:00:00;6505;6516.5;6495.25;6503.5;575419
08/09/2025;12:00:00;6503.5;6508.5;6490.25;6507;415930
08/09/2025;16:00:00;6507.75;6514.25;6506.75;6508;15252
08/09/2025;20:00:00;6508;6515.5;6504;6513.5;17550
09/09/2025;00:00:00;6513.5;6523.5;6508.25;6512.75;36484
09/09/2025;04:00:00;6512.75;6515.25;6507;6511.75;31505
09/09/2025;08:00:00;6511.5;6515;6489.25;6507.75;589764
09/09/2025;12:00:00;6507.75;6536.25;6507.25;6530.25;422561
09/09/2025;16:00:00;6532.25;6537.25;6526.75;6531.25;20326
09/09/2025;20:00:00;6531.25;6539.5;6529.75;6539.5;17113
10/09/2025;00:00:00;6539.25;6543.75;6531;6532.75;35595
10/09/2025;04:00:00;6532.75;6565.25;6529.5;6554.75;92571
10/09/2025;08:00:00;6554.75;6562.25;6538;6546;633628
10/09/2025;12:00:00;6546;6551;6522.5;6536.75;485825
10/09/2025;16:00:00;6535.75;6548;6535.5;6545.75;16466
10/09/2025;20:00:00;6545.75;6547.75;6539.5;6539.5;12821
11/09/2025;00:00:00;6539.75;6551.25;6537.25;6547.5;25660
11/09/2025;04:00:00;6547.5;6562.25;6535.5;6558;92075
11/09/2025;08:00:00;6557.75;6595;6552;6588;589198
11/09/2025;12:00:00;6588;6600;6585;6591.75;396928
11/09/2025;16:00:00;6596.25;6596.25;6590.25;6591;13979
11/09/2025;20:00:00;6591.25;6593.5;6586.25;6591.5;14701
12/09/2025;00:00:00;6591.5;6594.25;6576;6583.25;36772
12/09/2025;04:00:00;6583;6591;6581.75;6590.5;43627
12/09/2025;08:00:00;6590.5;6598.75;6585;6594.25;412775
12/09/2025;12:00:00;6594.5;6606;6583;6588.5;425876
14/09/2025;16:00:00;6588.25;6592.5;6585.25;6588.75;7563
14/09/2025;20:00:00;6588.75;6594;6588.5;6594;5574
15/09/2025;00:00:00;6593.75;6658.25;6593.75;6651;21883
15/09/2025;04:00:00;6650.75;6667;6647.75;6666.75;33586
15/09/2025;08:00:00;6666.75;6681.25;6664;6671.25;302201
15/09/2025;12:00:00;6671.25;6680.5;6663.25;6674.25;332136
15/09/2025;16:00:00;6673.25;6678.5;6671.5;6676.25;9076
15/09/2025;20:00:00;6676.5;6685.5;6675.5;6684.75;10495
16/09/2025;00:00:00;6684.5;6696.75;6682.75;6694.75;33464
16/09/2025;04:00:00;6694.75;6696.75;6682.5;6684.5;43508
16/09/2025;08:00:00;6684.5;6688.25;6661.25;6669;491885
16/09/2025;12:00:00;6669;6676.25;6665.75;6669.75;373138
16/09/2025;16:00:00;6669.5;6674.5;6668;6672;10702
16/09/2025;20:00:00;6672;6672.75;6663.75;6665.5;9722
17/09/2025;00:00:00;6665.5;6673;6653.75;6665.5;39791
17/09/2025;04:00:00;6665.75;6669.5;6659.75;6667.75;42419
17/09/2025;08:00:00;6667.75;6675.75;6650;6652;439683
17/09/2025;12:00:00;6651.75;6686.5;6611;6665.75;859679
17/09/2025;16:00:00;6664.5;6684.5;6664;6678;25119
17/09/2025;20:00:00;6677.75;6693.5;6677.5;6692.75;27291
18/09/2025;00:00:00;6692.5;6719;6680;6718;59050
18/09/2025;04:00:00;6718;6719.75;6692.75;6693;80304
18/09/2025;08:00:00;6693.25;6718;6670.25;6709;696026
18/09/2025;12:00:00;6709;6711;6688.25;6698.75;431924
18/09/2025;16:00:00;6700;6705.75;6693.5;6696.5;17256
18/09/2025;20:00:00;6696.5;6703;6690.5;6698.75;20844
19/09/2025;00:00:00;6698.75;6699.5;6679.5;6693;36587
19/09/2025;04:00:00;6692.75;6706.25;6691.25;6702.5;46375
19/09/2025;08:00:00;6702.75;6712.5;6687.25;6710;589126
19/09/2025;12:00:00;6710;6731.5;6706.75;6719.75;508062
21/09/2025;16:00:00;6716;6721.25;6710.5;6711.5;17525
21/09/2025;20:00:00;6711.5;6719;6710.75;6715.75;15842
22/09/2025;00:00:00;6715.75;6718.25;6695.25;6704.25;40314
22/09/2025;04:00:00;6704.5;6708.5;6698.5;6703.25;45258
22/09/2025;08:00:00;6703;6749.25;6700;6748.25;507421
22/09/2025;12:00:00;6748;6756.75;6744.5;6749.75;390490
22/09/2025;16:00:00;6749.5;6752.5;6745.75;6749.75;12704
22/09/2025;20:00:00;6749.75;6753.25;6746.25;6747.5;12000
23/09/2025;00:00:00;6747.25;6754.75;6746.75;6750.5;35681
23/09/2025;04:00:00;6750.75;6753.25;6744;6751.75;38945
23/09/2025;08:00:00;6752;6756.5;6731.25;6734;483068
23/09/2025;12:00:00;6734;6735.25;6701.75;6716.5;628169
23/09/2025;16:00:00;6717.75;6722.5;6711.75;6717.5;17184
23/09/2025;20:00:00;6717.5;6721;6712.75;6720.75;12841
24/09/2025;00:00:00;6720.75;6728;6715.5;6724.5;35902
24/09/2025;04:00:00;6724.25;6728.75;6721.5;6726.75;35705
24/09/2025;08:00:00;6726.75;6728.5;6678;6687;629989
24/09/2025;12:00:00;6687.25;6700;6681.25;6697;456760
24/09/2025;16:00:00;6697.25;6703;6694.5;6702.25;11949
24/09/2025;20:00:00;6702.25;6705.25;6698.75;6700;12112
25/09/2025;00:00:00;6699.75;6700.5;6683.75;6690;33614
25/09/2025;04:00:00;6690;6692.5;6653.5;6658.75;103563
25/09/2025;08:00:00;6658.5;6675;6631.25;6659;852939
25/09/2025;12:00:00;6659;6666.5;6624.25;6662;620027
25/09/2025;16:00:00;6662.75;6669;6657.25;6662;16661
25/09/2025;20:00:00;6661.75;6663.75;6653.5;6653.75;24256
26/09/2025;00:00:00;6653.75;6674.5;6653.25;6660.25;42553
26/09/2025;04:00:00;6660.25;6690.25;6657;6681.5;76574
26/09/2025;08:00:00;6681.5;6703.75;6657.25;6692.5;723170
26/09/2025;12:00:00;6692.5;6703;6686.25;6697.75;391516
28/09/2025;16:00:00;6697;6713.5;6696.75;6711;19958
28/09/2025;20:00:00;6711;6719;6707;6717.25;18921
29/09/2025;00:00:00;6717.25;6731.5;6715;6731;40763
29/09/2025;04:00:00;6731.25;6736;6723.5;6733.25;61569
29/09/2025;08:00:00;6733.25;6735.75;6706.25;6708.5;555854
29/09/2025;12:00:00;6708.5;6716.25;6696.25;6708.5;444437
29/09/2025;16:00:00;6708;6715.5;6706.75;6714.75;12429
29/09/2025;20:00:00;6714.5;6717;6707.5;6708.75;17713
30/09/2025;00:00:00;6708.75;6715.75;6694.25;6703;38031
30/09/2025;04:00:00;6702.75;6710.5;6695.75;6708;50088
30/09/2025;08:00:00;6708.25;6718;6693;6705;620989
30/09/2025;12:00:00;6705;6743.5;6694.25;6724;687268
30/09/2025;16:00:00;6725.5;6733.25;6713.25;6714.75;25219
30/09/2025;20:00:00;6714.75;6717;6706;6708.5;22040
01/10/2025;00:00:00;6708.75;6709.75;6680;6696;78935
01/10/2025;04:00:00;6696;6715.25;6695.25;6710.5;89074
01/10/2025;08:00:00;6710.75;6747.5;6705.25;6744.25;570712
01/10/2025;12:00:00;6744.25;6769.5;6743;6757;464282
01/10/2025;16:00:00;6757;6769;6756;6767.5;16939
01/10/2025;20:00:00;6767.75;6771.75;6763.75;6769;20724
02/10/2025;00:00:00;6768.75;6775;6763.75;6774;37710
02/10/2025;04:00:00;6774;6781;6765.5;6779.25;51438
02/10/2025;08:00:00;6779;6782.25;6741.5;6758.25;622401
02/10/2025;12:00:00;6758.5;6771.5;6753.5;6765;384377
02/10/2025;16:00:00;6764.75;6775.25;6758.75;6773.25;13594
02/10/2025;20:00:00;6773;6781.5;6771.5;6781.25;15137
03/10/2025;00:00:00;6781.25;6785.75;6776.75;6784.5;28809
03/10/2025;04:00:00;6784.5;6787.5;6766.5;6770.5;49172
03/10/2025;08:00:00;6770.5;6800;6768;6795.25;508003
03/10/2025;12:00:00;6795.25;6795.5;6754;6763;693949
05/10/2025;16:00:00;6768;6783.5;6767;6777.5;21870
05/10/2025;20:00:00;6777.75;6787.5;6775.75;6786;15938
06/10/2025;00:00:00;6786;6786.25;6771.75;6782.5;38125
06/10/2025;04:00:00;6782.75;6794;6781.5;6782.5;68903
06/10/2025;08:00:00;6782.5;6791.75;6766.5;6789.75;506850
06/10/2025;12:00:00;6789.75;6797.75;6785.75;6790.25;390899
06/10/2025;16:00:00;6789.5;6793;6775.25;6777.25;19645
06/10/2025;20:00:00;6777.25;6786;6775.25;6785.25;12514
07/10/2025;00:00:00;6785.25;6786;6774;6783.25;33896
07/10/2025;04:00:00;6783.25;6799.5;6782.25;6798.75;44142
07/10/2025;08:00:00;6799;6802.75;6747.25;6754.5;820525
07/10/2025;12:00:00;6754.25;6767.75;6748.5;6765;441011
07/10/2025;16:00:00;6766;6770.25;6758.25;6765.25;16627
07/10/2025;20:00:00;6765;6772.5;6764.75;6770.25;15375
08/10/2025;00:00:00;6770.5;6774.5;6759;6770;34080
08/10/2025;04:00:00;6770.25;6776.25;6764.25;6771.25;48105
08/10/2025;08:00:00;6771.5;6802.75;6764.5;6798.75;506819
08/10/2025;12:00:00;6798.5;6807.75;6792.25;6803.25;380182
08/10/2025;16:00:00;6802.75;6812.25;6802;6806;15633
08/10/2025;20:00:00;6806;6807.25;6794.5;6801.75;27315
09/10/2025;00:00:00;6801.5;6807.5;6795.75;6797.25;33653
09/10/2025;04:00:00;6797.5;6805.75;6795.5;6805;42657
09/10/2025;08:00:00;6805;6809.5;6765.5;6767;679390
09/10/2025;12:00:00;6767;6782.5;6760.75;6779.75;517740
09/10/2025;16:00:00;6779.5;6791.75;6779;6790;15876
09/10/2025;20:00:00;6790.25;6792.75;6781.25;6782.75;16049
10/10/2025;00:00:00;6782.75;6792.75;6779.25;6788.25;34476
10/10/2025;04:00:00;6788.5;6790.5;6772.5;6783.25;59864
10/10/2025;08:00:00;6783.25;6806.5;6653.25;6655.25;1362344
10/10/2025;12:00:00;6655.25;6673.5;6540.25;6552;966375
12/10/2025;16:00:00;6632;6679;6632;6677.75;106327
12/10/2025;20:00:00;6677.75;6685;6668.25;6679;52978
13/10/2025;00:00:00;6679;6706.25;6672.25;6688.75;95242
13/10/2025;04:00:00;6688.5;6689.75;6653.25;6669.25;135867
13/10/2025;08:00:00;6669.25;6708.75;6661.75;6707.5;839556
13/10/2025;12:00:00;6707.5;6711.5;6681.5;6689.75;492615
13/10/2025;16:00:00;6691;6718.5;6688;6710.75;28621
13/10/2025;20:00:00;6710.5;6712.75;6660.75;6672;58382
14/10/2025;00:00:00;6672.25;6673.5;6623.25;6647.75;124351
14/10/2025;04:00:00;6647.75;6652.25;6605.75;6631;151673
14/10/2025;08:00:00;6631;6720.25;6593.25;6707.5;984857
14/10/2025;12:00:00;6707.5;6722.5;6666;6685;735007
14/10/2025;16:00:00;6684.25;6699;6683.5;6695.25;23687
14/10/2025;20:00:00;6695.25;6706;6687.25;6705;23250
15/10/2025;00:00:00;6705.25;6721.25;6705.25;6717.25;49032
15/10/2025;04:00:00;6717.5;6741;6716.75;6738.5;91140
15/10/2025;08:00:00;6738.75;6766.75;6702;6703.75;938364
15/10/2025;12:00:00;6703.75;6724.5;6651.5;6713.5;817185
15/10/2025;16:00:00;6715.25;6726.5;6702.5;6710;25247
15/10/2025;20:00:00;6710;6716;6705.75;6712.5;19794
16/10/2025;00:00:00;6712.75;6737.5;6710.75;6729.25;51379
16/10/2025;04:00:00;6729.25;6746.5;6728;6741.75;67591
16/10/2025;08:00:00;6742;6750.5;6654.75;6695.75;1076524
16/10/2025;12:00:00;6695.5;6704.75;6632;6659.25;914807
16/10/2025;16:00:00;6659.25;6669.25;6641.75;6651.5;37676
16/10/2025;20:00:00;6651.5;6663;6635.5;6636.75;38368
17/10/2025;00:00:00;6637;6637.5;6571.25;6591;139733
17/10/2025;04:00:00;6590.75;6672;6589.5;6658.5;249860
17/10/2025;08:00:00;6658.25;6697.5;6640.5;6680;1003364
17/10/2025;12:00:00;6680;6718;6665;6711;536029
19/10/2025;16:00:00;6721;6726;6694;6714.5;38266
19/10/2025;20:00:00;6714.5;6728.5;6709.25;6727.25;26258
20/10/2025;00:00:00;6727;6737.5;6718.5;6720.25;39495
20/10/2025;04:00:00;6720;6734.5;6711.5;6734;59255
20/10/2025;08:00:00;6733.75;6775.5;6732;6771.25;589530
20/10/2025;12:00:00;6771.25;6783;6770;6780.25;390899
20/10/2025;16:00:00;6779.5;6782.75;6776;6782;14339
20/10/2025;20:00:00;6781.75;6785;6771.5;6773.75;19014
21/10/2025;00:00:00;6774;6776;6763.25;6764.75;35152
21/10/2025;04:00:00;6764.75;6777.75;6764.25;6774;54783
21/10/2025;08:00:00;6774;6789.75;6759.25;6774.75;689587
21/10/2025;12:00:00;6774.75;6785;6764.75;6772.5;434108
21/10/2025;16:00:00;6776;6778;6765.25;6766.5;17858
21/10/2025;20:00:00;6766.25;6788;6764;6784.75;22668
22/10/2025;00:00:00;6784.75;6788.75;6772;6775.75;30069
22/10/2025;04:00:00;6775.5;6782.75;6765.5;6779.25;65707
22/10/2025;08:00:00;6779.25;6781.75;6698;6732;1027712
22/10/2025;12:00:00;6731.75;6744.75;6690.75;6737.5;679479
22/10/2025;16:00:00;6733.5;6740.5;6717.5;6737;23044
22/10/2025;20:00:00;6736.75;6750.25;6736.25;6741.5;25517
23/10/2025;00:00:00;6741.75;6751.75;6738.25;6744.75;35025
23/10/2025;04:00:00;6744.75;6746.75;6719.5;6736;70618
23/10/2025;08:00:00;6736;6774;6724;6772.75;674115
23/10/2025;12:00:00;6773;6785.75;6762.5;6777.75;488670
23/10/2025;16:00:00;6778.25;6782;6776.5;6781;11460
23/10/2025;20:00:00;6781;6788.5;6780.75;6787.75;17665
24/10/2025;00:00:00;6787.75;6798.25;6784;6789.75;38519
24/10/2025;04:00:00;6789.5;6837.25;6789.25;6812.75;100595
24/10/2025;08:00:00;6813;6841.25;6812.5;6836;633465
24/10/2025;12:00:00;6835.75;6841;6823.75;6825.25;400822
26/10/2025;16:00:00;6881;6890;6865.75;6872.25;47168
26/10/2025;20:00:00;6872.5;6881.25;6867.5;6879.25;26500
27/10/2025;00:00:00;6879;6889;6876.5;6881;41742
27/10/2025;04:00:00;6881.25;6889;6878.75;6883;58921
27/10/2025;08:00:00;6882.75;6895;6877;6893.75;502503
27/10/2025;12:00:00;6893.75;6916.25;6887.75;6914;458329
27/10/2025;16:00:00;6914;6917.75;6908.5;6909;17994
27/10/2025;20:00:00;6909;6910.25;6904.75;6905;19604
28/10/2025;00:00:00;6905.25;6909.75;6901.5;6906.75;33234
28/10/2025;04:00:00;6906.75;6918.25;6904;6916;48407
28/10/2025;08:00:00;6916.25;6930;6903;6924.25;561561
28/10/2025;12:00:00;6924.5;6944.75;6921.5;6927.5;479147
28/10/2025;16:00:00;6929.25;6931.5;6924.5;6926;13511
28/10/2025;20:00:00;6925.75;6940;6925.5;6938.75;24176
29/10/2025;00:00:00;6938.5;6949.25;6935.75;6937.25;35322
29/10/2025;04:00:00;6937.25;6948.5;6930.75;6942;57401
29/10/2025;08:00:00;6942;6952;6929.75;6940;509266
29/10/2025;12:00:00;6939.75;6945.5;6882.25;6918;802008
29/10/2025;16:00:00;6906.5;6940;6902.5;6933;31754
29/10/2025;20:00:00;6933.25;6953.75;6901;6914.25;86961
30/10/2025;00:00:00;6914.25;6939;6911.75;6922;53175
30/10/2025;04:00:00;6922;6929.75;6890.5;6891;106299
30/10/2025;08:00:00;6890.75;6913.75;6867.75;6898.25;811146
30/10/2025;12:00:00;6898.25;6900.5;6851;6894;672081
30/10/2025;16:00:00;6897;6903.25;6888;6901;27766
30/10/2025;20:00:00;6900.75;6904.5;6893;6901;25801
31/10/2025;00:00:00;6900.75;6906.25;6893;6903.25;33262
31/10/2025;04:00:00;6903.5;6918.5;6893.25;6905.75;80942
31/10/2025;08:00:00;6905.75;6906.25;6852.5;6855;789938
31/10/2025;12:00:00;6855;6900;6843.5;6872.25;728435
02/11/2025;16:00:00;6878;6899.25;6876.75;6891.5;29632
02/11/2025;20:00:00;6891.5;6896;6880.75;6884.75;24264
03/11/2025;00:00:00;6885;6902.25;6873.25;6894.75;38837
03/11/2025;04:00:00;6895;6903;6885.75;6896.5;50944
03/11/2025;08:00:00;6896.75;6909.5;6849.5;6889.25;744239
03/11/2025;12:00:00;6889.25;6893.25;6875.75;6884;414098
03/11/2025;16:00:00;6884;6884;6862;6866;27035
03/11/2025;20:00:00;6866;6866.25;6826.5;6830;51552
04/11/2025;00:00:00;6830;6830.5;6791.5;6792.75;99741
04/11/2025;04:00:00;6792.75;6820.5;6786.25;6809;111176
04/11/2025;08:00:00;6808.75;6849.25;6795.75;6809.25;784419
04/11/2025;12:00:00;6809.25;6816;6794.75;6806.25;551660
04/11/2025;16:00:00;6801;6806.5;6748.5;6760;73352
04/11/2025;20:00:00;6760;6798.75;6752.75;6789;60025
05/11/2025;00:00:00;6789;6801.25;6782;6794;49609
05/11/2025;04:00:00;6793.75;6807.75;6771.75;6805.5;85581
05/11/2025;08:00:00;6805.5;6857.75;6789.75;6851;684472
05/11/2025;12:00:00;6851;6857.5;6820;6827.5;448887
05/11/2025;16:00:00;6828.5;6835;6805.5;6815;36335
05/11/2025;20:00:00;6815.25;6827.5;6808;6818;25108
06/11/2025;00:00:00;6817.75;6827.5;6804;6823.75;41021
06/11/2025;04:00:00;6824;6843.5;6822.75;6832;46645
06/11/2025;08:00:00;6831.75;6834.25;6733.5;6757.75;1028815
06/11/2025;12:00:00;6757.75;6784.5;6738;6764.75;593439
06/11/2025;16:00:00;6763;6772;6742.5;6755;42971
06/11/2025;20:00:00;6755.25;6764.75;6732;6764.25;44360
07/11/2025;00:00:00;6764.5;6770.75;6748.25;6752;47593
07/11/2025;04:00:00;6752;6756;6712.25;6723.25;128656
07/11/2025;08:00:00;6723.25;6725.5;6655.5;6683.25;1014878
07/11/2025;12:00:00;6683;6765.75;6679.75;6765;761263
09/11/2025;16:00:00;6788;6798;6772;6797.25;56825
09/11/2025;20:00:00;6797;6806.25;6793.25;6803.5;35362
10/11/2025;00:00:00;6803.5;6823.5;6796.25;6819.25;63137
10/11/2025;04:00:00;6819.5;6821.75;6811;6819.75;54993
10/11/2025;08:00:00;6819.75;6840.75;6792.75;6837.75;795575
10/11/2025;12:00:00;6837.75;6865.75;6836.75;6857.75;520200
10/11/2025;16:00:00;6857.25;6867;6854.25;6861;21461
10/11/2025;20:00:00;6860.75;6864;6847.5;6847.75;26957
11/11/2025;00:00:00;6847.5;6856.75;6839.25;6840.25;37133
11/11/2025;04:00:00;6840.25;6847.25;6835.75;6841.25;51689
11/11/2025;08:00:00;6841;6866.25;6830.5;6864.75;689949
11/11/2025;12:00:00;6864.75;6880;6864;6874;475339
11/11/2025;16:00:00;6874;6885.5;6868;6884;26314
11/11/2025;20:00:00;6884.25;6889.25;6877.25;6886;25142
12/11/2025;00:00:00;6885.75;6900.5;6885.5;6898.25;38296
12/11/2025;04:00:00;6898.25;6900.5;6882;6895.25;51896
12/11/2025;08:00:00;6895.25;6895.5;6852;6879.25;737425
12/11/2025;12:00:00;6879;6884.25;6863.5;6873.25;466226
12/11/2025;16:00:00;6873.25;6889.5;6851.25;6884.25;53600
12/11/2025;20:00:00;6884.25;6890.25;6874.75;6887.75;22756
13/11/2025;00:00:00;6887.5;6892.5;6859.25;6865.5;39969
13/11/2025;04:00:00;6865.5;6876;6849.25;6851.25;65815
13/11/2025;08:00:00;6851.25;6853.5;6780.75;6782.5;1019470
13/11/2025;12:00:00;6782.5;6788.75;6746;6762.5;798173
13/11/2025;16:00:00;6762.75;6775;6762.75;6768.5;31929
13/11/2025;20:00:00;6768.75;6774.75;6743.75;6764;44040
14/11/2025;00:00:00;6763.75;6764.25;6728.25;6738.25;90451
14/11/2025;04:00:00;6738;6748.5;6677.75;6692;162304
14/11/2025;08:00:00;6692.25;6795.5;6670.5;6779.25;1073659
14/11/2025;12:00:00;6779.25;6789.75;6750;6765.25;624664
16/11/2025;16:00:00;6764.75;6780.25;6740.5;6770.75;44688
16/11/2025;20:00:00;6770.75;6788.25;6770;6780.75;25148
17/11/2025;00:00:00;6780.75;6801.5;6778.25;6787.5;43035
17/11/2025;04:00:00;6787.25;6787.75;6734.5;6747.5;78257
17/11/2025;08:00:00;6747.5;6774.75;6714.75;6729.5;806449
17/11/2025;12:00:00;6729.5;6736.25;6658.5;6697.25;826059
17/11/2025;16:00:00;6696.5;6708.75;6685;6704;39101
17/11/2025;20:00:00;6704;6707.75;6638.75;6656.25;86851
18/11/2025;00:00:00;6656.5;6685.75;6635.5;6680.75;85704
18/11/2025;04:00:00;6680.5;6682.25;6643.25;6661.75;90352
18/11/2025;08:00:00;6661.5;6679.75;6594;6672.75;1331633
18/11/2025;12:00:00;6673;6687.5;6624.75;6627.75;821841
18/11/2025;16:00:00;6630.75;6647.5;6622.5;6633.75;43869
18/11/2025;20:00:00;6634;6652.5;6613.25;6630.5;44257
19/11/2025;00:00:00;6630.25;6659;6626.75;6658;55662
19/11/2025;04:00:00;6658.25;6668.75;6650.25;6652.75;78170
19/11/2025;08:00:00;6652.75;6709;6622;6648.5;1039536
19/11/2025;12:00:00;6648.5;6704.25;6628.25;6696;712911
19/11/2025;16:00:00;6697.5;6743.25;6694;6742;50419
19/11/2025;20:00:00;6741.75;6754;6737.5;6746.5;34981
20/11/2025;00:00:00;6746.75;6757;6725.5;6729;60238
20/11/2025;04:00:00;6729;6772.75;6724;6767.75;113641
20/11/2025;08:00:00;6767.75;6791.25;6588.25;6606.5;1567460
20/11/2025;12:00:00;6606.75;6654;6550.5;6552;1056740
20/11/2025;16:00:00;6560;6589;6539.25;6583.25;66086
20/11/2025;20:00:00;6583.5;6594;6566.25;6572.25;52340
21/11/2025;00:00:00;6572.25;6585;6551.5;6552.5;85804
21/11/2025;04:00:00;6552.5;6599;6525;6590.75;210976
21/11/2025;08:00:00;6590.5;6647;6539;6633.25;1215610
21/11/2025;12:00:00;6633.5;6677.5;6600.25;6631.5;855248
23/11/2025;16:00:00;6654.75;6666.5;6637;6647;38160
23/11/2025;20:00:00;6647.25;6662.5;6643.75;6656.75;29330
24/11/2025;00:00:00;6656.75;6669.5;6625;6638;64126
24/11/2025;04:00:00;6638.25;6667.25;6625.5;6653;76198
24/11/2025;08:00:00;6653;6725.25;6646.75;6722;808792
24/11/2025;12:00:00;6722.25;6731.75;6710;6725;540239
24/11/2025;16:00:00;6726.25;6728.25;6714.5;6715.25;24086
24/11/2025;20:00:00;6715.25;6723.75;6713.5;6717;23158
25/11/2025;00:00:00;6716.75;6721.5;6701.75;6708;42434
25/11/2025;04:00:00;6707.75;6732.5;6703;6718;80756
25/11/2025;08:00:00;6718;6774.25;6674.5;6763.75;894325
25/11/2025;12:00:00;6763.75;6792.5;6755;6780.75;504343
25/11/2025;16:00:00;6781;6798;6778.25;6797.5;22764
25/11/2025;20:00:00;6797.25;6804.25;6795.75;6803;24312
26/11/2025;00:00:00;6803;6810.75;6793.25;6795.25;45185
26/11/2025;04:00:00;6795.25;6805;6787;6803.75;67421
26/11/2025;08:00:00;6804;6846.75;6795.75;6840.5;714836
26/11/2025;12:00:00;6840.5;6845.25;6825;6830.25;508808
26/11/2025;16:00:00;6830.25;6833.75;6827.5;6832.75;11606
26/11/2025;20:00:00;6832.5;6833.75;6826.5;6830.75;11216
27/11/2025;00:00:00;6830.75;6832.75;6824.25;6825.25;18210
27/11/2025;04:00:00;6825.25;6830.25;6824.25;6828;15133
27/11/2025;08:00:00;6827.75;6831.75;6825;6828;26304
27/11/2025;16:00:00;6829;6841.25;6828.75;6835.25;8300
27/11/2025;20:00:00;6835.25;6837.25;6832.25;6835;1045
28/11/2025;04:00:00;6842.5;6844.5;6836.75;6837.25;2958
28/11/2025;08:00:00;6837;6863.75;6831.25;6860.5;270060
28/11/2025;12:00:00;6860.25;6863.5;6855.25;6857.25;36858
30/11/2025;16:00:00;6854.75;6864.5;6817.25;6825.25;57959
30/11/2025;20:00:00;6825.5;6827;6802;6811.75;44680
01/12/2025;00:00:00;6811.5;6829.75;6808.25;6816.25;46243
01/12/2025;04:00:00;6816.5;6825.75;6805;6817.25;60904
01/12/2025;08:00:00;6817.25;6853.5;6811.75;6846;696732
01/12/2025;12:00:00;6846;6855.75;6819.25;6826.75;503761
01/12/2025;16:00:00;6829;6833.25;6822;6827.25;17961
01/12/2025;20:00:00;6827;6831;6815.25;6820.75;21754
02/12/2025;00:00:00;6820.75;6837;6812.25;6834.5;32163
02/12/2025;04:00:00;6834.25;6849;6833.25;6848.5;48795
02/12/2025;08:00:00;6848.25;6863.5;6818;6826.25;818543
02/12/2025;12:00:00;6826;6853.5;6824.25;6842.75;452181
02/12/2025;16:00:00;6843;6851.75;6837.25;6849.75;20908
02/12/2025;20:00:00;6849.5;6857.75;6848.75;6853.5;14912
03/12/2025;00:00:00;6853.75;6857;6845.75;6852;27792
03/12/2025;04:00:00;6852;6862.25;6846.5;6855.5;44169
03/12/2025;08:00:00;6855.5;6865;6817.5;6863;749672
03/12/2025;12:00:00;6862.75;6873.25;6858.75;6864.75;390247
03/12/2025;16:00:00;6866;6866.75;6857.75;6861.25;14919
03/12/2025;20:00:00;6861.25;6864.5;6857;6862.75;14886