Date,Entry_Time,Direction,Entry_Price,SL_Price,Risk_R,TP_Price,Exit_Time,Exit_Price,Exit_Type,PnL_Points,PnL_R,Asian_High,Asian_Low
2018-01-02,2018-01-02 02:15:00,SHORT,7503.739664,7527.706115,23.966451000000234,7467.789987499999,2018-01-02 06:25:00,7527.706115,SL,-23.966451000000234,-1.0,7525.706115,7511.647587
2018-01-03,2018-01-03 01:45:00,LONG,7645.203609,7632.07394,13.129668999999922,7664.8981125,2018-01-03 08:35:00,7664.8981125,TP,19.694503499999882,1.5,7644.324951,7634.07394
2018-01-04,2018-01-04 02:15:00,LONG,7732.776527,7707.638532,25.137995000000046,7770.4835195,2018-01-04 15:14:00,7736.876931,FORCE_CLOSE,4.1004039999997985,0.16311579344334307,7731.019211,7709.638532
2018-01-05,2018-01-05 01:45:00,LONG,7747.420827,7729.897869,17.522957999999562,7773.705263999999,2018-01-05 07:30:00,7773.705263999999,TP,26.284436999999343,1.5,7746.835055,7731.897869
2018-01-09,2018-01-09 02:15:00,LONG,7841.730124,7822.742735,18.987388999999894,7870.2112075,2018-01-09 08:44:00,7822.742735,SL,-18.987388999999894,-1.0,7841.144352,7824.742735
2018-01-10,2018-01-10 01:45:00,SHORT,7817.127699,7834.943543,17.815844000000652,7790.403932999999,2018-01-10 04:50:00,7790.403932999999,TP,26.72376600000098,1.5,7832.943543,7819.763673
2018-01-12,2018-01-12 01:00:00,LONG,7885.955912,7868.140067,17.81584500000008,7912.679679500001,2018-01-12 07:37:00,7868.140067,SL,-17.81584500000008,-1.0,7881.562621,7870.140067
2018-01-15,2018-01-15 02:00:00,SHORT,7941.89714,7966.742249,24.845108999999866,7904.6294765,2018-01-15 11:59:00,7943.36157,FORCE_CLOSE,-1.464429999999993,-0.058942385803177635,7964.742249,7945.704658
2018-01-16,2018-01-16 02:00:00,LONG,7963.863591,7936.96828,26.89531100000022,8004.206557500001,2018-01-16 08:38:00,8004.206557500001,TP,40.34296650000033,1.5,7960.641845,7938.96828
2018-01-17,2018-01-17 02:00:00,LONG,7936.625192,7905.043705,31.58148700000038,7983.9974225000005,2018-01-17 12:43:00,7983.9974225000005,TP,47.372230500000114,1.5,7933.696332,7907.043705
2018-01-19,2018-01-19 02:45:00,LONG,7997.545483,7966.256881,31.288601999999628,8044.478385999999,2018-01-19 15:14:00,8020.097706,FORCE_CLOSE,22.552222999999685,0.720780781448783,7996.373939,7968.256881
2018-01-22,2018-01-22 02:30:00,LONG,8021.855022,8000.817431,21.03759099999934,8053.411408499998,2018-01-22 09:15:00,8053.411408499998,TP,31.556386499998553,1.5,8017.168846,8002.817431
2018-01-23,2018-01-23 01:00:00,LONG,8141.938287,8115.628748,26.30953899999986,8181.4025955,2018-01-23 05:13:00,8115.628748,SL,-26.30953899999986,-1.0,8139.009427,8117.628748
2018-01-24,2018-01-24 01:00:00,LONG,8169.469573,8150.189298,19.280275000000074,8198.3899855,2018-01-24 09:14:00,8198.3899855,TP,28.920412499999657,1.5,8164.783396,8152.189298
2018-01-25,2018-01-25 03:30:00,LONG,8141.645401,8110.649686,30.99571500000002,8188.138973499999,2018-01-25 08:57:00,8110.649686,SL,-30.99571500000002,-1.0,8136.373453,8112.649686
2018-01-26,2018-01-26 03:15:00,LONG,8150.724868,8127.344189,23.380678999999873,8185.7958865,2018-01-26 12:15:00,8185.7958865,TP,35.07101849999981,1.5,8149.84621,8129.344189
2018-01-29,2018-01-29 02:00:00,SHORT,8219.845967,8258.163833,38.31786600000123,8162.369167999997,2018-01-29 15:14:00,8192.021796,FORCE_CLOSE,27.824170999998387,0.7261409338400393,8256.163833,8229.218319
2018-02-01,2018-02-01 03:15:00,SHORT,8160.390106,8188.456961,28.066855000000032,8118.289823499999,2018-02-01 07:32:00,8118.289823499999,TP,42.1002825000005,1.5,8186.456961,8164.783396
2018-02-02,2018-02-02 02:45:00,SHORT,8082.189541,8150.088894,67.8993530000007,7980.340511499999,2018-02-02 09:05:00,7980.340511499999,TP,101.84902950000105,1.5,8148.088894,8098.298271
2018-02-05,2018-02-05 01:00:00,LONG,7916.123171,7865.504093,50.61907800000063,7992.051788000001,2018-02-05 06:02:00,7865.504093,SL,-50.61907800000063,-1.0,7906.750819,7867.504093
2018-02-06,2018-02-06 02:15:00,LONG,7595.705872,7332.158662,263.54721000000063,7991.026687000001,2018-02-06 15:14:00,7786.081781,FORCE_CLOSE,190.3759089999994,0.7223597965616823,7583.990432,7334.158662
2018-02-07,2018-02-07 02:00:00,SHORT,7702.023495,7809.169574,107.14607899999919,7541.304376500002,2018-02-07 08:41:00,7809.169574,SL,-107.14607899999919,-1.0,7807.169574,7709.638532
2018-02-08,2018-02-08 02:00:00,LONG,7718.717998,7611.864805,106.85319299999992,7878.9977875,2018-02-08 09:52:00,7611.864805,SL,-106.85319299999992,-1.0,7712.567392,7613.864805
2018-02-09,2018-02-09 02:45:00,LONG,7462.442736,7365.254782,97.18795399999999,7608.224667,2018-02-09 09:49:00,7365.254782,SL,-97.18795399999999,-1.0,7460.392534,7367.254782
2018-02-12,2018-02-12 02:30:00,LONG,7580.4758,7532.492696,47.98310399999991,7652.4504560000005,2018-02-12 09:26:00,7532.492696,SL,-47.98310399999991,-1.0,7561.438209,7534.492696
2018-02-13,2018-02-13 01:45:00,SHORT,7617.086551,7677.370868,60.284316999999646,7526.660075500001,2018-02-13 12:39:00,7677.370868,SL,-60.284316999999646,-1.0,7675.370868,7621.479842
2018-02-14,2018-02-14 01:00:00,LONG,7700.559065,7673.95664,26.60242500000004,7740.462702500001,2018-02-14 07:30:00,7673.95664,SL,-26.60242500000004,-1.0,7697.630205,7675.95664
2018-02-15,2018-02-15 02:15:00,LONG,7893.570948,7817.470787,76.10016099999939,8007.721189499998,2018-02-15 10:03:00,7817.470787,SL,-76.10016099999939,-1.0,7887.127456,7819.470787
2018-02-16,2018-02-16 02:00:00,LONG,8019.80482,7988.809104,30.995716000000357,8066.298394000001,2018-02-16 07:22:00,7988.809104,SL,-30.995716000000357,-1.0,8019.219048,7990.809104
2018-02-20,2018-02-20 03:00:00,SHORT,7917.294715,7964.399161,47.10444600000028,7846.638046,2018-02-20 09:11:00,7964.399161,SL,-47.10444600000028,-1.0,7962.399161,7921.395119
2018-02-23,2018-02-23 01:00:00,LONG,7988.17313,7944.29043,43.88270000000011,8053.99718,2018-02-23 13:50:00,8053.99718,TP,65.82405000000017,1.5,7974.700374,7946.29043
2018-02-26,2018-02-26 02:15:00,LONG,8109.42794,8069.93853,39.489409999999225,8168.662054999999,2018-02-26 11:58:00,8168.662054999999,TP,59.23411499999929,1.5,8101.812904,8071.93853
2018-02-27,2018-02-27 01:15:00,SHORT,8184.406759,8213.352273,28.945514000000003,8140.988488000001,2018-02-27 09:55:00,8140.988488000001,TP,43.41827099999955,1.5,8211.352273,8185.871189
2018-03-01,2018-03-01 01:15:00,LONG,8066.666582,8012.532872,54.133710000000065,8147.867147,2018-03-01 05:50:00,8012.532872,SL,-54.133710000000065,-1.0,8065.787924,8014.532872
2018-03-02,2018-03-02 03:45:00,SHORT,7892.106518,7943.018482,50.91196400000081,7815.738571999998,2018-03-02 07:27:00,7815.738571999998,TP,76.36794600000121,1.5,7941.018482,7897.378466
2018-03-05,2018-03-05 01:00:00,SHORT,7922.859549,7982.558094,59.698545000000195,7833.3117315,2018-03-05 03:50:00,7982.558094,SL,-59.698545000000195,-1.0,7980.558094,7924.031093
2018-03-06,2018-03-06 01:00:00,LONG,8085.997059,8054.708458,31.2886010000002,8132.929960500001,2018-03-06 10:25:00,8054.708458,SL,-31.2886010000002,-1.0,8076.038934,8056.708458
2018-03-08,2018-03-08 01:00:00,LONG,8137.837883,8098.348474,39.489408999999796,8197.071996499999,2018-03-08 15:14:00,8170.934003,FORCE_CLOSE,33.096120000000155,0.8381011728993039,8125.243785,8100.348474
2018-03-12,2018-03-12 02:15:00,LONG,8373.759529,8336.155072,37.604457000001275,8430.166214500003,2018-03-12 10:25:00,8336.155072,SL,-37.604457000001275,-1.0,8373.175849,8338.155072
2018-03-13,2018-03-13 01:00:00,LONG,8365.004335,8346.077626,18.92670899999939,8393.394398499999,2018-03-13 07:31:00,8393.394398499999,TP,28.390063499999087,1.5,8364.420655,8348.077626
2018-03-14,2018-03-14 02:30:00,LONG,8259.358325,8219.127311,40.23101399999905,8319.704845999997,2018-03-14 10:41:00,8219.127311,SL,-40.23101399999905,-1.0,8252.64601,8221.127311
2018-03-15,2018-03-15 02:30:00,LONG,8260.525684,8201.325082,59.2006020000008,8349.326587000001,2018-03-15 15:14:00,8254.105209,FORCE_CLOSE,-6.420475000000806,-0.10845286674619828,8258.482806,8203.325082
2018-03-16,2018-03-16 02:30:00,SHORT,8234.843781,8270.405359,35.561578000000736,8181.5014139999985,2018-03-16 09:21:00,8270.405359,SL,-35.561578000000736,-1.0,8268.405359,8236.011141
2018-03-19,2018-03-19 01:00:00,SHORT,8156.338874,8222.543631,66.20475700000043,8057.0317385,2018-03-19 10:02:00,8057.0317385,TP,99.30713550000019,1.5,8220.543631,8173.265583
2018-03-20,2018-03-20 01:00:00,LONG,8062.658296,8030.890636,31.767659999999523,8110.309785999999,2018-03-20 04:13:00,8030.890636,SL,-31.767659999999523,-1.0,8060.031738,8032.890636
2018-03-21,2018-03-21 03:15:00,SHORT,8054.778622,8084.211563,29.432941000000028,8010.629210499999,2018-03-21 10:54:00,8084.211563,SL,-29.432941000000028,-1.0,8082.211563,8062.658296
2018-03-22,2018-03-22 01:30:00,SHORT,8029.680398,8074.28901,44.608611999999994,7962.76748,2018-03-22 02:59:00,7962.76748,TP,66.91291799999999,1.5,8072.28901,8035.517195
2018-03-26,2018-03-26 01:00:00,LONG,7722.956763,7627.568026,95.38873700000022,7866.0398685,2018-03-26 14:29:00,7866.0398685,TP,143.08310549999987,1.5,7718.579166,7629.568026
2018-03-27,2018-03-27 01:30:00,LONG,7966.059321,7901.605603,64.45371799999975,8062.739898,2018-03-27 09:14:00,7901.605603,SL,-64.45371799999975,-1.0,7962.557243,7903.605603
2018-03-28,2018-03-28 02:15:00,SHORT,7615.559715,7685.850229,70.29051399999935,7510.123944000001,2018-03-28 09:47:00,7510.123944000001,TP,105.43577099999948,1.5,7683.850229,7620.229152
2018-03-29,2018-03-29 01:30:00,LONG,7601.551404,7549.646798,51.90460600000006,7679.408313,2018-03-29 08:46:00,7549.646798,SL,-51.90460600000006,-1.0,7591.045171,7551.646798
2018-04-02,2018-04-02 01:45:00,SHORT,7643.868176,7679.137914,35.26973799999996,7590.963569,2018-04-02 08:54:00,7590.963569,TP,52.9046070000004,1.5,7677.137914,7644.160016
2018-04-03,2018-04-03 02:00:00,LONG,7510.497385,7462.386696,48.11068900000009,7582.6634185,2018-04-03 09:05:00,7462.386696,SL,-48.11068900000009,-1.0,7509.621866,7464.386696
2018-04-04,2018-04-04 01:15:00,SHORT,7502.325871,7548.977361,46.651490000000194,7432.348636,2018-04-04 03:04:00,7432.348636,TP,69.97723500000029,1.5,7546.977361,7506.995307
2018-04-05,2018-04-05 01:30:00,LONG,7743.09371,7680.39103,62.70268000000033,7837.147730000001,2018-04-05 12:23:00,7680.39103,SL,-62.70268000000033,-1.0,7742.21819,7682.39103
2018-04-06,2018-04-06 01:30:00,LONG,7640.657938,7568.616385,72.04155300000002,7748.720267500001,2018-04-06 12:50:00,7568.616385,SL,-72.04155300000002,-1.0,7635.112982,7570.616385
2018-04-09,2018-04-09 03:30:00,LONG,7612.057637,7539.140565,72.91707200000019,7721.433245,2018-04-09 11:14:00,7721.433245,TP,109.37560800000028,1.5,7609.431079,7541.140565
2018-04-12,2018-04-12 03:45:00,SHORT,7698.734059,7740.132433,41.39837399999942,7636.636498000002,2018-04-12 05:50:00,7740.132433,SL,-41.39837399999942,-1.0,7738.132433,7702.527977
2018-04-13,2018-04-13 01:15:00,LONG,7779.281846,7755.6857,23.596145999999862,7814.676065,2018-04-13 07:18:00,7814.676065,TP,35.394218999999794,1.5,7777.530807,7757.6857
2018-04-17,2018-04-17 01:00:00,LONG,7865.082748,7821.057816,44.02493200000026,7931.120146,2018-04-17 10:00:00,7931.120146,TP,66.0373980000004,1.5,7864.499069,7823.057816
2018-04-18,2018-04-18 03:00:00,LONG,7994.075942,7966.685879,27.390063000000737,8035.1610365000015,2018-04-18 08:39:00,7966.685879,SL,-27.390063000000737,-1.0,7993.784102,7968.685879
2018-04-19,2018-04-19 01:15:00,SHORT,7994.659622,8017.380248,22.720626000000266,7960.578683,2018-04-19 07:42:00,7960.578683,TP,34.0809390000004,1.5,8015.380248,8003.706656
2018-04-20,2018-04-20 02:15:00,SHORT,7888.138093,7928.660947,40.522854000000734,7827.3538119999985,2018-04-20 09:52:00,7827.3538119999985,TP,60.7842810000011,1.5,7926.660947,7892.51569
2018-04-23,2018-04-23 02:15:00,SHORT,7786.286001,7826.517015,40.23101399999996,7725.939480000001,2018-04-23 07:32:00,7826.517015,SL,-40.23101399999996,-1.0,7824.517015,7798.251433
2018-04-24,2018-04-24 01:00:00,LONG,7794.749355,7765.608253,29.14110199999959,7838.461007999999,2018-04-24 05:26:00,7838.461007999999,TP,43.71165299999939,1.5,7794.457515,7767.608253
2018-04-25,2018-04-25 03:30:00,SHORT,7573.826623,7635.070103,61.24348000000009,7481.961402999999,2018-04-25 10:07:00,7635.070103,SL,-61.24348000000009,-1.0,7633.070103,7585.208375
2018-04-26,2018-04-26 01:00:00,SHORT,7669.550079,7721.162846,51.61276700000053,7592.130928499999,2018-04-26 07:51:00,7721.162846,SL,-51.61276700000053,-1.0,7719.162846,7693.189103
2018-04-30,2018-04-30 01:00:00,LONG,7825.684375,7782.826802,42.85757300000023,7889.970734500001,2018-04-30 10:35:00,7782.826802,SL,-42.85757300000023,-1.0,7824.808855,7784.826802
2018-05-01,2018-05-01 03:30:00,SHORT,7702.819817,7734.003797,31.1839800000007,7656.043846999999,2018-05-01 09:20:00,7734.003797,SL,-31.1839800000007,-1.0,7732.003797,7706.321894
2018-05-02,2018-05-02 04:00:00,LONG,7851.074438,7803.839268,47.235169999999925,7921.9271929999995,2018-05-02 08:32:00,7803.839268,SL,-47.235169999999925,-1.0,7848.739719,7805.839268
2018-05-03,2018-05-03 02:15:00,LONG,7753.308103,7729.128278,24.179825000000164,7789.5778405,2018-05-03 06:51:00,7729.128278,SL,-24.179825000000164,-1.0,7752.432584,7731.128278
2018-05-08,2018-05-08 03:15:00,SHORT,7956.136768,7980.316593,24.179824999999255,7919.867030500001,2018-05-08 08:53:00,7919.867030500001,TP,36.26973749999888,1.5,7978.316593,7957.304127
2018-05-09,2018-05-09 01:00:00,LONG,7968.1022,7950.63469,17.467510000000402,7994.303465000001,2018-05-09 03:56:00,7994.303465000001,TP,26.201265000000603,1.5,7966.643001,7952.63469
2018-05-11,2018-05-11 01:15:00,SHORT,8116.9405,8139.661126,22.720626000000266,8082.859560999999,2018-05-11 05:19:00,8139.661126,SL,-22.720626000000266,-1.0,8137.661126,8120.442578
2018-05-15,2018-05-15 01:00:00,SHORT,8111.103704,8146.373442,35.26973799999996,8058.199097000001,2018-05-15 08:21:00,8058.199097000001,TP,52.90460699999949,1.5,8144.373442,8123.652816
2018-05-16,2018-05-16 02:30:00,LONG,8058.280699,8024.178321,34.10237799999959,8109.434265999999,2018-05-16 11:30:00,8109.434265999999,TP,51.153566999999384,1.5,8050.984704,8026.178321
2018-05-17,2018-05-17 01:00:00,SHORT,8077.833966,8108.726107,30.892141000000265,8031.4957545,2018-05-17 09:34:00,8108.726107,SL,-30.892141000000265,-1.0,8106.726107,8085.421801
2018-05-21,2018-05-21 01:00:00,SHORT,8074.623728,8097.636194,23.01246600000013,8040.105028999999,2018-05-21 08:31:00,8097.636194,SL,-23.01246600000013,-1.0,8095.636194,8079.585005
2018-05-22,2018-05-22 01:45:00,LONG,8078.709486,8062.993015,15.716470999999729,8102.284192499999,2018-05-22 05:00:00,8102.284192499999,TP,23.574706499999593,1.5,8078.417646,8064.993015
2018-05-23,2018-05-23 02:15:00,SHORT,8000.204578,8065.533816,65.32923800000026,7902.2107209999995,2018-05-23 11:58:00,8065.533816,SL,-65.32923800000026,-1.0,8063.533816,8016.839447
2018-05-24,2018-05-24 02:15:00,LONG,8137.952966,8082.254442,55.69852399999945,8221.500752,2018-05-24 08:50:00,8082.254442,SL,-55.69852399999945,-1.0,8123.069136,8084.254442
2018-05-29,2018-05-29 01:00:00,SHORT,8133.867209,8167.677748,33.81053900000006,8083.1514005,2018-05-29 03:22:00,8083.1514005,TP,50.715808500000094,1.5,8165.677748,8136.785607
2018-05-30,2018-05-30 01:00:00,LONG,8116.64866,8074.374767,42.27389299999959,8180.059499499999,2018-05-30 15:14:00,8157.798073,FORCE_CLOSE,41.149413000000095,0.9734001313766039,8112.562903,8076.374767
2018-05-31,2018-05-31 01:15:00,LONG,8163.634869,8137.412165,26.222704000000704,8202.968925000001,2018-05-31 08:11:00,8137.412165,SL,-26.222704000000704,-1.0,8160.716471,8139.412165
2018-06-01,2018-06-01 01:45:00,LONG,8175.016621,8145.0,30.01662099999976,8220.041552499999,2018-06-01 09:20:00,8220.041552499999,TP,45.024931499999184,1.5,8165.094068,8147.0
2018-06-04,2018-06-04 02:45:00,LONG,8303.717975,8254.439927,49.278048000000126,8377.635047,2018-06-04 15:14:00,8344.575548,FORCE_CLOSE,40.85757300000114,0.8291232030944293,8299.924058,8256.439927
2018-06-05,2018-06-05 03:00:00,LONG,8353.038903,8330.026437,23.01246600000013,8387.557602,2018-06-05 15:14:00,8381.347364,FORCE_CLOSE,28.308460999998715,1.2301359185060199,8352.163383,8332.026437
2018-06-07,2018-06-07 01:15:00,LONG,8439.131645,8414.65998,24.47166499999912,8475.839142499997,2018-06-07 06:56:00,8414.65998,SL,-24.47166499999912,-1.0,8437.964286,8416.65998
2018-06-08,2018-06-08 01:00:00,SHORT,8320.416951,8361.167538,40.75058700000045,8259.2910705,2018-06-08 14:50:00,8361.167538,SL,-40.75058700000045,-1.0,8359.167538,8335.236674
2018-06-11,2018-06-11 01:15:00,LONG,8348.341718,8320.744015,27.597702999999456,8389.738272499999,2018-06-11 11:20:00,8389.738272499999,TP,41.39655449999918,1.5,8347.469069,8322.744015
2018-06-12,2018-06-12 01:15:00,LONG,8389.647102,8353.32291,36.32419200000004,8444.13339,2018-06-12 15:14:00,8407.390964,FORCE_CLOSE,17.743861999999353,0.4884860756159238,8383.829442,8355.32291
2018-06-13,2018-06-13 01:15:00,SHORT,8422.51688,8446.333104,23.816224000000147,8386.792544,2018-06-13 09:07:00,8446.333104,SL,-23.816224000000147,-1.0,8444.333104,8428.043656
2018-06-14,2018-06-14 01:00:00,SHORT,8394.30123,8429.171007,34.869777000001704,8341.996564499997,2018-06-14 06:54:00,8429.171007,SL,-34.869777000001704,-1.0,8427.171007,8404.191251
2018-06-15,2018-06-15 02:30:00,SHORT,8487.965552,8517.599435,29.633883000000424,8443.514727499998,2018-06-15 08:40:00,8443.514727499998,TP,44.450824500001545,1.5,8515.599435,8495.819392
2018-06-19,2018-06-19 01:30:00,SHORT,8363.758516,8467.276679,103.51816300000064,8208.481271499999,2018-06-19 15:14:00,8438.515444,FORCE_CLOSE,-74.7569280000007,-0.722162428635835,8465.276679,8364.631165
2018-06-20,2018-06-20 01:00:00,LONG,8455.968423,8406.554496,49.4139269999996,8530.0893135,2018-06-20 11:50:00,8530.0893135,TP,74.12089050000031,1.5,8451.896061,8408.554496
2018-06-21,2018-06-21 03:45:00,SHORT,8510.945307,8563.84983,52.904522999999244,8431.588522500002,2018-06-21 09:19:00,8431.588522500002,TP,79.35678449999796,1.5,8561.84983,8512.981488
2018-06-22,2018-06-22 01:30:00,LONG,8433.27955,8405.100081,28.17946899999879,8475.548753499997,2018-06-22 08:46:00,8405.100081,SL,-28.17946899999879,-1.0,8430.079837,8407.100081
2018-06-25,2018-06-25 02:00:00,SHORT,8349.50525,8405.900368,56.395118000000366,8264.912573,2018-06-25 09:09:00,8264.912573,TP,84.59267700000055,1.5,8403.900368,8352.704963
2018-06-26,2018-06-26 01:30:00,LONG,8241.005896,8189.846671,51.15922500000033,8317.744733500002,2018-06-26 15:14:00,8266.603599,FORCE_CLOSE,25.597702999999456,0.5003536116897644,8237.806183,8191.846671
2018-06-27,2018-06-27 01:00:00,SHORT,8237.5153,8285.765695,48.250395000000935,8165.139707499998,2018-06-27 03:50:00,8165.139707499998,TP,72.3755925000014,1.5,8283.765695,8245.950907
2018-06-28,2018-06-28 02:15:00,LONG,8177.302522,8137.487733,39.81478900000002,8237.0247055,2018-06-28 07:05:00,8137.487733,SL,-39.81478900000002,-1.0,8173.23016,8139.487733
2018-06-29,2018-06-29 02:15:00,LONG,8265.440067,8195.082565,70.35750199999893,8370.976319999998,2018-06-29 15:14:00,8229.661459,FORCE_CLOSE,-35.77860799999871,-0.508525842773657,8262.82212,8197.082565
2018-07-02,2018-07-02 01:00:00,SHORT,8183.701947,8249.114439,65.4124920000013,8085.583208999998,2018-07-02 13:18:00,8249.114439,SL,-65.4124920000013,-1.0,8247.114439,8201.44581
2018-07-03,2018-07-03 03:30:00,LONG,8309.363398,8255.00446,54.3589379999994,8390.901804999998,2018-07-03 08:52:00,8255.00446,SL,-54.3589379999994,-1.0,8303.545738,8257.00446
2018-07-04,2018-07-04 03:30:00,LONG,8201.154927,8162.794553,38.360373999999865,8258.695488,2018-07-04 11:59:00,8194.173735,FORCE_CLOSE,-6.981191999999282,-0.18198967507457844,8194.464618,8164.794553
2018-07-05,2018-07-05 02:15:00,LONG,8205.227288,8162.794553,42.43273500000032,8268.876390500001,2018-07-05 11:15:00,8268.876390500001,TP,63.64910250000139,1.5,8199.991395,8164.794553
2018-07-10,2018-07-10 02:30:00,SHORT,8501.055286,8537.088595,36.03330899999855,8447.005322500003,2018-07-10 15:14:00,8495.237626,FORCE_CLOSE,5.817660000000615,0.16145228294189823,8535.088595,8504.836765
2018-07-17,2018-07-17 01:00:00,SHORT,8503.673233,8541.160957,37.487724000000526,8447.441647,2018-07-17 08:55:00,8541.160957,SL,-37.487724000000526,-1.0,8539.160957,8506.582063
2018-07-18,2018-07-18 01:00:00,SHORT,8633.697928,8656.059737,22.361808999999994,8600.155214499999,2018-07-18 09:15:00,8600.155214499999,TP,33.5427135000009,1.5,8654.059737,8637.479407
2018-07-19,2018-07-19 01:15:00,SHORT,8609.55464,8630.752917,21.198276999999507,8577.757224500001,2018-07-19 05:24:00,8577.757224500001,TP,31.79741549999926,1.5,8628.752917,8611.299938
2018-07-24,2018-07-24 02:15:00,SHORT,8639.806471,8667.985939,28.17946800000027,8597.537269,2018-07-24 07:05:00,8667.985939,SL,-28.17946800000027,-1.0,8665.985939,8640.388237
2018-07-25,2018-07-25 02:00:00,LONG,8632.243513,8604.64581,27.597702999999456,8673.640067499999,2018-07-25 10:44:00,8673.640067499999,TP,41.39655449999918,1.5,8627.589385,8606.64581
2018-07-27,2018-07-27 02:15:00,LONG,8666.858588,8641.297066,25.561521999999968,8705.200871,2018-07-27 08:38:00,8641.297066,SL,-25.561521999999968,-1.0,8666.567705,8643.297066
2018-07-31,2018-07-31 01:15:00,LONG,8400.700656,8364.958229,35.742427000001044,8454.314296500002,2018-07-31 08:35:00,8454.314296500002,TP,53.613640500001566,1.5,8397.791826,8366.958229
2018-08-02,2018-08-02 01:45:00,SHORT,8436.479263,8487.929371,51.45010800000091,8359.304100999998,2018-08-02 09:21:00,8487.929371,SL,-51.45010800000091,-1.0,8485.929371,8437.642795
2018-08-03,2018-08-03 02:00:00,SHORT,8586.284001,8604.282565,17.998563999999533,8559.286155000002,2018-08-03 05:14:00,8604.282565,SL,-17.998563999999533,-1.0,8602.282565,8587.447533
2018-08-06,2018-08-06 03:15:00,SHORT,8613.917885,8640.352056,26.43417099999897,8574.266628500001,2018-08-06 11:10:00,8640.352056,SL,-26.43417099999897,-1.0,8638.352056,8614.208768
2018-08-07,2018-08-07 01:15:00,LONG,8685.184216,8655.550333,29.633883000000424,8729.635040500001,2018-08-07 15:14:00,8700.601015,FORCE_CLOSE,15.416799000000537,0.520242284819722,8682.56627,8657.550333
2018-08-08,2018-08-08 01:30:00,SHORT,8687.220397,8707.255143,20.034746000001178,8657.168277999997,2018-08-08 09:54:00,8707.255143,SL,-20.034746000001178,-1.0,8705.255143,8690.129227
2018-08-10,2018-08-10 01:00:00,SHORT,8654.35062,8691.256578,36.90595800000119,8598.991682999997,2018-08-10 15:14:00,8642.7153,FORCE_CLOSE,11.63531999999941,0.3152694207260257,8689.256578,8673.83978
2018-08-14,2018-08-14 01:00:00,LONG,8661.622695,8634.606758,27.01593700000012,8702.1466005,2018-08-14 08:49:00,8634.606758,SL,-27.01593700000012,-1.0,8658.713865,8636.606758
2018-08-20,2018-08-20 01:30:00,LONG,8617.699364,8591.846959,25.852404999999635,8656.4779715,2018-08-20 08:42:00,8591.846959,SL,-25.852404999999635,-1.0,8614.208768,8593.846959
2018-08-21,2018-08-21 02:00:00,LONG,8605.191395,8572.066916,33.124479000000065,8654.878113499999,2018-08-21 11:01:00,8654.878113499999,TP,49.68671849999919,1.5,8601.700799,8574.066916
2018-08-28,2018-08-28 01:00:00,SHORT,8810.845667,8834.661891,23.816224000000147,8775.121330999998,2018-08-28 08:10:00,8834.661891,SL,-23.816224000000147,-1.0,8832.661891,8813.463614
2018-08-30,2018-08-30 01:00:00,SHORT,8907.418818,8928.907978,21.489159999999174,8875.185078000002,2018-08-30 09:35:00,8928.907978,SL,-21.489159999999174,-1.0,8926.907978,8910.327648
2018-09-03,2018-09-03 01:30:00,SHORT,8914.109127,8935.598287,21.489160000000993,8881.875386999998,2018-09-03 06:43:00,8935.598287,SL,-21.489160000000993,-1.0,8933.598287,8916.436191
2018-09-04,2018-09-04 01:00:00,LONG,8942.324777,8907.745882,34.57889500000056,8994.1931195,2018-09-04 06:08:00,8907.745882,SL,-34.57889500000056,-1.0,8933.88917,8909.745882
2018-09-05,2018-09-05 01:00:00,SHORT,8861.168423,8895.165552,33.99712900000122,8810.172729499998,2018-09-05 08:58:00,8810.172729499998,TP,50.995693500000925,1.5,8893.165552,8874.549041
2018-09-06,2018-09-06 01:00:00,SHORT,8738.706686,8774.739995,36.03330900000037,8684.6567225,2018-09-06 04:00:00,8774.739995,SL,-36.03330900000037,-1.0,8772.739995,8751.505537
2018-09-07,2018-09-07 01:15:00,LONG,8679.65744,8640.424417,39.233023000000685,8738.506974500002,2018-09-07 07:30:00,8640.424417,SL,-39.233023000000685,-1.0,8676.457727,8642.424417
2018-09-10,2018-09-10 02:30:00,LONG,8683.148036,8650.605322,32.54271400000107,8731.962107000003,2018-09-10 08:47:00,8650.605322,SL,-32.54271400000107,-1.0,8682.275387,8652.605322
2018-09-11,2018-09-11 03:30:00,SHORT,8679.65744,8713.072802,33.41536199999973,8629.534397000001,2018-09-11 08:32:00,8629.534397000001,TP,50.1230429999996,1.5,8711.072802,8683.438919
2018-09-12,2018-09-12 01:30:00,LONG,8752.378186,8727.980196,24.39798999999948,8788.975170999998,2018-09-12 07:58:00,8727.980196,SL,-24.39798999999948,-1.0,8751.79642,8729.980196
2018-09-13,2018-09-13 03:00:00,LONG,8722.020497,8691.910706,30.10979099999895,8767.185183499998,2018-09-13 08:20:00,8767.185183499998,TP,45.164686499998425,1.5,8721.253707,8693.910706
2018-09-14,2018-09-14 01:00:00,LONG,8822.017077,8801.177142,20.83993499999997,8853.2769795,2018-09-14 08:31:00,8801.177142,SL,-20.83993499999997,-1.0,8819.698316,8803.177142
2018-09-17,2018-09-17 03:00:00,LONG,8771.873864,8753.35269,18.52117399999952,8799.655625,2018-09-17 08:35:00,8753.35269,SL,-18.52117399999952,-1.0,8771.294174,8755.35269
2018-09-18,2018-09-18 01:00:00,LONG,8657.385027,8603.212899,54.17212800000016,8738.643219000001,2018-09-18 09:14:00,8738.643219000001,TP,81.25819200000115,1.5,8646.370911,8605.212899
2018-09-20,2018-09-20 01:00:00,SHORT,8714.194678,8739.382291,25.187613000000056,8676.4132585,2018-09-20 04:45:00,8739.382291,SL,-25.187613000000056,-1.0,8737.382291,8718.25251
2018-09-21,2018-09-21 01:00:00,LONG,8837.37887,8811.031877,26.34699300000102,8876.899359500003,2018-09-21 09:21:00,8811.031877,SL,-26.34699300000102,-1.0,8833.321038,8813.031877
2018-09-24,2018-09-24 03:15:00,LONG,8725.208794,8701.470407,23.73838699999942,8760.816374499998,2018-09-24 08:08:00,8701.470407,SL,-23.73838699999942,-1.0,8724.339259,8703.470407
2018-09-27,2018-09-27 02:15:00,SHORT,8803.177142,8831.263206,28.08606399999917,8761.048046000002,2018-09-27 07:17:00,8831.263206,SL,-28.08606399999917,-1.0,8829.263206,8805.206058
2018-09-28,2018-09-28 01:45:00,SHORT,8872.450134,8899.666663,27.216528999999355,8831.625340500002,2018-09-28 06:51:00,8831.625340500002,TP,40.82479349999812,1.5,8897.666663,8874.768896
2018-10-01,2018-10-01 03:30:00,LONG,8943.172353,8904.651863,38.52049000000079,9000.953088000002,2018-10-01 13:02:00,8904.651863,SL,-38.52049000000079,-1.0,8942.882508,8906.651863
2018-10-02,2018-10-02 01:00:00,SHORT,8874.47905,8903.43465,28.955599999999322,8831.04565,2018-10-02 08:59:00,8903.43465,SL,-28.955599999999322,-1.0,8901.43465,8875.058741
2018-10-04,2018-10-04 01:00:00,SHORT,8827.81398,8868.653231,40.83925099999942,8766.555103500003,2018-10-04 09:16:00,8766.555103500003,TP,61.25887649999822,1.5,8866.653231,8834.770264
2018-10-05,2018-10-05 02:00:00,SHORT,8695.064898,8743.729968,48.665069999999105,8622.067293000002,2018-10-05 10:11:00,8622.067293000002,TP,72.99760499999866,1.5,8741.729968,8698.543039
2018-10-08,2018-10-08 02:00:00,SHORT,8591.300331,8634.458343,43.15801199999987,8526.563313,2018-10-08 10:32:00,8526.563313,TP,64.73701799999981,1.5,8632.458343,8594.198783
2018-10-09,2018-10-09 03:00:00,SHORT,8542.89619,8579.677609,36.781419000000824,8487.724061499997,2018-10-09 08:35:00,8579.677609,SL,-36.781419000000824,-1.0,8577.677609,8554.200151
2018-10-12,2018-10-12 01:00:00,LONG,8260.876851,8189.893703,70.98314800000117,8367.351573000004,2018-10-12 11:38:00,8189.893703,SL,-70.98314800000117,-1.0,8257.978399,8191.893703
2018-10-15,2018-10-15 01:00:00,SHORT,8239.428309,8316.498205,77.06989599999906,8123.823465000002,2018-10-15 15:14:00,8204.0672,FORCE_CLOSE,35.361109000001306,0.4588186936180858,8314.498205,8265.514373
2018-10-17,2018-10-17 01:15:00,LONG,8521.447648,8501.477248,19.970400000000154,8551.403247999999,2018-10-17 04:09:00,8501.477248,SL,-19.970400000000154,-1.0,8520.867958,8503.477248
2018-10-18,2018-10-18 02:45:00,LONG,8463.188771,8424.088591,39.100179999999455,8521.839041,2018-10-18 07:01:00,8424.088591,SL,-39.100179999999455,-1.0,8459.710629,8426.088591
2018-10-19,2018-10-19 01:00:00,LONG,8342.033495,8274.818334,67.21516100000008,8442.8562365,2018-10-19 03:31:00,8274.818334,SL,-67.21516100000008,-1.0,8322.903715,8276.818334
2018-10-22,2018-10-22 01:15:00,LONG,8280.876167,8179.749123,101.12704400000075,8432.566733000001,2018-10-22 15:14:00,8295.078579,FORCE_CLOSE,14.20241200000055,0.1404412849247373,8275.079264,8181.749123
2018-10-23,2018-10-23 01:00:00,SHORT,8177.981136,8302.585637,124.6045009999998,7991.074384500001,2018-10-23 14:23:00,8302.585637,SL,-124.6045009999998,-1.0,8300.585637,8209.574258
2018-10-24,2018-10-24 01:30:00,SHORT,8233.051716,8320.556037,87.50432100000035,8101.795234499999,2018-10-24 10:31:00,8101.795234499999,TP,131.25648150000052,1.5,8318.556037,8236.819703
2018-10-25,2018-10-25 02:30:00,LONG,8003.49435,7901.207926,102.2864239999999,8156.923986,2018-10-25 13:28:00,8156.923986,TP,153.42963599999985,1.5,7991.900544,7903.207926
2018-10-29,2018-10-29 01:00:00,SHORT,7986.393486,8049.550814,63.157328000000234,7891.657493999999,2018-10-29 04:38:00,8049.550814,SL,-63.157328000000234,-1.0,8047.550814,7992.77008
2018-10-31,2018-10-31 01:00:00,LONG,7950.162841,7901.207926,48.954915000000256,8023.595213500001,2018-10-31 07:20:00,8023.595213500001,TP,73.43237250000038,1.5,7946.684699,7903.207926
2018-11-01,2018-11-01 01:00:00,SHORT,8074.506414,8126.939472,52.43305799999962,7995.856827000001,2018-11-01 05:33:00,8126.939472,SL,-52.43305799999962,-1.0,8124.939472,8074.796259
2018-11-02,2018-11-02 01:00:00,LONG,8248.413509,8111.05582,137.3576890000004,8454.4500425,2018-11-02 09:28:00,8111.05582,SL,-137.3576890000004,-1.0,8199.139832,8113.05582
2018-11-05,2018-11-05 03:45:00,LONG,8091.607278,8049.608647,41.99863100000039,8154.605224500001,2018-11-05 08:31:00,8049.608647,SL,-41.99863100000039,-1.0,8090.158053,8051.608647
2018-11-06,2018-11-06 02:15:00,SHORT,8033.348402,8082.303317,48.954915000000256,7959.916029499999,2018-11-06 08:32:00,8082.303317,SL,-48.954915000000256,-1.0,8080.303317,8040.884376
2018-11-07,2018-11-07 02:45:00,LONG,8227.254812,8080.622079,146.63273299999946,8447.203911499999,2018-11-07 15:14:00,8368.989095,FORCE_CLOSE,141.7342830000016,0.9665937482049258,8208.125032,8082.622079
2018-11-08,2018-11-08 01:00:00,SHORT,8339.424889,8385.481353,46.05646399999932,8270.340193,2018-11-08 14:39:00,8270.340193,TP,69.0846959999999,1.5,8383.481353,8341.16396
2018-11-09,2018-11-09 01:30:00,SHORT,8264.644838,8310.411457,45.76661899999999,8195.994909500001,2018-11-09 08:43:00,8195.994909500001,TP,68.64992849999908,1.5,8308.411457,8270.441741
2018-11-13,2018-11-13 02:00:00,LONG,7996.538067,7883.237526,113.30054100000052,8166.488878500001,2018-11-13 15:14:00,7943.496403,FORCE_CLOSE,-53.04166400000031,-0.4681501388417913,7987.263022,7885.237526
2018-11-14,2018-11-14 01:00:00,SHORT,7925.236158,7996.50915,71.27299200000016,7818.3266699999995,2018-11-14 07:37:00,7996.50915,SL,-71.27299200000016,-1.0,7994.50915,7935.960429
2018-11-15,2018-11-15 01:00:00,LONG,7899.729784,7825.558339,74.17144499999995,8010.9869515,2018-11-15 08:11:00,7825.558339,SL,-74.17144499999995,-1.0,7884.657836,7827.558339
2018-11-16,2018-11-16 03:15:00,SHORT,7940.018261,7986.36457,46.346308999999565,7870.4987975,2018-11-16 09:32:00,7986.36457,SL,-46.346308999999565,-1.0,7984.36457,7944.076093
2018-11-19,2018-11-19 01:30:00,LONG,7985.813796,7953.669899,32.143896999999924,8034.0296415,2018-11-19 02:15:00,8034.0296415,TP,48.21584549999989,1.5,7982.335654,7955.669899
2018-11-20,2018-11-20 01:00:00,SHORT,7681.186535,7727.532844,46.346309000000474,7611.667071499999,2018-11-20 06:46:00,7611.667071499999,TP,69.51946350000071,1.5,7725.532844,7689.302199
2018-11-21,2018-11-21 01:00:00,LONG,7635.680845,7554.263271,81.41757400000006,7757.8072059999995,2018-11-21 15:14:00,7623.797193,FORCE_CLOSE,-11.883651999999529,-0.14595929866443233,7617.130755,7556.263271
2018-11-22,2018-11-22 02:30:00,SHORT,7604.087723,7651.593412,47.50568900000053,7532.829189499998,2018-11-22 11:59:00,7560.321104,FORCE_CLOSE,43.76661899999999,0.9212921635553902,7649.593412,7606.986174
2018-11-23,2018-11-23 02:30:00,LONG,7605.247103,7555.132807,50.11429599999974,7680.418546999999,2018-11-23 07:41:00,7555.132807,SL,-50.11429599999974,-1.0,7600.02989,7557.132807
2018-11-26,2018-11-26 01:00:00,LONG,7638.579296,7591.943142,46.636153999999806,7708.533527,2018-11-26 03:22:00,7708.533527,TP,69.95423099999971,1.5,7632.782393,7593.943142
2018-11-27,2018-11-27 03:15:00,LONG,7735.677424,7677.447464,58.229960000000574,7823.022364000001,2018-11-27 08:40:00,7677.447464,SL,-58.229960000000574,-1.0,7731.329747,7679.447464
2018-11-28,2018-11-28 01:00:00,LONG,7811.616856,7776.574508,35.04234799999995,7864.180377999999,2018-11-28 11:02:00,7864.180377999999,TP,52.563521999999466,1.5,7805.819953,7778.574508
2018-11-29,2018-11-29 01:00:00,SHORT,7991.031009,8023.46475,32.43374099999983,7942.380397500001,2018-11-29 09:52:00,7942.380397500001,TP,48.650611499999286,1.5,8021.46475,7991.320854
2018-11-30,2018-11-30 02:15:00,SHORT,7992.190389,8018.537382,26.34699300000011,7952.669899500001,2018-11-30 07:52:00,8018.537382,SL,-26.34699300000011,-1.0,8016.537382,7993.34977
2018-12-03,2018-12-03 01:00:00,LONG,8257.978399,8195.110916,62.86748299999999,8352.279623499999,2018-12-03 08:39:00,8195.110916,SL,-62.86748299999999,-1.0,8248.993199,8197.110916
2018-12-05,2018-12-05 01:15:00,LONG,7938.569035,7901.787616,36.781419000000824,7993.741163500002,2018-12-05 08:29:00,7939.728416,FORCE_CLOSE,1.1593809999994846,0.03152083392974748,7930.743216,7903.787616
2018-12-06,2018-12-06 03:30:00,SHORT,7731.329747,7834.775552,103.44580500000029,7576.161039499999,2018-12-06 11:24:00,7834.775552,SL,-103.44580500000029,-1.0,7832.775552,7731.909437
2018-12-07,2018-12-07 01:15:00,SHORT,7886.396907,7951.293306,64.89639899999929,7789.052308500001,2018-12-07 10:07:00,7789.052308500001,TP,97.34459849999894,1.5,7949.293306,7893.932881
2018-12-10,2018-12-10 01:00:00,LONG,7642.347283,7596.580665,45.76661799999965,7710.9972099999995,2018-12-10 07:19:00,7710.9972099999995,TP,68.64992699999948,1.5,7637.999606,7598.580665
2018-12-11,2018-12-11 03:45:00,LONG,7768.429927,7713.678108,54.75181900000007,7850.557655500001,2018-12-11 05:46:00,7850.557655500001,TP,82.12772850000056,1.5,7762.053334,7715.678108
2018-12-12,2018-12-12 03:00:00,LONG,7860.310842,7758.024418,102.2864239999999,8013.740478,2018-12-12 15:14:00,7844.659204,FORCE_CLOSE,-15.651638000000275,-0.15301774554167905,7853.644404,7760.024418
2018-12-13,2018-12-13 01:15:00,LONG,7904.657151,7857.151462,47.50568900000053,7975.915684500002,2018-12-13 05:45:00,7857.151462,SL,-47.50568900000053,-1.0,7901.17901,7859.151462
2018-12-14,2018-12-14 02:15:00,SHORT,7739.193753,7840.28261,101.08885700000064,7587.560467499999,2018-12-14 15:14:00,7646.802706,FORCE_CLOSE,92.39104699999916,0.9139587659992888,7838.28261,7744.662624
2018-12-17,2018-12-17 01:45:00,SHORT,7656.041811,7688.935067,32.89325600000029,7606.701927,2018-12-17 07:43:00,7606.701927,TP,49.339883999999984,1.5,7686.935067,7658.351587
2018-12-19,2018-12-19 02:15:00,LONG,7539.975559,7478.210101,61.76545800000076,7632.623746000001,2018-12-19 13:00:00,7632.623746000001,TP,92.64818700000069,1.5,7533.623674,7480.210101
2018-12-21,2018-12-21 02:30:00,SHORT,7258.471589,7302.336282,43.86469300000044,7192.6745495,2018-12-21 07:36:00,7302.336282,SL,-43.86469300000044,-1.0,7300.336282,7261.936253
2018-12-24,2018-12-24 02:00:00,LONG,7063.295503,6971.214233,92.08127000000059,7201.417408000001,2018-12-24 06:18:00,6971.214233,SL,-92.08127000000059,-1.0,7054.345121,6973.214233
2018-12-26,2018-12-26 03:45:00,LONG,6845.021656,6739.659173,105.36248299999988,7003.0653805,2018-12-26 10:59:00,7003.0653805,TP,158.04372450000028,1.5,6836.93744,6741.659173
2018-12-27,2018-12-27 01:45:00,SHORT,7199.283575,7283.569351,84.28577599999971,7072.854911,2018-12-27 09:19:00,7072.854911,TP,126.42866400000003,1.5,7281.569351,7204.191849
2019-01-02,2019-01-02 01:45:00,SHORT,7220.07156,7377.404007,157.33244699999977,6984.072889500001,2019-01-02 12:05:00,7377.404007,SL,-157.33244699999977,-1.0,7375.404007,7222.958781
2019-01-03,2019-01-03 02:45:00,SHORT,7164.348211,7224.670059,60.32184799999959,7073.865439000001,2019-01-03 07:10:00,7224.670059,SL,-60.32184799999959,-1.0,7222.670059,7164.636933
2019-01-04,2019-01-04 01:00:00,LONG,7213.430954,7084.970709,128.4602450000002,7406.121321500001,2019-01-04 10:52:00,7406.121321500001,TP,192.69036750000032,1.5,7179.9392,7086.970709
2019-01-07,2019-01-07 02:00:00,SHORT,7445.274736,7503.57553,58.30079399999977,7357.823545000001,2019-01-07 10:44:00,7503.57553,SL,-58.30079399999977,-1.0,7501.57553,7445.563458
2019-01-08,2019-01-08 02:45:00,LONG,7544.306389,7500.152974,44.15341500000068,7610.536511500001,2019-01-08 09:44:00,7500.152974,SL,-44.15341500000068,-1.0,7543.728945,7502.152974
2019-01-09,2019-01-09 02:00:00,SHORT,7583.283862,7635.232771,51.94890899999973,7505.3604985,2019-01-09 08:54:00,7635.232771,SL,-51.94890899999973,-1.0,7633.232771,7583.861306
2019-01-10,2019-01-10 02:00:00,SHORT,7560.1861,7629.458331,69.27223099999992,7456.2777535000005,2019-01-10 10:35:00,7629.458331,SL,-69.27223099999992,-1.0,7627.458331,7567.981595
2019-01-14,2019-01-14 01:30:00,SHORT,7554.41166,7606.360569,51.94890900000064,7476.488296499999,2019-01-14 15:14:00,7559.897378,FORCE_CLOSE,-5.485717999999906,-0.10559832931236031,7604.360569,7554.989104
2019-01-16,2019-01-16 01:00:00,LONG,7728.79976,7694.174172,34.62558799999988,7780.738142,2019-01-16 08:46:00,7780.738142,TP,51.938382000000274,1.5,7728.222316,7696.174172
2019-01-17,2019-01-17 01:00:00,SHORT,7658.640309,7703.371168,44.73085899999933,7591.544020500001,2019-01-17 08:42:00,7703.371168,SL,-44.73085899999933,-1.0,7701.371168,7669.034302
2019-01-21,2019-01-21 03:00:00,SHORT,7792.607327,7838.204352,45.59702500000003,7724.211789499999,2019-01-21 11:59:00,7808.77576,FORCE_CLOSE,-16.168433000000732,-0.3545940332730199,7836.204352,7803.290041
2019-01-23,2019-01-23 01:15:00,SHORT,7680.294461,7722.1381,41.84363899999971,7617.529002500001,2019-01-23 06:10:00,7722.1381,SL,-41.84363899999971,-1.0,7720.1381,7682.604237
2019-01-24,2019-01-24 03:45:00,LONG,7735.151645,7681.470403,53.681241999999656,7815.673508,2019-01-24 15:14:00,7709.455385,FORCE_CLOSE,-25.69625999999971,-0.4786822927830149,7731.109536,7683.470403
2019-01-28,2019-01-28 02:00:00,SHORT,7796.938157,7838.204352,41.26619500000015,7735.038864499999,2019-01-28 08:14:00,7735.038864499999,TP,61.89929250000023,1.5,7836.204352,7802.423875
2019-01-29,2019-01-29 04:00:00,LONG,7728.79976,7690.709508,38.090251999999964,7785.935138,2019-01-29 09:44:00,7690.709508,SL,-38.090251999999964,-1.0,7728.222316,7692.709508
2019-01-30,2019-01-30 03:30:00,LONG,7731.398258,7686.956121,44.442137,7798.0614635,2019-01-30 11:20:00,7798.0614635,TP,66.6632055,1.5,7727.933594,7688.956121
2019-02-04,2019-02-04 01:00:00,SHORT,7940.721723,7967.263095,26.541372000000592,7900.909664999999,2019-02-04 08:48:00,7967.263095,SL,-26.541372000000592,-1.0,7965.263095,7941.587889
2019-02-05,2019-02-05 03:00:00,LONG,8022.141333,7999.353347,22.787985999999364,8056.323311999999,2019-02-05 08:30:00,8056.323311999999,TP,34.181978999999046,1.5,8019.542835,8001.353347
2019-02-06,2019-02-06 01:30:00,SHORT,8088.258675,8114.222603,25.963928000000124,8049.312782999999,2019-02-06 07:48:00,8114.222603,SL,-25.963928000000124,-1.0,8112.222603,8092.589506
2019-02-07,2019-02-07 01:00:00,SHORT,8051.879701,8080.153405,28.27370400000018,8009.469144999999,2019-02-07 08:30:00,8009.469144999999,TP,42.410556000000724,1.5,8078.153405,8053.900755
2019-02-11,2019-02-11 02:15:00,LONG,7995.290185,7962.396929,32.89325600000029,8044.630069000001,2019-02-11 03:05:00,8044.630069000001,TP,49.33988400000089,1.5,7988.072134,7964.396929
2019-02-12,2019-02-12 01:45:00,LONG,8046.393982,7980.586416,65.8075659999995,8145.105330999999,2019-02-12 15:14:00,8106.448163,FORCE_CLOSE,60.054181000000426,0.9125725908173065,8042.351874,7982.586416
2019-02-14,2019-02-14 01:00:00,LONG,8133.588033,8085.103787,48.484245999999985,8206.314402,2019-02-14 07:56:00,8085.103787,SL,-48.484245999999985,-1.0,8128.679758,8087.103787
2019-02-15,2019-02-15 01:30:00,SHORT,8059.097751,8110.469217,51.3714659999996,7982.040552,2019-02-15 04:47:00,8110.469217,SL,-51.3714659999996,-1.0,8108.469217,8061.984972
2019-02-19,2019-02-19 02:00:00,SHORT,8161.594069,8186.114386,24.520317000000432,8124.813593499999,2019-02-19 10:48:00,8186.114386,SL,-24.520317000000432,-1.0,8184.114386,8162.748957
2019-02-20,2019-02-20 03:45:00,SHORT,8152.354964,8184.382054,32.02708999999959,8104.314329000001,2019-02-20 08:34:00,8184.382054,SL,-32.02708999999959,-1.0,8182.382054,8153.509852
2019-02-22,2019-02-22 01:30:00,LONG,8129.834646,8104.448163,25.386483000000226,8167.914370500001,2019-02-22 04:53:00,8167.914370500001,TP,38.07972450000034,1.5,8128.102314,8106.448163
2019-02-25,2019-02-25 03:30:00,LONG,8228.866299,8200.015151,28.85114799999974,8272.143021,2019-02-25 08:39:00,8272.143021,TP,43.27672200000052,1.5,8228.000133,8202.015151
2019-02-27,2019-02-27 01:00:00,SHORT,8201.148985,8233.464797,32.31581200000073,8152.675266999999,2019-02-27 09:12:00,8152.675266999999,TP,48.4737180000011,1.5,8231.464797,8214.71892
2019-02-28,2019-02-28 01:00:00,SHORT,8184.403108,8224.514415,40.111306999999215,8124.236147500002,2019-02-28 08:46:00,8224.514415,SL,-40.111306999999215,-1.0,8222.514415,8195.663267
2019-03-01,2019-03-01 02:30:00,LONG,8253.696393,8204.05726,49.639133000000584,8328.155092500001,2019-03-01 10:54:00,8204.05726,SL,-49.639133000000584,-1.0,8253.118949,8206.05726
2019-03-04,2019-03-04 02:00:00,SHORT,8301.046804,8324.123512,23.076708000000508,8266.431741999999,2019-03-04 08:36:00,8324.123512,SL,-23.076708000000508,-1.0,8322.123512,8303.934024
2019-03-05,2019-03-05 01:00:00,LONG,8261.78061,8227.443743,34.336866999999984,8313.285910499999,2019-03-05 15:14:00,8274.484378,FORCE_CLOSE,12.7037679999994,0.36997458154814783,8258.315945,8229.443743
2019-03-06,2019-03-06 02:00:00,LONG,8271.597158,8242.457288,29.139870000000883,8315.306963000003,2019-03-06 09:21:00,8242.457288,SL,-29.139870000000883,-1.0,8267.55505,8244.457288
2019-03-07,2019-03-07 01:00:00,SHORT,8187.031375,8214.120422,27.08904700000039,8146.3978044999985,2019-03-07 07:05:00,8214.120422,SL,-27.08904700000039,-1.0,8212.120422,8193.064769
2019-03-08,2019-03-08 01:00:00,SHORT,8066.249009,8126.051999,59.802990000000136,7976.544524,2019-03-08 15:14:00,8113.699224,FORCE_CLOSE,-47.450214999999844,-0.7934421840780826,8124.051999,8087.242135
2019-03-11,2019-03-11 02:30:00,LONG,8134.69235,8078.627862,56.06448799999998,8218.789082,2019-03-11 09:48:00,8218.789082,TP,84.09673199999907,1.5,8130.666271,8080.627862
2019-03-12,2019-03-12 01:15:00,SHORT,8294.872773,8317.865899,22.99312600000121,8260.383083999997,2019-03-12 09:41:00,8317.865899,SL,-22.99312600000121,-1.0,8315.865899,8297.460967
2019-03-13,2019-03-13 03:30:00,LONG,8326.793827,8292.872773,33.92105400000037,8377.675408,2019-03-13 08:56:00,8377.675408,TP,50.88158099999964,1.5,8324.780788,8294.872773
2019-03-14,2019-03-14 03:30:00,LONG,8409.040867,8369.943426,39.09744099999989,8467.6870285,2019-03-14 08:35:00,8369.943426,SL,-39.09744099999989,-1.0,8407.027828,8371.943426
2019-03-18,2019-03-18 01:00:00,LONG,8458.216545,8428.033993,30.182552000000214,8503.490373,2019-03-18 11:19:00,8428.033993,SL,-30.182552000000214,-1.0,8455.053197,8430.033993
2019-03-19,2019-03-19 03:30:00,LONG,8484.09848,8460.242623,23.85585700000047,8519.8822655,2019-03-19 10:57:00,8519.8822655,TP,35.783785499999794,1.5,8480.935132,8462.242623
2019-03-20,2019-03-20 02:00:00,LONG,8486.11152,8456.216545,29.894975000001068,8530.953982500003,2019-03-20 11:37:00,8456.216545,SL,-29.894975000001068,-1.0,8485.536365,8458.216545
2019-03-21,2019-03-21 01:45:00,SHORT,8520.33319,8560.293362,39.960172000000966,8460.392931999999,2019-03-21 08:54:00,8560.293362,SL,-39.960172000000966,-1.0,8558.293362,8523.784115
2019-03-22,2019-03-22 03:30:00,SHORT,8640.827979,8680.788151,39.960172000000966,8580.887721,2019-03-22 08:53:00,8580.887721,TP,59.94025800000054,1.5,8678.788151,8643.991327
2019-03-25,2019-03-25 01:45:00,SHORT,8390.923512,8479.771785,88.84827300000143,8257.651102499996,2019-03-25 15:14:00,8461.379892,FORCE_CLOSE,-70.45638000000145,-0.7929966179533992,8477.771785,8391.211089
2019-03-27,2019-03-27 01:00:00,LONG,8511.993455,8469.445089,42.54836599999908,8575.816003999998,2019-03-27 06:00:00,8469.445089,SL,-42.54836599999908,-1.0,8502.790989,8471.445089
2019-03-28,2019-03-28 02:00:00,LONG,8431.471878,8383.171971,48.29990700000053,8503.921738500001,2019-03-28 15:14:00,8457.64139,FORCE_CLOSE,26.169512000000395,0.5418128858923084,8425.720337,8385.171971
2019-04-03,2019-04-03 02:45:00,LONG,8706.683126,8640.553441,66.12968499999988,8805.8776535,2019-04-03 15:14:00,8722.212287,FORCE_CLOSE,15.529161000000386,0.2348288971889162,8705.532818,8642.553441
2019-04-04,2019-04-04 01:00:00,SHORT,8704.957664,8737.440832,32.48316800000066,8656.232912,2019-04-04 08:46:00,8737.440832,SL,-32.48316800000066,-1.0,8735.440832,8705.820395
2019-04-05,2019-04-05 02:15:00,LONG,8723.650173,8689.729119,33.92105400000037,8774.531754,2019-04-05 15:14:00,8748.956954,FORCE_CLOSE,25.30678099999932,0.7460493709894463,8719.624094,8691.729119
2019-04-09,2019-04-09 04:00:00,SHORT,8752.695456,8783.165585,30.47012900000118,8706.990262499998,2019-04-09 15:14:00,8734.578101,FORCE_CLOSE,18.117355000000316,0.5945939710330604,8781.165585,8753.845764
2019-04-10,2019-04-10 01:00:00,LONG,8747.231492,8712.447707,34.783785000001444,8799.407169500002,2019-04-10 15:14:00,8790.080474,FORCE_CLOSE,42.84898199999952,1.2318665723122928,8740.042065,8714.447707
2019-04-11,2019-04-11 02:30:00,SHORT,8778.002237,8814.511485,36.5092480000003,8723.238365000001,2019-04-11 15:14:00,8760.747614,FORCE_CLOSE,17.25462300000072,0.47260965221744855,8812.511485,8779.440123
2019-04-12,2019-04-12 03:00:00,LONG,8782.891047,8752.996072,29.89497499999925,8827.733509499998,2019-04-12 15:14:00,8802.446288,FORCE_CLOSE,19.555241000000024,0.6541313715766786,8772.250696,8754.996072
2019-04-15,2019-04-15 02:00:00,SHORT,8790.080474,8807.322058,17.24158399999942,8764.218098000001,2019-04-15 08:33:00,8807.322058,SL,-17.24158399999942,-1.0,8805.322058,8791.805936
2019-04-16,2019-04-16 01:00:00,LONG,8822.289105,8796.420209,25.86889599999995,8861.092449,2019-04-16 15:14:00,8835.230073,FORCE_CLOSE,12.940968000000794,0.5002520401334799,8815.674833,8798.420209
2019-04-22,2019-04-22 03:30:00,SHORT,8842.419499,8886.980904,44.56140500000038,8775.577391499999,2019-04-22 12:51:00,8886.980904,SL,-44.56140500000038,-1.0,8884.980904,8842.707076
2019-04-23,2019-04-23 01:00:00,LONG,8908.849801,8884.993944,23.85585700000047,8944.6335865,2019-04-23 08:53:00,8944.6335865,TP,35.783785499999794,1.5,8907.124338,8886.993944
2019-04-25,2019-04-25 02:00:00,SHORT,9032.22036,9058.089256,25.86889599999995,8993.417016,2019-04-25 07:02:00,9058.089256,SL,-25.86889599999995,-1.0,9056.089256,9035.096131
2019-04-26,2019-04-26 02:45:00,LONG,8982.181951,8945.385127,36.796824000000925,9037.377187000002,2019-04-26 08:43:00,8945.385127,SL,-36.796824000000925,-1.0,8979.593758,8947.385127
2019-04-29,2019-04-29 01:00:00,LONG,9029.34459,9010.952697,18.391892999999982,9056.9324295,2019-04-29 05:44:00,9010.952697,SL,-18.391892999999982,-1.0,9025.318511,9012.952697
2019-05-02,2019-05-02 02:45:00,LONG,8940.770854,8906.562224,34.208630000000994,8992.083799000002,2019-05-02 10:22:00,8906.562224,SL,-34.208630000000994,-1.0,8937.895084,8908.562224
2019-05-03,2019-05-03 02:30:00,LONG,8935.594467,8897.07218,38.5222870000016,8993.377897500002,2019-05-03 09:02:00,8993.377897500002,TP,57.78343050000149,1.5,8934.156582,8899.07218
2019-05-07,2019-05-07 01:15:00,LONG,8972.116754,8895.634295,76.48245900000074,9086.8404425,2019-05-07 06:56:00,8895.634295,SL,-76.48245900000074,-1.0,8932.718697,8897.634295
2019-05-08,2019-05-08 03:00:00,LONG,8848.458618,8792.39413,56.06448799999998,8932.55535,2019-05-08 04:44:00,8792.39413,SL,-56.06448799999998,-1.0,8843.569808,8794.39413
2019-05-09,2019-05-09 01:45:00,SHORT,8720.199248,8795.531399,75.3321509999987,8607.201021500003,2019-05-09 09:26:00,8607.201021500003,TP,112.99822649999805,1.5,8793.531399,8726.81352
2019-05-13,2019-05-13 02:00:00,SHORT,8625.873972,8683.951499,58.07752700000128,8538.757681499997,2019-05-13 07:14:00,8538.757681499997,TP,87.11629050000192,1.5,8681.951499,8634.788861
2019-05-14,2019-05-14 02:15:00,LONG,8480.072401,8400.139018,79.9333829999996,8599.972475499999,2019-05-14 15:14:00,8537.587814,FORCE_CLOSE,57.51541300000099,0.7195418339794436,8477.484208,8402.139018
2019-05-15,2019-05-15 01:00:00,LONG,8570.659176,8520.633806,50.025369999999384,8645.697230999998,2019-05-15 04:43:00,8520.633806,SL,-50.025369999999384,-1.0,8568.070982,8522.633806
2019-05-16,2019-05-16 04:00:00,LONG,8656.932294,8594.828688,62.10360600000058,8750.087703000001,2019-05-16 09:29:00,8750.087703000001,TP,93.15540900000087,1.5,8653.768947,8596.828688
2019-05-17,2019-05-17 01:15:00,SHORT,8698.055814,8759.584266,61.52845200000047,8605.763135999998,2019-05-17 10:03:00,8759.584266,SL,-61.52845200000047,-1.0,8757.584266,8705.532818
2019-05-20,2019-05-20 02:30:00,SHORT,8647.729828,8697.467621,49.73779300000024,8573.1231385,2019-05-20 05:11:00,8573.1231385,TP,74.60668950000036,1.5,8695.467621,8651.755907
2019-05-21,2019-05-21 02:15:00,SHORT,8518.607728,8566.907635,48.29990699999871,8446.157867500002,2019-05-21 04:44:00,8566.907635,SL,-48.29990699999871,-1.0,8564.907635,8518.895305
2019-05-22,2019-05-22 01:00:00,SHORT,8559.731247,8599.978997,40.24775000000045,8499.359622,2019-05-22 15:14:00,8544.77724,FORCE_CLOSE,14.954007000000274,0.37154889403755753,8597.978997,8565.770366
2019-05-23,2019-05-23 01:00:00,SHORT,8478.346939,8546.77724,68.43030100000033,8375.701487499999,2019-05-23 11:18:00,8375.701487499999,TP,102.64545150000049,1.5,8544.77724,8485.536365
2019-05-24,2019-05-24 01:30:00,LONG,8453.902889,8407.903598,45.999291000000085,8522.901825500001,2019-05-24 14:47:00,8407.903598,SL,-45.999291000000085,-1.0,8450.451964,8409.903598
2019-05-27,2019-05-27 01:45:00,LONG,8423.707297,8387.19805,36.50924699999996,8478.4711675,2019-05-27 11:59:00,8418.243333,FORCE_CLOSE,-5.463964000000487,-0.1496597286709445,8422.269412,8389.19805
2019-05-28,2019-05-28 03:00:00,SHORT,8408.465713,8455.327735,46.86202200000116,8338.172679999998,2019-05-28 08:33:00,8455.327735,SL,-46.86202200000116,-1.0,8453.327735,8419.393641
2019-05-29,2019-05-29 01:15:00,SHORT,8321.329863,8394.648974,73.31911099999888,8211.351196500003,2019-05-29 15:14:00,8300.049161,FORCE_CLOSE,21.28070200000002,0.290247681808367,8392.648974,8331.107483
2019-05-30,2019-05-30 01:00:00,LONG,8326.50625,8289.997003,36.50924699999996,8381.270120500001,2019-05-30 15:14:00,8346.636645,FORCE_CLOSE,20.130395000000135,0.5513779837749093,8324.780788,8291.997003
2019-05-31,2019-05-31 02:00:00,SHORT,8244.546788,8348.06149,103.5147020000004,8089.274734999999,2019-05-31 15:14:00,8207.449347,FORCE_CLOSE,37.09744099999989,0.35837847458614863,8346.06149,8257.487755
2019-06-04,2019-06-04 02:30:00,LONG,8067.974472,8029.164608,38.809863999999834,8126.189268,2019-06-04 08:11:00,8126.189268,TP,58.214796000000206,1.5,8067.11174,8031.164608
2019-06-05,2019-06-05 01:15:00,SHORT,8270.141146,8308.088279,37.94713299999967,8213.2204465,2019-06-05 04:26:00,8308.088279,SL,-37.94713299999967,-1.0,8306.088279,8274.742379
2019-06-06,2019-06-06 02:15:00,LONG,8330.819906,8276.193304,54.626602000000275,8412.759809000001,2019-06-06 15:14:00,8375.394351,FORCE_CLOSE,44.574445000000196,0.8159842158953978,8326.50625,8278.193304
2019-06-07,2019-06-07 02:00:00,LONG,8394.08686,8350.388186,43.6986739999993,8459.634870999998,2019-06-07 08:39:00,8459.634870999998,TP,65.54801099999895,1.5,8389.485627,8352.388186
2019-06-11,2019-06-11 03:00:00,LONG,8681.663922,8631.350975,50.31294700000035,8757.133342500001,2019-06-11 11:06:00,8631.350975,SL,-50.31294700000035,-1.0,8679.938459,8633.350975
2019-06-12,2019-06-12 01:00:00,SHORT,8610.632387,8664.971413,54.33902599999965,8529.123848,2019-06-12 15:14:00,8597.403843,FORCE_CLOSE,13.228543999999602,0.24344462854375945,8662.971413,8629.900051
2019-06-13,2019-06-13 03:30:00,LONG,8644.278904,8534.437505,109.84139900000082,8809.041002500002,2019-06-13 15:14:00,8653.48137,FORCE_CLOSE,9.202465999998822,0.08377957749790453,8626.736703,8536.437505
2019-06-14,2019-06-14 02:15:00,SHORT,8600.854767,8653.180753,52.32598599999983,8522.365788000001,2019-06-14 15:14:00,8602.292653,FORCE_CLOSE,-1.4378859999997076,-0.02747938662827514,8651.180753,8610.919964
2019-06-18,2019-06-18 02:00:00,SHORT,8656.005447,8685.803247,29.79780000000028,8611.308747,2019-06-18 03:16:00,8685.803247,SL,-29.79780000000028,-1.0,8683.803247,8667.755033
2019-06-20,2019-06-20 01:15:00,LONG,8905.899066,8839.419634,66.47943200000009,9005.618214,2019-06-20 11:19:00,8839.419634,SL,-66.47943200000009,-1.0,8902.173588,8841.419634
2019-06-21,2019-06-21 01:00:00,SHORT,8863.772504,8909.618517,45.84601300000031,8795.003484500001,2019-06-21 09:43:00,8909.618517,SL,-45.84601300000031,-1.0,8907.618517,8864.918805
2019-06-26,2019-06-26 03:45:00,LONG,8768.05637,8728.515012,39.5413580000004,8827.368407000002,2019-06-26 08:36:00,8827.368407000002,TP,59.31203700000151,1.5,8764.904043,8730.515012
2019-06-27,2019-06-27 01:15:00,LONG,8814.768136,8759.46514,55.30299600000035,8897.72263,2019-06-27 15:14:00,8815.914437,FORCE_CLOSE,1.1463009999988572,0.020727647377347332,8810.182932,8761.46514
2019-07-01,2019-07-01 01:00:00,LONG,8966.366444,8907.911119,58.45532499999899,9054.049431499998,2019-07-01 11:55:00,8907.911119,SL,-58.45532499999899,-1.0,8948.312203,8909.911119
2019-07-02,2019-07-02 03:00:00,SHORT,8906.758792,8942.288096,35.529303999999684,8853.464836000001,2019-07-02 09:31:00,8942.288096,SL,-35.529303999999684,-1.0,8940.288096,8908.764818
2019-07-03,2019-07-03 02:00:00,LONG,8991.585066,8967.232196,24.352869999998802,9028.114370999998,2019-07-03 11:37:00,9028.114370999998,TP,36.5293049999982,1.5,8985.853561,8969.232196
2019-07-05,2019-07-05 02:15:00,SHORT,9046.894089,9066.088604,19.194515000001047,9018.102316499997,2019-07-05 04:58:00,9018.102316499997,TP,28.79177250000248,1.5,9064.088604,9050.332992
2019-07-08,2019-07-08 01:00:00,SHORT,8966.366444,9008.486979,42.12053500000002,8903.1856415,2019-07-08 15:14:00,8942.867273,FORCE_CLOSE,23.49917099999948,0.5579029563608218,9006.486979,8970.665073
2019-07-09,2019-07-09 02:30:00,SHORT,8882.973046,8949.739052,66.76600600000165,8782.824036999997,2019-07-09 09:02:00,8949.739052,SL,-66.76600600000165,-1.0,8947.739052,8885.552223
2019-07-10,2019-07-10 01:00:00,SHORT,8979.548905,9022.529166,42.98026100000061,8915.078513499999,2019-07-10 07:32:00,9022.529166,SL,-42.98026100000061,-1.0,9020.529166,8988.146163
2019-07-15,2019-07-15 01:45:00,LONG,9138.025019,9101.062838,36.96218100000078,9193.4682905,2019-07-15 15:14:00,9155.506109,FORCE_CLOSE,17.481089999999313,0.47294530590602707,9134.299541,9103.062838
2019-07-17,2019-07-17 01:15:00,LONG,9113.666123,9087.593802,26.072321000001466,9152.774604500002,2019-07-17 09:46:00,9087.593802,SL,-26.072321000001466,-1.0,9112.519822,9089.593802
2019-07-22,2019-07-22 01:00:00,LONG,9006.486979,8976.68918,29.79779899999994,9051.1836775,2019-07-22 08:41:00,9051.1836775,TP,44.69669849999991,1.5,9003.334651,8978.68918
2019-07-23,2019-07-23 03:30:00,LONG,9107.934618,9078.136818,29.79779999999846,9152.631317999996,2019-07-23 09:12:00,9078.136818,SL,-29.79779999999846,-1.0,9105.642016,9080.136818
2019-07-24,2019-07-24 02:30:00,SHORT,9101.343387,9139.738444,38.395056999999724,9043.750801500002,2019-07-24 08:47:00,9139.738444,SL,-38.395056999999724,-1.0,9137.738444,9106.215166
2019-07-25,2019-07-25 01:00:00,LONG,9197.059521,9176.145554,20.913966999998593,9228.430471499996,2019-07-25 08:03:00,9176.145554,SL,-20.913966999998593,-1.0,9195.340069,9178.145554
2019-07-30,2019-07-30 01:15:00,SHORT,9178.718705,9195.334042,16.61533700000109,9153.795699499999,2019-07-30 03:24:00,9153.795699499999,TP,24.923005500000727,1.5,9193.334042,9179.00528
2019-07-31,2019-07-31 03:15:00,LONG,9170.694598,9143.762551,26.93204700000024,9211.092668500001,2019-07-31 08:30:00,9143.762551,SL,-26.93204700000024,-1.0,9167.54227,9145.762551
2019-08-01,2019-08-01 04:00:00,LONG,9042.308885,8973.823427,68.48545800000102,9145.037072000003,2019-08-01 09:43:00,9145.037072000003,TP,102.72818700000244,1.5,9029.412999,8975.823427
2019-08-02,2019-08-02 02:45:00,SHORT,8887.271675,8948.879327,61.6076520000006,8794.860196999998,2019-08-02 09:33:00,8794.860196999998,TP,92.41147800000181,1.5,8946.879327,8895.295782
2019-08-05,2019-08-05 03:00:00,SHORT,8676.065715,8834.822377,158.75666199999978,8437.930722000001,2019-08-05 14:09:00,8437.930722000001,TP,238.13499299999967,1.5,8832.822377,8680.364344
2019-08-06,2019-08-06 03:15:00,LONG,8564.874518,8279.451595,285.4229230000001,8993.008902500002,2019-08-06 15:14:00,8613.878885,FORCE_CLOSE,49.00436699999955,0.17169036910185217,8545.3874,8281.451595
2019-08-07,2019-08-07 02:45:00,LONG,8637.378056,8539.088772,98.2892840000004,8784.811982,2019-08-07 07:50:00,8539.088772,SL,-98.2892840000004,-1.0,8614.165461,8541.088772
2019-08-08,2019-08-08 01:15:00,LONG,8722.20433,8625.061347,97.14298299999973,8867.918804500001,2019-08-08 15:00:00,8867.918804500001,TP,145.7144745000005,1.5,8718.478852,8627.061347
2019-08-12,2019-08-12 02:00:00,LONG,8827.950598,8754.02021,73.93038799999886,8938.846179999997,2019-08-12 03:43:00,8754.02021,SL,-73.93038799999886,-1.0,8821.359367,8756.02021
2019-08-13,2019-08-13 01:15:00,SHORT,8657.724899,8707.29639,49.57149099999879,8583.367662500003,2019-08-13 08:36:00,8707.29639,SL,-49.57149099999879,-1.0,8705.29639,8675.77914
2019-08-14,2019-08-14 02:15:00,SHORT,8852.022919,8905.893039,53.87012000000141,8771.217738999996,2019-08-14 06:41:00,8771.217738999996,TP,80.80518000000302,1.5,8903.893039,8853.16922
2019-08-15,2019-08-15 01:15:00,LONG,8637.664631,8559.435615,78.22901599999932,8755.008155,2019-08-15 04:44:00,8559.435615,SL,-78.22901599999932,-1.0,8635.94518,8561.435615
2019-08-16,2019-08-16 01:15:00,LONG,8662.310103,8598.123273,64.18683000000055,8758.590348000002,2019-08-16 15:14:00,8726.502959,FORCE_CLOSE,64.19285599999967,1.0000938821873444,8660.017501,8600.123273
2019-08-19,2019-08-19 01:00:00,LONG,8792.415267,8751.441032,40.97423499999968,8853.876619499999,2019-08-19 08:21:00,8853.876619499999,TP,61.46135249999861,1.5,8783.818009,8753.441032
2019-08-20,2019-08-20 01:00:00,LONG,8880.107293,8825.090872,55.016420999998445,8962.631924499998,2019-08-20 08:33:00,8825.090872,SL,-55.016420999998445,-1.0,8874.948939,8827.090872
2019-08-21,2019-08-21 01:45:00,LONG,8825.944571,8783.250885,42.693686000000525,8889.985100000002,2019-08-21 08:40:00,8889.985100000002,TP,64.0405290000017,1.5,8825.37142,8785.250885
2019-08-22,2019-08-22 01:15:00,SHORT,8860.620176,8916.782899,56.16272299999946,8776.376091500002,2019-08-22 09:36:00,8776.376091500002,TP,84.24408449999828,1.5,8914.782899,8862.053053
2019-08-23,2019-08-23 01:00:00,LONG,8895.868932,8827.670049,68.19888299999911,8998.167256499997,2019-08-23 07:00:00,8827.670049,SL,-68.19888299999911,-1.0,8886.125374,8829.670049
2019-08-26,2019-08-26 01:45:00,LONG,8614.738611,8469.450986,145.28762500000084,8832.670048500002,2019-08-26 15:14:00,8700.711186,FORCE_CLOSE,85.97257499999978,0.5917405216032631,8568.313421,8471.450986
2019-08-27,2019-08-27 01:00:00,SHORT,8672.053661,8723.917755,51.86409400000048,8594.25752,2019-08-27 06:08:00,8723.917755,SL,-51.86409400000048,-1.0,8721.917755,8674.919414
2019-08-28,2019-08-28 02:00:00,SHORT,8676.925441,8714.460772,37.53533100000095,8620.622444499997,2019-08-28 08:32:00,8620.622444499997,TP,56.30299650000234,1.5,8712.460772,8680.077768
2019-08-29,2019-08-29 02:00:00,LONG,8762.03829,8650.853119,111.18517100000099,8928.816046500002,2019-08-29 15:14:00,8841.419634,FORCE_CLOSE,79.38134399999944,0.7139562163375073,8697.845434,8652.853119
2019-08-30,2019-08-30 02:45:00,LONG,8867.784558,8814.487588,53.29696999999942,8947.730012999999,2019-08-30 10:01:00,8814.487588,SL,-53.29696999999942,-1.0,8864.63223,8816.487588
2019-09-02,2019-09-02 02:00:00,LONG,8772.641574,8728.515012,44.12656199999947,8838.831416999998,2019-09-02 10:49:00,8728.515012,SL,-44.12656199999947,-1.0,8770.635548,8730.515012
2019-09-03,2019-09-03 02:00:00,SHORT,8725.356658,8787.824036,62.46737799999937,8631.655591000002,2019-09-03 08:36:00,8787.824036,SL,-62.46737799999937,-1.0,8785.824036,8737.679394
2019-09-04,2019-09-04 01:00:00,LONG,8833.395527,8719.63118,113.76434700000027,9004.042047500001,2019-09-04 15:14:00,8852.309494,FORCE_CLOSE,18.913966999998593,0.16625566356038196,8805.884303,8721.63118
2019-09-10,2019-09-10 01:00:00,SHORT,8957.196036,9009.346705,52.15066900000056,8878.970032499998,2019-09-10 08:56:00,8878.970032499998,TP,78.22600350000175,1.5,9007.346705,8964.073842
2019-09-13,2019-09-13 02:15:00,LONG,9110.80037,9082.435447,28.364923000001,9153.347754500002,2019-09-13 07:56:00,9082.435447,SL,-28.364923000001,-1.0,9107.361467,9084.435447
2019-09-16,2019-09-16 02:00:00,LONG,8994.06619,8911.923173,82.14301700000033,9117.280715500001,2019-09-16 15:14:00,9012.931862,FORCE_CLOSE,18.865671999999904,0.22966860347970697,8990.438765,8913.923173
2019-09-17,2019-09-17 01:00:00,SHORT,8981.774919,9029.795725,48.02080600000045,8909.743709999999,2019-09-17 14:30:00,9029.795725,SL,-48.02080600000045,-1.0,9027.795725,8987.777633
2019-09-20,2019-09-20 02:45:00,LONG,9077.246653,9045.804771,31.441882000000987,9124.409476,2019-09-20 09:58:00,9045.804771,SL,-31.441882000000987,-1.0,9076.389123,9047.804771
2019-09-23,2019-09-23 02:15:00,SHORT,8987.777633,9022.07795,34.30031700000109,8936.327157499998,2019-09-23 03:35:00,8936.327157499998,TP,51.45047550000163,1.5,9020.07795,8988.635164
2019-09-24,2019-09-24 01:15:00,SHORT,8997.210469,9040.086092,42.875622999999905,8932.8970345,2019-09-24 10:36:00,8932.8970345,TP,64.31343449999986,1.5,9038.086092,8998.068
2019-09-25,2019-09-25 02:30:00,SHORT,8825.132673,8873.725166,48.592493000000104,8752.2439335,2019-09-25 10:14:00,8873.725166,SL,-48.592493000000104,-1.0,8871.725166,8830.277857
2019-09-26,2019-09-26 01:15:00,SHORT,8912.029102,8943.18514,31.15603799999917,8865.295045000003,2019-09-26 02:50:00,8943.18514,SL,-31.15603799999917,-1.0,8941.18514,8912.600789
2019-09-27,2019-09-27 01:00:00,LONG,8908.027293,8863.150765,44.87652799999887,8975.342084999997,2019-09-27 09:04:00,8863.150765,SL,-44.87652799999887,-1.0,8906.883918,8865.150765
2019-10-02,2019-10-02 01:15:00,SHORT,8800.264287,8840.853162,40.58887499999946,8739.3809745,2019-10-02 04:24:00,8739.3809745,TP,60.8833125000001,1.5,8838.853162,8805.695314
2019-10-03,2019-10-03 01:45:00,LONG,8666.203679,8625.614805,40.58887400000094,8727.086990000002,2019-10-03 06:52:00,8625.614805,SL,-40.58887400000094,-1.0,8664.488618,8627.614805
2019-10-04,2019-10-04 02:00:00,LONG,8756.244386,8731.376905,24.867481000001135,8793.545607500002,2019-10-04 04:32:00,8731.376905,SL,-24.867481000001135,-1.0,8753.671795,8733.376905
2019-10-08,2019-10-08 02:45:00,SHORT,8842.569128,8901.737831,59.16870300000119,8753.816073499998,2019-10-08 08:50:00,8753.816073499998,TP,88.75305450000087,1.5,8899.737831,8849.143528
2019-10-09,2019-10-09 02:15:00,LONG,8748.240768,8692.788031,55.452736999999615,8831.419873499999,2019-10-09 13:54:00,8831.419873499999,TP,83.17910549999942,1.5,8746.239863,8694.788031
2019-10-11,2019-10-11 03:00:00,LONG,8940.32761,8878.586315,61.74129499999981,9032.9395525,2019-10-11 10:20:00,9032.9395525,TP,92.61194249999971,1.5,8928.322182,8880.586315
2019-10-14,2019-10-14 02:00:00,SHORT,8978.630641,9028.652351,50.021710000000894,8903.598075999998,2019-10-14 15:14:00,8984.633354,FORCE_CLOSE,-6.002712999999858,-0.1200021550642661,9026.652351,8982.060763
2019-10-15,2019-10-15 01:00:00,LONG,9021.793011,8986.635164,35.1578470000004,9074.529781500001,2019-10-15 09:35:00,9074.529781500001,TP,52.73677050000151,1.5,9012.360175,8988.635164
2019-10-17,2019-10-17 03:00:00,LONG,9101.257508,9068.100565,33.156942999999956,9150.992922500001,2019-10-17 10:00:00,9068.100565,SL,-33.156942999999956,-1.0,9093.539734,9070.100565
2019-10-18,2019-10-18 01:00:00,SHORT,9064.383695,9096.968951,32.5852560000003,9015.505810999999,2019-10-18 06:52:00,9096.968951,SL,-32.5852560000003,-1.0,9094.968951,9068.099661
2019-10-22,2019-10-22 03:00:00,SHORT,9082.105993,9125.267459,43.16146600000138,9017.363793999997,2019-10-22 08:30:00,9125.267459,SL,-43.16146600000138,-1.0,9123.267459,9083.249367
2019-10-23,2019-10-23 03:00:00,LONG,8985.205041,8928.037243,57.167797999998584,9070.956737999997,2019-10-23 15:14:00,9035.5135,FORCE_CLOSE,50.30845899999986,0.8800139372169119,8982.060763,8930.037243
2019-10-24,2019-10-24 01:30:00,LONG,9067.813817,9045.804771,22.009046000001035,9100.827386,2019-10-24 08:30:00,9100.827386,TP,33.01356900000064,1.5,9066.670443,9047.804771
2019-10-25,2019-10-25 01:15:00,LONG,9079.247558,9051.807485,27.440072999999757,9120.4076675,2019-10-25 09:10:00,9120.4076675,TP,41.160109500000544,1.5,9076.674966,9053.807485
2019-10-28,2019-10-28 02:00:00,SHORT,9205.590391,9223.025941,17.43555000000015,9179.437065999999,2019-10-28 03:13:00,9223.025941,SL,-17.43555000000015,-1.0,9221.025941,9205.876235
2019-10-29,2019-10-29 03:00:00,SHORT,9260.75819,9284.76814,24.009949999999662,9224.743265000001,2019-10-29 10:21:00,9224.743265000001,TP,36.014924999999494,1.5,9282.76814,9265.617529
2019-10-31,2019-10-31 02:30:00,LONG,9293.630194,9271.049461,22.580732999998872,9327.501293499998,2019-10-31 04:04:00,9271.049461,SL,-22.580732999998872,-1.0,9293.058507,9273.049461
2019-11-04,2019-11-04 02:00:00,LONG,9369.950412,9343.082027,26.868384999999762,9410.2529895,2019-11-04 07:34:00,9410.2529895,TP,40.30257750000055,1.5,9369.092882,9345.082027
2019-11-05,2019-11-05 01:30:00,LONG,9423.688993,9397.106451,26.582542000000103,9463.562806,2019-11-05 08:31:00,9397.106451,SL,-26.582542000000103,-1.0,9422.545619,9399.106451
2019-11-06,2019-11-06 02:00:00,LONG,9397.963077,9374.524813,23.438264000000345,9433.120473,2019-11-06 08:32:00,9374.524813,SL,-23.438264000000345,-1.0,9397.39139,9376.524813
2019-11-07,2019-11-07 01:00:00,LONG,9385.957649,9362.233542,23.724107000000004,9421.543809499999,2019-11-07 01:27:00,9421.543809499999,TP,35.586160499999096,1.5,9385.671806,9364.233542
2019-11-11,2019-11-11 01:00:00,SHORT,9405.395008,9438.551951,33.156942999999956,9355.6595935,2019-11-11 15:14:00,9434.265203,FORCE_CLOSE,-28.87019500000133,-0.870713412874081,9436.551951,9410.254348
2019-11-13,2019-11-13 03:00:00,SHORT,9419.40134,9452.844127,33.44278699999995,9369.2371595,2019-11-13 09:20:00,9452.844127,SL,-33.44278699999995,-1.0,9450.844127,9423.688993
2019-11-18,2019-11-18 01:00:00,LONG,9516.302292,9495.43662,20.865671999999904,9547.6008,2019-11-18 01:17:00,9547.6008,TP,31.298507999999856,1.5,9514.873074,9497.43662
2019-11-19,2019-11-19 02:15:00,LONG,9555.748697,9507.727891,48.02080600000045,9627.779906000002,2019-11-19 09:56:00,9507.727891,SL,-48.02080600000045,-1.0,9547.173391,9509.727891
2019-11-20,2019-11-20 03:00:00,SHORT,9482.286914,9530.021876,47.73496200000045,9410.684471,2019-11-20 09:01:00,9530.021876,SL,-47.73496200000045,-1.0,9528.021876,9489.147158
2019-11-22,2019-11-22 02:15:00,LONG,9498.579994,9449.12997,49.45002399999976,9572.75503,2019-11-22 09:29:00,9449.12997,SL,-49.45002399999976,-1.0,9490.004688,9451.12997
2019-11-26,2019-11-26 03:00:00,SHORT,9567.754124,9631.496324,63.742200000000594,9472.140823999998,2019-11-26 15:14:00,9606.914686,FORCE_CLOSE,-39.16056200000094,-0.6143584940588899,9629.496324,9573.470995
2019-11-27,2019-11-27 01:00:00,LONG,9622.636079,9599.197816,23.438263000000006,9657.7934735,2019-11-27 14:21:00,9657.7934735,TP,35.15739450000001,1.5,9621.206862,9601.197816
2019-11-28,2019-11-28 01:00:00,LONG,9642.645125,9618.063488,24.58163699999932,9679.517580499998,2019-11-28 11:59:00,9655.22224,FORCE_CLOSE,12.577115000000049,0.5116467629881768,9642.073438,9620.063488
2019-12-04,2019-12-04 01:15:00,SHORT,9422.259775,9454.559188,32.29941299999882,9373.810655500001,2019-12-04 03:06:00,9454.559188,SL,-32.29941299999882,-1.0,9452.559188,9423.117306
2019-12-05,2019-12-05 01:00:00,LONG,9502.867647,9471.139921,31.727725999999166,9550.459235999999,2019-12-05 09:09:00,9471.139921,SL,-31.727725999999166,-1.0,9501.152586,9473.139921
2019-12-06,2019-12-06 01:00:00,LONG,9531.737842,9504.869456,26.8683860000001,9572.040421000002,2019-12-06 07:41:00,9572.040421000002,TP,40.30257900000106,1.5,9523.44838,9506.869456
2019-12-10,2019-12-10 01:30:00,LONG,9571.47009,9545.459235,26.010855000000447,9610.486372500001,2019-12-10 02:44:00,9545.459235,SL,-26.010855000000447,-1.0,9570.326716,9547.459235
2019-12-11,2019-12-11 02:00:00,LONG,9577.472804,9539.456521,38.01628300000084,9634.497228500002,2019-12-11 15:14:00,9610.058965,FORCE_CLOSE,32.586160999999265,0.8571632581754125,9565.75322,9541.456521
2019-12-12,2019-12-12 02:15:00,LONG,9626.043195,9607.487278,18.55591699999968,9653.877070499999,2019-12-12 06:59:00,9607.487278,SL,-18.55591699999968,-1.0,9625.780358,9609.487278
2019-12-16,2019-12-16 02:00:00,LONG,9749.457659,9728.931239,20.526420000000144,9780.247288999999,2019-12-16 08:30:00,9780.247288999999,TP,30.789629999999306,1.5,9747.747528,9730.931239
2019-12-17,2019-12-17 01:30:00,LONG,9830.688889,9794.486266,36.20262299999922,9884.992823499997,2019-12-17 15:14:00,9811.022381,FORCE_CLOSE,-19.66650799999843,-0.5432343396775104,9830.118845,9796.486266
2019-12-18,2019-12-18 01:00:00,SHORT,9801.901681,9817.58273,15.681049000000712,9778.380107499997,2019-12-18 03:26:00,9817.58273,SL,-15.681049000000712,-1.0,9815.58273,9805.321943
2019-12-20,2019-12-20 01:15:00,SHORT,9881.707801,9899.669025,17.961223999998765,9854.765965000002,2019-12-20 05:13:00,9899.669025,SL,-17.961223999998765,-1.0,9897.669025,9883.702954
2019-12-23,2019-12-23 01:00:00,SHORT,9935.576932,9947.837719,12.260786999999254,9917.185751500001,2019-12-23 05:11:00,9947.837719,SL,-12.260786999999254,-1.0,9945.837719,9938.712173
2019-12-24,2019-12-24 03:15:00,LONG,9953.248288,9937.282217,15.966071000000738,9977.197394500003,2019-12-24 08:44:00,9937.282217,SL,-15.966071000000738,-1.0,9952.1082,9939.282217
2019-12-26,2019-12-26 01:00:00,LONG,9965.789249,9950.1082,15.681048999998893,9989.310822499998,2019-12-26 09:01:00,9989.310822499998,TP,23.52157349999834,1.5,9964.079118,9952.1082
2019-12-30,2019-12-30 03:45:00,SHORT,10024.21873,10045.885238,21.66650800000025,9991.718968000001,2019-12-30 08:35:00,9991.718968000001,TP,32.499761999999464,1.5,10043.885238,10025.358818
2020-01-02,2020-01-02 01:15:00,LONG,10026.498905,9999.416981,27.081924000000072,10067.121791000001,2020-01-02 07:53:00,10067.121791000001,TP,40.62288600000102,1.5,10023.648686,10001.416981
2020-01-03,2020-01-03 01:45:00,SHORT,10024.788774,10156.188697,131.39992299999903,9827.688889500001,2020-01-03 15:14:00,10043.885238,FORCE_CLOSE,-19.096464000000196,-0.14533086141915272,10154.188697,10035.904626
2020-01-06,2020-01-06 02:15:00,SHORT,9986.025801,10029.068949,43.043148000000656,9921.461078999999,2020-01-06 08:57:00,10029.068949,SL,-43.043148000000656,-1.0,10027.068949,9987.165889
2020-01-08,2020-01-08 02:45:00,LONG,10069.537205,9891.678719,177.858486000001,10336.324934000002,2020-01-08 15:14:00,10196.656954,FORCE_CLOSE,127.1197489999995,0.7147241149910541,10068.112096,9893.678719
2020-01-09,2020-01-09 01:00:00,LONG,10230.859577,10181.83097,49.028606999998374,10304.402487499996,2020-01-09 15:14:00,10270.762637,FORCE_CLOSE,39.90306000000055,0.8138730109138502,10222.593943,10183.83097
2020-01-10,2020-01-10 04:00:00,LONG,10312.090806,10276.743249,35.34755700000096,10365.112141500002,2020-01-10 08:37:00,10276.743249,SL,-35.34755700000096,-1.0,10307.815478,10278.743249
2020-01-13,2020-01-13 02:30:00,LONG,10282.733555,10241.970582,40.762973000000784,10343.878014500002,2020-01-13 13:24:00,10343.878014500002,TP,61.144459500001176,1.5,10280.168358,10243.970582
2020-01-14,2020-01-14 01:15:00,SHORT,10349.998713,10393.611904,43.61319099999855,10284.578926500002,2020-01-14 15:14:00,10330.332205,FORCE_CLOSE,19.66650800000025,0.45093027015613013,10391.611904,10351.138801
2020-01-16,2020-01-16 02:00:00,LONG,10360.829544,10331.467446,29.362097999999605,10404.872691,2020-01-16 14:46:00,10404.872691,TP,44.04314700000032,1.5,10355.129107,10333.467446
2020-01-17,2020-01-17 02:15:00,LONG,10430.944921,10411.843609,19.10131200000069,10459.596889,2020-01-17 07:32:00,10459.596889,TP,28.651968000000124,1.5,10430.374877,10413.843609
2020-01-20,2020-01-20 01:00:00,SHORT,10460.587194,10475.983221,15.396027000000686,10437.4931535,2020-01-20 11:59:00,10461.157238,FORCE_CLOSE,-0.5700440000000526,-0.03702539622722325,10473.983221,10461.44226
2020-01-24,2020-01-24 02:00:00,LONG,10571.175675,10547.799035,23.376640000000407,10606.240635000002,2020-01-24 09:18:00,10547.799035,SL,-23.376640000000407,-1.0,10569.750565,10549.799035
2020-01-27,2020-01-27 02:15:00,LONG,10315.79609,10264.202287,51.59380299999975,10393.1867945,2020-01-27 03:37:00,10264.202287,SL,-51.59380299999975,-1.0,10313.230894,10266.202287
2020-01-28,2020-01-28 01:00:00,LONG,10299.264823,10218.59879,80.66603299999952,10420.2638725,2020-01-28 15:14:00,10379.070943,FORCE_CLOSE,79.8061200000011,0.9893398377480839,10292.139276,10220.59879
2020-01-30,2020-01-30 01:00:00,SHORT,10283.018577,10407.862997,124.84441999999945,10095.751947,2020-01-30 14:42:00,10407.862997,SL,-124.84441999999945,-1.0,10405.862997,10309.810631
2020-01-31,2020-01-31 01:30:00,SHORT,10485.099074,10546.38362,61.28454600000077,10393.172254999998,2020-01-31 08:50:00,10393.172254999998,TP,91.92681900000207,1.5,10544.38362,10492.794664
2020-02-04,2020-02-04 01:45:00,LONG,10474.553265,10357.974478,116.57878700000037,10649.4214455,2020-02-04 13:10:00,10649.4214455,TP,174.86818049999965,1.5,10473.413178,10359.974478
2020-02-05,2020-02-05 02:15:00,LONG,10672.643456,10621.904718,50.73873800000001,10748.751563,2020-02-05 03:22:00,10748.751563,TP,76.10810700000002,1.5,10664.377822,10623.904718
2020-02-07,2020-02-07 03:45:00,SHORT,10739.908614,10798.627964,58.719349999999395,10651.829589,2020-02-07 15:14:00,10727.652675,FORCE_CLOSE,12.25593900000058,0.20872061764990088,10796.627964,10743.613899
2020-02-12,2020-02-12 02:15:00,LONG,10914.912035,10855.907663,59.00437199999942,11003.418592999999,2020-02-12 15:14:00,10973.626538,FORCE_CLOSE,58.71450300000106,0.995087330138886,10904.651248,10857.907663
2020-02-13,2020-02-13 01:45:00,SHORT,10904.93627,10945.699243,40.762972999998965,10843.791810500003,2020-02-13 04:11:00,10843.791810500003,TP,61.14445949999754,1.5,10943.699243,10909.49662
2020-02-18,2020-02-18 01:00:00,SHORT,10895.530549,10950.544614,55.01406500000121,10813.009451499998,2020-02-18 08:33:00,10950.544614,SL,-55.01406500000121,-1.0,10948.544614,10904.651248
2020-02-21,2020-02-21 01:00:00,SHORT,10882.134521,10960.805401,78.67087999999967,10764.128201,2020-02-21 12:46:00,10764.128201,TP,118.00632000000041,1.5,10958.805401,10894.675483
2020-02-24,2020-02-24 02:00:00,SHORT,10515.311391,10631.890177,116.57878600000004,10340.443211999998,2020-02-24 08:30:00,10340.443211999998,TP,174.86817900000096,1.5,10629.890177,10549.228992
2020-02-25,2020-02-25 01:00:00,LONG,10512.746194,10407.568281,105.17791299999953,10670.513063499999,2020-02-25 04:13:00,10407.568281,SL,-105.17791299999953,-1.0,10508.470866,10409.568281
2020-02-26,2020-02-26 02:30:00,SHORT,10072.957468,10203.787347,130.82987899999898,9876.712649500001,2020-02-26 08:37:00,10203.787347,SL,-130.82987899999898,-1.0,10201.787347,10078.657905
2020-02-28,2020-02-28 03:15:00,SHORT,9296.84295,9632.603545,335.76059499999974,8793.2020575,2020-02-28 10:42:00,9632.603545,SL,-335.76059499999974,-1.0,9630.603545,9339.596228
2020-03-02,2020-03-02 01:45:00,LONG,9828.408714,9479.252091,349.15662299999894,10352.143648499998,2020-03-02 15:14:00,10015.953096,FORCE_CLOSE,187.54438200000004,0.5371353989753779,9761.998621,9481.252091
2020-03-03,2020-03-03 03:30:00,LONG,10138.512495,9980.035495,158.47700000000077,10376.227995000001,2020-03-03 08:54:00,9980.035495,SL,-158.47700000000077,-1.0,10137.372408,9982.035495
2020-03-04,2020-03-04 01:00:00,LONG,9953.818331,9753.443118,200.37521300000117,10254.381150500001,2020-03-04 15:14:00,10141.077692,FORCE_CLOSE,187.25936100000035,0.9345435405725521,9938.997195,9755.443118
2020-03-05,2020-03-05 02:15:00,SHORT,10033.909473,10134.527036,100.61756299999979,9882.9831285,2020-03-05 12:09:00,9882.9831285,TP,150.9263444999997,1.5,10132.527036,10051.295807
2020-03-06,2020-03-06 03:30:00,SHORT,9694.733463,9950.97296,256.23949699999866,9310.374217500002,2020-03-06 15:14:00,9698.153725,FORCE_CLOSE,-3.4202619999996386,-0.013347910997498002,9948.97296,9713.829927
2020-03-10,2020-03-10 01:00:00,LONG,9411.136714,9131.525425,279.6112890000004,9830.5536475,2020-03-10 10:24:00,9131.525425,SL,-279.6112890000004,-1.0,9367.813392,9133.525425
2020-03-11,2020-03-11 01:30:00,SHORT,9231.857966,9419.122173,187.26420700000017,8950.9616555,2020-03-11 15:14:00,9125.829835,FORCE_CLOSE,106.02813099999912,0.5661953915197421,9417.122173,9252.37954
2020-03-13,2020-03-13 01:00:00,LONG,8326.628547,7913.056984,413.5715630000004,8946.9858915,2020-03-13 14:55:00,8946.9858915,TP,620.3573445000002,1.5,8294.421077,7915.056984
2020-03-18,2020-03-18 01:00:00,SHORT,8060.691553,8331.409798,270.71824500000093,7654.614185499999,2020-03-18 09:04:00,8331.409798,SL,-270.71824500000093,-1.0,8329.409798,8090.929487
2020-03-20,2020-03-20 01:15:00,LONG,8417.841492,8129.436908,288.4045839999999,8850.448368,2020-03-20 13:54:00,8129.436908,SL,-288.4045839999999,-1.0,8409.56885,8131.436908
2020-03-23,2020-03-23 02:00:00,LONG,7789.6912,7561.762485,227.928715,8131.5842725,2020-03-23 07:16:00,8131.5842725,TP,341.8930725,1.5,7768.296435,7563.762485
2020-03-24,2020-03-24 01:00:00,LONG,8289.472904,8025.31572,264.1571840000006,8685.708680000002,2020-03-24 15:14:00,8617.240699,FORCE_CLOSE,327.76779499999975,1.2408059097116928,8286.049741,8027.31572
2020-03-25,2020-03-25 02:30:00,LONG,8688.271318,8415.556229,272.71508899999935,9097.3439515,2020-03-25 09:13:00,8415.556229,SL,-272.71508899999935,-1.0,8657.177593,8417.556229
2020-03-26,2020-03-26 02:30:00,SHORT,8392.738301,8616.388064,223.64976300000126,8057.2636564999975,2020-03-26 08:30:00,8616.388064,SL,-223.64976300000126,-1.0,8614.388064,8393.594092
2020-03-27,2020-03-27 04:00:00,SHORT,8784.975655,9008.625417,223.6497619999991,8449.501012,2020-03-27 15:14:00,8640.347045,FORCE_CLOSE,144.62860999999975,0.646674553581686,9006.625417,8793.53356
2020-03-30,2020-03-30 01:00:00,LONG,8701.963967,8476.602624,225.3613430000005,9040.0059815,2020-03-30 15:14:00,8964.121151,FORCE_CLOSE,262.1571839999997,1.1632748567707956,8680.569203,8478.602624
2020-03-31,2020-03-31 03:15:00,LONG,9064.533913,8915.337932,149.19598099999894,9288.327884499999,2020-03-31 07:08:00,8915.337932,SL,-149.19598099999894,-1.0,9056.546535,8917.337932
2020-04-01,2020-04-01 01:00:00,SHORT,8614.1028,8839.17888,225.0760799999989,8276.488680000002,2020-04-01 15:14:00,8486.590003,FORCE_CLOSE,127.51279700000123,0.5665319788757732,8837.17888,8744.468233
2020-04-02,2020-04-02 01:45:00,LONG,8621.519652,8509.978457,111.54119500000161,8788.831444500003,2020-04-02 07:40:00,8509.978457,SL,-111.54119500000161,-1.0,8613.24701,8511.978457
2020-04-03,2020-04-03 03:30:00,SHORT,8587.573292,8719.082935,131.50964300000123,8390.308827499997,2020-04-03 06:57:00,8719.082935,SL,-131.50964300000123,-1.0,8717.082935,8588.99961
2020-04-06,2020-04-06 01:00:00,LONG,8937.876906,8697.967123,239.90978299999915,9297.741580499998,2020-04-06 15:14:00,9167.514048,FORCE_CLOSE,229.63714199999959,0.957181233413897,8919.049513,8699.967123
2020-04-07,2020-04-07 01:00:00,LONG,9242.823619,9067.09813,175.72548900000038,9506.411852500001,2020-04-07 15:14:00,9143.266648,FORCE_CLOSE,-99.55697099999998,-0.5665482655165623,9238.82993,9069.09813
2020-04-09,2020-04-09 01:45:00,LONG,9408.276467,9280.760514,127.51595300000008,9599.550396499999,2020-04-09 05:34:00,9280.760514,SL,-127.51595300000008,-1.0,9398.006979,9282.760514
2020-04-15,2020-04-15 02:15:00,SHORT,9841.877031,9924.321347,82.44431599999916,9718.210557000002,2020-04-15 07:45:00,9718.210557000002,TP,123.66647399999783,1.5,9922.321347,9851.861255
2020-04-16,2020-04-16 01:00:00,LONG,9831.037017,9697.53053,133.50648700000056,10031.2967475,2020-04-16 15:14:00,9966.822457,FORCE_CLOSE,135.78543999999965,1.0170699795284035,9777.692737,9699.53053
2020-04-17,2020-04-17 02:30:00,SHORT,10133.416359,10233.547013,100.13065399999869,9983.220378000002,2020-04-17 09:48:00,9983.220378000002,TP,150.19598099999894,1.5,10231.547013,10133.986886
2020-04-22,2020-04-22 01:00:00,LONG,9692.969469,9582.854591,110.11487800000032,9858.141786,2020-04-22 12:30:00,9858.141786,TP,165.17231700000048,1.5,9688.119989,9584.854591
2020-04-23,2020-04-23 01:15:00,LONG,9875.252864,9788.81486,86.43800399999964,10004.90987,2020-04-23 09:32:00,10004.90987,TP,129.65700599999946,1.5,9872.685493,9790.81486
2020-04-24,2020-04-24 01:45:00,LONG,9773.984311,9694.963158,79.02115299999969,9892.516040499999,2020-04-24 07:45:00,9892.516040499999,TP,118.53172949999862,1.5,9773.699048,9696.963158
2020-04-28,2020-04-28 02:30:00,LONG,10104.034215,10013.031994,91.00222099999883,10240.537546499998,2020-04-28 09:21:00,10013.031994,SL,-91.00222099999883,-1.0,10095.476309,10015.031994
2020-05-01,2020-05-01 01:15:00,SHORT,10013.035149,10113.451067,100.4159180000006,9862.411271999998,2020-05-01 09:01:00,10113.451067,SL,-100.4159180000006,-1.0,10111.451067,10026.442535
2020-05-04,2020-05-04 01:30:00,LONG,9904.349744,9761.144297,143.20544699999846,10119.157914499996,2020-05-04 15:14:00,10036.997286,FORCE_CLOSE,132.6475420000006,0.9262744174807962,9892.939203,9763.144297
2020-05-05,2020-05-05 02:15:00,LONG,10135.698467,10042.128874,93.56959300000017,10276.0528565,2020-05-05 13:13:00,10276.0528565,TP,140.35438950000025,1.5,10129.137406,10044.128874
2020-05-06,2020-05-06 01:00:00,LONG,10236.96702,10127.993196,108.9738240000006,10400.427756000001,2020-05-06 15:14:00,10214.716464,FORCE_CLOSE,-22.25055600000087,-0.20418257507418247,10229.550168,10129.993196
2020-05-07,2020-05-07 01:00:00,LONG,10309.138693,10194.174335,114.96435800000108,10481.585230000002,2020-05-07 15:14:00,10395.288279,FORCE_CLOSE,86.14958599999954,0.7493590839693006,10304.574476,10196.174335
2020-05-08,2020-05-08 01:00:00,LONG,10523.656867,10398.423022,125.23384499999884,10711.507634499998,2020-05-08 15:14:00,10519.663177,FORCE_CLOSE,-3.993689999999333,-0.03188986172227939,10516.240015,10400.423022
2020-05-11,2020-05-11 04:00:00,SHORT,10493.98946,10596.687486,102.69802600000003,10339.942421,2020-05-11 12:07:00,10596.687486,SL,-102.69802600000003,-1.0,10594.687486,10512.531589
2020-05-13,2020-05-13 01:00:00,LONG,10407.55461,10264.634427,142.92018299999836,10621.934884499997,2020-05-13 10:49:00,10264.634427,SL,-142.92018299999836,-1.0,10390.438799,10266.634427
2020-05-15,2020-05-15 02:00:00,LONG,10409.551455,10327.10714,82.44431500000064,10533.217927500002,2020-05-15 05:40:00,10327.10714,SL,-82.44431500000064,-1.0,10406.69882,10329.10714
2020-05-18,2020-05-18 02:30:00,LONG,10518.23686,10444.35045,73.88641000000098,10629.066475000003,2020-05-18 09:40:00,10629.066475000003,TP,110.82961500000238,1.5,10513.672643,10446.35045
2020-05-19,2020-05-19 01:15:00,LONG,10687.96866,10605.239081,82.72957900000074,10812.0630285,2020-05-19 05:19:00,10605.239081,SL,-82.72957900000074,-1.0,10673.990747,10607.239081
2020-05-20,2020-05-20 03:15:00,LONG,10711.360269,10614.08225,97.27801900000122,10857.277297500003,2020-05-20 15:14:00,10820.901465,FORCE_CLOSE,109.54119600000013,1.126063185970088,10687.96866,10616.08225
2020-05-21,2020-05-21 03:00:00,SHORT,10751.582427,10831.174107,79.59168000000136,10632.194906999997,2020-05-21 08:36:00,10831.174107,SL,-79.59168000000136,-1.0,10829.174107,10755.576116
2020-05-22,2020-05-22 01:30:00,SHORT,10588.982215,10737.037142,148.05492699999922,10366.8998245,2020-05-22 13:04:00,10737.037142,SL,-148.05492699999922,-1.0,10735.037142,10592.405377
2020-05-25,2020-05-25 01:00:00,LONG,10806.638288,10742.736102,63.90218599999935,10902.491567,2020-05-25 11:59:00,10874.816272,FORCE_CLOSE,68.17798399999992,1.0669116076874212,10800.077227,10744.736102
2020-05-26,2020-05-26 01:15:00,LONG,10951.552161,10842.578338,108.97382300000027,11115.0128955,2020-05-26 08:56:00,10842.578338,SL,-108.97382300000027,-1.0,10948.414262,10844.578338
2020-06-01,2020-06-01 01:30:00,LONG,10937.003721,10814.337248,122.66647299999931,11121.003430499997,2020-06-01 15:14:00,10950.125843,FORCE_CLOSE,13.122122000000672,0.10697398954317978,10930.727923,10816.337248
2020-06-02,2020-06-02 01:00:00,LONG,10949.84058,10899.631043,50.20953700000064,11025.1548855,2020-06-02 04:40:00,11025.1548855,TP,75.31430550000005,1.5,10941.567938,10901.631043
2020-06-05,2020-06-05 01:00:00,LONG,11041.124909,10964.671128,76.45378100000016,11155.8055805,2020-06-05 07:48:00,10964.671128,SL,-76.45378100000016,-1.0,11029.999632,10966.671128
2020-06-08,2020-06-08 02:00:00,SHORT,11185.753519,11270.479942,84.72642300000007,11058.6638845,2020-06-08 14:40:00,11270.479942,SL,-84.72642300000007,-1.0,11268.479942,11212.283027
2020-06-09,2020-06-09 02:45:00,SHORT,11247.940968,11294.727342,46.78637399999934,11177.761407000002,2020-06-09 08:44:00,11294.727342,SL,-46.78637399999934,-1.0,11292.727342,11249.652549
2020-06-11,2020-06-11 01:00:00,SHORT,11406.832754,11521.511848,114.67909400000099,11234.814112999997,2020-06-11 11:06:00,11234.814112999997,TP,172.0186410000024,1.5,11519.511848,11411.967498
2020-06-12,2020-06-12 03:15:00,LONG,11128.415549,10955.542695,172.87285399999928,11387.72483,2020-06-12 10:04:00,10955.542695,SL,-172.87285399999928,-1.0,11114.7229,10957.542695
2020-06-15,2020-06-15 01:00:00,SHORT,10743.401199,10954.122688,210.72148899999956,10427.3189655,2020-06-15 08:59:00,10954.122688,SL,-210.72148899999956,-1.0,10952.122688,10865.402575
2020-06-17,2020-06-17 02:15:00,LONG,11444.964437,11327.275059,117.68937800000094,11621.498504000003,2020-06-17 15:14:00,11404.973047,FORCE_CLOSE,-39.99139000000105,-0.33980458287408677,11413.256978,11329.275059
2020-06-18,2020-06-18 03:30:00,LONG,11447.535312,11271.572766,175.96254600000066,11711.479131,2020-06-18 15:14:00,11408.115227,FORCE_CLOSE,-39.420084999999744,-0.22402542982072784,11420.398297,11273.572766
2020-06-19,2020-06-19 01:00:00,LONG,11467.816659,11403.2587,64.55795899999976,11564.6535975,2020-06-19 11:16:00,11403.2587,SL,-64.55795899999976,-1.0,11457.247506,11405.2587
2020-06-22,2020-06-22 02:15:00,LONG,11432.110061,11281.570614,150.5394469999992,11657.919231499998,2020-06-22 15:14:00,11575.507759,FORCE_CLOSE,143.39769800000067,0.9525589528703492,11423.540478,11283.570614
2020-06-23,2020-06-23 02:15:00,LONG,11622.354815,11392.403894,229.95092100000147,11967.281196500004,2020-06-23 15:14:00,11650.063135,FORCE_CLOSE,27.70831999999973,0.12049666893919313,11606.929565,11394.403894
2020-06-24,2020-06-24 02:30:00,SHORT,11606.072607,11704.623248,98.55064099999981,11458.2466455,2020-06-24 10:11:00,11458.2466455,TP,147.82596150000063,1.5,11702.623248,11614.927843
2020-06-25,2020-06-25 02:00:00,SHORT,11340.415518,11464.389256,123.9737380000006,11154.454910999999,2020-06-25 04:25:00,11464.389256,SL,-123.9737380000006,-1.0,11462.389256,11358.697296
2020-06-26,2020-06-26 02:00:00,SHORT,11486.38409,11565.795995,79.41190500000084,11367.266232499998,2020-06-26 09:15:00,11367.266232499998,TP,119.11785750000126,1.5,11563.795995,11510.664577
2020-06-30,2020-06-30 01:00:00,SHORT,11398.403033,11454.105756,55.70272300000033,11314.8489485,2020-06-30 08:56:00,11454.105756,SL,-55.70272300000033,-1.0,11452.105756,11406.972616
2020-07-01,2020-07-01 01:00:00,SHORT,11558.939897,11605.216079,46.27618199999961,11489.525624000002,2020-07-01 02:34:00,11605.216079,SL,-46.27618199999961,-1.0,11603.216079,11564.938606
2020-07-02,2020-07-02 01:00:00,LONG,11780.320805,11712.906317,67.41448799999853,11881.442536999997,2020-07-02 08:34:00,11881.442536999997,TP,101.12173199999779,1.5,11768.037735,11714.906317
2020-07-03,2020-07-03 01:00:00,LONG,11861.160543,11812.599139,48.56140400000004,11934.002649,2020-07-03 09:25:00,11812.599139,SL,-48.56140400000004,-1.0,11851.162695,11814.599139
2020-07-07,2020-07-07 01:00:00,SHORT,12081.398839,12187.376452,105.97761300000093,11922.432419499997,2020-07-07 09:20:00,12187.376452,SL,-105.97761300000093,-1.0,12185.376452,12095.681478
2020-07-08,2020-07-08 01:00:00,SHORT,12009.414337,12082.541881,73.12754399999903,11899.723021000002,2020-07-08 02:36:00,12082.541881,SL,-73.12754399999903,-1.0,12080.541881,12011.69956
2020-07-10,2020-07-10 01:00:00,SHORT,12193.089077,12294.781899,101.69282199999907,12040.549844000001,2020-07-10 12:21:00,12294.781899,SL,-101.69282199999907,-1.0,12292.781899,12201.087355
2020-07-13,2020-07-13 01:00:00,LONG,12460.460083,12404.75736,55.70272300000033,12544.014167500001,2020-07-13 08:39:00,12544.014167500001,TP,83.55408450000141,1.5,12456.460944,12406.75736
2020-07-14,2020-07-14 01:15:00,LONG,12209.371286,12121.675451,87.69583500000044,12340.9150385,2020-07-14 02:40:00,12121.675451,SL,-87.69583500000044,-1.0,12181.377313,12123.675451
2020-07-16,2020-07-16 03:00:00,SHORT,12079.684922,12175.664688,95.97976600000038,11935.715273,2020-07-16 15:14:00,12017.698268,FORCE_CLOSE,61.98665400000027,0.645830434718918,12173.664688,12083.684061
2020-07-17,2020-07-17 03:15:00,LONG,12123.675451,12058.831838,64.8436129999991,12220.940870499999,2020-07-17 09:25:00,12058.831838,SL,-64.8436129999991,-1.0,12120.53327,12060.831838
2020-07-21,2020-07-21 01:00:00,LONG,12616.712156,12493.595375,123.11678099999881,12801.387327499997,2020-07-21 08:39:00,12493.595375,SL,-123.11678099999881,-1.0,12592.717322,12495.595375
2020-07-22,2020-07-22 02:30:00,SHORT,12363.623789,12475.028806,111.40501700000095,12196.516263499998,2020-07-22 15:14:00,12349.626803,FORCE_CLOSE,13.996986000000106,0.12564053556044058,12473.028806,12392.189068
2020-07-23,2020-07-23 01:00:00,LONG,12428.752624,12345.055928,83.69669600000088,12554.297668000003,2020-07-23 08:34:00,12345.055928,SL,-83.69669600000088,-1.0,12400.187346,12347.055928
2020-07-24,2020-07-24 01:45:00,SHORT,11913.720655,12110.250201,196.52954600000157,11618.926335999997,2020-07-24 15:14:00,11949.1416,FORCE_CLOSE,-35.420945000001666,-0.1802321621401465,12108.250201,11940.572016
2020-07-28,2020-07-28 02:45:00,SHORT,12204.229536,12294.781899,90.55236299999888,12068.400991500002,2020-07-28 08:54:00,12068.400991500002,TP,135.82854449999832,1.5,12292.781899,12205.086494
2020-07-29,2020-07-29 02:00:00,LONG,12095.395825,12009.413907,85.9819179999995,12224.368702,2020-07-29 15:14:00,12197.373869,FORCE_CLOSE,101.9780439999995,1.1860405812301151,12088.825811,12011.413907
2020-07-30,2020-07-30 01:15:00,SHORT,12169.094244,12215.370425,46.27618099999927,12099.679972500002,2020-07-30 02:15:00,12099.679972500002,TP,69.414271499998,1.5,12213.370425,12170.80816
2020-08-04,2020-08-04 01:30:00,LONG,12666.701393,12597.287336,69.41405699999996,12770.822478499998,2020-08-04 02:51:00,12597.287336,SL,-69.41405699999996,-1.0,12650.99049,12599.287336
2020-08-05,2020-08-05 01:30:00,LONG,12696.12363,12630.423059,65.7005709999994,12794.6744865,2020-08-05 15:14:00,12670.414879,FORCE_CLOSE,-25.70875100000012,-0.3913017894471626,12686.411435,12632.423059
2020-08-10,2020-08-10 01:00:00,LONG,12712.691491,12662.130518,50.56097299999965,12788.532950499999,2020-08-10 08:56:00,12662.130518,SL,-50.56097299999965,-1.0,12708.121047,12664.130518
2020-08-11,2020-08-11 02:30:00,LONG,12714.691061,12633.56524,81.12582099999963,12836.3797925,2020-08-11 07:26:00,12633.56524,SL,-81.12582099999963,-1.0,12711.54888,12635.56524
2020-08-12,2020-08-12 02:00:00,LONG,12511.877584,12427.895235,83.98234899999989,12637.851107499999,2020-08-12 08:59:00,12637.851107499999,TP,125.97352349999892,1.5,12510.734973,12429.895235
2020-08-14,2020-08-14 01:00:00,LONG,12824.953035,12777.24859,47.704445000001215,12896.509702500003,2020-08-14 02:31:00,12777.24859,SL,-47.704445000001215,-1.0,12813.812577,12779.24859
2020-08-17,2020-08-17 02:15:00,LONG,12790.960354,12737.2572,53.70315400000072,12871.515085000003,2020-08-17 08:59:00,12871.515085000003,TP,80.554731000002,1.5,12785.818604,12739.2572
2020-08-21,2020-08-21 02:15:00,SHORT,13113.748,13169.450723,55.70272300000033,13030.1939155,2020-08-21 09:28:00,13169.450723,SL,-55.70272300000033,-1.0,13167.450723,13127.744986
2020-08-24,2020-08-24 01:00:00,LONG,13272.8566,13214.583002,58.273597999999765,13360.266996999999,2020-08-24 07:53:00,13360.266996999999,TP,87.41039699999965,1.5,13271.428336,13216.583002
2020-08-26,2020-08-26 03:30:00,LONG,13442.248701,13400.257311,41.99139000000105,13505.235786000001,2020-08-26 09:35:00,13505.235786000001,TP,62.98708500000066,1.5,13434.821729,13402.257311
2020-09-01,2020-09-01 01:30:00,LONG,13925.858864,13820.452556,105.40630799999963,14083.968325999998,2020-09-01 15:14:00,14068.970909,FORCE_CLOSE,143.11204499999985,1.357718031448368,13910.719266,13822.452556
2020-09-02,2020-09-02 02:15:00,LONG,14191.801606,14076.397451,115.40415500000017,14364.907838500001,2020-09-02 08:54:00,14076.397451,SL,-115.40415500000017,-1.0,14188.08812,14078.397451
2020-09-03,2020-09-03 04:00:00,SHORT,14102.96359,14214.654259,111.69066900000144,13935.427586499998,2020-09-03 08:34:00,13935.427586499998,TP,167.53600350000124,1.5,14212.654259,14122.673632
2020-09-04,2020-09-04 02:15:00,LONG,13409.398631,13232.293474,177.10515699999996,13675.0563665,2020-09-04 08:47:00,13232.293474,SL,-177.10515699999996,-1.0,13379.976394,13234.293474
2020-09-08,2020-09-08 03:00:00,SHORT,13090.324471,13237.721738,147.39726700000028,12869.2285705,2020-09-08 05:06:00,12869.2285705,TP,221.09590050000043,1.5,13235.721738,13106.035374
2020-09-09,2020-09-09 02:30:00,LONG,12826.381299,12567.293794,259.08750500000133,13215.012556500002,2020-09-09 15:14:00,13021.48215,FORCE_CLOSE,195.10085099999924,0.7530307221878502,12752.968534,12569.293794
2020-09-10,2020-09-10 02:45:00,SHORT,12908.934954,13082.612277,173.6773229999999,12648.4189695,2020-09-10 07:24:00,13082.612277,SL,-173.6773229999999,-1.0,13080.612277,12944.070246
2020-09-11,2020-09-11 01:00:00,LONG,12892.652745,12772.392492,120.26025299999856,13073.043124499996,2020-09-11 08:36:00,12772.392492,SL,-120.26025299999856,-1.0,12875.513578,12774.392492
2020-09-14,2020-09-14 01:00:00,LONG,12848.979728,12743.827214,105.15251399999943,13006.708499,2020-09-14 15:14:00,12889.01572,FORCE_CLOSE,40.03599199999917,0.3807421285239018,12846.376994,12745.827214
2020-09-15,2020-09-15 01:00:00,LONG,12950.213594,12847.265699,102.94789500000115,13104.635436500002,2020-09-15 08:54:00,13104.635436500002,TP,154.42184250000173,1.5,12944.208195,12849.265699
2020-09-16,2020-09-16 03:00:00,LONG,13168.409751,13025.139893,143.26985799999966,13383.314537999999,2020-09-16 09:22:00,13025.139893,SL,-143.26985799999966,-1.0,13150.679526,13027.139893
2020-09-17,2020-09-17 01:00:00,SHORT,12657.378908,12910.747745,253.36883699999998,12277.3256525,2020-09-17 15:14:00,12667.959849,FORCE_CLOSE,-10.580941000000166,-0.041761019726353196,12908.747745,12657.66488
2020-09-18,2020-09-18 01:00:00,LONG,12739.452692,12605.905861,133.54683100000148,12939.772938500002,2020-09-18 08:50:00,12605.905861,SL,-133.54683100000148,-1.0,12717.146925,12607.905861
2020-09-21,2020-09-21 01:15:00,SHORT,12436.609009,12573.587497,136.97848800000065,12231.141276999999,2020-09-21 09:31:00,12231.141276999999,TP,205.46773200000098,1.5,12571.587497,12445.760093
2020-09-22,2020-09-22 01:15:00,SHORT,12503.52631,12639.074941,135.54863100000148,12300.203363499997,2020-09-22 04:25:00,12639.074941,SL,-135.54863100000148,-1.0,12637.074941,12514.107251
2020-09-23,2020-09-23 01:00:00,LONG,12736.87895,12667.675677,69.20327300000099,12840.6838595,2020-09-23 08:58:00,12667.675677,SL,-69.20327300000099,-1.0,12727.727866,12669.675677
2020-09-24,2020-09-24 01:30:00,SHORT,12265.026186,12409.7259,144.6997140000003,12047.976615,2020-09-24 08:50:00,12409.7259,SL,-144.6997140000003,-1.0,12407.7259,12268.171871
2020-09-25,2020-09-25 01:00:00,SHORT,12475.501116,12557.859071,82.35795500000131,12351.964183499997,2020-09-25 09:40:00,12557.859071,SL,-82.35795500000131,-1.0,12555.859071,12492.659398
2020-09-28,2020-09-28 01:00:00,LONG,12815.807049,12741.17032,74.63672899999983,12927.7621425,2020-09-28 05:09:00,12927.7621425,TP,111.95509350000066,1.5,12801.50848,12743.17032
2020-09-29,2020-09-29 01:30:00,SHORT,13020.27658,13093.769423,73.492843,12910.0373155,2020-09-29 15:14:00,12969.659647,FORCE_CLOSE,50.616932999999335,0.68873281987471,13091.769423,13036.290977
2020-09-30,2020-09-30 01:00:00,SHORT,12794.645167,13073.179484,278.53431699999965,12376.843691500002,2020-09-30 09:00:00,13073.179484,SL,-278.53431699999965,-1.0,13071.179484,12847.549871
2020-10-01,2020-10-01 01:00:00,LONG,13141.814413,13049.447459,92.36695399999917,13280.364844,2020-10-01 15:14:00,13238.758708,FORCE_CLOSE,96.94429499999933,1.0495560457693582,13129.231673,13051.447459
2020-10-02,2020-10-02 01:00:00,SHORT,13001.116498,13264.208361,263.09186300000147,12606.478703499997,2020-10-02 15:14:00,12849.265699,FORCE_CLOSE,151.85079899999982,0.5771778620154397,13262.208361,13100.062593
2020-10-05,2020-10-05 02:00:00,SHORT,12919.614657,13003.116498,83.50184099999933,12794.361895500002,2020-10-05 08:43:00,13003.116498,SL,-83.50184099999933,-1.0,13001.116498,12927.907827
2020-10-07,2020-10-07 01:00:00,LONG,12944.494166,12832.109217,112.38494900000114,13113.071589500003,2020-10-07 12:00:00,13113.071589500003,TP,168.57742350000262,1.5,12928.193798,12834.109217
2020-10-08,2020-10-08 01:00:00,LONG,13198.436745,13122.370159,76.06658600000083,13312.536624000002,2020-10-08 15:14:00,13201.296459,FORCE_CLOSE,2.8597139999983483,0.03759487772986574,13178.70472,13124.370159
2020-10-09,2020-10-09 01:45:00,SHORT,13223.316254,13273.931387,50.61513300000115,13147.393554499999,2020-10-09 07:47:00,13273.931387,SL,-50.61513300000115,-1.0,13271.931387,13227.033882
2020-10-12,2020-10-12 01:00:00,LONG,13474.399119,13401.76419,72.63492899999983,13583.3515125,2020-10-12 03:32:00,13583.3515125,TP,108.95239349999974,1.5,13471.253434,13403.76419
2020-10-13,2020-10-13 03:30:00,LONG,13884.482067,13763.803947,120.67812000000049,14065.499247000002,2020-10-13 08:45:00,13763.803947,SL,-120.67812000000049,-1.0,13861.890328,13765.803947
2020-10-15,2020-10-15 01:45:00,SHORT,13546.463905,13702.030532,155.56662700000015,13313.1139645,2020-10-15 15:14:00,13582.782269,FORCE_CLOSE,-36.31836399999884,-0.23345858106185463,13700.030532,13568.483701
2020-10-19,2020-10-19 02:00:00,LONG,13653.131227,13568.771471,84.35975599999983,13779.670860999999,2020-10-19 09:00:00,13568.771471,SL,-84.35975599999983,-1.0,13636.258916,13570.771471
2020-10-21,2020-10-21 02:00:00,SHORT,13371.735396,13436.93507,65.1996739999995,13273.935885,2020-10-21 04:00:00,13273.935885,TP,97.79951099999926,1.5,13434.93507,13372.879282
2020-10-26,2020-10-26 02:00:00,SHORT,13248.195764,13315.397236,67.20147200000065,13147.393555999999,2020-10-26 08:37:00,13315.397236,SL,-67.20147200000065,-1.0,13313.397236,13266.783903
2020-10-27,2020-10-27 01:00:00,LONG,13199.008688,13127.803615,71.20507299999917,13305.816297499998,2020-10-27 15:14:00,13261.922389,FORCE_CLOSE,62.91370099999949,0.8835564426708785,13191.28746,13129.803615
2020-10-28,2020-10-28 01:00:00,LONG,13219.312655,13170.127379,49.18527600000016,13293.090569,2020-10-28 02:11:00,13170.127379,SL,-49.18527600000016,-1.0,13209.589628,13172.127379
2020-10-29,2020-10-29 01:00:00,LONG,12885.584064,12771.769257,113.81480700000066,13056.306274500002,2020-10-29 06:55:00,12771.769257,SL,-113.81480700000066,-1.0,12873.001323,12773.769257
2020-10-30,2020-10-30 01:00:00,SHORT,12645.368111,12856.985127,211.61701600000015,12327.942587,2020-10-30 06:00:00,12856.985127,SL,-211.61701600000015,-1.0,12854.985127,12762.616373
2020-11-02,2020-11-02 01:45:00,LONG,12690.551588,12562.438212,128.11337600000115,12882.721652000002,2020-11-02 12:18:00,12562.438212,SL,-128.11337600000115,-1.0,12682.258418,12564.438212
2020-11-03,2020-11-03 02:30:00,LONG,12738.022835,12656.808765,81.21406999999999,12859.843939999999,2020-11-03 09:08:00,12859.843939999999,TP,121.82110499999908,1.5,12726.583981,12658.808765
2020-11-05,2020-11-05 01:15:00,LONG,13732.059325,13462.962064,269.0972610000008,14135.705216500002,2020-11-05 15:14:00,13850.737445,FORCE_CLOSE,118.67812000000049,0.4410231436729493,13711.755358,13464.962064
2020-11-06,2020-11-06 03:45:00,SHORT,13618.242719,13822.138508,203.89578900000015,13312.399035499999,2020-11-06 12:04:00,13822.138508,SL,-203.89578900000015,-1.0,13820.138508,13625.106032
2020-11-10,2020-11-10 04:00:00,SHORT,13355.149057,13607.088036,251.93897899999865,12977.240588500003,2020-11-10 15:14:00,13297.38284,FORCE_CLOSE,57.766217000000324,0.2292865408492452,13605.088036,13362.01237
2020-11-11,2020-11-11 02:30:00,LONG,13411.771389,13243.907993,167.86339599999883,13663.566482999999,2020-11-11 15:14:00,13607.375807,FORCE_CLOSE,195.6044180000008,1.1652595066050144,13381.172452,13245.907993
2020-11-12,2020-11-12 03:30:00,LONG,13625.106032,13474.400919,150.70511299999998,13851.1637015,2020-11-12 14:05:00,13474.400919,SL,-150.70511299999998,-1.0,13615.097034,13476.400919
2020-11-13,2020-11-13 01:00:00,LONG,13580.78047,13501.282228,79.49824199999966,13700.027833,2020-11-13 09:57:00,13501.282228,SL,-79.49824199999966,-1.0,13577.920756,13503.282228
2020-11-16,2020-11-16 01:15:00,SHORT,13738.636667,13797.54497,58.90830300000016,13650.2742125,2020-11-16 05:59:00,13650.2742125,TP,88.36245450000024,1.5,13795.54497,13740.924438
2020-11-18,2020-11-18 02:15:00,LONG,13723.766156,13647.69957,76.066585999999,13837.866035,2020-11-18 08:54:00,13647.69957,SL,-76.066585999999,-1.0,13708.03773,13649.69957
2020-11-19,2020-11-19 01:00:00,LONG,13600.798466,13531.595193,69.20327300000099,13704.603375500003,2020-11-19 02:47:00,13531.595193,SL,-69.20327300000099,-1.0,13599.368609,13533.595193
2020-11-23,2020-11-23 03:00:00,LONG,13685.445992,13640.550286,44.895706000001155,13752.789551000002,2020-11-23 07:42:00,13640.550286,SL,-44.895706000001155,-1.0,13675.436994,13642.550286
2020-11-24,2020-11-24 03:15:00,SHORT,13654.847055,13704.890245,50.04319000000032,13579.78227,2020-11-24 09:51:00,13704.890245,SL,-50.04319000000032,-1.0,13702.890245,13656.276912
2020-11-25,2020-11-25 03:15:00,SHORT,13836.438876,13926.518059,90.07918299999983,13701.320101500001,2020-11-25 14:34:00,13926.518059,SL,-90.07918299999983,-1.0,13924.518059,13845.58996
2020-11-27,2020-11-27 01:00:00,LONG,13943.964112,13881.05221,62.91190199999983,14038.331965,2020-11-27 09:18:00,14038.331965,TP,94.36785299999974,1.5,13938.530656,13883.05221
2020-12-04,2020-12-04 02:00:00,LONG,14318.300639,14271.689105,46.611533999999665,14388.217939999999,2020-12-04 07:30:00,14271.689105,SL,-46.611533999999665,-1.0,14314.011068,14273.689105
2020-12-07,2020-12-07 02:00:00,SHORT,14308.005669,14362.33843,54.332760999999664,14226.506527500002,2020-12-07 08:35:00,14362.33843,SL,-54.332760999999664,-1.0,14360.33843,14309.721497
2020-12-08,2020-12-08 02:45:00,LONG,14398.372623,14358.624402,39.74822099999983,14457.994954499998,2020-12-08 05:31:00,14358.624402,SL,-39.74822099999983,-1.0,14394.369024,14360.624402
2020-12-09,2020-12-09 02:45:00,SHORT,14451.277327,14489.881662,38.60433499999999,14393.3708245,2020-12-09 09:11:00,14393.3708245,TP,57.90650249999999,1.5,14487.881662,14452.135241
2020-12-10,2020-12-10 01:15:00,SHORT,14084.662027,14155.295157,70.63313000000016,13978.712332,2020-12-10 04:33:00,14155.295157,SL,-70.63313000000016,-1.0,14153.295157,14088.379655
2020-12-11,2020-12-11 02:15:00,SHORT,14110.399451,14202.480433,92.08098200000131,13972.277977999998,2020-12-11 15:14:00,14145.287958,FORCE_CLOSE,-34.88850700000148,-0.3788893889077007,14200.480433,14136.422846
2020-12-14,2020-12-14 01:45:00,LONG,14215.350945,14166.737611,48.61333399999967,14288.270946,2020-12-14 08:39:00,14288.270946,TP,72.92000100000041,1.5,14212.20526,14168.737611
2020-12-15,2020-12-15 01:30:00,LONG,14279.678844,14201.626118,78.0527259999999,14396.757933,2020-12-15 14:24:00,14396.757933,TP,117.07908900000075,1.5,14278.550618,14203.626118
2020-12-16,2020-12-16 02:15:00,LONG,14450.60054,14380.860671,69.73986899999909,14555.210343499999,2020-12-16 08:38:00,14380.860671,SL,-69.73986899999909,-1.0,14435.451962,14382.860671
2020-12-17,2020-12-17 01:00:00,LONG,14542.063655,14485.757431,56.30622399999993,14626.522991,2020-12-17 15:14:00,14575.504857,FORCE_CLOSE,33.441201999999976,0.5939166156835525,14535.203922,14487.757431
2020-12-18,2020-12-18 03:00:00,LONG,14590.653435,14525.772544,64.8808910000007,14687.974771500001,2020-12-18 09:01:00,14525.772544,SL,-64.8808910000007,-1.0,14581.507124,14527.772544
2020-12-21,2020-12-21 01:15:00,SHORT,14538.062144,14608.087836,70.02569200000107,14433.023605999999,2020-12-21 04:02:00,14433.023605999999,TP,105.0385380000007,1.5,14606.087836,14551.781611
2020-12-22,2020-12-22 03:00:00,LONG,14552.9249,14458.032674,94.89222599999994,14695.263239,2020-12-22 10:32:00,14458.032674,SL,-94.89222599999994,-1.0,14551.781611,14460.032674
2020-12-23,2020-12-23 01:00:00,LONG,14549.495033,14437.739295,111.75573799999984,14717.128639999999,2020-12-23 15:10:00,14437.739295,SL,-111.75573799999984,-1.0,14546.636811,14439.739295
2020-12-28,2020-12-28 01:00:00,LONG,14619.521481,14546.923389,72.59809200000018,14728.418619,2020-12-28 15:14:00,14675.828461,FORCE_CLOSE,56.306979999999385,0.7755986204155234,14618.09237,14548.923389
2020-12-29,2020-12-29 01:00:00,LONG,14733.564553,14691.54944,42.015112999999474,14796.587222499998,2020-12-29 08:57:00,14691.54944,SL,-42.015112999999474,-1.0,14731.563797,14693.54944
2020-12-30,2020-12-30 01:15:00,LONG,14742.710864,14664.110505,78.60035900000003,14860.6114025,2020-12-30 09:38:00,14664.110505,SL,-78.60035900000003,-1.0,14740.710108,14666.110505
2021-01-04,2021-01-04 01:00:00,LONG,14774.437132,14660.966461,113.47067099999913,14944.643138499998,2021-01-04 09:46:00,14660.966461,SL,-113.47067099999913,-1.0,14722.703308,14662.966461
2021-01-05,2021-01-05 01:45:00,SHORT,14463.176719,14553.209967,90.03324800000155,14328.126846999996,2021-01-05 08:40:00,14553.209967,SL,-90.03324800000155,-1.0,14551.209967,14476.324541
2021-01-06,2021-01-06 01:45:00,SHORT,14374.286004,14686.68895,312.40294600000016,13905.681584999998,2021-01-06 15:14:00,14438.024362,FORCE_CLOSE,-63.73835800000052,-0.2040261105604314,14684.68895,14379.144982
2021-01-08,2021-01-08 01:00:00,LONG,14839.318779,14783.584199,55.73457999999846,14922.920648999996,2021-01-08 09:05:00,14922.920648999996,TP,83.60186999999678,1.5,14837.889668,14785.584199
2021-01-12,2021-01-12 03:30:00,LONG,14802.161889,14730.707086,71.45480300000054,14909.344093500002,2021-01-12 07:57:00,14730.707086,SL,-71.45480300000054,-1.0,14799.875311,14732.707086
2021-01-20,2021-01-20 01:00:00,LONG,14936.498339,14880.192115,56.30622399999993,15020.957675,2021-01-20 08:26:00,15020.957675,TP,84.4593359999999,1.5,14930.21025,14882.192115
2021-01-22,2021-01-22 02:15:00,SHORT,15238.898263,15314.6404,75.7421370000011,15125.285057499997,2021-01-22 14:38:00,15314.6404,SL,-75.7421370000011,-1.0,15312.6404,15243.185597
2021-01-25,2021-01-25 01:45:00,LONG,15407.819204,15305.4956,102.32360399999925,15561.30461,2021-01-25 09:58:00,15305.4956,SL,-102.32360399999925,-1.0,15398.958715,15307.4956
2021-01-27,2021-01-27 02:15:00,SHORT,15468.985162,15516.145075,47.159912999999506,15398.245292500002,2021-01-27 05:48:00,15398.245292500002,TP,70.73986949999926,1.5,15514.145075,15474.701607
2021-01-28,2021-01-28 02:30:00,SHORT,14830.172468,15013.097942,182.92547399999967,14555.784257000001,2021-01-28 08:01:00,15013.097942,SL,-182.92547399999967,-1.0,15011.097942,14835.317268
2021-02-01,2021-02-01 01:15:00,LONG,14871.33087,14614.377436,256.9534339999991,15256.761020999998,2021-02-01 15:14:00,15105.41928,FORCE_CLOSE,234.0884100000003,0.9110149117524583,14843.034468,14616.377436
2021-02-03,2021-02-03 01:45:00,LONG,15522.148098,15404.675915,117.47218299999986,15698.356372499999,2021-02-03 08:32:00,15404.675915,SL,-117.47218299999986,-1.0,15488.135252,15406.675915
2021-02-10,2021-02-10 01:30:00,LONG,15737.658063,15637.049392,100.60867099999996,15888.571069500002,2021-02-10 09:19:00,15637.049392,SL,-100.60867099999996,-1.0,15721.93784,15639.049392
2021-02-11,2021-02-11 02:15:00,LONG,15643.050903,15561.020678,82.03022499999861,15766.096240499997,2021-02-11 15:14:00,15687.639172,FORCE_CLOSE,44.588268999999855,0.5435590235184727,15629.90308,15563.020678
2021-02-12,2021-02-12 01:45:00,SHORT,15664.201749,15713.076595,48.874846000000616,15590.889479999998,2021-02-12 10:29:00,15713.076595,SL,-48.874846000000616,-1.0,15711.076595,15665.345038
2021-02-16,2021-02-16 03:15:00,SHORT,15839.410778,15894.287892,54.8771140000008,15757.095106999997,2021-02-16 10:27:00,15757.095106999997,TP,82.31567100000211,1.5,15892.287892,15842.840645
2021-02-17,2021-02-17 02:45:00,LONG,15753.092464,15654.198726,98.89373799999885,15901.433070999998,2021-02-17 07:48:00,15654.198726,SL,-98.89373799999885,-1.0,15745.375263,15656.198726
2021-02-18,2021-02-18 02:15:00,SHORT,15561.591566,15691.639928,130.04836200000136,15366.519022999997,2021-02-18 15:14:00,15592.74619,FORCE_CLOSE,-31.154624000000695,-0.239561833158655,15689.639928,15562.163211
2021-02-19,2021-02-19 02:45:00,LONG,15608.752235,15489.565119,119.18711599999915,15787.532908999998,2021-02-19 12:09:00,15489.565119,SL,-119.18711599999915,-1.0,15597.033524,15491.565119
2021-02-22,2021-02-22 01:00:00,SHORT,15403.531871,15583.884945,180.35307400000056,15133.002259999997,2021-02-22 14:36:00,15133.002259999997,TP,270.52961100000175,1.5,15581.884945,15458.981384
2021-02-23,2021-02-23 03:00:00,SHORT,15027.961454,15248.615464,220.6540100000002,14696.980438999999,2021-02-23 08:41:00,14696.980438999999,TP,330.9810150000012,1.5,15246.615464,15085.125901
2021-02-25,2021-02-25 02:00:00,SHORT,15148.578437,15261.763287,113.18484999999964,14978.801162,2021-02-25 09:38:00,14978.801162,TP,169.77727500000037,1.5,15259.763287,15176.303194
2021-02-26,2021-02-26 02:30:00,LONG,14750.142242,14474.610364,275.5318779999998,15163.440059,2021-02-26 15:14:00,14737.280242,FORCE_CLOSE,-12.86199999999917,-0.04668062401113232,14710.412952,14476.610364
2021-03-01,2021-03-01 01:00:00,LONG,14972.511941,14858.183803,114.32813800000076,15144.004148000002,2021-03-01 13:13:00,15144.004148000002,TP,171.49220700000114,1.5,14960.793229,14860.183803
2021-03-02,2021-03-02 01:30:00,SHORT,15088.84159,15237.468397,148.62680700000055,14865.9013795,2021-03-02 15:14:00,14951.075273,FORCE_CLOSE,137.76631699999962,0.9269277849721894,15235.468397,15099.417013
2021-03-03,2021-03-03 01:00:00,LONG,15043.110033,14937.070739,106.03929400000015,15202.168974,2021-03-03 07:31:00,14937.070739,SL,-106.03929400000015,-1.0,15035.392832,14939.070739
2021-03-04,2021-03-04 02:00:00,LONG,14503.763476,14301.973734,201.78974200000084,14806.448089000001,2021-03-04 09:20:00,14301.973734,SL,-201.78974200000084,-1.0,14480.897697,14303.973734
2021-03-08,2021-03-08 01:00:00,SHORT,14266.816843,14501.761965,234.94512199999917,13914.39916,2021-03-08 08:44:00,14501.761965,SL,-234.94512199999917,-1.0,14499.761965,14303.973734
2021-03-09,2021-03-09 01:45:00,LONG,14275.677333,14090.179458,185.4978749999991,14553.924145499997,2021-03-09 09:02:00,14553.924145499997,TP,278.24681249999776,1.5,14262.52951,14092.179458
2021-03-11,2021-03-11 01:00:00,LONG,14742.425042,14545.494278,196.93076400000064,15037.821188000002,2021-03-11 15:14:00,14931.925183,FORCE_CLOSE,189.50014099999862,0.9622678404883354,14698.69424,14547.494278
2021-03-12,2021-03-12 01:00:00,SHORT,14783.869266,14973.368652,189.4993859999995,14499.620187,2021-03-12 15:14:00,14788.728244,FORCE_CLOSE,-4.8589780000002065,-0.02564112793484312,14971.368652,14858.468869
2021-03-15,2021-03-15 01:00:00,SHORT,14755.572865,14875.617448,120.04458300000078,14575.505990499998,2021-03-15 13:21:00,14875.617448,SL,-120.04458300000078,-1.0,14873.617448,14778.438643
2021-03-16,2021-03-16 01:45:00,LONG,15046.278286,14925.352028,120.92625800000133,15227.667673000004,2021-03-16 15:14:00,15049.71044,FORCE_CLOSE,3.4321540000000823,0.028382206286413365,15019.958432,14927.352028
2021-03-18,2021-03-18 02:15:00,SHORT,14990.219766,15180.130212,189.91044599999987,14705.354097,2021-03-18 13:36:00,14705.354097,TP,284.8656690000007,1.5,15178.130212,15062.008993
2021-03-19,2021-03-19 01:00:00,SHORT,14553.192123,14668.453214,115.26109099999849,14380.300486500004,2021-03-19 02:17:00,14668.453214,SL,-115.26109099999849,-1.0,14666.453214,14588.657717
2021-03-23,2021-03-23 01:00:00,SHORT,14882.106907,14995.079895,112.97298800000135,14712.647424999997,2021-03-23 07:54:00,14995.079895,SL,-112.97298800000135,-1.0,14993.079895,14887.541151
2021-03-24,2021-03-24 03:15:00,LONG,14985.357548,14889.259318,96.0982299999996,15129.504893,2021-03-24 08:38:00,14889.259318,SL,-96.0982299999996,-1.0,14956.756262,14891.259318
2021-03-25,2021-03-25 03:15:00,LONG,14699.05868,14586.94373,112.11494999999923,14867.231104999999,2021-03-25 06:52:00,14586.94373,SL,-112.11494999999923,-1.0,14681.897908,14588.94373
2021-03-26,2021-03-26 01:00:00,LONG,14724.513824,14619.263183,105.25064100000054,14882.3897855,2021-03-26 05:42:00,14619.263183,SL,-105.25064100000054,-1.0,14689.620255,14621.263183
2021-03-29,2021-03-29 01:00:00,SHORT,14679.03778,14817.465912,138.4281319999991,14471.395582000001,2021-03-29 05:46:00,14817.465912,SL,-138.4281319999991,-1.0,14815.465912,14696.484564
2021-03-30,2021-03-30 01:15:00,SHORT,14756.833276,14854.36157,97.52829399999973,14610.540835,2021-03-30 15:14:00,14750.254981,FORCE_CLOSE,6.578294999999343,0.06745011862915762,14852.36157,14763.983598
2021-04-01,2021-04-01 01:00:00,LONG,15032.549669,14980.783432,51.76623699999982,15110.1990245,2021-04-01 02:41:00,15110.1990245,TP,77.64935549999973,1.5,15031.691631,14982.783432
2021-04-05,2021-04-05 02:30:00,SHORT,15231.900629,15281.950789,50.05016000000069,15156.825388999998,2021-04-05 03:20:00,15281.950789,SL,-50.05016000000069,-1.0,15279.950789,15233.902719
2021-04-06,2021-04-06 02:00:00,SHORT,15495.890495,15586.55448,90.66398500000105,15359.894517499997,2021-04-06 10:10:00,15586.55448,SL,-90.66398500000105,-1.0,15584.55448,15521.345639
2021-04-07,2021-04-07 02:45:00,LONG,15557.669272,15498.180688,59.48858399999881,15646.902147999997,2021-04-07 07:37:00,15498.180688,SL,-59.48858399999881,-1.0,15556.811233,15500.180688
2021-04-08,2021-04-08 01:00:00,LONG,15706.681969,15574.832133,131.8498359999994,15904.456723,2021-04-08 15:14:00,15751.013962,FORCE_CLOSE,44.3319930000016,0.3362309301621111,15682.370877,15576.832133
2021-04-09,2021-04-09 01:00:00,SHORT,15723.270715,15837.673767,114.40305199999966,15551.666137,2021-04-09 15:14:00,15798.778109,FORCE_CLOSE,-75.5073940000002,-0.6600120598181282,15835.673767,15766.744669
2021-04-13,2021-04-13 01:45:00,SHORT,15765.600618,15823.659137,58.05851900000016,15678.5128395,2021-04-13 07:32:00,15823.659137,SL,-58.05851900000016,-1.0,15821.659137,15769.318785
2021-04-14,2021-04-14 03:15:00,LONG,16006.995468,15966.097719,40.89774899999975,16068.342091499999,2021-04-14 08:32:00,15966.097719,SL,-40.89774899999975,-1.0,16000.703185,15968.097719
2021-04-15,2021-04-15 01:15:00,LONG,15836.817819,15773.611068,63.20675099999971,15931.6279455,2021-04-15 07:17:00,15931.6279455,TP,94.81012650000048,1.5,15829.095471,15775.611068
2021-04-20,2021-04-20 01:45:00,SHORT,15895.164441,15940.352382,45.18794099999832,15827.382529500002,2021-04-20 03:26:00,15940.352382,SL,-45.18794099999832,-1.0,15938.352382,15899.168621
2021-04-21,2021-04-21 01:15:00,LONG,15747.581808,15682.658979,64.922829000001,15844.966051500003,2021-04-21 08:40:00,15682.658979,SL,-64.922829000001,-1.0,15743.005602,15684.658979
2021-04-22,2021-04-22 01:00:00,LONG,15932.346112,15875.145631,57.200480999999854,16018.146833499999,2021-04-22 08:40:00,15875.145631,SL,-57.200480999999854,-1.0,15919.189521,15877.145631
2021-04-23,2021-04-23 01:15:00,SHORT,15721.268625,15778.183093,56.91446799999903,15635.896923000002,2021-04-23 08:30:00,15778.183093,SL,-56.91446799999903,-1.0,15776.183093,15731.279075
2021-04-26,2021-04-26 03:15:00,SHORT,15900.884698,15954.939038,54.05434000000059,15819.803187999998,2021-04-26 08:31:00,15954.939038,SL,-54.05434000000059,-1.0,15952.939038,15908.03502
2021-04-27,2021-04-27 01:00:00,LONG,16059.33582,16031.30865,28.027169999999387,16101.376574999998,2021-04-27 04:51:00,16031.30865,SL,-28.027169999999387,-1.0,16053.043537,16033.30865
2021-04-28,2021-04-28 02:00:00,SHORT,15956.657205,15994.980838,38.32363299999997,15899.1717555,2021-04-28 08:35:00,15899.1717555,TP,57.48544949999996,1.5,15992.980838,15964.093539
2021-05-03,2021-05-03 01:00:00,SHORT,15857.696757,15908.318942,50.62218500000017,15781.7634795,2021-05-03 02:24:00,15908.318942,SL,-50.62218500000017,-1.0,15906.318942,15863.417014
2021-05-05,2021-05-05 03:15:00,LONG,15557.955285,15455.850785,102.10449999999946,15711.112034999998,2021-05-05 14:10:00,15455.850785,SL,-102.10449999999946,-1.0,15540.5085,15457.850785
2021-05-06,2021-05-06 02:00:00,LONG,15494.460431,15386.635674,107.82475700000032,15656.197566499999,2021-05-06 08:32:00,15386.635674,SL,-107.82475700000032,-1.0,15478.157698,15388.635674
2021-05-07,2021-05-07 02:00:00,SHORT,15559.385349,15630.886473,71.50112400000035,15452.133663,2021-05-07 07:30:00,15630.886473,SL,-71.50112400000035,-1.0,15628.886473,15562.53149
2021-05-10,2021-05-10 01:00:00,SHORT,15687.519108,15734.995152,47.47604399999909,15616.305042000002,2021-05-10 02:30:00,15616.305042000002,TP,71.21406599999864,1.5,15732.995152,15692.667339
2021-05-13,2021-05-13 02:30:00,SHORT,14839.204979,14953.894044,114.68906500000048,14667.1713815,2021-05-13 06:35:00,14953.894044,SL,-114.68906500000048,-1.0,14951.894044,14861.513982
2021-05-14,2021-05-14 01:45:00,LONG,15118.353526,14951.896134,166.45739200000025,15368.039614000001,2021-05-14 15:14:00,15322.566704,FORCE_CLOSE,204.21317799999997,1.2268195214785034,15102.622819,14953.896134
2021-05-18,2021-05-18 01:00:00,LONG,15313.414293,15202.443395,110.97089799999958,15479.87064,2021-05-18 13:34:00,15202.443395,SL,-110.97089799999958,-1.0,15287.959149,15204.443395
2021-05-19,2021-05-19 02:00:00,SHORT,15007.380538,15129.79195,122.41141200000129,14823.763419999997,2021-05-19 08:13:00,14823.763419999997,TP,183.61711800000194,1.5,15127.79195,15017.963013
2021-05-20,2021-05-20 02:30:00,LONG,15146.954811,15073.165585,73.78922599999896,15257.638649999997,2021-05-20 03:58:00,15073.165585,SL,-73.78922599999896,-1.0,15146.668798,15075.165585
2021-05-24,2021-05-24 02:15:00,LONG,15403.794355,15283.09902,120.69533500000034,15584.8373575,2021-05-24 09:15:00,15584.8373575,TP,181.0430025000005,1.5,15383.773456,15285.09902
2021-05-25,2021-05-25 01:00:00,LONG,15697.815571,15593.708981,104.10658999999941,15853.975455999998,2021-05-25 10:27:00,15593.708981,SL,-104.10658999999941,-1.0,15648.907373,15595.708981
2021-05-26,2021-05-26 02:15:00,SHORT,15654.341617,15698.385507,44.04389000000083,15588.275781999999,2021-05-26 06:22:00,15698.385507,SL,-44.04389000000083,-1.0,15696.385507,15657.201745
2021-05-27,2021-05-27 01:45:00,SHORT,15618.876023,15690.949172,72.07314899999983,15510.766299500001,2021-05-27 09:34:00,15690.949172,SL,-72.07314899999983,-1.0,15688.949172,15629.172486
2021-05-28,2021-05-28 01:00:00,SHORT,15644.045154,15693.809301,49.764146999999866,15569.3989335,2021-05-28 05:50:00,15693.809301,SL,-49.764146999999866,-1.0,15691.809301,15653.769591
2021-05-31,2021-05-31 03:00:00,SHORT,15658.059784,15697.813481,39.7536970000001,15598.429238499999,2021-05-31 11:59:00,15621.736151,FORCE_CLOSE,36.32363299999997,0.913717106612748,15695.813481,15662.349977
2021-06-01,2021-06-01 01:30:00,LONG,15682.084864,15639.471038,42.6138260000007,15746.005603000001,2021-06-01 08:40:00,15746.005603000001,TP,63.92073900000105,1.5,15672.932452,15641.471038
2021-06-02,2021-06-02 03:30:00,SHORT,15584.268467,15627.740331,43.471864000001005,15519.060671,2021-06-02 07:25:00,15627.740331,SL,-43.471864000001005,-1.0,15625.740331,15584.55448
2021-06-03,2021-06-03 01:30:00,SHORT,15634.320717,15684.370877,50.05015999999887,15559.245477000002,2021-06-03 05:39:00,15559.245477000002,TP,75.0752399999983,1.5,15682.370877,15642.329077
2021-06-04,2021-06-04 02:30:00,LONG,15485.022006,15405.798535,79.22347099999934,15603.8572125,2021-06-04 08:32:00,15603.8572125,TP,118.83520649999991,1.5,15482.447891,15407.798535
2021-06-07,2021-06-07 02:00:00,SHORT,15689.807211,15764.454476,74.64726500000143,15577.836313499996,2021-06-07 13:57:00,15764.454476,SL,-74.64726500000143,-1.0,15762.454476,15711.258175
2021-06-08,2021-06-08 02:00:00,SHORT,15790.769749,15864.844988,74.0752390000016,15679.656890499997,2021-06-08 06:42:00,15864.844988,SL,-74.0752390000016,-1.0,15862.844988,15803.92634
2021-06-09,2021-06-09 03:00:00,LONG,15827.95142,15792.773929,35.177490999998554,15880.717656499997,2021-06-09 08:30:00,15880.717656499997,TP,52.76623649999783,1.5,15826.521356,15794.773929
2021-06-10,2021-06-10 01:30:00,SHORT,15792.771839,15835.099651,42.32781199999954,15729.280121000002,2021-06-10 06:34:00,15729.280121000002,TP,63.49171799999931,1.5,15833.099651,15800.780199
2021-06-11,2021-06-11 01:15:00,SHORT,15971.529873,16003.847236,32.317363000000114,15923.0538285,2021-06-11 05:32:00,16003.847236,SL,-32.317363000000114,-1.0,16001.847236,15972.101899
2021-06-14,2021-06-14 02:00:00,LONG,16052.480331,16024.730355,27.74997600000097,16094.105295000001,2021-06-14 08:17:00,16024.730355,SL,-27.74997600000097,-1.0,16049.611383,16026.730355
2021-06-16,2021-06-16 02:00:00,LONG,16073.658878,16052.19751,21.46136800000022,16105.85093,2021-06-16 07:00:00,16052.19751,SL,-21.46136800000022,-1.0,16073.372681,16054.19751
2021-06-21,2021-06-21 01:15:00,LONG,16089.113494,16006.406056,82.70743799999946,16213.174650999998,2021-06-21 08:37:00,16006.406056,SL,-82.70743799999946,-1.0,16080.527596,16008.406056
2021-06-22,2021-06-22 01:00:00,SHORT,16174.686273,16205.305932,30.619658999999956,16128.7567845,2021-06-22 02:50:00,16128.7567845,TP,45.929488499999934,1.5,16203.305932,16175.544863
2021-06-23,2021-06-23 01:30:00,LONG,16373.306704,16331.239182,42.06752200000119,16436.407987000002,2021-06-23 02:32:00,16331.239182,SL,-42.06752200000119,-1.0,16371.875721,16333.239182
2021-06-24,2021-06-24 02:45:00,LONG,16379.889225,16337.821703,42.06752200000119,16442.990508000003,2021-06-24 08:32:00,16442.990508000003,TP,63.101283000001786,1.5,16379.603029,16339.821703
2021-06-28,2021-06-28 02:00:00,LONG,16455.158928,16406.508884,48.6500440000018,16528.133994000003,2021-06-28 08:31:00,16528.133994000003,TP,72.9750660000027,1.5,16445.428244,16408.508884
2021-06-29,2021-06-29 02:00:00,LONG,16596.540041,16564.203203,32.33683799999926,16645.045297999997,2021-06-29 03:04:00,16564.203203,SL,-32.33683799999926,-1.0,16595.395255,16566.203203
2021-06-30,2021-06-30 01:00:00,SHORT,16676.388889,16714.163462,37.77457299999878,16619.727029500005,2021-06-30 15:15:00,16657.213718,FORCE_CLOSE,19.175171000002592,0.5076211185763294,16712.163462,16682.685214
2021-07-01,2021-07-01 02:30:00,LONG,16693.846881,16647.200213,46.64666800000123,16763.816883000003,2021-07-01 04:17:00,16647.200213,SL,-46.64666800000123,-1.0,16686.691966,16649.200213
2021-07-02,2021-07-02 01:15:00,SHORT,16618.863375,16655.206965,36.343590000000404,16564.347990000002,2021-07-02 02:13:00,16655.206965,SL,-36.343590000000404,-1.0,16653.206965,16620.866751
2021-07-05,2021-07-05 01:00:00,SHORT,16817.770003,16854.972183,37.202180000000226,16761.966733,2021-07-05 11:59:00,16820.631968,FORCE_CLOSE,-2.8619650000000547,-0.07693003474527668,16852.972183,16824.066327
2021-07-07,2021-07-07 02:15:00,LONG,16959.151116,16888.177739,70.97337700000207,17065.611181500004,2021-07-07 09:42:00,16888.177739,SL,-70.97337700000207,-1.0,16940.262141,16890.177739
2021-07-08,2021-07-08 01:30:00,SHORT,16910.2115,16970.02321,59.81170999999813,16820.493935000006,2021-07-08 02:43:00,16820.493935000006,TP,89.71756499999537,1.5,16968.02321,16911.07009
2021-07-09,2021-07-09 02:00:00,LONG,16866.137226,16758.530685,107.60654099999738,17027.547037499993,2021-07-09 15:15:00,16955.430561,FORCE_CLOSE,89.29333500000212,0.8298132638610165,16847.248251,16760.530685
2021-07-12,2021-07-12 02:45:00,SHORT,16931.103851,16985.191629,54.08777800000098,16849.972184,2021-07-12 03:45:00,16985.191629,SL,-54.08777800000098,-1.0,16983.191629,16935.396799
2021-07-13,2021-07-13 01:00:00,SHORT,17014.95945,17042.14475,27.185300000001007,16974.1815,2021-07-13 03:52:00,17042.14475,SL,-27.185300000001007,-1.0,17040.14475,17020.683382
2021-07-14,2021-07-14 02:30:00,LONG,17046.154878,16988.918937,57.23594100000264,17132.008789500003,2021-07-14 07:37:00,17132.008789500003,TP,85.85391150000214,1.5,17042.720519,16990.918937
2021-07-15,2021-07-15 01:30:00,LONG,17086.508597,17026.41069,60.097906999999395,17176.655457499997,2021-07-15 06:20:00,17026.41069,SL,-60.097906999999395,-1.0,17085.077614,17028.41069
2021-07-16,2021-07-16 01:15:00,LONG,16929.386671,16867.571585,61.8150859999987,17022.109299999996,2021-07-16 08:35:00,17022.109299999996,TP,92.72262899999623,1.5,16924.235133,16869.571585
2021-07-21,2021-07-21 03:15:00,LONG,16890.463935,16812.049447,78.41448799999853,17008.085667,2021-07-21 06:39:00,16812.049447,SL,-78.41448799999853,-1.0,16886.74338,16814.049447
2021-07-22,2021-07-22 01:30:00,LONG,17012.669878,16976.040091,36.62978700000167,17067.614558500005,2021-07-22 09:36:00,17067.614558500005,TP,54.944680500004324,1.5,17006.945946,16978.040091
2021-07-23,2021-07-23 03:00:00,LONG,17176.946718,17129.155265,47.791452999998,17248.633897499996,2021-07-23 08:31:00,17129.155265,SL,-47.791452999998,-1.0,17169.219411,17131.155265
2021-07-26,2021-07-26 03:00:00,SHORT,17223.882959,17318.324456,94.4414969999998,17082.2207135,2021-07-26 10:59:00,17318.324456,SL,-94.4414969999998,-1.0,17316.324456,17257.081763
2021-07-27,2021-07-27 02:00:00,SHORT,17257.654156,17314.6039,56.949743999997736,17172.229540000004,2021-07-27 06:11:00,17314.6039,SL,-56.949743999997736,-1.0,17312.6039,17275.112147
2021-07-28,2021-07-28 03:15:00,LONG,17148.32706,17059.323297,89.00376300000062,17281.8327045,2021-07-28 08:42:00,17059.323297,SL,-89.00376300000062,-1.0,17124.286546,17061.323297
2021-07-29,2021-07-29 01:00:00,LONG,17168.074624,17106.259538,61.81508600000234,17260.797253000004,2021-07-29 08:46:00,17260.797253000004,TP,92.72262900000351,1.5,17163.781675,17108.259538
2021-08-02,2021-08-02 01:00:00,LONG,17213.579881,17162.067872,51.512009000001854,17290.847894500002,2021-08-02 08:36:00,17162.067872,SL,-51.512009000001854,-1.0,17212.148898,17164.067872
2021-08-04,2021-08-04 01:00:00,LONG,17247.923472,17194.12189,53.80158200000005,17328.625845,2021-08-04 07:54:00,17194.12189,SL,-53.80158200000005,-1.0,17231.32407,17196.12189
2021-08-05,2021-08-05 01:00:00,SHORT,17259.657532,17291.708173,32.050640999997995,17211.581570500006,2021-08-05 04:30:00,17291.708173,SL,-32.050640999997995,-1.0,17289.708173,17262.805694
2021-08-06,2021-08-06 01:30:00,SHORT,17347.233687,17368.122662,20.888975000001665,17315.900224499997,2021-08-06 07:30:00,17315.900224499997,TP,31.333462500002497,1.5,17366.122662,17351.526636
2021-08-09,2021-08-09 02:00:00,LONG,17263.664284,17173.515735,90.14854899999773,17398.887107499995,2021-08-09 15:15:00,17311.459114,FORCE_CLOSE,47.79483000000255,0.5301785833513943,17235.330822,17175.515735
2021-08-10,2021-08-10 02:00:00,LONG,17318.900225,17275.974113,42.92611200000101,17383.289393000003,2021-08-10 09:30:00,17275.974113,SL,-42.92611200000101,-1.0,17316.038259,17277.974113
2021-08-11,2021-08-11 02:15:00,SHORT,17184.960223,17229.889711,44.929488000001584,17117.565990999996,2021-08-11 07:30:00,17229.889711,SL,-44.929488000001584,-1.0,17227.889711,17198.125266
2021-08-12,2021-08-12 01:45:00,SHORT,17158.630137,17186.101633,27.471495999998297,17117.422893000003,2021-08-12 03:36:00,17186.101633,SL,-27.471495999998297,-1.0,17184.101633,17160.633513
2021-08-13,2021-08-13 02:00:00,LONG,17267.098643,17240.19954,26.89910299999974,17307.447297500003,2021-08-13 06:50:00,17240.19954,SL,-26.89910299999974,-1.0,17262.233301,17242.19954
2021-08-16,2021-08-16 01:00:00,SHORT,17277.115524,17312.600524,35.48500000000058,17223.888024,2021-08-16 08:52:00,17223.888024,TP,53.22750000000087,1.5,17310.600524,17278.546506
2021-08-17,2021-08-17 01:00:00,SHORT,17293.142532,17326.624157,33.48162499999671,17242.920094500005,2021-08-17 02:11:00,17242.920094500005,TP,50.222437499996886,1.5,17324.624157,17295.145909
2021-08-19,2021-08-19 01:00:00,SHORT,16931.103851,17030.41069,99.30683900000076,16782.143592499997,2021-08-19 09:18:00,17030.41069,SL,-99.30683900000076,-1.0,17028.41069,16980.61586
2021-08-20,2021-08-20 02:15:00,SHORT,17014.673254,17124.569367,109.89611299999888,16849.8290845,2021-08-20 08:00:00,17124.569367,SL,-109.89611299999888,-1.0,17122.569367,17067.619622
2021-08-24,2021-08-24 01:00:00,LONG,17559.019161,17538.70258,20.316580999999132,17589.4940325,2021-08-24 01:36:00,17589.4940325,TP,30.4748714999987,1.5,17556.157195,17540.70258
2021-08-25,2021-08-25 02:45:00,LONG,17600.23147,17566.749845,33.48162500000035,17650.4539075,2021-08-25 06:22:00,17566.749845,SL,-33.48162500000035,-1.0,17593.935145,17568.749845
2021-08-26,2021-08-26 01:45:00,SHORT,17530.971896,17593.645572,62.67367600000216,17436.961381999994,2021-08-26 15:15:00,17484.035655,FORCE_CLOSE,46.93624099999943,0.7488988040209706,17591.645572,17535.837238
2021-08-27,2021-08-27 01:30:00,LONG,17554.440016,17473.735954,80.7040620000007,17675.496109,2021-08-27 14:14:00,17675.496109,TP,121.05609299999924,1.5,17553.009033,17475.735954
2021-08-31,2021-08-31 01:00:00,LONG,17939.946818,17844.64673,95.30008799999996,18082.896950000002,2021-08-31 05:46:00,17844.64673,SL,-95.30008799999996,-1.0,17911.327159,17846.64673
2021-09-01,2021-09-01 01:00:00,LONG,17897.875919,17832.054081,65.82183799999984,17996.608675999996,2021-09-01 15:15:00,17880.704124,FORCE_CLOSE,-17.171794999998383,-0.26088294586970395,17880.131731,17834.054081
2021-09-02,2021-09-02 02:45:00,LONG,17898.448312,17857.23938,41.20893200000137,17960.261710000002,2021-09-02 12:24:00,17857.23938,SL,-41.20893200000137,-1.0,17894.727757,17859.23938
2021-09-06,2021-09-06 01:00:00,LONG,17952.253271,17905.320407,46.932864000002155,18022.652567000005,2021-09-06 11:59:00,17974.576604,FORCE_CLOSE,22.323333000000275,0.4756439538827047,17932.505706,17907.320407
2021-09-07,2021-09-07 03:00:00,SHORT,17937.943441,17971.997459,34.054017999998905,17886.862414000003,2021-09-07 04:34:00,17886.862414000003,TP,51.08102699999654,1.5,17969.997459,17938.802031
2021-09-08,2021-09-08 02:00:00,SHORT,17883.852287,17964.842544,80.99025699999765,17762.366901500005,2021-09-08 15:15:00,17872.69062,FORCE_CLOSE,11.161667000000307,0.13781493494952893,17962.842544,17925.636988
2021-09-09,2021-09-09 01:30:00,SHORT,17821.747627,17871.256261,49.50863399999798,17747.484676000004,2021-09-09 06:50:00,17871.256261,SL,-49.50863399999798,-1.0,17869.256261,17824.89579
2021-09-10,2021-09-10 02:00:00,LONG,17857.522201,17805.151601,52.370599999998376,17936.078101,2021-09-10 08:32:00,17936.078101,TP,78.55589999999938,1.5,17855.805021,17807.151601
2021-09-13,2021-09-13 03:00:00,LONG,17751.668503,17673.501172,78.16733100000056,17868.9194995,2021-09-13 08:55:00,17673.501172,SL,-78.16733100000056,-1.0,17739.609207,17675.501172
2021-09-14,2021-09-14 01:30:00,SHORT,17674.350379,17713.863988,39.51360900000145,17615.079965499997,2021-09-14 07:30:00,17713.863988,SL,-39.51360900000145,-1.0,17711.863988,17678.932194
2021-09-15,2021-09-15 03:00:00,LONG,17661.464025,17602.764068,58.69995700000072,17749.5139605,2021-09-15 08:37:00,17602.764068,SL,-58.69995700000072,-1.0,17658.314028,17604.764068
2021-09-16,2021-09-16 01:30:00,SHORT,17723.891251,17780.300301,56.40904999999839,17639.277676000005,2021-09-16 08:53:00,17639.277676000005,TP,84.61357499999576,1.5,17778.300301,17728.759429
2021-09-17,2021-09-17 01:15:00,LONG,17783.741206,17711.582168,72.15903799999796,17891.979762999996,2021-09-17 05:32:00,17711.582168,SL,-72.15903799999796,-1.0,17780.877572,17713.582168
2021-09-20,2021-09-20 01:30:00,SHORT,17404.309673,17571.255004,166.945330999999,17153.891676500003,2021-09-20 10:50:00,17153.891676500003,TP,250.41799649999666,1.5,17569.255004,17416.909663
2021-09-21,2021-09-21 02:15:00,LONG,17301.218841,17158.900764,142.3180769999999,17514.6959565,2021-09-21 09:52:00,17158.900764,SL,-142.3180769999999,-1.0,17284.037036,17160.900764
2021-09-22,2021-09-22 01:15:00,LONG,17275.732496,17100.196263,175.5362329999989,17539.0368455,2021-09-22 15:15:00,17380.541509,FORCE_CLOSE,104.80901299999823,0.5970790828124862,17262.846143,17102.196263
2021-09-23,2021-09-23 01:45:00,LONG,17430.941471,17384.841504,46.09996699999829,17500.091421499994,2021-09-23 04:05:00,17500.091421499994,TP,69.14995049999561,1.5,17430.368744,17386.841504
2021-09-24,2021-09-24 01:15:00,SHORT,17496.232331,17565.241372,69.00904100000116,17392.718769499996,2021-09-24 07:47:00,17392.718769499996,TP,103.51356150000356,1.5,17563.241372,17499.668692
2021-09-28,2021-09-28 01:15:00,SHORT,17311.241561,17403.732402,92.49084100000255,17172.505299499993,2021-09-28 02:47:00,17172.505299499993,TP,138.73626150000564,1.5,17401.732402,17333.291544
2021-09-29,2021-09-29 02:00:00,LONG,17032.323588,16904.610046,127.71354199999769,17223.893900999996,2021-09-29 10:42:00,16904.610046,SL,-127.71354199999769,-1.0,17027.741773,16906.610046
2021-09-30,2021-09-30 01:00:00,LONG,17027.169047,16910.337315,116.83173199999874,17202.416644999998,2021-09-30 10:38:00,16910.337315,SL,-116.83173199999874,-1.0,17007.696334,16912.337315
2021-10-01,2021-10-01 01:30:00,SHORT,16686.110211,16876.823706,190.71349499999997,16400.0399685,2021-10-01 06:37:00,16876.823706,SL,-190.71349499999997,-1.0,16874.823706,16694.414751
2021-10-04,2021-10-04 01:00:00,SHORT,16808.673756,16994.805436,186.1316799999986,16529.476236000002,2021-10-04 09:51:00,16529.476236000002,TP,279.1975199999979,1.5,16992.805436,16828.719195
2021-10-05,2021-10-05 02:00:00,LONG,16643.442062,16504.560346,138.88171599999987,16851.764636,2021-10-05 10:15:00,16851.764636,TP,208.32257400000162,1.5,16631.414798,16506.560346
2021-10-06,2021-10-06 02:00:00,SHORT,16629.123891,16810.387392,181.26350100000127,16357.228639499997,2021-10-06 09:30:00,16810.387392,SL,-181.26350100000127,-1.0,16808.387392,16666.351135
2021-10-07,2021-10-07 01:15:00,LONG,17060.10084,16946.132742,113.96809799999755,17231.052986999995,2021-10-07 15:15:00,17061.532657,FORCE_CLOSE,1.431817000000592,0.012563313989855501,17053.514481,16948.132742
2021-10-08,2021-10-08 01:00:00,SHORT,17034.614496,17109.923531,75.30903500000204,16921.650943499997,2021-10-08 07:36:00,17109.923531,SL,-75.30903500000204,-1.0,17107.923531,17037.764493
2021-10-12,2021-10-12 03:45:00,LONG,16834.732827,16717.042005,117.69082200000048,17011.26906,2021-10-12 15:15:00,16733.073813,FORCE_CLOSE,-101.65901400000075,-0.8637803039560752,16832.155556,16719.042005
2021-10-13,2021-10-13 02:30:00,LONG,16790.919224,16719.619276,71.29994799999986,16897.869146,2021-10-13 08:26:00,16897.869146,TP,106.94992199999979,1.5,16776.028326,16721.619276
2021-10-14,2021-10-14 01:00:00,LONG,17005.119063,16938.114566,67.00449699999808,17105.625808499994,2021-10-14 07:11:00,17105.625808499994,TP,100.5067454999953,1.5,16994.523617,16940.114566
2021-10-18,2021-10-18 01:00:00,SHORT,17255.400694,17325.841551,70.44085700000142,17149.739408499998,2021-10-18 08:47:00,17325.841551,SL,-70.44085700000142,-1.0,17323.841551,17269.432501
2021-10-19,2021-10-19 01:30:00,LONG,17548.923201,17491.941424,56.981777000000875,17634.395866500003,2021-10-19 12:23:00,17634.395866500003,TP,85.47266550000131,1.5,17544.341386,17493.941424
2021-10-21,2021-10-21 01:45:00,SHORT,17537.755027,17604.186797,66.43176999999923,17438.107372,2021-10-21 08:38:00,17604.186797,SL,-66.43176999999923,-1.0,17602.186797,17552.073198
2021-10-22,2021-10-22 02:15:00,LONG,17667.191294,17621.37769,45.81360399999903,17735.911699999997,2021-10-22 10:15:00,17621.37769,SL,-45.81360399999903,-1.0,17662.036752,17623.37769
2021-10-25,2021-10-25 01:00:00,LONG,17596.173165,17518.573222,77.59994300000108,17712.5730795,2021-10-25 11:24:00,17712.5730795,TP,116.39991450000161,1.5,17591.877714,17520.573222
2021-10-26,2021-10-26 01:15:00,LONG,17851.03661,17780.309389,70.72722100000101,17957.1274415,2021-10-26 09:15:00,17957.1274415,TP,106.09083150000151,1.5,17850.17752,17782.309389
2021-10-27,2021-10-27 01:15:00,LONG,17835.859349,17775.727575,60.13177399999768,17926.057009999997,2021-10-27 04:52:00,17775.727575,SL,-60.13177399999768,-1.0,17835.286622,17777.727575
2021-10-28,2021-10-28 01:45:00,SHORT,17864.782055,17906.300207,41.518152000000555,17802.504826999997,2021-10-28 02:18:00,17906.300207,SL,-41.518152000000555,-1.0,17904.300207,17865.068418
2021-10-29,2021-10-29 01:00:00,SHORT,17894.277487,17962.141074,67.86358699999982,17792.4821065,2021-10-29 08:41:00,17962.141074,SL,-67.86358699999982,-1.0,17960.141074,17916.041107
2021-11-01,2021-11-01 04:00:00,LONG,18223.595422,18159.168196,64.42722599999979,18320.236261,2021-11-01 08:08:00,18159.168196,SL,-64.42722599999979,-1.0,18223.022695,18161.168196
2021-11-04,2021-11-04 03:00:00,LONG,18559.786079,18499.940668,59.84541100000206,18649.554195500004,2021-11-04 09:17:00,18649.554195500004,TP,89.76811650000309,1.5,18541.45882,18501.940668
2021-11-05,2021-11-05 02:30:00,SHORT,18677.767809,18726.158683,48.39087400000062,18605.181497999998,2021-11-05 03:24:00,18726.158683,SL,-48.39087400000062,-1.0,18724.158683,18684.926894
2021-11-08,2021-11-08 02:00:00,LONG,18695.235977,18637.108747,58.12723000000187,18782.426822,2021-11-08 15:15:00,18696.381431,FORCE_CLOSE,1.1454540000013367,0.019705979452337565,18691.226889,18639.108747
2021-11-09,2021-11-09 01:00:00,LONG,18695.808704,18648.849647,46.95905700000003,18766.2472895,2021-11-09 07:44:00,18766.2472895,TP,70.43858550000004,1.5,18694.66325,18650.849647
2021-11-10,2021-11-10 01:00:00,LONG,18575.249704,18477.031594,98.21811000000162,18722.576869000004,2021-11-10 05:39:00,18477.031594,SL,-98.21811000000162,-1.0,18557.208808,18479.031594
2021-11-11,2021-11-11 03:00:00,LONG,18393.122567,18302.63627,90.48629699999947,18528.8520125,2021-11-11 15:15:00,18365.345316,FORCE_CLOSE,-27.777250999999524,-0.30697743106892406,18378.804396,18304.63627
2021-11-12,2021-11-12 03:15:00,SHORT,18376.513489,18436.645264,60.131774999998015,18286.315826500002,2021-11-12 09:51:00,18436.645264,SL,-60.131774999998015,-1.0,18434.645264,18377.945306
2021-11-16,2021-11-16 02:45:00,SHORT,18521.127017,18587.84515,66.71813300000213,18421.049817499996,2021-11-16 08:35:00,18587.84515,SL,-66.71813300000213,-1.0,18585.84515,18523.417924
2021-11-17,2021-11-17 02:15:00,LONG,18695.808704,18638.2542,57.554503999999724,18782.14046,2021-11-17 08:51:00,18638.2542,SL,-57.554503999999724,-1.0,18684.926894,18640.2542
2021-11-18,2021-11-18 01:00:00,LONG,18742.199578,18698.676882,43.522695999999996,18807.483622,2021-11-18 08:48:00,18807.483622,TP,65.284044,1.5,18731.890495,18700.676882
2021-11-22,2021-11-22 03:00:00,LONG,19063.499337,18992.772116,70.72722100000101,19169.590168500003,2021-11-22 08:55:00,19169.590168500003,TP,106.09083150000151,1.5,19051.472074,18994.772116
2021-11-23,2021-11-23 01:00:00,SHORT,18663.449637,18802.331353,138.88171599999987,18455.127063,2021-11-23 08:53:00,18802.331353,SL,-138.88171599999987,-1.0,18800.331353,18692.94507
2021-11-24,2021-11-24 01:00:00,LONG,18723.013229,18630.522388,92.49084099999891,18861.7494905,2021-11-24 03:53:00,18630.522388,SL,-92.49084099999891,-1.0,18710.699602,18632.522388
2021-11-25,2021-11-25 01:00:00,LONG,18805.772258,18733.899583,71.87267500000235,18913.581270500006,2021-11-25 11:59:00,18790.594997,FORCE_CLOSE,-15.177261000000726,-0.2111687230230436,18800.90408,18735.899583
2021-11-26,2021-11-26 01:00:00,SHORT,18594.149689,18757.372296,163.2226069999997,18349.3157785,2021-11-26 11:54:00,18349.3157785,TP,244.83391050000137,1.5,18755.372296,18619.922397
2021-11-30,2021-11-30 03:15:00,SHORT,18646.554196,18831.826785,185.27258900000015,18368.6453125,2021-11-30 09:06:00,18831.826785,SL,-185.27258900000015,-1.0,18829.826785,18653.713281
2021-12-01,2021-12-01 01:00:00,LONG,18767.685923,18534.304278,233.3816450000013,19117.758390500003,2021-12-01 12:45:00,18534.304278,SL,-233.3816450000013,-1.0,18761.099564,18536.304278
2021-12-02,2021-12-02 04:00:00,SHORT,18216.149973,18315.513536,99.36356299999898,18067.1046285,2021-12-02 08:54:00,18315.513536,SL,-99.36356299999898,-1.0,18313.513536,18219.013607
2021-12-06,2021-12-06 02:00:00,LONG,18069.818265,17950.409262,119.40900300000067,18248.931769500003,2021-12-06 04:25:00,17950.409262,SL,-119.40900300000067,-1.0,18067.813721,17952.409262
2021-12-07,2021-12-07 01:00:00,LONG,18282.586287,18124.231859,158.35442799999873,18520.117928999996,2021-12-07 08:35:00,18520.117928999996,TP,237.5316419999981,1.5,18280.581743,18126.231859
2021-12-09,2021-12-09 03:00:00,SHORT,18732.749585,18810.349529,77.59994399999778,18616.349669000003,2021-12-09 12:44:00,18616.349669000003,TP,116.39991599999848,1.5,18808.349529,18735.040493
2021-12-10,2021-12-10 02:45:00,LONG,18561.217896,18490.204311,71.01358499999697,18667.738273499992,2021-12-10 07:35:00,18667.738273499992,TP,106.52037749999363,1.5,18549.190632,18492.204311
2021-12-13,2021-12-13 02:00:00,SHORT,18729.599588,18794.885904,65.2863159999979,18631.670114000004,2021-12-13 05:41:00,18794.885904,SL,-65.2863159999979,-1.0,18792.885904,18739.908671
2021-12-14,2021-12-14 01:30:00,LONG,18458.413428,18410.308917,48.10451100000137,18530.570194500004,2021-12-14 03:37:00,18410.308917,SL,-48.10451100000137,-1.0,18455.26343,18412.308917
2021-12-15,2021-12-15 03:15:00,SHORT,18170.045462,18275.709021,105.66355900000053,18011.550123499997,2021-12-15 07:30:00,18275.709021,SL,-105.66355900000053,-1.0,18273.709021,18204.409073
2021-12-16,2021-12-16 01:00:00,LONG,18786.872272,18642.836015,144.03625699999975,19002.9266575,2021-12-16 08:37:00,18642.836015,SL,-144.03625699999975,-1.0,18734.754129,18644.836015
2021-12-17,2021-12-17 03:00:00,SHORT,17990.495597,18211.849978,221.35438099999737,17658.464025500005,2021-12-17 09:52:00,18211.849978,SL,-221.35438099999737,-1.0,18209.849978,18058.363728
2021-12-20,2021-12-20 01:15:00,SHORT,17809.227551,18023.422846,214.19529500000135,17487.9346085,2021-12-20 15:15:00,17956.991076,FORCE_CLOSE,-147.76352499999848,-0.6898542052475874,18021.422846,17834.713895
2021-12-21,2021-12-21 01:00:00,LONG,18113.059141,17953.559259,159.49988200000007,18352.308964000003,2021-12-21 08:50:00,17953.559259,SL,-159.49988200000007,-1.0,18083.850072,17955.559259
2021-12-22,2021-12-22 02:15:00,SHORT,18235.622686,18294.89537,59.27268399999957,18146.71366,2021-12-22 05:48:00,18294.89537,SL,-59.27268399999957,-1.0,18292.89537,18237.340866
2021-12-23,2021-12-23 02:30:00,SHORT,18502.227031,18541.740639,39.51360800000111,18442.956618999997,2021-12-23 04:21:00,18541.740639,SL,-39.51360800000111,-1.0,18539.740639,18513.681568
2021-12-27,2021-12-27 01:30:00,SHORT,18681.776896,18745.058669,63.28177299999879,18586.854236500003,2021-12-27 06:33:00,18745.058669,SL,-63.28177299999879,-1.0,18743.058669,18696.095067
2021-12-28,2021-12-28 02:15:00,LONG,18998.781204,18935.785795,62.9954089999992,19093.2743175,2021-12-28 08:37:00,18935.785795,SL,-62.9954089999992,-1.0,18972.149406,18937.785795
2021-12-29,2021-12-29 01:15:00,LONG,18964.703957,18895.98128,68.72267700000157,19067.787972500002,2021-12-29 07:03:00,18895.98128,SL,-68.72267700000157,-1.0,18962.126686,18897.98128
2021-12-30,2021-12-30 01:30:00,LONG,18896.549463,18831.54951,64.99995299999864,18994.049392499997,2021-12-30 14:50:00,18831.54951,SL,-64.99995299999864,-1.0,18891.394921,18833.54951
2022-01-04,2022-01-04 01:45:00,LONG,18946.949425,18871.640389,75.30903599999874,19059.912978999997,2022-01-04 08:31:00,18871.640389,SL,-75.30903599999874,-1.0,18943.513064,18873.640389
2022-01-07,2022-01-07 01:00:00,SHORT,18044.045557,18160.590925,116.54536799999914,17869.227505000003,2022-01-07 09:42:00,17869.227505000003,TP,174.81805199999872,1.5,18158.590925,18052.636459
2022-01-10,2022-01-10 01:15:00,LONG,17929.500188,17798.636648,130.8635400000021,18125.795498000007,2022-01-10 02:35:00,17798.636648,SL,-130.8635400000021,-1.0,17921.768376,17800.636648
2022-01-11,2022-01-11 03:00:00,LONG,17916.900197,17836.722983,80.17721399999937,18037.166017999996,2022-01-11 08:07:00,17836.722983,SL,-80.17721399999937,-1.0,17916.041107,17838.722983
2022-01-12,2022-01-12 02:15:00,SHORT,18099.313697,18201.540894,102.22719700000016,17945.9729015,2022-01-12 07:25:00,18201.540894,SL,-102.22719700000016,-1.0,18199.540894,18105.040965
2022-01-13,2022-01-13 02:15:00,LONG,18222.163605,18119.077317,103.08628800000224,18376.793037000003,2022-01-13 09:32:00,18119.077317,SL,-103.08628800000224,-1.0,18208.704524,18121.077317
2022-01-14,2022-01-14 01:00:00,LONG,17796.62756,17654.02312,142.60443999999916,18010.53422,2022-01-14 06:39:00,17654.02312,SL,-142.60443999999916,-1.0,17772.859396,17656.02312
2022-01-17,2022-01-17 03:15:00,LONG,17883.68204,17760.836677,122.84536300000036,18067.9500845,2022-01-17 11:59:00,17822.400268,FORCE_CLOSE,-61.281771999998455,-0.49885295222741355,17865.354782,17762.836677
2022-01-18,2022-01-18 02:00:00,SHORT,17613.354971,17874.80023,261.4452590000001,17221.1870825,2022-01-18 15:15:00,17433.232378,FORCE_CLOSE,180.12259300000005,0.6889495479434187,17872.80023,17647.432218
2022-01-19,2022-01-19 03:30:00,LONG,17446.691459,17237.937069,208.75439000000188,17759.823044000004,2022-01-19 14:55:00,17237.937069,SL,-208.75439000000188,-1.0,17442.109644,17239.937069
2022-01-20,2022-01-20 01:00:00,LONG,17356.486981,17184.387109,172.09987199999887,17614.636788999996,2022-01-20 14:16:00,17184.387109,SL,-172.09987199999887,-1.0,17333.291544,17186.387109
2022-01-21,2022-01-21 01:15:00,LONG,16923.791851,16724.201091,199.59076000000277,17223.177991000004,2022-01-21 09:12:00,16724.201091,SL,-199.59076000000277,-1.0,16906.323683,16726.201091
2022-01-24,2022-01-24 01:00:00,SHORT,16618.242081,16705.005653,86.76357199999984,16488.096723000002,2022-01-24 04:12:00,16488.096723000002,TP,130.14535799999794,1.5,16703.005653,16624.542076
2022-01-25,2022-01-25 01:00:00,SHORT,16263.724165,16599.051187,335.3270220000013,15760.733631999998,2022-01-25 15:15:00,16120.542454,FORCE_CLOSE,143.18171099999927,0.42699127003250786,16597.051187,16267.733253
2022-01-26,2022-01-26 02:00:00,LONG,16349.633191,16155.196972,194.43621900000107,16641.2875195,2022-01-26 11:42:00,16641.2875195,TP,291.6543285000007,1.5,16319.278668,16157.196972
2022-01-28,2022-01-28 02:15:00,SHORT,16070.715219,16246.824179,176.10895999999957,15806.551779000001,2022-01-28 10:10:00,16246.824179,SL,-176.10895999999957,-1.0,16244.824179,16095.628836
2022-01-31,2022-01-31 02:45:00,LONG,16636.855703,16454.446747,182.4089559999993,16910.469137,2022-01-31 10:52:00,16910.469137,TP,273.61343399999896,1.5,16609.937541,16456.446747
2022-02-01,2022-02-01 01:00:00,LONG,17106.491714,16971.332723,135.15899100000024,17309.230200500002,2022-02-01 08:42:00,16971.332723,SL,-135.15899100000024,-1.0,17048.646303,16973.332723
2022-02-02,2022-02-02 01:15:00,LONG,17394.286953,17314.396102,79.89085100000011,17514.1232295,2022-02-02 08:31:00,17314.396102,SL,-79.89085100000011,-1.0,17393.427863,17316.396102
2022-02-03,2022-02-03 01:00:00,LONG,16960.446369,16895.160053,65.28631600000153,17058.375843,2022-02-03 05:20:00,16895.160053,SL,-65.28631600000153,-1.0,16957.582735,16897.160053
2022-02-04,2022-02-04 03:45:00,SHORT,16822.4192,16965.02364,142.60443999999916,16608.512540000003,2022-02-04 07:32:00,16608.512540000003,TP,213.90665999999692,1.5,16963.02364,16838.169188
2022-02-07,2022-02-07 01:00:00,LONG,16880.837338,16722.196547,158.64079100000163,17118.7985245,2022-02-07 10:39:00,16722.196547,SL,-158.64079100000163,-1.0,16854.778267,16724.196547
2022-02-09,2022-02-09 02:45:00,LONG,17005.978153,16888.573694,117.40445900000122,17182.0848415,2022-02-09 13:06:00,17182.0848415,TP,176.10668850000002,1.5,16975.623631,16890.573694
2022-02-14,2022-02-14 02:15:00,SHORT,16170.942416,16379.696806,208.75439000000006,15857.810830999999,2022-02-14 08:50:00,16379.696806,SL,-208.75439000000006,-1.0,16377.696806,16271.74234
2022-02-15,2022-02-15 02:00:00,LONG,16438.119488,16290.074143,148.04534500000045,16660.187505500002,2022-02-15 05:15:00,16660.187505500002,TP,222.0680175000016,1.5,16417.787685,16292.074143
2022-02-16,2022-02-16 01:45:00,LONG,16706.728378,16661.201138,45.52723999999944,16775.019238,2022-02-16 02:18:00,16775.019238,TP,68.29086000000098,1.5,16701.8602,16663.201138
2022-02-21,2022-02-21 01:00:00,LONG,16182.96968,15816.429044,366.5406359999997,16732.780634,2022-02-21 07:19:00,15816.429044,SL,-366.5406359999997,-1.0,16134.574262,15818.429044
2022-02-22,2022-02-22 01:30:00,SHORT,15610.242837,15738.815469,128.57263199999943,15417.383889,2022-02-22 03:20:00,15738.815469,SL,-128.57263199999943,-1.0,15736.815469,15615.970105
2022-02-23,2022-02-23 02:00:00,LONG,16038.642515,15933.838047,104.80446800000027,16195.849216999999,2022-02-23 08:53:00,15933.838047,SL,-104.80446800000027,-1.0,16022.606164,15935.838047
2022-02-24,2022-02-24 01:00:00,SHORT,14992.8433,15482.80657,489.9632700000002,14257.898395,2022-02-24 10:13:00,15482.80657,SL,-489.9632700000002,-1.0,15480.80657,15010.025105
2022-02-25,2022-02-25 02:00:00,SHORT,15795.806334,15971.056204,175.24986999999965,15532.931529000001,2022-02-25 05:47:00,15971.056204,SL,-175.24986999999965,-1.0,15969.056204,15814.992683
2022-02-28,2022-02-28 01:30:00,LONG,16026.901615,15753.715455,273.1861600000011,16436.680855000002,2022-02-28 15:15:00,16293.219597,FORCE_CLOSE,266.31798199999866,0.9748589826073092,15983.947102,15755.715455
2022-03-01,2022-03-01 01:00:00,LONG,16378.84226,16232.801459,146.0408009999992,16597.9034615,2022-03-01 02:53:00,16232.801459,SL,-146.0408009999992,-1.0,16340.469562,16234.801459
2022-03-02,2022-03-02 01:00:00,SHORT,15962.469845,16147.169708,184.69986299999982,15685.4200505,2022-03-02 03:30:00,16147.169708,SL,-184.69986299999982,-1.0,16145.169708,16004.565268
2022-03-03,2022-03-03 02:30:00,SHORT,16243.392362,16322.710486,79.31812399999944,16124.415176000002,2022-03-03 07:22:00,16322.710486,SL,-79.31812399999944,-1.0,16320.710486,16244.537815
2022-03-08,2022-03-08 01:00:00,SHORT,15026.920547,15328.170322,301.2497750000002,14575.0458845,2022-03-08 06:05:00,15328.170322,SL,-301.2497750000002,-1.0,15326.170322,15121.706839
2022-03-09,2022-03-09 01:15:00,LONG,15364.829384,15143.18864,221.64074400000027,15697.290500000001,2022-03-09 11:34:00,15697.290500000001,TP,332.4611160000004,1.5,15290.088531,15145.18864
2022-03-10,2022-03-10 02:00:00,SHORT,15652.33826,15768.024538,115.68627799999922,15478.808843000003,2022-03-10 06:54:00,15478.808843000003,TP,173.52941699999792,1.5,15766.024538,15656.920074
2022-03-11,2022-03-11 01:00:00,LONG,15629.429186,15408.933895,220.49529099999927,15960.172122499998,2022-03-11 10:31:00,15408.933895,SL,-220.49529099999927,-1.0,15578.456497,15410.933895
2022-03-15,2022-03-15 02:00:00,SHORT,14851.952496,15057.270526,205.31803000000036,14543.975450999998,2022-03-15 07:30:00,15057.270526,SL,-205.31803000000036,-1.0,15055.270526,14949.029696
2022-03-16,2022-03-16 01:00:00,LONG,15534.929257,15366.838472,168.09078500000032,15787.0654345,2022-03-16 09:15:00,15787.0654345,TP,252.13617750000049,1.5,15436.133876,15368.838472
2022-03-17,2022-03-17 01:45:00,LONG,16035.778881,15919.806239,115.97264200000063,16209.737844000001,2022-03-17 04:20:00,15919.806239,SL,-115.97264200000063,-1.0,16030.051613,15921.806239
2022-03-21,2022-03-21 01:00:00,SHORT,16420.937683,16516.578522,95.64083899999969,16277.4764245,2022-03-21 06:20:00,16516.578522,SL,-95.64083899999969,-1.0,16514.578522,16426.951315
2022-03-22,2022-03-22 02:45:00,LONG,16473.914916,16370.542265,103.3726510000015,16628.973892500006,2022-03-22 09:01:00,16628.973892500006,TP,155.05897650000406,1.5,16461.887652,16372.542265
2022-03-23,2022-03-23 03:15:00,SHORT,16744.241986,16813.823754,69.58176800000001,16639.869334000003,2022-03-23 07:52:00,16639.869334000003,TP,104.3726519999982,1.5,16811.823754,16752.546525
2022-03-24,2022-03-24 01:00:00,LONG,16643.442062,16547.801223,95.64083899999969,16786.903320499998,2022-03-24 09:19:00,16547.801223,SL,-95.64083899999969,-1.0,16636.56934,16549.801223
2022-03-25,2022-03-25 03:00:00,SHORT,16846.760091,16970.750909,123.9908179999984,16660.773864000003,2022-03-25 06:26:00,16970.750909,SL,-123.9908179999984,-1.0,16968.750909,16860.219172
2022-03-28,2022-03-28 01:45:00,SHORT,16816.405568,16892.573694,76.16812600000048,16702.153378999996,2022-03-28 05:22:00,16892.573694,SL,-76.16812600000048,-1.0,16890.573694,16816.978295
2022-03-29,2022-03-29 01:00:00,LONG,17194.978012,17129.978059,64.99995299999864,17292.477941499998,2022-03-29 06:52:00,17292.477941499998,TP,97.49992949999796,1.5,17172.355301,17131.978059
2022-03-30,2022-03-30 02:00:00,SHORT,17402.591492,17484.200523,81.60903099999996,17280.1779455,2022-03-30 13:57:00,17280.1779455,TP,122.41354649999994,1.5,17482.200523,17413.759666
2022-03-31,2022-03-31 02:15:00,LONG,17374.527877,17291.773392,82.7544850000013,17498.659604500004,2022-03-31 06:19:00,17291.773392,SL,-82.7544850000013,-1.0,17373.382423,17293.773392
2022-04-01,2022-04-01 01:45:00,LONG,17116.800798,17037.19631,79.60448800000086,17236.20753,2022-04-01 08:35:00,17037.19631,SL,-79.60448800000086,-1.0,17111.646256,17039.19631
2022-04-04,2022-04-04 01:00:00,LONG,17051.223574,16951.860011,99.36356299999898,17200.268918499998,2022-04-04 08:50:00,17200.268918499998,TP,149.04534449999846,1.5,17024.878139,16953.860011
2022-04-05,2022-04-05 01:30:00,SHORT,17344.459718,17370.227882,25.76816400000098,17305.807471999997,2022-04-05 02:02:00,17370.227882,SL,-25.76816400000098,-1.0,17368.227882,17347.323352
2022-04-06,2022-04-06 02:30:00,SHORT,16906.323683,17009.696334,103.3726510000015,16751.2647065,2022-04-06 06:13:00,16751.2647065,TP,155.05897650000043,1.5,17007.696334,16922.360034
2022-04-07,2022-04-07 01:30:00,LONG,16640.578427,16531.192144,109.38628299999982,16804.6578515,2022-04-07 09:48:00,16531.192144,SL,-109.38628299999982,-1.0,16626.260256,16533.192144
2022-04-08,2022-04-08 01:15:00,LONG,16707.587468,16627.410254,80.177214000003,16827.853289000006,2022-04-08 07:48:00,16627.410254,SL,-80.177214000003,-1.0,16696.419295,16629.410254
2022-04-11,2022-04-11 03:15:00,SHORT,16238.23782,16461.310382,223.07256199999938,15903.628977,2022-04-11 15:15:00,16038.928879,FORCE_CLOSE,199.30894100000114,0.8934713405048967,16459.310382,16261.433257
2022-04-13,2022-04-13 01:00:00,LONG,16125.124269,15994.260729,130.86354000000028,16321.419579000001,2022-04-13 07:10:00,15994.260729,SL,-130.86354000000028,-1.0,16093.624292,15996.260729
2022-04-18,2022-04-18 03:00:00,LONG,15833.606305,15724.506386,109.09991900000023,15997.2561835,2022-04-18 09:23:00,15997.2561835,TP,163.64987850000034,1.5,15832.174488,15726.506386
2022-04-19,2022-04-19 02:15:00,SHORT,15955.597123,16060.115228,104.51810500000101,15798.819965499999,2022-04-19 09:00:00,16060.115228,SL,-104.51810500000101,-1.0,16058.115228,15960.178938
2022-04-20,2022-04-20 03:30:00,LONG,16186.119677,16082.747026,103.3726510000015,16341.178653500003,2022-04-20 06:55:00,16341.178653500003,TP,155.05897650000225,1.5,16180.106046,16084.747026
2022-04-21,2022-04-21 01:00:00,SHORT,16112.524278,16181.533319,69.00904099999934,16009.0107165,2022-04-21 02:56:00,16181.533319,SL,-69.00904099999934,-1.0,16179.533319,16115.101549
2022-04-22,2022-04-22 01:45:00,LONG,15735.097288,15590.201941,144.8953470000015,15952.440308500003,2022-04-22 09:20:00,15590.201941,SL,-144.8953470000015,-1.0,15718.48821,15592.201941
2022-04-25,2022-04-25 01:00:00,SHORT,15148.052274,15305.261249,157.20897499999955,14912.2388115,2022-04-25 08:37:00,15305.261249,SL,-157.20897499999955,-1.0,15303.261249,15160.652265
2022-04-26,2022-04-26 02:00:00,SHORT,15420.670252,15561.556511,140.8862590000008,15209.340863499998,2022-04-26 08:54:00,15209.340863499998,TP,211.3293885000021,1.5,15559.556511,15472.502031
2022-04-27,2022-04-27 01:15:00,LONG,14997.425114,14833.057054,164.36805999999888,15243.977203999999,2022-04-27 09:17:00,14833.057054,SL,-164.36805999999888,-1.0,14983.106943,14835.057054
2022-04-28,2022-04-28 01:15:00,LONG,15139.461372,15040.956899,98.50447299999905,15287.2180815,2022-04-28 04:00:00,15287.2180815,TP,147.7567094999995,1.5,15117.984115,15042.956899
2022-04-29,2022-04-29 01:00:00,LONG,15327.029413,15159.797718,167.2316950000004,15577.8769555,2022-04-29 08:31:00,15159.797718,SL,-167.2316950000004,-1.0,15295.8158,15161.797718
2022-05-05,2022-05-05 01:15:00,SHORT,15461.620221,15513.73382,52.11359900000025,15383.449822499999,2022-05-05 02:24:00,15383.449822499999,TP,78.17039850000037,1.5,15511.73382,15465.056582
2022-05-06,2022-05-06 02:30:00,SHORT,14624.007213,14766.325289,142.31807599999956,14410.530099000001,2022-05-06 07:36:00,14766.325289,SL,-142.31807599999956,-1.0,14764.325289,14640.902655
2022-05-09,2022-05-09 03:15:00,SHORT,14322.180166,14460.202792,138.02262599999995,14115.146227000001,2022-05-09 09:32:00,14115.146227000001,TP,207.033938999999,1.5,14458.202792,14328.480162
2022-05-10,2022-05-10 01:00:00,LONG,14164.107558,13860.566875,303.54068299999926,14619.418582499999,2022-05-10 15:15:00,14134.612125,FORCE_CLOSE,-29.495433000000048,-0.09717126781321804,14102.825785,13862.566875
2022-05-11,2022-05-11 03:15:00,LONG,14279.79838,14110.562142,169.2362379999995,14533.652737,2022-05-11 07:30:00,14110.562142,SL,-169.2362379999995,-1.0,14276.934746,14112.562142
2022-05-12,2022-05-12 01:45:00,SHORT,13644.357948,13830.203264,185.845315999999,13365.589974000002,2022-05-12 09:56:00,13830.203264,SL,-185.845315999999,-1.0,13828.203264,13655.526121
2022-05-13,2022-05-13 02:30:00,LONG,13938.739545,13672.139743,266.59980200000064,14338.639248000001,2022-05-13 15:15:00,14162.675741,FORCE_CLOSE,223.93619599999874,0.839971351516601,13914.685018,13674.139743
2022-05-17,2022-05-17 01:30:00,LONG,14135.757579,14024.080389,111.67718999999852,14303.273363999997,2022-05-17 03:38:00,14303.273363999997,TP,167.51578499999778,1.5,14132.321218,14026.080389
2022-05-18,2022-05-18 03:30:00,SHORT,14283.807468,14408.084649,124.27718099999947,14097.391696500003,2022-05-18 08:50:00,14097.391696500003,TP,186.4157714999983,1.5,14406.084649,14287.243829
2022-05-19,2022-05-19 02:30:00,SHORT,13491.726244,13694.180639,202.45439500000066,13188.044651499999,2022-05-19 08:37:00,13694.180639,SL,-202.45439500000066,-1.0,13692.180639,13524.658037
2022-05-20,2022-05-20 02:30:00,LONG,13811.307822,13623.171598,188.13622399999986,14093.512158000001,2022-05-20 09:10:00,13623.171598,SL,-188.13622399999986,-1.0,13763.771494,13625.171598
2022-05-23,2022-05-23 01:15:00,LONG,13774.080578,13660.97157,113.10900799999945,13943.744089999998,2022-05-23 03:12:00,13660.97157,SL,-113.10900799999945,-1.0,13754.321501,13662.97157
2022-05-24,2022-05-24 01:00:00,SHORT,13532.962577,13630.607959,97.64538200000061,13386.494503999998,2022-05-24 08:59:00,13386.494503999998,TP,146.46807300000182,1.5,13628.607959,13565.03528
2022-05-25,2022-05-25 03:00:00,SHORT,13491.153517,13624.307964,133.15444699999898,13291.421846500001,2022-05-25 09:30:00,13624.307964,SL,-133.15444699999898,-1.0,13622.307964,13502.32169
2022-05-27,2022-05-27 03:15:00,LONG,14116.57123,13997.734954,118.836276,14294.825644,2022-05-27 08:36:00,14294.825644,TP,178.2544140000009,1.5,14089.080341,13999.734954
2022-05-30,2022-05-30 01:00:00,LONG,14733.39804,14547.839087,185.55895299999975,15011.7364695,2022-05-30 11:59:00,14673.261721,FORCE_CLOSE,-60.136318999999276,-0.32408201290076993,14680.993534,14549.839087
2022-05-31,2022-05-31 02:00:00,SHORT,14514.616386,14693.302617,178.68623099999968,14246.5870395,2022-05-31 15:15:00,14489.702768,FORCE_CLOSE,24.913618000000497,0.13942662431556097,14691.302617,14519.770927
2022-06-01,2022-06-01 01:15:00,SHORT,14482.257319,14578.184521,95.92720199999894,14338.366516000002,2022-06-01 08:18:00,14578.184521,SL,-95.92720199999894,-1.0,14576.184521,14485.980044
2022-06-02,2022-06-02 02:00:00,LONG,14421.834637,14309.298356,112.5362810000006,14590.6390585,2022-06-02 08:25:00,14309.298356,SL,-112.5362810000006,-1.0,14421.548274,14311.298356
2022-06-03,2022-06-03 02:00:00,SHORT,14731.393496,14816.152525,84.75902899999892,14604.254952500003,2022-06-03 06:13:00,14604.254952500003,TP,127.13854349999747,1.5,14814.152525,14759.743475
2022-06-06,2022-06-06 01:45:00,LONG,14496.289127,14351.680143,144.60898400000042,14713.202603000002,2022-06-06 15:15:00,14416.393732,FORCE_CLOSE,-79.89539499999955,-0.5524926100027044,14489.989131,14353.680143
2022-06-09,2022-06-09 03:45:00,LONG,14523.207288,14392.630112,130.57717599999887,14719.073051999998,2022-06-09 07:44:00,14392.630112,SL,-130.57717599999887,-1.0,14474.81187,14394.630112
2022-06-10,2022-06-10 01:00:00,LONG,14132.321218,14044.125828,88.19538999999895,14264.614302999998,2022-06-10 02:25:00,14044.125828,SL,-88.19538999999895,-1.0,14125.734859,14046.125828
2022-06-13,2022-06-13 01:00:00,SHORT,13235.541405,13373.73997,138.1985650000006,13028.243557499998,2022-06-13 09:42:00,13028.243557499998,TP,207.2978475000018,1.5,13371.73997,13252.89915
2022-06-14,2022-06-14 01:00:00,LONG,13174.116288,12962.128097,211.98819099999855,13492.098574499996,2022-06-14 08:40:00,12962.128097,SL,-211.98819099999855,-1.0,13124.404798,12964.128097
2022-06-16,2022-06-16 01:00:00,SHORT,13225.827666,13457.529034,231.701368,12878.275613999998,2022-06-16 04:06:00,12878.275613999998,TP,347.5520520000009,1.5,13455.529034,13302.10909
2022-06-17,2022-06-17 04:00:00,LONG,12904.131471,12754.425491,149.70598000000064,13128.690441000002,2022-06-17 09:34:00,12754.425491,SL,-149.70598000000064,-1.0,12898.988903,12756.425491
2022-06-21,2022-06-21 02:30:00,LONG,13169.259418,13024.12461,145.13480799999888,13386.961629999998,2022-06-21 15:15:00,13236.112802,FORCE_CLOSE,66.853384,0.4606295686145843,13149.831939,13026.12461
2022-06-22,2022-06-22 01:00:00,SHORT,13056.122923,13234.113027,177.9901039999986,12789.137767000004,2022-06-22 08:54:00,13234.113027,SL,-177.9901039999986,-1.0,13232.113027,13081.264367
2022-06-23,2022-06-23 03:00:00,LONG,13273.539268,13094.977769,178.56149900000128,13541.381516500001,2022-06-23 15:15:00,13380.104704,FORCE_CLOSE,106.56543599999895,0.596799627001329,13261.825641,13096.977769
2022-06-27,2022-06-27 02:45:00,LONG,13984.927834,13794.36701,190.56082400000014,14270.76907,2022-06-27 08:41:00,13794.36701,SL,-190.56082400000014,-1.0,13976.928284,13796.36701
2022-06-28,2022-06-28 01:00:00,LONG,13838.364648,13678.373533,159.99111500000072,14078.351320500002,2022-06-28 09:32:00,13678.373533,SL,-159.99111500000072,-1.0,13822.936944,13680.373533
2022-06-29,2022-06-29 01:45:00,SHORT,13303.251883,13394.961124,91.70924099999866,13165.688021500002,2022-06-29 07:06:00,13394.961124,SL,-91.70924099999866,-1.0,13392.961124,13322.393664
2022-06-30,2022-06-30 01:00:00,SHORT,13228.970346,13363.248622,134.2782759999991,13027.552932000002,2022-06-30 08:56:00,13027.552932000002,TP,201.41741399999773,1.5,13361.248622,13290.96686
2022-07-05,2022-07-05 02:45:00,SHORT,13294.10954,13428.673514,134.5639740000006,13092.263578999999,2022-07-05 07:06:00,13092.263578999999,TP,201.8459610000009,1.5,13426.673514,13313.251321
2022-07-06,2022-07-06 01:00:00,SHORT,13425.530721,13571.236925,145.70620400000007,13206.971415,2022-07-06 08:32:00,13571.236925,SL,-145.70620400000007,-1.0,13569.236925,13456.10043
2022-07-07,2022-07-07 01:00:00,LONG,13622.376794,13524.667891,97.70890300000065,13768.940148500002,2022-07-07 08:55:00,13768.940148500002,TP,146.56335450000188,1.5,13618.091321,13526.667891
2022-07-08,2022-07-08 04:00:00,SHORT,13779.225116,13864.934695,85.7095790000003,13650.660747499998,2022-07-08 09:31:00,13864.934695,SL,-85.7095790000003,-1.0,13862.934695,13788.367459
2022-07-11,2022-07-11 01:00:00,SHORT,13714.657319,13861.220618,146.56329899999946,13494.8123705,2022-07-11 15:15:00,13614.377244,FORCE_CLOSE,100.28007500000058,0.6842100013046305,13859.220618,13741.512952
2022-07-12,2022-07-12 02:15:00,SHORT,13460.9573,13611.806072,150.84877199999937,13234.684142000002,2022-07-12 07:36:00,13611.806072,SL,-150.84877199999937,-1.0,13609.806072,13471.813832
2022-07-13,2022-07-13 01:30:00,LONG,13510.66879,13438.387028,72.28176200000053,13619.091433000001,2022-07-13 07:29:00,13619.091433000001,TP,108.4226430000017,1.5,13506.669015,13440.387028
2022-07-14,2022-07-14 03:15:00,SHORT,13327.82193,13447.243898,119.42196800000056,13148.688977999998,2022-07-14 13:18:00,13447.243898,SL,-119.42196800000056,-1.0,13445.243898,13328.679025
2022-07-15,2022-07-15 01:30:00,SHORT,13484.098856,13564.665866,80.56700999999885,13363.248341000002,2022-07-15 07:48:00,13564.665866,SL,-80.56700999999885,-1.0,13562.665866,13488.384329
2022-07-18,2022-07-18 01:30:00,LONG,13846.0785,13743.512727,102.56577300000026,13999.9271595,2022-07-18 12:49:00,13743.512727,SL,-102.56577300000026,-1.0,13836.650459,13745.512727
2022-07-19,2022-07-19 02:00:00,LONG,13662.945941,13606.377581,56.5683599999993,13747.798480999998,2022-07-19 02:44:00,13606.377581,SL,-56.5683599999993,-1.0,13660.946054,13608.377581
2022-07-20,2022-07-20 02:30:00,SHORT,14033.496532,14125.205772,91.70924000000014,13895.932671999999,2022-07-20 09:25:00,14125.205772,SL,-91.70924000000014,-1.0,14123.205772,14054.352502
2022-07-21,2022-07-21 01:00:00,LONG,14273.768734,14163.489109,110.27962499999921,14439.188171499998,2022-07-21 09:25:00,14163.489109,SL,-110.27962499999921,-1.0,14236.627966,14165.489109
2022-07-22,2022-07-22 04:00:00,LONG,14368.334845,14316.051958,52.28288699999939,14446.7591755,2022-07-22 08:39:00,14446.7591755,TP,78.4243305,1.5,14364.906466,14318.051958
2022-07-25,2022-07-25 03:30:00,LONG,14236.627966,14150.346991,86.28097499999967,14366.049428499999,2022-07-25 08:35:00,14150.346991,SL,-86.28097499999967,-1.0,14212.629315,14152.346991
2022-07-26,2022-07-26 02:45:00,LONG,14085.493608,14028.068153,57.42545500000051,14171.631790500001,2022-07-26 07:48:00,14028.068153,SL,-57.42545500000051,-1.0,14079.208247,14030.068153
2022-07-27,2022-07-27 03:00:00,LONG,14079.779643,13991.498781,88.28086199999962,14212.200936,2022-07-27 10:01:00,14212.200936,TP,132.42129299999942,1.5,14061.780655,13993.498781
2022-07-28,2022-07-28 02:30:00,SHORT,14334.336757,14393.4764,59.13964300000043,14245.627292499998,2022-07-28 07:46:00,14393.4764,SL,-59.13964300000043,-1.0,14391.4764,14344.336194
2022-07-29,2022-07-29 01:15:00,LONG,14774.883411,14706.601424,68.2819870000003,14877.306391500002,2022-07-29 03:46:00,14706.601424,SL,-68.2819870000003,-1.0,14768.883748,14708.601424
2022-08-01,2022-08-01 02:00:00,LONG,14789.168322,14746.027778,43.14054399999986,14853.879138,2022-08-01 07:53:00,14746.027778,SL,-43.14054399999986,-1.0,14786.597038,14748.027778
2022-08-02,2022-08-02 02:00:00,SHORT,14706.601536,14830.594676,123.9931400000005,14520.611826,2022-08-02 09:52:00,14830.594676,SL,-123.9931400000005,-1.0,14828.594676,14723.457731
2022-08-03,2022-08-03 01:00:00,LONG,14798.310665,14702.601649,95.7090160000007,14941.874189000002,2022-08-03 08:37:00,14941.874189000002,TP,143.56352400000105,1.5,14795.739381,14704.601649
2022-08-05,2022-08-05 03:30:00,SHORT,15221.144029,15297.711264,76.56723500000044,15106.2931765,2022-08-05 07:30:00,15106.2931765,TP,114.85085249999975,1.5,15295.711264,15232.28626
2022-08-08,2022-08-08 01:00:00,LONG,15149.148078,15054.581855,94.56622299999981,15290.9974125,2022-08-08 08:50:00,15290.9974125,TP,141.84933450000062,1.5,15122.578144,15056.581855
2022-08-10,2022-08-10 01:00:00,SHORT,14844.879474,14921.732408,76.85293400000046,14729.600072999998,2022-08-10 03:29:00,14921.732408,SL,-76.85293400000046,-1.0,14919.732408,14863.16416
2022-08-11,2022-08-11 01:30:00,LONG,15383.420618,15283.997525,99.42309299999943,15532.5552575,2022-08-11 10:51:00,15283.997525,SL,-99.42309299999943,-1.0,15379.420843,15285.997525
2022-08-12,2022-08-12 01:45:00,LONG,15268.855632,15210.858781,57.99685099999988,15355.8509085,2022-08-12 09:10:00,15355.8509085,TP,86.99527649999982,1.5,15266.855744,15212.858781
2022-08-15,2022-08-15 02:00:00,SHORT,15451.98819,15504.842473,52.85428300000058,15372.7067655,2022-08-15 08:31:00,15504.842473,SL,-52.85428300000058,-1.0,15502.842473,15461.130533
2022-08-16,2022-08-16 02:00:00,SHORT,15580.552389,15642.263317,61.71092800000042,15487.985997,2022-08-16 03:38:00,15642.263317,SL,-61.71092800000042,-1.0,15640.263317,15594.551602
2022-08-17,2022-08-17 01:45:00,SHORT,15584.266466,15625.121424,40.854958000001716,15522.984028999996,2022-08-17 03:37:00,15522.984028999996,TP,61.28243700000348,1.5,15623.121424,15585.123561
2022-08-18,2022-08-18 01:30:00,SHORT,15352.279512,15410.562061,58.28254900000138,15264.855688499996,2022-08-18 04:05:00,15410.562061,SL,-58.28254900000138,-1.0,15408.562061,15357.707778
2022-08-19,2022-08-19 01:00:00,SHORT,15395.419943,15466.84461,71.42466699999932,15288.282942500002,2022-08-19 03:32:00,15288.282942500002,TP,107.13700049999898,1.5,15464.84461,15415.13312
2022-08-22,2022-08-22 01:00:00,SHORT,15045.725323,15112.864517,67.1391939999994,14945.016532000001,2022-08-22 03:11:00,14945.016532000001,TP,100.70879099999911,1.5,15110.864517,15058.581742
2022-08-23,2022-08-23 01:00:00,SHORT,14684.888472,14809.738706,124.85023399999955,14497.613121000002,2022-08-23 03:10:00,14809.738706,SL,-124.85023399999955,-1.0,14807.738706,14758.312914
2022-08-24,2022-08-24 03:45:00,LONG,14753.170346,14661.461105,91.70924100000047,14890.734207500002,2022-08-24 15:15:00,14799.739156,FORCE_CLOSE,46.56880999999885,0.5077875412794944,14752.027553,14663.461105
2022-08-25,2022-08-25 01:15:00,LONG,14909.161574,14768.597937,140.5636369999993,15120.007029499999,2022-08-25 15:15:00,15019.726785,FORCE_CLOSE,110.565211000001,0.7865847338597362,14841.451096,14770.597937
2022-08-26,2022-08-26 01:00:00,SHORT,14988.014282,15042.582755,54.56847299999936,14906.161572500001,2022-08-26 07:31:00,15042.582755,SL,-54.56847299999936,-1.0,15040.582755,15004.013383
2022-08-29,2022-08-29 02:45:00,LONG,14288.625041,14170.345866,118.27917499999967,14466.043803499999,2022-08-29 15:15:00,14268.911864,FORCE_CLOSE,-19.713176999999632,-0.1666665074388597,14281.768284,14172.345866
2022-08-30,2022-08-30 02:15:00,LONG,14369.477638,14264.054882,105.42275599999994,14527.611772,2022-08-30 08:46:00,14264.054882,SL,-105.42275599999994,-1.0,14359.4782,14266.054882
2022-09-06,2022-09-06 02:15:00,LONG,13987.21342,13862.363186,124.85023399999955,14174.488771,2022-09-06 08:26:00,13862.363186,SL,-124.85023399999955,-1.0,13980.928059,13864.363186
2022-09-07,2022-09-07 02:45:00,LONG,13760.369034,13621.805285,138.563748999999,13968.214657499997,2022-09-07 13:01:00,13968.214657499997,TP,207.8456234999976,1.5,13740.941555,13623.805285
2022-09-08,2022-09-08 01:00:00,LONG,14077.779756,13996.927047,80.85270900000069,14199.058819500002,2022-09-08 02:30:00,13996.927047,SL,-80.85270900000069,-1.0,14050.638425,13998.927047
2022-09-09,2022-09-09 02:00:00,LONG,14214.629203,14098.921311,115.70789200000036,14388.191041000002,2022-09-09 12:15:00,14388.191041000002,TP,173.56183800000144,1.5,14187.77357,14100.921311
2022-09-12,2022-09-12 02:15:00,LONG,14454.180108,14366.620543,87.55956499999957,14585.5194555,2022-09-12 15:01:00,14585.5194555,TP,131.33934749999935,1.5,14452.615819,14368.620543
2022-09-13,2022-09-13 01:00:00,LONG,14627.693881,14556.969932,70.72394899999927,14733.779804499998,2022-09-13 07:30:00,14556.969932,SL,-70.72394899999927,-1.0,14602.135388,14558.969932
2022-09-14,2022-09-14 02:00:00,LONG,13821.465398,13730.86262,90.6027780000004,13957.369565,2022-09-14 06:57:00,13730.86262,SL,-90.6027780000004,-1.0,13808.402168,13732.86262
2022-09-15,2022-09-15 03:30:00,SHORT,13871.730436,13929.107172,57.376736000000164,13785.665332,2022-09-15 08:27:00,13785.665332,TP,86.06510399999934,1.5,13927.107172,13872.014419
2022-09-16,2022-09-16 01:00:00,SHORT,13506.52796,13559.360964,52.833004000000074,13427.278454,2022-09-16 08:31:00,13427.278454,TP,79.24950600000011,1.5,13557.360964,13511.071692
2022-09-19,2022-09-19 01:00:00,SHORT,13432.976295,13576.683943,143.7076479999996,13217.414823000001,2022-09-19 09:40:00,13576.683943,SL,-143.7076479999996,-1.0,13574.683943,13467.33827
2022-09-20,2022-09-20 02:30:00,SHORT,13654.767223,13738.27042,83.503197,13529.512427500002,2022-09-20 08:38:00,13529.512427500002,TP,125.25479549999909,1.5,13736.27042,13668.39842
2022-09-21,2022-09-21 01:15:00,SHORT,13517.603307,13580.091742,62.48843500000112,13423.870654499999,2022-09-21 07:29:00,13580.091742,SL,-62.48843500000112,-1.0,13578.091742,13529.530604
2022-09-22,2022-09-22 01:15:00,LONG,13230.496229,13118.026739,112.4694899999995,13399.200464,2022-09-22 03:46:00,13399.200464,TP,168.70423499999924,1.5,13216.013082,13120.026739
2022-09-23,2022-09-23 03:00:00,SHORT,13055.846522,13179.107375,123.26085299999977,12870.9552425,2022-09-23 11:07:00,12870.9552425,TP,184.89127949999965,1.5,13177.107375,13063.230087
2022-09-26,2022-09-26 01:00:00,SHORT,12788.618272,12928.350154,139.73188200000004,12579.020449,2022-09-26 02:22:00,12928.350154,SL,-139.73188200000004,-1.0,12926.350154,12817.868548
2022-09-27,2022-09-27 01:15:00,LONG,13021.484547,12861.021887,160.46265999999923,13262.178537,2022-09-27 11:02:00,12861.021887,SL,-160.46265999999923,-1.0,12975.195275,12863.021887
2022-09-28,2022-09-28 02:00:00,SHORT,12694.903795,12943.117284,248.21348899999975,12322.5835615,2022-09-28 09:28:00,12943.117284,SL,-248.21348899999975,-1.0,12941.117284,12704.275243
2022-09-29,2022-09-29 01:00:00,SHORT,12989.962405,13141.621585,151.65918000000056,12762.473634999998,2022-09-29 09:01:00,12762.473634999998,TP,227.48877000000175,1.5,13139.621585,13063.798053
2022-09-30,2022-09-30 01:45:00,LONG,12815.312699,12697.731511,117.58118800000011,12991.684481,2022-09-30 07:30:00,12697.731511,SL,-117.58118800000011,-1.0,12806.793201,12699.731511
2022-10-04,2022-10-04 01:30:00,LONG,12986.270623,12832.055594,154.21502900000087,13217.593166500003,2022-10-04 09:00:00,13217.593166500003,TP,231.3225435000022,1.5,12980.874941,12834.055594
2022-10-05,2022-10-05 02:15:00,SHORT,13127.694288,13210.629517,82.9352289999988,13003.291444500002,2022-10-05 09:02:00,13003.291444500002,TP,124.4028434999982,1.5,13208.629517,13135.077852
2022-10-06,2022-10-06 01:45:00,SHORT,13212.889266,13326.210705,113.32143899999937,13042.907107500001,2022-10-06 15:15:00,13115.483007,FORCE_CLOSE,97.40625899999941,0.859557201704789,13324.210705,13224.816563
2022-10-07,2022-10-07 01:15:00,SHORT,13022.052514,13138.497769,116.44525499999872,12847.384631500003,2022-10-07 07:51:00,12847.384631500003,TP,174.6678824999981,1.5,13136.497769,13052.15474
2022-10-11,2022-10-11 01:45:00,SHORT,12372.866775,12532.761469,159.8946939999987,12133.024734000002,2022-10-11 11:46:00,12532.761469,SL,-159.8946939999987,-1.0,12530.761469,12396.721369
2022-10-12,2022-10-12 01:00:00,LONG,12425.971645,12306.970541,119.00110399999903,12604.473300999998,2022-10-12 08:31:00,12306.970541,SL,-119.00110399999903,-1.0,12414.896298,12308.970541
2022-10-13,2022-10-13 01:00:00,SHORT,12300.16706,12359.247696,59.080636000000595,12211.546105999998,2022-10-13 04:14:00,12359.247696,SL,-59.080636000000595,-1.0,12357.247696,12307.550625
2022-10-14,2022-10-14 03:45:00,SHORT,12508.610775,12707.411176,198.80040100000042,12210.410173499999,2022-10-14 07:54:00,12707.411176,SL,-198.80040100000042,-1.0,12705.411176,12519.970105
2022-10-17,2022-10-17 01:00:00,LONG,12325.44157,12222.911495,102.53007500000058,12479.236682500003,2022-10-17 08:27:00,12479.236682500003,TP,153.79511250000178,1.5,12272.620683,12224.911495
2022-10-19,2022-10-19 01:00:00,SHORT,12821.276347,12932.041937,110.76558999999907,12655.127962000002,2022-10-19 06:29:00,12655.127962000002,TP,166.1483849999986,1.5,12930.041937,12848.254757
2022-10-21,2022-10-21 02:15:00,LONG,12572.790992,12473.384733,99.40625899999941,12721.9003805,2022-10-21 03:38:00,12473.384733,SL,-99.40625899999941,-1.0,12565.975394,12475.384733
2022-10-24,2022-10-24 02:15:00,SHORT,12853.650439,13063.526187,209.87574800000039,12538.836817,2022-10-24 14:05:00,13063.526187,SL,-209.87574800000039,-1.0,13061.526187,12907.607259
2022-10-25,2022-10-25 01:15:00,LONG,13072.885518,12981.998757,90.88676099999975,13209.215659499998,2022-10-25 08:49:00,13209.215659499998,TP,136.33014149999872,1.5,13067.489836,12983.998757
2022-10-26,2022-10-26 02:15:00,LONG,13091.34443,12988.814355,102.53007499999876,13245.139542499997,2022-10-26 08:31:00,12988.814355,SL,-102.53007499999876,-1.0,13071.181618,12990.814355
2022-10-27,2022-10-27 01:45:00,SHORT,13017.224798,13107.827576,90.6027780000004,12881.320630999999,2022-10-27 08:49:00,12881.320630999999,TP,135.9041670000006,1.5,13105.827576,13019.496664
2022-10-28,2022-10-28 01:00:00,SHORT,12620.784164,12711.954908,91.1707439999991,12484.028048000002,2022-10-28 07:30:00,12711.954908,SL,-91.1707439999991,-1.0,12709.954908,12635.26731
2022-10-31,2022-10-31 03:00:00,SHORT,13075.72535,13164.624229,88.89887899999849,12942.377031500004,2022-10-31 09:26:00,12942.377031500004,TP,133.34831849999682,1.5,13162.624229,13082.824932
2022-11-01,2022-11-01 01:00:00,LONG,13098.160028,13017.780648,80.37938000000031,13218.729098,2022-11-01 09:00:00,13017.780648,SL,-80.37938000000031,-1.0,13063.230087,13019.780648
2022-11-04,2022-11-04 01:00:00,LONG,12253.309822,12158.447295,94.86252699999932,12395.6036125,2022-11-04 07:30:00,12158.447295,SL,-94.86252699999932,-1.0,12247.346173,12160.447295
2022-11-07,2022-11-07 02:30:00,LONG,12402.685018,12249.037955,153.64706300000034,12633.1556125,2022-11-07 15:15:00,12521.957988,FORCE_CLOSE,119.27296999999999,0.7762788801241174,12372.582792,12251.037955
2022-11-08,2022-11-08 01:45:00,SHORT,12475.9527,12569.39531,93.44261000000006,12335.788785,2022-11-08 04:06:00,12569.39531,SL,-93.44261000000006,-1.0,12567.39531,12476.236683
2022-11-09,2022-11-09 03:45:00,SHORT,12548.936398,12683.840565,134.9041670000006,12346.580147499999,2022-11-09 12:35:00,12346.580147499999,TP,202.3562505000009,1.5,12681.840565,12581.026507
2022-11-11,2022-11-11 01:30:00,LONG,13328.754438,13197.826036,130.92840199999955,13525.147041,2022-11-11 08:24:00,13197.826036,SL,-130.92840199999955,-1.0,13316.259174,13199.826036
2022-11-14,2022-11-14 03:45:00,SHORT,13354.596914,13436.112228,81.51531400000022,13232.323943,2022-11-14 11:03:00,13436.112228,SL,-81.51531400000022,-1.0,13434.112228,13357.436747
2022-11-15,2022-11-15 01:00:00,LONG,13444.335626,13358.560563,85.77506300000096,13572.998220500001,2022-11-15 07:30:00,13572.998220500001,TP,128.66259450000143,1.5,13435.248161,13360.560563
2022-11-16,2022-11-16 01:45:00,LONG,13574.967926,13445.743425,129.22450099999878,13768.804677499997,2022-11-16 07:56:00,13445.743425,SL,-129.22450099999878,-1.0,13550.829349,13447.743425
2022-11-17,2022-11-17 01:30:00,LONG,13412.245517,13336.977835,75.2676819999997,13525.14704,2022-11-17 03:32:00,13336.977835,SL,-75.2676819999997,-1.0,13394.354571,13338.977835
2022-11-18,2022-11-18 02:00:00,SHORT,13287.860848,13348.929366,61.06851800000004,13196.258071,2022-11-18 03:21:00,13348.929366,SL,-61.06851800000004,-1.0,13346.929366,13297.800262
2022-11-21,2022-11-21 01:45:00,SHORT,13231.348178,13308.887726,77.53954800000065,13115.038856,2022-11-21 15:15:00,13170.007794,FORCE_CLOSE,61.340384000000995,0.7910851376126217,13306.887726,13242.991492
2022-11-22,2022-11-22 01:00:00,SHORT,13148.425066,13208.357651,59.93258500000047,13058.5261885,2022-11-22 07:01:00,13208.357651,SL,-59.93258500000047,-1.0,13206.357651,13155.808631
2022-11-23,2022-11-23 01:45:00,LONG,13360.560563,13311.135358,49.42520499999955,13434.698370499998,2022-11-23 08:45:00,13434.698370499998,TP,74.13780749999933,1.5,13354.028948,13313.135358
2022-11-24,2022-11-24 02:00:00,SHORT,13498.292445,13524.998989,26.706544000000576,13458.232628999998,2022-11-24 02:56:00,13524.998989,SL,-26.706544000000576,-1.0,13522.998989,13501.700245
2022-11-25,2022-11-25 01:45:00,SHORT,13515.899408,13542.321968,26.422560000000885,13476.265567999999,2022-11-25 03:43:00,13476.265567999999,TP,39.63384000000042,1.5,13540.321968,13519.307207
2022-11-28,2022-11-28 03:45:00,SHORT,13235.607927,13328.766555,93.15862800000104,13095.869984999998,2022-11-28 08:32:00,13328.766555,SL,-93.15862800000104,-1.0,13326.766555,13241.571576
2022-11-29,2022-11-29 01:00:00,LONG,13272.525752,13187.602639,84.92311299999892,13399.910421499997,2022-11-29 08:30:00,13187.602639,SL,-84.92311299999892,-1.0,13263.438287,13189.602639
2022-11-30,2022-11-30 02:00:00,LONG,13130.250137,13062.082037,68.16810000000078,13232.502287000003,2022-11-30 11:21:00,13062.082037,SL,-68.16810000000078,-1.0,13116.902924,13064.082037
2022-12-01,2022-12-01 02:15:00,SHORT,13657.607056,13726.911089,69.30403299999853,13553.651006500004,2022-12-01 07:30:00,13726.911089,SL,-69.30403299999853,-1.0,13724.911089,13661.866805
2022-12-02,2022-12-02 02:30:00,LONG,13680.893683,13626.924746,53.96893699999964,13761.847088499999,2022-12-02 07:30:00,13626.924746,SL,-53.96893699999964,-1.0,13675.781985,13628.924746
2022-12-05,2022-12-05 01:00:00,SHORT,13591.722939,13643.987976,52.26503700000103,13513.325383499998,2022-12-05 09:00:00,13513.325383499998,TP,78.39755550000154,1.5,13641.987976,13609.897868
2022-12-06,2022-12-06 01:00:00,SHORT,13398.046354,13455.991056,57.94470200000069,13311.129300999999,2022-12-06 06:15:00,13455.991056,SL,-57.94470200000069,-1.0,13453.991056,13398.61432
2022-12-07,2022-12-07 01:00:00,SHORT,13119.458773,13174.27966,54.82088699999986,13037.2274425,2022-12-07 06:19:00,13037.2274425,TP,82.2313305000007,1.5,13172.27966,13138.485652
2022-12-08,2022-12-08 01:00:00,LONG,13077.997217,12985.122572,92.87464499999987,13217.3091845,2022-12-08 09:07:00,13217.3091845,TP,139.3119674999998,1.5,13077.713233,12987.122572
2022-12-09,2022-12-09 01:15:00,LONG,13299.788145,13202.369768,97.41837699999996,13445.915710500001,2022-12-09 07:30:00,13202.369768,SL,-97.41837699999996,-1.0,13277.353467,13204.369768
2022-12-12,2022-12-12 01:15:00,LONG,13140.757518,13087.072564,53.68495400000029,13221.284949,2022-12-12 13:55:00,13221.284949,TP,80.52743100000043,1.5,13135.645819,13089.072564
2022-12-13,2022-12-13 01:00:00,LONG,13324.964426,13266.266003,58.69842299999982,13413.012060500001,2022-12-13 07:26:00,13413.012060500001,TP,88.04763450000064,1.5,13323.074772,13268.266003
2022-12-14,2022-12-14 03:30:00,SHORT,13438.840995,13514.228117,75.38712200000009,13325.760312,2022-12-14 09:02:00,13514.228117,SL,-75.38712200000009,-1.0,13512.228117,13443.339822
2022-12-15,2022-12-15 01:00:00,SHORT,13307.250293,13383.762122,76.51182900000094,13192.482549499997,2022-12-15 02:21:00,13192.482549499997,TP,114.76774350000233,1.5,13381.762122,13312.030297
2022-12-16,2022-12-16 01:45:00,SHORT,12837.404006,12922.351136,84.94712999999865,12709.983311000004,2022-12-16 08:50:00,12922.351136,SL,-84.94712999999865,-1.0,12920.351136,12855.399315
2022-12-19,2022-12-19 02:00:00,LONG,12809.567511,12743.459221,66.10829000000012,12908.729946,2022-12-19 08:30:00,12743.459221,SL,-66.10829000000012,-1.0,12803.100447,12745.459221
2022-12-22,2022-12-22 04:00:00,SHORT,12741.803923,12802.28868,60.48475700000017,12651.076787499998,2022-12-22 07:30:00,12651.076787499998,TP,90.72713550000117,1.5,12800.28868,12752.207462
2022-12-27,2022-12-27 03:00:00,SHORT,12528.671975,12580.440253,51.768278000001374,12451.019557999996,2022-12-27 07:38:00,12451.019557999996,TP,77.65241700000297,1.5,12578.440253,12534.576686
2022-12-28,2022-12-28 01:00:00,LONG,12304.292958,12247.744676,56.548281999999745,12389.115381,2022-12-28 08:30:00,12247.744676,SL,-56.548281999999745,-1.0,12302.324721,12249.744676
2022-12-29,2022-12-29 01:00:00,LONG,12156.95636,12119.528095,37.428265000000465,12213.0987575,2022-12-29 05:05:00,12213.0987575,TP,56.14239749999979,1.5,12153.863417,12121.528095
2022-12-30,2022-12-30 01:00:00,SHORT,12352.092999,12407.516575,55.42357599999923,12268.957635000002,2022-12-30 07:28:00,12268.957635000002,TP,83.13536399999794,1.5,12405.516575,12364.183598
2023-01-03,2023-01-03 01:30:00,LONG,12442.069547,12315.78944,126.28010699999868,12631.489707499997,2023-01-03 09:14:00,12315.78944,SL,-126.28010699999868,-1.0,12437.008366,12317.78944
2023-01-04,2023-01-04 01:45:00,LONG,12368.963602,12308.760022,60.20357999999942,12459.268971999998,2023-01-04 09:00:00,12308.760022,SL,-60.20357999999942,-1.0,12359.122417,12310.760022
2023-01-06,2023-01-06 01:15:00,SHORT,12182.543441,12245.277611,62.73416999999972,12088.442186,2023-01-06 07:30:00,12245.277611,SL,-62.73416999999972,-1.0,12243.277611,12190.135213
2023-01-09,2023-01-09 03:30:00,LONG,12577.03437,12508.676665,68.35770499999853,12679.570927499997,2023-01-09 08:48:00,12679.570927499997,TP,102.5365574999978,1.5,12571.973189,12510.676665
2023-01-10,2023-01-10 03:30:00,LONG,12574.784956,12510.363726,64.42122999999992,12671.416801,2023-01-10 06:11:00,12510.363726,SL,-64.42122999999992,-1.0,12573.097896,12512.363726
2023-01-11,2023-01-11 01:00:00,SHORT,12645.922664,12712.874485,66.95182100000056,12545.494932499998,2023-01-11 03:17:00,12712.874485,SL,-66.95182100000056,-1.0,12710.874485,12676.008572
2023-01-12,2023-01-12 02:00:00,SHORT,12882.954633,12927.97467,45.02003700000023,12815.424577499998,2023-01-12 06:57:00,12927.97467,SL,-45.02003700000023,-1.0,12925.97467,12891.108758
2023-01-16,2023-01-16 02:00:00,SHORT,13017.075925,13092.181871,75.1059460000015,12904.417005999996,2023-01-16 11:59:00,13006.110033,FORCE_CLOSE,10.965891999998348,0.14600564381411466,13090.181871,13028.041817
2023-01-19,2023-01-19 01:15:00,SHORT,12863.834617,12913.915835,50.08121799999935,12788.712790000001,2023-01-19 02:25:00,12913.915835,SL,-50.08121799999935,-1.0,12911.915835,12873.956978
2023-01-20,2023-01-20 01:00:00,LONG,12831.218118,12799.694563,31.52355500000158,12878.503450500004,2023-01-20 02:26:00,12799.694563,SL,-31.52355500000158,-1.0,12830.374588,12801.694563
2023-01-23,2023-01-23 01:00:00,LONG,13141.356032,13101.678353,39.67767900000035,13200.8725505,2023-01-23 08:40:00,13200.8725505,TP,59.51651850000053,1.5,13135.170145,13103.678353
2023-01-24,2023-01-24 03:15:00,SHORT,13396.102134,13436.342167,40.24003300000004,13335.742084500002,2023-01-24 07:41:00,13335.742084500002,TP,60.36004949999915,1.5,13434.342167,13397.789195
2023-01-25,2023-01-25 01:45:00,LONG,13327.21384,13267.572613,59.64122700000007,13416.6756805,2023-01-25 03:54:00,13267.572613,SL,-59.64122700000007,-1.0,13325.807956,13269.572613
2023-01-26,2023-01-26 01:30:00,LONG,13433.779814,13358.673868,75.10594599999968,13546.438732999999,2023-01-26 08:31:00,13546.438732999999,TP,112.65891899999951,1.5,13428.15628,13360.673868
2023-01-27,2023-01-27 01:00:00,SHORT,13519.819888,13565.121102,45.30121399999916,13451.868067000001,2023-01-27 06:05:00,13565.121102,SL,-45.30121399999916,-1.0,13563.121102,13524.881069
2023-01-30,2023-01-30 01:00:00,SHORT,13658.440007,13750.416556,91.97654900000089,13520.475183499999,2023-01-30 09:36:00,13520.475183499999,TP,137.96482350000042,1.5,13748.416556,13668.843546
2023-01-31,2023-01-31 03:00:00,SHORT,13407.349203,13503.543402,96.19419899999957,13263.057904500001,2023-01-31 07:52:00,13503.543402,SL,-96.19419899999957,-1.0,13501.543402,13408.47391
2023-02-01,2023-02-01 01:15:00,LONG,13637.914107,13589.801126,48.11298100000022,13710.083578500002,2023-02-01 09:59:00,13589.801126,SL,-48.11298100000022,-1.0,13634.539987,13591.801126
2023-02-02,2023-02-02 02:15:00,LONG,14147.406311,14058.803884,88.6024269999998,14280.3099515,2023-02-02 08:30:00,14280.3099515,TP,132.9036404999988,1.5,14111.134515,14060.803884
2023-02-03,2023-02-03 01:30:00,SHORT,14189.020465,14268.625238,79.60477300000093,14069.6133055,2023-02-03 06:00:00,14268.625238,SL,-79.60477300000093,-1.0,14266.625238,14192.394585
2023-02-06,2023-02-06 02:45:00,SHORT,14098.481563,14177.242806,78.76124300000083,13980.339698499998,2023-02-06 10:32:00,14177.242806,SL,-78.76124300000083,-1.0,14175.242806,14106.073334
2023-02-07,2023-02-07 01:45:00,SHORT,14090.608615,14135.628652,45.02003700000023,14023.078559499998,2023-02-07 03:20:00,14135.628652,SL,-45.02003700000023,-1.0,14133.628652,14091.452145
2023-02-08,2023-02-08 02:15:00,SHORT,14319.48646,14407.80771,88.32124999999905,14187.004585000002,2023-02-08 09:32:00,14187.004585000002,TP,132.48187499999767,1.5,14405.80771,14327.921761
2023-02-09,2023-02-09 02:00:00,LONG,14212.358132,14118.694524,93.66360799999893,14352.853543999998,2023-02-09 11:33:00,14118.694524,SL,-93.66360799999893,-1.0,14185.365168,14120.694524
2023-02-10,2023-02-10 02:15:00,LONG,13991.915589,13919.902587,72.01300199999969,14099.935092,2023-02-10 03:48:00,13919.902587,SL,-72.01300199999969,-1.0,13988.541468,13921.902587
2023-02-13,2023-02-13 01:15:00,LONG,13872.696663,13792.810713,79.88594999999987,13992.525588,2023-02-13 08:57:00,13992.525588,TP,119.8289249999998,1.5,13853.014293,13794.810713
2023-02-14,2023-02-14 01:15:00,LONG,14107.479218,14062.178004,45.30121400000098,14175.431039000003,2023-02-14 07:29:00,14175.431039000003,TP,67.95182100000238,1.5,14106.635688,14064.178004
2023-02-15,2023-02-15 01:45:00,SHORT,14102.980391,14182.585163,79.6047720000006,13983.573233,2023-02-15 06:12:00,14182.585163,SL,-79.6047720000006,-1.0,14180.585163,14103.542744
2023-02-16,2023-02-16 02:45:00,SHORT,14333.826472,14390.093578,56.26710599999933,14249.425813000002,2023-02-16 07:17:00,14249.425813000002,TP,84.400658999999,1.5,14388.093578,14336.075886
2023-02-17,2023-02-17 02:00:00,SHORT,13928.088475,14004.037951,75.94947599999978,13814.164261000002,2023-02-17 10:31:00,13814.164261000002,TP,113.92421399999876,1.5,14002.037951,13939.897897
2023-02-21,2023-02-21 01:00:00,SHORT,13868.197835,13925.308471,57.11063599999943,13782.531881000003,2023-02-21 02:46:00,13782.531881000003,TP,85.66595399999824,1.5,13923.308471,13871.853133
2023-02-22,2023-02-22 02:15:00,SHORT,13606.703492,13659.596477,52.89298499999859,13527.364014500003,2023-02-22 06:29:00,13659.596477,SL,-52.89298499999859,-1.0,13657.596477,13618.231738
2023-02-24,2023-02-24 01:15:00,SHORT,13676.997671,13739.731841,62.73417000000154,13582.896415999996,2023-02-24 07:30:00,13582.896415999996,TP,94.10125500000322,1.5,13737.731841,13679.528261
2023-02-27,2023-02-27 02:00:00,LONG,13555.810507,13498.981048,56.8294590000005,13641.0546955,2023-02-27 07:45:00,13641.0546955,TP,85.24418850000075,1.5,13549.343443,13500.981048
2023-02-28,2023-02-28 01:00:00,SHORT,13579.148174,13643.288228,64.14005399999951,13482.938093,2023-02-28 06:12:00,13643.288228,SL,-64.14005399999951,-1.0,13641.288228,13589.551713
2023-03-01,2023-03-01 01:00:00,LONG,13599.955251,13482.391622,117.56362900000022,13776.3006945,2023-03-01 09:06:00,13482.391622,SL,-117.56362900000022,-1.0,13585.052885,13484.391622
2023-03-02,2023-03-02 02:00:00,SHORT,13321.309129,13489.203389,167.89426000000094,13069.467738999998,2023-03-02 12:58:00,13489.203389,SL,-167.89426000000094,-1.0,13487.203389,13332.556197
2023-03-03,2023-03-03 02:30:00,LONG,13575.492877,13507.978703,67.51417399999991,13676.764138,2023-03-03 08:45:00,13676.764138,TP,101.27126099999987,1.5,13561.152865,13509.978703
2023-03-08,2023-03-08 02:30:00,LONG,13707.364756,13650.535296,56.829460000000836,13792.608946000002,2023-03-08 09:00:00,13650.535296,SL,-56.829460000000836,-1.0,13703.428282,13652.535296
2023-03-09,2023-03-09 02:00:00,SHORT,13698.367101,13753.509499,55.14239799999996,13615.653504,2023-03-09 07:34:00,13753.509499,SL,-55.14239799999996,-1.0,13751.509499,13701.460045
2023-03-10,2023-03-10 03:15:00,LONG,13507.729289,13411.253914,96.47537499999999,13652.442351500002,2023-03-10 08:41:00,13411.253914,SL,-96.47537499999999,-1.0,13488.046919,13413.253914
2023-03-13,2023-03-13 01:00:00,LONG,13589.270536,13421.938629,167.33190699999977,13840.2683965,2023-03-13 03:53:00,13421.938629,SL,-167.33190699999977,-1.0,13581.397588,13423.938629
2023-03-16,2023-03-16 02:00:00,SHORT,13793.029564,13876.299281,83.26971699999922,13668.124988500002,2023-03-16 09:47:00,13876.299281,SL,-83.26971699999922,-1.0,13874.299281,13796.369415
2023-03-17,2023-03-17 01:45:00,LONG,14209.397703,14138.930749,70.46695400000135,14315.098134000003,2023-03-17 06:38:00,14138.930749,SL,-70.46695400000135,-1.0,14182.12225,14140.930749
2023-03-20,2023-03-20 01:15:00,SHORT,14029.045728,14171.319486,142.27375800000118,13815.635090999996,2023-03-20 15:15:00,14135.642651,FORCE_CLOSE,-106.59692300000097,-0.7492381202160984,14169.319486,14067.175698
2023-03-22,2023-03-22 02:00:00,SHORT,14310.984849,14348.331609,37.34676000000036,14254.964709,2023-03-22 08:50:00,14348.331609,SL,-37.34676000000036,-1.0,14346.331609,14313.489737
2023-03-23,2023-03-23 01:00:00,LONG,14228.880169,14142.548922,86.33124700000008,14358.3770395,2023-03-23 09:00:00,14358.3770395,TP,129.4968704999992,1.5,14223.592071,14144.548922
2023-03-24,2023-03-24 01:00:00,LONG,14337.425339,14272.803125,64.62221399999908,14434.358659999998,2023-03-24 04:36:00,14272.803125,SL,-64.62221399999908,-1.0,14329.354031,14274.803125
2023-03-27,2023-03-27 02:15:00,SHORT,14339.095265,14431.549573,92.45430800000031,14200.413803,2023-03-27 08:50:00,14431.549573,SL,-92.45430800000031,-1.0,14429.549573,14369.153927
2023-03-28,2023-03-28 02:15:00,SHORT,14238.899723,14281.256261,42.356538,14175.364916,2023-03-28 08:33:00,14175.364916,TP,63.534807,1.5,14279.256261,14240.013007
2023-03-29,2023-03-29 01:00:00,LONG,14261.44372,14183.462101,77.98161900000014,14378.4161485,2023-03-29 08:35:00,14378.4161485,TP,116.97242850000112,1.5,14240.84797,14185.462101
2023-03-30,2023-03-30 01:00:00,LONG,14455.711742,14394.42938,61.28236199999992,14547.635285,2023-03-30 07:44:00,14547.635285,TP,91.92354300000079,1.5,14429.549573,14396.42938
2023-04-04,2023-04-04 03:45:00,LONG,14769.379451,14722.848099,46.53135199999997,14839.176479000002,2023-04-04 04:47:00,14839.176479000002,TP,69.79702800000086,1.5,14764.091353,14724.848099
2023-04-05,2023-04-05 02:15:00,SHORT,14708.148842,14749.948738,41.799895999998625,14645.448998000003,2023-04-05 08:35:00,14645.448998000003,TP,62.69984399999703,1.5,14747.948738,14709.540447
2023-04-06,2023-04-06 02:15:00,LONG,14557.577209,14490.450107,67.12710199999856,14658.267861999997,2023-04-06 04:56:00,14490.450107,SL,-67.12710199999856,-1.0,14545.331087,14492.450107
2023-04-07,2023-04-07 03:45:00,LONG,14665.844058,14639.630135,26.21392300000116,14705.164942500003,2023-04-07 06:49:00,14639.630135,SL,-26.21392300000116,-1.0,14661.669244,14641.630135
2023-04-10,2023-04-10 01:00:00,SHORT,14605.726733,14677.30697,71.58023700000012,14498.3563775,2023-04-10 08:32:00,14498.3563775,TP,107.37035549999928,1.5,14675.30697,14618.529497
2023-04-11,2023-04-11 03:45:00,LONG,14684.769883,14633.228754,51.54112900000109,14762.081576500002,2023-04-11 06:11:00,14633.228754,SL,-51.54112900000109,-1.0,14680.316747,14635.228754
2023-04-12,2023-04-12 01:00:00,SHORT,14545.052766,14582.121206,37.0684399999991,14489.450106000002,2023-04-12 05:08:00,14582.121206,SL,-37.0684399999991,-1.0,14580.121206,14546.722692
2023-04-13,2023-04-13 01:30:00,LONG,14464.339691,14387.749677,76.59001399999943,14579.224712,2023-04-13 09:05:00,14579.224712,TP,114.88502100000005,1.5,14448.197076,14389.749677
2023-04-14,2023-04-14 03:45:00,SHORT,14675.028649,14714.323656,39.29500700000062,14616.086138499999,2023-04-14 05:55:00,14616.086138499999,TP,58.942510500000935,1.5,14712.323656,14676.141933
2023-04-17,2023-04-17 01:45:00,LONG,14699.520893,14664.4007,35.120193000000654,14752.2011825,2023-04-17 04:16:00,14664.4007,SL,-35.120193000000654,-1.0,14690.892943,14666.4007
2023-04-18,2023-04-18 01:00:00,LONG,14679.481784,14649.093048,30.38873599999897,14725.064887999997,2023-04-18 03:10:00,14725.064887999997,TP,45.58310399999755,1.5,14679.203464,14651.093048
2023-04-19,2023-04-19 01:00:00,SHORT,14622.42599,14682.595068,60.16907800000081,14532.172372999998,2023-04-19 11:15:00,14682.595068,SL,-60.16907800000081,-1.0,14680.595068,14653.041294
2023-04-20,2023-04-20 02:00:00,SHORT,14595.428858,14645.300061,49.871203000000605,14520.6220535,2023-04-20 03:38:00,14520.6220535,TP,74.8068045,1.5,14643.300061,14609.066585
2023-04-21,2023-04-21 01:30:00,SHORT,14542.547878,14594.645649,52.09777100000065,14464.401221499998,2023-04-21 09:00:00,14464.401221499998,TP,78.14665650000097,1.5,14592.645649,14557.85553
2023-04-24,2023-04-24 01:00:00,SHORT,14498.016526,14557.907283,59.89075700000103,14408.180390499998,2023-04-24 04:39:00,14557.907283,SL,-59.89075700000103,-1.0,14555.907283,14519.168918
2023-04-25,2023-04-25 02:00:00,SHORT,14472.68932,14540.929706,68.24038600000131,14370.328740999998,2023-04-25 11:07:00,14370.328740999998,TP,102.36057900000196,1.5,14538.929706,14477.699097
2023-04-26,2023-04-26 03:00:00,SHORT,14416.468488,14470.792826,54.32433800000035,14334.981981,2023-04-26 11:01:00,14470.792826,SL,-54.32433800000035,-1.0,14468.792826,14417.581772
2023-04-27,2023-04-27 01:00:00,LONG,14456.825026,14399.439157,57.38586899999973,14542.9038295,2023-04-27 09:13:00,14542.9038295,TP,86.07880349999868,1.5,14442.908978,14401.439157
2023-04-28,2023-04-28 03:15:00,SHORT,14679.203464,14731.301234,52.09777000000031,14601.056809,2023-04-28 08:30:00,14731.301234,SL,-52.09777000000031,-1.0,14729.301234,14683.099957
2023-05-01,2023-05-01 01:30:00,LONG,14868.183388,14800.499644,67.68374399999993,14969.709004,2023-05-01 07:14:00,14800.499644,SL,-67.68374399999993,-1.0,14855.658945,14802.499644
2023-05-02,2023-05-02 01:00:00,LONG,14816.972333,14768.771056,48.20127700000012,14889.2742485,2023-05-02 08:41:00,14768.771056,SL,-48.20127700000012,-1.0,14813.632482,14770.771056
2023-05-03,2023-05-03 02:15:00,LONG,14693.119511,14649.093048,44.02646300000015,14759.1592055,2023-05-03 13:00:00,14759.1592055,TP,66.03969449999931,1.5,14689.77966,14651.093048
2023-05-09,2023-05-09 01:45:00,SHORT,14833.949911,14860.998796,27.048885000000155,14793.3765835,2023-05-09 03:47:00,14793.3765835,TP,40.57332750000023,1.5,14858.998796,14836.73312
2023-05-10,2023-05-10 02:30:00,SHORT,14743.217282,14793.088485,49.871203000000605,14668.410477499998,2023-05-10 07:30:00,14793.088485,SL,-49.871203000000605,-1.0,14791.088485,14768.822809
2023-05-11,2023-05-11 03:00:00,LONG,14977.841841,14922.404219,55.437621999999465,15060.998273999998,2023-05-11 08:31:00,14922.404219,SL,-55.437621999999465,-1.0,14971.162138,14924.404219
2023-05-15,2023-05-15 01:00:00,LONG,14944.165006,14860.338648,83.82635799999844,15069.904542999997,2023-05-15 15:15:00,14994.819419,FORCE_CLOSE,50.654413000000204,0.6042778692592269,14916.889554,14862.338648
2023-05-16,2023-05-16 01:00:00,SHORT,14968.100608,14994.03621,25.935601999999562,14929.197205,2023-05-16 02:21:00,14994.03621,SL,-25.935601999999562,-1.0,14992.03621,14974.780311
2023-05-17,2023-05-17 02:15:00,SHORT,15006.78722,15056.936744,50.14952400000038,14931.562934,2023-05-17 08:29:00,15056.936744,SL,-50.14952400000038,-1.0,15054.936744,15020.981588
2023-05-18,2023-05-18 02:15:00,LONG,15202.446847,15170.109863,32.336983999999575,15250.952322999998,2023-05-18 08:38:00,15250.952322999998,TP,48.50547599999845,1.5,15201.333563,15172.109863
2023-05-19,2023-05-19 01:45:00,SHORT,15477.984586,15527.855789,49.871202999998786,15403.177781500002,2023-05-19 10:37:00,15403.177781500002,TP,74.80680449999818,1.5,15525.855789,15490.787349
2023-05-23,2023-05-23 02:00:00,SHORT,15482.1594,15564.872475,82.71307499999966,15358.089787500001,2023-05-23 11:38:00,15358.089787500001,TP,124.0696124999995,1.5,15562.872475,15488.282461
2023-05-24,2023-05-24 01:00:00,SHORT,15268.965553,15316.053547,47.087993999999526,15198.333562,2023-05-24 07:34:00,15198.333562,TP,70.6319910000002,1.5,15314.053547,15283.716564
2023-05-25,2023-05-25 01:15:00,LONG,15432.896592,15386.36524,46.53135199999997,15502.693619999998,2023-05-25 06:58:00,15502.693619999998,TP,69.79702799999905,1.5,15431.504987,15388.36524
2023-05-26,2023-05-26 01:15:00,LONG,15567.882252,15499.920187,67.96206499999971,15669.825349499999,2023-05-26 08:41:00,15669.825349499999,TP,101.94309749999957,1.5,15558.697661,15501.920187
2023-05-30,2023-05-30 01:15:00,LONG,16037.966334,16005.35103,32.61530400000083,16086.889290000003,2023-05-30 03:10:00,16086.889290000003,TP,48.92295600000216,1.5,16036.85305,16007.35103
2023-05-31,2023-05-31 01:00:00,SHORT,15960.036468,16065.571861,105.53539300000011,15801.733378500001,2023-05-31 15:15:00,15907.71213,FORCE_CLOSE,52.32433800000035,0.4957989591226547,16063.571861,15998.444759
2023-06-02,2023-06-02 01:30:00,LONG,16160.427551,16110.556348,49.871203000000605,16235.2343555,2023-06-02 08:30:00,16235.2343555,TP,74.8068045,1.5,16158.200984,16112.556348
2023-06-06,2023-06-06 02:15:00,LONG,16264.241265,16203.515545,60.725720000000365,16355.329845,2023-06-06 08:30:00,16203.515545,SL,-60.725720000000365,-1.0,16255.056674,16205.515545
2023-06-07,2023-06-07 02:00:00,SHORT,16214.978457,16257.613316,42.6348590000016,16151.026168499997,2023-06-07 06:49:00,16257.613316,SL,-42.6348590000016,-1.0,16255.613316,16218.87495
2023-06-09,2023-06-09 02:15:00,SHORT,16115.339558,16161.592588,46.25302999999985,16045.960013,2023-06-09 06:14:00,16161.592588,SL,-46.25302999999985,-1.0,16159.592588,16123.689186
2023-06-12,2023-06-12 01:15:00,LONG,16269.710519,16227.172825,42.537694000000556,16333.517060000002,2023-06-12 10:42:00,16333.517060000002,TP,63.806541000001744,1.5,16262.84966,16229.172825
2023-06-13,2023-06-13 01:00:00,LONG,16560.93347,16492.383938,68.54953200000091,16663.757768000003,2023-06-13 07:30:00,16492.383938,SL,-68.54953200000091,-1.0,16557.633493,16494.383938
2023-06-14,2023-06-14 01:15:00,SHORT,16596.958216,16632.232982,35.27476600000227,16544.046066999996,2023-06-14 02:18:00,16632.232982,SL,-35.27476600000227,-1.0,16630.232982,16599.433199
2023-06-15,2023-06-15 02:00:00,SHORT,16670.932696,16746.632177,75.69948099999965,16557.3834745,2023-06-15 09:05:00,16746.632177,SL,-75.69948099999965,-1.0,16744.632177,16682.482615
2023-06-16,2023-06-16 01:00:00,LONG,16900.281082,16844.381461,55.89962100000048,16984.1305135,2023-06-16 07:33:00,16984.1305135,TP,83.8494314999989,1.5,16898.631094,16846.381461
2023-06-19,2023-06-19 03:30:00,SHORT,16785.881887,16853.606425,67.72453800000221,16684.295079999996,2023-06-19 11:59:00,16763.057048,FORCE_CLOSE,22.824839000000793,0.3370246541955007,16851.606425,16788.906866
2023-06-20,2023-06-20 02:00:00,SHORT,16744.907175,16785.406904,40.499728999999206,16684.157581500003,2023-06-20 08:32:00,16785.406904,SL,-40.499728999999206,-1.0,16783.406904,16746.282166
2023-06-21,2023-06-21 01:00:00,SHORT,16762.507052,16802.456785,39.94973299999765,16702.582452500006,2023-06-21 08:07:00,16702.582452500006,TP,59.924599499994656,1.5,16800.456785,16766.632023
2023-06-22,2023-06-22 01:00:00,SHORT,16478.984047,16565.683451,86.69940399999905,16348.934941000003,2023-06-22 08:47:00,16565.683451,SL,-86.69940399999905,-1.0,16563.683451,16510.058828
2023-06-23,2023-06-23 03:15:00,SHORT,16627.758,16754.607121,126.84912099999929,16437.484318500003,2023-06-23 15:15:00,16566.158433,FORCE_CLOSE,61.599567000001116,0.4856128802027841,16752.607121,16640.682909
2023-06-26,2023-06-26 01:15:00,SHORT,16580.733331,16627.283017,46.54968600000211,16510.908801999998,2023-06-26 03:30:00,16510.908801999998,TP,69.82452900000135,1.5,16625.283017,16582.658317
2023-06-27,2023-06-27 01:00:00,LONG,16390.709668,16347.18496,43.52470799999901,16455.99673,2023-06-27 08:35:00,16455.99673,TP,65.28706199999942,1.5,16384.934708,16349.18496
2023-06-28,2023-06-28 01:00:00,LONG,16579.633338,16538.033617,41.59972099999868,16642.032919499998,2023-06-28 03:35:00,16538.033617,SL,-41.59972099999868,-1.0,16575.508367,16540.033617
2023-06-29,2023-06-29 01:15:00,SHORT,16649.207849,16703.457481,54.24963200000275,16567.833400999996,2023-06-29 05:16:00,16703.457481,SL,-54.24963200000275,-1.0,16701.457481,16655.807802
2023-06-30,2023-06-30 03:00:00,LONG,16667.082723,16607.058131,60.02459199999794,16757.119610999995,2023-06-30 07:34:00,16757.119610999995,TP,90.03688799999509,1.5,16657.182793,16609.058131
2023-07-03,2023-07-03 02:15:00,LONG,16895.881113,16861.706339,34.17477399999916,16947.143274,2023-07-03 09:38:00,16861.706339,SL,-34.17477399999916,-1.0,16893.131132,16863.706339
2023-07-04,2023-07-04 02:30:00,LONG,16894.781121,16865.556312,29.224808999999368,16938.6183345,2023-07-04 11:59:00,16878.831233,FORCE_CLOSE,-15.949887999999191,-0.5457653461481831,16891.756142,16867.556312
2023-07-05,2023-07-05 01:00:00,SHORT,16857.93138,16894.03114,36.09975999999733,16803.781740000006,2023-07-05 04:22:00,16803.781740000006,TP,54.149639999996,1.5,16892.03114,16863.981338
2023-07-07,2023-07-07 01:30:00,SHORT,16735.282243,16769.457017,34.17477399999916,16684.020082000003,2023-07-07 07:30:00,16769.457017,SL,-34.17477399999916,-1.0,16767.457017,16736.107237
2023-07-10,2023-07-10 01:00:00,SHORT,16591.733253,16712.807415,121.0741620000008,16410.12201,2023-07-10 07:07:00,16712.807415,SL,-121.0741620000008,-1.0,16710.807415,16632.157969
2023-07-11,2023-07-11 01:00:00,LONG,16747.382158,16691.482537,55.89962100000048,16831.2315895,2023-07-11 08:41:00,16691.482537,SL,-55.89962100000048,-1.0,16723.457326,16693.482537
2023-07-12,2023-07-12 02:30:00,LONG,16823.281624,16777.83193,45.449693999999,16891.456164999996,2023-07-12 07:30:00,16891.456164999996,TP,68.17454099999668,1.5,16819.706649,16779.83193
2023-07-13,2023-07-13 04:00:00,LONG,17105.979635,17010.480293,95.49934199999916,17249.228647999997,2023-07-13 13:14:00,17249.228647999997,TP,143.24901299999692,1.5,17099.379681,17012.480293
2023-07-17,2023-07-17 01:30:00,LONG,17261.62854,17225.528779,36.09976100000131,17315.778181500005,2023-07-17 08:30:00,17315.778181500005,TP,54.14964150000378,1.5,17258.053565,17227.528779
2023-07-18,2023-07-18 02:45:00,LONG,17414.527464,17377.052713,37.47475099999792,17470.739590499994,2023-07-18 07:44:00,17377.052713,SL,-37.47475099999792,-1.0,17411.227487,17379.052713
2023-07-19,2023-07-19 01:00:00,LONG,17578.42631,17545.626527,32.79978299999857,17627.625984499995,2023-07-19 08:31:00,17627.625984499995,TP,49.199674499996036,1.5,17564.401409,17547.626527
2023-07-20,2023-07-20 03:00:00,SHORT,17418.927433,17488.026961,69.09952799999883,17315.278141000003,2023-07-20 09:30:00,17315.278141000003,TP,103.64929199999824,1.5,17486.026961,17426.35238
2023-07-21,2023-07-21 01:45:00,LONG,17180.50411,17107.829608,72.67450200000167,17289.515863000004,2023-07-21 08:34:00,17289.515863000004,TP,109.0117530000025,1.5,17172.529166,17109.829608
2023-07-24,2023-07-24 02:15:00,LONG,17137.87941,17083.629778,54.24963200000275,17219.253858000004,2023-07-24 08:51:00,17083.629778,SL,-54.24963200000275,-1.0,17126.329492,17085.629778
2023-07-25,2023-07-25 01:15:00,LONG,17143.65437,17102.054648,41.59972199999902,17206.053953,2023-07-25 08:45:00,17206.053953,TP,62.39958299999853,1.5,17129.904466,17104.054648
2023-07-26,2023-07-26 01:30:00,LONG,17228.90377,17188.404041,40.499728999999206,17289.6533635,2023-07-26 05:23:00,17188.404041,SL,-40.499728999999206,-1.0,17226.978783,17190.404041
2023-07-27,2023-07-27 02:00:00,LONG,17302.053255,17201.053952,100.99930300000051,17453.552209499998,2023-07-27 08:36:00,17453.552209499998,TP,151.49895449999894,1.5,17297.653286,17203.053952
2023-07-28,2023-07-28 02:00:00,LONG,17254.753588,17098.754671,155.9989170000008,17488.7519635,2023-07-28 15:15:00,17424.702392,FORCE_CLOSE,169.94880399999965,1.0894229733658907,17238.528702,17100.754671
2023-08-01,2023-08-01 01:00:00,SHORT,17436.527309,17480.052017,43.52470800000083,17371.240247,2023-08-01 04:34:00,17371.240247,TP,65.28706199999942,1.5,17478.052017,17437.077305
2023-08-02,2023-08-02 01:00:00,SHORT,17274.553449,17370.602787,96.04933800000072,17130.479441999996,2023-08-02 09:07:00,17130.479441999996,TP,144.0740070000029,1.5,17368.602787,17281.703398
2023-08-03,2023-08-03 01:30:00,SHORT,16991.58044,17060.129971,68.54953099999693,16888.756143500006,2023-08-03 02:31:00,16888.756143500006,TP,102.8242964999954,1.5,17058.129971,16993.230428
2023-08-04,2023-08-04 01:00:00,LONG,17096.904699,17008.00531,88.89938899999834,17230.253782499996,2023-08-04 06:29:00,17008.00531,SL,-88.89938899999834,-1.0,17089.204753,17010.00531
2023-08-07,2023-08-07 02:00:00,LONG,16994.605418,16919.455933,75.1494849999981,17107.329645499995,2023-08-07 08:48:00,16919.455933,SL,-75.1494849999981,-1.0,16989.105457,16921.455933
2023-08-08,2023-08-08 01:00:00,SHORT,16950.33073,17042.805093,92.47436299999754,16811.619185500007,2023-08-08 08:50:00,16811.619185500007,TP,138.7115444999945,1.5,17040.805093,16962.430645
2023-08-09,2023-08-09 01:45:00,LONG,16942.355786,16875.731241,66.62454499999876,17042.2926035,2023-08-09 08:32:00,16875.731241,SL,-66.62454499999876,-1.0,16934.380842,16877.731241
2023-08-10,2023-08-10 01:00:00,LONG,16779.281934,16722.282321,56.999612999999954,16864.7813535,2023-08-10 07:30:00,16864.7813535,TP,85.49941949999993,1.5,16774.05697,16724.282321
2023-08-11,2023-08-11 03:00:00,SHORT,16712.457404,16795.306835,82.84943099999873,16588.1832575,2023-08-11 08:28:00,16588.1832575,TP,124.27414649999992,1.5,16793.306835,16719.607353
2023-08-14,2023-08-14 02:45:00,LONG,16717.957365,16520.708739,197.24862599999688,17013.830303999996,2023-08-14 15:15:00,16801.281779,FORCE_CLOSE,83.32441400000243,0.4224334318050142,16663.782746,16522.708739
2023-08-15,2023-08-15 01:30:00,SHORT,16818.056661,16870.381307,52.32464600000094,16739.569691999997,2023-08-15 02:30:00,16739.569691999997,TP,78.48696900000141,1.5,16868.381307,16820.531643
2023-08-16,2023-08-16 02:30:00,LONG,16658.832781,16588.358263,70.47451800000272,16764.544558000005,2023-08-16 06:11:00,16588.358263,SL,-70.47451800000272,-1.0,16648.932851,16590.358263
2023-08-17,2023-08-17 01:30:00,LONG,16449.009257,16374.13477,74.87448700000095,16561.320987500003,2023-08-17 09:25:00,16374.13477,SL,-74.87448700000095,-1.0,16446.259277,16376.13477
2023-08-18,2023-08-18 02:30:00,SHORT,16207.560956,16271.985517,64.42456099999981,16110.9241145,2023-08-18 06:38:00,16110.9241145,TP,96.63684149999972,1.5,16269.985517,16215.810898
2023-08-21,2023-08-21 01:00:00,SHORT,16197.11103,16276.660484,79.54945399999997,16077.786849,2023-08-21 02:53:00,16276.660484,SL,-79.54945399999997,-1.0,16274.660484,16207.835954
2023-08-22,2023-08-22 01:00:00,LONG,16490.808963,16435.184341,55.62462199999936,16574.245896,2023-08-22 04:44:00,16574.245896,TP,83.43693300000086,1.5,16482.009025,16437.184341
2023-08-23,2023-08-23 01:30:00,LONG,16538.658627,16450.85923,87.7993970000025,16670.357722500004,2023-08-23 09:42:00,16670.357722500004,TP,131.69909550000375,1.5,16532.608669,16452.85923
2023-08-25,2023-08-25 01:15:00,SHORT,16296.935328,16364.934863,67.99953500000083,16194.9360255,2023-08-25 03:13:00,16364.934863,SL,-67.99953500000083,-1.0,16362.934863,16309.035242
2023-08-28,2023-08-28 03:15:00,LONG,16532.883667,16468.734105,64.1495619999987,16629.108009999996,2023-08-28 08:35:00,16629.108009999996,TP,96.22434299999804,1.5,16521.05875,16470.734105
2023-08-29,2023-08-29 01:00:00,LONG,16639.307918,16584.50829,54.79962799999703,16721.507359999996,2023-08-29 03:11:00,16584.50829,SL,-54.79962799999703,-1.0,16628.582994,16586.50829
2023-08-30,2023-08-30 01:00:00,SHORT,16963.255639,17016.680277,53.424638000000414,16883.118682,2023-08-30 08:57:00,17016.680277,SL,-53.424638000000414,-1.0,17014.680277,16971.780579
2023-08-31,2023-08-31 01:00:00,SHORT,17046.030057,17087.079782,41.04972500000076,16984.455469499997,2023-08-31 07:16:00,17087.079782,SL,-41.04972500000076,-1.0,17085.079782,17051.25502
2023-09-01,2023-09-01 01:15:00,SHORT,17073.254865,17117.329569,44.074704000002384,17007.142808999997,2023-09-01 02:46:00,17117.329569,SL,-44.074704000002384,-1.0,17115.329569,17080.404815
2023-09-04,2023-09-04 01:15:00,LONG,17104.604644,17054.204985,50.39965899999879,17180.204132499995,2023-09-04 11:59:00,17076.004846,FORCE_CLOSE,-28.599797999999282,-0.5674601488871178,17096.904699,17056.204985
2023-09-05,2023-09-05 01:15:00,SHORT,17029.805171,17087.904776,58.09960499999943,16942.6557635,2023-09-05 09:52:00,17087.904776,SL,-58.09960499999943,-1.0,17085.904776,17036.680122
2023-09-06,2023-09-06 01:45:00,SHORT,17039.980099,17088.179774,48.19967499999984,16967.6805865,2023-09-06 09:02:00,16967.6805865,TP,72.29951250000158,1.5,17086.179774,17043.280076
2023-09-07,2023-09-07 01:00:00,SHORT,16868.656305,16937.205836,68.54953100000057,16765.8320085,2023-09-07 07:30:00,16765.8320085,TP,102.82429649999904,1.5,16935.205836,16890.106154
2023-09-08,2023-09-08 01:00:00,LONG,16865.356328,16776.456939,88.89938900000197,16998.705411500006,2023-09-08 04:02:00,16776.456939,SL,-88.89938900000197,-1.0,16817.781663,16778.456939
2023-09-11,2023-09-11 01:00:00,LONG,16896.222499,16825.681593,70.54090599999836,17002.033857999995,2023-09-11 12:38:00,17002.033857999995,TP,105.81135899999572,1.5,16874.431264,16827.681593
2023-09-12,2023-09-12 02:15:00,SHORT,16985.009938,17025.837472,40.827534000000014,16923.768637,2023-09-12 09:27:00,16923.768637,TP,61.2413009999982,1.5,17023.837472,16987.72515
2023-09-13,2023-09-13 02:15:00,LONG,16858.75257,16802.719847,56.03272300000026,16942.8016545,2023-09-13 05:07:00,16802.719847,SL,-56.03272300000026,-1.0,16850.335412,16804.719847
2023-09-15,2023-09-15 03:00:00,SHORT,17018.135526,17074.982813,56.847287000000506,16932.864595499996,2023-09-15 08:32:00,16932.864595499996,TP,85.27093050000258,1.5,17072.982813,17022.751387
2023-09-18,2023-09-18 03:00:00,LONG,16748.514955,16718.81979,29.69516499999736,16793.057702499995,2023-09-18 06:09:00,16718.81979,SL,-29.69516499999736,-1.0,16747.157349,16720.81979
2023-09-19,2023-09-19 01:00:00,SHORT,16711.85959,16767.892313,56.03272300000026,16627.810505499998,2023-09-19 04:27:00,16767.892313,SL,-56.03272300000026,-1.0,16765.892313,16719.462184
2023-09-20,2023-09-20 03:15:00,LONG,16714.303281,16660.98577,53.317511000001105,16794.279547500002,2023-09-20 10:19:00,16660.98577,SL,-53.317511000001105,-1.0,16711.316547,16662.98577
2023-09-21,2023-09-21 03:30:00,SHORT,16356.438313,16439.623157,83.18484400000125,16231.661046999998,2023-09-21 07:31:00,16231.661046999998,TP,124.77726600000278,1.5,16437.623157,16378.16001
2023-09-22,2023-09-22 01:15:00,LONG,16193.797102,16111.42682,82.37028199999986,16317.352525,2023-09-22 10:39:00,16317.352525,TP,123.55542299999979,1.5,16188.366677,16113.42682
2023-09-25,2023-09-25 02:00:00,LONG,16217.147926,16145.366973,71.7809529999995,16324.8193555,2023-09-25 03:28:00,16145.366973,SL,-71.7809529999995,-1.0,16212.803587,16147.366973
2023-09-26,2023-09-26 01:00:00,SHORT,16125.373754,16232.180945,106.80719099999988,15965.1629675,2023-09-26 13:39:00,15965.1629675,TP,160.2107864999998,1.5,16230.180945,16130.804178
2023-09-27,2023-09-27 01:00:00,LONG,16030.069806,15982.182719,47.887086999999156,16101.900436499998,2023-09-27 09:11:00,15982.182719,SL,-47.887086999999156,-1.0,16023.553296,15984.182719
2023-09-28,2023-09-28 04:00:00,SHORT,15960.560373,16069.539734,108.9793609999997,15797.0913315,2023-09-28 10:23:00,16069.539734,SL,-108.9793609999997,-1.0,16067.539734,15979.295337
2023-09-29,2023-09-29 01:00:00,LONG,16182.936253,16099.751408,83.18484499999977,16307.7135205,2023-09-29 08:30:00,16307.7135205,TP,124.77726749999965,1.5,16173.43301,16101.751408
2023-10-02,2023-10-02 02:00:00,LONG,16292.359305,16217.863139,74.49616600000081,16404.103554,2023-10-02 04:47:00,16217.863139,SL,-74.49616600000081,-1.0,16285.028232,16219.863139
2023-10-03,2023-10-03 03:00:00,LONG,16307.836014,16239.041794,68.79421999999977,16411.027344000002,2023-10-03 06:09:00,16239.041794,SL,-68.79421999999977,-1.0,16293.988432,16241.041794
2023-10-04,2023-10-04 01:00:00,SHORT,15884.534432,16003.017035,118.48260300000038,15706.8105275,2023-10-04 06:11:00,16003.017035,SL,-118.48260300000038,-1.0,16001.017035,15900.282662
2023-10-05,2023-10-05 02:00:00,SHORT,16156.870216,16234.081594,77.21137799999997,16041.053149,2023-10-05 06:50:00,16234.081594,SL,-77.21137799999997,-1.0,16232.081594,16169.903234
2023-10-06,2023-10-06 01:30:00,SHORT,16120.757893,16161.313907,40.55601399999978,16059.923872,2023-10-06 02:23:00,16161.313907,SL,-40.55601399999978,-1.0,16159.313907,16122.930063
2023-10-11,2023-10-11 02:30:00,LONG,16629.317139,16595.549156,33.76798299999791,16679.969113499996,2023-10-11 03:26:00,16595.549156,SL,-33.76798299999791,-1.0,16621.986066,16597.549156
2023-10-12,2023-10-12 01:00:00,LONG,16769.422089,16725.607821,43.814267999998265,16835.143490999995,2023-10-12 07:30:00,16725.607821,SL,-43.814267999998265,-1.0,16759.375803,16727.607821
2023-10-13,2023-10-13 01:00:00,SHORT,16624.701278,16668.515546,43.814267999998265,16558.979876000005,2023-10-13 04:51:00,16558.979876000005,TP,65.72140199999558,1.5,16666.515546,16636.648212
2023-10-16,2023-10-16 02:15:00,SHORT,16441.967497,16496.914135,54.94663799999762,16359.547540000005,2023-10-16 08:31:00,16496.914135,SL,-54.94663799999762,-1.0,16494.914135,16445.497273
2023-10-17,2023-10-17 03:30:00,SHORT,16567.138779,16615.840429,48.70164999999906,16494.086304000004,2023-10-17 07:45:00,16494.086304000004,TP,73.05247499999678,1.5,16613.840429,16576.642022
2023-10-18,2023-10-18 01:45:00,SHORT,16492.470444,16546.059476,53.58903199999986,16412.086896,2023-10-18 09:36:00,16412.086896,TP,80.38354799999797,1.5,16544.059476,16492.741965
2023-10-19,2023-10-19 02:45:00,SHORT,16264.392619,16355.994622,91.60200299999997,16126.9896145,2023-10-19 05:33:00,16355.994622,SL,-91.60200299999997,-1.0,16353.994622,16270.637607
2023-10-20,2023-10-20 01:15:00,SHORT,16080.02971,16137.148518,57.11880799999926,15994.351498000002,2023-10-20 03:20:00,16137.148518,SL,-57.11880799999926,-1.0,16135.148518,16093.062729
2023-10-23,2023-10-23 02:15:00,SHORT,15938.295633,15984.825113,46.52948000000106,15868.501412999998,2023-10-23 04:04:00,15868.501412999998,TP,69.79422000000159,1.5,15982.825113,15947.798876
2023-10-24,2023-10-24 01:00:00,LONG,16063.738437,15985.169453,78.56898399999955,16181.591913,2023-10-24 11:42:00,15985.169453,SL,-78.56898399999955,-1.0,16041.473697,15987.169453
2023-10-25,2023-10-25 01:00:00,SHORT,16031.698933,16100.493153,68.79421999999977,15928.507603,2023-10-25 08:35:00,15928.507603,TP,103.19132999999965,1.5,16098.493153,16052.877588
2023-10-26,2023-10-26 02:00:00,SHORT,15511.192754,15621.258199,110.06544500000018,15346.0945865,2023-10-26 07:30:00,15621.258199,SL,-110.06544500000018,-1.0,15619.258199,15533.457494
2023-10-27,2023-10-27 03:30:00,LONG,15566.311561,15495.616693,70.6948680000005,15672.353863,2023-10-27 12:06:00,15495.616693,SL,-70.6948680000005,-1.0,15555.993755,15497.616693
2023-10-30,2023-10-30 01:30:00,LONG,15592.106077,15547.748767,44.357310000001235,15658.642042000003,2023-10-30 08:38:00,15658.642042000003,TP,66.53596500000276,1.5,15587.218695,15549.748767
2023-10-31,2023-10-31 01:00:00,SHORT,15557.07984,15654.112267,97.0324270000001,15411.531199500001,2023-10-31 03:52:00,15654.112267,SL,-97.0324270000001,-1.0,15652.112267,15560.881137
2023-11-01,2023-11-01 01:45:00,LONG,15738.727536,15679.70808,59.01945599999999,15827.256720000001,2023-11-01 03:47:00,15679.70808,SL,-59.01945599999999,-1.0,15722.707784,15681.70808
2023-11-02,2023-11-02 02:45:00,LONG,16096.320983,16036.215442,60.10554099999899,16186.479294499997,2023-11-02 07:12:00,16186.479294499997,TP,90.15831149999758,1.5,16093.062729,16038.215442
2023-11-06,2023-11-06 01:15:00,LONG,16506.046505,16466.033534,40.01297100000011,16566.065961499997,2023-11-06 08:39:00,16566.065961499997,TP,60.01945649999834,1.5,16497.629347,16468.033534
2023-11-07,2023-11-07 01:15:00,SHORT,16501.702165,16535.470148,33.76798300000155,16451.0501905,2023-11-07 02:56:00,16535.470148,SL,-33.76798300000155,-1.0,16533.470148,16504.688899
2023-11-08,2023-11-08 01:00:00,SHORT,16661.356643,16701.912656,40.55601300000126,16600.522623499997,2023-11-08 05:35:00,16701.912656,SL,-40.55601300000126,-1.0,16699.912656,16667.058589
2023-11-09,2023-11-09 01:15:00,LONG,16706.157644,16672.389662,33.76798199999757,16756.809616999995,2023-11-09 09:00:00,16756.809616999995,TP,50.65197299999636,1.5,16705.614602,16674.389662
2023-11-10,2023-11-10 01:00:00,LONG,16568.224864,16514.907354,53.317510000000766,16648.201129,2023-11-10 08:28:00,16648.201129,TP,79.97626500000115,1.5,16567.138779,16516.907354
2023-11-14,2023-11-14 01:30:00,LONG,16924.189184,16889.063595,35.12558899999931,16976.8775675,2023-11-14 07:30:00,16976.8775675,TP,52.68838350000078,1.5,16919.030281,16891.063595
2023-11-15,2023-11-15 02:30:00,LONG,17321.42473,17261.319188,60.10554199999751,17411.583042999995,2023-11-15 07:30:00,17411.583042999995,TP,90.15831299999627,1.5,17310.020838,17263.319188
2023-11-17,2023-11-17 02:30:00,LONG,17279.610462,17241.769661,37.8408010000021,17336.371663500002,2023-11-17 08:25:00,17241.769661,SL,-37.8408010000021,-1.0,17271.193304,17243.769661
2023-11-20,2023-11-20 02:00:00,LONG,17245.94183,17198.597787,47.344043000000966,17316.957894500003,2023-11-20 08:31:00,17316.957894500003,TP,71.01606450000327,1.5,17238.882279,17200.597787
2023-11-21,2023-11-21 01:15:00,SHORT,17477.820952,17512.403499,34.582547000001796,17425.947131499997,2023-11-21 06:55:00,17425.947131499997,TP,51.873820500000875,1.5,17510.403499,17478.092474
2023-11-22,2023-11-22 01:15:00,SHORT,17326.583633,17362.252264,35.66863100000046,17273.080686499998,2023-11-22 03:45:00,17362.252264,SL,-35.66863100000046,-1.0,17360.252264,17327.126675
2023-11-23,2023-11-23 01:00:00,LONG,17458.814467,17417.172369,41.64209800000026,17521.277614,2023-11-23 11:59:00,17445.238406,FORCE_CLOSE,-13.576060999999754,-0.32601769968457567,17447.682097,17419.172369
2023-11-24,2023-11-24 01:00:00,SHORT,17416.185635,17456.198606,40.01297100000011,17356.166178500003,2023-11-24 12:14:00,17389.305035,FORCE_CLOSE,26.880600000000413,0.6717971529782265,17454.198606,17439.53646
2023-11-27,2023-11-27 02:15:00,LONG,17367.854858,17308.835402,59.01945599999817,17456.384041999998,2023-11-27 11:56:00,17456.384041999998,TP,88.52918399999908,1.5,17363.238997,17310.835402
2023-11-28,2023-11-28 01:00:00,SHORT,17356.450967,17394.563289,38.11232200000086,17299.282484,2023-11-28 09:40:00,17394.563289,SL,-38.11232200000086,-1.0,17392.563289,17362.695955
2023-11-29,2023-11-29 02:30:00,LONG,17481.350728,17428.033218,53.317510000000766,17561.326993000002,2023-11-29 07:30:00,17561.326993000002,TP,79.97626500000115,1.5,17471.304443,17430.033218
2023-11-30,2023-11-30 01:45:00,LONG,17450.940352,17413.371072,37.56927999999971,17507.294272,2023-11-30 02:50:00,17413.371072,SL,-37.56927999999971,-1.0,17447.139055,17415.371072
2023-12-01,2023-12-01 02:15:00,LONG,17345.590118,17316.709517,28.880601000000752,17388.911019500003,2023-12-01 06:11:00,17316.709517,SL,-28.880601000000752,-1.0,17345.047076,17318.709517
2023-12-04,2023-12-04 01:30:00,SHORT,17332.5571,17371.483986,38.92688599999747,17274.166771000004,2023-12-04 02:47:00,17371.483986,SL,-38.92688599999747,-1.0,17369.483986,17337.716003
2023-12-05,2023-12-05 01:00:00,SHORT,17142.763767,17220.246666,77.48289899999872,17026.539418500004,2023-12-05 08:53:00,17220.246666,SL,-77.48289899999872,-1.0,17218.246666,17183.763471
2023-12-07,2023-12-07 02:00:00,LONG,17191.094544,17150.267009,40.82753500000035,17252.3358465,2023-12-07 07:40:00,17252.3358465,TP,61.24130249999871,1.5,17187.293247,17152.267009
2023-12-08,2023-12-08 01:15:00,SHORT,17379.530271,17412.755211,33.22494000000006,17329.692861,2023-12-08 04:15:00,17412.755211,SL,-33.22494000000006,-1.0,17410.755211,17384.417653
2023-12-12,2023-12-12 02:15:00,LONG,17673.196615,17636.018472,37.178143000001,17728.963829500004,2023-12-12 07:30:00,17728.963829500004,TP,55.76721450000332,1.5,17672.501667,17638.018472
2023-12-13,2023-12-13 02:30:00,SHORT,17790.849977,17809.198167,18.348189999996976,17763.327692000006,2023-12-13 05:49:00,17809.198167,SL,-18.348189999996976,-1.0,17807.198167,17792.725999
2023-12-15,2023-12-15 01:00:00,LONG,17993.996329,17951.259858,42.736471000000165,18058.101035500003,2023-12-15 09:13:00,18058.101035500003,TP,64.10470650000207,1.5,17989.70828,17953.259858
2023-12-18,2023-12-18 02:15:00,SHORT,18021.868652,18074.789241,52.92058899999756,17942.487768500003,2023-12-18 08:31:00,18074.789241,SL,-52.92058899999756,-1.0,18072.789241,18030.712754
2023-12-19,2023-12-19 02:15:00,LONG,18163.106287,18126.533887,36.57239999999729,18217.964886999995,2023-12-19 08:43:00,18217.964886999995,TP,54.85859999999593,1.5,18158.014228,18128.533887
2023-12-20,2023-12-20 02:00:00,SHORT,18227.963038,18275.523566,47.56052799999816,18156.622246000006,2023-12-20 09:21:00,18275.523566,SL,-47.56052799999816,-1.0,18273.523566,18253.691336
2023-12-21,2023-12-21 01:00:00,LONG,18068.501192,18008.612522,59.888670000000275,18158.334197,2023-12-21 07:38:00,18158.334197,TP,89.83300500000041,1.5,18060.193096,18010.612522
2023-12-26,2023-12-26 01:00:00,LONG,18258.515392,18212.562883,45.952509000002465,18327.444155500005,2023-12-26 06:07:00,18212.562883,SL,-45.952509000002465,-1.0,18255.031351,18214.562883
2023-12-27,2023-12-27 01:00:00,LONG,18323.908149,18301.539913,22.368235999998433,18357.460502999995,2023-12-27 09:00:00,18357.460502999995,TP,33.55235399999583,1.5,18322.836136,18303.539913
2023-12-29,2023-12-29 01:00:00,LONG,18344.812391,18316.012081,28.800309999998717,18388.012855999998,2023-12-29 06:34:00,18316.012081,SL,-28.800309999998717,-1.0,18341.060347,18318.012081
2024-01-02,2024-01-02 03:30:00,SHORT,18220.458951,18267.483472,47.02452099999937,18149.9221695,2024-01-02 05:15:00,18149.9221695,TP,70.53678149999905,1.5,18265.483472,18225.283007
2024-01-03,2024-01-03 02:45:00,SHORT,17875.806961,17935.695631,59.888670000000275,17785.973955999998,2024-01-03 08:30:00,17785.973955999998,TP,89.83300500000041,1.5,17933.695631,17890.815135
2024-01-04,2024-01-04 01:00:00,LONG,17765.925689,17721.581198,44.344490999999834,17832.442425499998,2024-01-04 05:58:00,17721.581198,SL,-44.344490999999834,-1.0,17756.009574,17723.581198
2024-01-05,2024-01-05 01:00:00,SHORT,17600.031768,17656.972404,56.94063599999936,17514.620814,2024-01-05 07:31:00,17514.620814,TP,85.41095399999904,1.5,17654.972404,17608.607867
2024-01-08,2024-01-08 02:00:00,SHORT,17617.987976,17690.472792,72.48481600000014,17509.260752000002,2024-01-08 08:16:00,17690.472792,SL,-72.48481600000014,-1.0,17688.472792,17619.863998
2024-01-09,2024-01-09 01:15:00,SHORT,17979.524162,18007.520463,27.99630099999922,17937.529710500003,2024-01-09 03:10:00,17937.529710500003,TP,41.99445149999883,1.5,18005.520463,17980.864177
2024-01-10,2024-01-10 02:15:00,LONG,18069.037198,18029.248761,39.78843700000289,18128.719853500006,2024-01-10 07:47:00,18029.248761,SL,-39.78843700000289,-1.0,18064.213142,18031.248761
2024-01-11,2024-01-11 01:00:00,LONG,18234.931119,18178.526489,56.40463000000091,18319.538064,2024-01-11 07:30:00,18178.526489,SL,-56.40463000000091,-1.0,18234.395112,18180.526489
2024-01-12,2024-01-12 03:00:00,LONG,18196.338672,18136.718005,59.62066700000287,18285.769672500006,2024-01-12 04:51:00,18136.718005,SL,-59.62066700000287,-1.0,18186.958563,18138.718005
2024-01-15,2024-01-15 01:00:00,LONG,18246.455252,18159.498269,86.95698300000004,18376.8907265,2024-01-15 08:07:00,18159.498269,SL,-86.95698300000004,-1.0,18216.706908,18161.498269
2024-01-16,2024-01-16 01:00:00,SHORT,18088.065418,18158.40621,70.3407920000027,17982.554229999994,2024-01-16 08:31:00,18158.40621,SL,-70.3407920000027,-1.0,18156.40621,18089.94144
2024-01-17,2024-01-17 01:00:00,SHORT,18050.812987,18206.110762,155.2977749999991,17817.866324500003,2024-01-17 15:15:00,18076.005279,FORCE_CLOSE,-25.192291999999725,-0.1622192719760465,18204.110762,18108.701657
2024-01-18,2024-01-18 01:00:00,LONG,18104.949614,18049.884999,55.06461499999932,18187.5465365,2024-01-18 05:11:00,18187.5465365,TP,82.59692249999716,1.5,18087.529412,18051.884999
2024-01-19,2024-01-19 01:30:00,LONG,18419.85326,18362.912624,56.94063599999936,18505.264214,2024-01-19 10:11:00,18505.264214,TP,85.41095399999904,1.5,18415.56521,18364.912624
2024-01-23,2024-01-23 02:15:00,SHORT,18696.700465,18749.085048,52.38458299999911,18618.123590500003,2024-01-23 07:01:00,18749.085048,SL,-52.38458299999911,-1.0,18747.085048,18714.120667
2024-01-24,2024-01-24 01:00:00,LONG,18895.290764,18831.918054,63.37270999999964,18990.349829,2024-01-24 09:28:00,18990.349829,TP,95.05906499999764,1.5,18877.602559,18833.918054
2024-01-25,2024-01-25 01:30:00,LONG,18907.082901,18853.894308,53.188593000002584,18986.865790500007,2024-01-25 07:55:00,18986.865790500007,TP,79.7828895000057,1.5,18905.742885,18855.894308
2024-01-26,2024-01-26 01:45:00,SHORT,18729.664847,18815.549818,85.8849709999995,18600.8373905,2024-01-26 05:59:00,18815.549818,SL,-85.8849709999995,-1.0,18813.549818,18742.528996
2024-01-29,2024-01-29 01:00:00,LONG,18812.477805,18735.972943,76.50486199999796,18927.235097999997,2024-01-29 14:01:00,18927.235097999997,TP,114.75729299999875,1.5,18810.869787,18737.972943
2024-01-30,2024-01-30 01:00:00,SHORT,18957.199481,19014.944126,57.744644999998854,18870.5825135,2024-01-30 11:23:00,18870.5825135,TP,86.61696749999828,1.5,19012.944126,18977.299714
2024-01-31,2024-01-31 01:15:00,LONG,18718.408716,18677.01226,41.39645600000222,18780.503400000005,2024-01-31 03:12:00,18677.01226,SL,-41.39645600000222,-1.0,18718.140713,18679.01226
2024-02-01,2024-02-01 01:00:00,SHORT,18516.066374,18575.955044,59.88866999999664,18426.23336900001,2024-02-01 02:01:00,18575.955044,SL,-59.88866999999664,-1.0,18573.955044,18524.910476
2024-02-06,2024-02-06 01:00:00,LONG,19033.044359,18966.455611,66.5887479999983,19132.927481,2024-02-06 05:36:00,18966.455611,SL,-66.5887479999983,-1.0,19030.364328,18968.455611
2024-02-07,2024-02-07 01:00:00,SHORT,18913.246972,18989.483832,76.23686000000089,18798.891682,2024-02-07 07:03:00,18989.483832,SL,-76.23686000000089,-1.0,18987.483832,18915.390997
2024-02-08,2024-02-08 01:00:00,LONG,19145.337659,19118.681374,26.656285000000935,19185.322086500004,2024-02-08 02:18:00,19118.681374,SL,-26.656285000000935,-1.0,19143.729641,19120.681374
2024-02-09,2024-02-09 01:15:00,LONG,19168.653929,19135.833572,32.82035700000051,19217.8844645,2024-02-09 06:01:00,19217.8844645,TP,49.23053549999895,1.5,19165.437892,19137.833572
2024-02-12,2024-02-12 02:15:00,LONG,19349.556024,19310.839598,38.716426000002684,19407.630663000004,2024-02-12 08:31:00,19310.839598,SL,-38.716426000002684,-1.0,19339.907912,19312.839598
2024-02-13,2024-02-13 01:00:00,LONG,19246.910835,19206.318388,40.59244699999908,19307.7995055,2024-02-13 02:44:00,19206.318388,SL,-40.59244699999908,-1.0,19235.654705,19208.318388
2024-02-14,2024-02-14 01:00:00,LONG,19002.224002,18939.655301,62.56870100000015,19096.077053499997,2024-02-14 08:31:00,19096.077053499997,TP,93.8530514999984,1.5,18967.919605,18941.655301
2024-02-15,2024-02-15 01:00:00,LONG,19199.742289,19126.98947,72.75281900000118,19308.871517500003,2024-02-15 08:44:00,19126.98947,SL,-72.75281900000118,-1.0,19171.601963,19128.98947
2024-02-16,2024-02-16 01:15:00,LONG,19254.682925,19199.082305,55.60062000000107,19338.083855000004,2024-02-16 07:49:00,19199.082305,SL,-55.60062000000107,-1.0,19246.106826,19201.082305
2024-02-20,2024-02-20 02:15:00,SHORT,18932.543195,19033.43634,100.89314500000182,18781.203477499996,2024-02-20 09:11:00,18781.203477499996,TP,151.33971750000273,1.5,19031.43634,18939.511276
2024-02-21,2024-02-21 02:15:00,SHORT,18786.481504,18851.19423,64.71272600000157,18689.412415,2024-02-21 12:02:00,18689.412415,TP,97.06908900000053,1.5,18849.19423,18801.489678
2024-02-22,2024-02-22 01:00:00,LONG,19102.725166,18975.031711,127.69345500000054,19294.2653485,2024-02-22 11:50:00,19294.2653485,TP,191.5401825000008,1.5,19099.777132,18977.031711
2024-02-23,2024-02-23 03:15:00,SHORT,19301.851471,19356.916086,55.06461499999932,19219.2545485,2024-02-23 07:20:00,19356.916086,SL,-55.06461499999932,-1.0,19354.916086,19312.839598
2024-02-26,2024-02-26 03:45:00,LONG,19287.647307,19210.606438,77.04086900000038,19403.208610499998,2024-02-26 15:15:00,19257.630959,FORCE_CLOSE,-30.016348000001017,-0.38961590633149357,19279.607214,19212.606438
2024-02-27,2024-02-27 01:15:00,LONG,19265.939055,19216.502506,49.436548999998195,19340.093878499996,2024-02-27 11:55:00,19216.502506,SL,-49.436548999998195,-1.0,19261.919009,19218.502506
2024-02-28,2024-02-28 01:15:00,SHORT,19275.587167,19316.447617,40.86045000000013,19214.296492,2024-02-28 03:30:00,19214.296492,TP,61.29067500000019,1.5,19314.447617,19288.719319
2024-02-29,2024-02-29 02:00:00,SHORT,19132.47351,19223.45054,90.97703000000183,18996.007964999997,2024-02-29 07:30:00,19223.45054,SL,-90.97703000000183,-1.0,19221.45054,19155.521777
2024-03-01,2024-03-01 01:00:00,LONG,19453.273224,19357.472138,95.80108599999949,19596.974853,2024-03-01 04:20:00,19357.472138,SL,-95.80108599999949,-1.0,19437.729044,19359.472138
2024-03-04,2024-03-04 02:15:00,LONG,19684.291899,19644.235458,40.05644100000063,19744.3765605,2024-03-04 04:19:00,19644.235458,SL,-40.05644100000063,-1.0,19684.023896,19646.235458
2024-03-05,2024-03-05 01:00:00,SHORT,19484.89759,19554.166369,69.26877899999818,19380.994421500003,2024-03-05 08:33:00,19380.994421500003,TP,103.90316849999726,1.5,19552.166369,19492.401677
2024-03-06,2024-03-06 01:30:00,LONG,19285.771285,19232.582692,53.188592999998946,19365.554174499997,2024-03-06 04:03:00,19365.554174499997,TP,79.78288949999842,1.5,19283.359257,19234.582692
2024-03-07,2024-03-07 02:00:00,SHORT,19222.25455,19328.507757,106.25320699999793,19062.874739500003,2024-03-07 03:16:00,19328.507757,SL,-106.25320699999793,-1.0,19326.507757,19223.594565
2024-03-08,2024-03-08 02:00:00,LONG,19649.987502,19560.350487,89.63701500000025,19784.4430245,2024-03-08 07:30:00,19560.350487,SL,-89.63701500000025,-1.0,19628.547254,19562.350487
2024-03-11,2024-03-11 03:00:00,SHORT,19263.259024,19357.184089,93.92506499999945,19122.3714265,2024-03-11 15:15:00,19280.14322,FORCE_CLOSE,-16.884196000002703,-0.17976240953362985,19355.184089,19268.08308
2024-03-12,2024-03-12 01:00:00,LONG,19377.953525,19326.115775,51.837750000002416,19455.710150000006,2024-03-12 07:30:00,19326.115775,SL,-51.837750000002416,-1.0,19374.748315,19328.115775
2024-03-13,2024-03-13 02:00:00,LONG,19561.442852,19504.448932,56.9939200000008,19646.933732,2024-03-13 03:31:00,19504.448932,SL,-56.9939200000008,-1.0,19552.717855,19506.448932
2024-03-14,2024-03-14 01:00:00,LONG,19445.373955,19408.738361,36.6355939999994,19500.327346,2024-03-14 07:32:00,19408.738361,SL,-36.6355939999994,-1.0,19439.028502,19410.738361
2024-03-15,2024-03-15 01:00:00,SHORT,19260.827052,19322.844455,62.01740299999801,19167.800947500004,2024-03-15 04:08:00,19322.844455,SL,-62.01740299999801,-1.0,19320.844455,19269.287655
2024-03-18,2024-03-18 01:00:00,LONG,19210.592222,19100.983928,109.60829399999784,19375.004662999996,2024-03-18 08:32:00,19375.004662999996,TP,164.41244099999676,1.5,19186.003595,19102.983928
2024-03-19,2024-03-19 03:30:00,LONG,19276.426289,19194.050561,82.37572799999907,19399.989880999998,2024-03-19 06:03:00,19194.050561,SL,-82.37572799999907,-1.0,19258.976295,19196.050561
2024-03-21,2024-03-21 01:00:00,LONG,19688.880684,19622.104192,66.77649200000087,19789.045422000003,2024-03-21 13:43:00,19622.104192,SL,-66.77649200000087,-1.0,19677.776142,19624.104192
2024-03-22,2024-03-22 04:00:00,LONG,19672.223872,19596.986777,75.23709500000041,19785.0795145,2024-03-22 06:45:00,19596.986777,SL,-75.23709500000041,-1.0,19665.878419,19598.986777
2024-03-25,2024-03-25 01:00:00,SHORT,19613.264045,19674.223872,60.95982699999877,19521.8243045,2024-03-25 06:20:00,19521.8243045,TP,91.43974049999815,1.5,19672.223872,19624.63298
2024-03-26,2024-03-26 01:30:00,LONG,19625.426161,19580.858753,44.56740799999898,19692.277273,2024-03-26 14:29:00,19580.858753,SL,-44.56740799999898,-1.0,19624.368586,19582.858753
2024-03-28,2024-03-28 02:30:00,LONG,19573.604968,19536.440587,37.164380999998684,19629.3515395,2024-03-28 04:19:00,19536.440587,SL,-37.164380999998684,-1.0,19570.696636,19538.440587
2024-04-01,2024-04-01 03:00:00,SHORT,19630.714038,19685.592807,54.87876900000265,19548.395884499994,2024-04-01 08:16:00,19548.395884499994,TP,82.31815350000397,1.5,19683.592807,19632.036008
2024-04-02,2024-04-02 02:15:00,SHORT,19514.116354,19557.097399,42.98104499999681,19449.64478650001,2024-04-02 02:17:00,19557.097399,SL,-42.98104499999681,-1.0,19555.097399,19520.461806
2024-04-03,2024-04-03 01:00:00,SHORT,19339.352024,19390.793672,51.44164799999999,19262.189552,2024-04-03 09:01:00,19390.793672,SL,-51.44164799999999,-1.0,19388.793672,19344.904294
2024-04-05,2024-04-05 01:45:00,LONG,19166.43845,19090.672568,75.76588199999969,19280.087273,2024-04-05 09:06:00,19280.087273,TP,113.64882299999954,1.5,19163.00133,19092.672568
2024-04-09,2024-04-09 01:15:00,LONG,19375.57398,19335.765661,39.808318999999756,19435.2864585,2024-04-09 02:51:00,19335.765661,SL,-39.808318999999756,-1.0,19372.13686,19337.765661
2024-04-10,2024-04-10 02:15:00,LONG,19446.960318,19422.222447,24.737871000001178,19484.067124500005,2024-04-10 04:51:00,19422.222447,SL,-24.737871000001178,-1.0,19444.845167,19424.222447
2024-04-11,2024-04-11 01:15:00,LONG,19258.976295,19184.796776,74.17951900000116,19370.245573500004,2024-04-11 06:18:00,19184.796776,SL,-74.17951900000116,-1.0,19255.274782,19186.796776
2024-04-12,2024-04-12 01:30:00,LONG,19565.937547,19534.58983,31.347717000000557,19612.959122500004,2024-04-12 02:41:00,19534.58983,SL,-31.347717000000557,-1.0,19565.144365,19536.58983
2024-04-15,2024-04-15 01:00:00,LONG,19308.15355,19237.939939,70.21361099999922,19413.473966499998,2024-04-15 09:38:00,19237.939939,SL,-70.21361099999922,-1.0,19306.038399,19239.939939
2024-04-17,2024-04-17 01:00:00,SHORT,18842.555993,18974.902157,132.34616399999868,18644.036747000006,2024-04-17 05:47:00,18974.902157,SL,-132.34616399999868,-1.0,18972.902157,18920.287783
2024-04-18,2024-04-18 01:00:00,LONG,18786.504498,18688.793927,97.71057099999962,18933.0703545,2024-04-18 07:30:00,18688.793927,SL,-97.71057099999962,-1.0,18757.685569,18690.793927
2024-04-22,2024-04-22 01:00:00,LONG,18288.386499,18189.089564,99.29693499999848,18437.331901499998,2024-04-22 09:26:00,18189.089564,SL,-99.29693499999848,-1.0,18267.499385,18191.089564
2024-04-23,2024-04-23 01:45:00,LONG,18350.519052,18279.512259,71.00679300000047,18457.0292415,2024-04-23 08:31:00,18457.0292415,TP,106.5101895000007,1.5,18340.736479,18281.512259
2024-04-25,2024-04-25 01:00:00,SHORT,18433.803112,18503.75233,69.94921799999793,18328.879285000003,2024-04-25 03:36:00,18503.75233,SL,-69.94921799999793,-1.0,18501.75233,18451.781893
2024-04-26,2024-04-26 01:30:00,LONG,18817.702972,18761.766628,55.936343999997916,18901.607487999994,2024-04-26 02:09:00,18761.766628,SL,-55.936343999997916,-1.0,18810.564338,18763.766628
2024-04-30,2024-04-30 02:00:00,SHORT,18915.528694,18954.015044,38.48634999999922,18857.799169,2024-04-30 07:30:00,18857.799169,TP,57.72952499999883,1.5,18952.015044,18927.69081
2024-05-01,2024-05-01 01:30:00,SHORT,18482.187185,18540.503074,58.315889000001334,18394.713351499995,2024-05-01 13:26:00,18540.503074,SL,-58.315889000001334,-1.0,18538.503074,18487.739456
2024-05-02,2024-05-02 02:30:00,LONG,18577.104575,18500.545511,76.55906400000094,18691.943171000003,2024-05-02 08:49:00,18500.545511,SL,-76.55906400000094,-1.0,18572.345486,18502.545511
2024-05-03,2024-05-03 01:15:00,SHORT,18757.949963,18813.093126,55.14316300000064,18675.235218499998,2024-05-03 07:29:00,18813.093126,SL,-55.14316300000064,-1.0,18811.093126,18758.743145
2024-05-07,2024-05-07 02:45:00,SHORT,19210.063434,19246.434634,36.37120000000141,19155.506633999998,2024-05-07 04:11:00,19246.434634,SL,-36.37120000000141,-1.0,19244.434634,19214.822524
2024-05-09,2024-05-09 01:00:00,SHORT,19188.647533,19225.283127,36.6355939999994,19133.694142,2024-05-09 07:30:00,19225.283127,SL,-36.6355939999994,-1.0,19223.283127,19193.671016
2024-05-10,2024-05-10 01:45:00,LONG,19304.980824,19260.149021,44.83180299999731,19372.228528499996,2024-05-10 08:35:00,19372.228528499996,TP,67.24770449999778,1.5,19295.198252,19262.149021
2024-05-13,2024-05-13 01:00:00,LONG,19346.755051,19286.059618,60.695433000000776,19437.7982005,2024-05-13 12:10:00,19286.059618,SL,-60.695433000000776,-1.0,19340.409599,19288.059618
2024-05-14,2024-05-14 01:30:00,LONG,19343.053537,19312.234609,30.818928000000597,19389.281929,2024-05-14 07:30:00,19312.234609,SL,-30.818928000000597,-1.0,19342.789144,19314.234609
2024-05-15,2024-05-15 02:30:00,SHORT,19453.30577,19501.839086,48.53331600000092,19380.505795999998,2024-05-15 07:30:00,19501.839086,SL,-48.53331600000092,-1.0,19499.839086,19459.122434
2024-05-17,2024-05-17 01:15:00,LONG,19742.552634,19715.964006,26.588628000001336,19782.435576000003,2024-05-17 03:02:00,19715.964006,SL,-26.588628000001336,-1.0,19741.759452,19717.964006
2024-05-21,2024-05-21 03:30:00,SHORT,19818.433667,19841.585174,23.151506999998674,19783.7064065,2024-05-21 08:00:00,19783.7064065,TP,34.72726049999983,1.5,19839.585174,19820.02003
2024-05-22,2024-05-22 01:00:00,SHORT,19886.11849,19909.798786,23.680295999998634,19850.598046000003,2024-05-22 05:27:00,19850.598046000003,TP,35.52044399999795,1.5,19907.798786,19889.291217
2024-05-24,2024-05-24 02:00:00,SHORT,19766.083686,19811.70867,45.62498399999822,19697.646210000006,2024-05-24 03:40:00,19811.70867,SL,-45.62498399999822,-1.0,19809.70867,19768.992018
2024-05-27,2024-05-27 01:15:00,LONG,19963.057099,19915.845752,47.21134700000039,20033.874119500004,2024-05-27 11:15:00,20033.874119500004,TP,70.8170205000024,1.5,19961.206342,19917.845752
2024-05-28,2024-05-28 01:30:00,LONG,20023.338895,19970.310883,53.02801200000249,20102.880913000005,2024-05-28 08:44:00,19970.310883,SL,-53.02801200000249,-1.0,20021.752532,19972.310883
2024-05-29,2024-05-29 01:00:00,SHORT,19949.308619,20040.938132,91.62951299999986,19811.8643495,2024-05-29 15:15:00,19881.095007,FORCE_CLOSE,68.21361199999956,0.7444502296983687,20038.938132,19960.941948
2024-05-30,2024-05-30 01:30:00,SHORT,19739.908695,19812.501851,72.59315600000264,19631.018960999994,2024-05-30 03:56:00,19812.501851,SL,-72.59315600000264,-1.0,19810.501851,19744.667785
2024-06-03,2024-06-03 01:30:00,LONG,19733.563243,19629.50722,104.056023000001,19889.6472775,2024-06-03 11:12:00,19629.50722,SL,-104.056023000001,-1.0,19727.482185,19631.50722
2024-06-04,2024-06-04 01:15:00,SHORT,19698.398862,19754.335206,55.936344000001554,19614.494345999996,2024-06-04 03:52:00,19614.494345999996,TP,83.90451600000233,1.5,19752.335206,19712.940523
2024-06-05,2024-06-05 02:00:00,SHORT,19788.557162,19848.459414,59.90225199999986,19698.703784,2024-06-05 04:06:00,19848.459414,SL,-59.90225199999986,-1.0,19846.459414,19792.787464
2024-06-07,2024-06-07 01:15:00,LONG,20195.459286,20163.318388,32.14089800000147,20243.670633,2024-06-07 05:45:00,20163.318388,SL,-32.14089800000147,-1.0,20193.079742,20165.318388
2024-06-10,2024-06-10 01:45:00,SHORT,20101.599472,20149.868395,48.26892299999963,20029.1960875,2024-06-10 09:52:00,20149.868395,SL,-48.26892299999963,-1.0,20147.868395,20109.795681
2024-06-11,2024-06-11 01:00:00,LONG,20206.563828,20172.307779,34.25604899999962,20257.947901499996,2024-06-11 03:48:00,20172.307779,SL,-34.25604899999962,-1.0,20196.516862,20174.307779
2024-06-12,2024-06-12 01:15:00,LONG,20381.856946,20343.634989,38.22195700000157,20439.189881500002,2024-06-12 07:30:00,20439.189881500002,TP,57.33293550000235,1.5,20379.213007,20345.634989
2024-06-13,2024-06-13 01:30:00,LONG,20777.125741,20707.705311,69.4204299999983,20881.256385999997,2024-06-13 09:16:00,20707.705311,SL,-69.4204299999983,-1.0,20771.309076,20709.705311
2024-06-14,2024-06-14 01:15:00,LONG,20782.149224,20727.534849,54.61437500000102,20864.0707865,2024-06-14 04:07:00,20727.534849,SL,-54.61437500000102,-1.0,20775.01059,20729.534849
2024-06-17,2024-06-17 01:00:00,SHORT,20817.698696,20863.202983,45.50428699999975,20749.4422655,2024-06-17 02:30:00,20863.202983,SL,-45.50428699999975,-1.0,20861.202983,20818.106786
2024-06-18,2024-06-18 02:30:00,LONG,21096.910228,21038.54603,58.364197999999305,21184.456525,2024-06-18 09:45:00,21038.54603,SL,-58.364197999999305,-1.0,21096.127392,21040.54603
2024-06-19,2024-06-19 01:30:00,LONG,21120.656255,21091.517938,29.138317000000825,21164.3637305,2024-06-19 11:59:00,21116.742075,FORCE_CLOSE,-3.914180000003398,-0.13433102536441235,21115.176403,21093.517938
2024-06-20,2024-06-20 01:00:00,LONG,21211.98713,21111.349785,100.63734500000282,21362.943147500006,2024-06-20 08:31:00,21111.349785,SL,-100.63734500000282,-1.0,21203.636879,21113.349785
2024-06-21,2024-06-21 01:00:00,LONG,20964.610932,20907.551461,57.059471000000485,21050.2001385,2024-06-21 02:23:00,20907.551461,SL,-57.059471000000485,-1.0,20955.216899,20909.551461
2024-06-25,2024-06-25 02:30:00,SHORT,20602.679721,20670.959842,68.28012099999978,20500.259539500003,2024-06-25 03:34:00,20670.959842,SL,-68.28012099999978,-1.0,20668.959842,20607.115792
2024-06-26,2024-06-26 01:00:00,LONG,20888.414887,20835.530543,52.88434399999824,20967.741402999996,2024-06-26 07:30:00,20835.530543,SL,-52.88434399999824,-1.0,20884.500707,20837.530543
2024-06-27,2024-06-27 01:00:00,LONG,20832.572581,20742.37305,90.19953100000203,20967.8718775,2024-06-27 08:38:00,20967.8718775,TP,135.29929650000122,1.5,20817.43775,20744.37305
2024-07-01,2024-07-01 01:00:00,LONG,20884.761652,20802.129537,82.63211500000034,21008.7098245,2024-07-01 03:40:00,20802.129537,SL,-82.63211500000034,-1.0,20880.847472,20804.129537
2024-07-02,2024-07-02 02:00:00,SHORT,20835.182034,20911.029571,75.84753699999783,20721.410728500006,2024-07-02 08:33:00,20911.029571,SL,-75.84753699999783,-1.0,20909.029571,20835.703925
2024-07-03,2024-07-03 01:00:00,LONG,21144.924173,21115.263965,29.66020800000115,21189.414485,2024-07-03 07:26:00,21115.263965,SL,-29.66020800000115,-1.0,21139.705266,21117.263965
2024-07-05,2024-07-05 01:00:00,LONG,21327.064033,21273.918743,53.14529000000039,21406.781968,2024-07-05 07:30:00,21273.918743,SL,-53.14529000000039,-1.0,21321.323235,21275.918743
2024-07-08,2024-07-08 03:30:00,LONG,21512.335236,21478.238957,34.096278999997594,21563.479654499995,2024-07-08 10:22:00,21563.479654499995,TP,51.14441849999639,1.5,21511.030509,21480.238957
2024-07-10,2024-07-10 03:00:00,LONG,21631.326319,21598.534767,32.791551999998774,21680.513647,2024-07-10 08:49:00,21680.513647,TP,49.18732799999998,1.5,21624.280794,21600.534767
2024-07-15,2024-07-15 01:00:00,LONG,21509.725782,21426.049886,83.67589600000065,21635.239626000002,2024-07-15 09:51:00,21635.239626000002,TP,125.51384400000097,1.5,21493.02528,21428.049886
2024-07-16,2024-07-16 02:00:00,SHORT,21467.71358,21561.3054,93.59182000000146,21327.325849999997,2024-07-16 08:32:00,21561.3054,SL,-93.59182000000146,-1.0,21559.3054,21521.729269
2024-07-17,2024-07-17 01:00:00,SHORT,21388.647137,21493.720553,105.07341599999927,21231.037013,2024-07-17 03:13:00,21231.037013,TP,157.6101239999989,1.5,21491.720553,21415.002618
2024-07-18,2024-07-18 01:00:00,LONG,20977.397254,20899.723101,77.67415299999993,21093.9084835,2024-07-18 05:13:00,20899.723101,SL,-77.67415299999993,-1.0,20959.131079,20901.723101
2024-07-19,2024-07-19 01:00:00,LONG,20850.838756,20806.043717,44.79503900000054,20918.031314500004,2024-07-19 01:49:00,20806.043717,SL,-44.79503900000054,-1.0,20839.35716,20808.043717
2024-07-23,2024-07-23 01:00:00,SHORT,20778.035001,20865.103188,87.06818700000076,20647.4327205,2024-07-23 05:31:00,20865.103188,SL,-87.06818700000076,-1.0,20863.103188,20783.253908
2024-07-24,2024-07-24 02:45:00,SHORT,20579.71653,20708.796919,129.08038899999883,20386.095946500005,2024-07-24 08:39:00,20386.095946500005,TP,193.62058349999643,1.5,20706.796919,20584.674492
2024-07-25,2024-07-25 01:00:00,SHORT,19994.937985,20150.6348,155.69681499999933,19761.3927625,2024-07-25 09:09:00,19761.3927625,TP,233.54522250000082,1.5,20148.6348,20057.303925
2024-07-26,2024-07-26 02:00:00,LONG,19963.363597,19824.628229,138.73536799999783,20171.466648999995,2024-07-26 15:15:00,20017.640231,FORCE_CLOSE,54.27663400000165,0.39122420463109664,19944.05364,19826.628229
2024-07-30,2024-07-30 02:15:00,LONG,20063.827559,19909.174525,154.65303400000266,20295.807110000005,2024-07-30 10:01:00,19909.174525,SL,-154.65303400000266,-1.0,20057.825816,19911.174525
2024-07-31,2024-07-31 01:00:00,LONG,20038.776805,19795.402349,243.37445600000137,20403.838489,2024-07-31 13:48:00,20403.838489,TP,365.06168400000024,1.5,19986.326788,19797.402349
2024-08-01,2024-08-01 01:15:00,SHORT,20474.816496,20582.238421,107.42192499999874,20313.683608500003,2024-08-01 09:29:00,20313.683608500003,TP,161.1328874999963,1.5,20580.238421,20477.686895
2024-08-02,2024-08-02 02:00:00,SHORT,19496.532353,19783.745628,287.2132750000019,19065.712440499996,2024-08-02 15:15:00,19365.276838,FORCE_CLOSE,131.2555149999971,0.4569966865215274,19781.745628,19504.099768
2024-08-05,2024-08-05 01:00:00,SHORT,18297.488437,19163.478514,865.9900769999986,16998.5033215,2024-08-05 15:15:00,18871.568223,FORCE_CLOSE,-574.0797859999984,-0.6629172795937238,19161.478514,18671.162188
2024-08-06,2024-08-06 03:00:00,SHORT,18950.37372,19246.198192,295.82447200000024,18506.637012,2024-08-06 11:57:00,19246.198192,SL,-295.82447200000024,-1.0,19244.198192,18990.820251
2024-08-09,2024-08-09 03:30:00,LONG,19462.609456,19235.152668,227.4567879999995,19803.794638,2024-08-09 07:31:00,19235.152668,SL,-227.4567879999995,-1.0,19432.07885,19237.152668
2024-08-12,2024-08-12 02:45:00,LONG,19496.793298,19394.06839,102.72490800000014,19650.880660000003,2024-08-12 08:44:00,19394.06839,SL,-102.72490800000014,-1.0,19484.267921,19396.06839
2024-08-13,2024-08-13 01:00:00,LONG,19520.800271,19445.996516,74.80375500000082,19633.0059035,2024-08-13 02:21:00,19633.0059035,TP,112.20563250000123,1.5,19515.581364,19447.996516
2024-08-14,2024-08-14 03:00:00,SHORT,19914.566815,19993.80664,79.23982500000056,19795.707077499996,2024-08-14 07:31:00,19993.80664,SL,-79.23982500000056,-1.0,19991.80664,19917.176268
2024-08-16,2024-08-16 01:00:00,LONG,20527.788404,20431.065239,96.72316499999943,20672.873151499996,2024-08-16 05:33:00,20431.065239,SL,-96.72316499999943,-1.0,20504.564267,20433.065239
2024-08-19,2024-08-19 01:00:00,SHORT,20430.19484,20551.968759,121.7739189999993,20247.5339615,2024-08-19 11:51:00,20551.968759,SL,-121.7739189999993,-1.0,20549.968759,20450.287633
2024-08-20,2024-08-20 02:15:00,LONG,20794.996449,20711.842443,83.15400599999703,20919.727457999994,2024-08-20 07:55:00,20711.842443,SL,-83.15400599999703,-1.0,20786.385253,20713.842443
2024-08-23,2024-08-23 01:45:00,LONG,20554.665776,20476.730677,77.93509900000208,20671.568424500005,2024-08-23 09:00:00,20671.568424500005,TP,116.90264850000312,1.5,20553.361049,20478.730677
2024-08-26,2024-08-26 03:00:00,LONG,20705.492192,20577.455585,128.03660700000182,20897.547102500004,2024-08-26 08:54:00,20577.455585,SL,-128.03660700000182,-1.0,20700.273285,20579.455585
2024-08-27,2024-08-27 01:00:00,LONG,20467.510026,20385.399802,82.11022400000002,20590.675362,2024-08-27 07:45:00,20385.399802,SL,-82.11022400000002,-1.0,20466.988136,20387.399802
2024-08-28,2024-08-28 01:15:00,LONG,20499.34536,20415.147572,84.19778799999767,20625.642041999996,2024-08-28 08:47:00,20415.147572,SL,-84.19778799999767,-1.0,20495.43118,20417.147572
2024-08-29,2024-08-29 01:00:00,LONG,20164.813412,20009.899433,154.91397900000084,20397.184380500003,2024-08-29 08:32:00,20397.184380500003,TP,232.37096850000307,1.5,20143.154948,20011.899433
2024-08-30,2024-08-30 01:00:00,LONG,20334.68884,20241.097019,93.59182099999816,20475.076571499994,2024-08-30 09:00:00,20475.076571499994,TP,140.38773149999543,1.5,20327.643315,20243.097019
2024-09-02,2024-09-02 01:45:00,SHORT,20421.061753,20489.080928,68.01917499999763,20319.032990500004,2024-09-02 08:21:00,20489.080928,SL,-68.01917499999763,-1.0,20487.080928,20421.844589
2024-09-03,2024-09-03 02:30:00,LONG,20501.693868,20366.350791,135.34307699999772,20704.708483499995,2024-09-03 03:59:00,20366.350791,SL,-135.34307699999772,-1.0,20498.040633,20368.350791
2024-09-06,2024-09-06 02:00:00,SHORT,19588.907009,19753.215021,164.30801200000133,19342.444990999997,2024-09-06 07:47:00,19753.215021,SL,-164.30801200000133,-1.0,19751.215021,19613.696818
2024-09-09,2024-09-09 02:00:00,LONG,19410.942276,19188.96534,221.97693600000275,19743.907680000004,2024-09-09 15:15:00,19527.58485,FORCE_CLOSE,116.6425739999977,0.5254715922378361,19398.155953,19190.96534
2024-09-10,2024-09-10 04:00:00,SHORT,19407.028095,19547.851025,140.82292999999845,19195.793700000002,2024-09-10 07:12:00,19547.851025,SL,-140.82292999999845,-1.0,19545.851025,19426.338052
2024-09-12,2024-09-12 01:00:00,LONG,20181.25297,20074.091991,107.16097900000022,20341.9944385,2024-09-12 08:30:00,20074.091991,SL,-107.16097900000022,-1.0,20171.076101,20076.091991
2024-09-16,2024-09-16 01:15:00,SHORT,20340.951528,20404.273687,63.322158999999374,20245.9682895,2024-09-16 08:32:00,20245.9682895,TP,94.98323850000088,1.5,20402.273687,20349.82367
2024-09-17,2024-09-17 01:45:00,LONG,20314.086917,20250.751997,63.33492000000115,20409.089297000002,2024-09-17 04:50:00,20409.089297000002,TP,95.00238000000172,1.5,20312.247539,20252.751997
2024-09-18,2024-09-18 02:00:00,LONG,20343.227508,20289.393358,53.83414999999877,20423.978732999996,2024-09-18 03:09:00,20289.393358,SL,-53.83414999999877,-1.0,20337.038356,20291.393358
2024-09-19,2024-09-19 01:00:00,LONG,20505.692753,20259.737004,245.95574900000065,20874.6263765,2024-09-19 15:15:00,20691.367319,FORCE_CLOSE,185.6745660000015,0.7549104534246972,20498.987838,20261.737004
2024-09-20,2024-09-20 03:15:00,SHORT,20644.690796,20705.229861,60.539065000000846,20553.882198499996,2024-09-20 07:43:00,20705.229861,SL,-60.539065000000846,-1.0,20703.229861,20651.911474
2024-09-23,2024-09-23 02:15:00,SHORT,20639.53317,20801.677483,162.1443130000007,20396.3167005,2024-09-23 15:15:00,20703.229861,FORCE_CLOSE,-63.69669100000101,-0.392839500945067,20799.677483,20656.037575
2024-09-24,2024-09-24 01:00:00,LONG,20738.559605,20651.716643,86.8429619999988,20868.824047999995,2024-09-24 09:03:00,20651.716643,SL,-86.8429619999988,-1.0,20729.275876,20653.716643
2024-09-25,2024-09-25 01:00:00,SHORT,20721.281555,20830.818074,109.5365189999975,20556.976776500007,2024-09-25 08:35:00,20830.818074,SL,-109.5365189999975,-1.0,20828.818074,20743.201469
2024-09-26,2024-09-26 01:00:00,LONG,21103.977466,20877.620698,226.35676800000147,21443.512618,2024-09-26 09:55:00,20877.620698,SL,-226.35676800000147,-1.0,21023.518487,20879.620698
2024-09-27,2024-09-27 01:15:00,SHORT,20901.798494,21011.077132,109.27863799999977,20737.880536999997,2024-09-27 07:30:00,21011.077132,SL,-109.27863799999977,-1.0,21009.077132,20918.818662
2024-09-30,2024-09-30 01:15:00,SHORT,20787.299178,20928.555103,141.25592499999766,20575.415290500005,2024-09-30 15:15:00,20890.193833,FORCE_CLOSE,-102.89465500000006,-0.7284271792493077,20926.555103,20788.846466
2024-10-03,2024-10-03 02:00:00,SHORT,20550.048344,20691.046387,140.9980429999996,20338.5512795,2024-10-03 09:00:00,20691.046387,SL,-140.9980429999996,-1.0,20689.046387,20563.458174
2024-10-07,2024-10-07 01:15:00,SHORT,20825.981379,20905.345782,79.36440299999958,20706.9347745,2024-10-07 04:10:00,20706.9347745,TP,119.04660449999938,1.5,20903.345782,20838.101802
2024-10-08,2024-10-08 04:00:00,LONG,20674.605032,20581.8308,92.77423199999976,20813.76638,2024-10-08 09:00:00,20813.76638,TP,139.16134800000145,1.5,20662.226728,20583.8308
2024-10-09,2024-10-09 01:30:00,SHORT,20859.763835,20938.870356,79.10652099999788,20741.104053500007,2024-10-09 08:17:00,20938.870356,SL,-79.10652099999788,-1.0,20936.870356,20860.279598
2024-10-10,2024-10-10 01:00:00,SHORT,21078.705094,21121.450346,42.74525200000062,21014.587216,2024-10-10 07:30:00,21121.450346,SL,-42.74525200000062,-1.0,21119.450346,21079.994501
2024-10-11,2024-10-11 01:00:00,SHORT,21060.395519,21115.519075,55.12355599999864,20977.710185000004,2024-10-11 08:30:00,20977.710185000004,TP,82.68533399999797,1.5,21113.519075,21076.899925
2024-10-14,2024-10-14 02:30:00,LONG,21104.493228,21023.839419,80.65380899999946,21225.4739415,2024-10-14 08:33:00,21225.4739415,TP,120.980713500001,1.5,21095.467381,21025.839419
2024-10-15,2024-10-15 03:15:00,SHORT,21216.671612,21289.846862,73.17525000000023,21106.908736999998,2024-10-15 08:07:00,21289.846862,SL,-73.17525000000023,-1.0,21287.846862,21239.107289
2024-10-17,2024-10-17 01:00:00,LONG,21024.807894,20913.981968,110.82592600000135,21191.046783000005,2024-10-17 07:30:00,21191.046783000005,TP,166.23888900000384,1.5,20971.942219,20915.981968
2024-10-18,2024-10-18 01:30:00,LONG,21065.037383,20959.369084,105.6682989999972,21223.539831499995,2024-10-18 15:15:00,21140.080853,FORCE_CLOSE,75.04347000000053,0.710179597004798,21058.074587,20961.369084
2024-10-21,2024-10-21 01:00:00,SHORT,21097.530432,21175.089665,77.55923299999995,20981.1915825,2024-10-21 09:06:00,21175.089665,SL,-77.55923299999995,-1.0,21173.089665,21110.424499
2024-10-22,2024-10-22 01:15:00,SHORT,21093.146449,21175.863309,82.71686000000045,20969.071159,2024-10-22 12:35:00,21175.863309,SL,-82.71686000000045,-1.0,21173.863309,21094.693737
2024-10-23,2024-10-23 03:30:00,SHORT,21138.275684,21185.404919,47.129235000000335,21067.5818315,2024-10-23 08:31:00,21067.5818315,TP,70.6938525000005,1.5,21183.404919,21138.533565
2024-10-24,2024-10-24 02:00:00,LONG,20993.34637,20904.956121,88.39024900000004,21125.931743499998,2024-10-24 10:50:00,20904.956121,SL,-88.39024900000004,-1.0,20984.836286,20906.956121
2024-10-25,2024-10-25 02:30:00,LONG,21068.38984,21003.982556,64.4072840000008,21165.000766,2024-10-25 08:30:00,21165.000766,TP,96.6109260000012,1.5,21056.269417,21005.982556
2024-10-28,2024-10-28 03:30:00,LONG,21313.892878,21233.239068,80.6538099999998,21434.873592999997,2024-10-28 07:07:00,21233.239068,SL,-80.6538099999998,-1.0,21309.766776,21235.239068
2024-10-29,2024-10-29 01:30:00,LONG,21191.657122,21093.725263,97.93185900000026,21338.554910500003,2024-10-29 08:32:00,21093.725263,SL,-97.93185900000026,-1.0,21170.510852,21095.725263
2024-10-31,2024-10-31 01:00:00,SHORT,21026.613063,21110.877211,84.26414799999839,20900.216841,2024-10-31 08:33:00,20900.216841,TP,126.3962219999994,1.5,21108.877211,21044.148994
2024-11-01,2024-11-01 01:00:00,LONG,20745.26452,20646.043254,99.22126600000047,20894.096419,2024-11-01 09:23:00,20894.096419,TP,148.8318990000007,1.5,20735.465029,20648.043254
2024-11-05,2024-11-05 01:00:00,LONG,20771.310535,20671.573507,99.73702799999955,20920.916077,2024-11-05 08:55:00,20920.916077,TP,149.60554200000115,1.5,20749.906384,20673.573507
2024-11-06,2024-11-06 01:00:00,LONG,21361.600926,20962.205779,399.39514699999927,21960.693646499996,2024-11-06 15:15:00,21551.143712,FORCE_CLOSE,189.5427860000018,0.47457458465313335,21291.19932,20964.205779
2024-11-07,2024-11-07 02:15:00,LONG,21618.966505,21517.166425,101.80008000000089,21771.666625,2024-11-07 08:58:00,21771.666625,TP,152.70012000000133,1.5,21614.582522,21519.166425
2024-11-08,2024-11-08 04:00:00,SHORT,21870.916575,21935.581741,64.6651660000025,21773.918825999994,2024-11-08 15:15:00,21900.830811,FORCE_CLOSE,-29.91423600000053,-0.46260201357867653,21933.581741,21884.326405
2024-11-11,2024-11-11 02:15:00,LONG,21994.699619,21926.166233,68.53338599999915,22097.499698,2024-11-11 08:38:00,21926.166233,SL,-68.53338599999915,-1.0,21982.579196,21928.166233
2024-11-12,2024-11-12 03:45:00,SHORT,21852.607,21921.398268,68.79126800000085,21749.420098,2024-11-12 08:57:00,21921.398268,SL,-68.79126800000085,-1.0,21919.398268,21858.022508
2024-11-13,2024-11-13 02:45:00,LONG,21844.87056,21779.947513,64.92304700000022,21942.2551305,2024-11-13 06:01:00,21779.947513,SL,-64.92304700000022,-1.0,21829.655561,21781.947513
2024-11-14,2024-11-14 01:00:00,SHORT,21763.895819,21842.228696,78.3328769999971,21646.396503500007,2024-11-14 02:35:00,21842.228696,SL,-78.3328769999971,-1.0,21840.228696,21772.148022
2024-11-15,2024-11-15 01:00:00,SHORT,21523.80829,21619.161335,95.35304499999984,21380.7787225,2024-11-15 08:35:00,21380.7787225,TP,143.02956750000158,1.5,21617.161335,21542.633628
2024-11-18,2024-11-18 03:45:00,SHORT,21206.098477,21310.219488,104.12101099999927,21049.9169605,2024-11-18 09:30:00,21310.219488,SL,-104.12101099999927,-1.0,21308.219488,21209.193053
2024-11-19,2024-11-19 02:30:00,SHORT,21222.860764,21351.480503,128.61973899999794,21029.931155500002,2024-11-19 08:01:00,21029.931155500002,TP,192.92960849999872,1.5,21349.480503,21256.127457
2024-11-20,2024-11-20 01:30:00,LONG,21495.957105,21425.876431,70.08067400000073,21601.078116000004,2024-11-20 04:20:00,21425.876431,SL,-70.08067400000073,-1.0,21491.057359,21427.876431
2024-11-21,2024-11-21 03:15:00,SHORT,21253.806525,21414.919313,161.11278799999855,21012.137343000002,2024-11-21 06:06:00,21414.919313,SL,-161.11278799999855,-1.0,21412.919313,21270.310931
2024-11-22,2024-11-22 03:15:00,SHORT,21379.394738,21503.630494,124.23575600000186,21193.041103999996,2024-11-22 08:42:00,21503.630494,SL,-124.23575600000186,-1.0,21501.630494,21414.724482
2024-11-27,2024-11-27 02:00:00,SHORT,21608.39337,21683.631671,75.23830099999759,21495.535918500005,2024-11-27 09:01:00,21495.535918500005,TP,112.85745149999639,1.5,21681.631671,21612.777352
2024-11-28,2024-11-28 01:00:00,LONG,21524.839815,21478.226343,46.61347200000091,21594.760023000003,2024-11-28 11:59:00,21548.564898,FORCE_CLOSE,23.725083000001177,0.5089748088278151,21519.424307,21480.226343
2024-12-04,2024-12-04 02:30:00,LONG,22045.502244,21986.252586,59.249658000000636,22134.376731,2024-12-04 09:10:00,22134.376731,TP,88.87448700000095,1.5,22041.891905,21988.252586
2024-12-05,2024-12-05 01:45:00,SHORT,22172.121982,22201.199523,29.077540999998746,22128.505670500002,2024-12-05 06:01:00,22201.199523,SL,-29.077540999998746,-1.0,22199.199523,22173.153508
2024-12-06,2024-12-06 01:00:00,LONG,22159.227915,22116.224782,43.00313299999834,22223.732614499997,2024-12-06 07:30:00,22116.224782,SL,-43.00313299999834,-1.0,22158.970034,22118.224782
2024-12-09,2024-12-09 01:15:00,LONG,22349.544345,22307.314856,42.22948899999756,22412.888578499995,2024-12-09 04:11:00,22307.314856,SL,-42.22948899999756,-1.0,22345.160362,22309.314856
2024-12-10,2024-12-10 03:30:00,SHORT,22128.540036,22164.322491,35.78245500000048,22074.866353499998,2024-12-10 04:16:00,22164.322491,SL,-35.78245500000048,-1.0,22162.322491,22129.055798
2024-12-11,2024-12-11 02:30:00,LONG,22116.419612,22080.895038,35.52457400000276,22169.706473000006,2024-12-11 07:32:00,22169.706473000006,TP,53.28686100000414,1.5,22114.356562,22082.895038
2024-12-12,2024-12-12 02:15:00,LONG,22456.049339,22425.940273,30.109066000000894,22501.212938000004,2024-12-12 03:30:00,22425.940273,SL,-30.109066000000894,-1.0,22450.891712,22427.940273
2024-12-13,2024-12-13 03:15:00,LONG,22461.98061,22380.037394,81.94321599999967,22584.895434,2024-12-13 08:44:00,22584.895434,TP,122.9148239999995,1.5,22455.275695,22382.037394
2024-12-16,2024-12-16 03:00:00,LONG,22516.135692,22467.974932,48.160759999998845,22588.376831999998,2024-12-16 07:21:00,22588.376831999998,TP,72.24113999999827,1.5,22509.688658,22469.974932
2024-12-17,2024-12-17 01:30:00,SHORT,22756.481102,22823.982963,67.501860999997,22655.228310500006,2024-12-17 09:04:00,22655.228310500006,TP,101.25279149999551,1.5,22821.982963,22778.658898
2024-12-18,2024-12-18 02:00:00,LONG,22746.42373,22659.322887,87.10084300000017,22877.0749945,2024-12-18 08:31:00,22659.322887,SL,-87.10084300000017,-1.0,22736.624239,22661.322887
2024-12-19,2024-12-19 01:15:00,LONG,21950.086147,21820.692764,129.39338300000236,22144.176221500005,2024-12-19 14:35:00,21820.692764,SL,-129.39338300000236,-1.0,21947.765215,21822.692764
2024-12-20,2024-12-20 02:30:00,SHORT,21547.714184,21771.887453,224.17326899999898,21211.454280500002,2024-12-20 08:29:00,21771.887453,SL,-224.17326899999898,-1.0,21769.887453,21587.406392
2024-12-24,2024-12-24 01:00:00,LONG,22456.253364,22379.250555,77.00280900000143,22571.7575775,2024-12-24 08:56:00,22571.7575775,TP,115.50421350000033,1.5,22433.829844,22381.250555
2024-12-26,2024-12-26 02:15:00,SHORT,22679.199857,22797.956807,118.75694999999905,22501.064432,2024-12-26 15:15:00,22675.333733,FORCE_CLOSE,3.866124000000127,0.03255492836419391,22795.956807,22725.851089
2024-12-27,2024-12-27 01:00:00,SHORT,22603.681565,22691.509522,87.82795700000133,22471.939629499997,2024-12-27 08:33:00,22471.939629499997,TP,131.741935500002,1.5,22689.509522,22621.98122
2024-12-30,2024-12-30 01:00:00,SHORT,22315.010961,22396.395377,81.38441600000078,22192.934337,2024-12-30 06:42:00,22192.934337,TP,122.07662400000117,1.5,22394.395377,22319.65031
2024-12-31,2024-12-31 03:00:00,LONG,22129.694742,22024.340356,105.35438599999907,22287.726321,2024-12-31 09:07:00,22024.340356,SL,-105.35438599999907,-1.0,22120.158303,22026.340356
2025-01-02,2025-01-02 01:00:00,LONG,22041.031628,21773.81551,267.2161180000003,22441.855805,2025-01-02 11:30:00,21773.81551,SL,-267.2161180000003,-1.0,22038.454212,21775.81551
2025-01-03,2025-01-03 02:00:00,LONG,21929.42951,21806.290953,123.13855700000204,22114.137345500007,2025-01-03 10:33:00,22114.137345500007,TP,184.70783550000488,1.5,21918.346621,21808.290953
2025-01-06,2025-01-06 01:00:00,LONG,22228.667521,22141.355048,87.31247299999814,22359.636230499997,2025-01-06 04:19:00,22359.636230499997,TP,130.9687094999972,1.5,22219.131081,22143.355048
2025-01-08,2025-01-08 01:15:00,SHORT,22032.783896,22102.827682,70.04378599999836,21927.718217,2025-01-08 04:00:00,22102.827682,SL,-70.04378599999836,-1.0,22100.827682,22046.701943
2025-01-09,2025-01-09 01:30:00,SHORT,21919.377587,22010.298443,90.92085600000064,21782.996303,2025-01-09 08:29:00,21961.131728,FORCE_CLOSE,-41.754141000001255,-0.459236118498499,22008.298443,21929.687252
2025-01-13,2025-01-13 02:15:00,SHORT,21467.814285,21690.441104,222.62681900000098,21133.874056499997,2025-01-13 15:15:00,21619.624094,FORCE_CLOSE,-151.8098089999985,-0.6819026103049958,21688.441104,21504.413593
2025-01-14,2025-01-14 01:30:00,LONG,21717.823647,21645.202446,72.62120100000175,21826.755448500004,2025-01-14 06:21:00,21645.202446,SL,-72.62120100000175,-1.0,21711.637849,21647.202446
2025-01-15,2025-01-15 03:30:00,LONG,21615.500228,21573.034795,42.46543300000121,21679.198377500004,2025-01-15 07:30:00,21679.198377500004,TP,63.69814950000364,1.5,21612.66507,21575.034795
2025-01-16,2025-01-16 01:00:00,LONG,22154.437937,22013.77295,140.6649870000001,22365.435417499997,2025-01-16 09:00:00,22013.77295,SL,-140.6649870000001,-1.0,22111.910571,22015.77295
2025-01-17,2025-01-17 02:45:00,LONG,21974.534292,21882.324728,92.20956400000068,22112.848638000003,2025-01-17 07:28:00,22112.848638000003,TP,138.31434600000284,1.5,21969.637202,21884.324728
2025-01-20,2025-01-20 01:00:00,LONG,22268.359729,22200.635618,67.72411099999954,22369.9458955,2025-01-20 08:01:00,22369.9458955,TP,101.58616650000113,1.5,22245.162984,22202.635618
2025-01-22,2025-01-22 02:30:00,LONG,22558.576783,22477.450109,81.12667399999918,22680.266794,2025-01-22 08:53:00,22680.266794,TP,121.69001099999878,1.5,22554.195176,22479.450109
2025-01-23,2025-01-23 01:45:00,SHORT,22599.299958,22653.621505,54.321546999999555,22517.8176375,2025-01-23 12:23:00,22653.621505,SL,-54.321546999999555,-1.0,22651.621505,22604.970273
2025-01-27,2025-01-27 01:00:00,SHORT,22023.76294,22346.393504,322.63056399999914,21539.817094,2025-01-27 04:50:00,21539.817094,TP,483.9458459999987,1.5,22344.393504,22074.022554
2025-01-28,2025-01-28 01:30:00,LONG,22006.23651,21874.076997,132.1595129999987,22204.475779499997,2025-01-28 08:36:00,21874.076997,SL,-132.1595129999987,-1.0,22001.854903,21876.076997
2025-01-29,2025-01-29 01:00:00,LONG,22323.258692,22199.862393,123.396299,22508.3531405,2025-01-29 08:34:00,22199.862393,SL,-123.396299,-1.0,22277.896169,22201.862393
2025-01-30,2025-01-30 02:00:00,LONG,22351.61027,22190.583695,161.02657499999987,22593.1501325,2025-01-30 09:29:00,22190.583695,SL,-161.02657499999987,-1.0,22351.352528,22192.583695
2025-01-31,2025-01-31 01:00:00,LONG,22466.82077,22342.393504,124.42726599999878,22653.461668999997,2025-01-31 13:37:00,22342.393504,SL,-124.42726599999878,-1.0,22462.439162,22344.393504
2025-02-03,2025-02-03 02:00:00,LONG,21841.797362,21624.067634,217.72972800000207,22168.391954000006,2025-02-03 13:14:00,22168.391954000006,TP,326.5945920000049,1.5,21810.610628,21626.067634
2025-02-05,2025-02-05 01:00:00,SHORT,22165.263085,22295.360665,130.09758000000147,21970.116714999996,2025-02-05 10:09:00,22295.360665,SL,-130.09758000000147,-1.0,22293.360665,22197.223044
2025-02-11,2025-02-11 01:45:00,SHORT,22403.674075,22493.821706,90.14763099999982,22268.4526285,2025-02-11 09:00:00,22493.821706,SL,-90.14763099999982,-1.0,22491.821706,22423.777921
2025-02-12,2025-02-12 03:00:00,SHORT,22437.438226,22509.286203,71.84797700000126,22329.666260499995,2025-02-12 06:58:00,22509.286203,SL,-71.84797700000126,-1.0,22507.286203,22440.015642
2025-02-13,2025-02-13 01:30:00,SHORT,22538.215196,22608.00124,69.7860440000004,22433.53613,2025-02-13 03:00:00,22433.53613,TP,104.6790660000006,1.5,22606.00124,22548.524861
2025-02-14,2025-02-14 01:00:00,LONG,22843.123522,22756.326532,86.79699000000255,22973.319007000006,2025-02-14 05:08:00,22756.326532,SL,-86.79699000000255,-1.0,22835.133532,22758.326532
2025-02-18,2025-02-18 01:00:00,LONG,23003.696546,22898.599902,105.09664399999747,23161.341511999995,2025-02-18 08:45:00,22898.599902,SL,-105.09664399999747,-1.0,22959.62273,22900.599902
2025-02-19,2025-02-19 04:00:00,SHORT,22931.786636,22983.530767,51.74413099999947,22854.1704395,2025-02-19 08:49:00,22854.1704395,TP,77.6161964999992,1.5,22981.530767,22934.364053
2025-02-20,2025-02-20 01:00:00,SHORT,22840.546106,22920.384073,79.83796699999948,22720.789155500002,2025-02-20 08:57:00,22720.789155500002,TP,119.75695049999922,1.5,22918.384073,22843.639005
2025-02-24,2025-02-24 02:00:00,SHORT,22396.715052,22478.614951,81.899899,22273.865203499998,2025-02-24 03:06:00,22478.614951,SL,-81.899899,-1.0,22476.614951,22405.736008
2025-02-25,2025-02-25 01:15:00,SHORT,22015.515208,22120.09637,104.58116199999859,21858.643465,2025-02-25 09:01:00,21858.643465,TP,156.8717429999997,1.5,22118.09637,22047.73291
2025-02-26,2025-02-26 01:15:00,LONG,21960.616245,21854.488634,106.12761099999989,22119.807661500003,2025-02-26 08:30:00,21854.488634,SL,-106.12761099999989,-1.0,21939.481433,21856.488634
2025-02-27,2025-02-27 01:00:00,LONG,21940.5124,21759.639721,180.87267900000006,22211.8214185,2025-02-27 08:53:00,21759.639721,SL,-180.87267900000006,-1.0,21924.790161,21761.639721
2025-03-03,2025-03-03 03:45:00,LONG,21664.213392,21481.02104,183.19235200000185,21939.001920000002,2025-03-03 08:57:00,21481.02104,SL,-183.19235200000185,-1.0,21651.841795,21483.02104
2025-03-05,2025-03-05 02:15:00,LONG,21240.486183,21071.469619,169.01656400000138,21494.011029,2025-03-05 07:15:00,21071.469619,SL,-169.01656400000138,-1.0,21226.310395,21073.469619
2025-03-06,2025-03-06 01:30:00,SHORT,21217.289438,21288.879673,71.59023499999967,21109.9040855,2025-03-06 02:13:00,21109.9040855,TP,107.38535250000132,1.5,21286.879673,21219.09363
2025-03-07,2025-03-07 03:00:00,LONG,20849.492159,20758.313562,91.1785970000019,20986.260054500002,2025-03-07 06:19:00,20758.313562,SL,-91.1785970000019,-1.0,20846.141518,20760.313562
2025-03-11,2025-03-11 01:15:00,LONG,20099.979554,19729.924533,370.0550210000001,20655.0620855,2025-03-11 15:15:00,20024.976745,FORCE_CLOSE,-75.00280900000143,-0.20268015495998745,20098.690846,19731.924533
2025-03-12,2025-03-12 01:45:00,SHORT,20013.120631,20105.587936,92.4673049999983,19874.419673500004,2025-03-12 03:01:00,20105.587936,SL,-92.4673049999983,-1.0,20103.587936,20024.976745
2025-03-13,2025-03-13 01:00:00,SHORT,20040.698983,20305.853168,265.15418500000305,19642.967705499992,2025-03-13 15:15:00,19914.405594,FORCE_CLOSE,126.29338899999857,0.47630169970727454,20303.853168,20065.699919
2025-03-19,2025-03-19 02:30:00,SHORT,20066.228682,20197.52698,131.29829799999789,19869.281235000002,2025-03-19 08:30:00,20197.52698,SL,-131.29829799999789,-1.0,20195.52698,20082.040308
2025-03-21,2025-03-21 02:30:00,SHORT,20225.875101,20335.496169,109.62106799999674,20061.443499000008,2025-03-21 08:02:00,20061.443499000008,TP,164.4316019999933,1.5,20333.496169,20246.277199
2025-03-24,2025-03-24 01:45:00,LONG,20551.79862,20457.734152,94.06446800000049,20692.895322000004,2025-03-24 08:04:00,20692.895322000004,TP,141.09670200000255,1.5,20543.892807,20459.734152
2025-03-25,2025-03-25 03:00:00,SHORT,20727.001638,20786.38254,59.38090199999715,20637.930285000006,2025-03-25 05:46:00,20786.38254,SL,-59.38090199999715,-1.0,20784.38254,20737.202687
2025-03-26,2025-03-26 01:00:00,SHORT,20869.306273,20951.639535,82.3332620000001,20745.806379999998,2025-03-26 08:57:00,20745.806379999998,TP,123.49989300000016,1.5,20949.639535,20880.782454
2025-03-28,2025-03-28 01:00:00,LONG,20400.568067,20329.966011,70.60205599999972,20506.471150999998,2025-03-28 01:58:00,20329.966011,SL,-70.60205599999972,-1.0,20400.058014,20331.966011
2025-04-01,2025-04-01 01:45:00,LONG,19820.383398,19668.938029,151.44536900000094,20047.551451500003,2025-04-01 09:20:00,19668.938029,SL,-151.44536900000094,-1.0,19797.176012,19670.938029
2025-04-02,2025-04-02 02:00:00,SHORT,19938.715568,20064.148262,125.43269399999917,19750.566527000003,2025-04-02 07:27:00,19750.566527000003,TP,188.14904099999694,1.5,20062.148262,19949.936722
2025-04-03,2025-04-03 03:45:00,LONG,19537.559312,19222.387104,315.17220799999996,20010.317624000003,2025-04-03 08:00:00,19222.387104,SL,-315.17220799999996,-1.0,19535.264076,19224.387104
2025-04-09,2025-04-09 02:00:00,LONG,17668.472088,17085.012289,583.4597990000002,18543.6617865,2025-04-09 12:21:00,18543.6617865,TP,875.1896985000021,1.5,17553.45526,17087.012289
2025-04-10,2025-04-10 02:30:00,SHORT,19276.412455,19775.203546,498.79109099999914,18528.225818500003,2025-04-10 11:05:00,18528.225818500003,TP,748.1866364999987,1.5,19773.203546,19350.625087
2025-04-11,2025-04-11 01:00:00,LONG,19124.671849,18428.235431,696.4364179999975,20169.326475999995,2025-04-11 15:15:00,19188.938458,FORCE_CLOSE,64.26660900000206,0.0922792193787923,18921.670972,18430.235431
2025-04-14,2025-04-14 02:30:00,LONG,19521.237633,19311.391258,209.846375000001,19836.007195500002,2025-04-14 10:30:00,19311.391258,SL,-209.846375000001,-1.0,19516.137109,19313.391258
2025-04-15,2025-04-15 02:00:00,LONG,19375.107605,19190.253799,184.8538060000028,19652.388314000003,2025-04-15 15:15:00,19336.853671,FORCE_CLOSE,-38.2539340000003,-0.20694155466834002,19330.988067,19192.253799
2025-04-16,2025-04-16 01:00:00,SHORT,18921.415945,19140.953318,219.5373729999992,18592.109885500002,2025-04-16 03:41:00,19140.953318,SL,-219.5373729999992,-1.0,19138.953318,19010.930151
2025-04-17,2025-04-17 01:00:00,LONG,18952.784171,18712.079622,240.70454899999822,19313.840994499995,2025-04-17 09:27:00,18712.079622,SL,-240.70454899999822,-1.0,18916.570447,18714.079622
2025-04-21,2025-04-21 02:00:00,SHORT,18540.406761,18749.743084,209.33632300000318,18226.402276499994,2025-04-21 10:28:00,18226.402276499994,TP,314.00448450000476,1.5,18747.743084,18554.68823
2025-04-22,2025-04-22 01:45:00,LONG,18511.333771,18250.48215,260.8516210000016,18902.611202500004,2025-04-22 15:15:00,18737.797061,FORCE_CLOSE,226.4632899999997,0.8681689963506045,18431.510562,18252.48215
2025-04-23,2025-04-23 03:00:00,LONG,19200.414639,18996.17884,204.23579899999822,19506.768337499998,2025-04-23 09:00:00,19506.768337499998,TP,306.35369849999915,1.5,19180.777619,18998.17884
2025-04-24,2025-04-24 02:15:00,SHORT,19076.726918,19257.245278,180.5183599999982,18805.949378000005,2025-04-24 08:31:00,19257.245278,SL,-180.5183599999982,-1.0,19255.245278,19086.927967
2025-04-28,2025-04-28 01:30:00,LONG,19879.80451,19780.129464,99.6750460000003,20029.317079,2025-04-28 10:20:00,19780.129464,SL,-99.6750460000003,-1.0,19866.543146,19782.129464
2025-04-30,2025-04-30 02:00:00,LONG,19981.304948,19874.999221,106.30572700000266,20140.763538500003,2025-04-30 07:15:00,19874.999221,SL,-106.30572700000266,-1.0,19978.244633,19876.999221
2025-05-01,2025-05-01 02:30:00,LONG,20368.944814,20265.444376,103.50043799999912,20524.195471,2025-05-01 08:59:00,20265.444376,SL,-103.50043799999912,-1.0,20368.689788,20267.444376
2025-05-05,2025-05-05 04:00:00,SHORT,20392.152201,20528.806049,136.6538479999981,20187.171429,2025-05-05 11:06:00,20528.806049,SL,-136.6538479999981,-1.0,20526.806049,20393.427332
2025-05-06,2025-05-06 02:15:00,SHORT,20327.120513,20440.056922,112.9364089999981,20157.715899500006,2025-05-06 08:51:00,20157.715899500006,TP,169.40461349999532,1.5,20438.056922,20332.986116
2025-05-07,2025-05-07 01:15:00,SHORT,20360.018896,20514.269554,154.2506579999972,20128.642909000006,2025-05-07 13:06:00,20128.642909000006,TP,231.3759869999958,1.5,20512.269554,20377.615706
2025-05-08,2025-05-08 03:15:00,LONG,20611.474757,20324.100408,287.37434900000153,21042.536280500004,2025-05-08 15:15:00,20555.368987,FORCE_CLOSE,-56.1057699999983,-0.19523583157381247,20604.078996,20326.100408
2025-05-09,2025-05-09 02:30:00,LONG,20627.796436,20482.471696,145.32474000000002,20845.783546,2025-05-09 09:36:00,20482.471696,SL,-145.32474000000002,-1.0,20607.139311,20484.471696
2025-05-12,2025-05-12 01:00:00,LONG,20970.29666,20812.220608,158.07605200000035,21207.410738,2025-05-12 02:01:00,21207.410738,TP,237.1140779999987,1.5,20960.350637,20814.220608
2025-05-14,2025-05-14 01:15:00,LONG,21748.381681,21671.914022,76.4676589999981,21863.083169499994,2025-05-14 04:05:00,21671.914022,SL,-76.4676589999981,-1.0,21745.06634,21673.914022
2025-05-15,2025-05-15 01:00:00,SHORT,21780.004933,21844.486359,64.48142599999846,21683.282794000002,2025-05-15 03:06:00,21683.282794000002,TP,96.7221389999977,1.5,21842.486359,21786.890641
2025-05-16,2025-05-16 02:45:00,LONG,21873.599558,21775.964723,97.63483500000075,22020.0518105,2025-05-16 09:43:00,21775.964723,SL,-97.63483500000075,-1.0,21867.223903,21777.964723
2025-05-19,2025-05-19 01:45:00,SHORT,21613.472806,21850.606988,237.13418199999796,21257.771533000006,2025-05-19 09:06:00,21850.606988,SL,-237.13418199999796,-1.0,21848.606988,21622.143698
2025-05-20,2025-05-20 01:00:00,SHORT,21844.781595,21997.757122,152.9755269999987,21615.318304500004,2025-05-20 15:15:00,21842.996411,FORCE_CLOSE,1.7851840000002994,0.011669735904883103,21995.757122,21850.647198
2025-05-21,2025-05-21 01:00:00,SHORT,21743.02613,21877.129716,134.1035860000011,21541.870750999995,2025-05-21 09:56:00,21877.129716,SL,-134.1035860000011,-1.0,21875.129716,21778.729802
2025-05-22,2025-05-22 03:15:00,LONG,21638.975429,21556.387141,82.58828799999901,21762.857860999997,2025-05-22 06:52:00,21556.387141,SL,-82.58828799999901,-1.0,21634.895009,21558.387141
2025-05-23,2025-05-23 01:00:00,SHORT,21539.5152,21636.895009,97.3798089999982,21393.445486500004,2025-05-23 02:28:00,21636.895009,SL,-97.3798089999982,-1.0,21634.895009,21558.897193
2025-05-26,2025-05-26 01:15:00,LONG,21670.088629,21585.970183,84.1184460000004,21796.266298000002,2025-05-26 11:59:00,21711.402878,FORCE_CLOSE,41.31424899999911,0.49114374985004966,21660.397632,21587.970183
2025-05-27,2025-05-27 01:30:00,LONG,21674.679101,21564.54798,110.13112100000217,21839.875782500007,2025-05-27 11:00:00,21839.875782500007,TP,165.19668150000507,1.5,21673.658996,21566.54798
2025-05-28,2025-05-28 02:45:00,SHORT,21864.418614,21918.698991,54.28037700000277,21782.998048499994,2025-05-28 05:34:00,21918.698991,SL,-54.28037700000277,-1.0,21916.698991,21865.948772
2025-05-29,2025-05-29 02:45:00,LONG,22288.782257,22019.769797,269.0124599999981,22692.300946999996,2025-05-29 08:32:00,22019.769797,SL,-269.0124599999981,-1.0,22272.460579,22021.769797
2025-05-30,2025-05-30 01:00:00,LONG,21815.963631,21694.101304,121.86232699999891,21998.7571215,2025-05-30 07:11:00,21694.101304,SL,-121.86232699999891,-1.0,21799.1319,21696.101304
2025-06-02,2025-06-02 01:00:00,SHORT,21629.029406,21756.757336,127.72792999999729,21437.437511000004,2025-06-02 08:30:00,21756.757336,SL,-127.72792999999729,-1.0,21754.757336,21645.351085
2025-06-03,2025-06-03 02:15:00,SHORT,21843.251437,21979.395233,136.1437960000003,21639.035743,2025-06-03 08:05:00,21979.395233,SL,-136.1437960000003,-1.0,21977.395233,21867.988981
2025-06-04,2025-06-04 03:00:00,LONG,22182.43632,22100.358085,82.07823500000086,22305.553672500002,2025-06-04 07:22:00,22100.358085,SL,-82.07823500000086,-1.0,22163.819406,22102.358085
2025-06-05,2025-06-05 01:00:00,SHORT,22163.819406,22206.368576,42.54917000000205,22099.995650999997,2025-06-05 02:15:00,22206.368576,SL,-42.54917000000205,-1.0,22204.368576,22167.644799
2025-06-06,2025-06-06 01:15:00,LONG,22094.962324,21971.059787,123.90253700000176,22280.816129500003,2025-06-06 08:42:00,22280.816129500003,TP,185.85380550000264,1.5,22086.291432,21973.059787
2025-06-09,2025-06-09 02:45:00,LONG,22232.676487,22150.598252,82.07823500000086,22355.793839500002,2025-06-09 15:15:00,22239.562195,FORCE_CLOSE,6.885707999997976,0.08389200864270417,22221.455333,22152.598252
2025-06-10,2025-06-10 01:45:00,SHORT,22246.447904,22417.02024,170.5723360000011,21990.589399999997,2025-06-10 14:04:00,22417.02024,SL,-170.5723360000011,-1.0,22415.02024,22253.843664
2025-06-12,2025-06-12 03:15:00,SHORT,22188.301924,22307.613988,119.31206400000156,22009.333827999995,2025-06-12 08:02:00,22307.613988,SL,-119.31206400000156,-1.0,22305.613988,22191.362238
2025-06-16,2025-06-16 01:00:00,LONG,22171.93434,22044.762367,127.17197300000043,22362.6922995,2025-06-16 08:54:00,22362.6922995,TP,190.75795949999883,1.5,22164.329458,22046.762367
2025-06-18,2025-06-18 01:15:00,LONG,22236.820663,22076.770709,160.04995399999825,22476.895593999994,2025-06-18 15:15:00,22182.033379,FORCE_CLOSE,-54.78728399999818,-0.342313650399417,22228.741433,22078.770709
2025-06-20,2025-06-20 01:00:00,LONG,22149.968931,22061.369675,88.5992559999977,22282.867814999998,2025-06-20 08:27:00,22282.867814999998,TP,132.89888399999836,1.5,22145.171888,22063.369675
2025-06-23,2025-06-23 01:00:00,LONG,22029.28542,21919.983134,109.30228600000191,22193.238849,2025-06-23 09:05:00,22193.238849,TP,163.95342900000105,1.5,21989.646693,21921.983134
2025-06-24,2025-06-24 01:00:00,LONG,22555.445332,22411.806315,143.6390169999977,22770.903857499994,2025-06-24 15:15:00,22623.866319,FORCE_CLOSE,68.42098700000133,0.4763398443474619,22492.073865,22413.806315
2025-06-25,2025-06-25 04:00:00,LONG,22659.970382,22607.222713,52.747669000000315,22739.091885499998,2025-06-25 08:30:00,22739.091885499998,TP,79.12150349999865,1.5,22656.94067,22609.222713
2025-06-26,2025-06-26 01:00:00,LONG,22738.742883,22657.970382,80.77250099999947,22859.9016345,2025-06-26 12:16:00,22859.9016345,TP,121.1587514999992,1.5,22730.916128,22659.970382
2025-06-27,2025-06-27 01:00:00,LONG,22947.540506,22882.673991,64.86651500000153,23044.840278500003,2025-06-27 09:12:00,23044.840278500003,TP,97.29977250000229,1.5,22932.8969,22884.673991
2025-06-30,2025-06-30 01:00:00,LONG,23118.971687,23028.352623,90.61906400000225,23254.900283000003,2025-06-30 08:49:00,23028.352623,SL,-90.61906400000225,-1.0,23111.90236,23030.352623
2025-07-01,2025-07-01 01:00:00,SHORT,23065.699258,23143.694524,77.99526599999808,22948.706359000003,2025-07-01 09:37:00,22948.706359000003,TP,116.99289899999712,1.5,23141.694524,23072.516109
2025-07-03,2025-07-03 01:30:00,LONG,23113.417216,23051.07546,62.341756000001624,23206.929850000004,2025-07-03 08:31:00,23206.929850000004,TP,93.51263400000244,1.5,23108.620172,23053.07546
2025-07-04,2025-07-04 01:00:00,SHORT,23216.679886,23284.323637,67.64375099999961,23115.214259500004,2025-07-04 05:55:00,23115.214259500004,TP,101.4656264999976,1.5,23282.323637,23219.457121
2025-07-07,2025-07-07 03:45:00,SHORT,23139.169764,23235.595775,96.4260110000032,22994.530747499994,2025-07-07 15:15:00,23085.139908,FORCE_CLOSE,54.02985599999738,0.5603244958457898,23233.595775,23141.442048
2025-07-08,2025-07-08 01:30:00,LONG,23167.194596,23066.72897,100.46562600000107,23317.893035,2025-07-08 15:15:00,23128.060822,FORCE_CLOSE,-39.13377400000172,-0.3895240149103466,23166.184693,23068.72897
2025-07-14,2025-07-14 01:00:00,SHORT,23052.570508,23115.16474,62.594231999999465,22958.67916,2025-07-14 03:52:00,23115.16474,SL,-62.594231999999465,-1.0,23113.16474,23063.679451
2025-07-16,2025-07-16 01:45:00,SHORT,23199.259044,23263.873083,64.61403900000005,23102.3379855,2025-07-16 07:30:00,23263.873083,SL,-64.61403900000005,-1.0,23261.873083,23204.813515
2025-07-17,2025-07-17 01:00:00,LONG,23343.927772,23242.957194,100.97057800000039,23495.383639,2025-07-17 11:10:00,23495.383639,TP,151.45586700000058,1.5,23287.12068,23244.957194
2025-07-18,2025-07-18 01:00:00,LONG,23531.769891,23484.576693,47.19319800000085,23602.559688,2025-07-18 05:23:00,23484.576693,SL,-47.19319800000085,-1.0,23519.398568,23486.576693
2025-07-21,2025-07-21 01:00:00,LONG,23513.844097,23465.136043,48.70805400000245,23586.906178000005,2025-07-21 08:00:00,23465.136043,SL,-48.70805400000245,-1.0,23507.784674,23467.136043
2025-07-22,2025-07-22 03:15:00,SHORT,23517.631237,23600.423545,82.79230800000005,23393.442775000003,2025-07-22 08:52:00,23393.442775000003,TP,124.18846199999825,1.5,23598.423545,23527.730275
2025-07-23,2025-07-23 02:00:00,LONG,23499.705443,23408.581427,91.12401599999794,23636.391466999994,2025-07-23 08:45:00,23408.581427,SL,-91.12401599999794,-1.0,23498.443063,23410.581427
2025-07-24,2025-07-24 01:30:00,SHORT,23589.839363,23656.725686,66.88632300000245,23489.509878499994,2025-07-24 15:15:00,23619.379051,FORCE_CLOSE,-29.53968800000075,-0.4416401840477861,23654.725686,23603.725541
2025-07-25,2025-07-25 02:00:00,SHORT,23610.03744,23675.913859,65.87641900000017,23511.2228115,2025-07-25 11:13:00,23675.913859,SL,-65.87641900000017,-1.0,23673.913859,23621.651334
2025-07-28,2025-07-28 01:00:00,LONG,23817.067732,23743.869509,73.19822299999942,23926.8650665,2025-07-28 05:41:00,23743.869509,SL,-73.19822299999942,-1.0,23799.899366,23745.869509
2025-07-29,2025-07-29 02:00:00,LONG,23785.508236,23747.404173,38.1040630000025,23842.664330500003,2025-07-29 05:02:00,23842.664330500003,TP,57.15609450000193,1.5,23785.25576,23749.404173
2025-07-30,2025-07-30 01:15:00,LONG,23742.587322,23695.6466,46.94072199999937,23812.998405,2025-07-30 03:33:00,23695.6466,SL,-46.94072199999937,-1.0,23740.567514,23697.6466
2025-07-31,2025-07-31 02:15:00,LONG,24046.82086,23944.840378,101.98048199999903,24199.791583,2025-07-31 08:30:00,23944.840378,SL,-101.98048199999903,-1.0,24044.801053,23946.840378
2025-08-01,2025-08-01 02:00:00,SHORT,23459.561764,23575.680901,116.1191370000015,23285.383058499996,2025-08-01 05:49:00,23285.383058499996,TP,174.17870550000225,1.5,23573.680901,23461.581572
2025-08-04,2025-08-04 01:00:00,LONG,23224.506641,23106.367696,118.13894499999878,23401.715058499998,2025-08-04 08:38:00,23401.715058499998,TP,177.20841749999818,1.5,23216.174934,23108.367696
2025-08-05,2025-08-05 01:30:00,LONG,23617.359243,23542.646165,74.71307800000068,23729.42886,2025-08-05 08:30:00,23542.646165,SL,-74.71307800000068,-1.0,23605.997824,23544.646165
2025-08-06,2025-08-06 01:00:00,LONG,23417.145802,23276.031545,141.11425699999745,23628.817187499997,2025-08-06 13:06:00,23628.817187499997,TP,211.671385499998,1.5,23403.007148,23278.031545
2025-08-07,2025-08-07 03:00:00,LONG,23774.651769,23674.438619,100.21314999999959,23924.971493999998,2025-08-07 11:41:00,23674.438619,SL,-100.21314999999959,-1.0,23744.102178,23676.438619
2025-08-08,2025-08-08 01:00:00,SHORT,23761.018067,23818.56278,57.54471299999932,23674.700997500004,2025-08-08 08:40:00,23818.56278,SL,-57.54471299999932,-1.0,23816.56278,23761.523019
2025-08-11,2025-08-11 03:00:00,SHORT,23913.008599,24010.444514,97.4359149999982,23766.8547265,2025-08-11 11:07:00,24010.444514,SL,-97.4359149999982,-1.0,24008.444514,23935.731435
2025-08-13,2025-08-13 02:00:00,LONG,24214.717377,24156.667713,58.04966400000194,24301.791873000002,2025-08-13 08:33:00,24301.791873000002,TP,87.07449600000109,1.5,24207.395574,24158.667713
2025-08-14,2025-08-14 01:00:00,SHORT,24140.236968,24203.588627,63.35165899999993,24045.2094795,2025-08-14 07:30:00,24203.588627,SL,-63.35165899999993,-1.0,24201.588627,24153.87067
2025-08-15,2025-08-15 01:30:00,LONG,24185.935117,24108.192328,77.7427889999999,24302.549300500003,2025-08-15 08:30:00,24108.192328,SL,-77.7427889999999,-1.0,24183.662834,24110.192328
2025-08-18,2025-08-18 01:00:00,SHORT,24064.494178,24120.271559,55.77738099999988,23980.8281065,2025-08-18 03:26:00,23980.8281065,TP,83.66607149999982,1.5,24118.271559,24076.613024
2025-08-22,2025-08-22 01:00:00,SHORT,23408.056667,23484.789553,76.73288599999796,23292.957338000004,2025-08-22 03:43:00,23484.789553,SL,-76.73288599999796,-1.0,23482.789553,23410.581427
2025-08-25,2025-08-25 03:30:00,SHORT,23746.879413,23833.711338,86.83192500000223,23616.631525499994,2025-08-25 10:22:00,23833.711338,SL,-86.83192500000223,-1.0,23831.711338,23753.443788
2025-08-27,2025-08-27 02:15:00,SHORT,23815.3004,23865.018357,49.71795700000075,23740.7234645,2025-08-27 08:45:00,23740.7234645,TP,74.57693550000113,1.5,23863.018357,23827.671722
2025-08-28,2025-08-28 01:30:00,LONG,23835.750953,23718.116961,117.63399199999913,24012.201941,2025-08-28 13:27:00,24012.201941,TP,176.4509880000005,1.5,23817.82516,23720.116961
2025-08-29,2025-08-29 01:45:00,SHORT,23951.889897,23993.023672,41.13377499999842,23890.1892345,2025-08-29 03:14:00,23890.1892345,TP,61.70066249999945,1.5,23991.023672,23952.647325
2025-09-01,2025-09-01 01:00:00,SHORT,23629.730565,23787.760712,158.03014699999767,23392.685344500005,2025-09-01 11:59:00,23735.013043,FORCE_CLOSE,-105.28247799999735,-0.6662176806049476,23785.760712,23638.567224
2025-09-02,2025-09-02 02:00:00,SHORT,23623.418666,23719.087249,95.66858299999876,23479.915791500003,2025-09-02 05:28:00,23479.915791500003,TP,143.50287449999814,1.5,23717.087249,23647.403883
2025-09-03,2025-09-03 01:15:00,LONG,23586.052223,23526.992655,59.05956800000058,23674.641575,2025-09-03 04:43:00,23674.641575,TP,88.58935200000269,1.5,23576.710612,23528.992655
2025-09-05,2025-09-05 01:00:00,LONG,24006.929658,23933.983911,72.94574700000157,24116.3482785,2025-09-05 08:00:00,24116.3482785,TP,109.41862050000054,1.5,23986.984056,23935.983911
2025-09-09,2025-09-09 01:00:00,LONG,24087.217015,24024.370307,62.84670799999731,24181.487076999994,2025-09-09 09:00:00,24024.370307,SL,-62.84670799999731,-1.0,24084.439779,24026.370307
2025-09-10,2025-09-10 01:00:00,LONG,24163.21228,24108.444804,54.7674760000009,24245.363494,2025-09-10 07:30:00,24245.363494,TP,82.15121400000135,1.5,24161.949901,24110.444804
2025-09-11,2025-09-11 02:30:00,LONG,24158.415237,24105.920044,52.49519300000247,24237.158026500005,2025-09-11 07:30:00,24105.920044,SL,-52.49519300000247,-1.0,24155.890477,24107.920044
2025-09-12,2025-09-12 01:00:00,LONG,24267.232378,24227.613459,39.61891900000046,24326.6607565,2025-09-12 03:14:00,24227.613459,SL,-39.61891900000046,-1.0,24263.697715,24229.613459
2025-09-15,2025-09-15 01:00:00,LONG,24379.5,24328.603846,50.896153999998205,24455.844230999995,2025-09-15 03:04:00,24328.603846,SL,-50.896153999998205,-1.0,24372.009904,24330.603846
2025-09-16,2025-09-16 01:00:00,LONG,24602.0,24524.75,77.25,24717.875,2025-09-16 08:57:00,24524.75,SL,-77.25,-1.0,24589.5,24526.75
2025-09-17,2025-09-17 03:30:00,SHORT,24485.75,24552.25,66.5,24386.0,2025-09-17 11:39:00,24386.0,TP,99.75,1.5,24550.25,24507.75
2025-09-18,2025-09-18 02:45:00,LONG,24663.25,24558.0,105.25,24821.125,2025-09-18 15:15:00,24694.5,FORCE_CLOSE,31.25,0.29691211401425177,24653.5,24560.0
2025-09-19,2025-09-19 01:45:00,SHORT,24673.0,24751.0,78.0,24556.0,2025-09-19 07:28:00,24751.0,SL,-78.0,-1.0,24749.0,24682.0
2025-09-22,2025-09-22 01:30:00,SHORT,24823.75,24878.0,54.25,24742.375,2025-09-22 08:54:00,24878.0,SL,-54.25,-1.0,24876.0,24828.0
2025-09-23,2025-09-23 01:45:00,LONG,25012.75,24975.5,37.25,25068.625,2025-09-23 06:14:00,24975.5,SL,-37.25,-1.0,25007.75,24977.5
2025-09-24,2025-09-24 01:00:00,LONG,24867.75,24808.5,59.25,24956.625,2025-09-24 08:49:00,24808.5,SL,-59.25,-1.0,24855.25,24810.5
2025-09-25,2025-09-25 01:15:00,SHORT,24736.25,24795.5,59.25,24647.375,2025-09-25 06:11:00,24647.375,TP,88.875,1.5,24793.5,24740.25
2025-09-26,2025-09-26 01:00:00,LONG,24658.0,24571.75,86.25,24787.375,2025-09-26 04:03:00,24571.75,SL,-86.25,-1.0,24642.0,24573.75
2025-09-29,2025-09-29 01:30:00,LONG,24851.25,24753.25,98.0,24998.25,2025-09-29 15:15:00,24830.25,FORCE_CLOSE,-21.0,-0.21428571428571427,24834.25,24755.25
2025-09-30,2025-09-30 02:00:00,SHORT,24794.25,24858.75,64.5,24697.5,2025-09-30 10:00:00,24858.75,SL,-64.5,-1.0,24856.75,24805.75
2025-10-01,2025-10-01 01:00:00,SHORT,24758.25,24850.75,92.5,24619.5,2025-10-01 09:19:00,24850.75,SL,-92.5,-1.0,24848.75,24763.5
2025-10-02,2025-10-02 02:00:00,LONG,25083.0,25001.25,81.75,25205.625,2025-10-02 10:04:00,25001.25,SL,-81.75,-1.0,25076.5,25003.25
2025-10-03,2025-10-03 01:15:00,LONG,25181.0,25095.25,85.75,25309.625,2025-10-03 09:00:00,25095.25,SL,-85.75,-1.0,25176.75,25097.25
2025-10-06,2025-10-06 04:00:00,LONG,25111.0,25048.5,62.5,25204.75,2025-10-06 07:04:00,25204.75,TP,93.75,1.5,25109.25,25050.5
2025-10-07,2025-10-07 04:00:00,LONG,25186.75,25120.5,66.25,25286.125,2025-10-07 10:05:00,25120.5,SL,-66.25,-1.0,25183.5,25122.5
2025-10-08,2025-10-08 03:15:00,LONG,25094.5,25025.5,69.0,25198.0,2025-10-08 09:00:00,25198.0,TP,103.5,1.5,25094.0,25027.5
2025-10-09,2025-10-09 03:30:00,SHORT,25303.75,25396.0,92.25,25165.375,2025-10-09 12:30:00,25165.375,TP,138.375,1.5,25394.0,25307.0
2025-10-13,2025-10-13 02:00:00,LONG,24892.5,24648.75,243.75,25258.125,2025-10-13 15:15:00,24917.25,FORCE_CLOSE,24.75,0.10153846153846154,24855.5,24650.75
2025-10-14,2025-10-14 01:00:00,SHORT,24748.0,25046.25,298.25,24300.625,2025-10-14 15:15:00,24723.75,FORCE_CLOSE,24.25,0.08130762782900251,25044.25,24750.0
2025-10-15,2025-10-15 01:00:00,LONG,24890.0,24738.5,151.5,25117.25,2025-10-15 12:11:00,24738.5,SL,-151.5,-1.0,24855.75,24740.5
2025-10-16,2025-10-16 01:00:00,LONG,24985.75,24872.75,113.0,25155.25,2025-10-16 09:41:00,25155.25,TP,169.5,1.5,24979.25,24874.75
2025-10-17,2025-10-17 01:00:00,SHORT,24664.5,24837.75,173.25,24404.625,2025-10-17 08:53:00,24837.75,SL,-173.25,-1.0,24835.75,24700.25
2025-10-20,2025-10-20 02:15:00,LONG,25133.0,24953.75,179.25,25401.875,2025-10-20 15:15:00,25316.0,FORCE_CLOSE,183.0,1.0209205020920502,25119.75,24955.75
2025-10-21,2025-10-21 01:00:00,SHORT,25270.75,25370.0,99.25,25121.875,2025-10-21 15:15:00,25255.25,FORCE_CLOSE,15.5,0.1561712846347607,25368.0,25295.25
2025-10-22,2025-10-22 01:30:00,LONG,25333.5,25212.5,121.0,25515.0,2025-10-22 06:40:00,25212.5,SL,-121.0,-1.0,25333.0,25214.5
2025-10-23,2025-10-23 02:00:00,LONG,25120.0,24949.25,170.75,25376.125,2025-10-23 07:19:00,24949.25,SL,-170.75,-1.0,25113.25,24951.25
2025-10-24,2025-10-24 01:00:00,LONG,25366.0,25282.75,83.25,25490.875,2025-10-24 07:30:00,25490.875,TP,124.875,1.5,25335.25,25284.75
2025-10-27,2025-10-27 01:00:00,LONG,25789.25,25704.75,84.5,25916.0,2025-10-27 11:36:00,25916.0,TP,126.75,1.5,25773.0,25706.75
2025-10-28,2025-10-28 03:00:00,SHORT,25947.25,26020.75,73.5,25837.0,2025-10-28 07:19:00,26020.75,SL,-73.5,-1.0,26018.75,25956.0
2025-10-29,2025-10-29 01:00:00,LONG,26271.5,26162.5,109.0,26435.0,2025-10-29 13:35:00,26162.5,SL,-109.0,-1.0,26252.75,26164.5
2025-10-31,2025-10-31 02:45:00,LONG,26217.5,26125.25,92.25,26355.875,2025-10-31 08:42:00,26125.25,SL,-92.25,-1.0,26213.5,26127.25
2025-11-03,2025-11-03 01:00:00,SHORT,26030.0,26125.0,95.0,25887.5,2025-11-03 03:16:00,26125.0,SL,-95.0,-1.0,26123.0,26050.75
2025-11-04,2025-11-04 01:00:00,SHORT,25751.5,26070.0,318.5,25273.75,2025-11-04 15:15:00,25570.5,FORCE_CLOSE,181.0,0.5682888540031397,26068.0,25807.0
2025-11-07,2025-11-07 02:00:00,LONG,25350.75,25160.0,190.75,25636.875,2025-11-07 05:13:00,25160.0,SL,-190.75,-1.0,25349.75,25162.0
2025-11-10,2025-11-10 02:30:00,LONG,25513.5,25267.0,246.5,25883.25,2025-11-10 15:15:00,25743.75,FORCE_CLOSE,230.25,0.934077079107505,25496.75,25269.0
2025-11-11,2025-11-11 01:45:00,SHORT,25652.0,25770.75,118.75,25473.875,2025-11-11 15:15:00,25678.5,FORCE_CLOSE,-26.5,-0.2231578947368421,25768.75,25652.75
