Date,Direction,Entry_Time,Entry_Price,SL_Level,SL_Distance,TP_Level,TP_Distance,Exit_Time,Exit_Price,Exit_Type,PnL_Points,Result,Asian_High,Asian_Low,Asian_Mid
2018-01-02,SHORT,2018-01-02 02:15:00,7503.739664,7553.739664,50,7453.739664,50,2018-01-02 08:00:00,7539.764644,TIME_EXIT,-36.02498000000014,LOSS,7525.706115,7511.647587,7518.676851
2018-01-03,LONG,2018-01-03 01:45:00,7645.203609,7595.203609,50,7695.203609,50,2018-01-03 08:00:00,7643.446293,TIME_EXIT,-1.7573160000001735,LOSS,7644.324951,7634.07394,7639.1994455
2018-01-04,LONG,2018-01-04 02:15:00,7732.776527,7682.776527,50,7782.776527,50,2018-01-04 08:00:00,7749.178143,TIME_EXIT,16.401616000000104,WIN,7731.019211,7709.638532,7720.3288715
2018-01-05,LONG,2018-01-05 01:45:00,7747.420827,7697.420827,50,7797.420827,50,2018-01-05 08:00:00,7762.6509,TIME_EXIT,15.23007299999972,WIN,7746.835055,7731.897869,7739.366462
2018-01-09,LONG,2018-01-09 02:15:00,7841.730124,7791.730124,50,7891.730124,50,2018-01-09 08:00:00,7855.495766,TIME_EXIT,13.765642000000298,WIN,7841.144352,7824.742735,7832.9435435
2018-01-10,SHORT,2018-01-10 01:45:00,7817.127699,7867.127699,50,7767.127699,50,2018-01-10 08:00:00,7797.504336,TIME_EXIT,19.6233629999997,WIN,7832.943543,7819.763673,7826.353608
2018-01-12,LONG,2018-01-12 01:00:00,7885.955912,7835.955912,50,7935.955912,50,2018-01-12 08:00:00,7865.453891,TIME_EXIT,-20.50202100000024,LOSS,7881.562621,7870.140067,7875.851344000001
2018-01-15,SHORT,2018-01-15 02:00:00,7941.89714,7991.89714,50,7891.89714,50,2018-01-15 08:00:00,7938.089622,TIME_EXIT,3.807517999999618,WIN,7964.742249,7945.704658,7955.2234535
2018-01-16,LONG,2018-01-16 02:00:00,7963.863591,7913.863591,50,8013.863591,50,2018-01-16 08:00:00,7979.38655,TIME_EXIT,15.5229589999999,WIN,7960.641845,7938.96828,7949.8050625
2018-01-17,LONG,2018-01-17 02:00:00,7936.625192,7886.625192,50,7986.625192,50,2018-01-17 08:00:00,7958.591643,TIME_EXIT,21.966450999999324,WIN,7933.696332,7907.043705,7920.3700185
2018-01-19,LONG,2018-01-19 02:45:00,7997.545483,7947.545483,50,8047.545483,50,2018-01-19 08:00:00,8015.41153,TIME_EXIT,17.866047000000435,WIN,7996.373939,7968.256881,7982.31541
2018-01-23,LONG,2018-01-23 01:00:00,8141.938287,8091.938287,50,8191.938287,50,2018-01-23 08:00:00,8122.022039,TIME_EXIT,-19.91624799999954,LOSS,8139.009427,8117.628748,8128.3190875
2018-01-24,LONG,2018-01-24 01:00:00,8169.469573,8119.469573,50,8219.469573,50,2018-01-24 08:00:00,8182.356557,TIME_EXIT,12.886983999999757,WIN,8164.783396,8152.189298,8158.486347
2018-01-25,LONG,2018-01-25 03:30:00,8141.645401,8091.645401,50,8191.645401,50,2018-01-25 08:00:00,8178.256153,TIME_EXIT,36.6107520000005,WIN,8136.373453,8112.649686,8124.5115695
2018-01-26,LONG,2018-01-26 03:15:00,8150.724868,8100.724868,50,8200.724868000001,50,2018-01-26 08:00:00,8161.268764,TIME_EXIT,10.543896000000132,WIN,8149.84621,8129.344189,8139.5951995
2018-01-29,SHORT,2018-01-29 02:00:00,8219.845967,8269.845967,50,8169.845966999999,50,2018-01-29 08:00:00,8208.716298,TIME_EXIT,11.129668999999922,WIN,8256.163833,8229.218319,8242.691076
2018-02-01,SHORT,2018-02-01 03:15:00,8160.390106,8210.390105999999,50,8110.390106,50,2018-02-01 07:45:00,8110.390106,TAKE_PROFIT,50.0,WIN,8186.456961,8164.783396,8175.620178499999
2018-02-02,SHORT,2018-02-02 02:45:00,8082.189541,8132.189541,50,8032.189541,50,2018-02-02 05:30:00,8032.189541,TAKE_PROFIT,50.0,WIN,8148.088894,8098.298271,8123.1935825
2018-02-05,LONG,2018-02-05 01:00:00,7916.123171,7866.123171,50,7966.123171,50,2018-02-05 06:00:00,7866.123171,STOP_LOSS,-50.0,LOSS,7906.750819,7867.504093,7887.127456
2018-02-06,LONG,2018-02-06 02:15:00,7595.705872,7545.705872,50,7645.705872,50,2018-02-06 03:00:00,7645.705872,TAKE_PROFIT,50.0,WIN,7583.990432,7334.158662,7459.074547
2018-02-07,SHORT,2018-02-07 02:00:00,7702.023495,7752.023495,50,7652.023495,50,2018-02-07 05:30:00,7752.023495,STOP_LOSS,-50.0,LOSS,7807.169574,7709.638532,7758.404053
2018-02-08,LONG,2018-02-08 02:00:00,7718.717998,7668.717998,50,7768.717998,50,2018-02-08 05:30:00,7668.717998,STOP_LOSS,-50.0,LOSS,7712.567392,7613.864805,7663.2160985
2018-02-09,LONG,2018-02-09 02:45:00,7462.442736,7412.442736,50,7512.442736,50,2018-02-09 05:30:00,7412.442736,STOP_LOSS,-50.0,LOSS,7460.392534,7367.254782,7413.823657999999
2018-02-12,LONG,2018-02-12 02:30:00,7580.4758,7530.4758,50,7630.4758,50,2018-02-12 08:00:00,7556.459147,TIME_EXIT,-24.016653000000588,LOSS,7561.438209,7534.492696,7547.9654525000005
2018-02-13,SHORT,2018-02-13 01:45:00,7617.086551,7667.086551,50,7567.086551,50,2018-02-13 08:00:00,7598.341846,TIME_EXIT,18.744705000000067,WIN,7675.370868,7621.479842,7648.425354999999
2018-02-14,LONG,2018-02-14 01:00:00,7700.559065,7650.559065,50,7750.559065,50,2018-02-14 07:30:00,7650.559065,STOP_LOSS,-50.0,LOSS,7697.630205,7675.95664,7686.793422500001
2018-02-15,LONG,2018-02-15 02:15:00,7893.570948,7843.570948,50,7943.570948,50,2018-02-15 08:00:00,7887.713228,TIME_EXIT,-5.857719999999972,LOSS,7887.127456,7819.470787,7853.2991215
2018-02-16,LONG,2018-02-16 02:00:00,8019.80482,7969.80482,50,8069.80482,50,2018-02-16 07:30:00,7969.80482,STOP_LOSS,-50.0,LOSS,8019.219048,7990.809104,8005.0140759999995
2018-02-20,SHORT,2018-02-20 03:00:00,7917.294715,7967.294715,50,7867.294715,50,2018-02-20 08:00:00,7903.529072,TIME_EXIT,13.765642999999727,WIN,7962.399161,7921.395119,7941.89714
2018-02-23,LONG,2018-02-23 01:00:00,7988.17313,7938.17313,50,8038.17313,50,2018-02-23 08:00:00,7987.587358,TIME_EXIT,-0.585772000000361,LOSS,7974.700374,7946.29043,7960.4954020000005
2018-02-26,LONG,2018-02-26 02:15:00,8109.42794,8059.42794,50,8159.42794,50,2018-02-26 08:00:00,8122.607811,TIME_EXIT,13.179871000000276,WIN,8101.812904,8071.93853,8086.875717000001
2018-03-01,LONG,2018-03-01 01:15:00,8066.666582,8016.666582,50,8116.666582,50,2018-03-01 05:45:00,8016.666582,STOP_LOSS,-50.0,LOSS,8065.787924,8014.532872,8040.160398
2018-03-02,SHORT,2018-03-02 03:45:00,7892.106518,7942.106518,50,7842.106518,50,2018-03-02 05:30:00,7842.106518,TAKE_PROFIT,50.0,WIN,7941.018482,7897.378466,7919.198474000001
2018-03-06,LONG,2018-03-06 01:00:00,8085.997059,8035.997059,50,8135.997059,50,2018-03-06 08:00:00,8106.206194,TIME_EXIT,20.20913500000006,WIN,8076.038934,8056.708458,8066.373696000001
2018-03-08,LONG,2018-03-08 01:00:00,8137.837883,8087.837883,50,8187.837883,50,2018-03-08 08:00:00,8155.118158,TIME_EXIT,17.280275000000074,WIN,8125.243785,8100.348474,8112.7961295000005
2018-03-12,LONG,2018-03-12 02:15:00,8373.759529,8323.759529,50,8423.759529,50,2018-03-12 08:00:00,8344.575548,TIME_EXIT,-29.18398100000013,LOSS,8373.175849,8338.155072,8355.6654605
2018-03-13,LONG,2018-03-13 02:00:00,8366.463534,8316.463534,50,8416.463534,50,2018-03-13 08:00:00,8398.274072,TIME_EXIT,31.810537999999724,WIN,8364.420655,8348.077626,8356.2491405
2018-03-14,LONG,2018-03-14 02:30:00,8259.358325,8209.358325,50,8309.358325,50,2018-03-14 05:00:00,8309.358325,TAKE_PROFIT,50.0,WIN,8252.64601,8221.127311,8236.8866605
2018-03-15,LONG,2018-03-15 02:30:00,8260.525684,8210.525684,50,8310.525684,50,2018-03-15 08:00:00,8254.105209,TIME_EXIT,-6.420475000000806,LOSS,8258.482806,8203.325082,8230.903944
2018-03-19,SHORT,2018-03-19 01:45:00,8155.463354,8205.463354,50,8105.463354,50,2018-03-19 03:15:00,8105.463354,TAKE_PROFIT,50.0,WIN,8220.543631,8173.265583,8196.904607
2018-03-21,SHORT,2018-03-21 03:15:00,8054.778622,8104.778622,50,8004.778622,50,2018-03-21 08:00:00,8038.435593,TIME_EXIT,16.34302899999966,WIN,8082.211563,8062.658296,8072.434929499999
2018-03-22,SHORT,2018-03-22 01:30:00,8029.680398,8079.680398,50,7979.680398,50,2018-03-22 02:30:00,7979.680398,TAKE_PROFIT,50.0,WIN,8072.28901,8035.517195,8053.9031025
2018-03-26,LONG,2018-03-26 01:00:00,7722.956763,7672.956763,50,7772.956763,50,2018-03-26 04:45:00,7772.956763,TAKE_PROFIT,50.0,WIN,7718.579166,7629.568026,7674.073596
2018-03-27,LONG,2018-03-27 01:30:00,7966.059321,7916.059321,50,8016.059321,50,2018-03-27 08:00:00,7956.428607,TIME_EXIT,-9.630713999999898,LOSS,7962.557243,7903.605603,7933.081423
2018-03-28,SHORT,2018-03-28 02:15:00,7615.559715,7665.559715,50,7565.559715,50,2018-03-28 06:15:00,7665.559715,STOP_LOSS,-50.0,LOSS,7683.850229,7620.229152,7652.0396905
2018-03-29,LONG,2018-03-29 01:30:00,7601.551404,7551.551404,50,7651.551404,50,2018-03-29 08:00:00,7605.929001,TIME_EXIT,4.3775970000006055,WIN,7591.045171,7551.646798,7571.3459845
2018-04-02,SHORT,2018-04-02 01:45:00,7643.868176,7693.868176,50,7593.868176,50,2018-04-02 08:00:00,7639.198739,TIME_EXIT,4.6694369999995615,WIN,7677.137914,7644.160016,7660.648965
2018-04-03,LONG,2018-04-03 02:00:00,7510.497385,7460.497385,50,7560.497385,50,2018-04-03 08:00:00,7538.805846,TIME_EXIT,28.308461000000534,WIN,7509.621866,7464.386696,7487.0042809999995
2018-04-04,SHORT,2018-04-04 01:15:00,7502.325871,7552.325871,50,7452.325871,50,2018-04-04 02:45:00,7452.325871,TAKE_PROFIT,50.0,WIN,7546.977361,7506.995307,7526.986334
2018-04-05,LONG,2018-04-05 01:30:00,7743.09371,7693.09371,50,7793.09371,50,2018-04-05 08:00:00,7743.09371,TIME_EXIT,0.0,LOSS,7742.21819,7682.39103,7712.304609999999
2018-04-06,LONG,2018-04-06 01:30:00,7640.657938,7590.657938,50,7690.657938,50,2018-04-06 08:00:00,7627.525147,TIME_EXIT,-13.132790999999997,LOSS,7635.112982,7570.616385,7602.8646835
2018-04-09,LONG,2018-04-09 03:30:00,7612.057637,7562.057637,50,7662.057637,50,2018-04-09 08:00:00,7581.998137,TIME_EXIT,-30.0595000000003,LOSS,7609.431079,7541.140565,7575.285822
2018-04-17,LONG,2018-04-17 01:00:00,7865.082748,7815.082748,50,7915.082748,50,2018-04-17 08:00:00,7888.429933,TIME_EXIT,23.347185000000536,WIN,7864.499069,7823.057816,7843.7784425
2018-04-19,SHORT,2018-04-19 01:15:00,7994.659622,8044.659622,50,7944.659622,50,2018-04-19 08:00:00,7952.92653,TIME_EXIT,41.7330920000004,WIN,8015.380248,8003.706656,8009.543452
2018-04-20,SHORT,2018-04-20 02:15:00,7888.138093,7938.138093,50,7838.138093,50,2018-04-20 08:00:00,7898.936166,TIME_EXIT,-10.79807300000084,LOSS,7926.660947,7892.51569,7909.5883185
2018-04-23,SHORT,2018-04-23 02:15:00,7786.286001,7836.286001,50,7736.286001,50,2018-04-23 08:00:00,7820.139418,TIME_EXIT,-33.853416999999354,LOSS,7824.517015,7798.251433,7811.384224
2018-04-24,LONG,2018-04-24 01:00:00,7794.749355,7744.749355,50,7844.749355,50,2018-04-24 08:00:00,7805.839268,TIME_EXIT,11.089912999999797,WIN,7794.457515,7767.608253,7781.032884
2018-04-25,SHORT,2018-04-25 03:30:00,7573.826623,7623.826623,50,7523.826623,50,2018-04-25 08:00:00,7608.26372,TIME_EXIT,-34.437096999999994,LOSS,7633.070103,7585.208375,7609.139239
2018-04-26,SHORT,2018-04-26 01:00:00,7669.550079,7719.550079,50,7619.550079,50,2018-04-26 07:45:00,7719.550079,STOP_LOSS,-50.0,LOSS,7719.162846,7693.189103,7706.1759745
2018-04-30,LONG,2018-04-30 01:00:00,7825.684375,7775.684375,50,7875.684375,50,2018-04-30 08:00:00,7801.461671,TIME_EXIT,-24.222703999999794,LOSS,7824.808855,7784.826802,7804.817828499999
2018-05-01,SHORT,2018-05-01 03:30:00,7702.819817,7752.819817,50,7652.819817,50,2018-05-01 08:00:00,7700.776938,TIME_EXIT,2.0428789999996297,WIN,7732.003797,7706.321894,7719.1628455
2018-05-03,LONG,2018-05-03 02:15:00,7753.308103,7703.308103,50,7803.308103,50,2018-05-03 08:00:00,7717.119967,TIME_EXIT,-36.18813600000067,LOSS,7752.432584,7731.128278,7741.780431
2018-05-08,SHORT,2018-05-08 03:15:00,7956.136768,8006.136768,50,7906.136768,50,2018-05-08 08:00:00,7953.218369,TIME_EXIT,2.918399000000136,WIN,7978.316593,7957.304127,7967.8103599999995
2018-05-11,SHORT,2018-05-11 01:15:00,8116.9405,8166.9405,50,8066.9405,50,2018-05-11 08:00:00,8121.026257,TIME_EXIT,-4.08575700000074,LOSS,8137.661126,8120.442578,8129.0518520000005
2018-05-15,SHORT,2018-05-15 01:00:00,8111.103704,8161.103704,50,8061.103704,50,2018-05-15 07:45:00,8061.103704,TAKE_PROFIT,50.0,WIN,8144.373442,8123.652816,8134.013129
2018-05-17,SHORT,2018-05-17 01:00:00,8077.833966,8127.833966,50,8027.833966,50,2018-05-17 08:00:00,8069.954292,TIME_EXIT,7.879673999999795,WIN,8106.726107,8085.421801,8096.073954
2018-05-21,SHORT,2018-05-21 01:00:00,8074.623728,8124.623728,50,8024.623728,50,2018-05-21 08:00:00,8081.336044,TIME_EXIT,-6.712316000000101,LOSS,8095.636194,8079.585005,8087.6105995
2018-05-22,LONG,2018-05-22 01:45:00,8078.709486,8028.709486,50,8128.709486,50,2018-05-22 08:00:00,8100.305631,TIME_EXIT,21.596145000000433,WIN,8078.417646,8064.993015,8071.7053305
2018-05-23,SHORT,2018-05-23 02:15:00,8000.204578,8050.204578,50,7950.204578,50,2018-05-23 08:00:00,7985.904428,TIME_EXIT,14.30015000000003,WIN,8063.533816,8016.839447,8040.186631500001
2018-05-24,LONG,2018-05-24 02:15:00,8137.952966,8087.952966,50,8187.952966,50,2018-05-24 08:00:00,8111.979223,TIME_EXIT,-25.97374299999956,LOSS,8123.069136,8084.254442,8103.661789
2018-05-29,SHORT,2018-05-29 01:00:00,8133.867209,8183.867209,50,8083.867209,50,2018-05-29 03:15:00,8083.867209,TAKE_PROFIT,50.0,WIN,8165.677748,8136.785607,8151.2316775
2018-05-30,LONG,2018-05-30 01:00:00,8116.64866,8066.64866,50,8166.64866,50,2018-05-30 08:00:00,8121.609937,TIME_EXIT,4.961277000000337,WIN,8112.562903,8076.374767,8094.468835
2018-05-31,LONG,2018-05-31 01:15:00,8163.634869,8113.634869,50,8213.634869000001,50,2018-05-31 08:00:00,8148.167359,TIME_EXIT,-15.467510000000402,LOSS,8160.716471,8139.412165,8150.064318
2018-06-01,LONG,2018-06-01 01:45:00,8175.016621,8125.016621,50,8225.016620999999,50,2018-06-01 08:00:00,8183.771816,TIME_EXIT,8.75519500000064,WIN,8165.094068,8147.0,8156.047034
2018-06-04,LONG,2018-06-04 02:45:00,8303.717975,8253.717975,50,8353.717975,50,2018-06-04 08:00:00,8299.048539,TIME_EXIT,-4.6694360000001325,LOSS,8299.924058,8256.439927,8278.1819925
2018-06-05,LONG,2018-06-05 03:00:00,8353.038903,8303.038903,50,8403.038903,50,2018-06-05 08:00:00,8360.043058,TIME_EXIT,7.004154999998718,WIN,8352.163383,8332.026437,8342.09491
2018-06-07,LONG,2018-06-07 01:15:00,8439.131645,8389.131645,50,8489.131645,50,2018-06-07 08:00:00,8418.119179,TIME_EXIT,-21.01246600000013,LOSS,8437.964286,8416.65998,8427.312133
2018-06-08,SHORT,2018-06-08 01:00:00,8320.416951,8370.416951,50,8270.416951,50,2018-06-08 03:00:00,8270.416951,TAKE_PROFIT,50.0,WIN,8359.167538,8335.236674,8347.202106
2018-06-11,LONG,2018-06-11 01:15:00,8348.341718,8298.341718,50,8398.341718,50,2018-06-11 08:00:00,8343.978473,TIME_EXIT,-4.363245000000461,LOSS,8347.469069,8322.744015,8335.106542000001
2018-06-13,SHORT,2018-06-13 01:15:00,8422.51688,8472.51688,50,8372.51688,50,2018-06-13 08:00:00,8426.589241,TIME_EXIT,-4.0723610000004555,LOSS,8444.333104,8428.043656,8436.18838
2018-06-14,SHORT,2018-06-14 01:00:00,8394.30123,8444.30123,50,8344.30123,50,2018-06-14 07:30:00,8444.30123,STOP_LOSS,-50.0,LOSS,8427.171007,8404.191251,8415.681129
2018-06-15,SHORT,2018-06-15 02:30:00,8487.965552,8537.965552,50,8437.965552,50,2018-06-15 08:00:00,8459.168136,TIME_EXIT,28.79741599999943,WIN,8515.599435,8495.819392,8505.7094135
2018-06-19,SHORT,2018-06-19 01:30:00,8363.758516,8413.758516,50,8313.758516,50,2018-06-19 08:00:00,8361.140569,TIME_EXIT,2.6179470000006404,WIN,8465.276679,8364.631165,8414.953922
2018-06-20,LONG,2018-06-20 01:00:00,8455.968423,8405.968423,50,8505.968423,50,2018-06-20 08:00:00,8484.184073,TIME_EXIT,28.215650000000096,WIN,8451.896061,8408.554496,8430.2252785
2018-06-21,SHORT,2018-06-21 03:45:00,8510.945307,8560.945307,50,8460.945307,50,2018-06-21 08:00:00,8516.181201,TIME_EXIT,-5.235893999999462,LOSS,8561.84983,8512.981488,8537.415658999998
2018-06-22,LONG,2018-06-22 01:30:00,8433.27955,8383.27955,50,8483.27955,50,2018-06-22 08:00:00,8454.804891,TIME_EXIT,21.52534100000048,WIN,8430.079837,8407.100081,8418.589959
2018-06-25,SHORT,2018-06-25 02:00:00,8349.50525,8399.50525,50,8299.50525,50,2018-06-25 08:00:00,8331.179622,TIME_EXIT,18.325628000000506,WIN,8403.900368,8352.704963,8378.3026655
2018-06-27,SHORT,2018-06-27 01:00:00,8237.5153,8287.5153,50,8187.515299999999,50,2018-06-27 02:45:00,8187.515299999999,TAKE_PROFIT,50.0,WIN,8283.765695,8245.950907,8264.858301
2018-06-29,LONG,2018-06-29 02:15:00,8265.440067,8215.440067,50,8315.440067,50,2018-06-29 08:00:00,8245.078258,TIME_EXIT,-20.361808999999994,LOSS,8262.82212,8197.082565,8229.9523425
2018-07-02,SHORT,2018-07-02 01:00:00,8183.701947,8233.701947,50,8133.701947,50,2018-07-02 08:00:00,8157.231596,TIME_EXIT,26.470350999999937,WIN,8247.114439,8201.44581,8224.280124500001
2018-07-03,LONG,2018-07-03 03:30:00,8309.363398,8259.363398,50,8359.363398,50,2018-07-03 08:00:00,8315.181057,TIME_EXIT,5.817659000000276,WIN,8303.545738,8257.00446,8280.275099
2018-07-04,LONG,2018-07-04 03:30:00,8201.154927,8151.154927,50,8251.154927,50,2018-07-04 08:00:00,8193.301086,TIME_EXIT,-7.853841000000102,LOSS,8194.464618,8164.794553,8179.6295855
2018-07-05,LONG,2018-07-05 02:15:00,8205.227288,8155.227288,50,8255.227288,50,2018-07-05 08:00:00,8237.5153,TIME_EXIT,32.28801199999907,WIN,8199.991395,8164.794553,8182.392973999999
2018-07-17,SHORT,2018-07-17 01:00:00,8503.673233,8553.673233,50,8453.673233,50,2018-07-17 08:00:00,8492.619679,TIME_EXIT,11.053554000000076,WIN,8539.160957,8506.582063,8522.87151
2018-07-18,SHORT,2018-07-18 01:00:00,8633.697928,8683.697928,50,8583.697928,50,2018-07-18 08:00:00,8632.534396,TIME_EXIT,1.1635320000004867,WIN,8654.059737,8637.479407,8645.769572000001
2018-07-19,SHORT,2018-07-19 01:15:00,8609.55464,8659.55464,50,8559.55464,50,2018-07-19 08:00:00,8587.447533,TIME_EXIT,22.107106999999814,WIN,8628.752917,8611.299938,8620.0264275
2018-07-25,LONG,2018-07-25 02:00:00,8632.243513,8582.243513,50,8682.243513,50,2018-07-25 08:00:00,8628.752917,TIME_EXIT,-3.490595999999641,LOSS,8627.589385,8606.64581,8617.1175975
2018-07-27,LONG,2018-07-27 02:15:00,8666.858588,8616.858588,50,8716.858588,50,2018-07-27 08:00:00,8672.094482,TIME_EXIT,5.235894000001281,WIN,8666.567705,8643.297066,8654.9323855
2018-08-02,SHORT,2018-08-02 01:45:00,8436.479263,8486.479263,50,8386.479263,50,2018-08-02 08:00:00,8403.609485,TIME_EXIT,32.869777999998405,WIN,8485.929371,8437.642795,8461.786082999999
2018-08-07,LONG,2018-08-07 01:15:00,8685.184216,8635.184216,50,8735.184216,50,2018-08-07 08:00:00,8685.765982,TIME_EXIT,0.5817660000011529,WIN,8682.56627,8657.550333,8670.0583015
2018-08-10,SHORT,2018-08-10 01:00:00,8654.35062,8704.35062,50,8604.35062,50,2018-08-10 08:00:00,8641.260886,TIME_EXIT,13.089733999999225,WIN,8689.256578,8673.83978,8681.548179000001
2018-08-14,LONG,2018-08-14 01:00:00,8661.622695,8611.622695,50,8711.622695,50,2018-08-14 08:00:00,8652.314439,TIME_EXIT,-9.308256000000256,LOSS,8658.713865,8636.606758,8647.6603115
2018-08-20,LONG,2018-08-20 01:30:00,8617.699364,8567.699364,50,8667.699364,50,2018-08-20 08:00:00,8614.208768,TIME_EXIT,-3.490595999999641,LOSS,8614.208768,8593.846959,8604.0278635
2018-08-21,LONG,2018-08-21 02:00:00,8605.191395,8555.191395,50,8655.191395,50,2018-08-21 08:00:00,8609.845523,TIME_EXIT,4.654128000000128,WIN,8601.700799,8574.066916,8587.8838575
2018-08-28,SHORT,2018-08-28 01:15:00,8811.427433,8861.427433,50,8761.427433,50,2018-08-28 08:00:00,8830.62571,TIME_EXIT,-19.198276999999507,LOSS,8832.661891,8813.463614,8823.0627525
2018-08-30,SHORT,2018-08-30 02:15:00,8907.418818,8957.418818,50,8857.418818,50,2018-08-30 08:00:00,8902.182925,TIME_EXIT,5.235893000000942,WIN,8926.907978,8910.327648,8918.617813
2018-09-04,LONG,2018-09-04 01:00:00,8942.324777,8892.324777,50,8992.324777,50,2018-09-04 06:30:00,8892.324777,STOP_LOSS,-50.0,LOSS,8933.88917,8909.745882,8921.817525999999
2018-09-05,SHORT,2018-09-05 01:00:00,8861.168423,8911.168423,50,8811.168423,50,2018-09-05 08:00:00,8862.622838,TIME_EXIT,-1.4544150000001537,LOSS,8893.165552,8874.549041,8883.8572965
2018-09-07,LONG,2018-09-07 01:45:00,8676.74861,8626.74861,50,8726.74861,50,2018-09-07 07:30:00,8626.74861,STOP_LOSS,-50.0,LOSS,8676.457727,8642.424417,8659.441072000001
2018-09-10,LONG,2018-09-10 02:30:00,8683.148036,8633.148036,50,8733.148036,50,2018-09-10 08:00:00,8699.728366,TIME_EXIT,16.580329999998867,WIN,8682.275387,8652.605322,8667.440354499999
2018-09-11,SHORT,2018-09-11 03:30:00,8679.65744,8729.65744,50,8629.65744,50,2018-09-11 08:00:00,8642.424417,TIME_EXIT,37.233023000000685,WIN,8711.072802,8683.438919,8697.255860500001
2018-09-12,LONG,2018-09-12 01:30:00,8752.378186,8702.378186,50,8802.378186,50,2018-09-12 08:00:00,8727.653133,TIME_EXIT,-24.725053000000116,LOSS,8751.79642,8729.980196,8740.888308000001
2018-09-14,LONG,2018-09-14 01:00:00,8822.017077,8772.017077,50,8872.017077,50,2018-09-14 08:00:00,8819.118625,TIME_EXIT,-2.898452000001271,LOSS,8819.698316,8803.177142,8811.437729000001
2018-09-18,LONG,2018-09-18 01:00:00,8657.385027,8607.385027,50,8707.385027,50,2018-09-18 08:00:00,8666.949917,TIME_EXIT,9.56488999999965,WIN,8646.370911,8605.212899,8625.791905
2018-09-20,SHORT,2018-09-20 01:00:00,8714.194678,8764.194678,50,8664.194678,50,2018-09-20 07:00:00,8764.194678,STOP_LOSS,-50.0,LOSS,8737.382291,8718.25251,8727.8174005
2018-09-21,LONG,2018-09-21 01:00:00,8837.37887,8787.37887,50,8887.37887,50,2018-09-21 08:00:00,8834.770264,TIME_EXIT,-2.6086059999997815,LOSS,8833.321038,8813.031877,8823.1764575
2018-09-24,LONG,2018-09-24 03:15:00,8725.208794,8675.208794,50,8775.208794,50,2018-09-24 08:00:00,8699.992265,TIME_EXIT,-25.216528999999355,LOSS,8724.339259,8703.470407,8713.904833
2018-09-27,SHORT,2018-09-27 02:15:00,8803.177142,8853.177142,50,8753.177142,50,2018-09-27 08:00:00,8831.581967,TIME_EXIT,-28.40482499999962,LOSS,8829.263206,8805.206058,8817.234632
2018-09-28,SHORT,2018-09-28 01:45:00,8872.450134,8922.450134,50,8822.450134,50,2018-09-28 08:00:00,8847.813296,TIME_EXIT,24.636838000000353,WIN,8897.666663,8874.768896,8886.217779499999
2018-10-01,LONG,2018-10-01 03:30:00,8943.172353,8893.172353,50,8993.172353,50,2018-10-01 08:00:00,8926.651179,TIME_EXIT,-16.52117399999952,LOSS,8942.882508,8906.651863,8924.7671855
2018-10-02,SHORT,2018-10-02 01:00:00,8874.47905,8924.47905,50,8824.47905,50,2018-10-02 08:00:00,8883.46425,TIME_EXIT,-8.985200000000987,LOSS,8901.43465,8875.058741,8888.2466955
2018-10-04,SHORT,2018-10-04 01:00:00,8827.81398,8877.81398,50,8777.81398,50,2018-10-04 08:00:00,8842.306238,TIME_EXIT,-14.492257999998401,LOSS,8866.653231,8834.770264,8850.711747500001
2018-10-05,SHORT,2018-10-05 02:00:00,8695.064898,8745.064898,50,8645.064898,50,2018-10-05 08:00:00,8713.614988,TIME_EXIT,-18.550089999998818,LOSS,8741.729968,8698.543039,8720.1365035
2018-10-08,SHORT,2018-10-08 02:00:00,8591.300331,8641.300331,50,8541.300331,50,2018-10-08 08:00:00,8574.489312,TIME_EXIT,16.81101900000067,WIN,8632.458343,8594.198783,8613.328563
2018-10-09,SHORT,2018-10-09 03:00:00,8542.89619,8592.89619,50,8492.89619,50,2018-10-09 08:00:00,8548.113402,TIME_EXIT,-5.217212000001382,LOSS,8577.677609,8554.200151,8565.93888
2018-10-12,LONG,2018-10-12 01:00:00,8260.876851,8210.876851,50,8310.876851,50,2018-10-12 02:15:00,8310.876851,TAKE_PROFIT,50.0,WIN,8257.978399,8191.893703,8224.936051
2018-10-15,SHORT,2018-10-15 01:00:00,8239.428309,8289.428309,50,8189.428309000001,50,2018-10-15 06:30:00,8289.428309,STOP_LOSS,-50.0,LOSS,8314.498205,8265.514373,8290.006289
2018-10-22,LONG,2018-10-22 01:15:00,8280.876167,8230.876167,50,8330.876167,50,2018-10-22 08:00:00,8291.310592,TIME_EXIT,10.434424999999464,WIN,8275.079264,8181.749123,8228.4141935
2018-10-23,SHORT,2018-10-23 01:00:00,8177.981136,8227.981136,50,8127.981136,50,2018-10-23 08:00:00,8139.141884,TIME_EXIT,38.83925200000067,WIN,8300.585637,8209.574258,8255.0799475
2018-10-24,SHORT,2018-10-24 01:30:00,8233.051716,8283.051716,50,8183.051716,50,2018-10-24 03:45:00,8183.051716,TAKE_PROFIT,50.0,WIN,8318.556037,8236.819703,8277.68787
2018-10-25,LONG,2018-10-25 02:30:00,8003.49435,7953.49435,50,8053.49435,50,2018-10-25 04:30:00,8053.49435,TAKE_PROFIT,50.0,WIN,7991.900544,7903.207926,7947.554235
2018-10-31,LONG,2018-10-31 02:00:00,7966.39417,7916.39417,50,8016.39417,50,2018-10-31 07:15:00,8016.39417,TAKE_PROFIT,50.0,WIN,7946.684699,7903.207926,7924.9463125
2018-11-01,SHORT,2018-11-01 01:00:00,8074.506414,8124.506414,50,8024.506414,50,2018-11-01 05:30:00,8124.506414,STOP_LOSS,-50.0,LOSS,8124.939472,8074.796259,8099.8678655
2018-11-02,LONG,2018-11-02 01:00:00,8248.413509,8198.413509,50,8298.413509,50,2018-11-02 07:15:00,8198.413509,STOP_LOSS,-50.0,LOSS,8199.139832,8113.05582,8156.097826
2018-11-05,LONG,2018-11-05 03:45:00,8091.607278,8041.607278,50,8141.607278,50,2018-11-05 08:00:00,8073.347033,TIME_EXIT,-18.260245000000396,LOSS,8090.158053,8051.608647,8070.88335
2018-11-06,SHORT,2018-11-06 02:15:00,8033.348402,8083.348402,50,7983.348402,50,2018-11-06 08:00:00,8037.406234,TIME_EXIT,-4.057832000000417,LOSS,8080.303317,8040.884376,8060.5938465
2018-11-07,LONG,2018-11-07 02:45:00,8227.254812,8177.254811999999,50,8277.254812,50,2018-11-07 08:00:00,8188.995252,TIME_EXIT,-38.25955999999951,LOSS,8208.125032,8082.622079,8145.3735555
2018-11-09,SHORT,2018-11-09 01:30:00,8264.644838,8314.644838,50,8214.644838,50,2018-11-09 08:00:00,8236.819703,TIME_EXIT,27.825135000000955,WIN,8308.411457,8270.441741,8289.426599
2018-11-13,LONG,2018-11-13 02:00:00,7996.538067,7946.538067,50,8046.538067,50,2018-11-13 08:00:00,7959.437886,TIME_EXIT,-37.1001810000007,LOSS,7987.263022,7885.237526,7936.250274
2018-11-14,SHORT,2018-11-14 01:00:00,7925.236158,7975.236158,50,7875.236158,50,2018-11-14 02:30:00,7875.236158,TAKE_PROFIT,50.0,WIN,7994.50915,7935.960429,7965.2347895
2018-11-15,LONG,2018-11-15 01:00:00,7899.729784,7849.729784,50,7949.729784,50,2018-11-15 07:45:00,7849.729784,STOP_LOSS,-50.0,LOSS,7884.657836,7827.558339,7856.108087500001
2018-11-16,SHORT,2018-11-16 03:15:00,7940.018261,7990.018261,50,7890.018261,50,2018-11-16 08:00:00,7931.902596,TIME_EXIT,8.115665000000263,WIN,7984.36457,7944.076093,7964.2203315
2018-11-19,LONG,2018-11-19 01:30:00,7985.813796,7935.813796,50,8035.813796,50,2018-11-19 02:15:00,8035.813796,TAKE_PROFIT,50.0,WIN,7982.335654,7955.669899,7969.0027765
2018-11-20,SHORT,2018-11-20 01:00:00,7681.186535,7731.186535,50,7631.186535,50,2018-11-20 05:15:00,7631.186535,TAKE_PROFIT,50.0,WIN,7725.532844,7689.302199,7707.4175215
2018-11-21,LONG,2018-11-21 01:00:00,7635.680845,7585.680845,50,7685.680845,50,2018-11-21 08:00:00,7666.114586,TIME_EXIT,30.433740999999827,WIN,7617.130755,7556.263271,7586.697013
2018-11-22,SHORT,2018-11-22 02:30:00,7604.087723,7654.087723,50,7554.087723,50,2018-11-22 08:00:00,7596.551748,TIME_EXIT,7.53597499999978,WIN,7649.593412,7606.986174,7628.289793
2018-11-26,LONG,2018-11-26 01:00:00,7638.579296,7588.579296,50,7688.579296,50,2018-11-26 02:15:00,7688.579296,TAKE_PROFIT,50.0,WIN,7632.782393,7593.943142,7613.362767500001
2018-11-29,SHORT,2018-11-29 01:00:00,7991.031009,8041.031009,50,7941.031009,50,2018-11-29 08:00:00,7987.842712,TIME_EXIT,3.1882970000006026,WIN,8021.46475,7991.320854,8006.392802
2018-11-30,SHORT,2018-11-30 02:15:00,7992.190389,8042.190389,50,7942.190389,50,2018-11-30 08:00:00,8009.581099,TIME_EXIT,-17.39070999999967,LOSS,8016.537382,7993.34977,8004.943576
2018-12-03,LONG,2018-12-03 01:00:00,8257.978399,8207.978399,50,8307.978399,50,2018-12-03 08:00:00,8223.486825,TIME_EXIT,-34.49157399999967,LOSS,8248.993199,8197.110916,8223.052057500001
2018-12-06,SHORT,2018-12-06 03:30:00,7731.329747,7781.329747,50,7681.329747,50,2018-12-06 08:00:00,7717.99687,TIME_EXIT,13.332876999999826,WIN,7832.775552,7731.909437,7782.342494500001
2018-12-07,SHORT,2018-12-07 01:15:00,7886.396907,7936.396907,50,7836.396907,50,2018-12-07 07:30:00,7936.396907,STOP_LOSS,-50.0,LOSS,7949.293306,7893.932881,7921.6130935
2018-12-10,LONG,2018-12-10 01:00:00,7642.347283,7592.347283,50,7692.347283,50,2018-12-10 06:45:00,7692.347283,TAKE_PROFIT,50.0,WIN,7637.999606,7598.580665,7618.2901355
2018-12-11,LONG,2018-12-11 03:45:00,7768.429927,7718.429927,50,7818.429927,50,2018-12-11 05:00:00,7818.429927,TAKE_PROFIT,50.0,WIN,7762.053334,7715.678108,7738.865721
2018-12-12,LONG,2018-12-12 03:00:00,7860.310842,7810.310842,50,7910.310842,50,2018-12-12 07:45:00,7910.310842,TAKE_PROFIT,50.0,WIN,7853.644404,7760.024418,7806.834411
2018-12-14,SHORT,2018-12-14 02:15:00,7739.193753,7789.193753,50,7689.193753,50,2018-12-14 08:00:00,7751.897522,TIME_EXIT,-12.703769000000648,LOSS,7838.28261,7744.662624,7791.472616999999
2018-12-17,SHORT,2018-12-17 01:45:00,7656.041811,7706.041811,50,7606.041811,50,2018-12-17 07:30:00,7606.041811,TAKE_PROFIT,50.0,WIN,7686.935067,7658.351587,7672.643327
2018-12-19,LONG,2018-12-19 02:15:00,7539.975559,7489.975559,50,7589.975559,50,2018-12-19 08:00:00,7525.539458,TIME_EXIT,-14.436101000000235,LOSS,7533.623674,7480.210101,7506.9168875
2018-12-21,SHORT,2018-12-21 02:30:00,7258.471589,7308.471589,50,7208.471589,50,2018-12-21 07:30:00,7308.471589,STOP_LOSS,-50.0,LOSS,7300.336282,7261.936253,7281.1362675
2018-12-24,LONG,2018-12-24 02:00:00,7063.295503,7013.295503,50,7113.295503,50,2018-12-24 06:00:00,7013.295503,STOP_LOSS,-50.0,LOSS,7054.345121,6973.214233,7013.779677
2018-12-26,LONG,2018-12-26 03:45:00,6845.021656,6795.021656,50,6895.021656,50,2018-12-26 08:00:00,6885.154017,TIME_EXIT,40.132360999999946,WIN,6836.93744,6741.659173,6789.2983065
2018-12-27,SHORT,2018-12-27 01:45:00,7199.283575,7249.283575,50,7149.283575,50,2018-12-27 03:00:00,7149.283575,TAKE_PROFIT,50.0,WIN,7281.569351,7204.191849,7242.8806
2019-01-02,SHORT,2019-01-02 01:45:00,7220.07156,7270.07156,50,7170.07156,50,2019-01-02 02:15:00,7170.07156,TAKE_PROFIT,50.0,WIN,7375.404007,7222.958781,7299.181394
2019-01-03,SHORT,2019-01-03 02:45:00,7164.348211,7214.348211,50,7114.348211,50,2019-01-03 07:00:00,7214.348211,STOP_LOSS,-50.0,LOSS,7222.670059,7164.636933,7193.653496
2019-01-04,LONG,2019-01-04 01:00:00,7213.430954,7163.430954,50,7263.430954,50,2019-01-04 08:00:00,7220.937727,TIME_EXIT,7.5067730000000665,WIN,7179.9392,7086.970709,7133.4549545
2019-01-07,SHORT,2019-01-07 02:00:00,7445.274736,7495.274736,50,7395.274736,50,2019-01-07 05:15:00,7395.274736,TAKE_PROFIT,50.0,WIN,7501.57553,7445.563458,7473.569493999999
2019-01-08,LONG,2019-01-08 02:45:00,7544.306389,7494.306389,50,7594.306389,50,2019-01-08 08:00:00,7573.178591,TIME_EXIT,28.87220199999956,WIN,7543.728945,7502.152974,7522.9409595
2019-01-10,SHORT,2019-01-10 02:00:00,7560.1861,7610.1861,50,7510.1861,50,2019-01-10 08:00:00,7580.685364,TIME_EXIT,-20.49926400000004,LOSS,7627.458331,7567.981595,7597.719963
2019-01-14,SHORT,2019-01-14 01:30:00,7554.41166,7604.41166,50,7504.41166,50,2019-01-14 08:00:00,7563.650765,TIME_EXIT,-9.239105000000563,LOSS,7604.360569,7554.989104,7579.6748365
2019-01-17,SHORT,2019-01-17 01:00:00,7658.640309,7708.640309,50,7608.640309,50,2019-01-17 08:00:00,7690.111009,TIME_EXIT,-31.47069999999985,LOSS,7701.371168,7669.034302,7685.202735
2019-01-21,SHORT,2019-01-21 03:00:00,7792.607327,7842.607327,50,7742.607327,50,2019-01-21 08:00:00,7815.99381,TIME_EXIT,-23.386483000000226,LOSS,7836.204352,7803.290041,7819.7471965
2019-01-23,SHORT,2019-01-23 01:15:00,7680.294461,7730.294461,50,7630.294461,50,2019-01-23 06:30:00,7730.294461,STOP_LOSS,-50.0,LOSS,7720.1381,7682.604237,7701.3711685
2019-01-24,LONG,2019-01-24 03:45:00,7735.151645,7685.151645,50,7785.151645,50,2019-01-24 08:00:00,7730.532092,TIME_EXIT,-4.6195529999995415,LOSS,7731.109536,7683.470403,7707.2899695
2019-01-28,SHORT,2019-01-28 02:00:00,7796.938157,7846.938157,50,7746.938157,50,2019-01-28 08:00:00,7746.938157,TAKE_PROFIT,50.0,WIN,7836.204352,7802.423875,7819.3141135000005
2019-01-29,LONG,2019-01-29 04:00:00,7728.79976,7678.79976,50,7778.79976,50,2019-01-29 08:00:00,7755.93963,TIME_EXIT,27.139869999999974,WIN,7728.222316,7692.709508,7710.465912
2019-01-30,LONG,2019-01-30 03:30:00,7731.398258,7681.398258,50,7781.398258,50,2019-01-30 08:00:00,7750.16519,TIME_EXIT,18.766931999999542,WIN,7727.933594,7688.956121,7708.444857500001
2019-02-04,SHORT,2019-02-04 01:00:00,7940.721723,7990.721723,50,7890.721723,50,2019-02-04 08:00:00,7941.010445,TIME_EXIT,-0.2887220000002344,LOSS,7965.263095,7941.587889,7953.425492
2019-02-05,LONG,2019-02-05 03:00:00,8022.141333,7972.141333,50,8072.141333,50,2019-02-05 08:00:00,8047.260148,TIME_EXIT,25.118815000000723,WIN,8019.542835,8001.353347,8010.448091
2019-02-06,SHORT,2019-02-06 01:30:00,8088.258675,8138.258675,50,8038.258675,50,2019-02-06 08:00:00,8106.736885,TIME_EXIT,-18.478210000000217,LOSS,8112.222603,8092.589506,8102.4060545
2019-02-07,SHORT,2019-02-07 01:00:00,8051.879701,8101.879701,50,8001.879701,50,2019-02-07 08:00:00,8030.225549,TIME_EXIT,21.654152000000067,WIN,8078.153405,8053.900755,8066.02708
2019-02-11,LONG,2019-02-11 02:15:00,7995.290185,7945.290185,50,8045.290185,50,2019-02-11 03:00:00,8045.290185,TAKE_PROFIT,50.0,WIN,7988.072134,7964.396929,7976.2345315
2019-02-12,LONG,2019-02-12 01:45:00,8046.393982,7996.393982,50,8096.393982,50,2019-02-12 08:00:00,8042.351874,TIME_EXIT,-4.042107999999644,LOSS,8042.351874,7982.586416,8012.469145
2019-02-14,LONG,2019-02-14 01:00:00,8133.588033,8083.588033,50,8183.588033,50,2019-02-14 07:45:00,8083.588033,STOP_LOSS,-50.0,LOSS,8128.679758,8087.103787,8107.8917725
2019-02-19,SHORT,2019-02-19 02:00:00,8161.594069,8211.594068999999,50,8111.594069,50,2019-02-19 08:00:00,8129.834646,TIME_EXIT,31.759422999999515,WIN,8184.114386,8162.748957,8173.4316715
2019-02-20,SHORT,2019-02-20 03:45:00,8152.354964,8202.354964,50,8102.354964,50,2019-02-20 08:00:00,8174.875281,TIME_EXIT,-22.520316999999523,LOSS,8182.382054,8153.509852,8167.945953
2019-02-22,LONG,2019-02-22 02:00:00,8136.763975,8086.763975,50,8186.763975,50,2019-02-22 08:00:00,8156.10835,TIME_EXIT,19.344375000000582,WIN,8128.102314,8106.448163,8117.2752385
2019-02-25,LONG,2019-02-25 03:30:00,8228.866299,8178.866298999999,50,8278.866299,50,2019-02-25 08:00:00,8256.294891,TIME_EXIT,27.428592000000208,WIN,8228.000133,8202.015151,8215.007642
2019-02-27,SHORT,2019-02-27 01:00:00,8201.148985,8251.148985,50,8151.148985,50,2019-02-27 08:00:00,8201.148985,TIME_EXIT,0.0,LOSS,8231.464797,8214.71892,8223.0918585
2019-02-28,SHORT,2019-02-28 01:00:00,8184.403108,8234.403108,50,8134.403108,50,2019-02-28 08:00:00,8201.437707,TIME_EXIT,-17.034598999998707,LOSS,8222.514415,8195.663267,8209.088841
2019-03-01,LONG,2019-03-01 02:30:00,8253.696393,8203.696393,50,8303.696393,50,2019-03-01 08:00:00,8254.562559,TIME_EXIT,0.8661659999997937,WIN,8253.118949,8206.05726,8229.588104499999
2019-03-05,LONG,2019-03-05 01:00:00,8261.78061,8211.78061,50,8311.78061,50,2019-03-05 08:00:00,8258.893389,TIME_EXIT,-2.8872209999990446,LOSS,8258.315945,8229.443743,8243.879844
2019-03-06,LONG,2019-03-06 02:00:00,8271.597158,8221.597158,50,8321.597158,50,2019-03-06 08:00:00,8276.505433,TIME_EXIT,4.908274999999776,WIN,8267.55505,8244.457288,8256.006169
2019-03-08,SHORT,2019-03-08 01:00:00,8066.249009,8116.249009,50,8016.249009,50,2019-03-08 08:00:00,8016.249009,TAKE_PROFIT,50.0,WIN,8124.051999,8087.242135,8105.647067
2019-03-11,LONG,2019-03-11 02:30:00,8134.69235,8084.69235,50,8184.69235,50,2019-03-11 08:00:00,8145.620278,TIME_EXIT,10.927928000000065,WIN,8130.666271,8080.627862,8105.6470665
2019-03-13,LONG,2019-03-13 03:30:00,8326.793827,8276.793827,50,8376.793827,50,2019-03-13 08:00:00,8354.401225,TIME_EXIT,27.607398000000103,WIN,8324.780788,8294.872773,8309.8267805
2019-03-18,LONG,2019-03-18 01:00:00,8458.216545,8408.216545,50,8508.216545,50,2019-03-18 08:00:00,8441.537075,TIME_EXIT,-16.679469999999128,LOSS,8455.053197,8430.033993,8442.543595
2019-03-19,LONG,2019-03-19 03:30:00,8484.09848,8434.09848,50,8534.09848,50,2019-03-19 08:00:00,8504.228874,TIME_EXIT,20.130393999999797,WIN,8480.935132,8462.242623,8471.5888775
2019-03-20,LONG,2019-03-20 02:00:00,8486.11152,8436.11152,50,8536.11152,50,2019-03-20 08:00:00,8491.00033,TIME_EXIT,4.888810000000376,WIN,8485.536365,8458.216545,8471.876455
2019-03-21,SHORT,2019-03-21 01:45:00,8520.33319,8570.33319,50,8470.33319,50,2019-03-21 08:00:00,8499.340064,TIME_EXIT,20.993125999999393,WIN,8558.293362,8523.784115,8541.0387385
2019-03-22,SHORT,2019-03-22 03:30:00,8640.827979,8690.827979,50,8590.827979,50,2019-03-22 08:00:00,8620.985162,TIME_EXIT,19.84281699999883,WIN,8678.788151,8643.991327,8661.389739
2019-03-27,LONG,2019-03-27 01:00:00,8511.993455,8461.993455,50,8561.993455,50,2019-03-27 08:00:00,8493.013369,TIME_EXIT,-18.980085999999574,LOSS,8502.790989,8471.445089,8487.118039
2019-03-28,LONG,2019-03-28 02:00:00,8431.471878,8381.471878,50,8481.471878,50,2019-03-28 08:00:00,8431.471878,TIME_EXIT,0.0,LOSS,8425.720337,8385.171971,8405.446154000001
2019-04-03,LONG,2019-04-03 02:45:00,8706.683126,8656.683126,50,8756.683126,50,2019-04-03 08:00:00,8705.245241,TIME_EXIT,-1.437884999999369,LOSS,8705.532818,8642.553441,8674.0431295
2019-04-04,SHORT,2019-04-04 01:00:00,8704.957664,8754.957664,50,8654.957664,50,2019-04-04 08:00:00,8706.970703,TIME_EXIT,-2.0130390000012994,LOSS,8735.440832,8705.820395,8720.630613500001
2019-04-05,LONG,2019-04-05 02:15:00,8723.650173,8673.650173,50,8773.650173,50,2019-04-05 08:00:00,8730.264445,TIME_EXIT,6.61427200000071,WIN,8719.624094,8691.729119,8705.676606500001
2019-04-09,SHORT,2019-04-09 04:00:00,8752.695456,8802.695456,50,8702.695456,50,2019-04-09 08:00:00,8749.819685,TIME_EXIT,2.8757709999990766,WIN,8781.165585,8753.845764,8767.5056745
2019-04-10,LONG,2019-04-10 01:00:00,8747.231492,8697.231492,50,8797.231492,50,2019-04-10 08:00:00,8745.506029,TIME_EXIT,-1.7254630000006728,LOSS,8740.042065,8714.447707,8727.244886
2019-04-11,SHORT,2019-04-11 02:30:00,8778.002237,8828.002237,50,8728.002237,50,2019-04-11 08:00:00,8792.381091,TIME_EXIT,-14.378853999998682,LOSS,8812.511485,8779.440123,8795.975804000002
2019-04-12,LONG,2019-04-12 03:00:00,8782.891047,8732.891047,50,8832.891047,50,2019-04-12 08:00:00,8803.596596,TIME_EXIT,20.705549000000246,WIN,8772.250696,8754.996072,8763.623383999999
2019-04-15,SHORT,2019-04-15 02:00:00,8790.080474,8840.080474,50,8740.080474,50,2019-04-15 08:00:00,8801.871134,TIME_EXIT,-11.790660000000571,LOSS,8805.322058,8791.805936,8798.563997000001
2019-04-16,LONG,2019-04-16 01:00:00,8822.289105,8772.289105,50,8872.289105,50,2019-04-16 08:00:00,8833.792187,TIME_EXIT,11.503081999999267,WIN,8815.674833,8798.420209,8807.047521
2019-04-25,SHORT,2019-04-25 02:00:00,9032.22036,9082.22036,50,8982.22036,50,2019-04-25 08:00:00,9054.938948,TIME_EXIT,-22.718588000001546,LOSS,9056.089256,9035.096131,9045.592693499999
2019-04-26,LONG,2019-04-26 02:45:00,8982.181951,8932.181951,50,9032.181951,50,2019-04-26 08:00:00,9010.65208,TIME_EXIT,28.47012899999936,WIN,8979.593758,8947.385127,8963.4894425
2019-04-29,LONG,2019-04-29 01:00:00,9029.34459,8979.34459,50,9079.34459,50,2019-04-29 08:00:00,9018.704238,TIME_EXIT,-10.640352000000348,LOSS,9025.318511,9012.952697,9019.135604
2019-05-02,LONG,2019-05-02 02:45:00,8940.770854,8890.770854,50,8990.770854,50,2019-05-02 08:00:00,8930.130503,TIME_EXIT,-10.64035100000001,LOSS,8937.895084,8908.562224,8923.228653999999
2019-05-03,LONG,2019-05-03 02:45:00,8939.908123,8889.908123,50,8989.908123,50,2019-05-03 08:00:00,8966.940367,TIME_EXIT,27.03224399999999,WIN,8934.156582,8899.07218,8916.614381
2019-05-07,LONG,2019-05-07 01:15:00,8972.116754,8922.116754,50,9022.116754,50,2019-05-07 04:30:00,8922.116754,STOP_LOSS,-50.0,LOSS,8932.718697,8897.634295,8915.176496
2019-05-09,SHORT,2019-05-09 01:45:00,8720.199248,8770.199248,50,8670.199248,50,2019-05-09 08:00:00,8670.199248,TAKE_PROFIT,50.0,WIN,8793.531399,8726.81352,8760.1724595
2019-05-13,SHORT,2019-05-13 02:00:00,8625.873972,8675.873972,50,8575.873972,50,2019-05-13 06:45:00,8575.873972,TAKE_PROFIT,50.0,WIN,8681.951499,8634.788861,8658.370180000002
2019-05-14,LONG,2019-05-14 02:15:00,8480.072401,8430.072401,50,8530.072401,50,2019-05-14 08:00:00,8476.909054,TIME_EXIT,-3.1633469999997033,LOSS,8477.484208,8402.139018,8439.811613
2019-05-16,LONG,2019-05-16 04:00:00,8656.932294,8606.932294,50,8706.932294,50,2019-05-16 08:00:00,8658.082603,TIME_EXIT,1.1503090000005614,WIN,8653.768947,8596.828688,8625.2988175
2019-05-17,SHORT,2019-05-17 01:15:00,8698.055814,8748.055814,50,8648.055814,50,2019-05-17 07:15:00,8648.055814,TAKE_PROFIT,50.0,WIN,8757.584266,8705.532818,8731.558541999999
2019-05-20,SHORT,2019-05-20 02:30:00,8647.729828,8697.729828,50,8597.729828,50,2019-05-20 04:00:00,8597.729828,TAKE_PROFIT,50.0,WIN,8695.467621,8651.755907,8673.611764000001
2019-05-22,SHORT,2019-05-22 01:00:00,8559.731247,8609.731247,50,8509.731247,50,2019-05-22 07:15:00,8509.731247,TAKE_PROFIT,50.0,WIN,8597.978997,8565.770366,8581.874681500001
2019-05-23,SHORT,2019-05-23 01:00:00,8478.346939,8528.346939,50,8428.346939,50,2019-05-23 04:30:00,8428.346939,TAKE_PROFIT,50.0,WIN,8544.77724,8485.536365,8515.1568025
2019-05-24,LONG,2019-05-24 01:30:00,8453.902889,8403.902889,50,8503.902889,50,2019-05-24 08:00:00,8456.203505,TIME_EXIT,2.3006159999986266,WIN,8450.451964,8409.903598,8430.177781
2019-05-27,LONG,2019-05-27 01:45:00,8423.707297,8373.707297,50,8473.707297,50,2019-05-27 08:00:00,8418.818487,TIME_EXIT,-4.888810000000376,LOSS,8422.269412,8389.19805,8405.733731
2019-05-28,SHORT,2019-05-28 03:00:00,8408.465713,8458.465713,50,8358.465713,50,2019-05-28 08:00:00,8432.334609,TIME_EXIT,-23.86889599999995,LOSS,8453.327735,8419.393641,8436.360688
2019-05-29,SHORT,2019-05-29 01:15:00,8321.329863,8371.329863,50,8271.329863,50,2019-05-29 08:00:00,8324.780788,TIME_EXIT,-3.450924999999188,LOSS,8392.648974,8331.107483,8361.8782285
2019-05-30,LONG,2019-05-30 01:00:00,8326.50625,8276.50625,50,8376.50625,50,2019-05-30 08:00:00,8333.983254,TIME_EXIT,7.477004000000306,WIN,8324.780788,8291.997003,8308.3888955
2019-05-31,SHORT,2019-05-31 02:00:00,8244.546788,8294.546788,50,8194.546788,50,2019-05-31 08:00:00,8233.618859,TIME_EXIT,10.927928999999494,WIN,8346.06149,8257.487755,8301.774622500001
2019-06-04,LONG,2019-06-04 02:30:00,8067.974472,8017.974472,50,8117.974472,50,2019-06-04 08:00:00,8117.974472,TAKE_PROFIT,50.0,WIN,8067.11174,8031.164608,8049.138174
2019-06-06,LONG,2019-06-06 02:15:00,8330.819906,8280.819906,50,8380.819906,50,2019-06-06 08:00:00,8323.055325,TIME_EXIT,-7.764581000001272,LOSS,8326.50625,8278.193304,8302.349777
2019-06-07,LONG,2019-06-07 02:00:00,8394.08686,8344.08686,50,8444.08686,50,2019-06-07 08:00:00,8410.191175,TIME_EXIT,16.104315000000497,WIN,8389.485627,8352.388186,8370.9369065
2019-06-11,LONG,2019-06-11 03:00:00,8681.663922,8631.663922,50,8731.663922,50,2019-06-11 08:00:00,8722.212287,TIME_EXIT,40.54836500000056,WIN,8679.938459,8633.350975,8656.644717
2019-06-12,SHORT,2019-06-12 01:00:00,8610.632387,8660.632387,50,8560.632387,50,2019-06-12 08:00:00,8616.383929,TIME_EXIT,-5.751541999999972,LOSS,8662.971413,8629.900051,8646.435732
2019-06-13,LONG,2019-06-13 03:30:00,8644.278904,8594.278904,50,8694.278904,50,2019-06-13 08:00:00,8631.625513,TIME_EXIT,-12.653390999999829,LOSS,8626.736703,8536.437505,8581.587104
2019-06-14,SHORT,2019-06-14 02:15:00,8600.854767,8650.854767,50,8550.854767,50,2019-06-14 08:00:00,8598.554151,TIME_EXIT,2.3006160000004456,WIN,8651.180753,8610.919964,8631.0503585
2019-06-20,LONG,2019-06-20 01:15:00,8905.899066,8855.899066,50,8955.899066,50,2019-06-20 07:30:00,8955.899066,TAKE_PROFIT,50.0,WIN,8902.173588,8841.419634,8871.796611
2019-06-26,LONG,2019-06-26 03:45:00,8768.05637,8718.05637,50,8818.05637,50,2019-06-26 04:15:00,8818.05637,TAKE_PROFIT,50.0,WIN,8764.904043,8730.515012,8747.7095275
2019-06-27,LONG,2019-06-27 01:15:00,8814.768136,8764.768136,50,8864.768136,50,2019-06-27 08:00:00,8808.750056,TIME_EXIT,-6.018079999999827,LOSS,8810.182932,8761.46514,8785.824036
2019-07-01,LONG,2019-07-01 01:00:00,8966.366444,8916.366444,50,9016.366444,50,2019-07-01 08:00:00,8984.993835,TIME_EXIT,18.62739099999999,WIN,8948.312203,8909.911119,8929.111660999999
2019-07-02,SHORT,2019-07-02 03:00:00,8906.758792,8956.758792,50,8856.758792,50,2019-07-02 08:00:00,8925.386183,TIME_EXIT,-18.62739099999999,LOSS,8940.288096,8908.764818,8924.526457
2019-07-03,LONG,2019-07-03 02:00:00,8991.585066,8941.585066,50,9041.585066,50,2019-07-03 08:00:00,8997.889721,TIME_EXIT,6.3046549999999115,WIN,8985.853561,8969.232196,8977.5428785
2019-07-05,SHORT,2019-07-05 02:15:00,9046.894089,9096.894089,50,8996.894089,50,2019-07-05 07:30:00,8996.894089,TAKE_PROFIT,50.0,WIN,9064.088604,9050.332992,9057.210798
2019-07-08,SHORT,2019-07-08 01:00:00,8966.366444,9016.366444,50,8916.366444,50,2019-07-08 08:00:00,8960.348363,TIME_EXIT,6.018081000000166,WIN,9006.486979,8970.665073,8988.576025999999
2019-07-09,SHORT,2019-07-09 02:30:00,8882.973046,8932.973046,50,8832.973046,50,2019-07-09 08:00:00,8907.045367,TIME_EXIT,-24.072321000001466,LOSS,8947.739052,8885.552223,8916.645637500002
2019-07-10,SHORT,2019-07-10 01:00:00,8979.548905,9029.548905,50,8929.548905,50,2019-07-10 07:30:00,9029.548905,STOP_LOSS,-50.0,LOSS,9020.529166,8988.146163,9004.337664499999
2019-07-15,LONG,2019-07-15 01:45:00,9138.025019,9088.025019,50,9188.025019,50,2019-07-15 08:00:00,9148.628303,TIME_EXIT,10.603283999998894,WIN,9134.299541,9103.062838,9118.6811895
2019-07-17,LONG,2019-07-17 01:15:00,9113.666123,9063.666123,50,9163.666123,50,2019-07-17 08:00:00,9104.78229,TIME_EXIT,-8.883833000001687,LOSS,9112.519822,9089.593802,9101.056811999999
2019-07-22,LONG,2019-07-22 01:00:00,9006.486979,8956.486979,50,9056.486979,50,2019-07-22 08:00:00,9025.11437,TIME_EXIT,18.62739099999999,WIN,9003.334651,8978.68918,8991.0119155
2019-07-23,LONG,2019-07-23 03:30:00,9107.934618,9057.934618,50,9157.934618,50,2019-07-23 08:00:00,9120.830504,TIME_EXIT,12.895886000000246,WIN,9105.642016,9080.136818,9092.889417
2019-07-24,SHORT,2019-07-24 02:30:00,9101.343387,9151.343387,50,9051.343387,50,2019-07-24 08:00:00,9102.776263,TIME_EXIT,-1.4328759999989416,LOSS,9137.738444,9106.215166,9121.976805
2019-07-30,SHORT,2019-07-30 01:30:00,9177.858979,9227.858979,50,9127.858979,50,2019-07-30 05:15:00,9127.858979,TAKE_PROFIT,50.0,WIN,9193.334042,9179.00528,9186.169661
2019-08-01,LONG,2019-08-01 04:00:00,9042.308885,8992.308885,50,9092.308885,50,2019-08-01 08:00:00,9011.931909,TIME_EXIT,-30.37697599999956,LOSS,9029.412999,8975.823427,9002.618213
2019-08-02,SHORT,2019-08-02 02:45:00,8887.271675,8937.271675,50,8837.271675,50,2019-08-02 08:00:00,8937.271675,STOP_LOSS,-50.0,LOSS,8946.879327,8895.295782,8921.0875545
2019-08-05,SHORT,2019-08-05 03:00:00,8676.065715,8726.065715,50,8626.065715,50,2019-08-05 08:00:00,8650.560517,TIME_EXIT,25.505198000000746,WIN,8832.822377,8680.364344,8756.5933605
2019-08-06,LONG,2019-08-06 03:15:00,8564.874518,8514.874518,50,8614.874518,50,2019-08-06 08:00:00,8580.063006,TIME_EXIT,15.18848799999978,WIN,8545.3874,8281.451595,8413.4194975
2019-08-07,LONG,2019-08-07 02:45:00,8637.378056,8587.378056,50,8687.378056,50,2019-08-07 07:00:00,8587.378056,STOP_LOSS,-50.0,LOSS,8614.165461,8541.088772,8577.6271165
2019-08-13,SHORT,2019-08-13 01:15:00,8657.724899,8707.724899,50,8607.724899,50,2019-08-13 08:00:00,8655.432297,TIME_EXIT,2.2926020000013523,WIN,8705.29639,8675.77914,8690.537765000001
2019-08-14,SHORT,2019-08-14 02:15:00,8852.022919,8902.022919,50,8802.022919,50,2019-08-14 05:00:00,8802.022919,TAKE_PROFIT,50.0,WIN,8903.893039,8853.16922,8878.5311295
2019-08-15,LONG,2019-08-15 01:30:00,8650.273942,8600.273942,50,8700.273942,50,2019-08-15 04:00:00,8600.273942,STOP_LOSS,-50.0,LOSS,8635.94518,8561.435615,8598.6903975
2019-08-16,LONG,2019-08-16 01:15:00,8662.310103,8612.310103,50,8712.310103,50,2019-08-16 04:15:00,8712.310103,TAKE_PROFIT,50.0,WIN,8660.017501,8600.123273,8630.070387
2019-08-19,LONG,2019-08-19 01:00:00,8792.415267,8742.415267,50,8842.415267,50,2019-08-19 06:30:00,8842.415267,TAKE_PROFIT,50.0,WIN,8783.818009,8753.441032,8768.6295205
2019-08-20,LONG,2019-08-20 01:00:00,8880.107293,8830.107293,50,8930.107293,50,2019-08-20 08:00:00,8840.846484,TIME_EXIT,-39.260808999999426,LOSS,8874.948939,8827.090872,8851.019905500001
2019-08-21,LONG,2019-08-21 02:00:00,8838.553882,8788.553882,50,8888.553882,50,2019-08-21 08:00:00,8878.960992,TIME_EXIT,40.4071100000001,WIN,8825.37142,8785.250885,8805.311152499999
2019-08-23,LONG,2019-08-23 01:00:00,8895.868932,8845.868932,50,8945.868932,50,2019-08-23 07:00:00,8845.868932,STOP_LOSS,-50.0,LOSS,8886.125374,8829.670049,8857.8977115
2019-08-26,LONG,2019-08-26 01:45:00,8614.738611,8564.738611,50,8664.738611,50,2019-08-26 02:00:00,8664.738611,TAKE_PROFIT,50.0,WIN,8568.313421,8471.450986,8519.882203500001
2019-08-29,LONG,2019-08-29 02:00:00,8762.03829,8712.03829,50,8812.03829,50,2019-08-29 04:00:00,8812.03829,TAKE_PROFIT,50.0,WIN,8697.845434,8652.853119,8675.349276500001
2019-08-30,LONG,2019-08-30 02:45:00,8867.784558,8817.784558,50,8917.784558,50,2019-08-30 08:00:00,8886.985099,TIME_EXIT,19.200541000000158,WIN,8864.63223,8816.487588,8840.559909
2019-09-02,LONG,2019-09-02 02:00:00,8772.641574,8722.641574,50,8822.641574,50,2019-09-02 08:00:00,8786.397186,TIME_EXIT,13.755612000000838,WIN,8770.635548,8730.515012,8750.575280000001
2019-09-04,LONG,2019-09-04 01:00:00,8833.395527,8783.395527,50,8883.395527,50,2019-09-04 08:00:00,8819.35334,TIME_EXIT,-14.042187000000922,LOSS,8805.884303,8721.63118,8763.757741500001
2019-09-10,SHORT,2019-09-10 01:15:00,8956.622885,9006.622885,50,8906.622885,50,2019-09-10 08:00:00,8937.422343,TIME_EXIT,19.200542000000496,WIN,9007.346705,8964.073842,8985.7102735
2019-09-16,LONG,2019-09-16 02:00:00,8994.06619,8944.06619,50,9044.06619,50,2019-09-16 08:00:00,8987.777633,TIME_EXIT,-6.288556999999855,LOSS,8990.438765,8913.923173,8952.180969000001
2019-09-20,LONG,2019-09-20 02:45:00,9077.246653,9027.246653,50,9127.246653,50,2019-09-20 08:00:00,9086.107802,TIME_EXIT,8.861149000000296,WIN,9076.389123,9047.804771,9062.096947
2019-09-23,SHORT,2019-09-23 02:15:00,8987.777633,9037.777633,50,8937.777633,50,2019-09-23 03:15:00,8937.777633,TAKE_PROFIT,50.0,WIN,9020.07795,8988.635164,9004.356557
2019-09-24,SHORT,2019-09-24 01:15:00,8997.210469,9047.210469,50,8947.210469,50,2019-09-24 08:00:00,9005.785775,TIME_EXIT,-8.575306000000637,LOSS,9038.086092,8998.068,9018.077045999999
2019-09-25,SHORT,2019-09-25 02:30:00,8825.132673,8875.132673,50,8775.132673,50,2019-09-25 08:00:00,8838.567318,TIME_EXIT,-13.434644999999364,LOSS,8871.725166,8830.277857,8851.001511499999
2019-09-26,LONG,2019-09-26 02:45:00,8942.042671,8892.042671,50,8992.042671,50,2019-09-26 08:00:00,8928.322182,TIME_EXIT,-13.720488999999361,LOSS,8941.18514,8912.600789,8926.892964499999
2019-09-27,LONG,2019-09-27 01:00:00,8908.027293,8858.027293,50,8958.027293,50,2019-09-27 08:00:00,8925.463747,TIME_EXIT,17.436454000000595,WIN,8906.883918,8865.150765,8886.017341499999
2019-10-02,SHORT,2019-10-02 01:15:00,8800.264287,8850.264287,50,8750.264287,50,2019-10-02 03:30:00,8750.264287,TAKE_PROFIT,50.0,WIN,8838.853162,8805.695314,8822.274238
2019-10-03,LONG,2019-10-03 01:45:00,8666.203679,8616.203679,50,8716.203679,50,2019-10-03 08:00:00,8653.912408,TIME_EXIT,-12.291271000000052,LOSS,8664.488618,8627.614805,8646.0517115
2019-10-08,SHORT,2019-10-08 02:45:00,8842.569128,8892.569128,50,8792.569128,50,2019-10-08 05:15:00,8792.569128,TAKE_PROFIT,50.0,WIN,8899.737831,8849.143528,8874.4406795
2019-10-09,LONG,2019-10-09 02:15:00,8748.240768,8698.240768,50,8798.240768,50,2019-10-09 04:00:00,8798.240768,TAKE_PROFIT,50.0,WIN,8746.239863,8694.788031,8720.513947
2019-10-11,LONG,2019-10-11 03:00:00,8940.32761,8890.32761,50,8990.32761,50,2019-10-11 08:00:00,8959.764969,TIME_EXIT,19.43735899999956,WIN,8928.322182,8880.586315,8904.4542485
2019-10-14,SHORT,2019-10-14 02:00:00,8978.630641,9028.630641,50,8928.630641,50,2019-10-14 04:30:00,8928.630641,TAKE_PROFIT,50.0,WIN,9026.652351,8982.060763,9004.356557
2019-10-15,LONG,2019-10-15 01:00:00,9021.793011,8971.793011,50,9071.793011,50,2019-10-15 08:00:00,9010.359271,TIME_EXIT,-11.433740000000398,LOSS,9012.360175,8988.635164,9000.4976695
2019-10-17,LONG,2019-10-17 03:00:00,9101.257508,9051.257508,50,9151.257508,50,2019-10-17 08:00:00,9123.267459,TIME_EXIT,22.009951,WIN,9093.539734,9070.100565,9081.8201495
2019-10-18,SHORT,2019-10-18 01:00:00,9064.383695,9114.383695,50,9014.383695,50,2019-10-18 08:00:00,9089.252081,TIME_EXIT,-24.8683860000001,LOSS,9094.968951,9068.099661,9081.534306000001
2019-10-22,SHORT,2019-10-22 03:00:00,9082.105993,9132.105993,50,9032.105993,50,2019-10-22 08:00:00,9117.550589,TIME_EXIT,-35.444596000001184,LOSS,9123.267459,9083.249367,9103.258413
2019-10-23,LONG,2019-10-23 03:00:00,8985.205041,8935.205041,50,9035.205041,50,2019-10-23 08:00:00,8991.493599,TIME_EXIT,6.288558000000194,WIN,8982.060763,8930.037243,8956.049003
2019-10-25,LONG,2019-10-25 01:45:00,9079.533401,9029.533401,50,9129.533401,50,2019-10-25 08:00:00,9066.3846,TIME_EXIT,-13.148801000001185,LOSS,9076.674966,9053.807485,9065.2412255
2019-10-29,SHORT,2019-10-29 03:00:00,9260.75819,9310.75819,50,9210.75819,50,2019-10-29 08:00:00,9262.187407,TIME_EXIT,-1.429216999998971,LOSS,9282.76814,9265.617529,9274.1928345
2019-11-04,LONG,2019-11-04 02:00:00,9369.950412,9319.950412,50,9419.950412,50,2019-11-04 08:00:00,9396.819703,TIME_EXIT,26.869290999999066,WIN,9369.092882,9345.082027,9357.0874545
2019-11-07,LONG,2019-11-07 01:00:00,9385.957649,9335.957649,50,9435.957649,50,2019-11-07 01:15:00,9435.957649,TAKE_PROFIT,50.0,WIN,9385.671806,9364.233542,9374.952674
2019-11-11,SHORT,2019-11-11 01:00:00,9405.395008,9455.395008,50,9355.395008,50,2019-11-11 08:00:00,9402.250729,TIME_EXIT,3.144279000000097,WIN,9436.551951,9410.254348,9423.4031495
2019-11-13,SHORT,2019-11-13 03:00:00,9419.40134,9469.40134,50,9369.40134,50,2019-11-13 08:00:00,9428.834176,TIME_EXIT,-9.432835999999952,LOSS,9450.844127,9423.688993,9437.26656
2019-11-18,LONG,2019-11-18 01:15:00,9541.456521,9491.456521,50,9591.456521,50,2019-11-18 08:00:00,9506.869456,TIME_EXIT,-34.58706499999971,LOSS,9514.873074,9497.43662,9506.154847
2019-11-19,LONG,2019-11-19 02:15:00,9555.748697,9505.748697,50,9605.748697,50,2019-11-19 08:00:00,9566.039063,TIME_EXIT,10.290365999999267,WIN,9547.173391,9509.727891,9528.450641
2019-11-20,SHORT,2019-11-20 03:00:00,9482.286914,9532.286914,50,9432.286914,50,2019-11-20 08:00:00,9506.583612,TIME_EXIT,-24.296698000000106,LOSS,9528.021876,9489.147158,9508.584517
2019-11-22,LONG,2019-11-22 02:15:00,9498.579994,9448.579994,50,9548.579994,50,2019-11-22 08:00:00,9481.14354,TIME_EXIT,-17.436454000000595,LOSS,9490.004688,9451.12997,9470.567329000001
2019-11-26,SHORT,2019-11-26 03:00:00,9567.754124,9617.754124,50,9517.754124,50,2019-11-26 08:00:00,9582.332144,TIME_EXIT,-14.578020000000834,LOSS,9629.496324,9573.470995,9601.4836595
2019-11-27,LONG,2019-11-27 01:00:00,9622.636079,9572.636079,50,9672.636079,50,2019-11-27 08:00:00,9621.778549,TIME_EXIT,-0.8575299999993149,LOSS,9621.206862,9601.197816,9611.202339
2019-11-28,LONG,2019-11-28 01:00:00,9642.645125,9592.645125,50,9692.645125,50,2019-11-28 08:00:00,9644.360186,TIME_EXIT,1.7150610000007873,WIN,9642.073438,9620.063488,9631.068463
2019-12-05,LONG,2019-12-05 01:00:00,9502.867647,9452.867647,50,9552.867647,50,2019-12-05 08:00:00,9515.444761,TIME_EXIT,12.57711400000153,WIN,9501.152586,9473.139921,9487.1462535
2019-12-06,LONG,2019-12-06 01:00:00,9531.737842,9481.737842,50,9581.737842,50,2019-12-06 07:45:00,9581.737842,TAKE_PROFIT,50.0,WIN,9523.44838,9506.869456,9515.158918000001
2019-12-10,SHORT,2019-12-10 02:30:00,9545.172487,9595.172487,50,9495.172487,50,2019-12-10 05:15:00,9495.172487,TAKE_PROFIT,50.0,WIN,9570.326716,9547.459235,9558.892975499999
2019-12-16,LONG,2019-12-16 02:00:00,9749.457659,9699.457659,50,9799.457659,50,2019-12-16 08:00:00,9777.389801,TIME_EXIT,27.932141999999658,WIN,9747.747528,9730.931239,9739.339383499999
2019-12-20,SHORT,2019-12-20 01:15:00,9881.707801,9931.707801,50,9831.707801,50,2019-12-20 08:00:00,9913.915271,TIME_EXIT,-32.207469999999375,LOSS,9897.669025,9883.702954,9890.6859895
2019-12-23,SHORT,2019-12-23 01:00:00,9935.576932,9985.576932,50,9885.576932,50,2019-12-23 08:00:00,9955.243441,TIME_EXIT,-19.666509000000588,LOSS,9945.837719,9938.712173,9942.274946
2019-12-24,LONG,2019-12-24 03:15:00,9953.248288,9903.248288,50,10003.248288,50,2019-12-24 08:00:00,9953.248288,TIME_EXIT,0.0,LOSS,9952.1082,9939.282217,9945.695208500001
2019-12-26,LONG,2019-12-26 01:00:00,9965.789249,9915.789249,50,10015.789249,50,2019-12-26 08:00:00,9969.779555,TIME_EXIT,3.9903059999996913,WIN,9964.079118,9952.1082,9958.093659
2019-12-30,SHORT,2019-12-30 03:45:00,10024.21873,10074.21873,50,9974.21873,50,2019-12-30 08:00:00,10024.788774,TIME_EXIT,-0.5700440000000526,LOSS,10043.885238,10025.358818,10034.622028000002
2020-01-02,LONG,2020-01-02 01:15:00,10026.498905,9976.498905,50,10076.498905,50,2020-01-02 08:00:00,10056.996244,TIME_EXIT,30.497338999999556,WIN,10023.648686,10001.416981,10012.532833500001
2020-01-03,SHORT,2020-01-03 01:45:00,10024.788774,10074.788774,50,9974.788774,50,2020-01-03 04:45:00,9974.788774,TAKE_PROFIT,50.0,WIN,10154.188697,10035.904626,10095.0466615
2020-01-06,SHORT,2020-01-06 02:15:00,9986.025801,10036.025801,50,9936.025801,50,2020-01-06 08:00:00,9980.040342,TIME_EXIT,5.985458999999537,WIN,10027.068949,9987.165889,10007.117419
2020-01-08,LONG,2020-01-08 02:45:00,10069.537205,10019.537205,50,10119.537205,50,2020-01-08 05:15:00,10119.537205,TAKE_PROFIT,50.0,WIN,10068.112096,9893.678719,9980.8954075
2020-01-09,LONG,2020-01-09 01:00:00,10230.859577,10180.859577,50,10280.859577,50,2020-01-09 08:00:00,10253.946347,TIME_EXIT,23.086769999999888,WIN,10222.593943,10183.83097,10203.212456500001
2020-01-10,LONG,2020-01-10 04:00:00,10312.090806,10262.090806,50,10362.090806,50,2020-01-10 08:00:00,10304.110194,TIME_EXIT,-7.9806119999993825,LOSS,10307.815478,10278.743249,10293.2793635
2020-01-13,LONG,2020-01-13 02:30:00,10282.733555,10232.733555,50,10332.733555,50,2020-01-13 08:00:00,10274.752943,TIME_EXIT,-7.9806120000012015,LOSS,10280.168358,10243.970582,10262.06947
2020-01-14,SHORT,2020-01-14 01:15:00,10349.998713,10399.998713,50,10299.998713,50,2020-01-14 08:00:00,10355.129107,TIME_EXIT,-5.1303939999997965,LOSS,10391.611904,10351.138801,10371.3753525
2020-01-16,LONG,2020-01-16 02:00:00,10360.829544,10310.829544,50,10410.829544,50,2020-01-16 08:00:00,10370.235265,TIME_EXIT,9.405720999999176,WIN,10355.129107,10333.467446,10344.298276500002
2020-01-17,LONG,2020-01-17 02:15:00,10430.944921,10380.944921,50,10480.944921,50,2020-01-17 08:00:00,10458.592041,TIME_EXIT,27.64711999999963,WIN,10430.374877,10413.843609,10422.109242999999
2020-01-20,SHORT,2020-01-20 01:00:00,10460.587194,10510.587194,50,10410.587194,50,2020-01-20 08:00:00,10450.611429,TIME_EXIT,9.975764999999228,WIN,10473.983221,10461.44226,10467.7127405
2020-01-24,LONG,2020-01-24 02:00:00,10571.175675,10521.175675,50,10621.175675,50,2020-01-24 08:00:00,10576.021046,TIME_EXIT,4.845370999999432,WIN,10569.750565,10549.799035,10559.7748
2020-01-30,SHORT,2020-01-30 01:00:00,10283.018577,10333.018577,50,10233.018577,50,2020-01-30 03:15:00,10333.018577,STOP_LOSS,-50.0,LOSS,10405.862997,10309.810631,10357.836814
2020-01-31,SHORT,2020-01-31 01:30:00,10485.099074,10535.099074,50,10435.099074,50,2020-01-31 04:15:00,10435.099074,TAKE_PROFIT,50.0,WIN,10544.38362,10492.794664,10518.589142
2020-02-04,LONG,2020-02-04 02:00:00,10495.074839,10445.074839,50,10545.074839,50,2020-02-04 06:30:00,10545.074839,TAKE_PROFIT,50.0,WIN,10473.413178,10359.974478,10416.693828
2020-02-05,LONG,2020-02-05 02:15:00,10672.643456,10622.643456,50,10722.643456,50,2020-02-05 02:30:00,10722.643456,TAKE_PROFIT,50.0,WIN,10664.377822,10623.904718,10644.14127
2020-02-07,SHORT,2020-02-07 03:45:00,10739.908614,10789.908614,50,10689.908614,50,2020-02-07 08:00:00,10732.783068,TIME_EXIT,7.125545999999304,WIN,10796.627964,10743.613899,10770.1209315
2020-02-12,LONG,2020-02-12 02:15:00,10914.912035,10864.912035,50,10964.912035,50,2020-02-12 08:00:00,10925.457844,TIME_EXIT,10.5458090000011,WIN,10904.651248,10857.907663,10881.2794555
2020-02-13,SHORT,2020-02-13 01:45:00,10904.93627,10954.93627,50,10854.93627,50,2020-02-13 04:00:00,10854.93627,TAKE_PROFIT,50.0,WIN,10943.699243,10909.49662,10926.5979315
2020-02-18,SHORT,2020-02-18 01:00:00,10895.530549,10945.530549,50,10845.530549,50,2020-02-18 08:00:00,10931.158281,TIME_EXIT,-35.62773200000083,LOSS,10948.544614,10904.651248,10926.597931
2020-02-24,SHORT,2020-02-24 02:00:00,10515.311391,10565.311391,50,10465.311391,50,2020-02-24 02:30:00,10465.311391,TAKE_PROFIT,50.0,WIN,10629.890177,10549.228992,10589.559584499999
2020-02-26,SHORT,2020-02-26 02:30:00,10072.957468,10122.957468,50,10022.957468,50,2020-02-26 02:45:00,10022.957468,TAKE_PROFIT,50.0,WIN,10201.787347,10078.657905,10140.222625999999
2020-03-02,LONG,2020-03-02 01:45:00,9828.408714,9778.408714,50,9878.408714,50,2020-03-02 02:30:00,9878.408714,TAKE_PROFIT,50.0,WIN,9761.998621,9481.252091,9621.625356
2020-03-03,LONG,2020-03-03 03:30:00,10138.512495,10088.512495,50,10188.512495,50,2020-03-03 05:00:00,10088.512495,STOP_LOSS,-50.0,LOSS,10137.372408,9982.035495,10059.7039515
2020-03-04,LONG,2020-03-04 01:00:00,9953.818331,9903.818331,50,10003.818331,50,2020-03-04 02:00:00,9903.818331,STOP_LOSS,-50.0,LOSS,9938.997195,9755.443118,9847.2201565
2020-03-05,SHORT,2020-03-05 02:15:00,10033.909473,10083.909473,50,9983.909473,50,2020-03-05 03:00:00,9983.909473,TAKE_PROFIT,50.0,WIN,10132.527036,10051.295807,10091.9114215
2020-03-06,SHORT,2020-03-06 03:30:00,9694.733463,9744.733463,50,9644.733463,50,2020-03-06 04:00:00,9644.733463,TAKE_PROFIT,50.0,WIN,9948.97296,9713.829927,9831.401443499999
2020-03-10,LONG,2020-03-10 01:00:00,9411.136714,9361.136714,50,9461.136714,50,2020-03-10 02:00:00,9361.136714,STOP_LOSS,-50.0,LOSS,9367.813392,9133.525425,9250.6694085
2020-03-13,LONG,2020-03-13 01:00:00,8326.628547,8276.628547,50,8376.628547,50,2020-03-13 01:15:00,8376.628547,TAKE_PROFIT,50.0,WIN,8294.421077,7915.056984,8104.739030500001
2020-03-20,LONG,2020-03-20 01:15:00,8417.841492,8367.841492,50,8467.841492,50,2020-03-20 01:45:00,8467.841492,TAKE_PROFIT,50.0,WIN,8409.56885,8131.436908,8270.502879
2020-03-23,LONG,2020-03-23 02:00:00,7789.6912,7739.6912,50,7839.6912,50,2020-03-23 02:30:00,7739.6912,STOP_LOSS,-50.0,LOSS,7768.296435,7563.762485,7666.02946
2020-03-24,LONG,2020-03-24 01:00:00,8289.472904,8239.472904,50,8339.472904,50,2020-03-24 01:15:00,8339.472904,TAKE_PROFIT,50.0,WIN,8286.049741,8027.31572,8156.682730500001
2020-03-25,LONG,2020-03-25 02:30:00,8688.271318,8638.271318,50,8738.271318,50,2020-03-25 03:15:00,8738.271318,TAKE_PROFIT,50.0,WIN,8657.177593,8417.556229,8537.366911000001
2020-03-26,SHORT,2020-03-26 02:30:00,8392.738301,8442.738301,50,8342.738301,50,2020-03-26 05:30:00,8442.738301,STOP_LOSS,-50.0,LOSS,8614.388064,8393.594092,8503.991078
2020-03-27,SHORT,2020-03-27 04:00:00,8784.975655,8834.975655,50,8734.975655,50,2020-03-27 05:00:00,8734.975655,TAKE_PROFIT,50.0,WIN,9006.625417,8793.53356,8900.0794885
2020-04-01,SHORT,2020-04-01 01:00:00,8614.1028,8664.1028,50,8564.1028,50,2020-04-01 01:45:00,8664.1028,STOP_LOSS,-50.0,LOSS,8837.17888,8744.468233,8790.8235565
2020-04-02,LONG,2020-04-02 02:00:00,8630.648085,8580.648085,50,8680.648085,50,2020-04-02 04:45:00,8580.648085,STOP_LOSS,-50.0,LOSS,8613.24701,8511.978457,8562.612733499998
2020-04-03,SHORT,2020-04-03 03:30:00,8587.573292,8637.573292,50,8537.573292,50,2020-04-03 06:30:00,8637.573292,STOP_LOSS,-50.0,LOSS,8717.082935,8588.99961,8653.0412725
2020-04-06,LONG,2020-04-06 01:00:00,8937.876906,8887.876906,50,8987.876906,50,2020-04-06 07:00:00,8887.876906,STOP_LOSS,-50.0,LOSS,8919.049513,8699.967123,8809.508318
2020-04-07,LONG,2020-04-07 01:00:00,9242.823619,9192.823619,50,9292.823619,50,2020-04-07 01:45:00,9292.823619,TAKE_PROFIT,50.0,WIN,9238.82993,9069.09813,9153.96403
2020-04-15,SHORT,2020-04-15 02:15:00,9841.877031,9891.877031,50,9791.877031,50,2020-04-15 03:45:00,9791.877031,TAKE_PROFIT,50.0,WIN,9922.321347,9851.861255,9887.091301
2020-04-16,LONG,2020-04-16 01:00:00,9831.037017,9781.037017,50,9881.037017,50,2020-04-16 01:30:00,9881.037017,TAKE_PROFIT,50.0,WIN,9777.692737,9699.53053,9738.6116335
2020-04-22,LONG,2020-04-22 01:00:00,9692.969469,9642.969469,50,9742.969469,50,2020-04-22 03:30:00,9742.969469,TAKE_PROFIT,50.0,WIN,9688.119989,9584.854591,9636.487290000001
2020-04-24,LONG,2020-04-24 01:45:00,9773.984311,9723.984311,50,9823.984311,50,2020-04-24 04:15:00,9823.984311,TAKE_PROFIT,50.0,WIN,9773.699048,9696.963158,9735.331103
2020-04-28,LONG,2020-04-28 02:30:00,10104.034215,10054.034215,50,10154.034215,50,2020-04-28 04:15:00,10154.034215,TAKE_PROFIT,50.0,WIN,10095.476309,10015.031994,10055.254151500001
2020-05-01,SHORT,2020-05-01 01:15:00,10013.035149,10063.035149,50,9963.035149,50,2020-05-01 02:30:00,9963.035149,TAKE_PROFIT,50.0,WIN,10111.451067,10026.442535,10068.946801
2020-05-04,LONG,2020-05-04 01:30:00,9904.349744,9854.349744,50,9954.349744,50,2020-05-04 04:00:00,9854.349744,STOP_LOSS,-50.0,LOSS,9892.939203,9763.144297,9828.04175
2020-05-06,LONG,2020-05-06 01:00:00,10236.96702,10186.96702,50,10286.96702,50,2020-05-06 08:00:00,10257.791257,TIME_EXIT,20.82423700000072,WIN,10229.550168,10129.993196,10179.771681999999
2020-05-07,LONG,2020-05-07 01:00:00,10309.138693,10259.138693,50,10359.138693,50,2020-05-07 02:15:00,10359.138693,TAKE_PROFIT,50.0,WIN,10304.574476,10196.174335,10250.374405499999
2020-05-08,LONG,2020-05-08 01:00:00,10523.656867,10473.656867,50,10573.656867,50,2020-05-08 02:30:00,10473.656867,STOP_LOSS,-50.0,LOSS,10516.240015,10400.423022,10458.3315185
2020-05-11,SHORT,2020-05-11 04:00:00,10493.98946,10543.98946,50,10443.98946,50,2020-05-11 06:45:00,10443.98946,TAKE_PROFIT,50.0,WIN,10594.687486,10512.531589,10553.6095375
2020-05-13,LONG,2020-05-13 01:00:00,10407.55461,10357.55461,50,10457.55461,50,2020-05-13 02:30:00,10357.55461,STOP_LOSS,-50.0,LOSS,10390.438799,10266.634427,10328.536613
2020-05-15,LONG,2020-05-15 02:00:00,10409.551455,10359.551455,50,10459.551455,50,2020-05-15 05:30:00,10359.551455,STOP_LOSS,-50.0,LOSS,10406.69882,10329.10714,10367.902979999999
2020-05-18,LONG,2020-05-18 02:30:00,10518.23686,10468.23686,50,10568.23686,50,2020-05-18 06:45:00,10568.23686,TAKE_PROFIT,50.0,WIN,10513.672643,10446.35045,10480.0115465
2020-05-20,LONG,2020-05-20 03:15:00,10711.360269,10661.360269,50,10761.360269,50,2020-05-20 08:00:00,10732.184507,TIME_EXIT,20.82423799999924,WIN,10687.96866,10616.08225,10652.025454999999
2020-05-21,SHORT,2020-05-21 03:00:00,10751.582427,10801.582427,50,10701.582427,50,2020-05-21 07:30:00,10801.582427,STOP_LOSS,-50.0,LOSS,10829.174107,10755.576116,10792.375111500001
2020-05-22,SHORT,2020-05-22 01:30:00,10588.982215,10638.982215,50,10538.982215,50,2020-05-22 06:00:00,10638.982215,STOP_LOSS,-50.0,LOSS,10735.037142,10592.405377,10663.721259499998
2020-05-25,LONG,2020-05-25 01:00:00,10806.638288,10756.638288,50,10856.638288,50,2020-05-25 05:45:00,10856.638288,TAKE_PROFIT,50.0,WIN,10800.077227,10744.736102,10772.4066645
2020-05-26,LONG,2020-05-26 01:15:00,10951.552161,10901.552161,50,11001.552161,50,2020-05-26 06:15:00,10901.552161,STOP_LOSS,-50.0,LOSS,10948.414262,10844.578338,10896.496299999999
2020-06-02,LONG,2020-06-02 01:00:00,10949.84058,10899.84058,50,10999.84058,50,2020-06-02 03:30:00,10999.84058,TAKE_PROFIT,50.0,WIN,10941.567938,10901.631043,10921.5994905
2020-06-05,LONG,2020-06-05 01:00:00,11041.124909,10991.124909,50,11091.124909,50,2020-06-05 07:00:00,10991.124909,STOP_LOSS,-50.0,LOSS,11029.999632,10966.671128,10998.33538
2020-06-08,SHORT,2020-06-08 02:00:00,11185.753519,11235.753519,50,11135.753519,50,2020-06-08 08:00:00,11210.286182,TIME_EXIT,-24.532662999999957,LOSS,11268.479942,11212.283027,11240.3814845
2020-06-09,SHORT,2020-06-09 02:45:00,11247.940968,11297.940968,50,11197.940968,50,2020-06-09 03:30:00,11197.940968,TAKE_PROFIT,50.0,WIN,11292.727342,11249.652549,11271.1899455
2020-06-11,SHORT,2020-06-11 01:00:00,11406.832754,11456.832754,50,11356.832754,50,2020-06-11 02:00:00,11356.832754,TAKE_PROFIT,50.0,WIN,11519.511848,11411.967498,11465.739673
2020-06-12,LONG,2020-06-12 03:15:00,11128.415549,11078.415549,50,11178.415549,50,2020-06-12 08:00:00,11157.512429,TIME_EXIT,29.096880000000965,WIN,11114.7229,10957.542695,11036.1327975
2020-06-15,SHORT,2020-06-15 01:00:00,10743.401199,10793.401199,50,10693.401199,50,2020-06-15 03:00:00,10793.401199,STOP_LOSS,-50.0,LOSS,10952.122688,10865.402575,10908.7626315
2020-06-17,LONG,2020-06-17 02:15:00,11444.964437,11394.964437,50,11494.964437,50,2020-06-17 04:45:00,11394.964437,STOP_LOSS,-50.0,LOSS,11413.256978,11329.275059,11371.266018499999
2020-06-18,LONG,2020-06-18 03:30:00,11447.535312,11397.535312,50,11497.535312,50,2020-06-18 05:00:00,11397.535312,STOP_LOSS,-50.0,LOSS,11420.398297,11273.572766,11346.985531499999
2020-06-19,LONG,2020-06-19 01:00:00,11467.816659,11417.816659,50,11517.816659,50,2020-06-19 07:00:00,11517.816659,TAKE_PROFIT,50.0,WIN,11457.247506,11405.2587,11431.253103
2020-06-22,LONG,2020-06-22 02:15:00,11432.110061,11382.110061,50,11482.110061,50,2020-06-22 08:00:00,11425.540047,TIME_EXIT,-6.5700139999989915,LOSS,11423.540478,11283.570614,11353.555546
2020-06-23,LONG,2020-06-23 02:15:00,11622.354815,11572.354815,50,11672.354815,50,2020-06-23 08:00:00,11641.779205,TIME_EXIT,19.42439000000013,WIN,11606.929565,11394.403894,11500.6667295
2020-06-24,SHORT,2020-06-24 02:30:00,11606.072607,11656.072607,50,11556.072607,50,2020-06-24 04:15:00,11556.072607,TAKE_PROFIT,50.0,WIN,11702.623248,11614.927843,11658.7755455
2020-06-26,SHORT,2020-06-26 02:00:00,11486.38409,11536.38409,50,11436.38409,50,2020-06-26 04:30:00,11536.38409,STOP_LOSS,-50.0,LOSS,11563.795995,11510.664577,11537.230286
2020-07-02,LONG,2020-07-02 01:00:00,11780.320805,11730.320805,50,11830.320805,50,2020-07-02 07:30:00,11830.320805,TAKE_PROFIT,50.0,WIN,11768.037735,11714.906317,11741.472026
2020-07-03,LONG,2020-07-03 01:00:00,11861.160543,11811.160543,50,11911.160543,50,2020-07-03 08:00:00,11825.168292,TIME_EXIT,-35.99225099999967,LOSS,11851.162695,11814.599139,11832.880917
2020-07-07,SHORT,2020-07-07 01:00:00,12081.398839,12131.398839,50,12031.398839,50,2020-07-07 08:00:00,12084.255367,TIME_EXIT,-2.856528000000253,LOSS,12185.376452,12095.681478,12140.528965000001
2020-07-10,SHORT,2020-07-10 01:00:00,12193.089077,12243.089077,50,12143.089077,50,2020-07-10 06:00:00,12243.089077,STOP_LOSS,-50.0,LOSS,12292.781899,12201.087355,12246.934626999999
2020-07-16,SHORT,2020-07-16 03:00:00,12079.684922,12129.684922,50,12029.684922,50,2020-07-16 03:30:00,12029.684922,TAKE_PROFIT,50.0,WIN,12173.664688,12083.684061,12128.6743745
2020-07-17,LONG,2020-07-17 03:15:00,12123.675451,12073.675451,50,12173.675451,50,2020-07-17 08:00:00,12155.097257,TIME_EXIT,31.421806000000288,WIN,12120.53327,12060.831838,12090.682553999999
2020-07-21,LONG,2020-07-21 01:00:00,12616.712156,12566.712156,50,12666.712156,50,2020-07-21 08:00:00,12566.712156,STOP_LOSS,-50.0,LOSS,12592.717322,12495.595375,12544.1563485
2020-07-22,SHORT,2020-07-22 02:30:00,12363.623789,12413.623789,50,12313.623789,50,2020-07-22 05:15:00,12413.623789,STOP_LOSS,-50.0,LOSS,12473.028806,12392.189068,12432.608937
2020-07-23,LONG,2020-07-23 01:00:00,12428.752624,12378.752624,50,12478.752624,50,2020-07-23 01:45:00,12478.752624,TAKE_PROFIT,50.0,WIN,12400.187346,12347.055928,12373.621637
2020-07-24,SHORT,2020-07-24 01:45:00,11913.720655,11963.720655,50,11863.720655,50,2020-07-24 02:30:00,11863.720655,TAKE_PROFIT,50.0,WIN,12108.250201,11940.572016,12024.4111085
2020-07-28,SHORT,2020-07-28 02:45:00,12204.229536,12254.229536,50,12154.229536,50,2020-07-28 04:45:00,12154.229536,TAKE_PROFIT,50.0,WIN,12292.781899,12205.086494,12248.934196499999
2020-07-29,LONG,2020-07-29 02:00:00,12095.395825,12045.395825,50,12145.395825,50,2020-07-29 08:00:00,12115.105867,TIME_EXIT,19.710042000000612,WIN,12088.825811,12011.413907,12050.119859
2020-07-30,SHORT,2020-07-30 01:15:00,12169.094244,12219.094244,50,12119.094244,50,2020-07-30 02:00:00,12119.094244,TAKE_PROFIT,50.0,WIN,12213.370425,12170.80816,12192.0892925
2020-08-05,LONG,2020-08-05 01:30:00,12696.12363,12646.12363,50,12746.12363,50,2020-08-05 08:00:00,12677.556199,TIME_EXIT,-18.567430999999488,LOSS,12686.411435,12632.423059,12659.417247000001
2020-08-11,LONG,2020-08-11 02:30:00,12714.691061,12664.691061,50,12764.691061,50,2020-08-11 06:30:00,12664.691061,STOP_LOSS,-50.0,LOSS,12711.54888,12635.56524,12673.55706
2020-08-12,LONG,2020-08-12 02:00:00,12511.877584,12461.877584,50,12561.877584,50,2020-08-12 08:00:00,12503.593653,TIME_EXIT,-8.283930999999939,LOSS,12510.734973,12429.895235,12470.315104000001
2020-08-17,LONG,2020-08-17 02:15:00,12790.960354,12740.960354,50,12840.960354,50,2020-08-17 08:00:00,12828.095216,TIME_EXIT,37.134861999998975,WIN,12785.818604,12739.2572,12762.537902
2020-08-21,SHORT,2020-08-21 02:15:00,13113.748,13163.748,50,13063.748,50,2020-08-21 06:45:00,13063.748,TAKE_PROFIT,50.0,WIN,13167.450723,13127.744986,13147.5978545
2020-08-24,LONG,2020-08-24 01:00:00,13272.8566,13222.8566,50,13322.8566,50,2020-08-24 03:00:00,13322.8566,TAKE_PROFIT,50.0,WIN,13271.428336,13216.583002,13244.005669
2020-08-26,LONG,2020-08-26 03:30:00,13442.248701,13392.248701,50,13492.248701,50,2020-08-26 08:00:00,13440.249132,TIME_EXIT,-1.9995689999996102,LOSS,13434.821729,13402.257311,13418.539519999998
2020-09-01,LONG,2020-09-01 01:30:00,13925.858864,13875.858864,50,13975.858864,50,2020-09-01 02:30:00,13975.858864,TAKE_PROFIT,50.0,WIN,13910.719266,13822.452556,13866.585911
2020-09-02,LONG,2020-09-02 02:15:00,14191.801606,14141.801606,50,14241.801606,50,2020-09-02 04:45:00,14241.801606,TAKE_PROFIT,50.0,WIN,14188.08812,14078.397451,14133.2427855
2020-09-03,SHORT,2020-09-03 04:00:00,14102.96359,14152.96359,50,14052.96359,50,2020-09-03 04:45:00,14052.96359,TAKE_PROFIT,50.0,WIN,14212.654259,14122.673632,14167.6639455
2020-09-04,LONG,2020-09-04 02:15:00,13409.398631,13359.398631,50,13459.398631,50,2020-09-04 03:30:00,13459.398631,TAKE_PROFIT,50.0,WIN,13379.976394,13234.293474,13307.134934
2020-09-08,SHORT,2020-09-08 03:00:00,13090.324471,13140.324471,50,13040.324471,50,2020-09-08 03:15:00,13040.324471,TAKE_PROFIT,50.0,WIN,13235.721738,13106.035374,13170.878556
2020-09-09,LONG,2020-09-09 02:30:00,12826.381299,12776.381299,50,12876.381299,50,2020-09-09 04:30:00,12876.381299,TAKE_PROFIT,50.0,WIN,12752.968534,12569.293794,12661.131163999999
2020-09-10,SHORT,2020-09-10 02:45:00,12908.934954,12958.934954,50,12858.934954,50,2020-09-10 04:00:00,12958.934954,STOP_LOSS,-50.0,LOSS,13080.612277,12944.070246,13012.3412615
2020-09-11,LONG,2020-09-11 01:00:00,12892.652745,12842.652745,50,12942.652745,50,2020-09-11 02:15:00,12942.652745,TAKE_PROFIT,50.0,WIN,12875.513578,12774.392492,12824.953035
2020-09-14,LONG,2020-09-14 01:00:00,12848.979728,12798.979728,50,12898.979728,50,2020-09-14 04:30:00,12798.979728,STOP_LOSS,-50.0,LOSS,12846.376994,12745.827214,12796.102104000001
2020-09-15,LONG,2020-09-15 01:00:00,12950.213594,12900.213594,50,13000.213594,50,2020-09-15 04:15:00,13000.213594,TAKE_PROFIT,50.0,WIN,12944.208195,12849.265699,12896.736947
2020-09-16,LONG,2020-09-16 03:00:00,13168.409751,13118.409751,50,13218.409751,50,2020-09-16 06:15:00,13118.409751,STOP_LOSS,-50.0,LOSS,13150.679526,13027.139893,13088.9097095
2020-09-17,SHORT,2020-09-17 01:00:00,12657.378908,12707.378908,50,12607.378908,50,2020-09-17 01:15:00,12607.378908,TAKE_PROFIT,50.0,WIN,12908.747745,12657.66488,12783.2063125
2020-09-21,SHORT,2020-09-21 01:15:00,12436.609009,12486.609009,50,12386.609009,50,2020-09-21 02:00:00,12486.609009,STOP_LOSS,-50.0,LOSS,12571.587497,12445.760093,12508.673795
2020-09-23,LONG,2020-09-23 01:00:00,12736.87895,12686.87895,50,12786.87895,50,2020-09-23 03:30:00,12786.87895,TAKE_PROFIT,50.0,WIN,12727.727866,12669.675677,12698.7017715
2020-09-25,SHORT,2020-09-25 01:00:00,12475.501116,12525.501116,50,12425.501116,50,2020-09-25 03:00:00,12425.501116,TAKE_PROFIT,50.0,WIN,12555.859071,12492.659398,12524.259234500001
2020-09-28,LONG,2020-09-28 01:00:00,12815.807049,12765.807049,50,12865.807049,50,2020-09-28 03:00:00,12865.807049,TAKE_PROFIT,50.0,WIN,12801.50848,12743.17032,12772.3394
2020-09-29,SHORT,2020-09-29 01:30:00,13020.27658,13070.27658,50,12970.27658,50,2020-09-29 03:00:00,12970.27658,TAKE_PROFIT,50.0,WIN,13091.769423,13036.290977,13064.030200000001
2020-09-30,SHORT,2020-09-30 01:00:00,12794.645167,12844.645167,50,12744.645167,50,2020-09-30 02:00:00,12844.645167,STOP_LOSS,-50.0,LOSS,13071.179484,12847.549871,12959.3646775
2020-10-01,LONG,2020-10-01 01:00:00,13141.814413,13091.814413,50,13191.814413,50,2020-10-01 04:30:00,13191.814413,TAKE_PROFIT,50.0,WIN,13129.231673,13051.447459,13090.339566
2020-10-02,SHORT,2020-10-02 01:00:00,13001.116498,13051.116498,50,12951.116498,50,2020-10-02 01:15:00,13051.116498,STOP_LOSS,-50.0,LOSS,13262.208361,13100.062593,13181.135477
2020-10-05,SHORT,2020-10-05 02:00:00,12919.614657,12969.614657,50,12869.614657,50,2020-10-05 04:30:00,12969.614657,STOP_LOSS,-50.0,LOSS,13001.116498,12927.907827,12964.5121625
2020-10-07,LONG,2020-10-07 01:00:00,12944.494166,12894.494166,50,12994.494166,50,2020-10-07 06:45:00,12994.494166,TAKE_PROFIT,50.0,WIN,12928.193798,12834.109217,12881.151507499999
2020-10-08,LONG,2020-10-08 01:00:00,13198.436745,13148.436745,50,13248.436745,50,2020-10-08 08:00:00,13232.467338,TIME_EXIT,34.0305929999995,WIN,13178.70472,13124.370159,13151.5374395
2020-10-12,LONG,2020-10-12 01:00:00,13474.399119,13424.399119,50,13524.399119,50,2020-10-12 03:15:00,13524.399119,TAKE_PROFIT,50.0,WIN,13471.253434,13403.76419,13437.508812
2020-10-13,LONG,2020-10-13 03:30:00,13884.482067,13834.482067,50,13934.482067,50,2020-10-13 04:00:00,13934.482067,TAKE_PROFIT,50.0,WIN,13861.890328,13765.803947,13813.8471375
2020-10-15,SHORT,2020-10-15 01:45:00,13546.463905,13596.463905,50,13496.463905,50,2020-10-15 03:15:00,13496.463905,TAKE_PROFIT,50.0,WIN,13700.030532,13568.483701,13634.2571165
2020-10-19,LONG,2020-10-19 02:00:00,13653.131227,13603.131227,50,13703.131227,50,2020-10-19 08:00:00,13623.962147,TIME_EXIT,-29.169079999999667,LOSS,13636.258916,13570.771471,13603.5151935
2020-10-21,SHORT,2020-10-21 02:00:00,13371.735396,13421.735396,50,13321.735396,50,2020-10-21 02:45:00,13321.735396,TAKE_PROFIT,50.0,WIN,13434.93507,13372.879282,13403.907176
2020-10-26,SHORT,2020-10-26 02:00:00,13248.195764,13298.195764,50,13198.195764,50,2020-10-26 08:00:00,13235.898995,TIME_EXIT,12.296769000000495,WIN,13313.397236,13266.783903,13290.0905695
2020-10-29,LONG,2020-10-29 01:00:00,12885.584064,12835.584064,50,12935.584064,50,2020-10-29 02:30:00,12835.584064,STOP_LOSS,-50.0,LOSS,12873.001323,12773.769257,12823.38529
2020-10-30,SHORT,2020-10-30 01:00:00,12645.368111,12695.368111,50,12595.368111,50,2020-10-30 02:30:00,12695.368111,STOP_LOSS,-50.0,LOSS,12854.985127,12762.616373,12808.80075
2020-11-02,LONG,2020-11-02 01:45:00,12690.551588,12640.551588,50,12740.551588,50,2020-11-02 03:00:00,12740.551588,TAKE_PROFIT,50.0,WIN,12682.258418,12564.438212,12623.348315
2020-11-03,LONG,2020-11-03 02:30:00,12738.022835,12688.022835,50,12788.022835,50,2020-11-03 04:30:00,12788.022835,TAKE_PROFIT,50.0,WIN,12726.583981,12658.808765,12692.696372999999
2020-11-05,LONG,2020-11-05 01:15:00,13732.059325,13682.059325,50,13782.059325,50,2020-11-05 02:45:00,13782.059325,TAKE_PROFIT,50.0,WIN,13711.755358,13464.962064,13588.358711
2020-11-06,SHORT,2020-11-06 03:45:00,13618.242719,13668.242719,50,13568.242719,50,2020-11-06 05:00:00,13668.242719,STOP_LOSS,-50.0,LOSS,13820.138508,13625.106032,13722.62227
2020-11-10,SHORT,2020-11-10 04:00:00,13355.149057,13405.149057,50,13305.149057,50,2020-11-10 04:45:00,13305.149057,TAKE_PROFIT,50.0,WIN,13605.088036,13362.01237,13483.550202999999
2020-11-11,LONG,2020-11-11 02:30:00,13411.771389,13361.771389,50,13461.771389,50,2020-11-11 05:00:00,13461.771389,TAKE_PROFIT,50.0,WIN,13381.172452,13245.907993,13313.5402225
2020-11-12,LONG,2020-11-12 03:30:00,13625.106032,13575.106032,50,13675.106032,50,2020-11-12 04:00:00,13675.106032,TAKE_PROFIT,50.0,WIN,13615.097034,13476.400919,13545.7489765
2020-11-13,LONG,2020-11-13 01:00:00,13580.78047,13530.78047,50,13630.78047,50,2020-11-13 02:00:00,13630.78047,TAKE_PROFIT,50.0,WIN,13577.920756,13503.282228,13540.601492
2020-11-16,SHORT,2020-11-16 01:15:00,13738.636667,13788.636667,50,13688.636667,50,2020-11-16 05:45:00,13688.636667,TAKE_PROFIT,50.0,WIN,13795.54497,13740.924438,13768.234704
2020-11-18,LONG,2020-11-18 02:15:00,13723.766156,13673.766156,50,13773.766156,50,2020-11-18 08:00:00,13681.156421,TIME_EXIT,-42.609735,LOSS,13708.03773,13649.69957,13678.86865
2020-11-24,SHORT,2020-11-24 03:15:00,13654.847055,13704.847055,50,13604.847055,50,2020-11-24 08:00:00,13673.149223,TIME_EXIT,-18.302168000000165,LOSS,13702.890245,13656.276912,13679.5835785
2020-11-25,SHORT,2020-11-25 03:15:00,13836.438876,13886.438876,50,13786.438876,50,2020-11-25 08:00:00,13854.741044,TIME_EXIT,-18.302168000000165,LOSS,13924.518059,13845.58996,13885.0540095
2020-11-27,LONG,2020-11-27 02:00:00,13950.541454,13900.541454,50,14000.541454,50,2020-11-27 07:45:00,14000.541454,TAKE_PROFIT,50.0,WIN,13938.530656,13883.05221,13910.791433
2020-12-04,LONG,2020-12-04 02:00:00,14318.300639,14268.300639,50,14368.300639,50,2020-12-04 07:45:00,14268.300639,STOP_LOSS,-50.0,LOSS,14314.011068,14273.689105,14293.850086499999
2020-12-07,SHORT,2020-12-07 02:00:00,14308.005669,14358.005669,50,14258.005669,50,2020-12-07 08:00:00,14336.888778,TIME_EXIT,-28.88310900000033,LOSS,14360.33843,14309.721497,14335.029963500001
2020-12-08,LONG,2020-12-08 02:45:00,14398.372623,14348.372623,50,14448.372623,50,2020-12-08 05:45:00,14348.372623,STOP_LOSS,-50.0,LOSS,14394.369024,14360.624402,14377.496713
2020-12-09,SHORT,2020-12-09 02:45:00,14451.277327,14501.277327,50,14401.277327,50,2020-12-09 08:00:00,14447.273728,TIME_EXIT,4.003598999999667,WIN,14487.881662,14452.135241,14470.0084515
2020-12-11,SHORT,2020-12-11 02:15:00,14110.399451,14160.399451,50,14060.399451,50,2020-12-11 04:45:00,14060.399451,TAKE_PROFIT,50.0,WIN,14200.480433,14136.422846,14168.4516395
2020-12-15,LONG,2020-12-15 01:30:00,14279.678844,14229.678844,50,14329.678844,50,2020-12-15 06:00:00,14329.678844,TAKE_PROFIT,50.0,WIN,14278.550618,14203.626118,14241.088368
2020-12-16,LONG,2020-12-16 02:15:00,14450.60054,14400.60054,50,14500.60054,50,2020-12-16 08:00:00,14420.875028,TIME_EXIT,-29.72551199999907,LOSS,14435.451962,14382.860671,14409.1563165
2020-12-17,LONG,2020-12-17 01:00:00,14542.063655,14492.063655,50,14592.063655,50,2020-12-17 08:00:00,14566.93019,TIME_EXIT,24.866534999999203,WIN,14535.203922,14487.757431,14511.4806765
2020-12-18,LONG,2020-12-18 03:00:00,14590.653435,14540.653435,50,14640.653435,50,2020-12-18 08:00:00,14611.232636,TIME_EXIT,20.579201000000467,WIN,14581.507124,14527.772544,14554.639834
2020-12-21,SHORT,2020-12-21 01:15:00,14538.062144,14588.062144,50,14488.062144,50,2020-12-21 03:30:00,14488.062144,TAKE_PROFIT,50.0,WIN,14606.087836,14551.781611,14578.9347235
2020-12-22,LONG,2020-12-22 03:00:00,14552.9249,14502.9249,50,14602.9249,50,2020-12-22 08:00:00,14562.071212,TIME_EXIT,9.146312000000762,WIN,14551.781611,14460.032674,14505.9071425
2020-12-23,LONG,2020-12-23 01:00:00,14549.495033,14499.495033,50,14599.495033,50,2020-12-23 08:00:00,14544.921878,TIME_EXIT,-4.5731550000000425,LOSS,14546.636811,14439.739295,14493.188053
2020-12-28,LONG,2020-12-28 01:00:00,14619.521481,14569.521481,50,14669.521481,50,2020-12-28 08:00:00,14663.252283,TIME_EXIT,43.73080200000004,WIN,14618.09237,14548.923389,14583.5078795
2020-12-29,LONG,2020-12-29 01:00:00,14733.564553,14683.564553,50,14783.564553,50,2020-12-29 08:00:00,14730.420508,TIME_EXIT,-3.144045000000915,LOSS,14731.563797,14693.54944,14712.5566185
2020-12-30,LONG,2020-12-30 01:15:00,14742.710864,14692.710864,50,14792.710864,50,2020-12-30 08:00:00,14746.426553,TIME_EXIT,3.715688999998747,WIN,14740.710108,14666.110505,14703.4103065
2021-01-04,LONG,2021-01-04 01:00:00,14774.437132,14724.437132,50,14824.437132,50,2021-01-04 08:00:00,14790.443177,TIME_EXIT,16.006045000000086,WIN,14722.703308,14662.966461,14692.8348845
2021-01-06,SHORT,2021-01-06 01:45:00,14374.286004,14424.286004,50,14324.286004,50,2021-01-06 02:15:00,14324.286004,TAKE_PROFIT,50.0,WIN,14684.68895,14379.144982,14531.916966
2021-01-08,LONG,2021-01-08 01:00:00,14839.318779,14789.318779,50,14889.318779,50,2021-01-08 08:00:00,14868.75847,TIME_EXIT,29.439691000001403,WIN,14837.889668,14785.584199,14811.7369335
2021-01-12,LONG,2021-01-12 03:30:00,14802.161889,14752.161889,50,14852.161889,50,2021-01-12 07:30:00,14752.161889,STOP_LOSS,-50.0,LOSS,14799.875311,14732.707086,14766.2911985
2021-01-20,LONG,2021-01-20 01:00:00,14936.498339,14886.498339,50,14986.498339,50,2021-01-20 07:00:00,14986.498339,TAKE_PROFIT,50.0,WIN,14930.21025,14882.192115,14906.2011825
2021-01-22,SHORT,2021-01-22 02:15:00,15238.898263,15288.898263,50,15188.898263,50,2021-01-22 08:00:00,15239.469908,TIME_EXIT,-0.5716449999999895,LOSS,15312.6404,15243.185597,15277.9129985
2021-01-25,LONG,2021-01-25 01:45:00,15407.819204,15357.819204,50,15457.819204,50,2021-01-25 08:00:00,15424.111072,TIME_EXIT,16.29186800000025,WIN,15398.958715,15307.4956,15353.227157500001
2021-01-28,SHORT,2021-01-28 02:30:00,14830.172468,14880.172468,50,14780.172468,50,2021-01-28 02:45:00,14780.172468,TAKE_PROFIT,50.0,WIN,15011.097942,14835.317268,14923.207605
2021-02-01,LONG,2021-02-01 01:15:00,14871.33087,14821.33087,50,14921.33087,50,2021-02-01 03:15:00,14921.33087,TAKE_PROFIT,50.0,WIN,14843.034468,14616.377436,14729.705952
2021-02-03,LONG,2021-02-03 01:45:00,15522.148098,15472.148098,50,15572.148098,50,2021-02-03 03:00:00,15472.148098,STOP_LOSS,-50.0,LOSS,15488.135252,15406.675915,15447.4055835
2021-02-10,LONG,2021-02-10 01:30:00,15737.658063,15687.658063,50,15787.658063,50,2021-02-10 05:45:00,15687.658063,STOP_LOSS,-50.0,LOSS,15721.93784,15639.049392,15680.493616
2021-02-11,LONG,2021-02-11 02:15:00,15643.050903,15593.050903,50,15693.050903,50,2021-02-11 08:00:00,15674.205527,TIME_EXIT,31.154624000000695,WIN,15629.90308,15563.020678,15596.461879
2021-02-12,SHORT,2021-02-12 01:45:00,15664.201749,15714.201749,50,15614.201749,50,2021-02-12 08:00:00,15650.482281,TIME_EXIT,13.719467999999324,WIN,15711.076595,15665.345038,15688.210816499999
2021-02-16,SHORT,2021-02-16 03:15:00,15839.410778,15889.410778,50,15789.410778,50,2021-02-16 08:00:00,15828.549534,TIME_EXIT,10.861243999999715,WIN,15892.287892,15842.840645,15867.5642685
2021-02-17,LONG,2021-02-17 02:45:00,15753.092464,15703.092464,50,15803.092464,50,2021-02-17 03:45:00,15703.092464,STOP_LOSS,-50.0,LOSS,15745.375263,15656.198726,15700.7869945
2021-02-18,SHORT,2021-02-18 02:15:00,15561.591566,15611.591566,50,15511.591566,50,2021-02-18 07:30:00,15511.591566,TAKE_PROFIT,50.0,WIN,15689.639928,15562.163211,15625.9015695
2021-02-19,LONG,2021-02-19 02:45:00,15608.752235,15558.752235,50,15658.752235,50,2021-02-19 06:15:00,15658.752235,TAKE_PROFIT,50.0,WIN,15597.033524,15491.565119,15544.2993215
2021-02-22,SHORT,2021-02-22 01:00:00,15403.531871,15453.531871,50,15353.531871,50,2021-02-22 01:15:00,15353.531871,TAKE_PROFIT,50.0,WIN,15581.884945,15458.981384,15520.4331645
2021-02-23,SHORT,2021-02-23 03:00:00,15027.961454,15077.961454,50,14977.961454,50,2021-02-23 03:15:00,14977.961454,TAKE_PROFIT,50.0,WIN,15246.615464,15085.125901,15165.8706825
2021-02-25,SHORT,2021-02-25 02:00:00,15148.578437,15198.578437,50,15098.578437,50,2021-02-25 03:00:00,15098.578437,TAKE_PROFIT,50.0,WIN,15259.763287,15176.303194,15218.0332405
2021-02-26,LONG,2021-02-26 02:30:00,14750.142242,14700.142242,50,14800.142242,50,2021-02-26 03:00:00,14700.142242,STOP_LOSS,-50.0,LOSS,14710.412952,14476.610364,14593.511658
2021-03-01,LONG,2021-03-01 01:00:00,14972.511941,14922.511941,50,15022.511941,50,2021-03-01 05:45:00,14922.511941,STOP_LOSS,-50.0,LOSS,14960.793229,14860.183803,14910.488516000001
2021-03-02,SHORT,2021-03-02 01:30:00,15088.84159,15138.84159,50,15038.84159,50,2021-03-02 02:30:00,15138.84159,STOP_LOSS,-50.0,LOSS,15235.468397,15099.417013,15167.442705000001
2021-03-03,LONG,2021-03-03 01:00:00,15043.110033,14993.110033,50,15093.110033,50,2021-03-03 06:30:00,14993.110033,STOP_LOSS,-50.0,LOSS,15035.392832,14939.070739,14987.2317855
2021-03-08,SHORT,2021-03-08 01:00:00,14266.816843,14316.816843,50,14216.816843,50,2021-03-08 02:00:00,14216.816843,TAKE_PROFIT,50.0,WIN,14499.761965,14303.973734,14401.867849499999
2021-03-09,LONG,2021-03-09 01:45:00,14275.677333,14225.677333,50,14325.677333,50,2021-03-09 03:00:00,14325.677333,TAKE_PROFIT,50.0,WIN,14262.52951,14092.179458,14177.354484
2021-03-11,LONG,2021-03-11 01:00:00,14742.425042,14692.425042,50,14792.425042,50,2021-03-11 02:30:00,14792.425042,TAKE_PROFIT,50.0,WIN,14698.69424,14547.494278,14623.094259000001
2021-03-12,SHORT,2021-03-12 01:00:00,14783.869266,14833.869266,50,14733.869266,50,2021-03-12 01:30:00,14733.869266,TAKE_PROFIT,50.0,WIN,14971.368652,14858.468869,14914.9187605
2021-03-15,SHORT,2021-03-15 01:15:00,14748.141487,14798.141487,50,14698.141487,50,2021-03-15 03:00:00,14798.141487,STOP_LOSS,-50.0,LOSS,14873.617448,14778.438643,14826.0280455
2021-03-16,LONG,2021-03-16 01:45:00,15046.278286,14996.278286,50,15096.278286,50,2021-03-16 03:00:00,14996.278286,STOP_LOSS,-50.0,LOSS,15019.958432,14927.352028,14973.65523
2021-03-18,SHORT,2021-03-18 02:15:00,14990.219766,15040.219766,50,14940.219766,50,2021-03-18 02:30:00,14940.219766,TAKE_PROFIT,50.0,WIN,15178.130212,15062.008993,15120.0696025
2021-03-24,LONG,2021-03-24 03:15:00,14985.357548,14935.357548,50,15035.357548,50,2021-03-24 04:00:00,15035.357548,TAKE_PROFIT,50.0,WIN,14956.756262,14891.259318,14924.00779
2021-03-25,LONG,2021-03-25 03:15:00,14699.05868,14649.05868,50,14749.05868,50,2021-03-25 06:15:00,14649.05868,STOP_LOSS,-50.0,LOSS,14681.897908,14588.94373,14635.420819
2021-03-26,LONG,2021-03-26 01:00:00,14724.513824,14674.513824,50,14774.513824,50,2021-03-26 02:45:00,14674.513824,STOP_LOSS,-50.0,LOSS,14689.620255,14621.263183,14655.441718999999
2021-03-30,SHORT,2021-03-30 01:15:00,14756.833276,14806.833276,50,14706.833276,50,2021-03-30 03:15:00,14706.833276,TAKE_PROFIT,50.0,WIN,14852.36157,14763.983598,14808.172584
2021-04-01,LONG,2021-04-01 01:00:00,15032.549669,14982.549669,50,15082.549669,50,2021-04-01 02:15:00,15082.549669,TAKE_PROFIT,50.0,WIN,15031.691631,14982.783432,15007.237531499999
2021-04-06,SHORT,2021-04-06 02:00:00,15495.890495,15545.890495,50,15445.890495,50,2021-04-06 07:00:00,15545.890495,STOP_LOSS,-50.0,LOSS,15584.55448,15521.345639,15552.950059499999
2021-04-08,LONG,2021-04-08 01:00:00,15706.681969,15656.681969,50,15756.681969,50,2021-04-08 04:30:00,15656.681969,STOP_LOSS,-50.0,LOSS,15682.370877,15576.832133,15629.601504999999
2021-04-09,SHORT,2021-04-09 01:00:00,15723.270715,15773.270715,50,15673.270715,50,2021-04-09 07:30:00,15673.270715,TAKE_PROFIT,50.0,WIN,15835.673767,15766.744669,15801.209218
2021-04-14,LONG,2021-04-14 03:15:00,16006.995468,15956.995468,50,16056.995468,50,2021-04-14 08:00:00,16010.427622,TIME_EXIT,3.4321540000000823,WIN,16000.703185,15968.097719,15984.400452
2021-04-15,LONG,2021-04-15 01:15:00,15836.817819,15786.817819,50,15886.817819,50,2021-04-15 02:30:00,15886.817819,TAKE_PROFIT,50.0,WIN,15829.095471,15775.611068,15802.3532695
2021-04-21,LONG,2021-04-21 01:15:00,15747.581808,15697.581808,50,15797.581808,50,2021-04-21 08:00:00,15720.696599,TIME_EXIT,-26.88520900000003,LOSS,15743.005602,15684.658979,15713.832290499999
2021-04-22,LONG,2021-04-22 01:00:00,15932.346112,15882.346112,50,15982.346112,50,2021-04-22 07:00:00,15882.346112,STOP_LOSS,-50.0,LOSS,15919.189521,15877.145631,15898.167576
2021-04-26,SHORT,2021-04-26 03:15:00,15900.884698,15950.884698,50,15850.884698,50,2021-04-26 08:00:00,15925.767817,TIME_EXIT,-24.88311900000008,LOSS,15952.939038,15908.03502,15930.487029
2021-04-28,SHORT,2021-04-28 02:00:00,15956.657205,16006.657205,50,15906.657205,50,2021-04-28 08:00:00,15934.634215,TIME_EXIT,22.02298999999948,WIN,15992.980838,15964.093539,15978.537188499999
2021-05-05,LONG,2021-05-05 03:15:00,15557.955285,15507.955285,50,15607.955285,50,2021-05-05 07:15:00,15607.955285,TAKE_PROFIT,50.0,WIN,15540.5085,15457.850785,15499.1796425
2021-05-06,LONG,2021-05-06 02:00:00,15494.460431,15444.460431,50,15544.460431,50,2021-05-06 04:30:00,15444.460431,STOP_LOSS,-50.0,LOSS,15478.157698,15388.635674,15433.396686
2021-05-07,SHORT,2021-05-07 02:00:00,15559.385349,15609.385349,50,15509.385349,50,2021-05-07 05:30:00,15609.385349,STOP_LOSS,-50.0,LOSS,15628.886473,15562.53149,15595.7089815
2021-05-10,SHORT,2021-05-10 01:00:00,15687.519108,15737.519108,50,15637.519108,50,2021-05-10 01:30:00,15637.519108,TAKE_PROFIT,50.0,WIN,15732.995152,15692.667339,15712.8312455
2021-05-13,SHORT,2021-05-13 02:30:00,14839.204979,14889.204979,50,14789.204979,50,2021-05-13 03:45:00,14789.204979,TAKE_PROFIT,50.0,WIN,14951.894044,14861.513982,14906.704013
2021-05-14,LONG,2021-05-14 01:45:00,15118.353526,15068.353526,50,15168.353526,50,2021-05-14 02:30:00,15068.353526,STOP_LOSS,-50.0,LOSS,15102.622819,14953.896134,15028.2594765
2021-05-18,LONG,2021-05-18 01:00:00,15313.414293,15263.414293,50,15363.414293,50,2021-05-18 02:15:00,15363.414293,TAKE_PROFIT,50.0,WIN,15287.959149,15204.443395,15246.201272
2021-05-19,SHORT,2021-05-19 02:00:00,15007.380538,15057.380538,50,14957.380538,50,2021-05-19 02:15:00,14957.380538,TAKE_PROFIT,50.0,WIN,15127.79195,15017.963013,15072.8774815
2021-05-24,LONG,2021-05-24 02:15:00,15403.794355,15353.794355,50,15453.794355,50,2021-05-24 07:15:00,15453.794355,TAKE_PROFIT,50.0,WIN,15383.773456,15285.09902,15334.436238
2021-05-25,LONG,2021-05-25 01:00:00,15697.815571,15647.815571,50,15747.815571,50,2021-05-25 06:00:00,15647.815571,STOP_LOSS,-50.0,LOSS,15648.907373,15595.708981,15622.308176999999
2021-05-27,SHORT,2021-05-27 01:45:00,15618.876023,15668.876023,50,15568.876023,50,2021-05-27 08:00:00,15649.479398,TIME_EXIT,-30.603374999998778,LOSS,15688.949172,15629.172486,15659.060829
2021-05-31,SHORT,2021-05-31 03:00:00,15658.059784,15708.059784,50,15608.059784,50,2021-05-31 08:00:00,15641.471038,TIME_EXIT,16.588745999999446,WIN,15695.813481,15662.349977,15679.081729
2021-06-01,LONG,2021-06-01 01:30:00,15682.084864,15632.084864,50,15732.084864,50,2021-06-01 06:15:00,15732.084864,TAKE_PROFIT,50.0,WIN,15672.932452,15641.471038,15657.201744999998
2021-06-03,SHORT,2021-06-03 01:30:00,15634.320717,15684.320717,50,15584.320717,50,2021-06-03 05:00:00,15584.320717,TAKE_PROFIT,50.0,WIN,15682.370877,15642.329077,15662.349977
2021-06-04,LONG,2021-06-04 02:30:00,15485.022006,15435.022006,50,15535.022006,50,2021-06-04 07:30:00,15535.022006,TAKE_PROFIT,50.0,WIN,15482.447891,15407.798535,15445.123212999999
2021-06-07,SHORT,2021-06-07 02:00:00,15689.807211,15739.807211,50,15639.807211,50,2021-06-07 06:45:00,15739.807211,STOP_LOSS,-50.0,LOSS,15762.454476,15711.258175,15736.8563255
2021-06-10,SHORT,2021-06-10 01:30:00,15792.771839,15842.771839,50,15742.771839,50,2021-06-10 06:30:00,15742.771839,TAKE_PROFIT,50.0,WIN,15833.099651,15800.780199,15816.939925
2021-06-11,SHORT,2021-06-11 01:15:00,15971.529873,16021.529873,50,15921.529873,50,2021-06-11 08:00:00,15989.262671,TIME_EXIT,-17.732798000000912,LOSS,16001.847236,15972.101899,15986.9745675
2021-06-21,LONG,2021-06-21 01:15:00,16089.113494,16039.113494,50,16139.113494,50,2021-06-21 02:45:00,16139.113494,TAKE_PROFIT,50.0,WIN,16080.527596,16008.406056,16044.466826
2021-06-24,LONG,2021-06-24 02:45:00,16379.889225,16329.889225,50,16429.889225,50,2021-06-24 04:00:00,16429.889225,TAKE_PROFIT,49.99999999999818,WIN,16379.603029,16339.821703,16359.712366
2021-06-28,LONG,2021-06-28 02:00:00,16455.158928,16405.158928,50,16505.158928,50,2021-06-28 08:00:00,16478.054655,TIME_EXIT,22.89572699999917,WIN,16445.428244,16408.508884,16426.968564
2021-07-02,LONG,2021-07-02 02:00:00,16656.927521,16606.927521,50,16706.927521,50,2021-07-02 06:30:00,16706.927521,TAKE_PROFIT,50.0,WIN,16653.206965,16620.866751,16637.036858
2021-07-05,SHORT,2021-07-05 01:00:00,16817.770003,16867.770003,50,16767.770003,50,2021-07-05 08:00:00,16831.221242,TIME_EXIT,-13.451238999998168,LOSS,16852.972183,16824.066327,16838.519255
2021-07-07,LONG,2021-07-07 02:15:00,16959.151116,16909.151116,50,17009.151116,50,2021-07-07 03:00:00,17009.151116,TAKE_PROFIT,50.0,WIN,16940.262141,16890.177739,16915.21994
2021-07-08,SHORT,2021-07-08 01:30:00,16910.2115,16960.2115,50,16860.2115,50,2021-07-08 02:15:00,16860.2115,TAKE_PROFIT,50.0,WIN,16968.02321,16911.07009,16939.54665
2021-07-09,LONG,2021-07-09 02:00:00,16866.137226,16816.137226,50,16916.137226,50,2021-07-09 05:00:00,16816.137226,STOP_LOSS,-50.0,LOSS,16847.248251,16760.530685,16803.889468
2021-07-13,SHORT,2021-07-13 01:00:00,17014.95945,17064.95945,50,16964.95945,50,2021-07-13 04:15:00,17064.95945,STOP_LOSS,-50.0,LOSS,17040.14475,17020.683382,17030.414065999998
2021-07-16,LONG,2021-07-16 01:15:00,16929.386671,16879.386671,50,16979.386671,50,2021-07-16 07:15:00,16979.386671,TAKE_PROFIT,50.0,WIN,16924.235133,16869.571585,16896.903359
2021-07-22,LONG,2021-07-22 01:30:00,17012.669878,16962.669878,50,17062.669878,50,2021-07-22 08:00:00,16982.619236,TIME_EXIT,-30.05064200000197,LOSS,17006.945946,16978.040091,16992.493018499998
2021-07-23,LONG,2021-07-23 03:00:00,17176.946718,17126.946718,50,17226.946718,50,2021-07-23 08:00:00,17146.037487,TIME_EXIT,-30.909230999997817,LOSS,17169.219411,17131.155265,17150.187338
2021-07-26,SHORT,2021-07-26 03:00:00,17223.882959,17273.882959,50,17173.882959,50,2021-07-26 04:30:00,17273.882959,STOP_LOSS,-50.0,LOSS,17316.324456,17257.081763,17286.7031095
2021-07-27,SHORT,2021-07-27 02:00:00,17257.654156,17307.654156,50,17207.654156,50,2021-07-27 06:00:00,17307.654156,STOP_LOSS,-50.0,LOSS,17312.6039,17275.112147,17293.858023499997
2021-07-28,LONG,2021-07-28 03:15:00,17148.32706,17098.32706,50,17198.32706,50,2021-07-28 08:00:00,17177.519112,TIME_EXIT,29.19205200000215,WIN,17124.286546,17061.323297,17092.8049215
2021-07-29,LONG,2021-07-29 01:00:00,17168.074624,17118.074624,50,17218.074624,50,2021-07-29 08:00:00,17164.926462,TIME_EXIT,-3.148162000001321,LOSS,17163.781675,17108.259538,17136.0206065
2021-08-02,LONG,2021-08-02 01:00:00,17213.579881,17163.579881,50,17263.579881,50,2021-08-02 08:00:00,17204.993984,TIME_EXIT,-8.585897000000841,LOSS,17212.148898,17164.067872,17188.108385
2021-08-04,LONG,2021-08-04 01:00:00,17247.923472,17197.923472,50,17297.923472,50,2021-08-04 07:15:00,17197.923472,STOP_LOSS,-50.0,LOSS,17231.32407,17196.12189,17213.72298
2021-08-06,SHORT,2021-08-06 01:30:00,17347.233687,17397.233687,50,17297.233687,50,2021-08-06 07:30:00,17297.233687,TAKE_PROFIT,50.0,WIN,17366.122662,17351.526636,17358.824649000002
2021-08-09,LONG,2021-08-09 02:00:00,17263.664284,17213.664284,50,17313.664284,50,2021-08-09 06:15:00,17313.664284,TAKE_PROFIT,50.0,WIN,17235.330822,17175.515735,17205.4232785
2021-08-10,LONG,2021-08-10 02:00:00,17318.900225,17268.900225,50,17368.900225,50,2021-08-10 08:00:00,17334.927234,TIME_EXIT,16.027008999997634,WIN,17316.038259,17277.974113,17297.006186
2021-08-11,SHORT,2021-08-11 02:15:00,17184.960223,17234.960223,50,17134.960223,50,2021-08-11 07:30:00,17234.960223,STOP_LOSS,-50.0,LOSS,17227.889711,17198.125266,17213.0074885
2021-08-13,LONG,2021-08-13 02:00:00,17267.098643,17217.098643,50,17317.098643,50,2021-08-13 08:00:00,17267.671036,TIME_EXIT,0.5723929999985558,WIN,17262.233301,17242.19954,17252.2164205
2021-08-17,SHORT,2021-08-17 01:00:00,17293.142532,17343.142532,50,17243.142532,50,2021-08-17 02:00:00,17243.142532,TAKE_PROFIT,50.0,WIN,17324.624157,17295.145909,17309.885033
2021-08-19,SHORT,2021-08-19 01:00:00,16931.103851,16981.103851,50,16881.103851,50,2021-08-19 01:45:00,16881.103851,TAKE_PROFIT,50.0,WIN,17028.41069,16980.61586,17004.513275
2021-08-20,SHORT,2021-08-20 02:15:00,17014.673254,17064.673254,50,16964.673254,50,2021-08-20 04:30:00,17064.673254,STOP_LOSS,-50.0,LOSS,17122.569367,17067.619622,17095.0944945
2021-08-24,LONG,2021-08-24 01:00:00,17559.019161,17509.019161,50,17609.019161,50,2021-08-24 01:45:00,17609.019161,TAKE_PROFIT,50.0,WIN,17556.157195,17540.70258,17548.429887500002
2021-08-25,LONG,2021-08-25 02:45:00,17600.23147,17550.23147,50,17650.23147,50,2021-08-25 08:00:00,17588.211213,TIME_EXIT,-12.020257000000129,LOSS,17593.935145,17568.749845,17581.342494999997
2021-08-27,LONG,2021-08-27 01:30:00,17554.440016,17504.440016,50,17604.440016,50,2021-08-27 08:00:00,17529.827109,TIME_EXIT,-24.612906999998813,LOSS,17553.009033,17475.735954,17514.3724935
2021-08-31,LONG,2021-08-31 01:00:00,17939.946818,17889.946818,50,17989.946818,50,2021-08-31 04:45:00,17889.946818,STOP_LOSS,-50.0,LOSS,17911.327159,17846.64673,17878.9869445
2021-09-01,LONG,2021-09-01 01:00:00,17897.875919,17847.875919,50,17947.875919,50,2021-09-01 04:15:00,17847.875919,STOP_LOSS,-50.0,LOSS,17880.131731,17834.054081,17857.092905999998
2021-09-02,LONG,2021-09-02 02:45:00,17898.448312,17848.448312,50,17948.448312,50,2021-09-02 08:00:00,17918.482074,TIME_EXIT,20.033761999999115,WIN,17894.727757,17859.23938,17876.9835685
2021-09-06,LONG,2021-09-06 01:00:00,17952.253271,17902.253271,50,18002.253271,50,2021-09-06 08:00:00,17962.842544,TIME_EXIT,10.589272999997775,WIN,17932.505706,17907.320407,17919.9130565
2021-09-07,SHORT,2021-09-07 03:00:00,17937.943441,17987.943441,50,17887.943441,50,2021-09-07 04:30:00,17887.943441,TAKE_PROFIT,50.0,WIN,17969.997459,17938.802031,17954.399745
2021-09-08,SHORT,2021-09-08 02:00:00,17883.852287,17933.852287,50,17833.852287,50,2021-09-08 04:45:00,17933.852287,STOP_LOSS,-50.0,LOSS,17962.842544,17925.636988,17944.239766
2021-09-10,LONG,2021-09-10 02:00:00,17857.522201,17807.522201,50,17907.522201,50,2021-09-10 08:00:00,17888.145235,TIME_EXIT,30.62303400000019,WIN,17855.805021,17807.151601,17831.478311
2021-09-13,LONG,2021-09-13 03:00:00,17751.668503,17701.668503,50,17801.668503,50,2021-09-13 08:00:00,17788.323021,TIME_EXIT,36.65451799999937,WIN,17739.609207,17675.501172,17707.555189500003
2021-09-14,SHORT,2021-09-14 01:30:00,17674.350379,17724.350379,50,17624.350379,50,2021-09-14 07:30:00,17724.350379,STOP_LOSS,-50.0,LOSS,17711.863988,17678.932194,17695.398091000003
2021-09-20,SHORT,2021-09-20 01:30:00,17404.309673,17454.309673,50,17354.309673,50,2021-09-20 04:15:00,17354.309673,TAKE_PROFIT,50.0,WIN,17569.255004,17416.909663,17493.0823335
2021-09-21,LONG,2021-09-21 02:15:00,17301.218841,17251.218841,50,17351.218841,50,2021-09-21 02:45:00,17351.218841,TAKE_PROFIT,50.0,WIN,17284.037036,17160.900764,17222.4689
2021-09-22,LONG,2021-09-22 01:15:00,17275.732496,17225.732496,50,17325.732496,50,2021-09-22 08:00:00,17269.718865,TIME_EXIT,-6.013631000001624,LOSS,17262.846143,17102.196263,17182.521203
2021-09-23,LONG,2021-09-23 01:45:00,17430.941471,17380.941471,50,17480.941471,50,2021-09-23 03:00:00,17480.941471,TAKE_PROFIT,50.0,WIN,17430.368744,17386.841504,17408.605124
2021-09-24,SHORT,2021-09-24 01:15:00,17496.232331,17546.232331,50,17446.232331,50,2021-09-24 02:00:00,17446.232331,TAKE_PROFIT,50.0,WIN,17563.241372,17499.668692,17531.455031999998
2021-09-28,SHORT,2021-09-28 01:15:00,17311.241561,17361.241561,50,17261.241561,50,2021-09-28 01:45:00,17261.241561,TAKE_PROFIT,50.0,WIN,17401.732402,17333.291544,17367.511973
2021-09-29,LONG,2021-09-29 02:00:00,17032.323588,16982.323588,50,17082.323588,50,2021-09-29 02:15:00,17082.323588,TAKE_PROFIT,50.0,WIN,17027.741773,16906.610046,16967.1759095
2021-09-30,LONG,2021-09-30 01:00:00,17027.169047,16977.169047,50,17077.169047,50,2021-09-30 02:00:00,16977.169047,STOP_LOSS,-50.0,LOSS,17007.696334,16912.337315,16960.016824500002
2021-10-01,SHORT,2021-10-01 01:30:00,16686.110211,16736.110211,50,16636.110211,50,2021-10-01 02:15:00,16736.110211,STOP_LOSS,-50.0,LOSS,16874.823706,16694.414751,16784.6192285
2021-10-04,SHORT,2021-10-04 01:00:00,16808.673756,16858.673756,50,16758.673756,50,2021-10-04 04:45:00,16858.673756,STOP_LOSS,-50.0,LOSS,16992.805436,16828.719195,16910.7623155
2021-10-05,LONG,2021-10-05 02:00:00,16643.442062,16593.442062,50,16693.442062,50,2021-10-05 02:30:00,16593.442062,STOP_LOSS,-50.0,LOSS,16631.414798,16506.560346,16568.987572
2021-10-06,SHORT,2021-10-06 02:00:00,16629.123891,16679.123891,50,16579.123891,50,2021-10-06 02:45:00,16579.123891,TAKE_PROFIT,50.0,WIN,16808.387392,16666.351135,16737.3692635
2021-10-07,LONG,2021-10-07 01:15:00,17060.10084,17010.10084,50,17110.10084,50,2021-10-07 06:15:00,17110.10084,TAKE_PROFIT,50.0,WIN,17053.514481,16948.132742,17000.8236115
2021-10-12,LONG,2021-10-12 03:45:00,16834.732827,16784.732827,50,16884.732827,50,2021-10-12 05:45:00,16884.732827,TAKE_PROFIT,50.0,WIN,16832.155556,16719.042005,16775.5987805
2021-10-13,LONG,2021-10-13 02:30:00,16790.919224,16740.919224,50,16840.919224,50,2021-10-13 03:15:00,16840.919224,TAKE_PROFIT,50.0,WIN,16776.028326,16721.619276,16748.823801
2021-10-14,LONG,2021-10-14 01:00:00,17005.119063,16955.119063,50,17055.119063,50,2021-10-14 03:00:00,17055.119063,TAKE_PROFIT,50.0,WIN,16994.523617,16940.114566,16967.3190915
2021-10-18,SHORT,2021-10-18 01:00:00,17255.400694,17305.400694,50,17205.400694,50,2021-10-18 06:15:00,17305.400694,STOP_LOSS,-50.0,LOSS,17323.841551,17269.432501,17296.637026
2021-10-19,LONG,2021-10-19 01:30:00,17548.923201,17498.923201,50,17598.923201,50,2021-10-19 06:15:00,17598.923201,TAKE_PROFIT,50.0,WIN,17544.341386,17493.941424,17519.141405000002
2021-10-22,LONG,2021-10-22 02:15:00,17667.191294,17617.191294,50,17717.191294,50,2021-10-22 08:00:00,17669.482201,TIME_EXIT,2.290906999998697,WIN,17662.036752,17623.37769,17642.707221
2021-10-25,LONG,2021-10-25 01:00:00,17596.173165,17546.173165,50,17646.173165,50,2021-10-25 08:00:00,17629.964049,TIME_EXIT,33.79088399999819,WIN,17591.877714,17520.573222,17556.225467999997
2021-10-26,LONG,2021-10-26 01:15:00,17851.03661,17801.03661,50,17901.03661,50,2021-10-26 08:00:00,17854.472971,TIME_EXIT,3.4363610000000335,WIN,17850.17752,17782.309389,17816.2434545
2021-11-01,LONG,2021-11-01 04:00:00,18223.595422,18173.595422,50,18273.595422,50,2021-11-01 07:30:00,18173.595422,STOP_LOSS,-50.0,LOSS,18223.022695,18161.168196,18192.0954455
2021-11-04,LONG,2021-11-04 03:00:00,18559.786079,18509.786079,50,18609.786079,50,2021-11-04 08:00:00,18540.59973,TIME_EXIT,-19.18634899999961,LOSS,18541.45882,18501.940668,18521.699743999998
2021-11-08,LONG,2021-11-08 02:00:00,18695.235977,18645.235977,50,18745.235977,50,2021-11-08 08:00:00,18744.204122,TIME_EXIT,48.96814499999891,WIN,18691.226889,18639.108747,18665.167818
2021-11-09,LONG,2021-11-09 01:15:00,18694.949614,18644.949614,50,18744.949614,50,2021-11-09 05:15:00,18744.949614,TAKE_PROFIT,50.0,WIN,18694.66325,18650.849647,18672.7564485
2021-11-10,LONG,2021-11-10 01:00:00,18575.249704,18525.249704,50,18625.249704,50,2021-11-10 03:30:00,18525.249704,STOP_LOSS,-50.0,LOSS,18557.208808,18479.031594,18518.120200999998
2021-11-11,LONG,2021-11-11 03:00:00,18393.122567,18343.122567,50,18443.122567,50,2021-11-11 07:30:00,18443.122567,TAKE_PROFIT,50.0,WIN,18378.804396,18304.63627,18341.720332999997
2021-11-12,SHORT,2021-11-12 03:15:00,18376.513489,18426.513489,50,18326.513489,50,2021-11-12 08:00:00,18426.513489,STOP_LOSS,-50.0,LOSS,18434.645264,18377.945306,18406.295285
2021-11-16,SHORT,2021-11-16 02:45:00,18521.127017,18571.127017,50,18471.127017,50,2021-11-16 07:30:00,18571.127017,STOP_LOSS,-50.0,LOSS,18585.84515,18523.417924,18554.631537
2021-11-17,LONG,2021-11-17 02:15:00,18695.808704,18645.808704,50,18745.808704,50,2021-11-17 08:00:00,18679.199626,TIME_EXIT,-16.60907799999768,LOSS,18684.926894,18640.2542,18662.590547
2021-11-18,LONG,2021-11-18 01:00:00,18742.199578,18692.199578,50,18792.199578,50,2021-11-18 03:00:00,18792.199578,TAKE_PROFIT,50.0,WIN,18731.890495,18700.676882,18716.2836885
2021-11-22,LONG,2021-11-22 03:00:00,19063.499337,19013.499337,50,19113.499337,50,2021-11-22 08:00:00,19073.235694,TIME_EXIT,9.736356999997952,WIN,19051.472074,18994.772116,19023.122095
2021-11-23,SHORT,2021-11-23 01:00:00,18663.449637,18713.449637,50,18613.449637,50,2021-11-23 01:45:00,18713.449637,STOP_LOSS,-50.0,LOSS,18800.331353,18692.94507,18746.6382115
2021-11-25,LONG,2021-11-25 01:00:00,18805.772258,18755.772258,50,18855.772258,50,2021-11-25 08:00:00,18758.23593,TIME_EXIT,-47.53632800000196,LOSS,18800.90408,18735.899583,18768.4018315
2021-11-26,SHORT,2021-11-26 01:00:00,18594.149689,18644.149689,50,18544.149689,50,2021-11-26 02:00:00,18544.149689,TAKE_PROFIT,50.0,WIN,18755.372296,18619.922397,18687.6473465
2021-12-01,LONG,2021-12-01 01:00:00,18767.685923,18717.685923,50,18817.685923,50,2021-12-01 02:00:00,18717.685923,STOP_LOSS,-50.0,LOSS,18761.099564,18536.304278,18648.701921
2021-12-07,LONG,2021-12-07 01:00:00,18282.586287,18232.586287,50,18332.586287,50,2021-12-07 02:00:00,18332.586287,TAKE_PROFIT,50.0,WIN,18280.581743,18126.231859,18203.406800999997
2021-12-09,SHORT,2021-12-09 03:00:00,18732.749585,18782.749585,50,18682.749585,50,2021-12-09 05:00:00,18682.749585,TAKE_PROFIT,50.0,WIN,18808.349529,18735.040493,18771.695011
2021-12-10,LONG,2021-12-10 02:45:00,18561.217896,18511.217896,50,18611.217896,50,2021-12-10 07:30:00,18611.217896,TAKE_PROFIT,50.0,WIN,18549.190632,18492.204311,18520.697471500003
2021-12-15,SHORT,2021-12-15 03:15:00,18170.045462,18220.045462,50,18120.045462,50,2021-12-15 06:00:00,18220.045462,STOP_LOSS,-50.0,LOSS,18273.709021,18204.409073,18239.059047
2021-12-16,LONG,2021-12-16 01:00:00,18786.872272,18736.872272,50,18836.872272,50,2021-12-16 05:15:00,18836.872272,TAKE_PROFIT,50.0,WIN,18734.754129,18644.836015,18689.795072
2021-12-17,SHORT,2021-12-17 03:00:00,17990.495597,18040.495597,50,17940.495597,50,2021-12-17 03:15:00,18040.495597,STOP_LOSS,-50.0,LOSS,18209.849978,18058.363728,18134.106852999997
2021-12-20,SHORT,2021-12-20 01:15:00,17809.227551,17859.227551,50,17759.227551,50,2021-12-20 02:00:00,17859.227551,STOP_LOSS,-50.0,LOSS,18021.422846,17834.713895,17928.0683705
2021-12-21,LONG,2021-12-21 01:00:00,18113.059141,18063.059141,50,18163.059141,50,2021-12-21 02:00:00,18063.059141,STOP_LOSS,-50.0,LOSS,18083.850072,17955.559259,18019.7046655
2021-12-22,SHORT,2021-12-22 02:15:00,18235.622686,18285.622686,50,18185.622686,50,2021-12-22 05:00:00,18285.622686,STOP_LOSS,-50.0,LOSS,18292.89537,18237.340866,18265.118118
2021-12-27,SHORT,2021-12-27 01:30:00,18681.776896,18731.776896,50,18631.776896,50,2021-12-27 06:15:00,18731.776896,STOP_LOSS,-50.0,LOSS,18743.058669,18696.095067,18719.576867999996
2021-12-28,LONG,2021-12-28 02:15:00,18998.781204,18948.781204,50,19048.781204,50,2021-12-28 03:15:00,19048.781204,TAKE_PROFIT,50.0,WIN,18972.149406,18937.785795,18954.9676005
2021-12-29,LONG,2021-12-29 01:15:00,18964.703957,18914.703957,50,19014.703957,50,2021-12-29 06:00:00,18914.703957,STOP_LOSS,-50.0,LOSS,18962.126686,18897.98128,18930.053982999998
2021-12-30,LONG,2021-12-30 01:30:00,18896.549463,18846.549463,50,18946.549463,50,2021-12-30 06:30:00,18946.549463,TAKE_PROFIT,50.0,WIN,18891.394921,18833.54951,18862.472215499998
2022-01-07,SHORT,2022-01-07 01:00:00,18044.045557,18094.045557,50,17994.045557,50,2022-01-07 02:15:00,17994.045557,TAKE_PROFIT,50.0,WIN,18158.590925,18052.636459,18105.613692
2022-01-11,LONG,2022-01-11 03:00:00,17916.900197,17866.900197,50,17966.900197,50,2022-01-11 03:15:00,17966.900197,TAKE_PROFIT,50.0,WIN,17916.041107,17838.722983,17877.382045
2022-01-13,LONG,2022-01-13 02:15:00,18222.163605,18172.163605,50,18272.163605,50,2022-01-13 03:15:00,18172.163605,STOP_LOSS,-50.0,LOSS,18208.704524,18121.077317,18164.8909205
2022-01-14,LONG,2022-01-14 01:00:00,17796.62756,17746.62756,50,17846.62756,50,2022-01-14 01:45:00,17746.62756,STOP_LOSS,-50.0,LOSS,17772.859396,17656.02312,17714.441258
2022-01-17,LONG,2022-01-17 03:15:00,17883.68204,17833.68204,50,17933.68204,50,2022-01-17 08:00:00,17875.091138,TIME_EXIT,-8.590901999999915,LOSS,17865.354782,17762.836677,17814.095729499997
2022-01-18,SHORT,2022-01-18 02:00:00,17613.354971,17663.354971,50,17563.354971,50,2022-01-18 02:15:00,17563.354971,TAKE_PROFIT,50.0,WIN,17872.80023,17647.432218,17760.116224
2022-01-19,LONG,2022-01-19 03:30:00,17446.691459,17396.691459,50,17496.691459,50,2022-01-19 05:00:00,17496.691459,TAKE_PROFIT,50.0,WIN,17442.109644,17239.937069,17341.0233565
2022-01-21,LONG,2022-01-21 01:15:00,16923.791851,16873.791851,50,16973.791851,50,2022-01-21 02:15:00,16873.791851,STOP_LOSS,-50.0,LOSS,16906.323683,16726.201091,16816.262387
2022-01-25,SHORT,2022-01-25 01:00:00,16263.724165,16313.724165,50,16213.724165,50,2022-01-25 01:15:00,16213.724165,TAKE_PROFIT,50.0,WIN,16597.051187,16267.733253,16432.39222
2022-01-26,LONG,2022-01-26 02:00:00,16349.633191,16299.633191,50,16399.633191,50,2022-01-26 02:30:00,16399.633191,TAKE_PROFIT,50.0,WIN,16319.278668,16157.196972,16238.23782
2022-01-28,SHORT,2022-01-28 02:15:00,16070.715219,16120.715219,50,16020.715219,50,2022-01-28 02:45:00,16120.715219,STOP_LOSS,-50.0,LOSS,16244.824179,16095.628836,16170.2265075
2022-01-31,LONG,2022-01-31 02:45:00,16636.855703,16586.855703,50,16686.855703,50,2022-01-31 04:30:00,16586.855703,STOP_LOSS,-50.0,LOSS,16609.937541,16456.446747,16533.192144
2022-02-01,LONG,2022-02-01 01:00:00,17106.491714,17056.491714,50,17156.491714,50,2022-02-01 02:00:00,17056.491714,STOP_LOSS,-50.0,LOSS,17048.646303,16973.332723,17010.989513
2022-02-02,LONG,2022-02-02 01:15:00,17394.286953,17344.286953,50,17444.286953,50,2022-02-02 03:45:00,17444.286953,TAKE_PROFIT,50.0,WIN,17393.427863,17316.396102,17354.9119825
2022-02-03,LONG,2022-02-03 01:00:00,16960.446369,16910.446369,50,17010.446369,50,2022-02-03 01:45:00,17010.446369,TAKE_PROFIT,50.0,WIN,16957.582735,16897.160053,16927.371394
2022-02-04,SHORT,2022-02-04 04:00:00,16779.178323,16829.178323,50,16729.178323,50,2022-02-04 04:15:00,16729.178323,TAKE_PROFIT,50.0,WIN,16963.02364,16838.169188,16900.596414
2022-02-09,LONG,2022-02-09 02:45:00,17005.978153,16955.978153,50,17055.978153,50,2022-02-09 05:45:00,17055.978153,TAKE_PROFIT,50.0,WIN,16975.623631,16890.573694,16933.0986625
2022-02-14,SHORT,2022-02-14 02:15:00,16170.942416,16220.942416,50,16120.942416,50,2022-02-14 02:45:00,16120.942416,TAKE_PROFIT,50.0,WIN,16377.696806,16271.74234,16324.719573
2022-02-15,LONG,2022-02-15 02:00:00,16438.119488,16388.119488,50,16488.119488,50,2022-02-15 02:15:00,16488.119488,TAKE_PROFIT,50.0,WIN,16417.787685,16292.074143,16354.930914
2022-02-21,LONG,2022-02-21 01:00:00,16182.96968,16132.96968,50,16232.96968,50,2022-02-21 02:00:00,16132.96968,STOP_LOSS,-50.0,LOSS,16134.574262,15818.429044,15976.501653
2022-02-23,LONG,2022-02-23 02:00:00,16038.642515,15988.642515,50,16088.642515,50,2022-02-23 03:00:00,16088.642515,TAKE_PROFIT,50.0,WIN,16022.606164,15935.838047,15979.2221055
2022-02-24,SHORT,2022-02-24 01:00:00,14992.8433,15042.8433,50,14942.8433,50,2022-02-24 01:15:00,14942.8433,TAKE_PROFIT,50.0,WIN,15480.80657,15010.025105,15245.4158375
2022-02-28,LONG,2022-02-28 01:30:00,16026.901615,15976.901615,50,16076.901615,50,2022-02-28 02:00:00,15976.901615,STOP_LOSS,-50.0,LOSS,15983.947102,15755.715455,15869.8312785
2022-03-09,LONG,2022-03-09 01:15:00,15364.829384,15314.829384,50,15414.829384,50,2022-03-09 02:00:00,15314.829384,STOP_LOSS,-50.0,LOSS,15290.088531,15145.18864,15217.6385855
2022-03-10,SHORT,2022-03-10 02:00:00,15652.33826,15702.33826,50,15602.33826,50,2022-03-10 02:15:00,15602.33826,TAKE_PROFIT,50.0,WIN,15766.024538,15656.920074,15711.472306
2022-03-11,LONG,2022-03-11 01:00:00,15629.429186,15579.429186,50,15679.429186,50,2022-03-11 01:30:00,15579.429186,STOP_LOSS,-50.0,LOSS,15578.456497,15410.933895,15494.695196
2022-03-15,SHORT,2022-03-15 02:00:00,14851.952496,14901.952496,50,14801.952496,50,2022-03-15 02:45:00,14901.952496,STOP_LOSS,-50.0,LOSS,15055.270526,14949.029696,15002.150110999999
2022-03-16,LONG,2022-03-16 01:00:00,15534.929257,15484.929257,50,15584.929257,50,2022-03-16 02:00:00,15584.929257,TAKE_PROFIT,50.0,WIN,15436.133876,15368.838472,15402.486174
2022-03-21,SHORT,2022-03-21 01:00:00,16420.937683,16470.937683,50,16370.937683,50,2022-03-21 04:30:00,16470.937683,STOP_LOSS,-50.0,LOSS,16514.578522,16426.951315,16470.764918499997
2022-03-22,LONG,2022-03-22 02:45:00,16473.914916,16423.914916,50,16523.914916,50,2022-03-22 03:30:00,16523.914916,TAKE_PROFIT,50.0,WIN,16461.887652,16372.542265,16417.2149585
2022-03-23,SHORT,2022-03-23 03:15:00,16744.241986,16794.241986,50,16694.241986,50,2022-03-23 05:30:00,16694.241986,TAKE_PROFIT,50.0,WIN,16811.823754,16752.546525,16782.1851395
2022-03-24,LONG,2022-03-24 01:00:00,16643.442062,16593.442062,50,16693.442062,50,2022-03-24 08:00:00,16640.578427,TIME_EXIT,-2.8636349999978847,LOSS,16636.56934,16549.801223,16593.1852815
2022-03-29,LONG,2022-03-29 01:00:00,17194.978012,17144.978012,50,17244.978012,50,2022-03-29 04:00:00,17244.978012,TAKE_PROFIT,50.0,WIN,17172.355301,17131.978059,17152.166680000002
2022-03-30,SHORT,2022-03-30 02:00:00,17402.591492,17452.591492,50,17352.591492,50,2022-03-30 03:45:00,17352.591492,TAKE_PROFIT,50.0,WIN,17482.200523,17413.759666,17447.980094500002
2022-04-01,LONG,2022-04-01 01:45:00,17116.800798,17066.800798,50,17166.800798,50,2022-04-01 07:45:00,17066.800798,STOP_LOSS,-50.0,LOSS,17111.646256,17039.19631,17075.421283
2022-04-06,SHORT,2022-04-06 02:30:00,16906.323683,16956.323683,50,16856.323683,50,2022-04-06 03:15:00,16856.323683,TAKE_PROFIT,50.0,WIN,17007.696334,16922.360034,16965.028184000003
2022-04-07,LONG,2022-04-07 01:30:00,16640.578427,16590.578427,50,16690.578427,50,2022-04-07 03:45:00,16690.578427,TAKE_PROFIT,50.0,WIN,16626.260256,16533.192144,16579.7262
2022-04-08,LONG,2022-04-08 01:15:00,16707.587468,16657.587468,50,16757.587468,50,2022-04-08 03:00:00,16757.587468,TAKE_PROFIT,50.0,WIN,16696.419295,16629.410254,16662.9147745
2022-04-11,SHORT,2022-04-11 03:15:00,16238.23782,16288.23782,50,16188.23782,50,2022-04-11 04:45:00,16288.23782,STOP_LOSS,-50.0,LOSS,16459.310382,16261.433257,16360.3718195
2022-04-13,LONG,2022-04-13 01:00:00,16125.124269,16075.124269,50,16175.124269,50,2022-04-13 02:00:00,16075.124269,STOP_LOSS,-50.0,LOSS,16093.624292,15996.260729,16044.942510500001
2022-04-18,LONG,2022-04-18 03:00:00,15833.606305,15783.606305,50,15883.606305,50,2022-04-18 04:15:00,15783.606305,STOP_LOSS,-50.0,LOSS,15832.174488,15726.506386,15779.340436999999
2022-04-19,SHORT,2022-04-19 02:15:00,15955.597123,16005.597123,50,15905.597123,50,2022-04-19 03:00:00,16005.597123,STOP_LOSS,-50.0,LOSS,16058.115228,15960.178938,16009.147083
2022-04-20,LONG,2022-04-20 03:30:00,16186.119677,16136.119677,50,16236.119677,50,2022-04-20 04:15:00,16236.119677,TAKE_PROFIT,50.0,WIN,16180.106046,16084.747026,16132.426535999999
2022-04-26,SHORT,2022-04-26 02:00:00,15420.670252,15470.670252,50,15370.670252,50,2022-04-26 03:15:00,15470.670252,STOP_LOSS,-50.0,LOSS,15559.556511,15472.502031,15516.029271
2022-04-28,LONG,2022-04-28 01:15:00,15139.461372,15089.461372,50,15189.461372,50,2022-04-28 02:00:00,15189.461372,TAKE_PROFIT,50.0,WIN,15117.984115,15042.956899,15080.470507
2022-04-29,LONG,2022-04-29 01:00:00,15327.029413,15277.029413,50,15377.029413,50,2022-04-29 02:00:00,15277.029413,STOP_LOSS,-50.0,LOSS,15295.8158,15161.797718,15228.806759
2022-05-05,SHORT,2022-05-05 01:15:00,15461.620221,15511.620221,50,15411.620221,50,2022-05-05 02:00:00,15411.620221,TAKE_PROFIT,50.0,WIN,15511.73382,15465.056582,15488.395201
2022-05-09,SHORT,2022-05-09 03:15:00,14322.180166,14372.180166,50,14272.180166,50,2022-05-09 03:30:00,14272.180166,TAKE_PROFIT,50.0,WIN,14458.202792,14328.480162,14393.341477
2022-05-10,LONG,2022-05-10 01:00:00,14164.107558,14114.107558,50,14214.107558,50,2022-05-10 01:45:00,14214.107558,TAKE_PROFIT,50.0,WIN,14102.825785,13862.566875,13982.69633
2022-05-11,LONG,2022-05-11 03:15:00,14279.79838,14229.79838,50,14329.79838,50,2022-05-11 03:45:00,14329.79838,TAKE_PROFIT,50.0,WIN,14276.934746,14112.562142,14194.748444
2022-05-12,SHORT,2022-05-12 01:45:00,13644.357948,13694.357948,50,13594.357948,50,2022-05-12 02:00:00,13594.357948,TAKE_PROFIT,50.0,WIN,13828.203264,13655.526121,13741.8646925
2022-05-13,LONG,2022-05-13 02:30:00,13938.739545,13888.739545,50,13988.739545,50,2022-05-13 04:45:00,13888.739545,STOP_LOSS,-50.0,LOSS,13914.685018,13674.139743,13794.4123805
2022-05-17,LONG,2022-05-17 01:30:00,14135.757579,14085.757579,50,14185.757579,50,2022-05-17 02:30:00,14185.757579,TAKE_PROFIT,50.0,WIN,14132.321218,14026.080389,14079.2008035
2022-05-18,SHORT,2022-05-18 03:30:00,14283.807468,14333.807468,50,14233.807468,50,2022-05-18 05:00:00,14333.807468,STOP_LOSS,-50.0,LOSS,14406.084649,14287.243829,14346.664239
2022-05-19,SHORT,2022-05-19 02:30:00,13491.726244,13541.726244,50,13441.726244,50,2022-05-19 04:00:00,13441.726244,TAKE_PROFIT,50.0,WIN,13692.180639,13524.658037,13608.419338
2022-05-20,LONG,2022-05-20 02:30:00,13811.307822,13761.307822,50,13861.307822,50,2022-05-20 07:45:00,13761.307822,STOP_LOSS,-50.0,LOSS,13763.771494,13625.171598,13694.471546
2022-05-24,SHORT,2022-05-24 01:00:00,13532.962577,13582.962577,50,13482.962577,50,2022-05-24 01:30:00,13482.962577,TAKE_PROFIT,50.0,WIN,13628.607959,13565.03528,13596.8216195
2022-05-25,SHORT,2022-05-25 03:00:00,13491.153517,13541.153517,50,13441.153517,50,2022-05-25 04:15:00,13441.153517,TAKE_PROFIT,50.0,WIN,13622.307964,13502.32169,13562.314827
2022-05-27,LONG,2022-05-27 03:15:00,14116.57123,14066.57123,50,14166.57123,50,2022-05-27 04:45:00,14166.57123,TAKE_PROFIT,50.0,WIN,14089.080341,13999.734954,14044.4076475
2022-05-30,LONG,2022-05-30 01:00:00,14733.39804,14683.39804,50,14783.39804,50,2022-05-30 05:15:00,14683.39804,STOP_LOSS,-50.0,LOSS,14680.993534,14549.839087,14615.4163105
2022-06-01,SHORT,2022-06-01 01:15:00,14482.257319,14532.257319,50,14432.257319,50,2022-06-01 03:00:00,14432.257319,TAKE_PROFIT,50.0,WIN,14576.184521,14485.980044,14531.0822825
2022-06-02,LONG,2022-06-02 02:00:00,14421.834637,14371.834637,50,14471.834637,50,2022-06-02 03:15:00,14471.834637,TAKE_PROFIT,50.0,WIN,14421.548274,14311.298356,14366.423315
2022-06-03,SHORT,2022-06-03 02:00:00,14731.393496,14781.393496,50,14681.393496,50,2022-06-03 03:00:00,14681.393496,TAKE_PROFIT,50.0,WIN,14814.152525,14759.743475,14786.948
2022-06-06,LONG,2022-06-06 01:45:00,14496.289127,14446.289127,50,14546.289127,50,2022-06-06 02:45:00,14546.289127,TAKE_PROFIT,50.0,WIN,14489.989131,14353.680143,14421.834637
2022-06-09,LONG,2022-06-09 03:45:00,14523.207288,14473.207288,50,14573.207288,50,2022-06-09 05:30:00,14573.207288,TAKE_PROFIT,50.0,WIN,14474.81187,14394.630112,14434.720991
2022-06-13,SHORT,2022-06-13 01:00:00,13235.541405,13285.541405,50,13185.541405,50,2022-06-13 02:00:00,13285.541405,STOP_LOSS,-50.0,LOSS,13371.73997,13252.89915,13312.31956
2022-06-14,LONG,2022-06-14 01:00:00,13174.116288,13124.116288,50,13224.116288,50,2022-06-14 02:00:00,13124.116288,STOP_LOSS,-50.0,LOSS,13124.404798,12964.128097,13044.2664475
2022-06-16,SHORT,2022-06-16 01:00:00,13225.827666,13275.827666,50,13175.827666,50,2022-06-16 01:30:00,13175.827666,TAKE_PROFIT,50.0,WIN,13455.529034,13302.10909,13378.819061999999
2022-06-17,LONG,2022-06-17 04:00:00,12904.131471,12854.131471,50,12954.131471,50,2022-06-17 07:45:00,12854.131471,STOP_LOSS,-50.0,LOSS,12898.988903,12756.425491,12827.707197
2022-06-21,LONG,2022-06-21 02:30:00,13169.259418,13119.259418,50,13219.259418,50,2022-06-21 06:15:00,13119.259418,STOP_LOSS,-50.0,LOSS,13149.831939,13026.12461,13087.978274500001
2022-06-22,SHORT,2022-06-22 01:00:00,13056.122923,13106.122923,50,13006.122923,50,2022-06-22 02:00:00,13006.122923,TAKE_PROFIT,50.0,WIN,13232.113027,13081.264367,13156.688697
2022-06-23,LONG,2022-06-23 03:00:00,13273.539268,13223.539268,50,13323.539268,50,2022-06-23 05:15:00,13323.539268,TAKE_PROFIT,50.0,WIN,13261.825641,13096.977769,13179.401705
2022-06-27,LONG,2022-06-27 02:45:00,13984.927834,13934.927834,50,14034.927834,50,2022-06-27 05:15:00,13934.927834,STOP_LOSS,-50.0,LOSS,13976.928284,13796.36701,13886.647647
2022-06-28,LONG,2022-06-28 01:00:00,13838.364648,13788.364648,50,13888.364648,50,2022-06-28 02:00:00,13888.364648,TAKE_PROFIT,50.0,WIN,13822.936944,13680.373533,13751.6552385
2022-06-30,SHORT,2022-06-30 01:00:00,13228.970346,13278.970346,50,13178.970346,50,2022-06-30 01:30:00,13178.970346,TAKE_PROFIT,50.0,WIN,13361.248622,13290.96686,13326.107741
2022-07-05,SHORT,2022-07-05 02:45:00,13294.10954,13344.10954,50,13244.10954,50,2022-07-05 03:15:00,13244.10954,TAKE_PROFIT,50.0,WIN,13426.673514,13313.251321,13369.962417499999
2022-07-07,LONG,2022-07-07 01:00:00,13622.376794,13572.376794,50,13672.376794,50,2022-07-07 03:45:00,13672.376794,TAKE_PROFIT,50.0,WIN,13618.091321,13526.667891,13572.379605999999
2022-07-11,SHORT,2022-07-11 01:00:00,13714.657319,13764.657319,50,13664.657319,50,2022-07-11 02:00:00,13764.657319,STOP_LOSS,-50.0,LOSS,13859.220618,13741.512952,13800.366784999998
2022-07-12,SHORT,2022-07-12 02:15:00,13460.9573,13510.9573,50,13410.9573,50,2022-07-12 03:30:00,13510.9573,STOP_LOSS,-50.0,LOSS,13609.806072,13471.813832,13540.809952
2022-07-14,SHORT,2022-07-14 03:15:00,13327.82193,13377.82193,50,13277.82193,50,2022-07-14 03:30:00,13277.82193,TAKE_PROFIT,50.0,WIN,13445.243898,13328.679025,13386.9614615
2022-07-18,LONG,2022-07-18 01:30:00,13846.0785,13796.0785,50,13896.0785,50,2022-07-18 02:30:00,13896.0785,TAKE_PROFIT,50.0,WIN,13836.650459,13745.512727,13791.081592999999
2022-07-20,SHORT,2022-07-20 02:30:00,14033.496532,14083.496532,50,13983.496532,50,2022-07-20 07:15:00,13983.496532,TAKE_PROFIT,50.0,WIN,14123.205772,14054.352502,14088.779137
2022-07-25,LONG,2022-07-25 03:30:00,14236.627966,14186.627966,50,14286.627966,50,2022-07-25 08:00:00,14208.62954,TIME_EXIT,-27.99842600000011,LOSS,14212.629315,14152.346991,14182.488153
2022-07-27,LONG,2022-07-27 03:00:00,14079.779643,14029.779643,50,14129.779643,50,2022-07-27 05:30:00,14029.779643,STOP_LOSS,-50.0,LOSS,14061.780655,13993.498781,14027.639718
2022-07-28,SHORT,2022-07-28 02:30:00,14334.336757,14384.336757,50,14284.336757,50,2022-07-28 03:45:00,14284.336757,TAKE_PROFIT,50.0,WIN,14391.4764,14344.336194,14367.906297
2022-08-02,SHORT,2022-08-02 02:00:00,14706.601536,14756.601536,50,14656.601536,50,2022-08-02 05:15:00,14656.601536,TAKE_PROFIT,50.0,WIN,14828.594676,14723.457731,14776.026203500001
2022-08-05,SHORT,2022-08-05 03:30:00,15221.144029,15271.144029,50,15171.144029,50,2022-08-05 07:30:00,15171.144029,TAKE_PROFIT,50.0,WIN,15295.711264,15232.28626,15263.998762
2022-08-08,LONG,2022-08-08 01:00:00,15149.148078,15099.148078,50,15199.148078,50,2022-08-08 02:00:00,15199.148078,TAKE_PROFIT,50.0,WIN,15122.578144,15056.581855,15089.5799995
2022-08-15,SHORT,2022-08-15 02:00:00,15451.98819,15501.98819,50,15401.98819,50,2022-08-15 08:00:00,15451.702492,TIME_EXIT,0.2856979999996838,WIN,15502.842473,15461.130533,15481.986503
2022-08-17,SHORT,2022-08-17 01:45:00,15584.266466,15634.266466,50,15534.266466,50,2022-08-17 03:00:00,15534.266466,TAKE_PROFIT,50.0,WIN,15623.121424,15585.123561,15604.1224925
2022-08-19,SHORT,2022-08-19 01:00:00,15395.419943,15445.419943,50,15345.419943,50,2022-08-19 01:45:00,15345.419943,TAKE_PROFIT,50.0,WIN,15464.84461,15415.13312,15439.988865
2022-08-22,SHORT,2022-08-22 01:00:00,15045.725323,15095.725323,50,14995.725323,50,2022-08-22 02:30:00,14995.725323,TAKE_PROFIT,50.0,WIN,15110.864517,15058.581742,15084.7231295
2022-08-25,LONG,2022-08-25 01:15:00,14909.161574,14859.161574,50,14959.161574,50,2022-08-25 04:30:00,14859.161574,STOP_LOSS,-50.0,LOSS,14841.451096,14770.597937,14806.024516500001
2022-08-30,LONG,2022-08-30 02:15:00,14369.477638,14319.477638,50,14419.477638,50,2022-08-30 02:45:00,14419.477638,TAKE_PROFIT,50.0,WIN,14359.4782,14266.054882,14312.766541
2022-09-07,LONG,2022-09-07 02:45:00,13760.369034,13710.369034,50,13810.369034,50,2022-09-07 06:30:00,13710.369034,STOP_LOSS,-50.0,LOSS,13740.941555,13623.805285,13682.37342
2022-09-09,LONG,2022-09-09 02:00:00,14214.629203,14164.629203,50,14264.629203,50,2022-09-09 08:00:00,14221.200262,TIME_EXIT,6.571058999999877,WIN,14187.77357,14100.921311,14144.3474405
2022-09-12,LONG,2022-09-12 02:15:00,14454.180108,14404.180108,50,14504.180108,50,2022-09-12 04:00:00,14504.180108,TAKE_PROFIT,50.0,WIN,14452.615819,14368.620543,14410.618181000002
2022-09-13,LONG,2022-09-13 01:00:00,14627.693881,14577.693881,50,14677.693881,50,2022-09-13 06:30:00,14677.693881,TAKE_PROFIT,50.0,WIN,14602.135388,14558.969932,14580.552660000001
2022-09-16,SHORT,2022-09-16 01:00:00,13506.52796,13556.52796,50,13456.52796,50,2022-09-16 07:45:00,13456.52796,TAKE_PROFIT,50.0,WIN,13557.360964,13511.071692,13534.216327999999
2022-09-19,SHORT,2022-09-19 01:00:00,13432.976295,13482.976295,50,13382.976295,50,2022-09-19 08:00:00,13462.794538,TIME_EXIT,-29.81824299999971,LOSS,13574.683943,13467.33827,13521.0111065
2022-09-20,SHORT,2022-09-20 02:30:00,13654.767223,13704.767223,50,13604.767223,50,2022-09-20 03:00:00,13604.767223,TAKE_PROFIT,50.0,WIN,13736.27042,13668.39842,13702.33442
2022-09-22,LONG,2022-09-22 01:15:00,13230.496229,13180.496229,50,13280.496229,50,2022-09-22 01:45:00,13180.496229,STOP_LOSS,-50.0,LOSS,13216.013082,13120.026739,13168.0199105
2022-09-23,SHORT,2022-09-23 03:00:00,13055.846522,13105.846522,50,13005.846522,50,2022-09-23 04:30:00,13005.846522,TAKE_PROFIT,50.0,WIN,13177.107375,13063.230087,13120.168731
2022-09-27,LONG,2022-09-27 01:15:00,13021.484547,12971.484547,50,13071.484547,50,2022-09-27 02:30:00,13071.484547,TAKE_PROFIT,50.0,WIN,12975.195275,12863.021887,12919.108581
2022-09-28,SHORT,2022-09-28 02:00:00,12694.903795,12744.903795,50,12644.903795,50,2022-09-28 02:30:00,12744.903795,STOP_LOSS,-50.0,LOSS,12941.117284,12704.275243,12822.6962635
2022-09-29,SHORT,2022-09-29 01:00:00,12989.962405,13039.962405,50,12939.962405,50,2022-09-29 01:30:00,13039.962405,STOP_LOSS,-50.0,LOSS,13139.621585,13063.798053,13101.709819
2022-09-30,LONG,2022-09-30 01:45:00,12815.312699,12765.312699,50,12865.312699,50,2022-09-30 02:15:00,12865.312699,TAKE_PROFIT,50.0,WIN,12806.793201,12699.731511,12753.262356
2022-10-04,LONG,2022-10-04 01:30:00,12986.270623,12936.270623,50,13036.270623,50,2022-10-04 02:15:00,13036.270623,TAKE_PROFIT,50.0,WIN,12980.874941,12834.055594,12907.4652675
2022-10-05,SHORT,2022-10-05 02:15:00,13127.694288,13177.694288,50,13077.694288,50,2022-10-05 03:15:00,13077.694288,TAKE_PROFIT,50.0,WIN,13208.629517,13135.077852,13171.8536845
2022-10-06,SHORT,2022-10-06 01:45:00,13212.889266,13262.889266,50,13162.889266,50,2022-10-06 03:15:00,13162.889266,TAKE_PROFIT,50.0,WIN,13324.210705,13224.816563,13274.513633999999
2022-10-07,SHORT,2022-10-07 01:15:00,13022.052514,13072.052514,50,12972.052514,50,2022-10-07 02:00:00,13072.052514,STOP_LOSS,-50.0,LOSS,13136.497769,13052.15474,13094.3262545
2022-10-11,SHORT,2022-10-11 01:45:00,12372.866775,12422.866775,50,12322.866775,50,2022-10-11 02:15:00,12422.866775,STOP_LOSS,-50.0,LOSS,12530.761469,12396.721369,12463.741419
2022-10-13,SHORT,2022-10-13 01:00:00,12300.16706,12350.16706,50,12250.16706,50,2022-10-13 04:00:00,12350.16706,STOP_LOSS,-50.0,LOSS,12357.247696,12307.550625,12332.399160500001
2022-10-17,LONG,2022-10-17 01:00:00,12325.44157,12275.44157,50,12375.44157,50,2022-10-17 02:45:00,12375.44157,TAKE_PROFIT,50.0,WIN,12272.620683,12224.911495,12248.766089
2022-10-19,SHORT,2022-10-19 01:00:00,12821.276347,12871.276347,50,12771.276347,50,2022-10-19 01:45:00,12771.276347,TAKE_PROFIT,50.0,WIN,12930.041937,12848.254757,12889.148347
2022-10-24,SHORT,2022-10-24 02:15:00,12853.650439,12903.650439,50,12803.650439,50,2022-10-24 03:15:00,12803.650439,TAKE_PROFIT,50.0,WIN,13061.526187,12907.607259,12984.566723
2022-10-25,LONG,2022-10-25 01:15:00,13072.885518,13022.885518,50,13122.885518,50,2022-10-25 04:00:00,13022.885518,STOP_LOSS,-50.0,LOSS,13067.489836,12983.998757,13025.744296500001
2022-10-26,LONG,2022-10-26 02:15:00,13091.34443,13041.34443,50,13141.34443,50,2022-10-26 07:30:00,13041.34443,STOP_LOSS,-50.0,LOSS,13071.181618,12990.814355,13030.9979865
2022-10-27,SHORT,2022-10-27 01:45:00,13017.224798,13067.224798,50,12967.224798,50,2022-10-27 04:00:00,12967.224798,TAKE_PROFIT,50.0,WIN,13105.827576,13019.496664,13062.66212
2022-10-28,SHORT,2022-10-28 01:00:00,12620.784164,12670.784164,50,12570.784164,50,2022-10-28 02:30:00,12570.784164,TAKE_PROFIT,50.0,WIN,12709.954908,12635.26731,12672.611109
2022-10-31,SHORT,2022-10-31 03:00:00,13075.72535,13125.72535,50,13025.72535,50,2022-10-31 08:00:00,13071.465602,TIME_EXIT,4.2597480000004,WIN,13162.624229,13082.824932,13122.724580499998
2022-11-01,LONG,2022-11-01 01:00:00,13098.160028,13048.160028,50,13148.160028,50,2022-11-01 05:00:00,13148.160028,TAKE_PROFIT,50.0,WIN,13063.230087,13019.780648,13041.5053675
2022-11-04,LONG,2022-11-04 01:00:00,12253.309822,12203.309822,50,12303.309822,50,2022-11-04 04:15:00,12303.309822,TAKE_PROFIT,50.0,WIN,12247.346173,12160.447295,12203.896734
2022-11-07,LONG,2022-11-07 02:30:00,12402.685018,12352.685018,50,12452.685018,50,2022-11-07 05:00:00,12452.685018,TAKE_PROFIT,50.0,WIN,12372.582792,12251.037955,12311.8103735
2022-11-09,SHORT,2022-11-09 03:45:00,12548.936398,12598.936398,50,12498.936398,50,2022-11-09 05:00:00,12598.936398,STOP_LOSS,-50.0,LOSS,12681.840565,12581.026507,12631.433536
2022-11-11,LONG,2022-11-11 01:30:00,13328.754438,13278.754438,50,13378.754438,50,2022-11-11 04:45:00,13278.754438,STOP_LOSS,-50.0,LOSS,13316.259174,13199.826036,13258.042605
2022-11-15,LONG,2022-11-15 01:00:00,13444.335626,13394.335626,50,13494.335626,50,2022-11-15 04:00:00,13494.335626,TAKE_PROFIT,50.0,WIN,13435.248161,13360.560563,13397.904362
2022-11-16,LONG,2022-11-16 01:45:00,13574.967926,13524.967926,50,13624.967926,50,2022-11-16 03:30:00,13524.967926,STOP_LOSS,-50.0,LOSS,13550.829349,13447.743425,13499.286387
2022-11-21,SHORT,2022-11-21 01:45:00,13231.348178,13281.348178,50,13181.348178,50,2022-11-21 05:45:00,13181.348178,TAKE_PROFIT,50.0,WIN,13306.887726,13242.991492,13274.939609000001
2022-11-22,SHORT,2022-11-22 01:00:00,13148.425066,13198.425066,50,13098.425066,50,2022-11-22 02:30:00,13098.425066,TAKE_PROFIT,50.0,WIN,13206.357651,13155.808631,13181.083141
2022-11-23,LONG,2022-11-23 01:45:00,13360.560563,13310.560563,50,13410.560563,50,2022-11-23 08:00:00,13360.560563,TIME_EXIT,0.0,LOSS,13354.028948,13313.135358,13333.582153
2022-11-25,SHORT,2022-11-25 01:45:00,13515.899408,13565.899408,50,13465.899408,50,2022-11-25 03:45:00,13465.899408,TAKE_PROFIT,50.0,WIN,13540.321968,13519.307207,13529.814587500001
2022-11-29,LONG,2022-11-29 01:00:00,13272.525752,13222.525752,50,13322.525752,50,2022-11-29 07:00:00,13222.525752,STOP_LOSS,-50.0,LOSS,13263.438287,13189.602639,13226.520463
2022-11-30,LONG,2022-11-30 02:00:00,13130.250137,13080.250137,50,13180.250137,50,2022-11-30 08:00:00,13106.963509,TIME_EXIT,-23.286628000001656,LOSS,13116.902924,13064.082037,13090.492480500001
2022-12-01,SHORT,2022-12-01 02:15:00,13657.607056,13707.607056,50,13607.607056,50,2022-12-01 07:15:00,13707.607056,STOP_LOSS,-50.0,LOSS,13724.911089,13661.866805,13693.388947
2022-12-02,LONG,2022-12-02 02:30:00,13680.893683,13630.893683,50,13730.893683,50,2022-12-02 07:30:00,13630.893683,STOP_LOSS,-50.0,LOSS,13675.781985,13628.924746,13652.3533655
2022-12-05,SHORT,2022-12-05 01:00:00,13591.722939,13641.722939,50,13541.722939,50,2022-12-05 07:45:00,13541.722939,TAKE_PROFIT,50.0,WIN,13641.987976,13609.897868,13625.942922
2022-12-07,SHORT,2022-12-07 01:00:00,13119.458773,13169.458773,50,13069.458773,50,2022-12-07 05:30:00,13069.458773,TAKE_PROFIT,50.0,WIN,13172.27966,13138.485652,13155.382656
2022-12-08,LONG,2022-12-08 01:00:00,13077.997217,13027.997217,50,13127.997217,50,2022-12-08 06:30:00,13127.997217,TAKE_PROFIT,50.0,WIN,13077.713233,12987.122572,13032.417902500001
2022-12-09,LONG,2022-12-09 01:15:00,13299.788145,13249.788145,50,13349.788145,50,2022-12-09 07:30:00,13249.788145,STOP_LOSS,-50.0,LOSS,13277.353467,13204.369768,13240.8616175
2022-12-12,LONG,2022-12-12 01:15:00,13140.757518,13090.757518,50,13190.757518,50,2022-12-12 04:45:00,13190.757518,TAKE_PROFIT,50.0,WIN,13135.645819,13089.072564,13112.3591915
2022-12-13,LONG,2022-12-13 01:00:00,13324.964426,13274.964426,50,13374.964426,50,2022-12-13 04:30:00,13374.964426,TAKE_PROFIT,50.0,WIN,13323.074772,13268.266003,13295.6703875
2022-12-14,SHORT,2022-12-14 03:30:00,13438.840995,13488.840995,50,13388.840995,50,2022-12-14 08:00:00,13439.122171,TIME_EXIT,-0.2811760000004142,LOSS,13512.228117,13443.339822,13477.7839695
2022-12-15,SHORT,2022-12-15 01:00:00,13307.250293,13357.250293,50,13257.250293,50,2022-12-15 01:45:00,13257.250293,TAKE_PROFIT,50.0,WIN,13381.762122,13312.030297,13346.896209499999
2022-12-16,SHORT,2022-12-16 01:45:00,12837.404006,12887.404006,50,12787.404006,50,2022-12-16 02:15:00,12787.404006,TAKE_PROFIT,50.0,WIN,12920.351136,12855.399315,12887.8752255
2022-12-19,LONG,2022-12-19 02:00:00,12809.567511,12759.567511,50,12859.567511,50,2022-12-19 08:00:00,12764.016884,TIME_EXIT,-45.55062699999871,LOSS,12803.100447,12745.459221,12774.279834
2022-12-22,SHORT,2022-12-22 04:00:00,12741.803923,12791.803923,50,12691.803923,50,2022-12-22 06:30:00,12691.803923,TAKE_PROFIT,50.0,WIN,12800.28868,12752.207462,12776.248071
2022-12-27,SHORT,2022-12-27 03:00:00,12528.671975,12578.671975,50,12478.671975,50,2022-12-27 06:30:00,12478.671975,TAKE_PROFIT,50.0,WIN,12578.440253,12534.576686,12556.5084695
2022-12-29,LONG,2022-12-29 01:00:00,12156.95636,12106.95636,50,12206.95636,50,2022-12-29 05:00:00,12206.95636,TAKE_PROFIT,50.0,WIN,12153.863417,12121.528095,12137.695756000001
2022-12-30,SHORT,2022-12-30 01:00:00,12352.092999,12402.092999,50,12302.092999,50,2022-12-30 06:30:00,12302.092999,TAKE_PROFIT,50.0,WIN,12405.516575,12364.183598,12384.850086499999
2023-01-03,LONG,2023-01-03 01:30:00,12442.069547,12392.069547,50,12492.069547,50,2023-01-03 02:30:00,12492.069547,TAKE_PROFIT,50.0,WIN,12437.008366,12317.78944,12377.398903000001
2023-01-04,LONG,2023-01-04 01:45:00,12368.963602,12318.963602,50,12418.963602,50,2023-01-04 02:15:00,12418.963602,TAKE_PROFIT,50.0,WIN,12359.122417,12310.760022,12334.9412195
2023-01-06,SHORT,2023-01-06 01:15:00,12182.543441,12232.543441,50,12132.543441,50,2023-01-06 03:15:00,12132.543441,TAKE_PROFIT,50.0,WIN,12243.277611,12190.135213,12216.706412
2023-01-16,SHORT,2023-01-16 02:00:00,13017.075925,13067.075925,50,12967.075925,50,2023-01-16 03:00:00,12967.075925,TAKE_PROFIT,50.0,WIN,13090.181871,13028.041817,13059.111844
2023-01-24,SHORT,2023-01-24 03:15:00,13396.102134,13446.102134,50,13346.102134,50,2023-01-24 07:30:00,13346.102134,TAKE_PROFIT,50.0,WIN,13434.342167,13397.789195,13416.065681
2023-01-26,LONG,2023-01-26 01:30:00,13433.779814,13383.779814,50,13483.779814,50,2023-01-26 06:45:00,13483.779814,TAKE_PROFIT,50.0,WIN,13428.15628,13360.673868,13394.415074
2023-01-30,SHORT,2023-01-30 01:00:00,13658.440007,13708.440007,50,13608.440007,50,2023-01-30 02:15:00,13608.440007,TAKE_PROFIT,50.0,WIN,13748.416556,13668.843546,13708.630051
2023-01-31,SHORT,2023-01-31 03:00:00,13407.349203,13457.349203,50,13357.349203,50,2023-01-31 05:30:00,13357.349203,TAKE_PROFIT,50.0,WIN,13501.543402,13408.47391,13455.008656
2023-02-01,LONG,2023-02-01 01:15:00,13637.914107,13587.914107,50,13687.914107,50,2023-02-01 08:00:00,13654.503533,TIME_EXIT,16.58942599999864,WIN,13634.539987,13591.801126,13613.170556500001
2023-02-02,LONG,2023-02-02 02:15:00,14147.406311,14097.406311,50,14197.406311,50,2023-02-02 07:15:00,14197.406311,TAKE_PROFIT,50.0,WIN,14111.134515,14060.803884,14085.9691995
2023-02-06,SHORT,2023-02-06 02:45:00,14098.481563,14148.481563,50,14048.481563,50,2023-02-06 03:45:00,14048.481563,TAKE_PROFIT,50.0,WIN,14175.242806,14106.073334,14140.658070000001
2023-02-08,SHORT,2023-02-08 02:15:00,14319.48646,14369.48646,50,14269.48646,50,2023-02-08 06:00:00,14369.48646,STOP_LOSS,-50.0,LOSS,14405.80771,14327.921761,14366.8647355
2023-02-09,LONG,2023-02-09 02:00:00,14212.358132,14162.358132,50,14262.358132,50,2023-02-09 03:45:00,14262.358132,TAKE_PROFIT,50.0,WIN,14185.365168,14120.694524,14153.029846000001
2023-02-13,LONG,2023-02-13 01:15:00,13872.696663,13822.696663,50,13922.696663,50,2023-02-13 03:15:00,13922.696663,TAKE_PROFIT,50.0,WIN,13853.014293,13794.810713,13823.912503
2023-02-16,SHORT,2023-02-16 02:45:00,14333.826472,14383.826472,50,14283.826472,50,2023-02-16 06:15:00,14283.826472,TAKE_PROFIT,50.0,WIN,14388.093578,14336.075886,14362.084732
2023-02-17,SHORT,2023-02-17 02:00:00,13928.088475,13978.088475,50,13878.088475,50,2023-02-17 02:30:00,13878.088475,TAKE_PROFIT,50.0,WIN,14002.037951,13939.897897,13970.967924
2023-02-21,SHORT,2023-02-21 01:00:00,13868.197835,13918.197835,50,13818.197835,50,2023-02-21 02:30:00,13818.197835,TAKE_PROFIT,50.0,WIN,13923.308471,13871.853133,13897.580802
2023-02-22,SHORT,2023-02-22 02:15:00,13606.703492,13656.703492,50,13556.703492,50,2023-02-22 06:15:00,13656.703492,STOP_LOSS,-50.0,LOSS,13657.596477,13618.231738,13637.9141075
2023-02-24,SHORT,2023-02-24 01:15:00,13676.997671,13726.997671,50,13626.997671,50,2023-02-24 04:15:00,13626.997671,TAKE_PROFIT,50.0,WIN,13737.731841,13679.528261,13708.630051
2023-02-27,LONG,2023-02-27 02:00:00,13555.810507,13505.810507,50,13605.810507,50,2023-02-27 07:30:00,13605.810507,TAKE_PROFIT,50.0,WIN,13549.343443,13500.981048,13525.1622455
2023-02-28,SHORT,2023-02-28 01:00:00,13579.148174,13629.148174,50,13529.148174,50,2023-02-28 05:30:00,13629.148174,STOP_LOSS,-50.0,LOSS,13641.288228,13589.551713,13615.4199705
2023-03-01,LONG,2023-03-01 01:00:00,13599.955251,13549.955251,50,13649.955251,50,2023-03-01 04:45:00,13649.955251,TAKE_PROFIT,50.0,WIN,13585.052885,13484.391622,13534.7222535
2023-03-02,SHORT,2023-03-02 02:00:00,13321.309129,13371.309129,50,13271.309129,50,2023-03-02 02:45:00,13371.309129,STOP_LOSS,-50.0,LOSS,13487.203389,13332.556197,13409.879793
2023-03-03,LONG,2023-03-03 02:30:00,13575.492877,13525.492877,50,13625.492877,50,2023-03-03 05:15:00,13625.492877,TAKE_PROFIT,50.0,WIN,13561.152865,13509.978703,13535.565784
2023-03-09,SHORT,2023-03-09 02:00:00,13698.367101,13748.367101,50,13648.367101,50,2023-03-09 07:30:00,13748.367101,STOP_LOSS,-50.0,LOSS,13751.509499,13701.460045,13726.484772
2023-03-10,LONG,2023-03-10 03:15:00,13507.729289,13457.729289,50,13557.729289,50,2023-03-10 05:30:00,13557.729289,TAKE_PROFIT,50.0,WIN,13488.046919,13413.253914,13450.6504165
2023-03-20,SHORT,2023-03-20 01:15:00,14029.045728,14079.045728,50,13979.045728,50,2023-03-20 01:45:00,13979.045728,TAKE_PROFIT,50.0,WIN,14169.319486,14067.175698,14118.247592
2023-03-22,SHORT,2023-03-22 02:00:00,14310.984849,14360.984849,50,14260.984849,50,2023-03-22 03:15:00,14260.984849,TAKE_PROFIT,50.0,WIN,14346.331609,14313.489737,14329.910673
2023-03-23,LONG,2023-03-23 01:00:00,14228.880169,14178.880169,50,14278.880169,50,2023-03-23 03:00:00,14278.880169,TAKE_PROFIT,50.0,WIN,14223.592071,14144.548922,14184.0704965
2023-03-27,SHORT,2023-03-27 02:15:00,14339.095265,14389.095265,50,14289.095265,50,2023-03-27 04:45:00,14389.095265,STOP_LOSS,-50.0,LOSS,14429.549573,14369.153927,14399.35175
2023-03-28,SHORT,2023-03-28 02:15:00,14238.899723,14288.899723,50,14188.899723,50,2023-03-28 08:00:00,14216.077405,TIME_EXIT,22.82231800000045,WIN,14279.256261,14240.013007,14259.634634
2023-03-29,LONG,2023-03-29 01:00:00,14261.44372,14211.44372,50,14311.44372,50,2023-03-29 02:30:00,14311.44372,TAKE_PROFIT,50.0,WIN,14240.84797,14185.462101,14213.1550355
2023-03-30,LONG,2023-03-30 01:00:00,14455.711742,14405.711742,50,14505.711742,50,2023-03-30 05:30:00,14505.711742,TAKE_PROFIT,50.0,WIN,14429.549573,14396.42938,14412.989476499999
2023-04-04,LONG,2023-04-04 03:45:00,14769.379451,14719.379451,50,14819.379451,50,2023-04-04 04:30:00,14819.379451,TAKE_PROFIT,50.0,WIN,14764.091353,14724.848099,14744.469726
2023-04-05,SHORT,2023-04-05 02:15:00,14708.148842,14758.148842,50,14658.148842,50,2023-04-05 08:00:00,14695.90272,TIME_EXIT,12.246122000000469,WIN,14747.948738,14709.540447,14728.7445925
2023-04-06,LONG,2023-04-06 02:15:00,14557.577209,14507.577209,50,14607.577209,50,2023-04-06 04:45:00,14507.577209,STOP_LOSS,-50.0,LOSS,14545.331087,14492.450107,14518.890597000001
2023-04-10,SHORT,2023-04-10 01:00:00,14605.726733,14655.726733,50,14555.726733,50,2023-04-10 05:15:00,14655.726733,STOP_LOSS,-50.0,LOSS,14675.30697,14618.529497,14646.9182335
2023-04-11,LONG,2023-04-11 03:45:00,14684.769883,14634.769883,50,14734.769883,50,2023-04-11 06:00:00,14634.769883,STOP_LOSS,-50.0,LOSS,14680.316747,14635.228754,14657.7727505
2023-04-13,LONG,2023-04-13 01:30:00,14464.339691,14414.339691,50,14514.339691,50,2023-04-13 07:30:00,14514.339691,TAKE_PROFIT,50.0,WIN,14448.197076,14389.749677,14418.9733765
2023-04-14,SHORT,2023-04-14 04:00:00,14666.679021,14716.679021,50,14616.679021,50,2023-04-14 05:45:00,14616.679021,TAKE_PROFIT,50.0,WIN,14712.323656,14676.141933,14694.2327945
2023-04-18,LONG,2023-04-18 01:00:00,14679.481784,14629.481784,50,14729.481784,50,2023-04-18 03:00:00,14729.481784,TAKE_PROFIT,50.0,WIN,14679.203464,14651.093048,14665.148256
2023-04-19,SHORT,2023-04-19 01:00:00,14622.42599,14672.42599,50,14572.42599,50,2023-04-19 04:00:00,14572.42599,TAKE_PROFIT,50.0,WIN,14680.595068,14653.041294,14666.818181
2023-04-20,SHORT,2023-04-20 02:00:00,14595.428858,14645.428858,50,14545.428858,50,2023-04-20 02:30:00,14545.428858,TAKE_PROFIT,50.0,WIN,14643.300061,14609.066585,14626.183323000001
2023-04-21,SHORT,2023-04-21 01:30:00,14542.547878,14592.547878,50,14492.547878,50,2023-04-21 05:45:00,14492.547878,TAKE_PROFIT,50.0,WIN,14592.645649,14557.85553,14575.2505895
2023-04-24,SHORT,2023-04-24 01:00:00,14498.016526,14548.016526,50,14448.016526,50,2023-04-24 04:15:00,14548.016526,STOP_LOSS,-50.0,LOSS,14555.907283,14519.168918,14537.5381005
2023-04-25,SHORT,2023-04-25 02:00:00,14472.68932,14522.68932,50,14422.68932,50,2023-04-25 08:00:00,14472.410999,TIME_EXIT,0.278320999999778,WIN,14538.929706,14477.699097,14508.3144015
2023-04-27,LONG,2023-04-27 01:00:00,14456.825026,14406.825026,50,14506.825026,50,2023-04-27 07:00:00,14506.825026,TAKE_PROFIT,50.0,WIN,14442.908978,14401.439157,14422.1740675
2023-04-28,SHORT,2023-04-28 03:15:00,14679.203464,14729.203464,50,14629.203464,50,2023-04-28 08:00:00,14716.498471,TIME_EXIT,-37.29500700000062,LOSS,14729.301234,14683.099957,14706.2005955
2023-05-02,LONG,2023-05-02 01:00:00,14816.972333,14766.972333,50,14866.972333,50,2023-05-02 08:00:00,14799.159792,TIME_EXIT,-17.812540999999328,LOSS,14813.632482,14770.771056,14792.201769
2023-05-03,LONG,2023-05-03 02:15:00,14693.119511,14643.119511,50,14743.119511,50,2023-05-03 08:00:00,14707.5922,TIME_EXIT,14.472688999998354,WIN,14689.77966,14651.093048,14670.436354000001
2023-05-09,SHORT,2023-05-09 01:45:00,14833.949911,14883.949911,50,14783.949911,50,2023-05-09 06:30:00,14783.949911,TAKE_PROFIT,50.0,WIN,14858.998796,14836.73312,14847.865958
2023-05-10,SHORT,2023-05-10 02:30:00,14743.217282,14793.217282,50,14693.217282,50,2023-05-10 07:30:00,14793.217282,STOP_LOSS,-50.0,LOSS,14791.088485,14768.822809,14779.955646999999
2023-05-11,LONG,2023-05-11 03:00:00,14977.841841,14927.841841,50,15027.841841,50,2023-05-11 06:15:00,14927.841841,STOP_LOSS,-50.0,LOSS,14971.162138,14924.404219,14947.7831785
2023-05-15,LONG,2023-05-15 01:00:00,14944.165006,14894.165006,50,14994.165006,50,2023-05-15 08:00:00,14946.391574,TIME_EXIT,2.226568000000043,WIN,14916.889554,14862.338648,14889.614101
2023-05-18,LONG,2023-05-18 02:15:00,15202.446847,15152.446847,50,15252.446847,50,2023-05-18 08:00:00,15191.870651,TIME_EXIT,-10.576195999999982,LOSS,15201.333563,15172.109863,15186.721712999999
2023-05-23,SHORT,2023-05-23 02:00:00,15482.1594,15532.1594,50,15432.1594,50,2023-05-23 06:45:00,15432.1594,TAKE_PROFIT,50.0,WIN,15562.872475,15488.282461,15525.577468
2023-05-24,SHORT,2023-05-24 01:00:00,15268.965553,15318.965553,50,15218.965553,50,2023-05-24 06:00:00,15218.965553,TAKE_PROFIT,50.0,WIN,15314.053547,15283.716564,15298.885055499999
2023-05-30,LONG,2023-05-30 02:15:00,16043.811074,15993.811074,50,16093.811074,50,2023-05-30 03:00:00,16093.811074,TAKE_PROFIT,50.0,WIN,16036.85305,16007.35103,16022.10204
2023-05-31,SHORT,2023-05-31 01:00:00,15960.036468,16010.036468,50,15910.036468,50,2023-05-31 04:30:00,16010.036468,STOP_LOSS,-50.0,LOSS,16063.571861,15998.444759,16031.008310000001
2023-06-02,LONG,2023-06-02 01:30:00,16160.427551,16110.427551,50,16210.427551,50,2023-06-02 04:15:00,16210.427551,TAKE_PROFIT,50.0,WIN,16158.200984,16112.556348,16135.378666
2023-06-07,SHORT,2023-06-07 02:00:00,16214.978457,16264.978457,50,16164.978457,50,2023-06-07 06:45:00,16264.978457,STOP_LOSS,-50.0,LOSS,16255.613316,16218.87495,16237.244133
2023-06-12,LONG,2023-06-12 01:15:00,16269.710519,16219.710519,50,16319.710519,50,2023-06-12 08:00:00,16292.810357,TIME_EXIT,23.09983800000009,WIN,16262.84966,16229.172825,16246.0112425
2023-06-13,LONG,2023-06-13 01:00:00,16560.93347,16510.93347,50,16610.93347,50,2023-06-13 06:45:00,16510.93347,STOP_LOSS,-50.0,LOSS,16557.633493,16494.383938,16526.0087155
2023-06-15,SHORT,2023-06-15 02:00:00,16670.932696,16720.932696,50,16620.932696,50,2023-06-15 04:15:00,16620.932696,TAKE_PROFIT,50.0,WIN,16744.632177,16682.482615,16713.557396
2023-06-19,SHORT,2023-06-19 03:30:00,16785.881887,16835.881887,50,16735.881887,50,2023-06-19 08:00:00,16788.35687,TIME_EXIT,-2.4749830000000657,LOSS,16851.606425,16788.906866,16820.2566455
2023-06-21,SHORT,2023-06-21 01:00:00,16762.507052,16812.507052,50,16712.507052,50,2023-06-21 07:30:00,16712.507052,TAKE_PROFIT,50.0,WIN,16800.456785,16766.632023,16783.544404
2023-06-22,SHORT,2023-06-22 01:00:00,16478.984047,16528.984047,50,16428.984047,50,2023-06-22 08:00:00,16485.034004,TIME_EXIT,-6.049956999999267,LOSS,16563.683451,16510.058828,16536.8711395
2023-06-23,SHORT,2023-06-23 03:15:00,16627.758,16677.758,50,16577.758,50,2023-06-23 07:30:00,16577.758,TAKE_PROFIT,50.0,WIN,16752.607121,16640.682909,16696.645015000002
2023-06-26,SHORT,2023-06-26 01:15:00,16580.733331,16630.733331,50,16530.733331,50,2023-06-26 02:15:00,16530.733331,TAKE_PROFIT,50.0,WIN,16625.283017,16582.658317,16603.970667
2023-06-27,LONG,2023-06-27 01:00:00,16390.709668,16340.709668,50,16440.709668,50,2023-06-27 08:00:00,16412.984511,TIME_EXIT,22.274842999999237,WIN,16384.934708,16349.18496,16367.059834
2023-06-30,LONG,2023-06-30 03:00:00,16667.082723,16617.082723,50,16717.082723,50,2023-06-30 07:30:00,16717.082723,TAKE_PROFIT,50.0,WIN,16657.182793,16609.058131,16633.120462
2023-07-03,LONG,2023-07-03 02:15:00,16895.881113,16845.881113,50,16945.881113,50,2023-07-03 08:00:00,16887.906169,TIME_EXIT,-7.974943999997777,LOSS,16893.131132,16863.706339,16878.4187355
2023-07-05,SHORT,2023-07-05 01:00:00,16857.93138,16907.93138,50,16807.93138,50,2023-07-05 04:15:00,16807.93138,TAKE_PROFIT,50.0,WIN,16892.03114,16863.981338,16878.006239000002
2023-07-07,SHORT,2023-07-07 01:30:00,16735.282243,16785.282243,50,16685.282243,50,2023-07-07 07:30:00,16785.282243,STOP_LOSS,-50.0,LOSS,16767.457017,16736.107237,16751.782127
2023-07-10,SHORT,2023-07-10 01:00:00,16591.733253,16641.733253,50,16541.733253,50,2023-07-10 03:15:00,16641.733253,STOP_LOSS,-50.0,LOSS,16710.807415,16632.157969,16671.482691999998
2023-07-12,LONG,2023-07-12 02:30:00,16823.281624,16773.281624,50,16873.281624,50,2023-07-12 07:30:00,16873.281624,TAKE_PROFIT,50.0,WIN,16819.706649,16779.83193,16799.7692895
2023-07-13,LONG,2023-07-13 04:00:00,17105.979635,17055.979635,50,17155.979635,50,2023-07-13 08:00:00,17117.804552,TIME_EXIT,11.824917000001733,WIN,17099.379681,17012.480293,17055.929987
2023-07-17,LONG,2023-07-17 01:30:00,17261.62854,17211.62854,50,17311.62854,50,2023-07-17 08:00:00,17283.078389,TIME_EXIT,21.449848999996902,WIN,17258.053565,17227.528779,17242.791171999997
2023-07-18,LONG,2023-07-18 02:45:00,17414.527464,17364.527464,50,17464.527464,50,2023-07-18 08:00:00,17390.87763,TIME_EXIT,-23.649833999999828,LOSS,17411.227487,17379.052713,17395.1401
2023-07-19,LONG,2023-07-19 01:00:00,17578.42631,17528.42631,50,17628.42631,50,2023-07-19 08:00:00,17615.826047,TIME_EXIT,37.39973699999973,WIN,17564.401409,17547.626527,17556.013968
2023-07-20,SHORT,2023-07-20 03:00:00,17418.927433,17468.927433,50,17368.927433,50,2023-07-20 08:00:00,17389.777638,TIME_EXIT,29.149795000001177,WIN,17486.026961,17426.35238,17456.1896705
2023-07-21,LONG,2023-07-21 01:45:00,17180.50411,17130.50411,50,17230.50411,50,2023-07-21 03:45:00,17230.50411,TAKE_PROFIT,50.0,WIN,17172.529166,17109.829608,17141.179387
2023-07-24,LONG,2023-07-24 02:15:00,17137.87941,17087.87941,50,17187.87941,50,2023-07-24 08:00:00,17135.679426,TIME_EXIT,-2.199984000002587,LOSS,17126.329492,17085.629778,17105.979635
2023-07-25,LONG,2023-07-25 01:15:00,17143.65437,17093.65437,50,17193.65437,50,2023-07-25 08:00:00,17152.729306,TIME_EXIT,9.07493600000089,WIN,17129.904466,17104.054648,17116.979557
2023-07-26,LONG,2023-07-26 01:30:00,17228.90377,17178.90377,50,17278.90377,50,2023-07-26 07:00:00,17178.90377,STOP_LOSS,-50.0,LOSS,17226.978783,17190.404041,17208.691412
2023-07-27,LONG,2023-07-27 02:00:00,17302.053255,17252.053255,50,17352.053255,50,2023-07-27 02:45:00,17352.053255,TAKE_PROFIT,50.0,WIN,17297.653286,17203.053952,17250.353619
2023-07-28,LONG,2023-07-28 02:00:00,17254.753588,17204.753588,50,17304.753588,50,2023-07-28 07:15:00,17304.753588,TAKE_PROFIT,50.0,WIN,17238.528702,17100.754671,17169.6416865
2023-08-01,SHORT,2023-08-01 01:00:00,17436.527309,17486.527309,50,17386.527309,50,2023-08-01 03:30:00,17386.527309,TAKE_PROFIT,50.0,WIN,17478.052017,17437.077305,17457.564661
2023-08-02,SHORT,2023-08-02 01:00:00,17274.553449,17324.553449,50,17224.553449,50,2023-08-02 02:45:00,17224.553449,TAKE_PROFIT,50.0,WIN,17368.602787,17281.703398,17325.1530925
2023-08-03,SHORT,2023-08-03 01:45:00,16942.905782,16992.905782,50,16892.905782,50,2023-08-03 02:30:00,16892.905782,TAKE_PROFIT,50.0,WIN,17058.129971,16993.230428,17025.6801995
2023-08-08,SHORT,2023-08-08 01:00:00,16950.33073,17000.33073,50,16900.33073,50,2023-08-08 06:15:00,16900.33073,TAKE_PROFIT,50.0,WIN,17040.805093,16962.430645,17001.617869
2023-08-09,LONG,2023-08-09 01:45:00,16942.355786,16892.355786,50,16992.355786,50,2023-08-09 08:00:00,16900.831078,TIME_EXIT,-41.52470800000083,LOSS,16934.380842,16877.731241,16906.0560415
2023-08-10,LONG,2023-08-10 01:00:00,16779.281934,16729.281934,50,16829.281934,50,2023-08-10 07:15:00,16829.281934,TAKE_PROFIT,50.0,WIN,16774.05697,16724.282321,16749.1696455
2023-08-11,SHORT,2023-08-11 03:00:00,16712.457404,16762.457404,50,16662.457404,50,2023-08-11 04:45:00,16662.457404,TAKE_PROFIT,50.0,WIN,16793.306835,16719.607353,16756.457093999998
2023-08-14,LONG,2023-08-14 02:45:00,16717.957365,16667.957365,50,16767.957365,50,2023-08-14 03:15:00,16667.957365,STOP_LOSS,-50.0,LOSS,16663.782746,16522.708739,16593.245742500003
2023-08-15,SHORT,2023-08-15 01:30:00,16818.056661,16868.056661,50,16768.056661,50,2023-08-15 02:15:00,16768.056661,TAKE_PROFIT,50.0,WIN,16868.381307,16820.531643,16844.456475
2023-08-17,LONG,2023-08-17 01:30:00,16449.009257,16399.009257,50,16499.009257,50,2023-08-17 07:30:00,16499.009257,TAKE_PROFIT,50.0,WIN,16446.259277,16376.13477,16411.1970235
2023-08-18,SHORT,2023-08-18 02:30:00,16207.560956,16257.560956,50,16157.560956,50,2023-08-18 06:15:00,16157.560956,TAKE_PROFIT,50.0,WIN,16269.985517,16215.810898,16242.898207499999
2023-08-22,LONG,2023-08-22 01:00:00,16490.808963,16440.808963,50,16540.808963,50,2023-08-22 02:15:00,16540.808963,TAKE_PROFIT,50.0,WIN,16482.009025,16437.184341,16459.596683
2023-08-23,LONG,2023-08-23 01:30:00,16538.658627,16488.658627,50,16588.658627,50,2023-08-23 03:15:00,16588.658627,TAKE_PROFIT,50.0,WIN,16532.608669,16452.85923,16492.733949499998
2023-08-30,SHORT,2023-08-30 01:00:00,16963.255639,17013.255639,50,16913.255639,50,2023-08-30 04:00:00,16913.255639,TAKE_PROFIT,50.0,WIN,17014.680277,16971.780579,16993.230428
2023-09-04,LONG,2023-09-04 01:15:00,17104.604644,17054.604644,50,17154.604644,50,2023-09-04 08:00:00,17106.529631,TIME_EXIT,1.9249870000021474,WIN,17096.904699,17056.204985,17076.554841999998
2023-09-05,SHORT,2023-09-05 01:15:00,17029.805171,17079.805171,50,16979.805171,50,2023-09-05 03:00:00,16979.805171,TAKE_PROFIT,50.0,WIN,17085.904776,17036.680122,17061.292449
2023-09-06,SHORT,2023-09-06 01:45:00,17039.980099,17089.980099,50,16989.980099,50,2023-09-06 02:15:00,16989.980099,TAKE_PROFIT,50.0,WIN,17086.179774,17043.280076,17064.729925
2023-09-07,SHORT,2023-09-07 01:00:00,16868.656305,16918.656305,50,16818.656305,50,2023-09-07 03:00:00,16818.656305,TAKE_PROFIT,50.0,WIN,16935.205836,16890.106154,16912.655995
2023-09-08,LONG,2023-09-08 01:00:00,16865.356328,16815.356328,50,16915.356328,50,2023-09-08 03:15:00,16815.356328,STOP_LOSS,-50.0,LOSS,16817.781663,16778.456939,16798.119301
2023-09-11,LONG,2023-09-11 01:00:00,16896.222499,16846.222499,50,16946.222499,50,2023-09-11 06:30:00,16946.222499,TAKE_PROFIT,50.0,WIN,16874.431264,16827.681593,16851.0564285
2023-09-12,SHORT,2023-09-12 02:15:00,16985.009938,17035.009938,50,16935.009938,50,2023-09-12 08:00:00,16944.281755,TIME_EXIT,40.72818299999926,WIN,17023.837472,16987.72515,17005.781311
2023-09-15,SHORT,2023-09-15 03:00:00,17018.135526,17068.135526,50,16968.135526,50,2023-09-15 07:45:00,16968.135526,TAKE_PROFIT,50.0,WIN,17072.982813,17022.751387,17047.8671
2023-09-20,LONG,2023-09-20 03:15:00,16714.303281,16664.303281,50,16764.303281,50,2023-09-20 08:00:00,16764.303281,TAKE_PROFIT,50.0,WIN,16711.316547,16662.98577,16687.151158499997
2023-09-21,SHORT,2023-09-21 03:30:00,16356.438313,16406.438313,50,16306.438313,50,2023-09-21 06:00:00,16306.438313,TAKE_PROFIT,50.0,WIN,16437.623157,16378.16001,16407.8915835
2023-09-22,LONG,2023-09-22 01:30:00,16191.081889,16141.081889,50,16241.081889,50,2023-09-22 07:15:00,16241.081889,TAKE_PROFIT,50.0,WIN,16188.366677,16113.42682,16150.8967485
2023-09-26,SHORT,2023-09-26 01:00:00,16125.373754,16175.373754,50,16075.373754,50,2023-09-26 02:15:00,16075.373754,TAKE_PROFIT,50.0,WIN,16230.180945,16130.804178,16180.4925615
2023-09-27,LONG,2023-09-27 01:00:00,16030.069806,15980.069806,50,16080.069806,50,2023-09-27 08:00:00,16044.188909,TIME_EXIT,14.119103000000905,WIN,16023.553296,15984.182719,16003.868007500001
2023-09-28,SHORT,2023-09-28 04:00:00,15960.560373,16010.560373,50,15910.560373,50,2023-09-28 05:00:00,16010.560373,STOP_LOSS,-50.0,LOSS,16067.539734,15979.295337,16023.4175355
2023-09-29,LONG,2023-09-29 01:00:00,16182.936253,16132.936253,50,16232.936253,50,2023-09-29 02:30:00,16232.936253,TAKE_PROFIT,50.0,WIN,16173.43301,16101.751408,16137.592209
2023-10-04,SHORT,2023-10-04 01:00:00,15884.534432,15934.534432,50,15834.534432,50,2023-10-04 03:15:00,15934.534432,STOP_LOSS,-50.0,LOSS,16001.017035,15900.282662,15950.649848500001
2023-10-16,SHORT,2023-10-16 02:15:00,16441.967497,16491.967497,50,16391.967497,50,2023-10-16 03:00:00,16391.967497,TAKE_PROFIT,50.0,WIN,16494.914135,16445.497273,16470.205704
2023-10-23,SHORT,2023-10-23 02:15:00,15938.295633,15988.295633,50,15888.295633,50,2023-10-23 03:00:00,15888.295633,TAKE_PROFIT,50.0,WIN,15982.825113,15947.798876,15965.3119945
2023-10-24,LONG,2023-10-24 01:00:00,16063.738437,16013.738437,50,16113.738437,50,2023-10-24 03:30:00,16013.738437,STOP_LOSS,-50.0,LOSS,16041.473697,15987.169453,16014.321575
2023-10-25,SHORT,2023-10-25 01:00:00,16031.698933,16081.698933,50,15981.698933,50,2023-10-25 02:15:00,15981.698933,TAKE_PROFIT,50.0,WIN,16098.493153,16052.877588,16075.6853705
2023-10-27,LONG,2023-10-27 03:30:00,15566.311561,15516.311561,50,15616.311561,50,2023-10-27 06:45:00,15516.311561,STOP_LOSS,-50.0,LOSS,15555.993755,15497.616693,15526.805224
2023-10-30,LONG,2023-10-30 01:30:00,15592.106077,15542.106077,50,15642.106077,50,2023-10-30 08:00:00,15585.589568,TIME_EXIT,-6.516509000000951,LOSS,15587.218695,15549.748767,15568.483731
2023-10-31,SHORT,2023-10-31 01:00:00,15557.07984,15607.07984,50,15507.07984,50,2023-10-31 03:15:00,15607.07984,STOP_LOSS,-50.0,LOSS,15652.112267,15560.881137,15606.496702
2023-11-02,LONG,2023-11-02 02:45:00,16096.320983,16046.320983,50,16146.320983,50,2023-11-02 05:45:00,16146.320983,TAKE_PROFIT,50.0,WIN,16093.062729,16038.215442,16065.639085499999
2023-11-06,LONG,2023-11-06 01:15:00,16506.046505,16456.046505,50,16556.046505,50,2023-11-06 08:00:00,16514.463663,TIME_EXIT,8.4171580000002,WIN,16497.629347,16468.033534,16482.8314405
2023-11-10,LONG,2023-11-10 01:00:00,16568.224864,16518.224864,50,16618.224864,50,2023-11-10 05:30:00,16518.224864,STOP_LOSS,-50.0,LOSS,16567.138779,16516.907354,16542.023066499998
2023-11-14,LONG,2023-11-14 01:30:00,16924.189184,16874.189184,50,16974.189184,50,2023-11-14 07:30:00,16974.189184,TAKE_PROFIT,50.0,WIN,16919.030281,16891.063595,16905.046938
2023-11-15,LONG,2023-11-15 02:30:00,17321.42473,17271.42473,50,17371.42473,50,2023-11-15 07:15:00,17371.42473,TAKE_PROFIT,50.0,WIN,17310.020838,17263.319188,17286.670013000003
2023-11-17,LONG,2023-11-17 02:30:00,17279.610462,17229.610462,50,17329.610462,50,2023-11-17 08:00:00,17256.802679,TIME_EXIT,-22.8077830000002,LOSS,17271.193304,17243.769661,17257.4814825
2023-11-20,LONG,2023-11-20 02:00:00,17245.94183,17195.94183,50,17295.94183,50,2023-11-20 03:45:00,17295.94183,TAKE_PROFIT,50.0,WIN,17238.882279,17200.597787,17219.740033000002
2023-11-21,SHORT,2023-11-21 01:15:00,17477.820952,17527.820952,50,17427.820952,50,2023-11-21 06:45:00,17427.820952,TAKE_PROFIT,50.0,WIN,17510.403499,17478.092474,17494.2479865
2023-11-23,LONG,2023-11-23 01:00:00,17458.814467,17408.814467,50,17508.814467,50,2023-11-23 08:00:00,17448.496661,TIME_EXIT,-10.31780599999911,LOSS,17447.682097,17419.172369,17433.427233000002
2023-11-24,SHORT,2023-11-24 01:00:00,17416.185635,17466.185635,50,17366.185635,50,2023-11-24 08:00:00,17416.728678,TIME_EXIT,-0.5430429999978514,LOSS,17454.198606,17439.53646,17446.867533
2023-11-27,LONG,2023-11-27 02:15:00,17367.854858,17317.854858,50,17417.854858,50,2023-11-27 08:00:00,17355.907925,TIME_EXIT,-11.946932999999262,LOSS,17363.238997,17310.835402,17337.037199500002
2023-11-28,SHORT,2023-11-28 01:00:00,17356.450967,17406.450967,50,17306.450967,50,2023-11-28 08:00:00,17349.391415,TIME_EXIT,7.059552000002441,WIN,17392.563289,17362.695955,17377.629622
2023-11-29,LONG,2023-11-29 02:30:00,17481.350728,17431.350728,50,17531.350728,50,2023-11-29 06:45:00,17531.350728,TAKE_PROFIT,50.0,WIN,17471.304443,17430.033218,17450.6688305
2023-12-01,LONG,2023-12-01 02:15:00,17345.590118,17295.590118,50,17395.590118,50,2023-12-01 06:45:00,17295.590118,STOP_LOSS,-50.0,LOSS,17345.047076,17318.709517,17331.8782965
2023-12-05,SHORT,2023-12-05 01:00:00,17142.763767,17192.763767,50,17092.763767,50,2023-12-05 08:00:00,17147.108106,TIME_EXIT,-4.344338999999309,LOSS,17218.246666,17183.763471,17201.0050685
2023-12-15,LONG,2023-12-15 01:00:00,17993.996329,17943.996329,50,18043.996329,50,2023-12-15 08:00:00,18019.99263,TIME_EXIT,25.99630099999922,WIN,17989.70828,17953.259858,17971.484069
2023-12-19,LONG,2023-12-19 02:15:00,18163.106287,18113.106287,50,18213.106287,50,2023-12-19 08:00:00,18180.258486,TIME_EXIT,17.15219900000011,WIN,18158.014228,18128.533887,18143.2740575
2023-12-20,SHORT,2023-12-20 02:00:00,18227.963038,18277.963038,50,18177.963038,50,2023-12-20 08:00:00,18203.306753,TIME_EXIT,24.656285000000935,WIN,18273.523566,18253.691336,18263.607451
2023-12-21,LONG,2023-12-21 01:00:00,18068.501192,18018.501192,50,18118.501192,50,2023-12-21 07:30:00,18118.501192,TAKE_PROFIT,50.0,WIN,18060.193096,18010.612522,18035.402809
2023-12-26,LONG,2023-12-26 01:00:00,18258.515392,18208.515392,50,18308.515392,50,2023-12-26 06:00:00,18208.515392,STOP_LOSS,-50.0,LOSS,18255.031351,18214.562883,18234.797117000002
2023-12-29,LONG,2023-12-29 01:00:00,18344.812391,18294.812391,50,18394.812391,50,2023-12-29 08:00:00,18320.692112,TIME_EXIT,-24.120278999998845,LOSS,18341.060347,18318.012081,18329.536214
2024-01-02,SHORT,2024-01-02 03:30:00,18220.458951,18270.458951,50,18170.458951,50,2024-01-02 05:00:00,18170.458951,TAKE_PROFIT,50.0,WIN,18265.483472,18225.283007,18245.3832395
2024-01-03,SHORT,2024-01-03 02:45:00,17875.806961,17925.806961,50,17825.806961,50,2024-01-03 06:15:00,17825.806961,TAKE_PROFIT,50.0,WIN,17933.695631,17890.815135,17912.255383
2024-01-05,SHORT,2024-01-05 01:00:00,17600.031768,17650.031768,50,17550.031768,50,2024-01-05 05:30:00,17550.031768,TAKE_PROFIT,50.0,WIN,17654.972404,17608.607867,17631.7901355
2024-01-08,SHORT,2024-01-08 02:00:00,17617.987976,17667.987976,50,17567.987976,50,2024-01-08 03:30:00,17567.987976,TAKE_PROFIT,50.0,WIN,17688.472792,17619.863998,17654.168395
2024-01-09,SHORT,2024-01-09 01:15:00,17979.524162,18029.524162,50,17929.524162,50,2024-01-09 03:00:00,17929.524162,TAKE_PROFIT,50.0,WIN,18005.520463,17980.864177,17993.192320000002
2024-01-10,LONG,2024-01-10 02:15:00,18069.037198,18019.037198,50,18119.037198,50,2024-01-10 03:30:00,18119.037198,TAKE_PROFIT,50.0,WIN,18064.213142,18031.248761,18047.7309515
2024-01-11,LONG,2024-01-11 01:00:00,18234.931119,18184.931119,50,18284.931119,50,2024-01-11 07:30:00,18284.931119,TAKE_PROFIT,50.0,WIN,18234.395112,18180.526489,18207.460800499997
2024-01-16,SHORT,2024-01-16 01:00:00,18088.065418,18138.065418,50,18038.065418,50,2024-01-16 02:00:00,18038.065418,TAKE_PROFIT,50.0,WIN,18156.40621,18089.94144,18123.173824999998
2024-01-17,SHORT,2024-01-17 01:00:00,18050.812987,18100.812987,50,18000.812987,50,2024-01-17 05:30:00,18100.812987,STOP_LOSS,-50.0,LOSS,18204.110762,18108.701657,18156.4062095
2024-01-18,LONG,2024-01-18 01:00:00,18104.949614,18054.949614,50,18154.949614,50,2024-01-18 03:30:00,18154.949614,TAKE_PROFIT,50.0,WIN,18087.529412,18051.884999,18069.707205500003
2024-01-19,LONG,2024-01-19 01:30:00,18419.85326,18369.85326,50,18469.85326,50,2024-01-19 03:00:00,18469.85326,TAKE_PROFIT,50.0,WIN,18415.56521,18364.912624,18390.238917000002
2024-01-23,SHORT,2024-01-23 02:15:00,18696.700465,18746.700465,50,18646.700465,50,2024-01-23 06:30:00,18746.700465,STOP_LOSS,-50.0,LOSS,18747.085048,18714.120667,18730.602857500002
2024-01-24,LONG,2024-01-24 01:00:00,18895.290764,18845.290764,50,18945.290764,50,2024-01-24 07:00:00,18945.290764,TAKE_PROFIT,50.0,WIN,18877.602559,18833.918054,18855.7603065
2024-01-29,LONG,2024-01-29 01:00:00,18812.477805,18762.477805,50,18862.477805,50,2024-01-29 08:00:00,18807.117743,TIME_EXIT,-5.360061999999743,LOSS,18810.869787,18737.972943,18774.421365000002
2024-02-06,LONG,2024-02-06 01:00:00,19033.044359,18983.044359,50,19083.044359,50,2024-02-06 05:30:00,18983.044359,STOP_LOSS,-50.0,LOSS,19030.364328,18968.455611,18999.4099695
2024-02-07,SHORT,2024-02-07 01:00:00,18913.246972,18963.246972,50,18863.246972,50,2024-02-07 06:30:00,18963.246972,STOP_LOSS,-50.0,LOSS,18987.483832,18915.390997,18951.4374145
2024-02-09,LONG,2024-02-09 01:15:00,19168.653929,19118.653929,50,19218.653929,50,2024-02-09 06:00:00,19218.653929,TAKE_PROFIT,50.0,WIN,19165.437892,19137.833572,19151.635732000002
2024-02-12,LONG,2024-02-12 02:15:00,19349.556024,19299.556024,50,19399.556024,50,2024-02-12 08:00:00,19321.683701,TIME_EXIT,-27.872322999999597,LOSS,19339.907912,19312.839598,19326.373755
2024-02-14,LONG,2024-02-14 01:00:00,19002.224002,18952.224002,50,19052.224002,50,2024-02-14 03:15:00,19052.224002,TAKE_PROFIT,50.0,WIN,18967.919605,18941.655301,18954.787452999997
2024-02-15,LONG,2024-02-15 01:00:00,19199.742289,19149.742289,50,19249.742289,50,2024-02-15 08:00:00,19176.158016,TIME_EXIT,-23.584273000000394,LOSS,19171.601963,19128.98947,19150.2957165
2024-02-16,LONG,2024-02-16 01:15:00,19254.682925,19204.682925,50,19304.682925,50,2024-02-16 02:30:00,19304.682925,TAKE_PROFIT,50.0,WIN,19246.106826,19201.082305,19223.5945655
2024-02-21,SHORT,2024-02-21 02:15:00,18786.481504,18836.481504,50,18736.481504,50,2024-02-21 08:00:00,18767.721287,TIME_EXIT,18.760216999999102,WIN,18849.19423,18801.489678,18825.341954000003
2024-02-22,LONG,2024-02-22 01:00:00,19102.725166,19052.725166,50,19152.725166,50,2024-02-22 02:00:00,19152.725166,TAKE_PROFIT,50.0,WIN,19099.777132,18977.031711,19038.4044215
2024-02-23,SHORT,2024-02-23 03:15:00,19301.851471,19351.851471,50,19251.851471,50,2024-02-23 07:00:00,19351.851471,STOP_LOSS,-50.0,LOSS,19354.916086,19312.839598,19333.877842
2024-02-26,LONG,2024-02-26 03:45:00,19287.647307,19237.647307,50,19337.647307,50,2024-02-26 08:00:00,19302.65548,TIME_EXIT,15.008173000001989,WIN,19279.607214,19212.606438,19246.106826
2024-02-27,LONG,2024-02-27 01:15:00,19265.939055,19215.939055,50,19315.939055,50,2024-02-27 04:00:00,19315.939055,TAKE_PROFIT,50.0,WIN,19261.919009,19218.502506,19240.2107575
2024-02-28,SHORT,2024-02-28 01:15:00,19275.587167,19325.587167,50,19225.587167,50,2024-02-28 03:15:00,19225.587167,TAKE_PROFIT,50.0,WIN,19314.447617,19288.719319,19301.583468
2024-02-29,SHORT,2024-02-29 02:00:00,19132.47351,19182.47351,50,19082.47351,50,2024-02-29 07:30:00,19182.47351,STOP_LOSS,-50.0,LOSS,19221.45054,19155.521777,19188.486158500004
2024-03-01,LONG,2024-03-01 01:00:00,19453.273224,19403.273224,50,19503.273224,50,2024-03-01 04:00:00,19403.273224,STOP_LOSS,-50.0,LOSS,19437.729044,19359.472138,19398.600591000002
2024-03-05,SHORT,2024-03-05 01:00:00,19484.89759,19534.89759,50,19434.89759,50,2024-03-05 03:45:00,19434.89759,TAKE_PROFIT,50.0,WIN,19552.166369,19492.401677,19522.284023
2024-03-06,LONG,2024-03-06 01:30:00,19285.771285,19235.771285,50,19335.771285,50,2024-03-06 02:30:00,19335.771285,TAKE_PROFIT,50.0,WIN,19283.359257,19234.582692,19258.9709745
2024-03-08,LONG,2024-03-08 02:00:00,19649.987502,19599.987502,50,19699.987502,50,2024-03-08 05:30:00,19599.987502,STOP_LOSS,-50.0,LOSS,19628.547254,19562.350487,19595.4488705
2024-03-12,LONG,2024-03-12 01:00:00,19377.953525,19327.953525,50,19427.953525,50,2024-03-12 03:30:00,19327.953525,STOP_LOSS,-50.0,LOSS,19374.748315,19328.115775,19351.432045
2024-03-14,LONG,2024-03-14 01:00:00,19445.373955,19395.373955,50,19495.373955,50,2024-03-14 08:00:00,19419.198964,TIME_EXIT,-26.174990999999864,LOSS,19439.028502,19410.738361,19424.8834315
2024-03-18,LONG,2024-03-18 01:00:00,19210.592222,19160.592222,50,19260.592222,50,2024-03-18 06:00:00,19260.592222,TAKE_PROFIT,50.0,WIN,19186.003595,19102.983928,19144.4937615
2024-03-21,LONG,2024-03-21 01:00:00,19688.880684,19638.880684,50,19738.880684,50,2024-03-21 02:45:00,19738.880684,TAKE_PROFIT,50.0,WIN,19677.776142,19624.104192,19650.940167
2024-03-22,LONG,2024-03-22 04:00:00,19672.223872,19622.223872,50,19722.223872,50,2024-03-22 06:30:00,19622.223872,STOP_LOSS,-50.0,LOSS,19665.878419,19598.986777,19632.432598
2024-03-25,SHORT,2024-03-25 01:00:00,19613.264045,19663.264045,50,19563.264045,50,2024-03-25 05:45:00,19563.264045,TAKE_PROFIT,50.0,WIN,19672.223872,19624.63298,19648.428426
2024-03-26,LONG,2024-03-26 01:30:00,19625.426161,19575.426161,50,19675.426161,50,2024-03-26 02:00:00,19675.426161,TAKE_PROFIT,50.0,WIN,19624.368586,19582.858753,19603.613669500002
2024-04-01,SHORT,2024-04-01 03:00:00,19630.714038,19680.714038,50,19580.714038,50,2024-04-01 07:00:00,19580.714038,TAKE_PROFIT,50.0,WIN,19683.592807,19632.036008,19657.814407500002
2024-04-03,SHORT,2024-04-03 01:00:00,19339.352024,19389.352024,50,19289.352024,50,2024-04-03 08:00:00,19310.004307,TIME_EXIT,29.347717000000557,WIN,19388.793672,19344.904294,19366.848983
2024-04-05,LONG,2024-04-05 01:45:00,19166.43845,19116.43845,50,19216.43845,50,2024-04-05 07:30:00,19216.43845,TAKE_PROFIT,50.0,WIN,19163.00133,19092.672568,19127.836949
2024-04-10,LONG,2024-04-10 02:15:00,19446.960318,19396.960318,50,19496.960318,50,2024-04-10 07:15:00,19496.960318,TAKE_PROFIT,50.0,WIN,19444.845167,19424.222447,19434.533807
2024-04-11,LONG,2024-04-11 01:15:00,19258.976295,19208.976295,50,19308.976295,50,2024-04-11 03:45:00,19208.976295,STOP_LOSS,-50.0,LOSS,19255.274782,19186.796776,19221.035778999998
2024-04-15,LONG,2024-04-15 01:00:00,19308.15355,19258.15355,50,19358.15355,50,2024-04-15 07:15:00,19358.15355,TAKE_PROFIT,50.0,WIN,19306.038399,19239.939939,19272.989169
2024-04-17,SHORT,2024-04-17 01:00:00,18842.555993,18892.555993,50,18792.555993,50,2024-04-17 02:15:00,18892.555993,STOP_LOSS,-50.0,LOSS,18972.902157,18920.287783,18946.59497
2024-04-18,LONG,2024-04-18 01:00:00,18786.504498,18736.504498,50,18836.504498,50,2024-04-18 03:15:00,18736.504498,STOP_LOSS,-50.0,LOSS,18757.685569,18690.793927,18724.239748
2024-04-23,LONG,2024-04-23 01:45:00,18350.519052,18300.519052,50,18400.519052,50,2024-04-23 03:15:00,18400.519052,TAKE_PROFIT,50.0,WIN,18340.736479,18281.512259,18311.124368999997
2024-04-30,SHORT,2024-04-30 02:00:00,18915.528694,18965.528694,50,18865.528694,50,2024-04-30 07:30:00,18865.528694,TAKE_PROFIT,50.0,WIN,18952.015044,18927.69081,18939.852927
2024-05-01,SHORT,2024-05-01 01:30:00,18482.187185,18532.187185,50,18432.187185,50,2024-05-01 04:00:00,18432.187185,TAKE_PROFIT,50.0,WIN,18538.503074,18487.739456,18513.121265
2024-05-02,LONG,2024-05-02 02:30:00,18577.104575,18527.104575,50,18627.104575,50,2024-05-02 06:00:00,18627.104575,TAKE_PROFIT,50.0,WIN,18572.345486,18502.545511,18537.445498499997
2024-05-03,SHORT,2024-05-03 01:15:00,18757.949963,18807.949963,50,18707.949963,50,2024-05-03 07:15:00,18807.949963,STOP_LOSS,-50.0,LOSS,18811.093126,18758.743145,18784.9181355
2024-05-09,SHORT,2024-05-09 01:00:00,19188.647533,19238.647533,50,19138.647533,50,2024-05-09 07:30:00,19238.647533,STOP_LOSS,-50.0,LOSS,19223.283127,19193.671016,19208.477071499998
2024-05-10,LONG,2024-05-10 01:45:00,19304.980824,19254.980824,50,19354.980824,50,2024-05-10 04:15:00,19354.980824,TAKE_PROFIT,50.0,WIN,19295.198252,19262.149021,19278.6736365
2024-05-13,LONG,2024-05-13 01:00:00,19346.755051,19296.755051,50,19396.755051,50,2024-05-13 08:00:00,19374.252011,TIME_EXIT,27.4969600000004,WIN,19340.409599,19288.059618,19314.2346085
2024-05-14,LONG,2024-05-14 01:30:00,19343.053537,19293.053537,50,19393.053537,50,2024-05-14 07:30:00,19293.053537,STOP_LOSS,-50.0,LOSS,19342.789144,19314.234609,19328.5118765
2024-05-22,SHORT,2024-05-22 01:00:00,19886.11849,19936.11849,50,19836.11849,50,2024-05-22 05:30:00,19836.11849,TAKE_PROFIT,50.0,WIN,19907.798786,19889.291217,19898.545001500002
2024-05-27,LONG,2024-05-27 01:15:00,19963.057099,19913.057099,50,20013.057099,50,2024-05-27 08:00:00,19960.148766,TIME_EXIT,-2.90833300000304,LOSS,19961.206342,19917.845752,19939.526047
2024-05-28,LONG,2024-05-28 01:30:00,20023.338895,19973.338895,50,20073.338895,50,2024-05-28 08:00:00,20009.326021,TIME_EXIT,-14.01287400000001,LOSS,20021.752532,19972.310883,19997.0317075
2024-05-29,SHORT,2024-05-29 01:00:00,19949.308619,19999.308619,50,19899.308619,50,2024-05-29 03:30:00,19899.308619,TAKE_PROFIT,50.0,WIN,20038.938132,19960.941948,19999.94004
2024-06-03,LONG,2024-06-03 01:30:00,19733.563243,19683.563243,50,19783.563243,50,2024-06-03 08:00:00,19783.563243,TAKE_PROFIT,50.0,WIN,19727.482185,19631.50722,19679.4947025
2024-06-04,SHORT,2024-06-04 01:15:00,19698.398862,19748.398862,50,19648.398862,50,2024-06-04 02:00:00,19648.398862,TAKE_PROFIT,50.0,WIN,19752.335206,19712.940523,19732.6378645
2024-06-10,SHORT,2024-06-10 01:45:00,20101.599472,20151.599472,50,20051.599472,50,2024-06-10 08:00:00,20091.8169,TIME_EXIT,9.782572000000073,WIN,20147.868395,20109.795681,20128.832038
2024-06-13,LONG,2024-06-13 01:30:00,20777.125741,20727.125741,50,20827.125741,50,2024-06-13 04:30:00,20727.125741,STOP_LOSS,-50.0,LOSS,20771.309076,20709.705311,20740.5071935
2024-06-18,LONG,2024-06-18 02:30:00,21096.910228,21046.910228,50,21146.910228,50,2024-06-18 07:30:00,21146.910228,TAKE_PROFIT,50.0,WIN,21096.127392,21040.54603,21068.336711
2024-06-19,LONG,2024-06-19 01:30:00,21120.656255,21070.656255,50,21170.656255,50,2024-06-19 08:00:00,21133.181632,TIME_EXIT,12.525376999998116,WIN,21115.176403,21093.517938,21104.3471705
2024-06-20,LONG,2024-06-20 01:00:00,21211.98713,21161.98713,50,21261.98713,50,2024-06-20 02:30:00,21261.98713,TAKE_PROFIT,50.0,WIN,21203.636879,21113.349785,21158.493332
2024-06-26,LONG,2024-06-26 01:00:00,20888.414887,20838.414887,50,20938.414887,50,2024-06-26 02:45:00,20938.414887,TAKE_PROFIT,50.0,WIN,20884.500707,20837.530543,20861.015625
2024-06-27,LONG,2024-06-27 01:00:00,20832.572581,20782.572581,50,20882.572581,50,2024-06-27 08:00:00,20882.572581,TAKE_PROFIT,50.0,WIN,20817.43775,20744.37305,20780.9054
2024-07-02,SHORT,2024-07-02 02:00:00,20835.182034,20885.182034,50,20785.182034,50,2024-07-02 06:45:00,20785.182034,TAKE_PROFIT,50.0,WIN,20909.029571,20835.703925,20872.366748
2024-07-05,LONG,2024-07-05 01:00:00,21327.064033,21277.064033,50,21377.064033,50,2024-07-05 07:30:00,21377.064033,TAKE_PROFIT,50.0,WIN,21321.323235,21275.918743,21298.620989
2024-07-08,LONG,2024-07-08 03:30:00,21512.335236,21462.335236,50,21562.335236,50,2024-07-08 08:00:00,21540.517335,TIME_EXIT,28.18209900000147,WIN,21511.030509,21480.238957,21495.634733
2024-07-10,LONG,2024-07-10 03:00:00,21631.326319,21581.326319,50,21681.326319,50,2024-07-10 08:00:00,21666.814887,TIME_EXIT,35.48856800000067,WIN,21624.280794,21600.534767,21612.407780499998
2024-07-15,LONG,2024-07-15 01:00:00,21509.725782,21459.725782,50,21559.725782,50,2024-07-15 08:00:00,21504.506875,TIME_EXIT,-5.218907000002218,LOSS,21493.02528,21428.049886,21460.537583
2024-07-16,SHORT,2024-07-16 02:00:00,21467.71358,21517.71358,50,21417.71358,50,2024-07-16 05:15:00,21517.71358,STOP_LOSS,-50.0,LOSS,21559.3054,21521.729269,21540.5173345
2024-07-17,SHORT,2024-07-17 01:00:00,21388.647137,21438.647137,50,21338.647137,50,2024-07-17 01:15:00,21338.647137,TAKE_PROFIT,50.0,WIN,21491.720553,21415.002618,21453.3615855
2024-07-23,SHORT,2024-07-23 01:00:00,20778.035001,20828.035001,50,20728.035001,50,2024-07-23 04:15:00,20828.035001,STOP_LOSS,-50.0,LOSS,20863.103188,20783.253908,20823.178548
2024-07-24,SHORT,2024-07-24 02:45:00,20579.71653,20629.71653,50,20529.71653,50,2024-07-24 07:15:00,20529.71653,TAKE_PROFIT,50.0,WIN,20706.796919,20584.674492,20645.7357055
2024-07-26,LONG,2024-07-26 02:00:00,19963.363597,19913.363597,50,20013.363597,50,2024-07-26 03:15:00,20013.363597,TAKE_PROFIT,50.0,WIN,19944.05364,19826.628229,19885.3409345
2024-07-30,LONG,2024-07-30 02:30:00,20084.442242,20034.442242,50,20134.442242,50,2024-07-30 08:00:00,20113.668122,TIME_EXIT,29.225879999998142,WIN,20057.825816,19911.174525,19984.5001705
2024-07-31,LONG,2024-07-31 01:00:00,20038.776805,19988.776805,50,20088.776805,50,2024-07-31 03:30:00,20088.776805,TAKE_PROFIT,50.0,WIN,19986.326788,19797.402349,19891.8645685
2024-08-01,SHORT,2024-08-01 01:15:00,20474.816496,20524.816496,50,20424.816496,50,2024-08-01 03:00:00,20424.816496,TAKE_PROFIT,50.0,WIN,20580.238421,20477.686895,20528.962657999997
2024-08-02,SHORT,2024-08-02 02:00:00,19496.532353,19546.532353,50,19446.532353,50,2024-08-02 02:30:00,19546.532353,STOP_LOSS,-50.0,LOSS,19781.745628,19504.099768,19642.922698000002
2024-08-05,SHORT,2024-08-05 01:00:00,18297.488437,18347.488437,50,18247.488437,50,2024-08-05 01:15:00,18247.488437,TAKE_PROFIT,50.0,WIN,19161.478514,18671.162188,18916.320351
2024-08-06,SHORT,2024-08-06 03:00:00,18950.37372,19000.37372,50,18900.37372,50,2024-08-06 03:45:00,19000.37372,STOP_LOSS,-50.0,LOSS,19244.198192,18990.820251,19117.5092215
2024-08-09,LONG,2024-08-09 03:30:00,19462.609456,19412.609456,50,19512.609456,50,2024-08-09 04:45:00,19412.609456,STOP_LOSS,-50.0,LOSS,19432.07885,19237.152668,19334.615759
2024-08-12,LONG,2024-08-12 02:45:00,19496.793298,19446.793298,50,19546.793298,50,2024-08-12 03:45:00,19446.793298,STOP_LOSS,-50.0,LOSS,19484.267921,19396.06839,19440.1681555
2024-08-13,LONG,2024-08-13 01:00:00,19520.800271,19470.800271,50,19570.800271,50,2024-08-13 02:00:00,19570.800271,TAKE_PROFIT,50.0,WIN,19515.581364,19447.996516,19481.78894
2024-08-14,SHORT,2024-08-14 03:00:00,19914.566815,19964.566815,50,19864.566815,50,2024-08-14 07:15:00,19964.566815,STOP_LOSS,-50.0,LOSS,19991.80664,19917.176268,19954.491454
2024-08-16,LONG,2024-08-16 01:00:00,20527.788404,20477.788404,50,20577.788404,50,2024-08-16 03:15:00,20477.788404,STOP_LOSS,-50.0,LOSS,20504.564267,20433.065239,20468.814753
2024-08-19,SHORT,2024-08-19 01:00:00,20430.19484,20480.19484,50,20380.19484,50,2024-08-19 03:00:00,20380.19484,TAKE_PROFIT,50.0,WIN,20549.968759,20450.287633,20500.128195999998
2024-08-23,LONG,2024-08-23 01:45:00,20554.665776,20504.665776,50,20604.665776,50,2024-08-23 05:30:00,20604.665776,TAKE_PROFIT,50.0,WIN,20553.361049,20478.730677,20516.045863
2024-08-26,LONG,2024-08-26 03:00:00,20705.492192,20655.492192,50,20755.492192,50,2024-08-26 06:15:00,20655.492192,STOP_LOSS,-50.0,LOSS,20700.273285,20579.455585,20639.864435
2024-08-27,LONG,2024-08-27 01:00:00,20467.510026,20417.510026,50,20517.510026,50,2024-08-27 05:45:00,20417.510026,STOP_LOSS,-50.0,LOSS,20466.988136,20387.399802,20427.193969
2024-08-28,LONG,2024-08-28 01:15:00,20499.34536,20449.34536,50,20549.34536,50,2024-08-28 03:45:00,20549.34536,TAKE_PROFIT,50.0,WIN,20495.43118,20417.147572,20456.289376
2024-08-29,LONG,2024-08-29 01:00:00,20164.813412,20114.813412,50,20214.813412,50,2024-08-29 02:00:00,20214.813412,TAKE_PROFIT,50.0,WIN,20143.154948,20011.899433,20077.527190499997
2024-08-30,LONG,2024-08-30 01:00:00,20334.68884,20284.68884,50,20384.68884,50,2024-08-30 02:30:00,20384.68884,TAKE_PROFIT,50.0,WIN,20327.643315,20243.097019,20285.370167
2024-09-02,SHORT,2024-09-02 01:45:00,20421.061753,20471.061753,50,20371.061753,50,2024-09-02 02:15:00,20371.061753,TAKE_PROFIT,50.0,WIN,20487.080928,20421.844589,20454.462758499998
2024-09-06,SHORT,2024-09-06 02:00:00,19588.907009,19638.907009,50,19538.907009,50,2024-09-06 02:15:00,19538.907009,TAKE_PROFIT,50.0,WIN,19751.215021,19613.696818,19682.4559195
2024-09-09,LONG,2024-09-09 02:00:00,19410.942276,19360.942276,50,19460.942276,50,2024-09-09 05:15:00,19460.942276,TAKE_PROFIT,50.0,WIN,19398.155953,19190.96534,19294.560646500002
2024-09-17,LONG,2024-09-17 01:45:00,20314.086917,20264.086917,50,20364.086917,50,2024-09-17 02:30:00,20364.086917,TAKE_PROFIT,50.0,WIN,20312.247539,20252.751997,20282.499768
2024-09-19,LONG,2024-09-19 01:15:00,20534.059701,20484.059701,50,20584.059701,50,2024-09-19 04:00:00,20584.059701,TAKE_PROFIT,50.0,WIN,20498.987838,20261.737004,20380.362420999998
2024-09-20,SHORT,2024-09-20 03:15:00,20644.690796,20694.690796,50,20594.690796,50,2024-09-20 07:30:00,20694.690796,STOP_LOSS,-50.0,LOSS,20703.229861,20651.911474,20677.5706675
2024-09-23,SHORT,2024-09-23 02:15:00,20639.53317,20689.53317,50,20589.53317,50,2024-09-23 02:45:00,20689.53317,STOP_LOSS,-50.0,LOSS,20799.677483,20656.037575,20727.857529
2024-09-24,LONG,2024-09-24 01:00:00,20738.559605,20688.559605,50,20788.559605,50,2024-09-24 02:45:00,20788.559605,TAKE_PROFIT,50.0,WIN,20729.275876,20653.716643,20691.4962595
2024-09-25,SHORT,2024-09-25 01:00:00,20721.281555,20771.281555,50,20671.281555,50,2024-09-25 06:00:00,20771.281555,STOP_LOSS,-50.0,LOSS,20828.818074,20743.201469,20786.0097715
2024-09-26,LONG,2024-09-26 01:00:00,21103.977466,21053.977466,50,21153.977466,50,2024-09-26 07:30:00,21153.977466,TAKE_PROFIT,50.0,WIN,21023.518487,20879.620698,20951.5695925
2024-09-27,SHORT,2024-09-27 01:15:00,20901.798494,20951.798494,50,20851.798494,50,2024-09-27 03:30:00,20951.798494,STOP_LOSS,-50.0,LOSS,21009.077132,20918.818662,20963.947897
2024-10-03,SHORT,2024-10-03 02:00:00,20550.048344,20600.048344,50,20500.048344,50,2024-10-03 02:30:00,20500.048344,TAKE_PROFIT,50.0,WIN,20689.046387,20563.458174,20626.252280499997
2024-10-07,SHORT,2024-10-07 01:30:00,20836.296633,20886.296633,50,20786.296633,50,2024-10-07 02:15:00,20786.296633,TAKE_PROFIT,50.0,WIN,20903.345782,20838.101802,20870.723792
2024-10-08,LONG,2024-10-08 04:00:00,20674.605032,20624.605032,50,20724.605032,50,2024-10-08 05:00:00,20724.605032,TAKE_PROFIT,50.0,WIN,20662.226728,20583.8308,20623.028764000002
2024-10-09,SHORT,2024-10-09 01:30:00,20859.763835,20909.763835,50,20809.763835,50,2024-10-09 05:00:00,20909.763835,STOP_LOSS,-50.0,LOSS,20936.870356,20860.279598,20898.574977
2024-10-11,SHORT,2024-10-11 01:00:00,21060.395519,21110.395519,50,21010.395519,50,2024-10-11 03:00:00,21010.395519,TAKE_PROFIT,50.0,WIN,21113.519075,21076.899925,21095.2095
2024-10-14,LONG,2024-10-14 02:30:00,21104.493228,21054.493228,50,21154.493228,50,2024-10-14 05:15:00,21154.493228,TAKE_PROFIT,50.0,WIN,21095.467381,21025.839419,21060.6534
2024-10-15,SHORT,2024-10-15 03:15:00,21216.671612,21266.671612,50,21166.671612,50,2024-10-15 05:30:00,21266.671612,STOP_LOSS,-50.0,LOSS,21287.846862,21239.107289,21263.4770755
2024-10-17,LONG,2024-10-17 01:00:00,21024.807894,20974.807894,50,21074.807894,50,2024-10-17 01:30:00,21074.807894,TAKE_PROFIT,50.0,WIN,20971.942219,20915.981968,20943.9620935
2024-10-18,LONG,2024-10-18 01:30:00,21065.037383,21015.037383,50,21115.037383,50,2024-10-18 06:15:00,21115.037383,TAKE_PROFIT,50.0,WIN,21058.074587,20961.369084,21009.7218355
2024-10-21,SHORT,2024-10-21 01:00:00,21097.530432,21147.530432,50,21047.530432,50,2024-10-21 04:30:00,21047.530432,TAKE_PROFIT,50.0,WIN,21173.089665,21110.424499,21141.757082
2024-10-22,SHORT,2024-10-22 01:30:00,21082.573314,21132.573314,50,21032.573314,50,2024-10-22 02:30:00,21132.573314,STOP_LOSS,-50.0,LOSS,21173.863309,21094.693737,21134.278523
2024-10-23,SHORT,2024-10-23 03:30:00,21138.275684,21188.275684,50,21088.275684,50,2024-10-23 07:30:00,21088.275684,TAKE_PROFIT,50.0,WIN,21183.404919,21138.533565,21160.969242
2024-10-24,LONG,2024-10-24 02:00:00,20993.34637,20943.34637,50,21043.34637,50,2024-10-24 03:15:00,21043.34637,TAKE_PROFIT,50.0,WIN,20984.836286,20906.956121,20945.8962035
2024-10-25,LONG,2024-10-25 02:30:00,21068.38984,21018.38984,50,21118.38984,50,2024-10-25 07:00:00,21118.38984,TAKE_PROFIT,50.0,WIN,21056.269417,21005.982556,21031.1259865
2024-10-28,LONG,2024-10-28 03:30:00,21313.892878,21263.892878,50,21363.892878,50,2024-10-28 06:00:00,21263.892878,STOP_LOSS,-50.0,LOSS,21309.766776,21235.239068,21272.502922
2024-10-31,SHORT,2024-10-31 01:00:00,21026.613063,21076.613063,50,20976.613063,50,2024-10-31 02:00:00,20976.613063,TAKE_PROFIT,50.0,WIN,21108.877211,21044.148994,21076.5131025
2024-11-01,LONG,2024-11-01 03:00:00,20742.169943,20692.169943,50,20792.169943,50,2024-11-01 08:00:00,20729.533758,TIME_EXIT,-12.636184999999386,LOSS,20735.465029,20648.043254,20691.7541415
2024-11-05,LONG,2024-11-05 01:00:00,20771.310535,20721.310535,50,20821.310535,50,2024-11-05 08:00:00,20770.536891,TIME_EXIT,-0.773644000000786,LOSS,20749.906384,20673.573507,20711.7399455
2024-11-06,LONG,2024-11-06 01:00:00,21361.600926,21311.600926,50,21411.600926,50,2024-11-06 01:30:00,21311.600926,STOP_LOSS,-50.0,LOSS,21291.19932,20964.205779,21127.702549499998
2024-11-07,LONG,2024-11-07 02:15:00,21618.966505,21568.966505,50,21668.966505,50,2024-11-07 08:00:00,21668.966505,TAKE_PROFIT,50.0,WIN,21614.582522,21519.166425,21566.8744735
2024-11-08,SHORT,2024-11-08 04:00:00,21870.916575,21920.916575,50,21820.916575,50,2024-11-08 04:30:00,21820.916575,TAKE_PROFIT,50.0,WIN,21933.581741,21884.326405,21908.954073
2024-11-12,SHORT,2024-11-12 03:45:00,21852.607,21902.607,50,21802.607,50,2024-11-12 04:15:00,21802.607,TAKE_PROFIT,50.0,WIN,21919.398268,21858.022508,21888.710388
2024-11-13,LONG,2024-11-13 02:45:00,21844.87056,21794.87056,50,21894.87056,50,2024-11-13 05:30:00,21794.87056,STOP_LOSS,-50.0,LOSS,21829.655561,21781.947513,21805.801537
2024-11-15,SHORT,2024-11-15 01:00:00,21523.80829,21573.80829,50,21473.80829,50,2024-11-15 02:00:00,21473.80829,TAKE_PROFIT,50.0,WIN,21617.161335,21542.633628,21579.8974815
2024-11-18,SHORT,2024-11-18 03:45:00,21206.098477,21256.098477,50,21156.098477,50,2024-11-18 07:15:00,21156.098477,TAKE_PROFIT,50.0,WIN,21308.219488,21209.193053,21258.7062705
2024-11-19,SHORT,2024-11-19 02:30:00,21222.860764,21272.860764,50,21172.860764,50,2024-11-19 02:45:00,21272.860764,STOP_LOSS,-50.0,LOSS,21349.480503,21256.127457,21302.803979999997
2024-11-22,SHORT,2024-11-22 03:15:00,21379.394738,21429.394738,50,21329.394738,50,2024-11-22 05:45:00,21429.394738,STOP_LOSS,-50.0,LOSS,21501.630494,21414.724482,21458.177488
2024-11-27,SHORT,2024-11-27 02:00:00,21608.39337,21658.39337,50,21558.39337,50,2024-11-27 08:00:00,21613.293115,TIME_EXIT,-4.899744999998802,LOSS,21681.631671,21612.777352,21647.2045115
2024-11-28,LONG,2024-11-28 01:00:00,21524.839815,21474.839815,50,21574.839815,50,2024-11-28 08:00:00,21531.028967,TIME_EXIT,6.189151999999012,WIN,21519.424307,21480.226343,21499.825324999998
2024-12-04,LONG,2024-12-04 02:30:00,22045.502244,21995.502244,50,22095.502244,50,2024-12-04 05:00:00,22095.502244,TAKE_PROFIT,50.0,WIN,22041.891905,21988.252586,22015.0722455
2024-12-09,LONG,2024-12-09 01:15:00,22349.544345,22299.544345,50,22399.544345,50,2024-12-09 04:15:00,22299.544345,STOP_LOSS,-50.0,LOSS,22345.160362,22309.314856,22327.237609
2024-12-11,LONG,2024-12-11 02:30:00,22116.419612,22066.419612,50,22166.419612,50,2024-12-11 07:30:00,22166.419612,TAKE_PROFIT,50.0,WIN,22114.356562,22082.895038,22098.6258
2024-12-13,LONG,2024-12-13 03:15:00,22461.98061,22411.98061,50,22511.98061,50,2024-12-13 06:15:00,22511.98061,TAKE_PROFIT,50.0,WIN,22455.275695,22382.037394,22418.6565445
2024-12-16,LONG,2024-12-16 03:00:00,22516.135692,22466.135692,50,22566.135692,50,2024-12-16 06:00:00,22566.135692,TAKE_PROFIT,50.0,WIN,22509.688658,22469.974932,22489.831795
2024-12-17,SHORT,2024-12-17 01:30:00,22756.481102,22806.481102,50,22706.481102,50,2024-12-17 04:45:00,22806.481102,STOP_LOSS,-50.0,LOSS,22821.982963,22778.658898,22800.3209305
2024-12-18,LONG,2024-12-18 02:00:00,22746.42373,22696.42373,50,22796.42373,50,2024-12-18 07:45:00,22696.42373,STOP_LOSS,-50.0,LOSS,22736.624239,22661.322887,22698.973563
2024-12-19,LONG,2024-12-19 01:15:00,21950.086147,21900.086147,50,22000.086147,50,2024-12-19 04:15:00,22000.086147,TAKE_PROFIT,50.0,WIN,21947.765215,21822.692764,21885.2289895
2024-12-20,SHORT,2024-12-20 02:30:00,21547.714184,21597.714184,50,21497.714184,50,2024-12-20 03:45:00,21497.714184,TAKE_PROFIT,50.0,WIN,21769.887453,21587.406392,21678.6469225
2024-12-24,LONG,2024-12-24 01:00:00,22456.253364,22406.253364,50,22506.253364,50,2024-12-24 08:00:00,22506.253364,TAKE_PROFIT,50.0,WIN,22433.829844,22381.250555,22407.5401995
2024-12-26,SHORT,2024-12-26 02:15:00,22679.199857,22729.199857,50,22629.199857,50,2024-12-26 03:00:00,22629.199857,TAKE_PROFIT,50.0,WIN,22795.956807,22725.851089,22760.903948
2024-12-27,SHORT,2024-12-27 01:00:00,22603.681565,22653.681565,50,22553.681565,50,2024-12-27 08:00:00,22553.681565,TAKE_PROFIT,50.0,WIN,22689.509522,22621.98122,22655.745371
2024-12-30,SHORT,2024-12-30 01:00:00,22315.010961,22365.010961,50,22265.010961,50,2024-12-30 06:30:00,22265.010961,TAKE_PROFIT,50.0,WIN,22394.395377,22319.65031,22357.022843500003
2024-12-31,LONG,2024-12-31 03:00:00,22129.694742,22079.694742,50,22179.694742,50,2024-12-31 05:00:00,22179.694742,TAKE_PROFIT,50.0,WIN,22120.158303,22026.340356,22073.249329500002
2025-01-02,LONG,2025-01-02 01:00:00,22041.031628,21991.031628,50,22091.031628,50,2025-01-02 02:30:00,21991.031628,STOP_LOSS,-50.0,LOSS,22038.454212,21775.81551,21907.134861
2025-01-03,LONG,2025-01-03 02:00:00,21929.42951,21879.42951,50,21979.42951,50,2025-01-03 02:30:00,21879.42951,STOP_LOSS,-50.0,LOSS,21918.346621,21808.290953,21863.318787
2025-01-06,LONG,2025-01-06 01:00:00,22228.667521,22178.667521,50,22278.667521,50,2025-01-06 02:45:00,22278.667521,TAKE_PROFIT,50.0,WIN,22219.131081,22143.355048,22181.2430645
2025-01-13,SHORT,2025-01-13 02:15:00,21467.814285,21517.814285,50,21417.814285,50,2025-01-13 03:00:00,21417.814285,TAKE_PROFIT,50.0,WIN,21688.441104,21504.413593,21596.4273485
2025-01-14,LONG,2025-01-14 01:30:00,21717.823647,21667.823647,50,21767.823647,50,2025-01-14 02:30:00,21767.823647,TAKE_PROFIT,50.0,WIN,21711.637849,21647.202446,21679.4201475
2025-01-16,LONG,2025-01-16 01:00:00,22154.437937,22104.437937,50,22204.437937,50,2025-01-16 01:30:00,22204.437937,TAKE_PROFIT,50.0,WIN,22111.910571,22015.77295,22063.8417605
2025-01-17,LONG,2025-01-17 02:45:00,21974.534292,21924.534292,50,22024.534292,50,2025-01-17 07:00:00,22024.534292,TAKE_PROFIT,50.0,WIN,21969.637202,21884.324728,21926.980965000002
2025-01-20,LONG,2025-01-20 01:00:00,22268.359729,22218.359729,50,22318.359729,50,2025-01-20 07:30:00,22318.359729,TAKE_PROFIT,50.0,WIN,22245.162984,22202.635618,22223.899300999998
2025-01-22,LONG,2025-01-22 02:30:00,22558.576783,22508.576783,50,22608.576783,50,2025-01-22 07:30:00,22608.576783,TAKE_PROFIT,50.0,WIN,22554.195176,22479.450109,22516.822642500003
2025-01-23,SHORT,2025-01-23 01:45:00,22599.299958,22649.299958,50,22549.299958,50,2025-01-23 02:45:00,22549.299958,TAKE_PROFIT,50.0,WIN,22651.621505,22604.970273,22628.295889
2025-01-27,SHORT,2025-01-27 01:00:00,22023.76294,22073.76294,50,21973.76294,50,2025-01-27 01:45:00,21973.76294,TAKE_PROFIT,50.0,WIN,22344.393504,22074.022554,22209.208029
2025-01-28,LONG,2025-01-28 01:30:00,22006.23651,21956.23651,50,22056.23651,50,2025-01-28 02:15:00,21956.23651,STOP_LOSS,-50.0,LOSS,22001.854903,21876.076997,21938.965949999998
2025-01-29,LONG,2025-01-29 01:00:00,22323.258692,22273.258692,50,22373.258692,50,2025-01-29 07:00:00,22273.258692,STOP_LOSS,-50.0,LOSS,22277.896169,22201.862393,22239.879281
2025-01-30,LONG,2025-01-30 02:00:00,22351.61027,22301.61027,50,22401.61027,50,2025-01-30 04:00:00,22301.61027,STOP_LOSS,-50.0,LOSS,22351.352528,22192.583695,22271.9681115
2025-01-31,LONG,2025-01-31 01:00:00,22466.82077,22416.82077,50,22516.82077,50,2025-01-31 02:45:00,22416.82077,STOP_LOSS,-50.0,LOSS,22462.439162,22344.393504,22403.416333
2025-02-03,LONG,2025-02-03 02:00:00,21841.797362,21791.797362,50,21891.797362,50,2025-02-03 02:15:00,21891.797362,TAKE_PROFIT,50.0,WIN,21810.610628,21626.067634,21718.339131
2025-02-05,SHORT,2025-02-05 01:00:00,22165.263085,22215.263085,50,22115.263085,50,2025-02-05 03:30:00,22115.263085,TAKE_PROFIT,50.0,WIN,22293.360665,22197.223044,22245.2918545
2025-02-13,SHORT,2025-02-13 01:30:00,22538.215196,22588.215196,50,22488.215196,50,2025-02-13 02:15:00,22488.215196,TAKE_PROFIT,50.0,WIN,22606.00124,22548.524861,22577.2630505
2025-02-18,LONG,2025-02-18 01:00:00,23003.696546,22953.696546,50,23053.696546,50,2025-02-18 04:00:00,22953.696546,STOP_LOSS,-50.0,LOSS,22959.62273,22900.599902,22930.111316000002
2025-02-25,SHORT,2025-02-25 01:15:00,22015.515208,22065.515208,50,21965.515208,50,2025-02-25 02:00:00,22065.515208,STOP_LOSS,-50.0,LOSS,22118.09637,22047.73291,22082.91464
2025-02-26,LONG,2025-02-26 01:15:00,21960.616245,21910.616245,50,22010.616245,50,2025-02-26 08:00:00,21910.616245,STOP_LOSS,-50.0,LOSS,21939.481433,21856.488634,21897.9850335
2025-02-27,LONG,2025-02-27 01:00:00,21940.5124,21890.5124,50,21990.5124,50,2025-02-27 03:15:00,21990.5124,TAKE_PROFIT,50.0,WIN,21924.790161,21761.639721,21843.214941
2025-03-05,LONG,2025-03-05 02:15:00,21240.486183,21190.486183,50,21290.486183,50,2025-03-05 02:30:00,21190.486183,STOP_LOSS,-50.0,LOSS,21226.310395,21073.469619,21149.890007
2025-03-06,SHORT,2025-03-06 01:30:00,21217.289438,21267.289438,50,21167.289438,50,2025-03-06 01:45:00,21167.289438,TAKE_PROFIT,50.0,WIN,21286.879673,21219.09363,21252.9866515
2025-03-11,LONG,2025-03-11 01:15:00,20099.979554,20049.979554,50,20149.979554,50,2025-03-11 02:30:00,20049.979554,STOP_LOSS,-50.0,LOSS,20098.690846,19731.924533,19915.3076895
2025-03-13,SHORT,2025-03-13 01:00:00,20040.698983,20090.698983,50,19990.698983,50,2025-03-13 01:45:00,20090.698983,STOP_LOSS,-50.0,LOSS,20303.853168,20065.699919,20184.7765435
2025-03-21,SHORT,2025-03-21 02:30:00,20225.875101,20275.875101,50,20175.875101,50,2025-03-21 03:30:00,20175.875101,TAKE_PROFIT,50.0,WIN,20333.496169,20246.277199,20289.886683999997
2025-03-24,LONG,2025-03-24 01:45:00,20551.79862,20501.79862,50,20601.79862,50,2025-03-24 03:00:00,20601.79862,TAKE_PROFIT,50.0,WIN,20543.892807,20459.734152,20501.8134795
2025-03-25,SHORT,2025-03-25 03:00:00,20727.001638,20777.001638,50,20677.001638,50,2025-03-25 05:15:00,20777.001638,STOP_LOSS,-50.0,LOSS,20784.38254,20737.202687,20760.7926135
2025-03-26,SHORT,2025-03-26 03:00:00,20869.816326,20919.816326,50,20819.816326,50,2025-03-26 08:00:00,20884.862873,TIME_EXIT,-15.0465469999981,LOSS,20949.639535,20880.782454,20915.210994499997
2025-04-01,LONG,2025-04-01 01:45:00,19820.383398,19770.383398,50,19870.383398,50,2025-04-01 02:00:00,19870.383398,TAKE_PROFIT,50.0,WIN,19797.176012,19670.938029,19734.0570205
2025-04-02,SHORT,2025-04-02 02:00:00,19938.715568,19988.715568,50,19888.715568,50,2025-04-02 05:00:00,19888.715568,TAKE_PROFIT,50.0,WIN,20062.148262,19949.936722,20006.042492
2025-04-09,LONG,2025-04-09 02:00:00,17668.472088,17618.472088,50,17718.472088,50,2025-04-09 02:15:00,17618.472088,STOP_LOSS,-50.0,LOSS,17553.45526,17087.012289,17320.233774499997
2025-04-10,SHORT,2025-04-10 02:30:00,19276.412455,19326.412455,50,19226.412455,50,2025-04-10 02:45:00,19326.412455,STOP_LOSS,-50.0,LOSS,19773.203546,19350.625087,19561.9143165
2025-04-11,LONG,2025-04-11 01:00:00,19124.671849,19074.671849,50,19174.671849,50,2025-04-11 01:30:00,19074.671849,STOP_LOSS,-50.0,LOSS,18921.670972,18430.235431,18675.9532015
2025-04-15,LONG,2025-04-15 02:00:00,19375.107605,19325.107605,50,19425.107605,50,2025-04-15 06:30:00,19325.107605,STOP_LOSS,-50.0,LOSS,19330.988067,19192.253799,19261.620933
2025-04-16,SHORT,2025-04-16 01:00:00,18921.415945,18971.415945,50,18871.415945,50,2025-04-16 01:45:00,18971.415945,STOP_LOSS,-50.0,LOSS,19138.953318,19010.930151,19074.9417345
2025-04-17,LONG,2025-04-17 01:00:00,18952.784171,18902.784171,50,19002.784171,50,2025-04-17 02:15:00,19002.784171,TAKE_PROFIT,50.0,WIN,18916.570447,18714.079622,18815.325034499998
2025-04-21,SHORT,2025-04-21 02:00:00,18540.406761,18590.406761,50,18490.406761,50,2025-04-21 06:15:00,18490.406761,TAKE_PROFIT,50.0,WIN,18747.743084,18554.68823,18651.215657
2025-04-22,LONG,2025-04-22 01:45:00,18511.333771,18461.333771,50,18561.333771,50,2025-04-22 02:00:00,18461.333771,STOP_LOSS,-50.0,LOSS,18431.510562,18252.48215,18341.996356
2025-04-23,LONG,2025-04-23 03:00:00,19200.414639,19150.414639,50,19250.414639,50,2025-04-23 05:15:00,19250.414639,TAKE_PROFIT,50.0,WIN,19180.777619,18998.17884,19089.4782295
2025-04-24,SHORT,2025-04-24 02:15:00,19076.726918,19126.726918,50,19026.726918,50,2025-04-24 02:45:00,19026.726918,TAKE_PROFIT,50.0,WIN,19255.245278,19086.927967,19171.0866225
2025-04-28,LONG,2025-04-28 01:30:00,19879.80451,19829.80451,50,19929.80451,50,2025-04-28 04:30:00,19929.80451,TAKE_PROFIT,50.0,WIN,19866.543146,19782.129464,19824.336305
2025-04-30,LONG,2025-04-30 02:00:00,19981.304948,19931.304948,50,20031.304948,50,2025-04-30 06:30:00,19931.304948,STOP_LOSS,-50.0,LOSS,19978.244633,19876.999221,19927.621927
2025-05-01,LONG,2025-05-01 02:30:00,20368.944814,20318.944814,50,20418.944814,50,2025-05-01 04:45:00,20418.944814,TAKE_PROFIT,50.0,WIN,20368.689788,20267.444376,20318.067082
2025-05-05,SHORT,2025-05-05 04:00:00,20392.152201,20442.152201,50,20342.152201,50,2025-05-05 08:00:00,20401.333145,TIME_EXIT,-9.180943999999727,LOSS,20526.806049,20393.427332,20460.1166905
2025-05-06,SHORT,2025-05-06 02:15:00,20327.120513,20377.120513,50,20277.120513,50,2025-05-06 03:00:00,20277.120513,TAKE_PROFIT,50.0,WIN,20438.056922,20332.986116,20385.521519
2025-05-07,SHORT,2025-05-07 01:15:00,20360.018896,20410.018896,50,20310.018896,50,2025-05-07 02:15:00,20410.018896,STOP_LOSS,-50.0,LOSS,20512.269554,20377.615706,20444.942629999998
2025-05-08,LONG,2025-05-08 03:15:00,20611.474757,20561.474757,50,20661.474757,50,2025-05-08 04:30:00,20661.474757,TAKE_PROFIT,50.0,WIN,20604.078996,20326.100408,20465.089701999997
2025-05-09,LONG,2025-05-09 02:30:00,20627.796436,20577.796436,50,20677.796436,50,2025-05-09 03:15:00,20577.796436,STOP_LOSS,-50.0,LOSS,20607.139311,20484.471696,20545.8055035
2025-05-12,LONG,2025-05-12 01:00:00,20970.29666,20920.29666,50,21020.29666,50,2025-05-12 02:00:00,21020.29666,TAKE_PROFIT,50.0,WIN,20960.350637,20814.220608,20887.2856225
2025-05-15,SHORT,2025-05-15 01:00:00,21780.004933,21830.004933,50,21730.004933,50,2025-05-15 02:15:00,21730.004933,TAKE_PROFIT,50.0,WIN,21842.486359,21786.890641,21814.6885
2025-05-16,LONG,2025-05-16 02:45:00,21873.599558,21823.599558,50,21923.599558,50,2025-05-16 07:00:00,21923.599558,TAKE_PROFIT,50.0,WIN,21867.223903,21777.964723,21822.594313
2025-05-19,SHORT,2025-05-19 01:45:00,21613.472806,21663.472806,50,21563.472806,50,2025-05-19 03:15:00,21563.472806,TAKE_PROFIT,50.0,WIN,21848.606988,21622.143698,21735.375343
2025-05-20,SHORT,2025-05-20 01:00:00,21844.781595,21894.781595,50,21794.781595,50,2025-05-20 02:15:00,21894.781595,STOP_LOSS,-50.0,LOSS,21995.757122,21850.647198,21923.20216
2025-05-21,SHORT,2025-05-21 01:00:00,21743.02613,21793.02613,50,21693.02613,50,2025-05-21 04:45:00,21693.02613,TAKE_PROFIT,50.0,WIN,21875.129716,21778.729802,21826.929759
2025-05-26,LONG,2025-05-26 01:15:00,21670.088629,21620.088629,50,21720.088629,50,2025-05-26 08:00:00,21706.302353,TIME_EXIT,36.213723999997455,WIN,21660.397632,21587.970183,21624.183907500003
2025-05-27,LONG,2025-05-27 01:30:00,21674.679101,21624.679101,50,21724.679101,50,2025-05-27 02:15:00,21724.679101,TAKE_PROFIT,50.0,WIN,21673.658996,21566.54798,21620.103488
2025-05-28,SHORT,2025-05-28 02:45:00,21864.418614,21914.418614,50,21814.418614,50,2025-05-28 05:30:00,21914.418614,STOP_LOSS,-50.0,LOSS,21916.698991,21865.948772,21891.3238815
2025-05-29,LONG,2025-05-29 02:45:00,22288.782257,22238.782257,50,22338.782257,50,2025-05-29 03:15:00,22238.782257,STOP_LOSS,-50.0,LOSS,22272.460579,22021.769797,22147.115188
2025-06-02,SHORT,2025-06-02 01:00:00,21629.029406,21679.029406,50,21579.029406,50,2025-06-02 02:00:00,21679.029406,STOP_LOSS,-50.0,LOSS,21754.757336,21645.351085,21700.0542105
2025-06-03,SHORT,2025-06-03 02:15:00,21843.251437,21893.251437,50,21793.251437,50,2025-06-03 04:30:00,21893.251437,STOP_LOSS,-50.0,LOSS,21977.395233,21867.988981,21922.692107
2025-06-04,LONG,2025-06-04 03:00:00,22182.43632,22132.43632,50,22232.43632,50,2025-06-04 07:15:00,22132.43632,STOP_LOSS,-50.0,LOSS,22163.819406,22102.358085,22133.088745499997
2025-06-06,LONG,2025-06-06 01:15:00,22094.962324,22044.962324,50,22144.962324,50,2025-06-06 07:30:00,22144.962324,TAKE_PROFIT,50.0,WIN,22086.291432,21973.059787,22029.675609500002
2025-06-09,LONG,2025-06-09 02:45:00,22232.676487,22182.676487,50,22282.676487,50,2025-06-09 08:00:00,22245.427799,TIME_EXIT,12.751312000000325,WIN,22221.455333,22152.598252,22187.0267925
2025-06-10,SHORT,2025-06-10 01:45:00,22246.447904,22296.447904,50,22196.447904,50,2025-06-10 02:30:00,22196.447904,TAKE_PROFIT,50.0,WIN,22415.02024,22253.843664,22334.431952
2025-06-16,LONG,2025-06-16 01:00:00,22171.93434,22121.93434,50,22221.93434,50,2025-06-16 02:30:00,22221.93434,TAKE_PROFIT,50.0,WIN,22164.329458,22046.762367,22105.545912499998
2025-06-18,LONG,2025-06-18 01:15:00,22236.820663,22186.820663,50,22286.820663,50,2025-06-18 05:45:00,22186.820663,STOP_LOSS,-50.0,LOSS,22228.741433,22078.770709,22153.756071
2025-06-20,LONG,2025-06-20 01:00:00,22149.968931,22099.968931,50,22199.968931,50,2025-06-20 03:45:00,22099.968931,STOP_LOSS,-50.0,LOSS,22145.171888,22063.369675,22104.270781500003
2025-06-23,LONG,2025-06-23 01:00:00,22029.28542,21979.28542,50,22079.28542,50,2025-06-23 02:00:00,22079.28542,TAKE_PROFIT,50.0,WIN,21989.646693,21921.983134,21955.8149135
2025-06-24,LONG,2025-06-24 01:00:00,22555.445332,22505.445332,50,22605.445332,50,2025-06-24 02:00:00,22605.445332,TAKE_PROFIT,50.0,WIN,22492.073865,22413.806315,22452.94009
2025-06-25,LONG,2025-06-25 04:00:00,22659.970382,22609.970382,50,22709.970382,50,2025-06-25 06:45:00,22709.970382,TAKE_PROFIT,50.0,WIN,22656.94067,22609.222713,22633.0816915
2025-06-26,LONG,2025-06-26 01:00:00,22738.742883,22688.742883,50,22788.742883,50,2025-06-26 03:15:00,22788.742883,TAKE_PROFIT,50.0,WIN,22730.916128,22659.970382,22695.443255
2025-06-27,LONG,2025-06-27 01:00:00,22947.540506,22897.540506,50,22997.540506,50,2025-06-27 06:30:00,22997.540506,TAKE_PROFIT,50.0,WIN,22932.8969,22884.673991,22908.785445499998
2025-06-30,LONG,2025-06-30 01:00:00,23118.971687,23068.971687,50,23168.971687,50,2025-06-30 08:00:00,23105.337985,TIME_EXIT,-13.633702000002813,LOSS,23111.90236,23030.352623,23071.1274915
2025-07-01,SHORT,2025-07-01 01:00:00,23065.699258,23115.699258,50,23015.699258,50,2025-07-01 07:15:00,23015.699258,TAKE_PROFIT,50.0,WIN,23141.694524,23072.516109,23107.105316499998
2025-07-03,LONG,2025-07-03 01:30:00,23113.417216,23063.417216,50,23163.417216,50,2025-07-03 05:00:00,23063.417216,STOP_LOSS,-50.0,LOSS,23108.620172,23053.07546,23080.847816
2025-07-04,SHORT,2025-07-04 01:00:00,23216.679886,23266.679886,50,23166.679886,50,2025-07-04 03:00:00,23166.679886,TAKE_PROFIT,50.0,WIN,23282.323637,23219.457121,23250.890379
2025-07-08,LONG,2025-07-08 02:30:00,23175.526303,23125.526303,50,23225.526303,50,2025-07-08 08:00:00,23177.546111,TIME_EXIT,2.0198080000009213,WIN,23166.184693,23068.72897,23117.4568315
2025-07-17,LONG,2025-07-17 01:00:00,23343.927772,23293.927772,50,23393.927772,50,2025-07-17 08:00:00,23364.883277,TIME_EXIT,20.955505000001722,WIN,23287.12068,23244.957194,23266.038936999998
2025-07-21,LONG,2025-07-21 01:00:00,23513.844097,23463.844097,50,23563.844097,50,2025-07-21 08:00:00,23463.844097,STOP_LOSS,-50.0,LOSS,23507.784674,23467.136043,23487.4603585
2025-07-22,SHORT,2025-07-22 03:15:00,23517.631237,23567.631237,50,23467.631237,50,2025-07-22 07:00:00,23567.631237,STOP_LOSS,-50.0,LOSS,23598.423545,23527.730275,23563.076910000003
2025-07-23,LONG,2025-07-23 02:00:00,23499.705443,23449.705443,50,23549.705443,50,2025-07-23 08:00:00,23469.913279,TIME_EXIT,-29.792163999998593,LOSS,23498.443063,23410.581427,23454.512244999998
2025-07-24,SHORT,2025-07-24 01:30:00,23589.839363,23639.839363,50,23539.839363,50,2025-07-24 08:00:00,23587.062127,TIME_EXIT,2.7772359999980836,WIN,23654.725686,23603.725541,23629.2256135
2025-07-25,SHORT,2025-07-25 02:00:00,23610.03744,23660.03744,50,23560.03744,50,2025-07-25 08:00:00,23589.839363,TIME_EXIT,20.19807700000092,WIN,23673.913859,23621.651334,23647.7825965
2025-07-29,LONG,2025-07-29 02:00:00,23785.508236,23735.508236,50,23835.508236,50,2025-07-29 04:45:00,23835.508236,TAKE_PROFIT,50.0,WIN,23785.25576,23749.404173,23767.3299665
2025-07-31,LONG,2025-07-31 02:15:00,24046.82086,23996.82086,50,24096.82086,50,2025-07-31 06:30:00,23996.82086,STOP_LOSS,-50.0,LOSS,24044.801053,23946.840378,23995.8207155
2025-08-01,SHORT,2025-08-01 02:00:00,23459.561764,23509.561764,50,23409.561764,50,2025-08-01 02:30:00,23409.561764,TAKE_PROFIT,50.0,WIN,23573.680901,23461.581572,23517.631236499998
2025-08-04,LONG,2025-08-04 01:00:00,23224.506641,23174.506641,50,23274.506641,50,2025-08-04 03:15:00,23274.506641,TAKE_PROFIT,50.0,WIN,23216.174934,23108.367696,23162.271314999998
2025-08-06,LONG,2025-08-06 01:15:00,23427.244841,23377.244841,50,23477.244841,50,2025-08-06 04:15:00,23377.244841,STOP_LOSS,-50.0,LOSS,23403.007148,23278.031545,23340.5193465
2025-08-07,LONG,2025-08-07 03:00:00,23774.651769,23724.651769,50,23824.651769,50,2025-08-07 04:30:00,23824.651769,TAKE_PROFIT,50.0,WIN,23744.102178,23676.438619,23710.2703985
2025-08-08,SHORT,2025-08-08 01:00:00,23761.018067,23811.018067,50,23711.018067,50,2025-08-08 04:15:00,23811.018067,STOP_LOSS,-50.0,LOSS,23816.56278,23761.523019,23789.0428995
2025-08-11,SHORT,2025-08-11 03:00:00,23913.008599,23963.008599,50,23863.008599,50,2025-08-11 04:30:00,23963.008599,STOP_LOSS,-50.0,LOSS,24008.444514,23935.731435,23972.0879745
2025-08-13,LONG,2025-08-13 02:00:00,24214.717377,24164.717377,50,24264.717377,50,2025-08-13 07:45:00,24264.717377,TAKE_PROFIT,50.0,WIN,24207.395574,24158.667713,24183.0316435
2025-08-14,SHORT,2025-08-14 01:00:00,24140.236968,24190.236968,50,24090.236968,50,2025-08-14 06:45:00,24190.236968,STOP_LOSS,-50.0,LOSS,24201.588627,24153.87067,24177.7296485
2025-08-18,SHORT,2025-08-18 01:00:00,24064.494178,24114.494178,50,24014.494178,50,2025-08-18 01:30:00,24014.494178,TAKE_PROFIT,50.0,WIN,24118.271559,24076.613024,24097.4422915
2025-08-25,SHORT,2025-08-25 04:00:00,23727.186288,23777.186288,50,23677.186288,50,2025-08-25 08:00:00,23717.592201,TIME_EXIT,9.59408700000131,WIN,23831.711338,23753.443788,23792.577563
2025-08-27,SHORT,2025-08-27 02:15:00,23815.3004,23865.3004,50,23765.3004,50,2025-08-27 08:00:00,23798.889462,TIME_EXIT,16.410938000000897,WIN,23863.018357,23827.671722,23845.3450395
2025-08-28,LONG,2025-08-28 01:30:00,23835.750953,23785.750953,50,23885.750953,50,2025-08-28 03:00:00,23885.750953,TAKE_PROFIT,50.0,WIN,23817.82516,23720.116961,23768.9710605
2025-09-02,SHORT,2025-09-02 02:00:00,23623.418666,23673.418666,50,23573.418666,50,2025-09-02 02:45:00,23573.418666,TAKE_PROFIT,50.0,WIN,23717.087249,23647.403883,23682.245565999998
2025-09-05,LONG,2025-09-05 01:00:00,24006.929658,23956.929658,50,24056.929658,50,2025-09-05 07:30:00,24056.929658,TAKE_PROFIT,50.0,WIN,23986.984056,23935.983911,23961.483983500002
2025-09-09,LONG,2025-09-09 01:00:00,24087.217015,24037.217015,50,24137.217015,50,2025-09-09 08:00:00,24037.217015,STOP_LOSS,-50.0,LOSS,24084.439779,24026.370307,24055.405043
2025-09-10,LONG,2025-09-10 01:00:00,24163.21228,24113.21228,50,24213.21228,50,2025-09-10 07:30:00,24213.21228,TAKE_PROFIT,50.0,WIN,24161.949901,24110.444804,24136.1973525
2025-09-11,LONG,2025-09-11 02:30:00,24158.415237,24108.415237,50,24208.415237,50,2025-09-11 07:30:00,24208.415237,TAKE_PROFIT,50.0,WIN,24155.890477,24107.920044,24131.9052605
2025-09-16,LONG,2025-09-16 01:30:00,24593.25,24543.25,50,24643.25,50,2025-09-16 03:45:00,24643.25,TAKE_PROFIT,50.0,WIN,24589.5,24526.75,24558.125
2025-09-17,SHORT,2025-09-17 03:30:00,24485.75,24535.75,50,24435.75,50,2025-09-17 08:00:00,24521.25,TIME_EXIT,-35.5,LOSS,24550.25,24507.75,24529.0
2025-09-18,LONG,2025-09-18 02:45:00,24663.25,24613.25,50,24713.25,50,2025-09-18 03:45:00,24713.25,TAKE_PROFIT,50.0,WIN,24653.5,24560.0,24606.75
2025-09-19,SHORT,2025-09-19 01:45:00,24673.0,24723.0,50,24623.0,50,2025-09-19 04:15:00,24723.0,STOP_LOSS,-50.0,LOSS,24749.0,24682.0,24715.5
2025-09-22,SHORT,2025-09-22 01:30:00,24823.75,24873.75,50,24773.75,50,2025-09-22 02:15:00,24773.75,TAKE_PROFIT,50.0,WIN,24876.0,24828.0,24852.0
2025-09-24,LONG,2025-09-24 01:00:00,24867.75,24817.75,50,24917.75,50,2025-09-24 08:00:00,24874.0,TIME_EXIT,6.25,WIN,24855.25,24810.5,24832.875
2025-09-25,SHORT,2025-09-25 01:15:00,24736.25,24786.25,50,24686.25,50,2025-09-25 05:15:00,24686.25,TAKE_PROFIT,50.0,WIN,24793.5,24740.25,24766.875
2025-09-26,LONG,2025-09-26 01:00:00,24658.0,24608.0,50,24708.0,50,2025-09-26 03:45:00,24608.0,STOP_LOSS,-50.0,LOSS,24642.0,24573.75,24607.875
2025-09-29,LONG,2025-09-29 01:30:00,24851.25,24801.25,50,24901.25,50,2025-09-29 05:15:00,24901.25,TAKE_PROFIT,50.0,WIN,24834.25,24755.25,24794.75
2025-09-30,SHORT,2025-09-30 02:00:00,24794.25,24844.25,50,24744.25,50,2025-09-30 07:45:00,24844.25,STOP_LOSS,-50.0,LOSS,24856.75,24805.75,24831.25
2025-10-01,SHORT,2025-10-01 01:00:00,24758.25,24808.25,50,24708.25,50,2025-10-01 01:45:00,24708.25,TAKE_PROFIT,50.0,WIN,24848.75,24763.5,24806.125
2025-10-02,LONG,2025-10-02 02:00:00,25083.0,25033.0,50,25133.0,50,2025-10-02 06:00:00,25133.0,TAKE_PROFIT,50.0,WIN,25076.5,25003.25,25039.875
2025-10-03,LONG,2025-10-03 01:30:00,25181.25,25131.25,50,25231.25,50,2025-10-03 06:30:00,25131.25,STOP_LOSS,-50.0,LOSS,25176.75,25097.25,25137.0
2025-10-07,LONG,2025-10-07 04:00:00,25186.75,25136.75,50,25236.75,50,2025-10-07 07:45:00,25236.75,TAKE_PROFIT,50.0,WIN,25183.5,25122.5,25153.0
2025-10-09,SHORT,2025-10-09 03:30:00,25303.75,25353.75,50,25253.75,50,2025-10-09 08:00:00,25316.25,TIME_EXIT,-12.5,LOSS,25394.0,25307.0,25350.5
2025-10-13,LONG,2025-10-13 02:00:00,24892.5,24842.5,50,24942.5,50,2025-10-13 02:30:00,24942.5,TAKE_PROFIT,50.0,WIN,24855.5,24650.75,24753.125
2025-10-14,SHORT,2025-10-14 01:00:00,24748.0,24798.0,50,24698.0,50,2025-10-14 01:15:00,24698.0,TAKE_PROFIT,50.0,WIN,25044.25,24750.0,24897.125
2025-10-15,LONG,2025-10-15 01:15:00,24891.25,24841.25,50,24941.25,50,2025-10-15 04:00:00,24941.25,TAKE_PROFIT,50.0,WIN,24855.75,24740.5,24798.125
2025-10-16,LONG,2025-10-16 01:00:00,24985.75,24935.75,50,25035.75,50,2025-10-16 02:00:00,25035.75,TAKE_PROFIT,50.0,WIN,24979.25,24874.75,24927.0
2025-10-17,SHORT,2025-10-17 01:00:00,24664.5,24714.5,50,24614.5,50,2025-10-17 01:30:00,24614.5,TAKE_PROFIT,50.0,WIN,24835.75,24700.25,24768.0
2025-10-20,LONG,2025-10-20 02:15:00,25133.0,25083.0,50,25183.0,50,2025-10-20 03:30:00,25083.0,STOP_LOSS,-50.0,LOSS,25119.75,24955.75,25037.75
2025-10-21,SHORT,2025-10-21 01:00:00,25270.75,25320.75,50,25220.75,50,2025-10-21 08:00:00,25288.5,TIME_EXIT,-17.75,LOSS,25368.0,25295.25,25331.625
2025-10-23,LONG,2025-10-23 02:00:00,25120.0,25070.0,50,25170.0,50,2025-10-23 02:15:00,25070.0,STOP_LOSS,-50.0,LOSS,25113.25,24951.25,25032.25
2025-10-24,LONG,2025-10-24 01:00:00,25366.0,25316.0,50,25416.0,50,2025-10-24 07:30:00,25416.0,TAKE_PROFIT,50.0,WIN,25335.25,25284.75,25310.0
2025-10-27,LONG,2025-10-27 01:00:00,25789.25,25739.25,50,25839.25,50,2025-10-27 04:45:00,25839.25,TAKE_PROFIT,50.0,WIN,25773.0,25706.75,25739.875
2025-10-28,SHORT,2025-10-28 03:00:00,25947.25,25997.25,50,25897.25,50,2025-10-28 06:15:00,25997.25,STOP_LOSS,-50.0,LOSS,26018.75,25956.0,25987.375
2025-10-29,LONG,2025-10-29 01:15:00,26286.5,26236.5,50,26336.5,50,2025-10-29 04:00:00,26236.5,STOP_LOSS,-50.0,LOSS,26252.75,26164.5,26208.625
2025-11-04,SHORT,2025-11-04 01:00:00,25751.5,25801.5,50,25701.5,50,2025-11-04 01:30:00,25801.5,STOP_LOSS,-50.0,LOSS,26068.0,25807.0,25937.5
2025-11-10,LONG,2025-11-10 02:30:00,25513.5,25463.5,50,25563.5,50,2025-11-10 03:15:00,25563.5,TAKE_PROFIT,50.0,WIN,25496.75,25269.0,25382.875
2025-11-11,SHORT,2025-11-11 01:45:00,25652.0,25702.0,50,25602.0,50,2025-11-11 03:45:00,25602.0,TAKE_PROFIT,50.0,WIN,25768.75,25652.75,25710.75
