entry_datetime,exit_datetime,direction,entry_price,stop_loss,take_profit,exit_price,pnl,result,exit_reason
2018-01-03 05:10:00,2018-01-03 08:40:00,long,7649.889785,7638.718241,7672.232873000002,7672.232873000002,22.343088000001444,Win,TP
2018-01-08 05:20:00,2018-01-08 09:25:00,short,7812.734408,7824.198838,7789.805548,7824.198838,-11.464429999999993,Loss,SL
2018-01-09 02:00:00,2018-01-09 08:40:00,long,7837.043947,7826.751061,7857.6297190000005,7826.751061,-10.29288600000018,Loss,SL
2018-01-09 02:00:00,2018-01-09 08:40:00,long,7837.043947,7826.751061,7857.6297190000005,7826.751061,-10.29288600000018,Loss,SL
2018-01-09 02:00:00,2018-01-09 08:40:00,long,7837.043947,7826.751061,7857.6297190000005,7826.751061,-10.29288600000018,Loss,SL
2018-01-09 04:30:00,2018-01-09 08:40:00,long,7845.830528,7833.780326,7869.930932000001,7833.780326,-12.050202000000354,Loss,SL
2018-01-09 04:10:00,2018-01-09 07:40:00,short,7842.02301,7854.658984,7816.751062,7854.658984,-12.635973999999806,Loss,SL
2018-01-09 05:30:00,2018-01-09 07:35:00,short,7842.02301,7853.780326,7818.5083779999995,7853.780326,-11.757316000000174,Loss,SL
2018-01-10 02:00:00,2018-01-10 04:35:00,short,7818.299243,7828.592129,7797.713471000002,7797.713471000002,20.585771999998542,Win,TP
2018-01-10 02:00:00,2018-01-10 04:35:00,short,7818.299243,7828.592129,7797.713471000002,7797.713471000002,20.585771999998542,Win,TP
2018-01-10 03:20:00,2018-01-10 04:35:00,short,7818.006357,7828.885015,7796.249041000001,7796.249041000001,21.757315999999264,Win,TP
2018-01-11 02:00:00,2018-01-11 09:35:00,long,7830.600455,7817.378709,7857.043947,7817.378709,-13.221746000000167,Loss,SL
2018-01-11 02:00:00,2018-01-11 09:35:00,long,7830.600455,7817.378709,7857.043947,7817.378709,-13.221746000000167,Loss,SL
2018-01-11 02:00:00,2018-01-11 09:35:00,long,7830.600455,7817.378709,7857.043947,7817.378709,-13.221746000000167,Loss,SL
2018-01-11 02:00:00,2018-01-11 09:35:00,long,7830.600455,7817.378709,7857.043947,7817.378709,-13.221746000000167,Loss,SL
2018-01-11 05:00:00,2018-01-11 11:35:00,long,7829.136025,7815.914279,7855.579517,7855.579517,26.443492000000333,Win,TP
2018-01-12 03:30:00,2018-01-12 07:35:00,short,7893.863834,7905.62115,7870.349201999999,7870.349201999999,23.514632000000347,Win,TP
2018-01-12 04:40:00,2018-01-12 07:35:00,short,7892.106518,7902.985176,7870.3492019999985,7870.3492019999985,21.757316000001083,Win,TP
2018-01-15 04:50:00,2018-01-15 18:15:00,short,7941.89714,7956.583316,7912.524788,7940.139824,1.7573160000001735,Win,Timeout
2018-01-15 04:45:00,2018-01-15 18:10:00,short,7946.29043,7958.926405,7921.01848,7941.604254,4.6861760000001595,Win,Timeout
2018-01-16 02:00:00,2018-01-16 05:00:00,long,7961.813389,7948.884529,7987.671109,7987.671109,25.857719999999972,Win,TP
2018-01-16 02:00:00,2018-01-16 05:00:00,long,7961.813389,7948.884529,7987.671109,7987.671109,25.857719999999972,Win,TP
2018-01-16 02:00:00,2018-01-16 05:00:00,long,7961.813389,7948.884529,7987.671109,7987.671109,25.857719999999972,Win,TP
2018-01-17 04:25:00,2018-01-17 05:10:00,short,7939.554052,7951.311368,7916.039420000002,7951.311368,-11.757315999999264,Loss,SL
2018-01-17 04:35:00,2018-01-17 08:30:00,long,7942.775798,7929.846938,7968.633518,7929.846938,-12.928859999999986,Loss,SL
2018-01-18 03:05:00,2018-01-18 07:00:00,long,7986.415814,7970.265208,8018.717026,7970.265208,-16.150606000000153,Loss,SL
2018-01-19 04:25:00,2018-01-19 09:00:00,short,8021.26925,8034.783882,7994.239986000001,7994.239986000001,27.029263999998875,Win,TP
2018-01-24 02:00:00,2018-01-24 07:50:00,long,8169.176687,8158.005143,8191.519775,8191.519775,22.343087999999625,Win,TP
2018-01-24 02:00:00,2018-01-24 07:50:00,long,8169.176687,8158.005143,8191.519775,8191.519775,22.343087999999625,Win,TP
2018-01-24 02:00:00,2018-01-24 07:50:00,long,8169.176687,8158.005143,8191.519775,8191.519775,22.343087999999625,Win,TP
2018-01-24 02:00:00,2018-01-24 07:50:00,long,8169.176687,8158.005143,8191.519775,8191.519775,22.343087999999625,Win,TP
2018-01-24 02:00:00,2018-01-24 07:50:00,long,8169.176687,8158.005143,8191.519775,8191.519775,22.343087999999625,Win,TP
2018-01-23 05:55:00,2018-01-23 08:40:00,long,8119.971836,8106.457204,8147.001099999999,8147.001099999999,27.029263999998875,Win,TP
2018-01-24 05:20:00,2018-01-24 08:50:00,long,8177.670381,8162.984205,8207.042733,8162.984205,-14.68617600000016,Loss,SL
2018-01-26 02:00:00,2018-01-26 03:45:00,short,8144.281376,8155.745806,8121.352516,8155.745806,-11.464429999999993,Loss,SL
2018-01-26 02:00:00,2018-01-26 03:45:00,short,8144.281376,8155.745806,8121.352516,8155.745806,-11.464429999999993,Loss,SL
2018-01-29 04:50:00,2018-01-29 08:30:00,long,8215.159791,8200.473615,8244.532142999999,8200.473615,-14.68617599999925,Loss,SL
2018-01-29 05:35:00,2018-01-29 08:30:00,long,8215.159791,8204.281133,8236.917107,8204.281133,-10.878657999999632,Loss,SL
2018-01-29 05:30:00,2018-01-29 08:30:00,long,8214.281133,8198.130526,8246.582347,8198.130526,-16.15060699999958,Loss,SL
2018-01-29 05:30:00,2018-01-29 08:30:00,long,8214.281133,8198.130526,8246.582347,8198.130526,-16.15060699999958,Loss,SL
2018-01-30 03:10:00,2018-01-30 07:45:00,long,8160.975878,8143.360842,8196.20595,8143.360842,-17.615036000000146,Loss,SL
2018-01-31 05:10:00,2018-01-31 05:45:00,long,8160.390106,8147.16836,8186.833598,8147.16836,-13.221746000000167,Loss,SL
2018-01-31 04:05:00,2018-01-31 06:30:00,short,8151.017754,8165.70393,8121.645402000002,8165.70393,-14.68617599999925,Loss,SL
2018-02-01 02:30:00,2018-02-01 03:15:00,long,8179.720583,8163.862863,8211.436023,8163.862863,-15.857719999999972,Loss,SL
2018-02-01 02:40:00,2018-02-01 05:05:00,short,8177.084609,8189.134811,8152.984204999999,8152.984204999999,24.100404000000708,Win,TP
2018-02-01 03:55:00,2018-02-01 07:30:00,short,8158.047018,8176.833599,8120.473856000001,8120.473856000001,37.573161999998774,Win,TP
2018-02-05 03:10:00,2018-02-05 05:05:00,long,7911.436995,7898.215249,7937.880487,7898.215249,-13.221746000000167,Loss,SL
2018-02-05 04:20:00,2018-02-05 05:40:00,short,7911.436995,7925.244513,7883.821959000001,7883.821959000001,27.615035999999236,Win,TP
2018-02-06 04:35:00,2018-02-06 05:05:00,long,7579.890028,7543.530286,7652.609511999999,7543.530286,-36.35974199999964,Loss,SL
2018-02-06 04:35:00,2018-02-06 05:05:00,long,7579.890028,7543.530286,7652.609511999999,7543.530286,-36.35974199999964,Loss,SL
2018-02-07 03:05:00,2018-02-07 03:30:00,short,7716.082024,7735.747262,7676.751548000001,7735.747262,-19.66523799999959,Loss,SL
2018-02-07 03:40:00,2018-02-07 05:40:00,short,7731.604983,7749.805791,7695.203367000001,7749.805791,-18.200807999999597,Loss,SL
2018-02-07 05:40:00,2018-02-07 08:25:00,long,7751.521232,7730.391563,7793.78057,7793.78057,42.25933799999984,Win,TP
2018-02-07 05:30:00,2018-02-07 06:10:00,long,7738.048475,7720.726325,7772.6927749999995,7772.6927749999995,34.64429999999993,Win,TP
2018-02-08 02:00:00,2018-02-08 02:15:00,short,7710.51719,7721.102962,7689.345645999999,7721.102962,-10.585772000000361,Loss,SL
2018-02-08 02:00:00,2018-02-08 02:15:00,short,7710.51719,7721.102962,7689.345645999999,7721.102962,-10.585772000000361,Loss,SL
2018-02-08 02:00:00,2018-02-08 02:15:00,short,7710.51719,7721.102962,7689.345645999999,7721.102962,-10.585772000000361,Loss,SL
2018-02-08 03:30:00,2018-02-08 07:20:00,short,7708.466988,7732.525516,7660.349932000001,7732.525516,-24.05852799999957,Loss,SL
2018-02-08 04:45:00,2018-02-08 06:35:00,short,7683.571676,7706.165775,7638.383477999998,7706.165775,-22.594099000000824,Loss,SL
2018-02-09 02:25:00,2018-02-09 05:20:00,long,7458.049446,7438.96998,7496.208378,7438.96998,-19.07946600000014,Loss,SL
2018-02-09 04:35:00,2018-02-09 04:45:00,long,7465.957368,7452.14985,7493.572404000001,7452.14985,-13.807518000000528,Loss,SL
2018-02-09 05:55:00,2018-02-09 06:15:00,long,7440.183399,7416.124871,7488.300454999999,7416.124871,-24.05852799999957,Loss,SL
2018-02-12 05:00:00,2018-02-12 05:35:00,long,7605.078225,7592.442251,7630.350173,7592.442251,-12.635973999999806,Loss,SL
2018-02-13 04:10:00,2018-02-13 05:00:00,long,7622.065614,7606.207893,7653.781056000001,7606.207893,-15.85772100000031,Loss,SL
2018-02-13 04:20:00,2018-02-13 09:00:00,short,7606.835541,7633.530044,7553.446535000001,7633.530044,-26.694502999999713,Loss,SL
2018-02-15 02:50:00,2018-02-15 08:35:00,short,7887.713228,7902.985176,7857.169331999999,7857.169331999999,30.54389600000104,Win,TP
2018-02-15 03:55:00,2018-02-15 06:45:00,short,7890.642088,7902.985176,7865.9559119999985,7865.9559119999985,24.68617600000107,Win,TP
2018-02-15 04:30:00,2018-02-15 06:45:00,short,7891.520746,7904.15672,7866.2487980000005,7866.2487980000005,25.27194799999961,Win,TP
2018-02-16 02:00:00,2018-02-16 05:35:00,long,8019.80482,7998.968037,8061.478386000002,7998.968037,-20.83678300000065,Loss,SL
2018-02-19 03:40:00,2018-02-19 07:05:00,long,7972.943058,7962.0644,7994.700373999999,7962.0644,-10.878657999999632,Loss,SL
2018-02-19 04:40:00,2018-02-19 07:05:00,long,7975.871918,7963.52883,8000.558093999999,7963.52883,-12.343087999999625,Loss,SL
2018-02-19 04:40:00,2018-02-19 07:05:00,long,7975.871918,7963.52883,8000.558093999999,7963.52883,-12.343087999999625,Loss,SL
2018-02-20 05:20:00,2018-02-20 06:45:00,short,7884.198596,7902.69229,7847.211208000001,7902.69229,-18.493693999999778,Loss,SL
2018-02-20 06:00:00,2018-02-20 08:30:00,long,7895.328264,7882.399404,7921.185984,7921.185984,25.857719999999972,Win,TP
2018-02-22 03:55:00,2018-02-22 05:30:00,long,7890.056316,7871.855507,7926.457934,7926.457934,36.40161799999987,Win,TP
2018-02-23 03:50:00,2018-02-23 04:15:00,long,7986.122928,7971.436752,8015.49528,7971.436752,-14.68617600000016,Loss,SL
2018-02-23 04:15:00,2018-02-23 05:55:00,short,7970.014198,7987.043462,7935.95567,7987.043462,-17.029263999999785,Loss,SL
2018-02-23 05:40:00,2018-02-23 09:10:00,long,7982.901182,7968.215006,8012.273533999998,7968.215006,-14.68617599999925,Loss,SL
2018-02-23 05:35:00,2018-02-23 09:15:00,long,7979.972322,7962.650172,8014.616622,7962.650172,-17.322149999999965,Loss,SL
2018-02-23 05:30:00,2018-02-23 07:10:00,long,7976.45769,7965.286146,7998.800778,7998.800778,22.343087999999625,Win,TP
2018-02-26 04:55:00,2018-02-26 08:35:00,long,8113.528344,8099.42794,8141.729152000002,8141.729152000002,28.200808000001416,Win,TP
2018-02-27 05:05:00,2018-02-27 07:55:00,short,8180.892127,8200.26448,8142.147421000001,8200.26448,-19.372352999999748,Loss,SL
2018-02-27 06:00:00,2018-02-27 08:55:00,long,8183.235215,8166.791723,8216.122198999998,8166.791723,-16.443491999999424,Loss,SL
2018-02-28 04:50:00,2018-02-28 07:00:00,short,8107.377738,8122.063914,8078.005386,8122.063914,-14.68617600000016,Loss,SL
2018-02-28 04:10:00,2018-02-28 05:40:00,long,8117.921634,8103.82123,8146.122442000002,8103.82123,-14.100404000000708,Loss,SL
2018-03-01 02:10:00,2018-03-01 03:05:00,long,8071.059872,8057.54524,8098.089135999999,8057.54524,-13.514631999999438,Loss,SL
2018-03-01 04:10:00,2018-03-01 05:50:00,short,8033.863348,8047.670867,8006.24831,8006.24831,27.615037999999913,Win,TP
2018-03-05 03:35:00,2018-03-05 08:05:00,long,7965.328021,7944.198353,8007.587357000001,7944.198353,-21.129668000000493,Loss,SL
2018-03-06 02:00:00,2018-03-06 08:55:00,long,8089.218805,8075.704173,8116.248069000001,8116.248069000001,27.029264000000694,Win,TP
2018-03-06 03:00:00,2018-03-06 08:55:00,long,8089.218805,8075.118401,8117.419613000002,8117.419613000002,28.200808000001416,Win,TP
2018-03-06 03:00:00,2018-03-06 08:55:00,long,8089.218805,8075.118401,8117.419613000002,8117.419613000002,28.200808000001416,Win,TP
2018-03-06 03:10:00,2018-03-06 04:40:00,short,8081.603769,8097.461489,8049.888329,8097.461489,-15.857719999999972,Loss,SL
2018-03-06 03:10:00,2018-03-06 04:40:00,short,8081.603769,8097.461489,8049.888329,8097.461489,-15.857719999999972,Loss,SL
2018-03-07 02:45:00,2018-03-07 03:10:00,long,8032.98469,8018.298514,8062.357042000001,8018.298514,-14.68617600000016,Loss,SL
2018-03-07 04:05:00,2018-03-07 08:40:00,long,8031.813146,8008.047504,8079.344430000001,8079.344430000001,47.531284000000596,Win,TP
2018-03-07 04:05:00,2018-03-07 08:40:00,long,8031.813146,8008.047504,8079.344430000001,8079.344430000001,47.531284000000596,Win,TP
2018-03-07 04:20:00,2018-03-07 07:20:00,short,8031.227374,8054.114359,7985.453404,8054.114359,-22.886985000000095,Loss,SL
2018-03-08 04:10:00,2018-03-08 06:05:00,long,8129.637075,8119.051303,8150.8086189999985,8150.8086189999985,21.171543999998903,Win,TP
2018-03-09 02:25:00,2018-03-09 04:55:00,short,8168.012466,8180.639024,8142.75935,8180.639024,-12.626557999999932,Loss,SL
2018-03-09 04:15:00,2018-03-09 07:25:00,long,8172.973743,8159.763505,8199.394218999998,8159.763505,-13.210237999999663,Loss,SL
2018-03-09 05:55:00,2018-03-09 07:30:00,short,8170.930864,8185.016621,8142.75935,8185.016621,-14.08575699999983,Loss,SL
2018-03-12 04:05:00,2018-03-12 10:25:00,short,8361.210417,8375.296174,8333.038903000002,8333.038903000002,28.171513999997842,Win,TP
2018-03-12 05:25:00,2018-03-12 08:30:00,short,8366.755373,8380.257451,8339.751217,8339.751217,27.004155999999057,Win,TP
2018-03-13 03:40:00,2018-03-13 07:30:00,short,8367.047213,8377.922733,8345.296173,8377.922733,-10.875519999999597,Loss,SL
2018-03-14 05:10:00,2018-03-14 08:35:00,short,8304.301655,8320.722131,8271.460702999997,8271.460702999997,32.84095200000229,Win,TP
2018-03-15 04:25:00,2018-03-15 05:55:00,short,8255.564408,8267.899126,8230.894972,8230.894972,24.669436000000132,Win,TP
2018-03-16 05:35:00,2018-03-16 08:05:00,short,8248.852092,8262.35417,8221.847935999996,8262.35417,-13.502078000001347,Loss,SL
2018-03-19 02:00:00,2018-03-19 03:20:00,short,8155.463354,8168.089913,8130.210236000002,8130.210236000002,25.25311799999872,Win,TP
2018-03-19 02:40:00,2018-03-19 03:15:00,long,8157.798073,8144.295995,8184.802228999999,8144.295995,-13.502077999999528,Loss,SL
2018-03-19 03:15:00,2018-03-19 09:40:00,short,8143.789762,8172.46751,8086.434266,8086.434266,57.35549600000013,Win,TP
2018-03-21 05:30:00,2018-03-21 06:40:00,long,8055.362301,8040.401025,8085.284853,8040.401025,-14.961275999999998,Loss,SL
2018-03-21 04:50:00,2018-03-21 08:35:00,long,8047.190787,8030.770311,8080.031738999998,8030.770311,-16.420475999999326,Loss,SL
2018-03-22 04:10:00,2018-03-22 08:10:00,short,7954.677569,7981.604277,7900.8241530000005,7900.8241530000005,53.853415999999925,Win,TP
2018-03-22 05:40:00,2018-03-22 08:00:00,short,7944.171336,7960.299971,7911.914066,7911.914066,32.25727000000006,Win,TP
2018-03-23 04:10:00,2018-03-23 06:15:00,short,7742.80187,7766.810181,7694.785248000001,7766.810181,-24.008310999999594,Loss,SL
2018-03-26 03:55:00,2018-03-26 04:30:00,short,7750.681545,7765.642821,7720.758993,7765.642821,-14.961275999999998,Loss,SL
2018-03-26 05:45:00,2018-03-26 05:55:00,short,7757.39386,7769.144899,7733.891782000001,7769.144899,-11.751038999999764,Loss,SL
2018-03-26 05:30:00,2018-03-26 06:10:00,short,7763.230656,7780.234812,7729.222344,7780.234812,-17.004155999999966,Loss,SL
2018-03-26 05:20:00,2018-03-26 06:15:00,short,7771.694011,7786.363448,7742.355136999999,7786.363448,-14.669437000000471,Loss,SL
2018-03-27 02:00:00,2018-03-27 03:15:00,long,7969.561399,7957.81036,7993.063477,7957.81036,-11.751038999999764,Loss,SL
2018-03-27 02:00:00,2018-03-27 03:15:00,long,7969.561399,7957.81036,7993.063477,7957.81036,-11.751038999999764,Loss,SL
2018-03-27 02:00:00,2018-03-27 03:15:00,long,7969.561399,7957.81036,7993.063477,7957.81036,-11.751038999999764,Loss,SL
2018-03-28 04:30:00,2018-03-28 06:00:00,long,7608.55556,7589.508526,7646.649628,7646.649628,38.094068000000334,Win,TP
2018-03-28 04:35:00,2018-03-28 05:15:00,short,7598.341166,7618.847399,7557.3287,7618.847399,-20.506233000000066,Loss,SL
2018-03-29 04:25:00,2018-03-29 07:10:00,long,7607.97188,7592.718764,7638.478112,7592.718764,-15.253115999999864,Loss,SL
2018-03-29 05:45:00,2018-03-29 06:40:00,short,7605.053482,7619.722919,7575.714608000001,7619.722919,-14.669436999999562,Loss,SL
2018-03-29 05:30:00,2018-03-29 06:50:00,short,7609.139239,7629.061793,7569.294131000001,7629.061793,-19.922553999999764,Loss,SL
2018-04-02 05:40:00,2018-04-02 08:35:00,short,7651.456011,7667.876487,7618.615059,7667.876487,-16.420476000000235,Loss,SL
2018-04-03 05:20:00,2018-04-03 07:15:00,long,7500.866672,7486.489074,7529.621868,7529.621868,28.75519600000007,Win,TP
2018-04-04 04:35:00,2018-04-04 05:10:00,long,7413.02289,7393.975856,7451.1169580000005,7393.975856,-19.047034000000167,Loss,SL
2018-04-04 06:00:00,2018-04-04 08:35:00,long,7410.104492,7385.512502,7459.288472000002,7459.288472000002,49.18398000000161,Win,TP
2018-04-04 06:00:00,2018-04-04 08:35:00,long,7410.104492,7385.512502,7459.288472000002,7459.288472000002,49.18398000000161,Win,TP
2018-04-05 05:30:00,2018-04-05 05:50:00,short,7723.248603,7739.085399,7691.575011000001,7739.085399,-15.836795999999595,Loss,SL
2018-04-05 05:55:00,2018-04-05 06:20:00,short,7728.793559,7743.754836,7698.871004999999,7743.754836,-14.961277000000337,Loss,SL
2018-04-06 03:00:00,2018-04-06 05:30:00,long,7638.61506,7623.361943,7669.1212940000005,7669.1212940000005,30.506234000000404,Win,TP
2018-04-06 04:25:00,2018-04-06 06:05:00,long,7644.451856,7630.366098,7672.623371999998,7630.366098,-14.08575799999926,Loss,SL
2018-04-09 04:25:00,2018-04-09 05:50:00,long,7612.057637,7597.096361,7641.980189,7597.096361,-14.961275999999998,Loss,SL
2018-04-09 04:50:00,2018-04-09 07:10:00,short,7605.053482,7617.97188,7579.216686000001,7579.216686000001,25.836795999999595,Win,TP
2018-04-09 04:50:00,2018-04-09 07:10:00,short,7605.053482,7617.97188,7579.216686000001,7579.216686000001,25.836795999999595,Win,TP
2018-04-09 04:35:00,2018-04-09 07:10:00,short,7610.306598,7627.310754,7576.298286,7576.298286,34.00831199999993,Win,TP
2018-04-10 02:55:00,2018-04-10 09:45:00,short,7681.807351,7720.115812,7605.190429000001,7720.115812,-38.308460999999625,Loss,SL
2018-04-10 03:25:00,2018-04-10 03:45:00,long,7711.575011,7689.901419,7754.922195,7689.901419,-21.6735920000001,Loss,SL
2018-04-10 05:00:00,2018-04-10 08:40:00,short,7696.983021,7714.570856,7661.8073509999995,7661.8073509999995,35.17567000000054,Win,TP
2018-04-11 04:15:00,2018-04-11 05:15:00,long,7700.193258,7686.107501,7728.364772,7686.107501,-14.08575699999983,Loss,SL
2018-04-11 05:10:00,2018-04-11 06:20:00,short,7686.184948,7705.523822,7647.5072,7647.5072,38.677748000000065,Win,TP
2018-04-11 05:05:00,2018-04-11 05:15:00,short,7695.231982,7708.44222,7668.811506000001,7668.811506000001,26.420475999999326,Win,TP
2018-04-11 04:55:00,2018-04-11 05:15:00,short,7696.983021,7712.527977,7665.893109000001,7665.893109000001,31.089911999999458,Win,TP
2018-04-12 03:40:00,2018-04-12 05:15:00,short,7708.656613,7725.368928,7675.231983000001,7725.368928,-16.712314999999762,Loss,SL
2018-04-12 04:50:00,2018-04-12 05:50:00,long,7713.909729,7698.072933,7745.583320999999,7745.583320999999,31.67359199999919,Win,TP
2018-04-13 02:55:00,2018-04-13 07:15:00,long,7776.071608,7757.900093,7812.414638,7812.414638,36.34303,Win,TP
2018-04-16 02:00:00,2018-04-16 03:00:00,short,7772.27769,7784.028729,7748.775612,7784.028729,-11.751038999999764,Loss,SL
2018-04-16 02:00:00,2018-04-16 03:00:00,short,7772.27769,7784.028729,7748.775612,7784.028729,-11.751038999999764,Loss,SL
2018-04-16 02:00:00,2018-04-16 03:00:00,short,7772.27769,7784.028729,7748.775612,7784.028729,-11.751038999999764,Loss,SL
2018-04-16 02:40:00,2018-04-16 03:10:00,short,7773.736889,7785.487928,7750.234811,7785.487928,-11.751038999999764,Loss,SL
2018-04-16 05:45:00,2018-04-16 07:50:00,short,7796.500394,7809.710632,7770.0799179999985,7809.710632,-13.210238000000572,Loss,SL
2018-04-17 03:55:00,2018-04-17 08:40:00,long,7867.709307,7854.207229,7894.713463000001,7894.713463000001,27.004156000000876,Win,TP
2018-04-17 06:00:00,2018-04-17 07:00:00,short,7868.001146,7882.670583,7838.662271999999,7882.670583,-14.669437000000471,Loss,SL
2018-04-18 05:40:00,2018-04-18 08:25:00,long,7992.324903,7977.655466,8021.663776999999,7977.655466,-14.669436999999562,Loss,SL
2018-04-20 03:55:00,2018-04-20 08:35:00,long,7889.889132,7871.717617,7926.232162,7871.717617,-18.171515,Loss,SL
2018-04-20 04:30:00,2018-04-20 05:50:00,long,7883.468656,7869.091059,7912.223849999999,7912.223849999999,28.755193999999392,Win,TP
2018-04-23 04:15:00,2018-04-23 07:05:00,long,7785.118642,7771.032884,7813.290158000001,7813.290158000001,28.171516000000338,Win,TP
2018-04-24 02:15:00,2018-04-24 04:35:00,long,7795.624875,7778.03704,7830.800545000001,7830.800545000001,35.17567000000054,Win,TP
2018-04-25 05:00:00,2018-04-25 05:55:00,long,7592.79621,7575.208375,7627.971880000001,7575.208375,-17.58783500000027,Loss,SL
2018-04-25 05:00:00,2018-04-25 05:55:00,long,7592.79621,7575.208375,7627.971880000001,7575.208375,-17.58783500000027,Loss,SL
2018-04-25 04:50:00,2018-04-25 06:25:00,long,7581.706298,7565.577662,7613.963570000001,7565.577662,-16.12863600000037,Loss,SL
2018-04-26 02:40:00,2018-04-26 04:40:00,short,7671.301118,7692.97471,7627.953934,7692.97471,-21.6735920000001,Loss,SL
2018-04-26 04:25:00,2018-04-26 07:50:00,long,7685.309428,7667.429754,7721.068775999999,7721.068775999999,35.75934799999959,Win,TP
2018-04-26 04:20:00,2018-04-26 07:15:00,long,7678.888953,7662.176637,7712.313585,7712.313585,33.4246320000002,Win,TP
2018-04-27 04:55:00,2018-04-27 07:35:00,long,7872.670583,7860.335865,7897.340019,7897.340019,24.669436000000132,Win,TP
2018-04-30 05:50:00,2018-04-30 06:15:00,long,7827.143574,7814.517015,7852.396691999998,7814.517015,-12.62655899999936,Loss,SL
2018-05-01 02:00:00,2018-05-01 03:35:00,short,7727.33436,7738.20988,7705.583319999999,7705.583319999999,21.751040000001012,Win,TP
2018-05-02 02:00:00,2018-05-02 05:05:00,long,7842.027404,7825.898768,7874.284676000001,7825.898768,-16.12863600000037,Loss,SL
2018-05-02 04:05:00,2018-05-02 05:05:00,long,7848.447879,7832.319244,7880.705149,7832.319244,-16.12863500000003,Loss,SL
2018-05-02 05:05:00,2018-05-02 10:45:00,short,7825.392535,7852.611083,7770.955439,7770.955439,54.437095999999656,Win,TP
2018-05-02 05:00:00,2018-05-02 07:35:00,short,7842.902923,7858.739719,7811.229330999999,7811.229330999999,31.67359200000101,Win,TP
2018-05-03 02:00:00,2018-05-03 03:00:00,short,7744.261069,7760.389705,7712.003797000001,7760.389705,-16.12863599999946,Loss,SL
2018-05-04 02:55:00,2018-05-04 07:10:00,long,7768.775613,7743.016263,7820.2943129999985,7743.016263,-25.75934999999936,Loss,SL
2018-05-04 03:15:00,2018-05-04 07:40:00,short,7767.608253,7784.904249,7733.016261000001,7733.016261000001,34.591991999999664,Win,TP
2018-05-04 05:00:00,2018-05-04 06:50:00,long,7770.526651,7756.732734,7798.114485,7756.732734,-13.793916999999965,Loss,SL
2018-05-04 05:45:00,2018-05-04 07:40:00,short,7759.436739,7775.565375,7727.179466999999,7727.179466999999,32.25727200000074,Win,TP
2018-05-04 05:45:00,2018-05-04 07:40:00,short,7759.436739,7775.565375,7727.179466999999,7727.179466999999,32.25727200000074,Win,TP
2018-05-07 05:00:00,2018-05-07 08:35:00,short,7950.591811,7966.428607,7918.918219000001,7966.428607,-15.836795999999595,Loss,SL
2018-05-07 04:50:00,2018-05-07 08:35:00,short,7955.553088,7968.179646,7930.299972,7968.179646,-12.626557999999932,Loss,SL
2018-05-08 04:40:00,2018-05-08 08:30:00,short,7946.506054,7963.218369,7913.081424000001,7963.218369,-16.712314999999762,Loss,SL
2018-05-09 05:05:00,2018-05-09 09:55:00,short,7985.320748,8000.282025,7955.398193999999,7955.398193999999,29.922554000000673,Win,TP
2018-05-10 02:45:00,2018-05-10 04:40:00,long,8067.035893,8055.576694,8089.954291,8055.576694,-11.459198999999899,Loss,SL
2018-05-10 03:15:00,2018-05-10 07:45:00,short,8064.993015,8077.035893,8040.907259,8077.035893,-12.0428780000002,Loss,SL
2018-05-10 05:00:00,2018-05-10 07:30:00,short,8061.199097,8071.782777,8040.031736999998,8071.782777,-10.58368000000064,Loss,SL
2018-05-11 05:10:00,2018-05-11 08:00:00,long,8133.575369,8119.781452,8161.163203,8119.781452,-13.793916999999965,Loss,SL
2018-05-14 05:55:00,2018-05-14 09:10:00,long,8147.58368,8134.665282,8173.420475999999,8173.420475999999,25.836795999999595,Win,TP
2018-05-15 05:50:00,2018-05-15 07:35:00,short,8125.403855,8138.030413,8100.150738999998,8100.150738999998,25.253116000001683,Win,TP
2018-05-16 03:15:00,2018-05-16 08:35:00,short,8053.611262,8064.486782,8031.860222000001,8064.486782,-10.875519999999597,Loss,SL
2018-05-16 05:45:00,2018-05-16 08:50:00,long,8048.941826,8035.147908,8076.529662000001,8076.529662000001,27.587836000000607,Win,TP
2018-05-18 02:00:00,2018-05-18 02:15:00,long,8090.966758,8078.632039,8115.636195999999,8078.632039,-12.334718999999495,Loss,SL
2018-05-18 02:00:00,2018-05-18 02:15:00,long,8090.966758,8078.632039,8115.636195999999,8078.632039,-12.334718999999495,Loss,SL
2018-05-18 02:00:00,2018-05-18 02:15:00,long,8090.966758,8078.632039,8115.636195999999,8078.632039,-12.334718999999495,Loss,SL
2018-05-18 02:15:00,2018-05-18 07:45:00,short,8078.709486,8104.468835,8027.190788,8027.190788,51.51869799999986,Win,TP
2018-05-18 05:10:00,2018-05-18 06:15:00,long,8087.17284,8073.378923,8114.760674,8073.378923,-13.793916999999965,Loss,SL
2018-05-21 05:30:00,2018-05-21 07:50:00,short,8074.623728,8086.082927,8051.705329999998,8086.082927,-11.459199000000808,Loss,SL
2018-05-21 05:40:00,2018-05-21 08:35:00,long,8082.211563,8067.542126,8111.550436999999,8111.550436999999,29.338873999999123,Win,TP
2018-05-21 05:40:00,2018-05-21 08:35:00,long,8082.211563,8067.542126,8111.550436999999,8111.550436999999,29.338873999999123,Win,TP
2018-05-21 05:50:00,2018-05-21 08:30:00,short,8079.585005,8091.627884,8055.499246999999,8091.627884,-12.04287900000054,Loss,SL
2018-05-22 02:30:00,2018-05-22 05:00:00,long,8078.417646,8065.499248,8104.2544419999995,8104.2544419999995,25.836795999999595,Win,TP
2018-05-23 02:00:00,2018-05-23 02:25:00,short,8024.135442,8036.178321,8000.049683999999,8000.049683999999,24.08575800000108,Win,TP
2018-05-22 05:50:00,2018-05-22 08:55:00,long,8104.683228,8091.181151,8131.687382,8091.181151,-13.5020770000001,Loss,SL
2018-05-23 02:00:00,2018-05-23 02:25:00,short,8024.135442,8036.178321,8000.049683999999,8000.049683999999,24.08575800000108,Win,TP
2018-05-23 02:00:00,2018-05-23 02:25:00,short,8024.135442,8036.178321,8000.049683999999,8000.049683999999,24.08575800000108,Win,TP
2018-05-23 04:55:00,2018-05-23 06:05:00,short,7979.775792,7992.69419,7953.938996000001,7992.69419,-12.918397999999797,Loss,SL
2018-05-24 02:15:00,2018-05-24 07:25:00,long,8134.159049,8108.107859,8186.261429,8108.107859,-26.051190000000133,Loss,SL
2018-05-24 04:50:00,2018-05-24 06:20:00,long,8136.493767,8122.69985,8164.081601,8122.69985,-13.793916999999965,Loss,SL
2018-05-24 06:00:00,2018-05-24 08:45:00,short,8127.154893,8141.240651,8098.983377,8098.983377,28.171516000000338,Win,TP
2018-05-25 03:30:00,2018-05-25 06:20:00,long,8150.502078,8136.124481,8179.257272000002,8136.124481,-14.377597000000605,Loss,SL
2018-05-25 03:25:00,2018-05-25 06:20:00,long,8147.87552,8134.373442,8174.879675999999,8134.373442,-13.502077999999528,Loss,SL
2018-05-25 04:20:00,2018-05-25 06:50:00,short,8149.918398,8163.128636,8123.497921999999,8123.497921999999,26.420476000001145,Win,TP
2018-05-25 05:00:00,2018-05-25 06:50:00,short,8151.085757,8164.879675,8123.497920999999,8123.497920999999,27.587836000000607,Win,TP
2018-05-25 05:00:00,2018-05-25 06:50:00,short,8151.085757,8164.879675,8123.497920999999,8123.497920999999,27.587836000000607,Win,TP
2018-05-28 02:00:00,2018-05-28 04:05:00,long,8170.055345,8156.845107,8196.475821,8156.845107,-13.210237999999663,Loss,SL
2018-05-28 05:55:00,2018-05-28 07:35:00,long,8153.420476,8139.918398,8180.424632000001,8139.918398,-13.502078000000438,Loss,SL
2018-05-28 05:40:00,2018-05-28 07:40:00,long,8149.334719,8137.87552,8172.253117000002,8137.87552,-11.459199000000808,Loss,SL
2018-05-29 05:00:00,2018-05-29 05:35:00,long,8093.593316,8075.421801,8129.936346,8075.421801,-18.171515,Loss,SL
2018-05-29 04:55:00,2018-05-29 06:05:00,long,8085.421801,8063.748209,8128.768985000001,8063.748209,-21.6735920000001,Loss,SL
2018-05-29 04:55:00,2018-05-29 06:05:00,long,8085.421801,8063.748209,8128.768985000001,8063.748209,-21.6735920000001,Loss,SL
2018-05-29 04:50:00,2018-05-29 08:40:00,long,8074.040049,8058.495093,8105.129961,8105.129961,31.089911999999458,Win,TP
2018-05-29 05:30:00,2018-05-29 07:55:00,short,8080.460525,8101.258597,8038.864381000001,8101.258597,-20.798071999999593,Loss,SL
2018-05-29 05:30:00,2018-05-29 07:55:00,short,8080.460525,8101.258597,8038.864381000001,8101.258597,-20.798071999999593,Loss,SL
2018-05-30 02:00:00,2018-05-30 09:00:00,long,8126.279374,8105.773141,8167.29184,8105.773141,-20.506233000000066,Loss,SL
2018-05-30 02:00:00,2018-05-30 09:00:00,long,8126.279374,8105.773141,8167.29184,8105.773141,-20.506233000000066,Loss,SL
2018-05-30 03:20:00,2018-05-30 06:25:00,short,8119.275219,8140.656971,8076.511715,8140.656971,-21.381752000000233,Loss,SL
2018-05-30 02:50:00,2018-05-30 06:25:00,short,8129.781452,8143.867209,8101.6099380000005,8143.867209,-14.08575699999983,Loss,SL
2018-05-31 02:00:00,2018-05-31 08:05:00,long,8165.677748,8151.88383,8193.265584,8151.88383,-13.793918000000303,Loss,SL
2018-05-31 04:10:00,2018-05-31 09:45:00,short,8162.17567,8176.553267,8133.420475999998,8133.420475999998,28.75519400000121,Win,TP
2018-06-01 02:00:00,2018-06-01 02:10:00,long,8171.514544,8161.222704,8192.098224,8161.222704,-10.291839999999866,Loss,SL
2018-06-04 02:40:00,2018-06-04 10:00:00,long,8298.464859,8286.71382,8321.966936999997,8321.966936999997,23.50207799999771,Win,TP
2018-06-04 03:05:00,2018-06-04 08:35:00,short,8297.00566,8312.550616,8265.915748000001,8312.550616,-15.544955999999729,Loss,SL
2018-06-04 03:05:00,2018-06-04 08:35:00,short,8297.00566,8312.550616,8265.915748000001,8312.550616,-15.544955999999729,Loss,SL
2018-06-04 05:20:00,2018-06-04 06:40:00,long,8307.511893,8294.301655,8333.932369000004,8294.301655,-13.210238000001482,Loss,SL
2018-06-06 02:25:00,2018-06-06 08:55:00,short,8390.978077,8405.939354,8361.055522999999,8361.055522999999,29.922554000000673,Win,TP
2018-06-06 05:35:00,2018-06-06 08:55:00,short,8391.561757,8402.145436,8370.394398999997,8370.394398999997,21.167358000002423,Win,TP
2018-06-07 02:00:00,2018-06-07 03:40:00,long,8437.380606,8426.505087,8459.131644000003,8426.505087,-10.875519000001077,Loss,SL
2018-06-06 05:25:00,2018-06-06 08:55:00,short,8392.145436,8403.896475,8368.643358000003,8368.643358000003,23.50207799999771,Win,TP
2018-06-07 02:00:00,2018-06-07 03:40:00,long,8437.380606,8426.505087,8459.131644000003,8426.505087,-10.875519000001077,Loss,SL
2018-06-07 02:25:00,2018-06-07 03:40:00,long,8441.466363,8427.088766,8470.221556999997,8427.088766,-14.377596999998786,Loss,SL
2018-06-08 02:15:00,2018-06-08 02:35:00,long,8334.379335,8313.907547,8375.322910999997,8313.907547,-20.471787999998924,Loss,SL
2018-06-08 02:25:00,2018-06-08 03:10:00,short,8320.126068,8341.761388,8276.855427999997,8276.855427999997,43.27064000000246,Win,TP
2018-06-11 02:00:00,2018-06-11 10:25:00,long,8351.541431,8326.997281,8400.629730999999,8366.667346,15.125915000000532,Win,Timeout
2018-06-11 02:00:00,2018-06-11 10:25:00,long,8351.541431,8326.997281,8400.629730999999,8366.667346,15.125915000000532,Win,Timeout
2018-06-11 02:00:00,2018-06-11 10:25:00,long,8351.541431,8326.997281,8400.629730999999,8366.667346,15.125915000000532,Win,Timeout
2018-06-11 03:15:00,2018-06-11 05:50:00,long,8357.068208,8345.613793,8379.977038,8345.613793,-11.454415000000154,Loss,SL
2018-06-11 03:00:00,2018-06-11 07:00:00,long,8355.32291,8342.123197,8381.722336,8342.123197,-13.199712999999974,Loss,SL
2018-06-11 04:40:00,2018-06-11 08:40:00,short,8352.123197,8363.286729,8329.796133000003,8363.286729,-11.163531999998668,Loss,SL
2018-06-12 02:00:00,2018-06-12 03:00:00,long,8388.48357,8375.283857,8414.882996,8375.283857,-13.199712999999974,Loss,SL
2018-06-14 02:00:00,2018-06-14 03:40:00,short,8391.3924,8402.555932,8369.065336000003,8402.555932,-11.163531999998668,Loss,SL
2018-06-14 02:00:00,2018-06-14 03:40:00,short,8391.3924,8402.555932,8369.065336000003,8402.555932,-11.163531999998668,Loss,SL
2018-06-14 04:45:00,2018-06-14 05:20:00,short,8395.173879,8410.11889,8365.283857,8410.11889,-14.945010999999795,Loss,SL
2018-06-15 03:20:00,2018-06-15 07:45:00,long,8492.910562,8469.820828,8539.090029999998,8469.820828,-23.089733999999225,Loss,SL
2018-06-15 03:40:00,2018-06-15 06:50:00,short,8481.857009,8496.80202,8451.966987,8496.80202,-14.945010999999795,Loss,SL
2018-06-15 05:20:00,2018-06-15 06:50:00,short,8480.111711,8497.092903,8446.149326999997,8497.092903,-16.9811920000011,Loss,SL
2018-06-18 03:20:00,2018-06-18 06:50:00,short,8425.134826,8436.589241,8402.225996,8402.225996,22.908830000000307,Win,TP
2018-06-19 03:00:00,2018-06-19 06:30:00,long,8359.977037,8343.868495,8392.194121,8343.868495,-16.108541999999943,Loss,SL
2018-06-19 02:40:00,2018-06-19 05:20:00,long,8354.741144,8339.50525,8385.212931999999,8385.212931999999,30.471787999998924,Win,TP
2018-06-19 04:55:00,2018-06-19 06:25:00,long,8374.521187,8359.867059,8403.829443,8359.867059,-14.654128000000128,Loss,SL
2018-06-21 05:15:00,2018-06-21 05:55:00,short,8483.311424,8504.65586,8440.622551999997,8504.65586,-21.344436000001224,Loss,SL
2018-06-22 05:00:00,2018-06-22 07:20:00,short,8448.114582,8462.477827,8419.388092,8462.477827,-14.363245000000461,Loss,SL
2018-06-25 02:00:00,2018-06-25 03:55:00,short,8357.068208,8367.940856,8335.322912000003,8335.322912000003,21.745295999997325,Win,TP
2018-06-25 05:10:00,2018-06-25 07:20:00,short,8325.071079,8342.92492,8289.363397,8342.92492,-17.853841000000102,Loss,SL
2018-06-25 05:10:00,2018-06-25 07:20:00,short,8325.071079,8342.92492,8289.363397,8342.92492,-17.853841000000102,Loss,SL
2018-06-26 02:25:00,2018-06-26 02:45:00,long,8245.078258,8227.224417,8280.78594,8227.224417,-17.853841000000102,Loss,SL
2018-06-26 02:35:00,2018-06-26 08:30:00,short,8236.933534,8254.787375,8201.225852,8254.787375,-17.853841000000102,Loss,SL
2018-06-26 04:20:00,2018-06-26 04:40:00,long,8244.496492,8228.387949,8276.713578,8228.387949,-16.10854300000028,Loss,SL
2018-06-26 04:00:00,2018-06-26 05:05:00,long,8238.097066,8224.60647,8265.078258,8224.60647,-13.490595999999641,Loss,SL
2018-06-26 04:30:00,2018-06-26 07:30:00,short,8233.152055,8251.878545,8195.699075000002,8251.878545,-18.726489999999103,Loss,SL
2018-06-26 05:55:00,2018-06-26 06:35:00,long,8242.169428,8226.060885,8274.386513999996,8226.060885,-16.108542999998463,Loss,SL
2018-06-27 02:00:00,2018-06-27 02:45:00,short,8223.262034,8237.625278,8194.535546,8194.535546,28.726488000000245,Win,TP
2018-06-27 02:00:00,2018-06-27 02:45:00,short,8223.262034,8237.625278,8194.535546,8194.535546,28.726488000000245,Win,TP
2018-06-27 02:00:00,2018-06-27 02:45:00,short,8223.262034,8237.625278,8194.535546,8194.535546,28.726488000000245,Win,TP
2018-06-27 02:00:00,2018-06-27 02:45:00,short,8223.262034,8237.625278,8194.535546,8194.535546,28.726488000000245,Win,TP
2018-06-27 04:00:00,2018-06-27 04:55:00,long,8171.484862,8154.50367,8205.447246,8205.447246,33.962383999999474,Win,TP
2018-06-28 02:00:00,2018-06-28 02:15:00,short,8151.995702,8165.777181,8124.432744,8165.777181,-13.781479000000218,Loss,SL
2018-06-28 02:00:00,2018-06-28 02:15:00,short,8151.995702,8165.777181,8124.432744,8165.777181,-13.781479000000218,Loss,SL
2018-06-28 02:00:00,2018-06-28 02:15:00,short,8151.995702,8165.777181,8124.432744,8165.777181,-13.781479000000218,Loss,SL
2018-06-28 02:00:00,2018-06-28 02:15:00,short,8151.995702,8165.777181,8124.432744,8165.777181,-13.781479000000218,Loss,SL
2018-06-27 05:30:00,2018-06-27 06:45:00,short,8202.609342,8219.590533,8168.646959999998,8219.590533,-16.981191000000763,Loss,SL
2018-06-28 03:35:00,2018-06-28 07:10:00,short,8162.758372,8180.030447,8128.2142220000005,8128.2142220000005,34.54414999999972,Win,TP
2018-06-28 05:25:00,2018-06-28 06:30:00,long,8163.049255,8148.395128,8192.357509,8148.395128,-14.65412699999979,Loss,SL
2018-06-29 02:00:00,2018-06-29 05:25:00,long,8257.586226,8237.114439,8298.529799999997,8237.114439,-20.471786999998585,Loss,SL
2018-06-29 02:00:00,2018-06-29 05:25:00,long,8257.586226,8237.114439,8298.529799999997,8237.114439,-20.471786999998585,Loss,SL
2018-06-29 05:45:00,2018-06-29 08:40:00,short,8245.950907,8264.09563,8209.661461000002,8264.09563,-18.14472299999943,Loss,SL
2018-07-02 02:45:00,2018-07-02 10:00:00,long,8157.231596,8125.706255,8220.282277999999,8220.282277999999,63.05068199999914,Win,TP
2018-07-02 03:20:00,2018-07-02 03:55:00,short,8158.686011,8174.794553,8126.468927,8174.794553,-16.108541999999943,Loss,SL
2018-07-02 05:50:00,2018-07-02 07:45:00,long,8170.32133,8154.212787,8202.538416,8154.212787,-16.108542999999372,Loss,SL
2018-07-04 02:00:00,2018-07-04 04:10:00,short,8192.428437,8203.010203,8171.264905000002,8203.010203,-10.581765999999334,Loss,SL
2018-07-04 04:40:00,2018-07-04 18:05:00,short,8193.882852,8209.118746,8163.411064000002,8191.264905,2.6179470000006404,Win,Timeout
2018-07-05 05:10:00,2018-07-05 07:15:00,long,8224.425566,8210.353204,8252.570290000001,8252.570290000001,28.144724000001588,Win,TP
2018-07-06 04:10:00,2018-07-06 07:30:00,short,8281.438631,8301.619536,8241.076821000002,8301.619536,-20.180904999999257,Loss,SL
2018-07-06 05:50:00,2018-07-06 07:30:00,short,8275.330088,8288.529801,8248.930662,8288.529801,-13.199712999999974,Loss,SL
2018-07-10 03:25:00,2018-07-10 08:30:00,long,8509.781776,8496.872946,8535.599436,8496.872946,-12.908830000000307,Loss,SL
2018-07-10 05:35:00,2018-07-10 07:00:00,long,8522.87151,8507.635616,8553.343298000003,8507.635616,-15.23589400000128,Loss,SL
2018-07-10 05:45:00,2018-07-10 08:30:00,short,8517.635616,8533.453276,8486.000295999998,8486.000295999998,31.63532000000123,Win,TP
2018-07-11 02:45:00,2018-07-11 03:55:00,short,8403.900368,8417.97273,8375.755644000003,8417.97273,-14.072361999998975,Loss,SL
2018-07-11 03:30:00,2018-07-11 07:30:00,long,8413.79039,8397.681847,8446.007476,8446.007476,32.21708600000056,Win,TP
2018-07-11 04:35:00,2018-07-11 05:15:00,short,8410.299794,8425.244805,8380.409772,8425.244805,-14.945010999999795,Loss,SL
2018-07-12 03:55:00,2018-07-12 05:55:00,short,8466.149328,8483.421402,8431.605179999999,8483.421402,-17.27207400000043,Loss,SL
2018-07-12 03:10:00,2018-07-12 05:50:00,short,8469.930806,8482.25787,8445.276678000002,8482.25787,-12.327063999999154,Loss,SL
2018-07-12 04:10:00,2018-07-12 07:30:00,short,8477.493764,8488.948179,8454.584934,8488.948179,-11.454415000000154,Loss,SL
2018-07-16 04:40:00,2018-07-16 08:45:00,short,8617.990247,8630.608193,8592.754355,8592.754355,25.235892000000604,Win,TP
2018-07-17 02:00:00,2018-07-17 03:00:00,short,8499.891754,8510.764403,8478.146456000002,8510.764403,-10.872648999999,Loss,SL
2018-07-17 02:10:00,2018-07-17 03:00:00,short,8497.273807,8511.055286,8469.710848999997,8511.055286,-13.781479000001127,Loss,SL
2018-07-18 02:00:00,2018-07-18 03:10:00,long,8638.933822,8628.352056,8660.097354000003,8628.352056,-10.581766000001153,Loss,SL
2018-07-18 02:00:00,2018-07-18 03:10:00,long,8638.933822,8628.352056,8660.097354000003,8628.352056,-10.581766000001153,Loss,SL
2018-07-18 02:15:00,2018-07-18 05:50:00,long,8639.515588,8625.734109,8667.078545999999,8625.734109,-13.781478999999308,Loss,SL
2018-07-18 02:30:00,2018-07-18 08:40:00,short,8638.352056,8650.970003,8613.116161999998,8613.116161999998,25.23589400000128,Win,TP
2018-07-18 04:20:00,2018-07-18 06:25:00,long,8636.897641,8624.86146,8660.970002999999,8624.86146,-12.036180999999488,Loss,SL
2018-07-18 03:55:00,2018-07-18 07:00:00,long,8633.988811,8619.916449,8662.133534999997,8619.916449,-14.072361999998975,Loss,SL
2018-07-18 05:15:00,2018-07-18 08:55:00,short,8629.625566,8642.243513,8604.389672000003,8604.389672000003,25.235893999997643,Win,TP
2018-07-19 02:25:00,2018-07-19 08:50:00,short,8601.991682,8615.482278,8575.01049,8575.01049,26.981191999999282,Win,TP
2018-07-19 03:45:00,2018-07-19 05:05:00,long,8602.864331,8590.537267,8627.518459000003,8590.537267,-12.327064000000973,Loss,SL
2018-07-19 03:20:00,2018-07-19 08:35:00,short,8598.210203,8611.700799,8571.229011000001,8611.700799,-13.490595999999641,Loss,SL
2018-07-20 02:00:00,2018-07-20 05:10:00,long,8599.082852,8588.501086,8620.246383999998,8588.501086,-10.581765999999334,Loss,SL
2018-07-20 02:00:00,2018-07-20 05:10:00,long,8599.082852,8588.501086,8620.246383999998,8588.501086,-10.581765999999334,Loss,SL
2018-07-20 02:00:00,2018-07-20 05:10:00,long,8599.082852,8588.501086,8620.246383999998,8588.501086,-10.581765999999334,Loss,SL
2018-07-19 05:55:00,2018-07-19 08:50:00,long,8587.447533,8570.466341,8621.409917000003,8570.466341,-16.9811920000011,Loss,SL
2018-07-20 03:15:00,2018-07-20 05:10:00,long,8606.064044,8592.573448,8633.045236000004,8592.573448,-13.49059600000146,Loss,SL
2018-07-20 04:10:00,2018-07-20 05:10:00,long,8608.391108,8594.609629,8635.954065999998,8594.609629,-13.781478999999308,Loss,SL
2018-07-20 04:20:00,2018-07-20 05:20:00,short,8603.446097,8616.64581,8577.046671,8577.046671,26.39942599999995,Win,TP
2018-07-20 04:45:00,2018-07-20 05:10:00,long,8606.64581,8591.991682,8635.954066,8591.991682,-14.654128000000128,Loss,SL
2018-07-20 04:45:00,2018-07-20 05:10:00,long,8606.64581,8591.991682,8635.954066,8591.991682,-14.654128000000128,Loss,SL
2018-07-20 05:10:00,2018-07-20 09:35:00,short,8589.774597,8612.282565,8544.758661,8612.282565,-22.50796799999989,Loss,SL
2018-07-20 05:05:00,2018-07-20 05:15:00,short,8602.573448,8613.446097,8580.828149999998,8580.828149999998,21.74529800000164,Win,TP
2018-07-23 02:00:00,2018-07-23 07:25:00,short,8532.470648,8550.906255,8495.599434000002,8550.906255,-18.435606999999436,Loss,SL
2018-07-23 02:00:00,2018-07-23 07:25:00,short,8532.470648,8550.906255,8495.599434000002,8550.906255,-18.435606999999436,Loss,SL
2018-07-23 02:00:00,2018-07-23 07:25:00,short,8532.470648,8550.906255,8495.599434000002,8550.906255,-18.435606999999436,Loss,SL
2018-07-23 03:35:00,2018-07-23 05:15:00,long,8542.069787,8531.197138,8563.815085000002,8531.197138,-10.87264900000082,Loss,SL
2018-07-23 03:05:00,2018-07-23 05:45:00,long,8537.706542,8522.470648,8568.178329999999,8522.470648,-15.235893999999462,Loss,SL
2018-07-23 04:45:00,2018-07-23 07:20:00,short,8536.252127,8548.579191,8511.597998999998,8548.579191,-12.327064000000973,Loss,SL
2018-07-24 05:20:00,2018-07-24 07:05:00,short,8656.386801,8669.295631,8630.569141,8669.295631,-12.908830000000307,Loss,SL
2018-07-24 06:00:00,2018-07-24 07:05:00,short,8657.841216,8671.331812,8630.860024000001,8671.331812,-13.490595999999641,Loss,SL
2018-07-25 03:50:00,2018-07-25 06:30:00,long,8630.789098,8619.625566,8653.116161999997,8619.625566,-11.163531999998668,Loss,SL
2018-07-27 03:45:00,2018-07-27 06:25:00,long,8667.149471,8655.695056,8690.058301000001,8655.695056,-11.454415000000154,Loss,SL
2018-07-27 03:55:00,2018-07-27 04:20:00,short,8663.658875,8674.531524,8641.913576999998,8674.531524,-10.87264900000082,Loss,SL
2018-07-27 04:10:00,2018-07-27 06:25:00,long,8665.985939,8654.822407,8688.313003000001,8654.822407,-11.163532000000487,Loss,SL
2018-07-30 05:55:00,2018-07-30 06:25:00,long,8483.311424,8469.529945,8510.874381999998,8469.529945,-13.781478999999308,Loss,SL
2018-07-31 02:00:00,2018-07-31 06:45:00,short,8391.974166,8406.046528,8363.829441999998,8406.046528,-14.072362000000794,Loss,SL
2018-07-31 02:20:00,2018-07-31 08:20:00,short,8398.082709,8415.645666,8362.956795,8415.645666,-17.562957000000097,Loss,SL
2018-07-31 03:45:00,2018-07-31 06:00:00,short,8387.610921,8399.647102,8363.538558999997,8399.647102,-12.036181000001307,Loss,SL
2018-07-31 05:45:00,2018-07-31 08:20:00,long,8390.810634,8377.610921,8417.21006,8417.21006,26.39942599999995,Win,TP
2018-08-01 05:10:00,2018-08-01 08:45:00,long,8449.85988,8435.787518,8478.004604000002,8478.004604000002,28.144724000001588,Win,TP
2018-08-01 05:10:00,2018-08-01 08:45:00,long,8449.85988,8435.787518,8478.004604000002,8478.004604000002,28.144724000001588,Win,TP
2018-08-02 03:25:00,2018-08-02 04:30:00,short,8427.752773,8442.116018,8399.026283,8399.026283,28.726490000000922,Win,TP
2018-08-03 02:00:00,2018-08-03 06:20:00,long,8589.483714,8577.738416,8612.97431,8612.97431,23.49059599999964,Win,TP
2018-08-03 02:00:00,2018-08-03 06:20:00,long,8589.483714,8577.738416,8612.97431,8612.97431,23.49059599999964,Win,TP
2018-08-06 02:00:00,2018-08-06 03:45:00,long,8624.389672,8607.990247,8657.188521999999,8607.990247,-16.39942499999961,Loss,SL
2018-08-03 05:55:00,2018-08-03 06:20:00,short,8601.409916,8612.573448,8579.082852000003,8612.573448,-11.163531999998668,Loss,SL
2018-08-06 04:05:00,2018-08-06 11:10:00,long,8609.845523,8594.609629,8640.317310999999,8640.317310999999,30.471787999998924,Win,TP
2018-08-07 03:25:00,2018-08-07 08:45:00,long,8692.747174,8680.42011,8717.401302000002,8680.42011,-12.327064000000973,Loss,SL
2018-08-07 04:25:00,2018-08-07 08:30:00,short,8689.838344,8702.456291,8664.602449999998,8702.456291,-12.61794700000064,Loss,SL
2018-08-07 05:40:00,2018-08-07 08:30:00,short,8684.602451,8696.929514,8659.948325000003,8696.929514,-12.327062999998816,Loss,SL
2018-08-09 03:35:00,2018-08-09 09:20:00,long,8695.074238,8682.456291,8720.310131999997,8720.310131999997,25.235893999997643,Win,TP
2018-08-14 03:30:00,2018-08-14 08:35:00,short,8670.640067,8684.712429,8642.495343000002,8642.495343000002,28.14472399999795,Win,TP
2018-08-16 03:20:00,2018-08-16 08:55:00,long,8622.935257,8607.408481,8653.988808999997,8607.408481,-15.52677599999879,Loss,SL
2018-08-16 03:10:00,2018-08-16 05:50:00,long,8618.572013,8605.663183,8644.389673000001,8644.389673000001,25.817660000000615,Win,TP
2018-08-17 02:45:00,2018-08-17 04:35:00,long,8597.046672,8582.97431,8625.191396000002,8582.97431,-14.072362000000794,Loss,SL
2018-08-17 04:15:00,2018-08-17 08:30:00,short,8589.774597,8605.88314,8557.557510999999,8557.557510999999,32.21708600000056,Win,TP
2018-08-20 02:00:00,2018-08-20 07:55:00,long,8621.189959,8610.899076,8641.771724999999,8610.899076,-10.290882999999667,Loss,SL
2018-08-20 02:00:00,2018-08-20 07:55:00,long,8621.189959,8610.899076,8641.771724999999,8610.899076,-10.290882999999667,Loss,SL
2018-08-20 04:40:00,2018-08-20 06:30:00,long,8628.462034,8615.844087,8653.697928000001,8615.844087,-12.61794700000064,Loss,SL
2018-08-20 05:05:00,2018-08-20 08:40:00,short,8621.771725,8634.971438,8595.372299,8595.372299,26.39942599999995,Win,TP
2018-08-20 05:35:00,2018-08-20 07:55:00,long,8624.389672,8609.735544,8653.697928,8609.735544,-14.654128000000128,Loss,SL
2018-08-21 05:20:00,2018-08-21 09:35:00,long,8618.862896,8605.081417,8646.425854000003,8646.425854000003,27.562958000002254,Win,TP
2018-08-23 02:40:00,2018-08-23 08:15:00,long,8647.660311,8635.62413,8671.732672999999,8635.62413,-12.036180999999488,Loss,SL
2018-08-23 04:25:00,2018-08-23 08:35:00,short,8646.496779,8659.696492,8620.097353,8659.696492,-13.199712999999974,Loss,SL
2018-08-23 05:45:00,2018-08-23 08:15:00,long,8646.496779,8632.133534,8675.223268999996,8632.133534,-14.363244999998642,Loss,SL
2018-08-23 05:55:00,2018-08-23 08:35:00,short,8645.333247,8658.53296,8618.933821,8658.53296,-13.199712999999974,Loss,SL
2018-08-24 04:50:00,2018-08-24 08:30:00,long,8658.132099,8647.550333,8679.295631000003,8679.295631000003,21.163532000002306,Win,TP
2018-08-28 02:00:00,2018-08-28 09:45:00,long,8819.572156,8808.408624,8841.899220000001,8808.408624,-11.163532000000487,Loss,SL
2018-08-28 02:00:00,2018-08-28 09:45:00,long,8819.572156,8808.408624,8841.899220000001,8808.408624,-11.163532000000487,Loss,SL
2018-08-28 05:00:00,2018-08-28 07:10:00,short,8820.735688,8834.226284,8793.754496000001,8834.226284,-13.490595999999641,Loss,SL
2018-08-29 02:00:00,2018-08-29 07:25:00,long,8839.933965,8826.44337,8866.915154999999,8826.44337,-13.490594999999303,Loss,SL
2018-08-29 02:45:00,2018-08-29 08:40:00,short,8837.025136,8849.933965,8811.207478,8849.933965,-12.908828999999969,Loss,SL
2018-08-29 03:25:00,2018-08-29 08:40:00,short,8837.025136,8848.188667,8814.698074,8848.188667,-11.163531000000148,Loss,SL
2018-08-29 04:25:00,2018-08-29 08:40:00,short,8838.770433,8850.224848,8815.861603,8850.224848,-11.454415000000154,Loss,SL
2018-08-30 02:00:00,2018-08-30 03:20:00,long,8914.109127,8902.363829,8937.599723,8902.363829,-11.74529799999982,Loss,SL
2018-08-30 02:00:00,2018-08-30 03:20:00,long,8914.109127,8902.363829,8937.599723,8902.363829,-11.74529799999982,Loss,SL
2018-08-30 03:00:00,2018-08-30 09:15:00,short,8907.709701,8919.164116,8884.800871,8919.164116,-11.454415000000154,Loss,SL
2018-08-30 04:10:00,2018-08-30 07:40:00,short,8901.601159,8914.800871,8875.201735,8914.800871,-13.199711999999636,Loss,SL
2018-08-31 05:50:00,2018-08-31 08:45:00,long,8895.783499,8881.420254,8924.509988999996,8924.509988999996,28.726489999997284,Win,TP
2018-09-03 03:40:00,2018-09-03 10:30:00,short,8926.617095,8939.235042,8901.381200999998,8939.235042,-12.61794700000064,Loss,SL
2018-09-04 02:30:00,2018-09-04 06:05:00,short,8939.997713,8955.52449,8908.944159000002,8908.944159000002,31.053553999998257,Win,TP
2018-09-04 04:55:00,2018-09-04 06:15:00,short,8923.417383,8937.489744,8895.272660999999,8895.272660999999,28.14472200000091,Win,TP
2018-09-06 02:00:00,2018-09-06 02:20:00,short,8740.451984,8755.978761,8709.398429999997,8755.978761,-15.526777000000948,Loss,SL
2018-09-06 02:00:00,2018-09-06 02:20:00,short,8740.451984,8755.978761,8709.398429999997,8755.978761,-15.526777000000948,Loss,SL
2018-09-06 02:00:00,2018-09-06 02:20:00,short,8740.451984,8755.978761,8709.398429999997,8755.978761,-15.526777000000948,Loss,SL
2018-09-06 02:00:00,2018-09-06 02:20:00,short,8740.451984,8755.978761,8709.398429999997,8755.978761,-15.526777000000948,Loss,SL
2018-09-06 05:25:00,2018-09-06 08:35:00,short,8767.794985,8783.030878,8737.323199000002,8737.323199000002,30.471785999998247,Win,TP
2018-09-06 05:10:00,2018-09-06 08:35:00,short,8769.540283,8782.449112,8743.722625,8743.722625,25.817657999999938,Win,TP
2018-09-07 04:15:00,2018-09-07 04:45:00,long,8670.640067,8656.567705,8698.784791000002,8656.567705,-14.072362000000794,Loss,SL
2018-09-11 05:00:00,2018-09-11 06:30:00,long,8661.913578,8649.877397,8685.985939999999,8649.877397,-12.036180999999488,Loss,SL
2018-09-12 04:10:00,2018-09-12 06:55:00,short,8763.140857,8775.177038,8739.068495000001,8739.068495000001,24.072361999998975,Win,TP
2018-09-14 02:50:00,2018-09-14 08:30:00,short,8836.21949,8849.407786,8809.842897999999,8809.842897999999,26.376592000000528,Win,TP
2018-09-14 03:25:00,2018-09-14 08:30:00,short,8835.349954,8849.117941,8807.813979999997,8807.813979999997,27.53597400000217,Win,TP
2018-09-17 04:20:00,2018-09-17 08:35:00,short,8766.946497,8781.584019,8737.671453000003,8737.671453000003,29.27504399999816,Win,TP
2018-09-18 02:25:00,2018-09-18 08:30:00,long,8669.558524,8654.631156,8699.413260000001,8699.413260000001,29.85473600000114,Win,TP
2018-09-18 03:20:00,2018-09-18 06:25:00,long,8673.906201,8658.109298,8705.500007,8658.109298,-15.796903000000384,Loss,SL
2018-09-18 03:30:00,2018-09-18 08:30:00,short,8672.74682,8684.196046,8649.848368000003,8684.196046,-11.449225999998816,Loss,SL
2018-09-18 03:45:00,2018-09-18 06:20:00,long,8674.196046,8662.456975,8697.674187999999,8662.456975,-11.739070999999967,Loss,SL
2018-09-19 02:45:00,2018-09-19 08:30:00,short,8731.295542,8745.64322,8702.600186,8745.64322,-14.347678000000087,Loss,SL
2018-09-19 02:40:00,2018-09-19 06:50:00,short,8735.353375,8746.22291,8713.614305000001,8713.614305000001,21.73906999999963,Win,TP
2018-09-20 03:15:00,2018-09-20 06:30:00,long,8727.23771,8712.020497,8757.672136,8757.672136,30.434425999999803,Win,TP
2018-09-20 04:00:00,2018-09-20 06:30:00,long,8726.65802,8710.861117,8758.251826000002,8758.251826000002,31.593806000000768,Win,TP
2018-09-24 05:00:00,2018-09-24 08:05:00,long,8725.498639,8707.382975,8761.729966999997,8707.382975,-18.115663999999015,Loss,SL
2018-09-24 05:00:00,2018-09-24 08:05:00,long,8725.498639,8707.382975,8761.729966999997,8707.382975,-18.115663999999015,Loss,SL
2018-09-24 05:10:00,2018-09-24 08:30:00,short,8723.469723,8736.65802,8697.093128999999,8697.093128999999,26.376594000001205,Win,TP
2018-09-25 02:00:00,2018-09-25 08:30:00,long,8789.844264,8773.757516,8822.017759999999,8773.757516,-16.086747999999716,Loss,SL
2018-09-25 02:00:00,2018-09-25 08:30:00,long,8789.844264,8773.757516,8822.017759999999,8773.757516,-16.086747999999716,Loss,SL
2018-09-25 02:55:00,2018-09-25 05:30:00,short,8786.945813,8803.032561,8754.772317,8803.032561,-16.086747999999716,Loss,SL
2018-09-26 04:40:00,2018-09-26 08:25:00,short,8832.451503,8846.21949,8804.915529000002,8804.915529000002,27.535973999998532,Win,TP
2018-09-26 05:25:00,2018-09-26 08:30:00,short,8831.581967,8845.349954,8804.045993000002,8804.045993000002,27.535973999998532,Win,TP
2018-09-27 04:25:00,2018-09-27 05:40:00,short,8811.582651,8823.901412,8786.945129000003,8823.901412,-12.31876099999863,Loss,SL
2018-10-02 04:30:00,2018-10-02 05:05:00,short,8846.653915,8863.610199,8812.741347000001,8863.610199,-16.95628399999987,Loss,SL
2018-10-02 04:50:00,2018-10-02 08:30:00,long,8856.798496,8839.842212,8890.711064,8890.711064,33.91256799999974,Win,TP
2018-10-03 04:05:00,2018-10-03 06:20:00,short,8889.550999,8905.058057,8858.536882999997,8905.058057,-15.507058000001052,Loss,SL
2018-10-04 04:15:00,2018-10-04 08:35:00,long,8829.553051,8812.306922,8864.045309000003,8812.306922,-17.24612900000102,Loss,SL
2018-10-05 02:00:00,2018-10-05 07:30:00,short,8699.992265,8724.774368,8650.428059000002,8724.774368,-24.78210299999955,Loss,SL
2018-10-05 02:00:00,2018-10-05 07:30:00,short,8699.992265,8724.774368,8650.428059000002,8724.774368,-24.78210299999955,Loss,SL
2018-10-09 02:00:00,2018-10-09 03:10:00,short,8566.663493,8577.822873,8544.344733000002,8544.344733000002,22.318759999998292,Win,TP
2018-10-09 02:00:00,2018-10-09 03:10:00,short,8566.663493,8577.822873,8544.344733000002,8544.344733000002,22.318759999998292,Win,TP
2018-10-09 02:00:00,2018-10-09 03:10:00,short,8566.663493,8577.822873,8544.344733000002,8544.344733000002,22.318759999998292,Win,TP
2018-10-08 05:15:00,2018-10-08 06:50:00,short,8584.633892,8602.459712,8548.982252,8602.459712,-17.82582000000002,Loss,SL
2018-10-08 05:45:00,2018-10-08 08:10:00,long,8591.010486,8575.503428,8622.024601999998,8575.503428,-15.507057999999233,Loss,SL
2018-10-08 05:55:00,2018-10-08 06:30:00,short,8587.532344,8600.720641,8561.155749999998,8600.720641,-13.188297000000603,Loss,SL
2018-10-09 02:40:00,2018-10-09 05:00:00,short,8555.939222,8571.156435,8525.504796000001,8525.504796000001,30.434425999999803,Win,TP
2018-10-09 04:05:00,2018-10-09 06:40:00,short,8542.89619,8557.823557,8513.041455999999,8513.041455999999,29.854734000000462,Win,TP
2018-10-11 04:50:00,2018-10-11 05:20:00,long,8108.708143,8083.056504,8160.011420999999,8083.056504,-25.651638999999705,Loss,SL
2018-10-12 02:00:00,2018-10-12 03:10:00,long,8291.600438,8275.513689,8323.773936,8275.513689,-16.086749000000054,Loss,SL
2018-10-12 04:40:00,2018-10-12 05:20:00,long,8280.586322,8260.441741,8320.875483999997,8260.441741,-20.144580999998652,Loss,SL
2018-10-12 05:20:00,2018-10-12 05:45:00,short,8256.819019,8284.209728,8202.037601000002,8284.209728,-27.390708999999333,Loss,SL
2018-10-12 05:20:00,2018-10-12 05:45:00,short,8256.819019,8284.209728,8202.037601000002,8284.209728,-27.390708999999333,Loss,SL
2018-10-12 04:50:00,2018-10-12 08:10:00,short,8275.079264,8294.354309,8236.529174,8294.354309,-19.27504500000032,Loss,SL
2018-10-15 03:00:00,2018-10-15 03:20:00,long,8244.355677,8226.819703,8279.427625,8226.819703,-17.53597400000035,Loss,SL
2018-10-16 05:20:00,2018-10-16 08:05:00,long,8257.978399,8240.442425,8293.050347,8293.050347,35.0719480000007,Win,TP
2018-10-17 05:50:00,2018-10-17 06:25:00,long,8505.506164,8492.028022,8532.462448,8492.028022,-13.478141999999934,Loss,SL
2018-10-18 04:10:00,2018-10-18 08:30:00,short,8446.667597,8462.174655,8415.653480999998,8415.653480999998,31.014116000002105,Win,TP
2018-10-18 04:00:00,2018-10-18 08:30:00,short,8449.276204,8464.493416,8418.84178,8418.84178,30.434423999999126,Win,TP
2018-10-18 04:50:00,2018-10-18 05:40:00,long,8456.522332,8438.696513,8492.17397,8438.696513,-17.825818999999683,Loss,SL
2018-10-18 04:45:00,2018-10-18 06:40:00,long,8448.986358,8432.31992,8482.319234,8432.31992,-16.6664380000002,Loss,SL
2018-10-18 05:30:00,2018-10-18 08:30:00,short,8444.058991,8461.88481,8408.407353,8408.407353,35.651637999999366,Win,TP
2018-10-22 04:10:00,2018-10-22 08:50:00,long,8287.83245,8266.818334,8329.860682,8266.818334,-21.014116000000286,Loss,SL
2018-10-22 04:20:00,2018-10-22 05:50:00,short,8282.615238,8296.67307,8254.499574,8296.67307,-14.057832000000417,Loss,SL
2018-10-24 02:55:00,2018-10-24 04:00:00,short,8215.661006,8234.646206,8177.690606000002,8177.690606000002,37.970399999998335,Win,TP
2018-10-24 05:05:00,2018-10-24 06:35:00,long,8213.342245,8192.617974,8254.790786999998,8254.790786999998,41.44854199999827,Win,TP
2018-10-25 03:35:00,2018-10-25 03:45:00,short,8006.682647,8024.508466,7971.031008999998,8024.508466,-17.825819000000592,Loss,SL
2018-10-25 06:00:00,2018-10-25 08:40:00,short,8023.783511,8048.85546,7973.639612999999,7973.639612999999,50.14389800000026,Win,TP
2018-10-26 02:55:00,2018-10-26 04:20:00,short,7932.482287,7965.090209,7867.2664429999995,7867.2664429999995,65.21584400000029,Win,TP
2018-10-29 02:00:00,2018-10-29 06:05:00,long,8008.421718,7969.727047,8085.811059999998,8085.811059999998,77.38934199999858,Win,TP
2018-10-29 02:00:00,2018-10-29 06:05:00,long,8008.421718,7969.727047,8085.811059999998,8085.811059999998,77.38934199999858,Win,TP
2018-10-29 02:30:00,2018-10-29 03:05:00,short,7995.958376,8018.421718,7951.031692,8018.421718,-22.46334200000001,Loss,SL
2018-10-29 02:45:00,2018-10-29 04:35:00,long,8007.262337,7985.668531,8050.449949,8050.449949,43.18761199999972,Win,TP
2018-10-29 04:15:00,2018-10-29 04:35:00,long,8015.378002,7997.842028,8050.449950000001,8050.449950000001,35.0719480000007,Win,TP
2018-10-30 03:20:00,2018-10-30 04:05:00,long,7867.846816,7836.68812,7930.164208000001,7836.68812,-31.15869600000042,Loss,SL
2018-10-30 03:30:00,2018-10-30 04:05:00,short,7865.23821,7881.324958,7833.064714000001,7833.064714000001,32.17349599999943,Win,TP
2018-10-31 02:00:00,2018-10-31 03:40:00,long,7959.727732,7943.640983,7991.90123,7991.90123,32.17349800000011,Win,TP
2018-10-31 03:05:00,2018-10-31 03:25:00,short,7966.39417,7983.640299,7931.901911999999,7983.640299,-17.24612900000011,Loss,SL
2018-10-31 05:40:00,2018-10-31 07:20:00,long,7988.132557,7966.538751,8031.320169,8031.320169,43.18761199999972,Win,TP
2018-10-31 05:55:00,2018-10-31 06:05:00,short,7984.36457,7999.002092,7955.089526,7999.002092,-14.63752199999999,Loss,SL
2018-11-01 04:30:00,2018-11-01 04:50:00,short,8096.244801,8116.969072,8054.796259,8116.969072,-20.724271000000044,Loss,SL
2018-11-02 02:30:00,2018-11-02 07:15:00,short,8241.457225,8265.079948,8194.211779,8194.211779,47.24544600000081,Win,TP
2018-11-02 02:15:00,2018-11-02 04:00:00,short,8257.108864,8274.065147,8223.196298,8223.196298,33.91256599999906,Win,TP
2018-11-02 03:20:00,2018-11-02 03:50:00,long,8255.949483,8233.196296,8301.455857,8233.196296,-22.753187000000253,Loss,SL
2018-11-05 02:40:00,2018-11-05 04:00:00,short,8080.013472,8092.622079,8054.796257999999,8092.622079,-12.60860700000012,Loss,SL
2018-11-05 05:45:00,2018-11-05 06:45:00,long,8106.099536,8087.404182,8143.490243999999,8087.404182,-18.695353999999497,Loss,SL
2018-11-06 03:30:00,2018-11-06 08:30:00,short,8033.638247,8052.043756,7996.8272289999995,8052.043756,-18.405509000000166,Loss,SL
2018-11-06 04:25:00,2018-11-06 05:45:00,short,8020.88506,8038.710879,7985.233421999998,8038.710879,-17.825819000000592,Loss,SL
2018-11-06 04:50:00,2018-11-06 08:25:00,short,8019.725679,8042.478866,7974.219305,8042.478866,-22.753187000000253,Loss,SL
2018-11-07 05:05:00,2018-11-07 08:10:00,short,8225.805587,8242.18218,8193.052401000003,8193.052401000003,32.753185999998095,Win,TP
2018-11-07 04:35:00,2018-11-07 05:05:00,long,8243.486141,8226.529857,8277.398709,8226.529857,-16.95628399999987,Loss,SL
2018-11-08 03:20:00,2018-11-08 03:55:00,short,8357.974979,8371.163275,8331.598387,8331.598387,26.376592000000528,Win,TP
2018-11-08 06:00:00,2018-11-08 08:30:00,long,8323.19356,8310.295108,8348.990463999999,8310.295108,-12.898451999999452,Loss,SL
2018-11-09 03:05:00,2018-11-09 03:45:00,long,8262.036231,8247.398709,8291.311275000002,8247.398709,-14.6375220000009,Loss,SL
2018-11-09 04:40:00,2018-11-09 08:35:00,short,8245.515057,8261.601806,8213.341559,8213.341559,32.17349800000011,Win,TP
2018-11-09 03:45:00,2018-11-09 08:35:00,short,8250.442425,8267.108864,8217.109546999998,8217.109546999998,33.332878000001074,Win,TP
2018-11-12 02:00:00,2018-11-12 02:35:00,short,8202.907819,8216.385961,8175.951535,8175.951535,26.95628399999987,Win,TP
2018-11-12 04:35:00,2018-11-12 05:20:00,long,8179.140516,8154.358413,8228.704722000002,8154.358413,-24.78210300000046,Loss,SL
2018-11-13 04:55:00,2018-11-13 07:10:00,long,7984.94426,7968.857512,8017.1177560000015,7968.857512,-16.086748000000625,Loss,SL
2018-11-13 04:55:00,2018-11-13 07:10:00,long,7984.94426,7968.857512,8017.1177560000015,7968.857512,-16.086748000000625,Loss,SL
2018-11-13 04:35:00,2018-11-13 09:00:00,long,7973.930144,7947.988661,8025.813109999999,7947.988661,-25.941482999999607,Loss,SL
2018-11-14 02:00:00,2018-11-14 06:20:00,short,7905.236842,7933.207242,7849.296042,7933.207242,-27.970400000000154,Loss,SL
2018-11-14 02:00:00,2018-11-14 06:20:00,short,7905.236842,7933.207242,7849.296042,7933.207242,-27.970400000000154,Loss,SL
2018-11-14 04:45:00,2018-11-14 07:30:00,long,7917.410338,7894.657151,7962.916711999998,7962.916711999998,45.50637399999869,Win,TP
2018-11-15 04:55:00,2018-11-15 07:00:00,long,7896.251642,7873.20861,7942.337706000001,7873.20861,-23.043032000000494,Loss,SL
2018-11-16 02:00:00,2018-11-16 03:15:00,long,7962.336338,7943.351138,8000.306738,7943.351138,-18.985200000000077,Loss,SL
2018-11-19 02:00:00,2018-11-19 02:15:00,long,7994.798996,7979.871628,8024.653732000002,8024.653732000002,29.85473600000114,Win,TP
2018-11-19 02:00:00,2018-11-19 02:15:00,long,7994.798996,7979.871628,8024.653732000002,8024.653732000002,29.85473600000114,Win,TP
2018-11-19 02:00:00,2018-11-19 02:15:00,long,7994.798996,7979.871628,8024.653732000002,8024.653732000002,29.85473600000114,Win,TP
2018-11-19 03:35:00,2018-11-19 07:40:00,short,8000.016208,8024.798312,7950.452,7950.452,49.56420799999978,Win,TP
2018-11-20 05:35:00,2018-11-20 06:25:00,long,7656.549696,7631.767593,7706.113902000001,7631.767593,-24.78210300000046,Loss,SL
2018-11-20 05:35:00,2018-11-20 06:25:00,long,7656.549696,7631.767593,7706.113902000001,7631.767593,-24.78210300000046,Loss,SL
2018-11-20 06:00:00,2018-11-20 07:35:00,short,7643.506664,7669.737993,7591.044005999999,7591.044005999999,52.462658000000374,Win,TP
2018-11-20 06:00:00,2018-11-20 07:35:00,short,7643.506664,7669.737993,7591.044005999999,7591.044005999999,52.462658000000374,Win,TP
2018-11-21 05:20:00,2018-11-21 05:45:00,long,7638.579296,7616.115955,7683.505977999999,7616.115955,-22.463340999999673,Loss,SL
2018-11-22 05:20:00,2018-11-22 06:00:00,short,7588.146239,7604.812677,7554.813362999999,7604.812677,-16.6664380000002,Loss,SL
2018-11-22 05:30:00,2018-11-22 09:20:00,long,7595.102523,7576.986858,7631.333852999998,7576.986858,-18.115664999999353,Loss,SL
2018-11-23 02:40:00,2018-11-23 04:35:00,long,7605.247103,7577.276703,7661.187902999998,7577.276703,-27.970399999999245,Loss,SL
2018-11-23 05:35:00,2018-11-23 06:50:00,short,7584.957942,7599.305619,7556.2625880000005,7599.305619,-14.347676999999749,Loss,SL
2018-11-26 06:00:00,2018-11-26 08:35:00,short,7694.229567,7710.02647,7662.635761000001,7662.635761000001,31.59380599999895,Win,TP
2018-11-27 05:55:00,2018-11-27 06:15:00,long,7707.272599,7689.44678,7742.924236999999,7689.44678,-17.825818999999683,Loss,SL
2018-11-28 03:25:00,2018-11-28 04:30:00,short,7787.269862,7805.095682,7751.618222,7805.095682,-17.82582000000002,Loss,SL
2018-11-28 03:55:00,2018-11-28 04:30:00,short,7793.936301,7809.733204,7762.342494999999,7809.733204,-15.796903000000384,Loss,SL
2018-11-29 04:40:00,2018-11-29 07:45:00,short,7980.306738,7996.393486,7948.133242000001,7996.393486,-16.086747999999716,Loss,SL
2018-12-03 02:00:00,2018-12-03 05:00:00,long,8266.094064,8250.007315,8298.267562,8250.007315,-16.086749000000054,Loss,SL
2018-12-03 02:00:00,2018-12-03 05:00:00,long,8266.094064,8250.007315,8298.267562,8250.007315,-16.086749000000054,Loss,SL
2018-12-03 02:00:00,2018-12-03 05:00:00,long,8266.094064,8250.007315,8298.267562,8250.007315,-16.086749000000054,Loss,SL
2018-12-03 02:00:00,2018-12-03 05:00:00,long,8266.094064,8250.007315,8298.267562,8250.007315,-16.086749000000054,Loss,SL
2018-12-03 03:00:00,2018-12-03 04:40:00,long,8269.572206,8252.326077,8304.064464000003,8252.326077,-17.24612900000102,Loss,SL
2018-12-03 04:30:00,2018-12-03 07:30:00,short,8256.819019,8274.354993,8221.747071,8221.747071,35.0719480000007,Win,TP
2018-12-04 04:15:00,2018-12-04 07:55:00,long,8131.316065,8116.098852,8161.750491,8161.750491,30.434425999999803,Win,TP
2018-12-04 05:55:00,2018-12-04 07:20:00,short,8137.982504,8150.01142,8113.924671999999,8150.01142,-12.028916000000208,Loss,SL
2018-12-05 02:35:00,2018-12-05 17:00:00,long,7942.626867,7920.743216,7986.394169,7920.743216,-21.8836510000001,Loss,SL
2018-12-05 02:45:00,2018-12-05 07:20:00,short,7937.699499,7949.148725,7914.801047000001,7949.148725,-11.449225999999726,Loss,SL
2018-12-06 04:35:00,2018-12-06 04:45:00,long,7715.098418,7688.867089,7767.561075999998,7688.867089,-26.231328999999278,Loss,SL
2018-12-06 04:45:00,2018-12-06 05:15:00,short,7690.751425,7717.852289,7636.549697,7717.852289,-27.100864,Loss,SL
2018-12-06 05:10:00,2018-12-06 06:55:00,long,7710.460896,7692.055386,7747.271915999999,7747.271915999999,36.81101999999919,Win,TP
2018-12-06 05:30:00,2018-12-06 06:20:00,short,7712.779657,7739.300831,7659.737309000001,7739.300831,-26.52117399999952,Loss,SL
2018-12-07 03:15:00,2018-12-07 05:45:00,long,7877.701552,7860.455423,7912.193810000001,7860.455423,-17.24612900000011,Loss,SL
2018-12-07 03:10:00,2018-12-07 06:05:00,long,7872.484339,7856.397591,7904.657834999999,7856.397591,-16.086747999999716,Loss,SL
2018-12-10 02:15:00,2018-12-10 06:40:00,short,7651.622328,7672.346599,7610.173786,7672.346599,-20.724271000000044,Loss,SL
2018-12-10 02:10:00,2018-12-10 06:40:00,short,7658.578612,7677.273967,7621.187902000001,7677.273967,-18.695354999999836,Loss,SL
2018-12-10 03:25:00,2018-12-10 03:40:00,short,7637.999606,7655.245735,7603.507348,7655.245735,-17.24612900000011,Loss,SL
2018-12-10 04:45:00,2018-12-10 05:10:00,short,7653.361399,7667.709077,7624.666043,7667.709077,-14.347678000000087,Loss,SL
2018-12-10 05:15:00,2018-12-10 06:40:00,short,7664.955206,7681.041954,7632.781709999998,7681.041954,-16.086748000000625,Loss,SL
2018-12-12 02:00:00,2018-12-12 02:20:00,short,7819.73252,7831.471591,7796.254377999998,7831.471591,-11.739071000000877,Loss,SL
2018-12-12 02:35:00,2018-12-12 02:45:00,short,7828.427875,7844.514623,7796.254379000001,7844.514623,-16.086747999999716,Loss,SL
2018-12-12 04:45:00,2018-12-12 07:50:00,short,7874.513255,7887.991397,7847.556971,7887.991397,-13.478141999999934,Loss,SL
2018-12-13 02:00:00,2018-12-13 02:25:00,long,7926.395538,7899.874364,7979.437885999999,7899.874364,-26.52117399999952,Loss,SL
2018-12-13 02:00:00,2018-12-13 02:25:00,long,7926.395538,7899.874364,7979.437885999999,7899.874364,-26.52117399999952,Loss,SL
2018-12-12 05:35:00,2018-12-12 06:30:00,short,7852.774868,7874.65852,7809.007564000001,7874.65852,-21.88365199999953,Loss,SL
2018-12-13 05:25:00,2018-12-13 07:05:00,short,7870.165578,7885.962481,7838.571772000001,7885.962481,-15.796902999999475,Loss,SL
2018-12-14 04:00:00,2018-12-14 10:50:00,long,7741.214807,7710.715544,7802.2133330000015,7710.715544,-30.49926300000061,Loss,SL
2018-12-14 04:10:00,2018-12-14 04:40:00,short,7734.574201,7748.038865,7707.644873,7748.038865,-13.464664000000084,Loss,SL
2018-12-17 02:55:00,2018-12-17 05:40:00,long,7663.259862,7634.781652,7720.216282,7634.781652,-28.478210000000217,Loss,SL
2018-12-18 02:40:00,2018-12-18 03:45:00,short,7511.103357,7528.032685,7477.244701,7528.032685,-16.92932800000017,Loss,SL
2018-12-18 03:10:00,2018-12-18 11:05:00,long,7518.032685,7493.307862,7567.482331000001,7567.482331000001,49.44964600000094,Win,TP
2018-12-18 04:40:00,2018-12-18 05:25:00,short,7522.363516,7539.004122,7489.0823040000005,7539.004122,-16.640605999999934,Loss,SL
2018-12-18 04:40:00,2018-12-18 05:25:00,short,7522.363516,7539.004122,7489.0823040000005,7539.004122,-16.640605999999934,Loss,SL
2018-12-19 03:15:00,2018-12-19 04:15:00,long,7534.489841,7521.891342,7559.686838999999,7559.686838999999,25.19699799999944,Win,TP
2018-12-19 02:55:00,2018-12-19 04:10:00,long,7526.116902,7512.074794,7554.201117999999,7554.201117999999,28.084215999999287,Win,TP
2018-12-21 02:00:00,2018-12-21 03:00:00,short,7282.724239,7304.27312,7239.626477000001,7239.626477000001,43.09776199999942,Win,TP
2018-12-21 02:00:00,2018-12-21 03:00:00,short,7282.724239,7304.27312,7239.626477000001,7239.626477000001,43.09776199999942,Win,TP
2018-12-21 02:00:00,2018-12-21 03:00:00,short,7282.724239,7304.27312,7239.626477000001,7239.626477000001,43.09776199999942,Win,TP
2018-12-21 02:00:00,2018-12-21 03:00:00,short,7282.724239,7304.27312,7239.626477000001,7239.626477000001,43.09776199999942,Win,TP
2018-12-21 02:00:00,2018-12-21 03:00:00,short,7282.724239,7304.27312,7239.626477000001,7239.626477000001,43.09776199999942,Win,TP
2018-12-21 03:20:00,2018-12-21 03:35:00,short,7242.014434,7264.718203,7196.606895999998,7264.718203,-22.703769000000648,Loss,SL
2018-12-24 02:15:00,2018-12-24 03:20:00,short,7062.140615,7075.60528,7035.211285000001,7035.211285000001,26.929329999999027,Win,TP
2018-12-24 02:35:00,2018-12-24 03:00:00,long,7058.098507,7044.922565,7084.450390999999,7044.922565,-13.17594199999985,Loss,SL
2018-12-24 05:00:00,2018-12-24 05:55:00,long,7057.232341,7040.014291,7091.668440999999,7040.014291,-17.218049999999494,Loss,SL
2018-12-26 03:10:00,2018-12-26 03:50:00,short,6811.529902,6827.881786,6778.826134000001,6827.881786,-16.3518839999997,Loss,SL
2018-12-26 03:30:00,2018-12-26 03:55:00,short,6816.438176,6835.677281,6777.9599659999985,6835.677281,-19.239105000000563,Loss,SL
2018-12-27 04:50:00,2018-12-27 05:40:00,short,7119.018853,7147.208341,7062.639877,7147.208341,-28.189487999999983,Loss,SL
2018-12-27 05:20:00,2018-12-27 08:55:00,long,7141.827893,7102.378247,7220.727185,7102.378247,-39.44964600000003,Loss,SL
2018-12-27 05:30:00,2018-12-27 05:40:00,short,7133.454954,7150.095561,7100.173739999999,7150.095561,-16.640607000000273,Loss,SL
2018-12-27 05:40:00,2018-12-27 08:45:00,long,7153.665496,7123.454954,7214.086579999999,7123.454954,-30.210541999999805,Loss,SL
2019-01-02 05:15:00,2019-01-02 05:40:00,long,7162.615878,7145.109106,7197.629421999999,7145.109106,-17.506771999999728,Loss,SL
2019-01-02 05:10:00,2019-01-02 06:20:00,long,7156.841438,7141.933164,7186.657986000001,7186.657986000001,29.816548000000694,Win,TP
2019-01-03 02:40:00,2019-01-03 04:05:00,short,7172.721149,7184.742203,7148.679041,7148.679041,24.042107999999644,Win,TP
2019-01-03 04:45:00,2019-01-03 05:00:00,long,7172.721149,7154.059489,7210.0444689999995,7154.059489,-18.661659999999756,Loss,SL
2019-01-04 03:20:00,2019-01-04 07:30:00,long,7220.07156,7189.861019,7280.492642000001,7189.861019,-30.210541000000376,Loss,SL
2019-01-04 04:50:00,2019-01-04 06:35:00,long,7244.32421,7227.972326,7277.027977999999,7227.972326,-16.3518839999997,Loss,SL
2019-01-04 05:00:00,2019-01-04 05:20:00,short,7235.66255,7259.232485,7188.522679999999,7259.232485,-23.56993500000044,Loss,SL
2019-01-07 04:05:00,2019-01-07 05:10:00,long,7425.064195,7405.82509,7463.542404999999,7405.82509,-19.239104999999654,Loss,SL
2019-01-07 04:45:00,2019-01-07 05:10:00,long,7421.310809,7406.402534,7451.127358999999,7406.402534,-14.908274999999776,Loss,SL
2019-01-07 06:00:00,2019-01-07 08:30:00,long,7411.782982,7395.719819,7443.909307999999,7443.909307999999,32.12632599999961,Win,TP
2019-01-08 04:50:00,2019-01-08 08:25:00,long,7548.348497,7531.996613,7581.052264999999,7581.052264999999,32.7037679999994,Win,TP
2019-01-08 04:50:00,2019-01-08 08:25:00,long,7548.348497,7531.996613,7581.052264999999,7581.052264999999,32.7037679999994,Win,TP
2019-01-09 04:20:00,2019-01-09 08:35:00,short,7598.874851,7619.557566,7557.509420999998,7619.557566,-20.682715000000826,Loss,SL
2019-01-10 03:25:00,2019-01-10 08:40:00,long,7578.375588,7558.847761,7617.431242,7558.847761,-19.52782699999989,Loss,SL
2019-01-10 04:40:00,2019-01-10 06:40:00,long,7586.748526,7568.953032,7622.339514,7568.953032,-17.795493999999962,Loss,SL
2019-01-10 04:55:00,2019-01-10 07:30:00,short,7574.622201,7595.593638,7532.679327,7595.593638,-20.97143700000015,Loss,SL
2019-01-10 05:25:00,2019-01-10 06:20:00,short,7575.777089,7590.974086,7545.383095,7590.974086,-15.19699700000001,Loss,SL
2019-01-11 03:45:00,2019-01-11 06:00:00,short,7649.401205,7662.865869,7622.471877,7622.471877,26.92932800000017,Win,TP
2019-01-14 03:50:00,2019-01-14 09:20:00,short,7560.1861,7576.537985,7527.48233,7576.537985,-16.35188500000004,Loss,SL
2019-01-14 03:15:00,2019-01-14 04:10:00,long,7572.601147,7555.383097,7607.037247000001,7555.383097,-17.218050000000403,Loss,SL
2019-01-14 05:55:00,2019-01-14 08:35:00,long,7554.700382,7533.728945,7596.643256,7533.728945,-20.97143700000015,Loss,SL
2019-01-14 04:50:00,2019-01-14 05:55:00,short,7541.130447,7553.440223,7516.510894999999,7553.440223,-12.309776000000056,Loss,SL
2019-01-15 04:55:00,2019-01-15 05:55:00,long,7596.565075,7582.522967,7624.6492910000015,7582.522967,-14.042108000000553,Loss,SL
2019-01-15 04:40:00,2019-01-15 06:10:00,long,7592.811689,7579.347024,7619.741019000001,7579.347024,-13.464665000000423,Loss,SL
2019-01-15 05:55:00,2019-01-15 07:05:00,short,7585.304916,7601.368079,7553.17859,7601.368079,-16.063162999999804,Loss,SL
2019-01-15 05:50:00,2019-01-15 08:30:00,short,7589.635746,7612.916959,7543.0733199999995,7612.916959,-23.281213000000207,Loss,SL
2019-01-16 04:10:00,2019-01-16 08:30:00,long,7716.962157,7703.786215,7743.314041,7743.314041,26.3518839999997,Win,TP
2019-01-17 02:30:00,2019-01-17 07:30:00,long,7654.598201,7634.49293,7694.808742999999,7694.808742999999,40.210541999998895,Win,TP
2019-01-17 03:40:00,2019-01-17 05:00:00,short,7656.619255,7672.104973,7625.647818999998,7672.104973,-15.485718000000816,Loss,SL
2019-01-17 04:45:00,2019-01-17 07:30:00,long,7666.147082,7652.682418,7693.076410000001,7693.076410000001,26.92932800000017,Win,TP
2019-01-18 04:20:00,2019-01-18 05:50:00,short,7786.255442,7797.41033,7763.945666,7797.41033,-11.154888000000028,Loss,SL
2019-01-18 05:50:00,2019-01-18 08:25:00,long,7797.515601,7777.987774,7836.571255,7836.571255,39.05565399999978,Win,TP
2019-01-18 05:35:00,2019-01-18 08:25:00,long,7790.29755,7774.811832,7821.268986,7821.268986,30.971435999999812,Win,TP
2019-01-21 04:15:00,2019-01-21 08:35:00,long,7805.311096,7790.402821,7835.127646000002,7790.402821,-14.908275000000685,Loss,SL
2019-01-21 05:30:00,2019-01-21 07:55:00,short,7804.156207,7818.198316,7776.071989,7818.198316,-14.042108999999982,Loss,SL
2019-01-22 02:00:00,2019-01-22 02:30:00,short,7775.284005,7785.572727,7754.706561000002,7785.572727,-10.288721999999325,Loss,SL
2019-01-22 03:50:00,2019-01-22 08:50:00,short,7784.811832,7798.276496,7757.882504,7757.882504,26.92932800000017,Win,TP
2019-01-22 05:55:00,2019-01-22 08:50:00,long,7776.150171,7760.664453,7807.121607,7760.664453,-15.485717999999906,Loss,SL
2019-01-22 05:55:00,2019-01-22 08:50:00,long,7776.150171,7760.664453,7807.121607,7760.664453,-15.485717999999906,Loss,SL
2019-01-23 02:00:00,2019-01-23 03:05:00,short,7671.921522,7691.449349,7632.865867999998,7691.449349,-19.527827000000798,Loss,SL
2019-01-23 02:00:00,2019-01-23 03:05:00,short,7671.921522,7691.449349,7632.865867999998,7691.449349,-19.527827000000798,Loss,SL
2019-01-23 02:25:00,2019-01-23 02:45:00,short,7674.231298,7690.005739,7642.682415999999,7690.005739,-15.774441000000479,Loss,SL
2019-01-23 04:45:00,2019-01-23 08:30:00,long,7710.032829,7695.413277,7739.271933,7739.271933,29.239104000000225,Win,TP
2019-01-25 02:25:00,2019-01-25 07:50:00,long,7776.150171,7756.044901,7816.360711,7816.360711,40.21054000000004,Win,TP
2019-01-25 03:50:00,2019-01-25 04:45:00,short,7772.396785,7788.459948,7740.270459,7788.459948,-16.063162999999804,Loss,SL
2019-01-25 04:25:00,2019-01-25 07:50:00,long,7779.903558,7767.016338,7805.677997999999,7805.677997999999,25.77443999999923,Win,TP
2019-01-25 04:25:00,2019-01-25 07:50:00,long,7779.903558,7767.016338,7805.677997999999,7805.677997999999,25.77443999999923,Win,TP
2019-01-28 03:45:00,2019-01-28 08:00:00,long,7800.114099,7785.783269,7828.775759000002,7785.783269,-14.330830000000788,Loss,SL
2019-01-28 05:15:00,2019-01-28 08:00:00,short,7801.268987,7813.578763,7776.649435,7776.649435,24.619552000000112,Win,TP
2019-01-30 04:30:00,2019-01-30 06:05:00,short,7721.292988,7735.623818,7692.631328,7735.623818,-14.330829999999878,Loss,SL
2019-01-30 05:35:00,2019-01-30 06:05:00,short,7723.891486,7735.91254,7699.849378000001,7735.91254,-12.021053999999822,Loss,SL
2019-01-31 05:20:00,2019-01-31 08:00:00,long,7924.842012,7911.088626,7952.348784000001,7911.088626,-13.753386000000319,Loss,SL
2019-02-04 02:10:00,2019-02-04 03:55:00,short,7936.390893,7953.608943,7901.954792999999,7953.608943,-17.218050000000403,Loss,SL
2019-02-04 03:10:00,2019-02-04 08:50:00,long,7945.918719,7930.721723,7976.312711000001,7976.312711000001,30.393992000001163,Win,TP
2019-02-05 05:05:00,2019-02-05 08:30:00,long,8029.359383,8016.472163,8055.133822999999,8055.133822999999,25.77443999999923,Win,TP
2019-02-07 04:10:00,2019-02-07 08:25:00,short,8051.302257,8069.386473,8015.133825000002,8015.133825000002,36.168431999998575,Win,TP
2019-02-08 03:50:00,2019-02-08 12:10:00,short,7934.369839,7951.299167,7900.511183,7951.299167,-16.92932800000017,Loss,SL
2019-02-08 04:30:00,2019-02-08 09:00:00,short,7934.081117,7949.855557,7902.532236999999,7902.532236999999,31.54888000000028,Win,TP
2019-02-11 04:40:00,2019-02-11 07:15:00,short,8024.162387,8037.049607,7998.387947000001,8037.049607,-12.887219999999616,Loss,SL
2019-02-12 02:00:00,2019-02-12 03:25:00,long,8048.415037,8036.393982,8072.457147,8036.393982,-12.02105500000016,Loss,SL
2019-02-12 04:00:00,2019-02-12 09:00:00,long,8045.816538,8030.042098,8077.365418,8077.365418,31.54888000000028,Win,TP
2019-02-12 03:35:00,2019-02-12 08:40:00,long,8038.598488,8026.288712,8063.21804,8063.21804,24.619552000000112,Win,TP
2019-02-14 02:25:00,2019-02-14 04:45:00,long,8143.404581,8126.475253,8177.263237,8126.475253,-16.92932800000017,Loss,SL
2019-02-14 06:00:00,2019-02-14 07:05:00,short,8130.700812,8144.454199,8103.194038000001,8144.454199,-13.753386999999748,Loss,SL
2019-02-15 05:25:00,2019-02-15 08:25:00,long,8122.905318,8104.532379,8159.651196,8159.651196,36.74587799999972,Win,TP
2019-02-18 04:25:00,2019-02-18 17:50:00,long,8155.530906,8143.22113,8180.150458,8169.389563,13.858656999999766,Win,Timeout
2019-02-19 02:50:00,2019-02-19 03:10:00,long,8166.213621,8153.037679,8192.565504999999,8153.037679,-13.17594199999985,Loss,SL
2019-02-19 02:50:00,2019-02-19 03:10:00,long,8166.213621,8153.037679,8192.565504999999,8153.037679,-13.17594199999985,Loss,SL
2019-02-19 03:05:00,2019-02-19 08:25:00,short,8160.727902,8178.234675,8125.7143559999995,8125.7143559999995,35.01354600000013,Win,TP
2019-02-19 03:05:00,2019-02-19 08:25:00,short,8160.727902,8178.234675,8125.7143559999995,8125.7143559999995,35.01354600000013,Win,TP
2019-02-19 04:55:00,2019-02-19 08:25:00,short,8152.066242,8165.530906,8125.136914,8125.136914,26.92932800000017,Win,TP
2019-02-21 03:25:00,2019-02-21 06:10:00,long,8183.825664,8170.072278,8211.332436,8170.072278,-13.753386000000319,Loss,SL
2019-02-21 05:45:00,2019-02-21 06:30:00,short,8181.80461,8196.13544,8153.14295,8153.14295,28.661659999999756,Win,TP
2019-02-21 05:45:00,2019-02-21 06:30:00,short,8181.80461,8196.13544,8153.14295,8153.14295,28.661659999999756,Win,TP
2019-02-25 06:00:00,2019-02-25 07:35:00,short,8235.506906,8249.549014,8207.422690000001,8249.549014,-14.042107999999644,Loss,SL
2019-02-26 02:45:00,2019-02-26 06:25:00,short,8196.240711,8209.705375,8169.311383000002,8209.705375,-13.464663999999175,Loss,SL
2019-02-26 02:45:00,2019-02-26 06:25:00,short,8196.240711,8209.705375,8169.311383000002,8209.705375,-13.464663999999175,Loss,SL
2019-02-26 03:15:00,2019-02-26 05:15:00,short,8192.487325,8209.127931,8159.206112999998,8209.127931,-16.640606000000844,Loss,SL
2019-02-26 05:55:00,2019-02-26 07:55:00,long,8204.036205,8187.3955989999995,8237.317417000002,8187.3955989999995,-16.640606000000844,Loss,SL
2019-02-27 02:00:00,2019-02-27 08:30:00,short,8200.282819,8212.015151,8176.818155000001,8212.015151,-11.732331999999587,Loss,SL
2019-02-27 03:30:00,2019-02-27 06:00:00,short,8193.353491,8207.106877,8165.846718999999,8207.106877,-13.753386000000319,Loss,SL
2019-03-04 04:30:00,2019-03-04 09:55:00,long,8302.779136,8289.02575,8330.285907999996,8289.02575,-13.7533859999985,Loss,SL
2019-03-05 04:15:00,2019-03-05 08:50:00,short,8266.400162,8281.88588,8235.428726,8235.428726,30.971435999999812,Win,TP
2019-03-06 02:00:00,2019-03-06 08:50:00,long,8268.421216,8250.914443,8303.434762000003,8250.914443,-17.506773000000976,Loss,SL
2019-03-05 05:35:00,2019-03-05 06:10:00,long,8264.66783,8251.491888,8291.019714,8251.491888,-13.17594199999985,Loss,SL
2019-03-06 03:15:00,2019-03-06 06:50:00,long,8268.99866,8254.956552,8297.082875999999,8254.956552,-14.042107999999644,Loss,SL
2019-03-06 03:15:00,2019-03-06 06:50:00,long,8268.99866,8254.956552,8297.082875999999,8254.956552,-14.042107999999644,Loss,SL
2019-03-06 05:00:00,2019-03-06 06:50:00,long,8270.153548,8257.266328,8295.927988000001,8257.266328,-12.887220000000525,Loss,SL
2019-03-06 04:55:00,2019-03-06 06:35:00,long,8268.132494,8257.55505,8289.287381999997,8257.55505,-10.57744399999865,Loss,SL
2019-03-06 04:45:00,2019-03-06 08:10:00,short,8266.688884,8277.843772,8244.379107999997,8277.843772,-11.154888000000938,Loss,SL
2019-03-07 03:30:00,2019-03-07 07:05:00,long,8190.194723,8176.743798,8217.096572999999,8217.096572999999,26.901849999999286,Win,TP
2019-03-07 04:00:00,2019-03-07 06:55:00,long,8191.632608,8181.057454,8212.782916,8212.782916,21.150308000000223,Win,TP
2019-03-07 05:50:00,2019-03-07 06:15:00,short,8186.743798,8199.907146,8160.417102000002,8199.907146,-13.163347999999132,Loss,SL
2019-03-07 05:45:00,2019-03-07 06:45:00,short,8190.769877,8202.495339,8167.318953000001,8202.495339,-11.725461999999425,Loss,SL
2019-03-07 05:45:00,2019-03-07 06:45:00,short,8190.769877,8202.495339,8167.318953000001,8202.495339,-11.725461999999425,Loss,SL
2019-03-08 05:50:00,2019-03-08 07:30:00,short,8065.673855,8080.562665,8035.896234999999,8035.896234999999,29.777620000000752,Win,TP
2019-03-11 02:00:00,2019-03-11 06:40:00,long,8124.627153,8114.051999,8145.777461000001,8145.777461000001,21.150308000000223,Win,TP
2019-03-08 06:00:00,2019-03-08 07:30:00,long,8070.850242,8056.536586,8099.477554000001,8056.536586,-14.313656000000265,Loss,SL
2019-03-11 03:20:00,2019-03-11 03:55:00,long,8135.267504,8120.953848,8163.894816000001,8120.953848,-14.313656000000265,Loss,SL
2019-03-11 04:55:00,2019-03-11 08:30:00,long,8131.529002,8118.940809,8156.705388000001,8156.705388000001,25.176386000001003,Win,TP
2019-03-11 05:35:00,2019-03-11 06:35:00,short,8129.80354,8143.829619,8101.7513819999995,8143.829619,-14.026079000000209,Loss,SL
2019-03-11 05:35:00,2019-03-11 06:35:00,short,8129.80354,8143.829619,8101.7513819999995,8143.829619,-14.026079000000209,Loss,SL
2019-03-11 05:50:00,2019-03-11 08:30:00,long,8133.829619,8120.666271,8160.156315,8160.156315,26.326696000000084,Win,TP
2019-03-12 04:50:00,2019-03-12 09:30:00,short,8289.983963,8307.17339,8255.605109000002,8307.17339,-17.18942699999934,Loss,SL
2019-03-13 02:40:00,2019-03-13 03:30:00,short,8314.428014,8327.016207,8289.251627999996,8327.016207,-12.58819300000141,Loss,SL
2019-03-13 05:35:00,2019-03-13 06:40:00,short,8329.669598,8340.532329,8307.944136000002,8340.532329,-10.862730999999258,Loss,SL
2019-03-13 06:00:00,2019-03-13 06:45:00,short,8333.695677,8345.421139,8310.244752999999,8345.421139,-11.725462000000334,Loss,SL
2019-03-14 05:00:00,2019-03-14 13:25:00,short,8394.374437,8423.6421,8335.839111000003,8376.257082,18.117355000000316,Win,Timeout
2019-03-14 05:00:00,2019-03-14 13:25:00,short,8394.374437,8423.6421,8335.839111000003,8376.257082,18.117355000000316,Win,Timeout
2019-03-14 05:20:00,2019-03-14 09:05:00,short,8396.099899,8412.714172,8362.871353000002,8362.871353000002,33.22854599999846,Win,TP
2019-03-15 02:00:00,2019-03-15 07:30:00,long,8389.485627,8376.897433,8414.662015,8414.662015,25.17638799999986,Win,TP
2019-03-19 02:00:00,2019-03-19 05:50:00,long,8473.458129,8461.732666,8496.909055000002,8496.909055000002,23.450926000001346,Win,TP
2019-03-21 03:55:00,2019-03-21 06:30:00,short,8520.045613,8538.672925,8482.790989,8482.790989,37.25462400000106,Win,TP
2019-03-21 04:05:00,2019-03-21 06:10:00,long,8528.960502,8512.346229,8562.189047999998,8512.346229,-16.61427299999923,Loss,SL
2019-03-21 04:20:00,2019-03-21 06:20:00,short,8527.810194,8542.123849,8499.182884,8499.182884,28.627309999999852,Win,TP
2019-03-21 04:20:00,2019-03-21 06:20:00,short,8527.810194,8542.123849,8499.182884,8499.182884,28.627309999999852,Win,TP
2019-03-21 05:25:00,2019-03-21 06:05:00,long,8533.849312,8517.810194,8565.927548000001,8517.810194,-16.0391180000006,Loss,SL
2019-03-22 03:30:00,2019-03-22 08:45:00,short,8648.880137,8678.1478,8590.344810999999,8590.344810999999,58.53532600000108,Win,TP
2019-03-22 03:30:00,2019-03-22 08:45:00,short,8648.880137,8678.1478,8590.344810999999,8590.344810999999,58.53532600000108,Win,TP
2019-03-22 03:30:00,2019-03-22 08:45:00,short,8648.880137,8678.1478,8590.344810999999,8590.344810999999,58.53532600000108,Win,TP
2019-03-22 04:15:00,2019-03-22 08:45:00,short,8631.050359,8649.677671,8593.795735000003,8593.795735000003,37.25462399999742,Win,TP
2019-03-25 04:00:00,2019-03-25 08:45:00,long,8439.524036,8407.093025,8504.386058000002,8407.093025,-32.43101100000058,Loss,SL
2019-03-25 04:00:00,2019-03-25 08:45:00,long,8439.524036,8407.093025,8504.386058000002,8407.093025,-32.43101100000058,Loss,SL
2019-03-26 02:00:00,2019-03-26 04:45:00,long,8465.118394,8454.255663,8486.843855999998,8486.843855999998,21.725461999998515,Win,TP
2019-03-26 02:00:00,2019-03-26 04:45:00,long,8465.118394,8454.255663,8486.843855999998,8486.843855999998,21.725461999998515,Win,TP
2019-03-26 02:45:00,2019-03-26 06:00:00,long,8473.458129,8457.994165,8504.386057000002,8504.386057000002,30.927928000000975,Win,TP
2019-03-27 03:00:00,2019-03-27 05:05:00,short,8509.405262,8526.019534,8476.176718000002,8476.176718000002,33.22854399999778,Win,TP
2019-03-27 04:25:00,2019-03-27 04:45:00,long,8511.130724,8494.804029,8543.784114,8494.804029,-16.326694999999745,Loss,SL
2019-03-27 04:10:00,2019-03-27 04:50:00,long,8506.817068,8492.215835,8536.019534,8492.215835,-14.60123299999941,Loss,SL
2019-03-28 04:50:00,2019-03-28 08:25:00,short,8442.112229,8454.125269,8418.086149,8454.125269,-12.013039999999819,Loss,SL
2019-03-28 04:55:00,2019-03-28 06:15:00,long,8445.563154,8431.537075,8473.615311999998,8431.537075,-14.0260789999993,Loss,SL
2019-03-28 05:25:00,2019-03-28 08:25:00,short,8441.537075,8454.700423,8415.210379,8454.700423,-13.163348000000042,Loss,SL
2019-03-28 05:55:00,2019-03-28 06:25:00,long,8443.262537,8427.510996,8474.765619,8427.510996,-15.751540999999634,Loss,SL
2019-03-29 03:15:00,2019-03-29 06:10:00,short,8480.935132,8494.386057,8454.033282000002,8494.386057,-13.450924999999188,Loss,SL
2019-03-29 02:20:00,2019-03-29 06:15:00,short,8484.673634,8496.974251,8460.072400000003,8496.974251,-12.300616999998965,Loss,SL
2019-04-02 02:00:00,2019-04-02 07:05:00,long,8615.521197,8603.795735,8638.972121,8638.972121,23.45092400000067,Win,TP
2019-04-02 03:30:00,2019-04-02 06:15:00,short,8616.959083,8629.834853,8591.207542999999,8629.834853,-12.875770000000557,Loss,SL
2019-04-03 02:40:00,2019-04-03 09:20:00,short,8704.670087,8716.395549,8681.219163,8716.395549,-11.725462000000334,Loss,SL
2019-04-04 02:00:00,2019-04-04 08:35:00,long,8705.245241,8693.232201,8729.271321,8729.271321,24.026079999999638,Win,TP
2019-04-04 02:00:00,2019-04-04 08:35:00,long,8705.245241,8693.232201,8729.271321,8729.271321,24.026079999999638,Win,TP
2019-04-05 03:00:00,2019-04-05 06:45:00,long,8721.92471,8706.748323,8752.277483999998,8706.748323,-15.176386999999522,Loss,SL
2019-04-09 03:40:00,2019-04-09 07:20:00,long,8763.335807,8745.571227,8798.864966999998,8745.571227,-17.764579999999114,Loss,SL
2019-04-09 03:50:00,2019-04-09 08:25:00,short,8758.15942,8769.597305,8735.283650000001,8735.283650000001,22.875769999998738,Win,TP
2019-04-10 03:00:00,2019-04-10 08:40:00,short,8747.806646,8758.956954,8725.506029999999,8758.956954,-11.150308000000223,Loss,SL
2019-04-11 03:50:00,2019-04-11 08:45:00,long,8784.904087,8769.7277,8815.256861000003,8769.7277,-15.176387000001341,Loss,SL
2019-04-11 03:15:00,2019-04-11 04:20:00,short,8771.963119,8788.577392,8738.734573000002,8788.577392,-16.61427299999923,Loss,SL
2019-04-11 03:15:00,2019-04-11 04:20:00,short,8771.963119,8788.577392,8738.734573000002,8788.577392,-16.61427299999923,Loss,SL
2019-04-12 02:00:00,2019-04-12 03:00:00,short,8764.198538,8775.924001,8740.747612000003,8775.924001,-11.725462999998854,Loss,SL
2019-04-12 02:00:00,2019-04-12 03:00:00,short,8764.198538,8775.924001,8740.747612000003,8775.924001,-11.725462999998854,Loss,SL
2019-04-12 02:00:00,2019-04-12 03:00:00,short,8764.198538,8775.924001,8740.747612000003,8775.924001,-11.725462999998854,Loss,SL
2019-04-12 04:40:00,2019-04-12 08:45:00,long,8800.145671,8786.407169,8827.622675,8786.407169,-13.738502000000153,Loss,SL
2019-04-18 05:30:00,2019-04-18 08:25:00,long,8846.158001,8832.131922,8874.210158999998,8874.210158999998,28.0521579999986,Win,TP
2019-04-22 05:55:00,2019-04-22 07:50:00,short,8846.733155,8858.171041,8823.857383,8823.857383,22.875771999999415,Win,TP
2019-04-24 03:00:00,2019-04-24 04:40:00,short,8998.573844,9012.312346,8971.09684,9012.312346,-13.738502000000153,Loss,SL
2019-04-25 05:20:00,2019-04-25 08:30:00,long,9043.723443,9028.259478,9074.651373000002,9028.259478,-15.463965000000826,Loss,SL
2019-04-25 05:20:00,2019-04-25 08:30:00,long,9043.723443,9028.259478,9074.651373000002,9028.259478,-15.463965000000826,Loss,SL
2019-04-25 05:30:00,2019-04-25 06:55:00,short,9039.409787,9055.161328,9007.906705000001,9055.161328,-15.751540999999634,Loss,SL
2019-04-25 05:40:00,2019-04-25 08:30:00,long,9040.847672,9027.10917,9068.324676,9027.10917,-13.738502000000153,Loss,SL
2019-04-26 02:45:00,2019-04-26 07:30:00,long,8978.155872,8964.992525,9004.482565999999,9004.482565999999,26.326693999999407,Win,TP
2019-04-30 04:20:00,2019-04-30 07:40:00,long,8974.704948,8961.254023,9001.606798000003,8961.254023,-13.450925000001007,Loss,SL
2019-04-30 05:25:00,2019-04-30 08:30:00,short,8976.142833,8989.306181,8949.816137,8949.816137,26.326696000000084,Win,TP
2019-05-01 02:20:00,2019-05-01 08:20:00,long,9035.671285,9021.645206,9063.723443000003,9021.645206,-14.026079000001118,Loss,SL
2019-05-01 04:15:00,2019-05-01 08:35:00,short,9036.821593,9048.834633,9012.795513000001,9012.795513000001,24.026079999999638,Win,TP
2019-05-02 02:20:00,2019-05-02 08:30:00,long,8938.182661,8923.581428,8967.385127000003,8923.581428,-14.60123300000123,Loss,SL
2019-05-02 05:25:00,2019-05-02 08:30:00,short,8948.535435,8961.411206,8922.783892999998,8922.783892999998,25.75154200000179,Win,TP
2019-05-02 05:50:00,2019-05-02 09:05:00,short,8949.97332,8966.87517,8916.169619999999,8966.87517,-16.901850000000195,Loss,SL
2019-05-06 04:50:00,2019-05-06 06:35:00,long,8845.007693,8832.131922,8870.759234999998,8870.759234999998,25.751541999998153,Win,TP
2019-05-07 02:15:00,2019-05-07 03:15:00,long,8961.476403,8946.012439,8992.404331000002,8946.012439,-15.463964000000487,Loss,SL
2019-05-07 02:50:00,2019-05-07 05:55:00,short,8949.685743,8969.175786,8910.705657,8910.705657,38.980085999999574,Win,TP
2019-05-08 03:45:00,2019-05-08 06:00:00,short,8826.890338,8857.308309,8766.054395999998,8766.054395999998,60.83594200000152,Win,TP
2019-05-09 03:30:00,2019-05-09 07:40:00,long,8713.009821,8696.107972,8746.813519,8696.107972,-16.901848999999856,Loss,SL
2019-05-09 05:30:00,2019-05-09 07:10:00,long,8721.92471,8706.460746,8752.852637999997,8706.460746,-15.463963999998668,Loss,SL
2019-05-10 02:35:00,2019-05-10 05:35:00,short,8728.538983,8744.002947,8697.611055,8744.002947,-15.463964000000487,Loss,SL
2019-05-10 05:35:00,2019-05-10 05:50:00,long,8744.068144,8724.865678,8782.473076000002,8724.865678,-19.20246600000064,Loss,SL
2019-05-10 05:05:00,2019-05-10 05:50:00,long,8727.388675,8715.375635,8751.414755,8751.414755,24.026079999999638,Win,TP
2019-05-10 05:50:00,2019-05-10 09:30:00,short,8722.212287,8769.022151,8628.592559000002,8628.592559000002,93.61972799999785,Win,TP
2019-05-10 05:50:00,2019-05-10 09:30:00,short,8722.212287,8769.022151,8628.592559000002,8628.592559000002,93.61972799999785,Win,TP
2019-05-13 05:15:00,2019-05-13 06:50:00,short,8612.645427,8630.697585,8576.541110999999,8576.541110999999,36.104316000000836,Win,TP
2019-05-14 03:50:00,2019-05-14 05:50:00,long,8477.196631,8462.595398,8506.399097000003,8506.399097000003,29.20246600000246,Win,TP
2019-05-14 05:55:00,2019-05-14 06:15:00,short,8491.00033,8508.477333,8456.046324,8508.477333,-17.477002999999968,Loss,SL
2019-05-14 05:50:00,2019-05-14 08:45:00,short,8497.902179,8517.392222,8458.922093000001,8458.922093000001,38.980085999999574,Win,TP
2019-05-16 02:00:00,2019-05-16 02:25:00,long,8626.449126,8611.272739,8656.801899999999,8611.272739,-15.176386999999522,Loss,SL
2019-05-16 02:00:00,2019-05-16 02:25:00,long,8626.449126,8611.272739,8656.801899999999,8611.272739,-15.176386999999522,Loss,SL
2019-05-16 02:00:00,2019-05-16 02:25:00,long,8626.449126,8611.272739,8656.801899999999,8611.272739,-15.176386999999522,Loss,SL
2019-05-15 05:20:00,2019-05-15 07:40:00,short,8513.143763,8536.372308,8466.686673,8466.686673,46.45708999999988,Win,TP
2019-05-16 02:00:00,2019-05-16 02:25:00,long,8626.449126,8611.272739,8656.801899999999,8611.272739,-15.176386999999522,Loss,SL
2019-05-15 05:50:00,2019-05-15 07:40:00,short,8511.705878,8530.620767,8473.876100000001,8473.876100000001,37.82977799999935,Win,TP
2019-05-16 03:05:00,2019-05-16 05:10:00,long,8632.775821,8603.795735,8690.735992999998,8690.735992999998,57.96017199999915,Win,TP
2019-05-16 04:40:00,2019-05-16 05:10:00,long,8658.082603,8642.618638,8689.010533000002,8689.010533000002,30.927930000001652,Win,TP
2019-05-17 04:40:00,2019-05-17 05:35:00,long,8709.27132,8690.644008,8746.525944,8690.644008,-18.62731200000053,Loss,SL
2019-05-17 04:35:00,2019-05-17 06:05:00,long,8704.957664,8683.167004,8748.538983999997,8683.167004,-21.790659999998752,Loss,SL
2019-05-17 04:20:00,2019-05-17 06:25:00,long,8692.879427,8673.964538,8730.709205,8673.964538,-18.914888999999675,Loss,SL
2019-05-20 02:00:00,2019-05-20 03:15:00,short,8653.768947,8670.670796,8619.965249,8670.670796,-16.901848999999856,Loss,SL
2019-05-17 05:35:00,2019-05-17 07:00:00,short,8687.990617,8702.304273,8659.363304999999,8659.363304999999,28.62731200000053,Win,TP
2019-05-20 02:35:00,2019-05-20 03:05:00,short,8651.755907,8666.644717,8621.978287000004,8666.644717,-14.888809999998557,Loss,SL
2019-05-21 04:15:00,2019-05-21 12:40:00,long,8559.731247,8525.287197,8628.619347,8593.952918,34.22167100000115,Win,Timeout
2019-05-21 05:20:00,2019-05-21 06:25:00,long,8579.861642,8562.672215,8614.240495999999,8562.672215,-17.18942699999934,Loss,SL
2019-05-22 02:25:00,2019-05-22 02:35:00,long,8565.195212,8552.607018,8590.3716,8552.607018,-12.58819399999993,Loss,SL
2019-05-22 03:35:00,2019-05-22 06:15:00,long,8563.469749,8549.44367,8591.521906999998,8549.44367,-14.0260789999993,Loss,SL
2019-05-22 03:55:00,2019-05-22 04:20:00,short,8558.005785,8570.018824,8533.979706999997,8570.018824,-12.0130390000013,Loss,SL
2019-05-23 03:10:00,2019-05-23 04:35:00,short,8465.981125,8482.020244,8433.902887000002,8433.902887000002,32.07823799999824,Win,TP
2019-05-24 02:00:00,2019-05-24 02:10:00,long,8452.75258,8441.889849,8474.478042000002,8441.889849,-10.862731000001077,Loss,SL
2019-05-23 06:00:00,2019-05-23 08:40:00,long,8447.86377,8424.635226,8494.320858,8424.635226,-23.2285439999996,Loss,SL
2019-05-24 02:30:00,2019-05-24 06:35:00,long,8458.504122,8439.589233,8496.3339,8439.589233,-18.914888999999675,Loss,SL
2019-05-27 03:45:00,2019-05-27 17:10:00,short,8420.256372,8434.857605,8391.053906000001,8423.994874,-3.738502000000153,Loss,Timeout
2019-05-27 03:45:00,2019-05-27 17:10:00,short,8420.256372,8434.857605,8391.053906000001,8423.994874,-3.738502000000153,Loss,Timeout
2019-05-27 04:45:00,2019-05-27 18:10:00,short,8417.093025,8433.132143,8385.014788999999,8426.295491,-9.20246600000064,Loss,Timeout
2019-05-28 02:40:00,2019-05-28 05:15:00,short,8426.583068,8446.073111,8387.602982,8387.602982,38.980085999999574,Win,TP
2019-05-28 05:05:00,2019-05-28 06:50:00,short,8401.85144,8421.629061,8362.296198000002,8421.629061,-19.77762099999927,Loss,SL
2019-05-28 05:00:00,2019-05-28 06:50:00,short,8408.178136,8429.393641,8365.747126,8429.393641,-21.21550500000012,Loss,SL
2019-05-29 02:00:00,2019-05-29 05:50:00,short,8322.480171,8333.918057,8299.604398999996,8333.918057,-11.437886000001527,Loss,SL
2019-05-29 02:00:00,2019-05-29 05:50:00,short,8322.480171,8333.918057,8299.604398999996,8333.918057,-11.437886000001527,Loss,SL
2019-05-29 04:55:00,2019-05-29 08:35:00,long,8317.591361,8304.428014,8343.918055000004,8304.428014,-13.163347000001522,Loss,SL
2019-05-30 02:20:00,2019-05-30 05:50:00,long,8339.447218,8320.244752,8377.852149999997,8320.244752,-19.20246599999882,Loss,SL
2019-05-30 04:50:00,2019-05-30 05:50:00,long,8338.29691,8323.983254,8366.924221999996,8323.983254,-14.313655999998446,Loss,SL
2019-05-30 03:35:00,2019-05-30 08:30:00,short,8327.944136,8343.4081,8297.016208,8343.4081,-15.463964000000487,Loss,SL
2019-05-30 04:00:00,2019-05-30 06:05:00,long,8336.28387,8317.944136,8372.963337999998,8317.944136,-18.339733999999225,Loss,SL
2019-05-30 04:10:00,2019-05-30 08:30:00,short,8333.4081,8345.421139,8309.382022000002,8345.421139,-12.01303899999948,Loss,SL
2019-05-31 05:45:00,2019-05-31 08:50:00,long,8225.279124,8206.93939,8261.958592000003,8206.93939,-18.339734000001044,Loss,SL
2019-06-03 03:50:00,2019-06-03 08:30:00,long,8153.384859,8135.620278,8188.914020999999,8188.914020999999,35.529161999998905,Win,TP
2019-06-03 03:20:00,2019-06-03 07:45:00,long,8147.633318,8132.744508,8177.410938000001,8177.410938000001,29.777620000000752,Win,TP
2019-06-03 03:40:00,2019-06-03 08:00:00,long,8146.770587,8127.855698,8184.600364999999,8184.600364999999,37.82977799999935,Win,TP
2019-06-03 05:30:00,2019-06-03 06:30:00,short,8158.561246,8173.450056,8128.783626000001,8173.450056,-14.888809999999467,Loss,SL
2019-06-04 03:35:00,2019-06-04 07:40:00,long,8081.203016,8065.739052,8112.130944000001,8112.130944000001,30.927928000000975,Win,TP
2019-06-06 02:00:00,2019-06-06 02:25:00,short,8310.401935,8326.441053,8278.323698999999,8326.441053,-16.0391180000006,Loss,SL
2019-06-06 02:00:00,2019-06-06 02:25:00,short,8310.401935,8326.441053,8278.323698999999,8326.441053,-16.0391180000006,Loss,SL
2019-06-11 06:00:00,2019-06-11 07:05:00,short,8694.892467,8710.068854,8664.539693,8710.068854,-15.176386999999522,Loss,SL
2019-06-12 03:00:00,2019-06-12 04:40:00,long,8618.972122,8600.34481,8656.226745999997,8600.34481,-18.62731199999871,Loss,SL
2019-06-12 03:35:00,2019-06-12 04:40:00,long,8616.096352,8601.495119,8645.298818000003,8601.495119,-14.60123300000123,Loss,SL
2019-06-12 03:45:00,2019-06-12 08:30:00,short,8612.35785,8628.396968,8580.279614000003,8628.396968,-16.03911799999878,Loss,SL
2019-06-12 04:20:00,2019-06-12 07:30:00,short,8608.619348,8623.220581,8579.416882000001,8623.220581,-14.60123299999941,Loss,SL
2019-06-12 05:35:00,2019-06-12 08:30:00,long,8610.919964,8596.318731,8640.122430000003,8640.122430000003,29.20246600000246,Win,TP
2019-06-13 02:00:00,2019-06-13 02:30:00,short,8585.038029,8599.351685,8556.410716999999,8599.351685,-14.313656000000265,Loss,SL
2019-06-13 02:05:00,2019-06-13 02:30:00,short,8576.410717,8595.613183,8538.005785000003,8595.613183,-19.20246599999882,Loss,SL
2019-06-13 05:50:00,2019-06-13 07:10:00,long,8642.841018,8625.939169,8676.644715999999,8625.939169,-16.901848999999856,Loss,SL
2019-06-13 05:40:00,2019-06-13 07:15:00,long,8636.226746,8621.625513,8665.429212,8621.625513,-14.60123299999941,Loss,SL
2019-06-14 02:00:00,2019-06-14 05:15:00,short,8609.482079,8624.083312,8580.279612999997,8580.279612999997,29.20246600000246,Win,TP
2019-06-14 02:00:00,2019-06-14 05:15:00,short,8609.482079,8624.083312,8580.279612999997,8580.279612999997,29.20246600000246,Win,TP
2019-06-14 02:00:00,2019-06-14 05:15:00,short,8609.482079,8624.083312,8580.279612999997,8580.279612999997,29.20246600000246,Win,TP
2019-06-14 02:20:00,2019-06-14 10:45:00,short,8605.456,8630.12243,8556.123140000002,8605.168423,0.2875770000009652,Win,Timeout
2019-06-18 03:10:00,2019-06-18 03:25:00,long,8672.913387,8650.304076,8718.132009,8718.132009,45.21862200000032,Win,TP
2019-06-18 03:10:00,2019-06-18 03:25:00,long,8672.913387,8650.304076,8718.132009,8718.132009,45.21862200000032,Win,TP
2019-06-18 04:15:00,2019-06-18 05:50:00,long,8717.905701,8700.16817,8753.380762999997,8753.380762999997,35.475061999997706,Win,TP
2019-06-19 02:10:00,2019-06-19 08:35:00,short,8799.579648,8813.018551,8772.701842000004,8772.701842000004,26.87780599999678,Win,TP
2019-06-19 04:15:00,2019-06-19 08:40:00,short,8795.567594,8810.439374,8765.824034000001,8765.824034000001,29.74355999999898,Win,TP
2019-06-20 02:00:00,2019-06-20 03:40:00,long,8910.770845,8899.624544,8933.063446999997,8933.063446999997,22.292601999997714,Win,TP
2019-06-20 05:30:00,2019-06-20 06:40:00,short,8933.41029,8946.849193,8906.532484,8946.849193,-13.43890300000021,Loss,SL
2019-06-21 04:25:00,2019-06-21 04:50:00,long,8895.582357,8878.417976,8929.911118999997,8878.417976,-17.164380999998684,Loss,SL
2019-06-21 05:55:00,2019-06-21 07:05:00,long,8882.686471,8870.680444,8906.698525000003,8870.680444,-12.006027000001268,Loss,SL
2019-06-25 04:50:00,2019-06-25 07:00:00,short,8867.784558,8880.65031,8842.053053999996,8880.65031,-12.865752000001521,Loss,SL
2019-06-27 02:00:00,2019-06-27 04:50:00,long,8832.249226,8809.066765,8878.614148,8809.066765,-23.18246100000033,Loss,SL
2019-06-27 02:00:00,2019-06-27 04:50:00,long,8832.249226,8809.066765,8878.614148,8809.066765,-23.18246100000033,Loss,SL
2019-06-27 04:50:00,2019-06-27 13:15:00,short,8796.140745,8832.505668,8723.410899000002,8819.926491,-23.785745999999563,Loss,Timeout
2019-06-28 02:00:00,2019-06-28 08:45:00,long,8817.633889,8802.762109,8847.377449000003,8802.762109,-14.871780000001309,Loss,SL
2019-06-28 03:15:00,2019-06-28 08:35:00,long,8826.231146,8810.213066,8858.267306,8810.213066,-16.018079999999827,Loss,SL
2019-06-28 04:50:00,2019-06-28 06:25:00,long,8829.956624,8814.225119,8861.419634,8814.225119,-15.731504999999743,Loss,SL
2019-07-01 02:00:00,2019-07-01 09:20:00,long,8973.24425,8953.787266,9012.158218,8953.787266,-19.456984000000375,Loss,SL
2019-07-01 02:00:00,2019-07-01 09:20:00,long,8973.24425,8953.787266,9012.158218,8953.787266,-19.456984000000375,Loss,SL
2019-07-02 02:00:00,2019-07-02 09:30:00,short,8928.251935,8947.708919,8889.337967,8947.708919,-19.456984000000375,Loss,SL
2019-07-02 04:30:00,2019-07-02 09:25:00,long,8912.203721,8898.764818,8939.081527,8939.081527,26.87780600000042,Win,TP
2019-07-02 04:00:00,2019-07-02 05:25:00,short,8903.319889,8917.331942,8875.295783,8917.331942,-14.012053000000378,Loss,SL
2019-07-03 03:30:00,2019-07-03 08:25:00,long,9009.925882,8993.621226,9042.535194,8993.621226,-16.30465600000025,Loss,SL
2019-07-09 04:55:00,2019-07-09 07:00:00,long,8888.417976,8876.698524,8911.856880000003,8911.856880000003,23.438904000002367,Win,TP
2019-07-10 04:15:00,2019-07-10 04:45:00,long,8985.853561,8964.103976,9029.352730999999,8964.103976,-21.74958499999957,Loss,SL
2019-07-11 02:00:00,2019-07-11 07:30:00,long,9111.373521,9098.507768,9137.105027,9098.507768,-12.86575300000004,Loss,SL
2019-07-11 02:15:00,2019-07-11 07:30:00,long,9109.080919,9094.495715,9138.251327000002,9094.495715,-14.585204000000886,Loss,SL
2019-07-11 02:35:00,2019-07-11 04:05:00,short,9107.934618,9122.233246,9079.337361999998,9122.233246,-14.298628000000463,Loss,SL
2019-07-11 05:25:00,2019-07-11 12:35:00,short,9108.507768,9125.098999,9075.325305999999,9075.325305999999,33.18246200000067,Win,TP
2019-07-11 05:05:00,2019-07-11 09:30:00,short,9115.958725,9131.403654,9085.068867000002,9085.068867000002,30.88985799999864,Win,TP
2019-07-12 02:00:00,2019-07-12 03:00:00,short,9087.3012,9099.307226,9063.289147999998,9099.307226,-12.00602600000093,Loss,SL
2019-07-12 02:45:00,2019-07-12 03:25:00,short,9087.014624,9103.31928,9054.405311999999,9103.31928,-16.30465600000025,Loss,SL
2019-07-12 02:40:00,2019-07-12 03:25:00,short,9092.172979,9104.752156,9067.014625000002,9104.752156,-12.579176999999618,Loss,SL
2019-07-12 03:00:00,2019-07-12 11:25:00,long,9098.191059,9077.87435,9138.824477000002,9111.946671,13.755611999999019,Win,Timeout
2019-07-12 03:00:00,2019-07-12 11:25:00,long,9098.191059,9077.87435,9138.824477000002,9111.946671,13.755611999999019,Win,Timeout
2019-07-15 03:05:00,2019-07-15 08:20:00,short,9138.598169,9154.61625,9106.562007000004,9154.61625,-16.018080999998347,Loss,SL
2019-07-15 03:05:00,2019-07-15 08:20:00,short,9138.598169,9154.61625,9106.562007000004,9154.61625,-16.018080999998347,Loss,SL
2019-07-15 04:20:00,2019-07-15 06:50:00,short,9128.568036,9142.006939,9101.69023,9142.006939,-13.43890300000021,Loss,SL
2019-07-15 05:15:00,2019-07-15 13:40:00,long,9136.592143,9122.866664,9164.043101000001,9148.341728,11.74958499999957,Win,Timeout
2019-07-15 05:05:00,2019-07-15 13:30:00,long,9132.580089,9117.994885,9161.750496999997,9149.774604,17.194515000001047,Win,Timeout
2019-07-15 05:45:00,2019-07-15 14:10:00,long,9134.586116,9122.293514,9159.17132,9150.061179,15.475062999999864,Win,Timeout
2019-07-16 04:10:00,2019-07-16 09:15:00,short,9161.524189,9174.963092,9134.646383,9134.646383,26.87780600000042,Win,TP
2019-07-16 05:25:00,2019-07-16 08:00:00,long,9162.383915,9150.377888,9186.395969,9150.377888,-12.006026999999449,Loss,SL
2019-07-16 05:55:00,2019-07-16 08:25:00,long,9157.798711,9144.359808,9184.676517,9144.359808,-13.43890300000021,Loss,SL
2019-07-17 02:50:00,2019-07-17 06:35:00,long,9120.830504,9109.111052,9144.269407999998,9109.111052,-11.719451999999364,Loss,SL
2019-07-19 05:30:00,2019-07-19 07:55:00,short,9112.519822,9127.105026,9083.349414000002,9127.105026,-14.585203999999067,Loss,SL
2019-07-22 05:15:00,2019-07-22 08:40:00,long,9024.254644,9010.242591,9052.278750000001,9052.278750000001,28.024106000000756,Win,TP
2019-07-24 04:05:00,2019-07-24 08:35:00,long,9095.325307,9081.599828,9122.776264999997,9122.776264999997,27.450957999997627,Win,TP
2019-07-25 03:50:00,2019-07-25 05:15:00,long,9197.632671,9185.626644,9221.644724999998,9185.626644,-12.006026999999449,Loss,SL
2019-07-25 03:10:00,2019-07-25 05:35:00,long,9193.334042,9179.035414,9221.931298000001,9179.035414,-14.298628000000463,Loss,SL
2019-07-26 04:25:00,2019-07-26 07:20:00,long,9185.02336,9170.724731,9213.620617999997,9170.724731,-14.298628999998982,Loss,SL
2019-07-26 04:00:00,2019-07-26 04:40:00,short,9175.279802,9189.00528,9147.828845999999,9189.00528,-13.725478000000294,Loss,SL
2019-07-29 02:00:00,2019-07-29 02:40:00,short,9177.572404,9191.584457,9149.548298,9191.584457,-14.012053000000378,Loss,SL
2019-07-29 02:00:00,2019-07-29 02:40:00,short,9177.572404,9191.584457,9149.548298,9191.584457,-14.012053000000378,Loss,SL
2019-07-29 02:00:00,2019-07-29 02:40:00,short,9177.572404,9191.584457,9149.548298,9191.584457,-14.012053000000378,Loss,SL
2019-07-29 05:35:00,2019-07-29 06:30:00,short,9187.889113,9200.754865,9162.157608999996,9200.754865,-12.865752000001521,Loss,SL
2019-07-30 05:35:00,2019-07-30 06:30:00,short,9132.580089,9147.165293,9103.409680999997,9103.409680999997,29.17040800000177,Win,TP
2019-08-01 03:30:00,2019-08-01 04:05:00,short,9010.212457,9027.949989,8974.737392999998,9027.949989,-17.73753200000101,Loss,SL
2019-08-01 03:40:00,2019-08-01 05:30:00,long,9021.388892,9007.090263,9049.986150000002,9049.986150000002,28.597258000001602,Win,TP
2019-08-01 03:40:00,2019-08-01 05:30:00,long,9021.388892,9007.090263,9049.986150000002,9049.986150000002,28.597258000001602,Win,TP
2019-08-02 03:50:00,2019-08-02 05:05:00,short,8871.510036,8904.436056,8805.657995999998,8904.436056,-32.92602000000079,Loss,SL
2019-08-02 05:00:00,2019-08-02 07:30:00,long,8895.868932,8875.838798,8935.929199999997,8875.838798,-20.030133999998725,Loss,SL
2019-08-02 04:50:00,2019-08-02 05:05:00,short,8885.265648,8901.570303,8852.656338,8901.570303,-16.30465499999991,Loss,SL
2019-08-05 04:30:00,2019-08-05 06:05:00,long,8686.955574,8667.498591,8725.86954,8667.498591,-19.456983000000037,Loss,SL
2019-08-05 04:30:00,2019-08-05 06:05:00,long,8686.955574,8667.498591,8725.86954,8667.498591,-19.456983000000037,Loss,SL
2019-08-05 05:30:00,2019-08-05 07:20:00,short,8676.065715,8692.083795,8644.029555000001,8644.029555000001,32.036159999999654,Win,TP
2019-08-06 03:20:00,2019-08-06 06:35:00,long,8537.649869,8515.040558,8582.868491000001,8582.868491000001,45.21862200000032,Win,TP
2019-08-06 03:15:00,2019-08-06 04:20:00,long,8524.467407,8497.846043,8577.710135000001,8577.710135000001,53.24272800000108,Win,TP
2019-08-06 05:00:00,2019-08-06 06:30:00,short,8549.112879,8570.002738,8507.333161000002,8570.002738,-20.889858999998978,Loss,SL
2019-08-08 04:35:00,2019-08-08 06:05:00,long,8705.582966,8685.552832,8745.643234000001,8685.552832,-20.030134000000544,Loss,SL
2019-08-09 02:00:00,2019-08-09 02:25:00,long,8819.066765,8809.066765,8839.066765,8809.066765,-10.0,Loss,SL
2019-08-09 04:15:00,2019-08-09 04:50:00,long,8818.493614,8798.176905,8859.127032000002,8798.176905,-20.31670900000063,Loss,SL
2019-08-12 02:00:00,2019-08-12 03:05:00,long,8826.804297,8803.621835,8873.169221000002,8803.621835,-23.18246200000067,Loss,SL
2019-08-12 02:00:00,2019-08-12 03:05:00,long,8826.804297,8803.621835,8873.169221000002,8803.621835,-23.18246200000067,Loss,SL
2019-08-12 02:50:00,2019-08-12 03:05:00,short,8822.792243,8837.377447,8793.621834999998,8793.621834999998,29.17040800000177,Win,TP
2019-08-13 03:25:00,2019-08-13 03:35:00,short,8654.572571,8672.310103,8619.097507000002,8672.310103,-17.73753199999919,Loss,SL
2019-08-15 03:35:00,2019-08-15 03:55:00,long,8651.993394,8638.554491,8678.871199999996,8638.554491,-13.43890299999839,Loss,SL
2019-08-15 03:30:00,2019-08-15 04:00:00,long,8648.841066,8629.957233,8686.608732000004,8629.957233,-18.883833000001687,Loss,SL
2019-08-15 03:25:00,2019-08-15 04:00:00,long,8645.402163,8624.512303,8687.181883000003,8624.512303,-20.889860000001136,Loss,SL
2019-08-15 02:50:00,2019-08-15 03:25:00,short,8625.341895,8644.798879,8586.427926999999,8644.798879,-19.456984000000375,Loss,SL
2019-08-16 04:40:00,2019-08-16 08:25:00,short,8691.254203,8710.997762,8651.767085,8651.767085,39.48711800000092,Win,TP
2019-08-16 05:40:00,2019-08-16 06:30:00,long,8701.570912,8685.552832,8733.607071999999,8685.552832,-16.018079999999827,Loss,SL
2019-08-19 05:30:00,2019-08-19 05:50:00,short,8809.896357,8823.90841,8781.872250999999,8823.90841,-14.012053000000378,Loss,SL
2019-08-20 03:25:00,2019-08-20 04:15:00,long,8876.381815,8862.656337,8903.832771000001,8862.656337,-13.725478000000294,Loss,SL
2019-08-21 05:00:00,2019-08-21 08:00:00,short,8859.1873,8874.918805,8827.72429,8874.918805,-15.731504999999743,Loss,SL
2019-08-22 02:15:00,2019-08-22 03:30:00,long,8893.862905,8852.912778,8975.763159,8852.912778,-40.950127000000066,Loss,SL
2019-08-23 02:30:00,2019-08-23 07:00:00,short,8882.686471,8902.143454,8843.772505000004,8843.772505000004,38.913965999996435,Win,TP
2019-08-23 02:25:00,2019-08-23 05:35:00,short,8891.856879,8904.722631,8866.125375000001,8866.125375000001,25.731503999999404,Win,TP
2019-08-26 02:20:00,2019-08-26 02:40:00,short,8638.237782,8679.474484,8555.764378,8679.474484,-41.23670200000015,Loss,SL
2019-08-26 03:25:00,2019-08-26 03:35:00,short,8666.322156,8690.937494,8617.091480000001,8690.937494,-24.61533799999961,Loss,SL
2019-08-26 03:45:00,2019-08-26 04:35:00,short,8692.973655,8717.302417,8644.316130999998,8717.302417,-24.328762000001007,Loss,SL
2019-08-26 04:50:00,2019-08-26 13:15:00,short,8668.614758,8742.521039,8520.802196,8649.127641,19.48711700000058,Win,Timeout
2019-08-26 05:20:00,2019-08-26 08:45:00,short,8682.37037,8710.424611,8626.261888,8626.261888,56.10848199999964,Win,TP
2019-08-27 03:05:00,2019-08-27 06:05:00,long,8678.931467,8654.602705,8727.588991000002,8727.588991000002,48.65752400000201,Win,TP
2019-08-27 04:00:00,2019-08-27 08:45:00,long,8694.693106,8658.614758,8766.849802000002,8766.849802000002,72.15669600000183,Win,TP
2019-08-28 03:30:00,2019-08-28 03:35:00,long,8700.711186,8688.418584,8725.296390000003,8688.418584,-12.292602000001352,Loss,SL
2019-08-28 03:35:00,2019-08-28 10:55:00,short,8659.157775,8711.857487,8553.758351,8711.857487,-52.699711999999636,Loss,SL
2019-08-28 04:40:00,2019-08-28 05:00:00,short,8672.340237,8686.925441,8643.169829000002,8686.925441,-14.585203999999067,Loss,SL
2019-08-28 05:15:00,2019-08-28 06:30:00,short,8678.071742,8697.528725,8639.157776,8639.157776,38.91396600000007,Win,TP
2019-08-29 02:25:00,2019-08-29 02:30:00,short,8750.002129,8770.605414,8708.795559000002,8770.605414,-20.603284999999232,Loss,SL
2019-08-29 05:15:00,2019-08-29 05:50:00,short,8812.475534,8829.639915,8778.146771999998,8829.639915,-17.164381000000503,Loss,SL
2019-09-02 04:45:00,2019-09-02 05:25:00,long,8789.836089,8779.262939,8810.982389,8810.982389,21.146300000000338,Win,TP
2019-09-02 04:50:00,2019-09-02 05:15:00,short,8785.824036,8800.695815,8756.080478000002,8800.695815,-14.871778999999151,Loss,SL
2019-09-02 05:00:00,2019-09-02 08:30:00,long,8790.695815,8775.250885,8821.585674999998,8775.250885,-15.444929999999658,Loss,SL
2019-09-03 02:00:00,2019-09-03 03:10:00,short,8736.246517,8757.136377,8694.466796999997,8757.136377,-20.889860000001136,Loss,SL
2019-09-03 02:00:00,2019-09-03 03:10:00,short,8736.246517,8757.136377,8694.466796999997,8757.136377,-20.889860000001136,Loss,SL
2019-09-03 02:00:00,2019-09-03 03:10:00,short,8736.246517,8757.136377,8694.466796999997,8757.136377,-20.889860000001136,Loss,SL
2019-09-03 04:40:00,2019-09-03 05:45:00,short,8719.338578,8747.965969,8662.083796,8747.965969,-28.62739099999999,Loss,SL
2019-09-03 05:55:00,2019-09-03 08:50:00,long,8748.569253,8724.240491,8797.226776999998,8797.226776999998,48.657523999998375,Win,TP
2019-09-03 05:35:00,2019-09-03 07:25:00,long,8734.813641,8721.661313,8761.118297,8761.118297,26.30465600000025,Win,TP
2019-09-04 03:20:00,2019-09-04 08:20:00,short,8843.712236,8860.590042,8809.956623999999,8809.956623999999,33.75561200000084,Win,TP
2019-09-04 03:15:00,2019-09-04 05:30:00,short,8850.590042,8866.894698,8817.98073,8817.98073,32.6093120000005,Win,TP
2019-09-05 03:15:00,2019-09-05 08:45:00,long,8939.714945,8920.831113,8977.482608999999,8977.482608999999,37.76766399999906,Win,TP
2019-09-06 02:00:00,2019-09-06 04:20:00,long,9018.809715,9007.090263,9042.248618999998,9042.248618999998,23.43890399999873,Win,TP
2019-09-10 05:45:00,2019-09-10 06:50:00,long,8958.342337,8939.745079,8995.536853,8939.745079,-18.597257999999783,Loss,SL
2019-09-11 05:50:00,2019-09-11 06:25:00,short,8946.879327,8968.055761,8904.526459000002,8968.055761,-21.176433999999063,Loss,SL
2019-09-12 02:30:00,2019-09-12 05:25:00,long,9082.42942,9067.557641,9112.172978000002,9067.557641,-14.87177900000097,Loss,SL
2019-09-12 05:25:00,2019-09-12 06:45:00,short,9064.088604,9087.557641,9017.150530000003,9087.557641,-23.469036999998934,Loss,SL
2019-09-13 03:20:00,2019-09-13 05:55:00,short,9099.050785,9117.361467,9062.429420999997,9117.361467,-18.31068200000118,Loss,SL
2019-09-16 02:00:00,2019-09-16 07:05:00,short,8983.204137,8996.920103,8955.772205000001,8996.920103,-13.715965999999753,Loss,SL
2019-09-16 02:00:00,2019-09-16 07:05:00,short,8983.204137,8996.920103,8955.772205000001,8996.920103,-13.715965999999753,Loss,SL
2019-09-16 02:25:00,2019-09-16 03:10:00,short,8974.057144,8990.917389,8940.336654,8990.917389,-16.86024499999985,Loss,SL
2019-09-16 02:20:00,2019-09-16 07:05:00,short,8979.488171,8998.34932,8941.765873000004,8998.34932,-18.861148999998477,Loss,SL
2019-09-16 03:00:00,2019-09-16 04:00:00,long,8989.206851,8964.342988,9038.934577000002,8964.342988,-24.863863000000492,Loss,SL
2019-09-16 04:50:00,2019-09-16 08:35:00,long,8980.345702,8965.772206,9009.492694000002,9009.492694000002,29.146992000001774,Win,TP
2019-09-17 02:30:00,2019-09-17 03:00:00,short,8993.780347,9006.067095,8969.206850999999,9006.067095,-12.286748000000443,Loss,SL
2019-09-17 03:35:00,2019-09-17 06:40:00,short,8996.638782,9009.211374,8971.493598,9009.211374,-12.57259200000044,Loss,SL
2019-09-17 04:05:00,2019-09-17 05:50:00,long,9000.926435,8988.353843,9026.071618999997,8988.353843,-12.572591999998622,Loss,SL
2019-09-18 02:00:00,2019-09-18 08:35:00,long,9032.083378,9016.652351,9062.945431999997,9016.652351,-15.431026999998721,Loss,SL
2019-09-18 02:10:00,2019-09-18 06:40:00,long,9035.227657,9022.083378,9061.516215,9022.083378,-13.144279000000097,Loss,SL
2019-09-18 03:20:00,2019-09-18 08:35:00,short,9041.516214,9053.517118,9017.514405999998,9017.514405999998,24.001808000000892,Win,TP
2019-09-19 02:30:00,2019-09-19 07:35:00,long,9012.646019,8994.356557,9049.224943000001,9049.224943000001,36.57892400000128,Win,TP
2019-09-20 02:00:00,2019-09-20 09:15:00,long,9072.387313,9060.672252,9095.817434999997,9060.672252,-11.715060999998968,Loss,SL
2019-09-20 02:00:00,2019-09-20 09:15:00,long,9072.387313,9060.672252,9095.817434999997,9060.672252,-11.715060999998968,Loss,SL
2019-09-20 02:00:00,2019-09-20 09:15:00,long,9072.387313,9060.672252,9095.817434999997,9060.672252,-11.715060999998968,Loss,SL
2019-09-20 04:30:00,2019-09-20 09:15:00,long,9071.815626,9060.100565,9095.245747999998,9060.100565,-11.715060999998968,Loss,SL
2019-09-23 04:05:00,2019-09-23 09:10:00,long,8947.759541,8930.899297,8981.480028999998,8930.899297,-16.86024399999951,Loss,SL
2019-09-24 03:00:00,2019-09-24 09:15:00,long,9002.641496,8985.781252,9036.361984,8985.781252,-16.86024399999951,Loss,SL
2019-09-24 05:25:00,2019-09-24 06:10:00,short,9002.641496,9016.071618,8975.781252,9016.071618,-13.430121999999756,Loss,SL
2019-09-24 05:00:00,2019-09-24 08:45:00,short,9004.928244,9021.502645,8971.779442000001,9021.502645,-16.574400999999853,Loss,SL
2019-09-25 02:00:00,2019-09-25 02:40:00,short,8845.141719,8859.143528,8817.138100999997,8817.138100999997,28.00361800000246,Win,TP
2019-09-25 02:00:00,2019-09-25 02:40:00,short,8845.141719,8859.143528,8817.138100999997,8817.138100999997,28.00361800000246,Win,TP
2019-09-25 03:30:00,2019-09-25 07:10:00,short,8813.698933,8831.702551,8777.691696999998,8831.702551,-18.003618000000642,Loss,SL
2019-09-25 04:55:00,2019-09-25 08:00:00,long,8813.127246,8795.981158,8847.419421999999,8847.419421999999,34.29217599999902,Win,TP
2019-09-25 04:20:00,2019-09-25 04:55:00,short,8793.689887,8812.265192,8756.539277,8812.265192,-18.5753050000003,Loss,SL
2019-09-26 05:50:00,2019-09-26 08:30:00,short,8948.617072,8961.76135,8922.328515999996,8922.328515999996,26.288556000003155,Win,TP
2019-09-27 03:05:00,2019-09-27 05:15:00,long,8910.028197,8896.598075,8936.888441,8936.888441,26.86024399999951,Win,TP
2019-09-27 04:50:00,2019-09-27 08:30:00,long,8924.606216,8911.176094,8951.46646,8911.176094,-13.430121999999756,Loss,SL
2019-10-01 05:05:00,2019-10-01 08:30:00,short,8910.028197,8927.460129,8875.164333,8927.460129,-17.431931999999506,Loss,SL
2019-10-02 05:30:00,2019-10-02 08:30:00,long,8740.808836,8724.806123,8772.814262,8724.806123,-16.002712999999858,Loss,SL
2019-10-02 05:30:00,2019-10-02 08:30:00,long,8740.808836,8724.806123,8772.814262,8724.806123,-16.002712999999858,Loss,SL
2019-10-03 03:00:00,2019-10-03 09:00:00,short,8656.199156,8677.06121,8614.475048000002,8614.475048000002,41.72410799999852,Win,TP
2019-10-03 05:35:00,2019-10-03 06:45:00,short,8662.20187,8674.774462,8637.056686000004,8637.056686000004,25.145183999997244,Win,TP
2019-10-03 05:30:00,2019-10-03 06:50:00,short,8665.060305,8682.206393,8630.768129000002,8630.768129000002,34.29217599999902,Win,TP
2019-10-04 02:15:00,2019-10-04 07:30:00,short,8742.809741,8770.817882,8686.793458999999,8770.817882,-28.00814100000025,Loss,SL
2019-10-07 02:00:00,2019-10-07 03:55:00,long,8840.854067,8829.710693,8863.140814999999,8829.710693,-11.143373999999312,Loss,SL
2019-10-07 02:30:00,2019-10-07 05:55:00,short,8849.143528,8865.146242,8817.1381,8865.146242,-16.002714000000196,Loss,SL
2019-10-08 02:20:00,2019-10-08 02:50:00,short,8881.158002,8894.302281,8854.869444,8854.869444,26.288558000000194,Win,TP
2019-10-10 04:25:00,2019-10-10 05:10:00,short,8788.830547,8809.978444,8746.534752999998,8809.978444,-21.14789700000074,Loss,SL
2019-10-10 05:45:00,2019-10-10 08:35:00,short,8799.6926,8817.410375,8764.257050000002,8817.410375,-17.717774999999165,Loss,SL
2019-10-10 05:40:00,2019-10-10 05:55:00,long,8807.410375,8793.980253,8834.270618999999,8793.980253,-13.430121999999756,Loss,SL
2019-10-11 02:35:00,2019-10-11 03:10:00,short,8922.891155,8940.037243,8888.598978999997,8940.037243,-17.146088000001328,Loss,SL
2019-10-11 03:00:00,2019-10-11 03:25:00,long,8928.893869,8916.035434,8954.610739,8954.610739,25.7168700000002,Win,TP
2019-10-11 04:50:00,2019-10-11 06:25:00,short,8973.771301,8986.343893,8948.626117000003,8986.343893,-12.572591999998622,Loss,SL
2019-10-11 04:50:00,2019-10-11 06:25:00,short,8973.771301,8986.343893,8948.626117000003,8986.343893,-12.572591999998622,Loss,SL
2019-10-14 03:40:00,2019-10-14 04:20:00,long,8980.631545,8965.486362,9010.921911000001,8965.486362,-15.145183000000543,Loss,SL
2019-10-15 02:00:00,2019-10-15 03:00:00,long,9035.227657,9024.370126,9056.942718999999,9024.370126,-10.857530999999653,Loss,SL
2019-10-14 05:50:00,2019-10-14 07:00:00,long,8945.186949,8928.898392,8977.764063000004,8977.764063000004,32.57711400000335,Win,TP
2019-10-15 03:15:00,2019-10-15 05:20:00,long,9030.082473,9015.223134,9059.801151000001,9015.223134,-14.859339000000546,Loss,SL
2019-10-15 04:55:00,2019-10-15 05:20:00,long,9026.938195,9013.508072,9053.798441,9013.508072,-13.430123000000094,Loss,SL
2019-10-15 05:15:00,2019-10-15 09:10:00,short,9019.22042,9041.797534,8974.066192,9041.797534,-22.57711399999971,Loss,SL
2019-10-16 02:00:00,2019-10-16 02:25:00,long,9094.397264,9078.966237,9125.259317999997,9078.966237,-15.431026999998721,Loss,SL
2019-10-16 02:00:00,2019-10-16 02:25:00,long,9094.397264,9078.966237,9125.259317999997,9078.966237,-15.431026999998721,Loss,SL
2019-10-16 04:00:00,2019-10-16 07:20:00,short,9070.672252,9088.675871,9034.665014000002,9088.675871,-18.003618999999162,Loss,SL
2019-10-16 04:30:00,2019-10-16 08:30:00,long,9077.532497,9062.10147,9108.394551000001,9062.10147,-15.43102700000054,Loss,SL
2019-10-18 03:45:00,2019-10-18 09:15:00,long,9079.533401,9068.104184,9102.391835000002,9068.104184,-11.42921700000079,Loss,SL
2019-10-18 04:05:00,2019-10-18 06:05:00,short,9077.532497,9090.105088,9052.387315,9090.105088,-12.572591000000102,Loss,SL
2019-10-21 02:00:00,2019-10-21 02:30:00,short,9024.079759,9038.081569,8996.076139,9038.081569,-14.00180999999975,Loss,SL
2019-10-21 03:50:00,2019-10-21 07:00:00,short,9030.082473,9046.371031,8997.505357,9046.371031,-16.288558000000194,Loss,SL
2019-10-21 04:40:00,2019-10-21 08:35:00,long,9038.086092,9022.655065,9068.948145999997,9068.948145999997,30.862053999997443,Win,TP
2019-10-21 04:50:00,2019-10-21 07:35:00,short,9034.084283,9048.657779,9004.937291000002,9048.657779,-14.573495999999068,Loss,SL
2019-10-21 05:30:00,2019-10-21 07:35:00,short,9034.370126,9050.37284,9002.364698,9050.37284,-16.002714000000196,Loss,SL
2019-10-21 06:00:00,2019-10-21 07:35:00,short,9036.942718,9049.515309,9011.797536,9049.515309,-12.572591000000102,Loss,SL
2019-10-23 02:00:00,2019-10-23 03:00:00,short,8971.484553,8982.05624,8950.341179000001,8982.05624,-10.571686999999656,Loss,SL
2019-10-23 02:00:00,2019-10-23 03:00:00,short,8971.484553,8982.05624,8950.341179000001,8982.05624,-10.571686999999656,Loss,SL
2019-10-22 05:35:00,2019-10-22 08:30:00,long,9097.255699,9081.538829,9128.689439,9128.689439,31.433740000000398,Win,TP
2019-10-23 02:00:00,2019-10-23 03:00:00,short,8971.484553,8982.05624,8950.341179000001,8982.05624,-10.571686999999656,Loss,SL
2019-10-23 05:00:00,2019-10-23 05:50:00,long,8993.780347,8972.060763,9037.219515,8972.060763,-21.719584000000395,Loss,SL
2019-10-24 02:00:00,2019-10-24 03:05:00,long,9064.097852,9054.097852,9084.097852,9054.097852,-10.0,Loss,SL
2019-10-24 02:00:00,2019-10-24 03:05:00,long,9064.097852,9054.097852,9084.097852,9054.097852,-10.0,Loss,SL
2019-10-24 02:15:00,2019-10-24 10:30:00,long,9071.243939,9050.667729,9112.396358999998,9112.396358999998,41.15241999999853,Win,TP
2019-10-24 03:55:00,2019-10-24 08:30:00,long,9067.24213,9052.38279,9096.960810000002,9096.960810000002,29.71868000000177,Win,TP
2019-10-28 02:25:00,2019-10-28 03:10:00,long,9208.448826,9196.447922,9232.450634,9232.450634,24.001808000000892,Win,TP
2019-10-28 03:20:00,2019-10-28 07:55:00,short,9217.595819,9233.312689,9186.162079,9233.312689,-15.716870000000199,Loss,SL
2019-10-28 06:00:00,2019-10-28 08:35:00,long,9220.168411,9201.878949,9256.747335000002,9256.747335000002,36.57892400000128,Win,TP
2019-10-29 05:25:00,2019-10-29 07:55:00,short,9255.327163,9267.613911,9230.753666999999,9267.613911,-12.286748000000443,Loss,SL
2019-10-30 02:15:00,2019-10-30 06:45:00,long,9205.304548,9194.161174,9227.591295999999,9227.591295999999,22.286747999998624,Win,TP
2019-10-30 04:45:00,2019-10-30 08:35:00,long,9209.592201,9197.591296,9233.594010999997,9197.591296,-12.000904999998966,Loss,SL
2019-11-01 04:30:00,2019-11-01 06:55:00,long,9274.764522,9262.763617,9298.766331999997,9262.763617,-12.000904999998966,Loss,SL
2019-11-01 05:35:00,2019-11-01 06:50:00,long,9275.336209,9264.192835,9297.622956999998,9264.192835,-11.143373999999312,Loss,SL
2019-11-05 02:45:00,2019-11-05 04:10:00,short,9415.399531,9429.687184,9386.824224999997,9429.687184,-14.287653000001228,Loss,SL
2019-11-05 02:45:00,2019-11-05 04:10:00,short,9415.399531,9429.687184,9386.824224999997,9429.687184,-14.287653000001228,Loss,SL
2019-11-05 05:05:00,2019-11-05 08:35:00,short,9421.402245,9437.119115,9389.968504999999,9389.968504999999,31.433740000000398,Win,TP
2019-11-05 05:00:00,2019-11-05 08:25:00,short,9426.547428,9437.690802,9404.260680000001,9404.260680000001,22.286747999998624,Win,TP
2019-11-06 05:45:00,2019-11-06 06:20:00,short,9386.243493,9399.101928,9360.526623,9399.101928,-12.8584350000001,Loss,SL
2019-11-11 03:00:00,2019-11-11 09:40:00,short,9399.963981,9421.969409,9355.953125000004,9421.969409,-22.005427999998574,Loss,SL
2019-11-11 04:55:00,2019-11-11 08:40:00,long,9398.534764,9385.390485,9424.823322,9385.390485,-13.144279000000097,Loss,SL
2019-11-12 04:00:00,2019-11-12 10:20:00,long,9445.984787,9425.694421,9486.565518999998,9486.565518999998,40.580731999998534,Win,TP
2019-11-12 03:00:00,2019-11-12 05:00:00,short,9437.981169,9451.411291,9411.120925000001,9451.411291,-13.430121999999756,Loss,SL
2019-11-12 04:00:00,2019-11-12 10:20:00,long,9445.984787,9425.694421,9486.565518999998,9486.565518999998,40.580731999998534,Win,TP
2019-11-12 05:50:00,2019-11-12 08:40:00,short,9441.982978,9455.127257,9415.69442,9455.127257,-13.144279000000097,Loss,SL
2019-11-13 04:40:00,2019-11-13 08:35:00,long,9415.685375,9401.683565,9443.688994999999,9443.688994999999,28.0036199999995,Win,TP
2019-11-15 02:00:00,2019-11-15 07:45:00,long,9480.286009,9470.286009,9500.286009,9500.286009,20.0,Win,TP
2019-11-15 02:00:00,2019-11-15 07:45:00,long,9480.286009,9470.286009,9500.286009,9500.286009,20.0,Win,TP
2019-11-15 06:00:00,2019-11-15 14:25:00,long,9486.86041,9470.286009,9520.009211999999,9490.290532,3.4301220000015746,Win,Timeout
2019-11-18 03:40:00,2019-11-18 07:20:00,long,9534.310433,9521.166155,9560.598989,9521.166155,-13.144277999999758,Loss,SL
2019-11-18 03:25:00,2019-11-18 07:30:00,short,9529.451094,9543.167059,9502.019164000001,9502.019164000001,27.43192999999883,Win,TP
2019-11-19 02:00:00,2019-11-19 03:50:00,long,9543.457426,9532.314052,9565.744174000003,9565.744174000003,22.286748000002262,Win,TP
2019-11-19 05:30:00,2019-11-19 08:30:00,long,9570.61256,9557.468281,9596.901118,9557.468281,-13.144279000000097,Loss,SL
2019-11-19 05:50:00,2019-11-19 08:50:00,short,9568.325812,9582.327621,9540.322193999997,9540.322193999997,28.00361800000246,Win,TP
2019-11-20 05:05:00,2019-11-20 06:10:00,short,9484.859505,9504.864028,9444.850459000001,9504.864028,-20.004522999999608,Loss,SL
2019-11-21 02:00:00,2019-11-21 04:05:00,short,9453.702562,9468.276058,9424.555570000002,9468.276058,-14.573495999999068,Loss,SL
2019-11-21 02:00:00,2019-11-21 04:05:00,short,9453.702562,9468.276058,9424.555570000002,9468.276058,-14.573495999999068,Loss,SL
2019-11-21 02:00:00,2019-11-21 04:05:00,short,9453.702562,9468.276058,9424.555570000002,9468.276058,-14.573495999999068,Loss,SL
2019-11-21 02:00:00,2019-11-21 04:05:00,short,9453.702562,9468.276058,9424.555570000002,9468.276058,-14.573495999999068,Loss,SL
2019-11-21 02:00:00,2019-11-21 04:05:00,short,9453.702562,9468.276058,9424.555570000002,9468.276058,-14.573495999999068,Loss,SL
2019-11-21 02:50:00,2019-11-21 04:05:00,long,9453.988406,9440.558283,9480.848652,9480.848652,26.86024600000019,Win,TP
2019-11-22 03:30:00,2019-11-22 09:25:00,short,9481.715227,9497.146253,9450.853175,9450.853175,30.862052000000403,Win,TP
2019-11-26 02:00:00,2019-11-26 03:05:00,long,9582.617987,9571.18877,9605.476420999998,9571.18877,-11.429216999998971,Loss,SL
2019-11-26 02:25:00,2019-11-26 09:00:00,short,9582.0463,9593.761361,9558.616177999998,9593.761361,-11.715061000000787,Loss,SL
2019-11-26 04:25:00,2019-11-26 10:10:00,long,9574.042682,9562.041777,9598.044491999997,9598.044491999997,24.00180999999793,Win,TP
2019-11-27 02:00:00,2019-11-27 08:30:00,long,9624.922827,9613.49361,9647.781261000002,9613.49361,-11.42921700000079,Loss,SL
2019-11-28 03:10:00,2019-11-28 06:00:00,short,9638.92916,9650.644221,9615.499037999998,9650.644221,-11.715061000000787,Loss,SL
2019-11-29 05:25:00,2019-11-29 10:45:00,long,9640.930064,9628.071629,9666.646934,9628.071629,-12.8584350000001,Loss,SL
2019-12-03 04:10:00,2019-12-03 07:30:00,short,9490.290532,9532.590849,9405.689898000002,9405.689898000002,84.60063399999854,Win,TP
2019-12-04 05:10:00,2019-12-04 07:15:00,long,9489.718845,9473.430288,9522.295959,9473.430288,-16.288556999999855,Loss,SL
2019-12-06 04:40:00,2019-12-06 07:25:00,long,9535.453807,9523.738746,9558.883928999998,9523.738746,-11.715060999998968,Loss,SL
2019-12-06 04:35:00,2019-12-06 07:25:00,long,9534.02459,9521.166155,9559.741460000001,9521.166155,-12.8584350000001,Loss,SL
2019-12-09 04:50:00,2019-12-09 08:25:00,long,9599.482755,9585.766789,9626.914687000004,9585.766789,-13.715966000001572,Loss,SL
2019-12-09 05:25:00,2019-12-09 08:35:00,long,9596.338476,9583.480041,9622.055346000001,9622.055346000001,25.7168700000002,Win,TP
2019-12-11 02:00:00,2019-12-11 10:25:00,long,9578.616178,9548.035445,9639.777644000002,9586.048109,7.431930999999167,Win,Timeout
2019-12-11 02:00:00,2019-12-11 10:25:00,long,9578.616178,9548.035445,9639.777644000002,9586.048109,7.431930999999167,Win,Timeout
2019-12-12 02:10:00,2019-12-12 07:00:00,short,9624.903108,9639.178436,9596.352452000001,9596.352452000001,28.550655999999435,Win,TP
2019-12-12 04:25:00,2019-12-12 07:00:00,short,9625.473151,9637.183283,9602.052887,9602.052887,23.420264000000316,Win,TP
2019-12-13 02:00:00,2019-12-13 06:20:00,long,9728.651064,9718.08102,9749.791152,9718.08102,-10.570044000000053,Loss,SL
2019-12-13 02:00:00,2019-12-13 06:20:00,long,9728.651064,9718.08102,9749.791152,9718.08102,-10.570044000000053,Loss,SL
2019-12-12 05:55:00,2019-12-12 06:50:00,long,9624.903108,9611.767867,9651.17359,9611.767867,-13.13524099999995,Loss,SL
2019-12-13 05:00:00,2019-12-13 06:55:00,short,9736.346654,9753.4722,9702.095562000002,9702.095562000002,34.25109199999861,Win,TP
2019-12-13 05:00:00,2019-12-13 06:55:00,short,9736.346654,9753.4722,9702.095562000002,9702.095562000002,34.25109199999861,Win,TP
2019-12-13 05:00:00,2019-12-13 06:55:00,short,9736.346654,9753.4722,9702.095562000002,9702.095562000002,34.25109199999861,Win,TP
2019-12-16 02:00:00,2019-12-16 08:00:00,long,9747.462506,9732.617135,9777.153247999999,9777.153247999999,29.690741999998863,Win,TP
2019-12-16 05:05:00,2019-12-16 08:30:00,long,9753.162944,9738.317572,9782.853688,9782.853688,29.69074399999954,Win,TP
2019-12-17 04:10:00,2019-12-17 04:35:00,long,9816.722818,9803.017534,9844.133386,9803.017534,-13.705283999999665,Loss,SL
2019-12-17 03:55:00,2019-12-17 04:35:00,long,9813.872599,9802.44749,9836.722817,9802.44749,-11.425108999999793,Loss,SL
2019-12-17 06:00:00,2019-12-17 14:25:00,long,9813.017534,9798.457184,9842.138234,9815.012687,1.9951529999998456,Win,Timeout
2019-12-17 05:35:00,2019-12-17 07:20:00,short,9802.471725,9818.742206,9769.930762999997,9818.742206,-16.270481000001382,Loss,SL
2019-12-18 03:45:00,2019-12-18 10:15:00,long,9818.717971,9806.722818,9842.708277,9842.708277,23.99030599999969,Win,TP
2019-12-19 02:00:00,2019-12-19 02:40:00,long,9828.693736,9817.268627,9851.543953999999,9817.268627,-11.425108999999793,Loss,SL
2019-12-19 03:45:00,2019-12-19 06:55:00,long,9830.118845,9818.123692,9854.109151000004,9818.123692,-11.995153000001665,Loss,SL
2019-12-19 03:00:00,2019-12-19 10:20:00,long,9826.413561,9812.138233,9854.964216999999,9854.964216999999,28.550655999999435,Win,TP
2019-12-19 05:20:00,2019-12-19 08:30:00,short,9825.843517,9840.118845,9797.292860999996,9840.118845,-14.275328000001537,Loss,SL
2019-12-20 02:00:00,2019-12-20 07:30:00,long,9885.413085,9873.417932,9909.403391,9909.403391,23.99030599999969,Win,TP
2019-12-19 05:55:00,2019-12-19 06:55:00,long,9829.26378,9818.123692,9851.543956,9818.123692,-11.140088000000105,Loss,SL
2019-12-20 04:45:00,2019-12-20 07:50:00,long,9887.408238,9873.702954,9914.818806,9914.818806,27.41056799999933,Win,TP
2019-12-23 02:00:00,2019-12-23 06:05:00,long,9938.142129,9923.866801,9966.692785,9966.692785,28.550655999999435,Win,TP
2019-12-24 02:50:00,2019-12-24 08:40:00,long,9948.97296,9938.402916,9970.113048,9938.402916,-10.570044000000053,Loss,SL
2019-12-24 04:45:00,2019-12-24 08:50:00,short,9952.678244,9964.958419,9928.117894,9928.117894,24.560349999999744,Win,TP
2019-12-24 05:00:00,2019-12-24 08:35:00,long,9954.673397,9943.248288,9977.523615,9943.248288,-11.425108999999793,Loss,SL
2019-12-26 05:40:00,2019-12-26 09:05:00,long,9965.504227,9953.509074,9989.494533,9989.494533,23.99030599999969,Win,TP
2019-12-27 04:10:00,2019-12-27 08:40:00,long,10068.68214,10053.551746,10098.942928000004,10053.551746,-15.130394000001615,Loss,SL
2019-12-27 04:00:00,2019-12-27 08:40:00,long,10063.836768,10051.841615,10087.827073999999,10051.841615,-11.995152999999846,Loss,SL
2019-12-27 05:30:00,2019-12-27 07:15:00,short,10071.247337,10082.102402,10049.537207000001,10082.102402,-10.85506499999974,Loss,SL
2019-12-30 02:00:00,2019-12-30 05:00:00,short,10033.909473,10045.334583,10011.059253,10011.059253,22.850220000000263,Win,TP
2019-12-30 02:10:00,2019-12-30 05:15:00,short,10029.919167,10041.059255,10007.638991,10007.638991,22.28017600000021,Win,TP
2019-12-30 02:55:00,2019-12-30 03:50:00,long,10036.47467,10025.334583,10058.754844,10025.334583,-11.140086999999767,Loss,SL
2019-12-30 06:00:00,2019-12-30 08:30:00,long,10017.948249,10005.953096,10041.938554999999,10005.953096,-11.995152999999846,Loss,SL
2019-12-31 02:00:00,2019-12-31 07:50:00,short,9958.378681,9974.079118,9926.977807000001,9926.977807000001,31.40087399999902,Win,TP
2019-12-31 02:00:00,2019-12-31 07:50:00,short,9958.378681,9974.079118,9926.977807000001,9926.977807000001,31.40087399999902,Win,TP
2019-12-31 04:20:00,2019-12-31 05:55:00,long,9966.929337,9955.219206,9990.349599,9955.219206,-11.71013099999982,Loss,SL
2019-12-31 04:00:00,2019-12-31 05:55:00,long,9964.934184,9952.083965,9990.634622,9952.083965,-12.850218999999925,Loss,SL
2019-12-31 04:00:00,2019-12-31 05:55:00,long,9964.934184,9952.083965,9990.634622,9952.083965,-12.850218999999925,Loss,SL
2020-01-02 02:00:00,2020-01-02 04:40:00,long,10029.064102,10015.358818,10056.47467,10056.47467,27.41056799999933,Win,TP
2020-01-02 02:00:00,2020-01-02 04:40:00,long,10029.064102,10015.358818,10056.47467,10056.47467,27.41056799999933,Win,TP
2020-01-02 02:00:00,2020-01-02 04:40:00,long,10029.064102,10015.358818,10056.47467,10056.47467,27.41056799999933,Win,TP
2020-01-02 02:50:00,2020-01-02 08:35:00,long,10037.329736,10016.498905,10078.991397999998,10078.991397999998,41.661661999998614,Win,TP
2020-01-02 05:05:00,2020-01-02 07:20:00,short,10049.015632,10060.725763,10025.595370000001,10060.725763,-11.71013099999982,Loss,SL
2020-01-03 04:10:00,2020-01-03 04:50:00,short,10007.117419,10020.537681,9980.276895,9980.276895,26.840523999999277,Win,TP
2020-01-03 04:20:00,2020-01-03 04:40:00,long,10011.96279,9989.70685,10056.474669999998,9989.70685,-22.2559399999991,Loss,SL
2020-01-06 04:00:00,2020-01-06 08:45:00,long,9971.774708,9949.80379,10015.716544000003,10015.716544000003,43.941836000001786,Win,TP
2020-01-07 03:45:00,2020-01-07 12:10:00,short,10113.430571,10134.831446,10070.628821000002,10125.40149,-11.970918999999412,Loss,Timeout
2020-01-07 03:35:00,2020-01-07 08:35:00,short,10122.836293,10138.53673,10091.435419000001,10091.435419000001,31.40087399999902,Win,TP
2020-01-07 04:50:00,2020-01-07 07:35:00,long,10119.131009,10103.715593,10149.961841,10103.715593,-15.415415999999823,Loss,SL
2020-01-08 05:20:00,2020-01-08 07:15:00,long,10108.5852,10096.305025,10133.14555,10133.14555,24.560349999999744,Win,TP
2020-01-09 02:00:00,2020-01-09 08:25:00,long,10242.260451,10231.120364,10264.540625,10264.540625,22.280173999999533,Win,TP
2020-01-09 04:15:00,2020-01-09 07:50:00,short,10244.825648,10258.815954,10216.845036,10258.815954,-13.990305999999691,Loss,SL
2020-01-09 04:35:00,2020-01-09 08:25:00,long,10242.830495,10231.120364,10266.250757,10266.250757,23.42026199999964,Win,TP
2020-01-10 03:20:00,2020-01-10 08:30:00,long,10301.259976,10286.414604,10330.950719999999,10286.414604,-14.84537199999977,Loss,SL
2020-01-10 04:45:00,2020-01-10 07:40:00,long,10308.955566,10296.675391,10333.515916,10296.675391,-12.280174999999872,Loss,SL
2020-01-14 04:40:00,2020-01-14 08:50:00,short,10351.708844,10367.409282,10320.307968000001,10320.307968000001,31.4008759999997,Win,TP
2020-01-14 04:10:00,2020-01-14 04:45:00,long,10365.959937,10345.69915,10406.481510999998,10345.69915,-20.260786999999254,Loss,SL
2020-01-16 03:45:00,2020-01-16 08:30:00,short,10364.249806,10377.100025,10338.549368,10377.100025,-12.850218999999925,Loss,SL
2020-01-16 04:45:00,2020-01-16 09:10:00,long,10371.660374,10359.095178,10396.790765999998,10396.790765999998,25.13039199999912,Win,TP
2020-01-17 04:50:00,2020-01-17 08:30:00,long,10453.176626,10441.181473,10477.166932,10441.181473,-11.995152999999846,Loss,SL
2020-01-20 03:55:00,2020-01-20 11:00:00,short,10450.041385,10461.466495,10427.191165,10461.466495,-11.425110000000132,Loss,SL
2020-01-21 03:40:00,2020-01-21 05:55:00,short,10402.727757,10418.143172,10371.896927000002,10418.143172,-15.415414999999484,Loss,SL
2020-01-22 03:10:00,2020-01-22 06:10:00,short,10512.746194,10531.29685,10475.644881999997,10531.29685,-18.550656000001254,Loss,SL
2020-01-22 04:20:00,2020-01-22 08:30:00,long,10520.441784,10507.306544,10546.712264000003,10507.306544,-13.135240000001431,Loss,SL
2020-01-23 05:40:00,2020-01-23 06:05:00,short,10487.949292,10500.229467,10463.388942,10500.229467,-12.280174999999872,Loss,SL
2020-01-23 05:15:00,2020-01-23 08:30:00,short,10490.229467,10502.509642,10465.669116999996,10465.669116999996,24.560350000003382,Win,TP
2020-01-23 06:00:00,2020-01-23 06:30:00,long,10497.355014,10481.939598,10528.185846,10481.939598,-15.415415999999823,Loss,SL
2020-01-24 03:55:00,2020-01-24 08:50:00,short,10577.731177,10590.011352,10553.170827,10553.170827,24.560349999999744,Win,TP
2020-01-24 05:20:00,2020-01-24 08:50:00,short,10576.021046,10587.161134,10553.74087,10553.74087,22.28017600000021,Win,TP
2020-01-27 04:00:00,2020-01-27 05:00:00,short,10253.661325,10275.917265,10209.149444999997,10209.149444999997,44.51188000000184,Win,TP
2020-01-28 04:45:00,2020-01-28 05:00:00,long,10260.216828,10247.651631,10285.347222,10247.651631,-12.565196999999898,Loss,SL
2020-01-28 05:45:00,2020-01-28 06:15:00,long,10261.926959,10247.36661,10291.047657000003,10291.047657000003,29.12069800000245,Win,TP
2020-01-28 05:25:00,2020-01-28 06:30:00,long,10256.796566,10236.820801,10296.748096000003,10296.748096000003,39.951530000002094,Win,TP
2020-01-28 05:25:00,2020-01-28 06:30:00,long,10256.796566,10236.820801,10296.748096000003,10296.748096000003,39.951530000002094,Win,TP
2020-01-29 03:20:00,2020-01-29 04:50:00,short,10400.16256,10417.85815,10364.771380000002,10417.85815,-17.695589999999356,Loss,SL
2020-01-29 02:50:00,2020-01-29 03:20:00,long,10414.983697,10400.708369,10443.534353,10400.708369,-14.275327999999718,Loss,SL
2020-01-29 04:50:00,2020-01-29 08:45:00,long,10424.389418,10403.843609,10465.481036000003,10403.843609,-20.5458090000011,Loss,SL
2020-01-30 04:20:00,2020-01-30 05:20:00,short,10309.525609,10322.375828,10283.825171,10283.825171,25.70043799999985,Win,TP
2020-01-30 04:55:00,2020-01-30 07:25:00,short,10308.1005,10325.226047,10273.849406000001,10325.226047,-17.125546999999642,Loss,SL
2020-01-31 04:45:00,2020-01-31 06:15:00,long,10438.925533,10417.239637,10482.297324999998,10482.297324999998,43.371791999998095,Win,TP
2020-01-31 04:45:00,2020-01-31 06:15:00,long,10438.925533,10417.239637,10482.297324999998,10482.297324999998,43.371791999998095,Win,TP
2020-01-31 05:55:00,2020-01-31 06:40:00,long,10456.026844,10440.041385,10487.997761999999,10487.997761999999,31.970917999999074,Win,TP
2020-02-03 05:40:00,2020-02-03 06:20:00,long,10315.226047,10298.385522,10348.907097,10298.385522,-16.840524999999616,Loss,SL
2020-02-04 05:10:00,2020-02-04 07:25:00,long,10521.011828,10503.031216,10556.973052000003,10556.973052000003,35.9612240000024,Win,TP
2020-02-04 05:30:00,2020-02-04 06:40:00,long,10521.866893,10507.306544,10550.987591000003,10550.987591000003,29.12069800000245,Win,TP
2020-02-05 04:35:00,2020-02-05 05:35:00,long,10763.280407,10746.724904,10796.391413,10746.724904,-16.55550299999959,Loss,SL
2020-02-05 05:35:00,2020-02-05 07:15:00,short,10756.439882,10782.401106,10704.517434000003,10782.401106,-25.961223999998765,Loss,SL
2020-02-06 02:00:00,2020-02-06 03:00:00,long,10770.405953,10752.140319,10806.937220999998,10752.140319,-18.26563399999941,Loss,SL
2020-02-06 03:15:00,2020-02-06 08:00:00,short,10753.304642,10771.570276,10716.773373999997,10716.773373999997,36.531268000002456,Win,TP
2020-02-10 02:00:00,2020-02-10 02:45:00,short,10735.063243,10749.053549,10707.082631000001,10707.082631000001,27.980611999999383,Win,TP
2020-02-10 06:00:00,2020-02-10 08:40:00,short,10733.638134,10757.319183,10686.276036000003,10757.319183,-23.681048999998893,Loss,SL
2020-02-11 04:10:00,2020-02-11 08:35:00,long,10903.226139,10888.095745,10933.486927,10888.095745,-15.130393999999797,Loss,SL
2020-02-13 02:00:00,2020-02-13 03:50:00,short,10904.366226,10919.781641,10873.535396000001,10873.535396000001,30.83082999999897,Win,TP
2020-02-13 05:10:00,2020-02-13 05:40:00,short,10864.748188,10882.7288,10828.786963999997,10882.7288,-17.9806120000012,Loss,SL
2020-02-13 05:05:00,2020-02-13 05:45:00,short,10871.588713,10885.293997,10844.178144999996,10885.293997,-13.705284000001484,Loss,SL
2020-02-13 05:00:00,2020-02-13 05:50:00,short,10874.438931,10889.569325,10844.178143000001,10889.569325,-15.130393999999797,Loss,SL
2020-02-14 04:05:00,2020-02-14 07:35:00,long,10988.447674,10974.74239,11015.858241999998,10974.74239,-13.705283999999665,Loss,SL
2020-02-14 05:10:00,2020-02-14 06:35:00,short,10982.462215,10998.162652,10951.061340999997,10998.162652,-15.70043700000133,Loss,SL
2020-02-18 03:00:00,2020-02-18 04:15:00,short,10878.429237,10900.115133,10835.057445000002,10900.115133,-21.685895999999047,Loss,SL
2020-02-18 04:05:00,2020-02-18 07:15:00,long,10887.549937,10870.994434,10920.660942999999,10920.660942999999,33.11100599999918,Win,TP
2020-02-19 03:20:00,2020-02-19 08:10:00,long,11024.930472,11011.51021,11051.770996,11051.770996,26.840523999999277,Win,TP
2020-02-19 03:05:00,2020-02-19 08:30:00,long,11023.220341,11006.664838,11056.331347,11056.331347,33.11100599999918,Win,TP
2020-02-21 05:25:00,2020-02-21 08:35:00,long,10920.612472,10904.627013,10952.583390000003,10904.627013,-15.985459000001356,Loss,SL
2020-02-24 02:00:00,2020-02-24 02:30:00,short,10542.958511,10570.059822,10488.755889000004,10488.755889000004,54.20262199999706,Win,TP
2020-02-24 03:45:00,2020-02-24 04:45:00,long,10455.741822,10426.360336,10514.504794,10426.360336,-29.381486000000223,Loss,SL
2020-02-24 04:45:00,2020-02-24 05:30:00,short,10426.954615,10460.041385,10360.781075,10460.041385,-33.08676999999989,Loss,SL
2020-02-24 04:45:00,2020-02-24 05:30:00,short,10426.954615,10460.041385,10360.781075,10460.041385,-33.08676999999989,Loss,SL
2020-02-24 04:15:00,2020-02-24 04:45:00,long,10467.142697,10436.051079,10529.325932999996,10436.051079,-31.09161799999856,Loss,SL
2020-02-25 05:30:00,2020-02-25 08:30:00,long,10405.577975,10369.926008,10476.881909,10476.881909,71.30393399999957,Win,TP
2020-02-26 04:05:00,2020-02-26 07:35:00,long,10067.827074,10018.494058,10166.493106000002,10166.493106000002,98.666032000001,Win,TP
2020-02-27 04:25:00,2020-02-27 04:40:00,short,10012.247812,10043.624451,9949.494534,10043.624451,-31.37663900000007,Loss,SL
2020-02-27 05:55:00,2020-02-27 06:55:00,short,9989.446063,10022.247812,9923.842564999999,9923.842564999999,65.6034980000004,Win,TP
2020-02-28 04:20:00,2020-02-28 07:45:00,long,9444.19925,9386.885622,9558.826506,9386.885622,-57.31362799999988,Loss,SL
2020-02-28 04:40:00,2020-02-28 06:20:00,long,9441.919075,9392.586059,9540.585107,9540.585107,98.666032000001,Win,TP
2020-03-02 04:45:00,2020-03-02 05:30:00,short,9705.279271,9750.051938,9615.733936999997,9615.733936999997,89.54533400000219,Win,TP
2020-03-03 02:00:00,2020-03-03 02:05:00,long,10053.29096,10034.455282,10090.962316,10034.455282,-18.83567799999946,Loss,SL
2020-03-03 02:00:00,2020-03-03 02:05:00,long,10053.29096,10034.455282,10090.962316,10034.455282,-18.83567799999946,Loss,SL
2020-03-03 02:00:00,2020-03-03 02:05:00,long,10053.29096,10034.455282,10090.962316,10034.455282,-18.83567799999946,Loss,SL
2020-03-03 02:00:00,2020-03-03 02:05:00,long,10053.29096,10034.455282,10090.962316,10034.455282,-18.83567799999946,Loss,SL
2020-03-03 02:05:00,2020-03-03 02:10:00,short,10029.349124,10065.571134,9956.905104000001,10065.571134,-36.2220099999995,Loss,SL
2020-03-03 02:25:00,2020-03-03 02:30:00,short,10095.759216,10124.000615,10039.276418,10124.000615,-28.241399000000456,Loss,SL
2020-03-05 04:40:00,2020-03-05 05:10:00,short,9952.393222,9969.518768,9918.142130000002,9969.518768,-17.125545999999304,Loss,SL
2020-03-06 03:00:00,2020-03-06 03:10:00,long,9782.235173,9745.443118,9855.819282999999,9745.443118,-36.79205499999989,Loss,SL
2020-03-06 03:00:00,2020-03-06 03:10:00,long,9782.235173,9745.443118,9855.819282999999,9745.443118,-36.79205499999989,Loss,SL
2020-03-10 03:40:00,2020-03-10 04:45:00,long,9412.276802,9375.199725,9486.430956,9486.430956,74.15415399999983,Win,TP
2020-03-10 03:20:00,2020-03-10 04:35:00,long,9365.248195,9312.779939,9470.184707,9470.184707,104.93651200000022,Win,TP
2020-03-10 02:35:00,2020-03-10 02:40:00,long,9352.707234,9330.166272,9397.789157999998,9330.166272,-22.540961999999126,Loss,SL
2020-03-10 02:45:00,2020-03-10 03:05:00,short,9334.750857,9363.847321,9276.557929000004,9363.847321,-29.096463999998377,Loss,SL
2020-03-11 03:20:00,2020-03-11 03:45:00,short,9271.761026,9342.18566,9130.911758000002,9342.18566,-70.42463399999906,Loss,SL
2020-03-11 03:40:00,2020-03-11 05:25:00,long,9327.340288,9276.012119,9429.996625999996,9276.012119,-51.328168999998525,Loss,SL
2020-03-11 04:35:00,2020-03-11 05:30:00,short,9309.383911,9350.736316,9226.679101000002,9350.736316,-41.352404999999635,Loss,SL
2020-03-11 05:30:00,2020-03-11 06:40:00,long,9333.040726,9268.031507,9463.059163999998,9268.031507,-65.00921899999958,Loss,SL
2020-03-12 02:20:00,2020-03-12 03:45:00,short,8775.25295,8827.151163,8671.456524,8671.456524,103.79642600000079,Win,TP
2020-03-12 03:25:00,2020-03-12 08:30:00,short,8721.383819,8768.436661,8627.278135000002,8627.278135000002,94.10568399999829,Win,TP
2020-03-12 04:45:00,2020-03-12 08:30:00,long,8737.630065,8660.93495,8891.020294999997,8660.93495,-76.69511499999862,Loss,SL
2020-03-12 04:00:00,2020-03-12 04:45:00,short,8679.200584,8703.166655,8631.268441999999,8703.166655,-23.96607100000074,Loss,SL
2020-03-12 04:55:00,2020-03-12 08:30:00,short,8705.992639,8748.200109,8621.577699000001,8621.577699000001,84.41493999999875,Win,TP
2020-03-12 05:55:00,2020-03-12 06:05:00,long,8717.963557,8680.601459,8792.687752999998,8680.601459,-37.362097999999605,Loss,SL
2020-03-12 05:55:00,2020-03-12 06:05:00,long,8717.963557,8680.601459,8792.687752999998,8680.601459,-37.362097999999605,Loss,SL
2020-03-13 03:15:00,2020-03-13 04:55:00,short,8493.081311,8590.583022,8298.077888999998,8590.583022,-97.5017110000008,Loss,SL
2020-03-13 03:15:00,2020-03-13 04:55:00,short,8493.081311,8590.583022,8298.077888999998,8590.583022,-97.5017110000008,Loss,SL
2020-03-13 03:15:00,2020-03-13 04:55:00,short,8493.081311,8590.583022,8298.077888999998,8590.583022,-97.5017110000008,Loss,SL
2020-03-13 04:55:00,2020-03-13 05:05:00,long,8613.360535,8570.012978,8700.055648999998,8570.012978,-43.34755699999914,Loss,SL
2020-03-13 04:20:00,2020-03-13 08:30:00,long,8551.22577,8477.380874,8698.915561999996,8698.915561999996,147.6897919999974,Win,TP
2020-03-13 04:30:00,2020-03-13 04:45:00,short,8524.718738,8559.515639,8455.124936,8559.515639,-34.79690099999971,Loss,SL
2020-03-19 03:15:00,2020-03-19 05:15:00,long,8224.147556,8126.856916,8418.728836,8126.856916,-97.29064000000017,Loss,SL
2020-03-19 04:25:00,2020-03-19 06:35:00,short,8206.74648,8265.526544,8089.186351999999,8089.186351999999,117.56012800000099,Win,TP
2020-03-20 02:00:00,2020-03-20 02:05:00,long,8501.994233,8485.433172,8535.116355,8485.433172,-16.561061000000336,Loss,SL
2020-03-19 06:00:00,2020-03-19 06:25:00,long,8215.304386,8150.248525,8345.416108,8150.248525,-65.05586099999982,Loss,SL
2020-03-19 06:00:00,2020-03-19 06:25:00,long,8215.304386,8150.248525,8345.416108,8150.248525,-65.05586099999982,Loss,SL
2020-03-23 02:30:00,2020-03-23 04:45:00,short,7706.39425,7771.735374,7575.712002000001,7771.735374,-65.34112399999958,Loss,SL
2020-03-23 02:30:00,2020-03-23 04:45:00,short,7706.39425,7771.735374,7575.712002000001,7771.735374,-65.34112399999958,Loss,SL
2020-03-23 04:00:00,2020-03-23 07:00:00,long,7756.315367,7688.406871,7892.132359,7892.132359,135.81699200000003,Win,TP
2020-03-24 02:40:00,2020-03-24 03:00:00,short,8303.73608,8343.688751,8223.830738000002,8343.688751,-39.9526709999991,Loss,SL
2020-03-25 03:00:00,2020-03-25 03:25:00,short,8675.434459,8739.064003,8548.175371000001,8739.064003,-63.62954399999944,Loss,SL
2020-03-25 05:10:00,2020-03-25 05:35:00,short,8712.233455,8738.778739,8659.142887,8659.142887,53.09056799999962,Win,TP
2020-03-25 04:40:00,2020-03-25 05:25:00,short,8774.13564,8820.078845,8682.249230000001,8682.249230000001,91.88640999999916,Win,TP
2020-03-26 03:10:00,2020-03-26 04:00:00,short,8395.305673,8428.697283,8328.522453000003,8428.697283,-33.391609999998764,Loss,SL
2020-03-26 04:00:00,2020-03-26 04:10:00,long,8425.828871,8378.459349,8520.567914999998,8378.459349,-47.36952199999905,Loss,SL
2020-03-26 04:45:00,2020-03-26 07:00:00,long,8416.415174,8377.888821,8493.467879999998,8377.888821,-38.52635299999929,Loss,SL
2020-03-27 02:00:00,2020-03-27 02:05:00,long,8842.313624,8828.890462,8869.159948000002,8828.890462,-13.423162000000957,Loss,SL
2020-03-27 05:40:00,2020-03-27 05:55:00,long,8802.661993,8756.433525,8895.118928999998,8756.433525,-46.22846799999934,Loss,SL
2020-03-27 05:30:00,2020-03-27 06:30:00,long,8795.245142,8732.471389,8920.792647999999,8732.471389,-62.77375299999949,Loss,SL
2020-03-27 05:50:00,2020-03-27 06:05:00,short,8762.154572,8787.273539,8711.916637999999,8787.273539,-25.11896700000034,Loss,SL
2020-03-30 03:40:00,2020-03-30 04:00:00,long,8656.321803,8609.522807,8749.919795000003,8609.522807,-46.79899600000135,Loss,SL
2020-03-30 03:20:00,2020-03-30 03:25:00,short,8577.018542,8607.557516,8515.940593999998,8607.557516,-30.538974000000962,Loss,SL
2020-03-30 03:30:00,2020-03-30 07:35:00,long,8631.218612,8584.419617,8724.816602000003,8724.816602000003,93.59799000000203,Win,TP
2020-04-03 02:00:00,2020-04-03 02:15:00,long,8633.215457,8606.099645,8687.447081,8606.099645,-27.115812000000005,Loss,SL
2020-04-03 02:00:00,2020-04-03 02:15:00,long,8633.215457,8606.099645,8687.447081,8606.099645,-27.115812000000005,Loss,SL
2020-04-03 02:35:00,2020-04-03 03:25:00,long,8622.375443,8597.256476,8672.613377000001,8597.256476,-25.11896700000034,Loss,SL
2020-04-03 03:20:00,2020-04-03 04:35:00,short,8613.532273,8635.513342,8569.570135000002,8569.570135000002,43.96213799999896,Win,TP
2020-04-03 02:50:00,2020-04-03 04:35:00,short,8625.513342,8653.19968,8570.140666000001,8570.140666000001,55.372675999999046,Win,TP
2020-04-03 04:55:00,2020-04-03 06:45:00,long,8613.532273,8588.983833,8662.629153000002,8662.629153000002,49.096880000000965,Win,TP
2020-04-03 05:15:00,2020-04-03 05:30:00,short,8597.557516,8618.112266,8556.448016000002,8618.112266,-20.55474999999933,Loss,SL
2020-04-07 02:00:00,2020-04-07 02:25:00,long,9316.706874,9279.606838,9390.906946,9279.606838,-37.10003599999982,Loss,SL
2020-04-07 05:45:00,2020-04-07 06:15:00,long,9449.069151,9428.514401,9490.178650999998,9428.514401,-20.55474999999933,Loss,SL
2020-04-08 05:05:00,2020-04-08 05:55:00,long,9158.385615,9134.407702,9206.341440999997,9206.341440999997,47.955825999997614,Win,TP
2020-04-09 03:20:00,2020-04-09 04:10:00,short,9386.311175,9417.135412,9324.662701000003,9324.662701000003,61.648473999997805,Win,TP
2020-04-09 03:00:00,2020-04-09 03:25:00,short,9421.113325,9442.238603,9378.862769000001,9378.862769000001,42.25055599999905,Win,TP
2020-04-09 05:15:00,2020-04-09 06:05:00,short,9317.277401,9344.393212,9263.045778999996,9344.393212,-27.115811000001486,Loss,SL
2020-04-13 02:00:00,2020-04-13 02:20:00,short,9255.375215,9275.359438,9215.406769000001,9275.359438,-19.984222999999474,Loss,SL
2020-04-13 02:25:00,2020-04-13 04:00:00,short,9257.372059,9278.212074,9215.692029,9278.212074,-20.840014999999767,Loss,SL
2020-04-13 03:15:00,2020-04-13 03:30:00,long,9267.641546,9253.933121,9295.058396000002,9253.933121,-13.708425000000716,Loss,SL
2020-04-14 02:00:00,2020-04-14 02:10:00,long,9656.741001,9637.612568,9694.997867,9637.612568,-19.12843299999986,Loss,SL
2020-04-14 02:05:00,2020-04-14 07:15:00,short,9645.33046,9677.010488,9581.970403999998,9677.010488,-31.680028000000675,Loss,SL
2020-04-14 04:25:00,2020-04-14 05:45:00,long,9639.625189,9617.644121,9683.587325000002,9617.644121,-21.98106800000096,Loss,SL
2020-04-14 05:45:00,2020-04-14 06:45:00,short,9616.804107,9648.769398,9552.873524999999,9648.769398,-31.965291000000434,Loss,SL
2020-04-14 05:45:00,2020-04-14 06:45:00,short,9616.804107,9648.769398,9552.873524999999,9648.769398,-31.965291000000434,Loss,SL
2020-04-14 04:35:00,2020-04-14 06:45:00,short,9637.343081,9657.612568,9596.804107000002,9657.612568,-20.26948699999957,Loss,SL
2020-04-15 02:00:00,2020-04-15 02:20:00,long,9894.365521,9854.983377,9973.129808999998,9854.983377,-39.38214399999924,Loss,SL
2020-04-15 02:15:00,2020-04-15 03:45:00,short,9864.983377,9902.65394,9789.642251000001,9789.642251000001,75.34112599999935,Win,TP
2020-04-15 05:00:00,2020-04-15 05:15:00,long,9804.222245,9777.962224,9856.742287000001,9777.962224,-26.26002100000005,Loss,SL
2020-04-16 02:50:00,2020-04-16 04:00:00,long,9898.929737,9874.951824,9946.885563000002,9874.951824,-23.977913000000626,Loss,SL
2020-04-16 05:10:00,2020-04-16 06:30:00,long,9885.522351,9859.26233,9938.042393,9859.26233,-26.26002100000005,Loss,SL
2020-04-16 06:00:00,2020-04-16 07:30:00,short,9876.964445,9901.227622,9828.438090999998,9901.227622,-24.263177000000724,Loss,SL
2020-04-20 02:00:00,2020-04-20 05:20:00,short,10008.470933,10041.862542,9941.687715,9941.687715,66.78321800000049,Win,TP
2020-04-17 05:00:00,2020-04-17 05:15:00,short,10169.644827,10193.908003,10121.118475,10193.908003,-24.263176000000385,Loss,SL
2020-04-20 04:00:00,2020-04-20 04:55:00,long,10004.762507,9986.775128,10040.737265,9986.775128,-17.987379000000146,Loss,SL
2020-04-20 06:00:00,2020-04-20 06:15:00,long,9967.963511,9940.8477,10022.195133,9940.8477,-27.115810999999667,Loss,SL
2020-04-21 03:00:00,2020-04-21 04:45:00,long,9902.067636,9871.813926,9962.575055999998,9871.813926,-30.253709999999046,Loss,SL
2020-04-21 05:45:00,2020-04-21 08:30:00,short,9835.886497,9871.845478,9763.968535,9871.845478,-35.95898099999977,Loss,SL
2020-04-23 02:00:00,2020-04-23 02:15:00,long,9875.823391,9862.685493,9902.099186999998,9862.685493,-13.13789799999904,Loss,SL
2020-04-23 02:00:00,2020-04-23 02:15:00,long,9875.823391,9862.685493,9902.099186999998,9862.685493,-13.13789799999904,Loss,SL
2020-04-23 03:20:00,2020-04-23 04:35:00,long,9838.739133,9819.325436,9877.566526999999,9877.566526999999,38.82739399999991,Win,TP
2020-04-23 05:30:00,2020-04-23 06:20:00,short,9843.588613,9866.710735,9797.344368999999,9866.710735,-23.122122000000672,Loss,SL
2020-04-24 05:15:00,2020-04-24 08:45:00,long,9850.720201,9821.607544,9908.945515,9821.607544,-29.112656999999672,Loss,SL
2020-04-27 04:10:00,2020-04-27 06:00:00,long,10131.704777,10106.58581,10181.942711000002,10106.58581,-25.11896700000034,Loss,SL
2020-04-27 05:00:00,2020-04-27 08:35:00,short,10126.855297,10152.544791,10075.476309,10075.476309,51.37898800000039,Win,TP
2020-04-28 03:20:00,2020-04-28 04:20:00,long,10115.444756,10091.18158,10163.971108000002,10163.971108000002,48.52635200000077,Win,TP
2020-04-28 05:20:00,2020-04-28 05:40:00,short,10184.763794,10201.610119,10151.071144,10201.610119,-16.846325000000434,Loss,SL
2020-04-28 05:45:00,2020-04-28 08:30:00,short,10186.475375,10207.885916,10143.654293000001,10143.654293000001,42.82108199999857,Win,TP
2020-04-29 03:30:00,2020-04-29 05:05:00,long,10066.664693,10042.116253,10115.761573000002,10042.116253,-24.548440000000483,Loss,SL
2020-04-29 03:00:00,2020-04-29 06:45:00,short,10055.254151,10074.667848,10016.426757,10016.426757,38.82739399999991,Win,TP
2020-04-29 03:45:00,2020-04-29 06:45:00,short,10058.39205,10077.805747,10019.564656,10019.564656,38.82739399999991,Win,TP
2020-04-29 04:30:00,2020-04-29 05:25:00,short,10063.526794,10077.520483,10035.539415999998,10035.539415999998,27.987378000001627,Win,TP
2020-04-30 02:00:00,2020-04-30 02:20:00,long,10370.470352,10350.200864,10411.009328,10350.200864,-20.26948799999991,Loss,SL
2020-04-30 03:30:00,2020-04-30 05:30:00,long,10369.899824,10344.21033,10421.278812,10344.21033,-25.689494000000195,Loss,SL
2020-04-30 04:15:00,2020-04-30 05:30:00,long,10362.197709,10347.062966,10392.467195000001,10347.062966,-15.134743000000526,Loss,SL
2020-05-01 04:50:00,2020-05-01 06:25:00,long,10005.333034,9984.207756,10047.583589999998,9984.207756,-21.125277999999525,Loss,SL
2020-05-05 03:40:00,2020-05-05 03:55:00,short,10123.432135,10149.97742,10070.341564999999,10070.341564999999,53.0905700000003,Win,TP
2020-05-05 05:00:00,2020-05-05 07:10:00,long,10140.547947,10119.707933,10182.227974999998,10182.227974999998,41.680027999998856,Win,TP
2020-05-05 04:40:00,2020-05-05 07:10:00,long,10122.005817,10093.178424,10179.660602999998,10179.660602999998,57.65478599999915,Win,TP
2020-05-06 03:05:00,2020-05-06 03:25:00,long,10260.073366,10242.085987,10296.048124,10242.085987,-17.987379000000146,Loss,SL
2020-05-06 03:35:00,2020-05-06 03:50:00,long,10254.653359,10236.951243,10290.057591,10236.951243,-17.702116000000387,Loss,SL
2020-05-06 04:25:00,2020-05-06 04:55:00,short,10258.932312,10275.493373,10225.810190000004,10275.493373,-16.561060999998517,Loss,SL
2020-05-07 02:35:00,2020-05-07 04:10:00,short,10348.50506,10363.925067,10317.665045999998,10363.925067,-15.420007000000624,Loss,SL
2020-05-07 05:10:00,2020-05-07 05:35:00,long,10381.595629,10364.749304,10415.288278999997,10364.749304,-16.846324999998615,Loss,SL
2020-05-11 02:10:00,2020-05-11 03:35:00,long,10558.459017,10535.336895,10604.703260999997,10535.336895,-23.122121999998853,Loss,SL
2020-05-11 03:05:00,2020-05-11 03:40:00,short,10559.314808,10575.590606,10526.763211999998,10526.763211999998,32.551596000001155,Win,TP
2020-05-11 04:40:00,2020-05-11 05:15:00,long,10515.384225,10494.54421,10557.064255,10494.54421,-20.840014999999767,Loss,SL
2020-05-12 02:00:00,2020-05-12 06:25:00,long,10570.440086,10538.474794,10634.370670000002,10634.370670000002,63.930584000001545,Win,TP
2020-05-12 02:00:00,2020-05-12 06:25:00,long,10570.440086,10538.474794,10634.370670000002,10634.370670000002,63.930584000001545,Win,TP
2020-05-12 02:45:00,2020-05-12 04:00:00,long,10589.838006,10568.712728,10632.088561999999,10568.712728,-21.125277999999525,Loss,SL
2020-05-12 03:00:00,2020-05-12 05:20:00,short,10576.715883,10602.120114,10525.907421000004,10602.120114,-25.404230999998617,Loss,SL
2020-05-12 03:15:00,2020-05-12 03:55:00,long,10592.690641,10571.850627,10634.370668999998,10571.850627,-20.840013999999428,Loss,SL
2020-05-12 03:35:00,2020-05-12 05:15:00,short,10578.997992,10597.841161,10541.311654000001,10597.841161,-18.84316899999976,Loss,SL
2020-05-12 04:50:00,2020-05-12 08:30:00,long,10586.700107,10556.161133,10647.778055000002,10647.778055000002,61.077948000001925,Win,TP
2020-05-12 04:50:00,2020-05-12 08:30:00,long,10586.700107,10556.161133,10647.778055000002,10647.778055000002,61.077948000001925,Win,TP
2020-05-13 03:10:00,2020-05-13 06:50:00,long,10396.429333,10366.746149,10455.795701,10455.795701,59.366367999999056,Win,TP
2020-05-13 05:45:00,2020-05-13 06:30:00,short,10422.958841,10441.80201,10385.272503,10441.80201,-18.84316899999976,Loss,SL
2020-05-14 04:10:00,2020-05-14 05:05:00,long,10294.019726,10273.464975,10335.129228,10273.464975,-20.55475099999967,Loss,SL
2020-05-14 04:10:00,2020-05-14 05:05:00,long,10294.019726,10273.464975,10335.129228,10273.464975,-20.55475099999967,Loss,SL
2020-05-14 05:05:00,2020-05-14 07:20:00,short,10264.922846,10313.718686,10167.331165999998,10167.331165999998,97.59168000000136,Win,TP
2020-05-15 02:00:00,2020-05-15 05:30:00,long,10415.256726,10374.448264,10496.873649999998,10374.448264,-40.808461999999054,Loss,SL
2020-05-15 04:05:00,2020-05-15 04:15:00,long,10420.391469,10404.115672,10452.943063,10404.115672,-16.27579700000024,Loss,SL
2020-05-15 05:05:00,2020-05-15 05:30:00,long,10406.413556,10381.294589,10456.65149,10381.294589,-25.11896700000034,Loss,SL
2020-05-15 05:20:00,2020-05-15 05:30:00,short,10400.137759,10418.980928,10362.451420999996,10362.451420999996,37.68633800000316,Win,TP
2020-05-18 05:40:00,2020-05-18 06:40:00,long,10515.098961,10498.252636,10548.791611,10548.791611,33.69265000000087,Win,TP
2020-05-19 04:05:00,2020-05-19 06:15:00,short,10636.621225,10654.32334,10601.216995,10654.32334,-17.70211500000005,Loss,SL
2020-05-19 05:45:00,2020-05-19 08:30:00,long,10637.191752,10620.915954,10669.743348000002,10669.743348000002,32.551596000001155,Win,TP
2020-05-19 05:40:00,2020-05-19 08:35:00,long,10632.342272,10610.361203,10676.304409999999,10676.304409999999,43.96213799999896,Win,TP
2020-05-19 05:55:00,2020-05-19 06:10:00,short,10627.207528,10648.332806,10584.956972000002,10648.332806,-21.125277999999525,Loss,SL
2020-05-20 04:30:00,2020-05-20 04:40:00,short,10709.933952,10729.062385,10671.677086,10729.062385,-19.12843299999986,Loss,SL
2020-05-21 02:30:00,2020-05-21 03:10:00,long,10776.11509,10748.999279,10830.346711999999,10748.999279,-27.115810999999667,Loss,SL
2020-05-21 02:25:00,2020-05-21 03:25:00,long,10764.134022,10744.149799,10804.102468,10744.149799,-19.984222999999474,Loss,SL
2020-05-21 04:55:00,2020-05-21 06:00:00,short,10753.294008,10774.419286,10711.043452000002,10774.419286,-21.125277999999525,Loss,SL
2020-05-22 02:35:00,2020-05-22 03:30:00,short,10568.157977,10589.283255,10525.907421000002,10589.283255,-21.125277999999525,Loss,SL
2020-05-22 03:10:00,2020-05-22 05:35:00,long,10577.28641,10551.596916,10628.665398000001,10628.665398000001,51.37898800000039,Win,TP
2020-05-25 05:00:00,2020-05-25 05:45:00,short,10825.180418,10854.863601,10765.814052000002,10854.863601,-29.68318299999919,Loss,SL
2020-05-25 05:40:00,2020-05-25 19:05:00,long,10840.014121,10815.180418,10889.681527,10851.709926,11.695804999999382,Win,Timeout
2020-05-25 06:00:00,2020-05-25 08:35:00,short,10851.995189,10865.418352,10825.148862999997,10865.418352,-13.423163000001296,Loss,SL
2020-05-27 02:15:00,2020-05-27 04:25:00,short,10795.227747,10836.321472,10713.040297000003,10836.321472,-41.09372499999881,Loss,SL
2020-05-27 02:15:00,2020-05-27 04:25:00,short,10795.227747,10836.321472,10713.040297000003,10836.321472,-41.09372499999881,Loss,SL
2020-05-27 03:25:00,2020-05-27 03:40:00,short,10800.933018,10826.051985,10750.695083999999,10826.051985,-25.11896700000034,Loss,SL
2020-05-28 05:50:00,2020-05-28 06:10:00,long,10741.598203,10720.758189,10783.278230999998,10720.758189,-20.840013999999428,Loss,SL
2020-05-28 05:45:00,2020-05-28 06:15:00,long,10730.758189,10709.062385,10774.149797000002,10709.062385,-21.695804000000862,Loss,SL
2020-05-28 06:00:00,2020-05-28 07:05:00,short,10729.046608,10749.886622,10687.366580000002,10687.366580000002,41.680027999998856,Win,TP
2020-05-29 04:00:00,2020-05-29 04:15:00,short,10720.203439,10747.889778,10664.830761000001,10747.889778,-27.68633899999986,Loss,SL
2020-05-29 04:35:00,2020-05-29 04:50:00,short,10736.748723,10749.601359,10711.043451000001,10749.601359,-12.85263599999962,Loss,SL
2020-06-01 03:50:00,2020-06-01 04:45:00,long,10863.120467,10841.995189,10905.371023000003,10841.995189,-21.125278000001344,Loss,SL
2020-06-04 05:25:00,2020-06-04 05:45:00,long,11031.140686,11016.861733,11059.698592000002,11016.861733,-14.27895300000091,Loss,SL
2020-06-04 05:45:00,2020-06-04 05:55:00,short,11012.028029,11033.153307,10969.777472999996,11033.153307,-21.125278000001344,Loss,SL
2020-06-04 05:45:00,2020-06-04 05:55:00,short,11012.028029,11033.153307,10969.777472999996,11033.153307,-21.125278000001344,Loss,SL
2020-06-05 03:50:00,2020-06-05 07:45:00,short,11031.140686,11065.102822,10963.216414,10963.216414,67.9242720000002,Win,TP
2020-06-05 05:40:00,2020-06-05 06:25:00,short,11015.165928,11028.874354,10987.749076000002,11028.874354,-13.708425999999236,Loss,SL
2020-06-08 03:50:00,2020-06-08 04:55:00,long,11212.853554,11194.580912,11249.398838,11194.580912,-18.272641999999905,Loss,SL
2020-06-08 05:00:00,2020-06-08 05:35:00,short,11192.029317,11210.872486,11154.342979000001,11210.872486,-18.84316899999976,Loss,SL
2020-06-08 04:55:00,2020-06-08 08:45:00,short,11197.734587,11217.433547,11158.336667000001,11158.336667000001,39.39791999999943,Win,TP
2020-06-08 04:45:00,2020-06-08 07:10:00,short,11206.292493,11223.709345,11171.458789000004,11171.458789000004,34.83370399999694,Win,TP
2020-06-09 05:50:00,2020-06-09 06:15:00,long,11225.975677,11209.414615,11259.097801000002,11209.414615,-16.561062000000675,Loss,SL
2020-06-10 03:15:00,2020-06-10 04:00:00,long,11418.243295,11401.682234,11451.365417,11401.682234,-16.561061000000336,Loss,SL
2020-06-10 06:00:00,2020-06-10 06:55:00,long,11394.851686,11379.146415,11426.262228000001,11426.262228000001,31.410542000001442,Win,TP
2020-06-10 05:50:00,2020-06-10 06:55:00,long,11391.14326,11372.585354,11428.259072,11428.259072,37.115812000000005,Win,TP
2020-06-12 02:25:00,2020-06-12 03:20:00,short,11091.046027,11123.867109,11025.403863,11123.867109,-32.82108200000039,Loss,SL
2020-06-12 03:15:00,2020-06-12 08:30:00,long,11120.142907,11085.895507,11188.637707,11188.637707,68.4948000000004,Win,TP
2020-06-15 02:00:00,2020-06-15 02:15:00,short,10764.825158,10782.537783,10729.399908,10729.399908,35.42525000000023,Win,TP
2020-06-15 02:05:00,2020-06-15 02:20:00,short,10736.25988,10784.823006,10639.133627999998,10784.823006,-48.56312600000092,Loss,SL
2020-06-16 02:45:00,2020-06-16 05:10:00,short,11299.852822,11323.278503,11253.001460000003,11323.278503,-23.425680999998804,Loss,SL
2020-06-16 03:35:00,2020-06-16 07:15:00,long,11301.566739,11274.427572,11355.845072999999,11355.845072999999,54.27833399999872,Win,TP
2020-06-16 03:25:00,2020-06-16 07:10:00,long,11291.568892,11262.144502,11350.417672,11350.417672,58.84878000000026,Win,TP
2020-06-17 04:05:00,2020-06-17 04:45:00,short,11447.249659,11469.818381,11402.112215,11402.112215,45.13744399999996,Win,TP
2020-06-17 05:25:00,2020-06-17 08:30:00,long,11444.964437,11418.396575,11498.100161,11418.396575,-26.567861999999877,Loss,SL
2020-06-18 04:45:00,2020-06-18 05:00:00,long,11433.538325,11411.540908,11477.533158999997,11411.540908,-21.997416999998677,Loss,SL
2020-06-18 05:45:00,2020-06-18 06:05:00,long,11422.683519,11403.256978,11461.536601000002,11403.256978,-19.426541000000725,Loss,SL
2020-06-19 04:10:00,2020-06-19 08:25:00,long,11500.952382,11475.812785,11551.231575999998,11551.231575999998,50.279193999998824,Win,TP
2020-06-19 05:00:00,2020-06-19 08:25:00,long,11500.095424,11481.240188,11537.805895999998,11537.805895999998,37.710471999998845,Win,TP
2020-06-19 05:20:00,2020-06-19 07:00:00,short,11496.381938,11518.379355,11452.387104000003,11518.379355,-21.997416999998677,Loss,SL
2020-06-22 03:35:00,2020-06-22 06:05:00,long,11438.394423,11411.255255,11492.672759,11411.255255,-27.1391679999997,Loss,SL
2020-06-22 05:15:00,2020-06-22 07:00:00,short,11433.823978,11449.251381,11402.969172000001,11449.251381,-15.427402999999686,Loss,SL
2020-06-23 02:00:00,2020-06-23 02:15:00,long,11578.364287,11564.079495,11606.933871000001,11606.933871000001,28.56958400000076,Win,TP
2020-06-23 02:00:00,2020-06-23 02:15:00,long,11578.364287,11564.079495,11606.933871000001,11606.933871000001,28.56958400000076,Win,TP
2020-06-23 02:00:00,2020-06-23 02:15:00,long,11578.364287,11564.079495,11606.933871000001,11606.933871000001,28.56958400000076,Win,TP
2020-06-24 04:10:00,2020-06-24 06:20:00,short,11576.364717,11614.073037,11500.948077000001,11614.073037,-37.70831999999973,Loss,SL
2020-06-24 04:10:00,2020-06-24 06:20:00,short,11576.364717,11614.073037,11500.948077000001,11614.073037,-37.70831999999973,Loss,SL
2020-06-25 04:40:00,2020-06-25 08:45:00,short,11430.110492,11484.957979,11320.415517999998,11320.415517999998,109.69497400000182,Win,TP
2020-06-25 04:40:00,2020-06-25 08:45:00,short,11430.110492,11484.957979,11320.415517999998,11320.415517999998,109.69497400000182,Win,TP
2020-06-26 03:00:00,2020-06-26 03:55:00,short,11476.10059,11513.80891,11400.68395,11513.80891,-37.70831999999973,Loss,SL
2020-06-26 03:00:00,2020-06-26 03:55:00,short,11476.10059,11513.80891,11400.68395,11513.80891,-37.70831999999973,Loss,SL
2020-06-26 03:50:00,2020-06-26 05:25:00,long,11508.379355,11485.239326,11554.659412999996,11554.659412999996,46.28005799999664,Win,TP
2020-06-29 03:10:00,2020-06-29 03:55:00,short,11234.723988,11262.148807,11179.87435,11262.148807,-27.424818999999843,Loss,SL
2020-06-30 02:00:00,2020-06-30 02:05:00,long,11417.256117,11396.401311,11458.965729000003,11396.401311,-20.85480600000119,Loss,SL
2020-06-29 05:45:00,2020-06-29 08:30:00,long,11251.577502,11227.294863,11300.142780000002,11227.294863,-24.282639000000927,Loss,SL
2020-06-29 06:00:00,2020-06-29 06:50:00,short,11245.007488,11269.004474,11197.013515999999,11269.004474,-23.996986000000106,Loss,SL
2020-07-01 02:00:00,2020-07-01 02:30:00,long,11581.79212,11569.792551,11605.791258,11605.791258,23.99913799999922,Win,TP
2020-07-01 04:40:00,2020-07-01 06:40:00,short,11573.222536,11602.361273,11514.945061999997,11514.945061999997,58.27747400000226,Win,TP
2020-07-01 04:40:00,2020-07-01 06:40:00,short,11573.222536,11602.361273,11514.945061999997,11514.945061999997,58.27747400000226,Win,TP
2020-07-02 02:00:00,2020-07-02 02:30:00,long,11778.321235,11765.464707,11804.034291,11765.464707,-12.856528000000253,Loss,SL
2020-07-01 05:35:00,2020-07-01 07:55:00,short,11560.653814,11591.506467,11498.948508,11591.506467,-30.85265299999992,Loss,SL
2020-07-02 02:00:00,2020-07-02 02:30:00,long,11778.321235,11765.464707,11804.034291,11765.464707,-12.856528000000253,Loss,SL
2020-07-02 02:00:00,2020-07-02 02:30:00,long,11778.321235,11765.464707,11804.034291,11765.464707,-12.856528000000253,Loss,SL
2020-07-03 04:25:00,2020-07-03 09:25:00,short,11850.877042,11869.446626,11813.737873999999,11813.737873999999,37.13916800000152,Win,TP
2020-07-03 06:00:00,2020-07-03 09:30:00,short,11836.594403,11850.307889,11809.167430999998,11809.167430999998,27.426972000001115,Win,TP
2020-07-06 05:10:00,2020-07-06 05:45:00,long,11986.847767,11965.992962,12028.557376999997,11965.992962,-20.854804999999033,Loss,SL
2020-07-06 05:00:00,2020-07-06 08:25:00,long,11975.992962,11960.279906,12007.419074000001,11960.279906,-15.713056000000506,Loss,SL
2020-07-06 04:40:00,2020-07-06 08:55:00,long,11972.850781,11958.851642,12000.849058999998,12000.849058999998,27.998277999999118,Win,TP
2020-07-07 03:10:00,2020-07-07 03:25:00,long,12080.541881,12056.259241,12129.107160999998,12056.259241,-24.282639999999446,Loss,SL
2020-07-07 03:25:00,2020-07-07 07:00:00,short,12045.406588,12079.115769,11977.988226,12079.115769,-33.70918100000017,Loss,SL
2020-07-07 05:45:00,2020-07-07 06:15:00,short,12049.69138,12067.689658,12013.694824000002,12067.689658,-17.998277999999118,Loss,SL
2020-07-08 03:55:00,2020-07-08 06:50:00,short,12069.115769,12091.970144,12023.407018999998,12091.970144,-22.8543750000008,Loss,SL
2020-07-08 05:15:00,2020-07-08 06:35:00,long,12046.834852,12028.836574,12082.831407999998,12082.831407999998,35.996555999998236,Win,TP
2020-07-09 04:20:00,2020-07-09 04:45:00,short,12198.51648,12213.086925,12169.375590000001,12213.086925,-14.570444999999381,Loss,SL
2020-07-09 04:35:00,2020-07-09 04:45:00,long,12207.657369,12192.515619,12237.940869000002,12237.940869000002,30.283500000001368,Win,TP
2020-07-10 02:00:00,2020-07-10 02:30:00,short,12181.662966,12204.517341,12135.954215999998,12204.517341,-22.8543750000008,Loss,SL
2020-07-10 02:00:00,2020-07-10 02:30:00,short,12181.662966,12204.517341,12135.954215999998,12204.517341,-22.8543750000008,Loss,SL
2020-07-09 05:35:00,2020-07-09 06:25:00,short,12225.939148,12245.651342,12186.51476,12245.651342,-19.712193999999727,Loss,SL
2020-07-10 04:30:00,2020-07-10 06:45:00,long,12233.937425,12212.796967,12276.218341,12212.796967,-21.140457999999853,Loss,SL
2020-07-13 04:00:00,2020-07-13 04:20:00,long,12443.035263,12425.036985,12479.031818999998,12425.036985,-17.998277999999118,Loss,SL
2020-07-13 04:35:00,2020-07-13 06:05:00,long,12444.177874,12426.465249,12479.603124000001,12479.603124000001,35.42525000000023,Win,TP
2020-07-14 02:00:00,2020-07-14 02:15:00,short,12193.660383,12210.801703,12159.377743000003,12159.377743000003,34.28263999999763,Win,TP
2020-07-14 02:00:00,2020-07-14 02:15:00,short,12193.660383,12210.801703,12159.377743000003,12159.377743000003,34.28263999999763,Win,TP
2020-07-14 04:05:00,2020-07-14 04:30:00,short,12138.243743,12165.954215,12082.822799000003,12165.954215,-27.710471999998845,Loss,SL
2020-07-14 04:05:00,2020-07-14 04:30:00,short,12138.243743,12165.954215,12082.822799000003,12165.954215,-27.710471999998845,Loss,SL
2020-07-14 06:00:00,2020-07-14 06:10:00,long,12140.528965,12116.246326,12189.094242999998,12116.246326,-24.282638999999108,Loss,SL
2020-07-15 03:25:00,2020-07-15 04:00:00,long,12226.796106,12202.799119,12274.79008,12202.799119,-23.996987000000445,Loss,SL
2020-07-15 05:10:00,2020-07-15 08:40:00,long,12229.366981,12196.514758,12295.071426999999,12295.071426999999,65.70444599999973,Win,TP
2020-07-15 05:10:00,2020-07-15 08:40:00,long,12229.366981,12196.514758,12295.071426999999,12295.071426999999,65.70444599999973,Win,TP
2020-07-16 02:00:00,2020-07-16 03:35:00,short,12091.967992,12116.536284,12042.831408,12042.831408,49.13658399999986,Win,TP
2020-07-16 02:00:00,2020-07-16 03:35:00,short,12091.967992,12116.536284,12042.831408,12042.831408,49.13658399999986,Win,TP
2020-07-16 02:00:00,2020-07-16 03:35:00,short,12091.967992,12116.536284,12042.831408,12042.831408,49.13658399999986,Win,TP
2020-07-16 02:45:00,2020-07-16 03:00:00,long,12098.823659,12081.396686,12133.677604999999,12081.396686,-17.426972999999634,Loss,SL
2020-07-16 02:55:00,2020-07-16 03:30:00,short,12089.397117,12108.538006,12051.115339,12051.115339,38.281778000000486,Win,TP
2020-07-16 05:15:00,2020-07-16 05:25:00,long,12044.835283,12028.550921,12077.404007000001,12028.550921,-16.28436200000033,Loss,SL
2020-07-16 06:00:00,2020-07-16 06:15:00,long,12051.119644,12026.265699,12100.827534000002,12026.265699,-24.85394500000075,Loss,SL
2020-07-17 02:45:00,2020-07-17 03:20:00,short,12095.110173,12117.393242,12050.544034999997,12117.393242,-22.283069000000978,Loss,SL
2020-07-17 03:15:00,2020-07-17 08:15:00,long,12113.106298,12090.251923,12158.815048000002,12158.815048000002,45.7087500000016,Win,TP
2020-07-17 04:10:00,2020-07-17 06:30:00,long,12132.530687,12108.533701,12180.524659,12108.533701,-23.996986000000106,Loss,SL
2020-07-17 04:40:00,2020-07-17 07:20:00,short,12121.675881,12139.102854,12086.821934999996,12139.102854,-17.426973000001453,Loss,SL
2020-07-17 05:25:00,2020-07-17 06:10:00,long,12131.673729,12117.103284,12160.814618999999,12117.103284,-14.570444999999381,Loss,SL
2020-07-21 04:00:00,2020-07-21 04:40:00,short,12613.569975,12629.568684,12581.572557000001,12629.568684,-15.998708999999508,Loss,SL
2020-07-21 04:40:00,2020-07-21 05:55:00,long,12629.566531,12607.854767,12672.990059,12607.854767,-21.711763999999675,Loss,SL
2020-07-22 02:30:00,2020-07-22 03:00:00,short,12396.188207,12425.612596,12337.339428999996,12337.339428999996,58.84877800000322,Win,TP
2020-07-22 04:30:00,2020-07-22 06:00:00,long,12363.909442,12332.485483,12426.75736,12426.75736,62.84791799999948,Win,TP
2020-07-23 02:55:00,2020-07-23 03:50:00,long,12473.028806,12447.317902,12524.450614,12447.317902,-25.710903999999573,Loss,SL
2020-07-23 02:55:00,2020-07-23 03:50:00,long,12473.028806,12447.317902,12524.450614,12447.317902,-25.710903999999573,Loss,SL
2020-07-23 03:45:00,2020-07-23 07:50:00,short,12449.319624,12475.030528,12397.897816,12397.897816,51.421807999999146,Win,TP
2020-07-23 04:25:00,2020-07-23 04:40:00,long,12463.030958,12441.033541,12507.025791999997,12441.033541,-21.997416999998677,Loss,SL
2020-07-23 05:00:00,2020-07-23 06:15:00,long,12462.745305,12438.748319,12510.739277,12438.748319,-23.996986000000106,Loss,SL
2020-07-23 04:50:00,2020-07-23 06:25:00,long,12453.033111,12431.321347,12496.456639000004,12431.321347,-21.711764000001494,Loss,SL
2020-07-24 02:00:00,2020-07-24 02:10:00,short,11925.432419,11945.430266,11885.436725000003,11885.436725000003,39.99569399999746,Win,TP
2020-07-24 03:10:00,2020-07-24 06:00:00,long,11916.862835,11884.867571,11980.853362999998,11980.853362999998,63.99052799999845,Win,TP
2020-07-24 06:00:00,2020-07-24 06:25:00,long,11989.418643,11950.567711,12067.120507000003,11950.567711,-38.850932000001194,Loss,SL
2020-07-24 05:50:00,2020-07-24 06:40:00,long,11959.996406,11929.429405,12021.130407999999,11929.429405,-30.567000999999436,Loss,SL
2020-07-27 04:15:00,2020-07-27 05:30:00,long,12037.122657,12012.268713,12086.830545,12086.830545,49.70788800000082,Win,TP
2020-07-28 02:10:00,2020-07-28 02:20:00,long,12238.50787,12222.509162,12270.505285999998,12222.509162,-15.99870799999917,Loss,SL
2020-07-29 04:30:00,2020-07-29 05:00:00,short,12085.969283,12102.253645,12053.400559,12102.253645,-16.28436200000033,Loss,SL
2020-07-29 05:25:00,2020-07-29 08:30:00,long,12103.10845,12087.681048,12133.963253999998,12087.681048,-15.427401999999347,Loss,SL
2020-07-29 05:55:00,2020-07-29 07:05:00,short,12094.82452,12112.537145,12059.39927,12112.537145,-17.712625000000116,Loss,SL
2020-07-30 05:50:00,2020-07-30 06:05:00,short,12039.979185,12064.261824,11991.413907000002,12064.261824,-24.282638999999108,Loss,SL
2020-07-30 05:45:00,2020-07-30 05:55:00,short,12049.977033,12074.259672,12001.411754999997,12001.411754999997,48.565278000001854,Win,TP
2020-07-30 05:40:00,2020-07-30 05:55:00,short,12057.689658,12081.400991,12010.266991999997,12010.266991999997,47.42266600000221,Win,TP
2020-07-31 02:00:00,2020-07-31 02:10:00,long,12450.176583,12439.319624,12471.890501000002,12439.319624,-10.856959000000643,Loss,SL
2020-07-31 03:20:00,2020-07-31 04:05:00,long,12445.320485,12429.60743,12476.746595,12476.746595,31.426110000000335,Win,TP
2020-07-31 05:30:00,2020-07-31 06:05:00,short,12439.893083,12460.462236,12398.754777000004,12460.462236,-20.56915299999855,Loss,SL
2020-08-04 04:15:00,2020-08-04 06:00:00,short,12579.005988,12595.576002,12545.865960000003,12595.576002,-16.57001399999899,Loss,SL
2020-08-04 05:25:00,2020-08-04 06:00:00,short,12573.00728,12591.005558,12537.010723999998,12591.005558,-17.998278000000937,Loss,SL
2020-08-05 03:00:00,2020-08-05 07:15:00,short,12718.404547,12736.402825,12682.407991000002,12682.407991000002,35.996555999998236,Win,TP
2020-08-05 05:15:00,2020-08-05 07:15:00,short,12705.835824,12726.119325,12665.268822,12665.268822,40.567001999999775,Win,TP
2020-08-06 04:55:00,2020-08-06 05:30:00,long,12678.984463,12659.272268,12718.408853,12659.272268,-19.712195000000065,Loss,SL
2020-08-07 02:00:00,2020-08-07 09:50:00,long,12810.956049,12783.816882,12865.234383000003,12865.234383000003,54.27833400000236,Win,TP
2020-08-07 02:00:00,2020-08-07 09:50:00,long,12810.956049,12783.816882,12865.234383000003,12865.234383000003,54.27833400000236,Win,TP
2020-08-07 02:00:00,2020-08-07 09:50:00,long,12810.956049,12783.816882,12865.234383000003,12865.234383000003,54.27833400000236,Win,TP
2020-08-07 03:30:00,2020-08-07 06:00:00,short,12804.95734,12823.241271,12768.389478000001,12823.241271,-18.28393099999994,Loss,SL
2020-08-07 05:50:00,2020-08-07 07:30:00,long,12814.669535,12798.099521,12847.809563000003,12847.809563000003,33.14002800000162,Win,TP
2020-08-10 02:00:00,2020-08-10 02:15:00,short,12690.696227,12710.694074,12650.700533000003,12710.694074,-19.99784699999873,Loss,SL
2020-08-10 04:10:00,2020-08-10 08:50:00,long,12708.121047,12691.26538,12741.832381,12691.26538,-16.855666999999812,Loss,SL
2020-08-11 04:50:00,2020-08-11 06:20:00,short,12724.117602,12744.11545,12684.121906000002,12684.121906000002,39.995695999998134,Win,TP
2020-08-12 02:25:00,2020-08-12 02:55:00,short,12517.304987,12536.160223,12479.594514999997,12536.160223,-18.85523600000124,Loss,SL
2020-08-12 02:45:00,2020-08-12 05:10:00,long,12519.875862,12501.020626,12557.586334000003,12557.586334000003,37.71047200000248,Win,TP
2020-08-13 04:20:00,2020-08-13 06:00:00,short,12700.122769,12718.692352,12662.983602999999,12718.692352,-18.56958300000042,Loss,SL
2020-08-13 05:55:00,2020-08-13 06:00:00,short,12702.693644,12718.692352,12670.696228000003,12718.692352,-15.99870799999917,Loss,SL
2020-08-14 03:45:00,2020-08-14 05:50:00,short,12748.969395,12765.539409,12715.829366999998,12765.539409,-16.57001400000081,Loss,SL
2020-08-14 04:45:00,2020-08-14 05:50:00,short,12746.39852,12765.253756,12708.688048000002,12765.253756,-18.855235999999422,Loss,SL
2020-08-14 05:45:00,2020-08-14 06:20:00,long,12761.82377,12741.825923,12801.819464000002,12801.819464000002,39.995694000001095,Win,TP
2020-08-17 02:25:00,2020-08-17 07:40:00,long,12790.960354,12769.534243,12833.812576000002,12833.812576000002,42.85222200000135,Win,TP
2020-08-17 04:15:00,2020-08-17 08:25:00,long,12802.100812,12785.245146,12835.812144000003,12835.812144000003,33.711332000002585,Win,TP
2020-08-17 05:05:00,2020-08-17 08:30:00,long,12803.814729,12785.530798,12840.382591,12840.382591,36.56786199999988,Win,TP
2020-08-17 05:05:00,2020-08-17 08:30:00,long,12803.814729,12785.530798,12840.382591,12840.382591,36.56786199999988,Win,TP
2020-08-19 04:20:00,2020-08-19 06:10:00,long,13055.189179,13043.189609,13079.188319000004,13043.189609,-11.999570000001768,Loss,SL
2020-08-19 05:10:00,2020-08-19 06:30:00,short,13049.476123,13062.618304,13023.191761000002,13023.191761000002,26.28436199999851,Win,TP
2020-08-20 02:00:00,2020-08-20 02:20:00,short,12872.371397,12891.797939,12833.518313000002,12891.797939,-19.426541999999245,Loss,SL
2020-08-20 03:10:00,2020-08-20 04:40:00,short,12894.937967,12913.793204,12857.227493,12913.793204,-18.85523699999976,Loss,SL
2020-08-21 05:15:00,2020-08-21 06:50:00,short,13115.747569,13136.602375,13074.037956999997,13074.037956999997,41.70961200000238,Win,TP
2020-08-24 02:00:00,2020-08-24 03:00:00,long,13282.854448,13263.713559,13321.136226,13321.136226,38.281778000000486,Win,TP
2020-08-24 02:00:00,2020-08-24 03:00:00,long,13282.854448,13263.713559,13321.136226,13321.136226,38.281778000000486,Win,TP
2020-08-24 02:00:00,2020-08-24 03:00:00,long,13282.854448,13263.713559,13321.136226,13321.136226,38.281778000000486,Win,TP
2020-08-24 05:00:00,2020-08-24 06:35:00,short,13318.846698,13337.701935,13281.136224,13337.701935,-18.85523699999976,Loss,SL
2020-08-24 04:55:00,2020-08-24 06:35:00,short,13325.416712,13340.558463,13295.133210000002,13340.558463,-15.141750999999203,Loss,SL
2020-08-24 04:25:00,2020-08-24 05:00:00,long,13335.700213,13317.701935,13371.696769000002,13317.701935,-17.998278000000937,Loss,SL
2020-08-24 04:25:00,2020-08-24 05:00:00,long,13335.700213,13317.701935,13371.696769000002,13317.701935,-17.998278000000937,Loss,SL
2020-08-27 04:35:00,2020-08-27 06:45:00,long,13678.483553,13656.486136,13722.478387000001,13656.486136,-21.997417000000496,Loss,SL
2020-08-27 05:05:00,2020-08-27 08:15:00,short,13671.056581,13689.911817,13633.346109000002,13689.911817,-18.855235999999422,Loss,SL
2020-08-28 04:05:00,2020-08-28 05:05:00,long,13655.631331,13633.348261,13700.197471000003,13633.348261,-22.283070000001317,Loss,SL
2020-08-28 04:20:00,2020-08-28 06:10:00,short,13653.631761,13673.058303,13614.778677000002,13673.058303,-19.426541999999245,Loss,SL
2020-08-28 04:40:00,2020-08-28 05:05:00,long,13657.345247,13645.060025,13681.915690999997,13645.060025,-12.285221999998612,Loss,SL
2020-08-31 05:20:00,2020-08-31 06:05:00,long,13755.609805,13739.325444,13788.178527,13739.325444,-16.28436099999999,Loss,SL
2020-09-01 04:10:00,2020-09-01 06:25:00,long,13972.420268,13955.564601,14006.131602,13955.564601,-16.855666999999812,Loss,SL
2020-09-03 03:35:00,2020-09-03 04:45:00,short,14126.387118,14152.95498,14073.251394,14073.251394,53.135723999999755,Win,TP
2020-09-03 02:15:00,2020-09-03 02:20:00,short,14135.528007,14162.381522,14081.820977000003,14162.381522,-26.85351499999888,Loss,SL
2020-09-03 05:40:00,2020-09-03 08:00:00,short,14056.402186,14087.254839,13994.69688,13994.69688,61.70530599999984,Win,TP
2020-09-04 03:30:00,2020-09-04 06:00:00,long,13460.244826,13402.540811,13575.652855999999,13402.540811,-57.704014999999345,Loss,SL
2020-09-08 05:55:00,2020-09-08 06:15:00,long,12938.35719,12890.36537,13034.340830000003,12890.36537,-47.9918200000011,Loss,SL
2020-09-09 02:00:00,2020-09-09 02:30:00,short,12719.547158,12736.402825,12685.835824,12736.402825,-16.855666999999812,Loss,SL
2020-09-09 02:15:00,2020-09-09 02:30:00,short,12712.120186,12743.829797,12648.700964,12743.829797,-31.709611000000223,Loss,SL
2020-09-09 04:00:00,2020-09-09 04:25:00,short,12823.239118,12856.9483,12755.820753999998,12856.9483,-33.70918200000051,Loss,SL
2020-09-10 04:30:00,2020-09-10 05:35:00,long,12986.061205,12948.067232,13062.049151000001,12948.067232,-37.99397300000055,Loss,SL
2020-09-11 05:40:00,2020-09-11 06:25:00,short,12892.938398,12914.364509,12850.086175999999,12850.086175999999,42.85222200000135,Win,TP
2020-09-14 04:30:00,2020-09-14 04:35:00,short,12818.09482,12834.38619,12785.512080000002,12785.512080000002,32.58273999999801,Win,TP
2020-09-14 05:40:00,2020-09-14 06:45:00,long,12826.102018,12803.805249,12870.695556,12803.805249,-22.296769000000495,Loss,SL
2020-09-14 05:20:00,2020-09-14 05:40:00,short,12792.643368,12826.664963,12724.600177999999,12826.664963,-34.02159500000016,Loss,SL
2020-09-15 03:10:00,2020-09-15 03:45:00,short,12948.211794,12970.222592,12904.190198000002,12970.222592,-22.01079799999934,Loss,SL
2020-09-15 05:50:00,2020-09-15 07:40:00,long,13010.553553,12989.686641,13052.287376999999,13052.287376999999,41.733823999999004,Win,TP
2020-09-16 04:15:00,2020-09-16 05:50:00,short,13164.978094,13183.843207,13127.247868,13183.843207,-18.865112999999837,Loss,SL
2020-09-16 06:00:00,2020-09-16 06:20:00,short,13167.265865,13190.992491,13119.812612999996,13119.812612999996,47.453252000002976,Win,TP
2020-09-17 03:05:00,2020-09-17 04:45:00,long,12695.985044,12658.817763,12770.319606,12770.319606,74.334562,Win,TP
2020-09-18 02:00:00,2020-09-18 02:40:00,long,12712.571383,12680.551588,12776.610973,12680.551588,-32.01979500000016,Loss,SL
2020-09-18 02:00:00,2020-09-18 02:40:00,long,12712.571383,12680.551588,12776.610973,12680.551588,-32.01979500000016,Loss,SL
2020-09-21 02:50:00,2020-09-21 03:45:00,short,12369.119765,12411.720502,12283.918290999998,12283.918290999998,85.20147400000133,Win,TP
2020-09-21 04:25:00,2020-09-21 08:30:00,short,12322.506431,12361.675511,12244.168271,12361.675511,-39.16907999999967,Loss,SL
2020-09-21 05:20:00,2020-09-21 06:25:00,long,12343.668313,12271.326554,12488.351831000002,12271.326554,-72.34175900000082,Loss,SL
2020-09-21 05:20:00,2020-09-21 06:25:00,long,12343.668313,12271.326554,12488.351831000002,12271.326554,-72.34175900000082,Loss,SL
2020-09-22 02:10:00,2020-09-22 02:50:00,short,12488.369827,12521.81948,12421.470521000001,12521.81948,-33.44965299999967,Loss,SL
2020-09-23 02:00:00,2020-09-23 02:15:00,long,12727.441895,12710.006639,12762.312407000001,12710.006639,-17.435256000000663,Loss,SL
2020-09-23 05:20:00,2020-09-23 05:50:00,short,12794.359196,12815.226108,12752.625371999997,12815.226108,-20.86691200000132,Loss,SL
2020-09-23 05:15:00,2020-09-23 06:50:00,short,12803.224308,12831.812447,12746.048030000002,12746.048030000002,57.176277999999,Win,TP
2020-09-24 03:05:00,2020-09-24 03:15:00,short,12343.668313,12360.531626,12309.941687,12309.941687,33.72662599999967,Win,TP
2020-09-24 05:00:00,2020-09-24 06:50:00,long,12361.112567,12307.644918,12468.047865,12307.644918,-53.467649000000165,Loss,SL
2020-09-24 06:00:00,2020-09-24 06:40:00,short,12363.400338,12380.263651,12329.673712,12329.673712,33.72662599999967,Win,TP
2020-09-25 03:15:00,2020-09-25 04:40:00,long,12443.472322,12416.31404,12497.788886,12416.31404,-27.158282000000327,Loss,SL
2020-09-25 03:25:00,2020-09-25 03:30:00,short,12437.466923,12453.758293,12404.884182999998,12453.758293,-16.291370000000825,Loss,SL
2020-09-25 03:40:00,2020-09-25 03:55:00,short,12447.18995,12470.916576,12399.736698,12470.916576,-23.72662599999967,Loss,SL
2020-09-28 02:00:00,2020-09-28 03:10:00,long,12830.391589,12806.664963,12877.844841000004,12877.844841000004,47.453252000002976,Win,TP
2020-09-28 02:00:00,2020-09-28 03:10:00,long,12830.391589,12806.664963,12877.844841000004,12877.844841000004,47.453252000002976,Win,TP
2020-09-28 02:00:00,2020-09-28 03:10:00,long,12830.391589,12806.664963,12877.844841000004,12877.844841000004,47.453252000002976,Win,TP
2020-09-28 02:00:00,2020-09-28 03:10:00,long,12830.391589,12806.664963,12877.844841000004,12877.844841000004,47.453252000002976,Win,TP
2020-09-28 02:00:00,2020-09-28 03:10:00,long,12830.391589,12806.664963,12877.844841000004,12877.844841000004,47.453252000002976,Win,TP
2020-09-28 06:00:00,2020-09-28 06:20:00,short,12938.774739,12963.359279,12889.605659,12963.359279,-24.584539999999834,Loss,SL
2020-09-29 03:55:00,2020-09-29 04:30:00,long,13000.544555,12982.823328,13035.987009,12982.823328,-17.721227,Loss,SL
2020-09-29 04:45:00,2020-09-29 06:30:00,long,13002.260383,12985.111099,13036.558951000003,12985.111099,-17.14928400000099,Loss,SL
2020-09-30 02:45:00,2020-09-30 04:25:00,short,12847.549871,12871.276497,12800.096618999996,12800.096618999996,47.453252000002976,Win,TP
2020-09-30 03:15:00,2020-09-30 03:25:00,long,12856.414984,12832.402386,12904.440179999998,12832.402386,-24.012597999999343,Loss,SL
2020-09-30 03:00:00,2020-09-30 04:20:00,long,12850.409585,12811.240505,12928.747744999999,12811.240505,-39.16907999999967,Loss,SL
2020-10-01 02:00:00,2020-10-01 03:35:00,long,13143.816213,13119.803615,13191.841408999999,13119.803615,-24.012597999999343,Loss,SL
2020-10-02 02:00:00,2020-10-02 02:05:00,short,13033.431263,13047.434862,13005.424065000001,13047.434862,-14.003598999999667,Loss,SL
2020-10-02 02:00:00,2020-10-02 02:05:00,short,13033.431263,13047.434862,13005.424065000001,13047.434862,-14.003598999999667,Loss,SL
2020-10-01 05:20:00,2020-10-01 07:35:00,long,13209.589628,13186.434945,13255.898993999997,13255.898993999997,46.30936599999768,Win,TP
2020-10-02 02:00:00,2020-10-02 02:05:00,short,13033.431263,13047.434862,13005.424065000001,13047.434862,-14.003598999999667,Loss,SL
2020-10-02 02:35:00,2020-10-02 02:50:00,short,13072.609341,13102.055394,13013.717234999996,13013.717234999996,58.89210600000297,Win,TP
2020-10-02 05:40:00,2020-10-02 06:05:00,long,12994.825128,12970.81253,13042.850324000003,12970.81253,-24.012598000001162,Loss,SL
2020-10-02 05:25:00,2020-10-02 06:45:00,long,12964.512162,12927.344882,13038.846722000004,12927.344882,-37.16728000000148,Loss,SL
2020-10-05 04:00:00,2020-10-05 07:40:00,long,12961.366477,12930.776538,13022.546354999999,12930.776538,-30.589938999999504,Loss,SL
2020-10-05 04:20:00,2020-10-05 07:15:00,long,12958.792735,12935.924023,13004.530159000004,12935.924023,-22.868712000001324,Loss,SL
2020-10-06 03:50:00,2020-10-06 05:00:00,long,13074.611141,13058.31977,13107.193882999998,13058.31977,-16.291370999999344,Loss,SL
2020-10-07 03:25:00,2020-10-07 06:45:00,short,12962.796334,12983.949218,12920.490566000002,12983.949218,-21.152883999999176,Loss,SL
2020-10-07 04:45:00,2020-10-07 06:45:00,short,12961.652449,12987.094903,12910.767541,12987.094903,-25.442453999999998,Loss,SL
2020-10-08 02:00:00,2020-10-08 02:45:00,long,13229.321653,13214.46014,13259.044679000004,13214.46014,-14.86151300000165,Loss,SL
2020-10-07 05:55:00,2020-10-07 07:05:00,long,12963.654248,12943.64525,13003.672244000003,13003.672244000003,40.01799600000231,Win,TP
2020-10-08 05:50:00,2020-10-08 06:45:00,short,13189.285661,13211.868401,13144.120181,13211.868401,-22.58273999999983,Loss,SL
2020-10-09 05:20:00,2020-10-09 06:30:00,short,13235.898995,13252.762307,13202.172370999997,13252.762307,-16.863312000001315,Loss,SL
2020-10-09 05:20:00,2020-10-09 06:30:00,short,13235.898995,13252.762307,13202.172370999997,13252.762307,-16.863312000001315,Loss,SL
2020-10-12 02:55:00,2020-10-12 03:25:00,long,13494.989058,13462.683291,13559.600591999999,13559.600591999999,64.61153399999966,Win,TP
2020-10-12 04:45:00,2020-10-12 05:35:00,short,13537.312821,13564.757075,13482.424313,13564.757075,-27.444254,Loss,SL
2020-10-13 05:55:00,2020-10-13 06:05:00,short,13933.0972,13961.971311,13875.348978000002,13961.971311,-28.874110999999175,Loss,SL
2020-10-14 05:25:00,2020-10-14 06:20:00,short,13835.866934,13863.025216,13781.550369999999,13863.025216,-27.158282000000327,Loss,SL
2020-10-15 02:00:00,2020-10-15 02:10:00,short,13554.471103,13573.622187,13516.168934999998,13573.622187,-19.151084000000992,Loss,SL
2020-10-16 04:25:00,2020-10-16 05:20:00,short,13590.503496,13618.805664,13533.899159999999,13618.805664,-28.302168000000165,Loss,SL
2020-10-16 04:25:00,2020-10-16 05:20:00,short,13590.503496,13618.805664,13533.899159999999,13618.805664,-28.302168000000165,Loss,SL
2020-10-16 05:20:00,2020-10-16 05:50:00,long,13618.242719,13598.233721,13658.260714999999,13598.233721,-20.008997999999337,Loss,SL
2020-10-16 05:50:00,2020-10-16 06:25:00,short,13591.36141,13629.386605,13515.31102,13629.386605,-38.02519500000017,Loss,SL
2020-10-19 04:35:00,2020-10-19 04:50:00,long,13650.271513,13633.122229,13684.570080999998,13633.122229,-17.14928399999917,Loss,SL
2020-10-19 05:55:00,2020-10-19 06:05:00,long,13647.411799,13632.550286,13677.134825,13632.550286,-14.861512999999832,Loss,SL
2020-10-20 02:00:00,2020-10-20 02:05:00,short,13399.188648,13425.774988,13346.015968,13425.774988,-26.586339999999836,Loss,SL
2020-10-20 04:10:00,2020-10-20 05:25:00,short,13406.051961,13428.34873,13361.458422999998,13428.34873,-22.296769000000495,Loss,SL
2020-10-20 04:45:00,2020-10-20 05:25:00,short,13402.620305,13423.201245,13361.458425,13423.201245,-20.580939999999828,Loss,SL
2020-10-22 02:00:00,2020-10-22 02:40:00,short,13292.807298,13315.676009,13247.069875999998,13315.676009,-22.868711000000985,Loss,SL
2020-10-21 06:00:00,2020-10-21 08:30:00,short,13332.271347,13366.006971,13264.800098999998,13366.006971,-33.735624000000826,Loss,SL
2020-10-22 05:00:00,2020-10-22 05:15:00,short,13318.25875,13346.560918,13261.654414000004,13346.560918,-28.302167999998346,Loss,SL
2020-10-22 04:50:00,2020-10-22 05:00:00,long,13335.703003,13315.979977,13375.149055,13315.979977,-19.723025999999663,Loss,SL
2020-10-22 05:00:00,2020-10-22 05:15:00,short,13318.25875,13346.560918,13261.654414000004,13346.560918,-28.302167999998346,Loss,SL
2020-10-22 05:15:00,2020-10-22 09:05:00,long,13346.855887,13313.406234,13413.755192999999,13313.406234,-33.44965299999967,Loss,SL
2020-10-23 02:00:00,2020-10-23 02:30:00,short,13299.956582,13317.96378,13263.942186000002,13317.96378,-18.007197999999335,Loss,SL
2020-10-22 05:35:00,2020-10-22 07:00:00,short,13344.282145,13370.582513,13291.681408999999,13370.582513,-26.300368000000162,Loss,SL
2020-10-23 03:55:00,2020-10-23 05:45:00,short,13325.979977,13352.280345,13273.379241000004,13352.280345,-26.300367999998343,Loss,SL
2020-10-23 04:25:00,2020-10-23 06:40:00,short,13339.992574,13356.855887,13306.265948,13356.855887,-16.863312999999835,Loss,SL
2020-10-26 02:00:00,2020-10-26 02:15:00,short,13264.496132,13279.643616,13234.201164000002,13234.201164000002,30.294967999998335,Win,TP
2020-10-23 05:50:00,2020-10-23 06:40:00,short,13341.13646,13355.712002,13311.985375999999,13355.712002,-14.575542000000496,Loss,SL
2020-10-27 02:25:00,2020-10-27 02:45:00,short,13186.425947,13209.294659,13140.688523,13209.294659,-22.868711999999505,Loss,SL
2020-10-27 04:25:00,2020-10-27 05:40:00,long,13183.280262,13166.416949,13217.006888,13217.006888,33.72662599999967,Win,TP
2020-10-28 02:00:00,2020-10-28 02:20:00,short,13197.292859,13214.442144,13162.994288999997,13162.994288999997,34.298570000002655,Win,TP
2020-10-30 03:50:00,2020-10-30 04:15:00,short,12705.422099,12732.580381,12651.105534999999,12732.580381,-27.158282000000327,Loss,SL
2020-10-30 04:15:00,2020-10-30 05:55:00,long,12754.037232,12706.574982,12848.961732000002,12848.961732000002,94.92450000000099,Win,TP
2020-10-30 05:25:00,2020-10-30 08:30:00,long,12818.666762,12788.362795,12879.274696000004,12879.274696000004,60.6079340000033,Win,TP
2020-11-04 03:10:00,2020-11-04 03:15:00,short,13177.560835,13210.152573,13112.377359000002,13210.152573,-32.59173799999917,Loss,SL
2020-11-05 05:50:00,2020-11-05 08:05:00,short,13814.419081,13841.291392,13760.674459000002,13760.674459000002,53.744621999998344,Win,TP
2020-11-06 02:40:00,2020-11-06 03:00:00,short,13710.325501,13734.62407,13661.728362999998,13661.728362999998,48.597138000000996,Win,TP
2020-11-06 04:45:00,2020-11-06 06:05:00,long,13660.280511,13633.980143,13712.881247000001,13712.881247000001,52.600736000000325,Win,TP
2020-11-09 04:40:00,2020-11-09 05:55:00,long,14084.090085,14041.203377,14169.863501,14041.203377,-42.886708,Loss,SL
2020-11-09 05:45:00,2020-11-09 05:55:00,long,14132.705218,14050.068489,14297.978675999999,14050.068489,-82.63672899999983,Loss,SL
2020-11-09 05:55:00,2020-11-09 06:10:00,short,14063.500146,14136.985791,13916.528856000003,13916.528856000003,146.97128999999768,Win,TP
2020-11-10 06:00:00,2020-11-10 06:10:00,long,13353.7192,13317.981776,13425.194047999998,13317.981776,-35.73742399999901,Loss,SL
2020-11-10 05:35:00,2020-11-10 08:30:00,long,13316.542922,13255.640017,13438.348732000002,13438.348732000002,121.80581000000166,Win,TP
2020-11-10 05:35:00,2020-11-10 08:30:00,long,13316.542922,13255.640017,13438.348732000002,13438.348732000002,121.80581000000166,Win,TP
2020-11-11 03:30:00,2020-11-11 03:40:00,short,13396.042963,13420.341532,13347.445824999999,13420.341532,-24.298569000000498,Loss,SL
2020-11-12 02:30:00,2020-11-12 03:30:00,long,13550.467504,13526.168935,13599.064642000001,13599.064642000001,48.597138000000996,Win,TP
2020-11-12 05:55:00,2020-11-12 06:05:00,short,13642.550286,13668.564683,13590.521491999998,13590.521491999998,52.02879400000165,Win,TP
2020-11-13 05:20:00,2020-11-13 08:35:00,short,13617.098834,13634.534089,13582.228324,13582.228324,34.87051000000065,Win,TP
2020-11-16 02:00:00,2020-11-16 02:55:00,long,13725.481984,13704.3291,13767.787751999998,13704.3291,-21.152883999999176,Loss,SL
2020-11-16 02:15:00,2020-11-16 02:50:00,long,13744.356094,13724.919039,13783.230204000001,13724.919039,-19.437055000000328,Loss,SL
2020-11-16 05:00:00,2020-11-16 05:50:00,long,13729.199612,13706.044929,13775.508978000002,13706.044929,-23.15468300000066,Loss,SL
2020-11-16 05:15:00,2020-11-16 05:50:00,short,13721.764356,13739.771554,13685.749959999997,13739.771554,-18.007198000001154,Loss,SL
2020-11-17 05:45:00,2020-11-17 07:30:00,long,13767.233804,13747.796749,13806.107914,13747.796749,-19.437055000000328,Loss,SL
2020-11-19 04:35:00,2020-11-19 05:45:00,short,13548.751676,13565.043046,13516.168935999998,13565.043046,-16.291370000000825,Loss,SL
2020-11-20 02:30:00,2020-11-20 03:25:00,short,13696.598875,13716.893845,13656.008934999998,13716.893845,-20.29497000000083,Loss,SL
2020-11-23 02:00:00,2020-11-23 02:05:00,short,13660.280511,13674.856053,13631.129427000003,13674.856053,-14.575541999998677,Loss,SL
2020-11-23 02:55:00,2020-11-23 06:05:00,long,13674.293108,13652.854253,13717.170818,13652.854253,-21.43885500000033,Loss,SL
2020-11-23 02:55:00,2020-11-23 06:05:00,long,13674.293108,13652.854253,13717.170818,13652.854253,-21.43885500000033,Loss,SL
2020-11-23 04:25:00,2020-11-23 07:40:00,short,13668.287709,13684.865051,13635.133025,13635.133025,33.154684000001,Win,TP
2020-11-23 04:55:00,2020-11-23 07:40:00,short,13670.003538,13683.435194,13643.140226000003,13643.140226000003,26.863311999997677,Win,TP
2020-11-24 02:00:00,2020-11-24 02:35:00,long,13696.598875,13672.300307,13745.196011,13672.300307,-24.29856800000016,Loss,SL
2020-11-24 02:15:00,2020-11-24 06:25:00,short,13686.017935,13707.742761,13642.568283,13642.568283,43.44965199999933,Win,TP
2020-11-24 03:40:00,2020-11-24 06:20:00,long,13666.571881,13650.852454,13698.010735,13650.852454,-15.719426999999996,Loss,SL
2020-11-24 04:40:00,2020-11-24 05:35:00,short,13654.847055,13670.852454,13622.836257,13670.852454,-16.00539899999967,Loss,SL
2020-11-24 05:55:00,2020-11-24 07:45:00,short,13658.564683,13675.999938,13623.694173,13675.999938,-17.435255000000325,Loss,SL
2020-11-25 02:00:00,2020-11-25 02:45:00,long,13867.323785,13848.172701,13905.625953000002,13848.172701,-19.151084000000992,Loss,SL
2020-11-25 02:00:00,2020-11-25 02:45:00,long,13867.323785,13848.172701,13905.625953000002,13848.172701,-19.151084000000992,Loss,SL
2020-11-25 03:25:00,2020-11-25 06:25:00,short,13836.438876,13865.598958,13778.118712,13865.598958,-29.16008200000033,Loss,SL
2020-11-25 04:40:00,2020-11-25 06:25:00,short,13846.447874,13866.170901,13807.00182,13866.170901,-19.723027000000002,Loss,SL
2020-11-26 02:30:00,2020-11-26 10:55:00,short,13956.832824,13974.840022,13920.818427999997,13941.39037,15.442453999999998,Win,Timeout
2020-11-26 04:05:00,2020-11-26 05:05:00,long,13955.97491,13938.539654,13990.845422000002,13938.539654,-17.435256000000663,Loss,SL
2020-11-26 03:50:00,2020-11-26 09:50:00,long,13949.111597,13931.39037,13984.554051,13931.39037,-17.721227,Loss,SL
2020-11-27 02:00:00,2020-11-27 02:05:00,short,13941.104399,13954.822026,13913.669145,13954.822026,-13.717626999999993,Loss,SL
2020-11-27 02:15:00,2020-11-27 03:00:00,short,13943.39217,13961.685339,13906.805831999998,13961.685339,-18.29316900000049,Loss,SL
2020-11-27 02:40:00,2020-11-27 04:15:00,long,13954.259082,13938.825626,13985.125994000002,13938.825626,-15.43345600000066,Loss,SL
2020-11-27 03:50:00,2020-11-27 07:05:00,short,13947.967712,13961.113397,13921.676342,13961.113397,-13.145684999999503,Loss,SL
2020-11-27 03:20:00,2020-11-27 04:15:00,long,13955.116996,13940.827425,13983.696138000003,13940.827425,-14.28957100000116,Loss,SL
2020-11-30 05:30:00,2020-11-30 06:15:00,short,14012.31127,14039.183581,13958.566648000002,14039.183581,-26.872310999999172,Loss,SL
2020-12-02 03:35:00,2020-12-02 06:30:00,short,14228.219656,14244.511027,14195.636913999997,14195.636913999997,32.58274200000233,Win,TP
2020-12-02 05:10:00,2020-12-02 06:40:00,short,14222.214258,14240.793399,14185.055976,14185.055976,37.15828200000033,Win,TP
2020-12-02 05:05:00,2020-12-02 06:25:00,short,14229.363542,14244.796998,14198.496629999998,14198.496629999998,30.86691200000132,Win,TP
2020-12-04 05:00:00,2020-12-04 06:40:00,long,14311.437326,14296.575812,14341.160354,14296.575812,-14.86151400000017,Loss,SL
2020-12-07 04:15:00,2020-12-07 08:30:00,long,14314.868982,14293.716099,14357.174748000001,14357.174748000001,42.30576600000131,Win,TP
2020-12-07 03:30:00,2020-12-07 08:00:00,long,14299.998471,14281.133358,14337.728697000004,14337.728697000004,37.73022600000331,Win,TP
2020-12-07 05:35:00,2020-12-07 07:25:00,short,14317.156753,14332.590209,14286.289840999998,14332.590209,-15.43345600000066,Loss,SL
2020-12-08 05:00:00,2020-12-08 05:05:00,short,14398.372623,14412.090251,14370.937366999999,14370.937366999999,27.435256000000663,Win,TP
2020-12-09 03:55:00,2020-12-09 04:15:00,long,14459.570497,14446.996754,14484.717983000002,14446.996754,-12.573743000000832,Loss,SL
2020-12-11 03:50:00,2020-12-11 04:45:00,short,14108.683623,14124.40305,14077.244769,14077.244769,31.438853999999992,Win,TP
2020-12-14 02:00:00,2020-12-14 02:05:00,long,14205.341947,14194.484032,14227.057777000002,14194.484032,-10.857915000000503,Loss,SL
2020-12-14 02:00:00,2020-12-14 02:05:00,long,14205.341947,14194.484032,14227.057777000002,14194.484032,-10.857915000000503,Loss,SL
2020-12-14 02:00:00,2020-12-14 02:05:00,long,14205.341947,14194.484032,14227.057777000002,14194.484032,-10.857915000000503,Loss,SL
2020-12-14 03:55:00,2020-12-14 05:40:00,long,14206.771803,14191.338347,14237.638714999997,14237.638714999997,30.866911999997683,Win,TP
2020-12-15 06:00:00,2020-12-15 08:30:00,long,14319.979779,14293.687912,14372.563513,14372.563513,52.58373399999982,Win,TP
2020-12-16 03:00:00,2020-12-16 07:00:00,short,14449.743074,14464.316229,14420.596764,14420.596764,29.146310000000085,Win,TP
2020-12-18 02:00:00,2020-12-18 03:05:00,long,14559.212989,14537.208456,14603.222054999998,14603.222054999998,44.00906599999871,Win,TP
2020-12-18 03:45:00,2020-12-18 06:10:00,short,14573.218279,14587.505612,14544.643613,14587.505612,-14.287333000000217,Loss,SL
2020-12-18 04:10:00,2020-12-18 06:15:00,short,14572.932457,14591.507124,14535.783123000003,14591.507124,-18.574666999998954,Loss,SL
2020-12-21 02:45:00,2020-12-21 03:30:00,short,14547.208456,14567.498056,14506.629256,14506.629256,40.57920000000013,Win,TP
2020-12-22 02:00:00,2020-12-22 02:45:00,long,14498.904498,14479.758186,14537.197122000001,14537.197122000001,38.292624000001524,Win,TP
2020-12-22 02:05:00,2020-12-22 03:45:00,long,14511.194854,14485.188809,14563.206944,14563.206944,52.01209000000017,Win,TP
2020-12-23 02:40:00,2020-12-23 06:00:00,long,14550.638322,14535.493522,14580.927922,14535.493522,-15.144800000000032,Loss,SL
2020-12-24 05:00:00,2020-12-24 08:00:00,long,14483.184275,14470.04023,14509.472364999998,14470.04023,-13.144044999999096,Loss,SL
2020-12-28 02:00:00,2020-12-28 02:10:00,long,14616.663259,14604.090858,14641.808061000003,14604.090858,-12.572401000001264,Loss,SL
2020-12-28 02:00:00,2020-12-28 02:10:00,long,14616.663259,14604.090858,14641.808061000003,14604.090858,-12.572401000001264,Loss,SL
2020-12-28 02:35:00,2020-12-28 05:10:00,short,14612.090103,14627.520725,14581.228859,14627.520725,-15.430621999999858,Loss,SL
2020-12-28 04:05:00,2020-12-28 05:00:00,short,14609.23188,14622.375925,14582.943789999998,14622.375925,-13.144045000000915,Loss,SL
2020-12-29 02:00:00,2020-12-29 04:05:00,long,14740.424286,14729.280997,14762.710863999999,14729.280997,-11.14328899999964,Loss,SL
2020-12-29 05:00:00,2020-12-29 08:30:00,short,14732.135441,14743.850375,14708.705573000001,14743.850375,-11.71493399999963,Loss,SL
2020-12-30 02:00:00,2020-12-30 05:20:00,long,14737.851886,14720.134686,14773.286286000002,14720.134686,-17.717200000000958,Loss,SL
2020-12-30 02:00:00,2020-12-30 05:20:00,long,14737.851886,14720.134686,14773.286286000002,14720.134686,-17.717200000000958,Loss,SL
2020-12-31 02:00:00,2020-12-31 05:20:00,short,14692.691973,14703.54944,14670.977039000001,14703.54944,-10.857466999999815,Loss,SL
2020-12-31 02:10:00,2020-12-31 05:20:00,short,14683.545662,14700.119573,14650.397840000001,14700.119573,-16.573910999999498,Loss,SL
2020-12-31 02:40:00,2020-12-31 04:50:00,short,14681.544906,14696.689706,14651.255306,14696.689706,-15.144800000000032,Loss,SL
2021-01-05 03:10:00,2021-01-05 05:55:00,long,14524.914321,14500.62321,14573.496543000001,14500.62321,-24.291111000000456,Loss,SL
2021-01-05 04:45:00,2021-01-05 05:05:00,short,14519.769521,14540.059121,14479.190321,14540.059121,-20.289600000000064,Loss,SL
2021-01-05 05:00:00,2021-01-05 05:45:00,long,14534.346455,14514.914321,14573.210723000002,14514.914321,-19.432134000000588,Loss,SL
2021-01-06 03:45:00,2021-01-06 04:05:00,long,14380.859915,14348.279958,14446.019828999999,14348.279958,-32.57995699999992,Loss,SL
2021-01-06 03:00:00,2021-01-06 05:15:00,long,14347.418714,14299.976001,14442.304139999997,14299.976001,-47.44271299999855,Loss,SL
2021-01-07 03:05:00,2021-01-07 03:35:00,long,14529.487477,14498.622454,14591.217523000001,14498.622454,-30.865023000000292,Loss,SL
2021-01-07 02:30:00,2021-01-07 03:05:00,short,14484.327564,14513.477654,14426.027383999997,14513.477654,-29.150090000001,Loss,SL
2021-01-07 02:55:00,2021-01-07 04:55:00,long,14505.478409,14487.761209,14540.912808999998,14487.761209,-17.71719999999914,Loss,SL
2021-01-07 04:50:00,2021-01-07 06:00:00,short,14500.047787,14535.771788,14428.599784999999,14535.771788,-35.7240010000005,Loss,SL
2021-01-07 05:10:00,2021-01-07 06:05:00,long,14498.047031,14477.757431,14538.626231,14538.626231,40.57920000000013,Win,TP
2021-01-08 03:50:00,2021-01-08 08:25:00,long,14837.889668,14814.170201,14885.328601999998,14885.328601999998,47.43893399999797,Win,TP
2021-01-11 02:00:00,2021-01-11 02:30:00,long,14931.925183,14907.634072,14980.507404999997,14907.634072,-24.291110999998637,Loss,SL
2021-01-11 03:10:00,2021-01-11 06:20:00,short,14911.345983,14932.207227,14869.623494999996,14869.623494999996,41.72248800000307,Win,TP
2021-01-11 04:20:00,2021-01-11 04:55:00,short,14906.201182,14924.204205,14870.195136000002,14924.204205,-18.003022999999303,Loss,SL
2021-01-12 03:10:00,2021-01-12 07:20:00,long,14794.158866,14775.870022,14830.736554000001,14775.870022,-18.28884400000061,Loss,SL
2021-01-13 02:25:00,2021-01-13 04:30:00,short,14777.295354,14791.582688,14748.720685999999,14748.720685999999,28.57466800000111,Win,TP
2021-01-13 04:10:00,2021-01-13 04:25:00,long,14779.29611,14766.437888,14805.012553999997,14766.437888,-12.858221999998932,Loss,SL
2021-01-13 03:00:00,2021-01-13 04:30:00,long,14770.149799,14753.861709,14802.725979,14753.861709,-16.28809000000001,Loss,SL
2021-01-14 02:00:00,2021-01-14 04:00:00,long,14812.451489,14795.877578,14845.599310999998,14795.877578,-16.573910999999498,Loss,SL
2021-01-14 02:00:00,2021-01-14 04:00:00,long,14812.451489,14795.877578,14845.599310999998,14795.877578,-16.573910999999498,Loss,SL
2021-01-14 02:00:00,2021-01-14 04:00:00,long,14812.451489,14795.877578,14845.599310999998,14795.877578,-16.573910999999498,Loss,SL
2021-01-13 04:55:00,2021-01-13 05:25:00,short,14739.852642,14754.425797,14710.706332,14710.706332,29.146310000000085,Win,TP
2021-01-13 05:20:00,2021-01-13 06:55:00,short,14727.848108,14752.710864,14678.122596,14678.122596,49.72551200000089,Win,TP
2021-01-14 02:00:00,2021-01-14 04:00:00,long,14812.451489,14795.877578,14845.599310999998,14795.877578,-16.573910999999498,Loss,SL
2021-01-15 04:30:00,2021-01-15 04:50:00,long,14737.280242,14710.702552,14790.435622,14710.702552,-26.577690000000075,Loss,SL
2021-01-15 04:15:00,2021-01-15 04:30:00,short,14718.987619,14735.275708,14686.411441,14735.275708,-16.288088999999673,Loss,SL
2021-01-15 04:30:00,2021-01-15 04:50:00,long,14737.280242,14710.702552,14790.435622,14710.702552,-26.577690000000075,Loss,SL
2021-01-15 04:30:00,2021-01-15 04:50:00,long,14737.280242,14710.702552,14790.435622,14710.702552,-26.577690000000075,Loss,SL
2021-01-15 04:45:00,2021-01-15 06:30:00,short,14719.845085,14743.27873,14672.977795000003,14743.27873,-23.43364499999916,Loss,SL
2021-01-18 02:00:00,2021-01-18 05:05:00,short,14614.376681,14626.663259,14589.803524999998,14626.663259,-12.2865780000011,Loss,SL
2021-01-18 05:25:00,2021-01-18 08:55:00,short,14635.527526,14649.529037,14607.524503999999,14649.529037,-14.001511000000392,Loss,SL
2021-01-19 04:50:00,2021-01-19 06:45:00,short,14777.295354,14793.297621,14745.29082,14745.29082,32.004533999999694,Win,TP
2021-01-20 03:05:00,2021-01-20 03:45:00,short,14932.78265,14950.785673,14896.776603999997,14950.785673,-18.00302300000112,Loss,SL
2021-01-20 03:55:00,2021-01-20 06:55:00,long,14954.219318,14938.788695,14985.080564,14985.080564,30.861246000000392,Win,TP
2021-01-20 05:25:00,2021-01-20 06:55:00,short,14960.507407,14975.938029,14929.646162999996,14975.938029,-15.430622000001676,Loss,SL
2021-01-21 05:05:00,2021-01-21 06:30:00,short,15260.906576,15275.193909,15232.331909999999,15275.193909,-14.287333000000217,Loss,SL
2021-01-21 05:25:00,2021-01-21 07:45:00,long,15265.765554,15251.192398,15294.911866,15251.192398,-14.573156000000381,Loss,SL
2021-01-22 02:00:00,2021-01-22 02:20:00,short,15263.764798,15274.622265,15242.049864,15242.049864,21.71493399999963,Win,TP
2021-01-22 02:50:00,2021-01-22 03:30:00,long,15255.190131,15238.330397,15288.909598999999,15238.330397,-16.859733999999662,Loss,SL
2021-01-22 04:25:00,2021-01-22 04:50:00,long,15246.615464,15224.325108,15291.196176000003,15224.325108,-22.29035600000134,Loss,SL
2021-01-22 04:15:00,2021-01-22 04:25:00,short,15227.751196,15247.18333,15188.886927999998,15247.18333,-19.432134000000588,Loss,SL
2021-01-22 04:50:00,2021-01-22 08:25:00,short,15223.178041,15251.756486,15166.021150999997,15251.756486,-28.57844500000101,Loss,SL
2021-01-25 04:10:00,2021-01-25 04:55:00,short,15406.675915,15423.249827,15373.528091,15423.249827,-16.573911999999837,Loss,SL
2021-01-25 04:55:00,2021-01-25 05:45:00,long,15423.539427,15406.965516,15456.687248999999,15406.965516,-16.573910999999498,Loss,SL
2021-01-26 03:50:00,2021-01-26 05:15:00,short,15353.227157,15374.945869,15309.789733,15374.945869,-21.71871199999987,Loss,SL
2021-01-26 05:10:00,2021-01-26 05:45:00,long,15368.375736,15351.516002,15402.095204,15402.095204,33.719467999999324,Win,TP
2021-01-26 04:30:00,2021-01-26 05:15:00,short,15356.942846,15372.945113,15324.938312,15372.945113,-16.002266999999847,Loss,SL
2021-01-27 03:00:00,2021-01-27 04:50:00,long,15500.425608,15467.559829,15566.157165999999,15467.559829,-32.86577899999975,Loss,SL
2021-01-27 02:50:00,2021-01-27 03:00:00,short,15475.844896,15492.990452,15441.553784000002,15492.990452,-17.145555999999488,Loss,SL
2021-01-27 03:20:00,2021-01-27 05:00:00,short,15486.134496,15505.280808,15447.841872000003,15447.841872000003,38.292623999997886,Win,TP
2021-01-28 04:30:00,2021-01-28 04:45:00,long,14854.75318,14823.03069,14918.19816,14823.03069,-31.722490000000107,Loss,SL
2021-01-28 04:15:00,2021-01-28 06:10:00,long,14834.459801,14790.161133,14923.057137000003,14923.057137000003,88.59733600000254,Win,TP
2021-01-29 02:30:00,2021-01-29 03:00:00,short,14845.606869,14895.621981,14745.576644999997,14895.621981,-50.015112000000954,Loss,SL
2021-01-29 03:25:00,2021-01-29 03:45:00,long,14881.048826,14837.607624,14967.93123,14837.607624,-43.441201999999976,Loss,SL
2021-01-29 03:45:00,2021-01-29 04:15:00,short,14865.900247,14893.907048,14809.886645,14809.886645,56.01360199999908,Win,TP
2021-02-02 02:00:00,2021-02-02 08:35:00,long,15230.609419,15197.74364,15296.340977,15296.340977,65.7315579999995,Win,TP
2021-02-02 02:00:00,2021-02-02 08:35:00,long,15230.609419,15197.74364,15296.340977,15296.340977,65.7315579999995,Win,TP
2021-02-02 03:05:00,2021-02-02 08:35:00,long,15257.762531,15229.75573,15313.776133,15313.776133,56.01360199999908,Win,TP
2021-02-03 02:00:00,2021-02-03 02:10:00,long,15521.862276,15502.430142,15560.726544000001,15502.430142,-19.432134000000588,Loss,SL
2021-02-03 02:00:00,2021-02-03 02:10:00,long,15521.862276,15502.430142,15560.726544000001,15502.430142,-19.432134000000588,Loss,SL
2021-02-03 04:45:00,2021-02-03 06:05:00,long,15488.135252,15466.988185,15530.429386,15466.988185,-21.14706699999988,Loss,SL
2021-02-03 04:35:00,2021-02-03 08:15:00,long,15472.700851,15452.697073,15512.708407,15452.697073,-20.00377800000024,Loss,SL
2021-02-03 04:55:00,2021-02-03 08:15:00,short,15483.276274,15498.706897,15452.415028,15452.415028,30.861246000000392,Win,TP
2021-02-03 05:20:00,2021-02-03 06:05:00,long,15484.705385,15468.703118,15516.709918999999,15468.703118,-16.002266999999847,Loss,SL
2021-02-04 05:40:00,2021-02-04 07:10:00,short,15358.65778,15385.235469,15305.502402,15385.235469,-26.577688999999737,Loss,SL
2021-02-05 04:40:00,2021-02-05 07:10:00,long,15543.870588,15522.437698,15586.736368,15522.437698,-21.432890000000043,Loss,SL
2021-02-05 04:50:00,2021-02-05 05:05:00,short,15538.154143,15552.441477,15509.579474999999,15552.441477,-14.287334000000556,Loss,SL
2021-02-08 06:00:00,2021-02-08 08:10:00,short,15600.749213,15620.752991,15560.741656999999,15620.752991,-20.00377800000024,Loss,SL
2021-02-09 02:35:00,2021-02-09 05:05:00,long,15631.618014,15618.473969,15657.906103999998,15618.473969,-13.144044999999096,Loss,SL
2021-02-09 03:25:00,2021-02-09 05:05:00,long,15630.474725,15613.043347,15665.337480999999,15613.043347,-17.431377999999313,Loss,SL
2021-02-09 03:35:00,2021-02-09 08:35:00,short,15622.471702,15640.188903,15587.037300000002,15640.188903,-17.717200999999477,Loss,SL
2021-02-09 05:45:00,2021-02-09 07:25:00,long,15628.188147,15612.471702,15659.621037,15612.471702,-15.716445000000022,Loss,SL
2021-02-16 05:05:00,2021-02-16 05:35:00,short,15845.98469,15863.70189,15810.550289999997,15863.70189,-17.717200000000958,Loss,SL
2021-02-16 05:30:00,2021-02-16 07:40:00,long,15861.133268,15844.845179,15893.709445999999,15844.845179,-16.288088999999673,Loss,SL
2021-02-17 02:00:00,2021-02-17 02:45:00,short,15715.078106,15742.799085,15659.636148000001,15742.799085,-27.720978999999716,Loss,SL
2021-02-17 02:00:00,2021-02-17 02:45:00,short,15715.078106,15742.799085,15659.636148000001,15742.799085,-27.720978999999716,Loss,SL
2021-02-17 06:00:00,2021-02-17 06:20:00,long,15718.222151,15703.077351,15748.511751,15703.077351,-15.144800000000032,Loss,SL
2021-02-17 05:50:00,2021-02-17 07:15:00,long,15715.649751,15700.219128,15746.510997000001,15700.219128,-15.430623000000196,Loss,SL
2021-02-18 02:40:00,2021-02-18 03:25:00,long,15590.459612,15571.599123,15628.180590000002,15571.599123,-18.860489000000598,Loss,SL
2021-02-18 02:30:00,2021-02-18 04:45:00,long,15584.457345,15550.7341,15651.903835000003,15550.7341,-33.72324500000104,Loss,SL
2021-02-19 02:00:00,2021-02-19 03:15:00,long,15585.02899,15567.311789,15620.463392000003,15620.463392000003,35.43440200000259,Win,TP
2021-02-22 04:00:00,2021-02-22 05:10:00,long,15348.939824,15327.221112,15392.377247999999,15327.221112,-21.71871199999987,Loss,SL
2021-02-22 05:25:00,2021-02-22 07:45:00,short,15315.498622,15346.649468,15253.196929999998,15346.649468,-31.150846000000456,Loss,SL
2021-02-22 04:50:00,2021-02-22 05:35:00,short,15334.648712,15358.082357,15287.781422000002,15287.781422000002,46.86728999999832,Win,TP
2021-02-24 02:55:00,2021-02-24 04:00:00,long,15069.119856,15037.683188,15131.993191999996,15131.993191999996,62.873335999996925,Win,TP
2021-02-24 02:50:00,2021-02-24 03:20:00,long,15049.398122,15017.961454,15112.271458000001,15112.271458000001,62.87333600000056,Win,TP
2021-02-24 03:05:00,2021-02-24 03:15:00,short,15066.833278,15094.554257,15011.39132,15094.554257,-27.720978999999716,Loss,SL
2021-02-24 04:20:00,2021-02-24 04:25:00,short,15087.412479,15120.849902,15020.537633000002,15120.849902,-33.4374229999994,Loss,SL
2021-02-24 04:30:00,2021-02-24 05:05:00,long,15138.288837,15102.279014,15210.308483,15102.279014,-36.009823000000324,Loss,SL
2021-02-25 04:35:00,2021-02-25 05:20:00,long,15139.432126,15106.280525,15205.735327999999,15106.280525,-33.15160099999957,Loss,SL
2021-02-25 05:20:00,2021-02-25 08:30:00,short,15098.273724,15142.572392,15009.676388000002,15142.572392,-44.29866799999945,Loss,SL
2021-02-26 04:05:00,2021-02-26 04:15:00,short,14650.961927,14688.115039,14576.655703,14688.115039,-37.153111999999965,Loss,SL
2021-02-26 03:30:00,2021-02-26 03:35:00,short,14682.11655,14697.261351,14651.826948000004,14697.261351,-15.144800999998552,Loss,SL
2021-02-26 03:25:00,2021-02-26 03:40:00,short,14685.546417,14717.840551,14620.958149,14717.840551,-32.29413399999976,Loss,SL
2021-02-26 03:50:00,2021-02-26 05:10:00,short,14692.977795,14734.704063,14609.525259000004,14609.525259000004,83.45253599999705,Win,TP
2021-03-02 02:35:00,2021-03-02 02:50:00,long,15123.711903,15094.275991,15182.583726999997,15094.275991,-29.435911999999007,Loss,SL
2021-03-02 04:35:00,2021-03-02 06:40:00,long,15120.853681,15094.561813,15173.437417000001,15173.437417000001,52.5837360000005,Win,TP
2021-03-02 04:10:00,2021-03-02 04:20:00,short,15081.981857,15109.988657,15025.968257000002,15109.988657,-28.006799999999203,Loss,SL
2021-03-02 04:30:00,2021-03-02 04:40:00,short,15107.420036,15124.851414,15072.557279999997,15124.851414,-17.431378000001132,Loss,SL
2021-03-03 04:55:00,2021-03-03 06:10:00,long,15035.678655,15010.815898,15085.404168999998,15010.815898,-24.862756999998965,Loss,SL
2021-03-03 05:10:00,2021-03-03 05:45:00,short,15019.100965,15038.818921,14979.665052999999,15038.818921,-19.717956000000413,Loss,SL
2021-03-04 04:00:00,2021-03-04 04:05:00,long,14441.740051,14408.874272,14507.471609000004,14408.874272,-32.86577900000157,Loss,SL
2021-03-04 05:10:00,2021-03-04 05:35:00,short,14366.854625,14411.724938,14277.113999000001,14411.724938,-44.87031299999944,Loss,SL
2021-03-04 05:35:00,2021-03-04 07:20:00,long,14410.585427,14365.429293,14500.897695000001,14500.897695000001,90.3122680000015,Win,TP
2021-03-05 05:00:00,2021-03-05 06:30:00,long,14213.653908,14177.644084,14285.673556000002,14285.673556000002,72.01964800000133,Win,TP
2021-03-05 04:30:00,2021-03-05 04:40:00,short,14175.353728,14192.213462,14141.63426,14192.213462,-16.859733999999662,Loss,SL
2021-03-08 02:00:00,2021-03-08 05:10:00,short,14220.799464,14279.675066,14103.04826,14279.675066,-58.87560200000007,Loss,SL
2021-03-08 02:50:00,2021-03-08 03:20:00,long,14251.954087,14187.076218,14381.709825,14187.076218,-64.87786899999992,Loss,SL
2021-03-08 05:35:00,2021-03-08 06:40:00,long,14267.960132,14244.526487,14314.827422000002,14244.526487,-23.43364500000098,Loss,SL
2021-03-09 02:55:00,2021-03-09 03:40:00,long,14308.261067,14275.681111,14373.420978999999,14373.420978999999,65.15991199999917,Win,TP
2021-03-11 02:00:00,2021-03-11 02:10:00,long,14773.293843,14753.290065,14813.301399,14753.290065,-20.00377800000024,Loss,SL
2021-03-11 02:00:00,2021-03-11 02:10:00,long,14773.293843,14753.290065,14813.301399,14753.290065,-20.00377800000024,Loss,SL
2021-03-11 04:10:00,2021-03-11 04:45:00,short,14823.026912,14851.319535,14766.441665999997,14851.319535,-28.292623000001186,Loss,SL
2021-03-11 04:45:00,2021-03-11 06:00:00,long,14855.039002,14815.31349,14934.490025999998,14815.31349,-39.72551199999907,Loss,SL
2021-03-16 02:00:00,2021-03-16 02:15:00,long,15039.69999,15027.411888,15064.276193999996,15064.276193999996,24.576203999997233,Win,TP
2021-03-16 02:00:00,2021-03-16 02:15:00,long,15039.69999,15027.411888,15064.276193999996,15064.276193999996,24.576203999997233,Win,TP
2021-03-16 02:00:00,2021-03-16 02:15:00,long,15039.69999,15027.411888,15064.276193999996,15064.276193999996,24.576203999997233,Win,TP
2021-03-15 05:40:00,2021-03-15 06:30:00,long,14834.173979,14803.308956,14895.904024999996,14803.308956,-30.865022999998473,Loss,SL
2021-03-15 05:50:00,2021-03-15 06:05:00,short,14813.023134,14839.315001,14760.439399999996,14839.315001,-26.29186700000173,Loss,SL
2021-03-16 02:30:00,2021-03-16 03:50:00,short,15036.839862,15063.142595,14984.234396000003,14984.234396000003,52.60546599999725,Win,TP
2021-03-17 05:35:00,2021-03-17 05:55:00,long,15005.378448,14986.512049,15043.111245999997,14986.512049,-18.866398999998637,Loss,SL
2021-03-17 05:35:00,2021-03-17 05:55:00,long,15005.378448,14986.512049,15043.111245999997,14986.512049,-18.866398999998637,Loss,SL
2021-03-18 02:00:00,2021-03-18 02:15:00,long,15101.76478,15082.326356,15140.641628,15082.326356,-19.43842399999994,Loss,SL
2021-03-18 02:00:00,2021-03-18 02:15:00,long,15101.76478,15082.326356,15140.641628,15082.326356,-19.43842399999994,Loss,SL
2021-03-18 02:00:00,2021-03-18 02:15:00,long,15101.76478,15082.326356,15140.641628,15082.326356,-19.43842399999994,Loss,SL
2021-03-18 05:55:00,2021-03-18 06:30:00,short,14918.716553,14952.169607,14851.810445000001,14851.810445000001,66.90610799999922,Win,TP
2021-03-22 02:20:00,2021-03-22 02:35:00,long,14781.716395,14752.267521,14840.614142999999,14752.267521,-29.448873999999705,Loss,SL
2021-03-23 02:00:00,2021-03-23 03:15:00,long,14921.576681,14893.271858,14978.186327000001,14893.271858,-28.304823000000397,Loss,SL
2021-03-23 03:00:00,2021-03-23 03:05:00,long,14935.305298,14907.572501,14990.770891999997,14907.572501,-27.732796999998754,Loss,SL
2021-03-23 05:25:00,2021-03-23 05:40:00,short,14907.562051,14922.996296,14876.693561000004,14922.996296,-15.434244999998555,Loss,SL
2021-03-24 02:00:00,2021-03-24 02:20:00,short,14924.150797,14937.010925,14898.430541,14898.430541,25.720256000000518,Win,TP
2021-03-25 03:10:00,2021-03-25 06:20:00,long,14681.611895,14647.586816,14749.662052999998,14647.586816,-34.025078999999096,Loss,SL
2021-03-25 03:05:00,2021-03-25 06:25:00,long,14666.739227,14637.290353,14725.636975,14637.290353,-29.448873999999705,Loss,SL
2021-03-25 04:00:00,2021-03-25 05:15:00,short,14677.321703,14696.474114,14639.016880999998,14696.474114,-19.15241100000094,Loss,SL
2021-03-25 03:35:00,2021-03-25 06:20:00,short,14693.624435,14716.495014,14647.883276999999,14647.883276999999,45.74115800000072,Win,TP
2021-03-25 06:00:00,2021-03-25 06:35:00,short,14678.179741,14705.912538,14622.714146999999,14622.714146999999,55.46559400000115,Win,TP
2021-03-26 05:05:00,2021-03-26 05:20:00,long,14670.457394,14650.732957,14709.906267999997,14650.732957,-19.724436999998943,Loss,SL
2021-03-29 02:00:00,2021-03-29 03:15:00,long,14755.975238,14724.238261,14819.449192000002,14724.238261,-31.73697700000048,Loss,SL
2021-03-29 02:55:00,2021-03-29 03:15:00,short,14758.263341,14775.699675,14723.390673,14723.390673,34.872667999999976,Win,TP
2021-03-29 04:05:00,2021-03-29 04:45:00,long,14742.818647,14725.954338,14776.547265000001,14776.547265000001,33.728618000001006,Win,TP
2021-03-30 02:00:00,2021-03-30 02:10:00,short,14765.127649,14775.413662,14744.555622999998,14775.413662,-10.286013000000821,Loss,SL
2021-03-30 02:00:00,2021-03-30 02:10:00,short,14765.127649,14775.413662,14744.555622999998,14775.413662,-10.286013000000821,Loss,SL
2021-03-30 02:00:00,2021-03-30 02:10:00,short,14765.127649,14775.413662,14744.555622999998,14775.413662,-10.286013000000821,Loss,SL
2021-03-30 05:35:00,2021-03-30 06:15:00,short,14729.090029,14748.528454,14690.213179000004,14690.213179000004,38.87684999999692,Win,TP
2021-03-30 05:30:00,2021-03-30 07:00:00,short,14737.670415,14763.973148,14685.064949000003,14685.064949000003,52.60546599999725,Win,TP
2021-03-30 06:00:00,2021-03-30 08:20:00,short,14709.927168,14735.943888,14657.893728000001,14735.943888,-26.016719999999623,Loss,SL
2021-04-01 04:35:00,2021-04-01 05:30:00,long,15128.936001,15103.491307,15179.825389,15103.491307,-25.4446939999998,Loss,SL
2021-04-01 04:45:00,2021-04-01 07:00:00,short,15121.213654,15142.082143,15079.476675999998,15142.082143,-20.86848900000041,Loss,SL
2021-04-02 02:00:00,2021-04-02 07:30:00,long,15279.378763,15264.802558,15308.531173000003,15308.531173000003,29.15241000000242,Win,TP
2021-04-02 02:00:00,2021-04-02 07:30:00,long,15279.378763,15264.802558,15308.531173000003,15308.531173000003,29.15241000000242,Win,TP
2021-04-01 05:50:00,2021-04-01 06:30:00,short,15107.199024,15123.491307,15074.614457999998,15123.491307,-16.29228300000068,Loss,SL
2021-04-02 02:00:00,2021-04-02 07:30:00,long,15279.378763,15264.802558,15308.531173000003,15308.531173000003,29.15241000000242,Win,TP
2021-04-02 03:15:00,2021-04-02 07:30:00,short,15283.09693,15299.1032,15251.08439,15299.1032,-16.00626999999986,Loss,SL
2021-04-02 05:15:00,2021-04-02 07:30:00,short,15285.671046,15296.815098,15263.382942,15296.815098,-11.144051999999647,Loss,SL
2021-04-05 02:55:00,2021-04-05 03:10:00,long,15241.053041,15227.334874,15268.489374999997,15268.489374999997,27.43633399999817,Win,TP
2021-04-05 03:25:00,2021-04-05 03:35:00,short,15272.800468,15289.09275,15240.215903999999,15289.09275,-16.29228200000034,Loss,SL
2021-04-05 05:50:00,2021-04-05 06:15:00,short,15287.959149,15303.10738,15257.662687000002,15303.10738,-15.148230999999214,Loss,SL
2021-04-06 03:45:00,2021-04-06 03:55:00,long,15519.629562,15502.479241,15553.930204000002,15502.479241,-17.150321000000986,Loss,SL
2021-04-06 03:30:00,2021-04-06 07:30:00,long,15506.472971,15481.314289,15556.790334999998,15556.790334999998,50.31736399999863,Win,TP
2021-04-06 03:55:00,2021-04-06 06:55:00,short,15504.470881,15525.053356,15463.305930999997,15525.053356,-20.582475000001068,Loss,SL
2021-04-06 06:00:00,2021-04-06 07:30:00,long,15511.049176,15489.322649,15554.502230000002,15554.502230000002,43.45305400000143,Win,TP
2021-04-06 06:00:00,2021-04-06 07:30:00,long,15511.049176,15489.322649,15554.502230000002,15554.502230000002,43.45305400000143,Win,TP
2021-04-07 02:40:00,2021-04-07 04:30:00,short,15551.090976,15567.097246,15519.078436,15519.078436,32.01253999999972,Win,TP
2021-04-07 04:15:00,2021-04-07 05:10:00,short,15525.349819,15552.51059,15471.028276999998,15552.51059,-27.16077100000075,Loss,SL
2021-04-07 04:15:00,2021-04-07 05:10:00,short,15525.349819,15552.51059,15471.028276999998,15552.51059,-27.16077100000075,Loss,SL
2021-04-07 05:05:00,2021-04-07 06:05:00,long,15550.51895,15524.788243,15601.980363999997,15524.788243,-25.7307069999988,Loss,SL
2021-04-08 04:10:00,2021-04-08 04:55:00,short,15670.930362,15689.510748,15633.769589999996,15689.510748,-18.580386000001454,Loss,SL
2021-04-08 04:55:00,2021-04-08 13:20:00,long,15688.949172,15663.504478,15739.83856,15720.410586,31.461413999999422,Win,Timeout
2021-04-09 03:55:00,2021-04-09 04:50:00,long,15718.694509,15698.970072,15758.143383000002,15698.970072,-19.724437000000762,Loss,SL
2021-04-09 05:40:00,2021-04-09 07:05:00,long,15715.548368,15691.247725,15764.149654,15691.247725,-24.30064300000049,Loss,SL
2021-04-09 05:40:00,2021-04-09 07:05:00,long,15715.548368,15691.247725,15764.149654,15691.247725,-24.30064300000049,Loss,SL
2021-04-12 02:10:00,2021-04-12 02:25:00,long,15799.92216,15782.199813,15835.366854000002,15782.199813,-17.72234700000081,Loss,SL
2021-04-12 02:20:00,2021-04-12 03:00:00,short,15787.90962,15813.92634,15735.876180000001,15813.92634,-26.016719999999623,Loss,SL
2021-04-12 03:15:00,2021-04-12 05:40:00,short,15797.062032,15813.068302,15765.049492,15765.049492,32.01253999999972,Win,TP
2021-04-12 04:40:00,2021-04-12 05:15:00,long,15806.500456,15786.776019,15845.949329999998,15786.776019,-19.724436999998943,Loss,SL
2021-04-13 02:10:00,2021-04-13 02:30:00,short,15767.602708,15789.90126,15723.005604,15789.90126,-22.2985520000002,Loss,SL
2021-04-13 04:00:00,2021-04-13 04:55:00,short,15787.051582,15805.059942,15751.034862,15805.059942,-18.00835999999981,Loss,SL
2021-04-13 04:55:00,2021-04-13 05:55:00,long,15806.214443,15781.9138,15854.815729000002,15781.9138,-24.30064300000049,Loss,SL
2021-04-13 04:30:00,2021-04-13 04:55:00,short,15791.341775,15804.773929,15764.477467,15804.773929,-13.432154000000082,Loss,SL
2021-04-14 02:00:00,2021-04-14 03:20:00,long,15984.400452,15972.112349,16008.976657999998,16008.976657999998,24.57620599999791,Win,TP
2021-04-14 02:00:00,2021-04-14 03:20:00,long,15984.400452,15972.112349,16008.976657999998,16008.976657999998,24.57620599999791,Win,TP
2021-04-14 02:45:00,2021-04-14 03:20:00,short,15987.832606,16006.126979,15951.243859999999,16006.126979,-18.294373000000633,Loss,SL
2021-04-14 02:40:00,2021-04-14 03:20:00,short,15993.26685,16011.561223,15956.678103999999,16011.561223,-18.294373000000633,Loss,SL
2021-04-14 03:15:00,2021-04-14 06:40:00,long,16003.563313,15985.840966,16039.008007000002,16039.008007000002,35.44469400000162,Win,TP
2021-04-14 03:05:00,2021-04-14 06:00:00,long,15995.554953,15980.406722,16025.851415000003,16025.851415000003,30.296462000002066,Win,TP
2021-04-14 04:40:00,2021-04-14 06:45:00,long,16018.435982,16004.717815,16045.872316000003,16045.872316000003,27.436334000001807,Win,TP
2021-04-15 03:15:00,2021-04-15 04:00:00,short,15871.711387,15889.147721,15836.838719,15889.147721,-17.436333999999988,Loss,SL
2021-04-15 04:55:00,2021-04-15 05:55:00,short,15871.9974,15893.437914,15829.116372,15893.437914,-21.440513999999894,Loss,SL
2021-04-15 04:20:00,2021-04-15 05:00:00,long,15886.01203,15869.719747,15918.596596000001,15869.719747,-16.29228300000068,Loss,SL
2021-04-15 05:30:00,2021-04-15 05:45:00,short,15872.283413,15888.289683,15840.270872999996,15888.289683,-16.006270000001678,Loss,SL
2021-04-16 02:30:00,2021-04-16 04:50:00,short,15990.406722,16011.561223,15948.097719999998,16011.561223,-21.15450100000089,Loss,SL
2021-04-16 04:10:00,2021-04-16 06:10:00,long,15998.415082,15980.978748,16033.28775,16033.28775,34.872667999999976,Win,TP
2021-04-19 03:15:00,2021-04-19 05:45:00,short,16043.891126,16066.189679,15999.294020000003,15999.294020000003,44.59710599999744,Win,TP
2021-04-19 04:15:00,2021-04-19 04:35:00,long,16057.047717,16039.32537,16092.492410999997,16039.32537,-17.72234699999899,Loss,SL
2021-04-20 03:20:00,2021-04-20 03:45:00,long,15933.204151,15912.907688,15973.797077000001,15912.907688,-20.296463000000585,Loss,SL
2021-04-20 06:00:00,2021-04-20 06:35:00,short,15835.673767,15863.406564,15780.208172999999,15863.406564,-27.732797000000573,Loss,SL
2021-04-21 05:45:00,2021-04-21 07:05:00,long,15758.450296,15735.579718,15804.191452000001,15735.579718,-22.870578000000023,Loss,SL
2021-04-21 05:45:00,2021-04-21 07:05:00,long,15758.450296,15735.579718,15804.191452000001,15735.579718,-22.870578000000023,Loss,SL
2021-04-21 04:50:00,2021-04-21 07:20:00,long,15747.009782,15731.861551,15777.306243999998,15731.861551,-15.148230999999214,Loss,SL
2021-04-22 03:40:00,2021-04-22 05:20:00,short,15926.053829,15945.492254,15887.176979,15887.176979,38.87685000000056,Win,TP
2021-04-23 04:00:00,2021-04-23 05:10:00,short,15750.155923,15768.736309,15712.995151000001,15768.736309,-18.580385999999635,Loss,SL
2021-04-23 03:15:00,2021-04-23 06:10:00,long,15764.742579,15746.734219,15800.759299,15746.734219,-18.00835999999981,Loss,SL
2021-04-23 04:30:00,2021-04-23 08:30:00,short,15754.160103,15773.88454,15714.711229000002,15773.88454,-19.724436999998943,Loss,SL
2021-04-26 02:30:00,2021-04-26 03:35:00,short,15919.475534,15940.630035,15877.166531999997,15877.166531999997,42.30900200000178,Win,TP
2021-04-26 02:30:00,2021-04-26 03:35:00,short,15919.475534,15940.630035,15877.166531999997,15877.166531999997,42.30900200000178,Win,TP
2021-04-26 05:25:00,2021-04-26 06:05:00,long,15890.874248,15876.01203,15920.598684,15876.01203,-14.862218000000212,Loss,SL
2021-04-26 05:50:00,2021-04-26 06:05:00,long,15888.01412,15870.577785,15922.88679,15870.577785,-17.436335000000327,Loss,SL
2021-04-28 04:05:00,2021-04-28 06:00:00,short,15926.625855,15951.784537,15876.308491000002,15951.784537,-25.158681999999317,Loss,SL
2021-04-28 05:40:00,2021-04-28 06:40:00,long,15947.218781,15928.352382,15984.951579,15928.352382,-18.866399000000456,Loss,SL
2021-04-29 03:10:00,2021-04-29 06:05:00,short,16046.751254,16064.759614,16010.734534000001,16064.759614,-18.00835999999981,Loss,SL
2021-04-29 06:00:00,2021-04-29 08:35:00,long,16055.617653,16030.458972,16105.935014999997,16030.458972,-25.158680999998978,Loss,SL
2021-04-30 04:05:00,2021-04-30 04:35:00,long,15915.757367,15899.465084,15948.341933000002,15899.465084,-16.29228300000068,Loss,SL
2021-05-03 02:00:00,2021-05-03 04:20:00,long,15885.726017,15866.00158,15925.174891000002,15866.00158,-19.724437000000762,Loss,SL
2021-05-03 02:00:00,2021-05-03 04:20:00,long,15885.726017,15866.00158,15925.174891000002,15866.00158,-19.724437000000762,Loss,SL
2021-05-03 03:40:00,2021-05-03 04:25:00,short,15880.863798,15894.00994,15854.571514000001,15854.571514000001,26.2922839999992,Win,TP
2021-05-04 03:35:00,2021-05-04 04:50:00,short,15716.120394,15734.414766,15679.531649999999,15734.414766,-18.294372000000294,Loss,SL
2021-05-04 03:35:00,2021-05-04 04:50:00,short,15716.120394,15734.414766,15679.531649999999,15734.414766,-18.294372000000294,Loss,SL
2021-05-04 05:10:00,2021-05-04 05:25:00,long,15740.145473,15726.713319,15767.009781,15726.713319,-13.432154000000082,Loss,SL
2021-05-05 04:05:00,2021-05-05 06:40:00,long,15560.243387,15543.379079,15593.972003,15593.972003,33.72861600000033,Win,TP
2021-05-05 05:20:00,2021-05-05 07:15:00,long,15570.253837,15550.5294,15609.702711000002,15609.702711000002,39.448874000001524,Win,TP
2021-05-06 02:00:00,2021-05-06 02:15:00,short,15484.449981,15499.884225,15453.581493,15499.884225,-15.434244000000035,Loss,SL
2021-05-06 03:40:00,2021-05-06 07:15:00,short,15478.443711,15501.314289,15432.702555,15432.702555,45.741156000000046,Win,TP
2021-05-06 05:30:00,2021-05-06 05:45:00,long,15487.596122,15467.871685,15527.044996000002,15467.871685,-19.724437000000762,Loss,SL
2021-05-06 05:20:00,2021-05-06 05:50:00,long,15482.733904,15457.861235,15532.479242000001,15457.861235,-24.872669000000315,Loss,SL
2021-05-07 02:25:00,2021-05-07 05:40:00,long,15566.53567,15544.52313,15610.560749999999,15610.560749999999,44.025079999999434,Win,TP
2021-05-07 02:40:00,2021-05-07 03:25:00,short,15562.245477,15579.109786,15528.516859,15579.109786,-16.864309000000503,Loss,SL
2021-05-07 03:20:00,2021-05-07 05:40:00,long,15569.109786,15549.385349,15608.558660000002,15608.558660000002,39.448874000001524,Win,TP
2021-05-07 05:35:00,2021-05-07 07:00:00,long,15602.859303,15581.132776,15646.312356999997,15581.132776,-21.726526999998896,Loss,SL
2021-05-10 03:45:00,2021-05-10 04:25:00,short,15630.888563,15654.903193,15582.859303000001,15654.903193,-24.01462999999967,Loss,SL
2021-05-10 04:30:00,2021-05-10 08:30:00,short,15632.318627,15657.191295,15582.573291,15582.573291,49.74533599999995,Win,TP
2021-05-10 05:50:00,2021-05-10 07:35:00,short,15633.748691,15651.471038,15598.303997000003,15651.471038,-17.72234699999899,Loss,SL
2021-05-11 05:00:00,2021-05-11 06:55:00,short,15074.593559,15104.328446,15015.123785000003,15015.123785000003,59.469773999997415,Win,TP
2021-05-11 05:30:00,2021-05-11 06:55:00,short,15074.021533,15095.462047,15031.140504999996,15031.140504999996,42.881028000003425,Win,TP
2021-05-11 05:25:00,2021-05-11 06:35:00,short,15083.173944,15102.898382,15043.725068000002,15043.725068000002,39.44887599999856,Win,TP
2021-05-12 02:00:00,2021-05-12 02:10:00,long,15215.597897,15179.85674,15287.080211,15179.85674,-35.741157000000385,Loss,SL
2021-05-11 05:50:00,2021-05-11 06:25:00,long,15081.171855,15053.439057,15136.637451000002,15053.439057,-27.732798000000912,Loss,SL
2021-05-12 04:10:00,2021-05-12 04:35:00,long,15213.023781,15176.996611,15285.078120999999,15176.996611,-36.02716999999939,Loss,SL
2021-05-12 04:25:00,2021-05-12 07:30:00,short,15202.155292,15225.311884,15155.842107999997,15155.842107999997,46.313184000002366,Win,TP
2021-05-12 04:50:00,2021-05-12 07:30:00,long,15182.134392,15157.83375,15230.735676,15157.83375,-24.300642000000153,Loss,SL
2021-05-13 05:00:00,2021-05-13 05:35:00,short,14810.603693,14843.770735,14744.269608999997,14843.770735,-33.16704200000095,Loss,SL
2021-05-13 04:55:00,2021-05-13 06:15:00,short,14823.188259,14859.215429,14751.133919000002,14859.215429,-36.02716999999939,Loss,SL
2021-05-13 05:35:00,2021-05-13 06:20:00,long,14842.923146,14806.895976,14914.977485999998,14914.977485999998,72.05433999999877,Win,TP
2021-05-14 03:30:00,2021-05-14 04:10:00,long,15111.203204,15089.76269,15154.084232,15154.084232,42.88102799999979,Win,TP
2021-05-14 05:30:00,2021-05-14 06:05:00,short,15134.370246,15158.956901,15085.196936000002,15158.956901,-24.586654999999155,Loss,SL
2021-05-14 05:00:00,2021-05-14 07:25:00,short,15142.092593,15161.245004,15103.787770999998,15161.245004,-19.15241100000094,Loss,SL
2021-05-17 04:15:00,2021-05-17 04:20:00,short,15274.230532,15291.380853,15239.929889999998,15291.380853,-17.150321000000986,Loss,SL
2021-05-17 04:35:00,2021-05-17 06:45:00,short,15276.518635,15297.10111,15235.353685000002,15235.353685000002,41.1649499999985,Win,TP
2021-05-18 02:00:00,2021-05-18 03:10:00,long,15345.733746,15329.441463,15378.318312000001,15329.441463,-16.29228300000068,Loss,SL
2021-05-19 04:15:00,2021-05-19 04:40:00,long,14971.056905,14939.319928,15034.530858999997,14939.319928,-31.73697699999866,Loss,SL
2021-05-19 04:25:00,2021-05-19 04:45:00,short,14954.46816,14971.904494,14919.595492,14919.595492,34.872667999999976,Win,TP
2021-05-20 03:20:00,2021-05-20 04:20:00,short,15121.78568,15156.954811,15051.447418000003,15051.447418000003,70.33826199999748,Win,TP
2021-05-20 05:40:00,2021-05-20 06:15:00,long,15088.036163,15070.027803,15124.052883,15124.052883,36.01671999999962,Win,TP
2021-05-21 02:15:00,2021-05-21 03:15:00,long,15484.163968,15452.999017,15546.493870000002,15452.999017,-31.164951000000656,Loss,SL
2021-05-21 02:25:00,2021-05-21 06:35:00,short,15477.871685,15496.738084,15440.138887,15496.738084,-18.866399000000456,Loss,SL
2021-05-24 03:35:00,2021-05-24 04:05:00,short,15402.364291,15417.512523,15372.067827,15417.512523,-15.148231999999552,Loss,SL
2021-05-24 03:30:00,2021-05-24 04:10:00,short,15406.368471,15422.946767,15373.211879,15422.946767,-16.578295999999682,Loss,SL
2021-05-24 05:55:00,2021-05-24 06:15:00,long,15435.25577,15422.395641,15460.976028000001,15422.395641,-12.860129000000597,Loss,SL
2021-05-25 04:40:00,2021-05-25 05:10:00,long,15687.519108,15672.942902,15716.67152,15672.942902,-14.576205999999729,Loss,SL
2021-05-25 05:10:00,2021-05-25 08:30:00,short,15674.076504,15703.525378,15615.178756000001,15703.525378,-29.448873999999705,Loss,SL
2021-05-26 03:05:00,2021-05-26 08:40:00,long,15674.934542,15646.915733,15730.972160000003,15646.915733,-28.018809000001056,Loss,SL
2021-05-26 04:25:00,2021-05-26 04:45:00,long,15676.65062,15659.786311,15710.379238000001,15659.786311,-16.864309000000503,Loss,SL
2021-05-26 04:15:00,2021-05-26 04:25:00,short,15664.066054,15677.784221,15636.629720000003,15677.784221,-13.718166999999085,Loss,SL
2021-05-26 04:45:00,2021-05-26 06:05:00,short,15659.489848,15684.362517,15609.744509999999,15684.362517,-24.872669000000315,Loss,SL
2021-05-26 04:45:00,2021-05-26 06:05:00,short,15659.489848,15684.362517,15609.744509999999,15684.362517,-24.872669000000315,Loss,SL
2021-05-26 06:00:00,2021-05-26 08:05:00,long,15679.796761,15660.358337,15718.673609,15660.358337,-19.43842399999994,Loss,SL
2021-05-26 06:00:00,2021-05-26 08:05:00,long,15679.796761,15660.358337,15718.673609,15660.358337,-19.43842399999994,Loss,SL
2021-05-27 02:00:00,2021-05-27 02:30:00,short,15625.740331,15636.59837,15604.024253000003,15604.024253000003,21.71607799999765,Win,TP
2021-05-27 02:00:00,2021-05-27 02:30:00,short,15625.740331,15636.59837,15604.024253000003,15604.024253000003,21.71607799999765,Win,TP
2021-05-27 02:10:00,2021-05-27 02:35:00,short,15620.306087,15638.028434,15584.861393000003,15584.861393000003,35.44469399999798,Win,TP
2021-05-27 05:15:00,2021-05-27 07:00:00,long,15612.297727,15597.149496,15642.594188999998,15642.594188999998,30.296461999998428,Win,TP
2021-05-27 05:05:00,2021-05-27 07:00:00,long,15606.005444,15585.422969,15647.170394000002,15647.170394000002,41.164950000002136,Win,TP
2021-05-27 05:05:00,2021-05-27 07:00:00,long,15606.005444,15585.422969,15647.170394000002,15647.170394000002,41.164950000002136,Win,TP
2021-05-31 02:00:00,2021-05-31 02:20:00,short,15672.932452,15683.504478,15651.788399999996,15683.504478,-10.572026000001642,Loss,SL
2021-05-28 05:00:00,2021-05-28 07:10:00,long,15687.233095,15672.942902,15715.813480999997,15672.942902,-14.290192999998908,Loss,SL
2021-05-31 02:00:00,2021-05-31 02:20:00,short,15672.932452,15683.504478,15651.788399999996,15683.504478,-10.572026000001642,Loss,SL
2021-05-31 03:25:00,2021-05-31 04:55:00,short,15660.061874,15674.352067,15631.481488000003,15631.481488000003,28.580385999997816,Win,TP
2021-05-31 05:55:00,2021-05-31 07:00:00,long,15649.193385,15633.759141,15680.061873,15633.759141,-15.434244000000035,Loss,SL
2021-06-01 03:50:00,2021-06-01 08:40:00,long,15704.393867,15683.525378,15746.130845000002,15746.130845000002,41.73697800000082,Win,TP
2021-06-02 04:50:00,2021-06-02 07:25:00,long,15600.5712,15581.704801,15638.303998000001,15638.303998000001,37.73279800000091,Win,TP
2021-06-03 02:45:00,2021-06-03 05:05:00,short,15624.59628,15641.460588,15590.867664,15590.867664,33.72861600000033,Win,TP
2021-06-03 05:30:00,2021-06-03 06:00:00,short,15571.969914,15604.278917,15507.351907999999,15507.351907999999,64.6180060000006,Win,TP
2021-06-04 04:55:00,2021-06-04 05:30:00,long,15487.024096,15471.303839,15518.464609999997,15471.303839,-15.720256999999037,Loss,SL
2021-06-04 04:15:00,2021-06-04 06:00:00,short,15475.297569,15495.880045,15434.132617000001,15495.880045,-20.582475999999588,Loss,SL
2021-06-07 02:25:00,2021-06-07 03:05:00,long,15715.262355,15684.669429,15776.448207000003,15684.669429,-30.59292600000117,Loss,SL
2021-06-07 02:25:00,2021-06-07 03:05:00,long,15715.262355,15684.669429,15776.448207000003,15684.669429,-30.59292600000117,Loss,SL
2021-06-07 03:05:00,2021-06-07 03:50:00,short,15694.097404,15710.961712,15660.368788,15710.961712,-16.864308000000165,Loss,SL
2021-06-07 02:40:00,2021-06-07 04:25:00,short,15704.393867,15722.974252,15667.233097000002,15667.233097000002,37.16076999999859,Win,TP
2021-06-07 04:05:00,2021-06-07 06:05:00,short,15687.805121,15715.537918,15632.339526999998,15715.537918,-27.732797000000573,Loss,SL
2021-06-07 04:05:00,2021-06-07 06:05:00,short,15687.805121,15715.537918,15632.339526999998,15715.537918,-27.732797000000573,Loss,SL
2021-06-07 05:25:00,2021-06-07 07:35:00,long,15693.239365,15665.792581,15748.132932999999,15748.132932999999,54.893567999999505,Win,TP
2021-06-08 03:50:00,2021-06-08 05:15:00,long,15817.654957,15801.076662,15850.811547000003,15801.076662,-16.578295000001162,Loss,SL
2021-06-08 05:15:00,2021-06-08 05:50:00,short,15788.195633,15833.375214,15697.836470999999,15833.375214,-45.179581000000326,Loss,SL
2021-06-08 05:15:00,2021-06-08 05:50:00,short,15788.195633,15833.375214,15697.836470999999,15833.375214,-45.179581000000326,Loss,SL
2021-06-08 05:10:00,2021-06-08 05:25:00,short,15822.803189,15843.671677,15781.066213,15781.066213,41.73697600000014,Win,TP
2021-06-08 04:45:00,2021-06-08 05:10:00,long,15836.817819,15820.525536,15869.402385000001,15820.525536,-16.29228300000068,Loss,SL
2021-06-09 04:05:00,2021-06-09 05:40:00,short,15815.652867,15837.95142,15771.055761000003,15837.95142,-22.29855299999872,Loss,SL
2021-06-09 04:05:00,2021-06-09 05:40:00,short,15815.652867,15837.95142,15771.055761000003,15837.95142,-22.29855299999872,Loss,SL
2021-06-09 05:00:00,2021-06-09 07:35:00,long,15827.95142,15808.512996,15866.828268,15866.828268,38.87684799999988,Win,TP
2021-06-10 02:00:00,2021-06-10 02:10:00,short,15792.199813,15805.631967,15765.335505,15765.335505,26.864308000000165,Win,TP
2021-06-10 02:00:00,2021-06-10 02:10:00,short,15792.199813,15805.631967,15765.335505,15765.335505,26.864308000000165,Win,TP
2021-06-10 02:00:00,2021-06-10 02:10:00,short,15792.199813,15805.631967,15765.335505,15765.335505,26.864308000000165,Win,TP
2021-06-11 03:50:00,2021-06-11 05:00:00,long,15975.248041,15961.529873,16002.684377000003,15961.529873,-13.718168000001242,Loss,SL
2021-06-11 04:05:00,2021-06-11 05:30:00,short,15975.248041,15988.966208,15947.811707000003,15988.966208,-13.718166999999085,Loss,SL
2021-06-11 05:15:00,2021-06-11 05:30:00,long,15974.103989,15955.523604,16011.264758999998,16011.264758999998,37.16076999999859,Win,TP
2021-06-11 05:00:00,2021-06-11 05:25:00,short,15960.947398,15980.099809,15922.642576000002,15980.099809,-19.15241099999912,Loss,SL
2021-06-11 05:15:00,2021-06-11 05:30:00,long,15974.103989,15955.523604,16011.264758999998,16011.264758999998,37.16076999999859,Win,TP
2021-06-14 04:00:00,2021-06-14 07:45:00,long,16052.480331,16037.614989,16082.211015000003,16037.614989,-14.865342000000965,Loss,SL
2021-06-14 03:50:00,2021-06-14 07:50:00,long,16047.328792,16031.891057,16078.204262,16031.891057,-15.43773499999952,Loss,SL
2021-06-15 05:50:00,2021-06-15 07:30:00,long,16183.272171,16166.975846,16215.864821000003,16166.975846,-16.29632500000116,Loss,SL
2021-06-15 05:35:00,2021-06-15 05:55:00,short,16168.962341,16186.689649,16133.507725000001,16186.689649,-17.72730799999954,Loss,SL
2021-06-15 05:35:00,2021-06-15 05:55:00,short,16168.962341,16186.689649,16133.507725000001,16186.689649,-17.72730799999954,Loss,SL
2021-06-16 05:20:00,2021-06-16 07:00:00,long,16072.800288,16057.934946,16102.530972000002,16057.934946,-14.865342000000965,Loss,SL
2021-06-17 02:00:00,2021-06-17 03:20:00,short,15917.967935,15933.119474,15887.664857000003,15887.664857000003,30.303077999997186,Win,TP
2021-06-17 04:15:00,2021-06-17 05:40:00,long,15916.823149,15895.375285,15959.718877,15895.375285,-21.447863999999754,Loss,SL
2021-06-17 04:15:00,2021-06-17 05:40:00,long,15916.823149,15895.375285,15959.718877,15895.375285,-21.447863999999754,Loss,SL
2021-06-17 03:35:00,2021-06-17 04:55:00,short,15896.503191,15919.954431,15849.600711,15919.954431,-23.451240000000325,Loss,SL
2021-06-17 04:15:00,2021-06-17 05:40:00,long,15916.823149,15895.375285,15959.718877,15895.375285,-21.447863999999754,Loss,SL
2021-06-21 03:35:00,2021-06-21 06:40:00,long,16137.480717,16110.881315,16190.679521,16110.881315,-26.599401999999827,Loss,SL
2021-06-22 04:10:00,2021-06-22 05:45:00,long,16144.635631,16122.901571,16188.103750999997,16188.103750999997,43.468119999997725,Win,TP
2021-06-22 04:00:00,2021-06-22 05:45:00,long,16137.480717,16114.60187,16183.238411,16183.238411,45.7576939999999,Win,TP
2021-06-23 03:30:00,2021-06-23 05:25:00,short,16329.23243,16345.814951,16296.067388,16345.814951,-16.58252100000027,Loss,SL
2021-06-23 05:00:00,2021-06-23 05:20:00,short,16327.51525,16340.949609,16300.646532000002,16340.949609,-13.434358999998949,Loss,SL
2021-06-23 05:10:00,2021-06-23 06:20:00,long,16332.952985,16316.942857,16364.973241,16316.942857,-16.010127999999895,Loss,SL
2021-06-23 05:40:00,2021-06-23 06:20:00,short,16339.535507,16353.256062,16312.094397,16312.094397,27.441109999999753,Win,TP
2021-06-24 02:25:00,2021-06-24 03:00:00,short,16374.45149,16387.885849,16347.582772000002,16387.885849,-13.434358999998949,Loss,SL
2021-06-28 03:05:00,2021-06-28 06:20:00,short,16448.862603,16463.441748,16419.704313000002,16463.441748,-14.579144999999698,Loss,SL
2021-06-28 04:10:00,2021-06-28 05:15:00,long,16457.4485,16440.293586,16491.758327999996,16440.293586,-17.154913999998826,Loss,SL
2021-06-28 04:50:00,2021-06-28 06:15:00,short,16448.004013,16462.296962,16419.418115000004,16462.296962,-14.29294899999877,Loss,SL
2021-06-28 04:05:00,2021-06-28 06:20:00,short,16451.152175,16466.017517,16421.421490999997,16466.017517,-14.865342000000965,Loss,SL
2021-06-30 05:20:00,2021-06-30 05:55:00,long,16660.36188,16644.637948,16691.809744000002,16644.637948,-15.723932000000787,Loss,SL
2021-06-30 05:55:00,2021-06-30 06:00:00,short,16647.76923,16664.351752,16614.604186000008,16664.351752,-16.58252199999697,Loss,SL
2021-07-01 04:05:00,2021-07-01 05:55:00,short,16657.213718,16685.530299,16600.580556,16600.580556,56.633161999998265,Win,TP
2021-07-01 04:05:00,2021-07-01 05:55:00,short,16657.213718,16685.530299,16600.580556,16600.580556,56.633161999998265,Win,TP
2021-07-02 02:00:00,2021-07-02 02:15:00,long,16635.748974,16620.883632,16665.479657999993,16665.479657999993,29.730683999994653,Win,TP
2021-07-02 03:15:00,2021-07-02 04:50:00,short,16664.654829,16685.530299,16622.903889,16685.530299,-20.87546999999904,Loss,SL
2021-07-02 03:15:00,2021-07-02 04:50:00,short,16664.654829,16685.530299,16622.903889,16685.530299,-20.87546999999904,Loss,SL
2021-07-02 04:50:00,2021-07-02 06:45:00,long,16681.540427,16666.102692,16712.415897,16712.415897,30.87546999999904,Win,TP
2021-07-05 03:25:00,2021-07-05 08:00:00,long,16818.914789,16807.197609,16842.349148999998,16842.349148999998,23.434359999999288,Win,TP
2021-07-05 03:05:00,2021-07-05 11:30:00,long,16816.911413,16800.615088,16849.504063000008,16821.490558,4.5791449999996985,Win,Timeout
2021-07-05 02:20:00,2021-07-05 08:00:00,long,16810.901284,16794.60496,16843.493931999998,16843.493931999998,32.59264799999801,Win,TP
2021-07-06 04:30:00,2021-07-06 05:30:00,short,16828.645473,16846.658977,16792.618465000003,16846.658977,-18.013503999998647,Loss,SL
2021-07-06 05:55:00,2021-07-06 06:20:00,short,16848.393037,16868.982311,16807.214489000005,16868.982311,-20.589273999998113,Loss,SL
2021-07-07 05:00:00,2021-07-07 05:40:00,short,16980.61586,16995.767399,16950.312782000005,16995.767399,-15.151538999998593,Loss,SL
2021-07-07 05:40:00,2021-07-07 08:30:00,long,16996.070476,16973.477826,17041.255776000005,16973.477826,-22.592650000002322,Loss,SL
2021-07-08 02:00:00,2021-07-08 02:40:00,short,16888.174363,16917.349534,16829.824020999993,16829.824020999993,58.350342000005185,Win,TP
2021-07-09 02:00:00,2021-07-09 05:00:00,long,16842.955302,16804.049447,16920.767011999993,16804.049447,-38.905854999997246,Loss,SL
2021-07-09 02:00:00,2021-07-09 05:00:00,long,16842.955302,16804.049447,16920.767011999993,16804.049447,-38.905854999997246,Loss,SL
2021-07-09 03:10:00,2021-07-09 03:55:00,long,16870.143978,16852.130473,16906.170987999998,16852.130473,-18.013504999998986,Loss,SL
2021-07-09 03:25:00,2021-07-09 05:00:00,short,16854.975559,16873.27526,16818.376157,16818.376157,36.59940199999983,Win,TP
2021-07-09 03:25:00,2021-07-09 05:00:00,short,16854.975559,16873.27526,16818.376157,16818.376157,36.59940199999983,Win,TP
2021-07-12 02:00:00,2021-07-12 02:40:00,long,16968.02321,16939.706629,17024.656371999998,16939.706629,-28.316580999999132,Loss,SL
2021-07-12 02:00:00,2021-07-12 02:40:00,long,16968.02321,16939.706629,17024.656371999998,16939.706629,-28.316580999999132,Loss,SL
2021-07-09 06:00:00,2021-07-09 08:35:00,long,16844.386285,16808.628592,16915.901671,16808.628592,-35.75769299999956,Loss,SL
2021-07-09 05:45:00,2021-07-09 07:10:00,long,16826.928293,16804.908037,16870.968805,16870.968805,44.04051199999958,Win,TP
2021-07-12 04:25:00,2021-07-12 06:50:00,short,16982.905433,17001.205134,16946.306031,17001.205134,-18.299700999999914,Loss,SL
2021-07-12 05:40:00,2021-07-12 08:30:00,long,16993.494707,16970.043467,17040.397187000006,17040.397187000006,46.90248000000429,Win,TP
2021-07-14 04:55:00,2021-07-14 06:50:00,short,17075.919323,17093.074238,17041.609492999993,17093.074238,-17.154915000002802,Loss,SL
2021-07-15 02:00:00,2021-07-15 02:30:00,long,17081.357059,17058.764409,17126.542359000006,17058.764409,-22.592650000002322,Loss,SL
2021-07-15 02:35:00,2021-07-15 05:30:00,long,17084.219024,17059.336802,17133.983468000002,17059.336802,-24.882222000000183,Loss,SL
2021-07-15 05:50:00,2021-07-15 06:20:00,short,17075.060734,17101.660136,17021.86193,17021.86193,53.198803999999654,Win,TP
2021-07-15 05:50:00,2021-07-15 06:20:00,short,17075.060734,17101.660136,17021.86193,17021.86193,53.198803999999654,Win,TP
2021-07-16 05:10:00,2021-07-16 05:45:00,short,16944.55509,16957.989449,16917.686372000004,16957.989449,-13.434358999998949,Loss,SL
2021-07-16 05:40:00,2021-07-16 07:35:00,long,16953.999578,16937.13086,16987.737013999995,16987.737013999995,33.737435999995796,Win,TP
2021-07-16 05:35:00,2021-07-16 07:20:00,long,16948.561842,16933.6965,16978.292526,16978.292526,29.73068400000193,Win,TP
2021-07-19 03:10:00,2021-07-19 03:35:00,long,16782.281626,16756.540814,16833.76325,16756.540814,-25.740812000000005,Loss,SL
2021-07-19 02:15:00,2021-07-19 02:35:00,long,16776.843891,16751.961668,16826.608337,16751.961668,-24.882223000000522,Loss,SL
2021-07-19 03:35:00,2021-07-19 06:30:00,short,16737.348762,16774.823634,16662.399018000004,16662.399018000004,74.94974399999774,Win,TP
2021-07-20 02:00:00,2021-07-20 02:25:00,long,16746.793249,16732.5003,16775.379146999996,16732.5003,-14.29294899999877,Loss,SL
2021-07-20 05:45:00,2021-07-20 06:05:00,short,16710.732479,16742.769616,16646.658204999992,16742.769616,-32.037137000002986,Loss,SL
2021-07-20 05:55:00,2021-07-20 06:45:00,long,16736.203975,16707.887394,16792.837137,16707.887394,-28.316580999999132,Loss,SL
2021-07-21 04:40:00,2021-07-21 06:25:00,short,16864.133849,16885.00932,16822.382907000003,16822.382907000003,41.75094199999876,Win,TP
2021-07-21 05:30:00,2021-07-21 06:25:00,short,16861.271884,16881.574961,16820.665730000008,16820.665730000008,40.606153999993694,Win,TP
2021-07-26 02:00:00,2021-07-26 02:40:00,long,17288.849584,17269.977489,17326.593773999997,17269.977489,-18.872094999998808,Loss,SL
2021-07-26 04:25:00,2021-07-26 07:35:00,long,17265.953857,17242.502617,17312.856337000005,17242.502617,-23.451240000002144,Loss,SL
2021-07-26 05:35:00,2021-07-26 06:35:00,short,17260.516122,17273.664284,17234.219798000006,17273.664284,-13.148161999997683,Loss,SL
2021-07-28 02:00:00,2021-07-28 03:05:00,short,17093.949708,17113.107999,17055.633126,17113.107999,-19.158290999999736,Loss,SL
2021-07-28 02:00:00,2021-07-28 03:05:00,short,17093.949708,17113.107999,17055.633126,17113.107999,-19.158290999999736,Loss,SL
2021-07-28 02:00:00,2021-07-28 03:05:00,short,17093.949708,17113.107999,17055.633126,17113.107999,-19.158290999999736,Loss,SL
2021-07-28 05:10:00,2021-07-28 06:25:00,short,17127.434709,17164.050991,17054.202145000003,17164.050991,-36.616281999999046,Loss,SL
2021-07-28 05:10:00,2021-07-28 06:25:00,short,17127.434709,17164.050991,17054.202145000003,17164.050991,-36.616281999999046,Loss,SL
2021-07-29 02:00:00,2021-07-29 03:20:00,long,17177.232915,17162.367573,17206.963599000002,17162.367573,-14.865342000000965,Loss,SL
2021-07-29 04:35:00,2021-07-29 05:35:00,long,17177.805308,17159.791804,17213.832315999996,17159.791804,-18.013503999998647,Loss,SL
2021-07-30 02:25:00,2021-07-30 03:10:00,short,16980.902057,17000.918937,16940.868297,17000.918937,-20.01687999999922,Loss,SL
2021-07-30 04:55:00,2021-07-30 05:20:00,short,17010.666502,17030.110989,16971.777528,17030.110989,-19.444487000000663,Loss,SL
2021-08-02 04:20:00,2021-08-02 04:40:00,short,17209.286933,17223.866078,17180.128643,17223.866078,-14.579144999999698,Loss,SL
2021-08-03 04:00:00,2021-08-03 08:30:00,short,17151.189026,17169.20253,17115.162018000003,17169.20253,-18.013503999998647,Loss,SL
2021-08-03 04:25:00,2021-08-03 08:30:00,long,17134.589624,17118.293299,17167.182274,17167.182274,32.592649999998685,Win,TP
2021-08-04 02:00:00,2021-08-04 02:55:00,long,17243.344326,17232.771933,17264.489111999996,17232.771933,-10.572392999998556,Loss,SL
2021-08-05 02:00:00,2021-08-05 05:15:00,long,17267.38484,17248.512745,17305.129029999996,17305.129029999996,37.744189999997616,Win,TP
2021-08-05 03:25:00,2021-08-05 05:15:00,long,17277.974113,17264.253558,17305.415223,17305.415223,27.441109999999753,Win,TP
2021-08-06 05:05:00,2021-08-06 07:30:00,short,17340.651166,17360.095653,17301.762192,17301.762192,38.888974000001326,Win,TP
2021-08-09 02:45:00,2021-08-09 03:10:00,short,17256.509369,17274.522874,17220.482359,17274.522874,-18.013504999998986,Loss,SL
2021-08-09 03:10:00,2021-08-09 06:10:00,long,17271.963985,17252.805694,17310.280566999998,17310.280566999998,38.31658199999947,Win,TP
2021-08-09 04:30:00,2021-08-09 05:00:00,short,17281.408472,17298.563387,17247.098642,17298.563387,-17.154914999999164,Loss,SL
2021-08-10 06:00:00,2021-08-10 08:30:00,long,17342.368345,17321.492875,17384.119284999997,17321.492875,-20.87546999999904,Loss,SL
2021-08-11 05:10:00,2021-08-11 05:50:00,long,17163.495479,17147.771547,17194.943343000003,17194.943343000003,31.447864000001573,Win,TP
2021-08-12 02:00:00,2021-08-12 03:00:00,short,17155.195778,17174.640265,17116.306804,17174.640265,-19.444487000000663,Loss,SL
2021-08-12 02:00:00,2021-08-12 03:00:00,short,17155.195778,17174.640265,17116.306804,17174.640265,-19.444487000000663,Loss,SL
2021-08-12 02:00:00,2021-08-12 03:00:00,short,17155.195778,17174.640265,17116.306804,17174.640265,-19.444487000000663,Loss,SL
2021-08-12 02:00:00,2021-08-12 03:00:00,short,17155.195778,17174.640265,17116.306804,17174.640265,-19.444487000000663,Loss,SL
2021-08-12 02:00:00,2021-08-12 03:00:00,short,17155.195778,17174.640265,17116.306804,17174.640265,-19.444487000000663,Loss,SL
2021-08-12 04:55:00,2021-08-12 07:45:00,long,17183.243043,17165.229539,17219.270050999996,17165.229539,-18.013503999998647,Loss,SL
2021-08-13 04:30:00,2021-08-13 07:00:00,short,17266.812446,17281.391592,17237.654154,17237.654154,29.158292000000074,Win,TP
2021-08-13 03:20:00,2021-08-13 04:40:00,long,17274.825951,17261.677788,17301.122276999995,17261.677788,-13.148162999998021,Loss,SL
2021-08-16 02:00:00,2021-08-16 02:20:00,long,17277.974113,17265.684541,17302.553257000003,17302.553257000003,24.579144000002998,Win,TP
2021-08-16 05:00:00,2021-08-16 05:15:00,short,17287.132404,17300.280567,17260.836077999997,17260.836077999997,26.29632600000332,Win,TP
2021-08-18 02:00:00,2021-08-18 02:30:00,short,17189.253172,17202.115137,17163.529242,17163.529242,25.72393000000011,Win,TP
2021-08-18 02:00:00,2021-08-18 02:30:00,short,17189.253172,17202.115137,17163.529242,17163.529242,25.72393000000011,Win,TP
2021-08-18 04:15:00,2021-08-18 05:00:00,long,17173.798556,17155.785051,17209.825566000007,17155.785051,-18.013505000002624,Loss,SL
2021-08-18 04:55:00,2021-08-18 05:35:00,short,17163.209282,17181.222787,17127.182272000002,17181.222787,-18.013504999998986,Loss,SL
2021-08-19 02:00:00,2021-08-19 02:10:00,short,16877.871286,16897.888166,16837.837526000003,16897.888166,-20.01687999999922,Loss,SL
2021-08-19 02:00:00,2021-08-19 02:10:00,short,16877.871286,16897.888166,16837.837526000003,16897.888166,-20.01687999999922,Loss,SL
2021-08-19 02:00:00,2021-08-19 02:10:00,short,16877.871286,16897.888166,16837.837526000003,16897.888166,-20.01687999999922,Loss,SL
2021-08-19 02:00:00,2021-08-19 02:10:00,short,16877.871286,16897.888166,16837.837526000003,16897.888166,-20.01687999999922,Loss,SL
2021-08-19 04:30:00,2021-08-19 08:30:00,long,16892.753508,16855.278636,16967.703252000007,16967.703252000007,74.94974400000501,Win,TP
2021-08-19 05:40:00,2021-08-19 08:15:00,short,16894.470688,16927.080218,16829.251628000005,16927.080218,-32.6095299999979,Loss,SL
2021-08-19 05:40:00,2021-08-19 08:15:00,short,16894.470688,16927.080218,16829.251628000005,16927.080218,-32.6095299999979,Loss,SL
2021-08-23 02:00:00,2021-08-23 02:05:00,long,17328.058516,17317.772319,17348.630910000003,17317.772319,-10.286197000001266,Loss,SL
2021-08-23 02:00:00,2021-08-23 02:05:00,long,17328.058516,17317.772319,17348.630910000003,17317.772319,-10.286197000001266,Loss,SL
2021-08-23 03:45:00,2021-08-23 04:25:00,long,17328.630909,17315.19655,17355.499626999997,17315.19655,-13.434358999998949,Loss,SL
2021-08-23 04:05:00,2021-08-23 08:30:00,short,17318.327832,17334.624157,17285.735182,17334.624157,-16.296324999999342,Loss,SL
2021-08-24 04:25:00,2021-08-24 06:20:00,short,17599.086683,17616.527794,17564.204461,17564.204461,34.88222200000018,Win,TP
2021-08-24 04:25:00,2021-08-24 06:20:00,short,17599.086683,17616.527794,17564.204461,17564.204461,34.88222200000018,Win,TP
2021-08-25 02:00:00,2021-08-25 06:00:00,long,17595.652324,17577.925016,17631.106939999994,17577.925016,-17.72730799999772,Loss,SL
2021-08-25 03:10:00,2021-08-25 05:45:00,long,17608.244974,17582.504162,17659.726598,17582.504162,-25.740812000000005,Loss,SL
2021-08-26 04:00:00,2021-08-26 05:50:00,short,17539.84399,17561.57805,17496.375870000003,17561.57805,-21.734059999998863,Loss,SL
2021-08-26 02:40:00,2021-08-26 03:00:00,short,17551.57805,17567.015785,17520.70258,17567.015785,-15.43773499999952,Loss,SL
2021-08-26 05:10:00,2021-08-26 07:40:00,long,17552.43664,17536.998904,17583.312112,17536.998904,-15.437735999999859,Loss,SL
2021-08-27 04:20:00,2021-08-27 06:45:00,long,17546.712708,17532.133563,17575.870998,17532.133563,-14.579144999999698,Loss,SL
2021-08-27 05:55:00,2021-08-27 08:25:00,short,17545.281725,17559.574674,17516.695827000003,17516.695827000003,28.58589799999754,Win,TP
2021-08-27 05:55:00,2021-08-27 08:25:00,short,17545.281725,17559.574674,17516.695827000003,17516.695827000003,28.58589799999754,Win,TP
2021-08-30 05:00:00,2021-08-30 07:35:00,long,17685.231856,17673.22848,17709.238607999992,17673.22848,-12.003375999996933,Loss,SL
2021-08-30 05:00:00,2021-08-30 07:35:00,long,17685.231856,17673.22848,17709.238607999992,17673.22848,-12.003375999996933,Loss,SL
2021-08-31 02:00:00,2021-08-31 02:55:00,long,17936.226262,17921.074723,17966.529339999997,17921.074723,-15.151538999998593,Loss,SL
2021-08-31 02:00:00,2021-08-31 02:55:00,long,17936.226262,17921.074723,17966.529339999997,17921.074723,-15.151538999998593,Loss,SL
2021-09-01 02:00:00,2021-09-01 02:15:00,long,17909.896176,17896.17562,17937.33728799999,17896.17562,-13.720555999996577,Loss,SL
2021-09-01 02:00:00,2021-09-01 02:15:00,long,17909.896176,17896.17562,17937.33728799999,17896.17562,-13.720555999996577,Loss,SL
2021-09-01 02:00:00,2021-09-01 02:15:00,long,17909.896176,17896.17562,17937.33728799999,17896.17562,-13.720555999996577,Loss,SL
2021-09-01 02:00:00,2021-09-01 02:15:00,long,17909.896176,17896.17562,17937.33728799999,17896.17562,-13.720555999996577,Loss,SL
2021-09-01 02:00:00,2021-09-01 02:15:00,long,17909.896176,17896.17562,17937.33728799999,17896.17562,-13.720555999996577,Loss,SL
2021-09-01 02:00:00,2021-09-01 02:15:00,long,17909.896176,17896.17562,17937.33728799999,17896.17562,-13.720555999996577,Loss,SL
2021-09-01 02:00:00,2021-09-01 02:15:00,long,17909.896176,17896.17562,17937.33728799999,17896.17562,-13.720555999996577,Loss,SL
2021-09-02 02:25:00,2021-09-02 07:30:00,long,17893.296774,17877.286646,17925.317029999995,17925.317029999995,32.02025599999615,Win,TP
2021-09-02 04:30:00,2021-09-02 08:30:00,long,17915.906304,17898.465193,17950.788526,17950.788526,34.88222200000018,Win,TP
2021-09-02 04:40:00,2021-09-02 06:40:00,short,17905.889424,17924.475321,17868.71763,17924.475321,-18.58589700000084,Loss,SL
2021-09-02 04:40:00,2021-09-02 06:40:00,short,17905.889424,17924.475321,17868.71763,17924.475321,-18.58589700000084,Loss,SL
2021-09-02 05:25:00,2021-09-02 08:30:00,long,17910.468569,17893.313654,17944.778399,17944.778399,34.30982999999833,Win,TP
2021-09-03 05:15:00,2021-09-03 07:30:00,long,17881.562714,17868.414551,17907.859039999996,17907.859039999996,26.296325999996043,Win,TP
2021-09-03 05:30:00,2021-09-03 06:35:00,short,17878.986945,17892.421304,17852.118227000003,17892.421304,-13.434358999998949,Loss,SL
2021-09-06 04:30:00,2021-09-06 09:00:00,short,17965.132117,17978.28028,17938.835791000005,17978.28028,-13.148162999998021,Loss,SL
2021-09-08 02:00:00,2021-09-08 02:05:00,long,17935.367672,17917.926561,17970.249894,17917.926561,-17.44111100000009,Loss,SL
2021-09-07 05:40:00,2021-09-07 06:25:00,short,17895.013953,17912.455065,17860.131729000008,17912.455065,-17.441111999996792,Loss,SL
2021-09-08 03:25:00,2021-09-08 06:10:00,long,17893.010577,17866.124979,17946.781773000002,17946.781773000002,53.77119600000151,Win,TP
2021-09-09 02:00:00,2021-09-09 02:15:00,short,17816.023696,17835.75438,17776.562328000004,17835.75438,-19.73068399999829,Loss,SL
2021-09-09 02:00:00,2021-09-09 02:15:00,short,17816.023696,17835.75438,17776.562328000004,17835.75438,-19.73068399999829,Loss,SL
2021-09-08 05:55:00,2021-09-08 06:10:00,short,17927.640364,17947.943441,17887.034209999998,17947.943441,-20.303077000000485,Loss,SL
2021-09-09 02:35:00,2021-09-09 02:50:00,short,17823.464807,17847.48844,17775.417541,17847.48844,-24.0236330000007,Loss,SL
2021-09-09 02:50:00,2021-09-09 08:30:00,long,17843.784764,17810.889038,17909.576215999998,17909.576215999998,65.79145199999766,Win,TP
2021-09-09 04:40:00,2021-09-09 06:45:00,short,17845.215747,17865.232628,17805.181984999992,17865.232628,-20.016881000003195,Loss,SL
2021-09-10 04:35:00,2021-09-10 06:00:00,short,17876.411175,17887.269765,17854.693995,17887.269765,-10.858589999999822,Loss,SL
2021-09-13 02:40:00,2021-09-13 03:05:00,short,17734.486698,17751.073057,17701.31398,17751.073057,-16.58635900000081,Loss,SL
2021-09-13 04:25:00,2021-09-13 07:15:00,long,17753.673047,17737.373052,17786.273037000003,17786.273037000003,32.599990000002435,Win,TP
2021-09-14 02:00:00,2021-09-14 03:35:00,short,17663.182206,17684.350379,17620.845860000005,17684.350379,-21.168172999998205,Loss,SL
2021-09-14 02:00:00,2021-09-14 03:35:00,short,17663.182206,17684.350379,17620.845860000005,17684.350379,-21.168172999998205,Loss,SL
2021-09-14 02:00:00,2021-09-14 03:35:00,short,17663.182206,17684.350379,17620.845860000005,17684.350379,-21.168172999998205,Loss,SL
2021-09-14 02:00:00,2021-09-14 03:35:00,short,17663.182206,17684.350379,17620.845860000005,17684.350379,-21.168172999998205,Loss,SL
2021-09-14 04:10:00,2021-09-14 04:40:00,long,17684.659462,17671.223101,17711.532184,17671.223101,-13.436361000000034,Loss,SL
2021-09-15 04:00:00,2021-09-15 05:45:00,long,17673.777652,17660.627655,17700.077646,17660.627655,-13.14999700000044,Loss,SL
2021-09-16 03:45:00,2021-09-16 07:25:00,short,17725.895795,17748.209422,17681.268541,17681.268541,44.627253999999084,Win,TP
2021-09-17 02:55:00,2021-09-17 04:10:00,long,17764.841221,17750.832133,17792.859396999997,17750.832133,-14.009087999998883,Loss,SL
2021-09-17 03:10:00,2021-09-17 04:15:00,short,17759.686679,17772.550313,17733.959410999996,17733.959410999996,25.72726800000237,Win,TP
2021-09-20 03:40:00,2021-09-20 03:50:00,short,17383.11878,17396.841504,17355.673332000002,17396.841504,-13.722723999999289,Loss,SL
2021-09-21 02:00:00,2021-09-21 02:20:00,short,17273.727953,17300.337031,17220.509797000006,17300.337031,-26.60907799999768,Loss,SL
2021-09-20 05:55:00,2021-09-20 06:30:00,short,17359.923342,17383.95515,17311.85972599999,17311.85972599999,48.06361600000673,Win,TP
2021-09-21 04:05:00,2021-09-21 07:55:00,short,17329.56882,17354.459718,17279.787024000005,17279.787024000005,49.781795999995666,Win,TP
2021-09-21 03:30:00,2021-09-21 04:05:00,long,17358.205162,17332.741537,17409.13241199999,17332.741537,-25.463624999996682,Loss,SL
2021-09-21 03:50:00,2021-09-21 06:35:00,short,17353.909711,17378.227882,17305.273369000002,17305.273369000002,48.63634199999797,Win,TP
2021-09-21 05:10:00,2021-09-21 08:00:00,short,17313.246105,17338.137003,17263.464308999995,17263.464308999995,49.78179600000294,Win,TP
2021-09-22 04:30:00,2021-09-22 07:40:00,short,17249.959789,17281.437045,17187.005277000004,17281.437045,-31.477255999998306,Loss,SL
2021-09-22 05:10:00,2021-09-22 05:20:00,short,17265.99614,17278.573411,17240.841597999995,17278.573411,-12.577271000001929,Loss,SL
2021-09-23 02:00:00,2021-09-23 02:30:00,long,17426.932383,17415.214203,17450.368743,17450.368743,23.436359999999695,Win,TP
2021-09-23 02:00:00,2021-09-23 02:30:00,long,17426.932383,17415.214203,17450.368743,17450.368743,23.436359999999695,Win,TP
2021-09-23 02:30:00,2021-09-23 08:05:00,long,17447.836913,17400.036941,17543.436857,17400.036941,-47.79997200000071,Loss,SL
2021-09-23 05:10:00,2021-09-23 08:10:00,short,17470.745987,17514.250507,17383.736946999994,17383.736946999994,87.00904000000446,Win,TP
2021-09-24 02:00:00,2021-09-24 10:25:00,short,17449.555093,17483.036894,17382.591490999996,17422.923295,26.631797999998525,Win,Timeout
2021-09-24 05:55:00,2021-09-24 07:45:00,short,17434.377832,17456.977823,17389.177849999993,17389.177849999993,45.19998200000555,Win,TP
2021-09-24 05:55:00,2021-09-24 07:45:00,short,17434.377832,17456.977823,17389.177849999993,17389.177849999993,45.19998200000555,Win,TP
2021-09-27 04:25:00,2021-09-27 05:45:00,short,17540.045935,17574.673189,17470.791426999993,17470.791426999993,69.25450800000544,Win,TP
2021-09-27 05:20:00,2021-09-27 05:55:00,short,17491.07779,17513.964143,17445.305083999996,17445.305083999996,45.77270600000338,Win,TP
2021-09-28 04:50:00,2021-09-28 08:20:00,short,17145.43714,17198.678016,17038.955388000002,17198.678016,-53.240875999999844,Loss,SL
2021-09-28 04:50:00,2021-09-28 08:20:00,short,17145.43714,17198.678016,17038.955388000002,17198.678016,-53.240875999999844,Loss,SL
2021-09-28 05:50:00,2021-09-28 06:45:00,short,17114.50989,17159.159864,17025.209942,17159.159864,-44.64997399999993,Loss,SL
2021-09-28 06:00:00,2021-09-28 06:20:00,long,17154.887133,17102.218983,17260.223433000003,17102.218983,-52.66815000000133,Loss,SL
2021-09-29 02:10:00,2021-09-29 02:25:00,long,17032.323588,17001.132695,17094.705373999997,17094.705373999997,62.3817859999981,Win,TP
2021-09-29 03:45:00,2021-09-29 06:05:00,long,17064.109928,17038.646303,17115.037178000002,17038.646303,-25.46362500000032,Loss,SL
2021-09-29 06:00:00,2021-09-29 07:35:00,short,17049.505393,17077.546289,16993.423600999995,16993.423600999995,56.0817920000045,Win,TP
2021-09-29 05:55:00,2021-09-29 06:05:00,short,17057.237206,17076.114472,17019.482674000003,17019.482674000003,37.75453199999902,Win,TP
2021-09-29 05:40:00,2021-09-29 06:05:00,short,17070.409923,17087.569009,17036.091751,17036.091751,34.31817199999932,Win,TP
2021-09-30 03:15:00,2021-09-30 05:20:00,short,16993.95089,17022.278149,16937.296371999997,16937.296371999997,56.65451800000301,Win,TP
2021-09-30 02:30:00,2021-09-30 02:45:00,short,17022.300868,17036.59632,16993.709963999994,17036.59632,-14.295452000002115,Loss,SL
2021-09-30 05:10:00,2021-09-30 08:30:00,short,16968.750909,16992.496353,16921.260021,16992.496353,-23.745444000000134,Loss,SL
2021-10-01 04:55:00,2021-10-01 06:00:00,long,16743.955623,16723.646539,16784.573791000003,16784.573791000003,40.61816800000088,Win,TP
2021-10-01 05:30:00,2021-10-01 05:40:00,long,16757.414703,16742.546525,16787.151058999993,16742.546525,-14.868177999996988,Loss,SL
2021-10-04 05:15:00,2021-10-04 07:45:00,short,16835.878281,16866.210084,16775.214675000007,16866.210084,-30.331802999997308,Loss,SL
2021-10-04 06:00:00,2021-10-04 07:40:00,short,16827.573742,16857.619181,16767.482864000005,16857.619181,-30.045438999997714,Loss,SL
2021-10-05 05:05:00,2021-10-05 06:35:00,short,16635.996613,16655.446606,16597.096626999995,16655.446606,-19.449993000001996,Loss,SL
2021-10-06 02:00:00,2021-10-06 02:05:00,long,16664.346591,16652.914774,16687.210225000003,16652.914774,-11.431817000000592,Loss,SL
2021-10-06 05:15:00,2021-10-06 05:45:00,long,16565.837574,16537.223952,16623.064818000003,16537.223952,-28.61362200000076,Loss,SL
2021-10-07 05:10:00,2021-10-07 05:55:00,short,17065.828108,17080.696287,17036.091750000007,17080.696287,-14.868178999997326,Loss,SL
2021-10-08 02:15:00,2021-10-08 07:00:00,short,17039.769037,17074.682655,16969.941800999994,17074.682655,-34.913618000002316,Loss,SL
2021-10-08 02:40:00,2021-10-08 03:50:00,long,17021.728142,17002.278149,17060.628127999997,17002.278149,-19.449992999998358,Loss,SL
2021-10-11 04:05:00,2021-10-11 04:30:00,long,16909.187317,16887.73278,16952.096391000003,16887.73278,-21.454537000001437,Loss,SL
2021-10-11 03:30:00,2021-10-11 05:25:00,long,16898.305507,16872.841882,16949.232757,16872.841882,-25.46362500000032,Loss,SL
2021-10-11 05:00:00,2021-10-11 05:45:00,short,16881.696428,16910.023687,16825.041909999996,16825.041909999996,56.65451800000301,Win,TP
2021-10-13 02:00:00,2021-10-13 02:30:00,short,16739.373808,16772.569245,16672.982934000003,16772.569245,-33.19543699999849,Loss,SL
2021-10-13 02:00:00,2021-10-13 02:30:00,short,16739.373808,16772.569245,16672.982934000003,16772.569245,-33.19543699999849,Loss,SL
2021-10-13 02:30:00,2021-10-13 03:50:00,long,16785.191955,16742.260162,16871.055540999998,16871.055540999998,85.86358599999949,Win,TP
2021-10-13 02:20:00,2021-10-13 02:30:00,long,16734.50563,16714.196547,16775.123796,16775.123796,40.6181660000002,Win,TP
2021-10-13 04:20:00,2021-10-13 06:00:00,long,16865.08735,16844.491903,16906.27824400001,16844.491903,-20.595447000003333,Loss,SL
2021-10-13 05:35:00,2021-10-13 07:30:00,short,16853.632813,16873.082806,16814.732827000003,16814.732827000003,38.899985999996716,Win,TP
2021-10-14 02:00:00,2021-10-14 02:05:00,long,17025.737229,17014.305412,17048.600862999992,17014.305412,-11.431816999996954,Loss,SL
2021-10-14 02:00:00,2021-10-14 02:05:00,long,17025.737229,17014.305412,17048.600862999992,17014.305412,-11.431816999996954,Loss,SL
2021-10-14 02:30:00,2021-10-14 03:00:00,short,17018.578144,17043.182678,16969.369075999995,17043.182678,-24.604534000001877,Loss,SL
2021-10-14 04:40:00,2021-10-14 06:45:00,short,17048.646303,17064.087208,17017.764493000002,17064.087208,-15.440904999999475,Loss,SL
2021-10-15 03:20:00,2021-10-15 05:05:00,short,17264.27796,17285.15977,17222.51434,17285.15977,-20.88180999999895,Loss,SL
2021-10-15 03:30:00,2021-10-15 04:35:00,long,17275.15977,17256.568867,17312.34157599999,17256.568867,-18.590902999996615,Loss,SL
2021-10-18 03:00:00,2021-10-18 05:15:00,long,17280.600675,17236.237064,17369.327897000003,17236.237064,-44.363611000000674,Loss,SL
2021-10-18 04:30:00,2021-10-18 06:10:00,short,17271.723409,17291.746128,17231.677970999997,17291.746128,-20.022719000000507,Loss,SL
2021-10-19 03:05:00,2021-10-19 11:30:00,long,17565.245916,17520.595942,17654.545864,17619.941329,54.69541300000128,Win,Timeout
2021-10-20 04:25:00,2021-10-20 09:00:00,long,17640.845859,17617.100415,17688.336747,17617.100415,-23.745444000000134,Loss,SL
2021-10-21 02:00:00,2021-10-21 02:05:00,short,17547.20502,17557.777747,17526.059566000004,17557.777747,-10.57272699999885,Loss,SL
2021-10-21 03:45:00,2021-10-21 04:25:00,short,17570.114094,17585.268635,17539.805012,17585.268635,-15.154540999999881,Loss,SL
2021-10-22 02:00:00,2021-10-22 02:10:00,long,17655.736757,17640.009488,17687.191294999997,17640.009488,-15.727268999999069,Loss,SL
2021-10-22 02:00:00,2021-10-22 02:10:00,long,17655.736757,17640.009488,17687.191294999997,17640.009488,-15.727268999999069,Loss,SL
2021-10-25 03:00:00,2021-10-25 06:05:00,long,17619.941329,17593.045887,17673.732213000003,17593.045887,-26.895442000000912,Loss,SL
2021-10-25 02:30:00,2021-10-25 08:30:00,long,17608.773156,17586.173165,17653.973137999998,17653.973137999998,45.19998199999827,Win,TP
2021-10-25 03:45:00,2021-10-25 06:00:00,long,17613.354971,17597.627702,17644.809509,17597.627702,-15.727268999999069,Loss,SL
2021-10-25 05:00:00,2021-10-25 06:00:00,long,17613.068607,17598.200429,17642.804963000002,17598.200429,-14.868178000000626,Loss,SL
2021-10-26 02:00:00,2021-10-26 02:05:00,long,17847.313886,17835.022979,17871.895699999997,17835.022979,-12.290906999998697,Loss,SL
2021-10-26 03:45:00,2021-10-26 05:20:00,long,17867.072962,17853.063874,17895.091137999996,17853.063874,-14.009087999998883,Loss,SL
2021-10-26 05:10:00,2021-10-26 08:30:00,short,17865.641145,17881.08205,17834.759335000002,17881.08205,-15.440904999999475,Loss,SL
2021-10-28 02:30:00,2021-10-28 03:00:00,short,17891.413853,17911.150209,17851.941140999996,17911.150209,-19.73635600000125,Loss,SL
2021-11-02 02:00:00,2021-11-02 04:50:00,short,18194.386353,18212.404529,18158.350001000006,18158.350001000006,36.03635199999553,Win,TP
2021-11-02 02:15:00,2021-11-02 02:45:00,long,18204.695436,18188.681804,18236.722700000006,18188.681804,-16.013632000001962,Loss,SL
2021-11-02 05:15:00,2021-11-02 06:30:00,short,18169.472735,18185.77273,18136.872744999997,18185.77273,-16.299995000001218,Loss,SL
2021-11-03 02:45:00,2021-11-03 03:05:00,short,18279.436289,18294.590831,18249.127205,18294.590831,-15.15454200000022,Loss,SL
2021-11-03 03:25:00,2021-11-03 04:15:00,short,18293.468097,18306.618094,18267.168103,18306.618094,-13.14999700000044,Loss,SL
2021-11-03 05:45:00,2021-11-03 06:40:00,short,18288.886282,18304.040824,18258.577198,18304.040824,-15.15454200000022,Loss,SL
2021-11-03 05:40:00,2021-11-03 06:40:00,short,18292.322643,18307.477185,18262.013559,18307.477185,-15.15454200000022,Loss,SL
2021-11-03 04:30:00,2021-11-03 06:45:00,short,18299.481729,18311.199909,18276.045369,18311.199909,-11.718179999999847,Loss,SL
2021-11-04 02:00:00,2021-11-04 03:05:00,long,18520.840653,18507.977019,18546.567920999994,18546.567920999994,25.727267999995092,Win,TP
2021-11-04 02:45:00,2021-11-04 03:05:00,long,18523.131561,18511.127017,18547.140648999997,18547.140648999997,24.009087999998883,Win,TP
2021-11-09 02:00:00,2021-11-09 02:10:00,short,18673.758721,18699.222345,18622.831473,18699.222345,-25.46362399999998,Loss,SL
2021-11-09 04:45:00,2021-11-09 06:45:00,long,18739.622308,18721.890495,18775.085934000006,18721.890495,-17.73181300000215,Loss,SL
2021-11-10 04:10:00,2021-11-10 04:35:00,short,18539.167912,18560.908813,18495.686110000006,18495.686110000006,43.48180199999479,Win,TP
2021-11-11 04:35:00,2021-11-11 05:05:00,short,18394.268021,18422.308917,18338.186229000003,18422.308917,-28.04089599999861,Loss,SL
2021-11-12 04:50:00,2021-11-12 08:35:00,long,18401.140743,18376.822572,18449.777084999998,18376.822572,-24.318170999998983,Loss,SL
2021-11-15 02:10:00,2021-11-15 03:00:00,short,18582.408789,18596.990604,18553.245159000006,18596.990604,-14.581814999997732,Loss,SL
2021-11-15 04:35:00,2021-11-15 07:20:00,long,18597.299687,18575.84515,18640.208760999994,18640.208760999994,42.9090739999956,Win,TP
2021-11-15 05:25:00,2021-11-15 05:50:00,short,18581.263335,18596.990604,18549.808797,18596.990604,-15.727268999999069,Loss,SL
2021-11-15 04:55:00,2021-11-15 07:10:00,long,18589.854238,18573.840606,18621.881501999997,18621.881501999997,32.02726399999665,Win,TP
2021-11-16 05:15:00,2021-11-16 07:35:00,long,18526.854285,18506.831566,18566.899723000002,18566.899723000002,40.04543800000101,Win,TP
2021-11-17 03:55:00,2021-11-17 06:00:00,short,18686.358711,18700.081436,18658.913261,18700.081436,-13.722724999999627,Loss,SL
2021-11-17 03:30:00,2021-11-17 07:10:00,short,18695.808704,18709.817792,18667.790527999994,18667.790527999994,28.01817600000504,Win,TP
2021-11-17 05:55:00,2021-11-17 07:05:00,long,18694.949614,18676.645075,18731.558692000002,18676.645075,-18.30453900000066,Loss,SL
2021-11-18 05:20:00,2021-11-18 06:45:00,long,18792.885904,18774.581365,18829.494982,18774.581365,-18.30453900000066,Loss,SL
2021-11-18 04:55:00,2021-11-18 07:05:00,long,18786.013182,18769.99955,18818.040445999995,18769.99955,-16.013631999998324,Loss,SL
2021-11-18 06:00:00,2021-11-18 08:30:00,short,18782.004094,18795.440455,18755.131372,18755.131372,26.872722000000067,Win,TP
2021-11-18 05:45:00,2021-11-18 06:45:00,long,18790.308633,18774.867728,18821.190443,18774.867728,-15.440904999999475,Loss,SL
2021-11-19 03:15:00,2021-11-19 03:30:00,long,18978.163038,18963.008496,19008.472122,18963.008496,-15.15454200000022,Loss,SL
2021-11-19 03:40:00,2021-11-19 08:45:00,short,18945.803971,18984.726677,18867.958559000006,18984.726677,-38.92270599999756,Loss,SL
2021-11-19 03:40:00,2021-11-19 08:45:00,short,18945.803971,18984.726677,18867.958559000006,18984.726677,-38.92270599999756,Loss,SL
2021-11-19 05:30:00,2021-11-19 07:00:00,short,18934.063071,18967.831235,18866.526743,18967.831235,-33.76816400000098,Loss,SL
2021-11-22 02:25:00,2021-11-22 03:05:00,short,19040.876627,19062.903891,18996.822099,19062.903891,-22.027264000000287,Loss,SL
2021-11-22 02:55:00,2021-11-22 08:00:00,long,19044.312988,19027.726629,19077.485706000003,19077.485706000003,33.17271800000162,Win,TP
2021-11-22 04:25:00,2021-11-22 07:55:00,short,19053.190254,19073.212974,19013.144814000007,19073.212974,-20.022719999997207,Loss,SL
2021-11-23 03:45:00,2021-11-23 05:10:00,long,18700.963246,18673.495077,18755.899584,18673.495077,-27.46816899999976,Loss,SL
2021-11-23 05:10:00,2021-11-23 05:35:00,short,18678.054172,18695.785984,18642.590548000004,18695.785984,-17.731811999998172,Loss,SL
2021-11-23 05:05:00,2021-11-23 05:45:00,short,18686.645075,18715.258697,18629.417831,18715.258697,-28.61362200000076,Loss,SL
2021-11-23 04:45:00,2021-11-23 06:05:00,short,18707.263241,18731.008685,18659.772353,18731.008685,-23.745444000000134,Loss,SL
2021-11-24 02:00:00,2021-11-24 02:20:00,short,18701.822336,18713.540516,18678.385976,18678.385976,23.436359999999695,Win,TP
2021-11-24 02:00:00,2021-11-24 02:20:00,short,18701.822336,18713.540516,18678.385976,18678.385976,23.436359999999695,Win,TP
2021-11-24 03:20:00,2021-11-24 03:35:00,long,18685.785984,18663.185994,18730.985963999996,18663.185994,-22.599989999998797,Loss,SL
2021-11-25 02:00:00,2021-11-25 05:10:00,long,18804.054077,18782.599541,18846.963149000003,18782.599541,-21.4545360000011,Loss,SL
2021-11-25 02:00:00,2021-11-25 05:10:00,long,18804.054077,18782.599541,18846.963149000003,18782.599541,-21.4545360000011,Loss,SL
2021-11-25 03:45:00,2021-11-25 05:10:00,short,18804.626804,18819.208619,18775.463173999997,18775.463173999997,29.16363000000274,Win,TP
2021-11-25 05:50:00,2021-11-25 06:30:00,short,18775.990462,18789.713187,18748.545012000002,18789.713187,-13.722724999999627,Loss,SL
2021-11-26 03:00:00,2021-11-26 06:05:00,short,18534.586098,18588.113338,18427.531618,18588.113338,-53.52723999999944,Loss,SL
2021-11-26 05:40:00,2021-11-26 07:00:00,long,18566.658801,18534.036091,18631.904221,18534.036091,-32.62270999999964,Loss,SL
2021-11-29 03:15:00,2021-11-29 07:45:00,short,18561.790623,18593.554243,18498.263383000005,18593.554243,-31.7636199999979,Loss,SL
2021-11-29 04:20:00,2021-11-29 06:05:00,long,18560.645169,18538.045179,18605.845148999997,18538.045179,-22.599989999998797,Loss,SL
2021-11-29 06:00:00,2021-11-29 06:55:00,short,18545.181544,18567.208808,18501.127016,18567.208808,-22.027264000000287,Loss,SL
2021-11-29 05:50:00,2021-11-29 07:40:00,short,18555.204264,18577.804255,18510.004282,18577.804255,-22.599990999999136,Loss,SL
2021-11-30 02:25:00,2021-11-30 02:45:00,long,18710.985965,18677.217801,18778.522293,18677.217801,-33.76816400000098,Loss,SL
2021-11-30 03:00:00,2021-11-30 07:55:00,short,18664.881455,18712.96779,18568.708785,18712.96779,-48.08633499999996,Loss,SL
2021-11-30 02:35:00,2021-11-30 07:55:00,short,18688.935982,18720.699602,18625.408741999996,18720.699602,-31.763620000001538,Loss,SL
2021-11-30 03:00:00,2021-11-30 07:55:00,short,18664.881455,18712.96779,18568.708785,18712.96779,-48.08633499999996,Loss,SL
2021-11-30 04:05:00,2021-11-30 06:25:00,short,18676.049628,18708.099611,18611.949662,18708.099611,-32.04998300000079,Loss,SL
2021-11-30 04:45:00,2021-11-30 04:55:00,short,18672.326903,18692.349623,18632.281463000007,18692.349623,-20.022719999997207,Loss,SL
2021-11-30 05:15:00,2021-11-30 05:50:00,long,18676.622355,18658.604179,18712.658706999995,18658.604179,-18.018175999997766,Loss,SL
2021-12-01 02:00:00,2021-12-01 02:05:00,long,18744.490486,18725.326856,18782.817745999997,18725.326856,-19.163629999999102,Loss,SL
2021-12-01 03:35:00,2021-12-01 05:15:00,long,18760.813201,18735.349576,18811.740451,18735.349576,-25.46362500000032,Loss,SL
2021-12-01 02:15:00,2021-12-01 02:30:00,long,18740.195034,18698.695058,18823.194986,18698.695058,-41.49997599999915,Loss,SL
2021-12-01 02:25:00,2021-12-01 03:15:00,short,18716.999597,18741.604132,18667.790527000005,18741.604132,-24.604534999998577,Loss,SL
2021-12-01 04:15:00,2021-12-01 05:35:00,short,18744.776849,18758.785937,18716.758673000004,18758.785937,-14.009087999998883,Loss,SL
2021-12-01 05:40:00,2021-12-01 07:10:00,long,18758.522293,18741.363208,18792.840463000008,18741.363208,-17.15908500000296,Loss,SL
2021-12-02 02:00:00,2021-12-02 03:00:00,short,18259.104486,18286.859018,18203.595422000002,18286.859018,-27.754531999999017,Loss,SL
2021-12-02 02:50:00,2021-12-02 03:40:00,long,18274.854474,18248.531759,18327.499903999997,18248.531759,-26.322714999998425,Loss,SL
2021-12-02 05:40:00,2021-12-02 06:10:00,short,18222.736332,18242.759051,18182.690894,18182.690894,40.04543800000101,Win,TP
2021-12-06 02:00:00,2021-12-06 02:10:00,short,18063.231906,18073.231906,18043.231906,18073.231906,-10.0,Loss,SL
2021-12-03 05:10:00,2021-12-03 05:35:00,short,18252.231764,18278.840843,18199.013605999997,18278.840843,-26.609079000001657,Loss,SL
2021-12-06 02:00:00,2021-12-06 02:10:00,short,18063.231906,18073.231906,18043.231906,18073.231906,-10.0,Loss,SL
2021-12-06 02:00:00,2021-12-06 02:10:00,short,18063.231906,18073.231906,18043.231906,18073.231906,-10.0,Loss,SL
2021-12-06 05:55:00,2021-12-06 06:15:00,long,17969.01834,17935.53654,18035.981939999994,17935.53654,-33.48179999999775,Loss,SL
2021-12-06 05:55:00,2021-12-06 06:15:00,long,17969.01834,17935.53654,18035.981939999994,17935.53654,-33.48179999999775,Loss,SL
2021-12-07 04:15:00,2021-12-07 04:50:00,long,18465.572513,18450.704335,18495.308869,18495.308869,29.73635600000125,Win,TP
2021-12-07 06:00:00,2021-12-07 07:35:00,short,18465.28615,18496.477043,18402.904364,18496.477043,-31.19089299999905,Loss,SL
2021-12-08 05:10:00,2021-12-08 05:45:00,long,18759.95411,18732.199578,18815.463173999997,18815.463173999997,55.509063999998034,Win,TP
2021-12-08 05:10:00,2021-12-08 05:45:00,long,18759.95411,18732.199578,18815.463173999997,18815.463173999997,55.509063999998034,Win,TP
2021-12-08 05:25:00,2021-12-08 05:40:00,short,18754.799569,18771.385928,18721.626850999997,18771.385928,-16.58635900000081,Loss,SL
2021-12-10 02:00:00,2021-12-10 02:05:00,short,18528.858829,18540.004283,18506.567921000005,18540.004283,-11.145453999997699,Loss,SL
2021-12-10 02:10:00,2021-12-10 02:45:00,short,18517.977019,18545.445188,18463.040681000002,18545.445188,-27.46816899999976,Loss,SL
2021-12-10 03:55:00,2021-12-10 04:15:00,long,18561.217896,18542.34063,18598.972427999997,18542.34063,-18.87726599999951,Loss,SL
2021-12-10 04:25:00,2021-12-10 05:50:00,long,18553.486084,18535.754271,18588.949709999997,18588.949709999997,35.46362599999702,Win,TP
2021-12-13 02:00:00,2021-12-13 03:05:00,long,18733.895039,18719.313224,18763.058668999995,18763.058668999995,29.163629999995464,Win,TP
2021-12-13 03:50:00,2021-12-13 04:45:00,short,18775.417735,18789.99955,18746.254104999996,18789.99955,-14.58181500000137,Loss,SL
2021-12-13 06:00:00,2021-12-13 08:25:00,short,18769.11774,18792.004094,18723.345032000005,18723.345032000005,45.77270799999678,Win,TP
2021-12-13 04:50:00,2021-12-13 05:40:00,short,18779.426823,18794.008638,18750.263193000006,18794.008638,-14.581814999997732,Loss,SL
2021-12-13 04:50:00,2021-12-13 05:40:00,short,18779.426823,18794.008638,18750.263193000006,18794.008638,-14.581814999997732,Loss,SL
2021-12-14 05:05:00,2021-12-14 05:30:00,long,18322.963529,18306.949897,18354.990793000004,18306.949897,-16.013632000001962,Loss,SL
2021-12-14 04:55:00,2021-12-14 06:25:00,long,18308.358995,18286.045368,18352.986248999998,18352.986248999998,44.627253999999084,Win,TP
2021-12-15 03:40:00,2021-12-15 04:55:00,short,18188.086358,18212.977256,18138.304562000005,18212.977256,-24.890897999997833,Loss,SL
2021-12-16 04:50:00,2021-12-16 05:15:00,long,18784.295001,18766.563189,18819.758624999995,18819.758624999995,35.463623999996344,Win,TP
2021-12-16 04:10:00,2021-12-16 05:10:00,long,18775.131372,18758.831377,18807.731362000002,18807.731362000002,32.599990000002435,Win,TP
2021-12-17 03:00:00,2021-12-17 03:10:00,short,18078.122804,18115.900056,18002.5683,18002.5683,75.55450399999972,Win,TP
2021-12-17 03:40:00,2021-12-17 03:50:00,short,18001.66377,18048.318288,17908.354734,18048.318288,-46.65451799999937,Loss,SL
2021-12-17 03:50:00,2021-12-17 04:25:00,long,18057.218274,18001.113763,18169.427295999994,18001.113763,-56.10451099999773,Loss,SL
2021-12-17 05:55:00,2021-12-17 06:15:00,long,18054.927367,18023.736473,18117.309155,18023.736473,-31.19089399999939,Loss,SL
2021-12-20 02:25:00,2021-12-20 02:35:00,long,17846.168432,17819.845717,17898.813861999995,17819.845717,-26.322714999998425,Loss,SL
2021-12-20 03:55:00,2021-12-20 08:35:00,long,17812.377549,17767.441211,17902.250225,17902.250225,89.87267599999905,Win,TP
2021-12-20 03:50:00,2021-12-20 03:55:00,short,17780.877572,17799.754838,17743.123040000002,17799.754838,-18.87726599999951,Loss,SL
2021-12-20 04:30:00,2021-12-20 04:45:00,short,17796.054833,17831.254815,17725.654868999995,17831.254815,-35.19998200000191,Loss,SL
2021-12-20 05:00:00,2021-12-20 05:10:00,short,17811.804822,17844.141169,17747.132127999997,17844.141169,-32.33634700000039,Loss,SL
2021-12-21 05:10:00,2021-12-21 05:25:00,long,18062.659179,18042.922823,18102.131890999994,18102.131890999994,39.47271199999523,Win,TP
2021-12-22 05:45:00,2021-12-22 07:00:00,long,18294.61355,18272.87265,18338.095349999992,18272.87265,-21.740899999997055,Loss,SL
2021-12-23 03:05:00,2021-12-23 06:00:00,long,18533.440644,18515.708832,18568.904267999995,18568.904267999995,35.463623999996344,Win,TP
2021-12-23 02:50:00,2021-12-23 08:35:00,long,18528.572466,18494.231575,18597.254248,18597.254248,68.68178199999966,Win,TP
2021-12-23 03:15:00,2021-12-23 04:20:00,short,18528.572466,18543.727007,18498.263384,18543.727007,-15.154540999999881,Loss,SL
2021-12-27 05:20:00,2021-12-27 06:20:00,short,18712.131419,18727.572324,18681.249609000002,18727.572324,-15.440904999999475,Loss,SL
2021-12-27 06:00:00,2021-12-27 06:20:00,short,18713.563236,18727.572324,18685.545060000004,18727.572324,-14.009087999998883,Loss,SL
2021-12-28 05:40:00,2021-12-28 06:40:00,short,19055.481162,19073.212974,19020.017538000004,19073.212974,-17.731811999998172,Loss,SL
2021-12-29 04:15:00,2021-12-29 05:15:00,short,18952.39033,18966.972145,18923.226699999996,18923.226699999996,29.16363000000274,Win,TP
2021-12-29 04:50:00,2021-12-29 07:00:00,short,18941.50852,18965.826691,18892.872178,18892.872178,48.63634199999797,Win,TP
2021-12-30 02:40:00,2021-12-30 03:35:00,long,18907.431273,18891.131277,18940.031264999994,18940.031264999994,32.59999199999584,Win,TP
2021-12-30 05:35:00,2021-12-30 07:20:00,long,18926.331258,18908.313083,18962.367607999993,18908.313083,-18.018174999997427,Loss,SL
2021-12-30 06:00:00,2021-12-30 06:40:00,short,18932.34489,18947.499432,18902.035806,18947.499432,-15.15454200000022,Loss,SL
2021-12-31 04:40:00,2021-12-31 06:05:00,short,18789.735906,18806.608628,18755.990462,18755.990462,33.745444000000134,Win,TP
2021-12-31 05:40:00,2021-12-31 06:40:00,short,18778.567733,18794.581365,18746.540469000003,18794.581365,-16.013631999998324,Loss,SL
2022-01-03 02:00:00,2022-01-03 02:55:00,long,18782.004094,18772.004094,18802.004094,18772.004094,-10.0,Loss,SL
2022-01-06 04:15:00,2022-01-06 04:40:00,short,18031.731929,18060.631915,17973.931957,18060.631915,-28.899986000000354,Loss,SL
2022-01-07 05:15:00,2022-01-07 06:35:00,long,18106.472782,18074.709162,18170.000022000004,18074.709162,-31.763620000001538,Loss,SL
2022-01-10 04:40:00,2022-01-10 06:15:00,short,17807.223007,17850.1548,17721.359421,17721.359421,85.86358599999949,Win,TP
2022-01-10 04:20:00,2022-01-10 05:35:00,short,17833.282078,17867.622969,17764.600296,17764.600296,68.68178199999966,Win,TP
2022-01-11 02:00:00,2022-01-11 02:05:00,long,17915.754744,17888.859302,17969.545628000003,17888.859302,-26.895442000000912,Loss,SL
2022-01-11 02:00:00,2022-01-11 02:05:00,long,17915.754744,17888.859302,17969.545628000003,17888.859302,-26.895442000000912,Loss,SL
2022-01-11 03:10:00,2022-01-11 03:35:00,long,17916.900197,17881.413853,17987.872885,17987.872885,70.97268800000165,Win,TP
2022-01-11 05:10:00,2022-01-11 07:40:00,short,17956.991076,17992.477421,17886.018385999996,17886.018385999996,70.97269000000233,Win,TP
2022-01-11 05:00:00,2022-01-11 07:50:00,short,17964.722889,18010.231953,17873.704761000005,17873.704761000005,91.01812799999607,Win,TP
2022-01-11 04:45:00,2022-01-11 05:00:00,long,18007.677402,17991.377407,18040.277392000004,17991.377407,-16.299995000001218,Loss,SL
2022-01-12 02:00:00,2022-01-12 02:15:00,long,18167.468191,18150.881833,18200.640907,18150.881833,-16.586358000000473,Loss,SL
2022-01-12 02:00:00,2022-01-12 02:15:00,long,18167.468191,18150.881833,18200.640907,18150.881833,-16.586358000000473,Loss,SL
2022-01-12 04:00:00,2022-01-12 04:05:00,long,18166.895464,18154.89092,18190.904552,18154.89092,-12.004543999999441,Loss,SL
2022-01-12 03:45:00,2022-01-12 07:25:00,long,18148.281842,18123.677308,18197.490910000004,18197.490910000004,49.209068000003754,Win,TP
2022-01-12 03:25:00,2022-01-12 04:45:00,long,18141.40912,18115.659132,18192.909096,18192.909096,51.49997599999915,Win,TP
2022-01-12 04:20:00,2022-01-12 06:00:00,long,18183.218179,18154.03183,18241.590877,18154.03183,-29.18634899999961,Loss,SL
2022-01-12 05:25:00,2022-01-12 07:25:00,short,18172.050006,18199.231811,18117.686396,18199.231811,-27.181805000000168,Loss,SL
2022-01-12 05:55:00,2022-01-12 07:05:00,short,18158.018198,18190.927272,18092.200050000003,18190.927272,-32.90907399999924,Loss,SL
2022-01-13 04:15:00,2022-01-13 05:25:00,long,18215.577246,18196.127253,18254.477232000005,18196.127253,-19.449993000001996,Loss,SL
2022-01-13 04:00:00,2022-01-13 04:30:00,long,18206.69998,18191.259075,18237.58179,18237.58179,30.88180999999895,Win,TP
2022-01-13 03:45:00,2022-01-13 04:00:00,short,18188.659084,18209.540894,18146.895463999994,18209.540894,-20.881810000002588,Loss,SL
2022-01-13 05:25:00,2022-01-13 06:25:00,short,18195.81817,18216.69998,18154.054549999993,18216.69998,-20.881810000002588,Loss,SL
2022-01-13 05:25:00,2022-01-13 06:25:00,short,18195.81817,18216.69998,18154.054549999993,18216.69998,-20.881810000002588,Loss,SL
2022-01-13 05:00:00,2022-01-13 05:25:00,long,18225.599966,18202.140885,18272.518128000003,18202.140885,-23.45908100000088,Loss,SL
2022-01-14 02:40:00,2022-01-14 03:35:00,short,17761.691223,17792.882116,17699.309437000004,17792.882116,-31.19089299999905,Loss,SL
2022-01-14 03:15:00,2022-01-14 03:25:00,long,17777.441211,17748.541225,17835.241183000002,17748.541225,-28.899986000000354,Loss,SL
2022-01-17 05:30:00,2022-01-17 06:00:00,short,17884.541131,17896.832038,17859.959317000004,17896.832038,-12.290906999998697,Loss,SL
2022-01-17 05:25:00,2022-01-17 06:00:00,short,17886.832038,17901.700216,17857.095682,17901.700216,-14.868178000000626,Loss,SL
2022-01-18 02:00:00,2022-01-18 02:10:00,short,17683.800372,17704.968546,17641.464024000004,17641.464024000004,42.33634799999709,Win,TP
2022-01-18 03:55:00,2022-01-18 04:00:00,short,17536.32321,17561.786835,17485.395959999998,17561.786835,-25.46362500000032,Loss,SL
2022-01-18 06:00:00,2022-01-18 08:30:00,long,17567.536823,17539.495928,17623.618612999995,17539.495928,-28.040894999998272,Loss,SL
2022-01-20 02:00:00,2022-01-20 02:05:00,short,17331.573364,17351.882447,17290.955198,17351.882447,-20.3090830000001,Loss,SL
2022-01-20 02:00:00,2022-01-20 02:05:00,short,17331.573364,17351.882447,17290.955198,17351.882447,-20.3090830000001,Loss,SL
2022-01-20 02:00:00,2022-01-20 02:05:00,short,17331.573364,17351.882447,17290.955198,17351.882447,-20.3090830000001,Loss,SL
2022-01-20 03:30:00,2022-01-20 08:30:00,long,17334.723361,17292.937022,17418.296039000004,17418.296039000004,83.57267800000409,Win,TP
2022-01-20 02:40:00,2022-01-20 02:55:00,short,17273.727953,17301.768848,17217.646163000005,17301.768848,-28.040894999998272,Loss,SL
2022-01-20 04:05:00,2022-01-20 04:20:00,short,17327.564276,17344.150634,17294.39156,17344.150634,-16.586358000000473,Loss,SL
2022-01-21 03:10:00,2022-01-21 03:20:00,short,16880.837338,16902.291875,16837.928264000006,16902.291875,-21.4545369999978,Loss,SL
2022-01-21 05:55:00,2022-01-21 06:05:00,long,16894.010056,16844.20554,16993.619088,16844.20554,-49.80451600000015,Loss,SL
2022-01-24 02:30:00,2022-01-24 02:55:00,short,16665.492045,16697.255665,16601.964804999996,16601.964804999996,63.527240000003076,Win,TP
2022-01-24 05:15:00,2022-01-24 07:15:00,short,16448.428572,16519.42398,16306.437756000003,16306.437756000003,141.99081599999772,Win,TP
2022-01-25 03:05:00,2022-01-25 03:25:00,long,16311.260493,16260.596887,16412.587704999998,16412.587704999998,101.32721199999833,Win,TP
2022-01-25 04:40:00,2022-01-25 05:15:00,short,16363.378635,16395.428619,16299.278667,16395.428619,-32.04998399999931,Loss,SL
2022-01-25 04:35:00,2022-01-25 06:00:00,short,16376.551353,16428.074049,16273.505961000004,16273.505961000004,103.04539199999635,Win,TP
2022-01-25 05:30:00,2022-01-25 07:05:00,short,16333.883203,16383.687719,16234.274171,16234.274171,99.6090320000003,Win,TP
2022-01-28 02:00:00,2022-01-28 02:15:00,short,16174.665141,16213.015119,16097.965185,16097.965185,76.69995600000038,Win,TP
2022-01-28 02:00:00,2022-01-28 02:15:00,short,16174.665141,16213.015119,16097.965185,16097.965185,76.69995600000038,Win,TP
2022-01-31 02:00:00,2022-01-31 02:05:00,long,16544.073954,16527.487596,16577.24667,16527.487596,-16.586358000000473,Loss,SL
2022-01-31 02:00:00,2022-01-31 02:05:00,long,16544.073954,16527.487596,16577.24667,16527.487596,-16.586358000000473,Loss,SL
2022-01-31 02:10:00,2022-01-31 02:20:00,long,16569.560299,16542.378494,16623.923909,16542.378494,-27.181805000000168,Loss,SL
2022-01-31 03:50:00,2022-01-31 06:05:00,short,16629.410254,16661.173874,16565.883013999995,16565.883013999995,63.527240000003076,Win,TP
2022-02-01 04:35:00,2022-02-01 04:45:00,long,17081.86446,17054.682655,17136.22807,17054.682655,-27.181805000000168,Loss,SL
2022-02-01 05:25:00,2022-02-01 05:35:00,short,17030.605408,17054.350852,16983.11452,17054.350852,-23.745444000000134,Loss,SL
2022-02-01 04:10:00,2022-02-01 04:35:00,short,17057.237206,17084.132648,17003.446322000007,17084.132648,-26.895441999997274,Loss,SL
2022-02-01 05:00:00,2022-02-01 05:25:00,long,17062.105384,17024.328132,17137.659888,17024.328132,-37.77725199999986,Loss,SL
2022-02-01 05:10:00,2022-02-01 06:25:00,short,17057.809933,17084.705375,17004.019049,17084.705375,-26.895442000000912,Loss,SL
2022-02-02 05:05:00,2022-02-02 05:30:00,short,17405.168763,17429.200571,17357.105147000002,17429.200571,-24.031807999999728,Loss,SL
2022-02-02 04:45:00,2022-02-02 06:10:00,short,17420.346024,17445.809649,17369.418773999998,17445.809649,-25.46362500000032,Loss,SL
2022-02-02 05:40:00,2022-02-02 05:50:00,short,17421.205115,17441.514198,17380.586949,17441.514198,-20.3090830000001,Loss,SL
2022-02-03 03:15:00,2022-02-03 03:35:00,long,17004.259973,16974.78726,17063.205399,16974.78726,-29.472712999999203,Loss,SL
2022-02-03 03:35:00,2022-02-03 04:55:00,short,16977.055448,17002.805436,16925.555472,16925.555472,51.49997599999915,Win,TP
2022-02-03 06:00:00,2022-02-03 06:35:00,short,16908.900953,16962.714557,16801.273745000002,16962.714557,-53.81360399999903,Loss,SL
2022-02-03 06:00:00,2022-02-03 06:35:00,short,16908.900953,16962.714557,16801.273745000002,16962.714557,-53.81360399999903,Loss,SL
2022-02-04 02:20:00,2022-02-04 03:20:00,short,16888.282787,16921.764588,16821.319185000004,16821.319185000004,66.96360199999617,Win,TP
2022-02-07 04:55:00,2022-02-07 05:25:00,short,16783.760138,16808.078309,16735.123796000003,16808.078309,-24.318170999998983,Loss,SL
2022-02-07 04:50:00,2022-02-07 05:35:00,short,16797.791946,16819.81921,16753.737418,16819.81921,-22.027264000000287,Loss,SL
2022-02-07 05:25:00,2022-02-07 06:00:00,long,16804.378305,16788.078309,16836.978296999994,16836.978296999994,32.59999199999584,Win,TP
2022-02-07 05:20:00,2022-02-07 06:00:00,long,16798.078309,16778.05559,16838.123747,16838.123747,40.04543800000101,Win,TP
2022-02-08 04:45:00,2022-02-08 05:00:00,long,16702.146563,16681.551116,16743.337456999998,16681.551116,-20.595446999999695,Loss,SL
2022-02-08 04:50:00,2022-02-08 05:50:00,short,16686.682938,16717.587468,16624.873878000002,16624.873878000002,61.80905999999959,Win,TP
2022-02-08 05:30:00,2022-02-08 05:35:00,long,16666.351135,16647.187506,16704.678393000006,16647.187506,-19.163629000002402,Loss,SL
2022-02-09 04:20:00,2022-02-09 05:50:00,short,17032.896315,17050.914491,16996.859963000006,17050.914491,-18.018175999997766,Loss,SL
2022-02-10 05:05:00,2022-02-10 06:00:00,short,17167.773487,17190.659841,17122.000778999995,17190.659841,-22.88635400000203,Loss,SL
2022-02-10 05:20:00,2022-02-10 06:05:00,long,17180.373477,17168.368933,17204.382565,17204.382565,24.009087999998883,Win,TP
2022-02-11 02:35:00,2022-02-11 03:15:00,short,16718.182915,16767.12834,16620.292065000005,16767.12834,-48.94542499999807,Loss,SL
2022-02-11 04:40:00,2022-02-11 05:05:00,long,16732.501086,16710.473822,16776.555614,16710.473822,-22.027264000000287,Loss,SL
2022-02-14 03:35:00,2022-02-14 04:25:00,short,16126.556086,16161.18334,16057.301578000002,16161.18334,-34.627253999999084,Loss,SL
2022-02-14 05:25:00,2022-02-14 06:10:00,long,16146.601525,16115.410632,16208.983311000002,16115.410632,-31.19089300000087,Loss,SL
2022-02-15 04:45:00,2022-02-15 05:10:00,short,16633.992069,16653.442062,16595.092083000003,16653.442062,-19.449992999998358,Loss,SL
2022-02-15 05:00:00,2022-02-15 07:30:00,long,16644.873879,16616.54662,16701.528396999995,16616.54662,-28.327258999997866,Loss,SL
2022-02-16 02:10:00,2022-02-16 07:45:00,long,16720.760185,16672.101124,16818.078306999996,16672.101124,-48.659060999998474,Loss,SL
2022-02-16 04:00:00,2022-02-16 04:10:00,short,16719.328368,16739.923815,16678.137474,16739.923815,-20.595446999999695,Loss,SL
2022-02-16 03:00:00,2022-02-16 03:05:00,long,16784.905592,16747.98743,16858.741915999995,16747.98743,-36.91816199999812,Loss,SL
2022-02-16 05:35:00,2022-02-16 06:30:00,long,16735.937447,16713.337456,16781.137429,16713.337456,-22.599990999999136,Loss,SL
2022-02-16 05:30:00,2022-02-16 06:35:00,long,16726.773817,16700.164739,16779.991973000004,16700.164739,-26.60907800000132,Loss,SL
2022-02-17 05:55:00,2022-02-17 06:45:00,long,16619.960261,16594.496636,16670.887511,16670.887511,50.92725000000064,Win,TP
2022-02-18 02:00:00,2022-02-18 02:40:00,short,16322.142303,16351.328652,16263.769605000001,16351.328652,-29.18634899999961,Loss,SL
2022-02-18 03:55:00,2022-02-18 05:45:00,long,16346.769557,16317.296844,16405.714982999998,16317.296844,-29.472712999999203,Loss,SL
2022-02-18 05:40:00,2022-02-18 07:20:00,short,16318.133215,16349.896835,16254.605975,16254.605975,63.52723999999944,Win,TP
2022-02-18 04:25:00,2022-02-18 05:40:00,long,16341.901379,16327.319564,16371.065009000004,16327.319564,-14.58181500000137,Loss,SL
2022-02-22 06:00:00,2022-02-22 06:10:00,short,15899.756256,15942.115322,15815.038124000002,15942.115322,-42.359065999999075,Loss,SL
2022-02-23 04:45:00,2022-02-23 06:35:00,short,16020.887983,16071.551589,15919.560771,16071.551589,-50.66360600000007,Loss,SL
2022-02-23 05:35:00,2022-02-23 06:30:00,short,16023.178891,16054.08342,15961.369832999997,16054.08342,-30.904529000001276,Loss,SL
2022-02-24 05:40:00,2022-02-24 06:35:00,long,15038.08872,14963.370587,15187.524986,14963.370587,-74.71813300000031,Loss,SL
2022-02-24 05:40:00,2022-02-24 06:35:00,long,15038.08872,14963.370587,15187.524986,14963.370587,-74.71813300000031,Loss,SL
2022-02-25 03:50:00,2022-02-25 04:15:00,long,15853.365382,15823.033579,15914.028987999998,15914.028987999998,60.66360599999825,Win,TP
2022-02-25 05:05:00,2022-02-25 05:20:00,short,15861.383557,15893.433541,15797.283588999997,15893.433541,-32.04998400000113,Loss,SL
2022-02-25 04:50:00,2022-02-25 05:00:00,long,15920.947149,15894.338071,15974.165304999999,15894.338071,-26.6090779999995,Loss,SL
2022-02-25 05:35:00,2022-02-25 05:45:00,long,15945.860767,15890.615346,16056.351609,15890.615346,-55.245420999999624,Loss,SL
2022-02-28 03:05:00,2022-02-28 03:20:00,long,16080.451575,16005.733442,16229.887840999996,16005.733442,-74.71813299999849,Loss,SL
2022-02-28 04:25:00,2022-02-28 04:45:00,short,15993.397095,16042.915247,15894.360791,16042.915247,-49.518152000000555,Loss,SL
2022-03-01 02:10:00,2022-03-01 02:45:00,short,16340.469562,16380.251357,16260.905972000002,16260.905972000002,79.56358999999793,Win,TP
2022-03-01 04:25:00,2022-03-01 04:40:00,short,16161.492423,16186.096958,16112.283352999999,16186.096958,-24.604535000000396,Loss,SL
2022-03-01 04:40:00,2022-03-01 05:50:00,long,16180.965136,16125.719715,16291.455978000004,16125.719715,-55.24542100000144,Loss,SL
2022-03-01 05:45:00,2022-03-01 06:25:00,short,16158.628789,16190.106046,16095.674275,16190.106046,-31.477257000000463,Loss,SL
2022-03-02 03:05:00,2022-03-02 03:30:00,long,16050.097052,16000.865263,16148.560629999998,16148.560629999998,98.46357799999896,Win,TP
2022-03-02 03:30:00,2022-03-02 09:05:00,long,16116.247003,16019.765249,16309.210511000001,16019.765249,-96.48175400000036,Loss,SL
2022-03-02 05:25:00,2022-03-02 06:00:00,long,16182.96968,16146.910608,16255.087824,16146.910608,-36.059072000000015,Loss,SL
2022-03-04 05:35:00,2022-03-04 05:50:00,short,15938.701681,15968.747121,15878.610801,15968.747121,-30.04543999999987,Loss,SL
2022-03-07 04:55:00,2022-03-07 05:50:00,short,15568.147414,15622.820107,15458.802027999998,15622.820107,-54.672693000000436,Loss,SL
2022-03-07 04:55:00,2022-03-07 05:50:00,short,15568.147414,15622.820107,15458.802027999998,15622.820107,-54.672693000000436,Loss,SL
2022-03-08 04:15:00,2022-03-08 04:45:00,short,15222.506764,15287.488541,15092.543209999998,15287.488541,-64.98177700000087,Loss,SL
2022-03-08 04:35:00,2022-03-08 04:45:00,short,15252.574923,15288.920358,15179.884053000002,15288.920358,-36.34543499999927,Loss,SL
2022-03-10 02:00:00,2022-03-10 02:10:00,long,15674.388243,15657.801884,15707.560960999997,15657.801884,-16.586358999998993,Loss,SL
2022-03-10 02:00:00,2022-03-10 02:10:00,long,15674.388243,15657.801884,15707.560960999997,15657.801884,-16.586358999998993,Loss,SL
2022-03-10 03:05:00,2022-03-10 03:25:00,long,15691.570048,15646.060984,15782.588176,15646.060984,-45.50906399999985,Loss,SL
2022-03-10 03:00:00,2022-03-10 03:50:00,long,15658.351891,15596.806476,15781.442721000001,15596.806476,-61.5454150000005,Loss,SL
2022-03-10 03:00:00,2022-03-10 03:50:00,long,15658.351891,15596.806476,15781.442721000001,15596.806476,-61.5454150000005,Loss,SL
2022-03-10 03:40:00,2022-03-10 03:50:00,long,15664.651887,15633.747357,15726.460947,15633.747357,-30.904529999999795,Loss,SL
2022-03-10 04:55:00,2022-03-10 08:35:00,short,15559.842874,15615.088295,15449.352032,15449.352032,110.49084199999925,Win,TP
2022-03-10 05:30:00,2022-03-10 05:50:00,short,15558.697421,15580.438321,15515.215621000003,15515.215621000003,43.48179999999775,Win,TP
2022-03-11 05:15:00,2022-03-11 05:20:00,short,15618.833739,15642.579184,15571.342848999999,15642.579184,-23.745445000000473,Loss,SL
2022-03-11 05:20:00,2022-03-11 08:40:00,long,15733.092744,15588.215573,16022.847086,15588.215573,-144.8771710000001,Loss,SL
2022-03-14 02:00:00,2022-03-14 02:20:00,short,15316.72033,15337.60214,15274.956709999999,15337.60214,-20.88181000000077,Loss,SL
2022-03-14 02:00:00,2022-03-14 02:20:00,short,15316.72033,15337.60214,15274.956709999999,15337.60214,-20.88181000000077,Loss,SL
2022-03-14 02:25:00,2022-03-14 03:25:00,short,15327.029413,15359.079396,15262.929447000002,15262.929447000002,64.09996599999795,Win,TP
2022-03-14 06:00:00,2022-03-14 06:25:00,short,15300.111251,15344.188498,15211.956757000002,15211.956757000002,88.15449399999852,Win,TP
2022-03-14 05:40:00,2022-03-14 06:25:00,short,15308.129427,15341.611227,15241.165827,15241.165827,66.96359999999913,Win,TP
2022-03-15 05:10:00,2022-03-15 06:10:00,long,14938.43425,14895.78882,15023.725110000001,15023.725110000001,85.29086000000098,Win,TP
2022-03-16 05:10:00,2022-03-16 06:15:00,long,15707.6064,15654.651887,15813.515426000002,15654.651887,-52.95451300000059,Loss,SL
2022-03-17 02:15:00,2022-03-17 04:20:00,short,16012.583444,16059.810689,15918.128954,15918.128954,94.45449000000008,Win,TP
2022-03-17 05:00:00,2022-03-17 08:55:00,short,15882.574451,15964.165306,15719.392741,15964.165306,-81.59085500000037,Loss,SL
2022-03-18 03:30:00,2022-03-18 08:25:00,short,16061.551589,16095.606116,15993.442535,16095.606116,-34.054527000000235,Loss,SL
2022-03-21 02:00:00,2022-03-21 02:20:00,long,16420.65132,16410.078593,16441.796774000006,16410.078593,-10.572727000002487,Loss,SL
2022-03-21 02:00:00,2022-03-21 02:20:00,long,16420.65132,16410.078593,16441.796774000006,16410.078593,-10.572727000002487,Loss,SL
2022-03-21 02:50:00,2022-03-21 03:00:00,short,16430.101313,16450.696759,16388.910421,16450.696759,-20.595445999999356,Loss,SL
2022-03-21 04:15:00,2022-03-21 06:15:00,long,16449.287662,16422.105857,16503.651272,16503.651272,54.363610000000335,Win,TP
2022-03-21 05:50:00,2022-03-21 06:00:00,short,16440.983123,16461.005842,16400.937685000008,16461.005842,-20.02271899999687,Loss,SL
2022-03-22 02:00:00,2022-03-22 02:15:00,short,16420.364956,16437.237678,16386.619512,16437.237678,-16.872722000000067,Loss,SL
2022-03-22 05:00:00,2022-03-22 05:30:00,short,16502.264895,16526.010339,16454.774007,16526.010339,-23.745444000000134,Loss,SL
2022-03-22 05:30:00,2022-03-22 06:05:00,long,16529.46942,16491.119441,16606.169378000006,16491.119441,-38.34997900000235,Loss,SL
2022-03-22 05:30:00,2022-03-22 06:05:00,long,16529.46942,16491.119441,16606.169378000006,16491.119441,-38.34997900000235,Loss,SL
2022-03-24 02:20:00,2022-03-24 03:05:00,short,16625.401166,16674.060228,16528.083042000002,16674.060228,-48.65906199999881,Loss,SL
2022-03-24 04:30:00,2022-03-24 05:00:00,long,16681.528397,16654.632955,16735.319280999993,16654.632955,-26.895441999997274,Loss,SL
2022-03-28 02:00:00,2022-03-28 02:05:00,short,16853.34645,16865.350994,16829.337362000002,16865.350994,-12.004543999999441,Loss,SL
2022-03-28 02:00:00,2022-03-28 02:05:00,short,16853.34645,16865.350994,16829.337362000002,16865.350994,-12.004543999999441,Loss,SL
2022-03-28 02:00:00,2022-03-28 02:05:00,short,16853.34645,16865.350994,16829.337362000002,16865.350994,-12.004543999999441,Loss,SL
2022-03-28 02:00:00,2022-03-28 02:05:00,short,16853.34645,16865.350994,16829.337362000002,16865.350994,-12.004543999999441,Loss,SL
2022-03-28 02:00:00,2022-03-28 02:05:00,short,16853.34645,16865.350994,16829.337362000002,16865.350994,-12.004543999999441,Loss,SL
2022-03-28 02:15:00,2022-03-28 02:25:00,short,16845.328274,16869.932808,16796.119205999996,16869.932808,-24.604534000001877,Loss,SL
2022-03-28 05:10:00,2022-03-28 06:10:00,long,16871.673709,16844.20554,16926.610047,16926.610047,54.93633799999952,Win,TP
2022-03-28 05:40:00,2022-03-28 06:05:00,long,16883.128246,16863.391889,16922.600960000003,16922.600960000003,39.47271400000318,Win,TP
2022-03-29 02:30:00,2022-03-29 04:05:00,short,17203.568914,17231.60981,17147.487121999995,17231.60981,-28.04089600000225,Loss,SL
2022-03-29 03:40:00,2022-03-29 04:20:00,long,17209.86891,17185.837102,17257.932526,17257.932526,48.063615999999456,Win,TP
2022-03-29 05:05:00,2022-03-29 06:45:00,short,17215.023451,17257.382518,17130.305317000006,17257.382518,-42.359066999997594,Loss,SL
2022-03-29 05:05:00,2022-03-29 06:45:00,short,17215.023451,17257.382518,17130.305317000006,17257.382518,-42.359066999997594,Loss,SL
2022-03-29 04:50:00,2022-03-29 06:50:00,short,17247.668881,17284.300679,17174.405285000004,17284.300679,-36.631797999998525,Loss,SL
2022-03-29 04:50:00,2022-03-29 06:50:00,short,17247.668881,17284.300679,17174.405285000004,17284.300679,-36.631797999998525,Loss,SL
2022-03-30 04:40:00,2022-03-30 05:00:00,long,17389.418775,17369.396055,17429.464214999993,17369.396055,-20.022719999997207,Loss,SL
2022-03-30 05:05:00,2022-03-30 06:00:00,short,17361.068796,17392.546053,17298.114282000002,17392.546053,-31.477256999998644,Loss,SL
2022-03-30 05:05:00,2022-03-30 06:00:00,short,17361.068796,17392.546053,17298.114282000002,17392.546053,-31.477256999998644,Loss,SL
2022-03-31 02:05:00,2022-03-31 02:10:00,short,17339.59154,17361.33244,17296.109740000007,17361.33244,-21.740899999997055,Loss,SL
2022-04-01 02:20:00,2022-04-01 02:30:00,long,17115.36898,17097.350805,17151.40533,17097.350805,-18.018175000001065,Loss,SL
2022-04-01 03:10:00,2022-04-01 04:55:00,short,17096.182631,17122.218983,17044.109927,17122.218983,-26.03635199999917,Loss,SL
2022-04-01 04:30:00,2022-04-01 07:30:00,long,17118.805341,17088.473539,17179.468945,17088.473539,-30.331802000000607,Loss,SL
2022-04-01 04:40:00,2022-04-01 05:00:00,short,17110.214439,17126.228071,17078.187174999995,17126.228071,-16.013632000001962,Loss,SL
2022-04-04 03:10:00,2022-04-04 04:05:00,long,17018.578144,16998.269061,17059.19631,17059.19631,40.6181660000002,Win,TP
2022-04-05 02:00:00,2022-04-05 04:40:00,long,17374.241514,17343.909711,17434.905120000003,17343.909711,-30.331803000000946,Loss,SL
2022-04-05 03:45:00,2022-04-05 04:50:00,short,17375.959694,17397.700594,17332.477894,17332.477894,43.481800000001385,Win,TP
2022-04-05 06:00:00,2022-04-05 06:40:00,short,17329.282456,17344.723361,17298.400646000002,17344.723361,-15.440904999999475,Loss,SL
2022-04-06 04:10:00,2022-04-06 04:50:00,short,16869.669165,16895.132789,16818.741917,16818.741917,50.92724799999996,Win,TP
2022-04-06 05:10:00,2022-04-06 06:05:00,short,16829.864649,16857.619181,16774.355585,16774.355585,55.509063999998034,Win,TP
2022-04-07 03:45:00,2022-04-07 06:05:00,long,16670.07386,16648.046596,16714.128388,16714.128388,44.05452800000057,Win,TP
2022-04-07 03:05:00,2022-04-07 07:25:00,long,16660.623867,16615.68753,16750.496540999997,16615.68753,-44.936336999999185,Loss,SL
2022-04-07 03:15:00,2022-04-07 03:50:00,short,16646.878423,16672.628411,16595.378446999992,16672.628411,-25.749988000003214,Loss,SL
2022-04-08 02:00:00,2022-04-08 02:05:00,long,16708.446558,16698.160195,16729.019283999998,16698.160195,-10.286362999999255,Loss,SL
2022-04-08 02:00:00,2022-04-08 02:05:00,long,16708.446558,16698.160195,16729.019283999998,16698.160195,-10.286362999999255,Loss,SL
2022-04-08 02:10:00,2022-04-08 03:55:00,long,16724.48291,16699.592012,16774.264705999994,16699.592012,-24.890897999997833,Loss,SL
2022-04-08 03:45:00,2022-04-08 04:00:00,short,16728.205634,16747.369264,16689.878374000004,16689.878374000004,38.327259999998205,Win,TP
2022-04-08 05:50:00,2022-04-08 07:10:00,long,16701.001109,16675.537485,16751.928357,16675.537485,-25.46362399999998,Loss,SL
2022-04-11 02:00:00,2022-04-11 02:10:00,short,16326.151391,16343.883203,16290.687767,16290.687767,35.46362399999998,Win,TP
2022-04-11 02:00:00,2022-04-11 02:10:00,short,16326.151391,16343.883203,16290.687767,16290.687767,35.46362399999998,Win,TP
2022-04-11 02:00:00,2022-04-11 02:10:00,short,16326.151391,16343.883203,16290.687767,16290.687767,35.46362399999998,Win,TP
2022-04-11 02:00:00,2022-04-11 02:10:00,short,16326.151391,16343.883203,16290.687767,16290.687767,35.46362399999998,Win,TP
2022-04-11 02:25:00,2022-04-11 03:05:00,long,16379.987714,16289.519592,16560.923958,16289.519592,-90.46812200000022,Loss,SL
2022-04-11 02:50:00,2022-04-11 03:05:00,short,16346.483193,16379.678631,16280.092316999999,16280.092316999999,66.3908760000013,Win,TP
2022-04-11 04:50:00,2022-04-11 05:40:00,long,16276.896882,16249.428713,16331.833219999999,16249.428713,-27.46816899999976,Loss,SL
2022-04-13 06:00:00,2022-04-13 06:35:00,long,16095.9152,16071.883392,16143.978815999999,16071.883392,-24.031807999999728,Loss,SL
2022-04-13 05:30:00,2022-04-13 06:55:00,long,16055.824321,16022.056157,16123.360648999998,16022.056157,-33.76816399999916,Loss,SL
2022-04-14 05:00:00,2022-04-14 05:15:00,long,16318.992305,16296.678678,16363.619558999999,16296.678678,-22.313626999999542,Loss,SL
2022-04-18 02:00:00,2022-04-18 03:00:00,short,15780.629072,15803.229063,15735.429089999998,15803.229063,-22.599991000000955,Loss,SL
2022-04-18 03:50:00,2022-04-18 04:20:00,short,15830.169944,15852.197208,15786.115415999999,15786.115415999999,44.05452800000057,Win,TP
2022-04-18 05:25:00,2022-04-18 08:30:00,long,15833.319942,15804.992683,15889.97446,15889.97446,56.65451799999937,Win,TP
2022-04-18 05:00:00,2022-04-18 06:05:00,long,15811.842685,15791.247239,15853.033576999998,15853.033576999998,41.19089199999871,Win,TP
2022-04-19 02:55:00,2022-04-19 03:45:00,long,15975.642563,15942.733489,16041.460710999998,15942.733489,-32.90907399999924,Loss,SL
2022-04-19 03:45:00,2022-04-19 07:05:00,short,15898.324439,15967.601667,15759.769982999998,15967.601667,-69.27722800000083,Loss,SL
2022-04-19 03:10:00,2022-04-19 03:45:00,short,15972.492565,16004.828912,15907.819871,15907.819871,64.67269400000077,Win,TP
2022-04-20 03:10:00,2022-04-20 03:55:00,long,16151.469703,16126.292442,16201.824225000002,16201.824225000002,50.35452200000145,Win,TP
2022-04-21 04:35:00,2022-04-21 05:30:00,short,16192.419673,16217.883297,16141.492425,16217.883297,-25.46362399999998,Loss,SL
2022-04-22 04:30:00,2022-04-22 06:10:00,short,15686.415507,15719.897307,15619.451907,15719.897307,-33.481799999999566,Loss,SL
2022-04-22 05:45:00,2022-04-22 05:50:00,long,15684.124599,15665.533697,15721.306403,15665.533697,-18.590901999999915,Loss,SL
2022-04-22 05:40:00,2022-04-22 06:50:00,long,15675.533697,15640.906443,15744.788205000003,15744.788205000003,69.2545080000018,Win,TP
2022-04-22 05:50:00,2022-04-22 06:05:00,short,15661.788253,15696.70187,15591.961019,15696.70187,-34.91361700000016,Loss,SL
2022-04-25 03:45:00,2022-04-25 04:40:00,short,15152.920452,15193.561339,15071.638678000001,15193.561339,-40.640886999999566,Loss,SL
2022-04-25 02:30:00,2022-04-25 04:20:00,short,15215.920405,15256.561291,15134.638633000002,15134.638633000002,81.28177199999845,Win,TP
2022-04-25 04:40:00,2022-04-25 05:35:00,long,15201.888597,15160.674985,15284.315820999998,15160.674985,-41.21361199999956,Loss,SL
2022-04-25 05:30:00,2022-04-25 07:25:00,short,15164.088626,15202.152241,15087.961396000002,15202.152241,-38.06361499999912,Loss,SL
2022-04-26 03:15:00,2022-04-26 04:10:00,long,15460.188404,15441.883865,15496.797482000002,15496.797482000002,36.60907800000132,Win,TP
2022-04-26 03:05:00,2022-04-26 03:55:00,long,15429.547518,15403.511166,15481.620221999998,15481.620221999998,52.07270399999834,Win,TP
2022-04-26 02:50:00,2022-04-26 03:15:00,long,15423.533886,15403.511166,15463.579325999997,15463.579325999997,40.04543999999805,Win,TP
2022-04-27 05:00:00,2022-04-27 05:25:00,long,15065.006882,15043.838709,15107.343228,15043.838709,-21.168173000000024,Loss,SL
2022-04-27 05:25:00,2022-04-27 05:50:00,short,15041.525081,15064.125072,14996.325098999998,15064.125072,-22.599991000000955,Loss,SL
2022-04-27 05:15:00,2022-04-27 06:05:00,short,15049.256894,15076.438699,14994.893284,14994.893284,54.363610000000335,Win,TP
2022-04-27 05:50:00,2022-04-27 06:00:00,long,15069.87506,15030.952355,15147.720470000002,15030.952355,-38.92270500000086,Loss,SL
2022-04-27 05:50:00,2022-04-27 06:00:00,long,15069.87506,15030.952355,15147.720470000002,15030.952355,-38.92270500000086,Loss,SL
2022-04-28 03:55:00,2022-04-28 04:10:00,long,15278.633994,15243.14765,15349.606681999998,15243.14765,-35.48634399999901,Loss,SL
2022-04-28 06:00:00,2022-04-28 06:55:00,long,15227.088579,15185.874966,15309.515805,15185.874966,-41.213612999999896,Loss,SL
2022-04-29 03:20:00,2022-04-29 04:15:00,short,15299.824888,15320.133971,15259.206721999999,15259.206721999999,40.6181660000002,Win,TP
2022-04-29 03:25:00,2022-04-29 03:35:00,long,15316.147603,15270.924902,15406.593004999997,15270.924902,-45.22270099999878,Loss,SL
2022-04-29 03:45:00,2022-04-29 04:15:00,long,15294.956709,15256.893094,15371.083939000002,15256.893094,-38.06361500000094,Loss,SL
2022-04-29 05:10:00,2022-04-29 05:55:00,short,15259.447645,15280.615819,15217.111297,15217.111297,42.336348000000726,Win,TP
2022-05-02 05:45:00,2022-05-02 06:15:00,short,14792.102541,14809.261627,14757.784369,14757.784369,34.31817199999932,Win,TP
2022-05-03 03:25:00,2022-05-03 05:25:00,short,14990.552392,15024.60692,14922.443335999998,14922.443335999998,68.10905600000115,Win,TP
2022-05-03 03:10:00,2022-05-03 03:40:00,short,15017.470554,15039.497818,14973.416025999999,14973.416025999999,44.05452800000057,Win,TP
2022-05-03 05:15:00,2022-05-03 05:25:00,short,14970.506953,14995.970578,14919.579703,14919.579703,50.92725000000064,Win,TP
2022-05-04 04:00:00,2022-05-04 04:55:00,short,15000.575112,15030.334188,14941.05696,15030.334188,-29.759076000000277,Loss,SL
2022-05-06 04:25:00,2022-05-06 04:30:00,short,14625.43903,14645.46175,14585.393589999998,14645.46175,-20.022720000000845,Loss,SL
2022-05-06 03:50:00,2022-05-06 07:30:00,short,14652.929918,14707.602612,14543.584529999998,14707.602612,-54.672694000000774,Loss,SL
2022-05-06 06:00:00,2022-05-06 07:05:00,short,14633.457206,14665.507189,14569.357239999998,14665.507189,-32.04998300000079,Loss,SL
2022-05-09 02:40:00,2022-05-09 03:20:00,short,14393.771022,14428.971003,14323.371060000001,14323.371060000001,70.3999619999995,Win,TP
2022-05-09 04:25:00,2022-05-09 05:35:00,short,14291.53928,14330.461986,14213.693868000002,14213.693868000002,77.84541199999876,Win,TP
2022-05-09 04:05:00,2022-05-09 04:20:00,short,14302.993817,14327.884715,14253.212021000001,14327.884715,-24.890897999999652,Loss,SL
2022-05-10 03:20:00,2022-05-10 04:50:00,long,14190.166629,14165.275731,14239.948424999999,14165.275731,-24.890897999999652,Loss,SL
2022-05-10 04:50:00,2022-05-10 07:30:00,short,14160.384833,14206.752988,14067.648523,14206.752988,-46.368155000000115,Loss,SL
2022-05-12 02:00:00,2022-05-12 02:45:00,short,13625.744325,13659.798853,13557.635268999999,13659.798853,-34.05452800000057,Loss,SL
2022-05-12 02:45:00,2022-05-12 03:00:00,long,13699.912451,13607.439786,13884.857780999999,13607.439786,-92.47266499999932,Loss,SL
2022-05-12 05:40:00,2022-05-12 05:50:00,short,13558.162558,13580.476185,13513.535304,13580.476185,-22.313626999999542,Loss,SL
2022-05-12 05:35:00,2022-05-12 06:00:00,short,13566.180733,13613.407978,13471.726243,13613.407978,-47.22724500000004,Loss,SL
2022-05-12 05:55:00,2022-05-12 06:20:00,long,13592.526168,13567.348907,13642.880690000002,13642.880690000002,50.35452200000145,Win,TP
2022-05-13 02:20:00,2022-05-13 08:35:00,long,13892.921397,13840.253248,13998.257694999998,13840.253248,-52.668148999999175,Loss,SL
2022-05-13 04:00:00,2022-05-13 04:30:00,long,13925.280464,13903.539564,13968.762263999997,13903.539564,-21.740899999998874,Loss,SL
2022-05-13 05:35:00,2022-05-13 06:05:00,long,13925.853191,13903.539564,13970.480445,13903.539564,-22.313626999999542,Loss,SL
2022-05-13 04:40:00,2022-05-13 04:50:00,long,13910.389566,13886.071395,13959.025907999998,13886.071395,-24.318170999998983,Loss,SL
2022-05-13 05:40:00,2022-05-13 06:40:00,short,13910.103203,13937.571371,13855.166867000002,13937.571371,-27.468167999999423,Loss,SL
2022-05-16 02:25:00,2022-05-16 07:20:00,long,14063.02127,14014.075845,14160.912119999999,14160.912119999999,97.89084999999977,Win,TP
2022-05-17 02:00:00,2022-05-17 02:10:00,long,14151.507567,14120.030311,14214.462079,14120.030311,-31.477256000000125,Loss,SL
2022-05-18 02:30:00,2022-05-18 05:00:00,short,14309.580176,14332.46653,14263.807467999999,14332.46653,-22.88635400000021,Loss,SL
2022-05-18 05:40:00,2022-05-18 06:00:00,short,14286.671102,14304.689278,14250.634750000001,14304.689278,-18.018175999999585,Loss,SL
2022-05-18 05:30:00,2022-05-18 06:25:00,short,14299.84382,14336.475618,14226.580224,14226.580224,73.26359600000069,Win,TP
2022-05-23 04:25:00,2022-05-23 04:55:00,long,13650.085216,13618.894323,13712.467001999998,13618.894323,-31.19089299999905,Loss,SL
2022-05-23 05:10:00,2022-05-23 05:55:00,long,13646.648855,13615.171598,13709.603368999997,13709.603368999997,62.95451399999729,Win,TP
2022-05-24 02:00:00,2022-05-24 02:30:00,short,13509.767139,13527.785315,13473.730787,13527.785315,-18.018175999999585,Loss,SL
2022-05-24 02:00:00,2022-05-24 02:30:00,short,13509.767139,13527.785315,13473.730787,13527.785315,-18.018175999999585,Loss,SL
2022-05-24 02:40:00,2022-05-24 02:55:00,short,13478.83989,13504.589878,13427.339913999996,13504.589878,-25.749988000001395,Loss,SL
2022-05-24 02:55:00,2022-05-24 03:50:00,long,13519.217132,13486.880785,13583.889826,13486.880785,-32.33634700000039,Loss,SL
2022-05-24 03:50:00,2022-05-24 04:45:00,short,13496.021695,13530.076223,13427.912638999998,13530.076223,-34.05452800000057,Loss,SL
2022-05-24 03:50:00,2022-05-24 04:45:00,short,13496.021695,13530.076223,13427.912638999998,13530.076223,-34.05452800000057,Loss,SL
2022-05-24 04:25:00,2022-05-24 05:20:00,long,13517.785315,13491.748964,13569.858016999997,13569.858016999997,52.07270199999766,Win,TP
2022-05-25 05:45:00,2022-05-25 06:40:00,short,13475.117165,13522.058047,13381.235400999998,13381.235400999998,93.88176400000157,Win,TP
2022-05-25 05:45:00,2022-05-25 06:40:00,short,13475.117165,13522.058047,13381.235400999998,13381.235400999998,93.88176400000157,Win,TP
2022-05-26 02:00:00,2022-05-26 02:30:00,long,13619.730693,13599.42161,13660.348859,13660.348859,40.6181660000002,Win,TP
2022-05-26 04:45:00,2022-05-26 06:20:00,long,13675.857924,13642.662487,13742.248798,13742.248798,66.39087400000062,Win,TP
2022-05-26 04:40:00,2022-05-26 06:00:00,long,13653.80794,13623.476138,13714.471544000002,13714.471544000002,60.663604000001214,Win,TP
2022-05-26 04:25:00,2022-05-26 04:45:00,long,13640.34886,13626.912499,13667.221582,13667.221582,26.872722000000067,Win,TP
2022-05-26 04:20:00,2022-05-26 05:05:00,long,13638.057952,13610.589784,13692.994287999998,13692.994287999998,54.936335999998846,Win,TP
2022-05-27 03:05:00,2022-05-27 03:25:00,long,14050.421279,14024.957655,14101.348527,14101.348527,50.92724799999996,Win,TP
2022-05-27 06:00:00,2022-05-27 06:50:00,short,14134.039398,14159.21666,14083.684874000002,14083.684874000002,50.35452399999849,Win,TP
2022-05-30 03:15:00,2022-05-30 04:30:00,long,14718.220778,14700.488966,14753.684402,14753.684402,35.46362399999998,Win,TP
2022-05-30 04:05:00,2022-05-30 04:25:00,short,14715.643508,14742.252586,14662.425351999997,14742.252586,-26.60907800000132,Loss,SL
2022-05-30 03:35:00,2022-05-30 04:25:00,short,14725.952591,14741.107132,14695.643509,14741.107132,-15.154540999999881,Loss,SL
2022-05-31 04:20:00,2022-05-31 06:05:00,short,14479.680048,14534.066379,14370.907386,14534.066379,-54.3863309999997,Loss,SL
2022-05-31 04:05:00,2022-05-31 04:40:00,short,14521.775471,14552.393638,14460.539137000003,14460.539137000003,61.23633399999744,Win,TP
2022-05-31 04:00:00,2022-05-31 04:40:00,short,14539.24364,14579.884526,14457.961868000002,14457.961868000002,81.28177199999845,Win,TP
2022-05-31 06:00:00,2022-05-31 07:00:00,long,14526.643649,14489.725488,14600.479970999999,14489.725488,-36.9181609999996,Loss,SL
2022-05-31 05:35:00,2022-05-31 07:25:00,long,14492.852766,14453.357333,14571.843632,14453.357333,-39.49543300000005,Loss,SL
2022-06-01 04:20:00,2022-06-01 05:05:00,long,14482.543682,14460.516419,14526.598208,14460.516419,-22.027262999999948,Loss,SL
2022-06-01 03:35:00,2022-06-01 03:45:00,short,14445.030074,14470.207336,14394.675550000002,14470.207336,-25.177261999999246,Loss,SL
2022-06-02 06:00:00,2022-06-02 08:00:00,short,14462.498243,14498.557314,14390.380101,14390.380101,72.11814199999935,Win,TP
2022-06-02 06:00:00,2022-06-02 08:00:00,short,14462.498243,14498.557314,14390.380101,14390.380101,72.11814199999935,Win,TP
2022-06-02 06:00:00,2022-06-02 08:00:00,short,14462.498243,14498.557314,14390.380101,14390.380101,72.11814199999935,Win,TP
2022-06-03 03:15:00,2022-06-03 03:50:00,long,14715.070781,14693.043517,14759.125309000001,14693.043517,-22.027264000000287,Loss,SL
2022-06-03 03:20:00,2022-06-03 05:35:00,short,14702.47079,14726.216234,14654.979902,14654.979902,47.49088800000027,Win,TP
2022-06-03 05:05:00,2022-06-03 05:40:00,short,14677.557173,14696.720802,14639.229914999998,14639.229914999998,38.327258000001166,Win,TP
2022-06-03 05:25:00,2022-06-03 05:35:00,long,14677.557173,14659.252633,14714.166252999998,14659.252633,-18.30453999999918,Loss,SL
2022-06-06 04:40:00,2022-06-06 05:20:00,short,14554.993628,14578.452709,14508.075466000002,14578.452709,-23.45908099999906,Loss,SL
2022-06-06 04:35:00,2022-06-06 05:25:00,short,14560.434533,14585.039068,14511.225462999999,14585.039068,-24.604535000000396,Loss,SL
2022-06-06 05:30:00,2022-06-06 06:45:00,long,14588.211785,14566.757248,14631.120858999999,14566.757248,-21.45453699999962,Loss,SL
2022-06-07 05:40:00,2022-06-07 06:10:00,short,14329.911979,14356.234694,14277.266549,14277.266549,52.64543000000049,Win,TP
2022-06-08 05:05:00,2022-06-08 05:45:00,short,14500.584578,14524.902749,14451.948235999998,14524.902749,-24.318171000000802,Loss,SL
2022-06-08 04:00:00,2022-06-08 04:40:00,short,14515.189113,14539.507284,14466.552771000002,14539.507284,-24.318170999998983,Loss,SL
2022-06-08 04:00:00,2022-06-08 04:40:00,short,14515.189113,14539.507284,14466.552771000002,14539.507284,-24.318170999998983,Loss,SL
2022-06-09 03:05:00,2022-06-09 03:30:00,short,14432.14372,14451.880077,14392.671006,14451.880077,-19.73635699999977,Loss,SL
2022-06-09 05:15:00,2022-06-09 05:30:00,long,14520.057291,14493.161849,14573.848174999997,14573.848174999997,53.79088399999819,Win,TP
2022-06-09 05:40:00,2022-06-09 06:20:00,short,14539.816367,14558.979996,14501.489108999998,14558.979996,-19.163629000000583,Loss,SL
2022-06-09 05:35:00,2022-06-09 06:55:00,short,14547.548179,14581.316343,14480.011850999997,14480.011850999997,67.53632800000196,Win,TP
2022-06-10 03:05:00,2022-06-10 05:20:00,long,14104.830329,14071.921256,14170.648475000002,14071.921256,-32.90907300000072,Loss,SL
2022-06-10 02:45:00,2022-06-10 03:05:00,short,14062.16218,14105.6667,13975.153139999999,14105.6667,-43.50452000000041,Loss,SL
2022-06-13 02:55:00,2022-06-13 03:15:00,short,13229.256044,13261.254807,13165.258518,13165.258518,63.9975259999992,Win,TP
2022-06-13 05:15:00,2022-06-13 05:35:00,short,13171.259306,13204.115163,13105.547591999999,13204.115163,-32.85585700000047,Loss,SL
2022-06-14 04:55:00,2022-06-14 05:15:00,short,13042.409409,13064.694432,12997.839363,12997.839363,44.57004600000073,Win,TP
2022-06-14 06:00:00,2022-06-14 06:55:00,short,13035.552652,13060.694657,12985.268642,12985.268642,50.2840099999994,Win,TP
2022-06-14 05:55:00,2022-06-14 06:35:00,short,13046.694882,13066.408622,13007.267401999998,13007.267401999998,39.427480000002106,Win,TP
2022-06-15 02:30:00,2022-06-15 02:45:00,long,13041.266616,13002.696794,13118.406260000003,13002.696794,-38.569822000001295,Loss,SL
2022-06-15 02:45:00,2022-06-15 02:55:00,short,13010.411208,13056.123486,12918.986651999998,13056.123486,-45.71227800000088,Loss,SL
2022-06-15 04:40:00,2022-06-15 07:45:00,long,13060.979793,13027.552539,13127.834301,13127.834301,66.85450800000035,Win,TP
2022-06-16 05:00:00,2022-06-16 05:30:00,long,12962.128209,12913.844648,13058.695331,12913.844648,-48.28356100000019,Loss,SL
2022-06-17 04:00:00,2022-06-17 04:45:00,long,12898.703205,12858.133495,12979.842625,12858.133495,-40.56970999999976,Loss,SL
2022-06-17 04:40:00,2022-06-17 05:35:00,short,12870.419081,12904.989128,12801.278987000002,12904.989128,-34.57004699999925,Loss,SL
2022-06-17 04:50:00,2022-06-17 07:45:00,long,12896.703317,12858.419193,12973.271565,12858.419193,-38.28412399999979,Loss,SL
2022-06-17 05:05:00,2022-06-17 05:35:00,short,12884.703992,12904.70343,12844.705116000003,12904.70343,-19.999437999998918,Loss,SL
2022-06-20 05:00:00,2022-06-20 06:05:00,long,13014.410983,12996.697131,13049.838686999998,12996.697131,-17.71385199999895,Loss,SL
2022-06-20 05:15:00,2022-06-20 08:30:00,short,13009.268415,13028.12506,12971.555125,12971.555125,37.71328999999969,Win,TP
2022-06-21 04:10:00,2022-06-21 06:05:00,short,13174.973383,13197.258406,13130.403337,13130.403337,44.57004600000073,Win,TP
2022-06-22 02:40:00,2022-06-22 05:00:00,short,12976.41312,13008.126185,12912.98699,13008.126185,-31.713064999999915,Loss,SL
2022-06-22 04:15:00,2022-06-22 06:25:00,long,12991.840824,12962.127647,13051.267178000004,13051.267178000004,59.4263540000029,Win,TP
2022-06-22 03:50:00,2022-06-22 05:10:00,long,12972.699043,12948.128434,13021.840261000001,13021.840261000001,49.14121800000066,Win,TP
2022-06-22 05:40:00,2022-06-22 05:50:00,short,13006.98283,13022.982492,12974.983506000004,13022.982492,-15.999661999998352,Loss,SL
2022-06-22 05:55:00,2022-06-22 06:15:00,short,13009.268415,13033.267628,12961.269989000002,13033.267628,-23.999212999999145,Loss,SL
2022-06-24 04:45:00,2022-06-24 06:45:00,long,13535.810234,13520.381967,13566.666768000003,13520.381967,-15.428267000001142,Loss,SL
2022-06-27 02:00:00,2022-06-27 02:30:00,long,13898.646972,13855.505979,13984.928958000002,13984.928958000002,86.28198600000178,Win,TP
2022-06-27 05:25:00,2022-06-27 06:30:00,short,13930.645173,13965.786616,13860.362287000004,13965.786616,-35.14144299999862,Loss,SL
2022-06-28 04:30:00,2022-06-28 07:30:00,short,13827.793814,13857.792689,13767.796064000002,13767.796064000002,59.99774999999863,Win,TP
2022-06-28 04:30:00,2022-06-28 07:30:00,short,13827.793814,13857.792689,13767.796064000002,13767.796064000002,59.99774999999863,Win,TP
2022-06-29 02:00:00,2022-06-29 02:05:00,short,13310.394339,13320.394339,13290.394339,13320.394339,-10.0,Loss,SL
2022-07-01 02:40:00,2022-07-01 03:20:00,short,13085.835538,13112.120337,13033.265939999997,13112.120337,-26.28479900000093,Loss,SL
2022-07-01 05:15:00,2022-07-01 05:30:00,long,13160.688472,13134.403673,13213.258069999998,13134.403673,-26.28479899999911,Loss,SL
2022-07-04 03:40:00,2022-07-04 03:55:00,short,13168.116625,13181.259306,13141.831263000002,13181.259306,-13.142680999999357,Loss,SL
2022-07-05 04:45:00,2022-07-05 05:05:00,short,13170.116513,13191.258743,13127.832053000002,13191.258743,-21.142229999999472,Loss,SL
2022-07-05 05:55:00,2022-07-05 06:45:00,short,13191.829578,13215.82879,13143.831154000003,13143.831154000003,47.99842399999761,Win,TP
2022-07-06 02:00:00,2022-07-06 03:30:00,long,13509.811696,13467.527797,13594.379494,13467.527797,-42.28389900000002,Loss,SL
2022-07-06 03:30:00,2022-07-06 04:50:00,short,13461.528697,13487.527797,13409.530496999998,13487.527797,-25.999100000000908,Loss,SL
2022-07-06 04:25:00,2022-07-06 04:35:00,long,13478.384892,13457.814057,13519.526562000001,13457.814057,-20.570835000000443,Loss,SL
2022-07-06 04:35:00,2022-07-06 04:45:00,short,13462.100093,13481.528134,13423.244010999997,13481.528134,-19.42804100000103,Loss,SL
2022-07-06 05:40:00,2022-07-06 06:50:00,short,13479.241986,13507.81237,13422.101218000003,13422.101218000003,57.14076799999748,Win,TP
2022-07-06 05:40:00,2022-07-06 06:50:00,short,13479.241986,13507.81237,13422.101218000003,13422.101218000003,57.14076799999748,Win,TP
2022-07-07 03:00:00,2022-07-07 03:55:00,long,13634.661817,13617.519362,13668.946727000002,13668.946727000002,34.28491000000213,Win,TP
2022-07-07 04:15:00,2022-07-07 04:25:00,long,13648.089634,13628.661593,13686.945715999998,13628.661593,-19.42804099999921,Loss,SL
2022-07-08 02:00:00,2022-07-08 04:00:00,long,13811.794713,13795.223654,13844.936830999999,13795.223654,-16.571058999999877,Loss,SL
2022-07-08 05:05:00,2022-07-08 05:55:00,long,13823.50834,13802.36611,13865.7928,13802.36611,-21.142229999999472,Loss,SL
2022-07-08 05:00:00,2022-07-08 05:15:00,long,13812.651808,13798.937731,13840.079962000002,13840.079962000002,27.428154000001086,Win,TP
2022-07-11 03:55:00,2022-07-11 04:05:00,short,13779.225116,13794.081986,13749.511376,13794.081986,-14.856869999999617,Loss,SL
2022-07-11 04:00:00,2022-07-11 06:50:00,long,13792.652933,13760.65417,13856.650458999999,13760.65417,-31.9987629999996,Loss,SL
2022-07-11 04:25:00,2022-07-11 05:20:00,short,13783.796288,13810.081086,13731.226691999998,13810.081086,-26.284798000000592,Loss,SL
2022-07-11 06:00:00,2022-07-11 06:40:00,long,13798.938294,13776.65327,13843.508341999997,13776.65327,-22.285023999998884,Loss,SL
2022-07-12 04:50:00,2022-07-12 05:05:00,short,13484.670252,13503.812595,13446.385566,13503.812595,-19.142342999999528,Loss,SL
2022-07-12 04:25:00,2022-07-12 05:10:00,short,13493.812595,13514.954826,13451.528133,13514.954826,-21.14223099999981,Loss,SL
2022-07-12 05:10:00,2022-07-12 06:30:00,long,13527.810683,13492.66924,13598.093569,13598.093569,70.28288600000087,Win,TP
2022-07-12 05:05:00,2022-07-12 05:10:00,long,13503.526335,13486.098181,13538.382643000003,13538.382643000003,34.85630800000217,Win,TP
2022-07-13 03:35:00,2022-07-13 05:00:00,long,13510.097394,13492.383542,13545.525098000002,13492.383542,-17.71385200000077,Loss,SL
2022-07-14 02:00:00,2022-07-14 03:35:00,short,13373.819343,13408.960787,13303.536454999998,13303.536454999998,70.28288800000155,Win,TP
2022-07-14 02:15:00,2022-07-14 02:55:00,long,13378.104817,13336.392314,13461.529822999997,13336.392314,-41.71250299999883,Loss,SL
2022-07-14 02:30:00,2022-07-14 03:35:00,short,13372.390852,13406.389503,13304.39355,13304.39355,67.99730199999976,Win,TP
2022-07-14 03:20:00,2022-07-14 08:35:00,short,13325.250646,13371.248622,13233.254694000003,13233.254694000003,91.99595199999749,Win,TP
2022-07-14 05:45:00,2022-07-14 07:30:00,short,13305.823167,13350.67835,13216.112801000001,13350.67835,-44.85518299999967,Loss,SL
2022-07-14 05:45:00,2022-07-14 07:30:00,short,13305.823167,13350.67835,13216.112801000001,13350.67835,-44.85518299999967,Loss,SL
2022-07-15 02:30:00,2022-07-15 03:40:00,short,13494.66969,13521.525885,13440.957300000004,13521.525885,-26.85619499999848,Loss,SL
2022-07-18 02:00:00,2022-07-18 02:15:00,long,13835.507666,13823.507778,13859.507442,13859.507442,23.999776000000566,Win,TP
2022-07-15 06:00:00,2022-07-15 06:55:00,long,13519.239737,13498.097506,13561.524199,13498.097506,-21.14223099999981,Loss,SL
2022-07-18 04:25:00,2022-07-18 07:25:00,short,13888.933233,13914.360937,13838.077825,13838.077825,50.85540799999944,Win,TP
2022-07-19 02:20:00,2022-07-19 02:40:00,short,13652.946504,13677.517113,13603.805285999999,13603.805285999999,49.14121800000066,Win,TP
2022-07-19 06:00:00,2022-07-19 07:50:00,short,13712.086035,13735.799549,13664.659007000002,13735.799549,-23.713513999999122,Loss,SL
2022-07-20 02:00:00,2022-07-20 02:35:00,long,14078.63685,14051.209259,14133.492032000004,14051.209259,-27.427591000001485,Loss,SL
2022-07-20 03:05:00,2022-07-20 05:30:00,long,14066.351827,14040.638425,14117.778631000003,14040.638425,-25.713402000001224,Loss,SL
2022-07-20 04:00:00,2022-07-20 05:30:00,long,14066.066129,14045.209596,14107.779195000001,14045.209596,-20.856533000000127,Loss,SL
2022-07-20 05:30:00,2022-07-20 08:35:00,short,14026.639774,14075.209034,13929.501253999999,14075.209034,-48.56926000000021,Loss,SL
2022-07-20 04:20:00,2022-07-20 04:50:00,short,14063.780543,14079.208809,14032.924011000003,14079.208809,-15.428265999998985,Loss,SL
2022-07-21 02:25:00,2022-07-21 05:00:00,short,14214.057806,14253.484723,14135.203972000003,14253.484723,-39.426916999998866,Loss,SL
2022-07-22 03:00:00,2022-07-22 03:30:00,short,14338.907928,14363.192839,14290.338106000003,14363.192839,-24.28491099999883,Loss,SL
2022-07-22 04:55:00,2022-07-22 05:35:00,short,14362.335182,14382.906016,14321.193514,14382.906016,-20.570834000000104,Loss,SL
2022-07-25 03:05:00,2022-07-25 04:20:00,long,14209.200936,14186.058818,14255.485171999999,14255.485171999999,46.28423599999951,Win,TP
2022-07-25 02:50:00,2022-07-25 03:05:00,short,14192.63044,14211.772783,14154.345754000002,14211.772783,-19.142342999999528,Loss,SL
2022-07-25 05:55:00,2022-07-25 06:00:00,long,14272.625941,14253.769296,14310.339231,14253.769296,-18.856644999999844,Loss,SL
2022-07-26 02:10:00,2022-07-26 02:20:00,short,14062.352052,14082.065791,14022.924573999999,14082.065791,-19.713739000000714,Loss,SL
2022-07-26 04:00:00,2022-07-26 05:20:00,long,14084.922211,14060.922998,14132.920636999997,14060.922998,-23.999212999999145,Loss,SL
2022-07-26 03:25:00,2022-07-26 05:20:00,long,14070.922998,14054.351939,14104.065116,14054.351939,-16.571058999999877,Loss,SL
2022-07-26 05:40:00,2022-07-26 07:45:00,long,14046.067253,14020.639549,14096.922660999999,14020.639549,-25.42770399999972,Loss,SL
2022-07-27 02:00:00,2022-07-27 02:15:00,short,14036.353514,14048.067703,14012.925136,14048.067703,-11.71418900000026,Loss,SL
2022-07-27 05:45:00,2022-07-27 07:50:00,short,14039.781892,14056.067253,14007.211170000004,14056.067253,-16.285360999998375,Loss,SL
2022-07-29 02:30:00,2022-07-29 07:15:00,short,14746.884985,14783.45492,14673.745115000002,14673.745115000002,73.13986999999906,Win,TP
2022-07-29 03:20:00,2022-07-29 07:15:00,short,14736.028453,14768.88431,14670.316739000004,14670.316739000004,65.7117139999973,Win,TP
2022-07-29 05:35:00,2022-07-29 06:00:00,long,14736.028453,14711.743542,14784.598275000002,14711.743542,-24.284911000000648,Loss,SL
2022-07-29 05:55:00,2022-07-29 06:40:00,short,14717.17237,14733.743429,14684.030252,14684.030252,33.142117999999755,Win,TP
2022-07-29 05:45:00,2022-07-29 06:15:00,short,14726.314713,14738.314601,14702.314937,14702.314937,23.999776000000566,Win,TP
2022-08-01 04:30:00,2022-08-01 06:45:00,long,14789.739718,14765.454807,14838.309540000002,14838.309540000002,48.569822000001295,Win,TP
2022-08-02 02:00:00,2022-08-02 02:15:00,short,14735.457056,14763.456044,14679.459079999997,14679.459079999997,55.99797600000238,Win,TP
2022-08-02 06:00:00,2022-08-02 07:40:00,long,14707.458631,14665.46043,14791.455033,14665.46043,-41.998201000000336,Loss,SL
2022-08-03 03:20:00,2022-08-03 04:15:00,long,14768.312352,14740.313364,14824.310328000003,14824.310328000003,55.99797600000238,Win,TP
2022-08-03 05:20:00,2022-08-03 06:00:00,short,14809.452895,14824.024067,14780.310551,14824.024067,-14.571171999999933,Loss,SL
2022-08-04 02:00:00,2022-08-04 04:45:00,long,15134.577469,15107.721274,15188.289859,15188.289859,53.712390000000596,Win,TP
2022-08-03 06:00:00,2022-08-03 08:30:00,long,14832.023055,14802.309877,14891.449411,14891.449411,59.42635599999994,Win,TP
2022-08-04 03:15:00,2022-08-04 04:05:00,long,15165.147178,15138.576682,15218.288169999996,15138.576682,-26.570495999998457,Loss,SL
2022-08-08 02:35:00,2022-08-08 03:00:00,short,15177.7179,15198.003036,15137.147627999999,15198.003036,-20.28513600000042,Loss,SL
2022-08-08 03:05:00,2022-08-08 05:40:00,short,15180.574882,15206.573982,15128.576682000003,15206.573982,-25.99909999999909,Loss,SL
2022-08-08 03:25:00,2022-08-08 04:20:00,long,15182.289071,15160.575444,15225.716324999998,15160.575444,-21.71362699999918,Loss,SL
2022-08-08 04:10:00,2022-08-08 05:40:00,short,15168.575557,15198.86013,15108.006411000002,15198.86013,-30.284572999999,Loss,SL
2022-08-09 02:00:00,2022-08-09 02:05:00,short,15090.294245,15108.865191,15053.152352999996,15108.865191,-18.57094600000164,Loss,SL
2022-08-09 02:00:00,2022-08-09 02:05:00,short,15090.294245,15108.865191,15053.152352999996,15108.865191,-18.57094600000164,Loss,SL
2022-08-09 02:00:00,2022-08-09 02:05:00,short,15090.294245,15108.865191,15053.152352999996,15108.865191,-18.57094600000164,Loss,SL
2022-08-09 02:00:00,2022-08-09 02:05:00,short,15090.294245,15108.865191,15053.152352999996,15108.865191,-18.57094600000164,Loss,SL
2022-08-09 03:05:00,2022-08-09 03:30:00,short,15050.296494,15085.152239,14980.585004000002,15085.152239,-34.85574499999893,Loss,SL
2022-08-09 04:25:00,2022-08-09 05:10:00,short,15062.010121,15080.009671,15026.011020999998,15026.011020999998,35.99910000000091,Win,TP
2022-08-09 04:20:00,2022-08-09 05:10:00,short,15069.438275,15088.866316,15030.582193000002,15030.582193000002,38.85608199999842,Win,TP
2022-08-09 03:55:00,2022-08-09 04:25:00,long,15079.437712,15063.152352,15112.008432000004,15063.152352,-16.285360000001674,Loss,SL
2022-08-10 04:50:00,2022-08-10 06:25:00,short,14934.303017,14948.58849,14905.732071,14948.58849,-14.28547299999991,Loss,SL
2022-08-11 02:00:00,2022-08-11 02:40:00,long,15374.849671,15363.135482,15398.278049,15363.135482,-11.71418900000026,Loss,SL
2022-08-11 02:00:00,2022-08-11 02:40:00,long,15374.849671,15363.135482,15398.278049,15363.135482,-11.71418900000026,Loss,SL
2022-08-11 02:10:00,2022-08-11 02:40:00,long,15389.705979,15360.849896,15447.418145000001,15360.849896,-28.85608300000058,Loss,SL
2022-08-11 04:30:00,2022-08-11 05:15:00,long,15352.850908,15323.423429,15411.705866,15323.423429,-29.42747899999995,Loss,SL
2022-08-11 04:30:00,2022-08-11 05:15:00,long,15352.850908,15323.423429,15411.705866,15323.423429,-29.42747899999995,Loss,SL
2022-08-11 04:20:00,2022-08-11 04:35:00,long,15327.138069,15311.138406,15359.137395000002,15359.137395000002,31.99932600000102,Win,TP
2022-08-12 02:20:00,2022-08-12 02:50:00,long,15266.855744,15243.713626,15313.13998,15313.13998,46.28423599999951,Win,TP
2022-08-12 04:50:00,2022-08-12 05:00:00,long,15313.710252,15292.568022,15355.994712000003,15292.568022,-21.14223000000129,Loss,SL
2022-08-12 05:00:00,2022-08-12 08:00:00,short,15292.568584,15317.71059,15242.284572,15317.71059,-25.142006000000038,Loss,SL
2022-08-16 03:05:00,2022-08-16 07:50:00,long,15609.693607,15587.408584,15654.263652999996,15587.408584,-22.285022999998546,Loss,SL
2022-08-16 02:55:00,2022-08-16 03:35:00,long,15603.693945,15586.551489,15637.978857000004,15637.978857000004,34.284912000002805,Win,TP
2022-08-16 06:00:00,2022-08-16 07:50:00,long,15607.979418,15584.265904,15655.406446000003,15584.265904,-23.71351400000094,Loss,SL
2022-08-18 03:40:00,2022-08-18 04:45:00,long,15385.420505,15357.135819,15441.989877000002,15441.989877000002,56.56937200000175,Win,TP
2022-08-18 03:35:00,2022-08-18 03:55:00,long,15370.564198,15356.278725,15399.135144,15399.135144,28.57094599999982,Win,TP
2022-08-18 05:45:00,2022-08-18 06:30:00,short,15425.418256,15444.560599,15387.133570000002,15444.560599,-19.142342999999528,Loss,SL
2022-08-18 05:45:00,2022-08-18 06:30:00,short,15425.418256,15444.560599,15387.133570000002,15444.560599,-19.142342999999528,Loss,SL
2022-08-19 04:35:00,2022-08-19 04:55:00,long,15327.423767,15307.710027,15366.851247000002,15307.710027,-19.713740000001053,Loss,SL
2022-08-19 05:05:00,2022-08-19 05:15:00,short,15296.854057,15316.567797,15257.426577000002,15316.567797,-19.713739999999234,Loss,SL
2022-08-22 02:00:00,2022-08-22 02:25:00,short,15060.010234,15072.867216,15034.296269999997,15034.296269999997,25.713964000002306,Win,TP
2022-08-22 04:45:00,2022-08-22 08:30:00,long,14931.160337,14905.161236,14983.158538999998,14905.161236,-25.999100999999428,Loss,SL
2022-08-23 04:00:00,2022-08-23 04:50:00,short,14782.882961,14800.311115,14748.026652999997,14800.311115,-17.428154000001086,Loss,SL
2022-08-23 04:50:00,2022-08-23 05:10:00,long,14795.167984,14777.739831,14830.024289999998,14777.739831,-17.42815299999893,Loss,SL
2022-08-24 03:10:00,2022-08-24 08:30:00,long,14728.885997,14700.601311,14785.455368999998,14700.601311,-28.284685999999056,Loss,SL
2022-08-24 03:05:00,2022-08-24 03:30:00,long,14715.458181,14697.744329,14750.885885000002,14750.885885000002,35.42770400000154,Win,TP
2022-08-25 02:00:00,2022-08-25 03:15:00,long,14930.874638,14912.58939,14967.445134,14912.58939,-18.285248000000138,Loss,SL
2022-08-25 02:00:00,2022-08-25 03:15:00,long,14930.874638,14912.58939,14967.445134,14912.58939,-18.285248000000138,Loss,SL
2022-08-25 02:00:00,2022-08-25 03:15:00,long,14930.874638,14912.58939,14967.445134,14912.58939,-18.285248000000138,Loss,SL
2022-08-25 03:05:00,2022-08-25 04:25:00,short,14929.160449,14954.873851,14877.733645000002,14877.733645000002,51.42680399999881,Win,TP
2022-08-26 02:00:00,2022-08-26 02:20:00,long,14990.585566,14979.442773,15012.871151999998,15012.871151999998,22.285585999998148,Win,TP
2022-08-26 02:00:00,2022-08-26 02:20:00,long,14990.585566,14979.442773,15012.871151999998,15012.871151999998,22.285585999998148,Win,TP
2022-08-26 03:30:00,2022-08-26 04:30:00,long,14979.157637,14945.730383,15046.012145,14945.730383,-33.427254000000175,Loss,SL
2022-08-26 03:50:00,2022-08-26 07:30:00,short,14977.15775,14998.871377,14933.730496000002,14998.871377,-21.71362699999918,Loss,SL
2022-08-26 05:20:00,2022-08-26 06:05:00,long,14962.587141,14939.159324,15009.442775,14939.159324,-23.427816999999777,Loss,SL
2022-08-26 05:30:00,2022-08-26 06:35:00,short,14954.873289,14972.587141,14919.445584999998,14972.587141,-17.71385200000077,Loss,SL
2022-08-29 02:40:00,2022-08-29 07:35:00,short,14258.912427,14304.624704,14167.487872999998,14304.624704,-45.71227700000054,Loss,SL
2022-08-30 02:00:00,2022-08-30 02:15:00,long,14339.193626,14320.908378,14375.764122,14375.764122,36.570496000000276,Win,TP
2022-08-31 05:10:00,2022-08-31 05:50:00,long,14181.773907,14152.632127,14240.057467,14240.057467,58.28355999999985,Win,TP
2022-08-31 05:05:00,2022-08-31 05:20:00,long,14162.346429,14140.632802,14205.773682999998,14205.773682999998,43.42725399999836,Win,TP
2022-09-01 02:45:00,2022-09-01 03:30:00,long,13896.361386,13867.505304,13954.073550000001,13867.505304,-28.856082000000242,Loss,SL
2022-09-01 03:25:00,2022-09-01 05:25:00,short,13877.219606,13898.933233,13833.792352000002,13898.933233,-21.71362699999918,Loss,SL
2022-09-01 04:50:00,2022-09-01 06:10:00,long,13895.78999,13878.933233,13929.503503999998,13929.503503999998,33.71351399999912,Win,TP
2022-09-01 04:10:00,2022-09-01 05:25:00,short,13870.934245,13899.790327,13813.222081,13899.790327,-28.856082000000242,Loss,SL
2022-09-01 04:10:00,2022-09-01 05:25:00,short,13870.934245,13899.790327,13813.222081,13899.790327,-28.856082000000242,Loss,SL
2022-09-02 03:45:00,2022-09-02 04:20:00,long,14065.494732,14038.352839,14119.778518,14038.352839,-27.141892999999982,Loss,SL
2022-09-02 04:20:00,2022-09-02 05:30:00,short,14036.067816,14054.92446,13998.354528000002,13998.354528000002,37.71328799999901,Win,TP
2022-09-05 03:50:00,2022-09-05 04:00:00,short,13816.080187,13835.22253,13777.795501,13835.22253,-19.142342999999528,Loss,SL
2022-09-05 03:45:00,2022-09-05 04:00:00,short,13821.222755,13842.650683,13778.366899000002,13842.650683,-21.427927999999156,Loss,SL
2022-09-05 05:40:00,2022-09-05 07:05:00,short,13819.222867,13838.079512,13781.509577,13781.509577,37.71328999999969,Win,TP
2022-09-05 05:35:00,2022-09-05 06:50:00,short,13825.22253,13840.936494,13793.794601999998,13793.794601999998,31.427928000000975,Win,TP
2022-09-06 02:00:00,2022-09-06 03:05:00,long,13944.930084,13912.931321,14008.927609999999,13912.931321,-31.9987629999996,Loss,SL
2022-09-06 02:00:00,2022-09-06 03:05:00,long,13944.930084,13912.931321,14008.927609999999,13912.931321,-31.9987629999996,Loss,SL
2022-09-06 05:10:00,2022-09-06 06:20:00,long,13949.501255,13918.645285,14011.213194999997,13918.645285,-30.855969999998706,Loss,SL
2022-09-08 04:40:00,2022-09-08 05:45:00,short,14003.498219,14026.926035,13956.642586999997,14026.926035,-23.427816000001258,Loss,SL
2022-09-09 05:50:00,2022-09-09 07:05:00,short,14246.341705,14266.626841,14205.771433000004,14205.771433000004,40.5702719999972,Win,TP
2022-09-12 02:00:00,2022-09-12 02:45:00,long,14437.993062,14421.177464,14471.624257999998,14471.624257999998,33.631195999998454,Win,TP
2022-09-12 05:05:00,2022-09-12 06:40:00,short,14461.563673,14483.206987,14418.277045000003,14483.206987,-21.64331399999901,Loss,SL
2022-09-12 04:55:00,2022-09-12 06:55:00,short,14476.046819,14493.714367,14440.711722999997,14493.714367,-17.66754800000126,Loss,SL
2022-09-13 04:55:00,2022-09-13 05:50:00,long,14621.44625,14605.198618,14653.941514000002,14653.941514000002,32.49526400000104,Win,TP
2022-09-14 02:15:00,2022-09-14 03:00:00,short,13785.115541,13837.429047,13680.488528999998,13837.429047,-52.313506000000416,Loss,SL
2022-09-14 02:30:00,2022-09-14 03:30:00,long,13796.758855,13759.780445,13870.715675,13870.715675,73.95681999999942,Win,TP
2022-09-14 04:50:00,2022-09-14 05:15:00,short,13825.725147,13851.060244,13775.054952999997,13851.060244,-25.335097000001042,Loss,SL
2022-09-14 04:30:00,2022-09-14 06:20:00,short,13847.023892,13874.630854,13791.809967999996,13791.809967999996,55.21392400000332,Win,TP
2022-09-15 02:00:00,2022-09-15 05:30:00,long,13885.645616,13860.31052,13936.315807999998,13860.31052,-25.335095999998885,Loss,SL
2022-09-15 03:10:00,2022-09-15 05:35:00,short,13881.953833,13904.449097,13836.963304999997,13836.963304999997,44.99052800000209,Win,TP
2022-09-15 04:40:00,2022-09-15 05:25:00,long,13897.28893,13885.017064,13921.832662000003,13885.017064,-12.271866000000955,Loss,SL
2022-09-16 02:15:00,2022-09-16 05:55:00,short,13503.404144,13530.44314,13449.326152000001,13530.44314,-27.038995999999315,Loss,SL
2022-09-16 03:10:00,2022-09-16 05:45:00,short,13494.31668,13518.23186,13446.48632,13518.23186,-23.915179999999964,Loss,SL
2022-09-16 04:45:00,2022-09-16 05:40:00,short,13473.017935,13501.476847,13416.100111,13501.476847,-28.458912000000055,Loss,SL
2022-09-19 02:00:00,2022-09-19 08:30:00,short,13445.187575,13484.437851,13366.687022999999,13484.437851,-39.25027600000067,Loss,SL
2022-09-19 02:00:00,2022-09-19 08:30:00,short,13445.187575,13484.437851,13366.687022999999,13484.437851,-39.25027600000067,Loss,SL
2022-09-19 02:00:00,2022-09-19 08:30:00,short,13445.187575,13484.437851,13366.687022999999,13484.437851,-39.25027600000067,Loss,SL
2022-09-19 05:45:00,2022-09-19 06:55:00,long,13436.384094,13413.320864,13482.510553999999,13413.320864,-23.06322999999975,Loss,SL
2022-09-19 05:45:00,2022-09-19 06:55:00,long,13436.384094,13413.320864,13482.510553999999,13413.320864,-23.06322999999975,Loss,SL
2022-09-19 05:00:00,2022-09-19 06:00:00,short,13412.813483,13438.14858,13362.143289000001,13438.14858,-25.335096999999223,Loss,SL
2022-09-20 06:00:00,2022-09-20 06:45:00,long,13606.774052,13583.142855,13654.036446000002,13583.142855,-23.63119700000061,Loss,SL
2022-09-20 06:00:00,2022-09-20 06:45:00,long,13606.774052,13583.142855,13654.036446000002,13583.142855,-23.63119700000061,Loss,SL
2022-09-21 02:00:00,2022-09-21 02:25:00,short,13497.440496,13533.850939,13424.619609999998,13533.850939,-36.41044300000067,Loss,SL
2022-09-21 03:20:00,2022-09-21 04:05:00,long,13556.509014,13537.705533,13594.115975999997,13537.705533,-18.80348099999901,Loss,SL
2022-09-21 03:15:00,2022-09-21 04:20:00,long,13548.2735,13523.222387,13598.375725999998,13523.222387,-25.051112999999532,Loss,SL
2022-09-21 05:50:00,2022-09-21 06:10:00,long,13555.657065,13539.125449,13588.720297,13539.125449,-16.531616000000213,Loss,SL
2022-09-22 04:35:00,2022-09-22 05:30:00,short,13283.601099,13324.555274,13201.692748999998,13324.555274,-40.95417500000076,Loss,SL
2022-09-22 05:30:00,2022-09-22 05:45:00,long,13323.926722,13296.035777,13379.708612000002,13296.035777,-27.89094500000101,Loss,SL
2022-09-23 02:00:00,2022-09-23 05:30:00,short,13063.798053,13112.70376,12965.986639,12965.986639,97.81141399999979,Win,TP
2022-09-22 05:40:00,2022-09-22 06:05:00,short,13311.999425,13335.062655,13265.872965,13265.872965,46.1264599999995,Win,TP
2022-09-22 05:55:00,2022-09-22 06:00:00,long,13319.666973,13303.135358,13352.730203,13303.135358,-16.531614999999874,Loss,SL
2022-09-23 03:10:00,2022-09-23 04:35:00,short,13055.846522,13095.096798,12977.345969999998,12977.345969999998,78.50055200000133,Win,TP
2022-09-27 02:00:00,2022-09-27 02:10:00,long,13014.100982,12981.666305,13078.970335999998,12981.666305,-32.43467699999928,Loss,SL
2022-09-27 02:00:00,2022-09-27 02:10:00,long,13014.100982,12981.666305,13078.970335999998,12981.666305,-32.43467699999928,Loss,SL
2022-09-27 02:00:00,2022-09-27 02:10:00,long,13014.100982,12981.666305,13078.970335999998,12981.666305,-32.43467699999928,Loss,SL
2022-09-27 02:00:00,2022-09-27 02:10:00,long,13014.100982,12981.666305,13078.970335999998,12981.666305,-32.43467699999928,Loss,SL
2022-09-27 04:00:00,2022-09-27 05:25:00,short,13000.753769,13026.656832,12948.947643000001,13026.656832,-25.903062999999747,Loss,SL
2022-09-27 05:10:00,2022-09-27 08:30:00,long,13009.273267,12965.195275,13097.429251000001,13097.429251000001,88.1559840000009,Win,TP
2022-09-27 05:10:00,2022-09-27 08:30:00,long,13009.273267,12965.195275,13097.429251000001,13097.429251000001,88.1559840000009,Win,TP
2022-09-27 04:50:00,2022-09-27 05:10:00,short,12976.899175,13002.518254,12925.661017,13002.518254,-25.619079000000056,Loss,SL
2022-09-27 04:50:00,2022-09-27 05:10:00,short,12976.899175,13002.518254,12925.661017,13002.518254,-25.619079000000056,Loss,SL
2022-09-28 02:00:00,2022-09-28 02:05:00,short,12775.555042,12786.690975,12753.283176,12753.283176,22.271865999999136,Win,TP
2022-09-28 04:05:00,2022-09-28 05:00:00,short,12702.003377,12744.661452,12616.687226999997,12744.661452,-42.65807500000119,Loss,SL
2022-09-28 05:10:00,2022-09-28 06:10:00,long,12772.431226,12716.993904,12883.30587,12716.993904,-55.43732199999977,Loss,SL
2022-09-28 05:05:00,2022-09-28 07:40:00,long,12735.229418,12661.049201,12883.589852000003,12883.589852000003,148.360434000002,Win,TP
2022-09-28 05:00:00,2022-09-28 05:20:00,long,12712.226774,12645.998088,12844.684146000001,12844.684146000001,132.45737200000076,Win,TP
2022-09-28 05:00:00,2022-09-28 05:20:00,long,12712.226774,12645.998088,12844.684146000001,12844.684146000001,132.45737200000076,Win,TP
2022-09-28 06:00:00,2022-09-28 07:20:00,short,12752.836381,12800.038188,12658.432766999997,12800.038188,-47.20180700000128,Loss,SL
2022-09-28 05:25:00,2022-09-28 05:40:00,short,12805.657268,12847.463393,12722.045018000003,12847.463393,-41.806124999999156,Loss,SL
2022-09-29 05:00:00,2022-09-29 06:15:00,short,12946.512966,13010.469786,12818.599326000001,13010.469786,-63.956819999999425,Loss,SL
2022-09-29 05:00:00,2022-09-29 06:15:00,short,12946.512966,13010.469786,12818.599326000001,13010.469786,-63.956819999999425,Loss,SL
2022-09-30 04:00:00,2022-09-30 06:00:00,short,12861.60197,12896.308514,12792.188881999999,12792.188881999999,69.41308800000115,Win,TP
2022-09-30 05:10:00,2022-09-30 05:20:00,long,12865.009769,12840.810606,12913.408095000003,12840.810606,-24.199163000001136,Loss,SL
2022-09-30 05:45:00,2022-09-30 06:05:00,short,12828.943895,12854.278991,12778.273703000003,12778.273703000003,50.67019199999777,Win,TP
2022-10-03 02:30:00,2022-10-03 05:55:00,short,12502.07916,12540.761469,12424.714542,12540.761469,-38.682308999999805,Loss,SL
2022-10-03 04:20:00,2022-10-03 05:55:00,long,12474.816766,12445.221921,12534.006456,12534.006456,59.189689999999246,Win,TP
2022-10-03 05:45:00,2022-10-03 07:30:00,long,12525.365787,12485.831528,12604.434305,12604.434305,79.06851800000004,Win,TP
2022-10-04 03:30:00,2022-10-04 04:10:00,long,13049.314907,13028.523543,13090.897635000001,13028.523543,-20.791364000000613,Loss,SL
2022-10-04 04:25:00,2022-10-04 08:30:00,long,13062.946104,13031.647359,13125.543594,13125.543594,62.59749000000011,Win,TP
2022-10-05 02:55:00,2022-10-05 03:25:00,short,13137.633702,13165.240664,13082.419777999996,13082.419777999996,55.21392400000332,Win,TP
2022-10-05 04:40:00,2022-10-05 05:30:00,short,13099.295961,13123.495124,13050.897635000001,13123.495124,-24.199162999999317,Loss,SL
2022-10-05 05:25:00,2022-10-05 06:55:00,long,13121.162673,13097.531476,13168.425067000002,13097.531476,-23.63119700000061,Loss,SL
2022-10-06 02:20:00,2022-10-06 04:45:00,short,13209.76545,13245.891911,13137.512528000001,13137.512528000001,72.25292199999967,Win,TP
2022-10-06 02:20:00,2022-10-06 04:45:00,short,13209.76545,13245.891911,13137.512528000001,13137.512528000001,72.25292199999967,Win,TP
2022-10-06 06:00:00,2022-10-06 07:30:00,long,13148.709049,13103.495124,13239.136899,13239.136899,90.42785000000003,Win,TP
2022-10-06 06:00:00,2022-10-06 07:30:00,long,13148.709049,13103.495124,13239.136899,13239.136899,90.42785000000003,Win,TP
2022-10-07 03:20:00,2022-10-07 07:25:00,long,13060.390254,13034.487192,13112.196377999999,13112.196377999999,51.80612399999882,Win,TP
2022-10-10 03:00:00,2022-10-10 04:40:00,short,12538.996984,12564.616063,12487.758826,12564.616063,-25.619079000000056,Loss,SL
2022-10-10 04:40:00,2022-10-10 07:55:00,long,12568.531243,12532.97275,12639.648228999997,12639.648228999997,71.11698599999727,Win,TP
2022-10-10 06:00:00,2022-10-10 07:55:00,long,12564.839461,12532.97275,12628.572882999997,12628.572882999997,63.73342199999752,Win,TP
2022-10-10 06:00:00,2022-10-10 07:55:00,long,12564.839461,12532.97275,12628.572882999997,12628.572882999997,63.73342199999752,Win,TP
2022-10-12 02:25:00,2022-10-12 04:20:00,short,12379.114407,12441.651311,12254.040598999998,12441.651311,-62.536904000000504,Loss,SL
2022-10-13 02:00:00,2022-10-13 02:15:00,short,12284.263997,12316.414692,12219.962607,12316.414692,-32.15069500000027,Loss,SL
2022-10-14 05:05:00,2022-10-14 05:15:00,long,12573.358959,12551.147678,12617.781520999999,12551.147678,-22.21128099999987,Loss,SL
2022-10-14 05:00:00,2022-10-14 05:25:00,long,12565.123444,12528.145034,12639.080264000004,12639.080264000004,73.95682000000306,Win,TP
2022-10-14 04:55:00,2022-10-14 05:25:00,long,12543.256733,12511.674005,12606.422188999999,12606.422188999999,63.16545599999881,Win,TP
2022-10-14 04:25:00,2022-10-14 04:55:00,short,12504.067043,12537.921637,12436.357854999998,12537.921637,-33.85459400000036,Loss,SL
2022-10-17 02:35:00,2022-10-17 02:40:00,short,12305.278759,12331.465805,12252.904667000003,12331.465805,-26.1870459999991,Loss,SL
2022-10-17 04:30:00,2022-10-17 05:05:00,long,12360.087528,12346.395746,12387.471092,12387.471092,27.38356399999975,Win,TP
2022-10-17 05:30:00,2022-10-17 05:35:00,long,12378.54644,12358.607026,12418.425268,12358.607026,-19.939414000000397,Loss,SL
2022-10-17 06:00:00,2022-10-17 07:30:00,short,12358.951595,12398.201871,12280.451043000003,12398.201871,-39.25027599999885,Loss,SL
2022-10-18 02:45:00,2022-10-18 03:40:00,long,12855.354339,12830.019242,12906.024532999998,12830.019242,-25.335096999999223,Loss,SL
2022-10-18 02:45:00,2022-10-18 03:40:00,long,12855.354339,12830.019242,12906.024532999998,12830.019242,-25.335096999999223,Loss,SL
2022-10-18 02:20:00,2022-10-18 04:00:00,long,12833.771611,12784.865904,12931.583025,12784.865904,-48.90570699999989,Loss,SL
2022-10-18 05:20:00,2022-10-18 05:30:00,long,12845.698908,12821.499744,12894.097236,12821.499744,-24.199163999999655,Loss,SL
2022-10-18 04:55:00,2022-10-18 06:40:00,long,12826.104063,12794.521335,12889.269519000003,12889.269519000003,63.16545600000245,Win,TP
2022-10-19 02:00:00,2022-10-19 04:50:00,short,12758.232063,12801.742088,12671.212012999997,12801.742088,-43.510025000001406,Loss,SL
2022-10-19 02:00:00,2022-10-19 04:50:00,short,12758.232063,12801.742088,12671.212012999997,12801.742088,-43.510025000001406,Loss,SL
2022-10-19 03:00:00,2022-10-19 03:20:00,short,12767.887494,12793.506573,12716.649336,12716.649336,51.23815800000011,Win,TP
2022-10-20 02:25:00,2022-10-20 04:35:00,short,12561.999628,12602.669821,12480.659242,12602.669821,-40.67019299999993,Loss,SL
2022-10-20 04:15:00,2022-10-20 04:45:00,long,12573.642942,12555.691411,12609.546004000002,12609.546004000002,35.90306200000123,Win,TP
2022-10-21 02:20:00,2022-10-21 02:50:00,long,12586.138205,12528.145034,12702.124547,12528.145034,-57.993171000000075,Loss,SL
2022-10-21 05:05:00,2022-10-21 06:20:00,short,12489.867879,12514.918992,12439.765652999997,12514.918992,-25.05111300000135,Loss,SL
2022-10-24 02:10:00,2022-10-24 02:15:00,short,12921.238456,12947.709485,12868.296397999999,12868.296397999999,52.94205800000054,Win,TP
2022-10-24 02:40:00,2022-10-24 03:20:00,short,12862.737903,12892.048765,12804.116178999999,12804.116178999999,58.62172400000054,Win,TP
2022-10-24 04:50:00,2022-10-24 06:30:00,long,12888.58038,12845.354339,12975.032462,12975.032462,86.45208199999979,Win,TP
2022-10-24 05:05:00,2022-10-24 05:15:00,short,12871.541385,12898.012414,12818.599327,12898.012414,-26.47102900000027,Loss,SL
2022-10-24 05:55:00,2022-10-24 08:30:00,long,12932.02982,12893.631493,13008.826473999998,12893.631493,-38.39832699999897,Loss,SL
2022-10-25 02:35:00,2022-10-25 03:55:00,long,13053.006689,13028.523543,13101.972981,13028.523543,-24.483146000000488,Loss,SL
2022-10-25 05:40:00,2022-10-25 07:05:00,long,13031.991928,13010.348614,13075.278555999997,13010.348614,-21.64331399999901,Loss,SL
2022-10-26 03:30:00,2022-10-26 04:10:00,long,13124.286488,13103.779108,13165.301247999998,13103.779108,-20.507379999999102,Loss,SL
2022-10-27 03:15:00,2022-10-27 03:40:00,long,13018.076748,12998.421317,13057.387609999998,12998.421317,-19.655430999999226,Loss,SL
2022-10-27 03:20:00,2022-10-27 04:10:00,short,13005.581485,13027.508782,12961.726891,12961.726891,43.85459400000036,Win,TP
2022-10-28 02:10:00,2022-10-28 06:20:00,short,12613.116615,12646.687226,12545.975393000002,12646.687226,-33.57061099999919,Loss,SL
2022-10-28 03:10:00,2022-10-28 04:10:00,long,12614.252548,12589.485419,12663.786806,12589.485419,-24.76712899999984,Loss,SL
2022-10-28 03:10:00,2022-10-28 04:10:00,long,12614.252548,12589.485419,12663.786806,12589.485419,-24.76712899999984,Loss,SL
2022-10-28 04:05:00,2022-10-28 04:50:00,short,12596.645586,12613.177201,12563.582356,12613.177201,-16.531614999999874,Loss,SL
2022-10-28 03:20:00,2022-10-28 03:45:00,short,12605.165084,12622.264666,12570.965920000002,12622.264666,-17.099581999998918,Loss,SL
2022-10-28 04:55:00,2022-10-28 07:30:00,long,12627.315779,12598.2889,12685.369537000002,12685.369537000002,58.053758000001835,Win,TP
2022-10-28 04:55:00,2022-10-28 07:30:00,long,12627.315779,12598.2889,12685.369537000002,12685.369537000002,58.053758000001835,Win,TP
2022-10-31 02:30:00,2022-10-31 03:00:00,long,13116.334957,13095.543593,13157.917684999997,13095.543593,-20.791363999998794,Loss,SL
2022-10-31 03:00:00,2022-10-31 08:50:00,short,13091.060447,13145.361836,12982.457669,12982.457669,108.6027780000004,Win,TP
2022-10-31 03:00:00,2022-10-31 08:50:00,short,13091.060447,13145.361836,12982.457669,12982.457669,108.6027780000004,Win,TP
2022-10-31 03:00:00,2022-10-31 08:50:00,short,13091.060447,13145.361836,12982.457669,12982.457669,108.6027780000004,Win,TP
2022-10-31 04:30:00,2022-10-31 05:20:00,long,13080.837049,13058.625769,13125.259608999999,13058.625769,-22.211279999999533,Loss,SL
2022-10-31 04:20:00,2022-10-31 06:25:00,long,13072.885518,13054.082037,13110.492479999997,13110.492479999997,37.60696199999802,Win,TP
2022-10-31 05:50:00,2022-10-31 05:55:00,short,13060.674238,13076.637886,13028.746941999998,13076.637886,-15.96364800000083,Loss,SL
2022-11-01 03:00:00,2022-11-01 08:50:00,long,13120.310723,13078.788581,13203.355007,13078.788581,-41.5221419999998,Loss,SL
2022-11-01 02:55:00,2022-11-01 03:05:00,long,13091.912396,13074.812815,13126.111558,13126.111558,34.1991620000008,Win,TP
2022-11-01 04:00:00,2022-11-01 04:40:00,short,13111.791225,13136.558354,13062.256967000001,13136.558354,-24.76712899999984,Loss,SL
2022-11-02 02:00:00,2022-11-02 02:25:00,short,12902.49556,12914.19946,12879.087759999999,12879.087759999999,23.40780000000086,Win,TP
2022-11-02 02:00:00,2022-11-02 02:25:00,short,12902.49556,12914.19946,12879.087759999999,12879.087759999999,23.40780000000086,Win,TP
2022-11-03 03:05:00,2022-11-03 03:25:00,long,12450.678189,12408.304097,12535.426373,12408.304097,-42.37409200000002,Loss,SL
2022-11-07 03:45:00,2022-11-07 04:10:00,short,12386.781955,12414.104934,12332.135997,12414.104934,-27.322979000000487,Loss,SL
2022-11-07 05:55:00,2022-11-07 08:30:00,short,12433.071227,12458.97429,12381.265101,12381.265101,51.806125999999495,Win,TP
2022-11-08 04:55:00,2022-11-08 05:10:00,short,12535.589185,12557.800465,12491.166625000002,12557.800465,-22.211279999999533,Loss,SL
2022-11-10 03:35:00,2022-11-10 04:10:00,long,12353.839897,12331.06065,12399.398391,12331.06065,-22.779247000000396,Loss,SL
2022-11-11 02:00:00,2022-11-11 02:45:00,long,13317.395107,13300.011542,13352.162237,13352.162237,34.76713000000018,Win,TP
2022-11-11 02:00:00,2022-11-11 02:45:00,long,13317.395107,13300.011542,13352.162237,13352.162237,34.76713000000018,Win,TP
2022-11-11 05:15:00,2022-11-11 06:10:00,long,13297.516279,13274.169065,13344.210706999998,13274.169065,-23.34721399999944,Loss,SL
2022-11-14 03:00:00,2022-11-14 08:45:00,short,13379.019475,13416.565852,13303.926720999998,13303.926720999998,75.09275400000115,Win,TP
2022-11-15 05:45:00,2022-11-15 06:25:00,long,13482.105399,13461.314035,13523.688127000001,13523.688127000001,41.582728000001225,Win,TP
2022-11-16 04:10:00,2022-11-16 04:35:00,long,13569.856228,13547.076981,13615.414722000001,13547.076981,-22.779247000000396,Loss,SL
2022-11-16 05:30:00,2022-11-16 07:55:00,short,13507.095927,13537.258738,13446.770305,13446.770305,60.325622000000294,Win,TP
2022-11-16 05:30:00,2022-11-16 07:55:00,short,13507.095927,13537.258738,13446.770305,13446.770305,60.325622000000294,Win,TP
2022-11-17 04:30:00,2022-11-17 04:50:00,short,13327.050538,13354.089534,13272.972545999997,13272.972545999997,54.07799200000227,Win,TP
2022-11-17 05:55:00,2022-11-17 06:05:00,long,13271.673802,13251.166421,13312.688563999998,13251.166421,-20.50738099999944,Loss,SL
2022-11-17 06:00:00,2022-11-17 07:00:00,short,13255.770739,13287.63745,13192.037316999998,13192.037316999998,63.733422000001156,Win,TP
2022-11-18 04:35:00,2022-11-18 08:35:00,long,13396.058471,13353.684379,13480.806655,13353.684379,-42.37409200000002,Loss,SL
2022-11-21 02:00:00,2022-11-21 02:15:00,short,13246.967258,13258.955141,13222.991492000001,13222.991492000001,23.975765999999567,Win,TP
2022-11-21 02:45:00,2022-11-21 04:45:00,short,13244.979375,13272.302354,13190.333417000003,13190.333417000003,54.645957999997336,Win,TP
2022-11-21 02:35:00,2022-11-21 03:10:00,short,13252.646923,13272.302354,13213.336061000002,13213.336061000002,39.31086199999845,Win,TP
2022-11-21 05:50:00,2022-11-21 07:05:00,short,13187.898739,13215.221718,13133.252781,13215.221718,-27.322979000000487,Loss,SL
2022-11-22 03:25:00,2022-11-22 07:50:00,long,13163.192195,13136.437183,13216.702218999999,13216.702218999999,53.51002399999925,Win,TP
2022-11-22 05:10:00,2022-11-22 07:00:00,short,13159.784396,13196.762806,13085.827575999996,13196.762806,-36.97841000000153,Loss,SL
2022-11-22 04:55:00,2022-11-22 05:10:00,long,13185.910856,13170.231191,13217.270186,13170.231191,-15.679664999999659,Loss,SL
2022-11-22 05:10:00,2022-11-22 07:00:00,short,13159.784396,13196.762806,13085.827575999996,13196.762806,-36.97841000000153,Loss,SL
2022-11-22 05:05:00,2022-11-22 05:45:00,short,13181.367124,13201.022555,13142.056262000002,13142.056262000002,39.31086199999845,Win,TP
2022-11-23 02:00:00,2022-11-23 02:30:00,long,13349.485216,13338.349283,13371.757081999998,13338.349283,-11.135932999999568,Loss,SL
2022-11-23 02:00:00,2022-11-23 02:30:00,long,13349.485216,13338.349283,13371.757081999998,13338.349283,-11.135932999999568,Loss,SL
2022-11-23 03:15:00,2022-11-23 04:50:00,long,13361.696496,13346.868781,13391.351926000003,13346.868781,-14.827715000001263,Loss,SL
2022-11-23 03:10:00,2022-11-23 07:45:00,long,13357.72073,13334.089534,13404.983121999996,13334.089534,-23.631195999998454,Loss,SL
2022-11-23 05:45:00,2022-11-23 07:20:00,long,13371.919894,13358.228111,13399.303460000001,13358.228111,-13.691783000000214,Loss,SL
2022-11-23 05:10:00,2022-11-23 05:35:00,short,13348.633266,13369.992596,13305.914606000002,13369.992596,-21.359329999999318,Loss,SL
2022-11-23 05:50:00,2022-11-23 06:15:00,short,13368.228111,13383.623793,13337.436747,13383.623793,-15.395682000000306,Loss,SL
2022-11-28 03:25:00,2022-11-28 04:00:00,short,13280.761266,13307.800262,13226.683273999997,13226.683273999997,54.07799200000227,Win,TP
2022-11-28 04:50:00,2022-11-28 05:05:00,short,13252.930906,13273.72227,13211.348177999998,13273.72227,-20.791364000000613,Loss,SL
2022-11-28 05:15:00,2022-11-28 05:55:00,short,13265.42617,13283.661685,13228.955140000004,13283.661685,-18.235514999998486,Loss,SL
2022-11-29 05:55:00,2022-11-29 06:35:00,long,13265.994137,13246.622689,13304.737033,13246.622689,-19.371447999999873,Loss,SL
2022-11-30 02:00:00,2022-11-30 02:10:00,short,13116.902924,13135.138438,13080.431896,13135.138438,-18.235513999999966,Loss,SL
2022-11-30 03:10:00,2022-11-30 07:15:00,short,13142.461417,13162.968798,13101.446655000002,13162.968798,-20.50738099999944,Loss,SL
2022-11-30 04:30:00,2022-11-30 05:05:00,long,13145.017267,13127.633702,13179.784397,13127.633702,-17.38356500000009,Loss,SL
2022-11-30 05:40:00,2022-11-30 07:15:00,long,13139.053618,13121.954036,13173.252782000001,13173.252782000001,34.199164000001474,Win,TP
2022-11-30 05:35:00,2022-11-30 07:15:00,long,13135.077852,13115.706405,13173.820746,13173.820746,38.74289399999907,Win,TP
2022-12-01 04:10:00,2022-12-01 04:55:00,long,13656.18714,13638.235608,13692.090203999998,13638.235608,-17.951531999999133,Loss,SL
2022-12-01 03:55:00,2022-12-01 07:20:00,long,13649.371541,13620.344663,13707.425297000002,13707.425297000002,58.05375600000116,Win,TP
2022-12-01 04:55:00,2022-12-01 05:50:00,short,13638.012211,13656.531709,13600.973214999996,13656.531709,-18.519498000001477,Loss,SL
2022-12-01 05:05:00,2022-12-01 07:00:00,long,13645.963742,13620.628646,13696.633934000001,13696.633934000001,50.67019200000141,Win,TP
2022-12-01 05:15:00,2022-12-01 05:50:00,short,13639.432127,13658.803575,13600.689231,13658.803575,-19.371447999999873,Loss,SL
2022-12-02 05:00:00,2022-12-02 07:05:00,short,13688.277248,13703.67293,13657.485884,13703.67293,-15.395682000000306,Loss,SL
2022-12-05 02:15:00,2022-12-05 07:10:00,long,13602.798286,13574.339374,13659.71611,13574.339374,-28.458912000000055,Loss,SL
2022-12-05 03:05:00,2022-12-05 09:00:00,short,13587.46319,13632.393131,13497.603308,13497.603308,89.85988200000065,Win,TP
2022-12-05 04:20:00,2022-12-05 05:25:00,short,13597.402604,13613.082269,13566.043274000001,13613.082269,-15.679664999999659,Loss,SL
2022-12-05 05:10:00,2022-12-05 06:15:00,long,13610.181851,13595.070152,13640.405248999998,13595.070152,-15.111698999999135,Loss,SL
2022-12-06 02:40:00,2022-12-06 04:25:00,long,13431.556379,13398.269751,13498.129635,13398.269751,-33.28662799999984,Loss,SL
2022-12-06 02:40:00,2022-12-06 04:25:00,long,13431.556379,13398.269751,13498.129635,13398.269751,-33.28662799999984,Loss,SL
2022-12-06 04:25:00,2022-12-06 04:50:00,short,13398.046354,13426.221283,13341.696495999999,13426.221283,-28.174929000000702,Loss,SL
2022-12-06 03:55:00,2022-12-06 06:15:00,short,13420.765015,13454.051642,13354.191761000002,13454.051642,-33.2866269999995,Loss,SL
2022-12-06 05:30:00,2022-12-06 07:05:00,long,13434.680195,13411.616965,13480.806655000004,13411.616965,-23.063230000001568,Loss,SL
2022-12-06 05:00:00,2022-12-06 05:55:00,short,13421.332981,13436.728663,13390.541616999999,13436.728663,-15.395682000000306,Loss,SL
2022-12-07 03:05:00,2022-12-07 05:40:00,short,13124.570472,13149.053618,13075.604179999998,13075.604179999998,48.966292000000976,Win,TP
2022-12-07 03:00:00,2022-12-07 03:35:00,short,13133.373953,13150.189551,13099.742757000002,13099.742757000002,33.631195999998454,Win,TP
2022-12-08 04:15:00,2022-12-08 04:30:00,short,13097.308078,13110.999861,13069.924512,13110.999861,-13.691783000000214,Loss,SL
2022-12-08 04:10:00,2022-12-08 05:50:00,short,13099.579945,13114.975627,13068.788580999999,13114.975627,-15.395682000000306,Loss,SL
2022-12-08 04:40:00,2022-12-08 05:50:00,short,13094.468246,13115.827576,13051.749586000002,13115.827576,-21.359329999999318,Loss,SL
2022-12-08 05:00:00,2022-12-08 05:15:00,long,13106.11156,13087.024095,13144.286489999997,13087.024095,-19.0874649999987,Loss,SL
2022-12-08 05:05:00,2022-12-08 05:50:00,short,13097.592062,13118.951392,13054.873401999997,13118.951392,-21.359330000001137,Loss,SL
2022-12-09 03:10:00,2022-12-09 03:30:00,long,13287.576864,13269.34135,13324.047892,13269.34135,-18.235513999999966,Loss,SL
2022-12-09 02:55:00,2022-12-09 03:30:00,long,13279.909316,13262.809735,13314.108477999996,13262.809735,-17.09958099999858,Loss,SL
2022-12-09 05:25:00,2022-12-09 05:40:00,long,13288.712798,13276.156948,13313.824498000002,13276.156948,-12.555850000000646,Loss,SL
2022-12-13 02:00:00,2022-12-13 02:05:00,long,13326.089133,13311.027952,13356.211494999998,13311.027952,-15.061180999999124,Loss,SL
2022-12-13 03:05:00,2022-12-13 04:35:00,long,13321.590305,13297.250293,13370.270329,13370.270329,48.68002400000114,Win,TP
2022-12-14 04:25:00,2022-12-14 04:45:00,long,13461.335132,13436.151589,13511.702218000002,13436.151589,-25.18354300000101,Loss,SL
2022-12-14 04:35:00,2022-12-14 05:10:00,short,13452.618654,13467.398658,13423.058646,13423.058646,29.56000800000038,Win,TP
2022-12-15 02:00:00,2022-12-15 02:15:00,short,13236.956115,13254.829063,13201.210219000004,13201.210219000004,35.74589599999672,Win,TP
2022-12-15 02:00:00,2022-12-15 02:15:00,short,13236.956115,13254.829063,13201.210219000004,13201.210219000004,35.74589599999672,Win,TP
2022-12-15 02:55:00,2022-12-15 07:20:00,short,13198.153728,13229.241982,13135.977219999999,13135.977219999999,62.17650800000047,Win,TP
2022-12-16 02:00:00,2022-12-16 02:10:00,short,12853.712255,12873.272263,12814.592239,12814.592239,39.12001600000076,Win,TP
2022-12-16 03:45:00,2022-12-16 06:00:00,long,12753.894522,12723.368622,12814.946322000002,12814.946322000002,61.051800000001094,Win,TP
2022-12-16 05:05:00,2022-12-16 06:00:00,long,12769.078064,12745.862759,12815.508673999999,12815.508673999999,46.43060999999943,Win,TP
2022-12-16 05:20:00,2022-12-16 05:35:00,short,12778.919249,12799.603964,12737.549819000002,12799.603964,-20.684714999999414,Loss,SL
2022-12-19 03:55:00,2022-12-19 04:15:00,short,12795.789852,12815.912214,12755.545128,12815.912214,-20.122362000000066,Loss,SL
2022-12-19 04:10:00,2022-12-19 07:15:00,long,12808.723981,12786.633382,12852.905178999998,12786.633382,-22.0905989999992,Loss,SL
2022-12-19 05:40:00,2022-12-19 06:50:00,short,12805.068684,12820.973395,12773.259261999998,12820.973395,-15.904711000001043,Loss,SL
2022-12-20 03:05:00,2022-12-20 03:30:00,short,12539.075513,12569.88259,12477.461359,12569.88259,-30.80707699999948,Loss,SL
2022-12-20 05:50:00,2022-12-20 08:30:00,short,12549.760228,12579.161422,12490.95784,12490.95784,58.802388000000064,Win,TP
2022-12-21 02:00:00,2022-12-21 02:05:00,long,12626.521471,12616.521471,12646.521471,12616.521471,-10.0,Loss,SL
2022-12-21 04:35:00,2022-12-21 06:15:00,short,12628.208531,12649.736777,12585.152039,12585.152039,43.05649199999971,Win,TP
2022-12-21 04:00:00,2022-12-21 05:40:00,short,12644.797957,12665.201496,12603.990879000003,12603.990879000003,40.807077999998,Win,TP
2022-12-21 06:00:00,2022-12-21 06:05:00,long,12623.428527,12604.149696,12661.986189,12604.149696,-19.278830999999627,Loss,SL
2022-12-22 02:25:00,2022-12-22 04:35:00,short,12783.98043,12809.163973,12733.613343999998,12733.613343999998,50.36708600000202,Win,TP
2022-12-22 02:25:00,2022-12-22 04:35:00,short,12783.98043,12809.163973,12733.613343999998,12733.613343999998,50.36708600000202,Win,TP
2022-12-22 03:45:00,2022-12-22 05:20:00,short,12760.92394,12782.171008,12718.429804000003,12718.429804000003,42.494135999997525,Win,TP
2022-12-23 04:15:00,2022-12-23 04:50:00,long,12435.602483,12411.543647,12483.720155,12483.720155,48.11767200000031,Win,TP
2022-12-23 03:30:00,2022-12-23 04:35:00,long,12416.763643,12393.548338,12463.194253,12463.194253,46.43060999999943,Win,TP
2022-12-23 05:55:00,2022-12-23 06:20:00,short,12449.098965,12468.658973,12409.978948999998,12468.658973,-19.56000800000038,Loss,SL
2022-12-27 02:00:00,2022-12-27 03:00:00,long,12553.415526,12537.791991,12584.662596000002,12537.791991,-15.62353500000063,Loss,SL
2022-12-27 04:40:00,2022-12-27 06:10:00,short,12528.671975,12545.982569,12494.050786999998,12494.050786999998,34.621188000000984,Win,TP
2022-12-27 05:50:00,2022-12-27 06:05:00,long,12528.671975,12513.048441,12559.919042999996,12513.048441,-15.623533999998472,Loss,SL
2022-12-27 05:55:00,2022-12-27 06:30:00,short,12521.642557,12539.234328,12486.459014999997,12486.459014999997,35.18354200000249,Win,TP
2022-12-28 04:55:00,2022-12-28 07:50:00,long,12293.608243,12272.923528,12334.977673000003,12272.923528,-20.684715000001233,Loss,SL
2022-12-28 04:35:00,2022-12-28 04:50:00,short,12262.959981,12277.739985,12233.399973,12277.739985,-14.78000400000019,Loss,SL
2022-12-30 03:50:00,2022-12-30 06:20:00,long,12350.968292,12322.972983,12406.95891,12322.972983,-27.995308999999907,Loss,SL
2023-01-03 02:00:00,2023-01-03 02:05:00,long,12470.187219,12455.969568,12498.622520999998,12455.969568,-14.217650999999023,Loss,SL
2023-01-04 04:10:00,2023-01-04 04:35:00,long,12393.988329,12382.301269,12417.362449,12382.301269,-11.687060000000201,Loss,SL
2023-01-04 04:35:00,2023-01-04 05:35:00,short,12361.090654,12397.521265,12288.229432,12397.521265,-36.43061099999977,Loss,SL
2023-01-05 02:00:00,2023-01-05 02:15:00,short,12324.256505,12339.598862,12293.571790999997,12339.598862,-15.342357000001357,Loss,SL
2023-01-05 02:35:00,2023-01-05 03:15:00,short,12302.605898,12340.442392,12226.932909999998,12340.442392,-37.83649400000104,Loss,SL
2023-01-05 03:15:00,2023-01-05 05:15:00,long,12344.220051,12312.007091,12408.645971000002,12408.645971000002,64.4259200000015,Win,TP
2023-01-06 02:00:00,2023-01-06 03:20:00,short,12172.702256,12194.792855,12128.521058000002,12128.521058000002,44.1811979999984,Win,TP
2023-01-06 02:00:00,2023-01-06 03:20:00,short,12172.702256,12194.792855,12128.521058000002,12128.521058000002,44.1811979999984,Win,TP
2023-01-05 05:50:00,2023-01-05 06:45:00,long,12415.35776,12383.707153,12478.658974000004,12383.707153,-31.6506070000014,Loss,SL
2023-01-06 04:15:00,2023-01-06 04:50:00,long,12166.797545,12146.394007,12207.604620999997,12146.394007,-20.40353799999866,Loss,SL
2023-01-06 04:35:00,2023-01-06 04:55:00,long,12163.142248,12143.58224,12202.262264,12143.58224,-19.56000800000038,Loss,SL
2023-01-10 02:40:00,2023-01-10 04:00:00,short,12564.943771,12589.56496,12515.701393000001,12589.56496,-24.621188999999504,Loss,SL
2023-01-10 05:10:00,2023-01-10 06:15:00,short,12558.757883,12589.002607,12498.268435,12498.268435,60.489448000000266,Win,TP
2023-01-11 02:00:00,2023-01-11 03:15:00,long,12666.729741,12642.952082,12714.285058999998,12714.285058999998,47.555317999998806,Win,TP
2023-01-11 02:00:00,2023-01-11 03:15:00,long,12666.729741,12642.952082,12714.285058999998,12714.285058999998,47.555317999998806,Win,TP
2023-01-11 02:00:00,2023-01-11 03:15:00,long,12666.729741,12642.952082,12714.285058999998,12714.285058999998,47.555317999998806,Win,TP
2023-01-11 02:00:00,2023-01-11 03:15:00,long,12666.729741,12642.952082,12714.285058999998,12714.285058999998,47.555317999998806,Win,TP
2023-01-11 02:00:00,2023-01-11 03:15:00,long,12666.729741,12642.952082,12714.285058999998,12714.285058999998,47.555317999998806,Win,TP
2023-01-12 02:00:00,2023-01-12 02:15:00,long,12890.546404,12879.140521,12913.358170000003,12879.140521,-11.405883000001268,Loss,SL
2023-01-12 04:10:00,2023-01-12 06:15:00,short,12889.702874,12907.294646,12854.519330000001,12907.294646,-17.591771999999764,Loss,SL
2023-01-12 04:00:00,2023-01-12 06:50:00,short,12904.324063,12925.008778,12862.954633000001,12925.008778,-20.684714999999414,Loss,SL
2023-01-13 02:15:00,2023-01-13 03:25:00,long,12954.373518,12933.688803,12995.742948000003,12933.688803,-20.684715000001233,Loss,SL
2023-01-13 04:10:00,2023-01-13 05:00:00,long,12967.307647,12942.124105,13017.674730999997,12942.124105,-25.18354199999885,Loss,SL
2023-01-16 02:00:00,2023-01-16 02:05:00,long,13029.728877,13015.23005,13058.726530999998,13015.23005,-14.498826999999437,Loss,SL
2023-01-16 02:00:00,2023-01-16 02:05:00,long,13029.728877,13015.23005,13058.726530999998,13015.23005,-14.498826999999437,Loss,SL
2023-01-16 02:00:00,2023-01-16 02:05:00,long,13029.728877,13015.23005,13058.726530999998,13015.23005,-14.498826999999437,Loss,SL
2023-01-17 03:20:00,2023-01-17 04:30:00,short,12980.241776,13013.298266,12914.128796000003,13013.298266,-33.05648999999903,Loss,SL
2023-01-17 04:30:00,2023-01-17 06:50:00,long,13013.982981,12993.86062,13054.227702999999,12993.86062,-20.122360999999728,Loss,SL
2023-01-17 05:45:00,2023-01-17 06:10:00,short,12999.361792,13019.765331,12958.554713999998,13019.765331,-20.40353900000082,Loss,SL
2023-01-18 04:45:00,2023-01-18 07:30:00,long,13088.213634,13066.685388,13131.270126,13131.270126,43.05649199999971,Win,TP
2023-01-19 02:00:00,2023-01-19 02:10:00,short,12888.296991,12899.140521,12866.609930999999,12899.140521,-10.8435300000001,Loss,SL
2023-01-19 02:00:00,2023-01-19 02:10:00,short,12888.296991,12899.140521,12866.609930999999,12899.140521,-10.8435300000001,Loss,SL
2023-01-18 05:45:00,2023-01-18 06:05:00,short,13090.463047,13105.524228,13060.340684999997,13105.524228,-15.061181000000943,Loss,SL
2023-01-19 02:00:00,2023-01-19 02:10:00,short,12888.296991,12899.140521,12866.609930999999,12899.140521,-10.8435300000001,Loss,SL
2023-01-20 02:00:00,2023-01-20 02:15:00,long,12844.433424,12829.091066,12875.11814,12829.091066,-15.342357999999876,Loss,SL
2023-01-20 02:00:00,2023-01-20 02:15:00,long,12844.433424,12829.091066,12875.11814,12829.091066,-15.342357999999876,Loss,SL
2023-01-20 02:00:00,2023-01-20 02:15:00,long,12844.433424,12829.091066,12875.11814,12829.091066,-15.342357999999876,Loss,SL
2023-01-20 02:00:00,2023-01-20 02:15:00,long,12844.433424,12829.091066,12875.11814,12829.091066,-15.342357999999876,Loss,SL
2023-01-20 03:45:00,2023-01-20 04:15:00,short,12804.225154,12820.973395,12770.728671999997,12820.973395,-16.748241000001144,Loss,SL
2023-01-20 03:40:00,2023-01-20 04:30:00,short,12810.411041,12827.159282,12776.914558999997,12827.159282,-16.748241000001144,Loss,SL
2023-01-20 04:15:00,2023-01-20 06:40:00,long,12820.252226,12799.286334,12862.18401,12862.18401,41.931784000000334,Win,TP
2023-01-23 05:05:00,2023-01-23 06:30:00,short,13116.331305,13131.954839,13085.084237,13131.954839,-15.62353400000029,Loss,SL
2023-01-24 02:05:00,2023-01-24 07:35:00,short,13398.351548,13424.940974,13345.172696000003,13345.172696000003,53.17885199999728,Win,TP
2023-01-26 03:05:00,2023-01-26 03:20:00,long,13450.931593,13428.840995,13495.112788999997,13428.840995,-22.090597999998863,Loss,SL
2023-01-26 03:20:00,2023-01-26 06:30:00,short,13428.15628,13452.777469,13378.913901999997,13452.777469,-24.621189000001323,Loss,SL
2023-01-26 03:15:00,2023-01-26 03:35:00,short,13439.403348,13456.151589,13405.906866000001,13405.906866000001,33.49648199999865,Win,TP
2023-01-26 05:00:00,2023-01-26 06:50:00,long,13440.528055,13417.593926,13486.396313000003,13486.396313000003,45.86825800000224,Win,TP
2023-01-26 04:30:00,2023-01-26 06:45:00,long,13428.718633,13407.190388,13471.775123,13471.775123,43.05648999999903,Win,TP
2023-01-26 04:20:00,2023-01-26 06:30:00,long,13423.095099,13405.503327,13458.278643,13458.278643,35.18354399999953,Win,TP
2023-01-26 05:35:00,2023-01-26 06:10:00,short,13425.344512,13446.591581,13382.850373999998,13446.591581,-21.24706900000092,Loss,SL
2023-01-27 02:30:00,2023-01-27 07:25:00,long,13536.128137,13512.069302,13584.245807,13584.245807,48.117669999999634,Win,TP
2023-01-27 03:35:00,2023-01-27 06:15:00,long,13538.096374,13520.223426,13573.842270000001,13573.842270000001,35.74589600000036,Win,TP
2023-01-30 03:45:00,2023-01-30 05:30:00,long,13587.583476,13556.495222,13649.759984,13556.495222,-31.088254000000234,Loss,SL
2023-01-30 06:00:00,2023-01-30 08:30:00,long,13574.649347,13554.526985,13614.894071,13614.894071,40.24472400000013,Win,TP
2023-01-31 04:55:00,2023-01-31 05:45:00,short,13368.546816,13392.886829,13319.866790000002,13392.886829,-24.34001299999909,Loss,SL
2023-02-01 03:30:00,2023-02-01 06:05:00,short,13629.759983,13654.099995,13581.079958999999,13654.099995,-24.34001200000057,Loss,SL
2023-02-03 05:25:00,2023-02-03 06:00:00,long,14244.131101,14224.852269,14282.688765,14282.688765,38.55766399999993,Win,TP
2023-02-03 05:20:00,2023-02-03 06:05:00,long,14237.945213,14211.355787,14291.124065000002,14291.124065000002,53.178852000000916,Win,TP
2023-02-06 02:00:00,2023-02-06 02:20:00,short,14138.689833,14148.689833,14118.689833,14118.689833,20.0,Win,TP
2023-02-03 05:20:00,2023-02-03 06:05:00,long,14237.945213,14211.355787,14291.124065000002,14291.124065000002,53.178852000000916,Win,TP
2023-02-03 05:15:00,2023-02-03 05:30:00,long,14225.573437,14208.825196,14259.069918999998,14259.069918999998,33.49648199999865,Win,TP
2023-02-06 02:00:00,2023-02-06 02:20:00,short,14138.689833,14148.689833,14118.689833,14118.689833,20.0,Win,TP
2023-02-06 02:20:00,2023-02-06 03:10:00,short,14122.381584,14143.347476,14080.4498,14080.4498,41.931784000000334,Win,TP
2023-02-06 05:00:00,2023-02-06 06:00:00,short,14039.434453,14062.930936,13992.441486999998,14062.930936,-23.496483000000808,Loss,SL
2023-02-07 03:00:00,2023-02-07 07:55:00,long,14091.170969,14065.706249,14142.100409,14065.706249,-25.464719999999943,Loss,SL
2023-02-07 03:00:00,2023-02-07 07:55:00,long,14091.170969,14065.706249,14142.100409,14065.706249,-25.464719999999943,Loss,SL
2023-02-07 04:55:00,2023-02-07 06:00:00,short,14094.263913,14119.166278,14044.459183,14119.166278,-24.902364999999918,Loss,SL
2023-02-08 02:00:00,2023-02-08 02:05:00,long,14358.288846,14348.288846,14378.288846,14348.288846,-10.0,Loss,SL
2023-02-08 02:00:00,2023-02-08 02:05:00,long,14358.288846,14348.288846,14378.288846,14348.288846,-10.0,Loss,SL
2023-02-07 06:00:00,2023-02-07 07:20:00,long,14121.538054,14096.635688,14171.342786000001,14096.635688,-24.902366000000256,Loss,SL
2023-02-07 06:00:00,2023-02-07 07:20:00,long,14121.538054,14096.635688,14171.342786000001,14096.635688,-24.902366000000256,Loss,SL
2023-02-08 04:45:00,2023-02-08 07:10:00,long,14342.54295,14312.298227,14403.032395999999,14312.298227,-30.244722999999794,Loss,SL
2023-02-09 05:30:00,2023-02-09 07:30:00,short,14259.876996,14284.779362,14210.072264000004,14284.779362,-24.902365999998437,Loss,SL
2023-02-10 05:00:00,2023-02-10 07:15:00,short,13841.767224,13870.324887,13784.651897999996,13870.324887,-28.557663000001412,Loss,SL
2023-02-13 02:00:00,2023-02-13 02:40:00,long,13856.107237,13843.014293,13882.293125,13882.293125,26.185887999999977,Win,TP
2023-02-13 02:00:00,2023-02-13 02:40:00,long,13856.107237,13843.014293,13882.293125,13882.293125,26.185887999999977,Win,TP
2023-02-13 03:55:00,2023-02-13 04:50:00,long,13910.093166,13897.000222,13936.279054,13936.279054,26.185887999999977,Win,TP
2023-02-13 04:30:00,2023-02-13 06:20:00,long,13925.276708,13897.562575,13980.704973999998,13980.704973999998,55.428265999998985,Win,TP
2023-02-14 02:30:00,2023-02-14 02:40:00,long,14109.166278,14087.07568,14153.347474000002,14087.07568,-22.090598000000682,Loss,SL
2023-02-14 03:00:00,2023-02-14 07:30:00,long,14131.379239,14077.796848,14238.544021,14238.544021,107.16478199999983,Win,TP
2023-02-14 03:10:00,2023-02-14 03:50:00,short,14097.07568,14121.696869,14047.833302000001,14121.696869,-24.621188999999504,Loss,SL
2023-02-15 02:00:00,2023-02-15 02:25:00,short,14097.07568,14124.227459,14042.772122,14124.227459,-27.151778999999806,Loss,SL
2023-02-14 05:00:00,2023-02-14 05:55:00,long,14164.276914,14140.218078,14212.394586,14140.218078,-24.058836000000156,Loss,SL
2023-02-15 04:40:00,2023-02-15 05:45:00,long,14147.406311,14128.689833,14184.839267000001,14128.689833,-18.71647800000028,Loss,SL
2023-02-15 06:00:00,2023-02-15 07:30:00,long,14153.311022,14131.782777,14196.367511999999,14131.782777,-21.528244999999515,Loss,SL
2023-02-17 03:30:00,2023-02-17 03:55:00,long,13946.927315,13924.836716,13991.108513000003,13924.836716,-22.09059900000102,Loss,SL
2023-02-17 05:30:00,2023-02-17 06:05:00,short,13897.72139,13922.623756,13847.916658,13922.623756,-24.902366000000256,Loss,SL
2023-02-20 04:30:00,2023-02-20 06:05:00,long,13925.276708,13906.279053,13963.272017999998,13963.272017999998,37.995309999998426,Win,TP
2023-02-21 02:00:00,2023-02-21 02:30:00,short,13856.66959,13875.386068,13819.236633999999,13819.236633999999,37.43295600000056,Win,TP
2023-02-21 02:00:00,2023-02-21 02:30:00,short,13856.66959,13875.386068,13819.236633999999,13819.236633999999,37.43295600000056,Win,TP
2023-02-21 02:00:00,2023-02-21 02:30:00,short,13856.66959,13875.386068,13819.236633999999,13819.236633999999,37.43295600000056,Win,TP
2023-02-21 06:00:00,2023-02-21 08:25:00,short,13803.527191,13827.867204,13754.847164999997,13754.847164999997,48.68002600000182,Win,TP
2023-02-23 03:20:00,2023-02-23 07:15:00,short,13680.371791,13749.137724,13542.839924999998,13749.137724,-68.76593300000059,Loss,SL
2023-02-23 03:20:00,2023-02-23 07:15:00,short,13680.371791,13749.137724,13542.839924999998,13749.137724,-68.76593300000059,Loss,SL
2023-02-23 03:20:00,2023-02-23 07:15:00,short,13680.371791,13749.137724,13542.839924999998,13749.137724,-68.76593300000059,Loss,SL
2023-02-24 02:00:00,2023-02-24 03:05:00,short,13674.46708,13689.528261,13644.344718000002,13644.344718000002,30.122361999998247,Win,TP
2023-02-24 02:00:00,2023-02-24 03:05:00,short,13674.46708,13689.528261,13644.344718000002,13644.344718000002,30.122361999998247,Win,TP
2023-02-24 02:45:00,2023-02-24 05:05:00,short,13653.09765,13671.532951,13616.227048,13616.227048,36.87060199999905,Win,TP
2023-02-27 04:35:00,2023-02-27 06:15:00,short,13563.402278,13580.15052,13529.905794,13580.15052,-16.748241999999664,Loss,SL
2023-02-27 05:35:00,2023-02-27 07:20:00,short,13565.651692,13584.649347,13527.656381999997,13584.649347,-18.997655000001032,Loss,SL
2023-02-27 06:00:00,2023-02-27 06:55:00,long,13572.118757,13557.338752,13601.678767000001,13557.338752,-14.780005000000529,Loss,SL
2023-02-28 02:30:00,2023-02-28 02:50:00,short,13541.751672,13564.404624,13496.445768,13564.404624,-22.65295200000037,Loss,SL
2023-03-01 02:00:00,2023-03-01 03:00:00,short,13605.859962,13631.043505,13555.492876000002,13631.043505,-25.18354299999919,Loss,SL
2023-03-01 03:20:00,2023-03-01 04:40:00,short,13617.107031,13636.667039,13577.987014999999,13636.667039,-19.56000800000038,Loss,SL
2023-03-01 03:55:00,2023-03-01 07:00:00,long,13629.197629,13609.637621,13668.317645000001,13609.637621,-19.56000800000038,Loss,SL
2023-03-02 02:30:00,2023-03-02 02:45:00,short,13333.399727,13358.58327,13283.032641000002,13358.58327,-25.18354299999919,Loss,SL
2023-03-02 04:55:00,2023-03-02 06:00:00,long,13363.766812,13345.893864,13399.512708,13399.512708,35.74589600000036,Win,TP
2023-03-03 03:45:00,2023-03-03 05:05:00,long,13583.365825,13567.461114,13615.175247000003,13615.175247000003,31.809422000002087,Win,TP
2023-03-06 04:50:00,2023-03-06 05:40:00,long,13866.510775,13846.950767,13905.630791000001,13846.950767,-19.56000800000038,Loss,SL
2023-03-06 05:30:00,2023-03-06 07:00:00,short,13854.98253,13869.481357,13825.984875999997,13869.481357,-14.498827000001256,Loss,SL
2023-03-07 05:20:00,2023-03-07 09:00:00,short,13892.660209,13917.562575,13842.855477,13842.855477,49.80473200000051,Win,TP
2023-03-07 05:10:00,2023-03-07 05:20:00,long,13912.061403,13893.344924,13949.494360999997,13893.344924,-18.7164789999988,Loss,SL
2023-03-07 05:20:00,2023-03-07 09:00:00,short,13892.660209,13917.562575,13842.855477,13842.855477,49.80473200000051,Win,TP
2023-03-09 02:45:00,2023-03-09 03:30:00,short,13693.868273,13707.242394,13667.120030999999,13667.120030999999,26.748242000001483,Win,TP
2023-03-10 03:50:00,2023-03-10 04:15:00,short,13482.985739,13517.448113,13414.060990999998,13517.448113,-34.462374000000636,Loss,SL
2023-03-10 04:05:00,2023-03-10 05:10:00,long,13508.853996,13483.670454,13559.221080000001,13483.670454,-25.18354200000067,Loss,SL
2023-03-10 04:30:00,2023-03-10 05:35:00,short,13504.073992,13529.257535,13453.706905999998,13529.257535,-25.18354300000101,Loss,SL
2023-03-10 05:30:00,2023-03-10 06:35:00,long,13523.756362,13490.137518,13590.994050000001,13490.137518,-33.618844000000536,Loss,SL
2023-03-13 02:00:00,2023-03-13 02:10:00,long,13563.402278,13544.966977,13600.272879999999,13544.966977,-18.435300999999527,Loss,SL
2023-03-13 03:00:00,2023-03-13 03:50:00,short,13508.853996,13552.876378,13420.809231999998,13420.809231999998,88.04476400000203,Win,TP
2023-03-13 03:25:00,2023-03-13 04:00:00,short,13494.795161,13547.252844,13389.879794999999,13389.879794999999,104.91536600000109,Win,TP
2023-03-14 03:10:00,2023-03-14 07:30:00,long,13477.413608,13437.911588,13556.417648,13556.417648,79.0040399999998,Win,TP
2023-03-14 03:05:00,2023-03-14 06:25:00,long,13463.775882,13435.128378,13521.07089,13521.07089,57.29500800000096,Win,TP
2023-03-14 04:05:00,2023-03-14 06:20:00,short,13471.012226,13505.782791,13401.471096000003,13505.782791,-34.770564999998896,Loss,SL
2023-03-14 05:35:00,2023-03-14 05:55:00,short,13453.199686,13481.568868,13396.461322,13481.568868,-28.369182000000364,Loss,SL
2023-03-15 03:45:00,2023-03-15 03:50:00,long,13749.333175,13734.045077,13779.909370999998,13734.045077,-15.288097999999081,Loss,SL
2023-03-16 04:15:00,2023-03-16 06:45:00,short,13794.142847,13833.088226,13716.252088999998,13833.088226,-38.945379000000685,Loss,SL
2023-03-16 05:55:00,2023-03-16 06:05:00,long,13822.809905,13785.812773,13896.804169000001,13785.812773,-36.99713200000042,Loss,SL
2023-03-17 05:30:00,2023-03-17 06:25:00,long,14169.041165,14152.918104,14201.287287000001,14152.918104,-16.123061000000234,Loss,SL
2023-03-20 04:30:00,2023-03-20 08:30:00,long,14091.667941,14034.35338,14206.297062999998,14034.35338,-57.31456099999923,Loss,SL
2023-03-21 05:05:00,2023-03-21 05:20:00,short,14155.403439,14170.134895,14125.940527,14170.134895,-14.731455999999525,Loss,SL
2023-03-22 03:45:00,2023-03-22 06:00:00,long,14279.256261,14259.515027,14318.738729000002,14318.738729000002,39.48246800000197,Win,TP
2023-03-23 02:00:00,2023-03-23 02:15:00,short,14247.527672,14258.640956,14225.301104000002,14258.640956,-11.113283999999112,Loss,SL
2023-03-23 02:00:00,2023-03-23 02:15:00,short,14247.527672,14258.640956,14225.301104000002,14258.640956,-11.113283999999112,Loss,SL
2023-03-22 05:40:00,2023-03-22 08:15:00,long,14299.57369,14283.72895,14331.263169999997,14331.263169999997,31.689479999997275,Win,TP
2023-03-23 02:00:00,2023-03-23 02:15:00,short,14247.527672,14258.640956,14225.301104000002,14258.640956,-11.113283999999112,Loss,SL
2023-03-23 02:35:00,2023-03-23 03:00:00,short,14255.877301,14275.618534,14216.394835000003,14275.618534,-19.74123299999883,Loss,SL
2023-03-23 04:30:00,2023-03-23 04:50:00,short,14273.689842,14291.761149,14237.547228,14291.761149,-18.07130700000016,Loss,SL
2023-03-23 03:40:00,2023-03-23 04:30:00,long,14296.79048,14269.256261,14351.858917999998,14269.256261,-27.53421899999921,Loss,SL
2023-03-23 03:40:00,2023-03-23 04:30:00,long,14296.79048,14269.256261,14351.858917999998,14269.256261,-27.53421899999921,Loss,SL
2023-03-23 04:10:00,2023-03-23 04:30:00,long,14294.285592,14269.534582,14343.787612,14269.534582,-24.75100999999995,Loss,SL
2023-03-24 02:25:00,2023-03-24 02:40:00,long,14335.755413,14316.849143,14373.567953000003,14373.567953000003,37.81254000000263,Win,TP
2023-03-24 03:05:00,2023-03-24 08:45:00,short,14299.017048,14356.331609,14184.387925999998,14184.387925999998,114.6291220000021,Win,TP
2023-03-24 03:05:00,2023-03-24 08:45:00,short,14299.017048,14356.331609,14184.387925999998,14184.387925999998,114.6291220000021,Win,TP
2023-03-24 05:25:00,2023-03-24 05:45:00,short,14246.971031,14267.825548,14205.261996999996,14267.825548,-20.85451700000158,Loss,SL
2023-03-28 03:50:00,2023-03-28 08:30:00,long,14213.850838,14192.439679,14256.673156000003,14192.439679,-21.411159000001135,Loss,SL
2023-03-29 03:35:00,2023-03-29 03:45:00,long,14302.63522,14289.852011,14328.201637999999,14289.852011,-12.78320899999926,Loss,SL
2023-03-29 04:05:00,2023-03-29 06:10:00,long,14306.810034,14285.398876,14349.632350000002,14285.398876,-21.411158000000796,Loss,SL
2023-03-29 05:15:00,2023-03-29 06:45:00,short,14295.120555,14307.903764,14269.554136999997,14307.903764,-12.78320900000108,Loss,SL
2023-03-30 02:00:00,2023-03-30 02:05:00,long,14461.278161,14446.825026,14490.184431,14446.825026,-14.453134999999747,Loss,SL
2023-03-30 04:45:00,2023-03-30 07:10:00,long,14481.873911,14463.524283,14518.573167,14518.573167,36.69925599999988,Win,TP
2023-03-31 02:45:00,2023-03-31 07:30:00,short,14570.379973,14587.059675,14537.020568999997,14537.020568999997,33.35940400000254,Win,TP
2023-03-31 04:05:00,2023-03-31 05:00:00,long,14575.38975,14555.926838,14614.315574000002,14555.926838,-19.46291200000087,Loss,SL
2023-03-31 04:05:00,2023-03-31 05:00:00,long,14575.38975,14555.926838,14614.315574000002,14555.926838,-19.46291200000087,Loss,SL
2023-03-31 04:50:00,2023-03-31 07:30:00,short,14559.803777,14580.379973,14518.651385,14580.379973,-20.57619599999998,Loss,SL
2023-03-31 04:35:00,2023-03-31 07:30:00,short,14566.7618,14584.554787,14531.175826000002,14584.554787,-17.792986999998902,Loss,SL
2023-04-03 02:00:00,2023-04-03 03:20:00,long,14725.961383,14709.560001,14758.764147,14709.560001,-16.401382000000012,Loss,SL
2023-04-03 03:00:00,2023-04-03 07:10:00,short,14730.414518,14756.835454,14677.572645999999,14677.572645999999,52.841872000000876,Win,TP
2023-04-03 04:05:00,2023-04-03 07:05:00,long,14715.106866,14695.087312,14755.145974000001,14695.087312,-20.019554000000426,Loss,SL
2023-04-03 05:45:00,2023-04-03 06:45:00,short,14721.508248,14733.178173,14698.168398,14698.168398,23.339850000000297,Win,TP
2023-04-05 02:00:00,2023-04-05 02:25:00,short,14727.074667,14738.744592,14703.734817000004,14703.734817000004,23.33984999999666,Win,TP
2023-04-05 02:00:00,2023-04-05 02:25:00,short,14727.074667,14738.744592,14703.734817000004,14703.734817000004,23.33984999999666,Win,TP
2023-04-05 02:00:00,2023-04-05 02:25:00,short,14727.074667,14738.744592,14703.734817000004,14703.734817000004,23.33984999999666,Win,TP
2023-04-05 02:00:00,2023-04-05 02:25:00,short,14727.074667,14738.744592,14703.734817000004,14703.734817000004,23.33984999999666,Win,TP
2023-04-05 04:15:00,2023-04-05 06:20:00,short,14687.274771,14705.346079,14651.132155,14705.346079,-18.0713080000005,Loss,SL
2023-04-05 05:25:00,2023-04-05 07:20:00,long,14692.562869,14674.213241,14729.262125,14729.262125,36.69925599999988,Win,TP
2023-04-10 02:00:00,2023-04-10 02:15:00,short,14594.872216,14610.438635,14563.739377999998,14610.438635,-15.566419000000678,Loss,SL
2023-04-10 02:00:00,2023-04-10 02:15:00,short,14594.872216,14610.438635,14563.739377999998,14610.438635,-15.566419000000678,Loss,SL
2023-04-10 02:00:00,2023-04-10 02:15:00,short,14594.872216,14610.438635,14563.739377999998,14610.438635,-15.566419000000678,Loss,SL
2023-04-10 06:00:00,2023-04-10 06:25:00,short,14633.002186,14654.691666,14589.623225999998,14589.623225999998,43.378960000001825,Win,TP
2023-04-10 05:15:00,2023-04-10 05:55:00,long,14649.979764,14638.86648,14672.206331999998,14638.86648,-11.113283999999112,Loss,SL
2023-04-11 02:35:00,2023-04-11 03:10:00,short,14658.051071,14676.4007,14621.351813,14676.4007,-18.349629000000277,Loss,SL
2023-04-11 03:00:00,2023-04-11 06:05:00,long,14669.183909,14645.267862,14717.016002999997,14645.267862,-23.916046999998798,Loss,SL
2023-04-11 05:35:00,2023-04-11 06:05:00,short,14679.481784,14698.109734,14642.225884,14642.225884,37.25590000000011,Win,TP
2023-04-11 05:30:00,2023-04-11 06:05:00,short,14686.439808,14708.129288,14643.060847999997,14643.060847999997,43.378960000001825,Win,TP
2023-04-12 02:40:00,2023-04-12 05:10:00,long,14535.033212,14510.282202,14584.535232,14584.535232,49.5020199999999,Win,TP
2023-04-12 04:30:00,2023-04-12 05:55:00,long,14567.318442,14552.586986,14596.781353999999,14552.586986,-14.731455999999525,Loss,SL
2023-04-12 04:40:00,2023-04-12 04:55:00,short,14562.030344,14575.926838,14534.237356000003,14575.926838,-13.896493999998711,Loss,SL
2023-04-13 04:15:00,2023-04-13 05:15:00,long,14476.029171,14446.546705,14534.994102999999,14446.546705,-29.482465999999476,Loss,SL
2023-04-13 04:10:00,2023-04-13 06:55:00,long,14458.494951,14437.083793,14501.317267000002,14437.083793,-21.411158000000796,Loss,SL
2023-04-13 04:10:00,2023-04-13 06:55:00,long,14458.494951,14437.083793,14501.317267000002,14437.083793,-21.411158000000796,Loss,SL
2023-04-13 05:10:00,2023-04-13 07:30:00,short,14450.701965,14472.113124,14407.879647000002,14472.113124,-21.411158999999316,Loss,SL
2023-04-13 04:30:00,2023-04-13 07:00:00,short,14470.741073,14491.59559,14429.032038999996,14429.032038999996,41.70903400000316,Win,TP
2023-04-14 02:00:00,2023-04-14 02:10:00,long,14678.09018,14667.811859,14698.646821999999,14698.646821999999,20.556641999999556,Win,TP
2023-04-14 02:00:00,2023-04-14 02:10:00,long,14678.09018,14667.811859,14698.646821999999,14698.646821999999,20.556641999999556,Win,TP
2023-04-14 02:00:00,2023-04-14 02:10:00,long,14678.09018,14667.811859,14698.646821999999,14698.646821999999,20.556641999999556,Win,TP
2023-04-14 02:00:00,2023-04-14 02:10:00,long,14678.09018,14667.811859,14698.646821999999,14698.646821999999,20.556641999999556,Win,TP
2023-04-14 02:00:00,2023-04-14 02:10:00,long,14678.09018,14667.811859,14698.646821999999,14698.646821999999,20.556641999999556,Win,TP
2023-04-14 03:10:00,2023-04-14 05:15:00,short,14682.821636,14703.119511,14642.225886,14642.225886,40.59575000000041,Win,TP
2023-04-14 04:25:00,2023-04-14 05:15:00,short,14670.018872,14684.750328,14640.555960000002,14640.555960000002,29.46291199999905,Win,TP
2023-04-17 02:00:00,2023-04-17 03:55:00,long,14701.190818,14677.553092,14748.466269999997,14677.553092,-23.63772599999902,Loss,SL
2023-04-17 02:00:00,2023-04-17 03:55:00,long,14701.190818,14677.553092,14748.466269999997,14677.553092,-23.63772599999902,Loss,SL
2023-04-14 05:30:00,2023-04-14 07:40:00,short,14648.309838,14669.164355,14606.600803999996,14606.600803999996,41.70903400000316,Win,TP
2023-04-14 05:50:00,2023-04-14 08:35:00,short,14625.765841,14676.957342,14523.382839000002,14676.957342,-51.191500999999334,Loss,SL
2023-04-17 02:00:00,2023-04-17 03:55:00,long,14701.190818,14677.553092,14748.466269999997,14677.553092,-23.63772599999902,Loss,SL
2023-04-17 05:45:00,2023-04-17 07:30:00,long,14674.193686,14656.122379,14710.3363,14656.122379,-18.07130700000016,Loss,SL
2023-04-18 02:45:00,2023-04-18 03:05:00,long,14681.15171,14667.255217,14708.944696,14708.944696,27.792986000000383,Win,TP
2023-04-19 02:00:00,2023-04-19 02:20:00,short,14611.849794,14627.137892,14581.273597999998,14627.137892,-15.2880980000009,Loss,SL
2023-04-19 02:00:00,2023-04-19 02:20:00,short,14611.849794,14627.137892,14581.273597999998,14627.137892,-15.2880980000009,Loss,SL
2023-04-19 02:30:00,2023-04-19 03:10:00,short,14616.024608,14632.42599,14583.221844,14583.221844,32.802764000000025,Win,TP
2023-04-20 05:05:00,2023-04-20 07:10:00,long,14529.188472,14515.291979,14556.981458,14515.291979,-13.896493000000191,Loss,SL
2023-04-20 04:20:00,2023-04-20 08:30:00,long,14522.787091,14503.88082,14560.599633,14560.599633,37.81254199999967,Win,TP
2023-04-20 05:35:00,2023-04-20 07:10:00,long,14530.580077,14514.735337,14562.269557000001,14514.735337,-15.844740000000456,Loss,SL
2023-04-21 03:00:00,2023-04-21 05:25:00,long,14562.308665,14527.538101,14631.849793000001,14527.538101,-34.77056400000038,Loss,SL
2023-04-21 02:55:00,2023-04-21 04:00:00,long,14539.486347,14521.971682,14574.515677000001,14574.515677000001,35.02933000000121,Win,TP
2023-04-21 03:30:00,2023-04-21 03:50:00,short,14535.589854,14562.567432,14481.634698,14562.567432,-26.977577999999994,Loss,SL
2023-04-21 03:10:00,2023-04-21 04:00:00,short,14551.454148,14569.803777,14514.754890000004,14569.803777,-18.34962899999846,Loss,SL
2023-04-21 04:55:00,2023-04-21 05:30:00,short,14548.94926,14568.968814,14508.910151999999,14508.910151999999,40.03910800000085,Win,TP
2023-04-21 04:05:00,2023-04-21 05:30:00,short,14558.690493,14577.596763,14520.877953000001,14520.877953000001,37.81253999999899,Win,TP
2023-04-21 04:50:00,2023-04-21 05:30:00,short,14558.133851,14577.318442,14519.764669000002,14519.764669000002,38.369181999998546,Win,TP
2023-04-24 03:20:00,2023-04-24 04:10:00,short,14508.314401,14527.220672,14470.501859,14527.220672,-18.906270999999833,Loss,SL
2023-04-25 02:00:00,2023-04-25 09:10:00,short,14477.699097,14507.459884,14418.177523000002,14418.177523000002,59.52157399999851,Win,TP
2023-04-25 02:00:00,2023-04-25 09:10:00,short,14477.699097,14507.459884,14418.177523000002,14418.177523000002,59.52157399999851,Win,TP
2023-04-25 02:00:00,2023-04-25 09:10:00,short,14477.699097,14507.459884,14418.177523000002,14418.177523000002,59.52157399999851,Win,TP
2023-04-25 03:50:00,2023-04-25 05:00:00,short,14464.896333,14484.080925,14426.527149000001,14484.080925,-19.18459199999961,Loss,SL
2023-04-25 03:50:00,2023-04-25 05:00:00,short,14464.896333,14484.080925,14426.527149000001,14484.080925,-19.18459199999961,Loss,SL
2023-04-25 05:45:00,2023-04-25 08:25:00,long,14479.090702,14460.184431,14516.903244,14460.184431,-18.906270999999833,Loss,SL
2023-04-25 05:35:00,2023-04-25 08:30:00,long,14473.245962,14454.896333,14509.945220000001,14454.896333,-18.349629000000277,Loss,SL
2023-04-26 04:30:00,2023-04-26 05:55:00,short,14429.271252,14447.064238,14393.68528,14393.68528,35.585972000000766,Win,TP
2023-04-26 04:25:00,2023-04-26 05:55:00,short,14434.002708,14452.630657,14396.74681,14396.74681,37.25589799999943,Win,TP
2023-04-26 04:50:00,2023-04-26 06:00:00,short,14429.827894,14453.46562,14382.552441999998,14382.552441999998,47.27545200000168,Win,TP
2023-04-27 02:00:00,2023-04-27 02:15:00,long,14462.948087,14450.99984,14486.844581000001,14486.844581000001,23.89649400000053,Win,TP
2023-04-27 02:00:00,2023-04-27 02:15:00,long,14462.948087,14450.99984,14486.844581000001,14486.844581000001,23.89649400000053,Win,TP
2023-04-27 02:00:00,2023-04-27 02:15:00,long,14462.948087,14450.99984,14486.844581000001,14486.844581000001,23.89649400000053,Win,TP
2023-04-27 03:00:00,2023-04-27 07:00:00,short,14466.009617,14489.647343,14418.734164999998,14489.647343,-23.63772600000084,Loss,SL
2023-04-27 03:00:00,2023-04-27 07:00:00,short,14466.009617,14489.647343,14418.734164999998,14489.647343,-23.63772600000084,Loss,SL
2023-04-27 04:10:00,2023-04-27 05:00:00,long,14468.236185,14454.06137,14496.585815,14454.06137,-14.174815000000308,Loss,SL
2023-04-27 04:55:00,2023-04-27 06:05:00,short,14459.608235,14475.731296,14427.362113,14475.731296,-16.123061000000234,Loss,SL
2023-04-27 05:50:00,2023-04-27 07:00:00,long,14469.349468,14450.721519,14506.605366,14506.605366,37.25589799999943,Win,TP
2023-04-27 05:50:00,2023-04-27 07:00:00,long,14469.349468,14450.721519,14506.605366,14506.605366,37.25589799999943,Win,TP
2023-04-28 02:55:00,2023-04-28 07:30:00,short,14692.006227,14710.912498,14654.193685,14710.912498,-18.906270999999833,Loss,SL
2023-04-28 04:35:00,2023-04-28 06:25:00,short,14685.326524,14699.501339,14656.976894,14699.501339,-14.174815000000308,Loss,SL
2023-05-01 04:15:00,2023-05-01 05:20:00,long,14837.846404,14818.940134,14875.658943999999,14818.940134,-18.906269999999495,Loss,SL
2023-05-01 03:45:00,2023-05-01 07:00:00,long,14822.260431,14803.632482,14859.516329,14803.632482,-18.627948999999717,Loss,SL
2023-05-02 02:00:00,2023-05-02 02:20:00,long,14836.454799,14818.105171,14873.154054999999,14818.105171,-18.34962799999994,Loss,SL
2023-05-01 05:15:00,2023-05-01 10:15:00,short,14820.868826,14846.73312,14769.140237999998,14769.140237999998,51.728588000001764,Win,TP
2023-05-02 02:00:00,2023-05-02 02:20:00,long,14836.454799,14818.105171,14873.154054999999,14818.105171,-18.34962799999994,Loss,SL
2023-05-02 03:20:00,2023-05-02 04:40:00,short,14811.405914,14831.98211,14770.253522,14831.98211,-20.57619599999998,Loss,SL
2023-05-02 04:35:00,2023-05-02 07:00:00,long,14823.930357,14799.457667,14872.875736999997,14799.457667,-24.472689999998693,Loss,SL
2023-05-02 04:35:00,2023-05-02 07:00:00,long,14823.930357,14799.457667,14872.875736999997,14799.457667,-24.472689999998693,Loss,SL
2023-05-02 05:45:00,2023-05-02 07:00:00,long,14820.590505,14799.179346,14863.412822999999,14799.179346,-21.411158999999316,Loss,SL
2023-05-03 03:35:00,2023-05-03 10:00:00,long,14702.582423,14676.439808,14754.867653000001,14676.439808,-26.14261500000066,Loss,SL
2023-05-03 05:25:00,2023-05-03 06:25:00,short,14702.025781,14716.757237,14672.562869000001,14716.757237,-14.731455999999525,Loss,SL
2023-05-03 05:35:00,2023-05-03 08:00:00,long,14710.37541,14690.077535,14750.971160000001,14690.077535,-20.297875000000204,Loss,SL
2023-05-03 05:45:00,2023-05-03 06:25:00,short,14699.799214,14719.262126,14660.873390000002,14719.262126,-19.46291199999905,Loss,SL
2023-05-05 05:50:00,2023-05-05 06:25:00,short,14606.005054,14626.859571,14564.296019999996,14626.859571,-20.85451700000158,Loss,SL
2023-05-05 05:50:00,2023-05-05 06:25:00,short,14606.005054,14626.859571,14564.296019999996,14626.859571,-20.85451700000158,Loss,SL
2023-05-05 06:00:00,2023-05-05 07:25:00,long,14612.684757,14596.561696,14644.930879000001,14644.930879000001,32.24612200000047,Win,TP
2023-05-09 05:15:00,2023-05-09 08:00:00,short,14803.891248,14817.509421,14776.654901999998,14776.654901999998,27.236346000001504,Win,TP
2023-05-10 02:15:00,2023-05-10 02:25:00,long,14784.965424,14771.347252,14812.201768,14771.347252,-13.618172000000413,Loss,SL
2023-05-11 02:10:00,2023-05-11 02:45:00,short,14957.246091,14979.213892,14913.310489000003,14979.213892,-21.96780099999887,Loss,SL
2023-05-11 02:25:00,2023-05-11 06:15:00,long,14956.689449,14936.669895,14996.728556999997,14936.669895,-20.019553999998607,Loss,SL
2023-05-11 04:15:00,2023-05-11 04:20:00,short,14965.039078,14981.997101,14931.123031999998,14981.997101,-16.95802300000105,Loss,SL
2023-05-12 02:00:00,2023-05-12 02:10:00,long,14998.437591,14984.819419,15025.673935,14984.819419,-13.618172000000413,Loss,SL
2023-05-12 02:00:00,2023-05-12 02:10:00,long,14998.437591,14984.819419,15025.673935,14984.819419,-13.618172000000413,Loss,SL
2023-05-12 02:00:00,2023-05-12 02:10:00,long,14998.437591,14984.819419,15025.673935,14984.819419,-13.618172000000413,Loss,SL
2023-05-12 05:30:00,2023-05-12 08:45:00,short,14999.272554,15015.395615,14967.026431999999,14967.026431999999,32.24612200000047,Win,TP
2023-05-15 02:45:00,2023-05-15 03:30:00,short,14947.783179,14962.792956,14917.763625000001,14962.792956,-15.009776999999303,Loss,SL
2023-05-15 03:00:00,2023-05-15 08:50:00,short,14950.009746,14972.255868,14905.517501999999,14905.517501999999,44.49224400000094,Win,TP
2023-05-16 02:00:00,2023-05-16 02:20:00,long,14970.883818,14958.935571,14994.780312,14994.780312,23.89649400000053,Win,TP
2023-05-15 06:00:00,2023-05-15 08:30:00,short,14950.288067,14966.411128,14918.041944999999,14918.041944999999,32.24612200000047,Win,TP
2023-05-16 03:35:00,2023-05-16 07:30:00,short,15000.107517,15014.838973,14970.644605000001,14970.644605000001,29.46291199999905,Win,TP
2023-05-17 02:00:00,2023-05-17 02:25:00,long,15025.713044,15012.094872,15052.949388,15012.094872,-13.618172000000413,Loss,SL
2023-05-16 05:20:00,2023-05-16 07:30:00,long,14992.03621,14975.913149,15024.282332,14975.913149,-16.123061000000234,Loss,SL
2023-05-17 04:50:00,2023-05-17 08:50:00,long,15037.124203,15017.939612,15075.493384999998,15017.939612,-19.184590999999273,Loss,SL
2023-05-18 04:00:00,2023-05-18 05:30:00,short,15209.126549,15223.023043,15181.333561000003,15223.023043,-13.896493999998711,Loss,SL
2023-05-18 04:40:00,2023-05-18 07:30:00,long,15217.476178,15203.301364,15245.825806,15203.301364,-14.17481399999997,Loss,SL
2023-05-19 05:15:00,2023-05-19 08:10:00,short,15480.767795,15500.509028,15441.285328999998,15500.509028,-19.741233000000648,Loss,SL
2023-05-22 02:25:00,2023-05-22 04:25:00,long,15440.411258,15420.670024,15479.893726000002,15420.670024,-19.741234000000986,Loss,SL
2023-05-22 03:00:00,2023-05-22 08:30:00,short,15433.731555,15456.534318,15388.126029000001,15456.534318,-22.802762999999686,Loss,SL
2023-05-22 03:25:00,2023-05-22 04:25:00,long,15442.359504,15424.844839,15477.388834000001,15424.844839,-17.514665000000605,Loss,SL
2023-05-23 05:45:00,2023-05-23 06:50:00,short,15464.346859,15482.418167,15428.204242999998,15428.204242999998,36.142616000001,Win,TP
2023-05-23 05:55:00,2023-05-23 06:40:00,long,15469.634957,15450.728687,15507.447497,15450.728687,-18.906269999999495,Loss,SL
2023-05-25 02:00:00,2023-05-25 02:30:00,long,15440.411258,15414.825284,15491.583206,15414.825284,-25.585973999999624,Loss,SL
2023-05-25 02:00:00,2023-05-25 02:30:00,long,15440.411258,15414.825284,15491.583206,15414.825284,-25.585973999999624,Loss,SL
2023-05-25 05:45:00,2023-05-25 06:25:00,short,15465.738464,15487.984586,15421.246219999999,15487.984586,-22.24612200000047,Loss,SL
2023-05-26 02:00:00,2023-05-26 02:05:00,long,15558.975982,15547.862698,15581.202549999998,15547.862698,-11.113283999999112,Loss,SL
2023-05-26 05:25:00,2023-05-26 06:05:00,long,15576.788522,15555.099042,15620.167482000003,15620.167482000003,43.378960000001825,Win,TP
2023-05-30 02:00:00,2023-05-30 02:40:00,long,16032.956557,16019.616705,16059.636260999998,16059.636260999998,26.67970399999831,Win,TP
2023-05-30 04:45:00,2023-05-30 05:55:00,long,16149.294713,16123.430419,16201.023300999997,16123.430419,-25.864293999999063,Loss,SL
2023-05-30 06:00:00,2023-05-30 07:10:00,long,16145.119899,16113.132544,16209.094608999998,16209.094608999998,63.974709999998595,Win,TP
2023-05-30 06:00:00,2023-05-30 07:10:00,long,16145.119899,16113.132544,16209.094608999998,16209.094608999998,63.974709999998595,Win,TP
2023-05-31 03:55:00,2023-05-31 06:40:00,long,15991.486736,15969.797256,16034.865696000003,15969.797256,-21.689480000000913,Loss,SL
2023-05-31 05:20:00,2023-05-31 05:55:00,short,15978.683972,16001.765056,15932.521804000002,16001.765056,-23.081083999999464,Loss,SL
2023-05-31 05:20:00,2023-05-31 05:55:00,short,15978.683972,16001.765056,15932.521804000002,16001.765056,-23.081083999999464,Loss,SL
2023-05-31 05:10:00,2023-05-31 07:55:00,short,15988.703526,16013.732857,15938.644863999996,15938.644863999996,50.058662000003096,Win,TP
2023-06-01 02:00:00,2023-06-01 02:10:00,short,15912.443586,15931.628177,15874.074403999997,15931.628177,-19.18459100000109,Loss,SL
2023-06-01 02:00:00,2023-06-01 02:10:00,short,15912.443586,15931.628177,15874.074403999997,15931.628177,-19.18459100000109,Loss,SL
2023-06-01 02:00:00,2023-06-01 02:10:00,short,15912.443586,15931.628177,15874.074403999997,15931.628177,-19.18459100000109,Loss,SL
2023-06-01 04:00:00,2023-06-01 05:30:00,short,15924.689708,15942.482694,15889.103736,15942.482694,-17.792986000000383,Loss,SL
2023-06-02 03:30:00,2023-06-02 06:25:00,long,16165.715649,16141.799602,16213.547743000001,16213.547743000001,47.832094000001234,Win,TP
2023-06-02 05:50:00,2023-06-02 06:10:00,short,16175.178561,16194.363153,16136.809377000001,16194.363153,-19.18459199999961,Loss,SL
2023-06-02 05:45:00,2023-06-02 06:15:00,short,16184.084832,16200.764535,16150.725426,16200.764535,-16.67970299999979,Loss,SL
2023-06-05 04:25:00,2023-06-05 05:05:00,long,16193.826065,16174.084832,16233.308530999997,16174.084832,-19.74123299999883,Loss,SL
2023-06-05 05:30:00,2023-06-05 08:30:00,long,16193.826065,16174.641474,16232.195246999998,16232.195246999998,38.369181999998546,Win,TP
2023-06-05 05:30:00,2023-06-05 08:30:00,long,16193.826065,16174.641474,16232.195246999998,16232.195246999998,38.369181999998546,Win,TP
2023-06-06 03:20:00,2023-06-06 08:30:00,short,16245.03712,16266.448278,16202.214804000003,16202.214804000003,42.822315999997954,Win,TP
2023-06-06 06:00:00,2023-06-06 07:25:00,long,16233.34764,16217.5029,16265.03712,16217.5029,-15.844740000000456,Loss,SL
2023-06-08 02:00:00,2023-06-08 02:30:00,short,15888.229664,15903.517762,15857.653468000002,15903.517762,-15.288097999999081,Loss,SL
2023-06-08 02:00:00,2023-06-08 02:30:00,short,15888.229664,15903.517762,15857.653468000002,15903.517762,-15.288097999999081,Loss,SL
2023-06-08 02:00:00,2023-06-08 02:30:00,short,15888.229664,15903.517762,15857.653468000002,15903.517762,-15.288097999999081,Loss,SL
2023-06-08 02:00:00,2023-06-08 02:30:00,short,15888.229664,15903.517762,15857.653468000002,15903.517762,-15.288097999999081,Loss,SL
2023-06-08 03:05:00,2023-06-08 07:30:00,long,15927.751238,15898.825414,15985.602886,15985.602886,57.85164799999984,Win,TP
2023-06-08 05:50:00,2023-06-08 07:30:00,short,15952.521803,15975.602887,15906.359635,15975.602887,-23.081083999999464,Loss,SL
2023-06-08 05:45:00,2023-06-08 07:10:00,short,15964.767924,15982.839232,15928.625307999999,15928.625307999999,36.142616000001,Win,TP
2023-06-12 02:00:00,2023-06-12 04:00:00,long,16270.810511,16252.285571,16307.860390999998,16307.860390999998,37.049879999998666,Win,TP
2023-06-12 03:05:00,2023-06-12 03:30:00,short,16279.060453,16296.760399,16243.660560999999,16296.760399,-17.699946000000637,Loss,SL
2023-06-12 04:40:00,2023-06-12 09:10:00,short,16288.410388,16310.7853,16243.660564000002,16243.660564000002,44.749823999998625,Win,TP
2023-06-12 05:50:00,2023-06-12 09:05:00,long,16276.035475,16257.235536,16313.635353000001,16257.235536,-18.79993900000045,Loss,SL
2023-06-13 02:35:00,2023-06-13 02:55:00,long,16581.008329,16560.283404,16622.458178999997,16560.283404,-20.72492499999862,Loss,SL
2023-06-13 05:00:00,2023-06-13 06:35:00,short,16547.458565,16564.058518,16514.258659,16514.258659,33.19990600000165,Win,TP
2023-06-13 05:40:00,2023-06-13 06:20:00,short,16532.883667,16548.108631,16502.433738999996,16548.108631,-15.22496400000091,Loss,SL
2023-06-14 02:25:00,2023-06-14 02:35:00,short,16635.182947,16650.132913,16605.283015,16650.132913,-14.949966000000131,Loss,SL
2023-06-14 05:50:00,2023-06-14 07:30:00,short,16626.108011,16652.882893,16572.558246999997,16652.882893,-26.774882000001526,Loss,SL
2023-06-14 05:45:00,2023-06-14 07:30:00,short,16642.882893,16656.18287,16616.282939000004,16656.18287,-13.299976999998762,Loss,SL
2023-06-15 03:25:00,2023-06-15 03:40:00,short,16678.357644,16693.582607,16647.907718,16647.907718,30.449926000001142,Win,TP
2023-06-16 03:00:00,2023-06-16 03:30:00,long,16904.406053,16886.431109,16940.355940999994,16940.355940999994,35.94988799999555,Win,TP
2023-06-16 02:45:00,2023-06-16 03:25:00,long,16893.956127,16878.181167,16925.506047000006,16925.506047000006,31.54992000000493,Win,TP
2023-06-16 04:00:00,2023-06-16 04:25:00,long,16942.355786,16926.030831,16975.005696,16926.030831,-16.324955000000045,Loss,SL
2023-06-16 06:00:00,2023-06-16 08:20:00,long,16940.705798,16916.955894,16988.205606,16988.205606,47.499808000000485,Win,TP
2023-06-16 05:55:00,2023-06-16 07:10:00,long,16930.530869,16910.905937,16969.780732999996,16969.780732999996,39.249863999997615,Win,TP
2023-06-19 02:00:00,2023-06-19 02:25:00,short,16805.681748,16824.756684,16767.531875999997,16824.756684,-19.07493600000089,Loss,SL
2023-06-19 04:30:00,2023-06-19 05:45:00,long,16801.556777,16783.031837,16838.606657000008,16783.031837,-18.52494000000297,Loss,SL
2023-06-19 04:00:00,2023-06-19 04:50:00,short,16782.58191,16804.956823,16737.832084,16804.956823,-22.37491299999965,Loss,SL
2023-06-20 05:10:00,2023-06-20 06:50:00,long,16724.282321,16708.782359,16755.282244999995,16755.282244999995,30.9999239999961,Win,TP
2023-06-20 04:50:00,2023-06-20 07:05:00,long,16713.0074,16689.532495,16759.957209999997,16759.957209999997,46.94980999999825,Win,TP
2023-06-21 02:35:00,2023-06-21 03:30:00,short,16746.832162,16774.432038,16691.63241,16774.432038,-27.599876000000222,Loss,SL
2023-06-21 02:35:00,2023-06-21 03:30:00,short,16746.832162,16774.432038,16691.63241,16774.432038,-27.599876000000222,Loss,SL
2023-06-21 03:10:00,2023-06-21 06:35:00,long,16763.057048,16748.657079,16791.856985999995,16748.657079,-14.399968999998237,Loss,SL
2023-06-21 05:40:00,2023-06-21 07:10:00,short,16769.657001,16789.556932,16729.857139,16729.857139,39.79986199999985,Win,TP
2023-06-22 05:15:00,2023-06-22 07:30:00,short,16490.533965,16510.433896,16450.734103,16510.433896,-19.899930999999924,Loss,SL
2023-06-22 04:25:00,2023-06-22 04:45:00,short,16501.533888,16516.483853,16471.633958000002,16516.483853,-14.949964999999793,Loss,SL
2023-06-23 02:00:00,2023-06-23 02:40:00,long,16661.307764,16642.232827,16699.457638000003,16642.232827,-19.074937000001228,Loss,SL
2023-06-23 02:00:00,2023-06-23 02:40:00,long,16661.307764,16642.232827,16699.457638000003,16642.232827,-19.074937000001228,Loss,SL
2023-06-23 02:00:00,2023-06-23 02:40:00,long,16661.307764,16642.232827,16699.457638000003,16642.232827,-19.074937000001228,Loss,SL
2023-06-23 02:30:00,2023-06-23 07:35:00,short,16649.207849,16682.032688,16583.558170999997,16583.558170999997,65.64967800000159,Win,TP
2023-06-23 02:25:00,2023-06-23 02:45:00,short,16670.3827,16690.832626,16629.482847999996,16629.482847999996,40.899852000002284,Win,TP
2023-06-23 03:45:00,2023-06-23 06:10:00,short,16625.283017,16649.03292,16577.783211,16649.03292,-23.749902999999904,Loss,SL
2023-06-23 04:25:00,2023-06-23 04:55:00,short,16613.4581,16635.283017,16569.808265999996,16635.283017,-21.824917000001733,Loss,SL
2023-06-23 04:25:00,2023-06-23 04:55:00,short,16613.4581,16635.283017,16569.808265999996,16635.283017,-21.824917000001733,Loss,SL
2023-06-26 02:00:00,2023-06-26 02:30:00,short,16565.333439,16589.35834,16517.283637000008,16517.283637000008,48.04980199999409,Win,TP
2023-06-26 02:55:00,2023-06-26 03:00:00,long,16553.78352,16540.208545,16580.93347,16540.208545,-13.57497499999954,Loss,SL
2023-06-26 02:40:00,2023-06-26 03:30:00,long,16545.25858,16514.358727,16607.058286000007,16514.358727,-30.899853000002622,Loss,SL
2023-06-28 02:20:00,2023-06-28 03:40:00,short,16567.258425,16586.333362,16529.108550999998,16529.108550999998,38.149874000002455,Win,TP
2023-06-28 04:55:00,2023-06-28 06:00:00,long,16546.358572,16524.258658,16590.558400000005,16590.558400000005,44.199828000004345,Win,TP
2023-06-30 02:00:00,2023-06-30 02:05:00,short,16637.65793,16653.157891,16606.658008000006,16653.157891,-15.499960999997711,Loss,SL
2023-06-30 02:00:00,2023-06-30 02:05:00,short,16637.65793,16653.157891,16606.658008000006,16653.157891,-15.499960999997711,Loss,SL
2023-06-30 02:00:00,2023-06-30 02:05:00,short,16637.65793,16653.157891,16606.658008000006,16653.157891,-15.499960999997711,Loss,SL
2023-06-30 05:00:00,2023-06-30 05:45:00,short,16680.28263,16699.082568,16642.682754,16699.082568,-18.79993800000011,Loss,SL
2023-06-30 04:55:00,2023-06-30 07:15:00,short,16687.707578,16704.032533,16655.057668,16704.032533,-16.324955000000045,Loss,SL
2023-07-04 03:40:00,2023-07-04 08:15:00,short,16880.481221,16895.706185,16850.031292999996,16895.706185,-15.22496400000091,Loss,SL
2023-07-04 03:40:00,2023-07-04 08:15:00,short,16880.481221,16895.706185,16850.031292999996,16895.706185,-15.22496400000091,Loss,SL
2023-07-04 03:30:00,2023-07-04 08:30:00,short,16885.981183,16903.131132,16851.681285000002,16903.131132,-17.149948999998742,Loss,SL
2023-07-04 03:30:00,2023-07-04 08:30:00,short,16885.981183,16903.131132,16851.681285000002,16903.131132,-17.149948999998742,Loss,SL
2023-07-04 05:20:00,2023-07-04 18:10:00,long,16883.231202,16870.756219,16908.181168,16870.756219,-12.474983000000066,Loss,SL
2023-07-05 03:35:00,2023-07-05 04:30:00,short,16828.781585,16849.231512,16787.881731000005,16787.881731000005,40.899853999995685,Win,TP
2023-07-05 05:45:00,2023-07-05 06:55:00,long,16815.581678,16797.881732,16850.981569999993,16797.881732,-17.699945999997,Loss,SL
2023-07-06 02:00:00,2023-07-06 03:45:00,short,16808.981725,16832.45663,16762.031915000003,16832.45663,-23.474904999999126,Loss,SL
2023-07-06 03:05:00,2023-07-06 07:05:00,long,16819.431651,16799.256723,16859.781507,16799.256723,-20.174928000000364,Loss,SL
2023-07-06 04:15:00,2023-07-06 05:45:00,long,16826.581601,16808.331659,16863.081485000006,16808.331659,-18.249942000002193,Loss,SL
2023-07-06 04:15:00,2023-07-06 05:45:00,long,16826.581601,16808.331659,16863.081485000006,16808.331659,-18.249942000002193,Loss,SL
2023-07-06 05:30:00,2023-07-06 07:15:00,short,16816.68167,16839.331581,16771.381848000008,16771.381848000008,45.29982199999358,Win,TP
2023-07-06 05:20:00,2023-07-06 07:15:00,short,16819.156653,16841.806564,16773.856830999997,16773.856830999997,45.29982200000086,Win,TP
2023-07-07 03:35:00,2023-07-07 07:30:00,long,16727.307299,16705.75738,16770.407137000002,16770.407137000002,43.09983800000191,Win,TP
2023-07-10 02:25:00,2023-07-10 02:40:00,short,16593.108244,16623.733098,16531.858535999996,16623.733098,-30.624854000001505,Loss,SL
2023-07-10 04:45:00,2023-07-10 06:00:00,short,16633.807957,16659.482847,16582.458177000004,16659.482847,-25.674889999998413,Loss,SL
2023-07-10 04:15:00,2023-07-10 06:00:00,short,16642.332897,16661.682831,16603.633029000004,16661.682831,-19.34993399999803,Loss,SL
2023-07-10 05:20:00,2023-07-10 06:10:00,long,16639.582916,16624.357953,16670.032842,16670.032842,30.449926000001142,Win,TP
2023-07-10 05:35:00,2023-07-10 06:00:00,short,16640.132913,16655.907872,16608.582995000004,16655.907872,-15.77495899999849,Loss,SL
2023-07-11 04:35:00,2023-07-11 08:30:00,long,16730.882274,16713.457326,16765.73217,16713.457326,-17.42494799999986,Loss,SL
2023-07-12 03:20:00,2023-07-12 04:25:00,short,16813.381694,16831.356637,16777.431807999998,16831.356637,-17.974943000001076,Loss,SL
2023-07-12 05:40:00,2023-07-12 07:30:00,long,16826.031605,16806.406672,16865.281471,16865.281471,39.24986599999829,Win,TP
2023-07-13 05:15:00,2023-07-13 07:30:00,long,17105.429639,17088.554687,17139.179543000006,17139.179543000006,33.74990400000388,Win,TP
2023-07-14 03:55:00,2023-07-14 08:30:00,short,17280.878404,17302.978319,17236.678573999994,17302.978319,-22.09991500000251,Loss,SL
2023-07-14 05:45:00,2023-07-14 06:45:00,short,17257.22857,17283.178458,17205.328794,17283.178458,-25.94988799999919,Loss,SL
2023-07-17 05:30:00,2023-07-17 07:10:00,long,17264.103522,17247.503569,17297.303428000003,17247.503569,-16.599953000000824,Loss,SL
2023-07-18 03:45:00,2023-07-18 07:40:00,short,17409.852497,17423.977468,17381.602554999998,17381.602554999998,28.249942000002193,Win,TP
2023-07-19 03:25:00,2023-07-19 08:20:00,long,17580.351297,17561.551359,17617.951173,17617.951173,37.59987600000022,Win,TP
2023-07-19 04:25:00,2023-07-19 04:35:00,short,17583.376276,17597.501247,17555.126333999997,17597.501247,-14.124971000001096,Loss,SL
2023-07-19 05:00:00,2023-07-19 07:40:00,short,17598.501169,17613.451134,17568.601239,17613.451134,-14.949964999999793,Loss,SL
2023-07-19 05:50:00,2023-07-19 08:30:00,long,17596.026187,17579.701231,17628.676099,17628.676099,32.64991200000077,Win,TP
2023-07-20 02:00:00,2023-07-20 04:00:00,short,17435.152319,17452.577266,17400.302425,17400.302425,34.84989399999904,Win,TP
2023-07-20 02:00:00,2023-07-20 04:00:00,short,17435.152319,17452.577266,17400.302425,17400.302425,34.84989399999904,Win,TP
2023-07-20 03:00:00,2023-07-20 03:10:00,long,17442.302268,17420.752349,17485.402106,17420.752349,-21.549919000000955,Loss,SL
2023-07-20 06:00:00,2023-07-20 06:50:00,short,17431.302346,17455.877243,17382.152552000003,17455.877243,-24.5748969999986,Loss,SL
2023-07-20 05:55:00,2023-07-20 06:05:00,long,17445.602245,17427.627301,17481.552132999994,17427.627301,-17.974943999997777,Loss,SL
2023-07-21 04:30:00,2023-07-21 05:10:00,short,17201.953959,17221.85389,17162.154097,17221.85389,-19.899930999999924,Loss,SL
2023-07-21 04:25:00,2023-07-21 05:25:00,short,17212.128888,17230.103832,17176.178999999996,17230.103832,-17.974944000001415,Loss,SL
2023-07-21 05:20:00,2023-07-21 06:55:00,long,17228.078776,17210.653828,17262.928672,17210.653828,-17.42494799999986,Loss,SL
2023-07-24 03:10:00,2023-07-24 06:00:00,long,17145.579356,17122.929445,17190.879177999992,17122.929445,-22.64991099999679,Loss,SL
2023-07-24 03:35:00,2023-07-24 08:30:00,short,17139.529399,17159.704327,17099.179543,17159.704327,-20.174928000000364,Loss,SL
2023-07-24 04:10:00,2023-07-24 06:00:00,long,17142.829375,17128.429406,17171.629313000005,17128.429406,-14.399969000001875,Loss,SL
2023-07-24 04:05:00,2023-07-24 06:00:00,long,17139.804397,17126.50442,17166.404350999997,17126.50442,-13.299976999998762,Loss,SL
2023-07-25 05:05:00,2023-07-25 08:35:00,short,17173.354161,17195.729074,17128.604335,17195.729074,-22.37491299999965,Loss,SL
2023-07-25 06:00:00,2023-07-25 08:00:00,long,17174.454153,17153.179232,17217.003995,17153.179232,-21.274921000000177,Loss,SL
2023-07-26 04:10:00,2023-07-26 08:30:00,short,17203.32895,17227.903847,17154.179155999995,17154.179155999995,49.149794000004476,Win,TP
2023-07-26 04:35:00,2023-07-26 08:30:00,short,17201.678961,17229.003839,17147.029205000003,17147.029205000003,54.64975599999889,Win,TP
2023-07-27 02:00:00,2023-07-27 02:30:00,long,17290.503336,17273.078389,17325.353230000008,17325.353230000008,34.849894000006316,Win,TP
2023-07-27 02:00:00,2023-07-27 02:30:00,long,17290.503336,17273.078389,17325.353230000008,17325.353230000008,34.849894000006316,Win,TP
2023-07-27 02:00:00,2023-07-27 02:30:00,long,17290.503336,17273.078389,17325.353230000008,17325.353230000008,34.849894000006316,Win,TP
2023-07-27 05:25:00,2023-07-27 07:10:00,long,17381.252698,17366.302733,17411.152628,17411.152628,29.899929999999586,Win,TP
2023-07-28 04:00:00,2023-07-28 04:40:00,short,17226.703785,17251.828679,17176.453997000008,17251.828679,-25.124893999996857,Loss,SL
2023-07-31 03:05:00,2023-07-31 07:40:00,long,17426.35238,17402.327479,17474.402182,17474.402182,48.049802000001364,Win,TP
2023-08-01 02:00:00,2023-08-01 03:15:00,short,17427.727371,17443.50233,17396.177453000004,17396.177453000004,31.54991799999698,Win,TP
2023-08-03 05:50:00,2023-08-03 06:00:00,short,16947.305751,16976.555616,16888.806020999997,16976.555616,-29.24986500000159,Loss,SL
2023-08-03 06:00:00,2023-08-03 06:20:00,long,16968.205604,16941.155724,17022.305363999996,16941.155724,-27.049879999998666,Loss,SL
2023-08-04 04:20:00,2023-08-04 04:35:00,long,17091.404737,17074.804784,17124.604643000002,17074.804784,-16.599953000000824,Loss,SL
2023-08-07 02:55:00,2023-08-07 03:10:00,long,17007.530327,16985.155415,17052.280151,16985.155415,-22.374911999999313,Loss,SL
2023-08-07 04:20:00,2023-08-07 05:10:00,long,16974.255562,16955.180625,17012.405435999994,16955.180625,-19.07493699999759,Loss,SL
2023-08-08 02:10:00,2023-08-08 02:55:00,short,16956.655685,16980.405589,16909.155877,16980.405589,-23.749904000000242,Loss,SL
2023-08-09 02:00:00,2023-08-09 02:15:00,long,16963.805635,16929.880803,17031.655299000002,16929.880803,-33.924832000000606,Loss,SL
2023-08-09 04:35:00,2023-08-09 05:55:00,short,16949.780734,16964.455701,16920.430800000002,16920.430800000002,29.34993399999803,Win,TP
2023-08-09 04:15:00,2023-08-09 06:15:00,short,16952.255716,16975.180625,16906.405897999997,16906.405897999997,45.849818000002415,Win,TP
2023-08-09 05:35:00,2023-08-09 08:25:00,short,16934.65584,16954.280773,16895.405974,16895.405974,39.24986599999829,Win,TP
2023-08-10 03:05:00,2023-08-10 03:40:00,short,16792.481841,16812.931767,16751.581989000006,16812.931767,-20.449925999997504,Loss,SL
2023-08-10 03:05:00,2023-08-10 03:40:00,short,16792.481841,16812.931767,16751.581989000006,16812.931767,-20.449925999997504,Loss,SL
2023-08-10 04:00:00,2023-08-10 04:15:00,short,16799.63179,16815.956746,16766.981878,16815.956746,-16.324956000000384,Loss,SL
2023-08-10 03:55:00,2023-08-10 07:15:00,short,16804.856754,16830.531643,16753.506976000004,16830.531643,-25.674888999998075,Loss,SL
2023-08-10 03:55:00,2023-08-10 07:15:00,short,16804.856754,16830.531643,16753.506976000004,16830.531643,-25.674888999998075,Loss,SL
2023-08-14 02:50:00,2023-08-14 07:30:00,long,16654.432812,16592.733176,16777.832083999994,16592.733176,-61.699635999997554,Loss,SL
2023-08-14 05:05:00,2023-08-14 06:35:00,long,16670.3827,16648.832781,16713.482537999993,16648.832781,-21.549918999997317,Loss,SL
2023-08-14 05:35:00,2023-08-14 06:10:00,long,16671.207694,16653.23275,16707.157582000003,16653.23275,-17.974944000001415,Loss,SL
2023-08-16 04:15:00,2023-08-16 06:10:00,short,16642.332897,16664.432812,16598.133067000002,16598.133067000002,44.199829999997746,Win,TP
2023-08-16 04:15:00,2023-08-16 06:10:00,short,16642.332897,16664.432812,16598.133067000002,16598.133067000002,44.199829999997746,Win,TP
2023-08-16 05:30:00,2023-08-16 05:40:00,long,16639.857915,16622.157969,16675.257807,16622.157969,-17.699946000000637,Loss,SL
2023-08-18 03:00:00,2023-08-18 04:10:00,long,16237.260747,16206.085896,16299.610449,16206.085896,-31.174850999999762,Loss,SL
2023-08-21 02:00:00,2023-08-21 03:00:00,long,16235.335761,16200.860933,16304.285417000001,16304.285417000001,68.94965600000069,Win,TP
2023-08-21 02:00:00,2023-08-21 03:00:00,long,16235.335761,16200.860933,16304.285417000001,16304.285417000001,68.94965600000069,Win,TP
2023-08-23 04:15:00,2023-08-23 06:00:00,short,16553.78352,16580.558402,16500.233756000005,16500.233756000005,53.549763999995776,Win,TP
2023-08-24 02:00:00,2023-08-24 02:15:00,long,16949.505736,16913.655918,17021.205371999997,16913.655918,-35.84981799999878,Loss,SL
2023-08-24 02:00:00,2023-08-24 02:15:00,long,16949.505736,16913.655918,17021.205371999997,16913.655918,-35.84981799999878,Loss,SL
2023-08-24 02:00:00,2023-08-24 02:15:00,long,16949.505736,16913.655918,17021.205371999997,16913.655918,-35.84981799999878,Loss,SL
2023-08-24 02:00:00,2023-08-24 02:15:00,long,16949.505736,16913.655918,17021.205371999997,16913.655918,-35.84981799999878,Loss,SL
2023-08-24 03:00:00,2023-08-24 03:50:00,long,16951.980718,16909.255949,17037.430256,16909.255949,-42.72476900000038,Loss,SL
2023-08-24 02:40:00,2023-08-24 04:05:00,long,16928.605883,16906.780966,16972.255717000004,16906.780966,-21.824917000001733,Loss,SL
2023-08-24 03:00:00,2023-08-24 03:50:00,long,16951.980718,16909.255949,17037.430256,16909.255949,-42.72476900000038,Loss,SL
2023-08-28 04:15:00,2023-08-28 04:25:00,short,16498.783907,16515.108863,16466.133995,16515.108863,-16.324956000000384,Loss,SL
2023-08-28 04:45:00,2023-08-28 06:00:00,short,16507.583845,16525.558789,16471.633957000005,16525.558789,-17.974943999997777,Loss,SL
2023-08-29 03:50:00,2023-08-29 04:55:00,short,16593.383242,16615.758155,16548.633416,16615.758155,-22.37491299999965,Loss,SL
2023-08-29 03:50:00,2023-08-29 04:55:00,short,16593.383242,16615.758155,16548.633416,16615.758155,-22.37491299999965,Loss,SL
2023-08-29 04:15:00,2023-08-29 04:45:00,short,16585.1333,16604.483234,16546.433432000005,16604.483234,-19.34993399999803,Loss,SL
2023-08-30 02:00:00,2023-08-30 02:10:00,long,16956.930683,16941.980718,16986.830613,16941.980718,-14.949964999999793,Loss,SL
2023-08-30 02:00:00,2023-08-30 02:10:00,long,16956.930683,16941.980718,16986.830613,16941.980718,-14.949964999999793,Loss,SL
2023-08-30 02:45:00,2023-08-30 03:10:00,long,16946.205759,16926.855825,16984.905627000004,16926.855825,-19.349934000001667,Loss,SL
2023-08-30 05:00:00,2023-08-30 07:15:00,long,16917.055964,16899.356018,16952.455856,16952.455856,35.39989200000127,Win,TP
2023-08-31 04:00:00,2023-08-31 06:40:00,short,17039.430103,17070.329956,16977.630396999994,17070.329956,-30.899853000002622,Loss,SL
2023-08-31 05:20:00,2023-08-31 06:00:00,long,17035.305132,17021.455159,17063.005078000002,17021.455159,-13.849973000000318,Loss,SL
2023-09-01 04:10:00,2023-09-01 07:30:00,long,17118.629546,17097.904621,17160.079395999997,17160.079395999997,41.44984999999724,Win,TP
2023-09-01 05:00:00,2023-09-01 06:00:00,short,17105.429639,17125.054571,17066.179775000004,17125.054571,-19.624931999998807,Loss,SL
2023-09-04 03:10:00,2023-09-04 07:45:00,long,17119.179542,17103.129584,17151.279458000008,17103.129584,-16.049958000003244,Loss,SL
2023-09-04 04:50:00,2023-09-04 07:45:00,long,17120.004536,17104.504575,17151.004458000003,17104.504575,-15.499961000001349,Loss,SL
2023-09-05 02:00:00,2023-09-05 02:35:00,short,17034.480138,17048.055113,17007.330188,17007.330188,27.14994999999908,Win,TP
2023-09-05 02:55:00,2023-09-05 03:15:00,short,17008.080324,17031.280231,16961.680509999995,16961.680509999995,46.39981400000397,Win,TP
2023-09-05 04:25:00,2023-09-05 06:20:00,long,17015.230273,16994.505349,17056.680121000005,16994.505349,-20.72492400000192,Loss,SL
2023-09-06 04:00:00,2023-09-06 04:10:00,long,17036.95512,17018.705178,17073.455003999996,17018.705178,-18.249941999998555,Loss,SL
2023-09-06 04:10:00,2023-09-06 05:10:00,short,17014.680277,17041.180161,16961.680508999998,17041.180161,-26.499884000000748,Loss,SL
2023-09-06 04:20:00,2023-09-06 08:30:00,long,17032.005155,17014.855206,17066.305052999996,17014.855206,-17.149948999998742,Loss,SL
2023-09-07 02:00:00,2023-09-07 02:25:00,short,16871.131287,16883.056274,16847.281313000003,16847.281313000003,23.84997399999702,Win,TP
2023-09-06 05:30:00,2023-09-06 07:35:00,long,17043.005078,17025.030134,17078.954965999994,17025.030134,-17.974943999997777,Loss,SL
2023-09-07 02:40:00,2023-09-07 03:10:00,long,16860.956359,16831.156498,16920.556081,16831.156498,-29.79986099999951,Loss,SL
2023-09-07 04:40:00,2023-09-07 04:50:00,long,16859.031372,16838.581446,16899.931224000004,16838.581446,-20.449926000001142,Loss,SL
2023-09-07 04:30:00,2023-09-07 05:30:00,long,16849.956436,16829.231512,16891.406284000004,16829.231512,-20.72492400000192,Loss,SL
2023-09-07 05:20:00,2023-09-07 07:10:00,short,16834.006548,16853.906479,16794.206686,16794.206686,39.79986199999985,Win,TP
2023-09-11 04:10:00,2023-09-11 05:55:00,short,16911.699208,16929.030281,16877.037062000007,16929.030281,-17.33107299999756,Loss,SL
2023-09-13 02:00:00,2023-09-13 02:15:00,short,16824.269375,16848.66,16775.488125,16848.66,-24.390625,Loss,SL
2023-09-13 02:10:00,2023-09-13 04:00:00,long,16830.514363,16808.024387,16875.494314999993,16808.024387,-22.489975999997114,Loss,SL
2023-09-13 03:35:00,2023-09-13 06:55:00,short,16821.825684,16845.130224,16775.216603999997,16845.130224,-23.304540000000998,Loss,SL
2023-09-13 04:55:00,2023-09-13 05:05:00,long,16821.825684,16802.05092,16861.375211999995,16802.05092,-19.77476399999796,Loss,SL
2023-09-14 04:40:00,2023-09-14 05:05:00,short,16930.434172,16945.864597,16899.573322000004,16945.864597,-15.43042499999865,Loss,SL
2023-09-18 05:20:00,2023-09-18 06:05:00,long,16738.740191,16721.409118,16773.402337000003,16721.409118,-17.331073000001197,Loss,SL
2023-09-20 03:00:00,2023-09-20 03:20:00,short,16689.051807,16716.700687,16633.754047,16716.700687,-27.648880000000645,Loss,SL
2023-09-20 05:55:00,2023-09-20 08:00:00,long,16728.965427,16711.905875,16763.084530999997,16763.084530999997,34.119103999997606,Win,TP
2023-09-22 04:30:00,2023-09-22 07:20:00,long,16208.459247,16188.412962,16248.551817000001,16248.551817000001,40.092570000000705,Win,TP
2023-09-22 05:45:00,2023-09-22 06:00:00,long,16217.690969,16201.989023,16249.094860999998,16201.989023,-15.701945999999225,Loss,SL
2023-09-25 05:15:00,2023-09-25 05:35:00,long,16143.837197,16124.605476,16182.300639000001,16124.605476,-19.231721000000107,Loss,SL
2023-09-25 06:00:00,2023-09-25 06:30:00,long,16147.638494,16124.605476,16193.70453,16124.605476,-23.033018000000084,Loss,SL
2023-09-26 02:00:00,2023-09-26 02:40:00,short,16100.393802,16119.897044,16061.387318000003,16119.897044,-19.503241999998863,Loss,SL
2023-09-26 02:35:00,2023-09-26 08:30:00,long,16113.42682,16080.890559,16178.499342000003,16080.890559,-32.536261000001105,Loss,SL
2023-09-26 02:35:00,2023-09-26 08:30:00,long,16113.42682,16080.890559,16178.499342000003,16080.890559,-32.536261000001105,Loss,SL
2023-09-26 04:40:00,2023-09-26 05:55:00,short,16129.989615,16151.393506,16087.181833,16151.393506,-21.40389099999993,Loss,SL
2023-09-26 05:15:00,2023-09-26 06:05:00,long,16141.393506,16120.261136,16183.658246000003,16120.261136,-21.132370000001174,Loss,SL
2023-09-26 05:00:00,2023-09-26 08:10:00,long,16131.618742,16105.870511,16183.115204000003,16105.870511,-25.748231000001397,Loss,SL
2023-09-27 02:00:00,2023-09-27 02:25:00,short,16032.241975,16043.599582,16009.526761000001,16043.599582,-11.357606999999916,Loss,SL
2023-09-27 05:40:00,2023-09-27 05:50:00,short,16021.652648,16039.526763,15985.904417999998,16039.526763,-17.87411500000053,Loss,SL
2023-09-28 02:00:00,2023-09-28 02:40:00,short,16014.864617,16031.381127,15981.831596999997,16031.381127,-16.51651000000129,Loss,SL
2023-09-28 02:25:00,2023-09-28 02:40:00,short,16016.222223,16034.910902,15978.844865000003,16034.910902,-18.688678999998956,Loss,SL
2023-09-28 03:55:00,2023-09-28 07:30:00,short,15985.540326,16015.904417,15924.812144000001,16015.904417,-30.364090999999462,Loss,SL
2023-09-28 04:45:00,2023-09-28 06:30:00,long,15990.427708,15965.765562,16039.751999999997,15965.765562,-24.662145999998756,Loss,SL
2023-09-29 02:00:00,2023-09-29 02:30:00,long,16197.598399,16178.366677,16236.061843000001,16236.061843000001,38.46344400000089,Win,TP
2023-09-29 02:00:00,2023-09-29 02:30:00,long,16197.598399,16178.366677,16236.061843000001,16236.061843000001,38.46344400000089,Win,TP
2023-09-29 03:50:00,2023-09-29 05:15:00,short,16236.697454,16257.558303,16194.975755999998,16257.558303,-20.8608490000006,Loss,SL
2023-09-29 04:30:00,2023-09-29 04:50:00,short,16232.624636,16255.114612,16187.644684000003,16255.114612,-22.489975999998933,Loss,SL
2023-09-29 04:50:00,2023-09-29 06:25:00,long,16252.988728,16231.313315,16296.339554000002,16231.313315,-21.675413000000844,Loss,SL
2023-09-29 05:10:00,2023-09-29 06:30:00,long,16251.088079,16225.611369,16302.041498999997,16225.611369,-25.476709999999002,Loss,SL
2023-09-29 05:45:00,2023-09-29 05:55:00,long,16249.730473,16236.472218,16276.246982999997,16236.472218,-13.258254999998826,Loss,SL
2023-10-02 03:45:00,2023-10-02 04:00:00,short,16272.538255,16287.425637,16242.763490999998,16242.763490999998,29.774764000001596,Win,TP
2023-10-03 02:00:00,2023-10-03 03:00:00,long,16267.650873,16251.948928,16299.054763000002,16299.054763000002,31.40389000000141,Win,TP
2023-10-03 02:00:00,2023-10-03 03:00:00,long,16267.650873,16251.948928,16299.054763000002,16299.054763000002,31.40389000000141,Win,TP
2023-10-03 02:00:00,2023-10-03 03:00:00,long,16267.650873,16251.948928,16299.054763000002,16299.054763000002,31.40389000000141,Win,TP
2023-10-02 05:25:00,2023-10-02 07:20:00,short,16175.062137,16199.181241,16126.823929000002,16126.823929000002,48.23820799999885,Win,TP
2023-10-03 02:00:00,2023-10-03 03:00:00,long,16267.650873,16251.948928,16299.054763000002,16299.054763000002,31.40389000000141,Win,TP
2023-10-03 02:45:00,2023-10-03 03:00:00,short,16271.723692,16297.743444,16219.684188,16297.743444,-26.019752000000153,Loss,SL
2023-10-03 03:00:00,2023-10-03 04:40:00,long,16296.975165,16259.00848,16372.908534999999,16259.00848,-37.966684999999416,Loss,SL
2023-10-03 05:30:00,2023-10-03 05:40:00,long,16296.432123,16275.028232,16339.239905,16275.028232,-21.40389099999993,Loss,SL
2023-10-03 05:10:00,2023-10-03 05:30:00,short,16273.081298,16295.571274,16228.101345999998,16295.571274,-22.489976000000752,Loss,SL
2023-10-03 05:25:00,2023-10-03 05:40:00,long,16289.10105,16267.154116,16332.994917999999,16267.154116,-21.9469339999996,Loss,SL
2023-10-03 05:40:00,2023-10-03 06:20:00,short,16262.763491,16291.498456,16205.293561,16205.293561,57.469929999999295,Win,TP
2023-10-04 05:45:00,2023-10-04 06:00:00,short,15946.984312,15968.388204,15904.176528,15968.388204,-21.40389200000027,Loss,SL
2023-10-05 03:50:00,2023-10-05 05:25:00,short,16153.883482,16184.247574,16093.155297999996,16184.247574,-30.36409200000162,Loss,SL
2023-10-05 03:45:00,2023-10-05 05:35:00,short,16170.446277,16197.552113,16116.234604999998,16197.552113,-27.105836000000636,Loss,SL
2023-10-05 05:10:00,2023-10-05 06:40:00,long,16179.134956,16155.830416,16225.744035999998,16225.744035999998,46.60907999999836,Win,TP
2023-10-06 02:00:00,2023-10-06 02:20:00,short,16141.121985,16157.638494,16108.088966999998,16157.638494,-16.51650900000095,Loss,SL
2023-10-06 02:00:00,2023-10-06 02:20:00,short,16141.121985,16157.638494,16108.088966999998,16157.638494,-16.51650900000095,Loss,SL
2023-10-06 02:00:00,2023-10-06 02:20:00,short,16141.121985,16157.638494,16108.088966999998,16157.638494,-16.51650900000095,Loss,SL
2023-10-06 02:00:00,2023-10-06 02:20:00,short,16141.121985,16157.638494,16108.088966999998,16157.638494,-16.51650900000095,Loss,SL
2023-10-06 02:15:00,2023-10-06 02:20:00,short,16138.949815,16155.194803,16106.459839,16155.194803,-16.244988000000376,Loss,SL
2023-10-06 03:50:00,2023-10-06 04:25:00,short,16146.552409,16167.413258,16104.830710999999,16167.413258,-20.8608490000006,Loss,SL
2023-10-09 03:35:00,2023-10-09 07:40:00,long,16299.418856,16266.068031,16366.120506,16266.068031,-33.35082499999953,Loss,SL
2023-10-09 04:45:00,2023-10-09 05:10:00,short,16289.372571,16308.332771,16251.452171,16308.332771,-18.96019999999953,Loss,SL
2023-10-10 02:00:00,2023-10-10 02:30:00,long,16510.390844,16495.231941,16540.708650000008,16540.708650000008,30.317806000006385,Win,TP
2023-10-10 03:25:00,2023-10-10 04:05:00,long,16544.059476,16522.112542,16587.953343999998,16522.112542,-21.9469339999996,Loss,SL
2023-10-10 04:00:00,2023-10-10 06:25:00,short,16531.841021,16551.072742,16493.377579,16493.377579,38.463442000000214,Win,TP
2023-10-10 05:05:00,2023-10-10 06:10:00,long,16541.072742,16517.768203,16587.68182,16517.768203,-23.30453900000066,Loss,SL
2023-10-11 02:00:00,2023-10-11 03:25:00,long,16608.410005,16592.165017,16640.899981000006,16592.165017,-16.244988000002195,Loss,SL
2023-10-11 04:25:00,2023-10-11 04:50:00,short,16606.509356,16631.171502,16557.185063999994,16631.171502,-24.662146000002394,Loss,SL
2023-10-12 04:25:00,2023-10-12 04:45:00,short,16758.289719,16772.091016,16730.687125000004,16772.091016,-13.801296999998158,Loss,SL
2023-10-13 03:15:00,2023-10-13 04:05:00,short,16638.820382,16660.224273,16596.012600000005,16596.012600000005,42.80778199999622,Win,TP
2023-10-16 02:00:00,2023-10-16 02:20:00,short,16475.093086,16488.35134,16448.576578,16448.576578,26.516508000000613,Win,TP
2023-10-16 05:00:00,2023-10-16 06:25:00,short,16394.994326,16434.047096,16316.888786000003,16434.047096,-39.05276999999842,Loss,SL
2023-10-17 02:00:00,2023-10-17 03:35:00,long,16594.01938,16567.456586,16647.144968000004,16567.456586,-26.562794000001304,Loss,SL
2023-10-17 03:15:00,2023-10-17 06:05:00,short,16590.489604,16615.423272,16540.622267999996,16540.622267999996,49.86733600000298,Win,TP
2023-10-17 02:40:00,2023-10-17 03:05:00,long,16612.211302,16591.350453,16653.933,16591.350453,-20.8608490000006,Loss,SL
2023-10-17 05:05:00,2023-10-17 05:10:00,short,16568.496386,16585.827459,16533.834239999996,16585.827459,-17.331073000001197,Loss,SL
2023-10-18 02:40:00,2023-10-18 04:30:00,long,16508.218675,16482.741965,16559.172094999998,16482.741965,-25.476709999999002,Loss,SL
2023-10-18 03:00:00,2023-10-18 03:45:00,short,16499.801517,16520.390844,16458.622862999997,16520.390844,-20.589327000001504,Loss,SL
2023-10-19 02:30:00,2023-10-19 02:45:00,short,16294.259953,16318.650578,16245.478703,16245.478703,48.78125,Win,TP
2023-10-20 02:00:00,2023-10-20 02:55:00,short,16088.98991,16115.824226,16035.321278,16115.824226,-26.8343160000004,Loss,SL
2023-10-20 02:00:00,2023-10-20 02:55:00,short,16088.98991,16115.824226,16035.321278,16115.824226,-26.8343160000004,Loss,SL
2023-10-20 02:00:00,2023-10-20 02:55:00,short,16088.98991,16115.824226,16035.321278,16115.824226,-26.8343160000004,Loss,SL
2023-10-24 02:00:00,2023-10-24 02:35:00,long,16082.20188,16063.784722,16119.036196000001,16063.784722,-18.4171580000002,Loss,SL
2023-10-24 02:00:00,2023-10-24 02:35:00,long,16082.20188,16063.784722,16119.036196000001,16063.784722,-18.4171580000002,Loss,SL
2023-10-24 05:25:00,2023-10-24 05:45:00,short,16057.493449,16075.367564,16021.745218999999,16075.367564,-17.87411500000053,Loss,SL
2023-10-24 05:15:00,2023-10-24 06:20:00,short,16064.553001,16084.056243,16025.546516999999,16084.056243,-19.503242000000682,Loss,SL
2023-10-25 03:30:00,2023-10-25 03:50:00,long,16037.400879,16021.427412,16069.347813000004,16021.427412,-15.97346700000162,Loss,SL
2023-10-26 02:00:00,2023-10-26 03:00:00,short,15517.980784,15551.331609,15451.279133999997,15551.331609,-33.35082500000135,Loss,SL
2023-10-26 02:00:00,2023-10-26 03:00:00,short,15517.980784,15551.331609,15451.279133999997,15551.331609,-33.35082500000135,Loss,SL
2023-10-26 04:20:00,2023-10-26 06:15:00,long,15579.616101,15545.722234,15647.403834999997,15545.722234,-33.89386699999886,Loss,SL
2023-10-26 05:10:00,2023-10-26 06:00:00,long,15581.788271,15559.841337,15625.682138999999,15559.841337,-21.9469339999996,Loss,SL
2023-10-27 02:40:00,2023-10-27 06:50:00,long,15543.503779,15510.424475,15609.662387000002,15510.424475,-33.079304000000775,Loss,SL
2023-10-30 02:00:00,2023-10-30 08:10:00,long,15595.092811,15576.947174,15631.384085,15576.947174,-18.145636999999624,Loss,SL
2023-10-30 05:20:00,2023-10-30 06:45:00,short,15602.695405,15621.112563,15565.861089,15621.112563,-18.4171580000002,Loss,SL
2023-10-31 04:20:00,2023-10-31 04:40:00,short,15627.132315,15652.065982,15577.264981000002,15652.065982,-24.933666999999332,Loss,SL
2023-10-31 04:50:00,2023-10-31 05:00:00,short,15646.681843,15665.099,15609.847529,15665.099,-18.41715699999986,Loss,SL
2023-11-01 04:15:00,2023-11-01 07:30:00,short,15681.979601,15700.125238,15645.688326999996,15700.125238,-18.145637000001443,Loss,SL
2023-11-01 05:40:00,2023-11-01 06:20:00,long,15684.423292,15666.277656,15720.714563999998,15666.277656,-18.145635999999286,Loss,SL
2023-11-02 03:00:00,2023-11-02 03:20:00,short,16083.831007,16106.864026,16037.764969000003,16106.864026,-23.033018999998603,Loss,SL
2023-11-03 03:40:00,2023-11-03 04:10:00,long,16238.05506,16218.551818,16277.061544000002,16218.551818,-19.503242000000682,Loss,SL
2023-11-03 03:40:00,2023-11-03 04:10:00,long,16238.05506,16218.551818,16277.061544000002,16218.551818,-19.503242000000682,Loss,SL
2023-11-07 04:25:00,2023-11-07 05:10:00,long,16522.337778,16505.549748,16555.913838,16505.549748,-16.788029999999708,Loss,SL
2023-11-07 05:15:00,2023-11-07 06:10:00,short,16503.874335,16518.490196,16474.642613000004,16518.490196,-14.615860999998404,Loss,SL
2023-11-07 06:00:00,2023-11-07 07:05:00,long,16512.563014,16490.344559,16556.999923999996,16556.999923999996,44.436909999996715,Win,TP
2023-11-08 02:55:00,2023-11-08 05:00:00,short,16676.833352,16693.621383,16643.25729,16693.621383,-16.788031000000046,Loss,SL
2023-11-08 04:20:00,2023-11-08 05:30:00,short,16674.389662,16696.879638,16629.409710000007,16696.879638,-22.489975999997114,Loss,SL
2023-11-08 04:45:00,2023-11-08 08:30:00,long,16688.508765,16670.091607,16725.343081,16725.343081,36.8343160000004,Win,TP
2023-11-08 05:20:00,2023-11-08 08:30:00,long,16693.939189,16675.25051,16731.316547,16731.316547,37.37735799999791,Win,TP
2023-11-08 05:50:00,2023-11-08 06:10:00,long,16695.296795,16678.780286,16728.329812999993,16678.780286,-16.516508999997313,Loss,SL
2023-11-09 02:30:00,2023-11-09 09:00:00,long,16702.084826,16677.694201,16750.866076,16750.866076,48.78125,Win,TP
2023-11-10 05:55:00,2023-11-10 06:40:00,long,16539.986657,16519.125809,16581.708353,16581.708353,41.72169600000052,Win,TP
2023-11-14 04:30:00,2023-11-14 07:30:00,short,16930.162651,16953.467191,16883.553570999997,16953.467191,-23.304540000000998,Loss,SL
2023-11-14 04:30:00,2023-11-14 07:30:00,short,16930.162651,16953.467191,16883.553570999997,16953.467191,-23.304540000000998,Loss,SL
2023-11-15 02:00:00,2023-11-15 04:55:00,long,17299.159989,17276.126971,17345.226024999996,17345.226024999996,46.06603599999653,Win,TP
2023-11-15 02:00:00,2023-11-15 04:55:00,long,17299.159989,17276.126971,17345.226024999996,17345.226024999996,46.06603599999653,Win,TP
2023-11-15 03:40:00,2023-11-15 04:25:00,short,17297.802383,17321.921487,17249.564174999996,17321.921487,-24.119104000001244,Loss,SL
2023-11-16 02:00:00,2023-11-16 03:15:00,short,17226.120781,17236.935345,17204.491653,17236.935345,-10.814564000000246,Loss,SL
2023-11-16 02:00:00,2023-11-16 03:15:00,short,17226.120781,17236.935345,17204.491653,17236.935345,-10.814564000000246,Loss,SL
2023-11-16 02:00:00,2023-11-16 03:15:00,short,17226.120781,17236.935345,17204.491653,17236.935345,-10.814564000000246,Loss,SL
2023-11-16 03:30:00,2023-11-16 06:20:00,short,17223.405569,17238.835993,17192.544720999995,17192.544720999995,30.860848000003898,Win,TP
2023-11-16 03:25:00,2023-11-16 06:10:00,short,17229.107515,17244.537939,17198.246666999996,17198.246666999996,30.860848000003898,Win,TP
2023-11-16 05:40:00,2023-11-16 07:15:00,short,17217.975145,17233.948611,17186.028213,17186.028213,31.946931999998924,Win,TP
2023-11-17 02:00:00,2023-11-17 08:25:00,long,17257.617243,17239.743127,17293.365475,17239.743127,-17.87411599999905,Loss,SL
2023-11-17 02:00:00,2023-11-17 08:25:00,long,17257.617243,17239.743127,17293.365475,17239.743127,-17.87411599999905,Loss,SL
2023-11-17 02:45:00,2023-11-17 07:20:00,short,17271.736346,17290.153504,17234.90203,17290.153504,-18.4171580000002,Loss,SL
2023-11-17 03:00:00,2023-11-17 05:35:00,long,17273.365474,17256.305922,17307.484577999996,17256.305922,-17.059551999998803,Loss,SL
2023-11-17 05:00:00,2023-11-17 07:05:00,short,17269.021134,17286.895249,17233.272903999994,17286.895249,-17.874115000002348,Loss,SL
2023-11-21 04:20:00,2023-11-21 05:35:00,long,17472.119007,17453.430328,17509.496365000006,17453.430328,-18.688679000002594,Loss,SL
2023-11-21 04:00:00,2023-11-21 05:50:00,long,17460.715116,17444.198606,17493.748135999995,17444.198606,-16.516509999997652,Loss,SL
2023-11-23 03:35:00,2023-11-23 04:35:00,long,17466.417061,17449.629031,17499.993121,17449.629031,-16.788029999999708,Loss,SL
2023-11-23 05:25:00,2023-11-23 06:40:00,long,17460.715116,17447.728382,17486.688583999996,17447.728382,-12.98673399999825,Loss,SL
2023-11-24 04:10:00,2023-11-24 08:30:00,short,17426.774963,17442.476909,17395.371070999998,17395.371070999998,31.403892000002088,Win,TP
2023-11-24 04:00:00,2023-11-24 05:10:00,short,17433.562994,17447.907333,17404.874316,17404.874316,28.688677999998617,Win,TP
2023-11-24 03:55:00,2023-11-24 05:10:00,short,17437.364291,17453.8808,17404.331273000007,17404.331273000007,33.03301799999463,Win,TP
2023-11-24 03:45:00,2023-11-24 05:10:00,short,17444.695364,17463.112521,17407.86105,17407.86105,36.83431399999972,Win,TP
2023-11-27 03:35:00,2023-11-27 04:40:00,short,17360.795306,17379.755507,17322.874903999997,17379.755507,-18.96020100000169,Loss,SL
2023-11-27 04:10:00,2023-11-27 08:35:00,long,17373.285283,17349.709222,17420.437405,17349.709222,-23.576060999999754,Loss,SL
2023-11-27 06:00:00,2023-11-27 08:00:00,long,17390.119598,17370.344834,17429.669126000004,17370.344834,-19.774764000001596,Loss,SL
2023-11-28 02:00:00,2023-11-28 03:25:00,short,17343.68947,17358.576852,17313.914706000007,17358.576852,-14.88738199999716,Loss,SL
2023-11-28 04:30:00,2023-11-28 06:50:00,long,17375.185931,17348.623137,17428.311519000003,17348.623137,-26.562794000001304,Loss,SL
2023-11-28 05:35:00,2023-11-28 07:00:00,short,17371.927677,17388.444186,17338.894658999998,17338.894658999998,33.0330180000019,Win,TP
2023-11-28 05:20:00,2023-11-28 05:55:00,long,17381.973962,17368.987228,17407.947429999997,17368.987228,-12.98673399999825,Loss,SL
2023-11-29 02:20:00,2023-11-29 02:35:00,short,17449.311224,17464.741649,17418.450374000004,17464.741649,-15.43042499999865,Loss,SL
2023-11-29 02:35:00,2023-11-29 07:05:00,long,17470.761401,17433.8808,17544.522603,17544.522603,73.7612020000015,Win,TP
2023-11-30 04:25:00,2023-11-30 07:30:00,long,17439.264939,17422.205387,17473.384043,17473.384043,34.119103999997606,Win,TP
2023-11-30 05:55:00,2023-11-30 06:05:00,short,17433.019951,17451.70863,17395.642592999993,17451.70863,-18.688679000002594,Loss,SL
2023-12-01 02:10:00,2023-12-01 02:30:00,short,17332.828621,17349.34513,17299.795603,17349.34513,-16.51650900000095,Loss,SL
2023-12-01 04:20:00,2023-12-01 06:05:00,short,17354.007276,17371.881391,17318.259046000003,17318.259046000003,35.74822999999742,Win,TP
2023-12-01 05:35:00,2023-12-01 06:45:00,short,17340.702736,17360.749021,17300.610166,17300.610166,40.092570000000705,Win,TP
2023-12-04 05:00:00,2023-12-04 05:35:00,long,17346.133161,17329.34513,17379.709223,17329.34513,-16.788031000000046,Loss,SL
2023-12-04 04:55:00,2023-12-04 05:50:00,long,17341.245779,17322.285578,17379.166181000004,17322.285578,-18.96020100000169,Loss,SL
2023-12-04 05:05:00,2023-12-04 07:45:00,short,17333.371663,17357.219245,17285.676499000005,17285.676499000005,47.69516399999702,Win,TP
2023-12-05 04:40:00,2023-12-05 07:10:00,short,17137.876385,17168.511997,17076.605160999996,17168.511997,-30.635612000001856,Loss,SL
2023-12-05 04:40:00,2023-12-05 07:10:00,short,17137.876385,17168.511997,17076.605160999996,17168.511997,-30.635612000001856,Loss,SL
2023-12-05 05:15:00,2023-12-05 07:05:00,short,17144.392894,17162.267009,17108.644664000003,17162.267009,-17.87411499999871,Loss,SL
2023-12-05 06:00:00,2023-12-05 08:40:00,long,17143.035288,17111.042069,17207.021726,17207.021726,63.98643799999991,Win,TP
2023-12-07 03:25:00,2023-12-07 07:50:00,long,17197.339532,17161.001973,17270.01465000001,17270.01465000001,72.67511800000648,Win,TP
2023-12-07 03:25:00,2023-12-07 07:50:00,long,17197.339532,17161.001973,17270.01465000001,17270.01465000001,72.67511800000648,Win,TP
2023-12-11 02:00:00,2023-12-11 05:20:00,long,17451.483394,17433.066236,17488.31771,17433.066236,-18.4171580000002,Loss,SL
2023-12-11 02:00:00,2023-12-11 05:20:00,long,17451.483394,17433.066236,17488.31771,17433.066236,-18.4171580000002,Loss,SL
2023-12-11 02:00:00,2023-12-11 05:20:00,long,17451.483394,17433.066236,17488.31771,17433.066236,-18.4171580000002,Loss,SL
2023-12-11 02:00:00,2023-12-11 05:20:00,long,17451.483394,17433.066236,17488.31771,17433.066236,-18.4171580000002,Loss,SL
2023-12-11 02:00:00,2023-12-11 05:20:00,long,17451.483394,17433.066236,17488.31771,17433.066236,-18.4171580000002,Loss,SL
2023-12-11 04:50:00,2023-12-11 08:00:00,short,17449.854267,17471.529679,17406.503442999998,17471.529679,-21.675412000000506,Loss,SL
2023-12-11 03:55:00,2023-12-11 08:00:00,short,17454.198606,17473.701849,17415.192120000003,17473.701849,-19.503242999999202,Loss,SL
2023-12-11 03:50:00,2023-12-11 08:30:00,short,17463.158807,17484.019655,17421.437111,17484.019655,-20.86084800000026,Loss,SL
2023-12-11 03:50:00,2023-12-11 08:30:00,short,17463.158807,17484.019655,17421.437111,17484.019655,-20.86084800000026,Loss,SL
2023-12-12 02:00:00,2023-12-12 03:35:00,long,17663.012497,17649.528457,17689.980577,17649.528457,-13.484039999999368,Loss,SL
2023-12-11 06:00:00,2023-12-11 07:00:00,long,17460.715116,17444.470128,17493.205091999997,17444.470128,-16.244987999998557,Loss,SL
2023-12-11 05:55:00,2023-12-11 08:30:00,long,17453.655564,17437.953618,17485.059456000003,17485.059456000003,31.403892000002088,Win,TP
2023-12-12 02:10:00,2023-12-12 03:30:00,long,17668.640562,17652.476491,17700.968704,17652.476491,-16.16407099999924,Loss,SL
2023-12-12 03:50:00,2023-12-12 04:40:00,long,17667.032544,17653.012497,17695.072638000005,17653.012497,-14.020047000001796,Loss,SL
2023-12-12 04:40:00,2023-12-12 06:25:00,short,17655.240407,17669.260454,17627.200313000005,17669.260454,-14.020046999998158,Loss,SL
2023-12-12 04:00:00,2023-12-12 06:40:00,short,17660.600469,17677.032544,17627.736319,17677.032544,-16.432075000000623,Loss,SL
2023-12-13 02:15:00,2023-12-13 07:30:00,short,17801.838104,17816.394157,17772.725997999998,17816.394157,-14.556053000000247,Loss,SL
2023-12-13 02:55:00,2023-12-13 08:30:00,long,17804.518136,17787.818058,17837.918291999995,17837.918291999995,33.40015599999606,Win,TP
2023-12-14 04:25:00,2023-12-14 05:25:00,long,18058.585077,18042.689009,18090.377212999996,18042.689009,-15.896067999998195,Loss,SL
2023-12-14 05:25:00,2023-12-14 06:15:00,short,18043.576903,18064.297027,18002.136655000002,18064.297027,-20.720123999999487,Loss,SL
2023-12-14 06:00:00,2023-12-14 07:15:00,long,18059.389086,18032.504891,18113.157475999997,18032.504891,-26.884194999998726,Loss,SL
2023-12-18 03:05:00,2023-12-18 05:25:00,long,18060.461099,18041.348993,18098.685311,18041.348993,-19.112106000000495,Loss,SL
2023-12-18 02:45:00,2023-12-18 05:30:00,long,18053.493018,18035.184922,18090.109210000002,18035.184922,-18.30809600000066,Loss,SL
2023-12-19 02:00:00,2023-12-19 06:10:00,long,18151.582154,18132.738051,18189.27036,18189.27036,37.6882059999989,Win,TP
2023-12-19 02:00:00,2023-12-19 06:10:00,long,18151.582154,18132.738051,18189.27036,18189.27036,37.6882059999989,Win,TP
2023-12-19 02:00:00,2023-12-19 06:10:00,long,18151.582154,18132.738051,18189.27036,18189.27036,37.6882059999989,Win,TP
2023-12-20 04:10:00,2023-12-20 05:40:00,long,18204.646768,18187.946691,18238.046921999994,18187.946691,-16.70007699999769,Loss,SL
2023-12-21 02:30:00,2023-12-21 03:15:00,short,18080.829335,18098.601425,18045.285154999994,18098.601425,-17.77209000000221,Loss,SL
2023-12-21 02:35:00,2023-12-21 07:30:00,long,18091.549459,18070.561331,18133.525715000003,18133.525715000003,41.97625600000174,Win,TP
2023-12-21 02:50:00,2023-12-21 03:20:00,short,18089.137431,18106.105511,18055.201270999994,18106.105511,-16.968080000002374,Loss,SL
2023-12-22 02:00:00,2023-12-22 04:50:00,long,18125.585853,18113.441828,18149.873903000003,18149.873903000003,24.28805000000284,Win,TP
2023-12-22 03:30:00,2023-12-22 07:00:00,long,18139.522014,18120.945915,18176.674211999994,18176.674211999994,37.15219799999613,Win,TP
2023-12-26 03:40:00,2023-12-26 06:05:00,short,18237.61115,18252.167202,18208.499046,18208.499046,29.112103999999817,Win,TP
2023-12-26 04:35:00,2023-12-26 06:05:00,long,18242.167202,18226.003131,18274.495344,18226.003131,-16.16407099999924,Loss,SL
2023-12-26 04:35:00,2023-12-26 06:05:00,long,18242.167202,18226.003131,18274.495344,18226.003131,-16.16407099999924,Loss,SL
2023-12-27 02:00:00,2023-12-27 02:30:00,long,18304.879929,18294.879929,18324.879929,18324.879929,20.0,Win,TP
2023-12-27 04:30:00,2023-12-27 08:30:00,long,18313.724031,18301.044,18339.084093,18339.084093,25.360061999999743,Win,TP
2023-12-28 04:00:00,2023-12-28 08:00:00,long,18387.692887,18372.064822,18418.949017000003,18372.064822,-15.628065000000788,Loss,SL
2023-12-29 03:40:00,2023-12-29 06:35:00,short,18344.008382,18359.90445,18312.216245999996,18312.216245999996,31.792136000003666,Win,TP
2023-12-29 06:00:00,2023-12-29 07:15:00,short,18341.328351,18360.172453,18303.640147000002,18303.640147000002,37.68820399999822,Win,TP
2024-01-02 04:45:00,2024-01-02 05:05:00,short,18211.882852,18229.118936,18177.410684,18177.410684,34.47216800000024,Win,TP
2024-01-04 04:45:00,2024-01-04 06:00:00,short,17748.77349,17766.54558,17713.229309999995,17713.229309999995,35.54418000000442,Win,TP
2024-01-04 04:15:00,2024-01-04 04:45:00,long,17769.409729,17750.83363,17806.561926999995,17750.83363,-18.576098999998067,Loss,SL
2024-01-04 05:35:00,2024-01-04 07:10:00,short,17741.0014,17766.009574,17690.985052000004,17690.985052000004,50.01634799999738,Win,TP
2024-01-05 02:45:00,2024-01-05 04:25:00,short,17597.351737,17615.123827,17561.807557000004,17561.807557000004,35.54417999999714,Win,TP
2024-01-05 03:30:00,2024-01-05 04:25:00,short,17590.919663,17607.351737,17558.055515,17558.055515,32.86414800000057,Win,TP
2024-01-05 03:30:00,2024-01-05 04:25:00,short,17590.919663,17607.351737,17558.055515,17558.055515,32.86414800000057,Win,TP
2024-01-05 05:10:00,2024-01-05 06:35:00,short,17563.851349,17584.035467,17523.483113,17584.035467,-20.184118000001035,Loss,SL
2024-01-10 04:20:00,2024-01-10 05:45:00,short,18096.373515,18112.537586,18064.045373,18064.045373,32.32814199999848,Win,TP
2024-01-10 04:20:00,2024-01-10 05:45:00,short,18096.373515,18112.537586,18064.045373,18064.045373,32.32814199999848,Win,TP
2024-01-10 03:55:00,2024-01-10 04:20:00,long,18114.597726,18099.237663,18145.317852,18099.237663,-15.360063000000082,Loss,SL
2024-01-11 02:00:00,2024-01-11 02:20:00,long,18234.395112,18220.107063,18262.971209999996,18262.971209999996,28.576097999997728,Win,TP
2024-01-11 02:00:00,2024-01-11 02:20:00,long,18234.395112,18220.107063,18262.971209999996,18262.971209999996,28.576097999997728,Win,TP
2024-01-11 02:00:00,2024-01-11 02:20:00,long,18234.395112,18220.107063,18262.971209999996,18262.971209999996,28.576097999997728,Win,TP
2024-01-11 05:00:00,2024-01-11 07:30:00,long,18238.951165,18218.499044,18279.855406999995,18279.855406999995,40.904241999996884,Win,TP
2024-01-12 03:45:00,2024-01-12 05:40:00,short,18159.89025,18179.002355,18121.66604,18121.66604,38.22421000000031,Win,TP
2024-01-15 02:30:00,2024-01-15 08:05:00,short,18218.582929,18246.80714,18162.134507,18162.134507,56.4484220000013,Win,TP
2024-01-15 02:30:00,2024-01-15 08:05:00,short,18218.582929,18246.80714,18162.134507,18162.134507,56.4484220000013,Win,TP
2024-01-16 04:50:00,2024-01-16 05:15:00,short,18056.977058,18072.873127,18025.184920000003,18072.873127,-15.896068999998533,Loss,SL
2024-01-18 02:50:00,2024-01-18 03:00:00,short,18102.00158,18121.649691,18062.705358000003,18121.649691,-19.648110999998607,Loss,SL
2024-01-18 03:00:00,2024-01-18 05:05:00,long,18124.781843,18095.48562,18183.374289000003,18183.374289000003,58.59244600000238,Win,TP
2024-01-18 03:30:00,2024-01-18 03:40:00,short,18133.357943,18151.398036,18097.277757,18151.398036,-18.040092999999615,Loss,SL
2024-01-22 04:45:00,2024-01-22 06:30:00,long,18802.025684,18782.645576,18840.785900000003,18840.785900000003,38.7602160000024,Win,TP
2024-01-23 02:00:00,2024-01-23 02:20:00,short,18733.952896,18751.18898,18699.480728,18699.480728,34.47216800000024,Win,TP
2024-01-23 04:20:00,2024-01-23 04:35:00,long,18711.708639,18698.224598,18738.676721,18698.224598,-13.484040999999706,Loss,SL
2024-01-23 04:30:00,2024-01-23 05:35:00,short,18702.32853,18721.976642,18663.032305999994,18721.976642,-19.648112000002584,Loss,SL
2024-01-23 05:00:00,2024-01-23 07:15:00,long,18714.924676,18695.008561,18754.756906,18754.756906,39.83222999999998,Win,TP
2024-01-24 04:10:00,2024-01-24 06:35:00,short,18927.451136,18941.471183,18899.411041999996,18941.471183,-14.020047000001796,Loss,SL
2024-01-24 05:10:00,2024-01-24 05:20:00,long,18932.811199,18916.647127,18965.139343,18916.647127,-16.164071999999578,Loss,SL
2024-01-24 05:05:00,2024-01-24 08:30:00,long,18926.647127,18905.122994,18969.695392999998,18969.695392999998,43.048265999997966,Win,TP
2024-01-24 05:05:00,2024-01-24 08:30:00,long,18926.647127,18905.122994,18969.695392999998,18969.695392999998,43.048265999997966,Win,TP
2024-01-24 05:15:00,2024-01-24 06:35:00,short,18923.699093,18943.079202,18884.938874999996,18943.079202,-19.38010900000154,Loss,SL
2024-01-25 05:35:00,2024-01-25 07:30:00,long,18903.330857,18882.074727,18945.843117000004,18945.843117000004,42.51226000000315,Win,TP
2024-01-25 05:35:00,2024-01-25 07:30:00,long,18903.330857,18882.074727,18945.843117000004,18945.843117000004,42.51226000000315,Win,TP
2024-01-26 02:00:00,2024-01-26 02:10:00,short,18732.076875,18747.70494,18700.820744999997,18747.70494,-15.628065000000788,Loss,SL
2024-01-26 02:00:00,2024-01-26 02:10:00,short,18732.076875,18747.70494,18700.820744999997,18747.70494,-15.628065000000788,Loss,SL
2024-01-26 02:00:00,2024-01-26 02:10:00,short,18732.076875,18747.70494,18700.820744999997,18747.70494,-15.628065000000788,Loss,SL
2024-01-26 04:40:00,2024-01-26 05:15:00,long,18807.65375,18782.913579,18857.134092000004,18782.913579,-24.740171000001283,Loss,SL
2024-01-26 05:00:00,2024-01-26 05:15:00,long,18803.097697,18786.397619,18836.497853000004,18786.397619,-16.700078000001668,Loss,SL
2024-01-26 05:40:00,2024-01-26 06:00:00,short,18798.809647,18819.529771,18757.369398999992,18819.529771,-20.720124000003125,Loss,SL
2024-01-29 03:20:00,2024-01-29 04:45:00,short,18809.261768,18834.537945,18758.709414,18834.537945,-25.276176999999734,Loss,SL
2024-01-29 03:15:00,2024-01-29 11:00:00,short,18823.197929,18849.814122,18769.965543000006,18849.814122,-26.61619299999802,Loss,SL
2024-01-29 03:15:00,2024-01-29 11:00:00,short,18823.197929,18849.814122,18769.965543000006,18849.814122,-26.61619299999802,Loss,SL
2024-01-29 04:20:00,2024-01-29 06:50:00,long,18825.877961,18811.857914,18853.918054999995,18811.857914,-14.020046999998158,Loss,SL
2024-01-30 02:20:00,2024-01-30 07:00:00,long,18966.847593,18944.51945,19011.503878999996,18944.51945,-22.328142999998818,Loss,SL
2024-01-30 03:35:00,2024-01-30 04:15:00,short,18959.075503,18981.403645,18914.419219000003,18981.403645,-22.32814199999848,Loss,SL
2024-01-30 03:20:00,2024-01-30 07:10:00,short,18973.011664,18992.659776,18933.715440000004,18933.715440000004,39.29622399999789,Win,TP
2024-01-30 04:10:00,2024-01-30 06:35:00,long,18977.83572,18956.311586,19020.883987999998,18956.311586,-21.52413399999932,Loss,SL
2024-01-30 04:10:00,2024-01-30 06:35:00,long,18977.83572,18956.311586,19020.883987999998,18956.311586,-21.52413399999932,Loss,SL
2024-01-31 04:55:00,2024-01-31 05:15:00,short,18607.187429,18625.763528,18570.035231000005,18625.763528,-18.576098999998067,Loss,SL
2024-02-01 03:05:00,2024-02-01 04:10:00,short,18572.347025,18597.355199,18522.330676999994,18597.355199,-25.008174000002327,Loss,SL
2024-02-01 02:40:00,2024-02-01 03:05:00,long,18593.787273,18577.623202,18626.115415000007,18577.623202,-16.164071000002878,Loss,SL
2024-02-01 04:10:00,2024-02-01 05:50:00,long,18595.127289,18575.74718,18633.887507000003,18575.74718,-19.38010900000154,Loss,SL
2024-02-01 03:45:00,2024-02-01 07:10:00,long,18585.479177,18563.955044,18628.527443000006,18563.955044,-21.52413300000262,Loss,SL
2024-02-01 03:55:00,2024-02-01 04:10:00,short,18579.047103,18596.015183,18545.110943000003,18596.015183,-16.968079999998736,Loss,SL
2024-02-02 04:35:00,2024-02-02 04:55:00,long,18893.146739,18877.518674,18924.402869,18877.518674,-15.628065000000788,Loss,SL
2024-02-02 05:40:00,2024-02-02 07:30:00,long,18885.910656,18869.210578,18919.310812000003,18869.210578,-16.700078000001668,Loss,SL
2024-02-02 05:20:00,2024-02-02 06:20:00,short,18877.602559,18895.106646,18842.594384999997,18895.106646,-17.504087000001164,Loss,SL
2024-02-05 03:15:00,2024-02-05 06:20:00,short,18979.175735,19008.203956,18921.119293,19008.203956,-29.028221000000485,Loss,SL
2024-02-05 05:50:00,2024-02-05 06:10:00,short,18979.443738,18998.555844,18941.219526000008,18998.555844,-19.112105999996857,Loss,SL
2024-02-06 02:20:00,2024-02-06 02:45:00,long,19043.49648,19024.116371,19082.256698000005,19024.116371,-19.38010900000154,Loss,SL
2024-02-06 02:20:00,2024-02-06 02:45:00,long,19043.49648,19024.116371,19082.256698000005,19024.116371,-19.38010900000154,Loss,SL
2024-02-07 03:10:00,2024-02-07 05:30:00,long,18926.647127,18910.215053,18959.511275,18959.511275,32.86414800000057,Win,TP
2024-02-07 04:45:00,2024-02-07 05:25:00,short,18931.20318,18947.635254,18898.339032,18947.635254,-16.432074000000284,Loss,SL
2024-02-07 05:20:00,2024-02-07 06:20:00,long,18944.871338,18926.295239,18982.023536000004,18926.295239,-18.576099000001705,Loss,SL
2024-02-08 03:10:00,2024-02-08 04:45:00,long,19136.493557,19117.381451,19174.717769000003,19117.381451,-19.112106000000495,Loss,SL
2024-02-08 03:00:00,2024-02-08 05:15:00,long,19130.597488,19112.557395,19166.677674,19112.557395,-18.040092999999615,Loss,SL
2024-02-08 04:40:00,2024-02-08 05:25:00,short,19120.949377,19137.917457,19087.013217000003,19087.013217000003,33.93615999999747,Win,TP
2024-02-08 04:30:00,2024-02-08 05:25:00,short,19126.577442,19140.865492,19098.001342000003,19098.001342000003,28.576099999998405,Win,TP
2024-02-09 02:00:00,2024-02-09 08:35:00,long,19197.866267,19163.477985,19266.642831,19163.477985,-34.38828199999989,Loss,SL
2024-02-09 02:00:00,2024-02-09 08:35:00,long,19197.866267,19163.477985,19266.642831,19163.477985,-34.38828199999989,Loss,SL
2024-02-09 03:10:00,2024-02-09 04:00:00,short,19177.766035,19202.774208,19127.749689000004,19202.774208,-25.00817299999835,Loss,SL
2024-02-09 03:05:00,2024-02-09 04:20:00,short,19189.558171,19209.206283,19150.261947000003,19209.206283,-19.648111999998946,Loss,SL
2024-02-09 02:55:00,2024-02-09 03:05:00,long,19209.926407,19191.618311,19246.542599,19191.618311,-18.30809600000066,Loss,SL
2024-02-09 04:00:00,2024-02-09 07:30:00,long,19201.886314,19181.434193,19242.790555999996,19242.790555999996,40.904241999996884,Win,TP
2024-02-12 05:15:00,2024-02-12 06:00:00,long,19353.844073,19335.535977,19390.460265,19335.535977,-18.30809600000066,Loss,SL
2024-02-13 04:40:00,2024-02-13 06:00:00,short,19143.729641,19160.161715,19110.86549300001,19110.86549300001,32.86414799999329,Win,TP
2024-02-14 05:00:00,2024-02-14 06:00:00,short,19048.856542,19077.348756,18991.872114000005,19077.348756,-28.492213999998057,Loss,SL
2024-02-14 04:20:00,2024-02-14 06:00:00,short,19058.504654,19076.544747,19022.424468,19076.544747,-18.040092999999615,Loss,SL
2024-02-14 05:55:00,2024-02-14 07:55:00,long,19070.564793,19050.380676,19110.933027000003,19050.380676,-20.184117000000697,Loss,SL
2024-02-15 04:20:00,2024-02-15 05:00:00,short,19176.694022,19191.518078,19147.045909999997,19191.518078,-14.824056000001292,Loss,SL
2024-02-15 04:15:00,2024-02-15 05:10:00,short,19180.982072,19194.466112,19154.013992,19194.466112,-13.484039999999368,Loss,SL
2024-02-16 03:25:00,2024-02-16 06:55:00,long,19314.447617,19290.243453,19362.855945000007,19290.243453,-24.204164000002493,Loss,SL
2024-02-16 05:20:00,2024-02-16 07:30:00,short,19311.23158,19326.323639,19281.047462000002,19281.047462000002,30.184117999997397,Win,TP
2024-02-16 05:15:00,2024-02-16 07:20:00,short,19315.787633,19331.147695,19285.067509,19285.067509,30.720123999999487,Win,TP
2024-02-16 05:45:00,2024-02-16 07:30:00,short,19310.42757,19327.663654,19275.955402,19275.955402,34.47216800000024,Win,TP
2024-02-19 04:20:00,2024-02-19 08:25:00,short,19055.55662,19071.720691,19023.228478,19071.720691,-16.16407099999924,Loss,SL
2024-02-19 03:50:00,2024-02-19 04:25:00,long,19060.648679,19042.608586,19096.72886500001,19042.608586,-18.040093000003253,Loss,SL
2024-02-19 04:15:00,2024-02-19 08:30:00,short,19059.844669,19075.472734,19028.588538999997,19075.472734,-15.628065000000788,Loss,SL
2024-02-20 03:15:00,2024-02-20 03:20:00,long,18975.959698,18957.651602,19012.575889999993,18957.651602,-18.308095999997022,Loss,SL
2024-02-20 03:25:00,2024-02-20 04:05:00,short,18942.727313,18964.251447,18899.679045,18899.679045,43.04826799999864,Win,TP
2024-02-21 04:10:00,2024-02-21 05:10:00,long,18798.541644,18778.089523,18839.445886000005,18778.089523,-20.45212100000208,Loss,SL
2024-02-22 02:00:00,2024-02-22 05:15:00,long,19144.53365,19115.237426,19203.126098000004,19203.126098000004,58.59244800000306,Win,TP
2024-02-22 03:15:00,2024-02-22 04:40:00,short,19152.573743,19178.921932,19099.877365,19178.921932,-26.348189000000275,Loss,SL
2024-02-23 02:00:00,2024-02-23 02:05:00,long,19331.331813,19319.991797,19354.011845000005,19319.991797,-11.340016000001924,Loss,SL
2024-02-23 04:05:00,2024-02-23 04:40:00,short,19303.45949,19319.623561,19271.131348000003,19319.623561,-16.16407099999924,Loss,SL
2024-02-23 04:00:00,2024-02-23 04:40:00,short,19309.355558,19324.983623,19278.099427999998,19324.983623,-15.628065000000788,Loss,SL
2024-02-26 03:05:00,2024-02-26 03:35:00,short,19238.334736,19267.898962,19179.206284000004,19267.898962,-29.564225999998598,Loss,SL
2024-02-27 03:00:00,2024-02-27 08:40:00,long,19289.255325,19244.682925,19378.400124999993,19244.682925,-44.57239999999729,Loss,SL
2024-02-27 03:10:00,2024-02-27 03:25:00,short,19287.647307,19304.615387,19253.711146999995,19304.615387,-16.968080000002374,Loss,SL
2024-02-27 04:40:00,2024-02-27 04:50:00,short,19300.779459,19315.067508,19272.203361000003,19315.067508,-14.288048999998864,Loss,SL
2024-02-27 05:10:00,2024-02-27 06:10:00,short,19303.191487,19319.891564,19269.791332999997,19319.891564,-16.70007700000133,Loss,SL
2024-02-28 03:10:00,2024-02-28 03:35:00,short,19245.302816,19266.558947,19202.790553999996,19202.790553999996,42.51226200000383,Win,TP
2024-02-28 04:35:00,2024-02-28 08:30:00,long,19227.346609,19201.266422,19279.506983,19201.266422,-26.08018699999957,Loss,SL
2024-02-28 04:25:00,2024-02-28 08:45:00,long,19214.214457,19189.474286,19263.694798999994,19189.474286,-24.740170999997645,Loss,SL
2024-02-29 02:00:00,2024-02-29 02:10:00,short,19181.250075,19196.342134,19151.065957000003,19151.065957000003,30.184117999997397,Win,TP
2024-02-29 02:00:00,2024-02-29 02:10:00,short,19181.250075,19196.342134,19151.065957000003,19151.065957000003,30.184117999997397,Win,TP
2024-02-28 05:55:00,2024-02-28 06:55:00,short,19239.942754,19252.354782,19215.118698000002,19215.118698000002,24.824055999997654,Win,TP
2024-02-29 03:45:00,2024-02-29 07:30:00,long,19163.025864,19142.573743,19203.930105999996,19203.930105999996,40.904241999996884,Win,TP
2024-02-29 03:35:00,2024-02-29 07:30:00,long,19151.233727,19135.069656,19183.561868999997,19183.561868999997,32.32814199999848,Win,TP
2024-03-01 03:55:00,2024-03-01 04:10:00,short,19433.708998,19452.285097,19396.556799999995,19396.556799999995,37.15219800000341,Win,TP
2024-03-04 05:45:00,2024-03-04 08:30:00,long,19652.667533,19634.091434,19689.819730999996,19634.091434,-18.576098999998067,Loss,SL
2024-03-05 05:20:00,2024-03-05 06:10:00,long,19457.025268,19440.057187,19490.961430000007,19490.961430000007,33.936162000005424,Win,TP
2024-03-05 05:00:00,2024-03-05 08:00:00,long,19453.541227,19429.873069,19500.877543000002,19429.873069,-23.668158000000403,Loss,SL
2024-03-06 03:00:00,2024-03-06 08:30:00,long,19341.51593,19307.395651,19409.756488000006,19409.756488000006,68.24055800000497,Win,TP
2024-03-11 03:00:00,2024-03-11 04:20:00,short,19293.811378,19350.175915,19181.082303999996,19350.175915,-56.36453700000129,Loss,SL
2024-03-11 04:00:00,2024-03-11 05:20:00,long,19328.651781,19296.675527,19392.604289000003,19296.675527,-31.976254000001063,Loss,SL
2024-03-11 03:45:00,2024-03-11 04:00:00,short,19272.639133,19321.499583,19174.918233,19321.499583,-48.86045000000013,Loss,SL
2024-03-11 05:20:00,2024-03-11 05:35:00,short,19285.503282,19327.663654,19201.182538000005,19327.663654,-42.16037199999846,Loss,SL
2024-03-11 05:45:00,2024-03-11 06:00:00,long,19346.071983,19317.847772,19402.520405000003,19317.847772,-28.22421100000065,Loss,SL
2024-03-12 02:15:00,2024-03-12 03:05:00,short,19378.746706,19395.620946,19344.998226000007,19395.620946,-16.87423999999737,Loss,SL
2024-03-12 03:00:00,2024-03-12 03:10:00,long,19390.908823,19363.458829,19445.808811000006,19363.458829,-27.449994000002334,Loss,SL
2024-03-13 03:00:00,2024-03-13 07:30:00,short,19550.073916,19582.282999,19485.655750000005,19485.655750000005,64.41816599999584,Win,TP
2024-03-14 02:00:00,2024-03-14 03:00:00,short,19440.614865,19464.098951,19393.646693,19464.098951,-23.48408600000039,Loss,SL
2024-03-14 02:00:00,2024-03-14 03:00:00,short,19440.614865,19464.098951,19393.646693,19464.098951,-23.48408600000039,Loss,SL
2024-03-14 04:10:00,2024-03-14 05:45:00,long,19483.182274,19462.077733,19525.391356,19462.077733,-21.10454100000061,Loss,SL
2024-03-15 03:05:00,2024-03-15 04:50:00,long,19293.876283,19267.483864,19346.661121,19346.661121,52.78483799999958,Win,TP
2024-03-15 03:05:00,2024-03-15 04:50:00,long,19293.876283,19267.483864,19346.661121,19346.661121,52.78483799999958,Win,TP
2024-03-18 02:00:00,2024-03-18 03:10:00,short,19206.097527,19216.361921,19185.568739000006,19216.361921,-10.264393999997992,Loss,SL
2024-03-18 02:00:00,2024-03-18 03:10:00,short,19206.097527,19216.361921,19185.568739000006,19216.361921,-10.264393999997992,Loss,SL
2024-03-18 03:45:00,2024-03-18 06:20:00,long,19219.317219,19193.189195,19271.573267000003,19271.573267000003,52.25604800000292,Win,TP
2024-03-18 05:20:00,2024-03-18 06:20:00,long,19234.652062,19216.720247,19270.515692,19270.515692,35.86362999999983,Win,TP
2024-03-19 02:00:00,2024-03-19 02:30:00,short,19225.662671,19243.594486,19189.79904099999,19243.594486,-17.931815000003553,Loss,SL
2024-03-19 03:00:00,2024-03-19 03:05:00,long,19234.916456,19214.605096,19275.539176,19214.605096,-20.311359999999695,Loss,SL
2024-03-19 04:55:00,2024-03-19 05:05:00,short,19223.283127,19236.720247,19196.408886999994,19236.720247,-13.437120000002324,Loss,SL
2024-03-20 02:00:00,2024-03-20 03:40:00,long,19310.533095,19292.865673,19345.867938999996,19292.865673,-17.667421999998624,Loss,SL
2024-03-19 05:50:00,2024-03-19 06:35:00,short,19221.696764,19257.871754,19149.346784,19149.346784,72.34997999999905,Win,TP
2024-03-19 05:50:00,2024-03-19 06:35:00,short,19221.696764,19257.871754,19149.346784,19149.346784,72.34997999999905,Win,TP
2024-03-20 02:00:00,2024-03-20 03:40:00,long,19310.533095,19292.865673,19345.867938999996,19292.865673,-17.667421999998624,Loss,SL
2024-03-20 04:15:00,2024-03-20 05:30:00,long,19307.889156,19289.692947,19344.281574000004,19344.281574000004,36.39241800000309,Win,TP
2024-03-20 05:25:00,2024-03-20 05:30:00,short,19313.177033,19328.200516,19283.130067,19328.200516,-15.023483000000851,Loss,SL
2024-03-20 05:30:00,2024-03-20 08:40:00,long,19338.558842,19301.59067,19412.495185999993,19301.59067,-36.96817199999714,Loss,SL
2024-03-21 03:20:00,2024-03-21 06:40:00,short,19688.087502,19718.974616,19626.313273999996,19718.974616,-30.88711400000102,Loss,SL
2024-03-21 03:10:00,2024-03-21 07:00:00,short,19703.422345,19725.848856,19658.569322999996,19725.848856,-22.426511000001483,Loss,SL
2024-03-21 03:05:00,2024-03-21 04:05:00,short,19712.67613,19730.343551,19677.341287999996,19677.341287999996,35.334842000003846,Win,TP
2024-03-21 03:00:00,2024-03-21 04:05:00,short,19718.492794,19745.414,19664.650382000003,19664.650382000003,53.84241199999815,Win,TP
2024-03-21 03:00:00,2024-03-21 04:05:00,short,19718.492794,19745.414,19664.650382000003,19664.650382000003,53.84241199999815,Win,TP
2024-03-22 02:00:00,2024-03-22 03:15:00,short,19625.426161,19648.645854,19578.986775,19648.645854,-23.219692999999097,Loss,SL
2024-03-25 03:20:00,2024-03-25 03:30:00,short,19615.114802,19630.402678,19584.539050000003,19630.402678,-15.287875999998505,Loss,SL
2024-03-27 03:30:00,2024-03-27 05:20:00,long,19572.811787,19560.96103,19596.513301,19596.513301,23.701514000000316,Win,TP
2024-03-27 03:15:00,2024-03-27 07:55:00,long,19568.317091,19545.097399,19614.756475000006,19614.756475000006,46.43938400000479,Win,TP
2024-03-27 03:00:00,2024-03-27 04:10:00,long,19551.395885,19532.406495,19589.374665000007,19589.374665000007,37.97878000000492,Win,TP
2024-03-28 02:35:00,2024-03-28 03:55:00,long,19563.029215,19544.833005,19599.421634999995,19544.833005,-18.196209999998246,Loss,SL
2024-03-28 05:25:00,2024-03-28 06:30:00,long,19567.259516,19546.948156,19607.882235999998,19546.948156,-20.311359999999695,Loss,SL
2024-03-28 04:50:00,2024-03-28 07:30:00,long,19539.233769,19521.830741,19574.039824999993,19574.039824999993,34.80605599999399,Win,TP
2024-04-01 04:20:00,2024-04-01 05:30:00,short,19635.473127,19651.289792,19603.839797000004,19651.289792,-15.816664999998466,Loss,SL
2024-04-01 04:20:00,2024-04-01 05:30:00,short,19635.473127,19651.289792,19603.839797000004,19651.289792,-15.816664999998466,Loss,SL
2024-04-02 02:15:00,2024-04-02 03:00:00,short,19545.843615,19567.21255,19503.105745000004,19567.21255,-21.3689349999986,Loss,SL
2024-04-02 03:00:00,2024-04-02 05:00:00,long,19564.351184,19517.60044,19657.852672,19517.60044,-46.75074400000085,Loss,SL
2024-04-02 03:00:00,2024-04-02 05:00:00,long,19564.351184,19517.60044,19657.852672,19517.60044,-46.75074400000085,Loss,SL
2024-04-02 02:55:00,2024-04-02 03:00:00,short,19527.071652,19547.9118,19485.391355999993,19547.9118,-20.840148000002955,Loss,SL
2024-04-02 04:45:00,2024-04-02 05:35:00,short,19537.118618,19559.016341,19493.323172000004,19493.323172000004,43.795445999996446,Win,TP
2024-04-03 03:30:00,2024-04-03 04:50:00,long,19340.145205,19323.535359,19373.364897,19323.535359,-16.60984599999938,Loss,SL
2024-04-03 06:00:00,2024-04-03 07:30:00,long,19339.880811,19311.373242,19396.895948999994,19311.373242,-28.507568999997602,Loss,SL
2024-04-04 03:40:00,2024-04-04 05:20:00,short,19508.299689,19524.116354,19476.666358999995,19524.116354,-15.816665000002104,Loss,SL
2024-04-04 05:55:00,2024-04-04 07:00:00,long,19525.485289,19506.495898,19563.464071,19506.495898,-18.98939099999916,Loss,SL
2024-04-04 05:45:00,2024-04-04 07:35:00,long,19512.265597,19495.655751,19545.485289000007,19545.485289000007,33.219692000006035,Win,TP
2024-04-05 02:50:00,2024-04-05 07:30:00,long,19178.864961,19154.3233,19227.948282999998,19154.3233,-24.541660999999294,Loss,SL
2024-04-08 02:40:00,2024-04-08 03:15:00,long,19381.390645,19356.584589,19431.002757000002,19356.584589,-24.806056000001263,Loss,SL
2024-04-08 03:15:00,2024-04-08 07:45:00,short,19351.778534,19398.000491,19259.334620000005,19398.000491,-46.22195699999793,Loss,SL
2024-04-08 03:15:00,2024-04-08 07:45:00,short,19351.778534,19398.000491,19259.334620000005,19398.000491,-46.22195699999793,Loss,SL
2024-04-08 04:20:00,2024-04-08 05:10:00,long,19358.652774,19332.260356,19411.437609999997,19332.260356,-26.392417999999452,Loss,SL
2024-04-08 05:10:00,2024-04-08 05:30:00,short,19336.972479,19355.697476,19299.522484999998,19355.697476,-18.724997000001167,Loss,SL
2024-04-09 03:20:00,2024-04-09 05:30:00,long,19361.032319,19344.422473,19394.252011000008,19344.422473,-16.609846000003017,Loss,SL
2024-04-09 03:00:00,2024-04-09 05:35:00,long,19342.789144,19311.637636,19405.092159999997,19311.637636,-31.151507999999012,Loss,SL
2024-04-09 03:55:00,2024-04-09 04:50:00,long,19359.181562,19345.744442,19386.055802000006,19386.055802000006,26.874240000004647,Win,TP
2024-04-10 02:00:00,2024-04-10 03:55:00,long,19435.591382,19419.24593,19468.282285999994,19468.282285999994,32.6909039999955,Win,TP
2024-04-10 02:00:00,2024-04-10 03:55:00,long,19435.591382,19419.24593,19468.282285999994,19468.282285999994,32.6909039999955,Win,TP
2024-04-10 02:00:00,2024-04-10 03:55:00,long,19435.591382,19419.24593,19468.282285999994,19468.282285999994,32.6909039999955,Win,TP
2024-04-10 02:00:00,2024-04-10 03:55:00,long,19435.591382,19419.24593,19468.282285999994,19468.282285999994,32.6909039999955,Win,TP
2024-04-10 05:50:00,2024-04-10 07:25:00,long,19430.832293,19408.670176,19475.156527,19475.156527,44.324233999999706,Win,TP
2024-04-11 02:00:00,2024-04-11 03:50:00,short,19251.04448,19266.596751,19219.939938,19219.939938,31.104542000000947,Win,TP
2024-04-11 05:45:00,2024-04-11 06:15:00,long,19215.880099,19194.775558,19258.089181000003,19194.775558,-21.10454100000061,Loss,SL
2024-04-11 04:45:00,2024-04-11 06:50:00,short,19204.511164,19226.937674,19159.658143999997,19159.658143999997,44.85302000000229,Win,TP
2024-04-11 05:35:00,2024-04-11 07:30:00,short,19198.958893,19225.086917,19146.702844999996,19146.702844999996,52.25604800000292,Win,TP
2024-04-15 04:20:00,2024-04-15 05:50:00,short,19319.522485,19340.098239,19278.370977000006,19340.098239,-20.575753999997687,Loss,SL
2024-04-16 03:35:00,2024-04-16 03:45:00,long,18903.895365,18885.699155,18940.287785000004,18885.699155,-18.196210000001884,Loss,SL
2024-04-18 02:00:00,2024-04-18 03:10:00,short,18780.952228,18797.826468,18747.203747999996,18747.203747999996,33.74848000000202,Win,TP
2024-04-18 02:00:00,2024-04-18 03:10:00,short,18780.952228,18797.826468,18747.203747999996,18747.203747999996,33.74848000000202,Win,TP
2024-04-19 03:15:00,2024-04-19 07:20:00,long,18444.114472,18392.869032,18546.605352000006,18546.605352000006,102.49088000000484,Win,TP
2024-04-19 03:30:00,2024-04-19 04:30:00,short,18416.088725,18458.344773,18331.576629000003,18458.344773,-42.25604799999928,Loss,SL
2024-04-19 04:25:00,2024-04-19 05:20:00,long,18443.32129,18421.952355,18486.059159999997,18421.952355,-21.3689349999986,Loss,SL
2024-04-19 03:45:00,2024-04-19 04:35:00,long,18416.088725,18389.9607,18468.344775000005,18468.344775000005,52.2560500000036,Win,TP
2024-04-19 05:05:00,2024-04-19 05:20:00,long,18462.622041,18435.965229,18515.935664999994,18435.965229,-26.656811999997444,Loss,SL
2024-04-23 04:50:00,2024-04-23 05:10:00,short,18369.291014,18387.22283,18333.427381999998,18387.22283,-17.931816000000254,Loss,SL
2024-04-25 02:00:00,2024-04-25 02:20:00,short,18462.622041,18475.001586,18437.862951,18437.862951,24.75908999999956,Win,TP
2024-04-25 05:10:00,2024-04-25 07:15:00,short,18507.833388,18529.731111,18464.037941999995,18464.037941999995,43.79544600000372,Win,TP
2024-04-26 02:00:00,2024-04-26 02:05:00,long,18781.216621,18764.342382,18814.965099,18764.342382,-16.87423900000067,Loss,SL
2024-04-26 02:00:00,2024-04-26 02:05:00,long,18781.216621,18764.342382,18814.965099,18764.342382,-16.87423900000067,Loss,SL
2024-04-26 02:00:00,2024-04-26 02:05:00,long,18781.216621,18764.342382,18814.965099,18764.342382,-16.87423900000067,Loss,SL
2024-04-26 05:20:00,2024-04-26 05:55:00,long,18764.559809,18747.949963,18797.779500999997,18747.949963,-16.60984599999938,Loss,SL
2024-04-26 05:45:00,2024-04-26 06:10:00,short,18758.743145,18776.410566,18723.408303000004,18776.410566,-17.667420999998285,Loss,SL
2024-04-29 03:00:00,2024-04-29 04:55:00,short,18930.863536,18948.530958,18895.528692000004,18895.528692000004,35.33484399999725,Win,TP
2024-04-29 05:40:00,2024-04-29 08:30:00,long,18927.162023,18908.437026,18964.612017000003,18964.612017000003,37.449994000002334,Win,TP
2024-04-30 04:50:00,2024-04-30 05:50:00,short,18899.665063,18923.942331,18851.110527000004,18923.942331,-24.277267999998003,Loss,SL
2024-04-30 05:35:00,2024-04-30 07:30:00,long,18916.321875,18893.630971,18961.703683000007,18893.630971,-22.690904000002774,Loss,SL
2024-05-01 03:05:00,2024-05-01 03:40:00,long,18484.037942,18467.69249,18516.728845999995,18467.69249,-16.34545199999775,Loss,SL
2024-05-01 03:40:00,2024-05-01 04:30:00,short,18469.496281,18491.658398,18425.172047,18425.172047,44.324233999999706,Win,TP
2024-05-01 04:55:00,2024-05-01 05:55:00,short,18439.88417,18458.344773,18402.962964000002,18458.344773,-18.460602999999537,Loss,SL
2024-05-02 03:55:00,2024-05-02 04:50:00,short,18571.023516,18598.209116,18516.652316,18598.209116,-27.185600000000704,Loss,SL
2024-05-03 03:25:00,2024-05-03 07:25:00,long,18777.250714,18756.939354,18817.87343400001,18817.87343400001,40.622720000006666,Win,TP
2024-05-06 02:35:00,2024-05-06 02:50:00,long,19059.887732,19039.311978,19101.039239999995,19039.311978,-20.575753999997687,Loss,SL
2024-05-07 03:20:00,2024-05-07 06:20:00,long,19223.283127,19206.144493,19257.560394999997,19206.144493,-17.138633999999,Loss,SL
2024-05-08 02:00:00,2024-05-08 05:00:00,long,19253.952812,19232.583877,19296.690681999997,19232.583877,-21.3689349999986,Loss,SL
2024-05-08 02:00:00,2024-05-08 05:00:00,long,19253.952812,19232.583877,19296.690681999997,19232.583877,-21.3689349999986,Loss,SL
2024-05-07 05:55:00,2024-05-07 06:10:00,long,19227.777822,19212.489945,19258.353575999998,19212.489945,-15.287876999998844,Loss,SL
2024-05-08 05:00:00,2024-05-08 06:05:00,short,19239.146757,19252.055089,19213.330092999993,19213.330092999993,25.816664000005403,Win,TP
2024-05-09 02:20:00,2024-05-09 04:15:00,short,19188.383139,19208.958893,19147.231631000006,19147.231631000006,41.151507999995374,Win,TP
2024-05-09 02:20:00,2024-05-09 04:15:00,short,19188.383139,19208.958893,19147.231631000006,19147.231631000006,41.151507999995374,Win,TP
2024-05-09 05:00:00,2024-05-09 07:30:00,long,19178.071779,19161.726327,19210.762683000004,19210.762683000004,32.690904000002774,Win,TP
2024-05-10 02:00:00,2024-05-10 02:50:00,long,19324.545968,19294.71643,19384.205043999995,19294.71643,-29.829537999998138,Loss,SL
2024-05-10 02:00:00,2024-05-10 02:50:00,long,19324.545968,19294.71643,19384.205043999995,19294.71643,-29.829537999998138,Loss,SL
2024-05-13 03:05:00,2024-05-13 04:35:00,short,19339.880811,19354.6399,19310.362633,19354.6399,-14.759088999999221,Loss,SL
2024-05-13 03:35:00,2024-05-13 04:15:00,short,19330.627027,19345.914904,19300.051272999994,19345.914904,-15.287877000002482,Loss,SL
2024-05-14 02:40:00,2024-05-14 06:30:00,long,19348.07702,19334.375507,19375.480046,19334.375507,-13.701512999999977,Loss,SL
2024-05-14 04:55:00,2024-05-14 06:30:00,long,19354.686866,19338.341414,19387.377770000003,19338.341414,-16.345452000001387,Loss,SL
2024-05-14 04:55:00,2024-05-14 06:30:00,long,19354.686866,19338.341414,19387.377770000003,19338.341414,-16.345452000001387,Loss,SL
2024-05-14 05:50:00,2024-05-14 06:30:00,long,19355.744442,19337.812627,19391.608072,19337.812627,-17.931814999999915,Loss,SL
2024-05-16 02:00:00,2024-05-16 07:30:00,long,19800.719279,19778.292769,19845.572299000003,19778.292769,-22.426510000001144,Loss,SL
2024-05-16 02:00:00,2024-05-16 07:30:00,long,19800.719279,19778.292769,19845.572299000003,19778.292769,-22.426510000001144,Loss,SL
2024-05-17 05:20:00,2024-05-17 08:30:00,long,19733.034455,19716.689003,19765.725359000004,19716.689003,-16.345452000001387,Loss,SL
2024-05-20 03:00:00,2024-05-20 07:40:00,long,19743.345815,19723.034455,19783.968535,19723.034455,-20.311359999999695,Loss,SL
2024-05-20 04:30:00,2024-05-20 07:40:00,long,19739.908695,19724.885212,19769.955660999993,19724.885212,-15.023482999997213,Loss,SL
2024-05-22 02:15:00,2024-05-22 04:15:00,long,19884.532127,19865.807131,19921.982118999993,19865.807131,-18.72499599999719,Loss,SL
2024-05-22 02:25:00,2024-05-22 05:30:00,short,19877.393494,19897.44046,19837.299561999997,19837.299561999997,40.093932000003406,Win,TP
2024-05-22 04:10:00,2024-05-22 05:25:00,short,19876.335918,19890.301826,19848.404102000004,19848.404102000004,27.931815999996616,Win,TP
2024-05-22 06:00:00,2024-05-22 12:40:00,long,19884.532127,19845.713199,19962.169982999992,19845.713199,-38.81892799999696,Loss,SL
2024-05-22 06:00:00,2024-05-22 12:40:00,long,19884.532127,19845.713199,19962.169982999992,19845.713199,-38.81892799999696,Loss,SL
2024-05-22 06:00:00,2024-05-22 12:40:00,long,19884.532127,19845.713199,19962.169982999992,19845.713199,-38.81892799999696,Loss,SL
2024-05-24 02:00:00,2024-05-24 03:10:00,short,19777.981409,19793.004892,19747.934443,19793.004892,-15.023483000000851,Loss,SL
2024-05-24 02:00:00,2024-05-24 03:10:00,short,19777.981409,19793.004892,19747.934443,19793.004892,-15.023483000000851,Loss,SL
2024-05-24 02:00:00,2024-05-24 03:10:00,short,19777.981409,19793.004892,19747.934443,19793.004892,-15.023483000000851,Loss,SL
2024-05-24 02:00:00,2024-05-24 03:10:00,short,19777.981409,19793.004892,19747.934443,19793.004892,-15.023483000000851,Loss,SL
2024-05-24 04:25:00,2024-05-24 05:40:00,short,19809.179882,19825.260941,19777.017764,19825.260941,-16.081059000000096,Loss,SL
2024-05-27 04:55:00,2024-05-27 08:30:00,short,19955.918465,19973.585886,19920.583622999995,19973.585886,-17.667421000001923,Loss,SL
2024-05-27 04:30:00,2024-05-27 08:30:00,short,19963.85028,19977.023006,19937.504827999997,19977.023006,-13.172726000000694,Loss,SL
2024-05-29 03:00:00,2024-05-29 03:05:00,long,19959.355585,19926.353321,20025.360113000006,19926.353321,-33.00226400000247,Loss,SL
2024-05-29 03:00:00,2024-05-29 03:05:00,long,19959.355585,19926.353321,20025.360113000006,19926.353321,-33.00226400000247,Loss,SL
2024-05-29 05:10:00,2024-05-29 05:45:00,long,19912.822269,19893.832878,19950.801051,19893.832878,-18.98939099999916,Loss,SL
2024-05-29 04:00:00,2024-05-29 07:35:00,short,19899.602576,19922.029087,19854.749554000005,19854.749554000005,44.85302199999569,Win,TP
2024-05-29 05:05:00,2024-05-29 06:10:00,long,19907.005604,19889.338183,19942.340446000006,19889.338183,-17.667421000001923,Loss,SL
2024-05-30 05:10:00,2024-05-30 05:35:00,short,19793.580645,19810.719279,19759.303376999993,19810.719279,-17.13863400000264,Loss,SL
2024-05-31 05:45:00,2024-05-31 06:15:00,short,19579.686027,19605.814051,19527.429978999997,19605.814051,-26.12802400000146,Loss,SL
2024-06-03 03:10:00,2024-06-03 08:30:00,long,19733.827637,19703.204917,19795.073076999997,19795.073076999997,61.24543999999878,Win,TP
2024-06-03 03:10:00,2024-06-03 08:30:00,long,19733.827637,19703.204917,19795.073076999997,19795.073076999997,61.24543999999878,Win,TP
2024-06-03 04:25:00,2024-06-03 04:45:00,long,19742.817028,19725.942788,19776.565508000003,19725.942788,-16.87424000000101,Loss,SL
2024-06-04 05:15:00,2024-06-04 07:45:00,long,19632.036008,19607.494346,19681.119332,19681.119332,49.083323999999266,Win,TP
2024-06-05 06:00:00,2024-06-05 06:25:00,short,19848.310171,19870.207894,19804.514725000005,19870.207894,-21.897722999998223,Loss,SL
2024-06-05 05:40:00,2024-06-05 06:35:00,short,19859.414712,19883.69198,19810.860176000006,19883.69198,-24.277267999998003,Loss,SL
2024-06-07 03:05:00,2024-06-07 05:25:00,long,20190.700197,20166.42293,20239.254730999994,20166.42293,-24.277266999997664,Loss,SL
2024-06-07 03:05:00,2024-06-07 05:25:00,long,20190.700197,20166.42293,20239.254730999994,20166.42293,-24.277266999997664,Loss,SL
2024-06-07 03:15:00,2024-06-07 07:30:00,short,20184.090351,20204.930499,20142.410055,20142.410055,41.680295999998634,Win,TP
2024-06-07 03:25:00,2024-06-07 03:50:00,long,20190.435803,20171.710807,20227.885795000002,20171.710807,-18.72499600000083,Loss,SL
2024-06-07 04:50:00,2024-06-07 06:40:00,short,20172.98581,20190.917625,20137.12218,20190.917625,-17.931814999999915,Loss,SL
2024-06-10 02:55:00,2024-06-10 03:05:00,long,20115.347952,20096.887349,20152.269158,20096.887349,-18.460602999999537,Loss,SL
2024-06-11 03:20:00,2024-06-11 04:25:00,short,20184.354745,20199.378228,20154.307779,20154.307779,30.046966000001703,Win,TP
2024-06-12 03:10:00,2024-06-12 07:25:00,long,20368.637253,20352.027407,20401.856945,20401.856945,33.21969199999876,Win,TP
2024-06-12 03:40:00,2024-06-12 07:25:00,long,20363.084983,20348.854681,20391.545587,20391.545587,28.460603999999876,Win,TP
2024-06-12 05:20:00,2024-06-12 07:25:00,short,20373.92513,20391.063764,20339.647862,20391.063764,-17.138633999999,Loss,SL
2024-06-13 02:35:00,2024-06-13 07:30:00,short,20771.044682,20802.724977,20707.684091999996,20802.724977,-31.680295000001934,Loss,SL
2024-06-13 04:10:00,2024-06-13 04:35:00,short,20768.665138,20786.332559,20733.330296000004,20733.330296000004,35.33484199999657,Win,TP
2024-06-13 04:10:00,2024-06-13 04:35:00,short,20768.665138,20786.332559,20733.330296000004,20733.330296000004,35.33484199999657,Win,TP
2024-06-14 02:00:00,2024-06-14 02:10:00,long,20761.790898,20747.560596,20790.251502,20747.560596,-14.230301999999938,Loss,SL
2024-06-13 06:00:00,2024-06-13 07:15:00,long,20746.720449,20733.018935,20774.123477,20774.123477,27.40302800000063,Win,TP
2024-06-13 05:55:00,2024-06-13 07:30:00,long,20745.398479,20728.788633,20778.618171,20778.618171,33.21969199999876,Win,TP
2024-06-13 05:25:00,2024-06-13 07:30:00,long,20740.374996,20715.304547,20790.515893999996,20790.515893999996,50.14089799999783,Win,TP
2024-06-14 02:25:00,2024-06-14 04:05:00,long,20776.332559,20742.008326,20844.981024999997,20742.008326,-34.32423299999937,Loss,SL
2024-06-14 03:45:00,2024-06-14 04:40:00,short,20751.479538,20775.228018,20703.982577999996,20703.982577999996,47.49696000000404,Win,TP
2024-06-14 02:45:00,2024-06-14 04:30:00,short,20769.722713,20796.379525,20716.409088999997,20716.409088999997,53.313624000002164,Win,TP
2024-06-14 02:45:00,2024-06-14 04:30:00,short,20769.722713,20796.379525,20716.409088999997,20716.409088999997,53.313624000002164,Win,TP
2024-06-14 03:20:00,2024-06-14 04:05:00,short,20762.848473,20780.780288,20726.98484299999,20726.98484299999,35.863630000007106,Win,TP
2024-06-17 02:00:00,2024-06-17 07:35:00,long,20848.229302,20825.703925,20893.280055999996,20825.703925,-22.525376999998116,Loss,SL
2024-06-17 02:00:00,2024-06-17 07:35:00,long,20848.229302,20825.703925,20893.280055999996,20825.703925,-22.525376999998116,Loss,SL
2024-06-17 02:00:00,2024-06-17 07:35:00,long,20848.229302,20825.703925,20893.280055999996,20825.703925,-22.525376999998116,Loss,SL
2024-06-14 05:55:00,2024-06-14 07:20:00,short,20663.965176,20694.059108,20603.777312000002,20694.059108,-30.093931999999768,Loss,SL
2024-06-17 02:00:00,2024-06-17 07:35:00,long,20848.229302,20825.703925,20893.280055999996,20825.703925,-22.525376999998116,Loss,SL
2024-06-17 03:05:00,2024-06-17 03:30:00,long,20873.541002,20846.057663,20928.507680000006,20846.057663,-27.48333900000216,Loss,SL
2024-06-18 02:00:00,2024-06-18 02:35:00,long,21077.339326,21065.773654,21100.470670000002,21100.470670000002,23.131344000001263,Win,TP
2024-06-17 06:00:00,2024-06-17 07:35:00,long,20850.838756,20831.966614,20888.58304,20831.966614,-18.872142000000167,Loss,SL
2024-06-18 03:00:00,2024-06-18 07:30:00,long,21099.780627,21079.081867,21141.178147,21141.178147,41.39751999999862,Win,TP
2024-06-20 04:55:00,2024-06-20 06:35:00,long,21211.98713,21198.333895,21239.293600000005,21198.333895,-13.653235000001587,Loss,SL
2024-06-21 04:30:00,2024-06-21 05:30:00,long,20882.674089,20859.104931,20929.812404999997,20859.104931,-23.569157999998424,Loss,SL
2024-06-21 04:20:00,2024-06-21 06:05:00,long,20873.280057,20849.971843,20919.896485,20919.896485,46.61642800000118,Win,TP
2024-06-21 04:10:00,2024-06-21 04:20:00,short,20847.707412,20873.625078,20795.872079999997,20873.625078,-25.91766600000119,Loss,SL
2024-06-21 05:25:00,2024-06-21 05:40:00,short,20875.106674,20896.58827,20832.143481999996,20896.58827,-21.481596000001446,Loss,SL
2024-06-21 06:00:00,2024-06-21 06:45:00,long,20909.551461,20883.111904,20962.430574999995,20883.111904,-26.439556999997876,Loss,SL
2024-06-24 02:00:00,2024-06-24 02:15:00,short,20881.369363,20892.152199,20859.803691000005,20859.803691000005,21.565671999996994,Win,TP
2024-06-24 03:50:00,2024-06-24 04:50:00,short,20873.801947,20903.372849,20814.660143,20814.660143,59.141803999998956,Win,TP
2024-06-24 05:45:00,2024-06-24 06:30:00,long,20847.707412,20833.010395,20877.101445999997,20833.010395,-14.697016999998596,Loss,SL
2024-06-25 03:20:00,2024-06-25 04:05:00,long,20654.868793,20631.56058,20701.485219000002,20701.485219000002,46.6164260000005,Win,TP
2024-06-25 03:15:00,2024-06-25 04:00:00,long,20642.343416,20617.991421,20691.047406,20691.047406,48.703990000001795,Win,TP
2024-06-27 04:10:00,2024-06-27 07:50:00,long,20841.183778,20822.311636,20878.928062,20878.928062,37.744284000000334,Win,TP
2024-06-27 03:35:00,2024-06-27 05:30:00,long,20829.963127,20811.873821,20866.141738999995,20866.141738999995,36.178611999996065,Win,TP
2024-06-28 02:35:00,2024-06-28 04:20:00,short,20989.40074,21007.229101,20953.744018,21007.229101,-17.82836099999986,Loss,SL
2024-07-01 03:05:00,2024-07-01 03:35:00,long,20850.577811,20819.702182,20912.329068999996,20819.702182,-30.8756289999983,Loss,SL
2024-07-01 03:05:00,2024-07-01 03:35:00,long,20850.577811,20819.702182,20912.329068999996,20819.702182,-30.8756289999983,Loss,SL
2024-07-02 03:00:00,2024-07-02 08:20:00,short,20829.180291,20859.794974,20767.950925,20859.794974,-30.614682999999786,Loss,SL
2024-07-02 04:05:00,2024-07-02 04:20:00,long,20842.488504,20819.963127,20887.539258000004,20819.963127,-22.525377000001754,Loss,SL
2024-07-02 04:50:00,2024-07-02 05:20:00,long,20833.355417,20821.006909,20858.052432999997,20821.006909,-12.348507999999129,Loss,SL
2024-07-03 03:15:00,2024-07-03 07:15:00,long,21141.531884,21118.484616,21187.626419999997,21118.484616,-23.04726799999844,Loss,SL
2024-07-03 03:15:00,2024-07-03 07:15:00,long,21141.531884,21118.484616,21187.626419999997,21118.484616,-23.04726799999844,Loss,SL
2024-07-03 04:40:00,2024-07-03 06:00:00,long,21158.493332,21139.62119,21196.23761599999,21139.62119,-18.87214199999653,Loss,SL
2024-07-04 03:05:00,2024-07-04 09:10:00,short,21296.011535,21308.881934,21270.270737000003,21270.270737000003,25.740797999998904,Win,TP
2024-07-05 03:05:00,2024-07-05 03:50:00,long,21344.547371,21320.978213,21391.685687000005,21320.978213,-23.569158000002062,Loss,SL
2024-07-05 04:50:00,2024-07-05 07:30:00,long,21336.979956,21316.020251,21378.899365999994,21378.899365999994,41.91940999999497,Win,TP
2024-07-08 04:05:00,2024-07-08 06:40:00,long,21508.682001,21496.855384,21532.335235000006,21532.335235000006,23.653234000004886,Win,TP
2024-07-09 02:00:00,2024-07-09 04:25:00,long,21623.237013,21609.061887,21651.587265000006,21651.587265000006,28.35025200000382,Win,TP
2024-07-09 02:20:00,2024-07-09 07:35:00,long,21631.326319,21613.758903,21666.461150999996,21613.758903,-17.567415999998047,Loss,SL
2024-07-09 03:40:00,2024-07-09 06:40:00,long,21642.546969,21626.545226,21674.550455,21626.545226,-16.001743000000715,Loss,SL
2024-07-09 03:55:00,2024-07-09 04:50:00,short,21640.459406,21654.373587,21612.63104400001,21654.373587,-13.91418099999646,Loss,SL
2024-07-10 02:15:00,2024-07-10 05:25:00,long,21615.147707,21598.885018,21647.673085,21647.673085,32.525377999998454,Win,TP
2024-07-10 04:40:00,2024-07-10 05:20:00,short,21628.977811,21646.284281,21594.364871,21646.284281,-17.306469999999536,Loss,SL
2024-07-11 02:40:00,2024-07-11 07:30:00,short,21795.982839,21808.331347,21771.285823000002,21808.331347,-12.348507999999129,Loss,SL
2024-07-12 03:20:00,2024-07-12 06:05:00,long,21321.845125,21300.102584,21365.330207,21300.102584,-21.74254099999962,Loss,SL
2024-07-12 03:00:00,2024-07-12 07:30:00,long,21307.754076,21284.184918,21354.892392000005,21284.184918,-23.569158000002062,Loss,SL
2024-07-15 02:00:00,2024-07-15 07:00:00,long,21523.294941,21504.94469,21559.995443,21504.94469,-18.350250999999844,Loss,SL
2024-07-15 03:00:00,2024-07-15 07:00:00,long,21529.035739,21507.554143,21571.998930999995,21507.554143,-21.481595999997808,Loss,SL
2024-07-16 02:55:00,2024-07-16 04:00:00,short,21482.587465,21509.027023,21429.708349000004,21509.027023,-26.439557999998215,Loss,SL
2024-07-16 03:50:00,2024-07-16 08:30:00,long,21489.372045,21455.104126,21557.907883000003,21557.907883000003,68.53583800000342,Win,TP
2024-07-16 03:50:00,2024-07-16 08:30:00,long,21489.372045,21455.104126,21557.907883000003,21557.907883000003,68.53583800000342,Win,TP
2024-07-16 03:35:00,2024-07-16 03:50:00,short,21465.886962,21484.237214,21429.186458,21484.237214,-18.350252000000182,Loss,SL
2024-07-16 04:35:00,2024-07-16 04:50:00,short,21478.41234,21500.415826,21434.405367999996,21500.415826,-22.00348600000143,Loss,SL
2024-07-16 05:00:00,2024-07-16 05:30:00,long,21505.550657,21489.027023,21538.597925000002,21538.597925000002,33.04726800000208,Win,TP
2024-07-17 02:00:00,2024-07-17 03:10:00,short,21317.67,21363.941404,21225.127191999993,21225.127191999993,92.5428080000056,Win,TP
2024-07-18 03:30:00,2024-07-18 04:40:00,long,20986.791287,20939.215155,21081.943550999997,20939.215155,-47.576131999998324,Loss,SL
2024-07-18 04:25:00,2024-07-18 05:00:00,short,20978.18009,21008.011937,20918.516396000006,20918.516396000006,59.6636939999953,Win,TP
2024-07-18 05:25:00,2024-07-18 05:35:00,short,20917.640767,20945.385052,20862.152197,20945.385052,-27.744285000000673,Loss,SL
2024-07-19 03:35:00,2024-07-19 04:20:00,long,20722.714586,20687.663831,20792.81609599999,20687.663831,-35.05075499999657,Loss,SL
2024-07-19 04:45:00,2024-07-19 06:20:00,long,20725.584984,20684.010596,20808.733760000003,20808.733760000003,83.14877600000182,Win,TP
2024-07-22 02:35:00,2024-07-22 05:20:00,long,20683.833727,20657.916061,20735.669059000003,20735.669059000003,51.83533200000238,Win,TP
2024-07-22 03:00:00,2024-07-22 03:10:00,short,20676.788203,20700.879252,20628.606105000003,20700.879252,-24.091048999998748,Loss,SL
2024-07-22 02:55:00,2024-07-22 03:40:00,short,20691.662088,20707.924777,20659.136710000002,20707.924777,-16.262688999999227,Loss,SL
2024-07-22 04:30:00,2024-07-22 05:20:00,long,20705.492192,20688.185722,20740.105132000008,20740.105132000008,34.61294000000635,Win,TP
2024-07-23 03:40:00,2024-07-23 04:20:00,long,20792.647941,20774.29769,20829.348443,20829.348443,36.70050199999969,Win,TP
2024-07-24 02:00:00,2024-07-24 02:10:00,short,20584.674492,20594.935437,20564.152601999995,20594.935437,-10.260945000001811,Loss,SL
2024-07-23 05:00:00,2024-07-23 05:05:00,short,20830.485018,20845.182034,20801.090985999996,20845.182034,-14.697016000001895,Loss,SL
2024-07-23 06:00:00,2024-07-23 07:20:00,long,20872.497221,20837.185521,20943.120621000005,20837.185521,-35.31170000000202,Loss,SL
2024-07-24 02:50:00,2024-07-24 07:25:00,short,20580.760311,20620.769027,20500.742878999998,20500.742878999998,80.01743200000055,Win,TP
2024-07-24 05:20:00,2024-07-24 05:40:00,long,20602.418776,20578.588672,20650.078983999992,20578.588672,-23.830103999996936,Loss,SL
2024-07-24 05:00:00,2024-07-24 05:50:00,long,20596.156087,20568.672748,20651.122764999996,20568.672748,-27.483338999998523,Loss,SL
2024-07-26 05:20:00,2024-07-26 05:30:00,short,20010.072815,20038.599936,19953.018573,20038.599936,-28.52712099999917,Loss,SL
2024-07-26 04:35:00,2024-07-26 05:20:00,long,20040.603422,20018.33899,20085.132286,20018.33899,-22.264431999999942,Loss,SL
2024-07-26 05:30:00,2024-07-26 05:55:00,long,20033.557898,20005.552668,20089.568357999997,20005.552668,-28.005229999998846,Loss,SL
2024-07-26 05:40:00,2024-07-26 06:40:00,short,20020.771575,20042.253171,19977.808382999996,20042.253171,-21.481596000001446,Loss,SL
2024-07-29 04:50:00,2024-07-29 06:30:00,long,20111.841505,20092.708417,20150.107680999998,20150.107680999998,38.26617599999736,Win,TP
2024-07-30 02:00:00,2024-07-30 02:30:00,short,20057.56487,20075.915122,20020.864365999998,20075.915122,-18.350252000000182,Loss,SL
2024-07-30 02:00:00,2024-07-30 02:30:00,short,20057.56487,20075.915122,20020.864365999998,20075.915122,-18.350252000000182,Loss,SL
2024-07-30 04:25:00,2024-07-30 06:00:00,short,20076.874827,20099.661149,20031.302183,20099.661149,-22.786321999999927,Loss,SL
2024-07-31 02:00:00,2024-07-31 02:50:00,short,20038.515859,20067.56487,19980.417837,20067.56487,-29.049010999999155,Loss,SL
2024-07-31 02:15:00,2024-07-31 03:10:00,long,20048.692728,20021.209389,20103.659406000006,20021.209389,-27.48333900000216,Loss,SL
2024-07-31 03:20:00,2024-07-31 07:15:00,long,20058.608652,20027.733023,20120.359909999996,20120.359909999996,61.7512579999966,Win,TP
2024-07-31 04:30:00,2024-07-31 07:25:00,long,20069.568357,20031.125313,20146.454445,20146.454445,76.88608799999929,Win,TP
2024-07-31 05:10:00,2024-07-31 07:15:00,long,20068.785521,20048.086761,20110.183041000008,20110.183041000008,41.3975200000059,Win,TP
2024-07-31 05:00:00,2024-07-31 07:15:00,long,20059.652433,20027.993969,20122.969361,20122.969361,63.31692800000019,Win,TP
2024-08-01 02:35:00,2024-08-01 02:40:00,long,20512.392628,20483.343617,20570.490650000007,20483.343617,-29.049011000002793,Loss,SL
2024-08-02 03:45:00,2024-08-02 05:55:00,short,19521.583107,19556.633861,19451.481599,19556.633861,-35.05075399999987,Loss,SL
2024-08-02 05:20:00,2024-08-02 05:30:00,long,19533.064703,19487.315189,19624.563731,19487.315189,-45.74951399999918,Loss,SL
2024-08-02 05:30:00,2024-08-02 05:40:00,short,19491.835336,19544.36943,19386.767148000003,19544.36943,-52.53409399999873,Loss,SL
2024-08-02 05:30:00,2024-08-02 05:40:00,short,19491.835336,19544.36943,19386.767148000003,19544.36943,-52.53409399999873,Loss,SL
2024-08-02 05:40:00,2024-08-02 06:45:00,long,19541.6759,19496.448276,19632.131147999997,19496.448276,-45.227623999999196,Loss,SL
2024-08-06 03:35:00,2024-08-06 03:50:00,short,18954.026955,18988.555819,18884.969227,18988.555819,-34.528863999999885,Loss,SL
2024-08-06 04:20:00,2024-08-06 04:30:00,long,18915.928933,18875.137381,18997.512036999997,18875.137381,-40.791551999998774,Loss,SL
2024-08-06 04:30:00,2024-08-06 05:25:00,short,18850.692594,18927.494605,18697.088572,18927.494605,-76.80201099999977,Loss,SL
2024-08-06 05:10:00,2024-08-06 07:35:00,long,18919.060278,18849.825682,19057.529470000005,18849.825682,-69.23459600000206,Loss,SL
2024-08-07 02:50:00,2024-08-07 03:05:00,short,19047.706339,19108.590683,18925.937651000004,19108.590683,-60.88434399999824,Loss,SL
2024-08-08 04:40:00,2024-08-08 05:30:00,short,18733.006238,18777.19008,18644.638554000005,18777.19008,-44.18384199999855,Loss,SL
2024-08-09 04:45:00,2024-08-09 04:50:00,short,19402.070133,19432.684817,19340.840765,19432.684817,-30.614684000000125,Loss,SL
2024-08-09 04:25:00,2024-08-09 04:45:00,short,19439.38532,19459.823134,19398.509692000007,19398.509692000007,40.87562799999432,Win,TP
2024-08-12 02:00:00,2024-08-12 02:15:00,long,19452.693533,19421.556959,19514.966681,19421.556959,-31.13657400000011,Loss,SL
2024-08-09 05:00:00,2024-08-09 06:40:00,short,19395.285554,19441.296013,19303.264635999996,19303.264635999996,92.02091800000198,Win,TP
2024-08-12 02:00:00,2024-08-12 02:15:00,long,19452.693533,19421.556959,19514.966681,19421.556959,-31.13657400000011,Loss,SL
2024-08-09 05:35:00,2024-08-09 06:15:00,short,19379.889778,19412.331079,19315.007176000003,19412.331079,-32.44130099999893,Loss,SL
2024-08-12 02:15:00,2024-08-12 02:25:00,short,19422.162926,19462.432587,19341.623604000004,19462.432587,-40.26966099999845,Loss,SL
2024-08-12 02:25:00,2024-08-12 08:40:00,long,19460.000003,19420.252232,19539.495545000005,19420.252232,-39.7477710000021,Loss,SL
2024-08-12 03:45:00,2024-08-12 05:40:00,short,19464.697019,19488.527123,19417.036810999998,19488.527123,-23.830104000000574,Loss,SL
2024-08-12 03:35:00,2024-08-12 06:20:00,short,19474.351997,19498.443047,19426.169897000003,19498.443047,-24.091049999999086,Loss,SL
2024-08-12 04:35:00,2024-08-12 05:05:00,long,19474.873888,19449.217167,19526.187329999997,19449.217167,-25.65672099999938,Loss,SL
2024-08-12 05:10:00,2024-08-12 08:35:00,long,19470.698762,19443.476369,19525.143548,19443.476369,-27.22239300000001,Loss,SL
2024-08-13 03:20:00,2024-08-13 04:40:00,short,19559.159238,19582.728397,19512.020920000003,19582.728397,-23.569158999998763,Loss,SL
2024-08-13 03:15:00,2024-08-13 05:20:00,short,19573.250288,19601.516463,19516.717937999998,19516.717937999998,56.532350000001315,Win,TP
2024-08-13 04:55:00,2024-08-13 05:20:00,short,19563.856255,19585.076905,19521.414954999993,19521.414954999993,42.44130000000587,Win,TP
2024-08-14 04:20:00,2024-08-14 07:30:00,long,19927.092192,19906.915323,19967.445929999998,19967.445929999998,40.353737999997975,Win,TP
2024-08-14 05:20:00,2024-08-14 07:30:00,long,19944.05364,19924.659607,19982.841705999992,19982.841705999992,38.788065999993705,Win,TP
2024-08-15 04:10:00,2024-08-15 05:20:00,long,19998.852165,19981.545695,20033.465105,19981.545695,-17.306469999999536,Loss,SL
2024-08-15 05:15:00,2024-08-15 06:20:00,short,19983.717334,20007.286493,19936.579016000003,20007.286493,-23.569158999998763,Loss,SL
2024-08-16 02:00:00,2024-08-16 02:05:00,long,20538.487163,20517.527458,20580.406573000004,20517.527458,-20.959705000001122,Loss,SL
2024-08-16 02:00:00,2024-08-16 02:05:00,long,20538.487163,20517.527458,20580.406573000004,20517.527458,-20.959705000001122,Loss,SL
2024-08-15 05:30:00,2024-08-15 05:50:00,long,19983.195444,19960.148176,20029.289980000005,19960.148176,-23.047268000002077,Loss,SL
2024-08-16 02:00:00,2024-08-16 02:05:00,long,20538.487163,20517.527458,20580.406573000004,20517.527458,-20.959705000001122,Loss,SL
2024-08-19 02:20:00,2024-08-19 02:40:00,short,20429.933895,20453.242108,20383.317468999998,20453.242108,-23.30821300000025,Loss,SL
2024-08-19 04:30:00,2024-08-19 07:00:00,long,20437.50131,20417.324441,20477.855047999998,20477.855047999998,40.353737999997975,Win,TP
2024-08-19 03:15:00,2024-08-19 05:00:00,long,20409.841102,20386.271944,20456.979417999995,20456.979417999995,47.13831599999685,Win,TP
2024-08-19 04:10:00,2024-08-19 04:25:00,short,20404.100305,20420.623939,20371.053036999998,20420.623939,-16.52363400000104,Loss,SL
2024-08-19 04:40:00,2024-08-19 05:00:00,short,20434.109021,20448.023201,20406.280661,20448.023201,-13.91417999999976,Loss,SL
2024-08-19 04:55:00,2024-08-19 06:10:00,long,20435.935638,20419.412004,20468.982905999994,20468.982905999994,33.0472679999948,Win,TP
2024-08-20 03:00:00,2024-08-20 07:50:00,short,20768.640968,20794.819581,20716.283742,20716.283742,52.35722600000008,Win,TP
2024-08-20 05:00:00,2024-08-20 05:45:00,short,20746.199668,20762.723302,20713.152400000006,20762.723302,-16.5236339999974,Loss,SL
2024-08-21 05:00:00,2024-08-21 05:55:00,long,20671.830241,20651.653372,20712.183978999998,20712.183978999998,40.353737999997975,Win,TP
2024-08-22 03:05:00,2024-08-22 04:15:00,short,20771.511367,20803.169832,20708.194437,20803.169832,-31.658465000000433,Loss,SL
2024-08-23 04:35:00,2024-08-23 05:40:00,long,20575.280459,20559.539661,20606.762055000007,20606.762055000007,31.481596000005084,Win,TP
2024-08-23 05:35:00,2024-08-23 08:10:00,long,20596.677978,20577.805836,20634.422262,20634.422262,37.744284000000334,Win,TP
2024-08-27 02:35:00,2024-08-27 05:10:00,long,20470.641371,20449.942611,20512.038891000007,20449.942611,-20.69876000000295,Loss,SL
2024-08-27 03:50:00,2024-08-27 04:20:00,short,20477.947841,20504.648343,20424.546837,20504.648343,-26.700501999999688,Loss,SL
2024-08-27 05:05:00,2024-08-27 07:20:00,short,20467.770972,20498.385655,20406.541606,20406.541606,61.22936599999957,Win,TP
2024-08-28 02:00:00,2024-08-28 02:30:00,long,20512.653573,20495.347103,20547.266513,20495.347103,-17.306469999999536,Loss,SL
2024-08-28 02:00:00,2024-08-28 02:30:00,long,20512.653573,20495.347103,20547.266513,20495.347103,-17.306469999999536,Loss,SL
2024-08-28 02:00:00,2024-08-28 02:30:00,long,20512.653573,20495.347103,20547.266513,20495.347103,-17.306469999999536,Loss,SL
2024-08-28 02:00:00,2024-08-28 02:30:00,long,20512.653573,20495.347103,20547.266513,20495.347103,-17.306469999999536,Loss,SL
2024-08-28 03:05:00,2024-08-28 03:30:00,short,20493.082671,20522.914518,20433.418976999998,20522.914518,-29.83184700000129,Loss,SL
2024-08-28 03:05:00,2024-08-28 03:30:00,short,20493.082671,20522.914518,20433.418976999998,20522.914518,-29.83184700000129,Loss,SL
2024-08-28 04:40:00,2024-08-28 06:50:00,short,20526.222732,20543.268256,20492.131683999996,20492.131683999996,34.09104800000205,Win,TP
2024-08-29 03:10:00,2024-08-29 05:05:00,long,20262.667921,20209.872883,20368.257997,20368.257997,105.59007600000041,Win,TP
2024-08-29 03:40:00,2024-08-29 04:40:00,long,20261.62414,20229.182839,20326.506741999998,20326.506741999998,64.88260199999786,Win,TP
2024-08-30 02:00:00,2024-08-30 02:10:00,long,20329.730878,20318.687096,20351.818441999993,20318.687096,-11.043781999997009,Loss,SL
2024-08-30 02:15:00,2024-08-30 05:55:00,long,20338.342075,20307.988337,20399.049551000004,20399.049551000004,60.707476000003226,Win,TP
2024-08-30 04:00:00,2024-08-30 05:35:00,long,20375.396315,20359.394572,20407.399801000003,20359.394572,-16.001743000000715,Loss,SL
2024-08-30 05:15:00,2024-08-30 05:55:00,short,20369.916463,20390.354277,20329.040835000007,20390.354277,-20.43781399999716,Loss,SL
2024-09-02 03:20:00,2024-09-02 07:00:00,long,20424.454042,20400.623939,20472.114248,20472.114248,47.66020600000047,Win,TP
2024-09-02 03:10:00,2024-09-02 04:25:00,long,20408.014485,20389.403288,20445.236878999996,20445.236878999996,37.22239399999671,Win,TP
2024-09-02 03:05:00,2024-09-02 03:45:00,long,20405.405031,20386.271944,20443.671204999995,20443.671204999995,38.26617399999668,Win,TP
2024-09-02 02:50:00,2024-09-02 03:25:00,long,20390.531146,20372.702785,20426.187868,20426.187868,35.65672199999972,Win,TP
2024-09-03 05:50:00,2024-09-03 06:05:00,long,20360.000539,20333.821927,20412.357763,20333.821927,-26.178611999999703,Loss,SL
2024-09-04 02:05:00,2024-09-04 08:45:00,long,19705.288638,19653.276436,19809.313042000005,19809.313042000005,104.02440400000341,Win,TP
2024-09-04 05:05:00,2024-09-04 06:00:00,short,19730.339393,19756.518005,19677.98216899999,19677.98216899999,52.35722400000668,Win,TP
2024-09-05 02:20:00,2024-09-05 02:30:00,short,19779.919011,19810.272748,19719.211537000007,19810.272748,-30.353736999997636,Loss,SL
2024-09-05 03:05:00,2024-09-05 04:10:00,short,19810.188672,19832.974994,19764.616028,19764.616028,45.572643999999855,Win,TP
2024-09-06 02:00:00,2024-09-06 02:10:00,short,19656.230911,19680.321961,19608.048810999993,19608.048810999993,48.18210000000545,Win,TP
2024-09-06 02:55:00,2024-09-06 03:20:00,long,19601.171441,19565.337851,19672.838620999995,19565.337851,-35.83358999999837,Loss,SL
2024-09-06 03:25:00,2024-09-06 03:45:00,long,19592.038353,19553.856255,19668.402549000002,19553.856255,-38.18209800000113,Loss,SL
2024-09-06 05:15:00,2024-09-06 06:10:00,short,19566.465708,19586.381632,19526.633859999998,19586.381632,-19.915924000000814,Loss,SL
2024-09-09 03:45:00,2024-09-09 07:10:00,long,19418.770636,19389.721625,19476.868658000007,19389.721625,-29.049011000002793,Loss,SL
2024-09-10 05:15:00,2024-09-10 05:25:00,short,19439.124374,19456.69179,19403.989541999996,19456.69179,-17.567416000001685,Loss,SL
2024-09-10 05:10:00,2024-09-10 05:30:00,short,19446.69179,19475.740801,19388.593768000002,19475.740801,-29.049010999999155,Loss,SL
2024-09-10 05:25:00,2024-09-10 07:10:00,long,19470.698762,19436.952735,19538.190816000002,19538.190816000002,67.4920540000021,Win,TP
2024-09-10 05:40:00,2024-09-10 06:05:00,short,19479.83185,19495.050757,19449.394035999994,19495.050757,-15.218907000002218,Loss,SL
2024-09-10 06:00:00,2024-09-10 07:15:00,long,19490.53061,19456.523637,19558.544556000008,19558.544556000008,68.0139460000064,Win,TP
2024-09-11 03:00:00,2024-09-11 06:35:00,short,19625.96125,19655.010261,19567.863228000002,19655.010261,-29.049010999999155,Loss,SL
2024-09-11 04:15:00,2024-09-11 04:50:00,short,19613.174927,19629.959507,19579.605767,19629.959507,-16.78457999999955,Loss,SL
2024-09-11 04:30:00,2024-09-11 06:35:00,long,19617.350053,19596.912239,19658.225680999993,19658.225680999993,40.87562799999432,Win,TP
2024-09-11 04:30:00,2024-09-11 06:35:00,long,19617.350053,19596.912239,19658.225680999993,19658.225680999993,40.87562799999432,Win,TP
2024-09-12 03:30:00,2024-09-12 07:30:00,long,20141.850221,20107.582303,20210.386057000003,20107.582303,-34.26791800000137,Loss,SL
2024-09-12 05:00:00,2024-09-12 05:40:00,short,20134.02186,20151.32833,20099.40892,20151.32833,-17.306469999999536,Loss,SL
2024-09-12 04:35:00,2024-09-12 07:30:00,short,20155.680325,20180.293265,20106.454445000003,20106.454445000003,49.22587999999814,Win,TP
2024-09-13 02:45:00,2024-09-13 03:50:00,short,20295.025145,20319.116195,20246.843045,20319.116195,-24.091049999999086,Loss,SL
2024-09-13 03:45:00,2024-09-13 06:35:00,long,20316.422665,20292.07067,20365.126654999993,20292.07067,-24.35199499999726,Loss,SL
2024-09-13 06:00:00,2024-09-13 08:25:00,short,20307.550522,20333.207244,20256.237078000002,20256.237078000002,51.313443999999436,Win,TP
2024-09-16 04:20:00,2024-09-16 05:10:00,short,20377.483878,20397.399802,20337.652029999997,20337.652029999997,39.83184800000163,Win,TP
2024-09-16 04:20:00,2024-09-16 05:10:00,short,20377.483878,20397.399802,20337.652029999997,20337.652029999997,39.83184800000163,Win,TP
2024-09-16 06:00:00,2024-09-16 07:05:00,short,20335.21073,20356.692326,20292.247537999996,20292.247537999996,42.96319200000289,Win,TP
2024-09-17 05:55:00,2024-09-17 06:45:00,short,20376.494201,20393.456997,20342.568609,20393.456997,-16.9627959999998,Loss,SL
2024-09-17 05:45:00,2024-09-17 06:50:00,short,20382.941235,20402.482844,20343.858017,20402.482844,-19.54160899999988,Loss,SL
2024-09-18 03:50:00,2024-09-18 06:10:00,long,20303.2559,20282.940646,20343.886408000002,20343.886408000002,40.63050800000201,Win,TP
2024-09-19 02:20:00,2024-09-19 02:25:00,long,20534.833345,20516.323261,20571.853512999995,20516.323261,-18.510083999997732,Loss,SL
2024-09-19 03:00:00,2024-09-19 04:05:00,short,20549.532581,20583.257665,20482.082412999996,20583.257665,-33.725084000001516,Loss,SL
2024-09-23 04:15:00,2024-09-23 04:20:00,short,20668.157998,20694.146642,20616.180709999997,20694.146642,-25.98864400000093,Loss,SL
2024-09-23 04:15:00,2024-09-23 04:20:00,short,20668.157998,20694.146642,20616.180709999997,20694.146642,-25.98864400000093,Loss,SL
2024-09-23 06:00:00,2024-09-23 07:05:00,short,20689.046387,20717.871725,20631.395710999994,20717.871725,-28.825338000002375,Loss,SL
2024-09-24 05:45:00,2024-09-24 06:00:00,short,20770.021128,20799.362229,20711.338926000004,20711.338926000004,58.68220199999632,Win,TP
2024-09-24 05:45:00,2024-09-24 06:00:00,short,20770.021128,20799.362229,20711.338926000004,20711.338926000004,58.68220199999632,Win,TP
2024-09-24 05:45:00,2024-09-24 06:00:00,short,20770.021128,20799.362229,20711.338926000004,20711.338926000004,58.68220199999632,Win,TP
2024-09-24 05:45:00,2024-09-24 06:00:00,short,20770.021128,20799.362229,20711.338926000004,20711.338926000004,58.68220199999632,Win,TP
2024-09-25 03:05:00,2024-09-25 05:00:00,short,20732.628334,20754.490876,20688.903250000003,20754.490876,-21.86254199999894,Loss,SL
2024-09-25 04:30:00,2024-09-25 08:30:00,long,20739.333249,20709.476385,20799.046976999995,20799.046976999995,59.71372799999517,Win,TP
2024-09-25 04:30:00,2024-09-25 08:30:00,long,20739.333249,20709.476385,20799.046976999995,20799.046976999995,59.71372799999517,Win,TP
2024-09-26 03:40:00,2024-09-26 05:30:00,short,21106.298398,21127.387295,21064.120603999996,21127.387295,-21.088897000001452,Loss,SL
2024-09-30 03:10:00,2024-09-30 05:15:00,short,20831.139006,20853.001548,20787.413922000003,20853.001548,-21.86254199999894,Loss,SL
2024-09-30 04:35:00,2024-09-30 06:45:00,short,20829.075956,20857.901293,20771.425282000004,20771.425282000004,57.6506739999968,Win,TP
2024-09-30 04:45:00,2024-09-30 05:35:00,long,20840.422735,20819.333837,20882.600531000004,20819.333837,-21.08889800000179,Loss,SL
2024-10-01 02:00:00,2024-10-01 02:05:00,long,20914.176798,20878.130783,20986.268828,20878.130783,-36.0460149999999,Loss,SL
2024-10-02 05:30:00,2024-10-02 08:30:00,long,20579.96258,20542.627157,20654.633426,20542.627157,-37.335423000000446,Loss,SL
2024-10-03 03:00:00,2024-10-03 06:00:00,long,20529.675718,20499.818855,20589.389443999993,20589.389443999993,59.713725999994494,Win,TP
2024-10-04 03:05:00,2024-10-04 05:00:00,short,20635.664949,20678.157998,20550.678851000008,20678.157998,-42.49304899999697,Loss,SL
2024-10-04 03:05:00,2024-10-04 05:00:00,short,20635.664949,20678.157998,20550.678851000008,20678.157998,-42.49304899999697,Loss,SL
2024-10-04 04:55:00,2024-10-04 05:35:00,long,20669.189524,20649.390033,20708.788506000004,20708.788506000004,39.59898200000316,Win,TP
2024-10-04 03:30:00,2024-10-04 03:40:00,short,20646.238084,20665.263931,20608.18639,20665.263931,-19.025847000000795,Loss,SL
2024-10-04 04:05:00,2024-10-04 04:25:00,long,20648.816898,20629.017407,20688.415880000004,20629.017407,-19.79949100000158,Loss,SL
2024-10-07 05:15:00,2024-10-07 07:40:00,long,20729.275876,20705.608165,20776.611297999996,20776.611297999996,47.33542199999647,Win,TP
2024-10-08 02:00:00,2024-10-08 02:05:00,short,20596.209104,20620.134697,20548.357918,20620.134697,-23.925592999999935,Loss,SL
2024-10-08 02:25:00,2024-10-08 04:15:00,long,20602.656138,20561.194614,20685.579185999995,20685.579185999995,82.92304799999692,Win,TP
2024-10-08 05:30:00,2024-10-08 07:00:00,short,20697.29859,20737.470707,20616.954355999995,20737.470707,-40.17211700000189,Loss,SL
2024-10-09 02:30:00,2024-10-09 05:10:00,long,20861.311123,20834.290955,20915.351458999998,20915.351458999998,54.040335999998206,Win,TP
2024-10-09 03:35:00,2024-10-09 05:50:00,long,20875.236716,20846.92714,20931.855868,20931.855868,56.6191519999993,Win,TP
2024-10-10 04:40:00,2024-10-10 07:00:00,short,21066.584671,21087.415687,21024.922639,21087.415687,-20.83101600000009,Loss,SL
2024-10-10 04:50:00,2024-10-10 05:45:00,long,21070.710773,21052.200688,21107.730942999995,21052.200688,-18.51008499999807,Loss,SL
2024-10-10 05:40:00,2024-10-10 06:55:00,short,21065.553146,21082.515942,21031.62755399999,21082.515942,-16.962796000003436,Loss,SL
2024-10-11 03:00:00,2024-10-11 08:25:00,short,21039.50713,21065.237892,20988.045606000003,20988.045606000003,51.46152399999846,Win,TP
2024-10-14 04:00:00,2024-10-14 08:00:00,long,21130.023481,21099.908736,21190.252970999998,21190.252970999998,60.229489999997895,Win,TP
2024-10-14 04:00:00,2024-10-14 08:00:00,long,21130.023481,21099.908736,21190.252970999998,21190.252970999998,60.229489999997895,Win,TP
2024-10-14 04:15:00,2024-10-14 05:00:00,short,21122.287041,21139.249837,21088.361449,21139.249837,-16.9627959999998,Loss,SL
2024-10-15 04:20:00,2024-10-15 05:40:00,long,21234.465424,21220.597204,21262.201864000002,21262.201864000002,27.736440000000584,Win,TP
2024-10-15 05:25:00,2024-10-15 05:50:00,long,21242.201865,21227.302119,21272.001356999997,21272.001356999997,29.79949199999828,Win,TP
2024-10-16 02:00:00,2024-10-16 02:20:00,short,21014.750521,21031.713318,20980.82492700001,20980.82492700001,33.925593999993,Win,TP
2024-10-16 02:00:00,2024-10-16 02:20:00,short,21014.750521,21031.713318,20980.82492700001,20980.82492700001,33.925593999993,Win,TP
2024-10-21 03:00:00,2024-10-21 04:20:00,long,21099.593483,21073.862721,21151.055007,21073.862721,-25.73076199999923,Loss,SL
2024-10-21 03:10:00,2024-10-21 04:30:00,short,21087.47306,21108.304076,21045.811028,21045.811028,41.66203200000018,Win,TP
2024-10-21 03:50:00,2024-10-21 04:05:00,long,21102.688059,21084.951619,21138.160939,21084.951619,-17.736440000000584,Loss,SL
2024-10-22 03:30:00,2024-10-22 07:40:00,short,21084.378484,21120.424499,21012.286454,21012.286454,72.0920299999998,Win,TP
2024-10-22 03:00:00,2024-10-22 04:15:00,short,21105.266872,21128.934583,21057.931450000004,21057.931450000004,47.33542199999647,Win,TP
2024-10-22 03:50:00,2024-10-22 04:20:00,short,21088.504585,21111.656534,21042.200686999993,21042.200686999993,46.303898000005574,Win,TP
2024-10-22 05:25:00,2024-10-22 06:20:00,short,21039.249249,21061.885435,20993.976877,21061.885435,-22.636185999999725,Loss,SL
2024-10-24 03:45:00,2024-10-24 05:20:00,short,21011.140183,21036.355182,20960.710185,21036.355182,-25.214998999999807,Loss,SL
2024-10-24 05:15:00,2024-10-24 07:30:00,long,21028.933995,21009.134504,21068.532976999995,21068.532976999995,39.598981999995885,Win,TP
2024-10-24 05:45:00,2024-10-24 06:10:00,short,21024.292131,21045.896791,20981.082810999997,21045.896791,-21.604660000000877,Loss,SL
2024-10-28 02:00:00,2024-10-28 07:00:00,long,21282.689235,21253.606016,21340.855673000002,21253.606016,-29.0832190000001,Loss,SL
2024-10-28 03:15:00,2024-10-28 06:00:00,long,21292.488726,21264.179151,21349.107876,21264.179151,-28.309574999999313,Loss,SL
2024-10-28 05:25:00,2024-10-28 06:00:00,short,21302.80398,21321.314064,21265.783812000005,21265.783812000005,37.020167999995465,Win,TP
2024-10-29 02:55:00,2024-10-29 07:10:00,short,21174.894835,21200.367715,21123.949074999997,21123.949074999997,50.94576000000234,Win,TP
2024-10-29 05:55:00,2024-10-29 07:10:00,short,21159.937717,21177.674157,21124.464837,21124.464837,35.47288000000117,Win,TP
2024-10-30 04:10:00,2024-10-30 06:50:00,long,21390.999399,21366.300162,21440.397873,21366.300162,-24.69923700000072,Loss,SL
2024-10-30 04:10:00,2024-10-30 06:50:00,long,21390.999399,21366.300162,21440.397873,21366.300162,-24.69923700000072,Loss,SL
2024-10-30 04:35:00,2024-10-30 07:05:00,short,21393.320331,21412.088296,21355.784400999994,21355.784400999994,37.535930000005465,Win,TP
2024-10-31 05:05:00,2024-10-31 05:50:00,short,20939.707051,20973.690016,20871.741121000003,20973.690016,-33.98296499999924,Loss,SL
2024-10-31 03:55:00,2024-10-31 05:55:00,short,20958.532389,20985.036795,20905.523577,20985.036795,-26.504406000000017,Loss,SL
2024-11-05 02:30:00,2024-11-05 08:30:00,long,20771.826298,20740.164265,20835.150364,20835.150364,63.32406600000104,Win,TP
2024-11-05 04:10:00,2024-11-05 05:00:00,short,20760.7374,20780.794772,20720.622656000003,20780.794772,-20.057371999999305,Loss,SL
2024-11-05 05:25:00,2024-11-05 06:20:00,long,20795.809262,20781.167398,20825.092989999994,20781.167398,-14.64186399999744,Loss,SL
2024-11-05 05:00:00,2024-11-05 06:25:00,long,20791.42528,20768.273331,20837.729177999998,20768.273331,-23.15194899999915,Loss,SL
2024-11-11 03:55:00,2024-11-11 06:25:00,short,21963.495977,21981.74818,21926.991571,21981.74818,-18.25220300000001,Loss,SL
2024-11-11 05:30:00,2024-11-11 06:40:00,long,21959.369875,21943.438605,21991.232415000002,21991.232415000002,31.8625400000019,Win,TP
2024-11-11 06:00:00,2024-11-11 07:00:00,long,21967.364197,21946.275299,22009.541992999995,22009.541992999995,42.177795999996306,Win,TP
2024-11-12 05:50:00,2024-11-12 06:00:00,short,21839.970814,21862.864881,21794.182679999998,21862.864881,-22.894067000001087,Loss,SL
2024-11-12 06:00:00,2024-11-12 10:10:00,long,21864.727423,21833.839034,21926.504201,21833.839034,-30.888388999999734,Loss,SL
2024-11-13 04:15:00,2024-11-13 05:40:00,short,21827.334629,21843.008018,21795.987851,21795.987851,31.346777999999176,Win,TP
2024-11-13 05:25:00,2024-11-13 06:00:00,short,21811.861748,21825.98785,21783.609543999995,21783.609543999995,28.252204000003985,Win,TP
2024-11-14 04:30:00,2024-11-14 04:45:00,long,21845.386323,21827.13412,21881.890729,21827.13412,-18.25220300000001,Loss,SL
2024-11-15 04:15:00,2024-11-15 04:50:00,short,21468.879564,21487.131767,21432.375158,21487.131767,-18.25220300000001,Loss,SL
2024-11-15 03:45:00,2024-11-15 05:05:00,short,21476.873885,21497.704902,21435.211851,21497.704902,-20.83101700000043,Loss,SL
2024-11-15 04:10:00,2024-11-15 05:05:00,short,21473.263547,21495.899732,21427.991176999993,21495.899732,-22.636185000003024,Loss,SL
2024-11-18 02:00:00,2024-11-18 02:15:00,short,21245.554322,21268.706271,21199.250424,21268.706271,-23.15194899999915,Loss,SL
2024-11-18 02:00:00,2024-11-18 02:15:00,short,21245.554322,21268.706271,21199.250424,21268.706271,-23.15194899999915,Loss,SL
2024-11-18 02:00:00,2024-11-18 02:15:00,short,21245.554322,21268.706271,21199.250424,21268.706271,-23.15194899999915,Loss,SL
2024-11-18 03:10:00,2024-11-18 03:40:00,short,21247.617373,21273.606016,21195.640087,21195.640087,51.977286000001186,Win,TP
2024-11-18 03:00:00,2024-11-18 07:15:00,short,21251.743474,21297.073218,21161.083985999994,21161.083985999994,90.65948800000479,Win,TP
2024-11-18 02:30:00,2024-11-18 02:50:00,short,21274.694914,21297.846862,21228.391018000002,21297.846862,-23.15194799999881,Loss,SL
2024-11-18 03:00:00,2024-11-18 07:15:00,short,21251.743474,21297.073218,21161.083985999994,21161.083985999994,90.65948800000479,Win,TP
2024-11-18 04:35:00,2024-11-18 05:35:00,long,21226.728984,21204.35068,21271.485592000005,21204.35068,-22.378304000001663,Loss,SL
2024-11-21 03:00:00,2024-11-21 04:40:00,short,21302.030336,21338.849995,21228.391018,21338.849995,-36.819659000000684,Loss,SL
2024-11-21 03:00:00,2024-11-21 04:40:00,short,21302.030336,21338.849995,21228.391018,21338.849995,-36.819659000000684,Loss,SL
2024-11-21 04:35:00,2024-11-21 05:15:00,long,21331.944572,21304.666522,21386.500672000002,21386.500672000002,54.55610000000161,Win,TP
2024-11-22 05:25:00,2024-11-22 05:35:00,long,21400.283127,21387.962195,21424.924990999996,21387.962195,-12.32093199999872,Loss,SL
2024-11-26 02:55:00,2024-11-26 03:00:00,short,21527.418628,21544.897187,21492.46151,21544.897187,-17.478558999999223,Loss,SL
2024-11-27 04:55:00,2024-11-27 05:10:00,long,21594.98354,21575.957693,21633.035234000003,21575.957693,-19.025847000000795,Loss,SL
2024-11-27 04:50:00,2024-11-27 05:20:00,long,21586.215574,21570.800066,21617.046590000005,21570.800066,-15.415508000001864,Loss,SL
2024-11-27 05:10:00,2024-11-27 06:20:00,short,21575.900321,21598.536506,21530.627951000002,21598.536506,-22.636184999999386,Loss,SL
2024-11-28 03:20:00,2024-11-28 08:30:00,long,21515.556087,21501.687867,21543.292527,21543.292527,27.736440000000584,Win,TP
2024-11-28 03:25:00,2024-11-28 06:30:00,short,21510.914223,21526.071849,21480.598971,21526.071849,-15.157626000000164,Loss,SL
2024-11-29 02:10:00,2024-11-29 07:15:00,short,21548.049136,21572.490491,21499.166426000003,21499.166426000003,48.88270999999804,Win,TP
2024-11-29 04:20:00,2024-11-29 06:30:00,short,21561.201084,21578.16388,21527.275492,21527.275492,33.9255919999996,Win,TP
2024-12-02 02:00:00,2024-12-02 04:00:00,long,21630.055402,21608.966505,21672.233196000005,21608.966505,-21.088897000001452,Loss,SL
2024-12-02 02:00:00,2024-12-02 04:00:00,long,21630.055402,21608.966505,21672.233196000005,21608.966505,-21.088897000001452,Loss,SL
2024-12-02 02:00:00,2024-12-02 04:00:00,long,21630.055402,21608.966505,21672.233196000005,21608.966505,-21.088897000001452,Loss,SL
2024-11-29 05:35:00,2024-11-29 06:40:00,short,21543.407272,21557.275492,21515.670832,21515.670832,27.736440000000584,Win,TP
2024-12-04 02:00:00,2024-12-04 03:00:00,long,22028.224194,22011.261397,22062.149788,22062.149788,33.925594000000274,Win,TP
2024-12-03 06:00:00,2024-12-03 06:10:00,long,21882.779117,21865.558439,21917.220472999994,21865.558439,-17.22067799999786,Loss,SL
2024-12-03 05:45:00,2024-12-03 06:15:00,long,21877.62149,21857.821999,21917.220472000005,21857.821999,-19.79949100000158,Loss,SL
2024-12-03 05:25:00,2024-12-03 06:00:00,short,21861.632847,21882.205982,21820.486577000003,21882.205982,-20.57313499999873,Loss,SL
2024-12-06 02:30:00,2024-12-06 03:15:00,long,22160.517322,22144.070288,22193.41139,22144.070288,-16.447034000000713,Loss,SL
2024-12-06 03:05:00,2024-12-06 07:30:00,short,22151.491475,22171.290966,22111.892492999996,22171.290966,-19.79949100000158,Loss,SL
2024-12-09 02:00:00,2024-12-09 02:30:00,long,22379.974344,22366.879767,22406.163497999998,22366.879767,-13.094576999999845,Loss,SL
2024-12-09 02:00:00,2024-12-09 02:30:00,long,22379.974344,22366.879767,22406.163497999998,22366.879767,-13.094576999999845,Loss,SL
2024-12-09 03:00:00,2024-12-09 03:55:00,short,22369.143327,22399.00019,22309.429601000007,22309.429601000007,59.713725999994494,Win,TP
2024-12-09 05:30:00,2024-12-09 08:30:00,short,22277.595451,22319.314856,22194.156641,22319.314856,-41.719404999999824,Loss,SL
2024-12-09 06:00:00,2024-12-09 08:30:00,long,22304.930873,22286.67867,22341.435279,22286.67867,-18.25220300000001,Loss,SL
2024-12-10 02:00:00,2024-12-10 04:05:00,short,22138.081645,22149.628933,22114.987068999995,22149.628933,-11.547288000001572,Loss,SL
2024-12-10 02:10:00,2024-12-10 04:00:00,short,22134.729188,22147.05012,22110.087324000004,22147.05012,-12.32093199999872,Loss,SL
2024-12-10 05:00:00,2024-12-10 07:10:00,long,22176.248084,22157.222237,22214.299777999993,22214.299777999993,38.05169399999431,Win,TP
2024-12-11 02:00:00,2024-12-11 02:30:00,short,22107.135884,22118.683172,22084.041307999996,22118.683172,-11.547288000001572,Loss,SL
2024-12-11 03:00:00,2024-12-11 07:30:00,long,22117.966901,22095.846477,22162.207749,22162.207749,44.24084800000128,Win,TP
2024-12-12 02:00:00,2024-12-12 03:30:00,long,22449.344424,22426.96612,22494.101031999995,22426.96612,-22.378303999998025,Loss,SL
2024-12-13 02:30:00,2024-12-13 03:20:00,short,22438.771289,22458.57078,22399.172307000004,22458.57078,-19.799490999997943,Loss,SL
2024-12-13 03:30:00,2024-12-13 03:50:00,short,22444.70256,22472.496373,22389.114934,22472.496373,-27.793813000000227,Loss,SL
2024-12-13 03:40:00,2024-12-13 06:20:00,long,22465.333068,22442.181119,22511.636966,22511.636966,46.3038979999983,Win,TP
2024-12-13 06:00:00,2024-12-13 08:40:00,long,22485.447812,22457.911881,22540.519673999996,22540.519673999996,55.071861999997054,Win,TP
2024-12-16 05:10:00,2024-12-16 05:50:00,short,22528.771878,22549.860775,22486.594083999997,22549.860775,-21.088897000001452,Loss,SL
2024-12-16 05:50:00,2024-12-16 07:25:00,long,22552.754842,22532.955351,22592.353823999994,22592.353823999994,39.598981999995885,Win,TP
2024-12-16 05:45:00,2024-12-16 07:15:00,long,22543.471114,22524.703148,22581.007046,22581.007046,37.535931999998866,Win,TP
2024-12-17 03:00:00,2024-12-17 05:20:00,long,22755.449577,22724.561188,22817.226355,22817.226355,61.77677799999947,Win,TP
2024-12-17 05:40:00,2024-12-17 07:00:00,short,22781.237711,22804.647541,22734.418051000008,22734.418051000008,46.819659999993746,Win,TP
2024-12-17 05:15:00,2024-12-17 05:40:00,long,22812.699235,22787.226354,22863.644997000003,22787.226354,-25.472881000001507,Loss,SL
2024-12-17 05:35:00,2024-12-17 06:10:00,short,22792.58449,22812.1261,22753.50127,22753.50127,39.08322000000044,Win,TP
2024-12-17 05:30:00,2024-12-17 06:05:00,short,22800.836693,22822.699235,22757.111609000003,22757.111609000003,43.72508399999788,Win,TP
2024-12-18 03:00:00,2024-12-18 03:35:00,short,22716.251613,22742.756019,22663.242801,22742.756019,-26.504406000000017,Loss,SL
2024-12-18 02:50:00,2024-12-18 04:10:00,short,22724.245934,22751.781866,22669.174069999994,22751.781866,-27.535932000002504,Loss,SL
2024-12-18 03:30:00,2024-12-18 07:45:00,long,22734.303307,22709.088308,22784.733304999998,22709.088308,-25.214998999999807,Loss,SL
2024-12-18 05:10:00,2024-12-18 07:30:00,long,22767.312118,22746.738983,22808.458388000006,22746.738983,-20.573135000002367,Loss,SL
2024-12-19 04:10:00,2024-12-19 04:45:00,long,21979.226739,21957.622078,22022.436061000004,21957.622078,-21.604661000001215,Loss,SL
2024-12-19 03:35:00,2024-12-19 06:15:00,long,21968.395722,21938.538859,22028.109448000003,22028.109448000003,59.71372600000177,Win,TP
2024-12-20 02:05:00,2024-12-20 02:15:00,short,21652.099537,21664.419211,21627.460188999994,21627.460188999994,24.639348000004247,Win,TP
2024-12-20 04:35:00,2024-12-20 06:05:00,short,21495.134895,21524.207775,21436.989135,21436.989135,58.14575999999943,Win,TP
2024-12-20 04:35:00,2024-12-20 06:05:00,short,21495.134895,21524.207775,21436.989135,21436.989135,58.14575999999943,Win,TP
2024-12-20 05:20:00,2024-12-20 06:05:00,short,21477.866207,21498.433613,21436.731394999995,21436.731394999995,41.134812000003876,Win,TP
2024-12-24 02:00:00,2024-12-24 02:05:00,long,22446.974666,22432.593058,22475.737881999998,22432.593058,-14.381607999999687,Loss,SL
2024-12-24 02:00:00,2024-12-24 02:05:00,long,22446.974666,22432.593058,22475.737881999998,22432.593058,-14.381607999999687,Loss,SL
2024-12-24 02:00:00,2024-12-24 02:05:00,long,22446.974666,22432.593058,22475.737881999998,22432.593058,-14.381607999999687,Loss,SL
2024-12-23 06:00:00,2024-12-23 06:20:00,long,22274.545528,22252.947155,22317.742273999993,22317.742273999993,43.196745999994164,Win,TP
2024-12-24 02:35:00,2024-12-24 02:45:00,long,22447.747891,22422.541135,22498.161403,22422.541135,-25.206755999999586,Loss,SL
2024-12-24 03:00:00,2024-12-24 08:10:00,long,22454.449172,22419.705978,22523.935559999998,22523.935559999998,69.48638799999753,Win,TP
2024-12-26 02:00:00,2024-12-26 02:05:00,long,22734.614304,22719.974955,22763.893001999993,22719.974955,-14.63934899999731,Loss,SL
2024-12-26 03:50:00,2024-12-26 08:30:00,short,22602.650599,22663.683438,22480.584921,22663.683438,-61.03283899999951,Loss,SL
2024-12-26 03:50:00,2024-12-26 08:30:00,short,22602.650599,22663.683438,22480.584921,22663.683438,-61.03283899999951,Loss,SL
2024-12-27 02:00:00,2024-12-27 06:00:00,short,22586.928361,22625.795421,22509.194240999997,22625.795421,-38.86706000000049,Loss,SL
2024-12-27 02:00:00,2024-12-27 06:00:00,short,22586.928361,22625.795421,22509.194240999997,22625.795421,-38.86706000000049,Loss,SL
2024-12-27 02:00:00,2024-12-27 06:00:00,short,22586.928361,22625.795421,22509.194240999997,22625.795421,-38.86706000000049,Loss,SL
2024-12-27 02:00:00,2024-12-27 06:00:00,short,22586.928361,22625.795421,22509.194240999997,22625.795421,-38.86706000000049,Loss,SL
2024-12-27 03:10:00,2024-12-27 06:05:00,long,22593.887384,22575.124169,22631.413814000007,22631.413814000007,37.52643000000535,Win,TP
2024-12-30 02:00:00,2024-12-30 02:05:00,short,22313.722253,22326.55741,22288.051938999997,22326.55741,-12.835157000001345,Loss,SL
2024-12-30 05:55:00,2024-12-30 06:30:00,short,22316.815152,22337.382558,22275.680339999995,22275.680339999995,41.134812000003876,Win,TP
2024-12-31 02:50:00,2024-12-31 03:10:00,long,22056.496125,22027.423245,22114.641885,22114.641885,58.14575999999943,Win,TP
2024-12-31 05:15:00,2024-12-31 06:05:00,short,22150.571813,22176.294051,22099.127336999994,22176.294051,-25.722238000002108,Loss,SL
2024-12-31 04:55:00,2024-12-31 05:05:00,short,22162.170185,22183.768558,22118.973438999998,22183.768558,-21.59837300000072,Loss,SL
2024-12-31 05:35:00,2024-12-31 06:55:00,long,22161.654702,22142.118262,22200.727582,22142.118262,-19.536439999999857,Loss,SL
2025-01-03 04:50:00,2025-01-03 07:00:00,short,21890.768269,21915.717282,21840.870242999998,21915.717282,-24.949013000001287,Loss,SL
2025-01-03 04:00:00,2025-01-03 08:20:00,short,21911.903081,21941.491443,21852.726357000003,21941.491443,-29.588361999998597,Loss,SL
2025-01-06 02:00:00,2025-01-06 03:00:00,long,22246.967175,22222.275904,22296.34971700001,22296.34971700001,49.38254200000665,Win,TP
2025-01-06 02:00:00,2025-01-06 03:00:00,long,22246.967175,22222.275904,22296.34971700001,22296.34971700001,49.38254200000665,Win,TP
2025-01-06 04:50:00,2025-01-06 05:05:00,short,22339.496414,22358.001887,22302.485468000006,22358.001887,-18.505472999997437,Loss,SL
2025-01-07 03:55:00,2025-01-07 04:10:00,short,22400.323434,22421.148582,22358.673138000002,22421.148582,-20.8251479999999,Loss,SL
2025-01-07 03:45:00,2025-01-07 04:15:00,short,22408.828907,22436.355337,22353.776046999996,22436.355337,-27.52643000000171,Loss,SL
2025-01-07 03:35:00,2025-01-07 03:45:00,long,22439.757901,22417.386303,22484.501097000004,22417.386303,-22.37159800000154,Loss,SL
2025-01-07 05:30:00,2025-01-07 07:55:00,short,22408.828907,22448.984676,22328.517368999997,22448.984676,-40.15576900000087,Loss,SL
2025-01-07 05:30:00,2025-01-07 07:55:00,short,22408.828907,22448.984676,22328.517368999997,22448.984676,-40.15576900000087,Loss,SL
2025-01-07 04:25:00,2025-01-07 05:35:00,short,22432.541135,22446.40726,22404.808885,22404.808885,27.73225000000093,Win,TP
2025-01-07 05:30:00,2025-01-07 07:55:00,short,22408.828907,22448.984676,22328.517368999997,22448.984676,-40.15576900000087,Loss,SL
2025-01-08 04:30:00,2025-01-08 05:25:00,short,22092.064467,22118.044447,22040.104507,22040.104507,51.95996000000014,Win,TP
2025-01-08 04:40:00,2025-01-08 05:20:00,long,22100.827682,22083.610917,22135.261211999994,22083.610917,-17.216764999997395,Loss,SL
2025-01-08 05:10:00,2025-01-08 05:25:00,short,22096.446074,22119.590897,22050.156428000002,22050.156428000002,46.28964599999745,Win,TP
2025-01-08 05:10:00,2025-01-08 05:25:00,short,22096.446074,22119.590897,22050.156428000002,22050.156428000002,46.28964599999745,Win,TP
2025-01-09 05:00:00,2025-01-09 17:30:00,short,21963.709145,21999.225564,21892.676307,21892.676307,71.03283799999917,Win,TP
2025-01-09 05:20:00,2025-01-09 05:40:00,long,21963.966886,21945.461413,22000.977831999993,21945.461413,-18.505472999997437,Loss,SL
2025-01-09 05:40:00,2025-01-09 05:50:00,short,21943.605299,21970.616245,21889.583406999995,21970.616245,-27.01094600000215,Loss,SL
2025-01-10 03:25:00,2025-01-10 03:40:00,short,21931.233702,21954.120782,21885.459542,21954.120782,-22.887080000000424,Loss,SL
2025-01-13 02:00:00,2025-01-13 02:05:00,short,21545.39451,21555.909993,21524.363543999993,21555.909993,-10.51548300000286,Loss,SL
2025-01-10 06:00:00,2025-01-10 06:10:00,short,21969.121718,21993.81299,21919.739174,21919.739174,49.38254400000005,Win,TP
2025-01-10 05:50:00,2025-01-10 07:30:00,short,21980.462349,22013.916836,21913.553375000003,21913.553375000003,66.90897399999812,Win,TP
2025-01-13 02:10:00,2025-01-13 02:20:00,short,21536.889036,21559.776117,21491.114874,21491.114874,45.774162000001525,Win,TP
2025-01-14 02:55:00,2025-01-14 05:20:00,short,21776.846476,21807.981289,21714.576849999998,21714.576849999998,62.26962600000115,Win,TP
2025-01-14 05:00:00,2025-01-14 05:50:00,short,21734.061369,21757.979416,21686.225275,21686.225275,47.83609399999841,Win,TP
2025-01-14 05:00:00,2025-01-14 05:50:00,short,21734.061369,21757.979416,21686.225275,21686.225275,47.83609399999841,Win,TP
2025-01-16 04:25:00,2025-01-16 06:00:00,long,22168.871467,22148.819544,22208.975313,22148.819544,-20.05192299999908,Loss,SL
2025-01-16 04:20:00,2025-01-16 06:05:00,long,22162.94341,22140.05633,22208.71757,22140.05633,-22.887080000000424,Loss,SL
2025-01-16 04:15:00,2025-01-16 06:45:00,long,22150.829554,22116.859585,22218.769492000003,22116.859585,-33.96996900000158,Loss,SL
2025-01-16 06:00:00,2025-01-16 08:30:00,short,22149.283105,22186.088232,22075.672851,22075.672851,73.61025399999926,Win,TP
2025-01-16 05:15:00,2025-01-16 05:50:00,short,22153.922454,22178.355984,22105.055393999995,22178.355984,-24.433530000002065,Loss,SL
2025-01-16 06:00:00,2025-01-16 08:30:00,short,22149.283105,22186.088232,22075.672851,22075.672851,73.61025399999926,Win,TP
2025-01-20 02:00:00,2025-01-20 02:25:00,long,22288.979058,22264.545528,22337.846118000005,22264.545528,-24.433530000002065,Loss,SL
2025-01-20 02:00:00,2025-01-20 02:25:00,long,22288.979058,22264.545528,22337.846118000005,22264.545528,-24.433530000002065,Loss,SL
2025-01-20 03:05:00,2025-01-20 04:05:00,long,22296.195823,22277.948092,22332.691284999997,22277.948092,-18.247730999999476,Loss,SL
2025-01-20 04:20:00,2025-01-20 06:10:00,long,22292.587441,22276.1439,22325.474523,22276.1439,-16.44354100000055,Loss,SL
2025-01-20 06:00:00,2025-01-20 06:20:00,short,22288.979058,22304.907115,22257.122944,22257.122944,31.85611400000198,Win,TP
2025-01-20 05:55:00,2025-01-20 06:15:00,short,22293.876149,22310.061947,22261.504553000002,22261.504553000002,32.371595999997226,Win,TP
2025-01-21 04:25:00,2025-01-21 04:50:00,long,22392.075702,22365.064756,22446.097593999995,22365.064756,-27.010945999998512,Loss,SL
2025-01-21 05:15:00,2025-01-21 07:45:00,short,22355.991877,22392.797004,22282.381623,22392.797004,-36.80512699999963,Loss,SL
2025-01-22 02:00:00,2025-01-22 06:40:00,long,22541.823579,22516.616824,22592.237089,22592.237089,50.413509999998496,Win,TP
2025-01-22 02:00:00,2025-01-22 06:40:00,long,22541.823579,22516.616824,22592.237089,22592.237089,50.413509999998496,Win,TP
2025-01-22 03:10:00,2025-01-22 04:10:00,long,22571.206122,22550.380975,22612.856416,22550.380975,-20.82514699999956,Loss,SL
2025-01-22 04:35:00,2025-01-22 07:40:00,long,22572.237089,22551.927424,22612.856418999992,22612.856418999992,40.61932999999408,Win,TP
2025-01-23 03:50:00,2025-01-23 04:50:00,long,22576.103213,22556.309032,22615.691574999993,22556.309032,-19.79418099999748,Loss,SL
2025-01-24 03:00:00,2025-01-24 08:45:00,long,22682.550498,22651.415686,22744.820122,22744.820122,62.269624000000476,Win,TP
2025-01-24 04:35:00,2025-01-24 06:00:00,short,22667.859227,22695.127914,22613.321853,22695.127914,-27.268686999999773,Loss,SL
2025-01-24 04:55:00,2025-01-24 05:35:00,long,22688.994039,22673.323723,22720.334671,22673.323723,-15.67031599999973,Loss,SL
2025-01-24 05:05:00,2025-01-24 06:05:00,short,22681.777274,22703.891129,22637.549564,22703.891129,-22.113854999999603,Loss,SL
2025-01-24 05:05:00,2025-01-24 06:05:00,short,22681.777274,22703.891129,22637.549564,22703.891129,-22.113854999999603,Loss,SL
2025-01-28 02:00:00,2025-01-28 02:05:00,long,22017.577141,21983.864913,22085.001597000002,21983.864913,-33.71222800000032,Loss,SL
2025-01-28 05:20:00,2025-01-28 05:35:00,short,22037.938729,22061.856776,21990.102635000003,21990.102635000003,47.83609399999841,Win,TP
2025-01-28 05:20:00,2025-01-28 05:35:00,short,22037.938729,22061.856776,21990.102635000003,21990.102635000003,47.83609399999841,Win,TP
2025-01-29 02:00:00,2025-01-29 03:00:00,long,22345.682212,22326.145773,22384.75509,22326.145773,-19.53643899999952,Loss,SL
2025-01-29 02:00:00,2025-01-29 03:00:00,long,22345.682212,22326.145773,22384.75509,22326.145773,-19.53643899999952,Loss,SL
2025-01-29 03:00:00,2025-01-29 05:55:00,short,22313.722253,22353.878021,22233.410717,22353.878021,-40.155768000000535,Loss,SL
2025-01-29 03:10:00,2025-01-29 03:20:00,long,22344.908988,22314.289659,22406.147646,22314.289659,-30.619329000001017,Loss,SL
2025-01-29 03:10:00,2025-01-29 03:20:00,long,22344.908988,22314.289659,22406.147646,22314.289659,-30.619329000001017,Loss,SL
2025-01-29 06:00:00,2025-01-29 07:05:00,short,22340.011897,22364.96091,22290.113870999998,22290.113870999998,49.898026000002574,Win,TP
2025-01-30 04:50:00,2025-01-30 05:10:00,short,22295.68034,22318.051937,22250.937145999997,22318.051937,-22.371597000001202,Loss,SL
2025-01-30 05:50:00,2025-01-30 06:15:00,short,22311.144837,22333.774176,22265.886159,22265.886159,45.258677999998326,Win,TP
2025-01-31 02:25:00,2025-01-31 03:30:00,short,22449.29434,22470.634971,22406.613078000002,22470.634971,-21.34063099999912,Loss,SL
2025-01-31 04:50:00,2025-01-31 05:15:00,short,22447.232407,22476.82077,22388.055681,22476.82077,-29.588362999998935,Loss,SL
2025-02-04 02:00:00,2025-02-04 02:10:00,long,22050.052584,22035.928719,22078.300314000004,22035.928719,-14.123865000001388,Loss,SL
2025-02-04 02:00:00,2025-02-04 02:10:00,long,22050.052584,22035.928719,22078.300314000004,22035.928719,-14.123865000001388,Loss,SL
2025-02-04 02:20:00,2025-02-04 02:25:00,long,22060.104507,22032.320336,22115.672849,22032.320336,-27.784170999999333,Loss,SL
2025-02-04 03:40:00,2025-02-04 04:10:00,short,22026.855839,22045.619054,21989.329409,22045.619054,-18.763214999999036,Loss,SL
2025-02-05 02:35:00,2025-02-05 07:30:00,short,22159.850511,22211.862393,22055.826747000003,22211.862393,-52.01188199999888,Loss,SL
2025-02-05 03:00:00,2025-02-05 03:40:00,long,22160.881477,22112.220236,22258.203958999995,22112.220236,-48.66124099999797,Loss,SL
2025-02-05 05:10:00,2025-02-05 07:25:00,long,22151.602779,22131.293115,22192.222107,22192.222107,40.61932800000068,Win,TP
2025-02-07 02:00:00,2025-02-07 02:20:00,long,22541.565837,22527.18423,22570.329050999997,22527.18423,-14.381606999999349,Loss,SL
2025-02-07 02:00:00,2025-02-07 02:20:00,long,22541.565837,22527.18423,22570.329050999997,22527.18423,-14.381606999999349,Loss,SL
2025-02-07 02:00:00,2025-02-07 02:20:00,long,22541.565837,22527.18423,22570.329050999997,22527.18423,-14.381606999999349,Loss,SL
2025-02-07 02:50:00,2025-02-07 03:05:00,short,22522.235216,22538.678756,22489.348136,22538.678756,-16.443540000000212,Loss,SL
2025-02-07 02:45:00,2025-02-07 05:40:00,short,22527.905532,22546.153263,22491.41007,22546.153263,-18.247730999999476,Loss,SL
2025-02-07 05:20:00,2025-02-07 05:35:00,short,22524.297149,22538.936498,22495.018451000007,22538.936498,-14.63934899999731,Loss,SL
2025-02-07 04:00:00,2025-02-07 04:25:00,short,22530.225206,22542.287139,22506.101339999997,22542.287139,-12.061933000000863,Loss,SL
2025-02-07 05:40:00,2025-02-07 07:05:00,long,22545.431961,22525.895522,22584.504838999997,22525.895522,-19.53643899999952,Loss,SL
2025-02-10 02:00:00,2025-02-10 02:20:00,short,22367.847991,22382.229598,22339.084776999993,22382.229598,-14.381607000002987,Loss,SL
2025-02-10 02:00:00,2025-02-10 02:20:00,short,22367.847991,22382.229598,22339.084776999993,22382.229598,-14.381607000002987,Loss,SL
2025-02-10 02:00:00,2025-02-10 02:20:00,short,22367.847991,22382.229598,22339.084776999993,22382.229598,-14.381607000002987,Loss,SL
2025-02-10 02:30:00,2025-02-10 04:15:00,short,22366.817025,22389.961847,22320.527381000004,22389.961847,-23.144821999998385,Loss,SL
2025-02-10 03:00:00,2025-02-10 05:35:00,long,22372.745082,22346.50736,22425.220526000005,22425.220526000005,52.475444000003336,Win,TP
2025-02-10 05:00:00,2025-02-10 05:15:00,short,22392.075702,22410.581176,22355.064753999995,22410.581176,-18.505474000001414,Loss,SL
2025-02-11 02:15:00,2025-02-11 04:40:00,long,22437.438226,22408.107605,22496.099467999993,22408.107605,-29.330620999997336,Loss,SL
2025-02-11 02:30:00,2025-02-11 02:40:00,short,22428.932753,22445.376293,22396.045673,22445.376293,-16.443540000000212,Loss,SL
2025-02-11 04:20:00,2025-02-11 07:25:00,short,22424.551146,22445.891776,22381.869886000004,22381.869886000004,42.681259999997565,Win,TP
2025-02-11 06:00:00,2025-02-11 08:30:00,short,22413.210515,22454.139508,22331.352528999996,22454.139508,-40.928993000001356,Loss,SL
2025-02-11 06:00:00,2025-02-11 08:30:00,short,22413.210515,22454.139508,22331.352528999996,22454.139508,-40.928993000001356,Loss,SL
2025-02-11 06:00:00,2025-02-11 08:30:00,short,22413.210515,22454.139508,22331.352528999996,22454.139508,-40.928993000001356,Loss,SL
2025-02-12 04:55:00,2025-02-12 06:55:00,long,22465.789803,22443.418206,22510.532997000002,22510.532997000002,44.743194000002404,Win,TP
2025-02-12 03:45:00,2025-02-12 04:55:00,short,22441.30435,22458.005632,22407.901785999995,22458.005632,-16.70128200000181,Loss,SL
2025-02-12 05:05:00,2025-02-12 06:10:00,short,22451.614015,22477.851736,22399.138572999997,22477.851736,-26.23772100000133,Loss,SL
2025-02-13 03:25:00,2025-02-13 04:05:00,long,22501.615887,22486.203313,22532.441034999996,22486.203313,-15.41257399999813,Loss,SL
2025-02-13 03:15:00,2025-02-13 07:30:00,long,22493.368156,22460.429152,22559.246164,22559.246164,65.87800799999968,Win,TP
2025-02-13 05:45:00,2025-02-13 07:30:00,short,22504.193303,22540.740689,22431.098531000003,22540.740689,-36.54738599999837,Loss,SL
2025-02-17 02:25:00,2025-02-17 04:45:00,short,22922.507938,22945.910502,22875.70281,22945.910502,-23.402563999999984,Loss,SL
2025-02-17 02:25:00,2025-02-17 04:45:00,short,22922.507938,22945.910502,22875.70281,22945.910502,-23.402563999999984,Loss,SL
2025-02-18 02:00:00,2025-02-18 02:05:00,long,22980.757543,22969.726576,23002.819476999997,22969.726576,-11.030966999998782,Loss,SL
2025-02-18 02:00:00,2025-02-18 02:05:00,long,22980.757543,22969.726576,23002.819476999997,22969.726576,-11.030966999998782,Loss,SL
2025-02-18 02:00:00,2025-02-18 02:05:00,long,22980.757543,22969.726576,23002.819476999997,22969.726576,-11.030966999998782,Loss,SL
2025-02-18 02:20:00,2025-02-18 03:55:00,long,22985.654633,22961.221103,23034.521692999995,22961.221103,-24.433529999998427,Loss,SL
2025-02-18 02:30:00,2025-02-18 07:40:00,short,22979.211093,22997.974308,22941.684663000004,22997.974308,-18.763214999999036,Loss,SL
2025-02-18 05:00:00,2025-02-18 06:00:00,long,22975.60271,22957.870462,23011.067206,22957.870462,-17.732248000000254,Loss,SL
2025-02-19 02:45:00,2025-02-19 04:25:00,short,22947.508875,22967.818539,22906.889547,22906.889547,40.61932800000068,Win,TP
2025-02-19 06:00:00,2025-02-19 07:20:00,long,22933.590828,22886.218294,23028.335896000004,22886.218294,-47.372534000001906,Loss,SL
2025-02-19 06:00:00,2025-02-19 07:20:00,long,22933.590828,22886.218294,23028.335896000004,22886.218294,-47.372534000001906,Loss,SL
2025-02-19 06:00:00,2025-02-19 07:20:00,long,22933.590828,22886.218294,23028.335896000004,22886.218294,-47.372534000001906,Loss,SL
2025-02-20 05:05:00,2025-02-20 08:05:00,short,22888.486046,22907.764744,22849.928650000005,22907.764744,-19.278697999998258,Loss,SL
2025-02-21 02:00:00,2025-02-21 03:00:00,short,22812.194529,22839.9787,22756.626187,22839.9787,-27.784170999999333,Loss,SL
2025-02-21 04:50:00,2025-02-21 06:20:00,long,22854.464153,22834.669972,22894.052515000003,22894.052515000003,39.588362000002235,Win,TP
2025-02-24 02:45:00,2025-02-24 08:30:00,long,22435.118552,22407.592122,22490.171412000003,22407.592122,-27.52643000000171,Loss,SL
2025-02-24 02:35:00,2025-02-24 02:45:00,short,22400.838917,22423.210515,22356.095721000005,22423.210515,-22.371597999997903,Loss,SL
2025-02-24 05:55:00,2025-02-24 06:00:00,long,22451.614015,22424.86081,22505.120425,22424.86081,-26.75320500000089,Loss,SL
2025-02-25 02:20:00,2025-02-25 04:55:00,short,22027.371323,22064.17645,21953.761069,21953.761069,73.61025399999926,Win,TP
2025-02-25 02:20:00,2025-02-25 04:55:00,short,22027.371323,22064.17645,21953.761069,21953.761069,73.61025399999926,Win,TP
2025-02-26 02:55:00,2025-02-26 06:50:00,long,21950.564322,21930.254658,21991.18364999999,21930.254658,-20.3096639999967,Loss,SL
2025-02-28 02:00:00,2025-02-28 02:20:00,short,21267.549053,21282.446143,21237.754872999994,21282.446143,-14.897090000002208,Loss,SL
2025-02-28 03:00:00,2025-02-28 03:15:00,short,21284.302257,21314.921586,21223.063598999997,21314.921586,-30.619329000001017,Loss,SL
2025-02-28 04:55:00,2025-02-28 05:40:00,short,21296.416113,21316.983519,21255.281300999995,21316.983519,-20.567406000001938,Loss,SL
2025-02-28 05:30:00,2025-02-28 06:05:00,short,21296.673855,21320.849643,21248.322279,21248.322279,48.35157600000093,Win,TP
2025-02-28 05:40:00,2025-02-28 06:00:00,long,21312.653835,21292.859653,21352.242199000004,21292.859653,-19.794182000001456,Loss,SL
2025-03-03 03:15:00,2025-03-03 05:55:00,long,21618.593127,21584.880899,21686.017583,21686.017583,67.42445600000065,Win,TP
2025-03-03 02:35:00,2025-03-03 03:50:00,long,21585.859942,21546.992882,21663.594062,21663.594062,77.73412000000098,Win,TP
2025-03-03 02:35:00,2025-03-03 03:50:00,long,21585.859942,21546.992882,21663.594062,21663.594062,77.73412000000098,Win,TP
2025-03-04 02:00:00,2025-03-04 02:15:00,short,21123.986975,21154.606304,21062.748316999998,21154.606304,-30.619329000001017,Loss,SL
2025-03-05 02:00:00,2025-03-05 02:15:00,long,21164.452408,21147.235643,21198.885938000003,21198.885938000003,34.433530000002065,Win,TP
2025-03-05 02:15:00,2025-03-05 03:00:00,long,21208.01074,21161.15369,21301.724840000006,21161.15369,-46.857050000002346,Loss,SL
2025-03-05 05:50:00,2025-03-05 10:30:00,short,21092.80024,21200.742052,20876.916616,20876.916616,215.88362400000187,Win,TP
2025-03-06 04:30:00,2025-03-06 04:50:00,short,21049.241908,21072.38673,21002.952264000003,21002.952264000003,46.28964399999677,Win,TP
2025-03-06 05:40:00,2025-03-06 06:15:00,long,21049.241908,21010.374847,21126.97603,21010.374847,-38.86706100000083,Loss,SL
2025-03-07 02:00:00,2025-03-07 02:05:00,short,20792.789005,20808.974803,20760.417408999994,20808.974803,-16.18579800000225,Loss,SL
2025-03-07 03:40:00,2025-03-07 03:45:00,short,20816.758975,20833.97574,20782.325445,20833.97574,-17.216765000001033,Loss,SL
2025-03-07 03:45:00,2025-03-07 04:05:00,long,20833.769921,20805.728008,20889.853747,20805.728008,-28.041913000000932,Loss,SL
2025-03-07 03:55:00,2025-03-07 05:00:00,short,20822.687032,20845.316371,20777.428354000003,20777.428354000003,45.258677999998326,Win,TP
2025-03-07 05:35:00,2025-03-07 05:40:00,long,20825.006706,20806.243491,20862.533136,20806.243491,-18.763214999999036,Loss,SL
2025-03-11 02:55:00,2025-03-11 04:00:00,long,20085.288282,20038.431231,20179.002384000007,20179.002384000007,93.71410200000537,Win,TP
2025-03-11 02:55:00,2025-03-11 04:00:00,long,20085.288282,20038.431231,20179.002384000007,20179.002384000007,93.71410200000537,Win,TP
2025-03-11 05:00:00,2025-03-11 06:35:00,short,20113.124376,20171.579799,19996.21353,20171.579799,-58.45542299999943,Loss,SL
2025-03-12 05:05:00,2025-03-12 06:00:00,short,20141.475953,20167.198191,20090.031477000004,20167.198191,-25.72223799999847,Loss,SL
2025-03-13 02:20:00,2025-03-13 02:35:00,long,20102.299228,20060.339268,20186.219148,20060.339268,-41.95996000000014,Loss,SL
2025-03-13 03:55:00,2025-03-13 04:35:00,long,20096.371171,20060.59701,20167.919492999994,20167.919492999994,71.5483219999951,Win,TP
2025-03-13 03:35:00,2025-03-13 03:45:00,short,20049.204456,20080.59701,19986.419347999996,20080.59701,-31.392554000001837,Loss,SL
2025-03-14 02:00:00,2025-03-14 02:45:00,short,19992.501302,20022.605147,19932.293612000005,20022.605147,-30.10384499999782,Loss,SL
2025-03-13 06:00:00,2025-03-13 07:10:00,short,20167.250114,20207.148141,20087.454059999993,20087.454059999993,79.79605400000582,Win,TP
2025-03-13 05:55:00,2025-03-13 06:25:00,short,20181.425903,20208.694591,20126.888527,20126.888527,54.53737600000022,Win,TP
2025-03-14 02:30:00,2025-03-14 02:40:00,short,19975.748097,20000.954852,19925.334587,20000.954852,-25.206754999999248,Loss,SL
2025-03-14 02:40:00,2025-03-14 03:00:00,long,20008.996765,19977.088728,20072.812839000002,19977.088728,-31.90803700000106,Loss,SL
2025-03-14 02:55:00,2025-03-14 03:15:00,short,19992.24356,20023.378372,19929.973936,20023.378372,-31.134812000000238,Loss,SL
2025-03-14 05:45:00,2025-03-14 07:30:00,long,20050.750906,20009.821913,20132.608892000004,20132.608892000004,81.85798600000271,Win,TP
2025-03-18 04:55:00,2025-03-18 07:55:00,short,20382.716231,20415.668591,20316.811510999993,20316.811510999993,65.90472000000591,Win,TP
2025-03-18 04:45:00,2025-03-18 05:00:00,short,20402.608277,20419.238958,20369.346914999995,20369.346914999995,33.26136200000474,Win,TP
2025-03-18 04:35:00,2025-03-18 05:05:00,short,20403.883408,20429.184981,20353.280262000007,20353.280262000007,50.60314599999401,Win,TP
2025-03-18 05:55:00,2025-03-18 06:25:00,long,20383.226283,20359.199841,20431.279166999997,20359.199841,-24.026441999998497,Loss,SL
2025-03-19 02:00:00,2025-03-19 02:40:00,short,20115.70377,20145.595816,20055.919678,20055.919678,59.78409200000169,Win,TP
2025-03-19 03:30:00,2025-03-19 04:10:00,long,20139.676236,20103.153508,20212.721692,20103.153508,-36.522727999999915,Loss,SL
2025-03-19 03:25:00,2025-03-19 05:00:00,long,20117.233928,20089.127065,20173.447654000003,20173.447654000003,56.21372600000177,Win,TP
2025-03-19 04:25:00,2025-03-19 06:40:00,long,20138.401105,20115.394767,20184.413781,20184.413781,46.012675999998464,Win,TP
2025-03-21 02:00:00,2025-03-21 02:15:00,long,20280.70574,20268.920556,20304.276108000002,20268.920556,-11.7851840000003,Loss,SL
2025-03-21 05:00:00,2025-03-21 05:30:00,long,20221.029602,20184.251848,20294.585109999996,20184.251848,-36.77775399999882,Loss,SL
2025-03-21 05:30:00,2025-03-21 07:10:00,short,20185.835983,20227.969288,20101.569373000002,20227.969288,-42.13330499999938,Loss,SL
2025-03-24 02:00:00,2025-03-24 03:00:00,long,20550.013436,20535.422964,20579.19438,20579.19438,29.180943999999727,Win,TP
2025-03-24 02:00:00,2025-03-24 03:00:00,long,20550.013436,20535.422964,20579.19438,20579.19438,29.180943999999727,Win,TP
2025-03-24 04:30:00,2025-03-24 05:20:00,short,20588.012344,20616.374233,20531.288566,20616.374233,-28.361888999999792,Loss,SL
2025-03-24 03:15:00,2025-03-24 06:10:00,short,20609.689574,20643.917065,20541.234591999997,20643.917065,-34.227491000001464,Loss,SL
2025-03-24 04:00:00,2025-03-24 05:30:00,short,20607.90439,20629.38057,20564.952029999997,20629.38057,-21.476180000001477,Loss,SL
2025-03-24 05:20:00,2025-03-24 06:10:00,long,20614.790098,20595.354128,20653.662038000006,20653.662038000006,38.87194000000454,Win,TP
2025-03-25 02:00:00,2025-03-25 02:55:00,long,20769.591018,20748.624891,20811.523272,20748.624891,-20.966126999999688,Loss,SL
2025-03-25 04:50:00,2025-03-25 05:10:00,long,20752.249235,20731.283107,20794.181491,20731.283107,-20.966128000000026,Loss,SL
2025-03-25 04:30:00,2025-03-25 05:40:00,long,20733.63232,20710.370956,20780.155048000004,20780.155048000004,46.52272800000355,Win,TP
2025-03-25 04:30:00,2025-03-25 05:40:00,long,20733.63232,20710.370956,20780.155048000004,20780.155048000004,46.52272800000355,Win,TP
2025-03-25 03:55:00,2025-03-25 04:25:00,short,20711.955091,20732.921219,20670.022835,20732.921219,-20.966128000000026,Loss,SL
2025-03-26 05:35:00,2025-03-26 08:25:00,long,20876.191982,20851.145434,20926.285078000004,20851.145434,-25.046548000002076,Loss,SL
2025-03-27 02:00:00,2025-03-27 03:05:00,short,20502.578558,20533.745735,20440.244204000002,20440.244204000002,62.33435399999871,Win,TP
2025-03-27 03:55:00,2025-03-27 06:00:00,long,20516.349974,20474.726722,20599.596478000003,20474.726722,-41.62325200000123,Loss,SL
2025-03-27 03:35:00,2025-03-27 05:00:00,long,20491.61243,20467.841014,20539.155262,20539.155262,47.54283199999918,Win,TP
2025-03-27 05:45:00,2025-03-27 06:20:00,short,20500.793374,20524.054738,20454.270646000004,20454.270646000004,46.52272799999628,Win,TP
2025-03-27 04:45:00,2025-03-27 05:45:00,long,20524.255787,20500.739397,20571.288566999992,20500.739397,-23.516389999997045,Loss,SL
2025-03-27 05:25:00,2025-03-27 05:55:00,short,20517.625105,20533.235682,20486.403951,20486.403951,31.221153999998933,Win,TP
2025-03-28 03:45:00,2025-03-28 05:40:00,long,20306.973441,20277.846474,20365.22737499999,20365.22737499999,58.25393399999302,Win,TP
2025-03-31 02:00:00,2025-03-31 02:25:00,short,19608.966656,19632.738072,19561.423824,19632.738072,-23.77141599999959,Loss,SL
2025-03-31 05:30:00,2025-03-31 06:05:00,long,19600.040738,19576.779374,19646.563465999996,19576.779374,-23.26136399999814,Loss,SL
2025-04-01 03:40:00,2025-04-01 05:05:00,long,19854.811939,19826.705077,19911.025663,19826.705077,-28.106862000000547,Loss,SL
2025-04-01 03:40:00,2025-04-01 05:05:00,long,19854.811939,19826.705077,19911.025663,19826.705077,-28.106862000000547,Loss,SL
2025-04-02 02:00:00,2025-04-02 02:05:00,long,19950.701801,19939.42667,19973.252062999996,19939.42667,-11.27513099999851,Loss,SL
2025-04-02 02:00:00,2025-04-02 02:05:00,long,19950.701801,19939.42667,19973.252062999996,19939.42667,-11.27513099999851,Loss,SL
2025-04-02 04:45:00,2025-04-02 05:00:00,short,19922.138863,19943.87007,19878.676449,19878.676449,43.462414000001445,Win,TP
2025-04-02 05:55:00,2025-04-02 06:55:00,short,19862.462726,19881.898696,19823.590786000004,19823.590786000004,38.87193999999727,Win,TP
2025-04-03 02:05:00,2025-04-03 02:15:00,long,19466.662021,19420.19327,19559.599523,19420.19327,-46.46875100000034,Loss,SL
2025-04-03 02:30:00,2025-04-03 03:00:00,short,19464.366784,19498.084224,19396.93190400001,19498.084224,-33.717439999996714,Loss,SL
2025-04-03 04:45:00,2025-04-03 07:35:00,short,19428.663113,19489.158306,19307.672726999994,19307.672726999994,120.99038600000495,Win,TP
2025-04-04 03:30:00,2025-04-04 05:05:00,short,18965.790509,19019.65502,18858.061487,18858.061487,107.72902199999953,Win,TP
2025-04-04 03:30:00,2025-04-04 05:05:00,short,18965.790509,19019.65502,18858.061487,18858.061487,107.72902199999953,Win,TP
2025-04-07 04:15:00,2025-04-07 04:30:00,short,17106.394282,17181.42597,16956.330906000003,17181.42597,-75.03168799999912,Loss,SL
2025-04-08 03:10:00,2025-04-08 06:15:00,short,18142.565846,18200.765803,18026.165932000007,18200.765803,-58.199956999997084,Loss,SL
2025-04-08 03:10:00,2025-04-08 06:15:00,short,18142.565846,18200.765803,18026.165932000007,18200.765803,-58.199956999997084,Loss,SL
2025-04-08 03:55:00,2025-04-08 04:20:00,long,18184.9002,18143.276947,18268.146706000003,18143.276947,-41.62325300000157,Loss,SL
2025-04-08 04:50:00,2025-04-08 05:40:00,short,18106.352121,18155.371134,18008.314094999998,18155.371134,-49.019013000000996,Loss,SL
2025-04-08 04:40:00,2025-04-08 04:45:00,long,18153.531974,18125.425111,18209.745700000003,18125.425111,-28.106863000000885,Loss,SL
2025-04-08 05:35:00,2025-04-08 06:30:00,long,18147.66637,18109.868511,18223.262087999996,18223.262087999996,75.59571799999685,Win,TP
2025-04-08 06:00:00,2025-04-08 06:10:00,long,18158.887524,18131.800767,18213.061038000003,18131.800767,-27.086757000000944,Loss,SL
2025-04-09 04:45:00,2025-04-09 05:45:00,short,17586.608669,17649.654125,17460.517757,17649.654125,-63.04545599999983,Loss,SL
2025-04-09 05:50:00,2025-04-09 05:55:00,long,17682.753557,17615.627682,17817.005307000003,17615.627682,-67.12587500000154,Loss,SL
2025-04-09 06:00:00,2025-04-09 08:05:00,short,17381.567582,17607.574797,16929.553151999997,17607.574797,-226.00721500000145,Loss,SL
2025-04-09 05:55:00,2025-04-09 06:00:00,short,17594.769508,17732.792675,17318.723174000002,17318.723174000002,276.04633399999875,Win,TP
2025-04-10 02:00:00,2025-04-10 02:20:00,long,19533.223866,19475.788988,19648.093622,19475.788988,-57.434878000000026,Loss,SL
2025-04-10 05:50:00,2025-04-10 06:35:00,short,19257.79554,19321.351048,19130.684523999997,19321.351048,-63.55550800000128,Loss,SL
2025-04-10 05:30:00,2025-04-10 05:35:00,long,19342.719274,19303.646284,19420.865254,19303.646284,-39.07299000000057,Loss,SL
2025-04-11 04:50:00,2025-04-11 06:45:00,long,18971.14606,18861.175779,19191.086621999995,18861.175779,-109.97028099999807,Loss,SL
2025-04-11 04:35:00,2025-04-11 04:50:00,long,18872.45091,18825.21708,18966.91857,18966.91857,94.46766000000207,Win,TP
2025-04-14 02:00:00,2025-04-14 02:10:00,long,19501.600614,19467.883175,19569.035492,19467.883175,-33.71743900000001,Loss,SL
2025-04-14 04:10:00,2025-04-14 04:30:00,short,19496.500089,19523.586846,19442.326575000006,19442.326575000006,54.17351399999461,Win,TP
2025-04-14 03:30:00,2025-04-14 04:30:00,short,19516.392135,19550.874653,19447.427098999997,19447.427098999997,68.96503600000142,Win,TP
2025-04-14 06:00:00,2025-04-14 06:50:00,long,19521.492659,19474.25883,19615.960317,19474.25883,-47.233829000000696,Loss,SL
2025-04-14 06:00:00,2025-04-14 06:50:00,long,19521.492659,19474.25883,19615.960317,19474.25883,-47.233829000000696,Loss,SL
2025-04-14 05:45:00,2025-04-14 06:05:00,long,19478.903279,19452.581601,19531.54663499999,19531.54663499999,52.64335599999322,Win,TP
2025-04-15 04:30:00,2025-04-15 04:35:00,long,19403.16049,19382.959441,19443.562587999997,19382.959441,-20.20104899999933,Loss,SL
2025-04-15 04:35:00,2025-04-15 06:45:00,short,19370.772159,19412.140385,19288.035707000003,19288.035707000003,82.73645199999737,Win,TP
2025-04-15 04:35:00,2025-04-15 06:45:00,short,19370.772159,19412.140385,19288.035707000003,19288.035707000003,82.73645199999737,Win,TP
2025-04-16 03:25:00,2025-04-16 08:55:00,long,19030.312145,18902.235001,19286.466432999998,18902.235001,-128.07714399999895,Loss,SL
2025-04-16 03:25:00,2025-04-16 08:55:00,long,19030.312145,18902.235001,19286.466432999998,18902.235001,-128.07714399999895,Loss,SL
2025-04-16 03:25:00,2025-04-16 08:55:00,long,19030.312145,18902.235001,19286.466432999998,18902.235001,-128.07714399999895,Loss,SL
2025-04-16 03:25:00,2025-04-16 08:55:00,long,19030.312145,18902.235001,19286.466432999998,18902.235001,-128.07714399999895,Loss,SL
2025-04-17 03:00:00,2025-04-17 04:00:00,short,18970.125955,19004.608473,18901.160918999998,18901.160918999998,68.96503600000142,Win,TP
2025-04-17 05:05:00,2025-04-17 06:05:00,short,18932.127047,18964.569355,18867.242431000006,18867.242431000006,64.88461599999573,Win,TP
2025-04-21 03:10:00,2025-04-21 06:00:00,short,18537.346446,18566.983466,18478.072405999996,18566.983466,-29.63702000000194,Loss,SL
2025-04-21 04:40:00,2025-04-21 04:50:00,short,18510.05864,18533.57503,18463.025859999998,18533.57503,-23.516390000000683,Loss,SL
2025-04-23 04:40:00,2025-04-23 04:55:00,short,19194.038983,19226.736317,19128.644314999998,19226.736317,-32.69733400000041,Loss,SL
2025-04-23 04:30:00,2025-04-23 04:55:00,short,19202.454849,19223.420976,19160.522595000002,19223.420976,-20.966126999999688,Loss,SL
2025-04-25 03:50:00,2025-04-25 03:55:00,long,19812.222559,19785.900881,19864.865915000002,19785.900881,-26.321678000000247,Loss,SL
2025-04-25 04:35:00,2025-04-25 05:15:00,short,19773.968625,19798.760146,19724.385583000003,19798.760146,-24.791520999999193,Loss,SL
2025-04-25 05:00:00,2025-04-25 05:15:00,short,19766.317838,19796.974963,19705.003587999996,19796.974963,-30.657125000001543,Loss,SL
2025-04-28 03:40:00,2025-04-28 07:55:00,long,19884.650008,19856.798172,19940.353680000004,19940.353680000004,55.70367200000328,Win,TP
2025-04-29 02:00:00,2025-04-29 02:20:00,long,19936.675358,19915.454204,19979.117666,19979.117666,42.442307999997865,Win,TP
2025-04-28 05:30:00,2025-04-28 05:40:00,long,19901.226713,19877.710323,19948.259493,19877.710323,-23.516390000000683,Loss,SL
2025-04-28 05:30:00,2025-04-28 05:40:00,long,19901.226713,19877.710323,19948.259493,19877.710323,-23.516390000000683,Loss,SL
2025-04-29 02:00:00,2025-04-29 02:20:00,long,19936.675358,19915.454204,19979.117666,19979.117666,42.442307999997865,Win,TP
2025-04-29 02:00:00,2025-04-29 02:20:00,long,19936.675358,19915.454204,19979.117666,19979.117666,42.442307999997865,Win,TP
2025-04-29 03:05:00,2025-04-29 03:45:00,short,19957.587509,19986.45945,19899.843627000006,19986.45945,-28.871940999997605,Loss,SL
2025-04-29 03:00:00,2025-04-29 05:45:00,short,19970.848873,20015.022387,19882.501844999995,19882.501844999995,88.34702800000377,Win,TP
2025-04-29 03:00:00,2025-04-29 05:45:00,short,19970.848873,20015.022387,19882.501844999995,19882.501844999995,88.34702800000377,Win,TP
2025-04-29 03:00:00,2025-04-29 05:45:00,short,19970.848873,20015.022387,19882.501844999995,19882.501844999995,88.34702800000377,Win,TP
2025-04-30 02:00:00,2025-04-30 03:15:00,long,19966.513427,19945.802325,20007.935631000004,20007.935631000004,41.42220400000224,Win,TP
2025-04-30 02:00:00,2025-04-30 03:15:00,long,19966.513427,19945.802325,20007.935631000004,20007.935631000004,41.42220400000224,Win,TP
2025-04-30 03:20:00,2025-04-30 06:45:00,short,19980.284843,20010.941968,19918.970593000005,19918.970593000005,61.31424999999581,Win,TP
2025-04-30 03:20:00,2025-04-30 06:45:00,short,19980.284843,20010.941968,19918.970593000005,19918.970593000005,61.31424999999581,Win,TP
2025-04-30 04:25:00,2025-04-30 04:55:00,long,20002.472125,19983.036155,20041.344064999997,19983.036155,-19.435969999998633,Loss,SL
2025-05-01 02:00:00,2025-05-01 02:25:00,long,20312.839044,20291.362864,20355.791404000003,20355.791404000003,42.952360000002955,Win,TP
2025-05-01 05:35:00,2025-05-01 06:00:00,short,20395.467542,20413.628381,20359.145864,20413.628381,-18.160839000000124,Loss,SL
2025-05-02 02:00:00,2025-05-02 03:00:00,short,20340.636903,20364.153293,20293.604122999997,20293.604122999997,47.03278000000137,Win,TP
2025-05-02 04:45:00,2025-05-02 06:35:00,long,20324.570251,20303.094071,20367.522611000004,20303.094071,-21.476180000001477,Loss,SL
2025-05-02 04:40:00,2025-05-02 07:30:00,long,20321.509936,20288.557576,20387.414655999997,20387.414655999997,65.90471999999863,Win,TP
2025-05-05 04:20:00,2025-05-05 05:30:00,long,20420.460112,20391.588172,20478.203992000002,20391.588172,-28.871940000000905,Loss,SL
2025-05-05 05:30:00,2025-05-05 05:55:00,short,20401.078119,20415.668591,20371.897175000002,20415.668591,-14.590471999999863,Loss,SL
2025-05-07 03:05:00,2025-05-07 06:10:00,short,20391.642149,20423.829431,20327.267585,20423.829431,-32.18728199999896,Loss,SL
2025-05-07 05:25:00,2025-05-07 05:45:00,short,20385.521519,20405.722568,20345.119421000003,20405.722568,-20.20104899999933,Loss,SL
2025-05-07 05:40:00,2025-05-07 07:05:00,long,20402.863303,20366.340575,20475.908758999998,20366.340575,-36.522727999999915,Loss,SL
2025-05-08 03:05:00,2025-05-08 03:15:00,short,20565.825062,20590.106531,20517.262123999997,20590.106531,-24.28146900000138,Loss,SL
2025-05-08 05:30:00,2025-05-08 05:55:00,short,20642.332931,20663.299058,20600.400677,20663.299058,-20.966126999999688,Loss,SL
2025-05-08 06:00:00,2025-05-08 06:40:00,short,20650.49377,20674.520212,20602.440886000004,20602.440886000004,48.05288399999699,Win,TP
2025-05-12 03:45:00,2025-05-12 05:30:00,long,21303.360913,21264.032897,21382.016945,21382.016945,78.65603199999896,Win,TP
2025-05-13 02:00:00,2025-05-13 02:10:00,short,21268.932372,21282.757766,21241.281584,21282.757766,-13.825393999999505,Loss,SL
2025-05-12 05:40:00,2025-05-12 05:55:00,short,21344.930188,21379.922759,21274.945045999993,21379.922759,-34.9925710000025,Loss,SL
2025-05-12 05:50:00,2025-05-12 06:05:00,long,21360.996841,21338.245529,21406.499465,21406.499465,45.50262400000065,Win,TP
2025-05-13 02:00:00,2025-05-13 02:10:00,short,21268.932372,21282.757766,21241.281584,21282.757766,-13.825393999999505,Loss,SL
2025-05-13 03:15:00,2025-05-13 03:50:00,long,21274.032897,21249.496402,21323.105887,21249.496402,-24.536495000000286,Loss,SL
2025-05-13 04:50:00,2025-05-13 06:10:00,long,21293.669916,21271.428658,21338.152431999995,21338.152431999995,44.482515999996394,Win,TP
2025-05-13 04:25:00,2025-05-13 05:40:00,long,21278.623369,21255.617031,21324.636045,21324.636045,46.012675999998464,Win,TP
2025-05-14 02:20:00,2025-05-14 06:20:00,short,21732.315028,21780.05891,21636.827264000003,21780.05891,-47.74388199999885,Loss,SL
2025-05-14 05:20:00,2025-05-14 06:20:00,long,21714.973245,21680.745753,21783.428229000005,21783.428229000005,68.4549840000036,Win,TP
2025-05-14 04:20:00,2025-05-14 06:15:00,long,21704.007117,21669.269573,21773.482205,21773.482205,69.47508799999923,Win,TP
2025-05-14 04:30:00,2025-05-14 05:30:00,short,21696.101304,21720.637799,21647.028314,21720.637799,-24.536495000000286,Loss,SL
2025-05-14 05:20:00,2025-05-14 06:20:00,long,21714.973245,21680.745753,21783.428229000005,21783.428229000005,68.4549840000036,Win,TP
2025-05-14 06:00:00,2025-05-14 08:45:00,long,21758.837756,21710.838848,21854.835572000004,21710.838848,-47.99890800000139,Loss,SL
2025-05-16 04:10:00,2025-05-16 04:45:00,long,21889.411185,21870.485267,21927.263021000002,21870.485267,-18.92591800000082,Loss,SL
2025-05-19 02:00:00,2025-05-19 02:30:00,short,21619.593436,21643.874904,21571.030499999997,21643.874904,-24.28146800000104,Loss,SL
2025-05-19 02:55:00,2025-05-19 03:25:00,short,21620.613541,21645.405062,21571.030498999993,21571.030498999993,49.58304200000566,Win,TP
2025-05-20 03:30:00,2025-05-20 03:40:00,short,21865.948772,21880.79427,21836.257776000002,21880.79427,-14.84549799999877,Loss,SL
2025-05-20 04:00:00,2025-05-20 04:25:00,long,21879.975214,21849.31809,21941.289461999993,21849.31809,-30.657123999997566,Loss,SL
2025-05-20 05:05:00,2025-05-20 08:25:00,long,21872.324427,21845.747723,21925.477834999998,21845.747723,-26.576703999999154,Loss,SL
2025-05-21 02:00:00,2025-05-21 02:40:00,short,21744.301261,21759.656812,21713.590159,21759.656812,-15.35555100000056,Loss,SL
2025-05-21 02:35:00,2025-05-21 02:45:00,short,21741.240946,21763.737231,21696.248376000007,21763.737231,-22.496284999997442,Loss,SL
2025-05-21 03:15:00,2025-05-21 03:35:00,short,21758.072677,21771.643044,21730.931943,21730.931943,27.14073400000052,Win,TP
2025-05-21 03:05:00,2025-05-21 04:40:00,short,21759.602835,21786.179539,21706.449427000003,21706.449427000003,53.15340799999831,Win,TP
2025-05-21 05:55:00,2025-05-21 06:20:00,long,21728.489635,21708.03356,21769.401785000005,21769.401785000005,40.91215000000375,Win,TP
2025-05-21 05:35:00,2025-05-21 06:05:00,long,21698.906592,21676.665334,21743.389107999996,21743.389107999996,44.482515999996394,Win,TP
2025-05-22 02:00:00,2025-05-22 02:15:00,short,21645.096058,21659.176478,21616.935217999995,21616.935217999995,28.1608400000041,Win,TP
2025-05-22 02:00:00,2025-05-22 02:15:00,short,21645.096058,21659.176478,21616.935217999995,21616.935217999995,28.1608400000041,Win,TP
2025-05-22 02:00:00,2025-05-22 02:15:00,short,21645.096058,21659.176478,21616.935217999995,21616.935217999995,28.1608400000041,Win,TP
2025-05-22 02:00:00,2025-05-22 02:15:00,short,21645.096058,21659.176478,21616.935217999995,21616.935217999995,28.1608400000041,Win,TP
2025-05-22 03:00:00,2025-05-22 04:15:00,long,21640.505586,21605.002963,21711.510832,21605.002963,-35.50262300000031,Loss,SL
2025-05-22 02:40:00,2025-05-22 03:00:00,short,21598.426259,21630.103488,21535.071801,21630.103488,-31.677229000000807,Loss,SL
2025-05-22 03:40:00,2025-05-22 04:05:00,long,21635.915114,21611.123593,21685.498155999998,21611.123593,-24.791520999999193,Loss,SL
2025-05-23 03:45:00,2025-05-23 04:00:00,short,21622.143698,21633.418829,21599.593436000003,21599.593436000003,22.55026199999702,Win,TP
2025-05-23 05:35:00,2025-05-23 05:50:00,short,21572.413583,21601.795577,21513.649595000003,21601.795577,-29.381993999999395,Loss,SL
2025-05-23 05:00:00,2025-05-23 06:15:00,short,21601.231547,21627.2982,21549.098240999996,21549.098240999996,52.13330600000336,Win,TP
2025-05-26 05:20:00,2025-05-26 06:25:00,long,21699.926697,21683.551042,21732.678007,21683.551042,-16.375654999999824,Loss,SL
2025-05-26 05:05:00,2025-05-26 08:30:00,long,21689.470622,21672.83994,21722.731986,21722.731986,33.26136399999814,Win,TP
2025-05-26 06:00:00,2025-05-26 06:10:00,short,21686.410307,21703.296015,21652.638890999995,21703.296015,-16.885708000001614,Loss,SL
2025-05-27 03:45:00,2025-05-27 04:05:00,short,21736.9055,21770.112887,21670.490726000004,21770.112887,-33.20738699999856,Loss,SL
2025-05-27 04:10:00,2025-05-27 04:20:00,long,21778.219749,21755.468438,21823.722371,21755.468438,-22.751310999999987,Loss,SL
2025-05-27 04:00:00,2025-05-27 06:00:00,long,21762.918176,21728.435658,21831.883212,21728.435658,-34.48251800000071,Loss,SL
2025-05-27 05:45:00,2025-05-27 08:30:00,short,21737.670579,21767.817651,21677.376435000002,21677.376435000002,60.294143999999505,Win,TP
2025-05-27 04:35:00,2025-05-27 05:00:00,long,21775.924513,21752.408123,21822.957293000003,21752.408123,-23.516390000000683,Loss,SL
2025-05-27 04:30:00,2025-05-27 06:00:00,long,21763.173202,21728.690684,21832.138238000003,21728.690684,-34.48251800000071,Loss,SL
2025-05-28 05:00:00,2025-05-28 05:30:00,long,21867.223903,21844.727618,21912.216472999993,21912.216472999993,44.992569999994885,Win,TP
2025-05-28 04:15:00,2025-05-28 05:30:00,long,21859.573116,21834.781595,21909.156157999998,21909.156157999998,49.583041999998386,Win,TP
2025-05-30 02:50:00,2025-05-30 03:00:00,short,21781.790116,21802.756244,21739.85786,21802.756244,-20.966128000000026,Loss,SL
2025-05-30 05:10:00,2025-05-30 06:05:00,short,21782.810221,21823.413369,21701.603924999996,21823.413369,-40.603148000001966,Loss,SL
2025-06-02 03:25:00,2025-06-02 03:50:00,long,21682.83994,21654.478052,21739.563716000008,21654.478052,-28.36188800000309,Loss,SL
2025-06-02 03:05:00,2025-06-02 04:05:00,long,21672.893917,21643.001871,21732.678009000003,21643.001871,-29.892046000000846,Loss,SL
2025-06-03 02:30:00,2025-06-03 03:15:00,long,21876.149821,21833.76149,21960.926482999996,21833.76149,-42.38833099999829,Loss,SL
2025-06-03 02:40:00,2025-06-03 04:35:00,short,21857.532906,21893.800608,21784.997502,21893.800608,-36.26770200000101,Loss,SL
2025-06-04 02:20:00,2025-06-04 03:00:00,long,22127.860708,22108.169711,22167.242702000003,22167.242702000003,39.38199400000303,Win,TP
2025-06-04 03:50:00,2025-06-04 05:00:00,short,22160.504065,22183.255376,22115.001443,22183.255376,-22.751310999999987,Loss,SL
2025-06-04 06:00:00,2025-06-04 07:00:00,short,22178.100874,22196.771766,22140.759089999996,22196.771766,-18.670892000001913,Loss,SL
2025-06-05 04:10:00,2025-06-05 05:10:00,short,22208.959048,22236.555858,22153.765428000002,22236.555858,-27.596809999999095,Loss,SL
2025-06-05 03:50:00,2025-06-05 07:30:00,short,22232.931513,22258.488113,22181.818313,22181.818313,51.11319999999978,Win,TP
2025-06-05 05:05:00,2025-06-05 05:40:00,long,22232.931513,22205.844756,22287.105027,22205.844756,-27.086757000000944,Loss,SL
2025-06-05 04:50:00,2025-06-05 05:05:00,short,22213.54952,22234.770674,22171.107212000003,22234.770674,-21.221153999998933,Loss,SL
2025-06-05 05:00:00,2025-06-05 05:40:00,long,22227.575963,22203.294494,22276.138900999995,22203.294494,-24.28146899999774,Loss,SL
2025-06-06 04:50:00,2025-06-06 05:40:00,long,22120.464947,22103.834265,22153.726311,22103.834265,-16.63068199999907,Loss,SL
2025-06-09 02:00:00,2025-06-09 06:35:00,long,22208.959048,22187.227842,22252.42146,22252.42146,43.46241200000077,Win,TP
2025-06-09 04:45:00,2025-06-09 06:20:00,short,22221.965386,22237.320936,22191.254286,22237.320936,-15.355550000000221,Loss,SL
2025-06-09 06:00:00,2025-06-09 08:35:00,long,22227.575963,22202.019363,22278.689163,22202.019363,-25.55659999999989,Loss,SL
2025-06-09 06:00:00,2025-06-09 08:35:00,long,22227.575963,22202.019363,22278.689163,22202.019363,-25.55659999999989,Loss,SL
2025-06-10 02:25:00,2025-06-10 04:15:00,short,22237.011933,22275.064818,22160.906163000007,22275.064818,-38.05288499999733,Loss,SL
2025-06-10 03:10:00,2025-06-10 04:05:00,short,22201.818314,22263.078585,22079.297772,22263.078585,-61.26027099999919,Loss,SL
2025-06-10 03:10:00,2025-06-10 04:05:00,short,22201.818314,22263.078585,22079.297772,22263.078585,-61.26027099999919,Loss,SL
2025-06-10 03:10:00,2025-06-10 04:05:00,short,22201.818314,22263.078585,22079.297772,22263.078585,-61.26027099999919,Loss,SL
2025-06-11 03:05:00,2025-06-11 03:30:00,short,22363.759968,22389.061542,22313.156819999997,22389.061542,-25.301574000000983,Loss,SL
2025-06-11 05:55:00,2025-06-11 06:15:00,short,22370.135624,22386.51128,22337.384312,22337.384312,32.751312000000325,Win,TP
2025-06-12 04:30:00,2025-06-12 05:00:00,long,22264.809792,22235.682825,22323.063726,22235.682825,-29.12696700000015,Loss,SL
2025-06-12 05:20:00,2025-06-12 05:50:00,short,22212.274389,22256.447904,22123.927358999994,22256.447904,-44.173515000002226,Loss,SL
2025-06-12 05:20:00,2025-06-12 05:50:00,short,22212.274389,22256.447904,22123.927358999994,22256.447904,-44.173515000002226,Loss,SL
2025-06-16 03:00:00,2025-06-16 06:35:00,short,22194.657177,22233.186961,22117.597609000004,22233.186961,-38.52978399999847,Loss,SL
2025-06-16 05:50:00,2025-06-16 06:10:00,long,22211.068115,22191.97898,22249.246384999995,22191.97898,-19.08913499999835,Loss,SL
2025-06-17 03:25:00,2025-06-17 03:55:00,long,22274.187106,22252.320736,22317.919846,22252.320736,-21.866369999999733,Loss,SL
2025-06-17 04:50:00,2025-06-17 06:20:00,short,22247.929606,22279.895015,22183.998788000008,22279.895015,-31.965408999996725,Loss,SL
2025-06-17 05:50:00,2025-06-17 07:15:00,long,22250.454366,22221.266192,22308.830714000007,22308.830714000007,58.37634800000524,Win,TP
2025-06-18 03:10:00,2025-06-18 04:00:00,short,22239.597899,22264.746457,22189.300783,22264.746457,-25.148558000000776,Loss,SL
2025-06-18 03:35:00,2025-06-18 04:00:00,long,22240.355327,22223.033524,22274.998933000006,22274.998933000006,34.64360600000509,Win,TP
2025-06-19 04:50:00,2025-06-19 05:55:00,short,22049.735973,22069.33006,22010.547798999996,22069.33006,-19.59408700000131,Loss,SL
2025-06-19 05:50:00,2025-06-19 06:05:00,long,22063.369675,22034.93893,22120.231165000005,22034.93893,-28.43074500000148,Loss,SL
2025-06-19 05:20:00,2025-06-19 06:10:00,long,22046.201309,22023.325035,22091.953856999997,22023.325035,-22.876273999998375,Loss,SL
2025-06-19 05:20:00,2025-06-19 06:10:00,long,22046.201309,22023.325035,22091.953856999997,22023.325035,-22.876273999998375,Loss,SL
2025-06-20 03:30:00,2025-06-20 03:50:00,short,22122.954003,22142.043138,22084.775732999995,22084.775732999995,38.17827000000398,Win,TP
2025-06-20 04:50:00,2025-06-20 06:40:00,long,22117.399532,22091.24107,22169.716456,22169.716456,52.316923999998835,Win,TP
2025-06-24 02:00:00,2025-06-24 02:30:00,long,22580.440453,22544.182952,22652.955455,22544.182952,-36.25750100000005,Loss,SL
2025-06-24 03:30:00,2025-06-24 04:30:00,short,22528.68288,22563.173048,22459.702544,22563.173048,-34.49016800000027,Loss,SL
2025-06-25 02:10:00,2025-06-25 02:45:00,long,22649.871343,22630.02478,22689.564468999997,22630.02478,-19.84656299999915,Loss,SL
2025-06-25 05:30:00,2025-06-25 06:50:00,long,22664.009997,22640.123819,22711.782353000002,22711.782353000002,47.77235600000131,Win,TP
2025-06-25 05:25:00,2025-06-25 06:30:00,long,22653.406007,22636.084204,22688.049613000007,22688.049613000007,34.64360600000509,Win,TP
2025-06-26 04:20:00,2025-06-26 05:20:00,short,22778.381609,22794.945985,22745.252857000003,22794.945985,-16.564375999998447,Loss,SL
2025-06-27 04:20:00,2025-06-27 06:35:00,long,22964.20392,22949.406877,22993.798005999997,22993.798005999997,29.594085999997333,Win,TP
2025-06-27 04:35:00,2025-06-27 06:00:00,short,22960.921733,22976.72868,22929.307838999997,22976.72868,-15.806947000000946,Loss,SL
2025-06-30 03:00:00,2025-06-30 08:30:00,long,23103.570653,23073.372576,23163.966806999993,23073.372576,-30.198076999997284,Loss,SL
2025-06-30 04:05:00,2025-06-30 04:35:00,long,23106.347889,23089.278562,23140.486543000003,23140.486543000003,34.138654000002134,Win,TP
2025-07-01 02:10:00,2025-07-01 07:20:00,short,23067.971542,23093.625052,23016.664522,23016.664522,51.30702000000019,Win,TP
2025-07-01 03:50:00,2025-07-01 04:05:00,long,23067.46659,23056.456686,23089.486397999997,23056.456686,-11.009903999998642,Loss,SL
2025-07-01 04:25:00,2025-07-01 07:15:00,short,23056.862599,23076.456686,23017.674424999997,23017.674424999997,39.18817400000262,Win,TP
2025-07-03 02:45:00,2025-07-03 03:55:00,short,23118.214259,23136.798442,23081.045893000002,23081.045893000002,37.16836599999806,Win,TP
2025-07-04 03:50:00,2025-07-06 17:00:00,short,23158.86289,23190.070871,23096.446928,23190.070871,-31.207980999999563,Loss,SL
2025-07-04 04:50:00,2025-07-04 05:30:00,long,23176.283731,23153.154981,23222.541231,23153.154981,-23.128749999999854,Loss,SL
2025-07-07 02:00:00,2025-07-07 03:05:00,long,23170.72926,23152.397553,23207.392674000002,23152.397553,-18.331707000001188,Loss,SL
2025-07-07 02:00:00,2025-07-07 03:05:00,long,23170.72926,23152.397553,23207.392674000002,23152.397553,-18.331707000001188,Loss,SL
2025-07-07 04:35:00,2025-07-07 05:35:00,long,23166.437168,23141.036135,23217.239234000004,23217.239234000004,50.80206600000383,Win,TP
2025-07-08 03:35:00,2025-07-08 05:00:00,short,23169.971832,23183.758971,23142.397554,23142.397554,27.57427800000005,Win,TP
2025-07-08 04:10:00,2025-07-08 04:50:00,long,23173.25402,23157.699548,23204.362964,23157.699548,-15.554471999999805,Loss,SL
2025-07-09 02:45:00,2025-07-09 06:30:00,long,23126.798442,23104.42712,23171.541085999997,23171.541085999997,44.74264399999811,Win,TP
2025-07-09 03:20:00,2025-07-09 03:30:00,short,23108.367696,23125.184547,23074.733994000002,23125.184547,-16.816850999999588,Loss,SL
2025-07-09 03:45:00,2025-07-09 04:10:00,short,23112.659788,23129.729115,23078.521134000006,23129.729115,-17.06932699999743,Loss,SL
2025-07-09 05:30:00,2025-07-09 08:25:00,long,23155.833178,23134.724235,23198.051064,23198.051064,42.21788599999854,Win,TP
2025-07-09 05:30:00,2025-07-09 08:25:00,long,23155.833178,23134.724235,23198.051064,23198.051064,42.21788599999854,Win,TP
2025-07-10 02:00:00,2025-07-10 03:00:00,long,23219.962073,23203.650174,23252.585871,23252.585871,32.623798000000534,Win,TP
2025-07-10 04:20:00,2025-07-10 05:35:00,short,23247.481953,23272.630511,23197.184836999997,23272.630511,-25.148558000000776,Loss,SL
2025-07-10 04:20:00,2025-07-10 05:35:00,short,23247.481953,23272.630511,23197.184836999997,23272.630511,-25.148558000000776,Loss,SL
2025-07-10 05:40:00,2025-07-10 06:40:00,long,23271.972122,23257.427555,23301.061256,23301.061256,29.08913400000165,Win,TP
2025-07-11 05:15:00,2025-07-11 06:25:00,short,23104.580557,23126.446927,23060.847817,23126.446927,-21.866369999999733,Loss,SL
2025-07-14 02:30:00,2025-07-14 07:20:00,long,23062.669547,23028.431854,23131.144933000007,23131.144933000007,68.47538600000553,Win,TP
2025-07-14 05:30:00,2025-07-14 06:40:00,short,23102.813225,23121.397408,23065.644859000004,23121.397408,-18.58418299999903,Loss,SL
2025-07-14 04:00:00,2025-07-14 04:40:00,short,23109.630076,23124.42712,23080.035988000003,23124.42712,-14.797043999999005,Loss,SL
2025-07-15 03:00:00,2025-07-15 03:25:00,short,23376.749648,23401.64573,23326.957484000002,23401.64573,-24.896081999999296,Loss,SL
2025-07-15 03:00:00,2025-07-15 03:25:00,short,23376.749648,23401.64573,23326.957484000002,23401.64573,-24.896081999999296,Loss,SL
2025-07-17 02:30:00,2025-07-17 03:15:00,long,23349.229768,23328.625777,23390.43775,23328.625777,-20.60399099999995,Loss,SL
2025-07-17 04:15:00,2025-07-17 04:55:00,long,23350.997099,23337.20996,23378.571377,23337.20996,-13.787139000000025,Loss,SL
2025-07-18 02:55:00,2025-07-18 08:25:00,short,23500.210395,23523.086669,23454.457846999994,23523.086669,-22.876274000002013,Loss,SL
2025-07-18 03:45:00,2025-07-18 05:15:00,long,23510.814385,23497.784674,23536.873807000007,23497.784674,-13.029711000002862,Loss,SL
2025-07-21 03:40:00,2025-07-21 05:10:00,short,23514.601525,23531.418376,23480.96782299999,23531.418376,-16.816851000003226,Loss,SL
2025-07-21 04:35:00,2025-07-21 05:10:00,short,23517.883712,23531.670852,23490.309432,23531.670852,-13.787140000000363,Loss,SL
2025-07-21 04:30:00,2025-07-21 07:50:00,short,23521.670852,23536.972847,23491.066861999996,23491.066861999996,30.60399000000325,Win,TP
2025-07-21 05:10:00,2025-07-21 06:10:00,long,23529.245131,23508.64114,23570.453113,23508.64114,-20.60399099999995,Loss,SL
2025-07-22 02:00:00,2025-07-22 02:55:00,long,23556.007583,23531.111501,23605.799746999997,23531.111501,-24.896081999999296,Loss,SL
2025-07-22 02:00:00,2025-07-22 02:55:00,long,23556.007583,23531.111501,23605.799746999997,23531.111501,-24.896081999999296,Loss,SL
2025-07-23 03:45:00,2025-07-23 04:30:00,long,23506.77477,23489.705443,23540.913424000002,23489.705443,-17.069327000001067,Loss,SL
2025-07-25 03:20:00,2025-07-25 03:30:00,short,23588.829459,23605.141358,23556.205661,23605.141358,-16.311899000000267,Loss,SL
2025-07-25 05:30:00,2025-07-25 06:50:00,long,23614.582007,23595.240397,23653.265227,23595.240397,-19.34160999999949,Loss,SL
2025-07-28 03:00:00,2025-07-28 05:45:00,short,23771.622058,23792.478524,23729.909126000006,23729.909126000006,41.71293199999491,Win,TP
2025-07-29 02:00:00,2025-07-29 02:45:00,long,23781.973572,23768.186433,23809.54785,23809.54785,27.57427800000005,Win,TP
2025-07-29 02:00:00,2025-07-29 02:45:00,long,23781.973572,23768.186433,23809.54785,23809.54785,27.57427800000005,Win,TP
2025-07-29 02:00:00,2025-07-29 02:45:00,long,23781.973572,23768.186433,23809.54785,23809.54785,27.57427800000005,Win,TP
2025-07-29 02:00:00,2025-07-29 02:45:00,long,23781.973572,23768.186433,23809.54785,23809.54785,27.57427800000005,Win,TP
2025-07-30 02:00:00,2025-07-30 03:00:00,short,23727.438764,23745.265519,23691.785253999995,23745.265519,-17.826755000001867,Loss,SL
2025-07-30 04:15:00,2025-07-30 04:30:00,long,23726.933812,23710.874389,23759.052657999997,23710.874389,-16.059422999998787,Loss,SL
2025-07-31 02:20:00,2025-07-31 05:55:00,long,24034.702014,24011.320788,24081.464465999994,24011.320788,-23.381225999997696,Loss,SL
2025-07-31 03:50:00,2025-07-31 08:30:00,short,24032.682206,24068.182279,23961.682060000003,23961.682060000003,71.0001459999985,Win,TP
2025-07-31 05:45:00,2025-07-31 05:55:00,long,24037.731726,24018.642591,24075.909996000006,24018.642591,-19.08913500000199,Loss,SL
2025-07-31 05:45:00,2025-07-31 05:55:00,long,24037.731726,24018.642591,24075.909996000006,24018.642591,-19.08913500000199,Loss,SL
2025-08-04 03:05:00,2025-08-04 08:25:00,long,23265.660223,23235.967098,23325.046472999995,23325.046472999995,59.386249999995925,Win,TP
2025-08-05 04:55:00,2025-08-05 05:50:00,long,23579.740324,23560.146237,23618.928497999994,23618.928497999994,39.18817399999534,Win,TP
2025-08-07 02:00:00,2025-08-07 02:15:00,long,23709.260494,23693.201071,23741.379339999996,23741.379339999996,32.118845999997575,Win,TP
2025-08-06 06:00:00,2025-08-06 09:00:00,long,23396.947725,23356.650609,23477.541957000005,23477.541957000005,80.5942320000031,Win,TP
2025-08-07 04:00:00,2025-08-07 04:20:00,short,23783.99338,23800.810231,23750.359678,23800.810231,-16.816850999999588,Loss,SL
2025-08-07 04:35:00,2025-08-07 04:40:00,short,23804.948885,23823.533068,23767.780519000004,23823.533068,-18.58418299999903,Loss,SL
2025-08-08 03:00:00,2025-08-08 08:40:00,long,23780.711193,23750.765591,23840.602397,23840.602397,59.89120399999956,Win,TP
2025-08-08 05:10:00,2025-08-08 06:15:00,short,23800.90927,23812.929078,23776.869654,23812.929078,-12.019808000000921,Loss,SL
2025-08-11 04:25:00,2025-08-11 07:00:00,long,23956.686941,23940.879993,23988.300837000003,23988.300837000003,31.61389600000257,Win,TP
2025-08-11 05:45:00,2025-08-11 06:00:00,short,23945.577998,23970.726556,23895.280882,23970.726556,-25.148558000000776,Loss,SL
2025-08-12 05:25:00,2025-08-12 07:10:00,short,23868.572829,23889.429295,23826.859897,23889.429295,-20.85646600000109,Loss,SL
2025-08-13 04:55:00,2025-08-13 06:30:00,long,24244.762017,24223.653075,24286.979901000006,24223.653075,-21.10894200000257,Loss,SL
2025-08-15 03:10:00,2025-08-15 03:40:00,short,24181.39055,24198.459877,24147.251895999998,24147.251895999998,34.138654000002134,Win,TP
2025-08-15 05:15:00,2025-08-15 05:30:00,short,24121.30127,24134.835934,24094.231942000002,24134.835934,-13.534663999998884,Loss,SL
2025-08-18 02:00:00,2025-08-18 02:05:00,short,24052.122856,24062.122856,24032.122856,24032.122856,20.0,Win,TP
2025-08-18 02:00:00,2025-08-18 02:05:00,short,24052.122856,24062.122856,24032.122856,24032.122856,20.0,Win,TP
2025-08-18 03:30:00,2025-08-18 04:20:00,long,24020.058408,23984.305859,24091.563506000002,23984.305859,-35.75254900000073,Loss,SL
2025-08-18 05:00:00,2025-08-18 06:35:00,long,24005.414802,23982.538528,24051.167349999996,23982.538528,-22.876273999998375,Loss,SL
2025-08-19 03:10:00,2025-08-19 03:40:00,short,23989.003864,24009.355379,23948.300833999994,24009.355379,-20.35151500000211,Loss,SL
2025-08-19 03:25:00,2025-08-19 05:50:00,long,24005.414802,23987.335571,24041.573264,23987.335571,-18.07923099999971,Loss,SL
2025-08-19 03:20:00,2025-08-19 04:20:00,long,23997.588047,23978.751388,24035.261365000002,24035.261365000002,37.67331800000102,Win,TP
2025-08-19 03:35:00,2025-08-19 03:45:00,short,24001.122711,24015.414802,23972.538529,24015.414802,-14.292090999999346,Loss,SL
2025-08-19 05:30:00,2025-08-19 08:10:00,short,24007.43461,24025.766317,23970.771195999998,23970.771195999998,36.663414000002376,Win,TP
2025-08-20 03:45:00,2025-08-20 04:05:00,short,23643.364267,23658.161311,23613.770179000003,23658.161311,-14.797043999999005,Loss,SL
2025-08-20 06:00:00,2025-08-20 06:35:00,long,23681.488138,23641.94845,23760.567514000002,23641.94845,-39.53968800000075,Loss,SL
2025-08-20 06:00:00,2025-08-20 06:35:00,long,23681.488138,23641.94845,23760.567514000002,23641.94845,-39.53968800000075,Loss,SL
2025-08-21 03:15:00,2025-08-21 07:10:00,short,23555.755107,23589.235372,23488.794577000004,23488.794577000004,66.96052999999665,Win,TP
2025-08-21 04:45:00,2025-08-21 04:55:00,long,23559.037295,23541.715492,23593.680900999996,23541.715492,-17.32180299999891,Loss,SL
2025-08-21 05:50:00,2025-08-21 06:35:00,long,23546.918449,23518.487703,23603.779941000004,23518.487703,-28.430746000001818,Loss,SL
2025-08-21 05:20:00,2025-08-21 07:00:00,long,23532.527318,23493.492582,23610.596790000003,23493.492582,-39.03473600000143,Loss,SL
2025-08-22 04:35:00,2025-08-22 04:55:00,short,23466.378616,23482.185563,23434.764722000007,23482.185563,-15.806946999997308,Loss,SL
2025-08-22 05:25:00,2025-08-22 06:20:00,long,23498.948015,23480.868784,23535.10647700001,23480.868784,-18.079231000003347,Loss,SL
2025-08-25 03:40:00,2025-08-25 08:30:00,short,23746.879413,23775.562635,23689.512969,23689.512969,57.36644399999932,Win,TP
2025-08-25 04:55:00,2025-08-25 05:25:00,long,23736.780375,23712.894197,23784.552730999992,23712.894197,-23.886177999997017,Loss,SL
2025-08-25 04:55:00,2025-08-25 05:25:00,long,23736.780375,23712.894197,23784.552730999992,23712.894197,-23.886177999997017,Loss,SL
2025-08-26 03:55:00,2025-08-26 04:15:00,short,23691.334701,23707.141648,23659.720806999998,23707.141648,-15.806947000000946,Loss,SL
2025-08-26 05:00:00,2025-08-26 06:30:00,long,23722.894197,23693.201071,23782.280449000005,23693.201071,-29.69312600000194,Loss,SL
2025-08-27 03:00:00,2025-08-27 06:15:00,short,23823.127155,23842.721242,23783.938980999996,23842.721242,-19.59408700000131,Loss,SL
2025-08-29 02:15:00,2025-08-29 02:50:00,short,23956.686941,23973.503792,23923.053239,23923.053239,33.633701999999175,Win,TP
2025-09-01 05:45:00,2025-09-01 06:35:00,short,23718.602105,23735.923908,23683.958499000004,23683.958499000004,34.64360599999782,Win,TP
2025-09-01 06:00:00,2025-09-01 06:20:00,long,23724.156576,23705.067442,23762.334844000005,23705.067442,-19.08913400000165,Loss,SL
2025-09-02 04:45:00,2025-09-02 05:40:00,short,23528.992655,23558.938256,23469.101452999992,23469.101452999992,59.89120200000616,Win,TP
2025-09-02 05:15:00,2025-09-02 07:00:00,short,23510.056958,23542.527318,23445.116238000002,23445.116238000002,64.94071999999869,Win,TP
2025-09-03 05:05:00,2025-09-03 06:00:00,short,23663.562345,23682.903955,23624.879124999992,23682.903955,-19.34161000000313,Loss,SL
2025-09-03 05:35:00,2025-09-03 06:00:00,short,23668.106912,23679.369292,23645.582152,23679.369292,-11.262380000000121,Loss,SL
2025-09-04 03:30:00,2025-09-04 05:00:00,short,23727.943716,23752.587322,23678.656504000006,23752.587322,-24.643605999997817,Loss,SL
2025-09-04 04:30:00,2025-09-04 06:50:00,long,23738.042754,23721.225903,23771.676455999997,23721.225903,-16.816850999999588,Loss,SL
2025-09-05 05:05:00,2025-09-05 06:10:00,short,24012.736605,24025.261365,23987.687084999998,24025.261365,-12.524760000000242,Loss,SL
2025-09-08 02:50:00,2025-09-08 04:50:00,short,23992.286052,24014.152422,23948.553312,24014.152422,-21.866369999999733,Loss,SL
2025-09-08 02:50:00,2025-09-08 04:50:00,short,23992.286052,24014.152422,23948.553312,24014.152422,-21.866369999999733,Loss,SL
2025-09-08 05:55:00,2025-09-08 08:15:00,short,24006.929658,24021.474225,23977.840524,24021.474225,-14.544567000000825,Loss,SL
2025-09-08 05:50:00,2025-09-08 07:10:00,short,24010.969273,24026.271268,23980.365282999996,23980.365282999996,30.60399000000325,Win,TP
2025-09-09 02:00:00,2025-09-09 02:35:00,long,24086.459587,24072.672447,24114.033867000002,24114.033867000002,27.574280000000726,Win,TP
2025-09-09 05:35:00,2025-09-09 06:05:00,long,24090.246726,24071.662544,24127.415090000006,24071.662544,-18.58418200000233,Loss,SL
2025-09-09 05:45:00,2025-09-09 09:00:00,short,24080.147688,24103.528914,24033.385236000006,24033.385236000006,46.76245199999539,Win,TP
2025-09-12 04:55:00,2025-09-12 06:30:00,short,24248.296681,24264.60858,24215.672883,24264.60858,-16.311899000000267,Loss,SL
2025-09-15 05:05:00,2025-09-15 06:00:00,long,24343.0,24327.0,24375.0,24375.0,32.0,Win,TP
2025-09-16 04:35:00,2025-09-16 08:30:00,short,24617.5,24637.75,24577.0,24577.0,40.5,Win,TP
2025-09-16 04:30:00,2025-09-16 07:25:00,short,24624.5,24642.75,24588.0,24588.0,36.5,Win,TP
2025-09-16 04:15:00,2025-09-16 07:00:00,short,24631.0,24648.75,24595.5,24595.5,35.5,Win,TP
2025-09-16 05:20:00,2025-09-16 06:15:00,long,24629.75,24614.0,24661.25,24614.0,-15.75,Loss,SL
2025-09-16 05:45:00,2025-09-16 06:15:00,long,24625.75,24611.5,24654.25,24611.5,-14.25,Loss,SL
2025-09-17 03:00:00,2025-09-17 03:35:00,short,24539.5,24560.5,24497.5,24497.5,42.0,Win,TP
2025-09-17 04:10:00,2025-09-17 08:30:00,short,24517.25,24534.25,24483.25,24534.25,-17.0,Loss,SL
2025-09-18 06:00:00,2025-09-18 07:55:00,long,24725.25,24690.5,24794.75,24690.5,-34.75,Loss,SL
2025-09-18 06:00:00,2025-09-18 07:55:00,long,24725.25,24690.5,24794.75,24690.5,-34.75,Loss,SL
2025-09-19 05:35:00,2025-09-19 08:10:00,long,24726.25,24710.75,24757.25,24757.25,31.0,Win,TP
2025-09-19 05:55:00,2025-09-19 08:25:00,long,24724.5,24701.25,24771.0,24771.0,46.5,Win,TP
2025-09-22 03:15:00,2025-09-22 03:50:00,long,24824.0,24797.5,24877.0,24797.5,-26.5,Loss,SL
2025-09-22 03:10:00,2025-09-22 03:55:00,long,24809.0,24784.5,24858.0,24784.5,-24.5,Loss,SL
2025-09-22 03:10:00,2025-09-22 03:55:00,long,24809.0,24784.5,24858.0,24784.5,-24.5,Loss,SL
2025-09-22 04:00:00,2025-09-22 05:15:00,short,24779.5,24802.25,24734.0,24802.25,-22.75,Loss,SL
2025-09-23 02:00:00,2025-09-23 02:05:00,long,24998.75,24988.25,25019.75,24988.25,-10.5,Loss,SL
2025-09-23 02:00:00,2025-09-23 02:05:00,long,24998.75,24988.25,25019.75,24988.25,-10.5,Loss,SL
2025-09-23 03:00:00,2025-09-23 05:40:00,long,25011.25,24988.25,25057.25,24988.25,-23.0,Loss,SL
2025-09-23 03:55:00,2025-09-23 08:40:00,short,25002.5,25021.25,24965.0,24965.0,37.5,Win,TP
2025-09-24 05:20:00,2025-09-24 08:30:00,short,24896.5,24915.5,24858.5,24858.5,38.0,Win,TP
2025-09-25 02:00:00,2025-09-25 02:35:00,short,24715.75,24743.0,24661.25,24743.0,-27.25,Loss,SL
2025-09-25 02:00:00,2025-09-25 02:35:00,short,24715.75,24743.0,24661.25,24743.0,-27.25,Loss,SL
2025-09-25 03:50:00,2025-09-25 04:45:00,short,24725.0,24742.0,24691.0,24691.0,34.0,Win,TP
2025-09-25 02:45:00,2025-09-25 03:00:00,short,24732.5,24753.25,24691.0,24753.25,-20.75,Loss,SL
2025-09-26 02:35:00,2025-09-26 03:45:00,short,24655.75,24674.5,24618.25,24618.25,37.5,Win,TP
2025-09-26 05:40:00,2025-09-26 06:00:00,short,24588.0,24601.0,24562.0,24601.0,-13.0,Loss,SL
2025-09-29 05:20:00,2025-09-29 06:00:00,long,24899.0,24878.75,24939.5,24878.75,-20.25,Loss,SL
2025-09-29 05:10:00,2025-09-29 06:10:00,long,24884.0,24865.25,24921.5,24865.25,-18.75,Loss,SL
2025-09-29 06:00:00,2025-09-29 07:45:00,short,24879.5,24903.75,24831.0,24903.75,-24.25,Loss,SL
2025-09-29 05:30:00,2025-09-29 08:25:00,short,24889.0,24909.75,24847.5,24847.5,41.5,Win,TP
2025-09-30 03:00:00,2025-09-30 03:30:00,short,24773.25,24801.25,24717.25,24801.25,-28.0,Loss,SL
2025-09-30 04:35:00,2025-09-30 07:35:00,short,24802.5,24827.75,24752.0,24827.75,-25.25,Loss,SL
2025-09-30 05:50:00,2025-09-30 07:05:00,long,24812.75,24789.25,24859.75,24789.25,-23.5,Loss,SL
2025-10-01 03:05:00,2025-10-01 03:30:00,short,24668.5,24688.0,24629.5,24688.0,-19.5,Loss,SL
2025-10-01 05:40:00,2025-10-01 06:00:00,short,24726.25,24747.5,24683.75,24747.5,-21.25,Loss,SL
2025-10-02 02:00:00,2025-10-02 05:00:00,long,25069.25,25043.75,25120.25,25120.25,51.0,Win,TP
2025-10-02 02:20:00,2025-10-02 03:00:00,short,25073.75,25092.25,25036.75,25092.25,-18.5,Loss,SL
2025-10-02 04:00:00,2025-10-02 05:00:00,short,25102.5,25123.75,25060.0,25123.75,-21.25,Loss,SL
2025-10-02 05:00:00,2025-10-02 07:00:00,long,25106.5,25083.5,25152.5,25152.5,46.0,Win,TP
2025-10-02 05:00:00,2025-10-02 07:00:00,long,25106.5,25083.5,25152.5,25152.5,46.0,Win,TP
2025-10-02 04:55:00,2025-10-02 05:00:00,long,25096.0,25082.75,25122.5,25122.5,26.5,Win,TP
2025-10-06 03:05:00,2025-10-06 05:40:00,long,25106.0,25087.25,25143.5,25143.5,37.5,Win,TP
2025-10-06 05:30:00,2025-10-06 05:50:00,long,25138.75,25125.25,25165.75,25165.75,27.0,Win,TP
2025-10-07 02:50:00,2025-10-07 03:10:00,long,25161.0,25143.5,25196.0,25143.5,-17.5,Loss,SL
2025-10-07 03:00:00,2025-10-07 04:00:00,short,25150.25,25175.0,25100.75,25175.0,-24.75,Loss,SL
2025-10-07 03:45:00,2025-10-07 04:35:00,long,25159.0,25142.5,25192.0,25192.0,33.0,Win,TP
2025-10-07 05:00:00,2025-10-07 06:50:00,short,25177.0,25200.25,25130.5,25200.25,-23.25,Loss,SL
2025-10-07 05:10:00,2025-10-07 07:40:00,long,25189.25,25169.25,25229.25,25229.25,40.0,Win,TP
2025-10-09 03:10:00,2025-10-09 08:40:00,short,25322.75,25352.0,25264.25,25264.25,58.5,Win,TP
2025-10-09 05:30:00,2025-10-09 06:00:00,short,25305.25,25326.5,25262.75,25326.5,-21.25,Loss,SL
2025-10-09 05:25:00,2025-10-09 06:25:00,short,25309.0,25332.25,25262.5,25332.25,-23.25,Loss,SL
2025-10-10 04:00:00,2025-10-10 04:50:00,short,25320.5,25349.25,25263.0,25263.0,57.5,Win,TP
2025-10-13 04:05:00,2025-10-13 06:05:00,short,24857.0,24884.75,24801.5,24801.5,55.5,Win,TP
2025-10-13 05:40:00,2025-10-13 06:05:00,short,24841.25,24878.25,24767.25,24767.25,74.0,Win,TP
2025-10-14 02:15:00,2025-10-14 02:35:00,long,24709.75,24666.5,24796.25,24666.5,-43.25,Loss,SL
2025-10-15 02:00:00,2025-10-15 02:30:00,long,24901.5,24883.5,24937.5,24883.5,-18.0,Loss,SL
2025-10-15 02:00:00,2025-10-15 02:30:00,long,24901.5,24883.5,24937.5,24883.5,-18.0,Loss,SL
2025-10-15 02:00:00,2025-10-15 02:30:00,long,24901.5,24883.5,24937.5,24883.5,-18.0,Loss,SL
2025-10-15 02:00:00,2025-10-15 02:30:00,long,24901.5,24883.5,24937.5,24883.5,-18.0,Loss,SL
2025-10-15 03:00:00,2025-10-15 04:10:00,long,24918.75,24888.25,24979.75,24979.75,61.0,Win,TP
2025-10-15 03:30:00,2025-10-15 04:00:00,short,24915.5,24941.0,24864.5,24941.0,-25.5,Loss,SL
2025-10-15 06:00:00,2025-10-15 07:05:00,short,24959.0,24980.75,24915.5,24980.75,-21.75,Loss,SL
2025-10-15 05:55:00,2025-10-15 07:05:00,short,24966.75,24988.25,24923.75,24988.25,-21.5,Loss,SL
2025-10-16 02:55:00,2025-10-16 03:35:00,long,25039.0,25005.5,25106.0,25005.5,-33.5,Loss,SL
2025-10-16 03:25:00,2025-10-16 05:05:00,short,25013.25,25048.75,24942.25,25048.75,-35.5,Loss,SL
2025-10-16 04:45:00,2025-10-16 08:45:00,long,25042.75,25010.0,25108.25,25108.25,65.5,Win,TP
2025-10-16 04:25:00,2025-10-16 04:35:00,long,25038.25,25018.0,25078.75,25018.0,-20.25,Loss,SL
2025-10-16 04:35:00,2025-10-16 04:45:00,short,25014.0,25040.5,24961.0,25040.5,-26.5,Loss,SL
2025-10-16 04:45:00,2025-10-16 08:45:00,long,25042.75,25010.0,25108.25,25108.25,65.5,Win,TP
2025-10-17 04:55:00,2025-10-17 05:00:00,short,24496.5,24530.5,24428.5,24530.5,-34.0,Loss,SL
2025-10-17 05:10:00,2025-10-17 05:40:00,short,24510.25,24549.5,24431.75,24549.5,-39.25,Loss,SL
2025-10-20 05:35:00,2025-10-20 05:40:00,long,25094.75,25078.0,25128.25,25078.0,-16.75,Loss,SL
2025-10-20 05:40:00,2025-10-20 07:45:00,short,25071.5,25112.75,24989.0,25112.75,-41.25,Loss,SL
2025-10-21 02:00:00,2025-10-21 03:15:00,long,25273.0,25259.5,25300.0,25259.5,-13.5,Loss,SL
2025-10-21 02:00:00,2025-10-21 03:15:00,long,25273.0,25259.5,25300.0,25259.5,-13.5,Loss,SL
2025-10-22 04:45:00,2025-10-22 04:55:00,short,25249.75,25266.25,25216.75,25266.25,-16.5,Loss,SL
2025-10-23 05:40:00,2025-10-23 06:10:00,short,25047.25,25066.75,25008.25,25008.25,39.0,Win,TP
2025-10-24 02:40:00,2025-10-24 04:20:00,short,25356.0,25372.75,25322.5,25372.75,-16.75,Loss,SL
2025-10-24 03:45:00,2025-10-24 07:30:00,long,25365.25,25343.0,25409.75,25409.75,44.5,Win,TP
2025-10-24 03:45:00,2025-10-24 07:30:00,long,25365.25,25343.0,25409.75,25409.75,44.5,Win,TP
2025-10-27 02:00:00,2025-10-27 03:30:00,long,25786.0,25769.25,25819.5,25769.25,-16.75,Loss,SL
2025-10-27 02:00:00,2025-10-27 03:30:00,long,25786.0,25769.25,25819.5,25769.25,-16.75,Loss,SL
2025-10-27 04:30:00,2025-10-27 09:00:00,long,25809.5,25781.5,25865.5,25865.5,56.0,Win,TP
2025-10-27 04:25:00,2025-10-27 04:30:00,short,25792.25,25808.25,25760.25,25808.25,-16.0,Loss,SL
2025-10-28 02:00:00,2025-10-28 03:10:00,long,25969.75,25946.75,26015.75,25946.75,-23.0,Loss,SL
2025-10-28 04:15:00,2025-10-28 07:15:00,long,25975.75,25958.0,26011.25,26011.25,35.5,Win,TP
2025-10-28 03:50:00,2025-10-28 07:10:00,long,25970.0,25951.5,26007.0,26007.0,37.0,Win,TP
2025-10-29 03:35:00,2025-10-29 08:55:00,short,26271.5,26303.25,26208.0,26303.25,-31.75,Loss,SL
2025-10-29 02:45:00,2025-10-29 03:15:00,short,26289.5,26307.25,26254.0,26307.25,-17.75,Loss,SL
2025-10-29 05:20:00,2025-10-29 06:30:00,long,26260.25,26243.25,26294.25,26294.25,34.0,Win,TP
2025-10-30 02:10:00,2025-10-30 04:40:00,long,26267.25,26208.5,26384.75,26208.5,-58.75,Loss,SL
2025-10-30 02:20:00,2025-10-30 03:00:00,short,26244.75,26286.5,26161.25,26286.5,-41.75,Loss,SL
2025-10-30 02:50:00,2025-10-30 03:10:00,long,26273.75,26250.75,26319.75,26250.75,-23.0,Loss,SL
2025-10-30 03:40:00,2025-10-30 04:20:00,long,26274.75,26245.5,26333.25,26245.5,-29.25,Loss,SL
2025-10-31 04:10:00,2025-10-31 04:35:00,long,26208.0,26187.25,26249.5,26187.25,-20.75,Loss,SL
2025-10-31 03:50:00,2025-10-31 05:15:00,long,26195.0,26173.5,26238.0,26173.5,-21.5,Loss,SL
2025-11-04 03:05:00,2025-11-04 03:55:00,short,25744.75,25776.75,25680.75,25680.75,64.0,Win,TP
2025-11-05 02:00:00,2025-11-05 02:05:00,short,25469.75,25493.75,25421.75,25493.75,-24.0,Loss,SL
2025-11-05 02:00:00,2025-11-05 02:05:00,short,25469.75,25493.75,25421.75,25493.75,-24.0,Loss,SL
2025-11-05 02:00:00,2025-11-05 02:05:00,short,25469.75,25493.75,25421.75,25493.75,-24.0,Loss,SL
2025-11-05 02:15:00,2025-11-05 02:45:00,short,25512.0,25535.25,25465.5,25535.25,-23.25,Loss,SL
2025-11-07 03:00:00,2025-11-07 03:10:00,short,25290.25,25323.25,25224.25,25323.25,-33.0,Loss,SL
2025-11-07 03:10:00,2025-11-07 03:25:00,long,25323.5,25288.5,25393.5,25288.5,-35.0,Loss,SL
2025-11-10 02:00:00,2025-11-10 02:10:00,long,25485.0,25471.25,25512.5,25471.25,-13.75,Loss,SL
2025-11-11 02:20:00,2025-11-11 08:50:00,short,25648.0,25688.0,25568.0,25568.0,80.0,Win,TP
