entry_time,entry_price,exit_time,exit_price,direction,stop_loss,take_profit,exit_reason,pnl,return_pct,fvg_lower,fvg_upper,fvg_middle,cumulative_pnl,equity,is_win,streak
2018-01-02 08:45:00,7592.484126,2018-01-02 15:45:00,7632.902396,Long,7558.3629055,7746.029618250001,EOD,40.41827000000012,0.5323457952528371,7548.84411,7567.881701,7558.3629055,40.41827000000012,10040.41827,True,1
2018-01-03 08:45:00,7684.450334,2018-01-03 15:45:00,7713.153164,Long,7659.8479095,7795.161244249999,EOD,28.702830000000176,0.3735183227485243,7651.354215,7668.341604,7659.8479095,69.1211000000003,10069.1211,True,1
2018-01-04 08:45:00,7730.433439,2018-01-04 09:30:00,7739.512905,Short,7739.512905,7689.575842000004,SL,-9.079465999999229,-0.11745093042510871,7737.755589,7741.270221,7739.512905,60.04163400000107,10060.041634000001,False,2
2018-01-08 08:45:00,7816.541926,2018-01-08 09:00:00,7807.755346,Long,7807.755346,7856.081536,SL,-8.786579999999958,-0.11241006679403,7805.705144,7809.805548,7807.755346,51.25505400000111,10051.255054000001,False,2
2018-01-09 08:45:00,7818.592129,2018-01-09 10:00:00,7841.290794500001,Short,7841.290794500001,7716.448134249995,SL,-22.69866550000097,-0.29031653174244987,7833.822201,7848.759388,7841.290794500001,28.55638850000014,10028.556388500001,False,2
2018-01-12 08:45:00,7880.683963,2018-01-12 15:00:00,7938.016397500001,Long,7867.943422,7938.016397500001,TP,57.332434500001,0.7275058201696472,7866.039663,7869.847181,7867.943422,85.88882300000114,10085.888823000001,True,3
2018-01-16 08:45:00,8010.432467,2018-01-16 09:15:00,7994.9095085,Long,7994.9095085,8080.285780249998,SL,-15.522958499999731,-0.1937842752429228,7981.729638,8008.089379,7994.9095085,70.36586450000141,10070.365864500001,False,4
2018-01-17 08:45:00,7919.930689,2018-01-17 09:00:00,7937.650293000001,Short,7937.650293000001,7840.192470999997,SL,-17.7196040000008,-0.22373433172352855,7932.231902,7943.068684,7937.650293000001,52.64626050000061,10052.646260500002,False,4
2018-01-22 08:45:00,8030.641602,2018-01-22 14:45:00,8090.610010499998,Long,8017.315289,8090.610010499998,TP,59.96840849999808,0.7467449236566999,8016.87596,8017.754618,8017.315289,112.61466899999868,10112.614668999999,True,5
2018-01-25 08:45:00,8112.649686,2018-01-25 15:45:00,8128.758417,Short,8164.344067,7880.024971499999,EOD,-16.10873100000026,-0.19856312824401995,8163.904738,8164.783396,8164.344067,96.50593799999842,10096.505937999998,False,6
2018-02-01 08:45:00,8141.352515,2018-02-01 13:15:00,8105.473979,Long,8105.473979,8302.805926999996,SL,-35.87853599999926,-0.4406950311252953,8100.934246,8110.013712,8105.473979,60.627401999999165,10060.627401999998,False,6
2018-02-06 08:45:00,7669.806034,2018-02-06 09:15:00,7590.5803675,Long,7590.5803675,8026.321533250002,SL,-79.22566650000044,-1.032955281382549,7555.287603,7625.873132,7590.5803675,-18.598264500001278,9981.4017355,False,6
2018-02-08 08:45:00,7694.408459,2018-02-08 10:15:00,7571.835663500001,Short,7721.646858,7571.835663500001,TP,122.5727954999993,1.5930112906422105,7719.889542,7723.404174,7721.646858,103.97453099999802,10103.974530999998,True,7
2018-02-14 08:45:00,7668.927376,2018-02-14 09:15:00,7743.393645999996,Long,7652.3793160000005,7743.393645999996,TP,74.46626999999626,0.9710128463732666,7643.739179,7661.019453,7652.3793160000005,178.44080099999428,10178.440800999993,True,7
2018-02-19 08:45:00,7955.662783,2018-02-19 09:45:00,7924.6900885,Short,7962.545604,7924.6900885,TP,30.972694500000216,0.38931633158439033,7956.248555,7968.842653,7962.545604,209.4134954999945,10209.413495499994,True,7
2018-02-20 08:45:00,7944.533114,2018-02-20 14:00:00,7922.8595495,Long,7922.8595495,8042.06415425,SL,-21.673564499999884,-0.27281105370190145,7909.972565,7935.746534,7922.8595495,187.7399309999946,10187.739930999995,False,8
2018-02-26 08:45:00,8152.189298,2018-02-26 09:15:00,8136.373453,Long,8136.373453,8223.3606005,SL,-15.815845000000081,-0.19400733253189087,8129.051303,8143.695603,8136.373453,171.92408599999453,10171.924085999995,False,8
2018-03-01 08:45:00,7974.114602,2018-03-01 09:00:00,8027.12697,Short,8027.12697,7735.558945999997,SL,-53.012368000000606,-0.6648056950009784,8011.604011,8042.649929,8027.12697,118.91171799999393,10118.911717999994,False,8
2018-03-07 08:45:00,8055.829799,2018-03-07 09:00:00,8052.608053,Long,8052.608053,8070.327656000001,SL,-3.2217460000001665,-0.0399927267629226,8052.315167,8052.900939,8052.608053,115.68997199999376,10115.689971999993,False,8
2018-03-12 08:45:00,8363.253296,2018-03-12 09:45:00,8353.768501999999,Long,8353.768501999999,8405.934869000008,SL,-9.484794000001784,-0.11341034002328014,8350.412344,8357.12466,8353.768501999999,106.20517799999197,10106.205177999993,False,8
2018-03-14 08:45:00,8272.199277,2018-03-14 09:00:00,8284.1647085,Short,8284.1647085,8218.354835249997,SL,-11.965431500000705,-0.14464631592313495,8282.12183,8286.207587,8284.1647085,94.23974649999127,10094.239746499992,False,8
2018-03-15 08:45:00,8236.30298,2018-03-15 09:00:00,8245.933694,Short,8245.933694,8192.964767000005,SL,-9.630713999998989,-0.11693005980213451,8240.388738,8251.47865,8245.933694,84.60903249999228,10084.609032499993,False,8
2018-03-16 08:45:00,8261.693044,2018-03-16 09:00:00,8252.500090000001,Long,8252.500090000001,8303.061336999992,SL,-9.19295399999828,-0.11127203529638036,8252.35417,8252.64601,8252.500090000001,75.416078499994,10075.416078499995,False,8
2018-03-22 08:45:00,7930.454865,2018-03-22 09:00:00,7918.7812725,Long,7918.7812725,7982.986031249997,SL,-11.673592499999359,-0.14719953267143848,7914.403675,7923.15887,7918.7812725,63.74248599999464,10063.742485999996,False,8
2018-03-27 08:45:00,7939.793738,2018-03-27 09:00:00,7947.3815735,Short,7947.3815735,7905.648478250003,SL,-7.587835499999528,-0.09556716144506382,7942.420297,7952.34285,7947.3815735,56.154650499995114,10056.154650499995,False,8
2018-03-29 08:45:00,7538.222167,2018-03-29 09:15:00,7581.122617999999,Short,7581.122617999999,7345.170137500002,SL,-42.90045099999952,-0.5691056863222259,7571.200065,7591.045171,7581.122617999999,13.254199499995593,10013.254199499996,False,8
2018-04-02 08:45:00,7596.881967,2018-04-02 10:30:00,7449.138063750002,Short,7629.7139455,7449.138063750002,TP,147.74390324999786,1.9447966138184156,7629.276186,7630.151705,7629.7139455,160.99810274999345,10160.998102749993,True,9
2018-04-04 08:45:00,7463.803016,2018-04-04 09:30:00,7429.219999499999,Long,7429.219999499999,7619.426590250003,SL,-34.58301650000067,-0.4633431030516986,7427.323041,7431.116958,7429.219999499999,126.41508624999278,10126.415086249992,False,10
2018-04-05 08:45:00,7729.085399,2018-04-05 09:15:00,7702.819814749997,Short,7734.9221955,7702.819814749997,TP,26.265584250002576,0.33982784371098884,7729.669079,7740.175312,7734.9221955,152.68067049999536,10152.680670499994,True,11
2018-04-06 08:45:00,7687.060467,2018-04-06 09:30:00,7644.1600155,Long,7644.1600155,7880.1124987500025,SL,-42.9004515000006,-0.5580865622713541,7633.070103,7655.249928,7644.1600155,109.78021899999476,10109.780218999995,False,12
2018-04-10 08:45:00,7652.039691,2018-04-10 09:15:00,7680.6399915,Short,7680.6399915,7523.338338749999,SL,-28.60030050000023,-0.3737604828897931,7675.678715,7685.601268,7680.6399915,81.17991849999453,10081.179918499995,False,12
2018-04-12 08:45:00,7790.955438,2018-04-12 12:15:00,7761.0418580000005,Long,7761.0418580000005,7925.566547999997,SL,-29.913579999999456,-0.3839526517389311,7753.891783,7768.191933,7761.0418580000005,51.26633849999507,10051.266338499994,False,12
2018-04-16 08:45:00,7767.608253,2018-04-16 09:00:00,7791.8309575,Short,7791.8309575,7658.6060827500005,SL,-24.222704499999963,-0.31184250944484343,7784.826802,7798.835113,7791.8309575,27.04363399999511,10027.043633999994,False,12
2018-04-18 08:45:00,7966.059321,2018-04-18 09:00:00,7937.823818999998,Short,7972.333877,7937.823818999998,TP,28.23550200000136,0.35444754880957735,7971.020598,7973.647156,7972.333877,55.27913599999647,10055.279135999997,True,13
2018-04-20 08:45:00,7856.911234,2018-04-20 15:45:00,7792.998316,Short,7880.988018,7748.565706000001,EOD,63.91291799999999,0.8134611184535625,7872.086904,7889.889132,7880.988018,119.19205399999646,10119.192053999996,True,13
2018-04-23 08:45:00,7798.835113,2018-04-23 09:15:00,7812.843423,Short,7812.843423,7735.797718,SL,-14.008310000000165,-0.1796205432866441,7806.714787,7818.972059,7812.843423,105.1837439999963,10105.183743999996,False,14
2018-04-25 08:45:00,7521.587298,2018-04-25 09:30:00,7586.521654,Short,7586.521654,7229.3826960000015,SL,-64.93435599999975,-0.8633065525579405,7566.822467,7606.220841,7586.521654,40.24938799999654,10040.249387999997,False,14
2018-04-27 08:45:00,7798.543273,2018-04-27 15:45:00,7788.620719,Short,7868.584826,7483.3562845,EOD,9.922554000000673,0.12723599334704458,7855.160195,7882.009457,7868.584826,50.171941999997216,10050.171941999997,True,15
2018-04-30 08:45:00,7816.053661,2018-04-30 09:15:00,7807.5903065,Long,7807.5903065,7854.138756249999,SL,-8.463354499999696,-0.1082816836612772,7802.62903,7812.551583,7807.5903065,41.70858749999752,10041.708587499998,False,16
2018-05-04 08:45:00,7774.904249,2018-05-04 10:30:00,7879.966579250002,Long,7751.5570645,7879.966579250002,TP,105.06233025000165,1.3513006319468777,7746.303948,7756.810181,7751.5570645,146.77091774999917,10146.77091775,True,17
2018-05-07 08:45:00,7979.775792,2018-05-07 09:15:00,7963.7246025,Long,7963.7246025,8052.00614475,SL,-16.051189499999964,-0.20114837707710828,7952.34285,7975.106355,7963.7246025,130.7197282499992,10130.719728249998,False,18
2018-05-08 08:45:00,7931.914064,2018-05-08 09:30:00,7947.2356535,Short,7947.2356535,7862.966911249998,SL,-15.3215895000003,-0.19316383632469344,7943.003976,7951.467331,7947.2356535,115.3981387499989,10115.398138749999,False,18
2018-05-14 08:45:00,8159.840952,2018-05-14 11:45:00,8152.1071965,Long,8152.1071965,8194.642851749997,SL,-7.733755499999461,-0.09477826278101531,8145.248961,8158.965432,8152.1071965,107.66438324999945,10107.66438325,False,18
2018-05-15 08:45:00,8011.87817,2018-05-15 09:30:00,8050.109184999999,Short,8050.109184999999,7839.838602500003,SL,-38.23101499999939,-0.4771791855641683,8042.52135,8057.69702,8050.109184999999,69.43336825000006,10069.43336825,False,18
2018-05-21 08:45:00,8109.060825,2018-05-21 09:15:00,8095.3443545,Long,8095.3443545,8170.784942249998,SL,-13.71647049999956,-0.1691499274208436,8087.46468,8103.224029,8095.3443545,55.7168977500005,10055.71689775,False,18
2018-05-23 08:45:00,8022.092564,2018-05-23 13:00:00,8094.322916749996,Long,8006.0413745000005,8094.322916749996,TP,72.2303527499962,0.9003929108738741,7994.951462,8017.131287,8006.0413745000005,127.9472504999967,10127.947250499998,True,19
2018-05-29 08:45:00,8124.528335,2018-05-29 10:30:00,8098.554592500001,Long,8098.554592500001,8241.410176249998,SL,-25.97374249999939,-0.31969538943086706,8096.219874,8100.889311,8098.554592500001,101.97350799999731,10101.973507999997,False,20
2018-06-01 08:45:00,8210.329238,2018-06-01 09:15:00,8195.299488,Long,8195.299488,8277.963112999998,SL,-15.029749999999694,-0.18305904141379933,8188.149413,8202.449563,8195.299488,86.94375799999762,10086.943757999998,False,20
2018-06-04 08:45:00,8314.516048,2018-06-04 09:00:00,8304.447575,Long,8304.447575,8359.824176499997,SL,-10.068472999999358,-0.12109511776600951,8300.799577,8308.095573,8304.447575,76.87528499999826,10076.875284999998,False,20
2018-06-07 08:45:00,8405.278228,2018-06-07 09:30:00,8350.77714625,Short,8417.389579499999,8350.77714625,TP,54.501081749998775,0.648414963450497,8417.24366,8417.535499,8417.389579499999,131.37636674999703,10131.376366749997,True,21
2018-06-08 08:45:00,8328.270792,2018-06-08 09:15:00,8310.090605500001,Long,8310.090605500001,8410.08163124999,SL,-18.180186499997944,-0.2182948532060405,8308.490749,8311.690462,8310.090605500001,113.19618024999909,10113.196180249999,False,22
2018-06-11 08:45:00,8364.631165,2018-06-11 09:15:00,8352.850404,Long,8352.850404,8417.6445895,SL,-11.780760999999984,-0.14084017295698636,8345.723771,8359.977037,8352.850404,101.4154192499991,10101.41541925,False,22
2018-06-22 08:45:00,8401.282421,2018-06-22 15:45:00,8399.537124,Short,8436.3338215,8243.551118749998,EOD,1.745296999999482,0.020774173662307858,8418.735401,8453.932242,8436.3338215,103.16071624999859,10103.160716249999,True,23
2018-06-25 08:45:00,8282.31128,2018-06-25 13:45:00,8144.869069249996,Short,8312.8539935,8144.869069249996,TP,137.44221075000405,1.6594668577827716,8299.473376,8326.234611,8312.8539935,240.60292700000264,10240.602927000004,True,23
2018-06-29 08:45:00,8267.767131,2018-06-29 09:00:00,8254.677396,Long,8254.677396,8326.670938500007,SL,-13.089735000001383,-0.1583224925496681,8248.859736,8260.495056,8254.677396,227.51319200000125,10227.513192000002,False,24
2018-07-03 08:45:00,8263.985652,2018-07-03 12:00:00,8171.484862,Short,8291.474094000001,8140.287662999992,EOD,92.50078999999914,1.1193241844219886,8273.875673,8309.072515,8291.474094000001,320.0139820000004,10320.013982,True,25
2018-07-06 08:45:00,8332.92492,2018-07-06 15:45:00,8413.499507,Long,8311.545020500002,8429.134467749991,EOD,80.57458700000097,0.9669424334618988,8311.399579,8311.690462,8311.545020500002,400.58856900000137,10400.588569000001,True,25
2018-07-11 08:45:00,8451.605178,2018-07-11 10:30:00,8435.315730999999,Long,8435.315730999999,8524.907689500003,SL,-16.28944700000102,-0.19273790785214812,8431.534252,8439.09721,8435.315730999999,384.29912200000035,10384.299122,False,26
2018-07-12 08:45:00,8514.14502,2018-07-12 15:45:00,8590.938129,Long,8489.2745245,8626.062249749997,EOD,76.79310900000019,0.9019473924816961,8488.547317,8490.001732,8489.2745245,461.09223100000054,10461.092231,True,27
2018-07-17 08:45:00,8540.324489,2018-07-17 15:45:00,8639.224705,Long,8510.508983,8674.494266000005,EOD,98.900216,1.15803815332057,8493.783211,8527.234755,8510.508983,559.9924470000005,10559.992447,True,27
2018-07-18 08:45:00,8612.754353,2018-07-18 11:00:00,8626.2804115,Short,8626.2804115,8551.887089750002,SL,-13.526058499999635,-0.15704683943863126,8621.480842,8631.079981,8626.2804115,546.4663885000009,10546.4663885,False,28
2018-07-23 08:45:00,8533.052414,2018-07-23 09:00:00,8536.9793345,Short,8536.9793345,8515.38127175,SL,-3.926920500000051,-0.046020114602334274,8534.215946,8539.742723,8536.9793345,542.5394680000009,10542.539468,False,28
2018-07-25 08:45:00,8653.477971,2018-07-25 09:00:00,8642.1335345,Long,8642.1335345,8704.527935249998,SL,-11.344436499999574,-0.1310968438125995,8636.315875,8647.951194,8642.1335345,531.1950315000013,10531.195031500001,False,28
2018-07-27 08:45:00,8613.917885,2018-07-27 15:45:00,8493.492328,Short,8658.27754,8414.299437500009,EOD,120.42555700000048,1.3980346528460141,8647.369428,8669.185652,8658.27754,651.6205885000018,10651.620588500002,True,29
2018-07-30 08:45:00,8404.482134,2018-07-30 15:45:00,8386.738272,Short,8456.986513,8168.2124285,EOD,17.743861999999353,0.21112379938577372,8423.389528,8490.583498,8456.986513,669.3644505000011,10669.364450500001,True,29
2018-08-01 08:45:00,8476.911998,2018-08-01 09:00:00,8465.4221205,Long,8465.4221205,8528.61644675,SL,-11.489877500000148,-0.13554319665829978,8464.985796,8465.858445,8465.4221205,657.874573000001,10657.874573000001,False,30
2018-08-02 08:45:00,8452.76871,2018-08-02 14:45:00,8597.410275,Long,8420.62614,8597.410275,TP,144.6415649999999,1.71117381727105,8412.045092,8429.207188,8420.62614,802.5161380000009,10802.516138,True,31
2018-08-03 08:45:00,8582.502522,2018-08-03 09:00:00,8592.392544,Short,8592.392544,8537.997423000003,SL,-9.89002199999959,-0.11523471125872613,8588.029299,8596.755789,8592.392544,792.6261160000013,10792.626116000001,False,32
2018-08-13 08:45:00,8678.493908,2018-08-13 10:15:00,8653.187087999999,Long,8653.187087999999,8792.374598000008,SL,-25.306820000001608,-0.29160382283236147,8651.150907,8655.223269,8653.187087999999,767.3192959999997,10767.319296,False,32
2018-08-14 08:45:00,8631.661747,2018-08-14 09:30:00,8650.4236995,Short,8650.4236995,8547.232960750003,SL,-18.761952499999097,-0.2173619987659961,8649.696492,8651.150907,8650.4236995,748.5573435000006,10748.5573435,False,32
2018-08-20 08:45:00,8568.831022,2018-08-20 13:00:00,8604.0278635,Short,8604.0278635,8410.445235250005,SL,-35.19684149999921,-0.41075429553498327,8595.592257,8612.46347,8604.0278635,713.3605020000014,10713.360502000001,False,32
2018-08-21 08:45:00,8640.67912,2018-08-21 13:45:00,8619.590103,Long,8619.590103,8735.5796965,SL,-21.08901700000024,-0.24406666081589473,8615.3723,8623.807906,8619.590103,692.2714850000011,10692.271485000001,False,32
2018-08-23 08:45:00,8684.893334,2018-08-23 10:15:00,8654.2051785,Long,8654.2051785,8822.99003375,SL,-30.688155499999993,-0.3533509776091395,8637.77029,8670.640067,8654.2051785,661.5833295000011,10661.583329500001,False,32
2018-08-24 08:45:00,8672.967131,2018-08-24 09:00:00,8691.292760000004,Long,8668.894768999999,8691.292760000004,TP,18.325629000004483,0.21129595815603563,8668.02212,8669.767418,8668.894768999999,679.9089585000056,10679.908958500006,True,33
2018-08-29 08:45:00,8851.860168,2018-08-29 14:00:00,8915.345380499995,Long,8837.752343,8915.345380499995,TP,63.48521249999612,0.717196287504619,8834.407189,8841.097497,8837.752343,743.3941710000017,10743.394171000002,True,33
2018-08-31 08:45:00,8917.890606,2018-08-31 10:45:00,8902.473807499999,Long,8902.473807499999,8987.26619925001,SL,-15.416798500002187,-0.17287494522112312,8894.038201,8910.909414,8902.473807499999,727.9773724999995,10727.9773725,False,34
2018-09-04 08:45:00,8848.660455,2018-09-04 09:00:00,8867.713291,Short,8867.713291,8762.922692999997,SL,-19.052836000000752,-0.21531887336952577,8853.896349,8881.530233,8867.713291,708.9245364999988,10708.924536499999,False,34
2018-09-05 08:45:00,8793.101805,2018-09-05 15:45:00,8768.376751,Short,8854.332673500001,8517.562896749998,EOD,24.725054000000455,0.28118694117633336,8850.11487,8858.550477,8854.332673500001,733.6495904999992,10733.6495905,True,35
2018-09-06 08:45:00,8751.214654,2018-09-06 09:00:00,8717.835829749993,Short,8758.632170500001,8717.835829749993,TP,33.3788242500068,0.3814193294270302,8757.323197,8759.941144,8758.632170500001,767.028414750006,10767.028414750006,True,35
2018-09-07 08:45:00,8695.365121,2018-09-07 15:45:00,8649.696492,Long,8630.789098000001,8985.957224499998,EOD,-45.6686290000016,-0.5252065711387808,8621.480842,8640.097354,8630.789098000001,721.3597857500044,10721.359785750004,False,36
2018-09-10 08:45:00,8659.877397,2018-09-10 14:00:00,8680.2392055,Short,8680.2392055,8568.249258750002,SL,-20.361808499999825,-0.2351281382696442,8670.93095,8689.547461,8680.2392055,700.9979772500046,10700.997977250005,False,36
2018-09-11 08:45:00,8679.366557,2018-09-11 15:45:00,8743.360814,Long,8648.0966355,8820.081203749996,EOD,63.99425700000029,0.7373148325944162,8642.7153,8653.477971,8648.0966355,764.9922342500049,10764.992234250005,True,37
2018-09-13 08:45:00,8792.452871,2018-09-13 09:15:00,8779.264916,Long,8779.264916,8851.798668499996,SL,-13.18795499999942,-0.14999176217932347,8767.526187,8791.003645,8779.264916,751.8042792500055,10751.804279250005,False,38
2018-09-17 08:45:00,8731.875233,2018-09-17 14:30:00,8659.486406,Short,8747.961639000001,8659.486406,TP,72.38882700000067,0.8290181097231518,8737.092446,8758.830832,8747.961639000001,824.1931062500062,10824.193106250006,True,39
2018-09-18 08:45:00,8721.440807,2018-09-18 15:45:00,8729.266626,Long,8691.5867555,8855.784038750004,EOD,7.825818999999683,0.08973080449870767,8671.877285,8711.296226,8691.5867555,832.0189252500059,10832.018925250006,True,39
2018-09-19 08:45:00,8694.485207,2018-09-19 10:15:00,8714.484523,Short,8714.484523,8604.488285000003,SL,-19.999315999999453,-0.23002300336192236,8708.977465,8719.991581,8714.484523,812.0196092500064,10812.019609250006,False,40
2018-09-24 08:45:00,8728.686936,2018-09-24 15:45:00,8800.85838,Long,8706.6587035,8827.813982250003,EOD,72.17144399999961,0.8268304789617398,8705.789168,8707.528239,8706.6587035,884.191053250006,10884.191053250006,True,41
2018-09-26 08:45:00,8826.364754,2018-09-26 09:00:00,8816.799864,Long,8816.799864,8869.406758999998,SL,-9.56488999999965,-0.10836726406151478,8815.060793,8818.538935,8816.799864,874.6261632500064,10874.626163250006,False,42
2018-09-27 08:45:00,8869.841528,2018-09-27 15:45:00,8886.652547,Long,8854.189889500001,8940.273901249999,EOD,16.81101899999885,0.1895300941615521,8842.596083,8865.783696,8854.189889500001,891.4371822500052,10891.437182250005,True,43
2018-10-01 08:45:00,8950.128637,2018-10-01 10:45:00,8939.404365499999,Long,8939.404365499999,8998.387858750004,SL,-10.724271500001123,-0.1198225403785459,8931.288701,8947.52003,8939.404365499999,880.7129107500041,10880.712910750004,False,44
2018-10-04 08:45:00,8800.568535,2018-10-04 11:15:00,8692.963517999999,Short,8824.480761,8692.963517999999,TP,107.60501700000168,1.2227052896873063,8807.234974,8841.726548,8824.480761,988.3179277500058,10988.317927750006,True,45
2018-10-10 08:45:00,8414.494785,2018-10-10 15:45:00,8119.432414,Short,8503.187403,8015.378004000005,EOD,295.0623710000009,3.5065963975162275,8487.82561,8518.549196,8503.187403,1283.3802987500067,11283.380298750006,True,45
2018-10-15 08:45:00,8239.428309,2018-10-15 10:00:00,8275.369109,Short,8275.369109,8077.694709000008,SL,-35.94079999999849,-0.4362050211753166,8271.890967,8278.847251,8275.369109,1247.4394987500082,11247.439498750009,False,46
2018-10-17 08:45:00,8426.088591,2018-10-17 12:00:00,8471.014590499999,Short,8471.014590499999,8223.921593250003,SL,-44.92599949999931,-0.5331773932211592,8459.420784,8482.608397,8471.014590499999,1202.5134992500089,11202.51349925001,False,46
2018-10-18 08:45:00,8386.959495,2018-10-18 12:15:00,8248.0512045,Short,8417.828003999999,8248.0512045,TP,138.90829049999957,1.6562413420836437,8413.625249,8422.030759,8417.828003999999,1341.4217897500084,11341.42178975001,True,47
2018-10-19 08:45:00,8366.960179,2018-10-19 09:45:00,8349.279623999999,Long,8349.279623999999,8446.522676500004,SL,-17.680555000000822,-0.21131396136408964,8335.367056,8363.192192,8349.279623999999,1323.7412347500076,11323.741234750007,False,48
2018-10-24 08:45:00,8220.588374,2018-10-24 12:00:00,8082.332234750008,Short,8251.3119605,8082.332234750008,TP,138.25613924999288,1.681827783608143,8247.254128,8255.369793,8251.3119605,1461.9973740000005,11461.997374,True,49
2018-10-26 08:45:00,7958.278506,2018-10-26 09:00:00,7917.120493,Long,7917.120493,8143.489564499996,SL,-41.1580129999993,-0.5171723126926127,7882.628919,7951.612067,7917.120493,1420.8393610000012,11420.839361000002,False,50
2018-10-31 08:45:00,8095.954956,2018-10-31 10:30:00,8051.0289565,Long,8051.0289565,8298.121953749996,SL,-44.92599949999931,-0.5549190891520976,8039.43515,8062.622763,8051.0289565,1375.9133615000019,11375.913361500003,False,50
2018-11-05 08:45:00,8005.523266,2018-11-05 13:15:00,8047.985581999999,Short,8047.985581999999,7814.442844000004,SL,-42.46231599999919,-0.5304127486624082,8022.913976,8073.057188,8047.985581999999,1333.4510455000027,11333.451045500002,False,50
2018-11-06 08:45:00,8139.43173,2018-11-06 09:45:00,8087.5494465,Long,8087.5494465,8372.90200575,SL,-51.882283500000085,-0.6374189896915577,8048.42035,8126.678543,8087.5494465,1281.5687620000026,11281.568762000003,False,50
2018-11-09 08:45:00,8213.342245,2018-11-09 09:00:00,8222.182522,Short,8222.182522,8173.560998500003,SL,-8.840276999999332,-0.10763312591023452,8217.110232,8227.254812,8222.182522,1272.7284850000033,11272.728485000003,False,50
2018-11-12 08:45:00,8034.507782,2018-11-12 15:45:00,7931.612751,Short,8079.723626999999,7831.0364795000005,EOD,102.89503100000002,1.280663779186567,8052.768027,8106.679227,8079.723626999999,1375.6235160000033,11375.623516000003,True,51
2018-11-19 08:45:00,7877.411707,2018-11-19 15:45:00,7738.286031,Short,7925.091235,7662.853831000002,EOD,139.12567600000057,1.7661343747765672,7921.178325,7929.004145,7925.091235,1514.7491920000039,11514.749192000003,True,51
2018-11-23 08:45:00,7637.419916,2018-11-23 10:45:00,7596.2619030000005,Long,7596.2619030000005,7822.630974499996,SL,-41.1580129999993,-0.5388994379342085,7574.233671,7618.290135,7596.2619030000005,1473.5911790000046,11473.591179000005,False,52
2018-11-30 08:45:00,7995.378686,2018-11-30 09:00:00,8002.7697375,Short,8002.7697375,7962.1189542500015,SL,-7.391051499999776,-0.09244154392513755,8001.465434,8004.074041,8002.7697375,1466.2001275000048,11466.200127500004,False,52
2018-12-03 08:45:00,8172.474078,2018-12-03 09:15:00,8213.63209,Short,8213.63209,7987.263024000005,SL,-41.15801199999896,-0.5036175288802056,8206.675806,8220.588374,8213.63209,1425.0421155000058,11425.042115500006,False,52
2018-12-17 08:45:00,7569.713927,2018-12-17 09:00:00,7593.6778545,Short,7593.6778545,7461.87625325,SL,-23.963927499999954,-0.316576395503195,7572.889869,7614.46584,7593.6778545,1401.0781880000059,11401.078188000007,False,52
2018-12-19 08:45:00,7591.945523,2018-12-19 13:00:00,7536.7996165,Long,7536.7996165,7840.10210225,SL,-55.14590649999991,-0.7263738436074643,7530.447732,7543.151501,7536.7996165,1345.932281500006,11345.932281500005,False,52
2018-12-24 08:45:00,6899.012674,2018-12-24 09:00:00,6935.6803705,Short,6935.6803705,6734.008039749997,SL,-36.6676965000006,-0.5314919428716012,6925.863822,6945.496919,6935.6803705,1309.2645850000054,11309.264585000004,False,52
2018-12-26 08:45:00,6920.666825,2018-12-26 09:00:00,6917.923966,Long,6917.923966,6933.0096905,SL,-2.742858999999953,-0.039632871648895666,6916.624717,6919.223215,6917.923966,1306.5217260000054,11306.521726000006,False,52
2019-01-02 08:45:00,7232.197885,2019-01-02 15:45:00,7231.042997,Long,7194.3753005,7402.399515249998,EOD,-1.1548880000000281,-0.015968700225906886,7177.340701,7211.4099,7194.3753005,1305.3668380000054,11305.366838000005,False,52
2019-01-04 08:45:00,7284.167849,2019-01-04 12:30:00,7454.369479250003,Long,7246.3452645,7454.369479250003,TP,170.20163025000238,2.336596764081546,7238.54977,7254.140759,7246.3452645,1475.5684682500078,11475.568468250007,True,53
2019-01-10 08:45:00,7552.390606,2019-01-10 09:00:00,7572.7455085,Short,7572.7455085,7460.793544749999,SL,-20.354902500000208,-0.2695160189917779,7567.115429,7578.375588,7572.7455085,1455.2135657500075,11455.213565750008,False,54
2019-01-15 08:45:00,7673.653854,2019-01-15 15:45:00,7712.920049,Long,7627.747053,7880.234458500001,EOD,39.26619500000015,0.5117014103982823,7599.741017,7655.753089,7627.747053,1494.4797607500077,11494.479760750008,True,55
2019-01-16 08:45:00,7763.446403,2019-01-16 09:30:00,7741.214807,Long,7741.214807,7863.488584999998,SL,-22.231595999999627,-0.28636245870659655,7729.954648,7752.474966,7741.214807,1472.248164750008,11472.248164750008,False,56
2019-01-17 08:45:00,7724.757652,2019-01-17 15:45:00,7773.262951,Long,7695.1636450000005,7857.930683499999,EOD,48.50529899999947,0.627920009729251,7691.843342,7698.483948,7695.1636450000005,1520.7534637500075,11520.753463750007,True,57
2019-01-21 08:45:00,7792.896049,2019-01-21 09:00:00,7804.0118465,Short,7804.0118465,7742.874960250001,SL,-11.115797499999644,-0.14264013570957418,7795.205825,7812.817868,7804.0118465,1509.637666250008,11509.637666250008,False,58
2019-01-23 08:45:00,7752.474966,2019-01-23 09:15:00,7734.7185615,Long,7734.7185615,7832.378786249999,SL,-17.756404499999917,-0.22904175218719328,7731.68698,7737.750143,7734.7185615,1491.881261750008,11491.881261750008,False,58
2019-01-28 08:45:00,7706.568165,2019-01-28 09:15:00,7722.880959,Short,7722.880959,7633.160591999998,SL,-16.312794000000395,-0.21167390790217444,7719.560656,7726.201262,7722.880959,1475.5684677500076,11475.568467750007,False,58
2019-01-29 08:45:00,7723.891486,2019-01-29 09:00:00,7741.9366119999995,Short,7741.9366119999995,7642.688419000005,SL,-18.045125999999073,-0.23362738889725349,7739.193753,7744.679471,7741.9366119999995,1457.5233417500085,11457.52334175001,False,58
2019-01-31 08:45:00,7940.721723,2019-01-31 15:45:00,8006.261622,Long,7911.272077,8073.245129999999,EOD,65.53989900000033,0.8253645107618681,7910.405911,7912.138243,7911.272077,1523.0632407500088,11523.063240750009,True,59
2019-02-05 08:45:00,8089.413563,2019-02-05 11:45:00,8070.0691879999995,Long,8070.0691879999995,8176.463250500003,SL,-19.344375000000582,-0.23913198218075307,8053.900755,8086.237621,8070.0691879999995,1503.7188657500083,11503.718865750008,False,60
2019-02-07 08:45:00,8007.127788,2019-02-07 09:00:00,8012.180423,Short,8012.180423,7984.3909305,SL,-5.052635000000009,-0.06310171554364619,8009.437564,8014.923282,8012.180423,1498.6662307500083,11498.666230750008,False,60
2019-02-11 08:45:00,8004.240567,2019-02-11 09:00:00,8018.099224,Short,8018.099224,7941.876610500001,SL,-13.858656999999766,-0.17314143526790587,8017.52178,8018.676668,8018.099224,1484.8075737500085,11484.807573750008,False,60
2019-02-12 08:45:00,8064.294748,2019-02-12 09:45:00,8098.724850999999,Long,8056.6436140000005,8098.724850999999,TP,34.43010299999878,0.42694499737299013,8053.034589,8060.252639,8056.6436140000005,1519.2376767500073,11519.237676750006,True,61
2019-02-19 08:45:00,8161.882791,2019-02-19 15:45:00,8163.326401,Long,8142.9714985,8246.98360725,EOD,1.4436100000002625,0.01768721797367774,8135.897809,8150.045188,8142.9714985,1520.6812867500075,11520.681286750008,True,61
2019-02-21 08:45:00,8111.067715,2019-02-21 10:00:00,8132.2887835,Short,8132.2887835,8015.57290675,SL,-21.2210685,-0.26163101142350653,8126.658704,8137.918863,8132.2887835,1499.4602182500075,11499.460218250008,False,62
2019-02-26 08:45:00,8216.739974,2019-02-26 10:00:00,8205.046732499999,Long,8205.046732499999,8269.359560750005,SL,-11.693241500001022,-0.14230998591900945,8201.148985,8208.94448,8205.046732499999,1487.7669767500065,11487.766976750007,False,62
2019-02-28 08:45:00,8212.697866,2019-02-28 09:00:00,8208.3670355,Long,8208.3670355,8232.186603250004,SL,-4.330830500000957,-0.05273334744153069,8204.036205,8212.697866,8208.3670355,1483.4361462500055,11483.436146250006,False,62
2019-03-05 08:45:00,8241.85879,2019-03-05 09:00:00,8258.460306,Short,8258.460306,8167.151967999997,SL,-16.60151600000063,-0.20142927005912253,8258.027223,8258.893389,8258.460306,1466.834630250005,11466.834630250005,False,62
2019-03-07 08:45:00,8143.032085,2019-03-07 15:45:00,8116.574995,Short,8177.5413325,7987.740471249999,EOD,26.45708999999988,0.32490465128751705,8162.012171,8193.070494,8177.5413325,1493.2917202500048,11493.291720250005,True,63
2019-03-11 08:45:00,8191.345031,2019-03-11 15:45:00,8282.50696,Long,8161.0056509999995,8327.872241000001,EOD,91.16192900000078,1.1129054954345114,8146.483009,8175.528293,8161.0056509999995,1584.4536492500056,11584.453649250005,True,63
2019-03-15 08:45:00,8428.30853,2019-03-15 15:45:00,8450.164387,Long,8405.158577,8532.4833185,EOD,21.85585700000047,0.259314866348402,8398.688093,8411.629061,8405.158577,1606.309506250006,11606.309506250007,True,63
2019-03-18 08:45:00,8476.046322,2019-03-18 10:15:00,8447.288616,Long,8447.288616,8605.455999000002,SL,-28.757706000000326,-0.33928207689661005,8442.112229,8452.465003,8447.288616,1577.5518002500057,11577.551800250007,False,64
2019-03-21 08:45:00,8552.829398,2019-03-21 15:45:00,8661.821104,Long,8519.9018245,8701.003478749997,EOD,108.9917060000007,1.2743350875850208,8500.202796,8539.600853,8519.9018245,1686.5435062500064,11686.543506250007,True,65
2019-03-26 08:45:00,8559.731247,2019-03-26 09:15:00,8524.646846,Long,8524.646846,8717.6110515,SL,-35.08440100000007,-0.40987736632848604,8518.607728,8530.685964,8524.646846,1651.4591052500064,11651.459105250007,False,66
2019-03-29 08:45:00,8491.287907,2019-03-29 09:00:00,8502.934777499999,Short,8502.934777499999,8438.876989750006,SL,-11.64687049999884,-0.1371625909704164,8502.790989,8503.078566,8502.934777499999,1639.8122347500075,11639.812234750007,False,66
2019-04-04 08:45:00,8731.989908,2019-04-04 09:00:00,8720.0554595,Long,8720.0554595,8785.69492625,SL,-11.934448500000144,-0.13667501481038294,8713.584976,8726.525943,8720.0554595,1627.8777862500074,11627.877786250006,False,66
2019-04-08 08:45:00,8715.022861,2019-04-08 09:00:00,8722.356076,Short,8722.356076,8682.023393499996,SL,-7.333215000000564,-0.08414452970418392,8719.04894,8725.663212,8722.356076,1620.5445712500068,11620.544571250008,False,66
2019-04-11 08:45:00,8765.06127,2019-04-11 15:45:00,8765.348847,Short,8785.623029499999,8672.533352250008,EOD,-0.2875769999991462,-0.003280946831295182,8779.152546,8792.093513,8785.623029499999,1620.2569942500077,11620.256994250009,False,66
2019-04-22 08:45:00,8854.210159,2019-04-22 15:45:00,8902.810682,Long,8836.2365925,8935.091208250004,EOD,48.60052299999916,0.5488973282455736,8834.367342,8838.105843,8836.2365925,1668.8575172500068,11668.857517250006,True,67
2019-04-23 08:45:00,8946.522396,2019-04-23 15:45:00,9009.501772,Long,8926.3920015,9037.10917125,EOD,62.97937599999932,0.7039537063938661,8918.052267,8934.731736,8926.3920015,1731.8368932500061,11731.836893250005,True,67
2019-04-24 08:45:00,9000.586883,2019-04-24 09:00:00,9007.344944,Short,9007.344944,8970.175608499998,SL,-6.758061000000453,-0.07508467045371059,9004.900539,9009.789349,9007.344944,1725.0788322500057,11725.078832250005,False,68
2019-04-25 08:45:00,9032.507937,2019-04-25 09:00:00,9041.135248999999,Short,9041.135248999999,8993.685033000005,SL,-8.62731199999871,-0.09551402622807029,9039.697364,9042.573134,9041.135248999999,1716.451520250007,11716.451520250008,False,68
2019-04-26 08:45:00,8938.757815,2019-04-26 10:00:00,8979.8813345,Short,8979.8813345,8753.701977250006,SL,-41.12351949999902,-0.46005854897411175,8963.489442,8996.273227,8979.8813345,1675.328000750008,11675.328000750007,False,68
2019-05-01 08:45:00,9017.55393,2019-05-01 09:00:00,9021.4362205,Short,9021.4362205,9000.08362275,SL,-3.8822904999997263,-0.0430525897614424,9021.292432,9021.580009,9021.4362205,1671.4457102500082,11671.44571025001,False,68
2019-05-02 08:45:00,8947.960281,2019-05-02 09:45:00,8935.163101999999,Long,8935.163101999999,9005.547586500004,SL,-12.797179000001051,-0.14301783421160733,8933.006274,8937.31993,8935.163101999999,1658.6485312500072,11658.648531250008,False,68
2019-05-06 08:45:00,8916.326804,2019-05-06 15:45:00,8902.235528,Long,8871.4647825,9118.205900750005,EOD,-14.091276000001017,-0.15803902559604988,8861.687162,8881.242403,8871.4647825,1644.5572552500062,11644.557255250005,False,68
2019-05-09 08:45:00,8656.35714,2019-05-09 10:45:00,8669.873262000001,Short,8669.873262000001,8595.534590999996,SL,-13.516122000000905,-0.1561409930459605,8664.696875,8675.049649,8669.873262000001,1631.0411332500053,11631.041133250004,False,68
2019-05-15 08:45:00,8522.058652,2019-05-15 15:45:00,8658.37018,Long,8486.9742505,8679.93845875,EOD,136.31152800000018,1.5995140794766753,8476.046322,8497.902179,8486.9742505,1767.3526612500054,11767.352661250006,True,69
2019-05-16 08:45:00,8718.761363,2019-05-16 15:45:00,8744.930875,Long,8674.474495499999,8918.052266750004,EOD,26.169512000000395,0.30015171777790056,8658.37018,8690.578811,8674.474495499999,1793.5221732500058,11793.522173250007,True,69
2019-05-17 08:45:00,8679.938459,2019-05-17 09:00:00,8662.6838355,Long,8662.6838355,8757.584264750005,SL,-17.25462350000089,-0.19878739442109777,8659.520488,8665.847183,8662.6838355,1776.267549750005,11776.267549750006,False,70
2019-05-22 08:45:00,8569.508868,2019-05-22 10:00:00,8542.045258,Long,8542.045258,8693.095113000003,SL,-27.4636100000007,-0.32048055989012947,8536.725082,8547.365434,8542.045258,1748.8039397500042,11748.803939750003,False,70
2019-05-23 08:45:00,8423.132143,2019-05-23 09:00:00,8437.3672075,Short,8437.3672075,8359.074352750005,SL,-14.23506449999877,-0.16899965782715098,8433.484917,8441.249498,8437.3672075,1734.5688752500055,11734.568875250006,False,70
2019-05-28 08:45:00,8464.830817,2019-05-28 09:00:00,8447.432405,Long,8447.432405,8543.123671000001,SL,-17.398412000000462,-0.20553762238294312,8436.073111,8458.791699,8447.432405,1717.170463250005,11717.170463250004,False,70
2019-05-30 08:45:00,8353.826071,2019-05-30 09:00:00,8340.597526500002,Long,8340.597526500002,8413.35452124999,SL,-13.228544499997952,-0.15835312331819257,8337.146602,8344.048451,8340.597526500002,1703.941918750007,11703.941918750006,False,70
2019-05-31 08:45:00,8224.991547,2019-05-31 09:00:00,8231.749608,Short,8231.749608,8194.580272499998,SL,-6.758061000000453,-0.08216495982254719,8229.880357,8233.618859,8231.749608,1697.1838577500066,11697.183857750006,False,70
2019-06-03 08:45:00,8112.548916,2019-06-03 15:45:00,8062.22293,Short,8173.515253,7838.2003995000005,EOD,50.32598599999983,0.6203473966208604,8172.652522,8174.377984,8173.515253,1747.5098437500064,11747.509843750006,True,71
2019-06-05 08:45:00,8293.434888,2019-06-05 09:00:00,8301.6308345,Short,8301.6308345,8256.55312875,SL,-8.195946499999991,-0.09882451132351606,8296.598236,8306.663433,8301.6308345,1739.3138972500064,11739.313897250006,False,72
2019-06-07 08:45:00,8480.359978,2019-06-07 15:45:00,8545.927548,Long,8438.0861505,8670.592201750005,EOD,65.56756999999925,0.7731696551808718,8421.694258,8454.478043,8438.0861505,1804.8814672500057,11804.881467250005,True,73
2019-06-10 08:45:00,8640.827979,2019-06-10 15:45:00,8649.455291,Long,8606.8938855,8793.53139975,EOD,8.62731200000053,0.09984358004774174,8594.240495,8619.547276,8606.8938855,1813.5087792500062,11813.508779250005,True,73
2019-06-11 08:45:00,8704.38251,2019-06-11 09:00:00,8719.7678825,Short,8719.7678825,8635.148333749996,SL,-15.385372500000813,-0.17675432441445882,8719.04894,8720.486825,8719.7678825,1798.1234067500054,11798.123406750005,False,74
2019-06-13 08:45:00,8662.396259,2019-06-13 09:00:00,8645.5730005,Long,8645.5730005,8738.100922249992,SL,-16.8232584999987,-0.19421021616876258,8639.390094,8651.755907,8645.5730005,1781.3001482500067,11781.300148250008,False,74
2019-06-17 08:45:00,8672.053661,2019-06-17 15:45:00,8676.35229,Long,8640.960246499999,8811.974026250005,EOD,4.298629000000801,0.04956875462305562,8629.927099,8651.993394,8640.960246499999,1785.5987772500075,11785.598777250008,True,75
2019-06-18 08:45:00,8819.066765,2019-06-18 12:00:00,8789.4062265,Long,8789.4062265,8952.53918825,SL,-29.660538500000257,-0.336322870552622,8766.910069,8811.902384,8789.4062265,1755.9382387500073,11755.938238750008,False,76
2019-06-19 08:45:00,8780.379106,2019-06-19 13:00:00,8791.985404,Short,8791.985404,8728.150765000006,SL,-11.606297999998787,-0.13218447472350844,8782.385133,8801.585675,8791.985404,1744.3319407500085,11744.33194075001,False,76
2019-06-20 08:45:00,8929.971387,2019-06-20 09:30:00,8889.994138499991,Short,8938.855220000001,8889.994138499991,TP,39.9772485000085,0.44767498984606213,8936.562618,8941.147822,8938.855220000001,1784.309189250017,11784.309189250016,True,77
2019-06-25 08:45:00,8856.608123,2019-06-25 11:45:00,8778.588011749998,Short,8873.9459255,8778.588011749998,TP,78.02011125000172,0.8809254080847144,8867.784558,8880.107293,8873.9459255,1862.3293005000187,11862.32930050002,True,77
2019-06-26 08:45:00,8833.395527,2019-06-26 09:15:00,8805.884303499999,Long,8805.884303499999,8957.196032750007,SL,-27.511223500001506,-0.3114456203835907,8794.994444,8816.774163,8805.884303499999,1834.8180770000172,11834.818077000018,False,78
2019-06-28 08:45:00,8793.848143,2019-06-28 11:00:00,8818.636901999998,Short,8818.636901999998,8682.298727500003,SL,-24.788758999999118,-0.281887503592284,8812.762109,8824.511695,8818.636901999998,1810.029318000018,11810.029318000019,False,78
2019-07-08 08:45:00,8917.935226,2019-07-08 09:15:00,8944.443437,Short,8944.443437,8798.648276499998,SL,-26.5082110000003,-0.29724605896123046,8930.257962,8958.628912,8944.443437,1783.5211070000178,11783.521107000019,False,78
2019-07-09 08:45:00,8938.85522,2019-07-09 15:45:00,8994.737394,Long,8919.3681025,9026.547248749994,EOD,55.882174000000305,0.625160298770342,8909.911119,8928.825086,8919.3681025,1839.403281000018,11839.403281000017,True,79
2019-07-10 08:45:00,9107.074892,2019-07-10 09:15:00,9070.1066845,Long,9070.1066845,9273.431825750002,SL,-36.96820750000006,-0.4059284450649937,9060.936276,9079.277093,9070.1066845,1802.435073500018,11802.435073500019,False,80
2019-07-12 08:45:00,9098.76421,2019-07-12 09:00:00,9095.325306499999,Long,9095.325306499999,9114.239275750002,SL,-3.4389035000003787,-0.03779528099234455,9093.605855,9097.044758,9095.325306499999,1798.9961700000176,11798.996170000017,False,80
2019-07-15 08:45:00,9136.592143,2019-07-15 09:15:00,9143.4699485,Short,9143.4699485,9105.642018249999,SL,-6.87780550000025,-0.07527758044086143,9140.604196,9146.335701,9143.4699485,1792.1183645000174,11792.118364500016,False,80
2019-07-18 08:45:00,9043.455186,2019-07-18 09:00:00,9033.425052499999,Long,9033.425052499999,9088.590786750001,SL,-10.030133500000375,-0.11091041304133217,9029.126424,9037.723681,9033.425052499999,1782.088231000017,11782.088231000016,False,80
2019-07-19 08:45:00,9112.806397,2019-07-19 10:30:00,9063.802029250004,Short,9123.6962565,9063.802029250004,TP,49.00436774999616,0.5377527582077103,9121.117079,9126.275434,9123.6962565,1831.0925987500132,11831.092598750012,True,81
2019-07-22 08:45:00,9072.112711,2019-07-22 15:45:00,9085.868323,Long,9040.446146,9214.612253499998,EOD,13.755612000000838,0.151625232602347,9031.705601,9049.186691,9040.446146,1844.848210750014,11844.848210750013,True,81
2019-07-23 08:45:00,9093.032705,2019-07-23 12:30:00,9114.669136,Short,9114.669136,8995.668765499995,SL,-21.63643100000081,-0.2379451575941606,9109.367494,9119.970778,9114.669136,1823.2117797500132,11823.211779750014,False,82
2019-07-24 08:45:00,9135.159266,2019-07-24 15:00:00,9208.021020499997,Long,9118.967765000001,9208.021020499997,TP,72.8617544999961,0.7975969808340295,9109.080919,9128.854611,9118.967765000001,1896.0735342500093,11896.073534250008,True,83
2019-07-25 08:45:00,9127.70831,2019-07-25 09:30:00,9149.917891500001,Short,9149.917891500001,9027.765193249994,SL,-22.20958150000115,-0.24332045619456424,9134.872691,9164.963092,9149.917891500001,1873.8639527500081,11873.863952750009,False,84
2019-07-26 08:45:00,9200.784999,2019-07-26 09:00:00,9185.883085500001,Long,9185.883085500001,9267.84360974999,SL,-14.901913499998045,-0.1619635009579909,9178.432129,9193.334042,9185.883085500001,1858.96203925001,11858.962039250011,False,84
2019-07-29 08:45:00,9136.305567,2019-07-29 14:30:00,9180.294868500001,Short,9180.294868500001,8938.353710249992,SL,-43.9893015000016,-0.48147800199338064,9165.822818,9194.766919,9180.294868500001,1814.9727377500085,11814.97273775001,False,84
2019-07-30 08:45:00,9123.982832,2019-07-30 15:45:00,9157.798711,Long,9112.9496845,9173.631995750002,EOD,33.81587899999977,0.37062628922754387,9107.934618,9117.964751,9112.9496845,1848.7886167500083,11848.788616750007,True,85
2019-07-31 08:45:00,9147.482002,2019-07-31 09:00:00,9151.637343499999,Short,9151.637343499999,9128.78296525001,SL,-4.1553414999980305,-0.045426069153123326,9149.201454,9154.073233,9151.637343499999,1844.6332752500102,11844.63327525001,False,86
2019-08-01 08:45:00,9089.307226,2019-08-01 12:30:00,9048.183678,Long,9048.183678,9274.363192000008,SL,-41.12354800000139,-0.45243875003330636,9024.827795,9071.539561,9048.183678,1803.5097272500088,11803.50972725001,False,86
2019-08-05 08:45:00,8613.01916,2019-08-05 11:00:00,8544.026170250005,Short,8628.350935499999,8544.026170250005,TP,68.9929897499951,0.8010314207868905,8616.744638,8639.957233,8628.350935499999,1872.502717000004,11872.502717000003,True,87
2019-08-13 08:45:00,8902.460163,2019-08-13 15:45:00,8885.265648,Long,8703.0037885,9800.013848249997,EOD,-17.194514999999228,-0.19314340850928252,8675.205989,8730.801588,8703.0037885,1855.3082020000047,11855.308202000004,False,88
2019-08-20 08:45:00,8821.645942,2019-08-20 09:00:00,8835.2582665,Short,8835.2582665,8760.390481749992,SL,-13.612324500001705,-0.15430594913351947,8833.968678,8836.547855,8835.2582665,1841.695877500003,11841.695877500002,False,88
2019-08-21 08:45:00,8892.143454,2019-08-21 09:00:00,8884.405922,Long,8884.405922,8926.962347999995,SL,-7.737531999999192,-0.08701537531447018,8881.826745,8886.985099,8884.405922,1833.9583455000038,11833.958345500003,False,88
2019-08-26 08:45:00,8651.133668,2019-08-26 09:00:00,8655.575584,Short,8655.575584,8631.145046000001,SL,-4.441915999999765,-0.05134490080103759,8652.853119,8658.298049,8655.575584,1829.516429500004,11829.516429500003,False,88
2019-08-29 08:45:00,8844.858537,2019-08-29 09:00:00,8825.944571,Long,8825.944571,8929.971384,SL,-18.913966000000073,-0.21384136242404295,8815.341287,8836.547855,8825.944571,1810.602463500004,11810.602463500003,False,88
2019-08-30 08:45:00,8858.900725,2019-08-30 10:00:00,8786.683761999997,Short,8874.948939,8786.683761999997,TP,72.21696300000258,0.815191017957847,8872.942912,8876.954966,8874.948939,1882.8194265000066,11882.819426500006,True,89
2019-09-02 08:45:00,8766.050344,2019-09-02 09:00:00,8774.7908885,Short,8774.7908885,8726.717893749998,SL,-8.740544500000397,-0.09970903835822639,8770.062397,8779.51938,8774.7908885,1874.0788820000062,11874.078882000005,False,90
2019-09-05 08:45:00,8990.438765,2019-09-05 15:45:00,8998.749447,Long,8964.7902795,9105.85694975,EOD,8.31068199999936,0.09243911467761784,8958.055761,8971.524798,8964.7902795,1882.3895640000055,11882.389564000005,True,91
2019-09-06 08:45:00,8999.036022,2019-09-06 09:45:00,9023.968068999999,Short,9023.968068999999,8886.841810500007,SL,-24.93204699999842,-0.27705241915963985,9022.535193,9025.400945,9023.968068999999,1857.457517000007,11857.457517000006,False,92
2019-09-09 08:45:00,9001.042049,2019-09-09 10:00:00,9028.1234105,Short,9028.1234105,8879.175922249997,SL,-27.08136150000064,-0.3008691810634229,9025.974096,9030.272725,9028.1234105,1830.3761555000065,11830.376155500006,False,92
2019-09-10 08:45:00,8897.874959,2019-09-10 09:15:00,8920.800979,Short,8920.800979,8794.707869000005,SL,-22.92601999999897,-0.25765725081144025,8907.905093,8933.696865,8920.800979,1807.4501355000075,11807.450135500007,False,92
2019-09-16 08:45:00,9022.936385,2019-09-16 09:30:00,8997.0675475,Long,8997.0675475,9139.34615375,SL,-25.868837500000154,-0.28670087426311996,8995.781252,8998.353843,8997.0675475,1781.5812980000073,11781.581298000008,False,92
2019-09-18 08:45:00,9022.078855,2019-09-18 09:00:00,9028.7961775,Short,9028.7961775,8991.850903749997,SL,-6.717322500000591,-0.07445426500875547,9025.794821,9031.797534,9028.7961775,1774.8639755000067,11774.863975500008,False,92
2019-09-19 08:45:00,9094.111421,2019-09-19 11:15:00,9077.675418499999,Long,9077.675418499999,9168.073432250003,SL,-16.43600250000054,-0.1807323633845825,9070.386409,9084.964428,9077.675418499999,1758.4279730000062,11758.427973000005,False,92
2019-09-24 08:45:00,9016.647828,2019-09-24 09:00:00,9009.9305055,Long,9009.9305055,9046.875779249993,SL,-6.717322499998772,-0.07449911128988561,9009.50174,9010.359271,9009.9305055,1751.7106505000074,11751.710650500008,False,92
2019-09-25 08:45:00,8801.693505,2019-09-25 09:30:00,8828.134030000001,Short,8828.134030000001,8682.711142499991,SL,-26.4405250000018,-0.300402700741416,8824.560986,8831.707074,8828.134030000001,1725.2701255000056,11725.270125500007,False,92
2019-09-26 08:45:00,8888.589934,2019-09-26 13:00:00,8915.030458500001,Short,8915.030458500001,8769.607573749992,SL,-26.44052450000163,-0.2974659051247625,8903.167953,8926.892964,8915.030458500001,1698.829601000004,11698.829601000005,False,92
2019-09-27 08:45:00,8874.011914,2019-09-27 15:45:00,8823.703456,Short,8916.1738325,8684.283280750002,EOD,50.30845800000134,0.5669189819390785,8911.171571,8921.176094,8916.1738325,1749.1380590000053,11749.138059000004,True,93
2019-10-01 08:45:00,8958.049908,2019-10-01 09:00:00,8937.4691745,Long,8937.4691745,9050.663208750004,SL,-20.58073350000086,-0.22974568919984698,8920.604407,8954.333942,8937.4691745,1728.5573255000045,11728.557325500005,False,94
2019-10-02 08:45:00,8696.503092,2019-10-02 15:45:00,8637.619328,Short,8721.371477,8584.595359500003,EOD,58.883764000000156,0.6770970282775833,8711.938641,8730.804313,8721.371477,1787.4410895000046,11787.441089500004,True,95
2019-10-08 08:45:00,8740.808836,2019-10-08 11:45:00,8780.3981635,Short,8780.3981635,8562.656862250002,SL,-39.589327499999854,-0.45292521828125076,8776.539276,8784.257051,8780.3981635,1747.8517620000048,11747.851762000006,False,96
2019-10-10 08:45:00,8868.580887,2019-10-10 15:45:00,8903.167953,Long,8811.269263,9126.483195,EOD,34.58706600000005,0.38999549579233656,8810.840498,8811.698028,8811.269263,1782.4388280000048,11782.438828000006,True,97
2019-10-11 08:45:00,9001.783965,2019-10-11 11:30:00,8981.060310500001,Long,8981.060310500001,9095.04041025,SL,-20.72365449999961,-0.23021719450917313,8968.626118,8993.494503,8981.060310500001,1761.7151735000052,11761.715173500004,False,98
2019-10-15 08:45:00,9026.938195,2019-10-15 09:30:00,9075.174291250001,Long,9016.2190625,9075.174291250001,TP,48.23609625000063,0.534357222881159,9011.788488,9020.649637,9016.2190625,1809.9512697500058,11809.951269750007,True,99
2019-10-23 08:45:00,9008.358366,2019-10-23 09:00:00,8998.2109215,Long,8998.2109215,9054.021866250001,SL,-10.147444500000347,-0.11264476931001732,8995.209565,9001.212278,8998.2109215,1799.8038252500055,11799.803825250005,False,100
2019-10-25 08:45:00,9106.402692,2019-10-25 15:45:00,9188.725624,Long,9080.105088,9224.741909999997,EOD,82.32293200000095,0.9040115486252532,9072.387313,9087.822863,9080.105088,1882.1267572500064,11882.126757250007,True,101
2019-10-28 08:45:00,9252.182884,2019-10-28 15:45:00,9273.906991,Long,9239.7486915,9308.136750249996,EOD,21.724107000000004,0.23479980100229075,9239.60577,9239.891613,9239.7486915,1903.8508642500065,11903.850864250006,True,101
2019-10-30 08:45:00,9206.162078,2019-10-30 09:45:00,9218.024584499999,Short,9218.024584499999,9152.780798750002,SL,-11.862506499999654,-0.12885398279428004,9211.878949,9224.17022,9218.024584499999,1891.9883577500068,11891.988357750008,False,102
2019-10-31 08:45:00,9247.037701,2019-10-31 15:45:00,9252.468728,Short,9265.6175295,9163.428472749998,EOD,-5.43102700000054,-0.058732614439467624,9264.188312,9267.046747,9265.6175295,1886.5573307500063,11886.557330750005,False,102
2019-11-05 08:45:00,9396.248016,2019-11-05 09:00:00,9401.821964,Short,9401.821964,9371.165249999995,SL,-5.57394800000111,-0.05932099696080553,9400.821512,9402.822416,9401.821964,1880.9833827500051,11880.983382750004,False,102
2019-11-06 08:45:00,9374.809752,2019-11-06 10:30:00,9382.527527,Short,9382.527527,9340.079764499995,SL,-7.717775000000984,-0.08232460395641088,9378.811561,9386.243493,9382.527527,1873.2656077500042,11873.265607750003,False,102
2019-11-07 08:45:00,9437.123638,2019-11-07 09:00:00,9430.978003,Long,9430.978003,9464.778995499993,SL,-6.145634999998947,-0.06512190828201744,9429.12002,9432.835986,9430.978003,1867.1199727500052,11867.119972750006,False,102
2019-11-12 08:45:00,9458.276058,2019-11-12 13:15:00,9446.127709,Long,9446.127709,9512.943628499996,SL,-12.148348999999143,-0.12844147205582804,9442.840509,9449.414909,9446.127709,1854.971623750006,11854.971623750007,False,102
2019-11-15 08:45:00,9478.570948,2019-11-15 09:15:00,9495.2927935,Short,9495.2927935,9403.32264325,SL,-16.7218455000002,-0.1764173691555112,9492.863124,9497.722463,9495.2927935,1838.2497782500059,11838.249778250007,False,102
2019-11-18 08:45:00,9485.717036,2019-11-18 09:30:00,9495.149872,Short,9495.149872,9443.269274,SL,-9.432835999999952,-0.09944251936043048,9488.003784,9502.29596,9495.149872,1828.816942250006,11828.816942250007,False,102
2019-11-19 08:45:00,9536.311338,2019-11-19 13:00:00,9557.7496015,Short,9557.7496015,9439.839152249999,SL,-21.438263500000176,-0.2248066651785334,9552.890262,9562.608941,9557.7496015,1807.3786787500057,11807.378678750007,False,102
2019-11-22 08:45:00,9473.425765,2019-11-22 09:00:00,9478.7138695,Short,9478.7138695,9449.629294750002,SL,-5.288104499999463,-0.05582040363409617,9477.427574,9480.000165,9478.7138695,1802.0905742500063,11802.090574250007,False,102
2019-11-25 08:45:00,9548.030922,2019-11-25 15:45:00,9575.757743,Long,9522.590849,9662.5112505,EOD,27.7268210000002,0.2903930792276104,9507.726986,9537.454712,9522.590849,1829.8173952500065,11829.817395250007,True,103
2019-12-02 08:45:00,9537.168868,2019-12-02 15:45:00,9501.438429,Short,9594.623415,9278.623406500003,EOD,35.73043900000084,0.37464408457615705,9573.470995,9615.775835,9594.623415,1865.5478342500073,11865.547834250006,True,103
2019-12-05 08:45:00,9497.722463,2019-12-05 15:45:00,9502.29596,Short,9514.444308999999,9422.474156000007,EOD,-4.573496999999406,-0.048153618068081536,9514.301387,9514.587231,9514.444308999999,1860.974337250008,11860.974337250009,False,104
2019-12-06 08:45:00,9588.620701,2019-12-06 09:15:00,9580.902925999999,Long,9580.902925999999,9623.350688500004,SL,-7.717775000000984,-0.0804888965854713,9578.616178,9583.189674,9580.902925999999,1853.256562250007,11853.256562250008,False,104
2019-12-09 08:45:00,9626.352045,2019-12-09 10:00:00,9608.200982,Long,9608.200982,9708.031828499996,SL,-18.15106299999934,-0.18855598585164085,9591.193293,9625.208671,9608.200982,1835.1054992500076,11835.105499250007,False,104
2019-12-12 08:45:00,9677.632151,2019-12-12 10:45:00,9625.900684,Long,9625.900684,9910.423752499999,SL,-51.73146699999961,-0.5345467382189573,9600.391228,9651.41014,9625.900684,1783.374032250008,11783.374032250009,False,104
2019-12-13 08:45:00,9696.443594,2019-12-13 10:15:00,9675.066955,Long,9675.066955,9792.638469500002,SL,-21.37663900000007,-0.22045855052699506,9673.071802,9677.062108,9675.066955,1761.997393250008,11761.997393250007,False,104
2019-12-16 08:45:00,9800.19155,2019-12-16 15:45:00,9813.302555,Long,9785.797946499999,9864.962765750002,EOD,13.11100500000066,0.1337831503915927,9778.529889,9793.066004,9785.797946499999,1775.1083982500086,11775.10839825001,True,105
2019-12-17 08:45:00,9802.186703,2019-12-17 09:00:00,9816.0102635,Short,9816.0102635,9739.980680749995,SL,-13.823560500000895,-0.14102527240957508,9811.022381,9820.998146,9816.0102635,1761.2848377500077,11761.284837750009,False,106
2019-12-19 08:45:00,9839.809588,2019-12-19 13:15:00,9873.798443500005,Long,9832.256508999999,9873.798443500005,TP,33.98885550000523,0.3454218823650394,9828.123692,9836.389326,9832.256508999999,1795.273693250013,11795.273693250012,True,107
2019-12-24 08:45:00,9937.287064,2019-12-24 09:00:00,9945.125164500001,Short,9945.125164500001,9902.015611749996,SL,-7.838100500001019,-0.07887565740549304,9939.85226,9950.398069,9945.125164500001,1787.435592750012,11787.435592750011,False,108
2019-12-26 08:45:00,9983.460604,2019-12-26 12:30:00,10020.014655250005,Long,9975.337481499999,10020.014655250005,TP,36.554051250004704,0.3661460960276526,9971.204665,9979.470298,9975.337481499999,1823.9896440000166,11823.989644000016,True,109
2019-12-27 08:45:00,10011.677768,2019-12-27 15:45:00,10009.112572,Short,10059.1339075,9798.125140249998,EOD,2.5651959999995597,0.025622039177075916,10055.571134,10062.696681,10059.1339075,1826.5548400000162,11826.554840000015,True,109
2019-12-30 08:45:00,9935.291911,2019-12-30 15:45:00,9955.813484,Short,9985.7407795,9708.272002750002,EOD,-20.52157299999999,-0.2065522903990293,9954.673397,10016.808162,9985.7407795,1806.0332670000162,11806.033267000017,False,110
2019-12-31 08:45:00,9960.373834,2019-12-31 09:00:00,9943.8425665,Long,9943.8425665,10034.764537750001,SL,-16.531267500000467,-0.1659703518714383,9932.726714,9954.958419,9943.8425665,1789.5019995000157,11789.501999500015,False,110
2020-01-02 08:45:00,10087.493582,2020-01-02 09:00:00,10066.2594545,Long,10066.2594545,10183.047155749999,SL,-21.234127499999886,-0.21049953913120506,10063.266725,10069.252184,10066.2594545,1768.2678720000158,11768.267872000015,False,110
2020-01-03 08:45:00,10061.841615,2020-01-03 15:45:00,10046.165413,Long,10034.622028000002,10184.329756499988,EOD,-15.676201999998739,-0.1557985366876473,10020.228424,10049.015632,10034.622028000002,1752.591670000017,11752.591670000016,False,110
2020-01-06 08:45:00,10029.919167,2020-01-06 15:45:00,10092.623976,Long,9990.443640000001,10207.559038499994,EOD,62.70480900000075,0.6251776106661893,9980.610386,10000.276894,9990.443640000001,1815.2964790000178,11815.296479000019,True,111
2020-01-08 08:45:00,10135.662276,2020-01-08 09:45:00,10115.283213499999,Long,10115.283213499999,10227.36805725,SL,-20.379062500000146,-0.20106295913445396,10111.72044,10118.845987,10115.283213499999,1794.9174165000177,11794.917416500019,False,112
2020-01-10 08:45:00,10295.274517,2020-01-10 09:00:00,10298.9798005,Short,10298.9798005,10278.600741250002,SL,-3.7052834999994957,-0.0359901379402868,10297.554691,10300.40491,10298.9798005,1791.2121330000182,11791.21213300002,False,112
2020-01-15 08:45:00,10356.554216,2020-01-15 12:00:00,10328.0520305,Long,10328.0520305,10484.814050750007,SL,-28.50218550000136,-0.275209156496935,10324.631768,10331.472293,10328.0520305,1762.7099475000168,11762.709947500018,False,112
2020-01-16 08:45:00,10385.626445,2020-01-16 09:15:00,10374.7956145,Long,10374.7956145,10434.365182249996,SL,-10.830830499999138,-0.10428673279707143,10373.655527,10375.935702,10374.7956145,1751.8791170000177,11751.879117000019,False,112
2020-01-17 08:45:00,10440.920686,2020-01-17 09:15:00,10446.763633999999,Short,10446.763633999999,10414.62742,SL,-5.842947999999524,-0.055961999671486864,10442.060773,10451.466495,10446.763633999999,1746.0361690000182,11746.036169000017,False,112
2020-01-20 08:45:00,10456.311866,2020-01-20 09:30:00,10452.0365385,Long,10452.0365385,10475.550839749998,SL,-4.275327499999548,-0.040887528554894276,10451.181473,10452.891604,10452.0365385,1741.7608415000186,11741.760841500018,False,112
2020-01-21 08:45:00,10454.886757,2020-01-21 12:30:00,10440.0656205,Long,10440.0656205,10521.581871250004,SL,-14.821136500000648,-0.14176276457587889,10437.500424,10442.630817,10440.0656205,1726.939705000018,11726.939705000019,False,112
2020-01-29 08:45:00,10381.066096,2020-01-29 12:15:00,10423.2493305,Short,10423.2493305,10191.24154075,SL,-42.18323450000025,-0.40634780772905554,10422.109243,10424.389418,10423.2493305,1684.7564705000177,11684.756470500019,False,112
2020-01-30 08:45:00,10357.409282,2020-01-30 09:15:00,10345.153341500001,Long,10345.153341500001,10412.561014249997,SL,-12.25594049999927,-0.1183301747213823,10334.322511,10355.984172,10345.153341500001,1672.5005300000184,11672.50053000002,False,112
2020-01-31 08:45:00,10408.713216,2020-01-31 10:30:00,10278.529482750002,Short,10437.6429345,10278.529482750002,TP,130.1837332499981,1.2507188021078637,10411.278413,10464.007456,10437.6429345,1802.6842632500166,11802.684263250016,True,113
2020-02-03 08:45:00,10404.72291,2020-02-03 15:45:00,10381.066096,Long,10341.305547,10690.101043500003,EOD,-23.65681399999994,-0.22736611253014077,10319.501375,10363.109719,10341.305547,1779.0274492500166,11779.027449250018,False,114
2020-02-05 08:45:00,10713.11656,2020-02-05 15:45:00,10703.425817,Short,10751.879531999999,10538.683186000006,EOD,9.69074300000102,0.09045680540976977,10729.932849,10773.826215,10751.879531999999,1788.7181922500176,11788.718192250017,True,115
2020-02-10 08:45:00,10771.546041,2020-02-10 15:45:00,10860.47286,Long,10723.9473905,10985.73996825,EOD,88.92681900000025,0.8255715443402081,10704.850926,10743.043855,10723.9473905,1877.645011250018,11877.645011250017,True,115
2020-02-11 08:45:00,10896.100592,2020-02-11 09:00:00,10914.9120345,Short,10914.9120345,10811.449100750007,SL,-18.81144249999852,-0.1726438035439029,10913.771947,10916.052122,10914.9120345,1858.8335687500194,11858.833568750018,False,116
2020-02-13 08:45:00,10912.061816,2020-02-13 09:00:00,10902.228562,Long,10902.228562,10956.311458999997,SL,-9.833253999999215,-0.0901136207419668,10897.810723,10906.646401,10902.228562,1849.0003147500202,11849.000314750021,False,116
2020-02-18 08:45:00,10970.206275,2020-02-18 09:15:00,10940.706513000001,Long,10940.706513000001,11102.955203999998,SL,-29.499761999999464,-0.2689079973566811,10935.148587,10946.264439,10940.706513000001,1819.5005527500207,11819.500552750022,False,116
2020-02-19 08:45:00,11071.959078,2020-02-19 15:45:00,11097.896067,Long,11057.2804525,11138.012892750003,EOD,25.936988999999812,0.23425835317199328,11054.287723,11060.273182,11057.2804525,1845.4375417500205,11845.43754175002,True,117
2020-02-21 08:45:00,10845.08168,2020-02-21 15:45:00,10779.526653,Short,10902.086051,10588.562010499994,EOD,65.55502699999852,0.6044678033259268,10875.86404,10928.308062,10902.086051,1910.992568750019,11910.992568750018,True,117
2020-02-24 08:45:00,10470.277937,2020-02-24 09:15:00,10430.517388,Long,10430.517388,10649.200407500004,SL,-39.76054900000054,-0.3797468342219857,10418.688981,10442.345795,10430.517388,1871.2320197500185,11871.23201975002,False,118
2020-02-25 08:45:00,10408.998238,2020-02-25 09:15:00,10310.238164499999,Short,10430.944921,10310.238164499999,TP,98.76007350000145,0.9487951793426123,10427.524659,10434.365183,10430.944921,1969.99209325002,11969.99209325002,True,119
2020-02-26 08:45:00,10209.482937,2020-02-26 09:00:00,10180.553219000001,Long,10180.553219000001,10339.666667999998,SL,-28.92971799999941,-0.28336124540798974,10164.734506,10196.371932,10180.553219000001,1941.0623752500205,11941.062375250021,False,120
2020-03-03 08:45:00,10009.967637,2020-03-03 09:00:00,10083.5032765,Short,10083.5032765,9679.05725925,SL,-73.53563949999989,-0.7346241483158142,10073.24249,10093.764063,10083.5032765,1867.5267357500206,11867.52673575002,False,120
2020-03-04 08:45:00,9912.775184,2020-03-04 09:00:00,9957.0960825,Short,9957.0960825,9713.33114075,SL,-44.32089850000011,-0.4471088840140099,9951.823178,9962.368987,9957.0960825,1823.2058372500205,11823.205837250021,False,120
2020-03-12 08:45:00,8624.476388,2020-03-12 09:00:00,8511.607732249991,Short,8649.5583115,8511.607732249991,TP,112.86865575000775,1.3087015451402004,8632.742022,8666.374601,8649.5583115,1936.0744930000283,11936.07449300003,True,121
2020-03-13 08:45:00,8565.191841,2020-03-13 09:15:00,8678.060496999999,Short,8678.060496999999,8057.2828890000055,SL,-112.86865599999874,-1.3177598131511452,8665.519535,8690.601459,8678.060496999999,1823.2058370000295,11823.20583700003,False,122
2020-03-16 08:45:00,8262.658132,2020-03-16 09:30:00,8478.6589035,Short,8478.6589035,7290.654660250004,SL,-216.00077149999925,-2.614180183293093,8342.817184,8614.500623,8478.6589035,1607.2050655000303,11607.205065500031,False,122
2020-03-18 08:45:00,8235.84336,2020-03-18 10:30:00,8083.227371999999,Long,8083.227371999999,8922.615306000007,SL,-152.61598800000138,-1.8530705518420807,8060.691553,8105.763191,8083.227371999999,1454.589077500029,11454.58907750003,False,122
2020-03-20 08:45:00,8391.597247,2020-03-20 09:00:00,8426.9699255,Short,8426.9699255,8232.42019375,SL,-35.37267849999989,-0.42152497860458743,8416.985702,8436.954149,8426.9699255,1419.216399000029,11419.21639900003,False,122
2020-04-14 08:45:00,9801.36961,2020-04-14 15:45:00,9930.879253,Long,9720.782663,10164.010871499999,EOD,129.50964299999941,1.3213423037109546,9702.097902,9739.467424,9720.782663,1548.7260420000284,11548.726042000028,True,123
2020-04-17 08:45:00,10067.520483,2020-04-17 09:00:00,10077.0768115,Short,10077.0768115,10024.517004750005,SL,-9.556328499998926,-0.0949223646093964,10074.081544,10080.072079,10077.0768115,1539.1697135000295,11539.169713500029,False,124
2020-04-21 08:45:00,9794.523285,2020-04-21 09:30:00,9704.665271250002,Short,9814.491732499999,9704.665271250002,TP,89.85801374999755,0.9174312126820122,9801.084347,9827.899118,9814.491732499999,1629.027727250027,11629.027727250028,True,125
2020-04-23 08:45:00,9953.415071,2020-04-23 11:30:00,9928.0266175,Long,9928.0266175,10067.663111749998,SL,-25.38845349999974,-0.25507278978017156,9922.321347,9933.731888,9928.0266175,1603.6392737500273,11603.639273750028,False,126
2020-04-24 08:45:00,9799.087502,2020-04-24 09:15:00,9854.5712585,Short,9854.5712585,9549.41059775,SL,-55.4837564999998,-0.5662135019069431,9851.290728,9857.851789,9854.5712585,1548.1555172500275,11548.155517250027,False,126
2020-04-28 08:45:00,10075.793126,2020-04-28 15:45:00,9925.744509,Short,10140.405315,9785.038275500003,EOD,150.04861700000038,1.4891990647645257,10122.005817,10158.804813,10140.405315,1698.204134250028,11698.204134250027,True,127
2020-05-05 08:45:00,10220.136471,2020-05-05 14:30:00,10180.484841000001,Long,10180.484841000001,10398.568805999992,SL,-39.65162999999848,-0.3879755433062111,10174.209043,10186.760639,10180.484841000001,1658.5525042500294,11658.55250425003,False,128
2020-05-11 08:45:00,10502.832629,2020-05-11 12:30:00,10637.619646249996,Long,10472.879958500002,10637.619646249996,TP,134.7870172499952,1.2833396666517056,10450.629403,10495.130514,10472.879958500002,1793.3395215000246,11793.339521500024,True,129
2020-05-20 08:45:00,10795.51301,2020-05-20 15:45:00,10833.167796,Long,10748.7297915,11006.037493250004,EOD,37.65478599999915,0.3488003392253718,10735.037142,10762.422441,10748.7297915,1830.9943075000238,11830.994307500023,True,129
2020-05-26 08:45:00,10838.017276,2020-05-26 15:45:00,10740.742413,Short,10898.4931445,10565.87586775,EOD,97.27486300000055,0.8975337510801781,10893.358401,10903.627888,10898.4931445,1928.2691705000243,11928.269170500025,True,129
2020-05-27 08:45:00,10597.540121,2020-05-27 13:00:00,10668.998635,Short,10668.998635,10275.976808,SL,-71.45851399999992,-0.6742934037909261,10659.442307,10678.554963,10668.998635,1856.8106565000244,11856.810656500023,False,130
2020-05-28 08:45:00,10760.140333,2020-05-28 11:45:00,10895.569196499991,Long,10730.045030000001,10895.569196499991,TP,135.42886349999208,1.2586161454107503,10713.07185,10747.01821,10730.045030000001,1992.2395200000165,11992.239520000017,True,131
2020-06-01 08:45:00,10897.352091,2020-06-01 15:45:00,10945.561627,Long,10880.3789105,10973.731403250005,EOD,48.20953599999848,0.44239679141701027,10869.111001,10891.64682,10880.3789105,2040.449056000015,12040.449056000016,True,131
2020-06-02 08:45:00,10935.862667,2020-06-02 09:00:00,10948.9847895,Short,10948.9847895,10876.813115749996,SL,-13.122122500000842,-0.11999165406125746,10940.997411,10956.972168,10948.9847895,2027.326933500014,12027.326933500015,False,132
2020-06-04 08:45:00,11095.610244,2020-06-04 10:00:00,11062.2344105,Long,11062.2344105,11245.801494750001,SL,-33.375833500000226,-0.30080214396543314,11053.961768,11070.507053,11062.2344105,1993.9511000000139,11993.951100000013,False,132
2020-06-05 08:45:00,11133.550293,2020-06-05 15:45:00,11191.173526,Long,11092.329713,11319.042903000005,EOD,57.623233000000255,0.5175638631302517,11061.663884,11122.995542,11092.329713,2051.574333000014,12051.574333000015,True,133
2020-06-08 08:45:00,11165.499808,2020-06-08 09:45:00,11186.181413999999,Short,11186.181413999999,11072.432581000008,SL,-20.681605999998283,-0.18522776727988532,11186.038782,11186.324046,11186.181413999999,2030.8927270000158,12030.892727000017,False,134
2020-06-09 08:45:00,11291.301025,2020-06-09 12:15:00,11396.563270000002,Long,11267.909415,11396.563270000002,TP,105.26224500000171,0.9322419512768388,11254.502029,11281.316801,11267.909415,2136.1549720000176,12136.154972000018,True,135
2020-06-12 08:45:00,11195.167215,2020-06-12 09:00:00,11185.468255,Long,11185.468255,11238.812534999997,SL,-9.698959999999715,-0.08663524013294263,11181.759829,11189.176681,11185.468255,2126.456012000018,12126.456012000017,False,136
2020-06-25 08:45:00,11364.981657,2020-06-25 09:00:00,11391.975845,Short,11391.975845,11243.507810999998,SL,-26.994188000000577,-0.237520735313938,11366.124268,11417.827422,11391.975845,2099.4618240000173,12099.461824000016,False,136
2020-06-26 08:45:00,11448.106617,2020-06-26 09:15:00,11317.634705999997,Short,11477.100375,11317.634705999997,TP,130.47191100000236,1.1396811312558583,11452.677062,11501.523688,11477.100375,2229.9337350000196,12229.93373500002,True,137
2020-06-29 08:45:00,11188.733889,2020-06-29 09:00:00,11213.157202499999,Short,11213.157202499999,11078.828978250001,SL,-24.423313499999495,-0.2182848724645318,11190.162153,11236.152252,11213.157202499999,2205.51042150002,12205.510421500021,False,138
2020-06-30 08:45:00,11453.248367,2020-06-30 15:45:00,11585.219953,Long,11398.688685500001,11698.766933749996,EOD,131.97158599999966,1.1522633734220464,11376.693421,11420.68395,11398.688685500001,2337.48200750002,12337.48200750002,True,139
2020-07-02 08:45:00,11898.295404,2020-07-02 09:15:00,11865.4453345,Long,11865.4453345,12046.120716750002,SL,-32.850069500000245,-0.27609055234043545,11855.73314,11875.157529,11865.4453345,2304.6319380000195,12304.63193800002,False,140
2020-07-06 08:45:00,12019.697838,2020-07-06 15:45:00,12109.107159,Long,11975.850135,12217.012501499998,EOD,89.40932099999918,0.7438566443603404,11975.136003,11976.564267,11975.850135,2394.0412590000187,12394.04125900002,True,141
2020-07-07 08:45:00,12119.961965,2020-07-07 10:15:00,12215.084342000004,Long,12098.823659,12215.084342000004,TP,95.12237700000333,0.7848405570471055,12088.254506,12109.392812,12098.823659,2489.163636000022,12489.163636000023,True,141
2020-07-08 08:45:00,12142.814187,2020-07-08 10:00:00,12095.252999,Long,12095.252999,12356.839532999998,SL,-47.561187999999675,-0.3916817573550479,12083.112756,12107.393242,12095.252999,2441.6024480000224,12441.602448000023,False,142
2020-07-10 08:45:00,12196.516911,2020-07-10 09:15:00,12246.934627499999,Short,12246.934627499999,11969.63718675001,SL,-50.41771649999828,-0.4133779903549898,12229.652634,12264.216621,12246.934627499999,2391.184731500024,12391.184731500023,False,142
2020-07-13 08:45:00,12528.731098,2020-07-13 09:00:00,12515.3054175,Long,12515.3054175,12589.146660250002,SL,-13.425680500000453,-0.10715914001972343,12505.30757,12525.303265,12515.3054175,2377.7590510000236,12377.759051000023,False,142
2020-07-17 08:45:00,12115.962826,2020-07-17 10:00:00,12136.5298265,Short,12136.5298265,12023.411323750004,SL,-20.567000499999267,-0.1697512677726605,12122.53284,12150.526813,12136.5298265,2357.1920505000244,12357.192050500023,False,142
2020-07-21 08:45:00,12504.164959,2020-07-21 14:30:00,12349.26973675,Short,12538.5861195,12349.26973675,TP,154.89522224999928,1.2387490308859999,12523.589348,12553.582891,12538.5861195,2512.0872727500237,12512.087272750025,True,143
2020-07-24 08:45:00,11862.303154,2020-07-24 09:00:00,11881.44189,Short,11881.44189,11776.178841999996,SL,-19.13873600000079,-0.1613408100563267,11868.016209,11894.867571,11881.44189,2492.948536750023,12492.948536750024,False,144
2020-07-27 08:45:00,12134.244604,2020-07-27 09:15:00,12084.683846,Long,12084.683846,12357.268014999998,SL,-49.56075799999962,-0.40843711015733225,12061.403144,12107.964548,12084.683846,2443.3877787500232,12443.387778750024,False,144
2020-07-31 08:45:00,12368.765539,2020-07-31 14:45:00,12417.040860000001,Short,12417.040860000001,12151.526594499996,SL,-48.275321000000986,-0.39030023528042385,12389.33254,12444.74918,12417.040860000001,2395.1124577500223,12395.112457750023,False,144
2020-08-03 08:45:00,12605.85735,2020-08-03 09:45:00,12570.864884,Long,12570.864884,12763.323446999999,SL,-34.992465999999695,-0.2775889416200612,12558.724641,12583.005127,12570.864884,2360.1199917500226,12360.119991750023,False,144
2020-08-04 08:45:00,12637.564809,2020-08-04 10:15:00,12603.2864745,Long,12603.2864745,12791.817314249995,SL,-34.27833449999889,-0.2712416119566575,12593.288627,12613.284322,12603.2864745,2325.8416572500237,12325.841657250025,False,144
2020-08-12 08:45:00,12638.993073,2020-08-12 15:45:00,12701.836685,Long,12538.443293,13091.467082999996,EOD,62.843612000000576,0.49722008420314745,12523.018043,12553.868543,12538.443293,2388.6852692500242,12388.685269250025,True,145
2020-08-17 08:45:00,12870.086175,2020-08-17 09:15:00,12842.663507500001,Long,12842.663507500001,12993.488178749996,SL,-27.42266749999908,-0.2130729128548285,12839.521327,12845.805688,12842.663507500001,2361.262601750025,12361.262601750026,False,146
2020-08-19 08:45:00,12972.064219,2020-08-19 09:00:00,13001.4864555,Short,13001.4864555,12839.664154749997,SL,-29.42223650000051,-0.22681229450673066,12999.486886,13003.486025,13001.4864555,2331.8403652500247,12331.840365250024,False,146
2020-08-20 08:45:00,12989.489039,2020-08-20 15:45:00,13117.175833,Long,12928.930648500002,13262.001796249993,EOD,127.68679399999928,0.983000898777688,12906.364079,12951.497218,12928.930648500002,2459.527159250024,12459.527159250025,True,147
2020-09-02 08:45:00,13998.700324,2020-09-02 14:00:00,14186.802682000001,Short,14186.802682000001,13152.239712999992,SL,-188.1023580000019,-1.3437130136824973,14173.80548,14199.799884,14186.802682000001,2271.424801250022,12271.424801250021,False,148
2020-09-03 08:45:00,13913.861447,2020-09-03 09:00:00,13947.996955,Short,13947.996955,13760.251660999995,SL,-34.13550800000121,-0.245334540163624,13933.000184,13962.993726,13947.996955,2237.289293250021,12237.289293250022,False,148
2020-09-14 08:45:00,12908.747745,2020-09-14 12:00:00,12868.9977235,Long,12868.9977235,13087.62284175,SL,-39.7500215,-0.3079308875285486,12850.123613,12887.871834,12868.9977235,2197.539271750021,12197.539271750022,False,148
2020-09-17 08:45:00,12655.377109,2020-09-17 11:00:00,12556.5739995,Long,12556.5739995,13099.991101749994,SL,-98.80310949999875,-0.7807203898312435,12542.132445,12571.015554,12556.5739995,2098.736162250022,12098.736162250021,False,148
2020-09-18 08:45:00,12649.085739,2020-09-18 09:15:00,12699.7026715,Short,12699.7026715,12421.309542750005,SL,-50.616932499999166,-0.400162774958001,12690.837559,12708.567784,12699.7026715,2048.119229750023,12048.119229750024,False,148
2020-09-22 08:45:00,12589.603693,2020-09-22 09:00:00,12616.913959,Short,12616.913959,12466.707495999997,SL,-27.31026600000041,-0.21692713024148103,12590.461607,12643.366311,12616.913959,2020.8089637500225,12020.808963750023,False,148
2020-09-24 08:45:00,12393.713303,2020-09-24 15:45:00,12478.074858,Long,12279.7537115,12906.531464750005,EOD,84.3615549999995,0.6806802201853346,12268.743814,12290.763609,12279.7537115,2105.170518750022,12105.170518750023,True,149
2020-09-28 08:45:00,12895.879033,2020-09-28 12:30:00,12949.4986655,Short,12949.4986655,12654.590686749998,SL,-53.61963250000008,-0.4157888916512767,12934.199197,12964.798134,12949.4986655,2051.550886250022,12051.550886250021,False,150
2020-10-02 08:45:00,13048.301774,2020-10-02 10:30:00,12975.093103,Long,12975.093103,13377.740793500001,SL,-73.20867100000032,-0.5610589965498473,12947.35388,13002.832326,12975.093103,1978.3422152500216,11978.34221525002,False,150
2020-10-05 08:45:00,13001.402469,2020-10-05 15:45:00,13119.508646,Long,12967.085905,13155.827007000004,EOD,118.10617699999966,0.9084110524353591,12960.222592,12973.949218,12967.085905,2096.4483922500212,12096.448392250022,True,151
2020-10-07 08:45:00,13052.305374,2020-10-07 09:00:00,13041.7244325,Long,13041.7244325,13099.919610750001,SL,-10.580941500000336,-0.08106569067160668,13034.575148,13048.873717,13041.7244325,2085.867450750021,12085.867450750022,False,152
2020-10-08 08:45:00,13203.298258,2020-10-08 11:00:00,13218.025783500001,Short,13218.025783500001,13137.024393249998,SL,-14.72752550000041,-0.11154429152637575,13208.159771,13227.891796,13218.025783500001,2071.1399252500205,12071.13992525002,False,152
2020-10-12 08:45:00,13598.224723,2020-10-12 09:15:00,13621.3884045,Short,13621.3884045,13493.988156249998,SL,-23.163681500000166,-0.1703434232912858,13618.528691,13624.248118,13621.3884045,2047.9762437500203,12047.976243750021,False,152
2020-10-13 08:45:00,13833.00722,2020-10-13 09:15:00,13857.7437435,Short,13857.7437435,13721.69286425,SL,-24.73652349999975,-0.17882245781116385,13834.437077,13881.05041,13857.7437435,2023.2397202500206,12023.239720250021,False,152
2020-10-15 08:45:00,13579.922555,2020-10-15 09:00:00,13516.1509395,Long,13516.1509395,13866.894824749997,SL,-63.771615499999825,-0.46960220311801204,13494.131144,13538.170735,13516.1509395,1959.4681047500208,11959.46810475002,False,152
2020-10-21 08:45:00,13467.821777,2020-10-21 09:45:00,13387.6068075,Long,13387.6068075,13828.789139749995,SL,-80.21496949999892,-0.5956046258125274,13360.01057,13415.203045,13387.6068075,1879.2531352500218,11879.253135250023,False,152
2020-10-23 08:45:00,13286.229956,2020-10-23 14:30:00,13327.1238625,Short,13327.1238625,13102.207376749993,SL,-40.89390650000132,-0.30779165071980275,13301.386439,13352.861286,13327.1238625,1838.3592287500205,11838.359228750021,False,152
2020-10-26 08:45:00,13346.283944,2020-10-26 09:30:00,13269.500631,Long,13269.500631,13691.8088525,SL,-76.78331299999991,-0.5753160454413895,13245.907993,13293.093269,13269.500631,1761.5759157500206,11761.575915750022,False,152
2020-10-28 08:45:00,12929.051712,2020-10-28 15:45:00,12786.066026,Short,13009.552653499999,12566.797475250007,EOD,142.985686,1.1059255480221253,12990.535557,13028.56975,13009.552653499999,1904.5616017500206,11904.561601750022,True,153
2020-10-30 08:45:00,12772.625371,2020-10-30 09:45:00,12583.455304749994,Short,12814.663163500001,12583.455304749994,TP,189.17006625000613,1.4810585980194262,12795.789053,12833.537274,12814.663163500001,2093.7316680000267,12093.731668000026,True,153
2020-11-02 08:45:00,12784.350198,2020-11-02 09:00:00,12748.4607905,Long,12748.4607905,12945.852531750003,SL,-35.88940750000074,-0.2807292270952913,12746.887948,12750.033633,12748.4607905,2057.842260500026,12057.842260500027,False,154
2020-11-06 08:45:00,13610.807464,2020-11-06 09:15:00,13717.903742999999,Short,13717.903742999999,13128.874208500001,SL,-107.09627899999941,-0.7868473584926131,13671.433395,13764.374091,13717.903742999999,1950.7459815000266,11950.745981500026,False,154
2020-11-11 08:45:00,13481.834375,2020-11-11 15:45:00,13604.230122,Long,13444.9440675,13647.84075875,EOD,122.39574700000048,0.9078567767229411,13424.6401,13465.248035,13444.9440675,2073.141728500027,12073.141728500028,True,155
2020-11-17 08:45:00,13685.731963,2020-11-17 09:30:00,13742.0683235,Short,13742.0683235,13432.218340750002,SL,-56.3363604999995,-0.4116430210112796,13731.201411,13752.935236,13742.0683235,2016.8053680000276,12016.805368000027,False,156
2020-11-19 08:45:00,13633.685173,2020-11-19 15:45:00,13686.303906,Long,13584.641082999999,13854.383578000004,EOD,52.61873299999934,0.3859465165310176,13583.640183,13585.641983,13584.641082999999,2069.424101000027,12069.424101000026,True,157
2020-11-23 08:45:00,13696.026933,2020-11-23 09:00:00,13684.5880775,Long,13684.5880775,13747.501782749994,SL,-11.438855499998681,-0.08351951668872117,13676.008936,13693.167219,13684.5880775,2057.985245500028,12057.98524550003,False,158
2020-11-24 08:45:00,13638.260715,2020-11-24 09:00:00,13653.846155,Short,13653.846155,13568.126235000005,SL,-15.585439999998925,-0.11427732850756642,13639.690572,13668.001738,13653.846155,2042.3998055000293,12042.39980550003,False,158
2020-11-30 08:45:00,14015.742927,2020-11-30 09:30:00,13928.2356885,Short,14035.188979999999,13928.2356885,TP,87.5072384999985,0.624349625672886,14034.331066,14036.046894,14035.188979999999,2129.907044000028,12129.907044000029,True,159
2020-12-07 08:45:00,14395.512909,2020-12-07 12:30:00,14356.7637885,Long,14356.7637885,14569.883951249994,SL,-38.74912049999875,-0.26917499046368126,14343.752091,14369.775486,14356.7637885,2091.157923500029,12091.157923500028,False,160
2020-12-08 08:45:00,14357.764688,2020-12-08 09:00:00,14373.9220705,Short,14373.9220705,14285.056466749993,SL,-16.157382500001404,-0.11253410855455444,14367.773686,14380.070455,14373.9220705,2075.0005410000276,12075.000541000027,False,160
2020-12-10 08:45:00,14155.582928,2020-12-10 15:45:00,14171.025382,Long,14057.7807185,14595.692870749997,EOD,15.442453999999998,0.10909090836135434,14032.901209,14082.660228,14057.7807185,2090.4429950000276,12090.442995000027,True,161
2020-12-14 08:45:00,14318.300639,2020-12-14 14:45:00,14250.3824375,Long,14250.3824375,14623.932545749994,SL,-67.91820149999876,-0.4743454074082231,14220.498429,14280.266446,14250.3824375,2022.5247935000289,12022.52479350003,False,162
2020-12-18 08:45:00,14548.351745,2020-12-18 15:45:00,14588.795591,Short,14588.795591,14366.354437999998,SL,-40.44384600000012,-0.2779960693066135,14572.932457,14604.658725,14588.795591,1982.0809475000287,11982.080947500028,False,162
2020-12-23 08:45:00,14507.764987,2020-12-23 09:30:00,14521.913188,Short,14521.913188,14444.0980825,SL,-14.148200999999972,-0.09752157560229144,14513.19561,14530.630766,14521.913188,1967.9327465000288,11967.932746500028,False,162
2020-12-24 08:45:00,14524.342677,2020-12-24 09:45:00,14498.475764499999,Long,14498.475764499999,14640.743783250007,SL,-25.86691250000149,-0.17809351566018197,14480.611875,14516.339654,14498.475764499999,1942.0658340000273,11942.065834000026,False,162
2020-12-28 08:45:00,14632.097659,2020-12-28 09:45:00,14646.9604155,Short,14646.9604155,14565.215254749997,SL,-14.862756500000614,-0.10157638943079866,14642.38726,14651.533571,14646.9604155,1927.2030775000267,11927.203077500028,False,162
2020-12-30 08:45:00,14708.698018,2020-12-30 15:45:00,14681.259084,Short,14729.991774499998,14612.876113750002,EOD,27.43893399999979,0.18654903354750343,14718.415974,14741.567575,14729.991774499998,1954.6420115000265,11954.642011500026,True,163
2021-01-04 08:45:00,14725.847352,2021-01-04 10:00:00,14525.843241000006,Short,14770.29271,14525.843241000006,TP,200.00411099999474,1.3581840570473593,14760.431843,14780.153577,14770.29271,2154.646122500021,12154.64612250002,True,163
2021-01-05 08:45:00,14576.648146,2021-01-05 10:15:00,14511.337765,Long,14511.337765,14870.544860499997,SL,-65.31038099999932,-0.4480480035317395,14469.464808,14553.210722,14511.337765,2089.335741500022,12089.335741500021,False,164
2021-01-07 08:45:00,14677.543395,2021-01-07 15:45:00,14777.866999,Long,14585.079901500001,15093.629115749998,EOD,100.32360399999925,0.6835176793561729,14558.641345,14611.518458,14585.079901500001,2189.659345500021,12189.659345500022,True,165
2021-01-20 08:45:00,15050.541411,2021-01-20 09:00:00,15125.784113249996,Long,15033.820810500001,15125.784113249996,TP,75.242702249996,0.49993352528171053,15021.101721,15046.5399,15033.820810500001,2264.902047750017,12264.902047750016,True,165
2021-01-22 08:45:00,15300.921688,2021-01-22 09:15:00,15264.3364425,Long,15264.3364425,15465.555292750003,SL,-36.58524550000038,-0.23910484770791923,15262.621509,15266.051376,15264.3364425,2228.3168022500167,12228.316802250018,False,166
2021-01-25 08:45:00,15479.560585,2021-01-25 09:15:00,15441.403317,Long,15441.403317,15651.268290999995,SL,-38.15726799999902,-0.24650097650041936,15432.971561,15449.835073,15441.403317,2190.1595342500177,12190.159534250019,False,166
2021-01-27 08:45:00,15183.44875,2021-01-27 09:00:00,15235.897130000001,Short,15235.897130000001,14947.431039999992,SL,-52.448380000001634,-0.3454312710081867,15191.737595,15280.056665,15235.897130000001,2137.711154250016,12137.711154250017,False,166
2021-01-29 08:45:00,14957.363362,2021-01-29 09:00:00,14977.799652,Short,14977.799652,14865.400057000003,SL,-20.436289999999644,-0.13663029710115324,14974.512696,14981.086608,14977.799652,2117.2748642500164,12117.274864250016,False,166
2021-02-02 08:45:00,15298.920933,2021-02-02 12:30:00,15406.318639499994,Long,15275.054776,15406.318639499994,TP,107.39770649999446,0.7019953039193503,15267.480487,15282.629065,15275.054776,2224.672570750011,12224.672570750012,True,167
2021-02-09 08:45:00,15667.631615,2021-02-09 15:45:00,15660.200237,Long,15619.1847465,15885.642523250004,EOD,-7.431378000001132,-0.0474314062432156,15605.036546,15633.332947,15619.1847465,2217.2411927500098,12217.24119275001,False,168
2021-02-15 08:45:00,15842.554823,2021-02-15 09:00:00,15838.9820455,Long,15838.9820455,15858.63232175,SL,-3.5727774999995745,-0.02255177614921468,15838.26749,15839.696601,15838.9820455,2213.66841525001,12213.66841525001,False,168
2021-02-19 08:45:00,15630.474725,2021-02-19 10:00:00,15645.480392000001,Short,15645.480392000001,15562.949223499994,SL,-15.005667000001267,-0.09600263116769327,15635.619525,15655.341259,15645.480392000001,2198.662748250009,12198.662748250008,False,168
2021-02-23 08:45:00,14731.563797,2021-02-23 09:00:00,14785.1554655,Short,14785.1554655,14490.401288750003,SL,-53.59166849999929,-0.36378804883506616,14735.85113,14834.459801,14785.1554655,2145.0710797500096,12145.07107975001,False,168
2021-02-25 08:45:00,15113.993947,2021-02-25 09:00:00,15087.8412125,Long,15087.8412125,15231.681252250008,SL,-26.152734500001316,-0.1730365553387853,15070.548967,15105.133458,15087.8412125,2118.9183452500083,12118.918345250007,False,168
2021-03-02 08:45:00,15113.13648,2021-03-02 14:45:00,14922.77887274999,Short,15155.438170500001,14922.77887274999,TP,190.3576072500091,1.2595506399476988,15136.573903,15174.302438,15155.438170500001,2309.2759525000174,12309.275952500018,True,169
2021-03-05 08:45:00,14203.935952,2021-03-05 12:15:00,14352.420602999999,Short,14352.420602999999,13535.755022500005,SL,-148.48465099999885,-1.0453767990913203,14319.408135,14385.433071,14352.420602999999,2160.7913015000186,12160.79130150002,False,170
2021-03-16 08:45:00,15130.080053,2021-03-16 11:15:00,15075.880616499999,Long,15075.880616499999,15373.977517250005,SL,-54.19943650000096,-0.3582230649814326,15062.581019,15089.180214,15075.880616499999,2106.5918650000176,12106.591865000017,False,170
2021-03-22 08:45:00,14881.248869,2021-03-22 15:45:00,14943.599671,Long,14818.469046999999,15163.758068000001,EOD,62.35080200000084,0.41898904150368355,14815.465912,14821.472182,14818.469046999999,2168.9426670000184,12168.942667000018,True,171
2021-03-23 08:45:00,14963.048545,2021-03-23 09:00:00,14983.4984645,Short,14983.4984645,14871.023907249997,SL,-20.44991950000076,-0.1366694723905994,14975.061085,14991.935844,14983.4984645,2148.4927475000177,12148.492747500019,False,172
2021-03-24 08:45:00,14822.33022,2021-03-24 10:15:00,14924.2938035,Short,14924.2938035,14363.494094249996,SL,-101.96358350000082,-0.687905221288484,14898.40964,14950.177967,14924.2938035,2046.5291640000169,12046.529164000018,False,172
2021-03-26 08:45:00,14653.582636,2021-03-26 10:15:00,14616.4009645,Long,14616.4009645,14820.900157749993,SL,-37.18167149999863,-0.25373775426531553,14610.108682,14622.693247,14616.4009645,2009.3474925000182,12009.34749250002,False,172
2021-03-30 08:45:00,14679.895818,2021-03-30 09:30:00,14709.0691295,Short,14709.0691295,14548.615916250006,SL,-29.173311499998817,-0.19872969033082286,14694.482474,14723.655785,14709.0691295,1980.1741810000194,11980.17418100002,False,172
2021-03-31 08:45:00,14931.873144,2021-03-31 15:45:00,14974.489059,Long,14857.080782,15268.43877299999,EOD,42.615915000000314,0.28540233759703787,14840.063017,14874.098547,14857.080782,2022.7900960000197,12022.790096000019,True,173
2021-04-01 08:45:00,15206.731498,2021-04-01 09:00:00,15182.1343925,Long,15182.1343925,15317.418472749996,SL,-24.59710549999909,-0.16175142898547343,15171.265904,15193.002881,15182.1343925,1998.1929905000206,11998.192990500022,False,174
2021-04-05 08:45:00,15416.950947,2021-04-05 15:45:00,15559.671362,Long,15369.758825500001,15629.315493749993,EOD,142.72041499999978,0.9257369728336061,15364.324581,15375.19307,15369.758825500001,2140.9134055000204,12140.913405500021,True,175
2021-04-09 08:45:00,15696.671519,2021-04-09 15:45:00,15800.494186,Long,15663.9230475,15844.039640749996,EOD,103.82266700000037,0.6614310994170226,15662.63599,15665.210105,15663.9230475,2244.736072500021,12244.736072500022,True,175
2021-04-13 08:45:00,15949.792896,2021-04-13 10:15:00,15901.170711499999,Long,15901.170711499999,16168.592726250008,SL,-48.62218450000182,-0.30484524041810995,15884.295953,15918.04547,15901.170711499999,2196.113888000019,12196.113888000018,False,176
2021-04-14 08:45:00,15987.546593,2021-04-14 09:00:00,15966.310136749998,Short,15992.2658055,15966.310136749998,TP,21.23645625000063,0.13283123915522357,15988.118619,15996.412992,15992.2658055,2217.3503442500196,12217.350344250019,True,177
2021-04-15 08:45:00,15965.809616,2021-04-15 09:00:00,15952.653025,Long,15952.653025,16025.014275500005,SL,-13.156591000000844,-0.08240478445149489,15945.788716,15959.517334,15952.653025,2204.1937532500187,12204.19375325002,False,178
2021-04-16 08:45:00,15975.248041,2021-04-16 09:00:00,16028.446432,Short,16028.446432,15735.8552815,SL,-53.1983909999999,-0.3330051017891416,16014.431802,16042.461062,16028.446432,2150.995362250019,12150.995362250018,False,178
2021-04-19 08:45:00,16011.28566,2021-04-19 09:00:00,15989.9777025,Long,15989.9777025,16107.171468749995,SL,-21.307957499999247,-0.13308086528761146,15982.398362,15997.557043,15989.9777025,2129.6874047500196,12129.68740475002,False,178
2021-04-20 08:45:00,15907.749007,2021-04-20 09:00:00,15885.726017,Long,15885.726017,16006.852461999999,SL,-22.02298999999948,-0.1384419001727306,15877.145631,15894.306403,15885.726017,2107.66441475002,12107.66441475002,False,178
2021-04-22 08:45:00,15881.435824,2021-04-22 09:15:00,15894.878428,Short,15894.878428,15820.944106,SL,-13.442603999999847,-0.0846435054674679,15887.442094,15902.314762,15894.878428,2094.2218107500203,12094.22181075002,False,178
2021-04-23 08:45:00,15819.94306,2021-04-23 15:45:00,15906.318942,Long,15768.31774,16052.256999999996,EOD,86.37588200000027,0.5459936339366337,15765.028592,15771.606888,15768.31774,2180.5976927500205,12180.59769275002,True,179
2021-04-27 08:45:00,15965.809616,2021-04-27 15:45:00,15960.089359,Short,16024.5852585,15701.319224750005,EOD,5.720257000000856,0.03582816742514799,16006.709455,16042.461062,16024.5852585,2186.3179497500214,12186.31794975002,True,179
2021-04-29 08:45:00,15977.822156,2021-04-29 15:45:00,15954.083089,Short,16051.041447,15648.335346500004,EOD,23.739067000000432,0.1485751109770985,16048.753344,16053.32955,16051.041447,2210.057016750022,12210.057016750023,True,179
2021-04-30 08:45:00,15910.03711,2021-04-30 10:15:00,15864.418059,Long,15864.418059,16115.322839499997,SL,-45.61905099999967,-0.28673126709004687,15859.98486,15868.851258,15864.418059,2164.437965750022,12164.437965750021,False,180
2021-05-03 08:45:00,15873.427464,2021-05-03 09:00:00,15900.169666,Short,15900.169666,15753.087555000002,SL,-26.742201999999452,-0.16847150409481,15894.592415,15905.746917,15900.169666,2137.6957637500227,12137.695763750024,False,180
2021-05-04 08:45:00,15494.174418,2021-05-04 15:45:00,15469.577312,Short,15595.708981,15037.268884500005,EOD,24.597106000001077,0.15875067193916415,15561.959464,15629.458498,15595.708981,2162.292869750024,12162.292869750025,True,181
2021-05-10 08:45:00,15486.166058,2021-05-10 15:45:00,15229.040501,Short,15563.389529,15138.660438500003,EOD,257.1255570000012,1.6603564499889416,15524.205768,15602.57329,15563.389529,2419.418426750025,12419.418426750024,True,181
2021-05-11 08:45:00,15182.420405,2021-05-11 09:30:00,15046.564299000001,Long,15046.564299000001,15793.772881999997,SL,-135.85610599999927,-0.8948250830628955,15007.094525,15086.034073,15046.564299000001,2283.5623207500257,12283.562320750025,False,182
2021-05-19 08:45:00,14922.720733,2021-05-19 13:15:00,15128.006462499998,Long,14877.101682,15128.006462499998,TP,205.28572949999761,1.3756588572084592,14858.36784,14895.835524,14877.101682,2488.8480502500233,12488.848050250024,True,183
2021-05-20 08:45:00,15312.842267,2021-05-20 15:45:00,15432.395641,Long,15254.9246645,15573.471478249998,EOD,119.55337399999917,0.7807392769769668,15213.023781,15296.825548,15254.9246645,2608.4014242500225,12608.401424250023,True,183
2021-05-24 08:45:00,15534.788243,2021-05-24 15:45:00,15615.729881,Long,15490.313244,15734.925738500002,EOD,80.94163799999842,0.5210347043930312,15467.861235,15512.765253,15490.313244,2689.343062250021,12689.34306225002,True,183
2021-05-25 08:45:00,15618.59001,2021-05-25 15:45:00,15637.180845,Short,15668.785265999999,15392.711358000004,EOD,-18.59083500000088,-0.11903017486276202,15666.926182,15670.64435,15668.785265999999,2670.75222725002,12670.752227250021,False,184
2021-05-27 08:45:00,15622.59419,2021-05-27 09:00:00,15644.9031925,Short,15644.9031925,15522.20367875,SL,-22.309002500000133,-0.14279960311764417,15644.61718,15645.189205,15644.9031925,2648.44322475002,12648.443224750019,False,184
2021-06-02 08:45:00,15649.479398,2021-06-02 09:00:00,15643.759140999999,Long,15643.759140999999,15675.220554500003,SL,-5.720257000000856,-0.036552378865279726,15639.468948,15648.049334,15643.759140999999,2642.722967750019,12642.722967750018,False,184
2021-06-03 08:45:00,15441.26204,2021-06-03 09:00:00,15476.298614,Short,15476.298614,15283.597457,SL,-35.036573999999746,-0.22690226944688097,15451.272489,15501.324739,15476.298614,2607.6863937500193,12607.68639375002,False,184
2021-06-04 08:45:00,15671.502388,2021-06-04 15:45:00,15745.865731,Long,15611.439688499999,15941.78453575001,EOD,74.36334299999908,0.47451317148086997,15576.260107,15646.61927,15611.439688499999,2682.0497367500184,12682.049736750017,True,185
2021-06-10 08:45:00,15952.367012,2021-06-10 09:45:00,15877.7176565,Long,15877.7176565,16288.28911175,SL,-74.64935549999973,-0.46795159266236497,15833.385664,15922.049649,15877.7176565,2607.4003812500187,12607.40038125002,False,186
2021-06-16 08:45:00,16118.019349,2021-06-16 09:30:00,16096.4115065,Long,16096.4115065,16215.254640249997,SL,-21.607842499999606,-0.13406015982565628,16090.830673,16101.99234,16096.4115065,2585.792538750019,12585.792538750018,False,186
2021-06-17 08:45:00,16055.342297,2021-06-17 15:45:00,16229.636018,Long,15986.2258205,16366.366441249997,EOD,174.293721,1.0855808476445092,15957.176867,16015.274774,15986.2258205,2760.086259750019,12760.08625975002,True,187
2021-06-24 08:45:00,16458.020893,2021-06-24 12:15:00,16437.271640500003,Long,16437.271640500003,16551.39252924999,SL,-20.749252499997965,-0.12607380094421394,16433.12179,16441.421491,16437.271640500003,2739.337007250021,12739.337007250022,False,188
2021-06-28 08:45:00,16543.307476,2021-06-28 15:45:00,16602.55017,Long,16497.659121,16748.725073500005,EOD,59.242693999996845,0.3581067092293512,16479.199441,16516.118801,16497.659121,2798.579701250018,12798.579701250019,True,189
2021-06-29 08:45:00,16615.142819,2021-06-29 09:00:00,16608.2741015,Long,16608.2741015,16646.052047750007,SL,-6.868717500001367,-0.04134010507659763,16607.415512,16609.132691,16608.2741015,2791.7109837500166,12791.710983750017,False,190
2021-07-05 08:45:00,16823.207738,2021-07-05 09:00:00,16827.3575885,Short,16827.3575885,16804.53341075001,SL,-4.149850499998138,-0.02466741518399324,16826.642097,16828.07308,16827.3575885,2787.5611332500184,12787.56113325002,False,190
2021-07-07 08:45:00,16983.764023,2021-07-07 09:30:00,16871.0741185,Short,17008.806224,16871.0741185,TP,112.6899044999991,0.6635154865987924,17003.511587,17014.100861,17008.806224,2900.2510377500175,12900.251037750018,True,191
2021-07-12 08:45:00,16975.750518,2021-07-12 14:15:00,17015.818040500002,Short,17015.818040500002,16795.446666749995,SL,-40.06752250000136,-0.23602798861538593,17009.235519,17022.400562,17015.818040500002,2860.183515250016,12860.183515250017,False,192
2021-07-13 08:45:00,17073.343554,2021-07-13 12:30:00,17015.388745,Long,17015.388745,17334.140194499996,SL,-57.95480899999893,-0.3394461595451296,17011.525091,17019.252399,17015.388745,2802.2287062500172,12802.228706250018,False,192
2021-07-21 08:45:00,16892.467312,2021-07-21 15:45:00,16986.625988,Long,16844.672481499998,17107.544049250013,EOD,94.1586759999991,0.5574003741484884,16840.665729,16848.679234,16844.672481499998,2896.3873822500163,12896.387382250017,True,193
2021-07-22 08:45:00,17032.131246,2021-07-22 11:15:00,17000.7927195,Long,17000.7927195,17173.15461525,SL,-31.338526499999716,-0.18399650664598757,16993.20851,17008.376929,17000.7927195,2865.0488557500166,12865.048855750018,False,194
2021-07-27 08:45:00,17220.734796,2021-07-27 10:30:00,16994.06709825001,Short,17271.1053955,16994.06709825001,TP,226.66769774999193,1.3162486992288034,17256.223173,17285.987618,17271.1053955,3091.7165535000086,13091.71655350001,True,195
2021-07-28 08:45:00,17147.46847,2021-07-28 09:00:00,17158.916333499998,Short,17158.916333499998,17095.95308425001,SL,-11.447863499997766,-0.06676124536998647,17151.189026,17166.643641,17158.916333499998,3080.268690000011,13080.268690000012,False,196
2021-07-29 08:45:00,17233.899839,2021-07-29 09:00:00,17197.266676,Long,17197.266676,17398.74907250001,SL,-36.63316300000224,-0.21256455789015358,17169.791804,17224.741548,17197.266676,3043.6355270000086,13043.63552700001,False,196
2021-07-30 08:45:00,17112.26629,2021-07-30 15:45:00,17133.444837,Long,17048.015156,17401.39639299999,EOD,21.178546999999526,0.12376237396665435,17028.124493,17067.905819,17048.015156,3064.814074000008,13064.814074000009,True,197
2021-08-02 08:45:00,17144.320308,2021-08-02 09:00:00,17168.360821000002,Short,17168.360821000002,17036.13799949998,SL,-24.040513000003557,-0.14022435750214962,17145.465094,17191.256548,17168.360821000002,3040.7735610000045,13040.773561000005,False,198
2021-08-11 08:45:00,17237.620395,2021-08-11 15:45:00,17181.525864,Short,17271.820886499998,17083.71818325002,EOD,56.09453100000246,0.32541922675286095,17260.802318,17282.839455,17271.820886499998,3096.868092000007,13096.868092000008,True,199
2021-08-12 08:45:00,17142.889325,2021-08-12 09:15:00,17160.776611499998,Short,17160.776611499998,17062.396535750013,SL,-17.887286499997572,-0.10434230870237256,17158.630137,17162.923086,17160.776611499998,3078.9808055000094,13078.98080550001,False,200
2021-08-18 08:45:00,17198.697659,2021-08-18 09:30:00,17155.625073000003,Long,17155.625073000003,17392.524295999996,SL,-43.07258599999841,-0.2504409743923763,17153.192402,17158.057744,17155.625073000003,3035.908219500011,13035.908219500012,False,200
2021-08-20 08:45:00,17218.73142,2021-08-20 15:45:00,17280.549883,Long,17158.0577435,17491.762964249996,EOD,61.81846299999961,0.35901868431605755,17157.771547,17158.34394,17158.0577435,3097.7266825000106,13097.726682500012,True,201
2021-08-23 08:45:00,17405.331594,2021-08-23 15:45:00,17547.571298,Long,17351.669734,17646.809964,EOD,142.23970399999962,0.8172191562787161,17323.765567,17379.573901,17351.669734,3239.9663865000102,13239.966386500011,True,201
2021-08-30 08:45:00,17777.673353,2021-08-30 15:45:00,17866.108098,Long,17716.141087,18054.56854999999,EOD,88.4347450000023,0.4974483625838409,17697.252112,17735.030062,17716.141087,3328.4011315000125,13328.401131500013,True,201
2021-08-31 08:45:00,17773.094208,2021-08-31 10:15:00,17831.0490165,Short,17831.0490165,17512.297569749986,SL,-57.9548085000024,-0.3260817042983763,17816.309892,17845.788141,17831.0490165,3270.44632300001,13270.446323000011,False,202
2021-09-01 08:45:00,17938.802031,2021-09-01 13:30:00,17911.470257,Long,17911.470257,18061.795013999992,SL,-27.331773999998404,-0.15236119977669876,17898.448312,17924.492202,17911.470257,3243.1145490000117,13243.114549000013,False,202
2021-09-08 08:45:00,17898.448312,2021-09-08 09:00:00,17917.3372875,Short,17917.3372875,17813.44792225001,SL,-18.888975499998196,-0.10553415117741853,17905.317031,17929.357544,17917.3372875,3224.2255735000135,13224.225573500014,False,202
2021-09-09 08:45:00,17926.495578,2021-09-09 09:15:00,17906.1756205,Long,17906.1756205,18017.935386749996,SL,-20.319957499999873,-0.11335153271639557,17898.734509,17913.616732,17906.1756205,3203.9056160000137,13203.905616000015,False,202
2021-09-13 08:45:00,17684.373099,2021-09-13 15:45:00,17691.818548,Short,17751.6685035,17381.543778749998,EOD,-7.445448999998916,-0.0421018543225597,17720.741254,17782.595753,17751.6685035,3196.4601670000147,13196.460167000016,False,202
2021-09-14 08:45:00,17676.92765,2021-09-14 11:00:00,17735.202606500003,Short,17735.202606500003,17414.690345749994,SL,-58.27495650000128,-0.3296667704582774,17733.054881,17737.350332,17735.202606500003,3138.1852105000135,13138.185210500014,False,202
2021-09-15 08:45:00,17589.586807,2021-09-15 11:15:00,17624.809507500002,Short,17624.809507500002,17431.08465474999,SL,-35.22270050000225,-0.2002474582631181,17613.641334,17635.977681,17624.809507500002,3102.962510000011,13102.962510000012,False,202
2021-09-16 08:45:00,17650.868579,2021-09-16 12:45:00,17685.518552499998,Short,17685.518552499998,17494.94369825002,SL,-34.64997349999612,-0.19630746977075503,17684.659462,17686.377643,17685.518552499998,3068.312536500015,13068.312536500016,False,202
2021-09-17 08:45:00,17643.136766,2021-09-17 15:45:00,17505.682324,Short,17708.570808,17348.683576999996,EOD,137.45444199999838,0.7790816555074613,17684.373099,17732.768517,17708.570808,3205.7669785000135,13205.766978500014,True,203
2021-09-23 08:45:00,17497.091421,2021-09-23 15:45:00,17520.859585,Long,17448.839184999997,17714.22648300002,EOD,23.76816399999734,0.13584065733045664,17425.214203,17472.464167,17448.839184999997,3229.535142500011,13229.535142500012,True,203
2021-09-27 08:45:00,17322.123371,2021-09-27 09:15:00,17365.6506105,Short,17365.6506105,17126.250793250005,SL,-43.52723949999927,-0.25128120016089256,17344.173354,17387.127867,17365.6506105,3186.0079030000115,13186.007903000012,False,204
2021-09-28 08:45:00,17125.678064,2021-09-28 09:15:00,17008.412244500003,Short,17151.737135,17008.412244500003,TP,117.26581949999672,0.684736797350535,17137.705327,17165.768943,17151.737135,3303.2737225000083,13303.27372250001,True,205
2021-09-30 08:45:00,17000.537248,2021-09-30 09:00:00,16968.3213635,Long,16968.3213635,17145.508728250006,SL,-32.215884500001266,-0.1894992142309576,16964.169094,16972.473633,16968.3213635,3271.057838000007,13271.057838000008,False,206
2021-10-01 08:45:00,16757.701067,2021-10-01 10:30:00,16817.551022,Short,16817.551022,16488.37626950001,SL,-59.84995499999786,-0.3571489595184211,16790.63286,16844.469184,16817.551022,3211.207883000009,13211.20788300001,False,206
2021-10-04 08:45:00,16716.178371,2021-10-04 15:45:00,16596.478461,Short,16783.3305935,16413.993369750016,EOD,119.699910000003,0.716072222629928,16735.078357,16831.58283,16783.3305935,3330.907793000012,13330.907793000013,True,207
2021-10-05 08:45:00,16701.8602,2021-10-05 15:45:00,16794.069221,Long,16634.707977,17004.045203500005,EOD,92.2090210000024,0.5520883296580484,16622.251168,16647.164786,16634.707977,3423.1168140000145,13423.116814000015,True,207
2021-10-08 08:45:00,17008.841788,2021-10-08 15:45:00,16959.014552,Short,17086.1599115,16660.91023225001,EOD,49.827236000000994,0.2929490239315111,17072.128104,17100.191719,17086.1599115,3472.9440500000155,13472.944050000016,True,207
2021-10-11 08:45:00,17020.296324,2021-10-11 12:15:00,16941.26002,Long,16941.26002,17375.95969199999,SL,-79.03630399999747,-0.46436502923013084,16907.182773,16975.337267,16941.26002,3393.907746000018,13393.907746000019,False,208
2021-10-12 08:45:00,16793.210131,2021-10-12 15:45:00,16720.473822,Short,16885.99188,16375.692260499993,EOD,72.73630899999989,0.43312927327533296,16871.100982,16900.882778,16885.99188,3466.644055000018,13466.644055000019,True,209
2021-10-14 08:45:00,17118.805341,2021-10-14 11:45:00,17229.627981749996,Long,17094.1780875,17229.627981749996,TP,110.82264074999694,0.6473736837498452,17093.032634,17095.323541,17094.1780875,3577.466695750015,13577.466695750016,True,209
2021-10-18 08:45:00,17339.59154,2021-10-18 15:45:00,17512.555046,Long,17287.902942,17572.190231000004,EOD,172.96350600000005,0.9975062307609586,17273.441589,17302.364295,17287.902942,3750.430201750015,13750.430201750016,True,209
2021-10-21 08:45:00,17617.364058,2021-10-21 14:15:00,17712.078757499996,Long,17596.316347,17712.078757499996,TP,94.71469949999664,0.5376212876578829,17585.577719,17607.054975,17596.316347,3845.1449012500116,13845.144901250012,True,209
2021-10-26 08:45:00,17913.7502,2021-10-26 10:30:00,17882.822950499998,Long,17882.822950499998,18052.92282275,SL,-30.92724950000047,-0.17264530963483277,17869.650233,17895.995668,17882.822950499998,3814.217651750011,13814.217651750012,False,210
2021-10-27 08:45:00,17917.186561,2021-10-27 09:00:00,17867.216143999998,Long,17867.216143999998,18142.0534375,SL,-49.97041700000045,-0.2788965601818877,17848.45934,17885.972948,17867.216143999998,3764.2472347500106,13764.247234750012,False,210
2021-10-29 08:45:00,17964.150162,2021-10-29 14:45:00,18121.36368075,Long,17929.213824500002,18121.36368075,TP,157.2135187499989,0.875151439574116,17921.195649,17937.232,17929.213824500002,3921.4607535000096,13921.46075350001,True,211
2021-11-01 08:45:00,18103.036421,2021-11-01 10:15:00,18151.002294500002,Short,18151.002294500002,17887.189990249994,SL,-47.96587350000118,-0.26496037672641204,18137.972759,18164.03183,18151.002294500002,3873.4948800000084,13873.49488000001,False,212
2021-11-02 08:45:00,18276.572655,2021-11-02 09:00:00,18220.588605999998,Long,18220.588605999998,18528.50087550001,SL,-55.984049000002415,-0.3063159053767481,18185.222723,18255.954489,18220.588605999998,3817.510831000006,13817.510831000007,False,212
2021-11-04 08:45:00,18609.040587,2021-11-04 15:45:00,18714.70869,Long,18551.4815395,18868.056300749995,EOD,105.66810299999997,0.5678320841205439,18543.463364,18559.499715,18551.4815395,3923.178934000006,13923.178934000007,True,213
2021-11-09 08:45:00,18586.131514,2021-11-09 15:45:00,18553.19972,Short,18755.0859325,17825.83663075001,EOD,32.93179400000008,0.17718476798248314,18754.799569,18755.372296,18755.0859325,3956.110728000006,13956.110728000007,True,213
2021-11-12 08:45:00,18350.454418,2021-11-12 09:00:00,18391.977114,Short,18391.977114,18163.602286,SL,-41.522695999999996,-0.22627611858630756,18377.658943,18406.295285,18391.977114,3914.588032000006,13914.588032000007,False,214
2021-11-15 08:45:00,18589.567875,2021-11-15 09:00:00,18552.841766249996,Short,18597.7292325,18552.841766249996,TP,36.72610875000464,0.1975630041373656,18596.440597,18599.017868,18597.7292325,3951.3141407500107,13951.314140750012,True,215
2021-11-16 08:45:00,18584.413333,2021-11-16 15:45:00,18664.308728,Long,18538.022458500003,18793.17226824999,EOD,79.89539499999955,0.42990539205308553,18513.108841,18562.936076,18538.022458500003,4031.20953575001,14031.209535750011,True,215
2021-11-22 08:45:00,19153.703815,2021-11-22 10:00:00,19099.5811285,Long,19099.5811285,19397.255904249996,SL,-54.12268649999896,-0.28257034264888975,19074.381147,19124.78111,19099.5811285,3977.0868492500113,13977.086849250012,False,216
2021-11-25 08:45:00,18801.76317,2021-11-25 11:45:00,18790.594997,Long,18776.7063705,18914.518767749993,EOD,-11.168172999998205,-0.05939960470206372,18771.122284,18782.290457,18776.7063705,3965.918676250013,13965.918676250014,False,216
2021-12-01 08:45:00,18704.399607,2021-12-01 09:00:00,18711.9882375,Short,18711.9882375,18670.25076974999,SL,-7.588630500002182,-0.040571366413505124,18709.840512,18714.135963,18711.9882375,3958.330045750011,13958.330045750012,False,216
2021-12-02 08:45:00,18319.813532,2021-12-02 09:15:00,18193.6704445,Long,18193.6704445,18887.457425750003,SL,-126.14308750000055,-0.6885609795081212,18152.29093,18235.049959,18193.6704445,3832.1869582500103,13832.186958250011,False,216
2021-12-03 08:45:00,18146.277298,2021-12-03 15:45:00,17969.304704,Short,18330.981705,17315.107466500012,EOD,176.97259400000257,0.9752556466196385,18297.190821,18364.772589,18330.981705,4009.159552250013,14009.159552250014,True,217
2021-12-06 08:45:00,17945.53654,2021-12-06 09:00:00,18000.80468,Short,18000.80468,17696.82991,SL,-55.26814000000013,-0.3079770831973137,17987.345599,18014.263761,18000.80468,3953.8914122500128,13953.891412250014,False,218
2021-12-07 08:45:00,18588.995148,2021-12-07 15:45:00,18747.35412,Long,18489.054314,19038.728901000006,EOD,158.35897199999818,0.851896354478505,18466.717967,18511.390661,18489.054314,4112.250384250011,14112.250384250012,True,219
2021-12-10 08:45:00,18580.404245,2021-12-10 09:00:00,18630.374662000002,Short,18630.374662000002,18355.5373685,SL,-49.97041700000045,-0.26894149525001604,18628.799663,18631.949661,18630.374662000002,4062.2799672500105,14062.279967250011,False,220
2021-12-14 08:45:00,18242.781771,2021-12-14 09:00:00,18225.027239000003,Long,18225.027239000003,18322.677164999997,SL,-17.754531999999017,-0.09732360022100829,18224.168149,18225.886329,18225.027239000003,4044.5254352500115,14044.525435250012,False,220
2021-12-15 08:45:00,18144.559118,2021-12-15 09:30:00,18210.4227045,Short,18210.4227045,17848.17297875,SL,-65.86358649999966,-0.3629935898230826,18209.563614,18211.281795,18210.4227045,3978.661848750012,13978.661848750013,False,220
2021-12-16 08:45:00,18521.699744,2021-12-16 15:45:00,18190.377265,Short,18661.731456499998,17891.55703775002,EOD,331.3224790000022,1.7888340896322554,18649.131466,18674.331447,18661.731456499998,4309.984327750014,14309.984327750015,True,221
2021-12-21 08:45:00,17943.245632,2021-12-21 10:30:00,18031.5887475,Short,18031.5887475,17545.701612249984,SL,-88.34311550000348,-0.4923474677426936,18012.54558,18050.631915,18031.5887475,4221.6412122500105,14221.641212250011,False,222
2021-12-22 08:45:00,18334.990793,2021-12-22 09:00:00,18303.204453,Long,18303.204453,18478.02932300001,SL,-31.786340000002383,-0.17336436303059333,18285.449921,18320.958985,18303.204453,4189.854872250008,14189.854872250009,False,222
2021-12-27 08:45:00,18826.104061,2021-12-27 15:45:00,18980.167582,Long,18774.8450085,19056.76979724999,EOD,154.06352100000004,0.8183505227677814,18758.23593,18791.454087,18774.8450085,4343.918393250008,14343.91839325001,True,223
2022-01-07 08:45:00,18089.577341,2022-01-07 09:00:00,18058.5069095,Long,18058.5069095,18229.39428275,SL,-31.070431500000268,-0.17175874767167268,18054.641003,18062.372816,18058.5069095,4312.847961750008,14312.847961750009,False,224
2022-01-10 08:45:00,17478.764162,2022-01-10 12:15:00,17583.143629500002,Short,17583.143629500002,17009.056558249988,SL,-104.37946750000265,-0.5971787623688555,17576.986816,17589.300443,17583.143629500002,4208.468494250005,14208.468494250006,False,224
2022-01-14 08:45:00,17847.313886,2022-01-14 10:00:00,17698.5480885,Long,17698.5480885,18516.75997475,SL,-148.7657975000002,-0.8335472690750221,17640.559496,17756.536681,17698.5480885,4059.702696750005,14059.702696750006,False,224
2022-01-17 08:45:00,17842.445708,2022-01-17 09:00:00,17854.616153,Short,17854.616153,17787.678705500002,SL,-12.170444999999745,-0.06821063210265449,17849.032066,17860.20024,17854.616153,4047.5322517500053,14047.532251750006,False,224
2022-01-20 08:45:00,17499.095965,2022-01-20 12:00:00,17417.9119355,Long,17417.9119355,17864.42409775,SL,-81.18402950000018,-0.4639327063659553,17398.009678,17437.814193,17417.9119355,3966.348222250005,13966.348222250006,False,224
2022-01-28 08:45:00,15921.519876,2022-01-28 09:00:00,16002.847088,Short,16002.847088,15555.547422,SL,-81.32721200000015,-0.5108005556843369,15968.197114,16037.497062,16002.847088,3885.021010250005,13885.021010250006,False,224
2022-01-31 08:45:00,16757.701067,2022-01-31 15:45:00,17030.605408,Long,16609.221633,17425.858520000005,EOD,272.90434099999766,1.6285309059332298,16595.905734,16622.537532,16609.221633,4157.925351250003,14157.925351250004,True,225
2022-02-01 08:45:00,17000.537248,2022-02-01 10:00:00,17060.673566999998,Short,17060.673566999998,16729.923812500012,SL,-60.13631899999746,-0.35373187401517026,17021.728142,17099.618992,17060.673566999998,4097.789032250005,14097.789032250006,False,226
2022-02-02 08:45:00,17291.482485,2022-02-02 09:00:00,17329.425638,Short,17329.425638,17120.7382965,SL,-37.943153000000166,-0.21943261968957872,17309.237017,17349.614259,17329.425638,4059.845879250005,14059.845879250006,False,226
2022-02-10 08:45:00,17078.141736,2022-02-10 12:15:00,16934.100935,Long,16934.100935,17726.325340500014,SL,-144.04080100000283,-0.8434219789637354,16902.887322,16965.314548,16934.100935,3915.805078250002,13915.805078250003,False,226
2022-02-16 08:45:00,16503.696712,2022-02-16 13:00:00,16588.88983,Short,16588.88983,16120.327681000004,SL,-85.19311799999923,-0.5162062747920863,16563.546667,16614.232993,16588.88983,3830.611960250003,13830.611960250004,False,226
2022-02-22 08:45:00,16061.551589,2022-02-22 09:45:00,15978.79256,Long,15978.79256,16433.967219500002,SL,-82.75902900000074,-0.5152617326004763,15956.456213,16001.128907,15978.79256,3747.8529312500023,13747.852931250003,False,226
2022-02-23 08:45:00,15925.815327,2022-02-23 14:00:00,15505.0758705,Short,16019.312984,15505.0758705,TP,420.7394564999995,2.6418707479716557,16014.301624,16024.324344,16019.312984,4168.592387750002,14168.592387750003,True,227
2022-02-24 08:45:00,15280.924902,2022-02-24 15:45:00,15934.40623,Long,15098.368221,16102.4299665,EOD,653.4813279999998,4.276451407168887,15053.838709,15142.897733,15098.368221,4822.073715750002,14822.07371575,True,227
2022-03-03 08:45:00,16336.460474,2022-03-03 14:45:00,15986.595965749999,Short,16414.2081425,15986.595965749999,TP,349.86450825000065,2.1416175725875335,16397.742246,16430.674039,16414.2081425,5171.938224000002,15171.938224000001,True,227
2022-03-07 08:45:00,15662.933706,2022-03-07 15:45:00,15200.170417,Short,15792.9426995,15077.893235250001,EOD,462.76328900000044,2.954512211353673,15784.63816,15801.247239,15792.9426995,5634.701513000003,15634.701513000004,True,227
2022-03-11 08:45:00,15572.156502,2022-03-11 15:45:00,15236.538571,Short,15676.392787,15103.093219499995,EOD,335.6179310000007,2.15524375802989,15651.192806,15701.592768,15676.392787,5970.319444000003,15970.319444000004,True,227
2022-03-16 08:45:00,15716.770029,2022-03-16 12:00:00,15671.238245,Long,15671.238245,15921.663056999994,SL,-45.53178399999888,-0.2897019165896385,15642.029176,15700.447314,15671.238245,5924.7876600000045,15924.787660000005,False,228
2022-03-18 08:45:00,16209.028751,2022-03-18 15:45:00,16534.910325,Long,16103.933375,16681.957942999998,EOD,325.8815740000009,2.0104941449986384,16101.928831,16105.937919,16103.933375,6250.669234000005,16250.669234000005,True,229
2022-03-23 08:45:00,16600.487548,2022-03-23 09:00:00,16637.2852485,Short,16637.2852485,16434.897895750004,SL,-36.79770049999934,-0.22166638415648618,16635.996613,16638.573884,16637.2852485,6213.871533500006,16213.871533500005,False,230
2022-03-28 08:45:00,17052.941755,2022-03-28 09:15:00,16950.710013,Long,16950.710013,17512.984594,SL,-102.23174199999994,-0.5994962245738341,16915.487312,16985.932714,16950.710013,6111.639791500006,16111.639791500005,False,230
2022-03-31 08:45:00,17212.44618,2022-03-31 09:30:00,17243.802975,Short,17243.802975,17071.3406025,SL,-31.356794999999693,-0.18217512300160288,17223.041627,17264.564323,17243.802975,6080.282996500006,16080.282996500006,False,230
2022-04-01 08:45:00,16997.100887,2022-04-01 09:45:00,17056.0917525,Short,17056.0917525,16731.64199225,SL,-58.99086549999993,-0.34706427815062435,17054.373572,17057.809933,17056.0917525,6021.2921310000065,16021.292131000006,False,230
2022-04-04 08:45:00,17237.646161,2022-04-04 15:45:00,17364.505157,Long,17112.648527999998,17800.13550950001,EOD,126.85899599999902,0.7359415248180242,17074.132648,17151.164408,17112.648527999998,6148.1511270000055,16148.151127000005,True,231
2022-04-06 08:45:00,16615.66481,2022-04-06 13:00:00,16689.5465725,Short,16689.5465725,16283.196878749994,SL,-73.88176250000106,-0.44465125738174466,16662.055684,16717.037461,16689.5465725,6074.2693645000045,16074.269364500004,False,232
2022-04-08 08:45:00,16406.046785,2022-04-08 09:45:00,16532.905781,Short,16532.905781,15835.181302999987,SL,-126.85899600000266,-0.7732453628986934,16501.405805,16564.405757,16532.905781,5947.410368500002,15947.410368500001,False,232
2022-04-13 08:45:00,16052.674323,2022-04-13 10:00:00,16171.873097249994,Long,16026.1857065,16171.873097249994,TP,119.19877424999504,0.7425477640146793,16011.724354,16040.647059,16026.1857065,6066.609142749997,16066.609142749996,True,233
2022-04-14 08:45:00,16167.506055,2022-04-14 15:45:00,15912.928973,Short,16230.2196445,15885.294902249996,EOD,254.5770819999998,1.57462184417286,16209.601478,16250.837811,16230.2196445,6321.186224749997,16321.186224749996,True,233
2022-04-20 08:45:00,16135.719715,2022-04-20 15:45:00,16116.533366,Short,16256.135534000001,15593.848529499992,EOD,19.18634899999961,0.11890606269123341,16192.9924,16319.278668,16256.135534000001,6340.372573749996,16340.372573749995,True,233
2022-04-21 08:45:00,16271.169614,2022-04-21 09:00:00,16254.274171500001,Long,16254.274171500001,16347.199105249998,SL,-16.895442499999263,-0.10383668107953423,16241.674181,16266.874162,16254.274171500001,6323.477131249997,16323.477131249998,False,234
2022-04-26 08:45:00,15198.165873,2022-04-26 15:45:00,14679.561717,Short,15337.4816775,14571.24475275,EOD,518.6041559999994,3.412281194544108,15294.097619,15380.865736,15337.4816775,6842.081287249996,16842.081287249996,True,235
2022-04-27 08:45:00,15093.070497,2022-04-27 09:00:00,15002.436473999998,Long,15002.436473999998,15500.923600500011,SL,-90.63402300000234,-0.6005008922340711,14930.12971,15074.743238,15002.436473999998,6751.447264249994,16751.447264249993,False,236
2022-04-28 08:45:00,15046.106896,2022-04-28 09:15:00,15096.363676500001,Short,15096.363676500001,14819.95138374999,SL,-50.256780500001696,-0.3340184995851813,15075.888692,15116.838661,15096.363676500001,6701.190483749992,16701.190483749993,False,236
2022-05-04 08:45:00,14911.802451,2022-05-04 11:45:00,15002.722837500001,Short,15002.722837500001,14502.660711749992,SL,-90.92038650000177,-0.6097209696732843,15000.575112,15004.870563,15002.722837500001,6610.270097249991,16610.27009724999,False,236
2022-05-05 08:45:00,15089.9205,2022-05-05 15:45:00,14772.916192,Short,15230.52494,14457.200520000004,EOD,317.0043079999996,2.1007685759510766,15189.002244,15272.047636,15230.52494,6927.27440524999,16927.27440524999,True,237
2022-05-06 08:45:00,14375.730126,2022-05-06 09:00:00,14528.2186485,Short,14528.2186485,13689.531774750001,SL,-152.48852249999982,-1.060735845508177,14471.089146,14585.348151,14528.2186485,6774.78588274999,16774.78588274999,False,238
2022-05-10 08:45:00,14276.362019,2022-05-10 09:00:00,14284.952922,Short,14284.952922,14237.702955499999,SL,-8.590903000000253,-0.060175715553912594,14277.507473,14292.398371,14284.952922,6766.19497974999,16766.19497974999,False,238
2022-05-11 08:45:00,14188.448449,2022-05-11 09:00:00,14074.1894435,Long,14074.1894435,14702.61397375,SL,-114.25900550000006,-0.8052959836355681,14055.003094,14093.375793,14074.1894435,6651.93597424999,16651.93597424999,False,238
2022-05-13 08:45:00,14024.075845,2022-05-13 15:45:00,14162.389377,Long,13927.141826,14460.2789305,EOD,138.31353200000012,0.9862577294126158,13920.698649,13933.585003,13927.141826,6790.24950624999,16790.24950624999,True,239
2022-05-18 08:45:00,14088.507614,2022-05-18 09:15:00,14154.2280195,Short,14154.2280195,13792.76578925,SL,-65.7204055000002,-0.46648237911794616,14152.653021,14155.803018,14154.2280195,6724.52910074999,16724.52910074999,False,240
2022-05-24 08:45:00,13377.753602,2022-05-24 11:15:00,13507.333050500001,Short,13507.333050500001,12794.646083749998,SL,-129.57944850000058,-0.9686188903989695,13482.848978,13531.817123,13507.333050500001,6594.949652249989,16594.94965224999,False,240
2022-05-25 08:45:00,13523.798947,2022-05-25 15:45:00,13623.167054,Long,13450.203548000001,13854.97824249999,EOD,99.36810700000024,0.7347647461295865,13437.889921,13462.517175,13450.203548000001,6694.31775924999,16694.31775924999,True,241
2022-05-26 08:45:00,13876.312319,2022-05-26 15:45:00,14040.971286,Long,13733.27379,14519.985699500006,EOD,164.6589669999994,1.1866190614241348,13695.044273,13771.503307,13733.27379,6858.976726249989,16858.976726249988,True,241
2022-05-27 08:45:00,14341.652879,2022-05-27 15:45:00,14567.307255,Long,14238.848410999999,14804.272985,EOD,225.6543760000004,1.5734195905021418,14217.943881,14259.752941,14238.848410999999,7084.631102249989,17084.63110224999,True,241
2022-05-31 08:45:00,14376.87558,2022-05-31 09:30:00,14456.3414295,Short,14456.3414295,14019.279257249998,SL,-79.46584950000033,-0.5527337915516713,14421.26191,14491.420949,14456.3414295,7005.165252749989,17005.16525274999,False,242
2022-06-01 08:45:00,14668.393543,2022-06-01 09:00:00,14604.5345,Long,14604.5345,14955.759236500002,SL,-63.85904300000038,-0.43535130696350166,14596.229961,14612.839039,14604.5345,6941.306209749989,16941.30620974999,False,242
2022-06-07 08:45:00,14351.675599,2022-06-07 15:45:00,14526.070923,Long,14293.8301875,14611.979950750003,EOD,174.39532399999916,1.2151565355347826,14271.780204,14315.880171,14293.8301875,7115.701533749988,17115.701533749987,True,243
2022-06-08 08:45:00,14615.702674,2022-06-08 11:15:00,14521.489108,Long,14521.489108,15039.663721,SL,-94.21356600000036,-0.6446051079541847,14519.484564,14523.493652,14521.489108,7021.487967749988,17021.48796774999,False,244
2022-06-17 08:45:00,12929.272914,2022-06-17 09:00:00,12858.9911525,Long,12858.9911525,13245.540840749993,SL,-70.28176149999854,-0.5435863406046326,12824.421668,12893.560637,12858.9911525,6951.206206249989,16951.20620624999,False,244
2022-06-21 08:45:00,13289.538369,2022-06-21 15:45:00,13235.255707,Long,13167.116682,13840.435960499999,EOD,-54.28266199999962,-0.40846160711362794,13126.690384,13207.54298,13167.116682,6896.923544249989,16896.92354424999,False,244
2022-06-22 08:45:00,13246.969334,2022-06-22 15:45:00,13193.258069,Long,13139.1182565,13732.299182749997,EOD,-53.71126499999991,-0.40546077858082796,13130.690159,13147.546354,13139.1182565,6843.2122792499895,16843.21227924999,False,244
2022-06-23 08:45:00,13309.251546,2022-06-23 09:00:00,13321.250871,Short,13321.250871,13255.254583499996,SL,-11.999325000000681,-0.09015777452644955,13317.536794,13324.964948,13321.250871,6831.212954249989,16831.21295424999,False,244
2022-06-24 08:45:00,13662.088847,2022-06-24 15:45:00,13865.22028,Long,13596.9496525,13955.215222250008,EOD,203.13143299999865,1.4868255892260824,13548.380955,13645.51835,13596.9496525,7034.344387249987,17034.34438724999,True,245
2022-06-27 08:45:00,13787.510365,2022-06-27 09:45:00,13862.0776,Short,13862.0776,13451.957807499999,SL,-74.56723500000044,-0.5408317602378132,13815.223092,13908.932108,13862.0776,6959.777152249987,16959.777152249986,False,246
2022-06-28 08:45:00,13832.079287,2022-06-28 09:00:00,13806.9378435,Long,13806.9378435,13945.215782750003,SL,-25.141443500000605,-0.18176185212898283,13804.937956,13808.937731,13806.9378435,6934.635708749986,16934.635708749985,False,246
2022-06-30 08:45:00,13025.553214,2022-06-30 10:00:00,13142.9751825,Short,13142.9751825,12497.154355749997,SL,-117.42196850000073,-0.9014739456424345,13108.405698,13177.544667,13142.9751825,6817.213740249986,16817.213740249987,False,246
2022-07-04 08:45:00,13197.543542,2022-07-04 10:00:00,13211.542754999999,Short,13211.542754999999,13134.547083500003,SL,-13.999212999999145,-0.10607438388400012,13206.114489,13216.971021,13211.542754999999,6803.2145272499865,16803.214527249987,False,246
2022-07-07 08:45:00,13753.226578,2022-07-07 15:45:00,13850.363973,Long,13678.9450415,14087.493492250003,EOD,97.13739499999974,0.7062880441116496,13633.804723,13724.08536,13678.9450415,6900.351922249986,16900.351922249985,True,247
2022-07-11 08:45:00,13581.521949,2022-07-11 12:30:00,13698.229671000001,Short,13698.229671000001,13056.337199999994,SL,-116.70772200000101,-0.8593125456649882,13629.233551,13767.225791,13698.229671000001,6783.644200249985,16783.644200249986,False,248
2022-07-13 08:45:00,13347.249409,2022-07-13 15:45:00,13408.10313,Long,13243.112408,13815.865913499996,EOD,60.853720999999496,0.45592705384651055,13240.112577,13246.112239,13243.112408,6844.497921249985,16844.497921249986,True,249
2022-07-14 08:45:00,13218.970908,2022-07-14 10:00:00,13291.8239545,Short,13291.8239545,12891.132198749998,SL,-72.85304650000035,-0.5511249476758464,13290.109765,13293.538144,13291.8239545,6771.644874749984,16771.644874749985,False,250
2022-07-26 08:45:00,13982.35655,2022-07-26 09:00:00,14008.497937,Short,14008.497937,13864.720308500002,SL,-26.141386999999668,-0.1869598082878216,14003.21252,14013.783354,14008.497937,6745.503487749985,16745.503487749986,False,250
2022-07-27 08:45:00,14154.06118,2022-07-27 13:45:00,14392.547767750002,Long,14101.0641605,14392.547767750002,TP,238.4865877500015,1.6849339897370819,14067.49462,14134.633701,14101.0641605,6983.990075499986,16983.990075499987,True,251
2022-07-28 08:45:00,14273.483036,2022-07-28 09:45:00,14345.7646855,Short,14345.7646855,13948.215613249997,SL,-72.28164950000064,-0.5064051242271757,14308.623917,14382.905454,14345.7646855,6911.708425999986,16911.708425999987,False,252
2022-07-29 08:45:00,14702.316063,2022-07-29 10:15:00,14659.747028,Long,14659.747028,14893.876720500002,SL,-42.56903500000044,-0.289539653600089,14644.033626,14675.46043,14659.747028,6869.139390999985,16869.139390999986,False,252
2022-08-01 08:45:00,14845.736569,2022-08-01 12:30:00,14767.312408000002,Long,14767.312408000002,15198.645293499996,SL,-78.424160999999,-0.5282604917277042,14751.456157,14783.168659,14767.312408000002,6790.715229999986,16790.715229999987,False,252
2022-08-03 08:45:00,14986.871489,2022-08-03 15:45:00,15139.720037,Long,14886.8771125,15436.846183249994,EOD,152.84854799999994,1.0198829563073726,14871.449409,14902.304816,14886.8771125,6943.563777999986,16943.563777999985,True,253
2022-08-05 08:45:00,15064.010009,2022-08-05 10:15:00,15019.155388,Long,15019.155388,15265.855803500002,SL,-44.85462100000041,-0.2977601646122247,15015.155613,15023.155163,15019.155388,6898.709156999986,16898.709156999987,False,254
2022-08-08 08:45:00,15304.567909,2022-08-08 09:45:00,15219.2869905,Long,15219.2869905,15688.332042249993,SL,-85.28091849999873,-0.5572252611578041,15179.432089,15259.141892,15219.2869905,6813.428238499987,16813.428238499986,False,254
2022-08-15 08:45:00,15561.982005,2022-08-15 09:15:00,15477.558181,Long,15477.558181,15941.889212999999,SL,-84.42382399999951,-0.5425004602426252,15468.844385,15486.271977,15477.558181,6729.004414499987,16729.00441449999,False,254
2022-08-16 08:45:00,15555.410946,2022-08-16 10:30:00,15580.695238,Short,15580.695238,15441.631631999999,SL,-25.284292000000278,-0.16254338819960276,15579.695294,15581.695182,15580.695238,6703.720122499987,16703.720122499988,False,254
2022-08-19 08:45:00,15208.859006,2022-08-19 15:45:00,15142.005622,Short,15274.1410485,14915.089814750005,EOD,66.853384,0.43956870119991176,15255.142117,15293.13998,15274.1410485,6770.573506499987,16770.573506499986,True,255
2022-08-29 08:45:00,14323.194526,2022-08-29 09:00:00,14314.7664285,Long,14314.7664285,14361.12096475,SL,-8.428097500000149,-0.058842302844530604,14306.909727,14322.62313,14314.7664285,6762.145408999987,16762.145408999986,False,256
2022-08-30 08:45:00,14261.769409,2022-08-30 15:45:00,14125.491358,Short,14333.0511145,13941.001734250003,EOD,136.27805100000114,0.9555479905179354,14317.76626,14348.335969,14333.0511145,6898.423459999988,16898.423459999987,True,257
2022-09-02 08:45:00,14066.066129,2022-09-02 09:00:00,14138.347778,Short,14138.347778,13740.798708500006,SL,-72.28164899999865,-0.5138725236829054,14128.062642,14148.632914,14138.347778,6826.1418109999895,16826.14181099999,False,258
2022-09-05 08:45:00,13864.934582,2022-09-05 09:00:00,13856.077937499998,Long,13856.077937499998,13904.789482250006,SL,-8.856644500001494,-0.06387801145127317,13855.220843,13856.935032,13856.077937499998,6817.285166499988,16817.285166499987,False,258
2022-09-06 08:45:00,13766.082998,2022-09-06 09:45:00,13841.935876,Short,13841.935876,13424.745047,SL,-75.85287799999969,-0.5510127899927666,13836.650459,13847.221293,13841.935876,6741.432288499988,16741.43228849999,False,258
2022-09-07 08:45:00,13803.223767,2022-09-07 09:00:00,13778.65372,Long,13778.65372,13913.788978499997,SL,-24.57004699999925,-0.1780022363959642,13763.226016,13794.081424,13778.65372,6716.862241499989,16716.862241499988,False,258
2022-09-08 08:45:00,13996.070065,2022-09-08 09:00:00,13931.6451165,Long,13931.6451165,14285.98233325,SL,-64.42494850000003,-0.4603074163018634,13925.216907,13938.073326,13931.6451165,6652.437292999989,16652.437292999988,False,258
2022-09-12 08:45:00,14558.401965,2022-09-12 10:45:00,14477.1827525,Long,14477.1827525,14923.88842124999,SL,-81.21921249999832,-0.557885492482336,14462.415623,14491.949882,14477.1827525,6571.218080499991,16571.21808049999,False,258
2022-09-19 08:45:00,13534.074337,2022-09-19 11:00:00,13479.2655665,Long,13479.2655665,13780.71380425,SL,-54.80877049999981,-0.404968741380128,13465.63437,13492.896763,13479.2655665,6516.409309999991,16516.409309999992,False,258
2022-09-22 08:45:00,13167.167961,2022-09-22 09:00:00,13209.197484,Short,13209.197484,12978.035107499994,SL,-42.02952300000106,-0.31919941421335885,13205.505702,13212.889266,13209.197484,6474.37978699999,16474.37978699999,False,258
2022-09-23 08:45:00,12896.815895,2022-09-23 15:45:00,12936.005585,Short,12999.333853,12435.485083999998,EOD,-39.189690000001065,-0.30387105095603184,12986.554606,13012.1131,12999.333853,6435.190096999989,16435.190096999988,False,258
2022-09-26 08:45:00,13053.290673,2022-09-26 10:00:00,12951.6246645,Long,12951.6246645,13510.787711250001,SL,-101.66600850000032,-0.7788534787652492,12933.733719,12969.51561,12951.6246645,6333.5240884999885,16333.524088499988,False,258
2022-09-29 08:45:00,12786.062422,2022-09-29 15:45:00,12761.071895,Short,12876.5110915,12379.043409250004,EOD,24.990527000001748,0.19545131390100567,12822.41228,12930.609903,12876.5110915,6358.51461549999,16358.51461549999,True,259
2022-10-04 08:45:00,13195.850271,2022-10-04 12:15:00,13103.697702000001,Long,13103.697702000001,13610.53683149999,SL,-92.15256899999804,-0.6983450638457009,13082.540949,13124.854455,13103.697702000001,6266.362046499992,16266.362046499991,False,260
2022-10-06 08:45:00,13219.420881,2022-10-06 09:00:00,13197.8381535,Long,13197.8381535,13316.543154749997,SL,-21.582727499999237,-0.1632653025747871,13186.19484,13209.481467,13197.8381535,6244.779318999993,16244.779318999994,False,260
2022-10-07 08:45:00,12751.416464,2022-10-07 15:45:00,12604.597118,Short,12853.650439000001,12291.363576499996,EOD,146.81934600000022,1.15139636772513,12824.11618,12883.184698,12853.650439000001,6391.598664999993,16391.598664999994,True,261
2022-10-10 08:45:00,12511.450607,2022-10-10 15:45:00,12487.879997,Short,12599.059444,12117.210840500002,EOD,23.57061000000067,0.18839230350166755,12582.730406,12615.388482,12599.059444,6415.169274999994,16415.169274999993,True,261
2022-10-11 08:45:00,12294.771378,2022-10-11 10:00:00,12388.9118295,Short,12388.9118295,11871.139346249995,SL,-94.14045150000129,-0.7656950146177928,12378.54644,12399.277219,12388.9118295,6321.0288234999925,16321.028823499993,False,262
2022-10-14 08:45:00,12552.62818,2022-10-14 15:45:00,12207.02055,Short,12644.496766,12139.219542999997,EOD,345.6076300000004,2.753269076755211,12611.128733,12677.864799,12644.496766,6666.636453499993,16666.636453499992,True,263
2022-10-17 08:45:00,12578.754641,2022-10-17 09:45:00,12527.779644999999,Long,12527.779644999999,12808.142123000003,SL,-50.97499600000083,-0.4052467629335074,12500.943227,12554.616063,12527.779644999999,6615.661457499992,16615.66145749999,False,264
2022-10-20 08:45:00,12725.290004,2022-10-20 12:00:00,12656.9920295,Long,12656.9920295,13032.630889250006,SL,-68.29797450000115,-0.5367105541683743,12642.650875,12671.333184,12656.9920295,6547.363482999991,16547.36348299999,False,264
2022-10-25 08:45:00,13232.768095,2022-10-25 15:15:00,13111.9332165,Long,13111.9332165,13776.525048249998,SL,-120.83487849999983,-0.9131489166326227,13094.184263,13129.68217,13111.9332165,6426.528604499991,16426.528604499992,False,264
2022-10-28 08:45:00,12859.330104,2022-10-28 09:00:00,12796.4278115,Long,12796.4278115,13142.390420250005,SL,-62.90229250000084,-0.48915683780786184,12749.712565,12843.143058,12796.4278115,6363.62631199999,16363.62631199999,False,264
2022-10-31 08:45:00,12975.479259,2022-10-31 10:30:00,13040.085450999999,Short,13040.085450999999,12684.751395000003,SL,-64.60619199999928,-0.4979098706908062,13033.979811,13046.191091,13040.085450999999,6299.020119999991,16299.02011999999,False,264
2022-11-03 08:45:00,12183.733922,2022-11-03 09:15:00,12273.756616499999,Short,12273.756616499999,11778.631796750002,SL,-90.02269449999949,-0.7388760709674295,12261.545336,12285.967897,12273.756616499999,6208.997425499992,16208.99742549999,False,264
2022-11-04 08:45:00,12318.625972,2022-11-04 09:00:00,12347.876248,Short,12347.876248,12186.999729999996,SL,-29.250276000000667,-0.23744755353791877,12323.169704,12372.582792,12347.876248,6179.747149499991,16179.747149499992,False,264
2022-11-07 08:45:00,12362.927361,2022-11-07 09:00:00,12398.1412855,Short,12398.1412855,12204.46470075,SL,-35.21392449999985,-0.28483484106754065,12384.226106,12412.056465,12398.1412855,6144.533224999991,16144.533224999992,False,264
2022-11-17 08:45:00,13164.328128,2022-11-17 09:00:00,13153.5367645,Long,13153.5367645,13212.889263749992,SL,-10.791363499998624,-0.08197428228065681,13146.721166,13160.352363,13153.5367645,6133.741861499992,16133.741861499992,False,264
2022-11-18 08:45:00,13350.905132,2022-11-18 15:45:00,13302.911961,Short,13405.8558935,13103.626705249999,EOD,47.993171000000075,0.3594750357784212,13386.40304,13425.308747,13405.8558935,6181.7350324999925,16181.735032499993,True,265
2022-11-22 08:45:00,13115.483007,2022-11-22 09:00:00,13159.500413,Short,13159.500413,12917.404680000005,SL,-44.01740599999903,-0.3356140675605011,13129.966154,13189.034672,13159.500413,6137.7176264999935,16137.717626499994,False,266
2022-11-23 08:45:00,13440.927826,2022-11-23 10:45:00,13375.185701,Long,13375.185701,13736.767388499993,SL,-65.74212499999885,-0.4891189496072431,13367.376161,13382.995241,13375.185701,6071.975501499995,16071.975501499994,False,266
2022-11-28 08:45:00,13355.732848,2022-11-28 09:15:00,13318.1050655,Long,13318.1050655,13525.057869249998,SL,-37.62778249999974,-0.2817350640974706,13299.788145,13336.421986,13318.1050655,6034.347718999995,16034.347718999994,False,266
2022-11-29 08:45:00,13152.400831,2022-11-29 09:00:00,13181.6511075,Short,13181.6511075,13020.774586750005,SL,-29.250276499999018,-0.22239495948949928,13167.167961,13196.134254,13181.6511075,6005.097442499996,16005.097442499995,False,266
2022-12-01 08:45:00,13755.865265,2022-12-01 09:00:00,13734.140545,Long,13734.140545,13853.626505,SL,-21.72472000000016,-0.15793059601474776,13726.331005,13741.950085,13734.140545,5983.372722499996,15983.372722499997,False,266
2022-12-06 08:45:00,13250.091074,2022-12-06 15:45:00,13138.485652,Short,13365.672262,12729.975728,EOD,111.60542200000054,0.8422992821460553,13331.310287,13400.034237,13365.672262,6094.978144499996,16094.978144499997,True,267
2022-12-14 08:45:00,13506.885759,2022-12-14 13:00:00,13448.6821795,Long,13448.6821795,13768.801866750006,SL,-58.20357950000107,-0.4309178336036378,13441.371585,13455.992774,13448.6821795,6036.774564999995,16036.774564999996,False,268
2022-12-15 08:45:00,13016.232395,2022-12-15 15:45:00,12879.018159,Short,13111.8324775,12586.032023750005,EOD,137.21423600000162,1.0541778283914975,13107.33365,13116.331305,13111.8324775,6173.988800999997,16173.988800999996,True,269
2022-12-19 08:45:00,12674.040335,2022-12-19 15:45:00,12579.846137,Short,12743.0692185,12363.410359249996,EOD,94.19419799999923,0.7432057616218659,12724.08979,12762.048647,12743.0692185,6268.182998999996,16268.182998999997,True,269
2022-12-22 08:45:00,12510.676665,2022-12-22 10:30:00,12336.065925750003,Short,12549.4790515,12336.065925750003,TP,174.610739249998,1.3956938055836006,12512.082549,12586.875554,12549.4790515,6442.793738249994,16442.793738249995,True,269
2022-12-23 08:45:00,12303.168251,2022-12-23 09:00:00,12360.668889,Short,12360.668889,12044.415379999993,SL,-57.500638000001345,-0.46736447740058906,12356.029473,12365.308305,12360.668889,6385.293100249993,16385.293100249994,False,270
2022-12-27 08:45:00,12293.327066,2022-12-27 09:15:00,12375.1494895,Short,12375.1494895,11925.126160250002,SL,-81.82242349999979,-0.6655840445854431,12322.007091,12428.291888,12375.1494895,6303.470676749993,16303.470676749992,False,270
2022-12-29 08:45:00,12330.442392,2022-12-29 15:45:00,12405.516575,Long,12283.9076465,12539.848746750005,EOD,75.07418299999881,0.608852307267637,12261.272921,12306.542372,12283.9076465,6378.544859749992,16378.544859749993,True,271
2023-01-05 08:45:00,12223.032888,2023-01-05 09:00:00,12245.245848499999,Short,12245.245848499999,12123.074565750005,SL,-22.2129604999991,-0.18173035042560295,12243.558788,12246.932909,12245.245848499999,6356.331899249993,16356.331899249992,False,272
2023-01-06 08:45:00,12163.142248,2023-01-06 09:00:00,12216.9875885,Short,12216.9875885,11920.83821575,SL,-53.84534050000002,-0.4426926809053299,12209.255229,12224.719948,12216.9875885,6302.486558749993,16302.486558749992,False,272
2023-01-09 08:45:00,12721.278023,2023-01-09 13:45:00,12623.287938500001,Long,12623.287938500001,13162.233403249997,SL,-97.99008449999928,-0.7702849063029182,12602.62145,12643.954427,12623.287938500001,6204.496474249993,16204.496474249994,False,272
2023-01-12 08:45:00,12773.858069,2023-01-12 09:00:00,12824.7510535,Short,12824.7510535,12544.83963875,SL,-50.89298450000024,-0.3984151399294856,12793.540438,12855.961669,12824.7510535,6153.603489749993,16153.603489749992,False,272
2023-01-23 08:45:00,13272.665557,2023-01-23 15:45:00,13423.938629,Long,13185.781953,13663.641775000004,EOD,151.27307199999996,1.1397339242095088,13170.317234,13201.246672,13185.781953,6304.876561749993,16304.876561749992,True,273
2023-01-24 08:45:00,13366.297403,2023-01-24 09:00:00,13347.177386,Long,13347.177386,13452.337479500005,SL,-19.1200170000011,-0.1430464729574976,13342.116205,13352.238567,13347.177386,6285.756544749992,16285.756544749991,False,274
2023-01-25 08:45:00,13073.873621,2023-01-25 10:00:00,13161.0384025,Short,13161.0384025,12681.632104250002,SL,-87.16478149999966,-0.6667096839607706,13159.351342,13162.725463,13161.0384025,6198.591763249992,16198.591763249991,False,274
2023-01-27 08:45:00,13634.821164,2023-01-27 15:45:00,13745.042435,Long,13579.1481745,13885.349616750005,EOD,110.22127099999852,0.8083807603653475,13556.091684,13602.204665,13579.1481745,6308.813034249991,16308.81303424999,True,275
2023-02-03 08:45:00,14307.677038,2023-02-03 12:45:00,14202.798124,Long,14202.798124,14779.632150999994,SL,-104.87891399999899,-0.7330254500534874,14162.589854,14243.006394,14202.798124,6203.934120249992,16203.934120249993,False,276
2023-02-14 08:45:00,14154.998083,2023-02-14 09:30:00,14056.867409999999,Long,14056.867409999999,14596.586111500008,SL,-98.13067300000148,-0.693258115787775,14055.742703,14057.992117,14056.867409999999,6105.80344724999,16105.80344724999,False,276
2023-02-17 08:45:00,13867.073128,2023-02-17 09:00:00,13911.7802255,Short,13911.7802255,13665.891189249996,SL,-44.7070975000006,-0.3223975029721975,13890.691972,13932.868479,13911.7802255,6061.09634974999,16061.09634974999,False,276
2023-03-02 08:45:00,13380.637415,2023-03-02 13:15:00,13549.5543245,Long,13343.100324,13549.5543245,TP,168.91690950000157,1.2623980776180503,13337.336201,13348.864447,13343.100324,6230.013259249991,16230.01325924999,True,277
2023-03-09 08:45:00,13863.980185,2023-03-09 11:00:00,13803.527191500001,Long,13803.527191500001,14136.018655749996,SL,-60.45299349999914,-0.4360435653637595,13799.028364,13808.026019,13803.527191500001,6169.560265749992,16169.560265749991,False,278
2023-03-10 08:45:00,13394.133897,2023-03-10 09:00:00,13456.4145395,Short,13456.4145395,13113.87100575,SL,-62.280642499999885,-0.4649844699099911,13414.378621,13498.450458,13456.4145395,6107.279623249992,16107.279623249993,False,278
2023-03-14 08:45:00,13649.415954,2023-03-14 13:00:00,13610.451021500001,Long,13610.451021500001,13824.758150249996,SL,-38.96493249999912,-0.2854695954121051,13602.101393,13618.80065,13610.451021500001,6068.314690749993,16068.314690749994,False,278
2023-03-20 08:45:00,13988.410869,2023-03-20 09:00:00,14034.612147,Short,14034.612147,13780.505117999997,SL,-46.20127800000046,-0.3302825348259397,14019.861137,14049.363157,14034.612147,6022.113412749993,16022.113412749994,False,278
2023-03-28 08:45:00,14129.797911,2023-03-28 15:00:00,14183.6530145,Short,14183.6530145,13887.449945249999,SL,-53.85510350000004,-0.38114560334988246,14161.526499,14205.77953,14183.6530145,5968.258309249993,15968.258309249992,False,278
2023-03-29 08:45:00,14378.616839,2023-03-29 09:15:00,14353.150472,Long,14353.150472,14493.215490500004,SL,-25.4663670000009,-0.17711277298193884,14350.228102,14356.072842,14353.150472,5942.791942249992,15942.79194224999,False,278
2023-03-31 08:45:00,14629.105693,2023-03-31 11:00:00,14714.271905500002,Long,14610.179868,14714.271905500002,TP,85.16621250000208,0.5821696437722366,14604.613449,14615.746287,14610.179868,6027.958154749994,16027.958154749995,True,279
2023-04-05 08:45:00,14625.765841,2023-04-05 09:00:00,14652.902134,Short,14652.902134,14503.652522500002,SL,-27.13629299999957,-0.18553758685189092,14640.795173,14665.009095,14652.902134,6000.821861749994,16000.821861749995,False,280
2023-04-06 08:45:00,14456.546705,2023-04-06 09:00:00,14467.1229005,Short,14467.1229005,14408.953825250002,SL,-10.576195499999812,-0.0731585192218961,14459.051593,14475.194208,14467.1229005,5990.245666249994,15990.245666249994,False,280
2023-04-10 08:45:00,14458.21663,2023-04-10 09:30:00,14498.573167999999,Short,14498.573167999999,14276.61220900001,SL,-40.35653799999818,-0.27912528241042256,14483.543837,14513.602499,14498.573167999999,5949.889128249996,15949.889128249997,False,280
2023-04-11 08:45:00,14591.254044,2023-04-11 15:45:00,14563.143628,Short,14623.678434,14445.344288999999,EOD,28.110415999999532,0.1926525020757807,14610.179868,14637.177,14623.678434,5977.999544249996,15977.999544249997,True,281
2023-04-12 08:45:00,14545.331087,2023-04-12 09:15:00,14607.814139999999,Short,14607.814139999999,14264.157348500008,SL,-62.48305299999811,-0.42957463550515396,14578.45128,14637.177,14607.814139999999,5915.516491249998,15915.516491249997,False,282
2023-04-13 08:45:00,14547.557655,2023-04-13 13:00:00,14696.598523500004,Long,14514.437462,14696.598523500004,TP,149.04086850000385,1.0245078385977626,14506.644475,14522.230449,14514.437462,6064.5573597500015,16064.55735975,True,283
2023-04-14 08:45:00,14733.754369,2023-04-14 09:00:00,14664.869934999999,Long,14664.869934999999,15043.734322000008,SL,-68.88443400000142,-0.46752804665276027,14628.827372,14700.912498,14664.869934999999,5995.67292575,15995.672925750001,False,284
2023-04-20 08:45:00,14601.551919,2023-04-20 13:30:00,14566.483479499999,Long,14566.483479499999,14759.359896750004,SL,-35.06843950000075,-0.24016926210678052,14546.16605,14586.800909,14566.483479499999,5960.604486249999,15960.604486249998,False,284
2023-04-24 08:45:00,14584.29602,2023-04-24 09:00:00,14575.38975,Long,14575.38975,14624.374234999997,SL,-8.906269999999495,-0.06106753447534244,14569.54501,14581.23449,14575.38975,5951.69821625,15951.698216249999,False,284
2023-05-04 08:45:00,14518.890597,2023-05-04 10:00:00,14549.08842,Short,14549.08842,14383.000393499999,SL,-30.197823000000426,-0.20798987910440017,14542.826199,14555.350641,14549.08842,5921.500393249999,15921.50039325,False,284
2023-05-05 08:45:00,14685.048203,2023-05-05 15:45:00,14818.363938,Long,14636.759519,14902.347281000006,EOD,133.31573500000013,0.9078331453673072,14629.662335,14643.856703,14636.759519,6054.81612825,16054.81612825,True,285
2023-05-08 08:45:00,14773.554265,2023-05-08 09:00:00,14792.4800895,Short,14792.4800895,14688.388054750001,SL,-18.92582450000009,-0.1281061020287936,14789.69688,14795.263299,14792.4800895,6035.8903037499995,16035.890303749999,False,286
2023-05-11 08:45:00,14902.138543,2023-05-11 09:15:00,14931.501403499999,Short,14931.501403499999,14770.00567075,SL,-29.362860499999442,-0.19703789771698305,14931.083922,14931.918885,14931.501403499999,6006.52744325,16006.527443250001,False,286
2023-05-16 08:45:00,15013.466923,2023-05-16 09:00:00,14981.1816925,Long,14981.1816925,15158.750460249998,SL,-32.28523049999967,-0.2150418065699406,14964.204115,14998.15927,14981.1816925,5974.24221275,15974.24221275,False,286
2023-05-18 08:45:00,15266.460665,2023-05-18 14:45:00,15453.074861750003,Long,15224.9908435,15453.074861750003,TP,186.61419675000252,1.2223802284299963,15206.621661,15243.360026,15224.9908435,6160.856409500003,16160.856409500004,True,287
2023-05-22 08:45:00,15507.208285,2023-05-22 09:00:00,15447.925923499999,Long,15447.925923499999,15773.978911750008,SL,-59.28236150000157,-0.38228906461097145,15423.990322,15471.861525,15447.925923499999,6101.574048000001,16101.574048000002,False,288
2023-05-23 08:45:00,15434.009876,2023-05-23 09:15:00,15410.7700765,Long,15410.7700765,15538.588973749997,SL,-23.239799499999208,-0.15057525352589846,15409.239311,15412.300842,15410.7700765,6078.334248500002,16078.334248500003,False,288
2023-05-25 08:45:00,15448.204244,2023-05-25 09:45:00,15505.5383595,Short,15505.5383595,15190.20072425,SL,-57.334115499999825,-0.37113773610462253,15480.767795,15530.308924,15505.5383595,6021.000133000002,16021.000133000001,False,288
2023-05-26 08:45:00,15717.897243,2023-05-26 15:45:00,15994.826587,Long,15649.151969,16027.250975999996,EOD,276.9293440000001,1.76187272202286,15626.05133,15672.252608,15649.151969,6297.929477000002,16297.929477000001,True,289
2023-05-31 08:45:00,16004.289499,2023-05-31 09:00:00,15981.606342,Long,15981.606342,16106.363705500007,SL,-22.6831570000013,-0.14173173386684,15962.263036,16000.949648,15981.606342,6275.246320000001,16275.246320000002,False,290
2023-06-05 08:45:00,16250.603539,2023-06-05 13:30:00,16225.6938135,Long,16225.6938135,16362.69730375,SL,-24.909725499999695,-0.15328492532734908,16220.544876,16230.842751,16225.6938135,6250.336594500001,16250.3365945,False,290
2023-06-07 08:45:00,16288.733508,2023-06-07 09:00:00,16263.962943999999,Long,16263.962943999999,16400.201046000002,SL,-24.770564000000377,-0.15207176167401007,16262.293018,16265.63287,16263.962943999999,6225.566030500001,16225.566030500002,False,290
2023-06-09 08:45:00,16313.782394,2023-06-09 09:45:00,16245.5937615,Long,16245.5937615,16620.631240249997,SL,-68.18863249999958,-0.4179817460669237,16214.700136,16276.487387,16245.5937615,6157.377398000001,16157.377398,False,290
2023-06-13 08:45:00,16526.283714,2023-06-13 10:00:00,16598.8832025,Short,16598.8832025,16199.586015750001,SL,-72.5994885,-0.4392971206133803,16596.958216,16600.808189,16598.8832025,6084.777909500001,16084.7779095,False,290
2023-06-14 08:45:00,16632.157969,2023-06-14 13:00:00,16606.858147,Long,16606.858147,16746.007168000004,SL,-25.29982200000086,-0.1521138871285143,16606.583149,16607.133145,16606.858147,6059.478087500001,16059.4780875,False,290
2023-06-15 08:45:00,16721.53234,2023-06-15 13:30:00,16923.862168,Long,16676.570156,16923.862168,TP,202.3298279999981,1.2099957341588832,16664.60774,16688.532572,16676.570156,6261.807915499999,16261.807915499998,True,291
2023-06-16 08:45:00,16894.781121,2023-06-16 09:00:00,16935.6183335,Short,16935.6183335,16711.013664750004,SL,-40.837212499998714,-0.2417149545029534,16915.405976,16955.830691,16935.6183335,6220.970703,16220.970702999999,False,292
2023-06-19 08:45:00,16764.432038,2023-06-19 09:45:00,16772.2694825,Short,16772.2694825,16729.163537749995,SL,-7.837444500000856,-0.04675043259584156,16769.931999,16774.606966,16772.2694825,6213.133258499999,16213.133258499998,False,292
2023-06-22 08:45:00,16591.183257,2023-06-22 15:45:00,16756.457094,Long,16519.821259,16912.312248000002,EOD,165.27383700000064,0.9961546107946812,16491.083961,16548.558557,16519.821259,6378.4070955,16378.407095499999,True,293
2023-06-26 08:45:00,16650.032843,2023-06-26 09:30:00,16580.7333305,Long,16580.7333305,16961.880649250008,SL,-69.29951250000158,-0.4162124672873331,16571.108398,16590.358263,16580.7333305,6309.107582999998,16309.107582999997,False,294
2023-06-30 08:45:00,16845.281469,2023-06-30 15:45:00,16848.03145,Long,16806.78174,17018.530249500014,EOD,2.749980999997206,0.016324933513624778,16789.181864,16824.381616,16806.78174,6311.857563999995,16311.857563999994,True,295
2023-07-05 08:45:00,16910.456011,2023-07-05 13:15:00,16862.881345,Long,16862.881345,17124.542007999982,SL,-47.574665999996796,-0.2813328390970071,16824.656614,16901.106076,16862.881345,6264.282897999999,16264.282897999998,False,296
2023-07-11 08:45:00,16682.757613,2023-07-11 09:30:00,16708.0574345,Short,16708.0574345,16568.908416250015,SL,-25.29982149999705,-0.15165251505112215,16697.33251,16718.782359,16708.0574345,6238.9830765000015,16238.9830765,False,296
2023-07-13 08:45:00,17166.479209,2023-07-13 09:00:00,17146.40435,Long,17146.40435,17256.816074500002,SL,-20.074859000000288,-0.11694220320655785,17138.704404,17154.104296,17146.40435,6218.908217500001,16218.9082175,False,296
2023-07-14 08:45:00,17387.027657,2023-07-14 12:00:00,17316.3531545,Long,17316.3531545,17705.06291824999,SL,-70.6745024999982,-0.4064783463523435,17294.078311,17338.627998,17316.3531545,6148.233715000003,16148.233715000002,False,296
2023-07-18 08:45:00,17356.77787,2023-07-18 09:15:00,17369.702779,Short,17369.702779,17298.61577950001,SL,-12.92490899999757,-0.07446606217354079,17358.702856,17380.702702,17369.702779,6135.3088060000055,16135.308806000005,False,296
2023-07-20 08:45:00,17446.977235,2023-07-20 09:00:00,17434.1898255,Long,17434.1898255,17504.520577749987,SL,-12.787409499997011,-0.07329297979677803,17424.152396,17444.227255,17434.1898255,6122.521396500008,16122.521396500008,False,296
2023-07-25 08:45:00,17229.178768,2023-07-25 09:30:00,17171.154176,Long,17171.154176,17490.28943200001,SL,-58.024592000001576,-0.3367809503942897,17159.054261,17183.254091,17171.154176,6064.496804500007,16064.496804500006,False,296
2023-07-27 08:45:00,17457.977158,2023-07-27 09:00:00,17433.639829,Long,17433.639829,17567.49513850001,SL,-24.337329000001773,-0.13940520588233987,17426.077382,17441.202276,17433.639829,6040.159475500005,16040.159475500004,False,296
2023-07-28 08:45:00,17367.227796,2023-07-28 15:45:00,17430.477351,Long,17333.953031,17516.96423849999,EOD,63.24955500000215,0.364189125305132,17316.628153,17351.277909,17333.953031,6103.409030500007,16103.409030500006,True,297
2023-08-02 08:45:00,17160.979248,2023-08-02 11:00:00,16971.643082250004,Short,17203.0539515,16971.643082250004,TP,189.33616574999542,1.103294648946454,17185.179077,17220.928826,17203.0539515,6292.745196250003,16292.745196250002,True,297
2023-08-03 08:45:00,16980.580517,2023-08-03 09:15:00,16916.643467,Long,16916.643467,17268.297241999986,SL,-63.937049999996816,-0.37653041329174025,16909.356018,16923.930916,16916.643467,6228.808146250006,16228.808146250005,False,298
2023-08-08 08:45:00,16823.281624,2023-08-08 14:30:00,16882.818704999998,Short,16882.818704999998,16555.364759500007,SL,-59.53708099999858,-0.35389695263178206,16863.431341,16902.206069,16882.818704999998,6169.271065250007,16169.271065250006,False,298
2023-08-09 08:45:00,16807.056738,2023-08-09 15:45:00,16724.007322,Short,16863.5688405,16552.752276749998,EOD,83.04941599999802,0.49413420383253076,16835.656537,16891.481144,16863.5688405,6252.320481250005,16252.320481250004,True,299
2023-08-16 08:45:00,16611.533114,2023-08-16 09:00:00,16589.8082665,Long,16589.8082665,16709.29492775001,SL,-21.724847500001488,-0.1307817126264646,16588.708274,16590.908259,16589.8082665,6230.595633750004,16230.595633750003,False,300
2023-08-17 08:45:00,16421.509451,2023-08-17 15:15:00,16221.035861750008,Short,16466.0591375,16221.035861750008,TP,200.4735892499939,1.220798793485978,16449.559254,16482.559021,16466.0591375,6431.069222999998,16431.069223,True,301
2023-08-21 08:45:00,16404.734569,2023-08-21 09:15:00,16312.885215499999,Long,16312.885215499999,16818.056659750007,SL,-91.8493535000016,-0.5598953955254428,16289.51038,16336.260051,16312.885215499999,6339.219869499996,16339.219869499997,False,302
2023-08-22 08:45:00,16505.383861,2023-08-22 15:45:00,16459.459184,Short,16575.508367000002,16189.823583999982,EOD,45.924676999999065,0.2782405873547291,16562.858456,16588.158278,16575.508367000002,6385.144546499995,16385.144546499996,True,303
2023-08-23 08:45:00,16603.283172,2023-08-23 15:45:00,16891.206146,Long,16522.0212435,16968.96185025,EOD,287.922974000001,1.7341327677019818,16519.958758,16524.083729,16522.0212435,6673.067520499996,16673.067520499997,True,303
2023-08-24 08:45:00,16746.007168,2023-08-24 10:30:00,16461.38417050001,Short,16809.256723,16461.38417050001,TP,284.62299749999147,1.6996469346070655,16753.982112,16864.531334,16809.256723,6957.690517999988,16957.69051799999,True,303
2023-08-25 08:45:00,16443.509296,2023-08-25 09:00:00,16403.0845805,Long,16403.0845805,16625.420515750004,SL,-40.424715500001184,-0.24583995284896262,16389.609675,16416.559486,16403.0845805,6917.265802499986,16917.265802499987,False,304
2023-08-29 08:45:00,16672.032688,2023-08-29 11:15:00,16928.19338349999,Long,16615.108089,16928.19338349999,TP,256.16069549999156,1.5364694893164883,16590.083265,16640.132913,16615.108089,7173.426497999978,17173.42649799998,True,305
2023-08-31 08:45:00,17123.029515,2023-08-31 11:45:00,17052.217513000003,Long,17052.217513000003,17441.68352399998,SL,-70.81200199999512,-0.41354832646853107,17042.73008,17061.704946,17052.217513000003,7102.614495999983,17102.614495999984,False,306
2023-09-01 08:45:00,17115.329569,2023-09-01 15:45:00,17062.254942,Short,17154.3792945,16939.605804250015,EOD,53.07462700000178,0.31009994161101495,17118.07955,17190.679039,17154.3792945,7155.689122999985,17155.689122999986,True,307
2023-09-04 08:45:00,17133.479441,2023-09-04 09:00:00,17116.567060499998,Long,17116.567060499998,17209.58515325001,SL,-16.912380500001746,-0.09870955025942267,17110.9296,17122.204521,17116.567060499998,7138.776742499983,17138.776742499984,False,308
2023-09-08 08:45:00,16865.906324,2023-09-08 09:45:00,16829.8815775,Long,16829.8815775,17028.017683249996,SL,-36.02474649999931,-0.21359508233919508,16814.481686,16845.281469,16829.8815775,7102.751995999984,17102.751995999985,False,308
2023-09-11 08:45:00,16903.010529,2023-09-11 12:00:00,16948.626094,Short,16948.626094,16697.7404865,SL,-45.61556500000006,-0.2698665123691355,16938.036766,16959.215422,16948.626094,7057.1364309999835,17057.136430999984,False,308
2023-09-12 08:45:00,16997.228392,2023-09-12 09:15:00,16957.4505335,Long,16957.4505335,17176.228755250006,SL,-39.77785850000146,-0.23402555747690898,16953.784997,16961.11607,16957.4505335,7017.358572499982,17017.358572499983,False,308
2023-09-15 08:45:00,16847.891721,2023-09-15 15:45:00,16707.243729,Short,16905.7257415,16587.638628750006,EOD,140.64799199999834,0.834810635829812,16876.944492,16934.506991,16905.7257415,7158.00656449998,17158.00656449998,True,309
2023-09-18 08:45:00,16736.024979,2023-09-18 09:30:00,16691.631259,Long,16691.631259,16935.796719,SL,-44.39372000000003,-0.26525844730576287,16689.59485,16693.667668,16691.631259,7113.61284449998,17113.61284449998,False,310
2023-09-25 08:45:00,16156.598694,2023-09-25 09:15:00,16112.204975,Long,16112.204975,16356.370429499999,SL,-44.39371899999969,-0.2747714407023427,16103.109014,16121.300936,16112.204975,7069.219125499981,17069.21912549998,False,310
2023-10-02 08:45:00,16205.744035,2023-10-02 11:00:00,16172.2111645,Long,16172.2111645,16356.641952249996,SL,-33.53287049999926,-0.20691966026106165,16156.870216,16187.552113,16172.2111645,7035.686254999981,17035.686254999982,False,310
2023-10-03 08:45:00,16236.968976,2023-10-03 09:00:00,16167.866825000001,Long,16167.866825000001,16547.928655499996,SL,-69.10215099999914,-0.4255852868976938,16161.486076,16174.247574,16167.866825000001,6966.584103999982,16966.584103999983,False,310
2023-10-04 08:45:00,16075.956892,2023-10-04 09:00:00,16048.261727000001,Long,16048.261727000001,16200.585134499997,SL,-27.69516499999918,-0.1722769299896626,16039.573048,16056.950406,16048.261727000001,6938.888938999983,16938.888938999982,False,310
2023-10-17 08:45:00,16377.073925,2023-10-17 09:00:00,16424.454378000002,Short,16424.454378000002,16163.861886499993,SL,-47.38045300000158,-0.289309636245057,16409.38495,16439.523806,16424.454378000002,6891.5084859999815,16891.50848599998,False,310
2023-10-19 08:45:00,16354.266143,2023-10-19 09:00:00,16375.1732765,Short,16375.1732765,16260.184042250006,SL,-20.907133499998963,-0.12783901960007968,16374.358713,16375.98784,16375.1732765,6870.601352499983,16870.601352499983,False,310
2023-10-25 08:45:00,15912.772638,2023-10-25 12:30:00,15714.222742500002,Short,15956.894837,15714.222742500002,TP,198.54989549999846,1.2477391590819162,15913.04416,16000.745514,15956.894837,7069.151247999981,17069.15124799998,True,311
2023-10-30 08:45:00,15694.741099,2023-10-30 09:15:00,15641.6587,Long,15641.6587,15933.611894500005,SL,-53.082399000000805,-0.3382177422689883,15604.867575,15678.449825,15641.6587,7016.06884899998,17016.06884899998,False,312
2023-10-31 08:45:00,15574.457198,2023-10-31 09:00:00,15611.791365500001,Short,15611.791365500001,15406.453444249995,SL,-37.33416750000106,-0.23971408457686308,15591.834556,15631.748175,15611.791365500001,6978.734681499979,16978.73468149998,False,312
2023-11-01 08:45:00,15799.276768,2023-11-01 09:00:00,15791.5384135,Long,15791.5384135,15834.099363249996,SL,-7.738354499999332,-0.04897916919635629,15785.700707,15797.37612,15791.5384135,6970.99632699998,16970.99632699998,False,312
2023-11-03 08:45:00,16426.219266,2023-11-03 09:15:00,16370.557416,Long,16370.557416,16676.697591000004,SL,-55.66185000000041,-0.338859777156468,16349.921803,16391.193029,16370.557416,6915.334476999979,16915.33447699998,False,312
2023-11-10 08:45:00,16700.72722,2023-11-10 09:00:00,16671.1314065,Long,16671.1314065,16833.90838075,SL,-29.595813500000077,-0.1772127231954159,16650.767315,16691.495498,16671.1314065,6885.738663499979,16885.73866349998,False,312
2023-11-13 08:45:00,16823.997854,2023-11-13 09:00:00,16850.335412499997,Short,16850.335412499997,16705.47884075002,SL,-26.337558499995794,-0.15654756217015262,16836.48783,16864.182995,16850.335412499997,6859.4011049999835,16859.401104999983,False,312
2023-11-20 08:45:00,17373.285283,2023-11-20 15:45:00,17474.562698,Long,17301.46792,17696.46341650001,EOD,101.27741500000047,0.582949127641977,17280.968068,17321.967772,17301.46792,6960.678519999984,16960.678519999983,True,313
2023-11-29 08:45:00,17588.330089,2023-11-29 09:00:00,17563.893179,Long,17563.893179,17698.296184,SL,-24.436910000000353,-0.13893820434541174,17546.787342,17580.999016,17563.893179,6936.241609999984,16936.241609999983,False,314
2023-11-30 08:45:00,17352.378149,2023-11-30 15:45:00,17330.656451,Short,17385.2322165,17204.534845249997,EOD,21.721698000001197,0.12517994832456436,17363.510519,17406.953914,17385.2322165,6957.963307999985,16957.963307999984,True,315
2023-12-05 08:45:00,17219.332751,2023-12-05 15:45:00,17268.478092,Long,17168.829804,17446.596012500006,EOD,49.14534099999946,0.28540792904501705,17160.141125,17177.518483,17168.829804,7007.108648999984,17007.108648999983,True,315
2023-12-06 08:45:00,17321.696251,2023-12-06 15:45:00,17175.889355,Short,17371.5203945,17097.48760525001,EOD,145.80689600000187,0.8417587624629099,17345.861639,17397.17915,17371.5203945,7152.915544999986,17152.915544999985,True,315
2023-12-08 08:45:00,17367.854858,2023-12-08 09:15:00,17476.59910624999,Long,17343.6894695,17476.59910624999,TP,108.74424824999005,0.6261236585582137,17334.186227,17353.192712,17343.6894695,7261.659793249976,17261.659793249975,True,315
2023-12-11 08:45:00,17551.131682,2023-12-11 15:45:00,17641.548248,Long,17496.420156,17797.333548999995,EOD,90.41656599999988,0.5151608889854598,17479.45008,17513.390232,17496.420156,7352.076359249976,17352.076359249975,True,315
2023-12-20 08:45:00,18241.899199,2023-12-20 13:30:00,18221.5309635,Long,18221.5309635,18333.55625874999,SL,-20.368235499998264,-0.11165633182050928,18211.346846,18231.715081,18221.5309635,7331.708123749978,17331.708123749977,False,316
2023-12-22 08:45:00,18248.331274,2023-12-22 09:00:00,18238.683162,Long,18238.683162,18291.747777999997,SL,-9.648111999998946,-0.05287120150950711,18233.591103,18243.775221,18238.683162,7322.060011749979,17322.060011749978,False,316
2023-12-26 08:45:00,18268.163503,2023-12-26 09:45:00,18248.7332785,Long,18248.7332785,18355.59951325,SL,-19.430224499999895,-0.1063611265402188,18240.827187,18256.63937,18248.7332785,7302.629787249979,17302.629787249978,False,316
2023-12-28 08:45:00,18357.67654,2023-12-28 09:30:00,18368.396664,Short,18368.396664,18309.435982000003,SL,-10.720123999999487,-0.05839586494860142,18363.304605,18373.488723,18368.396664,7291.9096632499795,17291.90966324998,False,316
2024-01-02 08:45:00,17970.680059,2024-01-02 15:45:00,17936.643665,Short,18032.320773,17693.296845999994,EOD,34.036393999998836,0.18939958804148246,17990.512289,18074.129257,18032.320773,7325.946057249978,17325.946057249977,True,317
2024-01-05 08:45:00,17657.652435,2024-01-05 09:00:00,17726.998236000007,Long,17642.242256999998,17726.998236000007,TP,69.34580100000676,0.39272378508568573,17635.944184,17648.54033,17642.242256999998,7395.291858249985,17395.291858249984,True,317
2024-01-08 08:45:00,17825.958384,2024-01-08 15:45:00,17997.212366,Long,17736.9813535,18226.355021250012,EOD,171.25398199999836,0.9606999989055867,17703.480966,17770.481741,17736.9813535,7566.5458402499835,17566.545840249983,True,317
2024-01-17 08:45:00,17910.111358,2024-01-17 09:30:00,17986.894247,Short,17986.894247,17564.58835749999,SL,-76.78288900000189,-0.4287125158811751,17952.455848,18021.332646,17986.894247,7489.762951249982,17489.76295124998,False,318
2024-01-25 08:45:00,18940.851292,2024-01-25 09:00:00,18979.7117415,Short,18979.7117415,18765.979269249998,SL,-38.86044949999996,-0.2051673860953301,18978.907732,18980.515751,18979.7117415,7450.902501749982,17450.90250174998,False,318
2024-02-02 08:45:00,18860.986367,2024-02-02 15:45:00,18960.683521,Long,18798.943649,19140.178598000006,EOD,99.69715399999768,0.5285892904012282,18776.833393,18821.053905,18798.943649,7550.599655749979,17550.59965574998,True,319
2024-02-06 08:45:00,18925.307112,2024-02-06 15:45:00,18921.287065,Short,19012.2741185,18533.955582749986,EOD,4.020046999998158,0.021241647367768,19009.192083,19015.356154,19012.2741185,7554.6197027499775,17554.619702749977,True,319
2024-02-15 08:45:00,19099.777132,2024-02-15 11:30:00,19160.881839,Short,19160.881839,18824.80595049999,SL,-61.104707000002236,-0.31992366496060665,19157.665802,19164.097876,19160.881839,7493.514995749975,17493.514995749974,False,320
2024-02-16 08:45:00,19052.072579,2024-02-16 15:45:00,18997.667949,Short,19197.7322655,18396.60398975,EOD,54.40463000000091,0.28555754117779286,19184.466112,19210.998419,19197.7322655,7547.919625749976,17547.919625749975,True,321
2024-02-20 08:45:00,18827.485979,2024-02-20 15:45:00,18848.658224,Short,18893.280741,18531.40955000001,EOD,-21.17224499999793,-0.11245391457793807,18868.490454,18918.071028,18893.280741,7526.747380749978,17526.747380749977,False,322
2024-02-27 08:45:00,19285.771285,2024-02-27 09:00:00,19299.439443,Short,19299.439443,19224.264573999997,SL,-13.668158000000403,-0.07087172090768888,19291.131347,19307.747539,19299.439443,7513.079222749978,17513.079222749977,False,322
2024-03-05 08:45:00,19337.763887,2024-03-05 15:45:00,19278.267198,Short,19395.7865585,19076.661865250004,EOD,59.496688999999606,0.3076709869231407,19366.976225,19424.596892,19395.7865585,7572.575911749977,17572.575911749977,True,323
2024-03-13 08:45:00,19394.345943,2024-03-13 12:45:00,19457.2716775,Short,19457.2716775,19111.180137749998,SL,-62.925734500000544,-0.32445401708796645,19429.510324,19485.033031,19457.2716775,7509.650177249977,17509.650177249976,False,324
2024-03-15 08:45:00,19135.768765,2024-03-15 09:30:00,19173.1804935,Short,19173.1804935,18967.415986750006,SL,-37.4117284999993,-0.19550679650993,19172.519509,19173.841478,19173.1804935,7472.238448749978,17472.238448749977,False,324
2024-03-19 08:45:00,19132.067251,2024-03-19 09:00:00,19163.397921,Short,19163.397921,18991.079236000005,SL,-31.330669999999373,-0.1637599825934219,19148.459669,19178.336173,19163.397921,7440.907778749978,17440.907778749977,False,324
2024-03-20 08:45:00,19309.739913,2024-03-20 09:15:00,19334.460737499998,Short,19334.460737499998,19198.496202750015,SL,-24.720824499996525,-0.12802256587285046,19324.545968,19344.375507,19334.460737499998,7416.186954249982,17416.18695424998,False,324
2024-03-27 08:45:00,19512.794384,2024-03-27 15:45:00,19570.96103,Short,19599.647762,19121.954183,EOD,-58.166645999997854,-0.29809490560559093,19579.950421,19619.345103,19599.647762,7358.020308249984,17358.020308249983,False,324
2024-04-01 08:45:00,19656.095847,2024-04-01 09:15:00,19608.3727585,Long,19608.3727585,19870.849745249994,SL,-47.723088499998994,-0.24279027163617897,19568.317091,19648.428426,19608.3727585,7310.297219749985,17310.297219749984,False,324
2024-04-02 08:45:00,19305.774006,2024-04-02 09:00:00,19313.3092305,Short,19313.3092305,19271.865495750004,SL,-7.535224499999458,-0.03903093705363796,19305.774006,19320.844455,19313.3092305,7302.761995249985,17302.761995249984,False,324
2024-04-05 08:45:00,19253.688419,2024-04-05 15:45:00,19365.26262,Long,19200.280862,19494.022425499992,EOD,111.57420100000309,0.579495204097616,19195.257379,19205.304345,19200.280862,7414.3361962499885,17414.336196249988,True,325
2024-04-08 08:45:00,19354.422473,2024-04-08 09:00:00,19370.947087499997,Short,19370.947087499997,19280.061707750006,SL,-16.52461449999828,-0.08537901104024474,19361.8255,19380.068675,19370.947087499997,7397.81158174999,17397.81158174999,False,326
2024-04-15 08:45:00,19358.38838,2024-04-15 09:00:00,19248.929327,Short,19382.712614,19248.929327,TP,109.45905299999868,0.5654347399760076,19379.539888,19385.88534,19382.712614,7507.270634749989,17507.270634749988,True,327
2024-04-17 08:45:00,18921.080964,2024-04-17 11:30:00,18656.35662675,Short,18979.9085945,18656.35662675,TP,264.72433725000155,1.399097323000079,18975.81049,18984.006699,18979.9085945,7771.99497199999,17771.99497199999,True,327
2024-04-18 08:45:00,18624.431073,2024-04-18 09:15:00,18675.0624935,Short,18675.0624935,18396.589680749992,SL,-50.631420500001695,-0.2718548572117325,18663.825755,18686.299232,18675.0624935,7721.363551499989,17721.363551499988,False,328
2024-04-23 08:45:00,18508.62657,2024-04-23 15:45:00,18673.07954,Long,18446.890607499998,18786.438401250012,EOD,164.45296999999846,0.888520654831054,18440.941746,18452.839469,18446.890607499998,7885.816521499987,17885.816521499986,True,329
2024-04-26 08:45:00,18809.242369,2024-04-26 15:45:00,18863.7075,Long,18746.0522405,19093.597947249993,EOD,54.46513100000084,0.28956578862403426,18745.523453,18746.581028,18746.0522405,7940.281652499988,17940.281652499987,True,329
2024-04-29 08:45:00,18895.699155,2024-04-29 09:00:00,18916.321875,Short,18916.321875,18802.896914999983,SL,-20.622720000003028,-0.1091397562526605,18898.343094,18934.300656,18916.321875,7919.658932499985,17919.658932499984,False,330
2024-05-02 08:45:00,18506.247025,2024-05-02 10:00:00,18569.437153500003,Short,18569.437153500003,18221.891446749993,SL,-63.190128500002174,-0.3414529613413186,18565.471246,18573.403061,18569.437153500003,7856.468803999983,17856.468803999982,False,330
2024-05-06 08:45:00,19152.425577,2024-05-06 09:15:00,19122.152481999998,Long,19122.152481999998,19288.65450450002,SL,-30.273095000004105,-0.15806402629418817,19119.111953,19125.193011,19122.152481999998,7826.195708999979,17826.195708999978,False,330
2024-05-08 08:45:00,19214.029342,2024-05-08 15:45:00,19206.361921,Long,19151.3680015,19496.005374250013,EOD,-7.667421000001923,-0.039905325757162685,19137.355128,19165.380875,19151.3680015,7818.528287999977,17818.528287999976,False,330
2024-05-09 08:45:00,19202.924801,2024-05-09 09:00:00,19218.5240375,Short,19218.5240375,19132.72823675001,SL,-15.59923649999837,-0.08123364884075385,19205.568739,19231.479336,19218.5240375,7802.929051499978,17802.929051499978,False,330
2024-05-10 08:45:00,19384.034583,2024-05-10 09:00:00,19351.646337,Long,19351.646337,19529.78169000001,SL,-32.388246000002255,-0.1670872276941101,19331.684602,19371.608072,19351.646337,7770.540805499976,17770.540805499975,False,330
2024-05-13 08:45:00,19338.823236,2024-05-13 09:15:00,19358.5205775,Short,19358.5205775,19250.18519925,SL,-19.69734149999931,-0.1018538783855882,19344.111113,19372.930042,19358.5205775,7750.843463999977,17750.843463999976,False,330
2024-05-17 08:45:00,19711.618554,2024-05-17 09:00:00,19724.7060495,Short,19724.7060495,19652.72482425,SL,-13.087495499999932,-0.06639482934466656,19724.309459,19725.10264,19724.7060495,7737.755968499977,17737.755968499976,False,330
2024-05-20 08:45:00,19829.00942,2024-05-20 15:45:00,19824.514725,Long,19751.4098275,20178.20758624999,EOD,-4.494694999997591,-0.0226672694777387,19729.861729,19772.957926,19751.4098275,7733.261273499979,17733.26127349998,False,330
2024-05-23 08:45:00,19937.410896,2024-05-23 15:45:00,19762.382172,Short,20043.036236,19462.096866000007,EOD,175.02872399999978,0.8778909403683675,20022.545713,20063.526759,20043.036236,7908.289997499979,17908.28999749998,True,331
2024-05-28 08:45:00,19950.366194,2024-05-28 09:00:00,19981.300274,Short,19981.300274,19811.162833999988,SL,-30.934080000002723,-0.15505519898329503,19961.206342,20001.394206,19981.300274,7877.355917499976,17877.355917499975,False,332
2024-05-29 08:45:00,19915.730601,2024-05-29 15:15:00,19859.811303,Long,19859.811303,20167.367442000002,SL,-55.91929800000071,-0.28077954618040935,19856.50638,19863.116226,19859.811303,7821.436619499976,17821.436619499975,False,332
2024-06-12 08:45:00,20613.201558,2024-06-12 13:00:00,20572.6171035,Long,20572.6171035,20795.83160325,SL,-40.58445449999999,-0.1968857403630691,20544.987947,20600.24626,20572.6171035,7780.852164999976,17780.852164999975,False,332
2024-06-14 08:45:00,20769.458319,2024-06-14 09:00:00,20715.6541725,Long,20715.6541725,21011.576978250014,SL,-53.80414650000239,-0.259054163443358,20706.532585,20724.77576,20715.6541725,7727.048018499973,17727.048018499972,False,332
2024-06-21 08:45:00,20827.353674,2024-06-21 09:15:00,20876.4114005,Short,20876.4114005,20606.593904750007,SL,-49.05772649999926,-0.23554469409736328,20862.842242,20889.980559,20876.4114005,7677.990291999974,17677.990291999973,False,332
2024-06-26 08:45:00,20846.402685,2024-06-26 10:00:00,20811.3055345,Long,20811.3055345,21004.33986225001,SL,-35.09715050000159,-0.16836070486758703,20807.782772,20814.828297,20811.3055345,7642.893141499972,17642.89314149997,False,332
2024-06-27 08:45:00,20938.516396,2024-06-27 09:45:00,20883.456925500002,Long,20883.456925500002,21186.284013249984,SL,-55.05947049999668,-0.26295784027236524,20881.108417,20885.805434,20883.456925500002,7587.833670999976,17587.833670999975,False,332
2024-06-28 08:45:00,21029.586325,2024-06-28 10:00:00,20975.309691,Long,20975.309691,21273.831178000008,SL,-54.27663400000165,-0.2580965367610561,20967.48133,20983.138052,20975.309691,7533.557036999974,17533.557036999973,False,332
2024-07-01 08:45:00,20758.464099,2024-07-01 09:15:00,20811.827425,Short,20811.827425,20518.329132000006,SL,-53.36332599999878,-0.25706779531232016,20799.432521,20824.222329,20811.827425,7480.193710999975,17480.193710999974,False,332
2024-07-02 08:45:00,20940.864904,2024-07-02 15:45:00,21126.136108,Long,20889.0672505,21173.95434474999,EOD,185.27120400000058,0.8847352048224674,20862.581297,20915.553204,20889.0672505,7665.464914999976,17665.464914999975,True,333
2024-07-03 08:45:00,21161.885621,2024-07-03 09:00:00,21124.8313805,Long,21124.8313805,21328.629703250008,SL,-37.05424050000147,-0.17509895461882038,21114.132621,21135.53014,21124.8313805,7628.410674499974,17628.410674499974,False,334
2024-07-04 08:45:00,21277.223469,2024-07-04 11:45:00,21273.570234,Short,21292.749718,21207.35534850001,EOD,3.6532350000015867,0.017169697941670788,21287.400338,21298.099098,21292.749718,7632.063909499976,17632.063909499975,True,335
2024-07-17 08:45:00,21093.778883,2024-07-17 11:45:00,20892.394302499997,Short,21138.531012,20892.394302499997,TP,201.3845805000019,0.9547107780782833,21135.791086,21141.270938,21138.531012,7833.448489999978,17833.448489999977,True,335
2024-07-18 08:45:00,20946.344757,2024-07-18 09:00:00,20982.8771065,Short,20982.8771065,20781.949184249992,SL,-36.532349500001146,-0.17440918653739101,20951.302718,21014.451495,20982.8771065,7796.916140499977,17796.916140499976,False,336
2024-07-23 08:45:00,20882.152199,2024-07-23 09:00:00,20855.666245,Long,20855.666245,21001.338991999997,SL,-26.485953999999765,-0.12683536518457192,20854.231046,20857.101444,20855.666245,7770.430186499977,17770.430186499976,False,336
2024-07-24 08:45:00,20366.263228,2024-07-24 15:45:00,20113.146231,Short,20448.982905999997,19994.02467700001,EOD,253.116997000001,1.2428249314386255,20417.669463,20480.296349,20448.982905999997,8023.547183499978,18023.547183499977,True,337
2024-07-25 08:45:00,19864.465306,2024-07-25 09:45:00,20032.383643499998,Short,20032.383643499998,19108.83278725,SL,-167.91833749999932,-0.8453201982198841,20011.116597,20053.65069,20032.383643499998,7855.628845999979,17855.628845999978,False,338
2024-07-26 08:45:00,19966.755886,2024-07-26 09:00:00,19989.1971865,Short,19989.1971865,19865.77003374999,SL,-22.4413005000024,-0.11239332332268091,19983.717334,19994.677039,19989.1971865,7833.187545499976,17833.187545499975,False,338
2024-07-29 08:45:00,20206.042779,2024-07-29 09:00:00,20139.2407675,Long,20139.2407675,20506.65183075,SL,-66.80201149999994,-0.3306041278375734,20138.979822,20139.501713,20139.2407675,7766.385533999976,17766.385533999975,False,338
2024-08-01 08:45:00,20506.129939,2024-08-01 09:00:00,20436.0661105,Long,20436.0661105,20821.417167249994,SL,-70.06382849999864,-0.34167260574481356,20415.5819,20456.550321,20436.0661105,7696.321705499978,17696.321705499977,False,338
2024-08-05 08:45:00,18672.72786,2024-08-05 15:45:00,18941.240633,Long,18500.8953425,19445.974188749995,EOD,268.5127730000022,1.4379943574029157,18465.798192,18535.992493,18500.8953425,7964.83447849998,17964.83447849998,True,339
2024-08-07 08:45:00,19331.353942,2024-08-07 09:00:00,19275.120217000003,Long,19275.120217000003,19584.405704499994,SL,-56.23372499999823,-0.29089387721479143,19268.988001,19281.252433,19275.120217000003,7908.600753499982,17908.60075349998,False,340
2024-08-12 08:45:00,19351.968625,2024-08-12 09:00:00,19428.164668999998,Short,19428.164668999998,19009.086427000017,SL,-76.19604399999662,-0.3937379471645181,19406.245259,19450.084079,19428.164668999998,7832.404709499985,17832.404709499984,False,340
2024-08-13 08:45:00,19726.686158,2024-08-13 14:45:00,19935.116262500007,Long,19680.368357,19935.116262500007,TP,208.43010450000656,1.056589549965945,19672.148578,19688.588136,19680.368357,8040.834813999992,18040.83481399999,True,341
2024-08-14 08:45:00,19862.638689,2024-08-14 10:30:00,19949.2725475,Short,19949.2725475,19472.786325749992,SL,-86.63385850000122,-0.4361649016350449,19939.356624,19959.188471,19949.2725475,7954.20095549999,17954.20095549999,False,342
2024-08-15 08:45:00,20312.76943,2024-08-15 15:45:00,20424.975933,Long,20205.12947,20797.149250000002,EOD,112.20650300000125,0.5523939184495594,20201.606708,20208.652232,20205.12947,8066.407458499992,18066.40745849999,True,343
2024-08-20 08:45:00,20790.560378,2024-08-20 09:00:00,20713.4510255,Long,20713.4510255,21137.552464249995,SL,-77.10935249999966,-0.37088635947299753,20696.880995,20730.021056,20713.4510255,7989.298105999992,17989.29810599999,False,344
2024-08-28 08:45:00,20414.016228,2024-08-28 09:15:00,20450.6790505,Short,20450.6790505,20249.033526750005,SL,-36.66282249999858,-0.17959632289167876,20447.678179,20453.679922,20450.6790505,7952.635283499993,17952.635283499993,False,344
2024-08-29 08:45:00,20503.781431,2024-08-29 13:15:00,20375.6572605,Long,20375.6572605,21080.340198249996,SL,-128.1241704999993,-0.6248806881363176,20358.695812,20392.618709,20375.6572605,7824.511112999994,17824.511112999993,False,344
2024-09-03 08:45:00,20214.39303,2024-09-03 14:30:00,19843.91585999999,Short,20296.72129,19843.91585999999,TP,370.4771700000092,1.8327395210441757,20270.235336,20323.207244,20296.72129,8194.988283000002,18194.988283000002,True,345
2024-09-04 08:45:00,19803.143147,2024-09-04 09:00:00,19742.212406500003,Long,19742.212406500003,20077.33147924998,SL,-60.93074049999632,-0.30768216968237583,19722.771977,19761.652836,19742.212406500003,8134.057542500006,18134.057542500006,False,346
2024-09-05 08:45:00,19887.428498,2024-09-05 10:00:00,19766.8717425,Long,19766.8717425,20429.93389775001,SL,-120.5567555000016,-0.6061957960634554,19741.820988,19791.922497,19766.8717425,8013.5007870000045,18013.500787000004,False,346
2024-09-06 08:45:00,19566.465708,2024-09-06 15:45:00,19182.093197,Short,19730.7308105,18827.272746749994,EOD,384.3725110000014,1.9644452745640508,19711.029436,19750.432185,19730.7308105,8397.873298000006,18397.873298000006,True,347
2024-09-09 08:45:00,19505.66544,2024-09-09 09:15:00,19450.475497500003,Long,19450.475497500003,19754.020181249987,SL,-55.189942499997414,-0.2829431411594918,19448.257462,19452.693533,19450.475497500003,8342.683355500008,18342.68335550001,False,348
2024-09-11 08:45:00,19614.218709,2024-09-11 11:00:00,19698.2431135,Short,19698.2431135,19236.10888875,SL,-84.02440449999995,-0.4283851717297578,19678.150321,19718.335906,19698.2431135,8258.658951000009,18258.65895100001,False,348
2024-09-13 08:45:00,20316.161719,2024-09-13 09:00:00,20300.11358,Long,20300.11358,20388.378344499994,SL,-16.048138999998628,-0.07899198294424951,20288.240566,20311.986594,20300.11358,8242.61081200001,18242.61081200001,False,348
2024-09-18 08:45:00,20329.817678,2024-09-18 09:00:00,20289.781598749993,Short,20338.7145845,20289.781598749993,TP,40.03607925000688,0.1969328003041173,20333.94378,20343.485389,20338.7145845,8282.646891250017,18282.646891250017,True,349
2024-09-24 08:45:00,20722.570961,2024-09-24 10:30:00,20761.124222,Short,20761.124222,20549.08128650001,SL,-38.55326099999729,-0.18604477732302016,20758.158587,20764.089857,20761.124222,8244.09363025002,18244.09363025002,False,350
2024-09-25 08:45:00,20869.821208,2024-09-25 12:00:00,20798.001254,Long,20798.001254,21193.011001000013,SL,-71.81995400000233,-0.3441330583726883,20785.494009,20810.508499,20798.001254,8172.273676250017,18172.273676250017,False,350
2024-09-26 08:45:00,21071.226535,2024-09-26 09:45:00,20843.194956999996,Short,21121.900219000003,20843.194956999996,TP,228.03157800000554,1.0821941362608274,21095.2095,21148.590938,21121.900219000003,8400.305254250023,18400.305254250023,True,351
2024-09-27 08:45:00,20967.816117,2024-09-27 09:00:00,21007.400903,Short,21007.400903,20789.684579999986,SL,-39.58478600000308,-0.18878831147278646,21003.919505,21010.882301,21007.400903,8360.72046825002,18360.72046825002,False,352
2024-09-30 08:45:00,20841.196379,2024-09-30 09:00:00,20831.0100655,Long,20831.0100655,20887.03478975001,SL,-10.186313500002143,-0.048875857771130994,20825.723498,20836.296633,20831.0100655,8350.534154750017,18350.534154750017,False,352
2024-10-01 08:45:00,20675.894439,2024-10-01 15:45:00,20591.56724,Short,20807.1560415,20085.217227750007,EOD,84.32719899999938,0.407852725543698,20735.72291,20878.589173,20807.1560415,8434.861353750017,18434.861353750017,True,353
2024-10-03 08:45:00,20654.232406,2024-10-03 09:15:00,20579.4468165,Long,20579.4468165,20990.767558749998,SL,-74.78558949999933,-0.3620836060616531,20553.400801,20605.492832,20579.4468165,8360.075764250018,18360.075764250018,False,354
2024-10-14 08:45:00,21322.402962,2024-10-14 09:45:00,21232.918136,Long,21232.918136,21725.084679,SL,-89.48482599999988,-0.4196751471186266,21214.866442,21250.96983,21232.918136,8270.590938250018,18270.590938250018,False,354
2024-10-16 08:45:00,20861.311123,2024-10-16 09:00:00,20943.575271,Short,20943.575271,20491.12245699999,SL,-82.26414800000202,-0.39433834007347796,20898.188155,20988.962387,20943.575271,8188.326790250016,18188.326790250016,False,354
2024-10-17 08:45:00,21078.447213,2024-10-17 15:45:00,21026.0973,Short,21185.983732,20594.532877499994,EOD,52.349912999998196,0.2483575401498822,21151.169751,21220.797713,21185.983732,8240.676703250014,18240.676703250014,True,355
2024-10-21 08:45:00,21139.307209,2024-10-21 09:30:00,21093.9200935,Long,21093.9200935,21343.549228749987,SL,-45.38711549999789,-0.2147048389583669,21074.836874,21113.003313,21093.9200935,8195.289587750016,18195.289587750016,False,356
2024-10-22 08:45:00,21105.266872,2024-10-22 15:45:00,21165.868988,Long,21060.9112815,21304.867029249996,EOD,60.602115999998205,0.28714214497992446,21047.501452,21074.321111,21060.9112815,8255.891703750014,18255.891703750014,True,357
2024-10-24 08:45:00,20978.131371,2024-10-24 09:00:00,20999.277641,Short,20999.277641,20882.973155999993,SL,-21.146270000001095,-0.10080149478534361,20995.667302,21002.88798,20999.277641,8234.745433750013,18234.745433750013,False,358
2024-10-25 08:45:00,21300.483048,2024-10-25 12:30:00,21197.072630000002,Long,21197.072630000002,21765.829928999978,SL,-103.41041799999584,-0.485483910233226,21158.64831,21235.49695,21197.072630000002,8131.335015750017,18131.335015750017,False,358
2024-10-28 08:45:00,21204.293307,2024-10-28 09:15:00,21250.4540675,Short,21250.4540675,20996.569884750003,SL,-46.160760499999014,-0.2176953498599283,21232.660255,21268.24788,21250.4540675,8085.174255250018,18085.174255250018,False,358
2024-10-30 08:45:00,21282.947117,2024-10-30 09:00:00,21292.3597855,Short,21292.3597855,21240.590108749995,SL,-9.412668500001018,-0.0442263397463528,21287.588981,21297.13059,21292.3597855,8075.761586750017,18075.761586750017,False,358
2024-10-31 08:45:00,20801.740533,2024-10-31 15:45:00,20674.862913,Short,20951.05383,20129.830696499997,EOD,126.8776199999993,0.6099375184433241,20898.961799,21003.145861,20951.05383,8202.639206750016,18202.639206750016,True,359
2024-11-01 08:45:00,20805.608753,2024-11-01 15:45:00,20806.124516,Long,20747.069689,21069.034541,EOD,0.5157629999994242,0.0024789613518280515,20733.659859,20760.479519,20747.069689,8203.154969750016,18203.154969750016,True,359
2024-11-05 08:45:00,20930.423323,2024-11-05 15:45:00,21004.693149,Long,20816.5687105,21442.769079249996,EOD,74.26982599999974,0.3548414900829368,20789.104348,20844.033073,20816.5687105,8277.424795750016,18277.424795750016,True,359
2024-11-07 08:45:00,21774.211072,2024-11-07 15:45:00,21894.383777,Long,21697.8781955,22117.709016249984,EOD,120.17270500000086,0.5519038306491569,21683.178959,21712.577432,21697.8781955,8397.597500750016,18397.597500750016,True,359
2024-11-11 08:45:00,21839.970814,2024-11-11 15:45:00,21878.910897,Short,21919.527208500003,21481.967038749986,EOD,-38.94008300000132,-0.1782973216019121,21887.1631,21951.891317,21919.527208500003,8358.657417750015,18358.657417750015,False,360
2024-11-15 08:45:00,21342.259825,2024-11-15 12:45:00,21067.809606250008,Short,21403.2487625,21067.809606250008,TP,274.4502187499929,1.2859473223566797,21399.767364,21406.730161,21403.2487625,8633.107636500008,18633.107636500008,True,361
2024-11-18 08:45:00,21177.473648,2024-11-18 09:00:00,21197.846274000003,Short,21197.846274000003,21085.79683099998,SL,-20.372626000003947,-0.09619951056781477,21192.430766,21203.261782,21197.846274000003,8612.735010500004,18612.735010500004,False,362
2024-11-20 08:45:00,21263.863897,2024-11-20 10:45:00,21355.1538925,Short,21355.1538925,20853.058917250004,SL,-91.28999549999935,-0.4293198825114703,21323.95025,21386.357535,21355.1538925,8521.445015000005,18521.445015000005,False,362
2024-11-21 08:45:00,21318.534742,2024-11-21 11:30:00,21481.773631,Short,21481.773631,20583.9597415,SL,-163.2388890000002,-0.7657134553361238,21441.28626,21522.261002,21481.773631,8358.206126000005,18358.206126000005,False,362
2024-11-27 08:45:00,21518.1349,2024-11-27 15:45:00,21462.43253,Short,21575.255617000003,21261.091673499992,EOD,55.7023700000027,0.25886244443984174,21558.106508,21592.404726,21575.255617000003,8413.908496000007,18413.908496000007,True,363
2024-11-28 08:45:00,21547.01761,2024-11-28 10:45:00,21537.991763500002,Long,21537.991763500002,21587.633919249987,SL,-9.025846499996987,-0.04188907561763017,21533.865662,21542.117865,21537.991763500002,8404.88264950001,18404.88264950001,False,364
2024-12-02 08:45:00,21818.0509,2024-12-02 15:45:00,21879.684541,Long,21743.5231925,22153.425583749988,EOD,61.63364100000035,0.2824892163030033,21709.998618,21777.047767,21743.5231925,8466.51629050001,18466.51629050001,True,365
2024-12-03 08:45:00,21871.432338,2024-12-03 09:15:00,21850.286068,Long,21850.286068,21966.590552999987,SL,-21.146269999997457,-0.0966844314227074,21845.644204,21854.927932,21850.286068,8445.370020500013,18445.370020500013,False,366
2024-12-06 08:45:00,22290.747399,2024-12-06 15:45:00,22316.019771,Long,22210.804183499997,22650.491868750014,EOD,25.27237199999945,0.11337606383325313,22194.557659,22227.050708,22210.804183499997,8470.642392500013,18470.642392500013,True,367
2024-12-11 08:45:00,22379.458581,2024-12-11 15:45:00,22441.607984,Long,22293.0683315,22768.21470375,EOD,62.14940299999944,0.2777073572850589,22270.632655,22315.504008,22293.0683315,8532.791795500012,18532.791795500012,True,367
2024-12-13 08:45:00,22570.290774,2024-12-13 09:00:00,22523.48531,Long,22523.48531,22780.915362000007,SL,-46.80546400000094,-0.20737643333296713,22490.86332,22556.1073,22523.48531,8485.986331500011,18485.98633150001,False,368
2024-12-16 08:45:00,22663.901701,2024-12-16 15:45:00,22808.831014,Long,22595.563145,22971.42520299999,EOD,144.92931300000055,0.6394720331566115,22590.147637,22600.978653,22595.563145,8630.915644500012,18630.91564450001,True,369
2024-12-24 08:45:00,22582.546753,2024-12-24 12:00:00,22729.20173,Long,22525.97247,22837.131026499992,EOD,146.65497700000196,0.6494173513911554,22520.688767,22531.256173,22525.97247,8777.570621500014,18777.570621500014,True,369
2024-12-27 08:45:00,22367.847991,2024-12-27 15:45:00,22392.333444,Short,22470.171411000003,21907.392600999978,EOD,-24.485453000001144,-0.10946718258212945,22419.911797,22520.431025,22470.171411000003,8753.085168500013,18753.085168500013,False,370
2024-12-30 08:45:00,21947.213681,2024-12-30 09:30:00,22036.392279,Short,22036.392279,21545.909990000007,SL,-89.1785979999986,-0.4063322082529397,22026.855839,22045.928719,22036.392279,8663.906570500014,18663.906570500014,False,370
2024-12-31 08:45:00,22098.765749,2024-12-31 09:00:00,22118.8695945,Short,22118.8695945,22008.29844424999,SL,-20.103845500001626,-0.09097270738258925,22117.838628,22119.900561,22118.8695945,8643.802725000012,18643.802725000012,False,370
