entry_time,entry_price,exit_time,exit_price,direction,stop_loss,take_profit,exit_reason,pnl,return_pct,fvg_lower,fvg_upper,fvg_middle,cumulative_pnl,equity,is_win,streak
2018-01-15 08:31:00,7939.846938,2018-01-15 08:39:00,7941.311368000001,Short,7941.311368000001,7933.257002999995,SL,-1.4644300000009025,-0.018444058322990592,7941.018482,7941.604254,7941.311368000001,-1.4644300000009025,9998.53557,False,1
2018-01-16 08:31:00,7992.859307,2018-01-16 09:37:00,7980.997423,Long,7980.997423,8046.237784999999,SL,-11.861883999999918,-0.1484060152242577,7980.265208,7981.729638,7980.997423,-13.32631400000082,9986.673685999998,False,1
2018-01-26 08:31:00,8147.796008,2018-01-26 08:35:00,8154.532386,Short,8154.532386,8117.482307000002,SL,-6.736377999999604,-0.08267730308153787,8152.77507,8156.289702,8154.532386,-20.062692000000425,9979.937308,False,1
2018-01-29 08:31:00,8208.716298,2018-01-29 08:38:00,8215.599119999999,Short,8215.599119999999,8177.743599000001,SL,-6.882821999999578,-0.08384772661319205,8215.452677,8215.745563,8215.599119999999,-26.945514000000003,9973.054486,False,1
2018-01-31 08:31:00,8183.235215,2018-01-31 08:35:00,8177.670381,Long,8177.670381,8208.276967999998,SL,-5.564833999999792,-0.0680028601621931,8176.791723,8178.549039,8177.670381,-32.510347999999794,9967.489652,False,1
2018-02-01 08:31:00,8117.335862,2018-02-01 13:22:00,8102.10579,Long,8102.10579,8185.871186000001,SL,-15.230072000000291,-0.18762402171009604,8100.934246,8103.277334,8102.10579,-47.740420000000086,9952.25958,False,1
2018-02-15 08:31:00,7871.897383,2018-02-15 08:39:00,7887.127456,Short,7887.127456,7803.362054500001,SL,-15.23007299999972,-0.1934739778606654,7883.90571,7890.349202,7887.127456,-62.970492999999806,9937.029507,False,1
2018-02-16 08:31:00,7961.227617,2018-02-16 08:33:00,7951.562379,Long,7951.562379,8004.721187999998,SL,-9.66523799999959,-0.12140386464219328,7948.047747,7955.077011,7951.562379,-72.6357309999994,9927.364269000002,False,1
2018-03-02 08:31:00,7837.629719,2018-03-02 08:37:00,7820.056559,Long,7820.056559,7916.708938999999,SL,-17.573159999999916,-0.2242152363666661,7817.127699,7822.985419,7820.056559,-90.20889099999931,9909.791109000002,False,1
2018-03-05 08:31:00,7955.369897,2018-03-05 08:37:00,7948.0477465,Long,7948.0477465,7988.319574249996,SL,-7.322150499999225,-0.09204035255180826,7946.583316,7949.512177,7948.0477465,-97.53104149999854,9902.468958500001,False,1
2018-03-07 08:31:00,8054.072483,2018-03-07 09:50:00,8098.884041000003,Long,8044.114358999999,8098.884041000003,TP,44.81155800000306,0.5563838430134359,8040.306841,8047.921877,8044.114358999999,-52.71948349999548,9947.280516500005,True,2
2018-03-12 08:31:00,8340.197951,2018-03-12 08:33:00,8346.326587,Short,8346.326587,8312.619089000003,SL,-6.12863599999946,-0.0734830999936234,8346.034747,8346.618427,8346.326587,-58.84811949999494,9941.151880500005,False,3
2018-03-16 08:31:00,8260.233844,2018-03-16 08:33:00,8252.6460095,Long,8252.6460095,8294.37909925,SL,-7.587834500000099,-0.09185980255887898,8251.47865,8253.813369,8252.6460095,-66.43595399999504,9933.564046000005,False,3
2018-03-19 08:31:00,8128.030413,2018-03-19 08:52:00,8133.721289,Short,8133.721289,8102.4214710000015,SL,-5.690875999999662,-0.0700154368381503,8131.82433,8135.618248,8133.721289,-72.1268299999947,9927.873170000006,False,3
2018-03-23 08:31:00,7837.357967,2018-03-23 08:36:00,7822.6200565,Long,7822.6200565,7903.67856425,SL,-14.737910499999998,-0.18804692298164105,7817.51286,7827.727253,7822.6200565,-86.8647404999947,9913.135259500006,False,3
2018-03-26 08:31:00,7786.286001,2018-03-26 08:36:00,7771.8399305,Long,7771.8399305,7851.293318250001,SL,-14.446070500000133,-0.18553223575585087,7769.651132,7774.028729,7771.8399305,-101.31081099999483,9898.689189000004,False,3
2018-03-27 08:31:00,7945.630535,2018-03-27 09:14:00,7905.575521999999,Short,7954.5316490000005,7905.575521999999,TP,40.055013000001054,0.5041137115998694,7951.467331,7957.595967,7954.5316490000005,-61.255797999993774,9938.744202000005,True,4
2018-04-04 08:31:00,7431.116958,2018-04-04 10:20:00,7518.450019499996,Long,7411.709611,7518.450019499996,TP,87.3330614999968,1.1752346517164964,7409.812652,7413.60657,7411.709611,26.077263500003028,10026.077263500003,True,4
2018-04-05 08:31:00,7730.836438,2018-04-05 08:32:00,7741.0508310000005,Short,7741.0508310000005,7684.871669499999,SL,-10.2143930000002,-0.1321253279889945,7738.132433,7743.969229,7741.0508310000005,15.862870500002828,10015.862870500003,False,5
2018-04-11 08:31:00,7714.493409,2018-04-11 08:41:00,7698.879978999999,Long,7698.879978999999,7784.753844000001,SL,-15.613430000000335,-0.20239086576683257,7694.648302,7703.111656,7698.879978999999,0.24944050000249263,10000.249440500003,False,5
2018-04-17 08:31:00,7871.795064,2018-04-17 08:35:00,7878.0696195,Short,7878.0696195,7843.559564249999,SL,-6.274555500000133,-0.07970933502442784,7876.172661,7879.966578,7878.0696195,-6.0251149999976406,9993.974885000003,False,5
2018-04-23 08:31:00,7815.761821,2018-04-23 08:32:00,7821.8904575,Short,7821.8904575,7788.182956750002,SL,-6.1286364999996295,-0.0784138084087047,7821.306778,7822.474137,7821.8904575,-12.15375149999727,9987.846248500002,False,5
2018-04-26 08:31:00,7702.819817,2018-04-26 08:32:00,7707.343334,Short,7707.343334,7682.463990499997,SL,-4.523517000000538,-0.05872546817228165,7706.030055,7708.656613,7707.343334,-16.67726849999781,9983.322731500002,False,5
2018-05-02 08:31:00,7806.422948,2018-05-02 08:53:00,7818.0965395,Short,7818.0965395,7753.89178625,SL,-11.67359149999993,-0.1495382914525621,7816.92918,7819.263899,7818.0965395,-28.350859999997738,9971.649140000001,False,5
2018-05-09 08:31:00,7968.685879,2018-05-09 08:32:00,7974.960435,Short,7974.960435,7940.450376999998,SL,-6.2745560000003024,-0.07874015986168731,7973.938996,7975.981874,7974.960435,-34.62541599999804,9965.374584000001,False,5
2018-05-11 08:31:00,8119.858898,2018-05-11 08:32:00,8119.712978,Long,8119.712978,8120.515538000004,SL,-0.14592000000084226,-0.0017970755629359986,8119.567058,8119.858898,8119.712978,-34.77133599999888,9965.228664000002,False,5
2018-05-14 08:31:00,8149.334719,2018-05-14 08:35:00,8144.6652815,Long,8144.6652815,8170.347187750003,SL,-4.66943750000064,-0.05729838889932875,8142.622403,8146.70816,8144.6652815,-39.44077349999952,9960.559226500001,False,5
2018-05-21 08:31:00,8100.889311,2018-05-21 10:13:00,8088.1942794999995,Long,8088.1942794999995,8158.016952750002,SL,-12.695031500000368,-0.15671157835426902,8085.713641,8090.674918,8088.1942794999995,-52.13580499999989,9947.864195,False,5
2018-05-23 08:31:00,8004.290335,2018-05-23 09:09:00,8039.748867999999,Long,7996.410661,8039.748867999999,TP,35.45853299999908,0.44299408836972276,7994.951462,7997.86986,7996.410661,-16.677272000000812,9983.322728,True,6
2018-05-25 08:31:00,8130.365131,2018-05-25 08:32:00,8124.674255,Long,8124.674255,8155.974072999998,SL,-5.690875999999662,-0.06999533118507936,8121.318097,8128.030413,8124.674255,-22.368148000000474,9977.631851999999,False,7
2018-05-28 08:31:00,8143.497922,2018-05-28 08:32:00,8142.0387235,Long,8142.0387235,8150.064315249998,SL,-1.4591984999997294,-0.017918571527569788,8141.746884,8142.330563,8142.0387235,-23.827346500000203,9976.1726535,False,7
2018-05-29 08:31:00,8097.095393,2018-05-29 08:32:00,8092.5718765,Long,8092.5718765,8117.451217249997,SL,-4.5235164999994595,-0.055865915867930535,8091.550437,8093.593316,8092.5718765,-28.350862999999663,9971.649137,False,7
2018-06-04 08:31:00,8297.00566,2018-06-04 08:33:00,8306.855255500006,Long,8294.816861,8306.855255500006,TP,9.849595500005307,0.11871265253548478,8293.211742,8296.42198,8294.816861,-18.501267499994356,9981.498732500006,True,8
2018-06-06 08:31:00,8384.265762,2018-06-06 08:32:00,8382.368803,Long,8382.368803,8392.802077500008,SL,-1.896959000001516,-0.022625225080520485,8381.055524,8383.682082,8382.368803,-20.39822649999587,9979.601773500004,False,9
2018-06-08 08:31:00,8314.017525,2018-06-08 08:33:00,8310.3814885,Long,8310.3814885,8330.37968925,SL,-3.6360365000000456,-0.043733808463436524,8308.490749,8312.272228,8310.3814885,-24.034262999995917,9975.965737000004,False,9
2018-06-15 08:31:00,8457.131955,2018-06-15 08:35:00,8468.912715999999,Short,8468.912715999999,8404.118530500009,SL,-11.780760999998165,-0.13929971842325553,8464.40403,8473.421402,8468.912715999999,-35.81502399999408,9964.184976000006,False,9
2018-06-18 08:31:00,8401.864187,2018-06-18 08:44:00,8409.427145,Short,8409.427145,8367.830875999996,SL,-7.562958000000435,-0.09001523747196982,8406.518315,8412.335975,8409.427145,-43.37798199999452,9956.622018000005,False,9
2018-06-19 08:31:00,8375.975602,2018-06-19 09:00:00,8359.831596,Long,8359.831596,8448.623629000002,SL,-16.144006000000445,-0.19274179829446506,8355.904676,8363.758516,8359.831596,-59.52198799999496,9940.478012000005,False,9
2018-06-20 08:31:00,8483.020541,2018-06-20 08:32:00,8478.07553,Long,8478.07553,8505.273090499999,SL,-4.945010999999795,-0.058293045220150615,8477.202881,8478.948179,8478.07553,-64.46699899999476,9935.533001000005,False,9
2018-06-22 08:31:00,8438.515444,2018-06-22 09:25:00,8386.156508499997,Short,8450.150763000001,8386.156508499997,TP,52.35893550000401,0.6204756730904907,8446.369284,8453.932242,8450.150763000001,-12.108063499990749,9987.89193650001,True,10
2018-06-25 08:31:00,8322.162249,2018-06-25 08:32:00,8329.434324,Short,8329.434324,8289.437911500005,SL,-7.272074999998949,-0.08738203825421414,8328.852558,8330.01609,8329.434324,-19.380138499989698,9980.61986150001,False,11
2018-06-29 08:31:00,8252.641215,2018-06-29 09:55:00,8282.747600999995,Long,8245.950907,8282.747600999995,TP,30.106385999995837,0.3648090982711628,8244.787375,8247.114439,8245.950907,10.726247500006139,10010.726247500006,True,12
2018-07-03 08:31:00,8300.346025,2018-07-03 08:40:00,8267.621687500006,Short,8307.6181,8267.621687500006,TP,32.72433749999436,0.39425269020630205,8305.291036,8309.945164,8307.6181,43.4505850000005,10043.450585,True,12
2018-07-17 08:31:00,8503.964116,2018-07-17 08:55:00,8539.3064005,Long,8496.110275,8539.3064005,TP,35.34228450000046,0.4155977614428643,8490.583498,8501.637052,8496.110275,78.79286950000096,10078.792869500001,True,12
2018-07-19 08:31:00,8599.664618,2018-07-19 08:50:00,8589.192831,Long,8589.192831,8646.787659500002,SL,-10.471787000000404,-0.12176971388025826,8586.865767,8591.519895,8589.192831,68.32108250000056,10068.3210825,False,13
2018-07-23 08:31:00,8554.868638,2018-07-23 08:35:00,8546.433032,Long,8546.433032,8592.828864999996,SL,-8.435605999999098,-0.09860590918402712,8541.778904,8551.08716,8546.433032,59.88547650000146,10059.885476500001,False,13
2018-07-24 08:31:00,8685.475099,2018-07-24 08:32:00,8684.4570095,Long,8684.4570095,8690.056501749998,SL,-1.0180894999994052,-0.011721747957306594,8684.311568,8684.602451,8684.4570095,58.867387000002054,10058.867387000002,False,13
2018-07-25 08:31:00,8637.77029,2018-07-25 08:34:00,8650.205538249998,Long,8635.0069015,8650.205538249998,TP,12.43524824999804,0.14396363682412813,8634.570577,8635.443226,8635.0069015,71.3026352500001,10071.30263525,True,14
2018-07-26 08:31:00,8650.569141,2018-07-26 08:37:00,8636.8976405,Long,8636.8976405,8712.090893250002,SL,-13.671500500000548,-0.15804163029231774,8631.661747,8642.133534,8636.8976405,57.631134749999546,10057.63113475,False,15
2018-07-31 08:31:00,8427.752773,2018-07-31 08:47:00,8416.5537785,Long,8416.5537785,8478.148248250003,SL,-11.198994500000481,-0.13288233294975987,8412.917741,8420.189816,8416.5537785,46.432140249999065,10046.432140249999,False,15
2018-08-06 08:31:00,8601.700799,2018-08-06 08:33:00,8606.2094855,Short,8606.2094855,8581.411709750002,SL,-4.508686499999385,-0.052416220993452216,8605.191395,8607.227576,8606.2094855,41.92345374999968,10041.92345375,False,15
2018-08-17 08:31:00,8560.395415,2018-08-17 08:32:00,8565.1949845,Short,8565.1949845,8538.797352250005,SL,-4.799569499999052,-0.05606714722066436,8564.75866,8565.631309,8565.1949845,37.12388425000063,10037.12388425,False,15
2018-08-20 08:31:00,8613.336119,2018-08-20 08:33:00,8601.555357499998,Short,8615.954066,8601.555357499998,TP,11.780761500001972,0.13677350259227672,8615.663183,8616.244949,8615.954066,48.9046457500026,10048.904645750003,True,16
2018-08-23 08:31:00,8640.388237,2018-08-23 08:33:00,8648.896564749994,Long,8638.4974975,8648.896564749994,TP,8.50832774999435,0.09847159081995717,8636.897641,8640.097354,8638.4974975,57.41297349999695,10057.412973499997,True,16
2018-08-24 08:31:00,8670.93095,2018-08-24 08:32:00,8668.894769,Long,8668.894769,8680.093764499998,SL,-2.0361809999994875,-0.023482841827952596,8667.149471,8670.640067,8668.894769,55.376792499997464,10055.376792499997,False,17
2018-08-27 08:31:00,8768.667634,2018-08-27 08:33:00,8765.904245500002,Long,8765.904245500002,8781.10288224999,SL,-2.7633884999977454,-0.031514348762437604,8764.304389,8767.504102,8765.904245500002,52.61340399999972,10052.613404,False,17
2018-08-30 08:31:00,8910.618531,2018-08-30 08:38:00,8903.201015499999,Long,8903.201015499999,8943.997350750005,SL,-7.417515500001173,-0.08324355345474246,8903.055574,8903.346457,8903.201015499999,45.195888499998546,10045.195888499999,False,17
2018-08-31 08:31:00,8902.182925,2018-08-31 09:15:00,8936.870722749996,Long,8894.4745255,8936.870722749996,TP,34.68779774999712,0.3896549648803933,8891.711137,8897.237914,8894.4745255,79.88368624999566,10079.883686249996,True,18
2018-09-07 08:31:00,8629.334683,2018-09-07 08:32:00,8621.626284,Long,8621.626284,8664.022478499995,SL,-7.70839899999919,-0.0893278483587492,8618.28113,8624.971438,8621.626284,72.17528724999647,10072.175287249996,False,19
2018-09-12 08:31:00,8720.381058,2018-09-12 08:32:00,8723.1444465,Short,8723.1444465,8707.945809750003,SL,-2.7633884999995644,-0.03168885031078379,8720.381058,8725.907835,8723.1444465,69.41189874999691,10069.411898749997,False,19
2018-09-14 08:31:00,8803.177142,2018-09-14 08:36:00,8811.5826515,Short,8811.5826515,8765.352349249999,SL,-8.405509500000335,-0.09548268045064785,8810.423271,8812.742032,8811.5826515,61.00638924999657,10061.006389249997,False,19
2018-09-19 08:31:00,8738.251826,2018-09-19 08:37:00,8728.252167999999,Long,8728.252167999999,8783.250287000003,SL,-9.999658000000636,-0.11443545229776302,8727.527555,8728.976781,8728.252167999999,51.00673124999594,10051.006731249996,False,19
2018-09-24 08:31:00,8691.586756,2018-09-24 08:42:00,8700.716878,Short,8700.716878,8650.501207000007,SL,-9.130121999998664,-0.10504551420022279,8700.28211,8701.151646,8700.716878,41.87660924999727,10041.876609249997,False,19
2018-09-26 08:31:00,8820.567851,2018-09-26 08:39:00,8810.278348,Long,8810.278348,8866.8706145,SL,-10.289502999999968,-0.11665352133574294,8808.104509,8812.452187,8810.278348,31.587106249997305,10031.587106249997,False,19
2018-09-28 08:31:00,8861.725863,2018-09-28 08:35:00,8856.7984955,Long,8856.7984955,8883.899016750001,SL,-4.9273675000004005,-0.055602797651114845,8853.900044,8859.696947,8856.7984955,26.659738749996905,10026.659738749997,False,19
2018-10-17 08:31:00,8476.811494,2018-10-17 09:02:00,8408.987728000004,Short,8491.883441999998,8408.987728000004,TP,67.82376599999589,0.800109404910118,8488.115455,8495.651429,8491.883441999998,94.48350474999279,10094.483504749993,True,20
2018-10-25 08:31:00,8018.276453,2018-10-25 08:32:00,8010.595557000001,Long,8010.595557000001,8052.840485,SL,-7.680895999999848,-0.09579235693633482,8009.870944,8011.32017,8010.595557000001,86.80260874999294,10086.802608749993,False,21
2018-10-26 08:31:00,7911.32359,2018-10-26 08:32:00,7889.7301255,Long,7889.7301255,8008.494180249999,SL,-21.593464499999754,-0.27294376540600784,7877.121861,7902.33839,7889.7301255,65.20914424999319,10065.209144249993,False,21
2018-10-31 08:31:00,8043.203137,2018-10-31 08:33:00,8038.710537,Long,8038.710537,8063.419837000003,SL,-4.492600000000493,-0.05585585647257653,8037.696079,8039.724995,8038.710537,60.716544249992694,10060.716544249994,False,21
2018-11-01 08:31:00,8113.925356,2018-11-01 08:32:00,8107.983529499999,Long,8107.983529499999,8140.6635752500015,SL,-5.9418265000003885,-0.07322998720473302,8107.838607,8108.128452,8107.983529499999,54.774717749992305,10054.774717749991,False,21
2018-11-05 08:31:00,8045.811743,2018-11-05 15:59:00,8056.536014,Short,8072.7673435,7924.5115407500025,EOD,-10.724271000000044,-0.13329010598999352,8066.100905,8079.433782,8072.7673435,44.05044674999226,10044.050446749992,False,21
2018-11-06 08:31:00,8072.767343,2018-11-06 13:25:00,8049.434808,Long,8049.434808,8177.763750500002,SL,-23.332535000000462,-0.289027715139498,8048.42035,8050.449266,8049.434808,20.7179117499918,10020.71791174999,False,21
2018-11-09 08:31:00,8239.718154,2018-11-09 08:32:00,8236.384935,Long,8236.384935,8254.7176395,SL,-3.333219000000099,-0.040453070574774166,8235.370477,8237.399393,8236.384935,17.3846927499917,10017.38469274999,False,21
2018-11-13 08:31:00,7990.741163,2018-11-13 08:56:00,7967.698473500001,Long,7967.698473500001,8094.433265749996,SL,-23.042689499999142,-0.2883673620501571,7959.148041,7976.248906,7967.698473500001,-5.657996750007442,9994.342003249993,False,21
2018-11-23 08:31:00,7595.972058,2018-11-23 11:58:00,7576.8422775,Long,7576.8422775,7682.056070250002,SL,-19.12978050000038,-0.25184111202532783,7572.784445,7580.90011,7576.8422775,-24.78777725000782,9975.212222749993,False,21
2018-12-12 08:31:00,7880.310158,2018-12-12 08:32:00,7889.295357999999,Short,7889.295357999999,7839.876758000004,SL,-8.985199999999168,-0.11402089283094392,7888.135977,7890.454739,7889.295357999999,-33.77297725000699,9966.227022749994,False,21
2018-12-14 08:31:00,7744.968193,2018-12-14 08:32:00,7749.4433850000005,Short,7749.4433850000005,7724.829828999997,SL,-4.4751920000007885,-0.05778192871141193,7748.144136,7750.742634,7749.4433850000005,-38.24816925000778,9961.751830749992,False,21
2018-12-24 08:31:00,6978.122507,2018-12-24 08:36:00,6961.5209915,Long,6961.5209915,7052.829326750002,SL,-16.60151550000046,-0.23790805454256353,6955.60219,6967.439793,6961.5209915,-54.84968475000824,9945.150315249992,False,21
2018-12-26 08:31:00,6931.060818,2018-12-26 09:04:00,6906.9525295,Long,6906.9525295,7039.548116249998,SL,-24.108288499999617,-0.34782970649154127,6902.477338,6911.427721,6906.9525295,-78.95797325000785,9921.042026749992,False,21
2019-01-02 08:31:00,7196.107633,2019-01-02 09:15:00,7284.456573999996,Long,7176.474535,7284.456573999996,TP,88.34894099999656,1.227732345120088,7175.319647,7177.629423,7176.474535,9.390967749988704,10009.390967749989,True,22
2019-01-03 08:31:00,7271.46408,2019-01-03 08:35:00,7259.6264775,Long,7259.6264775,7324.733291249999,SL,-11.837602499999775,-0.162795310129618,7253.852037,7265.400918,7259.6264775,-2.4466347500110714,9997.553365249989,False,23
2019-01-21 08:31:00,7807.043428,2019-01-21 11:57:00,7812.817868,Short,7812.817868,7781.058448,SL,-5.774440000000141,-0.07396449184963007,7811.085536,7814.5502,7812.817868,-8.221074750011212,9991.77892524999,False,23
2019-01-25 08:31:00,7787.699052,2019-01-25 08:48:00,7804.1562075,Short,7804.1562075,7713.641852249999,SL,-16.457155500000226,-0.21132243798986783,7803.001319,7805.311096,7804.1562075,-24.67823025001144,9975.32176974999,False,23
2019-01-31 08:31:00,7919.645016,2019-01-31 08:32:00,7912.282604,Long,7912.282604,7952.775870000002,SL,-7.362412000000404,-0.0929639142300719,7910.405911,7914.159297,7912.282604,-32.04064225001184,9967.959357749987,False,23
2019-02-06 08:31:00,8124.348928,2019-02-06 08:32:00,8119.2962925,Long,8119.2962925,8147.085787750001,SL,-5.052635500000179,-0.062191266583672,8116.842155,8121.75043,8119.2962925,-37.09327775001202,9962.906722249987,False,23
2019-02-07 08:31:00,8002.796957,2019-02-07 08:33:00,8009.870647,Short,8009.870647,7970.965351999999,SL,-7.07369000000017,-0.08839022204371753,8004.818012,8014.923282,8009.870647,-44.16696775001219,9955.833032249988,False,23
2019-02-08 08:31:00,7922.243514,2019-02-08 08:46:00,7912.138242999999,Long,7912.138242999999,7967.717233500001,SL,-10.105271000000357,-0.1275556726089341,7909.251023,7915.025463,7912.138242999999,-54.27223875001255,9945.727761249987,False,23
2019-02-12 08:31:00,8033.401492,2019-02-12 08:33:00,8041.341347,Short,8041.341347,7997.672144500002,SL,-7.939854999999625,-0.09883553072638618,8041.196986,8041.485708,8041.341347,-62.21209375001217,9937.787906249989,False,23
2019-02-15 08:31:00,8170.255729,2019-02-15 08:50:00,8134.526377000005,Short,8178.1955849999995,8134.526377000005,TP,35.72935199999574,0.43731008165602225,8177.185058,8179.206112,8178.1955849999995,-26.48274175001643,9973.517258249984,True,24
2019-02-19 08:31:00,8137.918863,2019-02-19 09:12:00,8168.451219,Long,8131.133895,8168.451219,TP,30.53235599999971,0.37518629165521217,8130.123368,8132.144422,8131.133895,4.049614249983279,10004.049614249983,True,24
2019-02-20 08:31:00,8182.093332,2019-02-20 08:32:00,8176.6076140000005,Long,8176.6076140000005,8206.779063,SL,-5.485717999999906,-0.06704540974307119,8176.03017,8177.185058,8176.6076140000005,-1.4361037500166276,9998.563896249983,False,25
2019-02-27 08:31:00,8204.902372,2019-02-27 08:52:00,8199.561013999999,Long,8199.561013999999,8228.938483000007,SL,-5.341358000001492,-0.06509959238795306,8196.240711,8202.881317,8199.561013999999,-6.777461750018119,9993.222538249982,False,25
2019-02-28 08:31:00,8204.324928,2019-02-28 08:36:00,8200.571541,Long,8200.571541,8221.215169500003,SL,-3.7533870000006573,-0.04574888285068976,8199.705375,8201.437707,8200.571541,-10.530848750018777,9989.469151249981,False,25
2019-03-04 08:31:00,8314.616739,2019-03-04 08:51:00,8311.296436,Long,8311.296436,8329.558102499992,SL,-3.320302999998603,-0.03993332590334087,8308.842299,8313.750573,8311.296436,-13.85115175001738,9986.148848249983,False,25
2019-03-11 08:31:00,8149.35878,2019-03-11 08:53:00,8191.416922999995,Long,8140.012526,8191.416922999995,TP,42.05814299999565,0.5160914390370681,8137.280544,8142.744508,8140.012526,28.206991249978273,10028.20699124998,True,26
2019-03-18 08:31:00,8447.288616,2019-03-18 09:00:00,8478.34693875,Long,8440.3867665,8478.34693875,TP,31.058322750001025,0.3676720917428285,8438.948881,8441.824652,8440.3867665,59.2653139999793,10059.265313999978,True,26
2019-03-19 08:31:00,8507.679799,2019-03-19 08:39:00,8499.6276415,Long,8499.6276415,8543.91450775,SL,-8.052157500000249,-0.09464575172359808,8497.327025,8501.928258,8499.6276415,51.21315649997905,10051.21315649998,False,27
2019-03-21 08:31:00,8511.130724,2019-03-21 08:41:00,8546.718386749995,Long,8503.222354500002,8546.718386749995,TP,35.587662749994706,0.4181308442325213,8499.052487,8507.392222,8503.222354500002,86.80081924997376,10086.800819249973,True,28
2019-03-22 08:31:00,8627.02428,2019-03-22 08:45:00,8621.7041045,Long,8621.7041045,8650.965069749996,SL,-5.320175499999095,-0.061668720607786394,8620.697585,8622.710624,8621.7041045,81.48064374997466,10081.480643749976,False,29
2019-03-27 08:31:00,8508.830107,2019-03-27 08:37:00,8500.4903725,Long,8500.4903725,8546.358912249998,SL,-8.339734499999395,-0.09801270439209389,8497.327025,8503.65372,8500.4903725,73.14090924997527,10073.140909249974,False,29
2019-03-28 08:31:00,8456.491082,2019-03-28 08:32:00,8453.183946000001,Long,8453.183946000001,8471.373193999998,SL,-3.3071359999994456,-0.03910766259824745,8452.465003,8453.902889,8453.183946000001,69.83377324997582,10069.833773249975,False,29
2019-04-02 08:31:00,8623.860932,2019-04-02 08:37:00,8630.762782000002,Short,8630.762782000002,8592.80260699999,SL,-6.901850000002014,-0.08003201877237802,8630.475205,8631.050359,8630.762782000002,62.931923249973806,10062.931923249973,False,29
2019-04-03 08:31:00,8697.193083,2019-04-03 08:40:00,8701.219161500001,Short,8701.219161500001,8679.075729749995,SL,-4.026078500000949,-0.046291699650437085,8698.918545,8703.519778,8701.219161500001,58.90584474997286,10058.905844749974,False,29
2019-04-11 08:31:00,8782.315893,2019-04-11 15:59:00,8765.348847,Short,8791.8059365,8739.610697250002,EOD,16.967046000001574,0.19319557855491468,8789.217743,8794.39413,8791.8059365,75.87289074997443,10075.872890749975,True,30
2019-04-15 08:31:00,8803.309019,2019-04-15 08:32:00,8800.433248000001,Long,8800.433248000001,8816.249988499996,SL,-2.8757709999990766,-0.03266693232956334,8800.145671,8800.720825,8800.433248000001,72.99711974997535,10072.997119749976,False,31
2019-04-16 08:31:00,8824.877299,2019-04-16 08:32:00,8828.6158,Short,8828.6158,8808.0540445,SL,-3.7385009999998147,-0.042363206573120815,8828.328223,8828.903377,8828.6158,69.25861874997554,10069.258618749976,False,31
2019-04-18 08:31:00,8863.412625,2019-04-18 09:25:00,8822.648578499997,Short,8872.471302000002,8822.648578499997,TP,40.76404650000404,0.4599136723593983,8870.889628,8874.052976,8872.471302000002,110.02266524997958,10110.02266524998,True,32
2019-04-23 08:31:00,8907.987069,2019-04-23 08:36:00,8913.307245,Short,8913.307245,8884.046277000005,SL,-5.320175999999265,-0.05972366101106724,8912.875879,8913.738611,8913.307245,104.70248924998032,10104.70248924998,False,33
2019-04-30 08:31:00,8956.87517,2019-04-30 08:32:00,8960.901248999999,Short,8960.901248999999,8938.757814500002,SL,-4.026078999999299,-0.044949593732021384,8960.038518,8961.76398,8960.901248999999,100.67641024998102,10100.67641024998,False,33
2019-05-03 08:31:00,8958.025478,2019-05-03 08:32:00,8965.358693,Short,8965.358693,8925.026010499998,SL,-7.333215000000564,-0.08186195739239853,8963.489442,8967.227944,8965.358693,93.34319524998045,10093.343195249981,False,33
2019-05-06 08:31:00,8864.85051,2019-05-06 09:21:00,8936.025831000006,Long,8849.033771999999,8936.025831000006,TP,71.17532100000608,0.8028936406735422,8848.746195,8849.321349,8849.033771999999,164.51851624998653,10164.518516249987,True,34
2019-05-07 08:31:00,8900.222489,2019-05-07 08:47:00,8883.8305965,Long,8883.8305965,8973.986005249999,SL,-16.391892499999813,-0.1841739632942766,8881.242403,8886.41879,8883.8305965,148.12662374998672,10148.126623749988,False,35
2019-05-08 08:31:00,8787.49228,2019-05-08 08:32:00,8779.4401225,Long,8779.4401225,8823.72698875,SL,-8.052157500000249,-0.09163202929152671,8776.851929,8782.028316,8779.4401225,140.07446624998647,10140.074466249986,False,35
2019-05-09 08:31:00,8696.905506,2019-05-09 08:34:00,8686.2651545,Long,8686.2651545,8744.787087749992,SL,-10.64035149999836,-0.12234640807190071,8685.402423,8687.127886,8686.2651545,129.4341147499881,10129.434114749987,False,35
2019-05-13 08:31:00,8546.502703,2019-05-13 08:32:00,8532.267638000001,Long,8532.267638000001,8610.560495499994,SL,-14.23506499999894,-0.16656011815221372,8524.646846,8539.88843,8532.267638000001,115.19904974998917,10115.19904974999,False,35
2019-05-17 08:31:00,8666.422337,2019-05-17 09:56:00,8747.95043225,Long,8648.3049825,8747.95043225,TP,81.52809524999975,0.9407353124475332,8647.154674,8649.455291,8648.3049825,196.72714499998892,10196.72714499999,True,36
2019-05-21 08:31:00,8581.01195,2019-05-21 08:33:00,8572.097061,Long,8572.097061,8621.128950499999,SL,-8.914888999999675,-0.10389088200721683,8571.809484,8572.384638,8572.097061,187.81225599998925,10187.81225599999,False,37
2019-05-22 08:31:00,8549.953627,2019-05-22 09:15:00,8594.599965250003,Long,8540.0322185,8594.599965250003,TP,44.64633825000237,0.5221822269189059,8536.725082,8543.339355,8540.0322185,232.45859424999162,10232.45859424999,True,38
2019-05-24 08:31:00,8476.909054,2019-05-24 08:49:00,8466.987645000001,Long,8466.987645000001,8521.555394499994,SL,-9.921408999998675,-0.11704040867722959,8462.817778,8471.157512,8466.987645000001,222.53718524999294,10222.537185249992,False,39
2019-05-27 08:31:00,8416.805448,2019-05-27 08:32:00,8415.655139499999,Long,8415.655139499999,8421.981836250001,SL,-1.150308500000392,-0.013666806332962448,8414.792408,8416.517871,8415.655139499999,221.38687674999255,10221.386876749992,False,39
2019-05-28 08:31:00,8439.524036,2019-05-28 08:35:00,8462.170731500002,Long,8434.491437,8462.170731500002,TP,22.646695500001442,0.2683409088403412,8433.772494,8435.21038,8434.491437,244.033572249994,10244.033572249995,True,40
2019-05-30 08:31:00,8338.872064,2019-05-30 09:52:00,8333.120522500001,Long,8333.120522500001,8364.75400074999,SL,-5.751541499997984,-0.06897265548452458,8330.819906,8335.421139,8333.120522500001,238.282030749996,10238.282030749997,False,41
2019-06-03 08:31:00,8200.547497,2019-06-03 08:33:00,8188.900626000001,Long,8188.900626000001,8252.958416499994,SL,-11.64687099999901,-0.142025529444952,8186.743798,8191.057454,8188.900626000001,226.635159749997,10226.635159749996,False,41
2019-06-10 08:31:00,8607.46904,2019-06-10 09:09:00,8659.879959500004,Long,8595.822169,8659.879959500004,TP,52.41091950000373,0.6089004707010103,8594.240495,8597.403843,8595.822169,279.04607925000073,10279.046079250002,True,42
2019-06-11 08:31:00,8740.042065,2019-06-11 08:34:00,8730.8395995,Long,8730.8395995,8781.453159750003,SL,-9.202465500000471,-0.10529086051945073,8729.114137,8732.565062,8730.8395995,269.84361375000026,10269.84361375,False,43
2019-06-17 08:31:00,8628.780798,2019-06-17 08:32:00,8627.921072500001,Long,8627.921072500001,8632.649562749993,SL,-0.8597254999986035,-0.009963464365647958,8627.347922,8628.494223,8627.921072500001,268.98388825000166,10268.98388825,False,43
2019-06-18 08:31:00,8744.843775,2019-06-18 08:33:00,8754.444046,Short,8754.444046,8701.642555499995,SL,-9.600271000001158,-0.10978207555230063,8750.57528,8758.312812,8754.444046,259.3836172500005,10259.383617250001,False,43
2019-06-20 08:31:00,8932.550564,2019-06-20 09:22:00,8899.021259749989,Short,8940.001520500002,8899.021259749989,TP,33.52930425001068,0.37536092306200447,8938.568644,8941.434397,8940.001520500002,292.9129215000112,10292.91292150001,True,44
2019-06-28 08:31:00,8836.547855,2019-06-28 08:33:00,8829.383474,Long,8829.383474,8868.787569500004,SL,-7.164381000000503,-0.08107669553270928,8828.237173,8830.529775,8829.383474,285.7485405000107,10285.748540500012,False,45
2019-07-04 08:31:00,9051.479293,2019-07-04 08:34:00,9052.482306499998,Short,9052.482306499998,9046.96573225001,SL,-1.0030134999979055,-0.01108121078919763,9052.339019,9052.625594,9052.482306499998,284.74552700001277,10284.745527000014,False,45
2019-07-05 08:31:00,8982.987808,2019-07-05 08:32:00,8979.119042499999,Long,8979.119042499999,9000.397252750005,SL,-3.8687655000012455,-0.04306769176014945,8976.396578,8981.841507,8979.119042499999,280.8767615000115,10280.87676150001,False,45
2019-07-08 08:31:00,8946.592751,2019-07-08 14:15:00,8956.909459999999,Short,8956.909459999999,8900.167560500005,SL,-10.31670899999881,-0.115314391602833,8954.616858,8959.202062,8956.909459999999,270.5600525000127,10270.560052500012,False,45
2019-07-10 08:31:00,9063.228878,2019-07-10 08:48:00,9101.271740750002,Long,9054.7749085,9101.271740750002,TP,38.042862750002314,0.4197495535211211,9052.052444,9057.497373,9054.7749085,308.60291525001503,10308.602915250016,True,46
2019-07-19 08:31:00,9126.275434,2019-07-19 09:49:00,9078.560655999996,Short,9136.878718,9078.560655999996,TP,47.71477800000321,0.5228285990826168,9133.72639,9140.031046,9136.878718,356.31769325001824,10356.317693250017,True,46
2019-07-23 08:31:00,9121.403654,2019-07-23 08:37:00,9111.08694275,Short,9123.6962565,9111.08694275,TP,10.316711249999571,0.1131044260438512,9122.836531,9124.555982,9123.6962565,366.6344045000178,10366.634404500019,True,46
2019-07-24 08:31:00,9110.22722,2019-07-24 08:46:00,9135.374198750003,Long,9104.6390025,9135.374198750003,TP,25.146978750002745,0.2760302036682104,9104.495715,9104.78229,9104.6390025,391.78138325002055,10391.781383250021,True,46
2019-07-25 08:31:00,9159.518163,2019-07-25 08:32:00,9164.676517,Short,9164.676517,9136.305570000004,SL,-5.158353999999235,-0.056316870693444085,9164.389942,9164.963092,9164.676517,386.6230292500213,10386.623029250022,False,47
2019-07-30 08:31:00,9107.074892,2019-07-30 08:32:00,9102.6329755,Long,9102.6329755,9127.06351625,SL,-4.441916499999934,-0.04877434909316362,9101.916537,9103.349414,9102.6329755,382.1811127500214,10382.181112750022,False,47
2019-07-31 08:31:00,9145.762551,2019-07-31 08:43:00,9151.9239185,Short,9151.9239185,9118.036397249996,SL,-6.161367500000779,-0.06736854872016214,9149.774604,9154.073233,9151.9239185,376.0197452500206,10376.019745250022,False,47
2019-08-01 08:31:00,9050.906143,2019-08-01 09:27:00,9130.860639999999,Long,9033.138477,9130.860639999999,TP,79.95449699999881,0.8833866547366185,9024.827795,9041.449159,9033.138477,455.9742422500194,10455.97424225002,True,48
2019-08-02 08:31:00,8877.528116,2019-08-02 08:32:00,8887.844825,Short,8887.844825,8831.102925499996,SL,-10.316709000000628,-0.11621150465754976,8882.973046,8892.716604,8887.844825,445.6575332500188,10445.657533250018,False,49
2019-08-06 08:31:00,8616.458063,2019-08-06 08:46:00,8594.9649185,Long,8594.9649185,8713.177213250001,SL,-21.4931445000002,-0.24944291892157033,8590.952865,8598.976972,8594.9649185,424.1643887500186,10424.164388750018,False,49
2019-08-09 08:31:00,8822.505668,2019-08-09 08:32:00,8819.35334,Long,8819.35334,8836.691144,SL,-3.152328000000125,-0.03573052960944978,8819.066765,8819.639915,8819.35334,421.01206075001846,10421.012060750018,False,49
2019-08-19 08:31:00,8854.315521,2019-08-19 08:35:00,8865.921822,Long,8851.736343,8865.921822,TP,11.606300999999803,0.13108072524039663,8849.443741,8854.028945,8851.736343,432.61836175001827,10432.618361750017,True,50
2019-08-23 08:31:00,8790.98239,2019-08-23 08:32:00,8786.6837615,Long,8786.6837615,8810.326218249993,SL,-4.298628499998813,-0.04889815846848503,8786.397186,8786.970337,8786.6837615,428.31973325001945,10428.31973325002,False,51
2019-09-03 08:31:00,8750.002129,2019-09-03 08:32:00,8754.157470499998,Short,8754.157470499998,8731.30309225001,SL,-4.1553414999980305,-0.04748960558793517,8753.727608,8754.587333,8754.157470499998,424.1643917500214,10424.164391750022,False,51
2019-09-05 08:31:00,8955.476584,2019-09-05 08:45:00,8976.75479575,Long,8950.7480925,8976.75479575,TP,21.278211749999173,0.23759999314849609,8950.031654,8951.464531,8950.7480925,445.4426035000206,10445.442603500022,True,52
2019-09-06 08:31:00,9015.084236,2019-09-06 09:49:00,9025.257657499998,Short,9025.257657499998,8969.30383925001,SL,-10.173421499997858,-0.1128488789863134,9025.11437,9025.400945,9025.257657499998,435.26918200002274,10435.269182000022,False,53
2019-09-13 08:31:00,9046.320939,2019-09-13 08:42:00,9063.085590499999,Short,9063.085590499999,8970.880007250002,SL,-16.764651499999673,-0.1853201054113041,9060.936276,9065.234905,9063.085590499999,418.50453050002307,10418.504530500024,False,53
2019-09-18 08:31:00,9028.653256,2019-09-18 08:32:00,9032.369221,Short,9032.369221,9011.931413499995,SL,-3.7159650000012334,-0.04115746717298934,9031.797534,9032.940908,9032.369221,414.78856550002183,10414.788565500021,False,53
2019-09-19 08:31:00,9069.814722,2019-09-19 08:37:00,9100.042675499993,Long,9063.097399,9100.042675499993,TP,30.227953499994328,0.33328082685826593,9061.811103,9064.383695,9063.097399,445.01651900001616,10445.016519000015,True,54
2019-10-01 08:31:00,8927.750495,2019-10-01 08:44:00,8958.621592999998,Long,8920.890251,8958.621592999998,TP,30.8710979999978,0.3457880909338495,8918.603503,8923.176999,8920.890251,475.88761700001396,10475.887617000015,True,54
2019-10-02 08:31:00,8735.37781,2019-10-02 08:53:00,8689.714309749997,Short,8745.5252545,8689.714309749997,TP,45.66350025000247,0.5227421325466686,8744.524802,8746.525707,8745.5252545,521.5511172500164,10521.551117250016,True,54
2019-10-03 08:31:00,8647.052164,2019-10-03 08:32:00,8649.4818335,Short,8649.4818335,8636.118651250003,SL,-2.4296694999993633,-0.028098240347325876,8649.338912,8649.624755,8649.4818335,519.1214477500171,10519.121447750018,False,55
2019-10-04 08:31:00,8812.555559,2019-10-04 08:33:00,8792.1177475,Long,8792.1177475,8904.52571075,SL,-20.437811499999953,-0.23191696623265454,8791.688982,8792.546513,8792.1177475,498.6836362500171,10498.683636250018,False,55
2019-10-08 08:31:00,8773.680841,2019-10-08 08:33:00,8783.828285,Short,8783.828285,8728.017343,SL,-10.147444000000178,-0.11565777447226586,8780.826928,8786.829642,8783.828285,488.53619225001694,10488.536192250016,False,55
2019-10-11 08:31:00,8972.91377,2019-10-11 08:37:00,8985.77672524999,Long,8970.055335500001,8985.77672524999,TP,12.8629552499915,0.143353157956309,8968.626118,8971.484553,8970.055335500001,501.39914750000844,10501.399147500008,True,56
2019-10-14 08:31:00,8988.34932,2019-10-14 08:33:00,8978.201875499999,Long,8978.201875499999,9034.012820250002,SL,-10.147444500000347,-0.11289552885334843,8970.341179,8986.062572,8978.201875499999,491.2517030000081,10491.251703000009,False,57
2019-10-16 08:31:00,9054.950859,2019-10-16 08:33:00,9061.954025,Short,9061.954025,9023.436612000007,SL,-7.0031659999986005,-0.0773407399890849,9060.953573,9062.954477,9061.954025,484.2485370000095,10484.24853700001,False,57
2019-10-17 08:31:00,9128.984329,2019-10-17 08:33:00,9127.126346500001,Long,9127.126346500001,9137.34525025,SL,-1.8579824999997072,-0.02035256533519795,9126.983425,9127.269268,9127.126346500001,482.3905545000098,10482.390554500009,False,57
2019-10-22 08:31:00,9125.840051,2019-10-22 08:33:00,9121.695319499999,Long,9121.695319499999,9144.491342750001,SL,-4.144731500000489,-0.045417533912906066,9118.979806,9124.410833,9121.695319499999,478.2458230000093,10478.245823000008,False,57
2019-10-25 08:31:00,9084.678585,2019-10-25 09:22:00,9132.271532249997,Long,9074.1023745,9132.271532249997,TP,47.59294724999745,0.5238814648718522,9068.099661,9080.105088,9074.1023745,525.8387702500067,10525.838770250008,True,58
2019-10-28 08:31:00,9247.895232,2019-10-28 15:59:00,9273.906991,Long,9236.8902565,9297.41762175,EOD,26.011758999999074,0.28127220678270626,9232.459682,9241.320831,9236.8902565,551.8505292500058,10551.850529250005,True,58
2019-10-29 08:31:00,9269.333495,2019-10-29 08:32:00,9267.046747,Long,9267.046747,9279.623861000004,SL,-2.2867480000004434,-0.024670036969043622,9265.331686,9268.761808,9267.046747,549.5637812500054,10549.563781250006,False,59
2019-10-30 08:31:00,9216.166601,2019-10-30 09:03:00,9189.154385750007,Short,9222.1693155,9189.154385750007,TP,27.01221524999346,0.29309599554181776,9220.168411,9224.17022,9222.1693155,576.5759964999988,10576.5759965,True,60
2019-11-01 08:31:00,9287.341637,2019-11-01 08:36:00,9292.6297415,Short,9292.6297415,9263.545166749995,SL,-5.288104500001282,-0.05693883897771039,9292.48682,9292.772663,9292.6297415,571.2878919999976,10571.287891999997,False,61
2019-11-06 08:31:00,9377.954031,2019-11-06 10:44:00,9349.012375499995,Short,9384.38551,9349.012375499995,TP,28.941655500004345,0.3086137488447276,9382.527527,9386.243493,9384.38551,600.2295475000019,10600.229547500003,True,62
2019-11-07 08:31:00,9420.258871,2019-11-07 08:32:00,9422.545619,Short,9422.545619,9409.968504999997,SL,-2.2867480000004434,-0.024274789380153153,9422.259775,9422.831463,9422.545619,597.9427995000015,10597.9427995,False,63
2019-11-11 08:31:00,9396.248016,2019-11-11 08:32:00,9391.102835249996,Short,9397.3913895,9391.102835249996,TP,5.145180750003419,0.05475782185870539,9397.105546,9397.677233,9397.3913895,603.0879802500049,10603.087980250006,True,64
2019-11-12 08:31:00,9440.55376,2019-11-12 08:32:00,9439.553307999999,Long,9439.553307999999,9445.05579400001,SL,-1.000452000002042,-0.010597386821109972,9439.410386,9439.69623,9439.553307999999,602.0875282500028,10602.087528250002,False,65
2019-11-19 08:31:00,9556.892071,2019-11-19 09:03:00,9531.809302750004,Short,9562.4660195,9531.809302750004,TP,25.08276824999666,0.2624573769762379,9562.323098,9562.608941,9562.4660195,627.1702964999995,10627.1702965,True,66
2019-11-25 08:31:00,9522.590849,2019-11-25 15:50:00,9579.831013249996,Long,9509.870812500001,9579.831013249996,TP,57.24016424999536,0.6010986417210852,9503.725177,9516.016448,9509.870812500001,684.4104607499949,10684.410460749994,True,66
2019-11-27 08:31:00,9611.774026,2019-11-27 08:33:00,9616.776287,Short,9616.776287,9589.263851499993,SL,-5.002261000001454,-0.05204305663522945,9616.061678,9617.490896,9616.776287,679.4081997499934,10679.408199749992,False,67
2019-12-02 08:31:00,9600.626129,2019-12-02 08:56:00,9547.888001,Short,9612.345713,9547.888001,TP,52.73812800000087,0.5493196723982217,9608.915591,9615.775835,9612.345713,732.1463277499943,10732.146327749993,True,68
2019-12-03 08:31:00,9371.37963,2019-12-03 08:33:00,9381.098309500001,Short,9381.098309500001,9327.645572249992,SL,-9.718679500001599,-0.10370596308882644,9376.23897,9385.957649,9381.098309500001,722.4276482499927,10722.427648249992,False,69
2019-12-04 08:31:00,9480.286009,2019-12-04 08:36:00,9489.004236,Short,9489.004236,9441.053987499994,SL,-8.718227000001207,-0.091961645373617,9488.861314,9489.147158,9489.004236,713.7094212499915,10713.70942124999,False,69
2019-12-05 08:31:00,9500.866742,2019-12-05 08:36:00,9511.5858735,Short,9511.5858735,9452.630650250001,SL,-10.719131500000003,-0.11282266966880486,9506.583612,9516.588135,9511.5858735,702.9902897499915,10702.990289749992,False,69
2019-12-06 08:31:00,9574.614369,2019-12-06 08:32:00,9573.89976,Long,9573.89976,9577.830109500002,SL,-0.7146090000005643,-0.007463579967400817,9573.470995,9574.328525,9573.89976,702.2756807499909,10702.27568074999,False,69
2019-12-09 08:31:00,9598.911068,2019-12-09 08:41:00,9625.923281,Long,9592.908354,9625.923281,TP,27.012212999999974,0.2814091391059024,9590.621606,9595.195102,9592.908354,729.2878937499909,10729.287893749992,True,70
2019-12-10 08:31:00,9561.751411,2019-12-10 08:38:00,9546.315864250002,Short,9565.181532499999,9546.315864250002,TP,15.43554674999723,0.1614301197188615,9564.324002,9566.039063,9565.181532499999,744.7234404999881,10744.723440499987,True,70
2019-12-11 08:31:00,9570.61256,2019-12-11 08:34:00,9575.614821,Short,9575.614821,9548.102385500002,SL,-5.002260999999635,-0.05226688436753139,9574.614369,9576.615273,9575.614821,739.7211794999885,10739.72117949999,False,71
2019-12-16 08:31:00,9783.945304,2019-12-16 08:48:00,9808.31467375,Long,9778.529888500001,9808.31467375,TP,24.36936974999844,0.24907508160369046,9775.67967,9781.380107,9778.529888500001,764.0905492499869,10764.090549249988,True,72
2019-12-18 08:31:00,9832.113998,2019-12-18 08:40:00,9826.556072,Long,9826.556072,9857.124665000007,SL,-5.557926000001316,-0.05652829087551143,9826.413561,9826.698583,9826.556072,758.5326232499856,10758.532623249987,False,73
2019-12-19 08:31:00,9840.09461,2019-12-19 13:44:00,9877.289962999997,Long,9831.828976,9877.289962999997,TP,37.19535299999734,0.37799792048947933,9827.553648,9836.104304,9831.828976,795.7279762499829,10795.727976249982,True,74
2019-12-23 08:31:00,9948.402916,2019-12-23 08:34:00,9954.103353,Short,9954.103353,9922.750949499994,SL,-5.70043700000133,-0.057300021401760146,9953.533309,9954.673397,9954.103353,790.0275392499816,10790.027539249983,False,75
2019-12-24 08:31:00,9956.098506,2019-12-24 08:32:00,9954.9584185,Long,9954.9584185,9961.22889975,SL,-1.140087499999936,-0.011451147247216038,9954.388375,9955.528462,9954.9584185,788.8874517499817,10788.887451749983,False,75
2019-12-27 08:31:00,10065.261878,2019-12-27 08:33:00,10067.8270745,Short,10067.8270745,10053.718493749991,SL,-2.565196500001548,-0.02548564092116062,10066.972009,10068.68214,10067.8270745,786.3222552499801,10786.32225524998,False,75
2019-12-31 08:31:00,9920.470774,2019-12-31 08:32:00,9923.178482,Short,9923.178482,9908.286088,SL,-2.7077079999999114,-0.02729414824845198,9921.040818,9925.316146,9923.178482,783.6145472499802,10783.614547249981,False,75
2020-01-03 08:31:00,10041.320042,2020-01-03 15:59:00,10046.165413,Long,10013.5304105,10166.373383749999,EOD,4.845371000001251,0.04825432293497703,10005.692309,10021.368512,10013.5304105,788.4599182499815,10788.45991824998,True,76
2020-01-09 08:31:00,10269.907571,2020-01-09 08:36:00,10265.4897325,Long,10265.4897325,10289.787844249997,SL,-4.4178384999995615,-0.04301731509711521,10264.207134,10266.772331,10265.4897325,784.0420797499819,10784.042079749983,False,77
2020-01-10 08:31:00,10298.979801,2020-01-10 08:34:00,10283.588621999992,Short,10302.400063000001,10283.588621999992,TP,15.391179000007469,0.14944372449893564,10301.830019,10302.970107,10302.400063000001,799.4332587499894,10799.433258749988,True,78
2020-01-13 08:31:00,10284.443686,2020-01-13 08:32:00,10281.7359785,Long,10281.7359785,10296.62836975,SL,-2.707707499999742,-0.026328186362532063,10280.738402,10282.733555,10281.7359785,796.7255512499896,10796.72555124999,False,79
2020-01-17 08:31:00,10448.331254,2020-01-17 14:50:00,10458.0219975,Short,10458.0219975,10404.722908250003,SL,-9.690743499999371,-0.09274919855062408,10455.171779,10460.872216,10458.0219975,787.0348077499903,10787.034807749991,False,79
2020-01-21 08:31:00,10446.336101,2020-01-21 08:42:00,10439.353066,Long,10439.353066,10477.759758500006,SL,-6.983035000001109,-0.06684673872720448,10437.500424,10441.205708,10439.353066,780.0517727499891,10780.05177274999,False,79
2020-01-22 08:31:00,10507.045757,2020-01-22 08:32:00,10512.033639,Short,10512.033639,10484.600288000001,SL,-4.987881999999445,-0.04747178336666537,10510.466019,10513.601259,10512.033639,775.0638907499897,10775.063890749989,False,79
2020-01-31 08:31:00,10449.471342,2020-01-31 08:50:00,10388.547923250007,Short,10463.0098795,10388.547923250007,TP,60.92341874999329,0.5830287174923503,10462.012303,10464.007456,10463.0098795,835.987309499983,10835.987309499982,True,80
2020-02-03 08:31:00,10333.467446,2020-02-03 09:00:00,10414.271144750004,Long,10315.5110685,10414.271144750004,TP,80.8036987500036,0.7819611294298124,10308.1005,10322.921637,10315.5110685,916.7910082499866,10916.791008249987,True,80
2020-02-05 08:31:00,10757.864991,2020-02-05 09:26:00,10668.083105999998,Short,10777.816521,10668.083105999998,TP,89.78188500000215,0.8345697317740408,10775.821368,10779.811674,10777.816521,1006.5728932499887,11006.572893249988,True,80
2020-02-06 08:31:00,10698.580445,2020-02-06 08:33:00,10709.4112755,Short,10709.4112755,10649.841707749994,SL,-10.830830500000957,-0.10123614582028743,10706.276035,10712.546516,10709.4112755,995.7420627499878,10995.742062749989,False,81
2020-02-10 08:31:00,10715.396735,2020-02-10 09:09:00,10778.244056750005,Long,10701.4306635,10778.244056750005,TP,62.847321750004994,0.5865141842553064,10698.580445,10704.280882,10701.4306635,1058.5893844999928,11058.589384499992,True,82
2020-02-12 08:31:00,10935.718631,2020-02-12 08:44:00,10927.167975,Long,10927.167975,10974.196582999997,SL,-8.550655999999435,-0.078190160962632,10923.462691,10930.873259,10927.167975,1050.0387284999933,11050.038728499992,False,83
2020-02-20 08:31:00,11074.239253,2020-02-20 08:34:00,11068.538816,Long,11068.538816,11099.891219499998,SL,-5.700436999999511,-0.05147475027194548,11066.258641,11070.818991,11068.538816,1044.3382914999938,11044.338291499993,False,83
2020-02-21 08:31:00,10946.264439,2020-02-21 08:32:00,10938.141316,Long,10938.141316,10982.818492500006,SL,-8.123123000001215,-0.07420908790636986,10936.288674,10939.993958,10938.141316,1036.2151684999926,11036.215168499992,False,83
2020-02-25 08:31:00,10462.297325,2020-02-25 08:32:00,10448.616276,Long,10448.616276,10523.862045499995,SL,-13.681048999998893,-0.13076524758388947,10445.196014,10452.036538,10448.616276,1022.5341194999937,11022.534119499993,False,83
2020-02-28 08:31:00,9393.180337,2020-02-28 08:55:00,9319.217164999998,Long,9319.217164999998,9726.014611000006,SL,-73.96317200000158,-0.7874135207290611,9307.103736,9331.330594,9319.217164999998,948.5709474999921,10948.570947499993,False,83
2020-03-03 08:31:00,10106.020003,2020-03-03 09:00:00,10143.2153555,Short,10143.2153555,9938.640916749995,SL,-37.19535250000081,-0.3680514434857567,10138.797517,10147.633194,10143.2153555,911.3755949999913,10911.37559499999,False,83
2020-03-04 08:31:00,9992.01126,2020-03-04 08:34:00,9977.4751455,Long,9977.4751455,10057.423775249994,SL,-14.536114499998803,-0.14547736308294357,9971.204665,9983.745626,9977.4751455,896.8394804999925,10896.839480499992,False,83
2020-03-05 08:31:00,9970.064577,2020-03-05 08:32:00,9943.2725225,Long,9943.2725225,10090.628822249997,SL,-26.792054499999722,-0.26872498460848965,9938.997195,9947.54785,9943.2725225,870.0474259999928,10870.047425999994,False,83
2020-03-06 08:31:00,9595.545856,2020-03-06 08:50:00,9564.335963,Long,9564.335963,9735.990374500005,SL,-31.209893000001102,-0.3252539612479249,9560.77319,9567.898736,9564.335963,838.8375329999917,10838.83753299999,False,83
2020-03-09 08:31:00,9032.627688,2020-03-09 08:53:00,9129.9626525,Short,9129.9626525,8594.620347750002,SL,-97.33496449999984,-1.0775930090566115,9032.91271,9227.012595,9129.9626525,741.5025684999919,10741.502568499993,False,83
2020-03-12 08:31:00,8558.636339,2020-03-12 08:59:00,8618.6334395,Short,8618.6334395,8288.649386750007,SL,-59.99710049999885,-0.7010123823885823,8570.892278,8666.374601,8618.6334395,681.505467999993,10681.505467999992,False,83
2020-03-13 08:31:00,8807.745442,2020-03-13 08:33:00,8731.0745625,Long,8731.0745625,9152.764399749998,SL,-76.6708794999995,-0.870493817116831,8690.601459,8771.547666,8731.0745625,604.8345884999935,10604.834588499994,False,83
2020-03-20 08:31:00,8441.518365,2020-03-20 08:32:00,8470.472613,Short,8470.472613,8311.224248999999,SL,-28.954248000000007,-0.3429981047017483,8463.76892,8477.176306,8470.472613,575.8803404999935,10575.880340499993,False,83
2020-03-23 08:31:00,7892.956598,2020-03-23 08:32:00,7950.0093035,Short,7950.0093035,7636.219423249999,SL,-57.05270550000023,-0.7228305995557716,7935.1756,7964.843007,7950.0093035,518.8276349999933,10518.827634999994,False,83
2020-03-25 08:31:00,8581.582758,2020-03-25 08:32:00,8610.679638,Short,8610.679638,8450.646798000005,SL,-29.096879999999146,-0.339061928557109,8601.551205,8619.808071,8610.679638,489.73075499999413,10489.730754999993,False,83
2020-03-26 08:31:00,8654.895485,2020-03-26 08:33:00,8615.529118,Long,8615.529118,8832.044136499993,SL,-39.36636699999872,-0.4548450881726473,8592.708036,8638.3502,8615.529118,450.3643879999954,10450.364387999995,False,83
2020-03-30 08:31:00,8779.555648,2020-03-30 08:37:00,8752.312980499999,Long,8752.312980499999,8902.147651750001,SL,-27.242667500000607,-0.31029665500447673,8743.897706,8760.728255,8752.312980499999,423.1217204999948,10423.121720499996,False,83
2020-03-31 08:31:00,8936.165325,2020-03-31 08:32:00,8943.5821765,Short,8943.5821765,8902.789493249998,SL,-7.416851500000121,-0.08299814551607035,8939.01796,8948.146393,8943.5821765,415.7048689999947,10415.704868999994,False,83
2020-04-02 08:31:00,8519.110045,2020-04-02 08:44:00,8491.5821145,Long,8491.5821145,8642.985732249992,SL,-27.527930499998547,-0.323131528464703,8482.025786,8501.138443,8491.5821145,388.17693849999614,10388.176938499997,False,83
2020-04-08 08:31:00,9291.888946,2020-04-08 08:32:00,9272.918922,Long,9272.918922,9377.254053999992,SL,-18.970023999998375,-0.20415680934461286,9270.494182,9275.343662,9272.918922,369.20691449999777,10369.206914499999,False,83
2020-04-09 08:31:00,9421.683852,2020-04-09 08:37:00,9444.6475665,Short,9444.6475665,9318.347136750002,SL,-22.963714499999696,-0.2437325945205118,9443.649144,9445.645989,9444.6475665,346.24319999999807,10346.243199999997,False,83
2020-04-14 08:31:00,9671.289441,2020-04-14 08:32:00,9677.9931335,Short,9677.9931335,9641.122824750004,SL,-6.703692499999306,-0.06931539523137414,9673.001022,9682.985245,9677.9931335,339.53950749999876,10339.539507499998,False,83
2020-04-24 08:31:00,9877.249709,2020-04-24 08:32:00,9869.547594,Long,9869.547594,9911.9092265,SL,-7.702115000000049,-0.07797833634783981,9868.977067,9870.118121,9869.547594,331.8373924999987,10331.837392499998,False,83
2020-04-27 08:31:00,10095.191046,2020-04-27 08:32:00,10102.180002000001,Short,10102.180002000001,10063.740743999995,SL,-6.988956000001053,-0.06923054717988993,10101.18158,10103.178424,10102.180002000001,324.84843649999766,10324.848436499997,False,83
2020-04-28 08:31:00,10120.294236,2020-04-28 09:45:00,9972.670359,Short,10153.099542,9972.670359,TP,147.623877,1.4586915514261536,10147.394271,10158.804813,10153.099542,472.47231349999765,10472.472313499999,True,84
2020-04-29 08:31:00,10095.191046,2020-04-29 08:35:00,10102.322634,Short,10102.322634,10063.098899999999,SL,-7.1315880000001926,-0.07064341791556218,10095.761573,10108.883695,10102.322634,465.34072549999746,10465.340725499998,False,85
2020-05-01 08:31:00,10061.815213,2020-05-01 10:18:00,10038.138339500001,Long,10038.138339500001,10168.361143749993,SL,-23.676873499998692,-0.2353141356582245,10034.715177,10041.561502,10038.138339500001,441.66385199999877,10441.663851999998,False,85
2020-05-08 08:31:00,10430.94622,2020-05-08 08:47:00,10445.352028,Short,10445.352028,10366.120084000002,SL,-14.405807999999524,-0.13810643537187678,10441.215707,10449.488349,10445.352028,427.25804399999924,10427.258043999998,False,85
2020-05-12 08:31:00,10654.592827,2020-05-12 08:33:00,10640.187019,Long,10640.187019,10719.418962999998,SL,-14.405807999999524,-0.13520749440085125,10634.62438,10645.749658,10640.187019,412.8522359999997,10412.852235999999,False,85
2020-05-14 08:31:00,10226.982796,2020-05-14 08:32:00,10200.3106565,Long,10200.3106565,10347.007423750001,SL,-26.672139500000412,-0.2608016463118768,10196.459599,10204.161714,10200.3106565,386.1800964999993,10386.1800965,False,85
2020-05-15 08:31:00,10245.524926,2020-05-15 08:34:00,10232.8306985,Long,10232.8306985,10302.64894975,SL,-12.694227500000125,-0.1239002158667934,10230.976486,10234.684911,10232.8306985,373.4858689999992,10373.485869,False,85
2020-05-20 08:31:00,10745.306629,2020-05-20 08:58:00,10792.803004000005,Long,10734.751879,10792.803004000005,TP,47.496375000004264,0.44201972675045437,10731.043453,10738.460305,10734.751879,420.98224400000345,10420.982244000003,True,86
2020-05-27 08:31:00,10705.369735,2020-05-27 08:33:00,10689.252346000001,Long,10689.252346000001,10777.897985499996,SL,-16.117388999999093,-0.15055424893271183,10689.109714,10689.394978,10689.252346000001,404.86485500000435,10404.864855000003,False,87
2020-05-28 08:31:00,10734.466615,2020-05-28 08:34:00,10719.918174999999,Long,10719.918174999999,10799.934595000002,SL,-14.548440000000483,-0.13553016206386034,10713.07185,10726.7645,10719.918174999999,390.3164150000039,10390.316415000005,False,87
2020-05-29 08:31:00,10764.419286,2020-05-29 08:32:00,10768.555607,Short,10768.555607,10745.805841500001,SL,-4.136320999999953,-0.0384258629295458,10765.56034,10771.550874,10768.555607,386.1800940000039,10386.180094000003,False,87
2020-06-02 08:31:00,10929.016342,2020-06-02 09:03:00,10951.837424500001,Short,10951.837424500001,10826.321470749997,SL,-22.821082500000557,-0.20881186179857353,10946.702681,10956.972168,10951.837424500001,363.35901150000336,10363.359011500004,False,87
2020-06-09 08:31:00,11267.624152,2020-06-09 09:45:00,11341.436092750006,Long,11251.2214985,11341.436092750006,TP,73.8119407500053,0.6550798975390362,11249.082022,11253.360975,11251.2214985,437.17095225000867,10437.17095225001,True,88
2020-06-15 08:31:00,10889.655425,2020-06-15 08:32:00,10869.9453825,Long,10869.9453825,10978.350616250005,SL,-19.71004250000078,-0.18099785283151676,10867.66016,10872.230605,10869.9453825,417.4609097500079,10417.460909750007,False,89
2020-06-17 08:31:00,11418.970033,2020-06-17 08:33:00,11424.9687415,Short,11424.9687415,11391.975844749995,SL,-5.9987085000011575,-0.05253283336995651,11424.111783,11425.8257,11424.9687415,411.46220125000673,10411.462201250008,False,89
2020-06-19 08:31:00,11528.089397,2020-06-19 08:32:00,11533.659626,Short,11533.659626,11503.023366499996,SL,-5.570229000000836,-0.048318752641269405,11528.660702,11538.65855,11533.659626,405.8919722500059,10405.891972250007,False,89
2020-06-23 08:31:00,11625.782649,2020-06-23 08:32:00,11630.6387465,Short,11630.6387465,11603.93021025,SL,-4.856097500000033,-0.041770069565318535,11628.639177,11632.638316,11630.6387465,401.03587475000586,10401.035874750007,False,89
2020-06-24 08:31:00,11634.637885,2020-06-24 08:50:00,11621.497856999998,Long,11621.497856999998,11693.768011000007,SL,-13.140028000001621,-0.11293886522194602,11618.355676,11624.640038,11621.497856999998,387.89584675000424,10387.895846750005,False,89
2020-06-25 08:31:00,11439.537034,2020-06-25 08:32:00,11427.253964,Long,11427.253964,11494.810849000007,SL,-12.283070000001317,-0.1073738383248746,11423.826131,11430.681797,11427.253964,375.6127767500029,10375.612776750004,False,89
2020-07-06 08:31:00,11976.278614,2020-07-06 09:00:00,12021.911644750002,Long,11966.1379405,12021.911644750002,TP,45.633030750001126,0.38102846652763356,11963.995545,11968.280336,11966.1379405,421.24580750000405,10421.245807500003,True,90
2020-07-16 08:31:00,12098.538006,2020-07-16 08:32:00,12087.6832,Long,12087.6832,12147.384633000005,SL,-10.85480600000119,-0.08971998099785272,12082.827103,12092.539297,12087.6832,410.39100150000286,10410.391001500004,False,91
2020-07-21 08:31:00,12531.873279,2020-07-21 10:49:00,12392.403307499999,Short,12562.866606,12392.403307499999,TP,139.4699715000006,1.1129219741929104,12558.724641,12567.008571,12562.866606,549.8609730000035,10549.860973000003,True,92
2020-07-23 08:31:00,12377.04947,2020-07-23 08:32:00,12380.048824,Short,12380.048824,12363.552377000002,SL,-2.9993539999995846,-0.024233190691121835,12378.192081,12381.905567,12380.048824,546.8616190000039,10546.861619000003,False,93
2020-07-24 08:31:00,11888.297557,2020-07-24 08:33:00,11893.1536545,Short,11893.1536545,11866.44511825,SL,-4.856097500000033,-0.040847711598038634,11888.297557,11898.009752,11893.1536545,542.0055215000039,10542.005521500003,False,93
2020-07-30 08:31:00,12082.255797,2020-07-30 08:32:00,12076.8283945,Long,12076.8283945,12106.679108249999,SL,-5.427402499999516,-0.044920440281914324,12076.542742,12077.114047,12076.8283945,536.5781190000043,10536.578119000005,False,93
2020-07-31 08:31:00,12402.758221,2020-07-31 09:17:00,12260.074655500004,Short,12434.46568,12260.074655500004,TP,142.6835654999959,1.1504180195854186,12421.325652,12447.605708,12434.46568,679.2616845000002,10679.261684500001,True,94
2020-08-04 08:31:00,12603.85778,2020-08-04 08:37:00,12593.717107,Long,12593.717107,12649.490808499999,SL,-10.140672999999879,-0.08045689801491777,12591.574711,12595.859503,12593.717107,669.1210115000003,10669.1210115,False,95
2020-08-05 08:31:00,12646.705698,2020-08-05 08:35:00,12674.271192,Short,12674.271192,12522.660974999999,SL,-27.5654940000004,-0.21796580594391246,12666.987046,12681.555338,12674.271192,641.5555175,10641.5555175,False,95
2020-08-06 08:31:00,12696.980588,2020-08-06 08:34:00,12687.839699,Long,12687.839699,12738.1145885,SL,-9.140889000000243,-0.07199262010874741,12684.411866,12691.267532,12687.839699,632.4146284999997,10632.414628499999,False,95
2020-08-12 08:31:00,12549.869404,2020-08-12 09:07:00,12649.490808999992,Long,12527.731314,12649.490808999992,TP,99.62140499999259,0.7938043161488233,12523.018043,12532.444585,12527.731314,732.0360334999923,10732.036033499993,True,96
2020-08-26 08:31:00,13458.245257,2020-08-26 08:33:00,13447.8189305,Long,13447.8189305,13505.163726250004,SL,-10.426326500000869,-0.07747166365970223,13447.676104,13447.961757,13447.8189305,721.6097069999914,10721.609706999992,False,97
2020-08-27 08:31:00,13703.906651,2020-08-27 08:33:00,13660.844492749988,Short,13713.476019500002,13660.844492749988,TP,43.062158250011635,0.3142327173315159,13709.334054,13717.617985,13713.476019500002,764.6718652500031,10764.671865250002,True,98
2020-09-01 08:31:00,13900.435766,2020-09-01 08:42:00,13928.2869125,Short,13928.2869125,13775.105606750003,SL,-27.85114649999923,-0.2003616790785955,13925.858864,13930.714961,13928.2869125,736.8207187500038,10736.820718750005,False,99
2020-09-02 08:31:00,14167.235466,2020-09-02 08:56:00,14054.759680500003,Short,14192.230085,14054.759680500003,TP,112.47578549999707,0.7939148450657725,14184.660286,14199.799884,14192.230085,849.2965042500009,10849.29650425,True,100
2020-09-04 08:31:00,13453.960465,2020-09-04 08:42:00,13396.401429,Long,13396.401429,13712.976127000002,SL,-57.55903600000056,-0.42782224720920164,13390.545547,13402.257311,13396.401429,791.7374682500003,10791.737468250001,False,101
2020-09-07 08:31:00,13110.605819,2020-09-07 08:34:00,13099.322534,Long,13099.322534,13161.380601499997,SL,-11.283284999999523,-0.0860622701633489,13092.038388,13106.60668,13099.322534,780.4541832500008,10780.45418325,False,101
2020-09-23 08:31:00,12735.735064,2020-09-23 08:43:00,12748.174819,Short,12748.174819,12679.756166500003,SL,-12.439754999999423,-0.09767598758522213,12746.030034,12750.319604,12748.174819,768.0144282500014,10768.01442825,False,101
2020-09-24 08:31:00,12321.076575,2020-09-24 08:33:00,12285.4731385,Long,12285.4731385,12481.292039249998,SL,-35.60343649999959,-0.2889636817308685,12261.594529,12309.351748,12285.4731385,732.4109917500018,10732.410991750003,False,101
2020-09-28 08:31:00,12941.920424,2020-09-28 09:07:00,12864.708152749998,Short,12959.0787065,12864.708152749998,TP,77.21227125000223,0.5966059805685159,12945.638052,12972.519361,12959.0787065,809.623263000004,10809.623263000005,True,102
2020-09-30 08:31:00,12972.519361,2020-09-30 08:35:00,12960.0796055,Long,12960.0796055,13028.498260750006,SL,-12.43975550000141,-0.09589313497114318,12953.931221,12966.22799,12960.0796055,797.1835075000026,10797.183507500002,False,103
2020-10-02 08:31:00,13001.402469,2020-10-02 10:37:00,12962.939320000001,Long,12962.939320000001,13174.486639499997,SL,-38.46314899999925,-0.29583846120992846,12947.35388,12978.52476,12962.939320000001,758.7203585000034,10758.720358500002,False,103
2020-10-05 08:31:00,12977.666845,2020-10-05 08:35:00,12963.368277,Long,12963.368277,13042.010401,SL,-14.29856800000016,-0.11017826371085394,12959.364678,12967.371876,12963.368277,744.4217905000032,10744.421790500004,False,103
2020-10-06 08:31:00,13121.224474,2020-10-06 08:39:00,13105.353063499999,Long,13105.353063499999,13192.645821250007,SL,-15.87141050000173,-0.12095982757898308,13096.916908,13113.789219,13105.353063499999,728.5503800000015,10728.55038,False,103
2020-10-07 08:31:00,13054.021202,2020-10-07 09:03:00,13029.1416925,Long,13029.1416925,13165.978994750003,SL,-24.879509500000495,-0.19058885469091102,13025.138093,13033.145292,13029.1416925,703.670870500001,10703.670870500002,False,103
2020-10-12 08:31:00,13593.649181,2020-10-12 08:34:00,13613.23822,Short,13613.23822,13505.498505500007,SL,-19.589038999998593,-0.14410434416226084,13602.228322,13624.248118,13613.23822,684.0818315000024,10684.081831500003,False,103
2020-10-13 08:31:00,13881.05041,2020-10-13 08:34:00,13822.497768999998,Short,13894.062108,13822.497768999998,TP,58.55264100000204,0.42181707630584164,13891.631351,13896.492865,13894.062108,742.6344725000044,10742.634472500005,True,104
2020-10-14 08:31:00,13819.566565,2020-10-14 08:35:00,13840.8714325,Short,13840.8714325,13723.694661249996,SL,-21.30486750000091,-0.154164513046006,13831.577363,13850.165502,13840.8714325,721.3296050000035,10721.329605000003,False,105
2020-10-16 08:31:00,13659.708568,2020-10-16 08:41:00,13679.2976075,Short,13679.2976075,13571.557890249998,SL,-19.58903950000058,-0.14340744828107801,13676.294908,13682.300307,13679.2976075,701.740565500003,10701.740565500004,False,105
2020-10-22 08:31:00,13401.76239,2020-10-22 08:35:00,13381.458423,Long,13381.458423,13493.1302415,SL,-20.30396699999983,-0.15150221597086405,13369.733597,13393.183249,13381.458423,681.4365985000031,10681.436598500004,False,105
2020-10-23 08:31:00,13326.265948,2020-10-23 14:57:00,13352.861286,Short,13352.861286,13206.586927000004,SL,-26.595337999999174,-0.1995708182905549,13350.573515,13355.149057,13352.861286,654.841260500004,10654.841260500005,False,105
2020-10-26 08:31:00,13262.208361,2020-10-26 08:39:00,13323.978178,Long,13248.481735000001,13323.978178,TP,61.76981699999851,0.4657581551926464,13242.476336,13254.487134,13248.481735000001,716.6110775000025,10716.611077500002,True,106
2020-10-29 08:31:00,12840.400587,2020-10-29 08:32:00,12821.8124475,Long,12821.8124475,12924.047214749999,SL,-18.58813949999967,-0.14476292522227735,12808.371793,12835.253102,12821.8124475,698.0229380000028,10698.022938000002,False,107
2020-11-05 08:31:00,13724.62407,2020-11-05 08:37:00,13750.6474645,Short,13750.6474645,13607.51879475,SL,-26.023394499999995,-0.18961098218262523,13743.212209,13758.08272,13750.6474645,671.9995435000028,10671.999543500002,False,107
2020-11-06 08:31:00,13745.49998,2020-11-06 08:37:00,13665.713965250003,Short,13763.2302055,13665.713965250003,TP,79.78601474999778,0.5804518923726903,13762.08632,13764.374091,13763.2302055,751.7855582500006,10751.785558250001,True,108
2020-11-10 08:31:00,13425.498014,2020-11-10 08:35:00,13383.317237,Long,13383.317237,13615.311510500007,SL,-42.1807770000014,-0.3141840768663898,13377.740795,13388.893679,13383.317237,709.6047812499992,10709.60478125,False,109
2020-11-19 08:31:00,13583.926155,2020-11-19 08:32:00,13581.495398,Long,13581.495398,13594.864561499999,SL,-2.430757000000085,-0.017894362589017516,13580.494498,13582.496298,13581.495398,707.1740242499991,10707.174024249998,False,109
2020-11-20 08:31:00,13689.16362,2020-11-20 08:34:00,13704.6060735,Short,13704.6060735,13619.67257925,SL,-15.442453499999829,-0.11280786707405745,13702.032331,13707.179816,13704.6060735,691.7315707499993,10691.731570749998,False,109
2020-11-23 08:31:00,13694.597076,2020-11-23 09:06:00,13675.294008,Long,13675.294008,13781.460881999996,SL,-19.303067999999257,-0.14095389512283055,13670.861452,13679.726564,13675.294008,672.42850275,10672.428502750001,False,109
2020-11-24 08:31:00,13663.140225,2020-11-24 08:33:00,13667.000838,Short,13667.000838,13645.767466499996,SL,-3.8606130000007397,-0.028255678683124546,13665.999938,13668.001738,13667.000838,668.5678897499993,10668.56788975,False,109
2020-11-26 08:31:00,13958.548652,2020-11-26 08:35:00,13955.545953,Long,13955.545953,13972.060797499995,SL,-3.0026989999987563,-0.021511541599767432,13955.116996,13955.97491,13955.545953,665.5651907500005,10665.56519075,False,109
2020-11-30 08:31:00,14056.350862,2020-11-30 08:34:00,14046.627835,Long,14046.627835,14100.1044835,SL,-9.723027000000002,-0.06917177221497277,14042.624236,14050.631434,14046.627835,655.8421637500005,10655.84216375,False,109
2020-12-01 08:31:00,14144.430044,2020-12-01 08:39:00,14153.2951565,Short,14153.2951565,14104.537037750002,SL,-8.865112499999668,-0.06267564315014733,14149.8635,14156.726813,14153.2951565,646.9770512500008,10646.97705125,False,109
2020-12-03 08:31:00,14285.127959,2020-12-03 10:08:00,14267.254749,Long,14267.254749,14365.557404,SL,-17.873209999999744,-0.12511760518560255,14260.820393,14273.689105,14267.254749,629.1038412500011,10629.103841250002,False,109
2020-12-09 08:31:00,14419.820476,2020-12-09 08:44:00,14442.698186,Short,14442.698186,14316.870781000005,SL,-22.877709999998842,-0.15865461042372855,14438.122644,14447.273728,14442.698186,606.2261312500023,10606.226131250001,False,109
2020-12-11 08:31:00,14114.974993,2020-12-11 08:32:00,14109.6845225,Long,14109.6845225,14138.78211025,SL,-5.290470500000083,-0.0374812601695984,14105.537938,14113.831107,14109.6845225,600.9356607500022,10600.935660750001,False,109
2020-12-14 08:31:00,14231.937284,2020-12-14 08:39:00,14289.203051000002,Long,14219.211557999999,14289.203051000002,TP,57.2657670000026,0.4023750657219563,14211.919288,14226.503828,14219.211557999999,658.2014277500048,10658.201427750006,True,110
2020-12-21 08:31:00,14424.304895,2020-12-21 08:48:00,14393.00736,Long,14393.00736,14565.143802499999,SL,-31.297534999999698,-0.216977769312465,14389.14876,14396.86596,14393.00736,626.9038927500051,10626.903892750004,False,111
2020-12-22 08:31:00,14514.624721,2020-12-22 08:43:00,14533.0602545,Short,14533.0602545,14431.66482025,SL,-18.43553350000002,-0.1270135043403994,14526.343432,14539.777077,14533.0602545,608.468359250005,10608.468359250004,False,111
2020-12-24 08:31:00,14490.329831,2020-12-24 08:44:00,14536.63303325,Long,14480.040230499999,14536.63303325,TP,46.30320225000105,0.3195455368513554,14475.752897,14484.327564,14480.040230499999,654.7715615000061,10654.771561500005,True,112
2021-01-04 08:31:00,14768.434865,2021-01-04 08:39:00,14714.414461999993,Short,14780.439399,14714.414461999993,TP,54.0204030000059,0.3657828571125699,14774.722954,14786.155844,14780.439399,708.791964500012,10708.791964500011,True,112
2021-01-05 08:31:00,14498.332853,2021-01-05 09:00:00,14601.228853999997,Long,14475.467075,14601.228853999997,TP,102.89600099999734,0.709709192382806,14464.60583,14486.32832,14475.467075,811.6879655000093,10811.687965500008,True,112
2021-01-07 08:31:00,14577.21979,2021-01-07 08:59:00,14675.614094499995,Long,14555.354389,14675.614094499995,TP,98.394304499996,0.6749867664579955,14552.639078,14558.0697,14555.354389,910.0822700000053,10910.082270000006,True,112
2021-01-12 08:31:00,14767.863221,2021-01-12 08:46:00,14755.572865,Long,14755.572865,14823.169822999997,SL,-12.29035599999952,-0.08322365812897393,14753.286287,14757.859443,14755.572865,897.7919140000058,10897.791914000005,False,113
2021-01-13 08:31:00,14759.860198,2021-01-13 08:32:00,14747.426931,Long,14747.426931,14815.809899500002,SL,-12.433267000000342,-0.08423702415342038,14738.709353,14756.144509,14747.426931,885.3586470000055,10885.358647000005,False,113
2021-01-25 08:31:00,15448.405961,2021-01-25 08:38:00,15495.99536,Long,15437.830539,15495.99536,TP,47.58939900000041,0.308053783154983,15432.685739,15442.975339,15437.830539,932.9480460000059,10932.948046000005,True,114
2021-01-26 08:31:00,15436.68725,2021-01-26 08:32:00,15431.828272,Long,15431.828272,15458.552651000002,SL,-4.8589780000002065,-0.031476818317998936,15430.970805,15432.685739,15431.828272,928.0890680000057,10928.089068000005,False,115
2021-01-27 08:31:00,15226.607907,2021-01-27 09:21:00,15277.198443000001,Short,15277.198443000001,14998.950494999994,SL,-50.59053600000152,-0.3322508618399766,15247.187108,15307.209778,15277.198443000001,877.4985320000042,10877.498532000005,False,115
2021-02-03 08:31:00,15427.826761,2021-02-03 08:59:00,15464.983651,Short,15464.983651,15260.620756,SL,-37.1568900000002,-0.24084331886542243,15460.410495,15469.556807,15464.983651,840.341642000004,10840.341642000003,False,115
2021-02-05 08:31:00,15516.717476,2021-02-05 08:32:00,15532.866431999999,Short,15532.866431999999,15444.047174000003,SL,-16.14895599999909,-0.10407456361164649,15529.007832,15536.725032,15532.866431999999,824.1926860000049,10824.192686000006,False,115
2021-02-09 08:31:00,15616.183613,2021-02-09 08:54:00,15652.840313749992,Long,15608.037679500001,15652.840313749992,TP,36.656700749992524,0.23473533392292423,15602.464146,15613.611213,15608.037679500001,860.8493867499974,10860.849386749996,True,116
2021-02-10 08:31:00,15720.222907,2021-02-10 08:32:00,15716.650129,Long,15716.650129,15736.300408,SL,-3.5727779999997438,-0.022727273150871384,15713.077351,15720.222907,15716.650129,857.2766087499976,10857.276608749999,False,117
2021-02-11 08:31:00,15699.072061,2021-02-11 08:32:00,15691.497771999999,Long,15691.497771999999,15733.156361500009,SL,-7.574289000001954,-0.0482467305747209,15691.354861,15691.640683,15691.497771999999,849.7023197499957,10849.702319749995,False,117
2021-02-22 08:31:00,15321.786712,2021-02-22 08:33:00,15311.9258445,Long,15311.9258445,15366.160615749997,SL,-9.860867499999586,-0.06435846997058489,15310.925467,15312.926222,15311.9258445,839.8414522499961,10839.841452249995,False,117
2021-02-25 08:31:00,15106.848391,2021-02-25 09:02:00,15074.6933895,Long,15074.6933895,15251.545897749997,SL,-32.155001499999344,-0.2128504944761072,15070.548967,15078.837812,15074.6933895,807.6864507499968,10807.686450749996,False,117
2021-03-03 08:31:00,14905.343716,2021-03-03 08:35:00,14887.6227375,Long,14887.6227375,14985.088119249998,SL,-17.720978499999546,-0.1188901030237708,14882.192115,14893.05336,14887.6227375,789.9654722499972,10789.965472249998,False,117
2021-03-04 08:31:00,14508.336632,2021-03-04 08:35:00,14581.006936249996,Long,14492.187675500001,14581.006936249996,TP,72.67030424999575,0.5008865322969696,14480.326053,14504.049298,14492.187675500001,862.635776499993,10862.635776499992,True,118
2021-03-05 08:31:00,14360.852359,2021-03-05 08:38:00,14265.030457000004,Short,14382.146115,14265.030457000004,TP,95.82190199999604,0.6672438348685069,14378.859159,14385.433071,14382.146115,958.457678499989,10958.457678499988,True,118
2021-03-08 08:31:00,14398.295071,2021-03-08 08:40:00,14433.879939499999,Short,14433.879939499999,14238.163162750008,SL,-35.584868499998265,-0.24714640396327703,14428.87805,14438.881829,14433.879939499999,922.8728099999907,10922.87280999999,False,119
2021-03-10 08:31:00,14798.160378,2021-03-10 08:32:00,14818.167934000001,Short,14818.167934000001,14708.126375999998,SL,-20.007556000000477,-0.13520299475700465,14810.450734,14825.885134,14818.167934000001,902.8652539999903,10902.86525399999,False,119
2021-03-15 08:31:00,14788.442422,2021-03-15 08:33:00,14751.142621749997,Short,14796.7312665,14751.142621749997,TP,37.29980025000259,0.2522226424232048,14791.300644,14802.161889,14796.7312665,940.1650542499929,10940.165054249992,True,120
2021-03-16 08:31:00,15042.274106,2021-03-16 08:32:00,15048.566389,Short,15048.566389,15013.958832500006,SL,-6.292282999998861,-0.041830663074335424,15044.276196,15052.856582,15048.566389,933.872771249994,10933.872771249993,False,121
2021-03-18 08:31:00,14862.37202,2021-03-18 08:35:00,14852.5045765,Long,14852.5045765,14906.775515750007,SL,-9.867443500001173,-0.06639211753495841,14850.073467,14854.935686,14852.5045765,924.0053277499928,10924.005327749994,False,121
2021-03-19 08:31:00,14669.313343,2021-03-19 08:39:00,14636.850884,Long,14636.850884,14815.3944085,SL,-32.46245900000031,-0.2212950138902784,14631.845659,14641.856109,14636.850884,891.5428687499925,10891.542868749992,False,121
2021-03-22 08:31:00,14824.904336,2021-03-22 09:28:00,14907.276039499993,Long,14806.599513000001,14907.276039499993,TP,82.3717034999936,0.5556305904785274,14800.593243,14812.605783,14806.599513000001,973.9145722499861,10973.914572249985,True,122
2021-03-23 08:31:00,14979.351278,2021-03-23 08:35:00,14998.371133,Short,14998.371133,14893.761930499997,SL,-19.01985500000046,-0.12697382314502967,14995.940024,15000.802242,14998.371133,954.8947172499857,10954.894717249987,False,123
2021-03-24 08:31:00,14931.301118,2021-03-24 08:40:00,14872.739985499997,Short,14944.314703,14872.739985499997,TP,58.561132500002714,0.39220381423696576,14937.307388,14951.322018,14944.314703,1013.4558497499884,11013.45584974999,True,124
2021-04-14 08:31:00,15979.824246,2021-04-14 09:27:00,15926.411343000003,Short,15991.69378,15926.411343000003,TP,53.41290299999673,0.33425213054747344,15986.974568,15996.412992,15991.69378,1066.868752749985,11066.868752749986,True,124
2021-04-15 08:31:00,15953.511064,2021-04-15 09:07:00,15939.4964335,Long,15939.4964335,16016.576901249999,SL,-14.01463049999984,-0.08784668430527902,15938.638395,15940.354472,15939.4964335,1052.8541222499853,11052.854122249984,False,125
2021-04-16 08:31:00,16006.137429,2021-04-16 09:19:00,16047.4662865,Short,16047.4662865,15820.157570250005,SL,-41.328857499998776,-0.2582063141924481,16037.026817,16057.905756,16047.4662865,1011.5252647499865,11011.525264749987,False,125
2021-04-20 08:31:00,15896.308493,2021-04-20 08:33:00,15880.0057595,Long,15880.0057595,15969.670793750003,SL,-16.302733500000613,-0.1025567257151532,15873.141451,15886.870068,15880.0057595,995.2225312499859,10995.222531249987,False,125
2021-04-21 08:31:00,15745.007692,2021-04-21 08:32:00,15733.996197,Long,15733.996197,15794.559419499994,SL,-11.011494999998831,-0.0699364218513132,15731.851101,15736.141293,15733.996197,984.211036249987,10984.211036249988,False,125
2021-04-23 08:31:00,15802.210263,2021-04-23 10:49:00,15943.786626000006,Long,15770.748849,15943.786626000006,TP,141.57636300000559,0.8959275990112523,15765.028592,15776.469106,15770.748849,1125.7873992499926,11125.787399249992,True,126
2021-04-26 08:31:00,15950.650935,2021-04-26 08:32:00,15943.214601,Long,15943.214601,15984.114438,SL,-7.436333999999988,-0.04662088105559805,15941.784537,15944.644665,15943.214601,1118.3510652499926,11118.351065249994,False,127
2021-04-27 08:31:00,16031.592573,2021-04-27 08:34:00,16040.887991,Short,16040.887991,15989.763192000002,SL,-9.2954179999997,-0.057981875210918264,16039.31492,16042.461062,16040.887991,1109.055647249993,11109.055647249992,False,127
2021-05-05 08:31:00,15608.57956,2021-05-05 08:35:00,15598.998129,Long,15598.998129,15651.695999500003,SL,-9.58143100000052,-0.06138566910056818,15595.708981,15602.287277,15598.998129,1099.4742162499924,11099.474216249993,False,127
2021-05-06 08:31:00,15394.641944,2021-05-06 08:37:00,15418.8100305,Short,15418.8100305,15285.885554750002,SL,-24.168086499999845,-0.1569902475673964,15416.950947,15420.669114,15418.8100305,1075.3061297499926,11075.306129749992,False,127
2021-05-07 08:31:00,15642.043064,2021-05-07 08:36:00,15672.21742,Short,15672.21742,15506.258461999994,SL,-30.174356000001353,-0.1929054655874674,15659.203835,15685.231005,15672.21742,1045.1317737499912,11045.131773749992,False,127
2021-05-10 08:31:00,15564.247567,2021-05-10 09:50:00,15405.939450250007,Short,15599.427148499999,15405.939450250007,TP,158.30811674999313,1.017126694165704,15585.126506,15613.727791,15599.427148499999,1203.4398904999844,11203.439890499983,True,128
2021-05-11 08:31:00,15026.257386,2021-05-11 08:34:00,15003.5193645,Long,15003.5193645,15128.578482749996,SL,-22.738021499999377,-0.15132192212536202,15003.090345,15003.948384,15003.5193645,1180.701868999985,11180.701868999986,False,129
2021-05-12 08:31:00,15054.286646,2021-05-12 08:32:00,15042.131099999999,Long,15042.131099999999,15108.986603000008,SL,-12.155546000001777,-0.08074474922550759,15031.119605,15053.142595,15042.131099999999,1168.5463229999832,11168.546322999984,False,129
2021-05-13 08:31:00,15055.71671,2021-05-13 08:33:00,15030.4045725,Long,15030.4045725,15169.621328750005,SL,-25.312137500000972,-0.16812309893682217,15015.102885,15045.70626,15030.4045725,1143.2341854999822,11143.234185499983,False,129
2021-05-17 08:31:00,15191.572817,2021-05-17 08:37:00,15223.8922695,Short,15223.8922695,15046.13528075,SL,-32.3194524999999,-0.21274592755684318,15218.458025,15229.326514,15223.8922695,1110.9147329999823,11110.914732999983,False,129
2021-05-19 08:31:00,14886.111087,2021-05-19 08:41:00,14861.9430005,Long,14861.9430005,14994.867476249998,SL,-24.168086499999845,-0.16235325907990683,14858.36784,14865.518161,14861.9430005,1086.7466464999825,11086.746646499982,False,129
2021-05-20 08:31:00,15237.620886,2021-05-20 09:02:00,15341.229039000009,Long,15214.596851999999,15341.229039000009,TP,103.60815300000831,0.6799496704580783,15209.591627,15219.602077,15214.596851999999,1190.3547994999908,11190.35479949999,True,130
2021-05-26 08:31:00,15668.070234,2021-05-26 08:33:00,15663.494028000001,Long,15663.494028000001,15688.663161,SL,-4.576205999999729,-0.029207208875470046,15659.489848,15667.498208,15663.494028000001,1185.778593499991,11185.778593499992,False,131
2021-06-02 08:31:00,15623.738241,2021-06-02 08:32:00,15631.317582,Short,15631.317582,15589.631206499997,SL,-7.579341000000568,-0.04851169984473224,15628.314447,15634.320717,15631.317582,1178.1992524999905,11178.199252499991,False,131
2021-06-04 08:31:00,15602.859303,2021-06-04 09:02:00,15711.615689999999,Long,15578.691217,15711.615689999999,TP,108.75638699999945,0.6970285694948783,15575.688082,15581.694352,15578.691217,1286.95563949999,11286.955639499989,True,132
2021-06-08 08:31:00,15869.709297,2021-06-08 08:33:00,15877.574650499999,Short,15877.574650499999,15834.315206250001,SL,-7.865353499999401,-0.04956205153352282,15877.431644,15877.717657,15877.574650499999,1279.0902859999906,11279.090285999991,False,133
2021-06-11 08:31:00,15967.239681,2021-06-11 08:32:00,15969.098764499999,Short,15969.098764499999,15958.873805250001,SL,-1.8590834999995423,-0.011643111377677467,15967.525694,15970.671835,15969.098764499999,1277.231202499991,11277.231202499992,False,133
2021-06-14 08:31:00,15992.092851,2021-06-14 08:39:00,16018.995330000002,Short,16018.995330000002,15871.03169549999,SL,-26.90247900000213,-0.16822362933141607,16006.688877,16031.301783,16018.995330000002,1250.3287234999889,11250.328723499988,False,133
2021-06-15 08:31:00,16114.012597,2021-06-15 08:44:00,16144.063237999999,Short,16144.063237999999,15978.78471250001,SL,-30.050640999997995,-0.18648763502637836,16137.19452,16150.931956,16144.063237999999,1220.278082499991,11220.27808249999,False,133
2021-06-17 08:31:00,15977.496825,2021-06-17 08:38:00,16034.16374775,Long,15964.9041755,16034.16374775,TP,56.666922750000595,0.3546670881594783,15955.459688,15974.348663,15964.9041755,1276.9450052499915,11276.945005249992,True,134
2021-06-28 08:31:00,16526.708074,2021-06-28 15:59:00,16602.55017,Long,16489.788715000002,16692.84518949998,EOD,75.84209600000031,0.45890624836119626,16478.054655,16501.522775,16489.788715000002,1352.7871012499918,11352.787101249993,True,134
2021-06-29 08:31:00,16573.358118,2021-06-29 08:34:00,16598.9727125,Short,16598.9727125,16458.092442750007,SL,-25.61459449999893,-0.1545528330325489,16593.391879,16604.553546,16598.9727125,1327.1725067499929,11327.172506749994,False,135
2021-07-05 08:31:00,16828.645473,2021-07-05 09:43:00,16831.078143500003,Short,16831.078143500003,16817.69845574999,SL,-2.432670500002132,-0.014455533595411027,16829.790259,16832.366028,16831.078143500003,1324.7398362499907,11324.739836249992,False,135
2021-07-06 08:31:00,16901.625602,2021-07-06 08:45:00,16884.740003500003,Long,16884.740003500003,16977.610795249988,SL,-16.885598499997286,-0.0999051741981504,16876.726499,16892.753508,16884.740003500003,1307.8542377499934,11307.854237749994,False,135
2021-07-13 08:31:00,17017.249023,2021-07-13 08:35:00,17008.949322,Long,17008.949322,17054.5976775,SL,-8.299700999999914,-0.048772283867870116,17007.518339,17010.380305,17008.949322,1299.5545367499935,11299.554536749994,False,135
2021-07-15 08:31:00,17010.094109,2021-07-15 08:56:00,17045.010092,Short,17045.010092,16852.972185500006,SL,-34.91598299999896,-0.20526625412098687,17042.434323,17047.585861,17045.010092,1264.6385537499946,11264.638553749995,False,135
2021-07-16 08:31:00,17010.666502,2021-07-16 08:40:00,16989.6310525,Long,16989.6310525,17105.326024749997,SL,-21.03544949999923,-0.12366034862611658,16988.056971,16991.205134,16989.6310525,1243.6031042499953,11243.603104249996,False,135
2021-07-22 08:31:00,17017.821416,2021-07-22 15:00:00,17100.246032749994,Long,16999.5048345,17100.246032749994,TP,82.42461674999504,0.4843429410564867,16991.49133,17007.518339,16999.5048345,1326.0277209999904,11326.027720999991,True,136
2021-07-23 08:31:00,17131.727658,2021-07-23 08:48:00,17143.7479145,Short,17143.7479145,17077.63650375,SL,-12.02025649999996,-0.07016371459995083,17135.162017,17152.333812,17143.7479145,1314.0074644999904,11314.007464499991,False,137
2021-07-26 08:31:00,17240.482361,2021-07-26 08:36:00,17251.500929,Short,17251.500929,17190.898804999983,SL,-11.018568000003143,-0.063911019246935,17246.206292,17256.795566,17251.500929,1302.9888964999873,11302.988896499988,False,137
2021-07-27 08:31:00,17273.108771,2021-07-27 09:00:00,17212.57819099999,Short,17286.560011,17212.57819099999,TP,60.53058000000965,0.3504324600886846,17282.267062,17290.85296,17286.560011,1363.519476499997,11363.519476499998,True,138
2021-07-28 08:31:00,17186.677402,2021-07-28 08:32:00,17178.520799500002,Long,17178.520799500002,17223.382113249998,SL,-8.15660249999928,-0.0474588677567783,17173.226163,17183.815436,17178.520799500002,1355.3628739999976,11355.362873999999,False,139
2021-07-30 08:31:00,17063.040477,2021-07-30 08:32:00,17038.4275705,Long,17038.4275705,17173.798556249993,SL,-24.612906499998644,-0.1442468974575512,17027.5521,17049.303041,17038.4275705,1330.749967499999,11330.7499675,False,139
2021-08-03 08:31:00,17138.023983,2021-08-03 08:39:00,17151.0459275,Short,17151.0459275,17079.42523275,SL,-13.021944500000245,-0.0759827650662487,17150.330436,17151.761419,17151.0459275,1317.7280229999988,11317.728023,False,139
2021-08-05 08:31:00,17271.391592,2021-08-05 08:34:00,17284.8428315,Short,17284.8428315,17210.861014250007,SL,-13.451239499998337,-0.07788161960399802,17283.984242,17285.701421,17284.8428315,1304.2767835000004,11304.276783500001,False,139
2021-08-09 08:31:00,17323.765567,2021-08-09 08:34:00,17310.600524,Long,17310.600524,17383.008260499984,SL,-13.16504299999724,-0.07599411888299447,17305.162789,17316.038259,17310.600524,1291.1117405000032,11291.111740500004,False,139
2021-08-17 08:31:00,17148.32706,2021-08-17 08:34:00,17180.237978999998,Short,17180.237978999998,17004.72792450001,SL,-31.910918999998103,-0.1860876509314612,17169.505607,17190.970351,17180.237978999998,1259.200821500005,11259.200821500006,False,139
2021-08-19 08:31:00,16969.454193,2021-08-19 08:38:00,16927.383295,Long,16927.383295,17158.773234000008,SL,-42.07089800000176,-0.24792133866837185,16915.363038,16939.403552,16927.383295,1217.1299235000033,11217.129923500004,False,139
2021-08-23 08:31:00,17342.082149,2021-08-23 09:01:00,17415.491576000015,Long,17325.768943,17415.491576000015,TP,73.40942700001324,0.42330226768212065,17317.469242,17334.068644,17325.768943,1290.5393505000166,11290.539350500017,True,140
2021-08-24 08:31:00,17567.605059,2021-08-24 08:32:00,17563.169011500002,Long,17563.169011500002,17587.56727275,SL,-4.436047499999404,-0.02525129341820436,17562.45352,17563.884503,17563.169011500002,1286.1033030000171,11286.103303000018,False,141
2021-08-26 08:31:00,17573.615187,2021-08-26 08:35:00,17563.7414045,Long,17563.7414045,17618.047208249995,SL,-9.873782499998924,-0.056185266349197224,17556.157195,17571.325614,17563.7414045,1276.2295205000182,11276.22952050002,False,141
2021-08-27 08:31:00,17539.271597,2021-08-27 08:35:00,17525.677259,Long,17525.677259,17600.446117999993,SL,-13.59433799999897,-0.07750799641145993,17524.675571,17526.678947,17525.677259,1262.6351825000193,11262.63518250002,False,141
2021-08-30 08:31:00,17716.141087,2021-08-30 09:03:00,17791.482337,Long,17699.398587,17791.482337,TP,75.34125000000131,0.42526896591090185,17694.10395,17704.693224,17699.398587,1337.9764325000206,11337.976432500021,True,142
2021-08-31 08:31:00,17809.154978,2021-08-31 11:33:00,17851.941367,Short,17851.941367,17616.616227499995,SL,-42.78638900000078,-0.2402494057289953,17839.205619,17864.677115,17851.941367,1295.1900435000198,11295.19004350002,False,143
2021-09-02 08:31:00,17943.95357,2021-09-02 08:32:00,17938.0865395,Long,17938.0865395,17970.35520725001,SL,-5.86703050000142,-0.03269642042437262,17937.371048,17938.802031,17938.0865395,1289.3230130000184,11289.32301300002,False,143
2021-09-07 08:31:00,17931.933313,2021-09-07 08:32:00,17924.492202,Long,17924.492202,17965.4183125,SL,-7.441111000000092,-0.04149642355967025,17923.633612,17925.350792,17924.492202,1281.8819020000183,11281.88190200002,False,143
2021-09-08 08:31:00,17916.192501,2021-09-08 08:32:00,17929.786839,Short,17929.786839,17855.017980000004,SL,-13.59433799999897,-0.07587738298324376,17926.781775,17932.791903,17929.786839,1268.2875640000193,11268.28756400002,False,143
2021-09-09 08:31:00,17898.162116,2021-09-09 08:32:00,17896.301838,Long,17896.301838,17906.533367,SL,-1.8602780000001076,-0.010393681697279514,17895.013953,17897.589723,17896.301838,1266.4272860000192,11266.42728600002,False,143
2021-09-10 08:31:00,17929.64374,2021-09-10 08:47:00,17915.333911,Long,17915.333911,17994.03797049999,SL,-14.30982899999799,-0.07981100577070356,17906.17562,17924.492202,17915.333911,1252.1174570000212,11252.117457000022,False,143
2021-09-14 08:31:00,17768.277582,2021-09-14 08:32:00,17756.3935,Long,17756.3935,17821.755951,SL,-11.88408200000049,-0.06688370296533164,17747.945779,17764.841221,17756.3935,1240.2333750000207,11240.233375000022,False,143
2021-09-17 08:31:00,17697.83218,2021-09-17 08:33:00,17720.311708499998,Short,17720.311708499998,17596.67430175002,SL,-22.479528499996377,-0.1270185425613883,17706.136719,17734.486698,17720.311708499998,1217.7538465000243,11217.753846500025,False,143
2021-09-21 08:31:00,17234.496164,2021-09-21 08:35:00,17259.4097815,Short,17259.4097815,17122.38488525001,SL,-24.91361749999851,-0.14455669178214167,17245.09161,17273.727953,17259.4097815,1192.8402290000258,11192.840229000027,False,143
2021-09-23 08:31:00,17431.800561,2021-09-23 08:32:00,17426.932383,Long,17426.932383,17453.707362,SL,-4.868178000000626,-0.027926994592240535,17423.496022,17430.368744,17426.932383,1187.9720510000252,11187.972051000026,False,143
2021-09-27 08:31:00,17421.205115,2021-09-27 08:32:00,17400.0142215,Long,17400.0142215,17516.56413575,SL,-21.19089349999922,-0.12163850525905033,17395.146043,17404.8824,17400.0142215,1166.781157500026,11166.781157500027,False,143
2021-09-28 08:31:00,17202.996187,2021-09-28 08:32:00,17192.4007405,Long,17192.4007405,17250.67569625,SL,-10.595446499999525,-0.061590704228640804,17185.241655,17199.559826,17192.4007405,1156.1857110000265,11156.185711000027,False,143
2021-09-29 08:31:00,16993.664526,2021-09-29 08:38:00,16975.7668125,Long,16975.7668125,17074.20423675001,SL,-17.897713500002283,-0.10531991774122118,16975.050904,16976.482721,16975.7668125,1138.2879975000242,11138.287997500025,False,143
2021-09-30 08:31:00,17005.119063,2021-09-30 08:46:00,16972.473633,Long,16972.473633,17152.023497999984,SL,-32.64542999999685,-0.191974133665593,16964.169094,16980.778172,16972.473633,1105.6425675000273,11105.642567500028,False,143
2021-10-05 08:31:00,16675.228401,2021-10-05 08:37:00,16623.969349,Long,16623.969349,16905.894135000006,SL,-51.25905200000125,-0.307396401220671,16617.669354,16630.269344,16623.969349,1054.383515500026,11054.383515500027,False,143
2021-10-08 08:31:00,17094.178087,2021-10-08 08:32:00,17099.189446999997,Short,17099.189446999997,17071.626967000015,SL,-5.011359999996785,-0.02931617989757512,17094.750814,17103.62808,17099.189446999997,1049.3721555000293,11049.37215550003,False,143
2021-10-12 08:31:00,16869.955528,2021-10-12 08:33:00,16900.882777500003,Short,16900.882777500003,16730.78290524998,SL,-30.92724950000411,-0.18332739199384634,16896.300963,16905.464592,16900.882777500003,1018.4449060000252,11018.444906000026,False,143
2021-10-15 08:31:00,17247.668881,2021-10-15 08:38:00,17273.012044,Short,17273.012044,17133.62464750001,SL,-25.34316299999773,-0.14693674359620684,17262.846143,17283.177945,17273.012044,993.1017430000275,10993.101743000028,False,143
2021-10-19 08:31:00,17550.641381,2021-10-19 08:32:00,17556.082285999997,Short,17556.082285999997,17526.15730850002,SL,-5.440904999995837,-0.031001174725648832,17553.218652,17558.94592,17556.082285999997,987.6608380000316,10987.660838000033,False,143
2021-10-27 08:31:00,17847.600249,2021-10-27 08:34:00,17840.5843455,Long,17840.5843455,17879.17181475,SL,-7.015903499999695,-0.03931006635131687,17838.150256,17843.018435,17840.5843455,980.6449345000319,10980.644934500033,False,143
2021-10-29 08:31:00,17924.918373,2021-10-29 08:35:00,17909.0252035,Long,17909.0252035,17996.437635749997,SL,-15.893169499999203,-0.08866522663745467,17905.445661,17912.604746,17909.0252035,964.7517650000327,10964.751765000034,False,143
2021-11-01 08:31:00,18143.700027,2021-11-01 10:49:00,18163.8886485,Short,18163.8886485,18052.851230249995,SL,-20.188621500001318,-0.11127069710124302,18163.745467,18164.03183,18163.8886485,944.5631435000314,10944.563143500032,False,143
2021-11-04 08:31:00,18521.986107,2021-11-04 08:33:00,18526.997467,Short,18526.997467,18499.434987,SL,-5.011360000000423,-0.02705627771800608,18525.422468,18528.572466,18526.997467,939.551783500031,10939.551783500032,False,143
2021-11-15 08:31:00,18588.136058,2021-11-15 08:32:00,18595.1519615,Short,18595.1519615,18556.56449225,SL,-7.015903499999695,-0.03774398615390044,18591.286055,18599.017868,18595.1519615,932.5358800000313,10932.535880000032,False,143
2021-11-18 08:31:00,18754.226842,2021-11-18 08:40:00,18775.1313715,Short,18775.1313715,18660.15645925,SL,-20.904529499999626,-0.1114656961127506,18769.97683,18780.285913,18775.1313715,911.6313505000317,10911.631350500033,False,143
2021-11-19 08:31:00,18922.322171,2021-11-19 08:36:00,18952.963056499997,Short,18952.963056499997,18784.438186250012,SL,-30.64088549999724,-0.1619298372741845,18951.817603,18954.10851,18952.963056499997,880.9904650000344,10880.990465000035,False,143
2021-11-22 08:31:00,19094.71295,2021-11-22 10:12:00,19064.931154500002,Long,19064.931154500002,19228.731029749997,SL,-29.781795499999134,-0.15596880444332173,19061.781157,19068.081152,19064.931154500002,851.2086695000353,10851.208669500036,False,143
2021-11-24 08:31:00,18516.258839,2021-11-24 08:37:00,18547.472452,Short,18547.472452,18375.79758049998,SL,-31.213613000003534,-0.16857408006340702,18540.027003,18554.917901,18547.472452,819.9950565000318,10819.995056500033,False,143
2021-11-26 08:31:00,18652.854191,2021-11-26 08:37:00,18619.492852,Long,18619.492852,18802.980216499993,SL,-33.361338999999134,-0.17885380252474165,18615.913309,18623.072395,18619.492852,786.6337175000326,10786.633717500034,False,143
2021-11-29 08:31:00,18622.213305,2021-11-29 08:32:00,18611.0451315,Long,18611.0451315,18672.47008575001,SL,-11.168173500002013,-0.05997232078210271,18602.454229,18619.636034,18611.0451315,775.4655440000306,10775.465544000032,False,143
2021-11-30 08:31:00,18709.267785,2021-11-30 08:32:00,18727.595044,Short,18727.595044,18626.79511949999,SL,-18.327259000001504,-0.09795818420374115,18723.013229,18732.176859,18727.595044,757.1382850000291,10757.13828500003,False,143
2021-12-01 08:31:00,18689.508709,2021-12-01 08:58:00,18707.979149500003,Short,18707.979149500003,18606.391726749996,SL,-18.470440500001132,-0.0988278546407516,18701.822336,18714.135963,18707.979149500003,738.667844500028,10738.667844500029,False,143
2021-12-07 08:31:00,18479.031594,2021-12-07 08:35:00,18523.48951724999,Long,18469.152055500002,18523.48951724999,TP,44.45792324998911,0.240585785157834,18464.427059,18473.877052,18469.152055500002,783.1257677500171,10783.125767750018,True,144
2021-12-08 08:31:00,18626.222393,2021-12-08 08:35:00,18689.508709,Short,18689.508709,18341.43397099999,SL,-63.286316000001534,-0.33977000094117543,18677.195082,18701.822336,18689.508709,719.8394517500155,10719.839451750016,False,145
2021-12-09 08:31:00,18745.635939,2021-12-09 08:55:00,18719.433686,Long,18719.433686,18863.546077499996,SL,-26.202252999999473,-0.1397778826243291,18716.42687,18722.440502,18719.433686,693.6371987500161,10693.637198750017,False,145
2021-12-13 08:31:00,18669.463269,2021-12-13 08:36:00,18698.242792999998,Short,18698.242792999998,18539.95541100001,SL,-28.779523999997764,-0.1541529265481626,18695.235977,18701.249609,18698.242792999998,664.8576747500183,10664.85767475002,False,145
2021-12-16 08:31:00,18664.308728,2021-12-16 08:32:00,18686.7882565,Short,18686.7882565,18563.15084975,SL,-22.479528500000015,-0.1204412594519317,18680.058716,18693.517797,18686.7882565,642.3781462500183,10642.37814625002,False,145
2021-12-21 08:31:00,18063.231906,2021-12-21 08:32:00,18059.222818000002,Long,18059.222818000002,18081.272801999996,SL,-4.009087999998883,-0.02219474355897074,18056.931911,18061.513725,18059.222818000002,638.3690582500194,10638.36905825002,False,145
2021-12-27 08:31:00,18777.708643,2021-12-27 09:34:00,18925.257397,Long,18744.920031,18925.257397,TP,147.54875399999946,0.7857654882455694,18733.035949,18756.804113,18744.920031,785.9178122500189,10785.91781225002,True,146
2021-12-28 08:31:00,18977.017584,2021-12-28 08:58:00,19007.0857435,Short,19007.0857435,18841.710866250007,SL,-30.06815949999873,-0.15844512641095904,19003.363019,19010.808468,19007.0857435,755.8496527500201,10755.849652750021,False,147
2021-12-29 08:31:00,18935.208524,2021-12-29 08:37:00,18912.4426325,Long,18912.4426325,19037.655035750016,SL,-22.76589150000291,-0.12023047684501384,18903.994912,18920.890353,18912.4426325,733.0837612500172,10733.083761250018,False,147
2021-12-31 08:31:00,18838.417688,2021-12-31 08:46:00,18801.1904435,Long,18801.1904435,19005.940288250007,SL,-37.22724450000169,-0.1976134360993349,18798.040446,18804.340441,18801.1904435,695.8565167500155,10695.856516750016,False,147
2022-01-03 08:31:00,18817.226795,2022-01-03 08:47:00,18775.7040985,Long,18775.7040985,19004.078929249998,SL,-41.522696500000166,-0.22066320904966363,18768.545013,18782.863184,18775.7040985,654.3338202500154,10654.333820250016,False,147
2022-01-04 08:31:00,18898.554007,2022-01-04 08:33:00,18876.002891499982,Short,18903.565366000003,18876.002891499982,TP,22.55111550001675,0.11932720086237204,18899.126733,18908.003999,18903.565366000003,676.8849357500321,10676.884935750033,True,148
2022-01-06 08:31:00,18013.118307,2022-01-06 08:37:00,18146.49207,Long,17983.479693,18146.49207,TP,133.3737629999996,0.7404257315523753,17976.463789,17990.495597,17983.479693,810.2586987500317,10810.258698750033,True,148
2022-01-11 08:31:00,17774.00485,2022-01-11 08:32:00,17816.100273,Short,17816.100273,17584.575446500006,SL,-42.095422999998846,-0.2368370176291408,17810.659368,17821.541178,17816.100273,768.1632757500329,10768.163275750034,False,149
2022-01-14 08:31:00,17683.514009,2022-01-14 14:39:00,17870.366141,Long,17641.991313,17870.366141,TP,186.85213199999998,1.0566459353322075,17627.673142,17656.309484,17641.991313,955.0154077500329,10955.015407750034,True,150
2022-01-17 08:31:00,17868.504779,2022-01-17 08:32:00,17874.30363874999,Long,17867.2161435,17874.30363874999,TP,5.798859749989788,0.03245296582848337,17866.500235,17867.932052,17867.2161435,960.8142675000227,10960.814267500024,True,150
2022-01-20 08:31:00,17424.927839,2022-01-20 08:35:00,17384.83696,Long,17384.83696,17605.3367945,SL,-40.090878999999404,-0.23007773329350084,17381.686962,17387.986958,17384.83696,920.7233885000232,10920.723388500024,False,151
2022-02-01 08:31:00,17051.796301,2022-02-01 10:48:00,17092.8894515,Short,17092.8894515,16866.877123749997,SL,-41.093150500000775,-0.24099015596140377,17073.846284,17111.932619,17092.8894515,879.6302380000225,10879.630238000023,False,151
2022-02-02 08:31:00,17318.400646,2022-02-02 08:36:00,17347.8960785,Short,17347.8960785,17185.67119974998,SL,-29.495432500003517,-0.1703126813088022,17330.42791,17365.364247,17347.8960785,850.134805500019,10850.13480550002,False,151
2022-02-08 08:31:00,16668.928406,2022-02-08 08:33:00,16644.301152,Long,16644.301152,16779.751048999995,SL,-24.627253999999084,-0.1477434745663343,16630.269344,16658.33296,16644.301152,825.5075515000199,10825.50755150002,False,151
2022-02-10 08:31:00,16919.210037,2022-02-10 08:50:00,17032.60995374999,Long,16894.010055500003,17032.60995374999,TP,113.39991674998964,0.6702435663485442,16890.000968,16898.019143,16894.010055500003,938.9074682500095,10938.90746825001,True,152
2022-02-11 08:31:00,16879.691884,2022-02-11 08:35:00,16853.0600865,Long,16853.0600865,16999.534972749992,SL,-26.631797499998356,-0.15777419210620916,16841.891913,16864.22826,16853.0600865,912.2756707500112,10912.275670750012,False,153
2022-02-14 08:31:00,16292.074143,2022-02-14 08:32:00,16283.1968775,Long,16283.1968775,16332.021837749997,SL,-8.87726549999934,-0.054488246383371124,16278.042336,16288.351419,16283.1968775,903.3984052500118,10903.398405250013,False,153
2022-02-16 08:31:00,16583.01938,2022-02-16 08:34:00,16615.664810000002,Short,16615.664810000002,16436.114945,SL,-32.64543000000049,-0.1968605912586257,16611.082995,16620.246625,16615.664810000002,870.7529752500113,10870.752975250012,False,153
2022-02-22 08:31:00,15953.878943,2022-02-22 08:32:00,15918.3698785,Long,15918.3698785,16113.66973325,SL,-35.50906450000002,-0.22257323517914837,15906.342615,15930.397142,15918.3698785,835.2439107500113,10835.24391075001,False,153
2022-02-24 08:31:00,15068.443243,2022-02-24 09:18:00,15382.225961500004,Long,14998.713749999999,15382.225961500004,TP,313.7827185000042,2.0823831197411256,14985.970578,15011.456922,14998.713749999999,1149.0266292500155,11149.026629250016,True,154
2022-02-25 08:31:00,15950.728945,2022-02-25 08:33:00,15999.8402715,Short,15999.8402715,15729.727975750007,SL,-49.11132649999854,-0.30789393180299285,15973.924382,16025.756161,15999.8402715,1099.915302750017,11099.915302750018,False,155
2022-02-28 08:31:00,16130.27881,2022-02-28 08:39:00,16102.358377,Long,16102.358377,16255.920758499997,SL,-27.92043299999932,-0.1730933068726003,16087.037934,16117.67882,16102.358377,1071.9948697500176,11071.994869750019,False,155
2022-03-01 08:31:00,16248.546903,2022-03-01 08:32:00,16243.5355435,Long,16243.5355435,16271.098020750002,SL,-5.011359500000253,-0.030841893308471764,16241.960545,16245.110542,16243.5355435,1066.9835102500174,11066.983510250018,False,155
2022-03-03 08:31:00,16390.010434,2022-03-03 09:21:00,16220.554881249996,Short,16427.6672235,16220.554881249996,TP,169.45555275000333,1.03389533174719,16424.660408,16430.674039,16427.6672235,1236.4390630000207,11236.43906300002,True,156
2022-03-04 08:31:00,15995.115275,2022-03-04 08:33:00,15970.774384,Long,15970.774384,16104.6492845,SL,-24.34089099999983,-0.1521770276832208,15961.324391,15980.224377,15970.774384,1212.098172000021,11212.09817200002,False,157
2022-03-07 08:31:00,15892.024443,2022-03-07 08:32:00,15858.23356,Long,15858.23356,16044.083416499998,SL,-33.79088299999967,-0.21262793246510278,15843.915389,15872.551731,15858.23356,1178.3072890000212,11178.307289000022,False,157
2022-03-09 08:31:00,15550.106518,2022-03-09 08:32:00,15574.7337725,Short,15574.7337725,15439.283872750004,SL,-24.627254499999253,-0.15837354214578542,15573.874682,15575.592863,15574.7337725,1153.680034500022,11153.680034500023,False,157
2022-03-15 08:31:00,15097.365949,2022-03-15 08:32:00,15089.061409,Long,15089.061409,15134.736378999994,SL,-8.304539999999179,-0.05500654901028775,15083.620504,15094.502314,15089.061409,1145.3754945000228,11145.375494500022,False,157
2022-03-16 08:31:00,15620.265556,2022-03-16 08:32:00,15611.2451085,Long,15611.2451085,15660.857569750005,SL,-9.020447500000955,-0.057748362008711515,15605.088295,15617.401922,15611.2451085,1136.3550470000218,11136.355047000023,False,157
2022-03-17 08:31:00,15869.97446,2022-03-17 08:32:00,15830.02676075,Short,15878.8517265,15830.02676075,TP,39.94769924999855,0.25171873685547536,15877.133546,15880.569907,15878.8517265,1176.3027462500204,11176.302746250021,True,158
2022-03-22 08:31:00,16515.437612,2022-03-22 09:00:00,16627.54889075001,Long,16490.5239945,16627.54889075001,TP,112.11127875000966,0.6788271760268125,16486.514907,16494.533082,16490.5239945,1288.41402500003,11288.414025000031,True,158
2022-03-28 08:31:00,16933.241844,2022-03-28 08:43:00,17048.574708750002,Long,16907.6123185,17048.574708750002,TP,115.33286475000205,0.6811032749223283,16899.450961,16915.773676,16907.6123185,1403.746889750032,11403.746889750033,True,158
2022-03-29 08:31:00,17396.864224,2022-03-29 08:39:00,17364.7915205,Long,17364.7915205,17541.19138975001,SL,-32.07270350000181,-0.1843591068311933,17359.636979,17369.946062,17364.7915205,1371.6741862500303,11371.674186250031,False,159
2022-04-06 08:31:00,16747.391984,2022-04-06 08:32:00,16737.798809,Long,16737.798809,16790.56127150001,SL,-9.593175000001793,-0.05728160545335566,16728.205634,16747.391984,16737.798809,1362.0810112500285,11362.08101125003,False,159
2022-04-12 08:31:00,16218.192381,2022-04-12 08:46:00,16247.115086000002,Short,16247.115086000002,16088.040208499997,SL,-28.92270500000086,-0.17833494831325652,16236.233276,16257.996896,16247.115086000002,1333.1583062500276,11333.158306250029,False,159
2022-04-18 08:31:00,15930.397142,2022-04-18 08:41:00,15882.5744505,Long,15882.5744505,16145.599253749999,SL,-47.822691499999564,-0.3001977356478861,15865.965372,15899.183529,15882.5744505,1285.335614750028,11285.335614750027,False,159
2022-04-21 08:31:00,16291.78778,2022-04-21 09:06:00,16243.5355435,Long,16243.5355435,16508.922844250003,SL,-48.252236500000436,-0.29617520895549276,16237.37873,16249.692357,16243.5355435,1237.0833782500276,11237.083378250027,False,159
2022-04-27 08:31:00,14959.052416,2022-04-27 08:42:00,15093.714814750005,Long,14929.1274385,15093.714814750005,TP,134.6623987500043,0.9002067444189927,14921.825171,14936.429706,14929.1274385,1371.745777000032,11371.745777000033,True,160
2022-04-28 08:31:00,15178.406797,2022-04-28 08:32:00,15156.3568135,Long,15156.3568135,15277.631722749997,SL,-22.049983499999144,-0.1452720551959202,15135.452284,15177.261343,15156.3568135,1349.6957935000328,11349.695793500032,False,161
2022-05-02 08:31:00,14731.679859,2022-05-02 08:32:00,14714.3548725,Long,14714.3548725,14809.642298249999,SL,-17.324986499999795,-0.11760360438063328,14714.211691,14714.498054,14714.3548725,1332.370807000033,11332.370807000032,False,161
2022-05-03 08:31:00,14906.361546,2022-05-03 08:32:00,14952.036511999999,Short,14952.036511999999,14700.824199000006,SL,-45.674965999998676,-0.30641257331005217,14934.138798,14969.934226,14952.036511999999,1286.6958410000343,11286.695841000033,False,161
2022-05-04 08:31:00,14996.566024,2022-05-04 08:32:00,15006.159199000002,Short,15006.159199000002,14953.396736499992,SL,-9.593175000001793,-0.06396914456715756,15005.729654,15006.588744,15006.159199000002,1277.1026660000325,11277.102666000032,False,161
2022-05-05 08:31:00,15264.602187,2022-05-05 08:33:00,15202.747689,Short,15278.347631,15202.747689,TP,61.8544980000006,0.40521526366850613,15278.061268,15278.633994,15278.347631,1338.9571640000331,11338.957164000032,True,162
2022-05-09 08:31:00,14302.993817,2022-05-09 08:32:00,14277.0779275,Long,14277.0779275,14419.61531975,SL,-25.91588950000005,-0.18119206252608036,14272.639294,14281.516561,14277.0779275,1313.041274500033,11313.041274500032,False,163
2022-05-10 08:31:00,14349.098328,2022-05-10 08:32:00,14332.775613,Long,14332.775613,14422.550545500002,SL,-16.322715000000244,-0.11375429052673675,14321.034713,14344.516513,14332.775613,1296.7185595000328,11296.718559500034,False,163
2022-05-12 08:31:00,13565.03528,2022-05-12 08:32:00,13538.2603,Long,13538.2603,13685.522690000002,SL,-26.77498000000014,-0.19738231008861884,13512.630774,13563.889826,13538.2603,1269.9435795000327,11269.943579500032,False,163
2022-05-13 08:31:00,13918.980469,2022-05-13 08:32:00,13902.514572,Long,13902.514572,13993.0770055,SL,-16.46589700000004,-0.11829815435600666,13899.507756,13905.521388,13902.514572,1253.4776825000326,11253.477682500034,False,163
2022-05-19 08:31:00,13633.476138,2022-05-19 08:45:00,13594.5307125,Long,13594.5307125,13808.73055275,SL,-38.945425500000056,-0.2856602755290644,13592.239805,13596.82162,13594.5307125,1214.5322570000326,11214.532257000032,False,163
2022-05-25 08:31:00,13463.662629,2022-05-25 09:27:00,13600.2579825,Long,13433.308106,13600.2579825,TP,136.59535349999896,1.0145482493432356,13423.858113,13442.758099,13433.308106,1351.1276105000316,11351.127610500032,True,164
2022-05-27 08:31:00,14263.762028,2022-05-27 11:00:00,14435.794849999997,Long,14225.532512,14435.794849999997,TP,172.0328219999974,1.2060830912791038,14213.64843,14237.416594,14225.532512,1523.160432500029,11523.16043250003,True,164
2022-06-01 08:31:00,14634.316296,2022-06-01 09:00:00,14594.225417000001,Long,14594.225417000001,14814.725251499998,SL,-40.090878999999404,-0.27395115828511546,14589.357239,14599.093595,14594.225417000001,1483.0695535000295,11483.06955350003,False,165
2022-06-02 08:31:00,14267.198389,2022-06-02 08:33:00,14313.446082,Short,14313.446082,14059.083770499994,SL,-46.24769300000116,-0.32415399112735477,14308.148359,14318.743805,14313.446082,1436.8218605000284,11436.82186050003,False,165
2022-06-06 08:31:00,14622.002669,2022-06-06 08:32:00,14608.4004065,Long,14608.4004065,14683.212850249995,SL,-13.602262499998687,-0.09302598835409012,14596.802688,14619.998125,14608.4004065,1423.2195980000297,11423.219598000029,False,165
2022-06-08 08:31:00,14486.839134,2022-06-08 08:34:00,14506.025483,Short,14506.025483,14400.500563500002,SL,-19.18634899999961,-0.13243985677296616,14502.589122,14509.461844,14506.025483,1404.03324900003,11404.03324900003,False,165
2022-06-13 08:31:00,13195.829353,2022-06-13 08:40:00,13161.402717500001,Long,13161.402717500001,13350.74921274999,SL,-34.426635499998156,-0.2608902750941641,13147.832052,13174.973383,13161.402717500001,1369.606613500032,11369.606613500033,False,165
2022-06-17 08:31:00,12836.706691,2022-06-17 09:20:00,12805.565585,Long,12805.565585,12976.841667999995,SL,-31.141105999999127,-0.24259420075269464,12793.56626,12817.56491,12805.565585,1338.4655075000328,11338.465507500034,False,165
2022-06-28 08:31:00,13818.365772,2022-06-28 09:03:00,13792.081536,Long,13792.081536,13936.644833999997,SL,-26.28423599999951,-0.1902123335977903,13790.653045,13793.510027,13792.081536,1312.1812715000333,11312.181271500034,False,165
2022-07-05 08:31:00,13042.980805,2022-07-05 08:45:00,13075.9789495,Short,13075.9789495,12894.489154749994,SL,-32.99814450000122,-0.25299542331114566,13067.550852,13084.407047,13075.9789495,1279.183127000032,11279.183127000033,False,165
2022-07-07 08:31:00,13643.804161,2022-07-07 08:32:00,13631.804834999999,Long,13631.804834999999,13697.801128000005,SL,-11.99932600000102,-0.08794707002831642,13627.80506,13635.80461,13631.804834999999,1267.183801000031,11267.183801000032,False,165
2022-07-12 08:31:00,13685.801799,2022-07-12 08:34:00,13652.8036545,Long,13652.8036545,13834.293449250006,SL,-32.99814450000122,-0.24111224891779698,13652.375107,13653.232202,13652.8036545,1234.1856565000298,11234.18565650003,False,165
2022-07-13 08:31:00,13215.54253,2022-07-13 08:32:00,13205.114545,Long,13205.114545,13262.4684625,SL,-10.427985000000263,-0.07890697620871916,13194.68656,13215.54253,13205.114545,1223.7576715000296,11223.757671500029,False,165
2022-07-15 08:31:00,13640.947178,2022-07-15 08:32:00,13666.660016000002,Long,13635.233214,13666.660016000002,TP,25.712838000001284,0.18849745303222581,13634.376119,13636.090309,13635.233214,1249.4705095000309,11249.470509500032,True,166
2022-07-28 08:31:00,14445.187666,2022-07-28 08:33:00,14428.617169000001,Long,14428.617169000001,14519.754902499993,SL,-16.570496999998795,-0.11471292296881118,14423.474601,14433.759737,14428.617169000001,1232.900012500032,11232.900012500031,False,167
2022-08-03 08:31:00,14874.306391,2022-08-03 08:37:00,14934.731563000005,Long,14860.878574999999,14934.731563000005,TP,60.42517200000475,0.40623858626823917,14851.736232,14870.020918,14860.878574999999,1293.3251845000368,11293.325184500038,True,168
2022-08-05 08:31:00,15023.72656,2022-08-05 09:02:00,15109.864574499992,Long,15004.584779,15109.864574499992,TP,86.138014499993,0.5733465272812647,14996.870927,15012.298631,15004.584779,1379.4631990000298,11379.46319900003,True,168
2022-08-15 08:31:00,15503.41387,2022-08-15 08:42:00,15482.843598,Long,15482.843598,15595.980094000004,SL,-20.57027200000084,-0.13268220904432865,15468.844385,15496.842811,15482.843598,1358.892927000029,11358.89292700003,False,169
2022-08-23 08:31:00,14760.312801,2022-08-23 08:42:00,14742.8852105,Long,14742.8852105,14838.736958249998,SL,-17.427590499999496,-0.11807060415968142,14740.885323,14744.885098,14742.8852105,1341.4653365000295,11341.46533650003,False,169
2022-08-24 08:31:00,14746.884985,2022-08-24 08:33:00,14720.886447,Long,14720.886447,14863.878406,SL,-25.998537999999826,-0.17629850660966434,14718.029465,14723.743429,14720.886447,1315.4667985000297,11315.46679850003,False,169
2022-08-29 08:31:00,14314.909278,2022-08-29 09:37:00,14293.0533635,Long,14293.0533635,14413.260893249999,SL,-21.855914499999926,-0.15267937837083878,14291.196325,14294.910402,14293.0533635,1293.6108840000297,11293.61088400003,False,169
2022-08-31 08:31:00,14232.342492,2022-08-31 08:35:00,14173.8457815,Short,14245.341761,14173.8457815,TP,58.49671049999961,0.4110125268056233,14237.770758,14252.912764,14245.341761,1352.1075945000293,11352.10759450003,True,170
2022-09-02 08:31:00,14129.205435,2022-09-02 09:26:00,14161.346485,Short,14161.346485,13984.57071,SL,-32.14105000000018,-0.22747952917707842,14152.061293,14170.631677,14161.346485,1319.9665445000292,11319.966544500028,False,171
2022-09-05 08:31:00,13839.221743,2022-09-05 08:32:00,13835.364819999995,Short,13840.078837000001,13835.364819999995,TP,3.8569230000048265,0.027869507921973225,13839.793139,13840.364535,13840.078837000001,1323.823467500034,11323.823467500035,True,172
2022-09-08 08:31:00,13891.504517,2022-09-08 08:32:00,13896.789934,Short,13896.789934,13867.720140499994,SL,-5.285417000000962,-0.03804783703257505,13892.933008,13900.64686,13896.789934,1318.538050500033,11318.538050500032,False,173
2022-09-09 08:31:00,14220.057469,2022-09-09 09:01:00,14310.695229249995,Long,14199.9157445,14310.695229249995,TP,90.63776024999606,0.6373937689604148,14194.058931,14205.772558,14199.9157445,1409.175810750029,11409.175810750028,True,174
2022-09-13 08:31:00,14199.163138,2022-09-13 08:34:00,14152.021916,Long,14152.021916,14411.298637,SL,-47.1412220000002,-0.33200000268917396,14150.034033,14154.009799,14152.021916,1362.034588750029,11362.03458875003,False,175
2022-09-16 08:31:00,13425.876713,2022-09-16 08:39:00,13452.145165,Short,13452.145165,13307.668678999999,SL,-26.268452000000252,-0.1956553941432,13444.051642,13460.238688,13452.145165,1335.7661367500286,11335.76613675003,False,175
2022-09-19 08:31:00,13463.078521,2022-09-19 09:40:00,13576.813818249997,Long,13437.8040105,13576.813818249997,TP,113.73529724999753,0.8447941313912027,13433.828245,13441.779776,13437.8040105,1449.5014340000262,11449.501434000027,True,176
2022-09-22 08:31:00,13256.338706,2022-09-22 08:32:00,13234.7559775,Long,13234.7559775,13353.46098425,SL,-21.582728499999575,-0.16281062953099515,13225.952496,13243.559459,13234.7559775,1427.9187055000266,11427.918705500026,False,177
2022-09-26 08:31:00,12943.105167,2022-09-26 09:16:00,13091.983394249997,Long,12910.0211165,13091.983394249997,TP,148.8782272499975,1.1502512366938067,12899.087761,12920.954472,12910.0211165,1576.796932750024,11576.796932750025,True,178
2022-09-30 08:31:00,12730.969669,2022-09-30 08:32:00,12716.770506500001,Long,12716.770506500001,12794.865900249995,SL,-14.199162499999147,-0.11153245093792194,12715.918557,12717.622456,12716.770506500001,1562.597770250025,11562.597770250024,False,179
2022-10-04 08:31:00,13095.036212,2022-10-04 08:39:00,13140.402536750005,Long,13084.9548065,13140.402536750005,TP,45.36632475000442,0.34643909352791047,13082.540949,13087.368664,13084.9548065,1607.9640950000294,11607.964095000028,True,180
2022-10-05 08:31:00,13066.353903,2022-10-05 08:38:00,13050.876815,Long,13050.876815,13136.000798999998,SL,-15.47708799999964,-0.11844993725790745,13047.327024,13054.426606,13050.876815,1592.4870070000297,11592.487007000029,False,181
2022-10-06 08:31:00,13206.925618,2022-10-06 09:01:00,13174.2675425,Long,13174.2675425,13353.886957749997,SL,-32.65807549999954,-0.24727992300864599,13168.019911,13180.515174,13174.2675425,1559.8289315000302,11559.82893150003,False,181
2022-10-07 08:31:00,12853.366456,2022-10-07 08:33:00,12875.0911755,Short,12875.0911755,12755.605218249999,SL,-21.724719499999992,-0.16901968503246723,12866.429686,12883.752665,12875.0911755,1538.1042120000302,11538.104212000031,False,181
2022-10-12 08:31:00,12293.351462,2022-10-12 08:35:00,12332.8251355,Short,12332.8251355,12115.719931250005,SL,-39.47367349999877,-0.3210977382532006,12326.861487,12338.788784,12332.8251355,1498.6305385000314,11498.63053850003,False,181
2022-10-17 08:31:00,12523.945871,2022-10-17 08:36:00,12582.730405999999,Long,12510.882641,12582.730405999999,TP,58.78453499999887,0.46937710850474235,12500.943227,12520.822055,12510.882641,1557.4150735000303,11557.41507350003,True,182
2022-10-19 08:31:00,12669.629285,2022-10-19 08:41:00,12646.342657000001,Long,12646.342657000001,12774.419111,SL,-23.286627999999837,-0.18379881112677587,12645.490707,12647.194607,12646.342657000001,1534.1284455000305,11534.128445500031,False,183
2022-10-20 08:31:00,12658.553937,2022-10-20 08:32:00,12634.6993435,Long,12634.6993435,12765.899607750001,SL,-23.854593500000192,-0.18844643407707898,12624.191963,12645.206724,12634.6993435,1510.2738520000303,11510.273852000031,False,183
2022-10-24 08:31:00,12864.15782,2022-10-24 08:35:00,12899.087760999999,Short,12899.087760999999,12706.973085500007,SL,-34.92994099999851,-0.2715291703409661,12897.667845,12900.507677,12899.087760999999,1475.3439110000318,11475.343911000033,False,183
2022-10-25 08:31:00,13128.830221,2022-10-25 08:40:00,13094.610237500001,Long,13094.610237500001,13282.820146749997,SL,-34.219983499999216,-0.26064761996284497,13087.936631,13101.283844,13094.610237500001,1441.1239275000326,11441.123927500033,False,183
2022-10-26 08:31:00,13020.064631,2022-10-26 08:32:00,13027.3062045,Short,13027.3062045,12987.477550249994,SL,-7.241573500001323,-0.05561856799665623,13020.916581,13033.695828,13027.3062045,1433.8823540000312,11433.88235400003,False,183
2022-10-27 08:31:00,12992.234271,2022-10-27 08:35:00,12976.3312085,Long,12976.3312085,13063.798052249997,SL,-15.903062499999578,-0.12240436993579192,12960.996112,12991.666305,12976.3312085,1417.9792915000316,11417.979291500033,False,183
2022-10-28 08:31:00,12786.346406,2022-10-28 09:31:00,12969.08963750001,Long,12745.736798999998,12969.08963750001,TP,182.74323150000964,1.4292060116113958,12740.6251,12750.848498,12745.736798999998,1600.7225230000413,11600.72252300004,True,184
2022-10-31 08:31:00,13082.824932,2022-10-31 08:32:00,13057.8344045,Long,13057.8344045,13195.282305749999,SL,-24.9905275000001,-0.1910178239783244,13056.130505,13059.538304,13057.8344045,1575.7319955000412,11575.731995500042,False,185
2022-11-08 08:31:00,12554.048097,2022-11-08 08:52:00,12570.8031095,Short,12570.8031095,12478.65054075,SL,-16.755012499999793,-0.13346302619315026,12561.715645,12579.890574,12570.8031095,1558.9769830000414,11558.97698300004,False,185
2022-11-09 08:31:00,12485.892114,2022-11-09 08:41:00,12505.486959,Short,12505.486959,12397.715311500002,SL,-19.594844999999623,-0.1569358826833735,12505.202976,12505.770942,12505.486959,1539.3821380000418,11539.38213800004,False,185
2022-11-17 08:31:00,13156.66058,2022-11-17 10:57:00,13291.481630749991,Long,13126.700346500002,13291.481630749991,TP,134.82105074999163,1.0247361017653587,13125.706405,13127.694288,13126.700346500002,1674.2031887500334,11674.203188750034,True,186
2022-11-18 08:31:00,13371.63591,2022-11-18 15:59:00,13302.911961,Short,13431.272395,13103.271727500005,EOD,68.72394900000108,0.5139531876470385,13419.345098,13443.199692,13431.272395,1742.9271377500345,11742.927137750034,True,186
2022-11-21 08:31:00,13276.501517,2022-11-21 08:33:00,13248.529166,Long,13248.529166,13402.377096500002,SL,-27.972351000000344,-0.2106906775416922,13240.435643,13256.622689,13248.529166,1714.9547867500341,11714.954786750033,False,187
2022-11-28 08:31:00,13325.914605,2022-11-28 09:22:00,13302.3439945,Long,13302.3439945,13431.982352250005,SL,-23.57061050000084,-0.17687799448419803,13294.392463,13310.295526,13302.3439945,1691.3841762500333,11691.384176250034,False,187
2022-12-01 08:31:00,13685.721399,2022-12-01 08:32:00,13691.9690305,Short,13691.9690305,13657.60705725,SL,-6.247631500000352,-0.045650728360266485,13691.117081,13692.82098,13691.9690305,1685.136544750033,11685.136544750032,False,187
2022-12-02 08:31:00,13498.576429,2022-12-02 08:48:00,13465.350387,Long,13465.350387,13648.093618000003,SL,-33.226042000000234,-0.24614478552433308,13457.966822,13472.733952,13465.350387,1651.9105027500327,11651.910502750034,False,187
2022-12-07 08:31:00,13093.048329,2022-12-07 08:32:00,13077.003275,Long,13077.003275,13165.251072,SL,-16.045054000000164,-0.12254635892897242,13074.589417,13079.417133,13077.003275,1635.8654487500326,11635.865448750032,False,187
2022-12-13 08:31:00,13780.470701,2022-12-13 08:47:00,13810.978374,Short,13810.978374,13643.1861725,SL,-30.507673000000068,-0.22138338857892736,13809.431902,13812.524846,13810.978374,1605.3577757500325,11605.357775750032,False,187
2022-12-19 08:31:00,12733.368622,2022-12-19 10:01:00,12624.5532355,Short,12757.549819,12624.5532355,TP,108.81538650000039,0.8545687298488733,12749.676871,12765.422767,12757.549819,1714.1731622500329,11714.173162250034,True,188
2022-12-22 08:31:00,12573.941426,2022-12-22 08:45:00,12477.778993249998,Short,12595.3108555,12477.778993249998,TP,96.16243275000124,0.7647755742774465,12593.904972,12596.716739,12595.3108555,1810.3355950000341,11810.335595000033,True,188
2022-12-23 08:31:00,12404.391868,2022-12-23 08:34:00,12372.7594875,Long,12372.7594875,12546.737580250006,SL,-31.63238050000109,-0.2550095227288339,12371.494192,12374.024783,12372.7594875,1778.703214500033,11778.703214500034,False,189
2022-12-27 08:31:00,12401.298924,2022-12-27 08:42:00,12310.830318750002,Short,12421.4030585,12310.830318750002,TP,90.46860524999829,0.7295091087185722,12414.514229,12428.291888,12421.4030585,1869.1718197500313,11869.17181975003,True,190
2022-12-28 08:31:00,12253.962326,2022-12-28 08:32:00,12256.633505000002,Short,12256.633505000002,12241.942020499997,SL,-2.6711790000008477,-0.021798492021909026,12256.21174,12257.05527,12256.633505000002,1866.5006407500305,11866.50064075003,False,191
2023-01-03 08:31:00,12473.842516,2023-01-03 08:32:00,12495.493123,Short,12495.493123,12376.414784500002,SL,-21.65060699999958,-0.17356806430920296,12485.651938,12505.334308,12495.493123,1844.850033750031,11844.85003375003,False,191
2023-01-04 08:31:00,12369.807132,2023-01-04 08:37:00,12401.017747,Short,12401.017747,12229.3593645,SL,-31.21061499999996,-0.2523128668616008,12397.36245,12404.673044,12401.017747,1813.639418750031,11813.63941875003,False,191
2023-01-06 08:31:00,12230.343482,2023-01-06 08:32:00,12237.935254,Short,12237.935254,12196.180508000001,SL,-7.591771999999764,-0.0620732525719572,12235.123487,12240.747021,12237.935254,1806.0476467500312,11806.04764675003,False,191
2023-01-09 08:31:00,12633.832066,2023-01-09 08:34:00,12603.0432155,Long,12603.0432155,12772.381893250005,SL,-30.78885050000099,-0.24370159694349214,12599.24733,12606.839101,12603.0432155,1775.2587962500302,11775.25879625003,False,191
2023-01-13 08:31:00,12875.081685,2023-01-13 08:32:00,12857.367552,Long,12857.367552,12954.795283499996,SL,-17.714132999999492,-0.13758462612813702,12852.306371,12862.428733,12857.367552,1757.5446632500307,11757.544663250032,False,191
2023-01-18 08:31:00,13170.036057,2023-01-18 08:32:00,13162.584874,Long,13162.584874,13203.566380499997,SL,-7.451182999999219,-0.05657678511851032,13160.194872,13164.974876,13162.584874,1750.0934802500315,11750.09348025003,False,191
2023-01-19 08:31:00,12834.873415,2023-01-19 08:32:00,12831.639883,Long,12831.639883,12849.424309000002,SL,-3.2335320000001957,-0.025193329886847162,12830.374588,12832.905178,12831.639883,1746.8599482500313,11746.859948250032,False,191
2023-01-20 08:31:00,12833.186355,2023-01-20 08:40:00,12844.7146,Short,12844.7146,12781.309252500003,SL,-11.528244999999515,-0.08983150934692022,12838.809889,12850.619311,12844.7146,1735.3317032500318,11735.33170325003,False,191
2023-01-23 08:31:00,13136.013675,2023-01-23 08:33:00,13157.9454585,Short,13157.9454585,13037.32064925,SL,-21.931783500000165,-0.16695920119008376,13156.258398,13159.632519,13157.9454585,1713.3999197500316,11713.39991975003,False,191
2023-01-25 08:31:00,13153.165454,2023-01-25 08:38:00,13164.131346,Short,13164.131346,13103.81894,SL,-10.965892000000167,-0.08337074477129258,13157.945458,13170.317234,13164.131346,1702.4340277500314,11702.43402775003,False,191
2023-01-26 08:31:00,13556.372861,2023-01-26 08:34:00,13529.5204845,Long,13529.5204845,13677.208555249996,SL,-26.85237649999908,-0.19807935924549577,13519.819888,13539.221081,13529.5204845,1675.5816512500323,11675.581651250031,False,191
2023-01-27 08:31:00,13577.461114,2023-01-27 08:49:00,13650.84823675,Long,13561.1528645,13650.84823675,TP,73.38712275000034,0.5405069632225231,13555.810507,13566.495222,13561.1528645,1748.9687740000327,11748.968774000034,True,192
2023-01-30 08:31:00,13605.297609,2023-01-30 08:33:00,13597.0028955,Long,13597.0028955,13642.623819749997,SL,-8.294713499999489,-0.06096679204218567,13591.238773,13602.767018,13597.0028955,1740.6740605000332,11740.674060500034,False,193
2023-01-31 08:31:00,13496.763398,2023-01-31 09:00:00,13476.5186745,Long,13476.5186745,13587.864653749999,SL,-20.244723499999964,-0.1499968763103597,13470.332787,13482.704562,13476.5186745,1720.4293370000332,11720.429337000034,False,193
2023-02-06 08:31:00,14104.105097,2023-02-06 08:54:00,14075.143896000001,Long,14075.143896000001,14234.430501499992,SL,-28.961200999998255,-0.20533880597754778,14070.645069,14079.642723,14075.143896000001,1691.468136000035,11691.468136000036,False,193
2023-02-09 08:31:00,14269.999358,2023-02-09 11:33:00,14120.694523999995,Short,14303.17821,14120.694523999995,TP,149.30483400000412,1.0462847982981958,14299.522913,14306.833507,14303.17821,1840.772970000039,11840.772970000038,True,194
2023-02-10 08:31:00,13913.186109,2023-02-10 08:38:00,13889.004912,Long,13889.004912,14022.0014955,SL,-24.181196999999884,-0.1738005717062739,13874.383723,13903.626101,13889.004912,1816.5917730000392,11816.59177300004,False,195
2023-02-14 08:31:00,13946.646138,2023-02-14 08:34:00,14002.0379505,Short,14002.0379505,13697.38298175,SL,-55.391812500000015,-0.39716941228669767,13983.199111,14020.87679,14002.0379505,1761.1999605000392,11761.199960500038,False,195
2023-02-15 08:31:00,14155.279259,2023-02-15 08:54:00,14119.710405,Long,14119.710405,14315.339102000005,SL,-35.56885400000101,-0.25127624364871604,14119.007463,14120.413347,14119.710405,1725.6311065000382,11725.631106500037,False,195
2023-02-16 08:31:00,14109.166278,2023-02-16 08:36:00,14090.046262,Long,14090.046262,14195.206350000004,SL,-19.12001600000076,-0.13551485341705857,14088.078025,14092.014499,14090.046262,1706.5110905000374,11706.511090500037,False,195
2023-03-03 08:31:00,13630.322336,2023-03-03 08:37:00,13642.2723465,Short,13642.2723465,13576.547288749996,SL,-11.950010500000644,-0.087672251656431,13638.195284,13646.349409,13642.2723465,1694.5610800000368,11694.561080000036,False,195
2023-03-08 08:31:00,13727.890656,2023-03-08 08:32:00,13714.5347615,Long,13714.5347615,13787.992181250002,SL,-13.355894500000431,-0.09729021620785579,13707.645932,13721.423591,13714.5347615,1681.2051855000364,11681.205185500035,False,195
2023-03-10 08:31:00,13488.328096,2023-03-10 08:32:00,13498.3098695,Short,13498.3098695,13443.410115249993,SL,-9.981773500001509,-0.07400304492119844,13493.1081,13503.511639,13498.3098695,1671.2234120000348,11671.223412000036,False,195
2023-03-15 08:31:00,13617.409045,2023-03-15 08:40:00,13595.5608505,Long,13595.5608505,13715.725920250003,SL,-21.848194500000318,-0.1604431094623134,13595.143369,13595.978332,13595.5608505,1649.3752175000345,11649.375217500034,False,195
2023-03-21 08:31:00,14252.81577,2023-03-21 08:40:00,14231.941698999999,Long,14231.941698999999,14346.749089500001,SL,-20.874071000000185,-0.14645576942022162,14226.096959,14237.786439,14231.941698999999,1628.5011465000343,11628.501146500035,False,195
2023-03-23 08:31:00,14330.188994,2023-03-23 08:32:00,14321.8393655,Long,14321.8393655,14367.76232225,SL,-8.349628500000108,-0.05826600405267557,14314.603021,14329.07571,14321.8393655,1620.1515180000342,11620.151518000035,False,195
2023-03-27 08:31:00,14354.402917,2023-03-27 08:35:00,14378.616839,Short,14378.616839,14245.440267999995,SL,-24.21392200000082,-0.16868637546271004,14378.060197,14379.173481,14378.616839,1595.9375960000334,11595.937596000032,False,195
2023-03-28 08:31:00,14199.93479,2023-03-28 08:41:00,14131.676575999996,Short,14215.103282,14131.676575999996,TP,68.25821400000314,0.4806938553553959,14214.685801,14215.520763,14215.103282,1664.1958100000365,11664.195810000037,True,196
2023-03-30 08:31:00,14529.745114,2023-03-30 08:32:00,14537.955582,Short,14537.955582,14492.798007999994,SL,-8.210468000001129,-0.056507997460258336,14534.47657,14541.434594,14537.955582,1655.9853420000354,11655.985342000036,False,197
2023-04-06 08:31:00,14460.164877,2023-04-06 09:01:00,14482.987195000002,Short,14482.987195000002,14357.464445999989,SL,-22.82231800000227,-0.15782889195338923,14482.152232,14483.822158,14482.987195000002,1633.1630240000331,11633.163024000034,False,197
2023-04-11 08:31:00,14619.086139,2023-04-11 08:33:00,14634.6721115,Short,14634.6721115,14548.949262749995,SL,-15.585972500000935,-0.10661386321831381,14627.435767,14641.908456,14634.6721115,1617.5770515000322,11617.577051500033,False,197
2023-04-13 08:31:00,14522.787091,2023-04-13 09:08:00,14585.409307000005,Long,14508.871043,14585.409307000005,TP,62.62221600000521,0.43119971123733675,14506.644475,14511.097611,14508.871043,1680.1992675000374,11680.199267500037,True,198
2023-04-20 08:31:00,14553.402395,2023-04-20 09:08:00,14626.044162499995,Long,14537.25978,14626.044162499995,TP,72.6417674999957,0.4991394144708915,14532.528324,14541.991236,14537.25978,1752.8410350000331,11752.841035000034,True,198
2023-04-27 08:31:00,14499.964773,2023-04-27 08:32:00,14512.071734000001,Short,14512.071734000001,14445.483448499994,SL,-12.10696100000132,-0.0834964856090228,14510.81929,14513.324178,14512.071734000001,1740.7340740000318,11740.734074000033,False,199
2023-05-02 08:31:00,14799.438113,2023-05-02 08:32:00,14802.4996435,Short,14802.4996435,14785.661225750004,SL,-3.0615304999992077,-0.02068680227332363,14800.273076,14804.726211,14802.4996435,1737.6725435000326,11737.672543500033,False,199
2023-05-04 08:31:00,14547.835976,2023-05-04 08:34:00,14553.819876000001,Short,14553.819876000001,14520.908425999995,SL,-5.983900000001086,-0.04113257813652081,14552.289111,14555.350641,14553.819876000001,1731.6886435000315,11731.68864350003,False,199
2023-05-10 08:31:00,14919.672763,2023-05-10 08:40:00,14886.55257,Long,14886.55257,15068.713631500003,SL,-33.120193000000654,-0.2219900766331617,14885.717607,14887.387533,14886.55257,1698.5684505000308,11698.568450500032,False,199
2023-05-16 08:31:00,14988.139716,2023-05-16 11:40:00,15085.204146749995,Long,14966.569842500001,15085.204146749995,TP,97.06443074999515,0.6476082595252153,14960.864263,14972.275422,14966.569842500001,1795.632881250026,11795.632881250025,True,200
2023-05-18 08:31:00,15214.414647,2023-05-18 08:39:00,15255.745306499997,Long,15205.230056,15255.745306499997,TP,41.33065949999764,0.2716546147777514,15200.776921,15209.683191,15205.230056,1836.9635407500236,11836.963540750025,True,200
2023-05-25 08:31:00,15489.395744,2023-05-25 10:05:00,15520.2893695,Short,15520.2893695,15350.374429249996,SL,-30.89362550000078,-0.1994501658463197,15506.929964,15533.648775,15520.2893695,1806.0699152500229,11806.069915250024,False,201
2023-05-31 08:31:00,15980.353898,2023-05-31 09:13:00,15957.8099005,Long,15957.8099005,16081.801886749996,SL,-22.543997499999023,-0.1410732055365838,15954.470049,15961.149752,15957.8099005,1783.5259177500238,11783.525917750023,False,201
2023-06-02 08:31:00,16240.027342,2023-06-02 08:46:00,16208.298754,Long,16208.298754,16382.805988,SL,-31.728587999999945,-0.19537274988412975,16192.43446,16224.163048,16208.298754,1751.797329750024,11751.797329750025,False,201
2023-06-05 08:31:00,16244.758799,2023-06-05 10:33:00,16351.216563499998,Long,16221.101518,16351.216563499998,TP,106.45776449999903,0.6553360737282994,16220.544876,16221.65816,16221.101518,1858.255094250023,11858.255094250024,True,202
2023-06-06 08:31:00,16179.631697,2023-06-06 08:48:00,16203.9847795,Short,16203.9847795,16070.042825750003,SL,-24.3530824999998,-0.15051691506992282,16198.2792,16209.690359,16203.9847795,1833.9020117500231,11833.902011750022,False,203
2023-06-07 08:31:00,16294.299927,2023-06-07 09:02:00,16264.658746000001,Long,16264.658746000001,16427.685241499996,SL,-29.64118099999905,-0.18191135018254442,16251.16018,16278.157312,16264.658746000001,1804.260830750024,11804.260830750023,False,203
2023-06-14 08:31:00,16590.358263,2023-06-14 08:40:00,16598.0582085,Short,16598.0582085,16555.708508249998,SL,-7.699945500000467,-0.04641217132226114,16595.03323,16601.083187,16598.0582085,1796.5608852500236,11796.560885250023,False,203
2023-06-19 08:31:00,16771.856986,2023-06-19 08:32:00,16773.644473,Short,16773.644473,16763.813294499992,SL,-1.7874870000014198,-0.010657657059045351,16772.68198,16774.606966,16773.644473,1794.7733982500222,11794.773398250021,False,203
2023-06-20 08:31:00,16767.457017,2023-06-20 09:00:00,16744.0821815,Long,16744.0821815,16872.643776749996,SL,-23.37483549999888,-0.13940596642830136,16742.432193,16745.73217,16744.0821815,1771.3985627500233,11771.398562750022,False,203
2023-07-04 08:31:00,16903.581059,2023-07-04 08:33:00,16900.693579,Long,16900.693579,16916.574719000004,SL,-2.887480000001233,-0.017082060836238293,16900.006084,16901.381074,16900.693579,1768.511082750022,11768.511082750021,False,203
2023-07-05 08:31:00,16865.631326,2023-07-05 15:59:00,16889.831156,Long,16838.4065175,16988.142964249993,EOD,24.199830000001384,0.1434860606889646,16824.381616,16852.431419,16838.4065175,1792.7109127500235,11792.710912750023,True,204
2023-07-10 08:31:00,16725.382313,2023-07-10 08:43:00,16698.570001,Long,16698.570001,16846.037716999992,SL,-26.8123119999982,-0.1603091128096846,16686.057589,16711.082413,16698.570001,1765.8986007500253,11765.898600750024,False,205
2023-07-14 08:31:00,17330.653054,2023-07-14 09:24:00,17442.646016499995,Long,17305.765729,17442.646016499995,TP,111.99296249999679,0.6462131701041022,17294.078311,17317.453147,17305.765729,1877.891563250022,11877.891563250021,True,206
2023-07-17 08:31:00,17317.728145,2023-07-17 08:38:00,17354.85288400001,Long,17309.478203,17354.85288400001,TP,37.12473900000987,0.21437418747521209,17302.328253,17316.628153,17309.478203,1915.016302250032,11915.016302250031,True,206
2023-07-18 08:31:00,17374.927742,2023-07-18 08:37:00,17338.421748500008,Short,17383.040184999998,17338.421748500008,TP,36.505993499991746,0.21010731119040382,17378.502717,17387.577653,17383.040184999998,1951.5222957500237,11951.522295750023,True,206
2023-07-21 08:31:00,17238.8037,2023-07-21 08:32:00,17247.053642,Short,17247.053642,17201.678961000005,SL,-8.249941999998555,-0.04785681270910089,17241.003685,17253.103599,17247.053642,1943.272353750025,11943.272353750024,False,207
2023-07-24 08:31:00,17171.97917,2023-07-24 08:37:00,17150.8043195,Long,17150.8043195,17267.265997249997,SL,-21.174850499999593,-0.12331048326096702,17137.329414,17164.279225,17150.8043195,1922.0975032500255,11922.097503250025,False,207
2023-07-25 08:31:00,17174.179155,2023-07-25 12:02:00,17271.322223250005,Long,17152.5918065,17271.322223250005,TP,97.14306825000313,0.5656344176526271,17150.254323,17154.92929,17152.5918065,2019.2405715000286,12019.240571500028,True,208
2023-08-01 08:31:00,17356.502872,2023-08-01 08:34:00,17371.2152685,Short,17371.2152685,17290.297087750005,SL,-14.712396499999159,-0.08476590364141622,17369.702779,17372.727758,17371.2152685,2004.5281750000295,12004.528175000029,False,209
2023-08-02 08:31:00,17195.079008,2023-08-02 09:49:00,17057.09873000001,Short,17225.741292,17057.09873000001,TP,137.9802779999918,0.8024405001907613,17222.303816,17229.178768,17225.741292,2142.5084530000213,12142.50845300002,True,210
2023-08-03 08:31:00,16911.006007,2023-08-03 08:33:00,16903.168561500002,Long,16903.168561500002,16946.274511749987,SL,-7.837445499997557,-0.04634523514895205,16897.531101,16908.806022,16903.168561500002,2134.6710075000237,12134.671007500023,False,211
2023-08-04 08:31:00,17083.154795,2023-08-04 08:43:00,17067.7549035,Long,17067.7549035,17152.454306749987,SL,-15.399891499997466,-0.09014664846627041,17066.379913,17069.129894,17067.7549035,2119.2711160000263,12119.271116000025,False,211
2023-08-14 08:31:00,16560.383474,2023-08-14 08:33:00,16570.283404,Short,16570.283404,16515.833788999982,SL,-9.899930000003224,-0.05978080166770433,16570.008406,16570.558402,16570.283404,2109.371186000023,12109.371186000022,False,211
2023-08-21 08:31:00,16292.810357,2023-08-21 08:32:00,16290.060376,Long,16290.060376,16305.185271500004,SL,-2.749981000000844,-0.016878493886227242,16289.51038,16290.610372,16290.060376,2106.621205000022,12106.621205000021,False,211
2023-08-22 08:31:00,16584.308305,2023-08-22 08:32:00,16589.395770000003,Short,16589.395770000003,16561.41471249998,SL,-5.087465000004158,-0.03067637737095336,16584.858302,16593.933238,16589.395770000003,2101.533740000018,12101.533740000017,False,211
2023-08-23 08:31:00,16534.533656,2023-08-23 08:32:00,16515.008793499997,Long,16515.008793499997,16622.39553725001,SL,-19.5248625000022,-0.11808535339560108,16513.083807,16516.93378,16515.008793499997,2082.008877500016,12082.008877500015,False,211
2023-08-24 08:31:00,16823.006626,2023-08-24 09:10:00,16667.70146949999,Short,16857.518883,16667.70146949999,TP,155.30515650000962,0.9231712258853011,16848.856444,16866.181322,16857.518883,2237.3140340000255,12237.314034000025,True,212
2023-08-25 08:31:00,16401.70959,2023-08-25 08:32:00,16392.359656,Long,16392.359656,16443.78429299999,SL,-9.34993399999803,-0.057005850205387225,16386.859695,16397.859617,16392.359656,2227.9641000000274,12227.964100000027,False,213
2023-08-28 08:31:00,16581.283327,2023-08-28 08:33:00,16599.158200500002,Short,16599.158200500002,16500.846396249995,SL,-17.87487350000083,-0.1078015081673107,16592.833245,16605.483156,16599.158200500002,2210.0892265000266,12210.089226500026,False,213
2023-08-31 08:31:00,17089.754749,2023-08-31 11:46:00,17055.242491999998,Long,17055.242491999998,17245.05990550001,SL,-34.51225700000214,-0.20194705838023574,17042.180084,17068.3049,17055.242491999998,2175.5769695000245,12175.576969500024,False,213
2023-09-04 08:31:00,17116.704559,2023-09-04 09:13:00,17112.1670915,Long,17112.1670915,17137.12316275001,SL,-4.537467500002094,-0.02650900168523551,17110.379604,17113.954579,17112.1670915,2171.0395020000224,12171.039502000021,False,213
2023-09-07 08:31:00,16683.032611,2023-09-07 08:35:00,16716.0323785,Short,16716.0323785,16534.533657249995,SL,-32.999767500001326,-0.19780436968182183,16715.207384,16716.857373,16716.0323785,2138.039734500021,12138.03973450002,False,213
2023-09-08 08:31:00,16841.431496,2023-09-08 13:14:00,16814.206687500002,Long,16814.206687500002,16963.943134249996,SL,-27.2248084999992,-0.16165376741558668,16807.606734,16820.806641,16814.206687500002,2110.814926000022,12110.814926000021,False,213
2023-09-13 08:31:00,16879.659704,2023-09-13 08:54:00,16847.0771575,Long,16847.0771575,17026.28116325001,SL,-32.58254650000163,-0.19302845597225213,16838.931521,16855.222794,16847.0771575,2078.23237950002,12078.23237950002,False,213
2023-09-14 08:31:00,16938.579809,2023-09-14 08:33:00,16960.3015065,Short,16960.3015065,16840.832170249996,SL,-21.721697500001028,-0.12823800900037446,16959.486943,16961.11607,16960.3015065,2056.510682000019,12056.510682000018,False,213
2023-09-19 08:31:00,16660.8136,2023-09-19 08:32:00,16667.058589,Short,16667.058589,16632.711149500006,SL,-6.2449889999988955,-0.0374830974640932,16662.171207,16671.945971,16667.058589,2050.2656930000203,12050.26569300002,False,213
2023-09-20 08:31:00,16701.270262,2023-09-20 08:35:00,16730.187272,Short,16730.187272,16571.14371699999,SL,-28.917010000001028,-0.17314257865639843,16717.290014,16743.08453,16730.187272,2021.3486830000193,12021.348683000018,False,213
2023-09-21 08:31:00,16300.776462,2023-09-21 08:33:00,16283.942147,Long,16283.942147,16376.5308795,SL,-16.83431500000006,-0.1032730866486258,16280.412371,16287.471923,16283.942147,2004.5143680000192,12004.514368000018,False,213
2023-09-22 08:31:00,16208.187726,2023-09-22 08:32:00,16213.753911,Short,16213.753911,16183.139893500002,SL,-5.5661849999996775,-0.03434180979450779,16209.273811,16218.234011,16213.753911,1998.9481830000195,11998.948183000019,False,213
2023-09-27 08:31:00,16046.089558,2023-09-27 08:33:00,16033.7353425,Long,16033.7353425,16101.683527749998,SL,-12.354215499999555,-0.07699206373829684,16026.268509,16041.202176,16033.7353425,1986.59396750002,11986.593967500019,False,213
2023-10-04 08:31:00,16049.347812,2023-10-04 09:02:00,16034.821426999999,Long,16034.821426999999,16114.716544500005,SL,-14.526385000001028,-0.09051074953425671,16027.626115,16042.016739,16034.821426999999,1972.067582500019,11972.067582500018,False,213
2023-10-06 08:31:00,16058.579534,2023-10-06 08:36:00,16021.245366,Long,16021.245366,16226.583290000006,SL,-37.33416800000123,-0.23248736241555812,16013.507011,16028.983721,16021.245366,1934.7334145000177,11934.733414500017,False,213
2023-10-11 08:31:00,16686.336595,2023-10-11 08:50:00,16653.4825275,Long,16653.4825275,16834.17989875,SL,-32.85406750000038,-0.19689203386826673,16648.052103,16658.912952,16653.4825275,1901.8793470000173,11901.879347000016,False,213
2023-10-19 08:31:00,16396.080411,2023-10-19 08:32:00,16387.934774499998,Long,16387.934774499998,16432.735775250003,SL,-8.145636500001274,-0.04968038882351682,16387.391732,16388.477817,16387.934774499998,1893.733710500016,11893.733710500015,False,213
2023-10-20 08:31:00,16102.565972,2023-10-20 08:37:00,16127.0028815,Short,16127.0028815,15992.59987925,SL,-24.436909500000183,-0.1517578598497431,16117.77116,16136.234603,16127.0028815,1869.2968010000159,11869.296801000015,False,213
2023-10-25 08:31:00,15968.70601,2023-10-25 11:00:00,15828.19378,Short,15999.93095,15828.19378,TP,140.51223000000027,0.8799224552822754,15996.401174,16003.460726,15999.93095,2009.8090310000161,12009.809031000015,True,214
2023-10-27 08:31:00,15555.722234,2023-10-27 08:32:00,15548.1196395,Long,15548.1196395,15589.933909250001,SL,-7.602594500000123,-0.0488732981062313,15547.305076,15548.934203,15548.1196395,2002.206436500016,12002.206436500015,False,215
2023-10-30 08:31:00,15575.814804,2023-10-30 08:32:00,15594.278247499999,Short,15594.278247499999,15492.729308250004,SL,-18.463443499998903,-0.11853918226645412,15592.377599,15596.178896,15594.278247499999,1983.7429930000171,11983.742993000018,False,215
2023-11-06 08:31:00,16547.860773,2023-11-06 08:33:00,16526.6821175,Long,16526.6821175,16643.16472275,SL,-21.178655499999877,-0.1279842499917308,16514.735184,16538.629051,16526.6821175,1962.5643375000172,11962.564337500018,False,215
2023-11-10 08:31:00,16640.72103,2023-11-10 08:32:00,16642.214397,Short,16642.214397,16634.000878500003,SL,-1.4933669999991253,-0.00897417243704088,16641.535594,16642.8932,16642.214397,1961.0709705000181,11961.070970500019,False,215
2023-11-20 08:31:00,17316.808869,2023-11-20 14:04:00,17486.034469500002,Long,17279.20318,17486.034469500002,TP,169.22560050000175,0.9772331714242342,17265.219837,17293.186523,17279.20318,2130.29657100002,12130.29657100002,True,216
2023-11-21 08:31:00,17364.325082,2023-11-21 08:33:00,17377.901143000003,Short,17377.901143000003,17303.232807499982,SL,-13.576061000003392,-0.07818363763574346,17371.656155,17384.146131,17377.901143000003,2116.7205100000165,12116.720510000017,False,217
2023-11-22 08:31:00,17499.814171,2023-11-22 08:52:00,17467.910428000003,Long,17467.910428000003,17643.381014499995,SL,-31.90374299999894,-0.18230903876035756,17454.198606,17481.62225,17467.910428000003,2084.8167670000175,12084.816767000018,False,217
2023-11-23 08:31:00,17441.165588,2023-11-23 08:32:00,17443.6092785,Short,17443.6092785,17430.16898075,SL,-2.44369050000023,-0.014011050394943533,17442.794715,17444.423842,17443.6092785,2082.3730765000173,12082.373076500018,False,217
2023-11-24 08:31:00,17399.079799,2023-11-24 08:32:00,17402.8810955,Short,17402.8810955,17381.973964749992,SL,-3.8012965000016266,-0.021847687026644386,17400.980447,17404.781744,17402.8810955,2078.5717800000157,12078.571780000017,False,217
2023-11-27 08:31:00,17408.31152,2023-11-27 08:32:00,17384.960695,Long,17384.960695,17513.390232499987,SL,-23.350824999997712,-0.1341360704234325,17376.272016,17393.649374,17384.960695,2055.220955000018,12055.220955000019,False,217
2023-11-29 08:31:00,17553.846894,2023-11-29 08:38:00,17597.833331999987,Long,17544.07213,17597.833331999987,TP,43.98643799998899,0.25058004815470847,17539.456269,17548.687991,17544.07213,2099.207393000007,12099.207393000008,True,218
2023-12-06 08:31:00,17371.384634,2023-12-06 09:25:00,17259.58577224998,Short,17396.228825500002,17259.58577224998,TP,111.79886175001957,0.6435806016936737,17388.761992,17403.695659,17396.228825500002,2211.0062547500265,12211.006254750027,True,218
2023-12-08 08:31:00,17333.371663,2023-12-08 08:32:00,17331.335253999998,Long,17331.335253999998,17342.535503500018,SL,-2.036409000003914,-0.011748487481814368,17329.841887,17332.828621,17331.335253999998,2208.9698457500226,12208.969845750024,False,219
2023-12-13 08:31:00,17837.75052,2023-12-13 08:47:00,17810.950210000003,Long,17810.950210000003,17958.351914999996,SL,-26.800309999998717,-0.1502448975836372,17806.126154,17815.774266,17810.950210000003,2182.169535750024,12182.169535750025,False,219
2023-12-15 08:31:00,18026.424705,2023-12-15 08:33:00,18001.500416000003,Long,18001.500416000003,18138.584005499994,SL,-24.92428899999868,-0.13826529335617735,17999.356391,18003.644441,18001.500416000003,2157.245246750025,12157.245246750026,False,219
2023-12-18 08:31:00,18084.313375,2023-12-18 08:48:00,18059.791091,Long,18059.791091,18194.66365300001,SL,-24.5222840000024,-0.13559975151670584,18059.657089,18059.925093,18059.791091,2132.722962750023,12132.722962750024,False,219
2023-12-19 08:31:00,18203.574756,2023-12-19 08:36:00,18186.154554,Long,18186.154554,18281.965665000007,SL,-17.420202000001154,-0.0956965993410682,18175.702433,18196.606675,18186.154554,2115.3027607500217,12115.302760750023,False,219
2023-12-21 08:31:00,18167.66234,2023-12-21 08:32:00,18153.994182000002,Long,18153.994182000002,18229.169050999983,SL,-13.668157999996765,-0.07523344359996932,18145.954089,18162.034275,18153.994182000002,2101.634602750025,12101.634602750026,False,219
2023-12-22 08:31:00,18239.219168,2023-12-22 08:34:00,18229.9730615,Long,18229.9730615,18280.826647249996,SL,-9.24610649999886,-0.05069354348359821,18226.891026,18233.055097,18229.9730615,2092.388496250026,12092.388496250027,False,219
2023-12-26 08:31:00,18248.86728,2023-12-26 08:32:00,18242.301204000003,Long,18242.301204000003,18278.41462199998,SL,-6.566075999995519,-0.03598073184077384,18237.879153,18246.723255,18242.301204000003,2085.8224202500305,12085.822420250031,False,219
2023-12-27 08:31:00,18340.792344,2023-12-27 08:32:00,18328.732205,Long,18328.732205,18395.062969500006,SL,-12.060139000001072,-0.06575582326979686,18323.908149,18333.556261,18328.732205,2073.7622812500294,12073.76228125003,False,219
2024-01-08 08:31:00,17727.065239,2024-01-08 08:59:00,17828.370411249998,Long,17704.5529785,17828.370411249998,TP,101.30517224999858,0.5714717630029622,17703.480966,17705.624991,17704.5529785,2175.067453500028,12175.067453500029,True,220
2024-01-09 08:31:00,17902.875274,2024-01-09 08:43:00,17881.0330215,Long,17881.0330215,18001.16541025001,SL,-21.84225250000236,-0.12200415947556445,17878.218989,17883.847054,17881.0330215,2153.2252010000257,12153.225201000027,False,221
2024-01-10 08:31:00,18071.717229,2024-01-10 08:46:00,18058.9870815,Long,18058.9870815,18129.00289275001,SL,-12.730147500002204,-0.07044237876616347,18054.029024,18063.945139,18058.9870815,2140.4950535000235,12140.495053500024,False,221
2024-01-11 08:31:00,18223.406985,2024-01-11 08:32:00,18213.088866,Long,18213.088866,18269.838520500016,SL,-10.318119000003207,-0.05662014248211779,18209.738827,18216.438905,18213.088866,2130.1769345000203,12130.176934500021,False,221
2024-01-15 08:31:00,18184.814538,2024-01-15 08:32:00,18182.000506,Long,18182.000506,18197.47768199999,SL,-2.814031999998406,-0.015474625788005967,18180.526489,18183.474523,18182.000506,2127.362902500022,12127.362902500023,False,221
2024-01-16 08:31:00,18145.150079,2024-01-16 08:32:00,18138.047997,Long,18138.047997,18177.10944799999,SL,-7.102081999997608,-0.0391403872058192,18136.841983,18139.254011,18138.047997,2120.2608205000242,12120.260820500025,False,221
2024-01-18 08:31:00,18248.86728,2024-01-18 08:53:00,18234.663116000003,Long,18234.663116000003,18312.786017999977,SL,-14.204163999995217,-0.07783586664341842,18224.210995,18245.115237,18234.663116000003,2106.056656500029,12106.05665650003,False,221
2024-01-22 08:31:00,18821.857914,2024-01-22 08:40:00,18795.861613,Long,18795.861613,18938.841268499997,SL,-25.99630099999922,-0.1381176136743799,18793.717588,18798.005638,18795.861613,2080.06035550003,12080.06035550003,False,221
2024-01-23 08:31:00,18711.440636,2024-01-23 08:54:00,18739.714963,Short,18739.714963,18584.206164500003,SL,-28.274326999999175,-0.1511071624576068,18736.096921,18743.333005,18739.714963,2051.7860285000306,12051.786028500032,False,221
2024-01-25 08:31:00,18955.591462,2024-01-25 08:34:00,18981.9897675,Short,18981.9897675,18836.799087250005,SL,-26.39830549999897,-0.1392639504439588,18971.671648,18992.307887,18981.9897675,2025.3877230000317,12025.387723000033,False,221
2024-02-06 08:31:00,19037.600412,2024-02-06 08:32:00,19022.72624,Long,19022.72624,19104.534185999997,SL,-14.874171999999817,-0.0781304979519591,19018.840195,19026.612285,19022.72624,2010.5135510000318,12010.513551000033,False,221
2024-02-07 08:31:00,19036.260396,2024-02-07 08:32:00,19048.454536999998,Short,19048.454536999998,18981.38676150002,SL,-12.194140999996307,-0.06405743957231538,19047.248523,19049.660551,19048.454536999998,1998.3194100000355,11998.319410000036,False,221
2024-02-12 08:31:00,19310.42757,2024-02-12 08:32:00,19322.6217115,Short,19322.6217115,19255.553933249997,SL,-12.194141500000114,-0.06314796218673326,19319.807679,19325.435744,19322.6217115,1986.1252685000354,11986.125268500036,False,221
2024-02-14 08:31:00,19080.212905,2024-02-14 08:32:00,19075.522851,Long,19075.522851,19101.318147999995,SL,-4.690053999998781,-0.024580721522083987,19073.512828,19077.532874,19075.522851,1981.4352145000366,11981.435214500038,False,221
2024-02-16 08:31:00,19199.206283,2024-02-16 08:37:00,19213.812452,Short,19213.812452,19133.478522500005,SL,-14.606168999998772,-0.07607694185218403,19211.534426,19216.090478,19213.812452,1966.8290455000379,11966.829045500039,False,221
2024-02-19 08:31:00,19075.924855,2024-02-19 08:32:00,19073.914832000002,Long,19073.914832000002,19084.969958499998,SL,-2.0100229999989097,-0.010536962245749576,19071.904809,19075.924855,19073.914832000002,1964.819022500039,11964.81902250004,False,221
2024-02-20 08:31:00,18986.947825,2024-02-20 08:36:00,18944.0673285,Long,18944.0673285,19179.91005924999,SL,-42.88049649999812,-0.22584196730944628,18937.635254,18950.499403,18944.0673285,1921.9385260000408,11921.938526000042,False,221
2024-02-26 08:31:00,19344.463965,2024-02-26 08:32:00,19321.1476945,Long,19321.1476945,19449.387182249997,SL,-23.31627049999952,-0.12053200617078727,19314.71562,19327.579769,19321.1476945,1898.6222555000413,11898.622255500042,False,221
2024-02-29 08:31:00,19341.51593,2024-02-29 08:34:00,19362.018166250018,Long,19336.959877499998,19362.018166250018,TP,20.502236250016722,0.10600118586473549,19333.74384,19340.175915,19336.959877499998,1919.124491750058,11919.124491750059,True,222
2024-03-01 08:31:00,19439.873069,2024-03-01 08:48:00,19404.4966595,Long,19404.4966595,19599.066911750004,SL,-35.37640950000059,-0.1819786033295349,19401.012619,19407.9807,19404.4966595,1883.7480822500575,11883.748082250058,False,223
2024-03-05 08:31:00,19422.720871,2024-03-05 08:35:00,19363.62618925001,Short,19435.8530225,19363.62618925001,TP,59.09468174998983,0.30425542405968414,19435.317016,19436.389029,19435.8530225,1942.8427640000473,11942.842764000048,True,224
2024-03-13 08:31:00,19450.661831,2024-03-13 15:59:00,19412.324724,Short,19479.084169499998,19322.761307750014,EOD,38.337107000003016,0.1970992418309502,19470.755763,19487.412576,19479.084169499998,1981.1798710000503,11981.179871000051,True,224
2024-03-14 08:31:00,19407.565635,2024-03-14 08:34:00,19420.1243425,Short,19420.1243425,19351.051451249998,SL,-12.55870750000031,-0.0647103698433547,19412.589118,19427.659567,19420.1243425,1968.62116350005,11968.62116350005,False,225
2024-03-19 08:31:00,19159.56421,2024-03-19 08:33:00,19185.607003999998,Short,19185.607003999998,19042.37163700001,SL,-26.04279399999723,-0.13592581602876253,19184.417232,19186.796776,19185.607003999998,1942.5783695000528,11942.578369500054,False,225
2024-03-20 08:31:00,19387.207309,2024-03-20 08:32:00,19374.252011,Long,19374.252011,19445.506150000005,SL,-12.955298000000766,-0.06682395145166994,19372.930042,19375.57398,19374.252011,1929.623071500052,11929.623071500053,False,225
2024-03-27 08:31:00,19616.436771,2024-03-27 08:41:00,19552.783953750004,Short,19630.5818415,19552.783953750004,TP,63.65281724999659,0.3244871532637255,19629.127675,19632.036008,19630.5818415,1993.2758887500486,11993.27588875005,True,226
2024-03-28 08:31:00,19532.888316,2024-03-28 08:38:00,19557.609140499997,Short,19557.609140499997,19421.644605750014,SL,-24.720824499996525,-0.12656000536155693,19555.097399,19560.120882,19557.609140499997,1968.555064250052,11968.555064250053,False,227
2024-04-01 08:31:00,19557.21255,2024-04-01 08:32:00,19560.385276,Short,19560.385276,19542.935283,SL,-3.1727260000006936,-0.016222792444932,19560.120882,19560.64967,19560.385276,1965.3823382500514,11965.382338250052,False,227
2024-04-03 08:31:00,19310.797489,2024-04-03 09:00:00,19383.968485750003,Long,19294.5372675,19383.968485750003,TP,73.17099675000281,0.3789123509357041,19292.28992,19296.784615,19294.5372675,2038.5533350000542,12038.553335000055,True,228
2024-04-15 08:31:00,19350.985353,2024-04-15 08:54:00,19379.1432965,Short,19379.1432965,19224.27460725001,SL,-28.15794349999851,-0.14551167801712567,19369.757315,19388.529278,19379.1432965,2010.3953915000557,12010.395391500057,False,229
2024-04-17 08:31:00,18984.271093,2024-04-17 08:32:00,18972.968258500005,Short,18986.782833999998,18972.968258500005,TP,11.302834499994788,0.05953789031258851,18986.386243,18987.179425,18986.782833999998,2021.6982260000505,12021.698226000051,True,230
2024-04-19 08:31:00,18485.095518,2024-04-19 08:32:00,18490.1190005,Short,18490.1190005,18462.489846749995,SL,-5.023482500000682,-0.027175853622768836,18485.359911,18494.87809,18490.1190005,2016.6747435000498,12016.67474350005,False,231
2024-05-06 08:31:00,19095.580901,2024-05-06 08:34:00,19103.248322,Short,19103.248322,19061.07750650001,SL,-7.667420999998285,-0.04015285546823431,19099.282414,19107.21423,19103.248322,2009.0073225000515,12009.007322500052,False,231
2024-05-08 08:31:00,19150.57482,2024-05-08 08:34:00,19134.9755835,Long,19134.9755835,19220.77138425001,SL,-15.599236500002007,-0.08145570901459764,19134.182402,19135.768765,19134.9755835,1993.4080860000495,11993.40808600005,False,231
2024-05-14 08:31:00,19340.938387,2024-05-14 08:33:00,19331.023617500003,Long,19331.023617500003,19385.554849749977,SL,-9.9147694999956,-0.05126312540584798,19329.040664,19333.006571,19331.023617500003,1983.4933165000539,11983.493316500055,False,231
2024-05-22 08:31:00,19894.843487,2024-05-22 08:33:00,19906.741210249987,Long,19892.1995485,19906.741210249987,TP,11.897723249989212,0.059803050261559534,19891.406367,19892.99273,19892.1995485,1995.391039750043,11995.391039750044,True,232
2024-05-23 08:31:00,20037.880556,2024-05-23 09:54:00,19918.903325749994,Short,20064.3199405,19918.903325749994,TP,118.97723025000596,0.5937615503670635,20062.469184,20066.170697,20064.3199405,2114.368270000049,12114.36827000005,True,232
2024-05-24 08:31:00,19829.00942,2024-05-24 08:33:00,19835.4870695,Short,19835.4870695,19799.859997249994,SL,-6.4776495000005525,-0.03266753957697476,19831.653359,19839.32078,19835.4870695,2107.8906205000485,12107.89062050005,False,233
2024-05-27 08:31:00,19979.978305,2024-05-27 08:54:00,19970.592323,Long,19970.592323,20022.215224,SL,-9.385981999999785,-0.04697693789612844,19967.2874,19973.897246,19970.592323,2098.5046385000487,12098.50463850005,False,233
2024-05-29 08:31:00,19878.451069,2024-05-29 09:52:00,19966.494219250002,Long,19858.8859245,19966.494219250002,TP,88.04315025000324,0.4429074978950677,19845.930626,19871.841223,19858.8859245,2186.547788750052,12186.547788750053,True,234
2024-05-30 08:31:00,19833.239722,2024-05-30 08:32:00,19839.585174,Short,19839.585174,19804.685187999992,SL,-6.345452000001387,-0.03199402663883854,19838.527599,19840.642749,19839.585174,2180.2023367500506,12180.202336750051,False,235
2024-06-05 08:31:00,19920.48969,2024-06-05 08:32:00,19927.231733,Short,19927.231733,19890.15049649999,SL,-6.742043000002013,-0.03384476538940953,19923.92681,19930.536656,19927.231733,2173.4602937500485,12173.46029375005,False,235
2024-06-07 08:31:00,20114.554771,2024-06-07 08:43:00,20123.279767499997,Short,20123.279767499997,20075.29228675001,SL,-8.72499649999736,-0.04337653305941703,20115.083558,20131.475977,20123.279767499997,2164.735297250051,12164.735297250052,False,235
2024-06-17 08:31:00,20837.530543,2024-06-17 08:32:00,20833.4858895,Long,20833.4858895,20855.731483750005,SL,-4.044653500001004,-0.019410426257826092,20833.355417,20833.616362,20833.4858895,2160.69064375005,12160.690643750051,False,235
2024-06-19 08:31:00,21132.398796,2024-06-19 08:35:00,21129.65887,Long,21129.65887,21144.72846300001,SL,-2.739926000002015,-0.012965522875333185,21129.006507,21130.311233,21129.65887,2157.950717750048,12157.950717750049,False,235
2024-06-21 08:31:00,20869.104931,2024-06-21 08:32:00,20885.674961,Short,20885.674961,20794.539796000005,SL,-16.57002999999895,-0.07939981161043955,20881.369363,20889.980559,20885.674961,2141.380687750049,12141.38068775005,False,235
2024-06-27 08:31:00,20894.416631,2024-06-27 08:37:00,20963.697625250006,Long,20879.0208545,20963.697625250006,TP,69.28099425000619,0.33157659040462245,20873.280057,20884.761652,20879.0208545,2210.6616820000554,12210.661682000056,True,236
2024-06-28 08:31:00,20927.295745,2024-06-28 08:35:00,20939.69065,Short,20939.69065,20871.518672499995,SL,-12.394905000001017,-0.05922841226613065,20935.385052,20943.996248,20939.69065,2198.2667770000544,12198.266777000055,False,237
2024-07-03 08:31:00,21143.358501,2024-07-03 10:55:00,21263.132420250004,Long,21116.742074499998,21263.132420250004,TP,119.77391925000484,0.5664848337332028,21110.479386,21123.004763,21116.742074499998,2318.040696250059,12318.04069625006,True,238
2024-07-04 08:31:00,21293.402081,2024-07-04 08:53:00,21276.962521249992,Short,21297.055316500002,21276.962521249992,TP,16.439559750007902,0.07720494680686485,21296.011535,21298.099098,21297.055316500002,2334.480256000067,12334.480256000068,True,238
2024-07-05 08:31:00,21362.813546,2024-07-05 08:34:00,21342.0683905,Long,21342.0683905,21456.166745750004,SL,-20.745155500000692,-0.09710872332116123,21340.1113,21344.025481,21342.0683905,2313.7351005000664,12313.735100500067,False,239
2024-07-16 08:31:00,21545.997187,2024-07-16 08:32:00,21548.606641,Short,21548.606641,21534.25464400001,SL,-2.6094539999976405,-0.012111084844901405,21547.823805,21549.389477,21548.606641,2311.125646500069,12311.12564650007,False,239
2024-07-18 08:31:00,20991.227358,2024-07-18 09:31:00,20874.389074500003,Short,21017.191421,20874.389074500003,TP,116.83828349999749,0.5566052975719358,21016.539058,21017.843784,21017.191421,2427.9639300000663,12427.963930000067,True,240
2024-07-19 08:31:00,20712.798662,2024-07-19 08:33:00,20736.1532715,Short,20736.1532715,20607.70291925001,SL,-23.354609499998332,-0.11275448519105742,20733.674291,20738.632252,20736.1532715,2404.609320500068,12404.609320500069,False,241
2024-07-22 08:31:00,20773.077039,2024-07-22 08:36:00,20807.5218265,Short,20807.5218265,20618.07549525,SL,-34.44478750000053,-0.16581456582158172,20794.996449,20820.047204,20807.5218265,2370.1645330000674,12370.164533000068,False,241
2024-07-26 08:31:00,19963.885487,2024-07-26 08:32:00,19988.805768500002,Short,19988.805768500002,19851.744220249988,SL,-24.920281500002602,-0.1248268104734927,19980.064099,19997.547438,19988.805768500002,2345.244251500065,12345.244251500066,False,241
2024-07-29 08:31:00,20074.265373,2024-07-29 08:33:00,20115.7556855,Short,20115.7556855,19887.558966749988,SL,-41.49031250000189,-0.20668408895205,20106.622598,20124.888773,20115.7556855,2303.753939000063,12303.753939000064,False,241
2024-07-31 08:31:00,20191.429839,2024-07-31 08:40:00,20216.741538000002,Short,20216.741538000002,20077.52719349999,SL,-25.31169900000168,-0.12535862592114114,20215.175866,20218.30721,20216.741538000002,2278.4422400000612,12278.442240000062,False,241
2024-08-02 08:31:00,19435.99303,2024-08-02 08:37:00,19459.086693999998,Short,19459.086693999998,19332.07154200002,SL,-23.093663999996352,-0.11881905886851592,19457.91244,19460.260948,19459.086693999998,2255.348576000065,12255.348576000066,False,241
2024-08-07 08:31:00,19313.870603,2024-08-07 08:33:00,19277.990616000003,Long,19277.990616000003,19475.330544499986,SL,-35.87998699999662,-0.18577315618146176,19268.988001,19286.993231,19277.990616000003,2219.4685890000683,12219.46858900007,False,241
2024-08-09 08:31:00,19292.212138,2024-08-09 08:35:00,19263.899567,Long,19263.899567,19419.61870749999,SL,-28.31257099999857,-0.14675647767852973,19263.769094,19264.03004,19263.899567,2191.1560180000697,12191.15601800007,False,241
2024-08-13 08:31:00,19682.847338,2024-08-13 08:42:00,19654.9261845,Long,19654.9261845,19808.492528749997,SL,-27.92115349999949,-0.14185525610461092,19653.882403,19655.969966,19654.9261845,2163.23486450007,12163.234864500071,False,241
2024-08-14 08:31:00,20001.722564,2024-08-14 08:32:00,19984.3696975,Long,19984.3696975,20079.810463250004,SL,-17.352866500001255,-0.08675686028779205,19977.1937,19991.545695,19984.3696975,2145.881998000069,12145.88199800007,False,241
2024-08-20 08:31:00,20709.145427,2024-08-20 08:54:00,20779.01354749999,Long,20693.619178,20779.01354749999,TP,69.86812049999207,0.3373780958093036,20688.269798,20698.968558,20693.619178,2215.750118500061,12215.750118500062,True,242
2024-08-23 08:31:00,20582.847874,2024-08-23 08:48:00,20609.333828,Short,20609.333828,20463.661081,SL,-26.485953999999765,-0.12867973451553563,20606.854847,20611.812809,20609.333828,2189.2641645000613,12189.264164500062,False,243
2024-08-28 08:31:00,20507.956557,2024-08-28 08:33:00,20493.0826715,Long,20493.0826715,20574.889041750008,SL,-14.873885500001052,-0.07252738935086214,20485.515256,20500.650087,20493.0826715,2174.39027900006,12174.390279000061,False,243
2024-09-02 08:31:00,20484.73242,2024-09-02 08:33:00,20478.991622,Long,20478.991622,20510.566010999995,SL,-5.740797999998904,-0.028024764406460834,20477.947841,20480.035403,20478.991622,2168.6494810000613,12168.649481000062,False,243
2024-09-03 08:31:00,20313.552266,2024-09-03 08:32:00,20271.279119749997,Short,20322.9462985,20271.279119749997,TP,42.273146250001446,0.20810317022078176,20319.554009,20326.338588,20322.9462985,2210.9226272500628,12210.922627250064,True,244
2024-09-10 08:31:00,19622.047069,2024-09-10 08:34:00,19588.646064,Long,19588.646064,19772.3515915,SL,-33.401004999999714,-0.1702218167276159,19584.209993,19593.082135,19588.646064,2177.521622250063,12177.521622250064,False,245
2024-09-12 08:31:00,20054.694471,2024-09-12 08:33:00,20087.573586500002,Short,20087.573586500002,19906.738451249985,SL,-32.879115500003536,-0.16394722715695437,20083.398461,20091.748712,20087.573586500002,2144.6425067500595,12144.64250675006,False,245
2024-09-16 08:31:00,20260.319413,2024-09-16 08:35:00,20178.121625499996,Short,20278.585588,20178.121625499996,TP,82.19778750000478,0.40570825081495365,20277.019916,20280.15126,20278.585588,2226.8402942500643,12226.840294250065,True,246
2024-09-17 08:31:00,20438.127842,2024-09-17 08:33:00,20424.846953,Long,20424.846953,20497.89184250001,SL,-13.28088900000148,-0.06498094689822558,20419.302504,20430.391402,20424.846953,2213.559405250063,12213.559405250064,False,247
2024-09-18 08:31:00,20333.428017,2024-09-18 08:32:00,20348.256194499998,Short,20348.256194499998,20266.70121825,SL,-14.828177499999583,-0.0729251235335346,20348.127254,20348.385135,20348.256194499998,2198.731227750063,12198.731227750064,False,247
2024-09-19 08:31:00,20671.510456,2024-09-19 08:32:00,20678.215370500002,Short,20678.215370500002,20641.338340749993,SL,-6.704914500001905,-0.0324355325377579,20676.15232,20680.278421,20678.215370500002,2192.0263132500613,12192.026313250062,False,247
2024-09-25 08:31:00,20805.350872,2024-09-25 08:42:00,20787.1702375,Long,20787.1702375,20887.16372725,SL,-18.18063450000045,-0.0873844166909393,20782.399433,20791.941042,20787.1702375,2173.845678750061,12173.845678750062,False,247
2024-09-26 08:31:00,21118.418821,2024-09-26 09:24:00,21016.297810000004,Short,21141.112379,21016.297810000004,TP,102.12101099999563,0.4835637168936495,21133.63382,21148.590938,21141.112379,2275.9666897500565,12275.966689750057,True,248
2024-09-27 08:31:00,20990.767557,2024-09-27 08:33:00,21010.62442,Short,21010.62442,20901.411673499995,SL,-19.856863000000885,-0.0945980795894194,21002.88798,21018.36086,21010.62442,2256.1098267500556,12256.109826750057,False,249
2024-10-04 08:31:00,20851.769514,2024-10-04 08:35:00,20860.7953605,Short,20860.7953605,20811.153204749997,SL,-9.025846500000625,-0.04328575804533337,20859.505954,20862.084767,20860.7953605,2247.083980250055,12247.083980250056,False,249
2024-10-08 08:31:00,20715.608165,2024-10-08 08:32:00,20726.052359499998,Short,20726.052359499998,20668.60928975002,SL,-10.444194499996229,-0.05041703056366064,20725.923419,20726.1813,20726.052359499998,2236.6397857500588,12236.63978575006,False,249
2024-10-16 08:31:00,20944.606797,2024-10-16 09:25:00,20987.54404,Short,20987.54404,20751.3892035,SL,-42.93724300000031,-0.20500381514037502,20986.125693,20988.962387,20987.54404,2193.7025427500585,12193.70254275006,False,249
2024-10-17 08:31:00,21187.788902,2024-10-17 08:36:00,21070.001602250006,Short,21213.9638575,21070.001602250006,TP,117.78729974999442,0.555920678154746,21207.130002,21220.797713,21213.9638575,2311.489842500053,12311.489842500054,True,250
2024-10-18 08:31:00,21081.026026,2024-10-18 08:32:00,21105.5247535,Short,21105.5247535,20970.78175224999,SL,-24.498727500002133,-0.11621221599834351,21101.398652,21109.650855,21105.5247535,2286.9911150000507,12286.991115000052,False,251
2024-10-21 08:31:00,21084.120602,2024-10-21 08:32:00,21078.9629755,Long,21078.9629755,21107.32992125,SL,-5.157626500000333,-0.024462137156961106,21074.836874,21083.089077,21078.9629755,2281.8334885000504,12281.833488500051,False,251
2024-10-22 08:31:00,21023.260606,2024-10-22 08:32:00,21034.865266,Short,21034.865266,20971.039635999994,SL,-11.604660000000877,-0.05519914449754254,21034.091622,21035.63891,21034.865266,2270.2288285000495,12270.22882850005,False,251
2024-10-24 08:31:00,20955.695694,2024-10-24 08:36:00,20999.7934035,Short,20999.7934035,20757.25600124999,SL,-44.097709500001656,-0.2104330495342497,20993.862133,21005.724674,20999.7934035,2226.131119000048,12226.131119000049,False,251
2024-10-25 08:31:00,21169.479326,2024-10-25 08:46:00,21252.45264800001,Long,21151.04081,21252.45264800001,TP,82.97332200000892,0.3919478638196948,21140.080853,21162.000767,21151.04081,2309.104441000057,12309.104441000058,True,252
2024-10-28 08:31:00,21213.577036,2024-10-28 09:30:00,21257.1589825,Short,21257.1589825,21017.45827674999,SL,-43.58194650000223,-0.2054436478395064,21243.23339,21271.084575,21257.1589825,2265.5224945000546,12265.522494500055,False,253
2024-10-29 08:31:00,21125.381617,2024-10-29 08:45:00,21151.5565735,Short,21151.5565735,21007.594312750003,SL,-26.174956499999098,-0.12390288125699755,21148.590938,21154.522209,21151.5565735,2239.3475380000555,12239.347538000056,False,253
2024-10-31 08:31:00,20940.996458,2024-10-31 09:51:00,20705.42185400001,Short,20993.34637,20705.42185400001,TP,235.57460399999036,1.1249445768851882,20983.546879,21003.145861,20993.34637,2474.922142000046,12474.922142000047,True,254
2024-11-05 08:31:00,20841.712141,2024-11-05 15:59:00,21004.693149,Long,20799.419601499998,21032.028568750007,EOD,162.98100799999884,0.7819943337542848,20789.104348,20809.734855,20799.419601499998,2637.9031500000447,12637.903150000046,True,254
2024-11-08 08:31:00,21869.111406,2024-11-08 08:33:00,21895.802125500006,Long,21863.180135,21895.802125500006,TP,26.690719500005798,0.12204757205033463,21860.085559,21866.274711,21863.180135,2664.5938695000505,12664.593869500051,True,254
2024-11-14 08:31:00,21812.635392,2024-11-14 08:32:00,21808.8961125,Long,21808.8961125,21829.462149750005,SL,-3.7392795000014303,-0.017142722247000232,21805.156833,21812.635392,21808.8961125,2660.854590000049,12660.85459000005,False,255
2024-11-18 08:31:00,21181.083987,2024-11-18 08:37:00,21194.235935,Short,21194.235935,21121.900221000007,SL,-13.15194799999881,-0.062092893867334104,21185.210088,21203.261782,21194.235935,2647.70264200005,12647.702642000051,False,255
2024-11-19 08:31:00,21205.324833,2024-11-19 08:32:00,21171.4134365,Long,21171.4134365,21357.926117249997,SL,-33.91139649999968,-0.15991925031596937,21170.510852,21172.316021,21171.4134365,2613.7912455000505,12613.791245500051,False,255
2024-11-25 08:31:00,21627.73447,2024-11-25 08:33:00,21657.7776465,Short,21657.7776465,21492.54017575,SL,-30.04317649999939,-0.13891041866485146,21640.112775,21675.442518,21657.7776465,2583.748069000051,12583.748069000052,False,255
2024-11-26 08:31:00,21635.213029,2024-11-26 09:00:00,21602.3331585,Long,21602.3331585,21783.172446249984,SL,-32.879870499997196,-0.15197386989406933,21600.141167,21604.52515,21602.3331585,2550.868198500054,12550.868198500055,False,255
2024-11-27 08:31:00,21541.859984,2024-11-27 09:37:00,21400.863362749988,Short,21573.1925665,21400.863362749988,TP,140.99662125001123,0.6545238960550995,21553.980407,21592.404726,21573.1925665,2691.864819750065,12691.864819750066,True,256
2024-11-28 08:31:00,21544.180916,2024-11-28 08:39:00,21537.3470605,Long,21537.3470605,21574.933265750005,SL,-6.8338555000009364,-0.0317201917615058,21532.834137,21541.859984,21537.3470605,2685.0309642500642,12685.030964250065,False,257
2024-12-02 08:31:00,21750.485989,2024-12-02 11:01:00,21908.889604750002,Long,21715.2851855,21908.889604750002,TP,158.40361575000134,0.7282762133688034,21709.998618,21720.571753,21715.2851855,2843.4345800000656,12843.434580000066,True,258
2024-12-10 08:31:00,22187.0791,2024-12-10 08:32:00,22202.6809215,Short,22202.6809215,22116.870903249997,SL,-15.60182150000037,-0.07031940270136942,22196.62071,22208.741133,22202.6809215,2827.832758500065,12827.832758500066,False,259
2024-12-12 08:31:00,22354.444091,2024-12-12 08:38:00,22372.882606500003,Short,22372.882606500003,22271.470771249995,SL,-18.438515500001813,-0.08248254989004733,22369.65909,22376.106123,22372.882606500003,2809.3942430000634,12809.394243000064,False,259
2024-12-16 08:31:00,22597.884077,2024-12-16 08:32:00,22590.534459,Long,22590.534459,22630.957358,SL,-7.349618000000191,-0.03252347863612856,22589.631874,22591.437044,22590.534459,2802.044625000063,12802.044625000064,False,259
2024-12-17 08:31:00,22696.652631,2024-12-17 08:32:00,22715.220087499998,Short,22715.220087499998,22613.09907675001,SL,-18.567456499997206,-0.08180702591639892,22707.483647,22722.956528,22715.220087499998,2783.477168500066,12783.477168500067,False,259
