entry_datetime,exit_datetime,type,entry_price,exit_price,stop_loss,take_profit,pnl,exit_reason,bars_held
2018-01-02 01:25:00,2018-01-02 02:00:00,short,7516.419535,7512.463483714286,7519.147560642858,7512.463483714286,-1.5439487142857615,take_profit,7
2018-01-02 02:25:00,2018-01-02 02:55:00,short,7503.239664,7507.097393,7507.097393,7497.024205999999,-9.35772900000029,stop_loss,6
2018-01-02 03:00:00,2018-01-02 04:25:00,short,7502.946778,7508.122494000001,7508.122494000001,7494.095346,-10.675716000000648,stop_loss,17
2018-01-03 01:05:00,2018-01-03 02:20:00,long,7643.653407,7646.793562,7641.333329499999,7646.793562,-2.3598449999999502,take_profit,15
2018-01-03 03:40:00,2018-01-03 04:05:00,long,7651.268443,7647.442094857142,7647.442094857142,7657.421139285714,-9.326348142857569,stop_loss,5
2018-01-04 01:00:00,2018-01-04 01:20:00,long,7730.347667,7727.368595357143,7727.368595357143,7734.805810285715,-8.47907164285698,stop_loss,4
2018-01-04 03:45:00,2018-01-04 04:35:00,long,7733.276527,7730.0777905357145,7730.0777905357145,7738.173999928571,-8.698736464285503,stop_loss,10
2018-01-04 04:35:00,2018-01-04 04:45:00,long,7732.983641,7729.753524857142,7729.753524857142,7737.943873285714,-8.730116142857696,stop_loss,2
2018-01-05 01:00:00,2018-01-05 02:00:00,long,7746.163511,7749.115381714286,7743.937575642856,7749.115381714286,-2.5481292857139124,take_profit,12
2018-01-05 02:15:00,2018-01-05 02:20:00,long,7754.071434,7750.998221178572,7750.998221178572,7758.717859642858,-8.57321282142857,stop_loss,1
2018-01-05 02:30:00,2018-01-05 03:00:00,long,7752.607004,7749.157223142857,7749.157223142857,7758.006565714286,-8.949780857143196,stop_loss,6
2018-01-05 04:20:00,2018-01-05 04:35:00,long,7758.464724,7766.123691357143,7753.885240321429,7766.123691357143,2.158967357142501,take_profit,3
2018-01-05 04:50:00,2018-01-05 05:05:00,long,7769.00862,7763.770142928572,7763.770142928572,7777.985574142856,-10.738477071427951,stop_loss,3
2018-01-08 01:50:00,2018-01-08 02:05:00,long,7818.799243,7815.977074785715,7815.977074785715,7822.943579428571,-8.322168214285739,stop_loss,3
2018-01-08 03:00:00,2018-01-08 03:35:00,long,7814.698838,7810.495921928572,7810.495921928572,7821.604670142858,-9.702916071428263,stop_loss,7
2018-01-08 03:50:00,2018-01-08 05:50:00,long,7813.82018,7810.0252125,7810.0252125,7819.910115,-9.294967499999984,stop_loss,24
2018-01-09 04:25:00,2018-01-09 05:10:00,long,7844.866098,7841.5732207857145,7841.5732207857145,7849.951852428572,-8.792877214285909,stop_loss,9
2018-01-10 03:10:00,2018-01-10 03:45:00,long,7819.970787,7814.355741357143,7814.355741357143,7829.700878285715,-11.115045642856785,stop_loss,7
2018-01-10 04:45:00,2018-01-10 07:35:00,short,7791.732387,7798.822322857142,7798.822322857142,7779.052515285714,-12.589935857142336,stop_loss,34
2018-01-11 01:10:00,2018-01-11 01:50:00,long,7825.535621,7831.248988285714,7821.928937357143,7831.248988285714,0.213367285714412,take_profit,8
2018-01-11 02:30:00,2018-01-11 03:10:00,long,7830.514683,7826.3745284285715,7826.3745284285715,7837.294992142857,-9.640154571428866,stop_loss,8
2018-01-12 01:05:00,2018-01-12 02:20:00,long,7888.799,7895.830354928572,7884.533322535714,7895.830354928572,1.531354928572,take_profit,15
2018-01-12 02:50:00,2018-01-12 03:30:00,long,7898.464238,7893.319902857143,7893.319902857143,7907.252908285714,-10.644335142857017,stop_loss,8
2018-01-15 03:05:00,2018-01-15 05:00:00,long,7945.618886,7940.6942152500005,7940.6942152500005,7953.9682275000005,-10.424670749999677,stop_loss,23
2018-01-16 01:00:00,2018-01-16 02:10:00,long,7958.798757,7962.943092142856,7955.976589428571,7962.943092142856,-1.3556648571438927,take_profit,14
2018-01-16 02:55:00,2018-01-16 03:40:00,long,7965.242249,7972.587409928572,7960.819668535713,7972.587409928572,1.8451609285721133,take_profit,9
2018-01-16 03:45:00,2018-01-16 04:35:00,long,7974.321716,7980.599935285715,7970.4326063571425,7980.599935285715,0.7782192857148402,take_profit,10
2018-01-16 04:35:00,2018-01-16 05:00:00,long,7980.179436,7986.959745357143,7976.0392813214285,7986.959745357143,1.280309357142869,take_profit,5
2018-01-17 01:00:00,2018-01-17 02:15:00,long,7926.28841,7937.587533642857,7919.888848178572,7937.587533642857,5.799123642857012,take_profit,15
2018-01-17 02:15:00,2018-01-17 05:05:00,long,7940.639824,7950.369914642857,7935.024778678571,7950.369914642857,4.230090642857249,take_profit,34
2018-01-18 01:45:00,2018-01-18 02:05:00,long,7991.309104,7985.850961892857,7985.850961892857,8000.725388214286,-10.958142107142521,stop_loss,4
2018-01-18 03:35:00,2018-01-18 06:00:00,long,7981.35098,7991.520398571429,7975.516270714286,7991.520398571429,4.6694185714286505,take_profit,29
2018-01-19 01:25:00,2018-01-19 02:05:00,long,7984.865612,7990.390695428571,7981.353070285713,7990.390695428571,0.025083428571633704,take_profit,8
2018-01-19 02:40:00,2018-01-19 03:05:00,long,7996.581053,8004.2400210000005,7992.001569,8004.2400210000005,2.158968000000641,take_profit,5
2018-01-22 01:05:00,2018-01-22 01:35:00,long,8017.083074,8013.915719250001,8013.915719250001,8021.917783499999,-8.667354749999504,stop_loss,6
2018-01-23 01:50:00,2018-01-23 01:55:00,long,8152.103526,8148.653745464286,8148.653745464286,8157.503087071428,-8.949780535714126,stop_loss,1
2018-01-23 02:20:00,2018-01-23 02:30:00,long,8146.245806,8141.321134928571,8141.321134928571,8154.5951481428565,-10.424671071428747,stop_loss,2
2018-01-24 02:35:00,2018-01-24 02:45:00,long,8175.827293,8171.906802928572,8171.906802928572,8182.168273142857,-9.420490071428503,stop_loss,2
2018-01-24 02:50:00,2018-01-24 03:00:00,long,8173.777091,8169.448652571428,8169.448652571428,8180.933967857142,-9.828438428571644,stop_loss,2
2018-01-24 03:15:00,2018-01-24 04:35:00,long,8174.069977,8181.352376428571,8169.678777285714,8181.352376428571,1.7823994285708977,take_profit,16
2018-01-25 02:20:00,2018-01-25 02:50:00,long,8124.865127,8135.662159285715,8118.716610857143,8135.662159285715,5.297032285714522,take_profit,6
2018-01-25 03:35:00,2018-01-25 03:45:00,long,8139.509427,8148.549142428572,8134.239569285714,8148.549142428572,3.5397154285719807,take_profit,2
2018-01-25 03:45:00,2018-01-25 04:20:00,long,8147.41735,8142.021969607143,8142.021969607143,8156.708110785715,-10.895380392857078,stop_loss,7
2018-01-25 04:25:00,2018-01-25 04:55:00,long,8149.467552,8160.703913071428,8143.0993714642855,8160.703913071428,5.736361071428291,take_profit,6
2018-01-26 03:30:00,2018-01-26 04:15:00,long,8153.27507,8159.427766285714,8149.448721857143,8159.427766285714,0.652696285714228,take_profit,9
2018-01-29 01:05:00,2018-01-29 02:00:00,long,8233.818724,8229.396143214286,8229.396143214286,8241.16388557143,-9.922580785714672,stop_loss,11
2018-01-29 04:30:00,2018-01-29 05:20:00,long,8213.609589,8205.484092142857,8205.484092142857,8228.360582714284,-13.625496857142934,stop_loss,10
2018-01-30 01:55:00,2018-01-30 02:05:00,short,8147.296008,8158.528188392857,8158.528188392857,8126.331647214286,-16.732180392857117,stop_loss,2
2018-01-30 02:35:00,2018-01-30 08:00:00,short,8153.153728,8130.620335714286,8165.170424142858,8130.620335714286,17.0333922857144,take_profit,65
2018-01-31 03:15:00,2018-01-31 03:40:00,short,8157.839904,8149.490562071429,8162.764574964286,8149.490562071429,2.849341928571448,take_profit,5
2018-01-31 04:15:00,2018-01-31 04:40:00,short,8147.88178,8153.8733925,8153.8733925,8137.398555,-11.491612499999974,stop_loss,5
2018-02-01 01:00:00,2018-02-01 01:25:00,long,8179.927697,8177.0113875,8177.0113875,8184.260316,-8.416309500000352,stop_loss,5
2018-02-01 02:00:00,2018-02-01 02:20:00,long,8177.877495,8174.176669428571,8174.176669428571,8183.779146142857,-9.20082557142905,stop_loss,4
2018-02-01 02:30:00,2018-02-01 02:50:00,long,8180.220583,8175.233151071428,8175.233151071428,8188.695446857144,-10.487431928571823,stop_loss,4
2018-02-01 03:40:00,2018-02-01 03:55:00,long,8167.626485,8160.662072035714,8160.662072035714,8180.055310928571,-12.464412964285657,stop_loss,3
2018-02-01 03:55:00,2018-02-01 04:20:00,short,8157.547018,8165.421469821428,8165.421469821428,8143.298114357143,-13.37445182142801,stop_loss,5
2018-02-01 04:25:00,2018-02-01 04:50:00,long,8167.040713,8159.4173064285715,8159.4173064285715,8180.787526142857,-13.123406571428859,stop_loss,5
2018-02-02 01:15:00,2018-02-02 02:15:00,short,8115.371432,8102.879844571428,8122.367225714285,8102.879844571428,6.99158742857162,take_profit,12
2018-02-02 02:55:00,2018-02-02 03:20:00,short,8081.689541,8062.231451285714,8092.168585857143,8062.231451285714,13.958089714285961,take_profit,5
2018-02-02 03:40:00,2018-02-02 05:35:00,short,8056.79423,8027.4826169285725,8072.200036535714,8027.4826169285725,23.811613071427928,take_profit,23
2018-02-05 01:45:00,2018-02-05 02:00:00,short,7912.108539,7892.148359428572,7922.838628785714,7892.148359428572,14.460179571427943,take_profit,3
2018-02-05 02:00:00,2018-02-05 02:45:00,short,7895.999808,7908.863781499999,7908.863781499999,7871.771861,-18.3639734999997,stop_loss,9
2018-02-05 02:50:00,2018-02-05 03:15:00,short,7902.150414,7914.700581285714,7914.700581285714,7878.550079428571,-18.05016728571445,stop_loss,5
2018-02-05 04:35:00,2018-02-05 04:50:00,short,7906.836591,7913.863764714286,7913.863764714286,7894.282243571429,-12.52717371428571,stop_loss,3
2018-02-06 04:20:00,2018-02-06 04:35:00,short,7556.252033,7591.929735357143,7591.929735357143,7486.396628285714,-41.17770235714306,stop_loss,3
2018-02-07 02:00:00,2018-02-07 04:15:00,short,7727.004578,7747.619571035714,7747.619571035714,7687.274591928572,-26.11499303571418,stop_loss,27
2018-02-07 04:55:00,2018-02-07 05:20:00,short,7718.80377,7734.680285750001,7734.680285750001,7688.5507385,-21.37651575000018,stop_loss,5
2018-02-08 01:15:00,2018-02-08 01:35:00,short,7695.665775,7674.1993250000005,7707.149,7674.1993250000005,15.966449999999895,take_profit,4
2018-02-08 02:50:00,2018-02-08 04:05:00,short,7712.653164,7680.956623357143,7729.251434321429,7680.956623357143,26.196540642857144,take_profit,15
2018-02-08 04:15:00,2018-02-08 06:20:00,short,7685.414765,7701.699229214286,7701.699229214286,7654.345836571429,-21.784464214285435,stop_loss,25
2018-02-09 03:15:00,2018-02-09 04:35:00,short,7453.449042,7466.532680428571,7466.532680428571,7428.781765142857,-18.58363842857125,stop_loss,16
2018-02-09 04:45:00,2018-02-09 05:35:00,short,7448.46998,7419.346652285714,7463.781643857143,7419.346652285714,23.62332771428555,take_profit,10
2018-02-12 01:15:00,2018-02-12 01:30:00,short,7548.34411,7555.998896785714,7555.998896785714,7534.534536428571,-13.15478678571435,stop_loss,3
2018-02-12 03:50:00,2018-02-12 04:45:00,long,7610.557287,7594.900435857142,7594.900435857142,7640.370989285714,-21.156851142857704,stop_loss,11
2018-02-13 01:10:00,2018-02-13 01:25:00,long,7643.653407,7635.778955821428,7635.778955821428,7657.902309357143,-13.37445117857169,stop_loss,3
2018-02-13 02:20:00,2018-02-13 02:25:00,long,7626.666018,7611.762302071428,7611.762302071428,7654.973449857142,-20.403715928571728,stop_loss,1
2018-02-13 03:00:00,2018-02-13 03:30:00,long,7624.908702,7608.498715321428,7608.498715321428,7656.2286753571425,-21.90998667857184,stop_loss,6
2018-02-14 01:00:00,2018-02-14 01:25:00,long,7699.301749,7707.337283857143,7694.533981571429,7707.337283857143,2.5355348571429204,take_profit,5
2018-02-14 03:20:00,2018-02-14 03:50:00,long,7730.347667,7721.876982857143,7721.876982857143,7745.789035285714,-13.970684142856953,stop_loss,6
2018-02-15 01:55:00,2018-02-15 06:30:00,long,7883.527052,7872.608678142858,7872.608678142858,7903.863799714286,-16.418373857142797,stop_loss,55
2018-02-16 01:00:00,2018-02-16 02:00:00,long,8006.246291,8022.566315571429,7997.336278714286,8022.566315571429,10.820024571428803,take_profit,12
2018-02-16 03:00:00,2018-02-16 04:35:00,long,8026.748312,8017.022402785714,8017.022402785714,8044.700130428571,-15.22590921428582,stop_loss,19
2018-02-19 04:40:00,2018-02-19 05:20:00,long,7976.371918,7984.344691785714,7971.635531107143,7984.344691785714,2.472773785713798,take_profit,8
2018-02-20 01:05:00,2018-02-20 01:15:00,long,7950.305063,7945.411772678571,7945.411772678571,7958.591643642857,-10.393290321429049,stop_loss,2
2018-02-20 01:15:00,2018-02-20 01:20:00,long,7947.376202,7942.137724607143,7942.137724607143,7956.353156785715,-10.738477392857021,stop_loss,1
2018-02-21 01:20:00,2018-02-21 01:35:00,long,7976.95769,7967.671109464286,7967.671109464286,7994.0308510714285,-14.786580535714165,stop_loss,3
2018-02-21 01:35:00,2018-02-21 01:55:00,long,7976.079032,7965.599987035714,7965.599987035714,7995.537121928572,-15.979044964286004,stop_loss,4
2018-02-21 03:50:00,2018-02-21 07:25:00,long,7956.748555,7980.097844857143,7944.323910071429,7980.097844857143,17.84928985714305,take_profit,43
2018-02-22 01:20:00,2018-02-22 02:00:00,short,7879.012419,7886.729967928571,7886.729967928571,7865.077321142857,-13.217548928570977,stop_loss,8
2018-02-22 02:00:00,2018-02-22 02:15:00,short,7874.326243,7885.087714285714,7885.087714285714,7854.303300428572,-16.261471285713924,stop_loss,3
2018-02-22 03:30:00,2018-02-22 03:50:00,short,7874.619129,7884.533322071428,7884.533322071428,7856.2907428571425,-15.414193071428599,stop_loss,4
2018-02-26 02:00:00,2018-02-26 03:00:00,long,8097.040955,8113.737547285715,8087.942658857143,8113.737547285715,11.19659228571436,take_profit,12
2018-02-27 01:05:00,2018-02-27 01:30:00,long,8188.128506,8182.795886357143,8182.795886357143,8197.293745285715,-10.832619642857026,stop_loss,5
2018-02-27 01:45:00,2018-02-27 02:00:00,long,8187.249847,8199.051060928572,8180.5992400357145,8199.051060928572,6.301213928571997,take_profit,3
2018-02-27 04:40:00,2018-02-27 05:00:00,long,8195.15777,8188.789589035714,8188.789589035714,8206.394131928571,-11.868180964285784,stop_loss,4
2018-02-28 01:35:00,2018-02-28 01:40:00,short,8084.618401,8091.771097392857,8091.771097392857,8071.813008214285,-12.652696392857251,stop_loss,1
2018-02-28 03:50:00,2018-02-28 04:00:00,long,8118.421634,8111.865169928572,8111.865169928572,8130.034562142857,-12.056464071428309,stop_loss,2
2018-02-28 04:10:00,2018-02-28 04:40:00,long,8118.421634,8111.896550571429,8111.896550571429,8129.971800857143,-12.025083428571634,stop_loss,6
2018-03-01 02:15:00,2018-03-01 02:30:00,short,8063.823494,8074.051493285714,8074.051493285714,8044.867495428572,-15.72799928571385,stop_loss,3
2018-03-01 04:15:00,2018-03-01 05:05:00,short,8031.606032,8045.034857714285,8045.034857714285,8006.248380571429,-18.928825714285267,stop_loss,10
2018-03-02 02:45:00,2018-03-02 03:30:00,short,7918.844917,7895.370105214286,7931.3323228928575,7895.370105214286,17.974811785714337,take_profit,9
2018-03-02 03:50:00,2018-03-02 05:00:00,short,7891.899404,7867.483172071428,7904.8575199642855,7867.483172071428,18.916231928571506,take_profit,14
2018-03-06 02:20:00,2018-03-06 02:40:00,long,8087.961489,8078.863192857143,8078.863192857143,8104.658081285715,-14.59829614285718,stop_loss,4
2018-03-06 03:00:00,2018-03-06 03:10:00,long,8089.718805,8081.091218392858,8081.091218392858,8105.473978214286,-14.127586607142803,stop_loss,2
2018-03-06 03:15:00,2018-03-06 04:00:00,long,8088.254375,8079.532646464286,8079.532646464286,8104.19783207143,-14.221728535714647,stop_loss,9
2018-03-06 04:05:00,2018-03-06 05:15:00,long,8089.718805,8106.415397285716,8080.620508857143,8106.415397285716,11.196592285715269,take_profit,14
2018-03-07 02:15:00,2018-03-07 02:35:00,long,8035.827779,8022.838282500001,8022.838282500001,8060.306772,-18.489496499999404,stop_loss,4
2018-03-07 02:35:00,2018-03-07 04:10:00,short,8021.940794,8034.334058071428,8034.334058071428,7998.654265857143,-17.893264071428348,stop_loss,19
2018-03-07 04:30:00,2018-03-07 04:40:00,long,8039.049525,8026.248312250001,8026.248312250001,8063.1519505,-18.30121274999965,stop_loss,2
2018-03-08 01:00:00,2018-03-08 02:35:00,long,8130.722847,8124.574330964286,8124.574330964286,8141.5198790714285,-11.648516035714238,stop_loss,19
2018-03-08 03:25:00,2018-03-08 03:55:00,long,8133.651707,8125.526210785714,8125.526210785714,8148.402699428571,-13.625496214285704,stop_loss,6
2018-03-08 04:10:00,2018-03-08 05:10:00,long,8130.137075,8140.745822571428,8124.082701214285,8140.745822571428,5.1087475714284665,take_profit,12
2018-03-09 02:35:00,2018-03-09 07:20:00,long,8171.139024,8163.9475543214285,8163.9475543214285,8184.021963357143,-12.691469678571593,stop_loss,57
2018-03-12 02:45:00,2018-03-12 03:00:00,long,8376.010568,8369.913497464286,8369.913497464286,8386.704709071428,-11.59707053571401,stop_loss,3
2018-03-12 04:15:00,2018-03-12 06:25:00,long,8364.336975,8356.457596857143,8356.457596857143,8378.595731285715,-13.379378142857604,stop_loss,26
2018-03-13 01:05:00,2018-03-13 01:50:00,long,8365.504335,8361.533525928571,8361.533525928571,8371.945953142857,-9.470809071428448,stop_loss,9
2018-03-13 02:50:00,2018-03-13 03:40:00,long,8369.590092,8366.088311285715,8366.088311285715,8375.093653428572,-9.001780714284905,stop_loss,10
2018-03-13 03:45:00,2018-03-13 07:30:00,long,8370.757451,8379.888164785712,8365.442094107144,8379.888164785712,3.630713785712942,take_profit,45
2018-03-14 01:45:00,2018-03-14 02:00:00,short,8244.266335,8248.643635071428,8248.643635071428,8237.011734857142,-9.87730007142818,stop_loss,3
2018-03-14 03:15:00,2018-03-14 07:30:00,long,8300.132218,8288.750762214286,8288.750762214286,8321.39512957143,-16.881455785714934,stop_loss,51
2018-03-15 03:20:00,2018-03-15 04:05:00,short,8250.97865,8257.388405821428,8257.388405821428,8239.659138357141,-11.909755821428917,stop_loss,9
2018-03-16 02:35:00,2018-03-16 03:30:00,short,8236.09482,8241.003685571428,8241.003685571428,8227.777088857143,-10.408865571427668,stop_loss,11
2018-03-19 01:50:00,2018-03-19 02:00:00,short,8150.877597,8157.099742035714,8157.099742035714,8139.933306928571,-11.722145035714675,stop_loss,2
2018-03-19 03:15:00,2018-03-19 03:20:00,short,8143.289762,8127.530115571429,8151.919585214286,8127.530115571429,10.259646428571614,take_profit,1
2018-03-19 03:50:00,2018-03-19 04:15:00,short,8105.934267,8123.538164,8123.538164,8072.226473,-23.10389699999996,stop_loss,5
2018-03-20 02:35:00,2018-03-20 03:00:00,short,8058.948059,8045.064525571428,8066.639825714286,8045.064525571428,8.383533428572264,take_profit,5
2018-03-20 04:10:00,2018-03-20 04:35:00,short,8027.721199,8037.226541464286,8037.226541464286,8010.210514071427,-15.005342464286514,stop_loss,5
2018-03-21 01:05:00,2018-03-21 01:25:00,short,8070.329811,8073.737786214286,8073.737786214286,8065.013860571428,-8.907975214286125,stop_loss,4
2018-03-21 01:30:00,2018-03-21 01:50:00,short,8068.286932,8072.476620857143,8072.476620857143,8061.4075542857145,-9.689688857142755,stop_loss,4
2018-03-21 02:05:00,2018-03-21 02:30:00,short,8071.20533,8077.17732625,8077.17732625,8060.7613375,-11.471996250000302,stop_loss,5
2018-03-21 03:40:00,2018-03-21 05:30:00,short,8045.231588,8054.142828142857,8054.142828142857,8028.909107714286,-14.411240142857423,stop_loss,22
2018-03-22 01:10:00,2018-03-22 01:35:00,short,8046.398947,8036.7679367142855,8051.964452142856,8036.7679367142855,4.131010285714183,take_profit,5
2018-03-22 02:00:00,2018-03-22 02:25:00,short,8016.631287,8003.060439071429,8024.166710964286,8003.060439071429,8.070847928571311,take_profit,5
2018-03-22 02:35:00,2018-03-22 02:50:00,short,7987.155466,7966.705537071429,7998.130430464285,7966.705537071429,14.949928928571353,take_profit,3
2018-03-23 01:10:00,2018-03-23 01:50:00,short,7724.499642,7736.068708892857,7736.068708892857,7702.861508214286,-17.069066892857336,stop_loss,8
2018-03-23 04:10:00,2018-03-23 05:45:00,short,7742.30187,7757.810774321429,7757.810774321429,7712.7840613571425,-21.008904321428417,stop_loss,19
2018-03-26 01:10:00,2018-03-26 01:25:00,short,7722.456763,7731.430540178571,7731.430540178571,7706.009208642858,-14.473777178571254,stop_loss,3
2018-03-26 03:55:00,2018-03-26 04:20:00,short,7750.181545,7758.936442178572,7758.936442178572,7734.171750642858,-14.25489717857181,stop_loss,5
2018-03-27 02:05:00,2018-03-27 02:50:00,long,7976.190034,7965.7466350357145,7965.7466350357145,7995.576831928572,-15.943398964285734,stop_loss,9
2018-03-27 04:05:00,2018-03-27 05:50:00,long,7978.524753,7967.768668535714,7967.768668535714,7998.536921928571,-16.256084464285777,stop_loss,21
2018-03-28 03:55:00,2018-03-28 04:45:00,short,7588.210453,7611.255078,7611.255078,7543.621202999999,-28.54462500000045,stop_loss,10
2018-03-29 02:55:00,2018-03-29 04:30:00,short,7598.716686,7612.693431392857,7612.693431392857,7572.263195214286,-19.476745392857083,stop_loss,19
2018-04-02 01:50:00,2018-04-02 02:20:00,short,7648.329453,7637.2600892857145,7654.614134857143,7637.2600892857145,5.569363714285828,take_profit,6
2018-04-03 03:05:00,2018-04-03 05:35:00,short,7499.782992,7509.319602928572,7509.319602928572,7482.209770142857,-15.036610928571463,stop_loss,30
2018-04-04 01:15:00,2018-04-04 02:05:00,short,7504.452429,7485.753539,7514.551874,7485.753539,13.198889999999665,take_profit,10
2018-04-04 03:20:00,2018-04-04 07:05:00,short,7408.437133,7433.357870571429,7433.357870571429,7360.095657857143,-30.420737571428617,stop_loss,45
2018-04-05 01:35:00,2018-04-05 02:20:00,long,7745.052909,7768.004321714286,7732.827202642858,7768.004321714286,17.451412714285652,take_profit,9
2018-04-06 02:20:00,2018-04-06 06:05:00,long,7642.033458,7625.5239600357145,7625.5239600357145,7673.552453928571,-22.0094979642854,stop_loss,45
2018-04-09 01:10:00,2018-04-09 01:15:00,short,7594.630929,7602.635381107143,7602.635381107143,7580.1220247857145,-13.504452107143152,stop_loss,1
2018-04-09 02:10:00,2018-04-09 02:20:00,short,7575.661341,7588.7938353928575,7588.7938353928575,7550.896352214286,-18.632494392857552,stop_loss,2
2018-04-09 03:55:00,2018-04-09 04:25:00,short,7603.386123,7612.234825892857,7612.234825892857,7587.188717214286,-14.348702892856636,stop_loss,6
2018-04-09 04:45:00,2018-04-09 05:50:00,short,7607.47188,7591.024325642858,7616.445657178571,7591.024325642858,10.947554357142508,take_profit,13
2018-04-10 01:00:00,2018-04-10 01:35:00,long,7702.736137,7727.563662928571,7689.572374035714,7727.563662928571,19.32752592857105,take_profit,7
2018-04-10 02:05:00,2018-04-10 02:30:00,long,7716.744448,7704.268593178572,7704.268593178572,7740.1961576428575,-17.975854821428584,stop_loss,5
2018-04-10 02:50:00,2018-04-10 02:55:00,long,7708.572933,7693.845742535715,7693.845742535715,7736.527313928572,-20.22719046428574,stop_loss,1
2018-04-10 03:25:00,2018-04-10 03:40:00,long,7712.075011,7693.37671475,7693.37671475,7747.9716035,-24.198296249999657,stop_loss,3
2018-04-11 02:15:00,2018-04-11 02:55:00,long,7703.903496,7698.212916678572,7698.212916678572,7713.784654642856,-11.190579321428231,stop_loss,8
2018-04-11 03:55:00,2018-04-11 05:10:00,long,7696.607501,7689.697448142857,7689.697448142857,7708.927606714286,-12.410052857143455,stop_loss,15
2018-04-13 03:05:00,2018-04-13 05:50:00,long,7774.820569,7792.894088428572,7765.033809285715,7792.894088428572,12.573519428571672,take_profit,33
2018-04-16 01:30:00,2018-04-16 01:40:00,long,7782.116564,7774.800020035714,7774.800020035714,7795.249651928571,-12.816543964286211,stop_loss,2
2018-04-16 02:30:00,2018-04-16 04:15:00,long,7775.987928,7796.750542428571,7764.856620785714,7796.750542428571,15.262614428571396,take_profit,21
2018-04-16 04:20:00,2018-04-16 05:40:00,long,7803.71271,7794.80146975,7794.80146975,7820.0351905,-14.411240249999537,stop_loss,16
2018-04-17 01:50:00,2018-04-17 02:05:00,long,7871.711384,7866.302221714286,7866.302221714286,7881.029708571428,-10.909162285714046,stop_loss,3
2018-04-17 03:55:00,2018-04-17 04:45:00,long,7868.209307,7859.798363785714,7859.798363785714,7883.531193428572,-13.910943214285908,stop_loss,10
2018-04-17 04:50:00,2018-04-17 05:10:00,long,7867.333787,7879.466281285714,7860.517539857142,7879.466281285714,6.632494285714529,take_profit,4
2018-04-18 01:05:00,2018-04-18 01:30:00,long,7989.614666,7984.424383285715,7984.424383285715,7998.495231428572,-10.690282714285786,stop_loss,5
2018-04-18 04:10:00,2018-04-18 04:20:00,long,7998.07802,7992.387440678572,7992.387440678572,8007.959178642856,-11.190579321428231,stop_loss,2
2018-04-19 03:35:00,2018-04-19 03:45:00,long,7994.867782,7987.144746821428,7987.144746821428,8008.813852357143,-13.22303517857199,stop_loss,2
2018-04-20 01:40:00,2018-04-20 02:10:00,short,7903.981122,7892.348924428572,7910.547220785715,7892.348924428572,6.132197571428151,take_profit,6
2018-04-20 02:30:00,2018-04-20 02:40:00,short,7884.136015,7869.877259571429,7892.015392714286,7869.877259571429,8.758755428571021,take_profit,2
2018-04-20 02:40:00,2018-04-20 03:05:00,short,7870.419544,7879.83108075,7879.83108075,7853.096470500001,-14.911536749999868,stop_loss,5
2018-04-20 03:10:00,2018-04-20 04:50:00,short,7882.093137,7894.662797428571,7894.662797428571,7858.453816142857,-18.069660428571297,stop_loss,20
2018-04-23 02:55:00,2018-04-23 05:45:00,short,7787.82888,7798.522427428572,7798.522427428572,7767.941785142857,-16.193547428571947,stop_loss,34
2018-04-24 02:05:00,2018-04-24 02:15:00,short,7786.95336,7792.5814025,7792.5814025,7777.197275,-11.128042499999538,stop_loss,2
2018-04-24 02:30:00,2018-04-24 02:45:00,short,7791.330957,7798.710038214285,7798.710038214285,7778.072794571429,-12.87908121428518,stop_loss,3
2018-04-25 01:25:00,2018-04-25 02:30:00,short,7603.969802,7612.255671142857,7612.255671142857,7588.898063714285,-13.785869142857337,stop_loss,13
2018-04-25 03:35:00,2018-04-25 04:55:00,short,7572.451103,7583.926364178572,7583.926364178572,7551.000580642858,-16.9752611785716,stop_loss,16
2018-04-26 01:20:00,2018-04-26 02:15:00,short,7668.758239,7678.138507285714,7678.138507285714,7651.497702428572,-14.88026828571401,stop_loss,11
2018-04-26 03:25:00,2018-04-26 04:25:00,short,7672.260317,7682.860058607143,7682.860058607143,7652.560833785714,-16.099741607143187,stop_loss,12
2018-04-30 02:50:00,2018-04-30 06:15:00,long,7825.308855,7819.243053035714,7819.243053035714,7835.940458928571,-11.565801964286038,stop_loss,41
2018-05-01 01:45:00,2018-05-01 01:55:00,short,7725.375161,7718.620857357143,7729.502312821429,7718.620857357143,1.2543036428569394,take_profit,2
2018-05-01 03:25:00,2018-05-01 03:35:00,short,7715.452608,7705.1962265,7721.330798749999,7705.1962265,4.7563814999994065,take_profit,2
2018-05-01 03:55:00,2018-05-01 04:45:00,short,7697.65038,7705.592294964285,7705.592294964285,7683.266550071428,-13.441914964285388,stop_loss,10
2018-05-02 01:25:00,2018-05-02 01:35:00,long,7841.651884,7837.305852392858,7837.305852392858,7848.843947214285,-9.846031607142322,stop_loss,2
2018-05-02 01:40:00,2018-05-02 01:55:00,long,7841.068205,7836.409487892857,7836.409487892857,7848.885639214284,-10.158717107142365,stop_loss,3
2018-05-02 02:00:00,2018-05-02 02:05:00,long,7842.527404,7836.649213250001,7836.649213250001,7852.7837855,-11.378190749999703,stop_loss,1
2018-05-02 04:05:00,2018-05-02 05:00:00,long,7848.947879,7842.663197035715,7842.663197035715,7860.017242928572,-11.784681964285483,stop_loss,11
2018-05-03 01:15:00,2018-05-03 01:55:00,short,7744.052909,7750.400128,7750.400128,7732.858471,-11.847219000000223,stop_loss,8
2018-05-03 02:00:00,2018-05-03 02:05:00,short,7743.761069,7750.420973285714,7750.420973285714,7731.941260428572,-12.15990428571422,stop_loss,1
2018-05-04 01:25:00,2018-05-04 02:55:00,short,7763.022496,7771.089485142857,7771.089485142857,7748.388517714286,-13.566989142856983,stop_loss,18
2018-05-04 04:00:00,2018-05-04 05:00:00,short,7758.644899,7770.057622928571,7770.057622928571,7737.319451142857,-16.912723928570813,stop_loss,12
2018-05-07 02:35:00,2018-05-07 02:50:00,long,7955.761248,7947.944407535714,7947.944407535714,7969.894928928571,-13.316840464285633,stop_loss,3
2018-05-07 04:05:00,2018-05-07 04:25:00,long,7961.014365,7954.073043571429,7954.073043571429,7973.397007857144,-12.441321428571428,stop_loss,4
2018-05-07 04:40:00,2018-05-07 05:00:00,long,7959.555166,7952.801455892857,7952.801455892857,7971.562586214287,-12.253710107142979,stop_loss,4
2018-05-08 01:05:00,2018-05-08 01:35:00,long,7976.481874,7971.447934142857,7971.447934142857,7985.0497537142855,-10.533939857143196,stop_loss,6
2018-05-08 03:45:00,2018-05-08 04:10:00,long,7955.177569,7947.016774035715,7947.016774035715,7969.999158928572,-13.660794964285742,stop_loss,5
2018-05-08 04:45:00,2018-05-08 05:45:00,long,7951.967331,7941.805348857143,7941.805348857143,7970.791295285714,-15.661982142856687,stop_loss,12
2018-05-09 03:05:00,2018-05-09 03:45:00,long,7975.898195,7991.845453071427,7967.174565964286,7991.845453071427,10.447258071427314,take_profit,8
2018-05-10 03:30:00,2018-05-10 03:40:00,long,8067.535893,8061.814045,8061.814045,8077.4795890000005,-11.221848000000136,stop_loss,2
2018-05-11 02:50:00,2018-05-11 04:05:00,long,8121.234418,8134.680191214285,8113.761531392857,8134.680191214285,7.9457732142846,take_profit,15
2018-05-14 04:00:00,2018-05-14 04:35:00,long,8149.251039,8156.568176714285,8144.842470142857,8156.568176714285,1.817137714285309,take_profit,7
2018-05-15 03:50:00,2018-05-15 04:45:00,long,8120.358898,8129.61468607143,8114.981003964286,8129.61468607143,3.7557880714293788,take_profit,11
2018-05-16 01:00:00,2018-05-16 01:55:00,short,8040.853991,8045.8566625,8045.8566625,8032.348648,-10.50267150000036,stop_loss,11
2018-05-16 03:20:00,2018-05-16 04:10:00,short,8052.235743,8040.165785642857,8059.020721678572,8040.165785642857,6.569957357142812,take_profit,10
2018-05-16 04:10:00,2018-05-16 04:55:00,short,8039.978471,8044.637188428572,8044.637188428572,8032.1610361428575,-10.158717428571435,stop_loss,9
2018-05-17 01:55:00,2018-05-17 02:00:00,short,8065.076694,8070.892347607143,8070.892347607143,8054.945386785715,-11.315653607142849,stop_loss,1
2018-05-17 02:30:00,2018-05-17 05:10:00,short,8069.746131,8075.49924725,8075.49924725,8059.739898499999,-11.253116249999948,stop_loss,32
2018-05-18 04:10:00,2018-05-18 06:15:00,long,8081.252364,8074.373579714285,8074.373579714285,8093.509932571429,-12.378784285714573,stop_loss,25
2018-05-21 02:00:00,2018-05-21 02:05:00,short,8062.158296,8053.9656385,8067.0046247499995,8053.9656385,2.6926574999997683,take_profit,1
2018-05-21 02:05:00,2018-05-21 02:25:00,short,8057.48886,8063.210708107144,8063.210708107144,8047.545163785715,-11.22184810714316,stop_loss,4
2018-05-21 02:40:00,2018-05-21 03:30:00,short,8066.827733,8073.393831892858,8073.393831892858,8055.195535214286,-12.066098892857553,stop_loss,10
2018-05-21 03:55:00,2018-05-21 05:25:00,long,8080.668685,8075.384596678571,8075.384596678571,8089.736861642858,-10.784088321428499,stop_loss,18
2018-05-22 01:05:00,2018-05-22 01:15:00,short,8072.37269,8074.967682678572,8074.967682678572,8068.682704642857,-8.094992678571543,stop_loss,2
2018-05-22 01:45:00,2018-05-22 02:05:00,long,8077.458447,8074.331888714286,8074.331888714286,8082.211563571428,-8.626558285714054,stop_loss,4
2018-05-22 02:10:00,2018-05-22 02:20:00,long,8076.874767,8072.872689250001,8072.872689250001,8083.3789225,-9.502077749999444,stop_loss,2
2018-05-22 02:25:00,2018-05-22 03:15:00,long,8077.166607,8084.858967357142,8072.570426821429,8084.858967357142,2.1923603571422063,take_profit,10
2018-05-23 02:50:00,2018-05-23 03:25:00,short,8000.871937,7979.108729142857,8012.503540928571,7979.108729142857,16.263207857143243,take_profit,7
2018-05-23 03:55:00,2018-05-23 08:30:00,short,7984.237068,7995.212032571429,7995.212032571429,7963.787138857143,-16.474964571428245,stop_loss,55
2018-05-24 01:30:00,2018-05-24 02:00:00,long,8110.436345,8121.880931142858,8103.964051928571,8121.880931142858,5.944586142857588,take_profit,6
2018-05-24 02:15:00,2018-05-24 05:40:00,long,8134.659049,8126.123031607142,8126.123031607142,8150.231083785715,-14.036017392857502,stop_loss,41
2018-05-25 01:45:00,2018-05-25 02:00:00,long,8149.834719,8144.613167714286,8144.613167714286,8158.777821571429,-10.721551285714668,stop_loss,3
2018-05-25 02:40:00,2018-05-25 02:50:00,long,8145.748961,8137.9321201071425,8137.9321201071425,8159.882642785715,-13.316840892857726,stop_loss,2
2018-05-25 03:15:00,2018-05-25 06:20:00,long,8144.873442,8135.55571075,8135.55571075,8162.0089045,-14.817731250000179,stop_loss,37
2018-05-29 01:35:00,2018-05-29 01:45:00,short,8112.354743,8097.595690642857,8120.484269178572,8097.595690642857,9.259052357142536,take_profit,2
2018-05-29 02:15:00,2018-05-29 02:50:00,short,8110.603704,8087.8399025,8122.73560475,8087.8399025,17.263801500000227,take_profit,7
2018-05-30 01:50:00,2018-05-30 06:25:00,long,8121.526257,8145.040503571428,8109.019133714286,8145.040503571428,18.014246571427975,take_profit,55
2018-05-31 02:20:00,2018-05-31 05:30:00,long,8162.67567,8154.233458107143,8154.233458107143,8178.060093785714,-13.942211892856903,stop_loss,38
2018-06-01 01:00:00,2018-06-01 01:50:00,long,8162.09199,8171.597926214285,8156.589021892857,8171.597926214285,4.005936214284702,take_profit,10
2018-06-01 01:50:00,2018-06-01 02:05:00,long,8176.100301,8168.6586827500005,8168.6586827500005,8189.4835375,-12.94161824999992,stop_loss,3
2018-06-01 02:15:00,2018-06-01 07:25:00,long,8167.928786,8182.687838571429,8159.799259714286,8182.687838571429,9.259052571428583,take_profit,62
2018-06-04 01:15:00,2018-06-04 01:30:00,long,8296.046461,8291.981846107143,8291.981846107143,8302.675690785714,-9.564614892857207,stop_loss,3
2018-06-04 01:50:00,2018-06-04 02:30:00,long,8297.50566,8292.502988607144,8292.502988607144,8306.011002785714,-10.502671392856428,stop_loss,8
2018-06-04 02:35:00,2018-06-04 04:00:00,long,8297.7975,8309.054475142857,8291.419012428572,8309.054475142857,5.7569751428563904,take_profit,17
2018-06-04 04:20:00,2018-06-04 04:45:00,long,8309.471092,8304.687300714286,8304.687300714286,8317.538674571428,-10.28379128571396,stop_loss,5
2018-06-05 01:00:00,2018-06-05 01:20:00,long,8342.44899,8337.790272678572,8337.790272678572,8350.266424642858,-10.158717321428412,stop_loss,4
2018-06-05 02:25:00,2018-06-05 03:00:00,long,8344.491869,8353.372433999999,8339.3015865,8353.372433999999,3.3805649999994785,take_profit,7
2018-06-06 04:05:00,2018-06-06 06:15:00,long,8392.353597,8387.288388464285,8387.288388464285,8400.984014071428,-10.565208535714191,stop_loss,26
2018-06-07 01:10:00,2018-06-07 01:25:00,long,8434.670368,8438.673039285712,8431.919032357142,8438.673039285712,-1.4973287142875051,take_profit,3
2018-06-07 01:30:00,2018-06-07 02:00:00,long,8441.966363,8437.901748214286,8437.901748214286,8448.595592571428,-9.564614785713275,stop_loss,6
2018-06-07 02:25:00,2018-06-07 03:00:00,long,8441.966363,8435.869292464286,8435.869292464286,8452.66050407143,-11.59707053571401,stop_loss,7
2018-06-08 01:40:00,2018-06-08 02:15:00,short,8328.061675,8335.324704642859,8335.324704642859,8315.035615714287,-12.763029642857873,stop_loss,7
2018-06-08 02:20:00,2018-06-08 02:55:00,short,8328.934324,8312.106008571429,8338.098481714285,8312.106008571429,11.328315428570932,take_profit,7
2018-06-08 03:05:00,2018-06-08 06:40:00,short,8280.356865,8295.536067392857,8295.536067392857,8251.498460214285,-20.679202392857405,stop_loss,43
2018-06-11 02:00:00,2018-06-11 07:00:00,long,8352.041431,8343.31359767857,8343.31359767857,8367.997097642858,-14.227833321428989,stop_loss,60
2018-06-12 01:00:00,2018-06-12 03:00:00,long,8382.002378,8374.67701692857,8374.67701692857,8395.153100142858,-12.825361071429143,stop_loss,24
2018-06-13 02:00:00,2018-06-13 02:10:00,long,8425.634826,8420.771581642857,8420.771581642857,8433.861314714286,-10.363244357142321,stop_loss,2
2018-06-13 04:50:00,2018-06-13 07:30:00,long,8428.252773,8422.828540107144,8422.828540107144,8437.601238785714,-10.924232892855798,stop_loss,32
2018-06-14 01:05:00,2018-06-14 02:45:00,short,8390.8924,8398.09309757143,8398.09309757143,8377.991004857144,-12.700697571428464,stop_loss,20
2018-06-14 03:35:00,2018-06-14 04:45:00,long,8401.782421,8394.831051714285,8394.831051714285,8414.185159571429,-12.451369285714463,stop_loss,14
2018-06-15 04:05:00,2018-06-15 05:20:00,long,8489.3382,8480.142876678572,8480.142876678572,8506.228846642858,-14.695323321428077,stop_loss,15
2018-06-18 01:30:00,2018-06-18 02:05:00,short,8422.598645,8426.277579785714,8426.277579785714,8416.74077542857,-9.178934785713864,stop_loss,7
2018-06-18 04:15:00,2018-06-18 04:35:00,short,8428.707188,8419.483384857143,8434.069089571429,8419.483384857143,3.723803142856923,take_profit,4
2018-06-19 02:25:00,2018-06-19 03:00:00,short,8342.605824,8359.84198475,8359.84198475,8309.6335025,-22.736160750000636,stop_loss,7
2018-06-21 02:05:00,2018-06-21 02:50:00,long,8534.425063,8527.28669825,8527.28669825,8547.2017925,-12.638364750000619,stop_loss,9
2018-06-22 04:50:00,2018-06-22 06:20:00,short,8453.141359,8443.979887928572,8458.472094535713,8443.979887928572,3.6614710714275134,take_profit,18
2018-06-25 02:45:00,2018-06-25 04:00:00,short,8350.459665,8331.574392071429,8360.652301464286,8331.574392071429,13.385272928571794,take_profit,15
2018-06-26 02:35:00,2018-06-26 02:50:00,short,8236.433534,8221.6621765,8244.56921275,8221.6621765,9.271357499999795,take_profit,3
2018-06-26 04:55:00,2018-06-26 05:10:00,short,8233.524704,8217.38204092857,8242.346035535713,8217.38204092857,10.642663071428615,take_profit,3
2018-06-27 01:30:00,2018-06-27 01:45:00,short,8236.433534,8220.477867571428,8245.161367214287,8220.477867571428,10.45566642857193,take_profit,3
2018-06-27 02:00:00,2018-06-27 02:40:00,short,8222.762034,8201.632806071428,8234.076647964286,8201.632806071428,15.629227928571709,take_profit,8
2018-06-27 02:45:00,2018-06-27 04:30:00,short,8179.711352,8195.202214535715,8195.202214535715,8150.2296269285725,-20.99086253571477,stop_loss,21
2018-06-28 01:50:00,2018-06-28 02:00:00,short,8144.805393,8154.717535464286,8154.717535464286,8126.481108071428,-15.412142464286262,stop_loss,2
2018-06-28 02:10:00,2018-06-28 02:15:00,short,8146.550691,8158.052301285715,8158.052301285715,8125.047470428572,-17.001610285714378,stop_loss,1
2018-06-28 03:35:00,2018-06-28 05:40:00,short,8162.258372,8174.944291428572,8174.944291428572,8138.386533142857,-18.18591942857165,stop_loss,25
2018-06-29 01:35:00,2018-06-29 02:25:00,long,8244.996492,8262.011803000001,8235.738836499999,8262.011803000001,11.51531100000102,take_profit,10
2018-06-29 03:10:00,2018-06-29 04:50:00,long,8269.430663,8258.022551142856,8258.022551142856,8290.746886714285,-16.908111857143012,stop_loss,20
2018-07-02 01:20:00,2018-07-02 01:50:00,short,8171.275745,8151.517823071428,8181.904705964285,8151.517823071428,14.257921928571704,take_profit,6
2018-07-02 02:00:00,2018-07-02 03:40:00,short,8154.986298,8167.173560535714,8167.173560535714,8132.111772928571,-17.68726253571458,stop_loss,20
2018-07-03 01:15:00,2018-07-03 05:00:00,long,8291.246887,8315.3680535,8278.436303749999,8315.3680535,18.62116650000098,take_profit,45
2018-07-04 04:50:00,2018-07-04 05:10:00,short,8195.12815,8200.770545678572,8200.770545678572,8185.343358642857,-11.14239567857112,stop_loss,4
2018-07-05 04:35:00,2018-07-05 04:45:00,long,8216.780842,8229.183579285715,8209.829473357142,8229.183579285715,6.9027372857144655,take_profit,2
2018-07-06 03:45:00,2018-07-06 04:10:00,long,8290.956004,8280.202378464284,8280.202378464284,8310.963255071429,-16.2536255357154,stop_loss,5
2018-07-06 04:15:00,2018-07-06 04:45:00,long,8287.174525,8276.794892428572,8276.794892428572,8306.433790142857,-15.879632571428374,stop_loss,6
2018-07-09 02:50:00,2018-07-09 03:00:00,long,8453.850476,8447.834087892856,8447.834087892856,8464.383252214286,-11.51638810714394,stop_loss,2
2018-07-09 03:25:00,2018-07-09 04:00:00,long,8449.778114,8443.38773357143,8443.38773357143,8461.058874857143,-11.890380428571007,stop_loss,7
2018-07-10 01:50:00,2018-07-10 02:35:00,long,8512.608839,8506.218459,8506.218459,8523.889599,-11.890380000000732,stop_loss,9
2018-07-11 03:40:00,2018-07-11 03:55:00,short,8410.672443,8419.836600821427,8419.836600821427,8393.844127357142,-14.66415782142758,stop_loss,3
2018-07-12 03:45:00,2018-07-12 03:55:00,long,8474.794051,8468.871161107143,8468.871161107143,8485.139830785716,-11.422889892857711,stop_loss,2
2018-07-17 01:35:00,2018-07-17 02:20:00,short,8503.754999,8490.915936142857,8510.924530428572,8490.915936142857,7.33906285714329,take_profit,9
2018-07-17 02:30:00,2018-07-17 02:45:00,short,8492.410562,8498.925606892857,8498.925606892857,8480.880472214285,-12.015044892857986,stop_loss,3
2018-07-18 01:55:00,2018-07-18 02:05:00,long,8641.470003,8636.824920357143,8636.824920357143,8649.260168285715,-10.145082642857233,stop_loss,2
2018-07-18 02:15:00,2018-07-18 03:00:00,long,8640.015588,8634.155030071428,8634.155030071428,8650.236703857143,-11.360557928572234,stop_loss,9
2018-07-19 02:15:00,2018-07-19 02:25:00,long,8608.018459,8601.409916,8601.409916,8619.735545,-12.108543000000282,stop_loss,2
2018-07-19 03:35:00,2018-07-19 04:50:00,long,8601.32815,8594.532611535715,8594.532611535715,8613.41922692857,-12.295538464284618,stop_loss,15
2018-07-20 01:50:00,2018-07-20 02:05:00,long,8602.200799,8596.527237821429,8596.527237821429,8612.047921357142,-11.173561178571617,stop_loss,3
2018-07-20 02:10:00,2018-07-20 05:10:00,long,8600.746384,8594.636498321428,8594.636498321428,8611.466155357142,-11.609885678572027,stop_loss,36
2018-07-23 02:35:00,2018-07-23 03:10:00,short,8530.516234,8539.431063107142,8539.431063107142,8514.186575785716,-14.414829107141486,stop_loss,7
2018-07-23 04:40:00,2018-07-23 05:20:00,short,8538.079191,8528.107403,8543.815085,8528.107403,4.471788000000743,take_profit,8
2018-07-24 03:25:00,2018-07-24 04:20:00,long,8649.614726,8659.150188214284,8644.096994892858,8659.150188214284,4.035462214284053,take_profit,11
2018-07-24 04:35:00,2018-07-24 05:30:00,long,8659.504748,8654.610336964284,8654.610336964284,8667.793570071428,-10.394411035715166,stop_loss,11
2018-07-25 02:45:00,2018-07-25 03:15:00,long,8632.161747,8625.615536071427,8625.615536071427,8643.754168857145,-12.046210928572691,stop_loss,6
2018-07-25 04:20:00,2018-07-25 05:00:00,long,8631.870864,8639.598697428572,8627.256947285716,8639.598697428572,2.2278334285711026,take_profit,8
2018-07-26 02:55:00,2018-07-26 06:10:00,short,8619.526427,8626.695958,8626.695958,8606.687365,-12.669530999999552,stop_loss,39
2018-07-27 01:40:00,2018-07-27 01:50:00,long,8664.449758,8661.394143392858,8661.394143392858,8669.060987214289,-8.55561460714307,stop_loss,2
2018-07-27 02:05:00,2018-07-27 02:45:00,long,8664.740641,8660.968207892856,8660.968207892856,8670.785507214287,-9.272433107144025,stop_loss,8
2018-07-27 03:35:00,2018-07-27 04:20:00,long,8666.195056,8673.299567428572,8661.892800285716,8673.299567428572,1.6045114285716409,take_profit,9
2018-07-27 04:20:00,2018-07-27 04:30:00,long,8685.975099,8680.457367571427,8680.457367571427,8695.510561857142,-11.017731428572006,stop_loss,2
2018-07-30 04:25:00,2018-07-30 06:25:00,short,8482.520541,8470.678792142857,8489.191415428571,8470.678792142857,6.341748857143102,take_profit,24
2018-07-31 02:35:00,2018-07-31 03:10:00,short,8396.419177,8385.325412357144,8402.716059321428,8385.325412357144,5.593764642855604,take_profit,7
2018-07-31 03:55:00,2018-07-31 06:00:00,short,8388.274453,8395.880309142856,8395.880309142856,8374.562740714286,-13.105856142856283,stop_loss,25
2018-08-01 03:15:00,2018-08-01 05:25:00,short,8446.741933,8454.347788607141,8454.347788607141,8433.030221785713,-13.105855607142075,stop_loss,26
2018-08-02 01:50:00,2018-08-02 03:50:00,short,8435.397497,8419.19250357143,8444.249993714286,8419.19250357143,10.70499342856965,take_profit,24
2018-08-02 03:50:00,2018-08-02 04:30:00,short,8419.10805,8404.399025214287,8427.212562392859,8404.399025214287,9.209024785714064,take_profit,8
2018-08-03 03:00:00,2018-08-03 03:10:00,long,8593.765193,8588.216295214284,8588.216295214284,8603.362988571429,-11.048897785714871,stop_loss,2
2018-08-03 03:15:00,2018-08-03 05:10:00,long,8594.056076,8603.840867785715,8588.413680107144,8603.840867785715,4.284791785714333,take_profit,23
2018-08-06 01:55:00,2018-08-06 02:00:00,long,8622.853491,8618.956393214285,8618.956393214285,8629.147686571428,-9.397097785715232,stop_loss,1
2018-08-07 02:00:00,2018-08-07 02:30:00,long,8692.956291,8686.472412785715,8686.472412785715,8704.42404742857,-11.983878214285141,stop_loss,6
2018-08-07 02:55:00,2018-08-07 05:15:00,long,8689.465695,8683.854465142858,8683.854465142858,8699.188154714288,-11.111229857142462,stop_loss,28
2018-08-08 02:45:00,2018-08-08 04:35:00,long,8696.73777,8691.84335917857,8691.84335917857,8705.026591642858,-10.394410821429119,stop_loss,22
2018-08-09 04:25:00,2018-08-09 05:10:00,long,8701.682781,8709.909271,8696.819535999999,8709.909271,2.726490000000922,take_profit,9
2018-08-10 01:10:00,2018-08-10 02:30:00,short,8653.85062,8662.453789178571,8662.453789178571,8638.144281642857,-14.103169178571989,stop_loss,16
2018-08-10 03:25:00,2018-08-10 04:15:00,short,8652.977971,8661.768136285715,8661.768136285715,8636.897640428573,-14.290165285714465,stop_loss,10
2018-08-10 04:55:00,2018-08-10 05:20:00,short,8641.342651,8649.135503142857,8649.135503142857,8627.256946714286,-13.292852142856646,stop_loss,5
2018-08-13 02:05:00,2018-08-13 03:55:00,short,8603.527863,8614.624315035713,8614.624315035713,8582.834958928572,-16.59645203571381,stop_loss,22
2018-08-14 01:35:00,2018-08-14 02:55:00,long,8669.685652,8682.961039357142,8662.29795832143,8682.961039357142,7.775387357141881,take_profit,16
2018-08-14 04:50:00,2018-08-14 06:35:00,long,8672.303599,8663.980924142857,8663.980924142857,8687.448948714286,-13.822674857143284,stop_loss,21
2018-08-15 01:05:00,2018-08-15 02:15:00,long,8666.485939,8674.837091,8661.560363,8674.837091,2.8511519999992743,take_profit,14
2018-08-15 03:25:00,2018-08-15 04:20:00,long,8672.012716,8665.933995607142,8665.933995607142,8682.670156785714,-11.578720392857576,stop_loss,11
2018-08-16 01:15:00,2018-08-16 01:25:00,short,8615.454066,8622.530099107142,8622.530099107142,8602.801999785715,-12.576033107141484,stop_loss,2
2018-08-16 01:50:00,2018-08-16 02:30:00,short,8621.562608,8608.162556928573,8629.012633535714,8608.162556928573,7.9000510714267875,take_profit,8
2018-08-16 02:45:00,2018-08-16 03:05:00,short,8607.891108,8615.683960142856,8615.683960142856,8593.805403714287,-13.292852142856646,stop_loss,4
2018-08-17 01:40:00,2018-08-17 01:50:00,short,8587.238416,8592.662649642858,8592.662649642858,8577.889948714286,-10.924233642857871,stop_loss,2
2018-08-17 03:45:00,2018-08-17 04:20:00,short,8598.291969,8588.382513714285,8603.996696642858,8588.382513714285,4.409455285715012,take_profit,7
2018-08-20 01:15:00,2018-08-20 01:45:00,long,8612.090821,8620.878299642856,8606.94708167857,8620.878299642856,3.287478642856513,take_profit,6
2018-08-20 02:05:00,2018-08-20 06:30:00,long,8623.435257,8616.328057535713,8616.328057535713,8636.149655928572,-12.607199464286168,stop_loss,53
2018-08-21 01:15:00,2018-08-21 02:10:00,short,8597.710203,8601.638466071428,8601.638466071428,8591.353676857145,-9.428263071427864,stop_loss,11
2018-08-21 02:10:00,2018-08-21 02:30:00,long,8605.691395,8600.921648857142,8600.921648857142,8613.730887285714,-10.269746142857912,stop_loss,4
2018-08-21 03:00:00,2018-08-21 04:55:00,long,8605.691395,8615.226858071428,8600.173663464286,8615.226858071428,4.035463071428239,take_profit,23
2018-08-21 04:55:00,2018-08-21 06:05:00,long,8617.908481,8613.045236107144,8613.045236107144,8626.134970785715,-10.363244892856528,stop_loss,14
2018-08-22 01:30:00,2018-08-22 01:40:00,short,8578.221043,8583.676442571428,8583.676442571428,8568.810243857144,-10.955399571428643,stop_loss,2
2018-08-23 01:10:00,2018-08-23 02:25:00,long,8647.869428,8642.538692892856,8642.538692892856,8657.030898214285,-10.830735107143482,stop_loss,15
2018-08-23 03:35:00,2018-08-23 04:35:00,long,8651.94179,8644.616428392857,8644.616428392857,8665.092513214287,-12.82536160714335,stop_loss,12
2018-08-24 02:05:00,2018-08-24 05:25:00,long,8655.723269,8666.318377714284,8649.675714642857,8666.318377714284,5.095108714283924,take_profit,40
2018-08-27 01:30:00,2018-08-27 03:00:00,long,8753.459952,8749.936846642857,8749.936846642857,8759.006162714286,-9.023105357142413,stop_loss,18
2018-08-28 01:45:00,2018-08-28 03:00:00,long,8817.745092,8813.87916035714,8813.87916035714,8823.976955285714,-9.365931642858413,stop_loss,15
2018-08-28 04:05:00,2018-08-28 07:00:00,long,8819.49039,8827.779209928573,8814.595980035714,8827.779209928573,2.7888199285716837,take_profit,35
2018-08-29 01:20:00,2018-08-29 01:40:00,long,8839.852199,8836.422592392857,8836.422592392857,8845.211412214287,-8.929606607143796,stop_loss,4
2018-08-29 02:20:00,2018-08-29 02:45:00,long,8840.724848,8836.765419,8836.765419,8847.143706,-9.459429000000455,stop_loss,5
2018-08-29 03:30:00,2018-08-29 03:50:00,long,8839.852199,8835.986267785715,8835.986267785715,8846.084061428572,-9.36593121428632,stop_loss,4
2018-08-29 04:15:00,2018-08-29 04:30:00,long,8840.433965,8836.599200035715,8836.599200035715,8846.603494928571,-9.334764964285569,stop_loss,3
2018-08-30 01:20:00,2018-08-30 01:50:00,long,8910.827648,8915.750538214286,8907.616202892857,8915.750538214286,-0.5771097857141285,take_profit,6
2018-08-30 02:10:00,2018-08-30 02:25:00,long,8912.863829,8908.842066964286,8908.842066964286,8919.407353071429,-9.521762035714346,stop_loss,3
2018-08-30 03:05:00,2018-08-30 03:20:00,long,8910.245882,8905.413803035713,8905.413803035713,8918.41003992857,-10.332078964285756,stop_loss,3
2018-08-30 04:20:00,2018-08-30 05:30:00,long,8903.264691,8897.996288607143,8897.996288607143,8912.301495785716,-10.768402392857752,stop_loss,14
2018-08-31 01:55:00,2018-08-31 02:00:00,long,8908.209701,8903.845112785713,8903.845112785713,8915.43887742857,-9.864588214286414,stop_loss,1
2018-08-31 02:05:00,2018-08-31 02:15:00,long,8906.755286,8902.328365714286,8902.328365714286,8914.109126571428,-9.926920285714004,stop_loss,2
2018-08-31 04:00:00,2018-08-31 04:40:00,long,8898.028797,8891.576084178572,8891.576084178572,8909.434222642858,-11.952712821428577,stop_loss,8
2018-09-03 01:05:00,2018-09-03 01:30:00,long,8920.426787,8916.71668532143,8916.71668532143,8926.346990357144,-9.210101678570936,stop_loss,5
2018-09-03 02:00:00,2018-09-03 02:10:00,long,8921.881202,8917.08028907143,8917.08028907143,8929.983027857143,-10.300912928571051,stop_loss,2
2018-09-03 02:55:00,2018-09-03 03:05:00,long,8920.426787,8930.959563642858,8914.410398678572,8930.959563642858,5.032776642858153,take_profit,2
2018-09-03 03:45:00,2018-09-03 07:55:00,long,8929.444159,8923.147276464286,8923.147276464286,8940.53792407143,-11.796882535714758,stop_loss,50
2018-09-04 01:00:00,2018-09-04 02:05:00,long,8938.461532,8947.9969955,8932.94380025,8947.9969955,4.035463500000333,take_profit,13
2018-09-05 01:50:00,2018-09-05 02:20:00,short,8856.596062,8843.94399642857,8863.672094785716,8843.94399642857,7.152065571430285,take_profit,6
2018-09-05 03:50:00,2018-09-05 05:20:00,short,8846.70604,8854.623556499999,8854.623556499999,8832.371007,-13.417516499999692,stop_loss,18
2018-09-06 01:00:00,2018-09-06 01:10:00,short,8747.224059,8740.867531357142,8751.152322821428,8740.867531357142,0.8565276428580546,take_profit,2
2018-09-06 02:00:00,2018-09-06 02:20:00,short,8739.951984,8747.495507857142,8747.495507857142,8726.364936285714,-13.043523857142645,stop_loss,4
2018-09-07 02:00:00,2018-09-07 02:50:00,short,8672.176248,8679.657439785715,8679.657439785715,8658.713864428571,-12.981191785715055,stop_loss,10
2018-09-07 03:00:00,2018-09-07 04:50:00,short,8667.813003,8653.166309642857,8675.88634967857,8653.166309642857,9.146693357142794,take_profit,22
2018-09-11 02:00:00,2018-09-11 02:10:00,short,8699.810132,8704.29938457143,8704.29938457143,8692.331626857143,-9.98925257142946,stop_loss,2
2018-09-11 02:55:00,2018-09-11 03:40:00,short,8692.538057,8680.259982357144,8699.427094321429,8680.259982357144,6.778074642856154,take_profit,9
2018-09-11 04:05:00,2018-09-11 07:55:00,short,8655.886801,8636.378206714287,8666.391098142858,8636.378206714287,14.008594285713116,take_profit,46
2018-09-12 01:35:00,2018-09-12 01:55:00,long,8750.26024,8745.241165357143,8745.241165357143,8758.798389285714,-10.51907464285614,stop_loss,4
2018-09-12 02:55:00,2018-09-12 04:15:00,long,8768.294985,8760.252805,8760.252805,8782.879345,-13.542180000000371,stop_loss,16
2018-09-13 03:40:00,2018-09-13 04:35:00,long,8724.839259,8720.333184464285,8720.333184464285,8732.351408071429,-10.006074535715015,stop_loss,11
2018-09-14 01:00:00,2018-09-14 01:25:00,long,8822.517077,8829.842895857142,8818.10416757143,8829.842895857142,1.8258188571417122,take_profit,5
2018-09-14 02:25:00,2018-09-14 02:55:00,long,8840.487477,8833.31068707143,8833.31068707143,8853.341056857143,-12.676789928571452,stop_loss,6
2018-09-14 03:45:00,2018-09-14 05:05:00,long,8835.849954,8829.418479999998,8829.418479999998,8847.212902,-11.93147400000089,stop_loss,16
2018-09-17 01:15:00,2018-09-17 01:25:00,short,8758.910523,8763.261322678572,8763.261322678572,8751.708923642856,-9.850799678572002,stop_loss,2
2018-09-17 01:30:00,2018-09-17 02:40:00,short,8758.330832,8763.178509035715,8763.178509035715,8750.13547792857,-10.347677035715606,stop_loss,14
2018-09-17 04:25:00,2018-09-17 08:30:00,short,8764.997271,8771.677184,8771.677184,8753.137445,-12.179912999999942,stop_loss,49
2018-09-18 03:55:00,2018-09-18 04:05:00,short,8670.797595,8677.073794892856,8677.073794892856,8659.745195214287,-11.776199892856312,stop_loss,2
2018-09-19 01:10:00,2018-09-19 02:00:00,long,8732.665078,8728.096894035714,8728.096894035714,8740.301445928571,-10.068183964285708,stop_loss,10
2018-09-19 02:10:00,2018-09-19 02:45:00,long,8735.563529,8730.809016214285,8730.809016214285,8743.572554571429,-10.254512785713814,stop_loss,7
2018-09-20 01:00:00,2018-09-20 02:00:00,short,8714.274368,8718.687277535715,8718.687277535715,8706.94854892857,-9.912909535714789,stop_loss,12
2018-09-20 02:55:00,2018-09-20 03:15:00,short,8719.491581,8724.463477535715,8724.463477535715,8711.04778792857,-10.471896535715132,stop_loss,4
2018-09-20 03:35:00,2018-09-20 03:45:00,short,8719.201736,8724.608400250001,8724.608400250001,8709.8884075,-10.906664250000176,stop_loss,2
2018-09-20 04:15:00,2018-09-20 04:45:00,long,8729.186936,8739.680348785714,8723.190229607144,8739.680348785714,4.993412785714099,take_profit,6
2018-09-21 01:20:00,2018-09-21 01:45:00,long,8839.907786,8846.488289571429,8835.867534214285,8846.488289571429,1.0805035714292899,take_profit,5
2018-09-21 02:25:00,2018-09-21 03:35:00,long,8851.791438,8846.198444607142,8846.198444607142,8861.477424785717,-11.092993392858261,stop_loss,14
2018-09-24 01:05:00,2018-09-24 01:20:00,short,8716.59313,8709.515749071426,8720.881820464285,8709.515749071426,1.577380928572893,take_profit,3
2018-09-24 04:35:00,2018-09-24 05:00:00,short,8719.201736,8723.987303392858,8723.987303392858,8711.130601214287,-10.285567392857047,stop_loss,5
2018-09-25 01:00:00,2018-09-25 01:10:00,long,8789.474729,8785.496587071428,8785.496587071428,8795.931012857141,-9.478141928571858,stop_loss,2
2018-09-25 01:20:00,2018-09-25 01:50:00,long,8788.605193,8784.099118892856,8784.099118892856,8796.117341214285,-10.006074107142922,stop_loss,6
2018-09-25 02:00:00,2018-09-25 02:10:00,long,8790.344264,8785.123928571427,8785.123928571427,8799.284934857144,-10.72033542857207,stop_loss,2
2018-09-25 02:40:00,2018-09-25 02:55:00,long,8794.112251,8788.20870917857,8788.20870917857,8804.419334642858,-11.403541821429826,stop_loss,3
2018-09-25 03:00:00,2018-09-25 05:30:00,long,8789.764574,8801.686509214287,8783.053606392858,8801.686509214287,6.42193521428635,take_profit,30
2018-09-26 03:25:00,2018-09-26 04:40:00,long,8836.429644,8831.892514857143,8831.892514857143,8844.003902285713,-10.037129142856429,stop_loss,15
2018-09-27 01:30:00,2018-09-27 02:25:00,long,8808.894354,8802.338660607144,8802.338660607144,8820.505740785715,-12.055693392856483,stop_loss,11
2018-09-27 03:35:00,2018-09-27 05:10:00,long,8807.445129,8821.168245142857,8799.833570928571,8821.168245142857,8.22311614285718,take_profit,19
2018-09-28 02:40:00,2018-09-28 02:50:00,long,8874.97905,8867.553821178572,8867.553821178572,8888.329507642859,-12.92522882142839,stop_loss,2
2018-09-28 03:00:00,2018-09-28 05:05:00,long,8872.370444,8864.07567975,8864.07567975,8887.459972500003,-13.794764250000298,stop_loss,25
2018-10-01 03:15:00,2018-10-01 06:30:00,long,8944.541888,8937.955139571428,8937.955139571428,8956.215384857143,-12.08674842857181,stop_loss,39
2018-10-02 01:00:00,2018-10-02 01:05:00,long,8881.065799,8875.96968307143,8875.96968307143,8889.758030857143,-10.596115928570725,stop_loss,1
2018-10-02 01:15:00,2018-10-02 02:55:00,short,8870.500909,8876.2491765,8876.2491765,8860.504374,-11.248267499999201,stop_loss,20
2018-10-02 04:25:00,2018-10-02 05:05:00,short,8853.400044,8862.533288964285,8862.533288964285,8836.633554071428,-14.63324496428504,stop_loss,8
2018-10-03 01:10:00,2018-10-03 03:15:00,long,8886.283012,8899.260811999999,8879.044112,8899.260811999999,7.4777999999987514,take_profit,25
2018-10-03 04:55:00,2018-10-03 07:00:00,long,8896.717437,8907.521397999999,8890.565456499999,8907.521397999999,5.303960999999617,take_profit,25
2018-10-04 03:15:00,2018-10-04 04:35:00,short,8822.966303,8832.844864214285,8832.844864214285,8804.709180571428,-15.378561214285583,stop_loss,16
2018-10-05 01:10:00,2018-10-05 02:00:00,short,8718.911891,8705.934090571427,8726.150791214286,8705.934090571427,7.477800428572664,take_profit,10
2018-10-05 03:10:00,2018-10-05 04:25:00,short,8682.391401,8691.245152357144,8691.245152357144,8666.183898285715,-14.353751357142755,stop_loss,15
2018-10-08 01:05:00,2018-10-08 01:45:00,short,8614.857479,8603.991408142858,8621.04051442857,8603.991408142858,5.366070857142404,take_profit,8
2018-10-09 01:00:00,2018-10-09 01:50:00,short,8556.598602,8562.284759964286,8562.284759964286,8546.726286071429,-11.186157964286394,stop_loss,10
2018-10-09 02:15:00,2018-10-09 03:10:00,short,8556.598602,8543.682912071428,8563.806446964285,8543.682912071428,7.415689928571737,take_profit,11
2018-10-09 03:25:00,2018-10-09 03:35:00,short,8537.758667,8545.77393775,8545.77393775,8523.2281255,-13.515270750000127,stop_loss,2
2018-10-09 03:45:00,2018-10-09 04:40:00,short,8547.903248,8533.062158285715,8556.073792857143,8533.062158285715,9.341089714285772,take_profit,11
2018-10-10 02:10:00,2018-10-10 02:35:00,short,8579.786215,8566.746305357143,8587.05616982143,8566.746305357143,7.53990964285731,take_profit,5
2018-10-10 03:45:00,2018-10-10 05:35:00,short,8560.94628,8569.520537749999,8569.520537749999,8545.297764500001,-14.074257749998651,stop_loss,22
2018-10-11 02:50:00,2018-10-11 04:00:00,short,8123.569936,8072.705233285714,8149.752287357142,8072.705233285714,45.36470271428607,take_profit,14
2018-10-11 04:30:00,2018-10-11 04:50:00,short,8083.571304,8104.909100642857,8104.909100642857,8042.395710714285,-26.83779664285703,stop_loss,4
2018-10-15 01:40:00,2018-10-15 02:00:00,short,8243.855677,8258.485628357143,8258.485628357143,8216.095774285714,-20.129951357143,stop_loss,4
2018-10-15 03:10:00,2018-10-15 03:45:00,short,8240.957225,8215.868038,8254.2518185,8215.868038,19.589186999999583,take_profit,7
2018-10-16 02:00:00,2018-10-16 02:10:00,short,8240.66738,8250.328557571429,8250.328557571429,8222.845024857144,-15.161177571428198,stop_loss,2
2018-10-16 03:30:00,2018-10-16 05:20:00,short,8247.623664,8258.061212214287,8258.061212214287,8228.24856757143,-15.937548214285925,stop_loss,22
2018-10-17 01:00:00,2018-10-17 01:40:00,long,8512.962448,8527.058222214288,8505.164560892857,8527.058222214288,8.595774214287303,take_profit,8
2018-10-17 02:05:00,2018-10-17 02:30:00,long,8539.918048,8529.573664357142,8529.573664357142,8559.106815285713,-15.844383642857792,stop_loss,5
2018-10-18 02:25:00,2018-10-18 02:50:00,long,8447.747287,8465.880189928572,8437.930835535715,8465.880189928572,12.632902928571639,take_profit,5
2018-10-18 03:05:00,2018-10-18 03:30:00,long,8464.558307,8453.095949142857,8453.095949142857,8485.983022714285,-16.962357857142706,stop_loss,5
2018-10-19 01:35:00,2018-10-19 01:50:00,short,8325.302166,8334.031698392857,8334.031698392857,8309.343101214286,-14.229532392857436,stop_loss,3
2018-10-19 01:55:00,2018-10-19 02:40:00,short,8327.331082,8309.695056,8336.899095,8309.695056,12.136026000000129,take_profit,9
2018-10-19 03:45:00,2018-10-19 04:05:00,short,8284.144154,8297.190308714285,8297.190308714285,8259.551844571426,-18.546154714285876,stop_loss,4
2018-10-22 03:15:00,2018-10-22 05:50:00,short,8281.825392,8292.169775857143,8292.169775857143,8262.636624285715,-15.84438385714202,stop_loss,31
2018-10-23 01:35:00,2018-10-23 02:30:00,short,8178.060826,8192.224955142858,8192.224955142858,8151.232567714286,-19.664129142857746,stop_loss,11
2018-10-24 01:25:00,2018-10-24 01:40:00,short,8249.65258,8227.35832842857,8261.549705785716,8227.35832842857,16.794251571429413,take_profit,3
2018-10-24 02:00:00,2018-10-24 02:05:00,short,8209.364103,8222.441312535715,8222.441312535715,8184.709683928571,-18.577209535715156,stop_loss,1
2018-10-24 02:15:00,2018-10-24 02:45:00,short,8209.074258,8225.47433525,8225.47433525,8177.774103500001,-21.900077250000322,stop_loss,6
2018-10-24 02:55:00,2018-10-24 06:20:00,short,8215.161006,8235.970870357143,8235.970870357143,8175.0412772857135,-26.309864357142942,stop_loss,41
2018-10-26 02:20:00,2018-10-26 02:50:00,short,7933.431512,7957.4710795,7957.4710795,7886.852377,-29.539567499999976,stop_loss,6
2018-10-26 02:55:00,2018-10-26 04:20:00,short,7931.982287,7880.931255357143,7958.257802821428,7880.931255357143,45.5510316428572,take_profit,17
2018-10-29 01:00:00,2018-10-29 02:10:00,short,7997.777138,8010.140086,8010.140086,7974.5512420000005,-17.86294799999996,stop_loss,14
2018-10-29 03:20:00,2018-10-29 04:15:00,short,7999.806054,8016.889337857143,8016.889337857143,7967.139486285714,-22.583283857143215,stop_loss,11
2018-10-30 01:30:00,2018-10-30 01:50:00,short,7847.637346,7859.037594214286,7859.037594214286,7826.336849571429,-16.900248214285966,stop_loss,4
2018-10-30 03:35:00,2018-10-30 04:05:00,short,7860.100687,7828.303655142857,7876.749202928571,7828.303655142857,26.297031857143338,take_profit,6
2018-10-31 01:20:00,2018-10-31 02:30:00,long,7952.112067,7970.120750642857,7942.357725178572,7970.120750642857,12.50868364285725,take_profit,14
2018-10-31 02:30:00,2018-10-31 03:35:00,long,7969.792622,7987.614976714285,7960.131444642857,7987.614976714285,12.322354714285211,take_profit,13
2018-10-31 04:15:00,2018-10-31 04:40:00,long,7981.386428,7969.6135217142855,7969.6135217142855,8003.432240571428,-17.27290628571427,stop_loss,5
2018-11-01 02:15:00,2018-11-01 02:45:00,long,8081.383008,8067.560482107143,8067.560482107143,8107.5280597857145,-19.322525892856902,stop_loss,6
2018-11-01 03:00:00,2018-11-01 03:25:00,long,8075.586104,8098.936220357143,8063.161045821428,8098.936220357143,17.850116357142724,take_profit,5
2018-11-01 03:45:00,2018-11-01 05:30:00,long,8101.092478,8127.423858285713,8087.176787857143,8127.423858285713,20.83138028571375,take_profit,21
2018-11-02 01:45:00,2018-11-02 03:55:00,long,8249.493199,8230.173967035715,8230.173967035715,8286.631662928572,-24.81923196428579,stop_loss,26
2018-11-05 01:10:00,2018-11-05 01:45:00,long,8090.658053,8084.288688642858,8084.288688642858,8101.896781714286,-11.86936435714233,stop_loss,7
2018-11-05 03:50:00,2018-11-05 05:25:00,long,8087.179911,8107.3003233571435,8076.369704821429,8107.3003233571435,14.620412357143323,take_profit,19
2018-11-06 01:40:00,2018-11-06 02:05:00,short,8059.224311,8045.749633857143,8066.711649571428,8045.749633857143,7.974677142857217,take_profit,5
2018-11-06 03:10:00,2018-11-06 03:20:00,short,8037.775769,8048.772304321428,8048.772304321428,8017.282698357143,-16.496535321428382,stop_loss,2
2018-11-06 03:55:00,2018-11-06 04:15:00,short,8016.327228,8028.348572857143,8028.348572857143,7993.784538285714,-17.52134485714305,stop_loss,4
2018-11-06 04:25:00,2018-11-06 05:20:00,short,8020.38506,8035.605053285714,8035.605053285714,7991.445073428571,-20.719993285714736,stop_loss,11
2018-11-07 01:30:00,2018-11-07 02:05:00,long,8155.003678,8182.018264785715,8140.746384607143,8182.018264785715,21.514586785714528,take_profit,7
2018-11-07 02:30:00,2018-11-07 02:50:00,long,8197.321071,8230.298186928572,8180.082513035714,8230.298186928572,27.477115928571948,take_profit,4
2018-11-07 02:50:00,2018-11-07 06:50:00,long,8229.204038,8208.82894125,8208.82894125,8268.4542315,-25.87509675000001,stop_loss,48
2018-11-08 03:15:00,2018-11-08 03:25:00,long,8361.083585,8352.7577655,8352.7577655,8376.235224000002,-13.825819499999852,stop_loss,2
2018-11-09 02:55:00,2018-11-09 04:45:00,long,8252.971341,8240.42206375,8240.42206375,8276.569895499999,-18.04927725000016,stop_loss,22
2018-11-09 04:45:00,2018-11-09 07:10:00,short,8239.218154,8250.587347607143,8250.587347607143,8217.979766785715,-16.869193607142734,stop_loss,29
2018-11-12 02:30:00,2018-11-12 04:10:00,short,8183.857729,8163.178329214287,8194.947428892858,8163.178329214287,15.17939978571303,take_profit,20
2018-11-12 04:30:00,2018-11-12 04:35:00,short,8165.597484,8178.333090178571,8178.333090178571,8141.626271642857,-18.235606178571288,stop_loss,1
2018-11-13 01:05:00,2018-11-13 01:40:00,short,7955.169899,7969.706686,7969.706686,7927.596325,-20.036787000000004,stop_loss,7
2018-11-13 03:10:00,2018-11-13 03:30:00,short,7977.198131,7992.356014535714,7992.356014535714,7948.382363928572,-20.657883535714063,stop_loss,4
2018-11-13 03:40:00,2018-11-13 05:30:00,short,7981.255964,7997.097054035714,7997.097054035714,7951.073783928571,-21.341090035713933,stop_loss,22
2018-11-14 01:10:00,2018-11-14 01:30:00,short,7924.736158,7905.547390714286,7935.080541642857,7905.547390714286,13.688767285713766,take_profit,4
2018-11-14 02:15:00,2018-11-14 02:30:00,short,7910.533745,7878.488273928571,7927.3064805357135,7878.488273928571,26.545471071428437,take_profit,3
2018-11-15 03:25:00,2018-11-15 05:00:00,short,7881.549229,7898.663567464286,7898.663567464286,7848.820552071428,-22.614338464285538,stop_loss,19
2018-11-16 01:05:00,2018-11-16 01:25:00,short,7948.213615,7957.5952987499995,7957.5952987499995,7930.9502475,-14.881683749999866,stop_loss,4
2018-11-16 01:30:00,2018-11-16 01:35:00,short,7949.372996,7960.152147357143,7960.152147357143,7929.314693285714,-16.279151357142837,stop_loss,1
2018-11-16 04:20:00,2018-11-16 05:15:00,short,7935.460429,7914.532590642857,7946.674348178572,7914.532590642857,15.427838357142718,take_profit,11
2018-11-19 01:50:00,2018-11-19 02:05:00,long,7988.632557,8003.846304785715,7980.275683107143,8003.846304785715,9.713747785714986,take_profit,3
2018-11-20 01:10:00,2018-11-20 02:30:00,short,7680.686535,7692.707879964286,7692.707879964286,7658.143845071429,-17.521344964286072,stop_loss,16
2018-11-20 02:30:00,2018-11-20 03:05:00,short,7676.338857,7647.088321785714,7691.714124607142,7647.088321785714,23.750535214286174,take_profit,7
2018-11-20 03:45:00,2018-11-20 05:30:00,short,7655.759851,7624.273367571428,7672.253092714285,7624.273367571428,25.986483428571773,take_profit,21
2018-11-21 01:10:00,2018-11-21 02:30:00,short,7635.180845,7615.619419214286,7645.711557892857,7615.619419214286,14.061425785714164,take_profit,16
2018-11-21 04:10:00,2018-11-21 05:40:00,short,7627.934716,7647.036564,7647.036564,7591.23102,-24.601848000000246,stop_loss,18
2018-11-22 01:40:00,2018-11-22 02:10:00,short,7629.094096,7613.569799571428,7637.606244214286,7613.569799571428,10.024296428571688,take_profit,6
2018-11-22 02:20:00,2018-11-22 02:30:00,short,7618.659671,7600.464658428572,7628.5071772857145,7600.464658428572,12.695012571428379,take_profit,2
2018-11-22 03:10:00,2018-11-22 04:10:00,short,7586.486858,7599.533012714286,7599.533012714286,7561.894548571429,-18.546154714285876,stop_loss,12
2018-11-22 04:50:00,2018-11-22 06:00:00,short,7592.283761,7602.876583428571,7602.876583428571,7572.598116142857,-16.092822428571708,stop_loss,14
2018-11-23 04:35:00,2018-11-23 05:05:00,short,7580.689955,7592.245477535714,7592.245477535714,7559.078909928571,-17.055522535713862,stop_loss,6
2018-11-26 01:00:00,2018-11-26 01:50:00,long,7636.47069,7648.641063785714,7629.635503107143,7648.641063785714,6.670373785714219,take_profit,10
2018-11-27 01:25:00,2018-11-27 01:30:00,long,7710.09136,7728.596920571429,7700.088579714286,7728.596920571429,13.00556057142876,take_profit,1
2018-11-28 03:35:00,2018-11-28 04:55:00,long,7793.27692,7812.900455428572,7782.715152285715,7812.900455428572,14.123535428571813,take_profit,16
2018-11-29 01:20:00,2018-11-29 02:05:00,long,7992.400544,8002.459189285714,7986.621221357143,8002.459189285714,4.558645285714192,take_profit,9
2018-11-29 02:20:00,2018-11-29 02:30:00,long,8002.255279,7993.090979,7993.090979,8019.083879,-14.664300000000367,stop_loss,2
2018-11-29 02:35:00,2018-11-29 03:00:00,long,8001.385744,7991.3829635,7991.3829635,8019.891305000001,-15.502780499999972,stop_loss,5
2018-11-29 03:45:00,2018-11-29 04:00:00,long,7985.734105,7976.166092214286,7976.166092214286,8003.370130571429,-15.068012785714018,stop_loss,3
2018-11-30 01:00:00,2018-11-30 01:20:00,long,8009.501408,8004.653730428571,8004.653730428571,8017.696763142858,-10.347677571428903,stop_loss,4
2018-12-03 01:05:00,2018-12-03 01:10:00,long,8259.058089,8251.632859857144,8251.632859857144,8272.408547285715,-12.925229142856551,stop_loss,1
2018-12-03 01:35:00,2018-12-03 02:25:00,long,8258.188554,8276.135128214286,8248.465266892857,8276.135128214286,12.446574214285647,take_profit,10
2018-12-04 01:35:00,2018-12-04 02:15:00,long,8126.309007,8139.1625875,8119.13221675,8139.1625875,7.353580500000135,take_profit,8
2018-12-04 02:45:00,2018-12-04 03:10:00,long,8130.076994,8120.6332007142855,8120.6332007142855,8147.464580571428,-14.943793285714492,stop_loss,5
2018-12-04 04:10:00,2018-12-04 05:00:00,long,8127.758233,8149.804045142857,8115.98532692857,8149.804045142857,16.545812142857358,take_profit,10
2018-12-05 02:00:00,2018-12-05 02:35:00,short,7927.344764,7937.9686412500005,7937.9686412500005,7907.5970095,-16.123877250000078,stop_loss,7
2018-12-06 04:10:00,2018-12-06 05:20:00,short,7704.163992,7723.980101214285,7723.980101214285,7666.031773571428,-25.31610921428546,stop_loss,14
2018-12-07 01:30:00,2018-12-07 01:40:00,short,7875.172636,7859.8346682857145,7883.591619857143,7859.8346682857145,9.837967714285696,take_profit,2
2018-12-07 02:25:00,2018-12-07 02:40:00,short,7870.535113,7887.835780821429,7887.835780821429,7837.433777357143,-22.80066782142876,stop_loss,3
2018-12-07 02:50:00,2018-12-07 03:50:00,short,7871.114803,7887.670154464286,7887.670154464286,7839.50410007143,-22.055351464285195,stop_loss,12
2018-12-07 04:50:00,2018-12-07 06:05:00,short,7878.940623,7855.9010555,7891.21040675,7855.9010555,17.539567499999976,take_profit,15
2018-12-11 02:25:00,2018-12-11 03:40:00,short,7739.814947,7756.059749821428,7756.059749821428,7708.825341357143,-21.744802821428493,stop_loss,15
2018-12-12 02:40:00,2018-12-12 03:35:00,long,7841.101372,7873.395281214286,7824.204417392857,7873.395281214286,26.793909214286032,take_profit,11
2018-12-12 04:35:00,2018-12-12 04:50:00,long,7877.621861,7867.494861321428,7867.494861321428,7896.375860357142,-15.626999678571337,stop_loss,3
2018-12-13 01:05:00,2018-12-13 02:00:00,long,7903.418081,7921.364654999999,7893.694794,7921.364654999999,12.4465739999996,take_profit,11
2018-12-13 04:00:00,2018-12-13 05:05:00,long,7874.72341,7861.459871428571,7861.459871428571,7899.750487142856,-18.7635385714284,stop_loss,13
2018-12-14 02:15:00,2018-12-14 02:40:00,short,7744.179471,7722.468499142857,7755.784956928572,7722.468499142857,16.210971857143704,take_profit,5
2018-12-14 03:20:00,2018-12-14 04:00:00,short,7717.617045,7732.408784857143,7732.408784857143,7689.533565285714,-20.291739857142602,stop_loss,8
2018-12-17 01:15:00,2018-12-17 02:00:00,short,7667.956858,7654.4125941428565,7675.4789899285715,7654.4125941428565,8.04426385714305,take_profit,9
2018-12-17 02:50:00,2018-12-17 02:55:00,short,7645.147818,7656.784238642857,7656.784238642857,7623.374976714286,-17.136420642857047,stop_loss,1
2018-12-17 03:25:00,2018-12-17 04:00:00,short,7650.922259,7664.4456844642855,7664.4456844642855,7625.375408071428,-19.023425464285538,stop_loss,7
2018-12-17 04:40:00,2018-12-17 05:25:00,short,7662.47114,7644.0392249285715,7672.437097535713,7644.0392249285715,12.931915071428193,take_profit,9
2018-12-18 01:15:00,2018-12-18 01:30:00,short,7504.251472,7513.96995375,7513.96995375,7486.3145085,-15.218481750000137,stop_loss,3
2018-12-18 02:15:00,2018-12-18 02:25:00,short,7496.7447,7511.845785285715,7511.845785285715,7468.0425294285715,-20.601085285714362,stop_loss,2
2018-12-18 02:40:00,2018-12-18 03:45:00,short,7510.603357,7525.4569665,7525.4569665,7482.396138,-20.353609499999948,stop_loss,13
2018-12-18 04:55:00,2018-12-18 05:05:00,short,7520.99735,7531.45825975,7531.45825975,7501.575530499999,-15.96090975000061,stop_loss,2
2018-12-19 01:10:00,2018-12-19 01:30:00,short,7527.060512,7533.7164775,7533.7164775,7515.248581,-12.155965500000093,stop_loss,4
2018-12-19 02:45:00,2018-12-19 03:00:00,short,7519.265017,7530.963306642857,7530.963306642857,7497.368437714285,-17.198289642857162,stop_loss,3
2018-12-19 03:05:00,2018-12-19 04:00:00,short,7528.792844,7541.450103249999,7541.450103249999,7504.978325499999,-18.157259249999697,stop_loss,11
2018-12-20 01:05:00,2018-12-20 01:10:00,short,7286.555069,7300.418773964286,7300.418773964286,7260.327659071429,-19.363704964285716,stop_loss,1
2018-12-20 02:10:00,2018-12-20 02:45:00,short,7283.379127,7303.244124964286,7303.244124964286,7245.149131071428,-25.364997964285976,stop_loss,7
2018-12-21 03:20:00,2018-12-21 03:25:00,short,7241.514434,7260.2657900714285,7260.2657900714285,7205.511721857143,-24.251356071428745,stop_loss,1
2018-12-24 02:40:00,2018-12-24 06:00:00,short,7054.133843,7029.700633642857,7067.100447678571,7029.700633642857,18.933209357142914,take_profit,40
2018-12-26 01:00:00,2018-12-26 01:35:00,short,6778.115592,6794.763402071429,6794.763402071429,6746.319971857143,-22.147810071428466,stop_loss,7
2018-12-26 03:30:00,2018-12-26 03:50:00,short,6815.938176,6830.080291357142,6830.080291357142,6789.153945285714,-19.642115357142757,stop_loss,4
2018-12-27 01:10:00,2018-12-27 01:30:00,long,7213.35351,7198.066817714285,7198.066817714285,7242.426894571428,-20.786692285714707,stop_loss,4
2018-12-27 01:35:00,2018-12-27 01:55:00,long,7210.46629,7195.365204928572,7195.365204928572,7239.168460142857,-20.601085071428315,stop_loss,4
2018-12-28 01:50:00,2018-12-28 02:15:00,long,7283.801683,7268.576859714285,7268.576859714285,7312.751329571428,-20.724823285714592,stop_loss,5
2018-12-28 02:20:00,2018-12-28 04:10:00,long,7289.287401,7328.321695428571,7269.020253785714,7328.321695428571,33.53429442857123,take_profit,22
2018-12-31 04:00:00,2018-12-31 04:30:00,long,7335.771647,7327.383348857143,7327.383348857143,7351.048243285713,-13.888298142856911,stop_loss,6
2019-01-02 01:45:00,2019-01-02 02:00:00,short,7226.212167,7202.150172928571,7238.993164035714,7202.150172928571,18.56199407142867,take_profit,3
2019-01-02 04:35:00,2019-01-02 05:15:00,short,7146.236167,7163.286125571429,7163.286125571429,7113.636249857143,-22.54995857142876,stop_loss,8
2019-01-03 01:30:00,2019-01-03 01:35:00,short,7175.108369,7189.900108964285,7189.900108964285,7147.024889071428,-20.291739964285625,stop_loss,1
2019-01-03 01:45:00,2019-01-03 04:00:00,short,7182.037698,7152.5312315,7197.54093125,7152.5312315,24.006466499999988,take_profit,27
2019-01-03 04:30:00,2019-01-03 04:45:00,short,7155.763994,7168.916205357143,7168.916205357143,7130.9595712857135,-18.652211357142733,stop_loss,3
2019-01-03 04:50:00,2019-01-03 05:15:00,short,7157.207604,7172.772706464286,7172.772706464286,7127.577399071429,-21.0651024642857,stop_loss,5
2019-01-04 02:25:00,2019-01-04 03:35:00,long,7211.621178,7247.438283785714,7192.962625107143,7247.438283785714,30.317105785713466,take_profit,14
2019-01-07 01:40:00,2019-01-07 02:00:00,long,7459.922115,7448.285693821429,7448.285693821429,7481.694957357143,-17.136421178571254,stop_loss,4
2019-01-08 01:05:00,2019-01-08 01:35:00,long,7527.77179,7515.856958857143,7515.856958857143,7550.101452285714,-17.41483114285711,stop_loss,6
2019-01-08 04:55:00,2019-01-08 05:50:00,long,7551.446996,7568.703400714285,7542.068793642857,7568.703400714285,11.756404714285054,take_profit,11
2019-01-09 01:00:00,2019-01-09 01:30:00,long,7602.550793,7592.584835464286,7592.584835464286,7620.9827080714285,-15.465957535714551,stop_loss,6
2019-01-09 04:55:00,2019-01-09 05:20:00,long,7607.459068,7596.719747428571,7596.719747428571,7627.437709142858,-16.239320571428834,stop_loss,5
2019-01-10 04:00:00,2019-01-10 04:55:00,long,7582.340252,7571.198783357143,7571.198783357143,7603.123189285714,-16.641468642857035,stop_loss,11
2019-01-11 01:55:00,2019-01-11 02:05:00,long,7648.746317,7642.275958071428,7642.275958071428,7660.187034857144,-11.97035892857184,stop_loss,2
2019-01-14 01:20:00,2019-01-14 01:30:00,short,7552.756772,7559.505541214286,7559.505541214286,7540.759233571428,-12.248769214285858,stop_loss,2
2019-01-14 01:40:00,2019-01-14 02:05:00,short,7553.91166,7560.2582805,7560.2582805,7542.718419,-11.846620500000427,stop_loss,5
2019-01-14 03:10:00,2019-01-14 03:15:00,short,7565.749263,7574.818120357143,7574.818120357143,7549.111548285714,-14.568857357143315,stop_loss,1
2019-01-14 03:35:00,2019-01-14 04:15:00,short,7561.707154,7542.7184181428565,7571.951521928571,7542.7184181428565,13.488735857143183,take_profit,8
2019-01-14 04:30:00,2019-01-14 05:30:00,short,7537.165783,7548.523793571429,7548.523793571429,7515.949761857143,-16.858010571429077,stop_loss,12
2019-01-15 04:25:00,2019-01-15 04:45:00,short,7586.82597,7595.771089464286,7595.771089464286,7570.435731071428,-14.445119464286108,stop_loss,4
2019-01-16 01:05:00,2019-01-16 01:15:00,long,7734.208034,7727.1499192500005,7727.1499192500005,7746.8242635,-12.558114749999731,stop_loss,2
2019-01-16 01:50:00,2019-01-16 02:20:00,long,7722.947876,7713.909953142857,7713.909953142857,7739.523721714287,-14.537922857142803,stop_loss,6
2019-01-16 04:10:00,2019-01-16 04:50:00,long,7717.462157,7709.011990392857,7709.011990392857,7732.862490214286,-13.950166607142819,stop_loss,8
2019-01-17 01:10:00,2019-01-17 02:15:00,short,7658.140309,7640.265214071429,7667.827856464286,7640.265214071429,12.375094928571343,take_profit,13
2019-01-17 02:35:00,2019-01-17 02:45:00,short,7648.901205,7661.063512357143,7661.063512357143,7626.076590285715,-17.66230735714271,stop_loss,2
2019-01-17 04:50:00,2019-01-17 06:15:00,long,7669.24558,7660.300460857143,7660.300460857143,7685.635818285714,-14.445119142857038,stop_loss,17
2019-01-18 02:15:00,2019-01-18 03:40:00,long,7779.826114,7795.845139357143,7771.066601321429,7795.845139357143,10.51902535714271,take_profit,17
2019-01-21 04:15:00,2019-01-21 07:40:00,long,7805.811096,7817.066206214286,7799.433540892857,7817.066206214286,5.755110214285196,take_profit,41
2019-01-22 02:20:00,2019-01-22 04:40:00,long,7783.002056,7775.139644035715,7775.139644035715,7797.226879928571,-13.362411964285457,stop_loss,28
2019-01-23 01:40:00,2019-01-23 02:05:00,short,7683.259125,7667.487577142857,7691.894898928571,7667.487577142857,10.27154785714265,take_profit,5
2019-01-23 04:55:00,2019-01-23 05:55:00,short,7704.913277,7713.208772071428,7713.208772071428,7689.822286857143,-13.795495071428377,stop_loss,12
2019-01-24 02:00:00,2019-01-24 02:40:00,short,7702.892222,7711.497061642858,7711.497061642858,7687.182542714286,-14.104839642857769,stop_loss,8
2019-01-24 03:50:00,2019-01-24 04:45:00,long,7735.651645,7726.149704964285,7726.149704964285,7753.155525071429,-15.001940035715052,stop_loss,11
2019-01-25 03:25:00,2019-01-25 03:50:00,long,7781.847168,7770.581961571429,7770.581961571429,7802.877580857143,-16.76520642857122,stop_loss,5
2019-01-25 04:25:00,2019-01-25 05:20:00,long,7780.403558,7795.370808642857,7772.169932678571,7795.370808642857,9.467250642856925,take_profit,11
2019-01-28 01:40:00,2019-01-28 02:00:00,long,7808.120872,7801.9289233571435,7801.9289233571435,7819.004769285714,-11.691948642856914,stop_loss,4
2019-01-29 01:35:00,2019-01-29 02:40:00,short,7707.223053,7714.466774535714,7714.466774535714,7694.235609928571,-12.74372153571403,stop_loss,13
2019-01-30 04:05:00,2019-01-30 05:15:00,short,7723.102764,7730.470223107143,7730.470223107143,7709.867845785715,-12.867459107143077,stop_loss,14
2019-02-01 01:25:00,2019-02-01 02:05:00,long,7967.495427,7960.7775922857145,7960.7775922857145,7979.431096428571,-12.217834714285345,stop_loss,8
2019-02-01 02:10:00,2019-02-01 02:50:00,long,7967.206705,7959.870180178571,7959.870180178571,7980.379754642857,-12.836524821428611,stop_loss,8
2019-02-05 02:10:00,2019-02-05 03:05:00,long,8010.80373,8019.027259642857,8005.941965178571,8019.027259642857,2.723529642857102,take_profit,11
2019-02-06 03:55:00,2019-02-06 05:00:00,long,8082.118069,8092.568883071428,8076.142661964286,8092.568883071428,4.950814071427885,take_profit,13
2019-02-07 02:40:00,2019-02-07 04:15:00,long,8055.266921,8048.487217178572,8048.487217178572,8067.326328642857,-12.279703821428484,stop_loss,19
2019-02-08 03:50:00,2019-02-08 05:45:00,short,7933.869839,7921.0680033571425,7941.020756821428,7921.0680033571425,7.301835642857441,take_profit,23
2019-02-11 02:20:00,2019-02-11 02:45:00,long,7995.501463,8009.726285214286,7987.6390518928565,8009.726285214286,8.724822214286178,take_profit,5
2019-02-12 02:40:00,2019-02-12 03:10:00,long,8046.316538,8039.444030142857,8039.444030142857,8058.561553714286,-12.372507857143319,stop_loss,6
2019-02-12 04:20:00,2019-02-12 06:35:00,long,8048.915037,8059.4895882142855,8042.877761392857,8059.4895882142855,5.074551214285748,take_profit,27
2019-02-13 04:30:00,2019-02-13 05:30:00,long,8129.46848,8139.733687071429,8123.585876464286,8139.733687071429,4.765207071428449,take_profit,12
2019-02-14 01:40:00,2019-02-14 01:55:00,long,8133.221866,8144.043894714285,8127.060851642857,8144.043894714285,5.322028714284897,take_profit,3
2019-02-14 02:25:00,2019-02-14 02:45:00,long,8143.904581,8134.340771642857,8134.340771642857,8161.532199714285,-15.063809357142418,stop_loss,4
2019-02-15 01:30:00,2019-02-15 02:00:00,short,8058.309029,8065.676488428571,8065.676488428571,8045.074110142857,-12.867459428571237,stop_loss,6
2019-02-15 02:10:00,2019-02-15 02:30:00,short,8065.52708,8073.265753321429,8073.265753321429,8051.549733357143,-13.238673321428905,stop_loss,4
2019-02-19 02:20:00,2019-02-19 02:35:00,long,8168.157231,8162.5221036785715,8162.5221036785715,8177.927485642857,-11.135127321428627,stop_loss,3
2019-02-19 02:50:00,2019-02-19 03:05:00,long,8166.713621,8160.800082964285,8160.800082964285,8177.040697071428,-11.413538035714737,stop_loss,3
2019-02-20 01:05:00,2019-02-20 01:40:00,long,8171.910617,8165.347454892857,8165.347454892857,8183.536941214285,-12.063162107142489,stop_loss,7
2019-02-20 02:05:00,2019-02-20 02:45:00,long,8171.333173,8164.0585172857145,8164.0585172857145,8184.382484428572,-12.774655714285473,stop_loss,8
2019-02-20 04:45:00,2019-02-20 05:25:00,long,8164.403845,8156.943581857143,8156.943581857143,8177.824371285714,-12.960263142857002,stop_loss,8
2019-02-21 01:20:00,2019-02-21 02:05:00,long,8191.254993,8183.980336428571,8183.980336428571,8204.304306142858,-12.77465657142875,stop_loss,9
2019-02-21 02:15:00,2019-02-21 02:40:00,long,8189.52266,8182.124265857143,8182.124265857143,8202.819448285714,-12.898394142856887,stop_loss,5
2019-02-21 03:20:00,2019-02-21 06:10:00,long,8183.459498,8176.370449178571,8176.370449178571,8196.137595642858,-12.58904882142906,stop_loss,34
2019-02-22 01:15:00,2019-02-22 01:35:00,short,8125.292538,8131.639158821428,8131.639158821428,8114.0992963571425,-11.846620821428587,stop_loss,4
2019-02-22 03:05:00,2019-02-22 04:50:00,long,8153.432408,8168.647135071428,8145.075044464285,8168.647135071428,9.71472707142857,take_profit,21
2019-02-22 04:50:00,2019-02-22 05:05:00,long,8169.889563,8162.769579892857,8162.769579892857,8182.629529214285,-12.619983107142616,stop_loss,3
2019-02-25 01:35:00,2019-02-25 01:55:00,long,8227.633967,8222.524726392856,8222.524726392856,8236.352448214286,-10.609240607143875,stop_loss,4
2019-02-25 02:00:00,2019-02-25 02:10:00,long,8229.366299,8223.019678499999,8223.019678499999,8240.55954,-11.846620500000427,stop_loss,2
2019-02-25 04:30:00,2019-02-25 05:20:00,long,8233.985852,8243.199285857143,8228.629135071427,8243.199285857143,3.7134338571431726,take_profit,10
2019-02-26 01:05:00,2019-02-26 01:10:00,short,8183.036942,8188.950479499999,8188.950479499999,8172.709867,-11.41353749999962,stop_loss,1
2019-02-26 01:35:00,2019-02-26 03:25:00,long,8192.987325,8187.073787178571,8187.073787178571,8203.314400642857,-11.41353782142869,stop_loss,22
2019-02-26 03:40:00,2019-02-26 04:45:00,long,8192.409881,8204.531157642856,8185.5992426785715,8204.531157642856,6.621276642856174,take_profit,13
2019-02-27 02:15:00,2019-02-27 04:40:00,short,8197.184321,8204.273369607145,8204.273369607145,8184.506223785714,-12.589048607143923,stop_loss,29
2019-02-27 04:40:00,2019-02-27 05:30:00,long,8205.691094,8199.499145892856,8199.499145892856,8216.574990214285,-11.691948107143617,stop_loss,10
2019-03-01 02:20:00,2019-03-01 02:45:00,long,8252.752783,8262.461169285714,8247.148589857143,8262.461169285714,4.208386285714369,take_profit,5
2019-03-01 02:45:00,2019-03-01 04:35:00,long,8263.435498,8256.408317857144,8256.408317857144,8275.989858285715,-12.527180142857105,stop_loss,22
2019-03-04 01:10:00,2019-03-04 01:15:00,long,8311.363353,8307.058409500001,8307.058409500001,8318.473240000001,-9.804943499999354,stop_loss,1
2019-03-05 01:00:00,2019-03-05 01:25:00,long,8264.012942,8259.30584967857,8259.30584967857,8271.927126642855,-10.207092321428718,stop_loss,5
2019-03-05 03:05:00,2019-03-05 04:15:00,long,8275.561822,8269.060528142856,8269.060528142856,8287.064409714287,-12.001293857143537,stop_loss,14
2019-03-06 01:10:00,2019-03-06 01:30:00,long,8264.301664,8259.28522657143,8259.28522657143,8272.834538857143,-10.516437428570498,stop_loss,4
2019-03-06 02:00:00,2019-03-06 02:30:00,long,8268.921216,8263.038612142858,8263.038612142858,8279.186423714285,-11.382603857142385,stop_loss,6
2019-03-06 02:35:00,2019-03-06 06:20:00,long,8268.05505,8261.306280678573,8261.306280678573,8280.052588642859,-12.248769321427972,stop_loss,45
2019-03-07 04:25:00,2019-03-07 04:35:00,short,8188.256838,8191.838020785714,8191.838020785714,8182.594472428572,-9.08118278571419,stop_loss,2
2019-03-08 01:35:00,2019-03-08 02:15:00,short,8068.62478,8075.8725700714285,8075.8725700714285,8055.629199857142,-12.747790071428426,stop_loss,8
2019-03-08 03:40:00,2019-03-08 07:30:00,short,8070.925396,8054.787008785714,8079.744589607142,8054.787008785714,10.638387214286013,take_profit,46
2019-03-11 03:25:00,2019-03-11 05:00:00,short,8129.015963,8136.8491778928565,8136.8491778928565,8114.849533214286,-13.333214892856631,stop_loss,19
2019-03-12 01:50:00,2019-03-12 02:55:00,long,8300.549161,8307.813741714286,8296.166870642857,8307.813741714286,1.76458071428533,take_profit,13
2019-03-12 04:35:00,2019-03-12 04:50:00,long,8301.699469,8294.051125035714,8294.051125035714,8315.49615692857,-13.148343964285232,stop_loss,3
2019-03-13 02:50:00,2019-03-13 03:30:00,long,8318.091361,8330.224209928572,8311.274936535716,8330.224209928572,6.632848928571548,take_profit,8
2019-03-13 04:15:00,2019-03-13 06:40:00,long,8329.882021,8342.014870785715,8323.065596107142,8342.014870785715,6.6328497857157345,take_profit,29
2019-03-14 01:40:00,2019-03-14 02:45:00,long,8383.946508,8393.491163928573,8378.424180035716,8393.491163928573,4.044655928571956,take_profit,13
2019-03-14 03:55:00,2019-03-14 04:20:00,long,8415.867562,8409.482502821427,8409.482502821427,8427.137680357144,-11.885059178572192,stop_loss,5
2019-03-14 04:50:00,2019-03-14 05:00:00,long,8417.017871,8411.557166571429,8411.557166571429,8426.439279857143,-10.960704428571262,stop_loss,2
2019-03-15 01:25:00,2019-03-15 03:45:00,long,8388.260164,8396.079358142857,8383.60056692857,8396.079358142857,2.3191941428576683,take_profit,28
2019-03-15 04:20:00,2019-03-15 05:50:00,long,8397.750207,8406.80187292857,8392.474374035713,8406.80187292857,3.5516659285713104,take_profit,18
2019-03-18 01:15:00,2019-03-18 02:25:00,long,8459.579276,8455.659163392858,8455.659163392858,8465.919501214286,-9.420112607142073,stop_loss,14
2019-03-18 02:40:00,2019-03-18 02:50:00,long,8462.742623,8458.175461499999,8458.175461499999,8470.376946,-10.06716150000102,stop_loss,2
2019-03-18 03:15:00,2019-03-18 04:15:00,long,8459.866853,8454.621831107142,8454.621831107142,8468.856896785714,-10.74502189285704,stop_loss,12
2019-03-19 01:55:00,2019-03-19 02:55:00,long,8473.670552,8470.274240035713,8470.274240035713,8478.963175928571,-8.896311964286724,stop_loss,12
2019-03-19 03:40:00,2019-03-19 05:45:00,long,8484.59848,8494.512878214287,8478.891280892858,8494.512878214287,4.414398214286848,take_profit,25
2019-03-20 02:25:00,2019-03-20 03:00:00,long,8486.036365,8492.499838785716,8482.054628107142,8492.499838785716,0.9634737857159053,take_profit,7
2019-03-21 03:30:00,2019-03-21 03:55:00,long,8528.022617,8520.312649392858,8520.312649392858,8541.942552214286,-13.209967607142971,stop_loss,5
2019-03-21 04:05:00,2019-03-21 06:05:00,long,8529.460502,8520.795367392857,8520.795367392857,8545.290771214286,-14.165134607143045,stop_loss,24
2019-03-22 01:50:00,2019-03-22 02:30:00,long,8656.281986,8665.148781642858,8651.098588178571,8665.148781642858,3.366795642858051,take_profit,8
2019-03-22 02:40:00,2019-03-22 03:30:00,long,8669.222954,8663.454131464287,8663.454131464287,8679.26059907143,-11.268822535714207,stop_loss,10
2019-03-22 04:50:00,2019-03-22 05:15:00,long,8639.602517,8626.377231857143,8626.377231857143,8664.553087285713,-18.725285142856592,stop_loss,5
2019-03-25 01:30:00,2019-03-25 01:50:00,short,8401.639018,8389.50616842857,8408.455442785715,8389.50616842857,6.632849571429688,take_profit,4
2019-03-25 03:50:00,2019-03-25 04:00:00,short,8417.455756,8428.955578607143,8428.955578607143,8395.956110785713,-16.99982260714387,stop_loss,2
2019-03-26 01:40:00,2019-03-26 02:50:00,short,8466.631434,8474.711143678573,8474.711143678573,8451.972014642859,-13.579709678571817,stop_loss,14
2019-03-26 03:35:00,2019-03-26 04:10:00,short,8468.644473,8477.432854785715,8477.432854785715,8452.567709428571,-14.288381785714591,stop_loss,7
2019-03-27 01:40:00,2019-03-27 02:00:00,long,8514.794072,8509.117684714285,8509.117684714285,8524.64684657143,-11.176387285715464,stop_loss,4
2019-03-29 01:50:00,2019-03-29 02:10:00,long,8479.422093,8488.227264785713,8474.269507107143,8488.227264785713,3.305171785714265,take_profit,4
2019-03-29 02:25:00,2019-03-29 03:15:00,long,8488.336982,8481.705428142857,8481.705428142857,8500.100089714286,-12.131553857143444,stop_loss,10
2019-03-29 04:45:00,2019-03-29 05:15:00,long,8476.546322,8470.038015535714,8470.038015535714,8488.062934928572,-12.008306464285852,stop_loss,6
2019-04-01 01:35:00,2019-04-01 02:00:00,long,8599.054151,8593.316140285715,8593.316140285715,8609.030172428573,-11.238010714285338,stop_loss,5
2019-04-01 02:05:00,2019-04-01 03:00:00,long,8598.19142,8608.906925571428,8592.083667214285,8608.906925571428,5.215505571428366,take_profit,11
2019-04-01 03:15:00,2019-04-01 04:20:00,long,8606.531154,8599.49904625,8599.49904625,8619.0953695,-12.53210774999934,stop_loss,13
2019-04-02 02:15:00,2019-04-02 02:45:00,long,8615.158466,8610.159939000001,8610.159939000001,8623.655520000002,-10.49852699999974,stop_loss,6
2019-04-02 03:35:00,2019-04-02 06:05:00,long,8620.047276,8628.975695285715,8614.833066357141,8628.975695285715,3.4284192857157905,take_profit,30
2019-04-03 01:00:00,2019-04-03 02:30:00,long,8701.431585,8709.435649642857,8696.679552678572,8709.435649642857,2.5040646428569744,take_profit,18
2019-04-03 02:45:00,2019-04-03 04:45:00,long,8706.320395,8700.366701750001,8700.366701750001,8716.727781500002,-11.45369324999956,stop_loss,24
2019-04-04 04:30:00,2019-04-04 05:05:00,long,8705.170087,8715.885592357145,8699.062334321428,8715.885592357145,5.2155053571441385,take_profit,7
2019-04-05 01:55:00,2019-04-05 02:00:00,long,8717.823477,8723.054476857144,8714.457977071428,8723.054476857144,-0.2690001428563846,take_profit,1
2019-04-05 03:00:00,2019-04-05 03:20:00,long,8722.42471,8716.440204285715,8716.440204285715,8732.893721428569,-11.48450571428475,stop_loss,4
2019-04-08 01:35:00,2019-04-08 02:05:00,long,8736.803563,8732.298025142856,8732.298025142856,8744.314638714286,-10.005537857143281,stop_loss,6
2019-04-08 02:25:00,2019-04-08 02:50:00,long,8737.091141,8731.753683964287,8731.753683964287,8746.266055071428,-10.837457035713669,stop_loss,5
2019-04-09 03:55:00,2019-04-09 04:10:00,long,8760.384883,8755.602039500001,8755.602039500001,8768.45057,-10.282843499999217,stop_loss,3
2019-04-09 04:30:00,2019-04-09 05:30:00,long,8761.247614,8755.386356321429,8755.386356321429,8771.470129357142,-11.361257678570837,stop_loss,12
2019-04-10 01:00:00,2019-04-10 01:10:00,long,8742.267528,8748.54613,8738.378227,8748.54613,0.7786020000003191,take_profit,2
2019-04-10 01:10:00,2019-04-10 02:00:00,long,8747.731492,8743.010271607143,8743.010271607143,8755.673932785716,-10.221220392857504,stop_loss,10
2019-04-10 02:05:00,2019-04-10 03:15:00,long,8747.156338,8742.188623035716,8742.188623035716,8755.591767928572,-10.467714964284824,stop_loss,14
2019-04-11 01:10:00,2019-04-11 02:20:00,long,8790.292897,8786.095477464285,8786.095477464285,8797.187736071428,-9.697419535714289,stop_loss,14
2019-04-11 03:25:00,2019-04-11 04:20:00,long,8775.33889,8786.978750642857,8768.768959678573,8786.978750642857,6.139860642855638,take_profit,11
2019-04-11 04:35:00,2019-04-11 05:00:00,long,8786.841972,8795.277402785714,8781.874256607143,8795.277402785714,2.9354307857138338,take_profit,5
2019-04-12 01:25:00,2019-04-12 01:30:00,short,8764.273693,8767.269450857142,8767.269450857142,8759.782177285713,-8.495757857142962,stop_loss,1
2019-04-12 01:55:00,2019-04-12 02:30:00,short,8763.123384,8766.704566678573,8766.704566678573,8757.461018642856,-9.081182678572077,stop_loss,7
2019-04-12 02:30:00,2019-04-12 03:00:00,long,8767.861886,8774.879972357143,8763.602842821429,8774.879972357143,1.5180863571422378,take_profit,6
2019-04-12 03:10:00,2019-04-12 03:35:00,long,8783.391047,8794.537918071428,8777.067611464285,8794.537918071428,5.6468710714289045,take_profit,5
2019-04-15 04:05:00,2019-04-15 04:30:00,long,8796.044438,8801.152190785715,8792.740561607143,8801.152190785715,-0.3922472142858169,take_profit,5
2019-04-16 02:30:00,2019-04-16 02:45:00,long,8824.514567,8835.045201857145,8818.499249571429,8835.045201857145,5.0306348571448325,take_profit,3
2019-04-16 03:50:00,2019-04-16 04:05:00,long,8841.194037,8835.456026285714,8835.456026285714,8851.170058428572,-11.238010714285338,stop_loss,3
2019-04-16 04:20:00,2019-04-16 04:55:00,long,8835.154919,8830.187204035714,8830.187204035714,8843.590348928572,-10.467714964286642,stop_loss,7
2019-04-17 02:05:00,2019-04-17 02:35:00,long,8852.697119,8849.085124500001,8849.085124500001,8858.421107999999,-9.111994499999128,stop_loss,6
2019-04-17 03:10:00,2019-04-17 06:10:00,long,8854.422582,8861.009302857141,8850.379221571427,8861.009302857141,1.0867208571416995,take_profit,36
2019-04-18 01:20:00,2019-04-18 02:45:00,long,8829.978531,8823.870778321429,8823.870778321429,8840.694036357145,-11.60775267857207,stop_loss,17
2019-04-18 03:05:00,2019-04-18 03:30:00,short,8817.763026,8825.472993714286,8825.472993714286,8803.843090571429,-13.209967714285085,stop_loss,5
2019-04-23 01:00:00,2019-04-23 01:35:00,long,8911.36284,8907.165420892856,8907.165420892856,8918.257678214286,-9.697419107144015,stop_loss,7
2019-04-24 02:05:00,2019-04-24 03:40:00,long,8997.348382,9004.366468571428,8993.089338714286,9004.366468571428,1.5180865714282845,take_profit,19
2019-04-25 03:30:00,2019-04-25 03:55:00,long,9034.7334,9043.353700214286,9029.673249892856,9043.353700214286,3.1203002142865444,take_profit,5
2019-04-26 01:00:00,2019-04-26 01:20:00,long,8981.531643,8975.732008535715,8975.732008535715,8991.63091192857,-11.299634464285191,stop_loss,4
2019-04-26 01:25:00,2019-04-26 01:45:00,short,8970.466446,8976.605010714286,8976.605010714286,8959.689316571428,-11.638564714285167,stop_loss,4
2019-04-26 02:05:00,2019-04-26 02:40:00,short,8971.616754,8976.676904428572,8976.676904428572,8962.996453142858,-10.560150428571433,stop_loss,7
2019-04-26 03:15:00,2019-04-26 04:10:00,long,8979.518604,8971.500517857143,8971.500517857143,8994.054776285717,-13.51808614285801,stop_loss,11
2019-04-26 04:20:00,2019-04-26 04:40:00,short,8972.767062,8978.844002964286,8978.844002964286,8962.11318007143,-11.576940964285313,stop_loss,4
2019-04-29 01:05:00,2019-04-29 01:40:00,long,9028.694281,9024.928227285714,9024.928227285714,9034.726388428571,-9.26605371428559,stop_loss,7
2019-04-30 03:05:00,2019-04-30 04:00:00,short,8969.028561,8974.088711214285,8974.088711214285,8960.408260571427,-10.560150214285386,stop_loss,11
2019-05-01 02:50:00,2019-05-01 05:40:00,long,9037.896747,9033.237150678573,9033.237150678573,9045.715939642858,-10.15959632142767,stop_loss,34
2019-05-02 01:10:00,2019-05-02 01:20:00,short,8929.055349,8933.745757678571,8933.745757678571,8921.174531642857,-10.190408678570748,stop_loss,2
2019-05-03 01:05:00,2019-05-03 02:35:00,short,8930.205657,8933.971711142858,8933.971711142858,8924.173548714287,-9.266054142857683,stop_loss,18
2019-05-03 04:25:00,2019-05-03 04:40:00,short,8941.133586,8945.793182857142,8945.793182857142,8933.314392285716,-10.159596857141878,stop_loss,3
2019-05-03 04:50:00,2019-05-03 05:15:00,short,8938.545392,8943.636354249998,8943.636354249998,8929.863467500001,-10.590962249998483,stop_loss,5
2019-05-06 01:50:00,2019-05-06 02:15:00,short,8848.246195,8861.841221892857,8861.841221892857,8822.556141214285,-19.095026892857277,stop_loss,5
2019-05-06 02:50:00,2019-05-06 06:30:00,short,8848.821349,8866.976526321429,8866.976526321429,8814.010994357142,-23.65517732142871,stop_loss,44
2019-05-07 01:15:00,2019-05-07 01:20:00,long,8935.231736,8951.739864857142,8926.227671571429,8951.739864857142,11.008128857141855,take_profit,1
2019-05-07 01:35:00,2019-05-07 02:20:00,long,8967.440367,8952.458807821427,8952.458807821427,8995.903485357143,-20.481559178571842,stop_loss,9
2019-05-07 04:30:00,2019-05-07 04:50:00,short,8921.578345,8929.473183535714,8929.473183535714,8907.288667928571,-13.39483853571437,stop_loss,4
2019-05-08 01:20:00,2019-05-08 01:55:00,short,8820.926374,8827.9276695,8827.9276695,8808.423783000002,-12.501295500000197,stop_loss,7
2019-05-08 04:20:00,2019-05-08 04:50:00,short,8814.599678,8787.492280214286,8828.903376892857,8787.492280214286,21.607397785714056,take_profit,6
2019-05-09 01:25:00,2019-05-09 01:50:00,short,8736.378718,8717.960255785714,8746.337949107143,8717.960255785714,12.918462214285682,take_profit,5
2019-05-09 02:15:00,2019-05-09 04:05:00,short,8708.483743,8720.907920357144,8720.907920357144,8685.135388285715,-17.92417735714298,stop_loss,22
2019-05-10 03:00:00,2019-05-10 03:30:00,short,8716.248323,8731.47637675,8731.47637675,8687.292215499998,-20.72805375000098,stop_loss,6
2019-05-10 03:50:00,2019-05-10 04:05:00,short,8716.5359,8728.12815807143,8728.12815807143,8694.851383857143,-17.09225807142866,stop_loss,3
2019-05-13 01:10:00,2019-05-13 01:45:00,short,8643.491327,8651.817531357143,8651.817531357143,8628.338918285714,-13.82620435714307,stop_loss,7
2019-05-13 02:05:00,2019-05-13 02:45:00,short,8624.51124,8607.756616142857,8633.63855192857,8607.756616142857,11.254623857143088,take_profit,8
2019-05-13 04:20:00,2019-05-13 04:55:00,short,8610.419964,8621.6116685,8621.6116685,8589.536555,-16.691704499999105,stop_loss,7
2019-05-14 01:00:00,2019-05-14 01:20:00,short,8464.618394,8451.376318857143,8471.989431571428,8451.376318857143,7.742075142856265,take_profit,4
2019-05-14 01:20:00,2019-05-14 01:35:00,short,8453.690466,8462.725342142858,8462.725342142858,8437.120713714286,-14.534876142857684,stop_loss,3
2019-05-14 03:30:00,2019-05-14 03:50:00,short,8463.468086,8474.783037464285,8474.783037464285,8442.33818307143,-16.814951464284604,stop_loss,4
2019-05-15 02:15:00,2019-05-15 02:35:00,short,8551.754244,8535.430986285714,8560.665872857142,8535.430986285714,10.823257714286228,take_profit,4
2019-05-15 03:00:00,2019-05-15 03:30:00,short,8530.185964,8541.654974785715,8541.654974785715,8508.747942428572,-16.969010785715,stop_loss,6
2019-05-16 01:30:00,2019-05-16 02:20:00,long,8620.047276,8633.96721142857,8612.337308285714,8633.96721142857,8.41993542857017,take_profit,10
2019-05-16 03:05:00,2019-05-16 04:45:00,long,8633.275821,8660.999456285714,8618.664003357142,8660.999456285714,22.22363528571441,take_profit,20
2019-05-17 01:30:00,2019-05-17 01:40:00,long,8716.673169,8706.19013682143,8706.19013682143,8736.139233357142,-15.983032178570284,stop_loss,2
2019-05-17 01:50:00,2019-05-17 02:20:00,long,8714.084976,8702.523529857142,8702.523529857142,8735.707868285714,-17.061446142857676,stop_loss,6
2019-05-17 02:20:00,2019-05-17 03:25:00,long,8710.634051,8696.669282142859,8696.669282142859,8737.063588714287,-19.46476885714219,stop_loss,13
2019-05-20 01:55:00,2019-05-20 03:05:00,short,8652.406215,8661.749209357144,8661.749209357144,8635.220226285717,-14.842994357142743,stop_loss,14
2019-05-20 03:55:00,2019-05-20 05:05:00,short,8608.694502,8582.449834785715,8622.566835607144,8582.449834785715,20.744667214285073,take_profit,14
2019-05-21 01:00:00,2019-05-21 02:10:00,short,8549.741204,8538.347837928572,8556.187887035714,8538.347837928572,5.893366071428318,take_profit,14
2019-05-21 02:25:00,2019-05-21 02:30:00,short,8518.107728,8526.926921607144,8526.926921607144,8501.969340785716,-14.319193607143461,stop_loss,1
2019-05-21 04:00:00,2019-05-21 04:15:00,short,8532.199004,8544.099380392858,8544.099380392858,8509.898251214287,-17.400376392857652,stop_loss,3
2019-05-22 02:00:00,2019-05-22 02:20:00,short,8558.080939,8565.390353571427,8565.390353571427,8544.962109857142,-12.809414571427624,stop_loss,4
2019-05-22 02:30:00,2019-05-22 03:40:00,short,8557.218208,8566.592014821428,8566.592014821428,8539.970594357143,-14.873806821427934,stop_loss,14
2019-05-22 03:50:00,2019-05-22 04:20:00,short,8559.518824,8569.693738178572,8569.693738178572,8540.668995642858,-15.674914178571271,stop_loss,6
2019-05-23 04:15:00,2019-05-23 04:40:00,short,8450.527118,8427.240386928574,8462.920483535714,8427.240386928574,17.786731071426402,take_profit,5
2019-05-24 01:00:00,2019-05-24 01:40:00,short,8445.350731,8450.59575257143,8450.59575257143,8436.360687857143,-10.745021571428879,stop_loss,8
2019-05-24 02:20:00,2019-05-24 02:30:00,short,8445.350731,8454.293171678572,8454.293171678572,8428.965849642856,-14.442440678571074,stop_loss,2
2019-05-24 04:15:00,2019-05-24 05:00:00,short,8457.716545,8465.673007607142,8465.673007607142,8443.303619785715,-13.456462607142385,stop_loss,9
2019-05-28 01:25:00,2019-05-28 02:10:00,short,8439.024036,8426.891186214287,8445.840460892858,8426.891186214287,6.6328497857139155,take_profit,9
2019-05-28 02:40:00,2019-05-28 03:10:00,short,8426.083068,8407.418110785713,8436.165546607142,8407.418110785713,13.164957214286915,take_profit,6
2019-05-29 01:15:00,2019-05-29 01:20:00,short,8331.757791,8318.022726928572,8339.375323035714,8318.022726928572,8.235064071428496,take_profit,1
2019-05-29 01:40:00,2019-05-29 05:50:00,short,8320.254709,8331.477225107144,8331.477225107144,8299.309676785715,-16.722516107143747,stop_loss,50
2019-05-30 03:00:00,2019-05-30 07:05:00,short,8332.332946,8314.469096571429,8342.014870714285,8314.469096571429,12.363849428571484,take_profit,49
2019-05-31 02:30:00,2019-05-31 04:30:00,short,8244.621942,8221.520081642857,8256.922872178571,8221.520081642857,17.60186035714287,take_profit,24
2019-05-31 04:35:00,2019-05-31 06:00:00,short,8215.289081,8229.161414285716,8229.161414285716,8189.044414428572,-19.372333285715285,stop_loss,17
2019-06-03 02:05:00,2019-06-03 02:40:00,short,8151.159397,8133.295546928572,8160.841322035714,8133.295546928572,12.363850071428715,take_profit,7
2019-06-04 01:05:00,2019-06-04 01:30:00,short,8049.644694,8040.531403785713,8054.951339107143,8040.531403785713,3.6132902142862804,take_profit,5
2019-06-04 02:00:00,2019-06-04 02:10:00,short,8040.729805,8047.915971857143,8047.915971857143,8027.8574712857135,-12.68616685714278,stop_loss,2
2019-06-05 02:25:00,2019-06-05 02:45:00,long,8274.954802,8293.8046295,8264.779888250001,8293.8046295,13.349827500000174,take_profit,4
2019-06-05 02:55:00,2019-06-05 04:00:00,long,8298.823698,8287.786053035714,8287.786053035714,8319.398987928571,-16.5376449642863,stop_loss,13
2019-06-06 02:45:00,2019-06-06 06:45:00,long,8345.986336,8332.884298357143,8332.884298357143,8370.690411285714,-18.602037642856885,stop_loss,48
2019-06-07 02:10:00,2019-06-07 02:20:00,long,8394.58686,8388.417483785714,8388.417483785714,8405.425612428571,-11.669376214285876,stop_loss,2
2019-06-07 02:25:00,2019-06-07 03:05:00,long,8389.122896,8401.009251,8382.429718500001,8401.009251,6.38635499999873,take_profit,8
2019-06-10 01:35:00,2019-06-10 01:50:00,long,8566.84552,8560.30640182143,8560.30640182143,8578.423756357142,-12.039118178570789,stop_loss,3
2019-06-10 01:55:00,2019-06-10 02:00:00,long,8564.544903,8557.697666607144,8557.697666607144,8576.739375785713,-12.347236392855848,stop_loss,1
2019-06-10 02:50:00,2019-06-10 03:15:00,long,8570.008868,8561.621040107144,8561.621040107144,8585.284523785715,-13.887827892856876,stop_loss,5
2019-06-10 03:25:00,2019-06-10 03:30:00,long,8567.420674,8559.926389142858,8559.926389142858,8580.909243714286,-12.994284857142702,stop_loss,1
2019-06-11 02:45:00,2019-06-11 03:35:00,long,8680.150882,8691.729118142857,8673.611763928571,8691.729118142857,6.0782361428573495,take_profit,10
2019-06-11 04:40:00,2019-06-11 06:00:00,long,8704.594933,8695.28275025,8695.28275025,8721.7192985,-14.81218274999992,stop_loss,16
2019-06-12 03:00:00,2019-06-12 03:15:00,long,8619.472122,8609.173960749999,8609.173960749999,8638.568444499999,-15.798161250000703,stop_loss,3
2019-06-12 04:25:00,2019-06-12 04:40:00,long,8611.995119,8603.14511367857,8603.14511367857,8628.195129642856,-14.350005321428398,stop_loss,3
2019-06-13 02:05:00,2019-06-13 02:15:00,short,8575.910717,8586.825114785714,8586.825114785714,8555.581921428573,-16.414397785712936,stop_loss,2
2019-06-13 03:15:00,2019-06-13 05:55:00,long,8624.936086,8653.830570071428,8609.738843964285,8653.830570071428,23.39448407142845,take_profit,32
2019-06-14 02:20:00,2019-06-14 04:45:00,short,8604.956,8584.750451928572,8615.808774035715,8584.750451928572,14.705548071427984,take_profit,29
2019-06-17 03:30:00,2019-06-17 05:10:00,long,8624.98217,8617.235910321428,8617.235910321428,8638.974689357143,-13.246259678571732,stop_loss,20
2019-06-18 03:15:00,2019-06-18 03:40:00,long,8694.33338,8721.406013357144,8680.047063321428,8721.406013357144,21.572633357143786,take_profit,5
2019-06-18 03:55:00,2019-06-18 05:50:00,long,8711.814471,8743.431368928572,8695.256022035714,8743.431368928572,26.116897928572143,take_profit,23
2019-06-19 01:00:00,2019-06-19 02:00:00,long,8802.37225,8797.880666107143,8797.880666107143,8809.855417785715,-9.991583892857307,stop_loss,12
2019-06-19 02:00:00,2019-06-19 02:10:00,long,8807.530604,8801.810840678572,8801.810840678572,8817.470130642856,-11.219763321427308,stop_loss,2
2019-06-19 02:25:00,2019-06-19 03:50:00,long,8802.9454,8796.550137928572,8796.550137928572,8814.235924142857,-11.895262071428078,stop_loss,17
2019-06-19 04:10:00,2019-06-19 04:25:00,long,8800.366223,8793.602507035715,8793.602507035715,8812.393654928572,-12.263715964285439,stop_loss,3
2019-06-19 04:45:00,2019-06-19 08:35:00,long,8799.506497,8790.593466392858,8790.593466392858,8815.832558214286,-14.413030607141991,stop_loss,46
2019-06-20 01:05:00,2019-06-20 01:25:00,long,8893.50318,8904.548068642856,8887.230735678571,8904.548068642856,5.544888642856677,take_profit,4
2019-06-20 01:25:00,2019-06-20 02:25:00,long,8906.399066,8919.0405885,8899.32830475,8919.0405885,7.141522500000065,take_profit,12
2019-06-20 03:00:00,2019-06-20 04:00:00,long,8919.294952,8937.463282142857,8909.460786928572,8937.463282142857,12.668330142856576,take_profit,12
2019-06-20 04:25:00,2019-06-20 07:30:00,long,8938.495494,8954.146057214286,8929.920212392859,8954.146057214286,10.150563214285285,take_profit,37
2019-06-21 01:40:00,2019-06-21 02:40:00,long,8886.625374,8901.354801571428,8878.510660214284,8901.354801571428,9.22942757142846,take_profit,12
2019-06-21 04:25:00,2019-06-21 04:30:00,long,8896.082357,8887.875529607143,8887.875529607143,8910.996011785714,-13.706827392856212,stop_loss,1
2019-06-21 04:55:00,2019-06-21 05:00:00,long,8886.625374,8877.896570178571,8877.896570178571,8902.582981642856,-14.2288038214283,stop_loss,1
2019-06-24 01:10:00,2019-06-24 01:35:00,long,8924.739882,8919.11223207143,8919.11223207143,8934.495181857143,-11.127649928570463,stop_loss,5
2019-06-24 01:40:00,2019-06-24 02:45:00,long,8921.014404,8914.987595607143,8914.987595607143,8931.568020785715,-11.526808392856765,stop_loss,13
2019-06-24 03:25:00,2019-06-24 03:35:00,long,8917.00235,8910.14652032143,8910.14652032143,8929.214009357143,-12.355829678570444,stop_loss,2
2019-06-24 03:45:00,2019-06-24 06:00:00,long,8914.136598,8907.342177357143,8907.342177357143,8926.225439285712,-12.294420642856494,stop_loss,27
2019-06-25 03:25:00,2019-06-25 03:35:00,short,8867.571133,8874.6725985,8874.6725985,8854.868202,-12.601465499999904,stop_loss,2
2019-06-25 03:50:00,2019-06-25 04:35:00,short,8864.13223,8872.308352821428,8872.308352821428,8849.279984357141,-13.67612282142909,stop_loss,9
2019-06-27 01:30:00,2019-06-27 03:45:00,long,8821.286216,8814.33827282143,8814.33827282143,8833.682102357143,-12.447943178571222,stop_loss,27
2019-06-27 04:45:00,2019-06-27 04:50:00,long,8821.286216,8810.438802428573,8810.438802428573,8841.481043142858,-16.34741357142775,stop_loss,1
2019-06-28 01:00:00,2019-06-28 01:30:00,short,8801.37225,8807.644694321429,8807.644694321429,8790.327361357144,-11.772444321428338,stop_loss,6
2019-06-28 02:50:00,2019-06-28 03:00:00,long,8823.005668,8816.303360857142,8816.303360857142,8834.910282285713,-12.202307142857535,stop_loss,2
2019-07-01 01:45:00,2019-07-01 02:00:00,long,8963.427541,8977.542879499999,8955.61987175,8977.542879499999,8.61533849999978,take_profit,3
2019-07-01 02:40:00,2019-07-01 02:55:00,long,8976.323427,8966.18221675,8966.18221675,8995.1058475,-15.641210249999858,stop_loss,3
2019-07-01 04:45:00,2019-07-01 07:25:00,long,8972.884524,8983.560959071428,8966.796306464284,8983.560959071428,5.176435071429296,take_profit,32
2019-07-02 01:00:00,2019-07-02 02:00:00,long,8934.770016,8929.756456107143,8929.756456107143,8943.297135785713,-10.513559892857302,stop_loss,12
2019-07-02 04:05:00,2019-07-02 05:35:00,long,8906.685641,8920.493934428572,8899.031494285715,8920.493934428572,8.308293428572142,take_profit,18
2019-07-03 01:10:00,2019-07-03 02:10:00,long,8979.76233,8988.473677642856,8974.656656178571,8988.473677642856,3.2113476428567083,take_profit,12
2019-07-03 02:30:00,2019-07-03 02:40:00,long,9006.986979,8999.486355035713,8999.486355035713,9020.488226928572,-13.000623964286206,stop_loss,2
2019-07-03 03:30:00,2019-07-03 07:40:00,long,9010.425882,9001.63566925,9001.63566925,9026.5063075,-14.290212750000137,stop_loss,50
2019-07-04 01:55:00,2019-07-04 02:50:00,long,9041.089434,9037.211940035713,9037.211940035713,9047.344421928572,-9.37749396428626,stop_loss,11
2019-07-05 01:05:00,2019-07-05 01:15:00,long,9064.588604,9061.75506257143,9061.75506257143,9068.755686857143,-8.333541428570243,stop_loss,2
2019-07-08 01:15:00,2019-07-08 01:25:00,short,8961.567815,8968.730689428572,8968.730689428572,8948.742066142857,-12.66287442857174,stop_loss,2
2019-07-08 01:30:00,2019-07-08 02:05:00,short,8962.427541,8970.265914285714,8970.265914285714,8948.250794428572,-13.338373285714624,stop_loss,7
2019-07-09 01:45:00,2019-07-09 01:50:00,short,8890.783728,8897.424626535714,8897.424626535714,8879.00193092857,-12.140898535713859,stop_loss,1
2019-07-09 02:00:00,2019-07-09 02:15:00,short,8887.917976,8896.032689892858,8896.032689892858,8873.188548214286,-13.614713892857253,stop_loss,3
2019-07-09 02:20:00,2019-07-09 05:35:00,short,8888.491126,8898.01824632143,8898.01824632143,8870.936885357143,-15.02712032142881,stop_loss,39
2019-07-10 01:55:00,2019-07-10 02:35:00,short,8970.451648,8978.04438557143,8978.04438557143,8956.766172857144,-13.092737571429097,stop_loss,8
2019-07-10 02:55:00,2019-07-10 04:40:00,long,8978.042879,8969.590415678573,8969.590415678573,8993.447805642858,-13.952463321427786,stop_loss,21
2019-07-11 02:45:00,2019-07-11 05:30:00,long,9113.592972,9104.894872964287,9104.894872964287,9129.489170071429,-14.198099035713312,stop_loss,33
2019-07-12 02:55:00,2019-07-12 03:10:00,long,9091.526678,9102.080294785716,9085.499869607143,9102.080294785716,5.053616785715349,take_profit,3
2019-07-12 03:25:00,2019-07-12 05:45:00,long,9105.568865,9097.945423071427,9097.945423071427,9119.315748857141,-13.123441928571992,stop_loss,28
2019-07-15 01:45:00,2019-07-15 02:10:00,long,9138.238444,9146.212883857144,9133.50122407143,9146.212883857144,2.474439857143807,take_profit,5
2019-07-15 03:35:00,2019-07-15 04:20:00,long,9135.659266,9129.264003714286,9129.264003714286,9146.949790571429,-11.895262285714125,stop_loss,9
2019-07-15 04:50:00,2019-07-15 06:50:00,long,9129.927761,9142.26223864286,9123.010522178573,9142.26223864286,6.834477642858474,take_profit,24
2019-07-16 01:00:00,2019-07-16 01:15:00,long,9168.61542,9164.338767571428,9164.338767571428,9175.668724857143,-9.776652428572561,stop_loss,3
2019-07-16 03:15:00,2019-07-16 03:45:00,long,9166.895969,9161.237614607142,9161.237614607142,9176.712677785714,-11.15835439285729,stop_loss,6
2019-07-16 03:50:00,2019-07-16 04:15:00,long,9166.322818,9161.217144178572,9161.217144178572,9175.034165642855,-10.605673821428354,stop_loss,5
2019-07-17 01:00:00,2019-07-17 01:15:00,short,9107.434618,9111.06647592857,9111.06647592857,9101.670902142856,-9.131857928570753,stop_loss,3
2019-07-17 02:20:00,2019-07-17 03:10:00,long,9119.324477,9129.509639785714,9113.481895607143,9129.509639785714,4.685162785714056,take_profit,10
2019-07-17 03:45:00,2019-07-17 05:15:00,long,9127.921735,9121.802813107142,9121.802813107142,9138.659578785715,-11.618921892857543,stop_loss,18
2019-07-18 02:00:00,2019-07-18 02:10:00,short,8996.529996,9003.570052571427,9003.570052571427,8983.949882857141,-12.540056571428067,stop_loss,2
2019-07-19 02:20:00,2019-07-19 04:50:00,long,9128.78146,9121.679994607142,9121.679994607142,9141.484390785714,-12.60146539285779,stop_loss,30
2019-07-22 01:15:00,2019-07-22 01:35:00,short,9004.840678,9012.986096357145,9012.986096357145,8990.049841285714,-13.64541835714408,stop_loss,4
2019-07-22 02:00:00,2019-07-22 02:05:00,short,9004.554103,9012.515294357143,9012.515294357143,8990.131720285714,-13.461191357142525,stop_loss,1
2019-07-22 02:30:00,2019-07-22 03:15:00,short,9006.273554,9015.340107035714,9015.340107035714,8989.640447928572,-14.566553035714605,stop_loss,9
2019-07-23 01:50:00,2019-07-23 02:45:00,long,9095.825307,9091.118791642857,9091.118791642857,9103.738337714285,-10.206515357142052,stop_loss,11
2019-07-23 02:50:00,2019-07-23 04:25:00,long,9098.404484,9111.353051357144,9091.180200321429,9111.353051357144,7.4485673571434745,take_profit,19
2019-07-25 01:10:00,2019-07-25 02:00:00,long,9197.559521,9193.190755071428,9193.190755071428,9204.797052857142,-9.86876592857152,stop_loss,10
2019-07-25 02:50:00,2019-07-25 05:15:00,long,9190.395139,9183.1094465,9183.1094465,9203.466524,-12.78569249999964,stop_loss,29
2019-07-26 01:30:00,2019-07-26 01:45:00,long,9191.828016,9187.582068035714,9187.582068035714,9198.819911928571,-9.745947964285733,stop_loss,3
2019-07-26 03:15:00,2019-07-26 03:35:00,long,9180.07843,9173.284009464285,9173.284009464285,9192.167271071428,-12.29442053571438,stop_loss,4
2019-07-26 03:45:00,2019-07-26 04:40:00,long,9178.645554,9190.795804642858,9171.820428678571,9190.795804642858,6.650250642856918,take_profit,11
2019-07-26 04:55:00,2019-07-26 06:00:00,long,9189.821989,9184.808428892857,9184.808428892857,9198.349109214285,-10.513560107143348,stop_loss,13
2019-07-29 01:15:00,2019-07-29 02:05:00,long,9180.651581,9176.559155464285,9176.559155464285,9187.336432071428,-9.592425535714938,stop_loss,10
2019-07-29 02:05:00,2019-07-29 02:15:00,long,9181.224731,9187.725355285715,9177.224418857144,9187.725355285715,1.0006242857143661,take_profit,2
2019-07-29 02:35:00,2019-07-29 04:30:00,long,9189.821989,9184.102225357143,9184.102225357143,9199.761516285715,-11.219763642857288,stop_loss,23
2019-07-30 03:05:00,2019-07-30 03:35:00,short,9158.731587,9144.002159,9166.846301,9144.002159,9.229428000000553,take_profit,6
2019-07-30 03:35:00,2019-07-30 05:15:00,short,9143.543099,9126.41872107143,9152.855287964287,9126.41872107143,11.624377928570539,take_profit,20
2019-07-31 01:20:00,2019-07-31 01:50:00,short,9146.982002,9153.96064975,9153.96064975,9134.524706500002,-12.478647750000164,stop_loss,6
2019-07-31 01:55:00,2019-07-31 02:10:00,short,9147.268577,9155.659631392859,9155.659631392859,9131.986468214287,-13.891054392857768,stop_loss,3
2019-07-31 03:05:00,2019-07-31 05:30:00,long,9163.17049,9154.871549428572,9154.871549428572,9178.268371142858,-13.79894057142883,stop_loss,29
2019-08-01 01:05:00,2019-08-01 01:40:00,short,9011.431909,9000.509838000002,9017.6429445,9000.509838000002,5.42207099999905,take_profit,7
2019-08-01 03:45:00,2019-08-01 04:05:00,short,9018.882865,9028.19505375,9028.19505375,9001.7584875,-14.812188750000132,stop_loss,4
2019-08-02 01:05:00,2019-08-02 01:15:00,short,8926.319059,8934.403068321428,8934.403068321428,8911.651040357141,-13.584009321428312,stop_loss,2
2019-08-02 01:45:00,2019-08-02 02:10:00,short,8926.319059,8937.412108392857,8937.412108392857,8905.632960214283,-16.59304939285721,stop_loss,5
2019-08-02 02:45:00,2019-08-02 05:05:00,short,8881.899895,8903.463175607143,8903.463175607143,8840.273333785713,-27.063280607142588,stop_loss,28
2019-08-05 02:50:00,2019-08-05 03:55:00,short,8699.351461,8671.787555571429,8713.883413714286,8671.787555571429,22.06390542857116,take_profit,13
2019-08-05 03:55:00,2019-08-05 04:25:00,short,8667.828183,8684.57085875,8684.57085875,8635.8428315,-22.242675749999762,stop_loss,6
2019-08-07 04:15:00,2019-08-07 06:30:00,long,8655.932297,8643.948817285713,8643.948817285713,8678.39925642857,-17.48347971428666,stop_loss,27
2019-08-08 01:10:00,2019-08-08 02:05:00,long,8712.101046,8699.902634821428,8699.902634821428,8734.997868357143,-17.698411178571405,stop_loss,11
2019-08-08 04:55:00,2019-08-08 05:40:00,long,8706.656116,8692.400504,8692.400504,8733.667340000002,-19.755612000000838,stop_loss,9
2019-08-13 02:20:00,2019-08-13 04:25:00,short,8658.94435,8623.642913357142,8677.345068321429,8623.642913357142,29.80143664285788,take_profit,25
2019-08-14 01:45:00,2019-08-14 02:00:00,long,8879.747568,8870.189743321429,8870.189743321429,8897.363217357142,-15.057824678571706,stop_loss,3
2019-08-15 02:25:00,2019-08-15 03:15:00,short,8619.970116,8640.919307107144,8640.919307107144,8579.571733785715,-26.449191107143633,stop_loss,10
2019-08-16 01:40:00,2019-08-16 02:25:00,short,8656.938324,8668.09278232143,8668.09278232143,8636.129407357144,-16.654458321429047,stop_loss,9
2019-08-16 03:50:00,2019-08-16 04:50:00,long,8699.77831,8685.706925214285,8685.706925214285,8726.421079571428,-19.571384785715054,stop_loss,12
2019-08-19 01:05:00,2019-08-19 01:30:00,long,8790.336089,8802.179294785714,8783.664486107144,8802.179294785714,6.343205785713508,take_profit,5
2019-08-20 02:05:00,2019-08-20 02:45:00,long,8864.845655,8882.952576642856,8855.042194178572,8882.952576642856,12.606921642856832,take_profit,8
2019-08-20 03:10:00,2019-08-20 04:15:00,long,8871.15031,8860.149374000002,8860.149374000002,8891.652182,-16.500935999998546,stop_loss,13
2019-08-21 01:55:00,2019-08-21 02:00:00,long,8826.444571,8836.199871714287,8820.816920642857,8836.199871714287,4.255300714286932,take_profit,1
2019-08-21 02:00:00,2019-08-21 02:10:00,long,8843.925661,8836.578559142856,8836.578559142856,8857.119864714285,-12.84710185714357,stop_loss,2
2019-08-21 02:15:00,2019-08-21 02:45:00,long,8840.486758,8854.295051214285,8832.832611392856,8854.295051214285,8.308293214286095,take_profit,6
2019-08-21 03:40:00,2019-08-21 06:00:00,long,8865.13223,8855.973563571428,8855.973563571428,8881.949562857142,-14.65866642857145,stop_loss,28
2019-08-22 01:40:00,2019-08-22 02:05:00,long,8867.138257,8859.729746428571,8859.729746428571,8880.45527814286,-12.90851057142936,stop_loss,5
2019-08-22 02:15:00,2019-08-22 02:25:00,long,8894.362905,8883.085628499999,8883.085628499999,8915.417458000002,-16.77727650000088,stop_loss,2
2019-08-22 03:10:00,2019-08-22 03:25:00,long,8887.485099,8871.417922107143,8871.417922107143,8918.119452785713,-21.567176892856878,stop_loss,3
2019-08-22 04:25:00,2019-08-22 05:10:00,short,8841.492785,8855.349238750001,8855.349238750001,8815.279877500001,-19.356453750000583,stop_loss,9
2019-08-23 01:00:00,2019-08-23 01:35:00,long,8896.655507,8891.488424357143,8891.488424357143,8905.489672285714,-10.667082642856258,stop_loss,7
2019-08-23 02:15:00,2019-08-23 02:30:00,long,8892.643454,8885.849033464285,8885.849033464285,8904.732295071428,-12.29442053571438,stop_loss,3
2019-08-23 03:50:00,2019-08-23 04:50:00,long,8888.05825,8877.763517107142,8877.763517107142,8907.147715785715,-15.79473289285852,stop_loss,12
2019-08-27 02:00:00,2019-08-27 03:10:00,short,8668.114758,8684.581093464285,8684.581093464285,8636.68208707143,-21.966335464285294,stop_loss,14
2019-08-28 02:30:00,2019-08-28 03:05:00,short,8683.589822,8694.46793992857,8694.46793992857,8663.333586142857,-16.378117928570646,stop_loss,7
2019-08-28 03:35:00,2019-08-28 03:50:00,short,8658.657775,8675.400450857142,8675.400450857142,8626.672423285714,-22.242675857141876,stop_loss,3
2019-08-29 01:05:00,2019-08-29 02:05:00,short,8683.303247,8692.062755071429,8692.062755071429,8667.284230857142,-14.259508071429082,stop_loss,12
2019-08-29 02:30:00,2019-08-29 04:00:00,long,8760.245688,8812.496003714286,8733.370530142858,8812.496003714286,46.750315714285534,take_profit,18
2019-08-29 04:40:00,2019-08-29 08:30:00,long,8814.40841,8841.726678857143,8799.999275571428,8841.726678857143,21.818268857143266,take_profit,46
2019-08-30 02:05:00,2019-08-30 03:50:00,long,8855.388671,8889.584746071429,8837.540633464287,8889.584746071429,28.696075071427913,take_profit,21
2019-09-02 03:10:00,2019-09-02 08:30:00,long,8793.488417,8778.649419964286,8778.649419964286,8821.666411071428,-20.338997035714783,stop_loss,64
2019-09-03 01:00:00,2019-09-03 01:05:00,short,8744.343775,8755.314006214285,8755.314006214285,8723.903312571429,-16.470231214285377,stop_loss,1
2019-09-03 01:20:00,2019-09-03 01:45:00,long,8769.989247,8756.132793357143,8756.132793357143,8796.202154285715,-19.35645364285665,stop_loss,5
2019-09-03 04:25:00,2019-09-03 06:15:00,short,8733.740491,8753.246570785715,8753.246570785715,8696.228331428572,-25.006079785714974,stop_loss,22
2019-09-04 02:10:00,2019-09-04 05:30:00,long,8834.468678,8819.445453642857,8819.445453642857,8863.015126714285,-20.52322435714268,stop_loss,40
2019-09-05 03:15:00,2019-09-05 08:35:00,long,8940.214945,8968.761393499999,8925.191720750001,8968.761393499999,23.046448499999315,take_profit,64
2019-09-06 04:35:00,2019-09-06 04:45:00,long,9032.205601,9022.033686392857,9022.033686392857,9051.049430214283,-15.671914607142753,stop_loss,2
2019-09-09 04:50:00,2019-09-09 05:35:00,long,9031.919026,9026.29137575,9026.29137575,9041.6743265,-11.127650250000443,stop_loss,9
2019-09-10 01:05:00,2019-09-10 02:00:00,short,8959.275213,8966.837245785715,8966.837245785715,8945.651147428573,-13.06203278571411,stop_loss,11
2019-09-10 03:00:00,2019-09-10 04:05:00,short,8934.056591,8947.206841214287,8947.206841214287,8909.256090571429,-18.650250214286643,stop_loss,13
2019-09-10 04:35:00,2019-09-10 04:50:00,short,8938.35522,8948.127976142858,8948.127976142858,8920.309707714285,-15.27275614285827,stop_loss,3
2019-09-11 04:00:00,2019-09-11 05:15:00,short,8947.239052,8958.608442,8958.608442,8926.000272000001,-16.86938999999984,stop_loss,15
2019-09-12 02:30:00,2019-09-12 03:55:00,long,9082.92942,9070.976644857144,9070.976644857144,9105.334970285714,-17.4527751428559,stop_loss,17
2019-09-12 04:55:00,2019-09-12 05:25:00,long,9075.478464,9068.80686132143,9068.80686132143,9087.321669357141,-12.171602678570707,stop_loss,6
2019-09-16 02:40:00,2019-09-16 03:00:00,short,8974.700518,8986.746554357142,8986.746554357142,8952.108445285714,-17.54603635714193,stop_loss,4
2019-09-17 01:10:00,2019-09-17 02:15:00,short,8981.274919,8988.941424321429,8988.941424321429,8967.441908357143,-13.166505321429213,stop_loss,13
2019-09-17 04:25:00,2019-09-17 05:55:00,short,8999.568904,8984.878362214284,9007.664174892858,8984.878362214284,9.19054178571605,take_profit,18
2019-09-18 02:10:00,2019-09-18 03:00:00,long,9035.727657,9045.273015357143,9030.204977821428,9045.273015357143,4.045358357143414,take_profit,10
2019-09-18 03:35:00,2019-09-18 03:50:00,long,9043.159588,9037.361274607143,9037.361274607143,9053.256214785715,-11.29831339285738,stop_loss,3
2019-09-20 01:55:00,2019-09-20 02:05:00,long,9074.888218,9068.293625964285,9068.293625964285,9086.57740207143,-12.094592035715323,stop_loss,2
2019-09-20 02:15:00,2019-09-20 04:50:00,long,9066.8846,9079.676323285716,9059.738738357142,9079.676323285716,7.291723285716216,take_profit,31
2019-09-23 02:30:00,2019-09-23 03:15:00,short,8972.41377,8950.801732142856,8983.96978892857,8950.801732142856,16.11203785714315,take_profit,9
2019-09-23 03:30:00,2019-09-23 04:40:00,short,8940.970984,8958.192829607142,8958.192829607142,8908.027292785715,-22.721845607142313,stop_loss,14
2019-09-24 01:00:00,2019-09-24 02:15:00,short,9003.570713,8992.677807571428,9009.767165714286,8992.677807571428,5.392905428570884,take_profit,15
2019-09-24 04:45:00,2019-09-24 05:00:00,long,9011.430958,9006.12266182143,9006.12266182143,9020.547550357143,-10.808296178571254,stop_loss,3
2019-09-25 01:45:00,2019-09-25 02:30:00,short,8845.49925,8829.64491757143,8854.176416214286,8829.64491757143,10.35433242857107,take_profit,9
2019-09-25 03:30:00,2019-09-25 04:20:00,short,8813.198933,8790.178095357142,8825.459351821428,8790.178095357142,17.52083764285817,take_profit,10
2019-09-26 01:15:00,2019-09-26 02:15:00,short,8913.530006,8922.145920035715,8922.145920035715,8897.798177928573,-14.115914035714013,stop_loss,12
2019-09-26 02:20:00,2019-09-26 03:40:00,long,8930.537243,8949.392932714287,8920.359398142858,8949.392932714287,13.3556897142862,take_profit,16
2019-09-26 03:40:00,2019-09-26 04:40:00,long,8958.549908,8948.586446035715,8948.586446035715,8976.976831928572,-15.46346196428567,stop_loss,12
2019-09-27 03:25:00,2019-09-27 03:35:00,long,8925.677903,8917.858267285714,8917.858267285714,8939.81717442857,-13.31963571428605,stop_loss,2
2019-09-27 03:40:00,2019-09-27 04:10:00,long,8923.105312,8915.224424,8915.224424,8937.367087999999,-13.380887999999686,stop_loss,6
2019-10-01 01:00:00,2019-10-01 01:15:00,long,8934.824896,8942.777696857143,8930.098495571428,8942.777696857143,2.452800857143302,take_profit,3
2019-10-02 01:10:00,2019-10-02 02:05:00,short,8806.910375,8796.997503571429,8812.616810714286,8796.997503571429,4.412871428570725,take_profit,11
2019-10-02 02:05:00,2019-10-02 02:10:00,short,8796.048322,8779.213954928573,8805.215505535714,8779.213954928573,11.33436707142755,take_profit,1
2019-10-02 04:00:00,2019-10-02 07:10:00,short,8745.45402,8758.020699607143,8758.020699607143,8721.820660785714,-18.06667960714367,stop_loss,38
2019-10-03 01:00:00,2019-10-03 01:30:00,short,8634.832579,8642.07031875,8642.07031875,8621.8570995,-12.7377397500004,stop_loss,6
2019-10-03 03:45:00,2019-10-03 06:45:00,short,8662.5594,8637.946005499998,8675.61609725,8637.946005499998,19.11339450000196,take_profit,36
2019-10-04 01:45:00,2019-10-04 04:35:00,short,8748.884142,8723.903234428572,8762.124595785715,8723.903234428572,19.48090757142927,take_profit,34
2019-10-04 04:45:00,2019-10-04 06:40:00,short,8725.15913,8735.796365714286,8735.796365714286,8705.384658571427,-16.137235714286362,stop_loss,23
2019-10-08 01:05:00,2019-10-08 01:15:00,long,8897.093552,8888.937029678571,8888.937029678571,8911.906596642857,-13.656522321429293,stop_loss,2
2019-10-09 01:15:00,2019-10-09 01:40:00,short,8723.729913,8706.344275571428,8733.172731714285,8706.344275571428,11.8856374285715,take_profit,5
2019-10-09 02:00:00,2019-10-09 02:10:00,short,8704.864241,8717.094034,8717.094034,8681.904654999998,-17.729793000000427,stop_loss,2
2019-10-10 02:05:00,2019-10-10 02:25:00,long,8805.909471,8791.13771275,8791.13771275,8833.9529875,-20.271758250000858,stop_loss,4
2019-10-10 02:35:00,2019-10-10 03:15:00,short,8770.608249,8788.534494714286,8788.534494714286,8736.255757571429,-23.42624571428496,stop_loss,8
2019-10-11 03:00:00,2019-10-11 03:25:00,long,8929.393869,8953.94601142857,8916.367797785713,8953.94601142857,19.052142428570733,take_profit,5
2019-10-11 03:45:00,2019-10-11 04:40:00,long,8961.122499,8984.633354285714,8948.617071357141,8984.633354285714,18.01085528571457,take_profit,11
2019-10-11 04:40:00,2019-10-11 04:55:00,long,8979.702328,8968.9425875,8968.9425875,8999.721809,-16.25974049999968,stop_loss,3
2019-10-14 01:00:00,2019-10-14 01:25:00,long,8997.996313,8989.135390142856,8989.135390142856,9014.218158714286,-14.360922857144033,stop_loss,5
2019-10-15 01:00:00,2019-10-15 01:20:00,long,9023.436385,9017.85245407143,9017.85245407143,9033.104246857143,-11.083930928571135,stop_loss,4
2019-10-15 02:20:00,2019-10-15 03:00:00,long,9036.871031,9027.091325464287,9027.091325464287,9054.930442071429,-15.27970553571322,stop_loss,8
2019-10-16 01:00:00,2019-10-16 01:15:00,long,9080.890932,9090.313785357142,9075.429505321428,9090.313785357142,3.9228533571422304,take_profit,3
2019-10-16 04:30:00,2019-10-16 07:20:00,long,9078.032497,9093.580568857142,9069.50846107143,9093.580568857142,10.048071857141622,take_profit,34
2019-10-17 01:40:00,2019-10-17 02:35:00,long,9074.888218,9086.8836635,9068.14049525,9086.8836635,6.495445500000642,take_profit,11
2019-10-17 03:05:00,2019-10-17 04:30:00,long,9097.184012,9113.222101285715,9088.414967357143,9113.222101285715,10.538089285715614,take_profit,17
2019-10-18 02:15:00,2019-10-18 02:25:00,short,9057.595138,9066.731695607145,9066.731695607145,9040.822022785715,-14.636557607143914,stop_loss,2
2019-10-18 03:45:00,2019-10-18 06:35:00,long,9080.033401,9095.091454142857,9071.754374428572,9095.091454142857,9.558053142856807,take_profit,34
2019-10-21 01:15:00,2019-10-21 02:00:00,short,9030.440004,9019.853359357143,9036.483326321428,9019.853359357143,5.086644642857209,take_profit,9
2019-10-21 04:15:00,2019-10-21 04:45:00,short,9031.583378,9038.882369821427,9038.882369821427,9018.485394357142,-12.79899182142799,stop_loss,6
2019-10-22 04:25:00,2019-10-22 05:55:00,long,9090.895455,9103.074656285715,9084.055854357142,9103.074656285715,6.679201285714953,take_profit,18
2019-10-23 01:55:00,2019-10-23 02:00:00,short,8962.123404,8969.759283285715,8969.759283285715,8948.351645428571,-13.135879285715419,stop_loss,1
2019-10-23 02:10:00,2019-10-23 02:15:00,short,8967.268587,8975.57824025,8975.57824025,8952.1492805,-13.809653250000338,stop_loss,1
2019-10-23 02:25:00,2019-10-23 02:35:00,short,8966.6969,8975.98658832143,8975.98658832143,8949.617523357145,-14.789688321428912,stop_loss,2
2019-10-24 01:00:00,2019-10-24 02:00:00,long,9060.596042,9070.386408642857,9054.95085867857,9070.386408642857,4.290366642857407,take_profit,12
2019-10-24 02:15:00,2019-10-24 02:35:00,long,9071.743939,9064.751207642857,9064.751207642857,9084.229401714287,-12.492731357142475,stop_loss,4
2019-10-24 03:55:00,2019-10-24 06:10:00,long,9067.74213,9081.942653714286,9059.891868142859,9081.942653714286,8.700523714285737,take_profit,27
2019-10-25 04:05:00,2019-10-25 04:25:00,long,9080.033401,9074.051330964287,9074.051330964287,9090.497541071429,-11.48207003571406,stop_loss,4
2019-10-25 04:35:00,2019-10-25 07:10:00,long,9075.174062,9069.437000571428,9069.437000571428,9085.148184857142,-11.237061428571906,stop_loss,31
2019-10-28 01:45:00,2019-10-28 02:05:00,long,9208.948826,9205.47809517857,9205.47809517857,9214.390287642856,-8.970730821429242,stop_loss,4
2019-10-28 02:25:00,2019-10-28 03:00:00,long,9208.948826,9214.696549071428,9205.324964464286,9214.696549071428,0.2477230714284815,take_profit,7
2019-10-28 03:00:00,2019-10-28 03:10:00,long,9216.094914,9225.640271928569,9210.572235035714,9225.640271928569,4.045357928569501,take_profit,2
2019-10-28 03:35:00,2019-10-28 04:00:00,long,9219.81088,9210.582444285716,9210.582444285716,9236.767751428572,-14.728435714285297,stop_loss,5
2019-10-29 03:55:00,2019-10-29 04:20:00,long,9264.116625,9258.502067714287,9258.502067714287,9273.845739571429,-11.11455728571309,stop_loss,5
2019-10-30 03:20:00,2019-10-30 03:45:00,long,9211.521418,9206.029365285714,9206.029365285714,9221.00552342857,-10.992052714285819,stop_loss,5
2019-10-30 04:45:00,2019-10-30 06:05:00,long,9210.092201,9218.0450025,9205.36580025,9218.0450025,2.452801499999623,take_profit,16
2019-11-01 01:45:00,2019-11-01 02:10:00,long,9283.553984,9279.654487714286,9279.654487714286,9289.852976571428,-9.399496285714122,stop_loss,5
2019-11-04 01:25:00,2019-11-04 02:05:00,long,9364.161855,9359.925472107143,9359.925472107143,9371.134620785713,-9.736382892857364,stop_loss,8
2019-11-04 02:05:00,2019-11-04 02:10:00,long,9367.591977,9378.056117714286,9361.609906642858,9378.056117714286,4.964140714286259,take_profit,1
2019-11-04 02:35:00,2019-11-04 04:00:00,long,9367.02029,9383.487144857143,9358.036862571429,9383.487144857143,10.966854857142607,take_profit,17
2019-11-04 04:50:00,2019-11-04 05:20:00,long,9389.601928,9383.527979321429,9383.527979321429,9400.249825357143,-11.573948678571469,stop_loss,6
2019-11-05 02:50:00,2019-11-05 04:05:00,long,9417.042905,9428.180819142859,9410.72394792857,9428.180819142859,5.63791414285879,take_profit,15
2019-11-06 01:45:00,2019-11-06 02:10:00,long,9391.602832,9398.820606285713,9387.243944857144,9398.820606285713,1.7177742857129488,take_profit,5
2019-11-07 02:00:00,2019-11-07 07:45:00,long,9435.051047,9418.166088214286,9418.166088214286,9467.32096457143,-22.384958785714844,stop_loss,69
2019-11-08 01:30:00,2019-11-08 02:10:00,long,9393.317893,9403.843285571427,9387.305196714286,9403.843285571427,5.025392571427801,take_profit,8
2019-11-08 03:15:00,2019-11-08 03:45:00,short,9386.601023,9393.900015357141,9393.900015357141,9373.503038285713,-12.798992357142197,stop_loss,6
2019-11-08 04:25:00,2019-11-08 06:15:00,long,9398.177233,9407.722591142858,9392.65455392857,9407.722591142858,4.045358142857367,take_profit,22
2019-11-11 02:00:00,2019-11-11 03:00:00,long,9412.183565,9405.742103142857,9405.742103142857,9423.566488714285,-11.941461857142713,stop_loss,12
2019-11-11 03:45:00,2019-11-11 04:50:00,long,9402.750729,9394.226693071427,9394.226693071427,9418.298800857143,-14.02403592857263,stop_loss,13
2019-11-11 04:50:00,2019-11-11 05:00:00,short,9394.890485,9400.719424750001,9400.719424750001,9384.7326055,-11.328939750001155,stop_loss,2
2019-11-12 03:30:00,2019-11-12 03:40:00,long,9441.339604,9436.52132557143,9436.52132557143,9449.476160857144,-10.31827842857092,stop_loss,2
2019-11-12 04:00:00,2019-11-12 06:05:00,long,9446.484787,9439.185795071427,9439.185795071427,9459.582770857141,-12.798991928571922,stop_loss,25
2019-11-13 02:05:00,2019-11-13 02:15:00,long,9447.628161,9442.47299532143,9442.47299532143,9456.438492357143,-10.655165678570484,stop_loss,2
2019-11-14 01:15:00,2019-11-14 01:30:00,short,9434.051047,9441.472543607144,9441.472543607144,9420.708053785715,-12.921496607143126,stop_loss,3
2019-11-14 02:20:00,2019-11-14 02:30:00,long,9443.054665,9432.81556775,9432.81556775,9462.032859500001,-15.739097249999759,stop_loss,2
2019-11-14 04:25:00,2019-11-14 04:55:00,long,9449.343222,9440.237290535713,9440.237290535713,9466.055084928572,-14.605931464286186,stop_loss,6
2019-11-15 03:05:00,2019-11-15 04:55:00,long,9482.215227,9475.957521892858,9475.957521892858,9493.230637214287,-11.757705107142101,stop_loss,22
2019-11-18 01:05:00,2019-11-18 01:15:00,long,9515.944761,9521.018709357142,9512.65778682143,9521.018709357142,-0.4260516428585106,take_profit,2
2019-11-18 01:15:00,2019-11-18 02:15:00,long,9545.672487,9537.209703571429,9537.209703571429,9561.098053857142,-13.962783428571129,stop_loss,12
2019-11-18 03:30:00,2019-11-18 07:20:00,long,9531.951998,9523.826101071429,9523.826101071429,9546.703791857142,-13.62589692857182,stop_loss,46
2019-11-19 02:15:00,2019-11-19 03:45:00,long,9553.676105,9564.936523499999,9547.295895750001,9564.936523499999,5.760418499998195,take_profit,18
2019-11-19 04:35:00,2019-11-19 05:00:00,long,9569.111655,9577.799482642858,9564.017741178572,9577.799482642858,3.187827642857883,take_profit,5
2019-11-20 01:10:00,2019-11-20 01:40:00,long,9515.944761,9511.340864714286,9511.340864714286,9523.65255357143,-10.103896285714654,stop_loss,6
2019-11-20 01:40:00,2019-11-20 02:00:00,short,9508.084517,9494.496515071427,9515.628517964285,9494.496515071427,8.08800192857234,take_profit,4
2019-11-20 04:10:00,2019-11-20 04:20:00,short,9487.21794,9494.792566785714,9494.792566785714,9473.568686428573,-13.074626785713917,stop_loss,2
2019-11-20 04:35:00,2019-11-20 04:45:00,short,9488.933001,9495.772601535713,9495.772601535713,9476.75379992857,-12.339600535713544,stop_loss,2
2019-11-20 04:55:00,2019-11-20 05:05:00,short,9493.220654,9480.918948571429,9500.121506714286,9480.918948571429,6.80170542857195,take_profit,2
2019-11-21 01:00:00,2019-11-21 01:05:00,short,9456.918528,9462.441206964286,9462.441206964286,9447.373170071429,-11.02267896428566,stop_loss,1
2019-11-21 01:20:00,2019-11-21 02:35:00,short,9460.34865,9444.739326285715,9468.903311857142,9444.739326285715,10.109323714284983,take_profit,15
2019-11-22 02:35:00,2019-11-22 03:05:00,long,9499.365837,9489.86176642857,9489.86176642857,9516.873978142858,-15.00407057142911,stop_loss,6
2019-11-22 04:15:00,2019-11-22 05:05:00,long,9489.361314,9482.307330571428,9482.307330571428,9501.969280857144,-12.553983428571883,stop_loss,10
2019-11-25 03:50:00,2019-11-25 05:25:00,long,9502.79596,9498.52895075,9498.52895075,9509.829978499998,-9.767009249999319,stop_loss,19
2019-11-26 02:30:00,2019-11-26 02:45:00,long,9584.833048,9579.494125785714,9579.494125785714,9594.010892428572,-10.838922214286868,stop_loss,3
2019-11-26 04:25:00,2019-11-26 05:35:00,long,9574.542682,9583.046752357142,9569.540646821428,9583.046752357142,3.004070357143064,take_profit,14
2019-11-27 03:15:00,2019-11-27 05:45:00,long,9630.853854,9625.729314357144,9625.729314357144,9639.602933285714,-10.62453964285669,stop_loss,30
2019-11-28 04:25:00,2019-11-28 04:40:00,long,9640.572534,9637.224307321429,9637.224307321429,9645.768987357143,-8.848226678572246,stop_loss,3
2019-11-28 04:45:00,2019-11-28 05:10:00,long,9640.858377,9645.993577642857,9637.540776678572,9645.993577642857,-0.3647993571430561,take_profit,5
2019-11-29 01:15:00,2019-11-29 02:10:00,long,9627.137889,9622.533992714285,9622.533992714285,9634.84568157143,-10.103896285714654,stop_loss,11
2019-11-29 02:20:00,2019-11-29 03:05:00,long,9629.424637,9639.643768785714,9623.565071107143,9639.643768785714,4.719131785714126,take_profit,9
2019-11-29 04:25:00,2019-11-29 04:50:00,long,9639.715003,9635.35611510714,9635.35611510714,9646.932778785715,-9.858887892858547,stop_loss,5
2019-12-02 02:35:00,2019-12-02 03:40:00,long,9661.724954,9654.640344428572,9654.640344428572,9674.394173142857,-12.58460957142779,stop_loss,13
2019-12-03 01:30:00,2019-12-03 02:10:00,short,9518.660727,9524.45904082143,9524.45904082143,9508.564099357143,-11.298313821429474,stop_loss,8
2019-12-03 04:10:00,2019-12-03 04:15:00,short,9489.790532,9466.647190000002,9502.112203,9466.647190000002,17.643341999999393,take_profit,1
2019-12-04 04:05:00,2019-12-04 08:35:00,short,9484.359505,9508.9622385,9508.9622385,9436.654038,-30.102733499999886,stop_loss,54
2019-12-05 02:45:00,2019-12-05 03:10:00,long,9507.369456,9497.589750464285,9497.589750464285,9525.42886707143,-15.279705535715038,stop_loss,5
2019-12-05 03:10:00,2019-12-05 03:50:00,short,9497.222463,9506.757159821429,9506.757159821429,9479.653069357142,-15.034696821428952,stop_loss,8
2019-12-05 03:50:00,2019-12-05 04:30:00,long,9510.227891,9523.815892714287,9502.683890142858,9523.815892714287,8.088001714286293,take_profit,8
2019-12-06 03:45:00,2019-12-06 04:25:00,long,9535.667964,9530.54342425,9530.54342425,9544.417043500001,-10.624539750000622,stop_loss,8
2019-12-06 04:40:00,2019-12-06 06:20:00,long,9535.953807,9531.166154392857,9531.166154392857,9544.029112214286,-10.287652607143173,stop_loss,20
2019-12-09 01:20:00,2019-12-09 03:05:00,long,9595.123415,9590.152005964286,9590.152005964286,9603.56623307143,-10.471409035713805,stop_loss,21
2019-12-09 04:25:00,2019-12-09 05:10:00,long,9599.411068,9594.929676285714,9594.929676285714,9606.87385142857,-9.981391714285564,stop_loss,9
2019-12-10 01:35:00,2019-12-10 02:00:00,long,9571.11256,9567.274315678571,9567.274315678571,9577.289048642859,-9.338244321428647,stop_loss,5
2019-12-11 01:50:00,2019-12-11 02:00:00,long,9563.680628,9558.739844785714,9558.739844785714,9572.062194428572,-10.440783214286057,stop_loss,2
2019-12-11 02:00:00,2019-12-11 02:15:00,long,9579.116178,9592.459170785714,9571.694681607143,9592.459170785714,7.842992785714159,take_profit,3
2019-12-12 01:00:00,2019-12-12 01:15:00,long,9624.548042,9621.4207125,9621.4207125,9629.302701000002,-8.627329500000997,stop_loss,3
2019-12-12 02:20:00,2019-12-12 03:50:00,long,9628.253326,9638.258417428571,9622.500780285714,9638.258417428571,4.505091428571177,take_profit,18
2019-12-12 03:55:00,2019-12-12 04:10:00,long,9634.808829,9629.2395115,9629.2395115,9644.447463999999,-11.06931749999967,stop_loss,3
2019-12-13 01:05:00,2019-12-13 01:10:00,long,9736.846654,9730.788727785713,9730.788727785713,9747.462506428574,-11.557926214287363,stop_loss,1
2019-12-13 01:20:00,2019-12-13 02:05:00,long,9733.14137,9726.686448964285,9726.686448964285,9744.55121207143,-11.954921035714506,stop_loss,9
2019-12-13 02:25:00,2019-12-13 06:00:00,long,9734.566479,9725.393670785714,9725.393670785714,9751.41209542857,-14.672808214285396,stop_loss,43
2019-12-16 01:00:00,2019-12-16 01:15:00,long,9750.527703,9745.355380321429,9745.355380321429,9759.372348357143,-10.672322678570708,stop_loss,3
2019-12-16 01:30:00,2019-12-16 02:00:00,long,9746.537397,9754.404824928572,9741.853683035715,9754.404824928572,2.3674279285714874,take_profit,6
2019-12-16 04:05:00,2019-12-16 04:10:00,long,9753.377922,9749.091203071428,9749.091203071428,9760.451359857141,-9.786718928571645,stop_loss,1
2019-12-17 01:35:00,2019-12-17 01:45:00,long,9834.324129,9830.220638392857,9830.220638392857,9841.031110214286,-9.603490607143613,stop_loss,2
2019-12-17 01:45:00,2019-12-17 01:55:00,long,9833.184042,9828.89732307143,9828.89732307143,9840.257479857144,-9.786718928571645,stop_loss,2
2019-12-17 03:45:00,2019-12-17 04:35:00,long,9812.662468,9806.574003714286,9806.574003714286,9823.339396571428,-11.588464285714508,stop_loss,10
2019-12-18 01:30:00,2019-12-18 01:55:00,long,9805.2519,9801.820246428571,9801.820246428571,9810.615207142857,-8.931653571427887,stop_loss,5
2019-12-18 02:00:00,2019-12-18 03:25:00,long,9808.102118,9816.458154428574,9803.174099785714,9816.458154428574,2.856036428573134,take_profit,17
2019-12-18 03:45:00,2019-12-18 05:35:00,long,9819.217971,9814.595333714286,9814.595333714286,9826.963245571427,-10.122637285714518,stop_loss,22
2019-12-19 02:55:00,2019-12-19 04:00:00,long,9822.923255,9833.7223365,9816.77371425,9833.7223365,5.2990815000011935,take_profit,13
2019-12-19 04:30:00,2019-12-19 05:25:00,long,9830.618845,9825.385446071428,9825.385446071428,9839.585642857144,-10.73339892857257,stop_loss,11
2019-12-20 02:10:00,2019-12-20 02:15:00,long,9883.917932,9879.386908392858,9879.386908392858,9891.479979214286,-10.031023607141833,stop_loss,1
2019-12-20 02:35:00,2019-12-20 03:05:00,long,9887.053173,9882.338921178572,9882.338921178572,9894.981676642858,-10.214251821427752,stop_loss,6
2019-12-20 03:20:00,2019-12-20 03:50:00,long,9886.483129,9881.524572714286,9881.524572714286,9894.900241571428,-10.458556285713712,stop_loss,6
2019-12-20 04:50:00,2019-12-20 05:10:00,long,9891.043479,9897.811536142857,9886.909450428571,9897.811536142857,1.2680571428572875,take_profit,4
2019-12-23 03:30:00,2019-12-23 05:10:00,long,9940.922304,9948.301123,9936.4828945,9948.301123,1.8788189999995666,take_profit,20
2019-12-24 03:15:00,2019-12-24 05:45:00,long,9953.748288,9957.279311285716,9951.232776357143,9957.279311285716,-1.9689767142845085,take_profit,30
2019-12-26 01:25:00,2019-12-26 02:10:00,long,9966.289249,9963.68212292857,9963.68212292857,9970.003501142857,-8.107126071428866,stop_loss,9
2019-12-26 03:10:00,2019-12-26 06:15:00,long,9965.149162,9962.358807821429,9962.358807821429,9969.229870357141,-8.290354178570851,stop_loss,37
2019-12-27 01:25:00,2019-12-27 02:50:00,long,10061.48655,10067.338465857141,10057.810592071428,10067.338465857141,0.3519158571416483,take_profit,17
2019-12-30 01:00:00,2019-12-30 01:30:00,long,10036.97467,10033.9094735,10033.9094735,10041.605062999999,-8.565196499999729,stop_loss,6
2019-12-30 02:15:00,2019-12-30 03:40:00,long,10032.41432,10026.997692964285,10026.997692964285,10041.747574071427,-10.916627035714555,stop_loss,17
2019-12-31 01:10:00,2019-12-31 01:20:00,short,9966.429337,9963.570151714282,9968.608929642858,9963.570151714282,-2.6408147142828966,take_profit,2
2019-12-31 01:20:00,2019-12-31 01:35:00,short,9960.443878,9963.356384142859,9963.356384142859,9956.118865714283,-8.412506142858547,stop_loss,3
2019-12-31 01:45:00,2019-12-31 02:05:00,short,9962.154009,9955.50810392857,9966.226961535715,9955.50810392857,1.145905071429297,take_profit,4
2019-12-31 03:30:00,2019-12-31 04:20:00,short,9962.439031,9966.69521175,9966.69521175,9955.4266695,-9.756180750000567,stop_loss,10
2020-01-02 02:00:00,2020-01-02 02:40:00,long,10029.564102,10024.513931714286,10024.513931714286,10038.16444257143,-10.550170285714557,stop_loss,8
2020-01-02 02:50:00,2020-01-02 04:00:00,long,10037.829736,10052.171230785712,10029.908988607143,10052.171230785712,8.841494785712712,take_profit,14
2020-01-02 04:15:00,2020-01-02 05:15:00,long,10051.795807,10046.501332142858,10046.501332142858,10060.884756714286,-10.794474857142632,stop_loss,12
2020-01-03 04:25:00,2020-01-03 04:45:00,short,10004.052222,9980.793614428574,10016.431525785714,9980.793614428574,17.758607571426182,take_profit,4
2020-01-06 02:50:00,2020-01-06 03:50:00,short,9949.043003,9965.728172928571,9965.728172928571,9917.172663142857,-22.185169928570758,stop_loss,12
2020-01-07 02:05:00,2020-01-07 02:50:00,long,10112.505462,10140.772311357141,10097.622037321427,10140.772311357141,22.766849357141837,take_profit,9
2020-01-08 01:55:00,2020-01-08 04:15:00,long,10064.62179,10088.735463142859,10051.81495342857,10088.735463142859,18.613673142859625,take_profit,28
2020-01-08 04:15:00,2020-01-08 04:55:00,long,10090.558779,10109.847438785715,10080.164449107144,10109.847438785715,13.788659785714117,take_profit,8
2020-01-09 02:20:00,2020-01-09 07:30:00,long,10239.340189,10257.712707714285,10229.403929642858,10257.712707714285,12.872518714284524,take_profit,62
2020-01-10 03:30:00,2020-01-10 05:15:00,long,10304.610194,10316.264340428572,10298.033120785716,10316.264340428572,6.154146428571039,take_profit,21
2020-01-13 02:00:00,2020-01-13 02:35:00,long,10275.537965,10284.260457642857,10270.426718678571,10284.260457642857,3.2224926428571052,take_profit,7
2020-01-13 03:35:00,2020-01-13 05:50:00,long,10283.233555,10275.251731249999,10275.251731249999,10297.697202500003,-13.48182375000215,stop_loss,27
2020-01-14 02:55:00,2020-01-14 03:50:00,long,10339.097839,10365.288100142856,10325.252708428572,10365.288100142856,20.69026114285589,take_profit,11
2020-01-14 04:10:00,2020-01-14 04:30:00,long,10366.459937,10356.035068607143,10356.035068607143,10385.809673785714,-15.924868392856297,stop_loss,4
2020-01-15 01:50:00,2020-01-15 02:10:00,long,10323.706659,10317.557118464285,10317.557118464285,10334.505740071429,-11.64954053571455,stop_loss,4
2020-01-15 04:50:00,2020-01-15 06:15:00,long,10323.421637,10333.426729071427,10317.669090964286,10333.426729071427,4.505092071427498,take_profit,17
2020-01-16 01:20:00,2020-01-16 02:00:00,long,10354.203997,10362.498957714288,10349.306516642857,10362.498957714288,2.794960714287299,take_profit,8
2020-01-16 02:20:00,2020-01-16 02:30:00,long,10362.469631,10371.925037357143,10356.99192782143,10371.925037357143,3.955406357143147,take_profit,2
2020-01-17 01:20:00,2020-01-17 02:05:00,long,10425.17444,10431.698193214286,10421.162563392858,10431.698193214286,1.0237532142855343,take_profit,9
2020-01-17 02:40:00,2020-01-17 02:50:00,long,10444.555926,10438.131542928573,10438.131542928573,10455.904692142858,-11.924383071427656,stop_loss,2
2020-01-17 03:10:00,2020-01-17 04:15:00,long,10442.845795,10455.23285492857,10435.902265035715,10455.23285492857,6.887059928571034,take_profit,13
2020-01-17 04:50:00,2020-01-17 06:40:00,long,10453.676626,10447.679775928573,10447.679775928573,10464.170326142857,-11.496850071427616,stop_loss,22
2020-01-21 01:05:00,2020-01-21 01:15:00,short,10399.66256,10407.21685107143,10407.21685107143,10386.053977857144,-13.054291071428452,stop_loss,2
2020-01-21 01:50:00,2020-01-21 02:00:00,long,10416.05374,10406.606089464285,10406.606089464285,10433.449041071428,-14.947650535714274,stop_loss,2
2020-01-22 04:45:00,2020-01-22 06:10:00,long,10521.79685,10533.389920285717,10515.250314857143,10533.389920285717,6.093070285716749,take_profit,17
2020-01-23 01:00:00,2020-01-23 01:30:00,long,10469.067806,10484.081138142856,10460.81113992857,10484.081138142856,9.513332142856598,take_profit,6
2020-01-24 02:00:00,2020-01-24 02:30:00,long,10567.400347,10577.5275905,10561.586725250001,10577.5275905,4.627243499999167,take_profit,6
2020-01-27 01:45:00,2020-01-27 02:15:00,short,10294.774517,10306.176603035714,10306.176603035714,10273.470344928572,-16.902086035714092,stop_loss,6
2020-01-27 04:00:00,2020-01-27 04:20:00,short,10253.161325,10224.10048642857,10268.441744285714,10224.10048642857,23.560838571429485,take_profit,4
2020-01-27 04:30:00,2020-01-27 05:30:00,short,10226.369271,10245.161566464285,10245.161566464285,10190.284680071427,-24.292295464285417,stop_loss,12
2020-01-28 02:15:00,2020-01-28 02:30:00,short,10292.779364,10276.30020442857,10301.768943785715,10276.30020442857,10.9791595714305,take_profit,3
2020-01-28 03:25:00,2020-01-28 03:40:00,short,10241.190407,10258.852794571429,10258.852794571429,10207.365631857143,-23.162387571428553,stop_loss,3
2020-01-29 01:45:00,2020-01-29 02:00:00,long,10408.643172,10402.707398178572,10402.707398178572,10419.014719642857,-11.435773821427574,stop_loss,3
2020-01-29 02:15:00,2020-01-29 03:20:00,long,10413.203522,10404.244480714286,10404.244480714286,10429.621604571428,-14.459041285714193,stop_loss,13
2020-01-29 03:55:00,2020-01-29 05:00:00,long,10406.933041,10426.221701642857,10396.538710678573,10426.221701642857,13.788660642856485,take_profit,13
2020-01-30 01:50:00,2020-01-30 02:50:00,short,10281.663511,10302.807237,10302.807237,10240.876059,-26.643726000000242,stop_loss,12
2020-01-30 04:00:00,2020-01-30 05:20:00,short,10315.581112,10284.871218,10331.686059,10284.871218,25.209893999999622,take_profit,16
2020-02-03 01:05:00,2020-02-03 01:15:00,short,10323.561724,10335.696722892857,10335.696722892857,10300.791726214286,-17.634998892857766,stop_loss,2
2020-02-03 02:40:00,2020-02-03 02:50:00,short,10320.996528,10338.96429617857,10338.96429617857,10286.560991642857,-23.467768178570623,stop_loss,2
2020-02-03 03:05:00,2020-02-03 07:25:00,short,10317.861287,10337.875104892857,10337.875104892857,10279.333651214285,-25.513817892857332,stop_loss,52
2020-02-04 03:35:00,2020-02-04 06:30:00,long,10518.091566,10540.00649992857,10506.384099035713,10540.00649992857,16.414933928570463,take_profit,35
2020-02-06 01:45:00,2020-02-06 03:20:00,long,10760.930188,10749.80294482143,10749.80294482143,10781.684674357144,-16.627243178571007,stop_loss,19
2020-02-07 01:10:00,2020-02-07 01:25:00,long,10783.446915,10772.380747642857,10772.380747642857,10804.079249714287,-16.56616735714306,stop_loss,3
2020-02-10 01:35:00,2020-02-10 01:55:00,long,10750.669401,10737.8014885,10737.8014885,10774.905225999999,-18.367912499999875,stop_loss,4
2020-02-10 02:10:00,2020-02-10 02:15:00,long,10745.539008,10731.083116535714,10731.083116535714,10772.95079092857,-19.95589146428574,stop_loss,1
2020-02-11 02:05:00,2020-02-11 02:45:00,long,10903.156095,10894.01382507143,10894.01382507143,10919.940634857143,-14.642269928570386,stop_loss,8
2020-02-12 02:40:00,2020-02-12 06:45:00,long,10914.271947,10903.480621749999,10903.480621749999,10934.3545975,-16.291325250000227,stop_loss,49
2020-02-13 02:20:00,2020-02-13 03:00:00,long,10915.412035,10906.300303142858,10906.300303142858,10932.135498714284,-14.611731857141422,stop_loss,8
2020-02-17 02:15:00,2020-02-17 02:25:00,long,11035.406237,11028.279478821429,11028.279478821429,11048.15975335714,-12.626758178570526,stop_loss,2
2020-02-17 03:45:00,2020-02-17 05:35:00,long,11030.275844,11024.859216857143,11024.859216857143,11039.609098285713,-10.916627142856669,stop_loss,22
2020-02-18 02:25:00,2020-02-18 02:30:00,short,10880.209412,10893.352167464285,10893.352167464285,10855.423901071428,-18.642755464285074,stop_loss,1
2020-02-18 03:00:00,2020-02-18 04:10:00,short,10877.929237,10893.423422892856,10893.423422892856,10848.440865214287,-20.994185892855967,stop_loss,14
2020-02-19 01:50:00,2020-02-19 02:00:00,long,11025.715494,11018.649811964286,11018.649811964286,11038.346858071427,-12.565682035714417,stop_loss,2
2020-02-19 03:45:00,2020-02-19 06:55:00,long,11024.005363,11039.629456142859,11015.443316428571,11039.629456142859,10.124093142858328,take_profit,38
2020-02-20 01:45:00,2020-02-20 02:00:00,long,11105.806636,11097.580507678571,11097.580507678571,11120.758892642856,-13.726128321428405,stop_loss,3
2020-02-20 02:45:00,2020-02-20 05:50:00,long,11079.299603,11068.355587285714,11068.355587285714,11099.68763442857,-16.444015714285342,stop_loss,37
2020-02-21 01:00:00,2020-02-21 01:50:00,short,10888.190024,10900.325023107142,10900.325023107142,10865.420025785714,-17.634999107141994,stop_loss,10
2020-02-21 01:55:00,2020-02-21 02:30:00,short,10890.755221,10906.005101892857,10906.005101892857,10861.755459214284,-20.749880892857618,stop_loss,7
2020-02-21 03:15:00,2020-02-21 04:50:00,short,10910.706751,10929.193666178571,10929.193666178571,10875.232920642857,-23.986915178571508,stop_loss,19
2020-02-24 01:00:00,2020-02-24 01:10:00,short,10581.791527,10561.403496642853,10592.735542178572,10561.403496642853,14.888030357145908,take_profit,2
2020-02-24 01:45:00,2020-02-24 02:00:00,short,10564.405194,10532.840235285716,10580.937673357144,10532.840235285716,26.06495871428524,take_profit,3
2020-02-24 02:55:00,2020-02-24 03:25:00,short,10476.048418,10417.243512642857,10506.200870678571,10417.243512642857,53.30490535714307,take_profit,6
2020-02-24 04:25:00,2020-02-24 05:50:00,short,10455.526844,10484.610464607142,10484.610464607142,10398.859602785715,-34.58362060714171,stop_loss,17
2020-02-25 02:05:00,2020-02-25 02:45:00,short,10478.043571,10435.11845507143,10500.256128964285,10435.11845507143,37.42511592857045,take_profit,8
2020-02-25 03:35:00,2020-02-25 04:40:00,short,10422.749331,10369.624504571428,10450.061744214287,10369.624504571428,47.624826428573215,take_profit,13
2020-02-28 01:50:00,2020-02-28 02:00:00,short,9426.312917,9488.530328714285,9488.530328714285,9303.378093571428,-67.71741171428584,stop_loss,2
2020-02-28 02:30:00,2020-02-28 03:30:00,short,9441.419075,9289.106642071429,9518.325291464285,9289.106642071429,146.81243292857107,take_profit,12
2020-02-28 04:45:00,2020-02-28 05:05:00,short,9422.322611,9488.723736035714,9488.723736035714,9291.02036092857,-71.90112503571436,stop_loss,4
2020-03-02 02:05:00,2020-03-02 03:10:00,long,9839.169501,9795.183308821428,9795.183308821428,9925.641885357143,-49.48619217857231,stop_loss,13
2020-03-02 03:30:00,2020-03-02 05:00:00,short,9785.155435,9679.93268357143,9838.516810714285,9679.93268357143,99.72275142857143,take_profit,18
2020-03-03 01:40:00,2020-03-03 02:15:00,long,10039.539867,10106.773275785714,10005.173162607141,10106.773275785714,61.733408785714346,take_profit,7
2020-03-03 02:30:00,2020-03-03 05:25:00,long,10124.47638,10079.940502964286,10079.940502964286,10212.048134071429,-50.03587703571429,stop_loss,35
2020-03-05 04:05:00,2020-03-05 07:20:00,short,9971.55973,9918.43490357143,9998.872143214287,9918.43490357143,47.624826428571396,take_profit,39
2020-03-06 02:50:00,2020-03-06 03:00:00,short,9745.537397,9780.942395285714,9780.942395285714,9676.227400428572,-40.9049982857141,stop_loss,2
2020-03-06 03:05:00,2020-03-06 03:35:00,short,9770.619321,9697.461529142858,9807.948216928571,9697.461529142858,67.657791857142,take_profit,6
2020-03-10 01:00:00,2020-03-10 02:15:00,short,9410.921736,9355.84247342857,9439.211367285716,9355.84247342857,49.579262571429354,take_profit,15
2020-03-10 02:40:00,2020-03-10 03:30:00,short,9341.376403,9377.025705857142,9377.025705857142,9271.577797285716,-41.149302857142175,stop_loss,10
2020-03-11 02:25:00,2020-03-11 02:45:00,short,9264.420502,9308.925840964286,9308.925840964286,9176.909824071428,-50.00533896428533,stop_loss,4
2020-03-12 01:05:00,2020-03-12 02:10:00,short,8741.120371,8782.052757214286,8782.052757214286,8660.755598571432,-46.432386214284634,stop_loss,13
2020-03-12 03:25:00,2020-03-12 08:30:00,short,8720.883819,8613.462328357144,8775.344564321429,8613.462328357144,101.92149064285695,take_profit,59
2020-03-13 01:30:00,2020-03-13 02:15:00,short,8375.152306,8486.719216178572,8486.719216178572,8153.518485642857,-117.06691017857156,stop_loss,9
2020-03-17 04:05:00,2020-03-17 04:30:00,short,8129.225327,8028.069631214285,8180.553174892857,8028.069631214285,95.65569578571467,take_profit,5
2020-03-17 04:30:00,2020-03-17 04:45:00,short,7967.480906,8050.22849425,8050.22849425,7803.485729499999,-88.24758825000026,stop_loss,3
2020-03-17 04:50:00,2020-03-17 05:10:00,short,8058.479972,8153.330884321428,8153.330884321428,7870.278147357143,-100.35091232142804,stop_loss,4
2020-03-19 03:05:00,2020-03-19 03:20:00,short,8142.632713,8234.580049714286,8234.580049714286,7960.238039571428,-97.4473367142864,stop_loss,3
2020-03-19 03:55:00,2020-03-19 04:25:00,long,8317.358203,8225.288610285714,8225.288610285714,8499.99738842857,-97.56959271428605,stop_loss,6
2020-03-19 04:45:00,2020-03-19 06:40:00,short,8225.073873,8071.287055357142,8302.717281821428,8071.287055357142,148.2868176428574,take_profit,23
2020-03-20 03:45:00,2020-03-20 06:00:00,long,8686.48921,8629.568159321429,8629.568159321429,8798.831311357144,-62.42105067857119,stop_loss,26
2020-03-23 01:00:00,2020-03-23 01:20:00,short,7672.518417,7721.64566075,7721.64566075,7575.7639295,-54.62724375000016,stop_loss,4
2020-03-23 02:40:00,2020-03-23 03:00:00,short,7692.486864,7745.28178175,7745.28178175,7588.397028500001,-58.29491774999951,stop_loss,4
2020-03-23 03:00:00,2020-03-23 04:00:00,short,7692.2016,7758.872550821428,7758.872550821428,7560.359698357143,-72.17095082142805,stop_loss,12
2020-03-24 01:50:00,2020-03-24 02:15:00,long,8320.781365,8267.589116000001,8267.589116000001,8425.665863000002,-58.69224899999972,stop_loss,5
2020-03-24 03:00:00,2020-03-24 03:20:00,long,8339.894021,8297.643666,8297.643666,8422.894731,-47.75035500000013,stop_loss,4
2020-03-24 03:35:00,2020-03-24 07:10:00,long,8333.618224,8286.813840392857,8286.813840392857,8425.726991214286,-52.30438360714288,stop_loss,43
2020-03-25 01:25:00,2020-03-25 03:25:00,long,8588.643819,8741.758229928573,8511.336613535716,8741.758229928573,147.6144109285724,take_profit,24
2020-03-25 03:40:00,2020-03-25 05:10:00,long,8764.93668,8711.805558892858,8711.805558892858,8869.698922214287,-58.63112110714246,stop_loss,18
2020-03-26 01:45:00,2020-03-26 02:00:00,long,8445.726791,8402.895720857141,8402.895720857141,8529.888931285714,-48.33107014285815,stop_loss,3
2020-03-26 02:10:00,2020-03-26 05:35:00,short,8416.770965,8459.235267785714,8459.235267785714,8333.34235942857,-47.96430278571461,stop_loss,41
2020-03-27 01:15:00,2020-03-27 01:45:00,long,8885.888417,8840.703922607143,8840.703922607143,8974.757405785715,-50.68449439285723,stop_loss,6
2020-03-27 01:50:00,2020-03-27 02:10:00,long,8864.778916,8816.415770964284,8816.415770964284,8960.005206071428,-53.863145035715206,stop_loss,4
2020-03-30 01:15:00,2020-03-30 01:25:00,long,8717.012407,8678.490853678572,8678.490853678572,8792.555513642857,-44.021553321428655,stop_loss,2
2020-03-30 04:20:00,2020-03-30 04:50:00,long,8681.63973,8628.17240532143,8628.17240532143,8787.074379357144,-58.96732467857146,stop_loss,6
2020-03-31 01:05:00,2020-03-31 01:45:00,long,8940.659015,9005.137971642858,8907.66953667857,9005.137971642858,58.978956642858975,take_profit,8
2020-03-31 01:45:00,2020-03-31 04:20:00,long,9011.974897,9072.725051642858,8980.849819678571,9072.725051642858,55.250154642857524,take_profit,31
2020-04-01 01:00:00,2020-04-01 02:05:00,short,8644.411262,8682.963379535713,8682.963379535713,8568.80702692857,-44.05211753571348,stop_loss,13
2020-04-01 02:55:00,2020-04-01 09:30:00,short,8672.937615,8720.933992464286,8720.933992464286,8578.44486007143,-53.496377464285615,stop_loss,79
2020-04-02 01:40:00,2020-04-02 02:00:00,short,8605.044895,8628.253909607143,8628.253909607143,8560.126865785714,-28.709014607142308,stop_loss,4
2020-04-02 04:25:00,2020-04-02 04:45:00,short,8628.721767,8588.449458285715,8649.607921357145,8588.449458285715,34.77230871428583,take_profit,4
2020-04-03 01:35:00,2020-04-03 01:45:00,short,8600.480678,8624.912250357142,8624.912250357142,8553.117533285716,-29.931572357141704,stop_loss,2
2020-04-03 02:15:00,2020-04-03 02:40:00,short,8598.769097,8627.235110714286,8627.235110714286,8543.337069571431,-33.96601371428551,stop_loss,5
2020-04-03 03:20:00,2020-04-03 06:35:00,short,8613.032273,8641.19264725,8641.19264725,8558.211524500002,-33.66037424999922,stop_loss,39
2020-04-06 02:25:00,2020-04-06 03:00:00,long,8954.636928,8928.707722000001,8928.707722000001,9004.99534,-31.429205999998885,stop_loss,7
2020-04-07 01:10:00,2020-04-07 02:00:00,long,9243.323619,9307.4358085,9210.51752425,9307.4358085,58.61218949999966,take_profit,10
2020-04-07 02:35:00,2020-04-07 02:45:00,long,9316.065819,9385.373879928571,9280.661788535714,9385.373879928571,63.80806092857165,take_profit,2
2020-04-07 03:00:00,2020-04-07 05:15:00,long,9375.11537,9461.722626214285,9331.061741892858,9461.722626214285,81.10725621428537,take_profit,27
2020-04-08 02:35:00,2020-04-08 03:25:00,long,9193.973029,9148.14669157143,9148.14669157143,9284.125703857144,-51.326337428570696,stop_loss,10
2020-04-09 01:00:00,2020-04-09 02:00:00,long,9370.551154,9418.708961857144,9345.722250071429,9418.708961857144,42.65780785714378,take_profit,12
2020-04-09 02:50:00,2020-04-09 03:15:00,long,9434.164921,9402.978715571428,9402.978715571428,9495.037331857142,-36.686205428572066,stop_loss,5
2020-04-13 01:35:00,2020-04-13 02:00:00,long,9278.981561,9259.042888821428,9259.042888821428,9317.358905357143,-25.438672178572233,stop_loss,5
2020-04-13 03:15:00,2020-04-13 04:25:00,long,9268.141546,9297.227448500002,9252.848594750001,9297.227448500002,23.585902500000884,take_profit,14
2020-04-14 04:40:00,2020-04-14 05:45:00,long,9639.269398,9621.347946607142,9621.347946607142,9673.612300785715,-23.421451392858216,stop_loss,13
2020-04-15 01:35:00,2020-04-15 02:20:00,long,9866.339168,9848.264896821429,9848.264896821429,9900.987710357143,-23.574271178571507,stop_loss,9
2020-04-16 02:25:00,2020-04-16 04:05:00,long,9891.442358,9860.592356035715,9860.592356035715,9951.64236192857,-36.350001964285184,stop_loss,20
2020-04-16 04:40:00,2020-04-16 05:00:00,long,9895.721311,9872.328913035713,9872.328913035713,9941.006106928571,-28.89239796428592,stop_loss,4
2020-04-17 02:15:00,2020-04-17 02:40:00,long,10184.693267,10157.755450714285,10157.755450714285,10237.06889957143,-32.4378162857156,stop_loss,5
2020-04-17 03:05:00,2020-04-17 03:25:00,long,10182.696422,10147.536903214286,10147.536903214286,10251.51545957143,-40.65951878571468,stop_loss,4
2020-04-17 03:40:00,2020-04-17 08:00:00,long,10156.452177,10123.309878785714,10123.309878785714,10221.23677342857,-38.64229821428489,stop_loss,52
2020-04-21 02:15:00,2020-04-21 05:10:00,short,9902.993954,9857.036750714286,9926.722555642857,9857.036750714286,40.45720328571406,take_profit,35
2020-04-23 01:00:00,2020-04-23 01:45:00,long,9859.20758,9901.435981499999,9837.34337925,9901.435981499999,36.728401499998654,take_profit,9
2020-04-23 02:10:00,2020-04-23 02:20:00,long,9882.599189,9861.682470428572,9861.682470428572,9922.932626142858,-26.416718571428646,stop_loss,2
2020-04-23 04:45:00,2020-04-23 05:30:00,long,9865.198114,9847.612865964287,9847.612865964287,9898.86861007143,-23.085248035713448,stop_loss,9
2020-04-24 01:00:00,2020-04-24 01:15:00,short,9722.707403,9742.798894535714,9742.798894535714,9684.024419928573,-25.59149153571343,stop_loss,3
2020-04-24 04:25:00,2020-04-24 05:55:00,long,9834.104389,9872.359477357142,9814.226844821429,9872.359477357142,32.755088357142085,take_profit,18
2020-04-27 03:45:00,2020-04-27 06:05:00,long,10124.217399,10104.798314071428,10104.798314071428,10161.555568857144,-24.919084928571465,stop_loss,28
2020-04-28 03:20:00,2020-04-28 04:20:00,long,10115.944756,10154.811122857143,10095.76157257143,10154.811122857143,33.366366857142566,take_profit,12
2020-04-28 04:20:00,2020-04-28 04:50:00,long,10165.010083,10199.964263642856,10146.78299267857,10199.964263642856,29.454180642856954,take_profit,6
2020-04-29 03:15:00,2020-04-29 05:05:00,long,10061.744686,10041.622630464286,10041.622630464286,10100.488797071428,-25.622055535714026,stop_loss,22
2020-04-30 02:10:00,2020-04-30 02:20:00,long,10378.387203,10355.055932285715,10355.055932285715,10423.549744428572,-28.831270714284983,stop_loss,2
2020-04-30 04:25:00,2020-04-30 05:30:00,long,10368.688243,10351.072431071429,10351.072431071429,10402.419866857144,-23.11581192857193,stop_loss,13
2020-05-01 01:00:00,2020-05-01 01:50:00,short,10031.647806,9996.387985142857,10050.027716428573,9996.387985142857,29.759820857143495,take_profit,10
2020-05-01 04:55:00,2020-05-01 05:10:00,short,9997.701446,10013.880752071427,10013.880752071427,9966.842833857143,-21.679306071428073,stop_loss,3
2020-05-04 02:20:00,2020-05-04 03:00:00,short,9877.890763,9902.627975035713,9902.627975035713,9829.91633892857,-30.237212035714037,stop_loss,8
2020-05-04 03:15:00,2020-05-04 06:50:00,short,9871.044438,9895.353754785716,9895.353754785716,9823.92580442857,-29.809316785715055,stop_loss,43
2020-05-05 02:05:00,2020-05-05 02:30:00,long,10117.941601,10153.384805642858,10099.469998678573,10153.384805642858,29.94320464285738,take_profit,5
2020-05-05 02:30:00,2020-05-05 03:15:00,long,10161.586921,10139.967232035715,10139.967232035715,10203.32629892857,-27.11968896428516,stop_loss,9
2020-05-05 03:20:00,2020-05-05 03:30:00,long,10165.58061,10141.271293214286,10141.271293214286,10212.69924357143,-29.809316785715055,stop_loss,2
2020-05-06 02:10:00,2020-05-06 02:35:00,long,10261.429156,10240.32905375,10240.32905375,10302.1293605,-26.60010225000042,stop_loss,5
2020-05-06 03:35:00,2020-05-06 03:50:00,long,10255.153359,10239.1574365,10239.1574365,10285.645204,-21.495922500000233,stop_loss,3
2020-05-06 04:30:00,2020-05-06 07:05:00,long,10262.57021,10245.596241,10245.596241,10295.018148,-22.47396900000058,stop_loss,31
2020-05-07 01:25:00,2020-05-07 02:05:00,long,10311.350274,10337.624293,10297.4632645,10337.624293,20.774019000000408,take_profit,8
2020-05-07 02:05:00,2020-05-07 02:15:00,long,10328.180822,10363.073875285714,10309.984295357142,10363.073875285714,29.393053285713904,take_profit,2
2020-05-07 02:40:00,2020-05-07 03:05:00,long,10357.562966,10336.768503428571,10336.768503428571,10397.651891142857,-26.294462571428085,stop_loss,5
2020-05-08 01:10:00,2020-05-08 01:30:00,long,10524.156867,10511.52297925,10511.52297925,10547.9246425,-18.133887750000213,stop_loss,4
2020-05-08 04:15:00,2020-05-08 04:30:00,long,10489.925243,10479.308575714285,10479.308575714285,10509.658577571428,-16.116667285714357,stop_loss,3
2020-05-08 04:40:00,2020-05-08 07:00:00,long,10493.633669,10482.619670357144,10482.619670357144,10514.161666285714,-16.513998642856677,stop_loss,28
2020-05-11 01:25:00,2020-05-11 02:35:00,long,10549.260057,10574.556030142856,10535.862070428571,10574.556030142856,19.795973142856383,take_profit,14
2020-05-11 02:35:00,2020-05-11 03:05:00,long,10575.789566,10559.946462964284,10559.946462964284,10605.975772071428,-21.343103035715103,stop_loss,6
2020-05-12 01:55:00,2020-05-12 02:15:00,long,10551.827429,10589.776877142858,10532.102704928571,10589.776877142858,32.449448142857364,take_profit,4
2020-05-12 02:45:00,2020-05-12 03:55:00,long,10590.338006,10570.674409607142,10570.674409607142,10628.165198785715,-25.16359639285838,stop_loss,14
2020-05-12 04:50:00,2020-05-12 06:05:00,long,10587.200107,10621.359625785715,10569.370347607144,10621.359625785715,28.65951878571468,take_profit,15
2020-05-13 02:00:00,2020-05-13 02:35:00,short,10398.211441,10357.572365142856,10419.280978928571,10357.572365142856,35.139075857143325,take_profit,7
2020-05-13 03:00:00,2020-05-13 03:10:00,short,10363.40929,10387.565786785713,10387.565786785713,10316.596296428572,-29.656496785713898,stop_loss,2
2020-05-13 04:25:00,2020-05-13 04:45:00,short,10393.932488,10414.360183107143,10414.360183107143,10354.577097785714,-25.927695107142426,stop_loss,4
2020-05-14 01:45:00,2020-05-14 02:00:00,short,10220.206999,10243.3854495,10243.3854495,10175.350098,-28.6784504999996,stop_loss,3
2020-05-14 03:15:00,2020-05-14 03:35:00,short,10255.579676,10282.181288714284,10282.181288714284,10203.876450571428,-32.101612714284784,stop_loss,4
2020-05-14 03:40:00,2020-05-14 03:55:00,short,10260.71442,10286.18516675,10286.18516675,10211.272926500002,-30.970746749999307,stop_loss,3
2020-05-15 02:15:00,2020-05-15 04:35:00,long,10413.189354,10393.434065607144,10393.434065607144,10451.199930785713,-25.255288392856528,stop_loss,28
2020-05-18 01:30:00,2020-05-18 01:45:00,long,10503.047366,10489.37430375,10489.37430375,10528.8934905,-19.17306224999993,stop_loss,3
2020-05-18 02:00:00,2020-05-18 03:00:00,long,10505.329474,10534.109737571429,10490.189342214286,10534.109737571429,23.280263571428804,take_profit,12
2020-05-18 03:15:00,2020-05-18 04:00:00,long,10538.705307,10519.561297535714,10519.561297535714,10575.493325928572,-24.644009464285773,stop_loss,9
2020-05-19 04:30:00,2020-05-19 05:00:00,long,10639.688596,10616.326761392856,10616.326761392856,10684.912265214285,-28.861834607143464,stop_loss,6
2020-05-20 01:30:00,2020-05-20 01:40:00,long,10654.5223,10639.810063357145,10639.810063357145,10682.446773285714,-20.212236642855714,stop_loss,2
2020-05-20 01:45:00,2020-05-20 02:05:00,long,10649.958083,10678.249323857142,10635.062462571428,10678.249323857142,22.79124085714284,take_profit,4
2020-05-20 02:50:00,2020-05-20 03:20:00,long,10670.211794,10709.322672642858,10649.906354678571,10709.322672642858,33.61087864285764,take_profit,6
2020-05-20 03:45:00,2020-05-20 08:30:00,long,10707.296053,10745.795652928571,10687.296253035714,10745.795652928571,32.999599928571115,take_profit,57
2020-05-21 03:00:00,2020-05-21 03:05:00,long,10776.044563,10756.808861964286,10756.808861964286,10813.015965071429,-24.735701035713646,stop_loss,1
2020-05-22 02:55:00,2020-05-22 03:15:00,short,10560.811653,10584.26517907143,10584.26517907143,10515.404600857142,-28.953526071429224,stop_loss,4
2020-05-25 03:30:00,2020-05-25 03:45:00,long,10800.86249,10824.630265714286,10788.228602142857,10824.630265714286,18.267775714286472,take_profit,3
2020-05-26 01:00:00,2020-05-26 02:25:00,long,10944.064782,10929.780440499999,10929.780440499999,10971.133464999999,-19.784341500000664,stop_loss,17
2020-05-26 04:50:00,2020-05-26 05:05:00,long,10937.503721,10925.083780607141,10925.083780607141,10960.843601785713,-17.919940392857825,stop_loss,3
2020-05-27 02:35:00,2020-05-27 03:25:00,long,10817.693039,10796.623500857142,10796.623500857142,10858.332115285713,-26.56953814285771,stop_loss,10
2020-05-27 03:35:00,2020-05-27 06:10:00,long,10817.407775,10798.569405214286,10798.569405214286,10853.584514571428,-24.33836978571344,stop_loss,31
2020-05-28 01:40:00,2020-05-28 02:05:00,short,10745.947683,10708.181618214287,10765.580715392858,10708.181618214287,32.26606478571375,take_profit,5
2020-05-28 02:25:00,2020-05-28 02:50:00,short,10721.985547,10748.006444678571,10748.006444678571,10671.443751642857,-31.52089767857069,stop_loss,5
2020-05-28 04:50:00,2020-05-28 05:45:00,short,10704.299208,10725.918897071428,10725.918897071428,10662.559829857144,-27.119689071427274,stop_loss,11
2020-05-29 01:30:00,2020-05-29 02:20:00,short,10745.66242,10767.923952107143,10767.923952107143,10702.639355785714,-27.761532107142557,stop_loss,10
2020-06-02 01:20:00,2020-06-02 02:25:00,long,10953.193215,10974.393618999999,10941.843013,10974.393618999999,15.700403999999253,take_profit,13
2020-06-02 02:25:00,2020-06-02 03:30:00,long,10968.312182,10997.76485292857,10952.835846535714,10997.76485292857,23.952670928571024,take_profit,13
2020-06-02 04:00:00,2020-06-02 04:55:00,long,11005.681705,11028.960457142857,10993.292328928572,11028.960457142857,17.77875214285632,take_profit,11
2020-06-03 01:30:00,2020-06-03 01:50:00,long,11051.609133,11036.346745214285,11036.346745214285,11080.633908571428,-20.762387785714964,stop_loss,4
2020-06-03 02:35:00,2020-06-03 03:05:00,long,11047.615444,11032.383619999999,11032.383619999999,11076.579092,-20.731824000000415,stop_loss,6
2020-06-04 01:00:00,2020-06-04 01:40:00,long,11041.054382,11029.520796214287,11029.520796214287,11062.62155357143,-17.033585785713512,stop_loss,8
2020-06-05 02:40:00,2020-06-05 03:05:00,long,11068.154418,11052.892030428571,11052.892030428571,11097.179193142858,-20.762387571428917,stop_loss,5
2020-06-08 01:20:00,2020-06-08 01:35:00,long,11228.472521,11214.188179714285,11214.188179714285,11255.541203571427,-19.784341285714618,stop_loss,3
2020-06-08 03:15:00,2020-06-08 07:05:00,long,11198.234587,11182.941635428571,11182.941635428571,11227.320490142858,-20.792951571429512,stop_loss,46
2020-06-10 04:50:00,2020-06-10 05:05:00,long,11397.919058,11380.150426714285,11380.150426714285,11431.95632057143,-23.268631285714946,stop_loss,3
2020-06-11 01:05:00,2020-06-11 02:05:00,long,11407.332754,11384.55163475,11384.55163475,11451.394992499998,-28.281119249999392,stop_loss,12
2020-06-11 02:50:00,2020-06-11 03:40:00,long,11377.950611,11352.174224464286,11352.174224464286,11428.00338407143,-31.276386535713755,stop_loss,10
2020-06-11 03:50:00,2020-06-11 04:15:00,short,11329.311601,11356.127161607143,11356.127161607143,11277.180479785715,-32.3155606071432,stop_loss,5
2020-06-11 04:45:00,2020-06-11 05:35:00,long,11384.226408,11360.80344582143,11360.80344582143,11429.572332357144,-28.922962178570742,stop_loss,10
2020-06-12 01:50:00,2020-06-12 02:10:00,short,11037.487011,11066.442047964285,11066.442047964285,10981.076937071428,-34.45503696428568,stop_loss,4
2020-06-12 02:35:00,2020-06-12 03:10:00,short,11067.439681,11106.511384928572,11106.511384928572,10990.796273142856,-44.57170392857188,stop_loss,7
2020-06-12 03:10:00,2020-06-12 03:25:00,short,11096.821825,11131.950779357145,11131.950779357145,11028.063916285715,-40.62895435714381,stop_loss,3
2020-06-12 04:30:00,2020-06-12 04:45:00,short,11132.479766,11155.352577142858,11155.352577142858,11088.234143714286,-28.372811142857245,stop_loss,3
2020-06-15 01:20:00,2020-06-15 02:20:00,short,10741.472936,10785.34114975,10785.34114975,10655.2365085,-49.368213749999995,stop_loss,12
2020-06-16 03:10:00,2020-06-16 07:10:00,long,11282.928003,11347.618048857144,11249.83298007143,11347.618048857144,59.19004585714356,take_profit,48
2020-06-17 01:20:00,2020-06-17 01:55:00,long,11420.326992,11396.291242857144,11396.291242857144,11466.898490285716,-29.53574914285673,stop_loss,7
2020-06-17 02:00:00,2020-06-17 03:20:00,long,11415.470894,11464.062365357144,11390.425158321428,11464.062365357144,43.091471357143746,take_profit,16
2020-06-17 04:10:00,2020-06-17 04:15:00,long,11450.034881,11429.579994107142,11429.579994107142,11489.444654785715,-25.954886892857758,stop_loss,1
2020-06-18 02:10:00,2020-06-18 02:25:00,long,11419.18438,11395.17923675,11395.17923675,11465.6946665,-29.5051432500004,stop_loss,3
2020-06-18 04:15:00,2020-06-18 05:00:00,long,11444.607478,11417.602980714286,11417.602980714286,11497.11647257143,-32.504497285714024,stop_loss,9
2020-06-19 01:25:00,2020-06-19 01:30:00,long,11489.454965,11513.439489214286,11476.712702892859,11513.439489214286,18.484524214285557,take_profit,1
2020-06-19 01:55:00,2020-06-19 07:00:00,long,11489.169312,11522.764012214286,11471.621961892857,11522.764012214286,28.094700214285695,take_profit,61
2020-06-22 01:30:00,2020-06-22 01:40:00,short,11369.052102,11385.528254214285,11385.528254214285,11337.599797571429,-21.97615221428532,stop_loss,2
2020-06-22 02:45:00,2020-06-22 06:10:00,long,11430.896145,11408.360072928572,11408.360072928572,11474.468289142857,-28.036072071428862,stop_loss,41
2020-06-23 02:05:00,2020-06-23 02:15:00,long,11586.862565,11629.332905785714,11564.877394607141,11629.332905785714,36.97034078571414,take_profit,2
2020-06-23 02:15:00,2020-06-23 09:15:00,long,11622.28351,11661.570862357143,11601.889833821428,11661.570862357143,33.78735235714339,take_profit,84
2020-06-24 01:45:00,2020-06-24 02:00:00,long,11685.127122,11672.109409,11672.109409,11709.662547999998,-18.517712999999276,stop_loss,3
2020-06-24 02:05:00,2020-06-24 02:20:00,long,11688.840608,11674.384429392858,11674.384429392858,11716.252965214286,-19.956178607142647,stop_loss,3
2020-06-25 01:05:00,2020-06-25 01:40:00,short,11410.757408,11430.2941255,11430.2941255,11373.183973,-25.036717500001032,stop_loss,7
2020-06-25 01:50:00,2020-06-25 02:10:00,short,11400.473908,11364.124699071428,11419.398512464286,11364.124699071428,30.849208928571898,take_profit,4
2020-06-25 02:15:00,2020-06-25 02:30:00,short,11323.347656,11350.627604392857,11350.627604392857,11270.287759214287,-32.77994839285748,stop_loss,3
2020-06-25 02:50:00,2020-06-25 03:05:00,short,11339.344212,11369.898965428572,11369.898965428572,11279.734705142857,-36.05475342857244,stop_loss,3
2020-06-26 02:35:00,2020-06-26 02:50:00,short,11489.597576,11507.512193607143,11507.512193607143,11455.268340785713,-23.414617607142645,stop_loss,3
2020-06-26 03:00:00,2020-06-26 03:40:00,short,11475.60059,11496.024871535714,11496.024871535714,11436.25202692857,-25.924281535713817,stop_loss,8
2020-06-26 04:55:00,2020-06-26 07:10:00,long,11534.302452,11517.152975285715,11517.152975285715,11567.101405428572,-22.6494767142849,stop_loss,27
2020-06-29 03:00:00,2020-06-29 06:50:00,short,11249.934891,11272.807625107143,11272.807625107143,11205.689422785716,-28.372734107142605,stop_loss,46
2020-06-30 02:05:00,2020-06-30 06:30:00,short,11392.47563,11412.410221107144,11412.410221107144,11354.106447785714,-25.434591107143206,stop_loss,53
2020-07-01 01:45:00,2020-07-01 02:30:00,long,11578.578634,11603.848596285716,11565.193652857142,11603.848596285716,19.769962285716247,take_profit,9
2020-07-01 03:00:00,2020-07-01 03:15:00,long,11593.718231,11581.28202525,11581.28202525,11617.090642500001,-17.936205750000227,stop_loss,3
2020-07-02 01:05:00,2020-07-02 02:15:00,long,11785.962555,11771.873644000001,11771.873644000001,11812.640376999998,-19.588910999998916,stop_loss,14
2020-07-03 01:00:00,2020-07-03 01:15:00,long,11845.092681,11862.711228357142,11835.533407321429,11862.711228357142,12.118547357142234,take_profit,3
2020-07-03 03:50:00,2020-07-03 04:25:00,long,11859.946626,11848.48980132143,11848.48980132143,11881.360275357145,-16.956824678571138,stop_loss,7
2020-07-06 02:25:00,2020-07-06 04:05:00,long,11985.919504,11969.290323821428,11969.290323821428,12017.677864357143,-22.129180178571914,stop_loss,20
2020-07-08 01:50:00,2020-07-08 02:35:00,long,12048.477463,12081.1539935,12031.389197749999,12081.1539935,27.17653050000081,take_profit,9
2020-07-09 03:35:00,2020-07-09 04:45:00,long,12209.585633,12235.2840735,12195.98641275,12235.2840735,20.198440500000288,take_profit,14
2020-07-09 04:45:00,2020-07-09 05:35:00,long,12237.865259,12225.122997,12225.122997,12261.849783000001,-18.242261999999755,stop_loss,10
2020-07-10 01:00:00,2020-07-10 01:15:00,long,12195.302994,12178.122912035713,12178.122912035713,12228.163157928571,-22.680081964286728,stop_loss,3
2020-07-10 01:20:00,2020-07-10 03:00:00,long,12183.876883,12218.940654285716,12165.594997357144,12218.940654285716,29.56377128571512,take_profit,20
2020-07-10 03:00:00,2020-07-10 03:45:00,long,12227.581759,12209.330479035714,12209.330479035714,12262.584318928573,-23.75127996428637,stop_loss,9
2020-07-10 03:55:00,2020-07-10 06:05:00,long,12213.870425,12247.648758857142,12196.231258071428,12247.648758857142,28.27833385714257,take_profit,26
2020-07-13 04:25:00,2020-07-13 05:50:00,long,12433.823069,12461.113004357143,12419.428101321428,12461.113004357143,21.789935357142895,take_profit,17
2020-07-14 01:55:00,2020-07-14 02:20:00,short,12194.8743,12153.322129142856,12216.400385428571,12153.322129142856,36.05217085714321,take_profit,5
2020-07-14 04:50:00,2020-07-14 06:10:00,short,12148.598549,12111.025114,12168.1352665,12111.025114,32.073435000000245,take_profit,16
2020-07-15 02:40:00,2020-07-15 04:00:00,long,12221.868703,12204.198930285715,12204.198930285715,12255.708248428571,-23.1697727142855,stop_loss,16
2020-07-16 01:15:00,2020-07-16 03:15:00,short,12108.607159,12073.665809785713,12126.827833607142,12073.665809785713,29.441349214286674,take_profit,24
2020-07-16 03:35:00,2020-07-16 05:35:00,short,12030.338296,11987.929167214284,12052.292860392858,11987.929167214284,36.90912878571544,take_profit,24
2020-07-17 01:00:00,2020-07-17 01:10:00,short,12087.1832,12098.303362321429,12098.303362321429,12066.442875357143,-16.620162321429234,stop_loss,2
2020-07-17 04:55:00,2020-07-17 05:25:00,short,12118.033701,12132.673513785714,12132.673513785714,12090.254075428571,-20.13981278571373,stop_loss,6
2020-07-20 01:05:00,2020-07-20 02:05:00,short,12077.471005,12053.67011442857,12090.121450285713,12053.67011442857,18.30089057142868,take_profit,12
2020-07-21 01:25:00,2020-07-21 02:00:00,long,12620.354336,12603.970000714286,12603.970000714286,12651.623006571428,-21.88433528571477,stop_loss,7
2020-07-21 03:10:00,2020-07-21 04:00:00,long,12631.780448,12614.630971499999,12614.630971499999,12664.579400999999,-22.649476500000674,stop_loss,10
2020-07-21 04:40:00,2020-07-21 05:10:00,long,12630.066531,12616.681550285713,12616.681550285713,12655.336492428572,-18.88498071428694,stop_loss,6
2020-07-22 03:15:00,2020-07-22 04:40:00,short,12344.556358,12369.051191785715,12369.051191785715,12297.066690428572,-29.994833785714945,stop_loss,17
2020-07-22 04:55:00,2020-07-22 05:55:00,long,12378.692081,12422.509070142856,12356.03358642857,12422.509070142856,38.31698914285698,take_profit,12
2020-07-23 01:20:00,2020-07-23 01:45:00,long,12426.681749,12461.194618928572,12408.675314035714,12461.194618928572,29.0128699285724,take_profit,5
2020-07-23 01:45:00,2020-07-23 02:05:00,long,12472.671847,12447.962773571428,12447.962773571428,12520.589993857142,-30.209073428572083,stop_loss,4
2020-07-23 02:50:00,2020-07-23 04:40:00,long,12459.531819,12436.934535892857,12436.934535892857,12503.226385214286,-28.097283107143085,stop_loss,22
2020-07-23 04:50:00,2020-07-23 06:15:00,long,12453.533111,12438.036339857143,12438.036339857143,12483.026653285715,-20.99677114285805,stop_loss,17
2020-07-24 03:05:00,2020-07-24 03:55:00,short,11896.367141,11929.584586750001,11929.584586750001,11831.4322495,-38.71744575000048,stop_loss,10
2020-07-27 01:35:00,2020-07-27 04:20:00,short,12021.768713,12038.673344392857,12038.673344392857,11989.459450214286,-22.404631392857482,stop_loss,33
2020-07-28 02:05:00,2020-07-28 02:30:00,long,12234.437425,12217.104314535714,12217.104314535714,12267.603645928571,-22.83311046428571,stop_loss,5
2020-07-28 03:50:00,2020-07-28 04:20:00,long,12204.15823,12185.692710071427,12185.692710071427,12239.589269857142,-23.965519928571666,stop_loss,6
2020-07-28 04:25:00,2020-07-28 04:45:00,long,12193.87473,12176.511013857144,12176.511013857144,12227.102162285713,-22.863716142855992,stop_loss,4
2020-07-29 03:00:00,2020-07-29 05:00:00,short,12088.897117,12107.88293292857,12107.88293292857,12052.425485142858,-24.485815928570446,stop_loss,24
2020-07-30 02:45:00,2020-07-30 04:50:00,short,12070.044033,12097.385193071428,12097.385193071428,12016.861712857144,-32.84116007142802,stop_loss,25
2020-07-31 01:10:00,2020-07-31 01:35:00,long,12429.538277,12467.417769214286,12409.848530892858,12467.417769214286,32.379492214286074,take_profit,5
2020-07-31 01:35:00,2020-07-31 02:00:00,long,12474.100111,12453.00250475,12453.00250475,12514.7953235,-26.597606249999444,stop_loss,5
2020-07-31 02:20:00,2020-07-31 07:20:00,long,12443.24961,12489.025360857144,12419.611734571428,12489.025360857144,40.275750857143066,take_profit,60
2020-08-04 01:35:00,2020-08-04 01:50:00,long,12669.200962,12654.530543428573,12654.530543428573,12697.041799142859,-20.170418571427945,stop_loss,3
2020-08-04 04:20:00,2020-08-04 06:30:00,long,12583.505127,12563.570535571429,12563.570535571429,12621.874309857143,-25.434591428571366,stop_loss,26
2020-08-05 01:05:00,2020-08-05 01:10:00,long,12688.054046,12679.443547392857,12679.443547392857,12703.775043214284,-14.11049860714229,stop_loss,1
2020-08-05 01:20:00,2020-08-05 01:45:00,long,12689.48231,12707.71297092857,12679.616979535715,12707.71297092857,12.730660928569705,take_profit,5
2020-08-06 01:00:00,2020-08-06 01:50:00,long,12681.198379,12666.558566214286,12666.558566214286,12708.978004571427,-20.13981278571373,stop_loss,10
2020-08-07 01:25:00,2020-08-07 01:45:00,long,12823.739118,12807.93629017857,12807.93629017857,12853.844773642857,-21.302827821429673,stop_loss,4
2020-08-07 03:10:00,2020-08-07 04:05:00,long,12820.311285,12799.672763821429,12799.672763821429,12860.088327357143,-26.138521178570954,stop_loss,11
2020-08-10 01:15:00,2020-08-10 01:55:00,long,12715.191061,12704.713617285714,12704.713617285714,12734.64594842857,-15.977443714285982,stop_loss,8
2020-08-10 02:20:00,2020-08-10 02:50:00,long,12712.334533,12698.521072785714,12698.521072785714,12738.46145342857,-19.313460214285442,stop_loss,6
2020-08-10 02:55:00,2020-08-10 03:05:00,long,12710.049311,12692.74680632143,12692.74680632143,12743.154320357144,-22.802504678571495,stop_loss,2
2020-08-10 03:10:00,2020-08-10 04:10:00,short,12691.338838,12709.406484107143,12709.406484107143,12656.703545785715,-23.567646107143446,stop_loss,12
2020-08-11 01:15:00,2020-08-11 02:05:00,short,12697.051894,12673.312215428572,12709.671733285715,12673.312215428572,18.239678571428158,take_profit,10
2020-08-12 01:55:00,2020-08-12 02:15:00,short,12501.379737,12519.784045464285,12519.784045464285,12466.071120071427,-23.90430846428535,stop_loss,4
2020-08-12 03:50:00,2020-08-12 04:20:00,short,12530.516321,12547.910642928571,12547.910642928571,12497.227677142855,-22.894321928572026,stop_loss,6
2020-08-13 01:30:00,2020-08-13 02:00:00,long,12689.767963,12711.91614842857,12677.943870285715,12711.91614842857,16.648185428570287,take_profit,6
2020-08-13 02:40:00,2020-08-13 03:05:00,long,12710.620616,12691.849040142857,12691.849040142857,12746.663767714286,-24.271575857143034,stop_loss,5
2020-08-14 01:00:00,2020-08-14 01:10:00,long,12809.456479,12826.095645928572,12800.386895535716,12826.095645928572,11.139166928571285,take_profit,2
2020-08-14 01:35:00,2020-08-14 01:55:00,long,12826.881299,12813.710557821429,12813.710557821429,12851.722781357144,-18.670741178571916,stop_loss,4
2020-08-14 04:15:00,2020-08-14 05:05:00,long,12755.18245,12736.86995857143,12736.86995857143,12790.307432857144,-23.812491428570866,stop_loss,10
2020-08-17 02:20:00,2020-08-17 02:55:00,long,12780.319895,12805.589856642857,12766.934914178571,12805.589856642857,19.769961642856288,take_profit,7
2020-08-17 03:15:00,2020-08-17 07:35:00,long,12791.746007,12823.871635714286,12774.933192642857,12823.871635714286,26.625628714285995,take_profit,52
2020-08-18 01:00:00,2020-08-18 01:05:00,long,12908.577995,12900.181735821428,12900.181735821428,12923.870513357142,-13.8962591785712,stop_loss,1
2020-08-18 03:50:00,2020-08-18 04:10:00,long,12900.86537,12920.932369928572,12890.081870035714,12920.932369928572,14.56699992857284,take_profit,4
2020-08-20 01:55:00,2020-08-20 02:20:00,short,12875.870536,12891.244884964286,12891.244884964286,12846.621838071427,-20.874348964285673,stop_loss,5
2020-08-21 01:35:00,2020-08-21 02:05:00,long,13144.241542,13134.896507428572,13134.896507428572,13161.431611142856,-14.845034571428187,stop_loss,6
2020-08-21 02:50:00,2020-08-21 03:30:00,long,13119.961055,13103.209452,13103.209452,13151.964261000001,-22.251603000000614,stop_loss,8
2020-08-24 01:00:00,2020-08-24 01:30:00,long,13268.21485,13282.65041,13260.247070000001,13282.65041,8.935559999999896,take_profit,6
2020-08-24 02:00:00,2020-08-24 02:35:00,long,13283.354448,13305.380210071427,13271.591566964285,13305.380210071427,16.52576207142738,take_profit,7
2020-08-24 02:35:00,2020-08-24 03:20:00,long,13304.207101,13328.681315428572,13291.219993785715,13328.681315428572,18.97421442857194,take_profit,9
2020-08-24 04:25:00,2020-08-24 04:55:00,long,13336.200213,13324.651571714285,13324.651571714285,13357.797495571429,-17.048641285715348,stop_loss,6
2020-08-25 01:05:00,2020-08-25 03:20:00,long,13341.05631,13332.690656499999,13332.690656499999,13356.287617,-13.865653500000917,stop_loss,27
2020-08-25 04:05:00,2020-08-25 04:55:00,long,13325.916712,13314.092619500001,13314.092619500001,13348.064897,-17.324092499999097,stop_loss,10
2020-08-26 01:30:00,2020-08-26 01:55:00,long,13419.325173,13411.020730857143,13411.020730857143,13434.434057285715,-13.804442142856715,stop_loss,5
2020-08-26 02:10:00,2020-08-26 03:20:00,long,13412.183853,13429.557555785716,13402.747001607144,13429.557555785716,11.873702785715068,take_profit,14
2020-08-26 03:35:00,2020-08-26 04:55:00,long,13442.177395,13429.373921214286,13429.373921214286,13466.284342571429,-18.303473785714232,stop_loss,16
2020-08-27 01:00:00,2020-08-27 01:15:00,long,13667.271789,13657.437064107144,13657.437064107144,13685.441238785714,-15.334724892856684,stop_loss,3
2020-08-27 01:35:00,2020-08-27 02:45:00,long,13668.128747,13687.828479642858,13657.528880678572,13687.828479642858,14.19973264285727,take_profit,14
2020-08-27 04:10:00,2020-08-27 06:45:00,long,13665.27222,13653.203282285715,13653.203282285715,13687.910095428571,-17.56893771428622,stop_loss,31
2020-08-28 01:30:00,2020-08-28 01:50:00,long,13708.977096,13695.408481214286,13695.408481214286,13734.614325571429,-19.06861478571409,stop_loss,4
2020-08-28 04:35:00,2020-08-28 05:05:00,long,13655.845678,13638.328933357143,13638.328933357143,13689.379167285713,-23.016744642856793,stop_loss,6
2020-08-31 02:00:00,2020-08-31 02:45:00,long,13782.961167,13771.259497107143,13771.259497107143,13804.864506785714,-17.201669892856444,stop_loss,9
2020-09-01 03:10:00,2020-09-01 04:35:00,long,13958.923281,13994.170686785716,13940.549578107142,13994.170686785716,29.747405785716182,take_profit,17
2020-09-02 01:40:00,2020-09-02 02:20:00,long,14164.307633,14191.536357428571,14149.943270785714,14191.536357428571,21.728724428570786,take_profit,8
2020-09-02 02:40:00,2020-09-02 08:30:00,long,14206.012939,14184.57867082143,14184.57867082143,14247.381475357142,-26.934268178571074,stop_loss,70
2020-09-03 02:00:00,2020-09-03 02:30:00,long,14143.45498,14180.72235907143,14124.071290464286,14180.72235907143,31.767379071428877,take_profit,6
2020-09-04 01:15:00,2020-09-04 02:20:00,short,13333.771949,13363.837012214286,13363.837012214286,13275.141822571428,-35.565063214286056,stop_loss,13
2020-09-04 03:40:00,2020-09-04 05:00:00,short,13439.463479,13478.465393607143,13478.465393607143,13362.959649785715,-44.50191460714268,stop_loss,16
2020-09-07 01:05:00,2020-09-07 02:20:00,short,13026.123901,13064.146434535714,13064.146434535714,12951.578833928572,-43.52253353571359,stop_loss,15
2020-09-07 04:45:00,2020-09-07 05:45:00,short,13062.97311,13092.303637357143,13092.303637357143,13005.812055285714,-34.83052735714227,stop_loss,12
2020-09-08 01:55:00,2020-09-08 03:05:00,short,13196.37296,13147.046952571429,13221.785963714286,13147.046952571429,43.82600742857176,take_profit,14
2020-09-08 03:05:00,2020-09-08 03:15:00,short,13132.101083,13073.348534499999,13162.22735725,13073.348534499999,53.25254850000056,take_profit,2
2020-09-08 03:40:00,2020-09-08 04:50:00,short,13004.414289,12909.608278357142,13052.567294321429,12909.608278357142,89.30601064285838,take_profit,14
2020-09-09 01:05:00,2020-09-09 01:15:00,short,12754.18245,12710.426672214287,12776.810338892858,12710.426672214287,38.25577778571278,take_profit,2
2020-09-11 04:45:00,2020-09-11 05:10:00,short,12931.287176,12885.144157214283,12955.108685392857,12885.144157214283,40.64301878571678,take_profit,5
2020-09-14 03:30:00,2020-09-14 05:50:00,short,12815.59302,12839.04222275,12839.04222275,12770.1946145,-28.94920275000004,stop_loss,28
2020-09-15 01:20:00,2020-09-15 01:40:00,long,12952.429422,12938.539833357143,12938.539833357143,12978.708599285714,-19.389588642856324,stop_loss,4
2020-09-15 02:35:00,2020-09-15 02:45:00,long,12942.420424,12924.333184785713,12924.333184785713,12977.094902428571,-23.587239214286456,stop_loss,2
2020-09-15 02:50:00,2020-09-15 04:05:00,long,12945.280138,12983.079875428572,12925.630269285713,12983.079875428572,32.29973742857146,take_profit,15
2020-09-15 04:35:00,2020-09-15 05:20:00,long,13007.621897,12990.790889035716,12990.790889035716,13039.783912928571,-22.331007964285163,stop_loss,9
2020-09-16 01:55:00,2020-09-16 03:05:00,long,13127.443902,13162.547338,13109.142184000002,13162.547338,29.60343599999942,take_profit,14
2020-09-16 03:40:00,2020-09-16 04:20:00,long,13180.348606,13162.322646071429,13162.322646071429,13214.900525857143,-23.525959928570956,stop_loss,8
2020-09-17 01:15:00,2020-09-17 02:05:00,short,12632.28537,12663.700917714286,12663.700917714286,12570.954274571428,-36.91554771428673,stop_loss,10
2020-09-17 02:10:00,2020-09-17 03:05:00,short,12654.877109,12696.894024035713,12696.894024035713,12572.34327892857,-47.51691503571419,stop_loss,11
2020-09-18 03:30:00,2020-09-18 04:15:00,short,12693.483244,12725.603507357142,12725.603507357142,12630.742717285713,-37.6202633571429,stop_loss,9
2020-09-18 04:50:00,2020-09-18 06:30:00,short,12724.654124,12748.7161225,12748.7161225,12678.030127,-29.56199849999939,stop_loss,20
2020-09-21 01:20:00,2020-09-21 01:45:00,short,12424.670154,12452.010609714285,12452.010609714285,12371.489242571428,-32.84045571428578,stop_loss,5
2020-09-21 02:50:00,2020-09-21 03:45:00,short,12368.619765,12280.693331214286,12413.332981892856,12280.693331214286,82.42643378571302,take_profit,11
2020-09-21 04:30:00,2020-09-21 05:20:00,short,12291.693466,12335.119811571429,12335.119811571429,12206.340774857144,-48.9263455714281,stop_loss,10
2020-09-22 01:05:00,2020-09-22 02:55:00,short,12511.605451,12536.556003321428,12536.556003321428,12463.204346357143,-30.450552321428404,stop_loss,22
2020-09-22 04:25:00,2020-09-22 06:05:00,long,12644.152283,12615.64751517857,12615.64751517857,12699.661818642857,-34.004767821428686,stop_loss,20
2020-09-23 04:25:00,2020-09-23 05:35:00,long,12810.587621,12790.999031678572,12790.999031678572,12848.264799642859,-25.088589321429026,stop_loss,14
2020-09-24 01:15:00,2020-09-24 02:05:00,short,12290.835552,12320.933589071428,12320.933589071428,12232.139477857143,-35.598037071427825,stop_loss,10
2020-09-24 03:50:00,2020-09-24 05:00:00,short,12320.004632,12353.503685714286,12353.503685714286,12254.506524571429,-38.999053714285765,stop_loss,14
2020-09-25 01:40:00,2020-09-25 04:45:00,short,12465.850032,12412.424001714287,12493.313047142858,12412.424001714287,47.92603028571284,take_profit,37
2020-09-28 02:00:00,2020-09-28 03:05:00,long,12830.891589,12860.847540142859,12815.16361342857,12860.847540142859,24.455951142857884,take_profit,13
2020-09-28 03:05:00,2020-09-28 04:30:00,long,12866.066067,12901.169503214285,12847.764348892857,12901.169503214285,29.603436214285466,take_profit,17
2020-09-29 02:55:00,2020-09-29 03:00:00,long,13010.767582,12986.30726632143,12986.30726632143,13058.188213357143,-29.960315678570623,stop_loss,1
2020-09-30 03:05:00,2020-09-30 05:30:00,short,12836.754902,12870.223315857143,12870.223315857143,12771.318074285715,-38.96841385714288,stop_loss,29
2020-10-01 02:20:00,2020-10-01 02:30:00,long,13152.609382,13134.736621035716,13134.736621035716,13186.854903928572,-23.37276096428468,stop_loss,2
2020-10-01 03:05:00,2020-10-01 03:35:00,long,13153.467297,13127.168593749999,13127.168593749999,13204.564703499998,-31.79870325000047,stop_loss,6
2020-10-01 04:55:00,2020-10-01 07:35:00,long,13205.800058,13247.705527714286,13184.097323142858,13247.705527714286,36.40546971428557,take_profit,32
2020-10-02 01:15:00,2020-10-02 01:25:00,short,13000.044555,13053.949708571428,13053.949708571428,12893.734247857145,-59.405153571427945,stop_loss,2
2020-10-02 03:30:00,2020-10-02 04:35:00,short,13024.924065,12953.543118714284,13061.364538142856,12953.543118714284,65.88094628571525,take_profit,13
2020-10-05 01:20:00,2020-10-05 02:00:00,short,12937.988767,12960.886453607143,12960.886453607143,12893.693393785714,-28.397686607142532,stop_loss,8
2020-10-05 04:15:00,2020-10-05 04:35:00,short,12946.281937,12965.962445571427,12965.962445571427,12908.420919857143,-25.18050857142771,stop_loss,4
2020-10-06 01:45:00,2020-10-06 02:05:00,long,13102.564392,13124.308879642858,13090.942148178572,13124.308879642858,16.244487642858076,take_profit,4
2020-10-08 02:15:00,2020-10-08 02:45:00,long,13230.393596,13213.562587821429,13213.562587821429,13262.555612357142,-22.33100817857121,stop_loss,6
2020-10-09 01:20:00,2020-10-09 01:35:00,long,13247.265907,13236.624136464286,13236.624136464286,13267.04944807143,-16.141770535714386,stop_loss,3
2020-10-09 03:00:00,2020-10-09 05:50:00,long,13239.258708,13225.215920928571,13225.215920928571,13265.844282142854,-19.542787071428393,stop_loss,34
2020-10-12 02:55:00,2020-10-12 03:15:00,long,13495.489058,13519.133212071429,13482.916980964284,13519.133212071429,18.14415407142951,take_profit,4
2020-10-12 04:10:00,2020-10-12 04:45:00,long,13565.266073,13542.307107,13542.307107,13609.684005,-28.458966000000146,stop_loss,7
2020-10-13 03:30:00,2020-10-13 04:05:00,long,13874.973069,13928.6442175,13847.387494749999,13928.6442175,48.17114849999962,take_profit,7
2020-10-14 02:55:00,2020-10-14 03:20:00,long,13905.857977,13881.275101892857,13881.275101892857,13953.523727214284,-30.082875107142172,stop_loss,5
2020-10-14 03:25:00,2020-10-14 04:05:00,long,13901.282435,13879.702259357142,13879.702259357142,13942.942786285712,-27.080175642857284,stop_loss,8
2020-10-15 02:15:00,2020-10-15 03:15:00,short,13553.399161,13504.998056357143,13578.349713321428,13504.998056357143,42.90110464285681,take_profit,12
2020-10-15 04:00:00,2020-10-15 05:05:00,short,13451.593352,13486.563115642857,13486.563115642857,13383.153824714285,-40.46976364285729,stop_loss,13
2020-10-16 01:45:00,2020-10-16 01:50:00,short,13567.983701,13582.608644071428,13582.608644071428,13540.233814857142,-20.12494307142879,stop_loss,1
2020-10-16 03:05:00,2020-10-16 03:20:00,long,13633.041288,13607.048982571428,13607.048982571428,13683.525898857144,-31.492305428571854,stop_loss,3
2020-10-16 03:55:00,2020-10-16 04:20:00,long,13623.890204,13601.881071214286,13601.881071214286,13666.408469571426,-27.50913278571352,stop_loss,5
2020-10-19 02:35:00,2020-10-19 03:05:00,long,13642.764315,13622.225892142858,13622.225892142858,13682.341160714284,-26.038422857141995,stop_loss,6
2020-10-20 01:45:00,2020-10-20 02:00:00,short,13388.393679,13412.486317142859,13412.486317142859,13341.708402714286,-29.59263814285805,stop_loss,3
2020-10-21 02:00:00,2020-10-21 02:10:00,short,13388.393679,13355.680146928573,13405.500445035716,13355.680146928573,27.213532071427835,take_profit,2
2020-10-21 02:10:00,2020-10-21 02:45:00,short,13371.235396,13333.19054057143,13391.007823714286,13333.19054057143,32.54485542857037,take_profit,7
2020-10-21 03:15:00,2020-10-21 04:00:00,short,13331.199404,13271.522857428572,13361.787677285714,13271.522857428572,54.176546571428844,take_profit,9
2020-10-22 01:25:00,2020-10-22 03:20:00,short,13303.460181,13324.029243392857,13324.029243392857,13263.822056214287,-26.069062392856722,stop_loss,23
2020-10-22 03:55:00,2020-10-22 05:15:00,short,13327.481776,13346.794607142858,13346.794607142858,13290.356113714286,-24.81283114285725,stop_loss,16
2020-10-23 01:35:00,2020-10-23 02:30:00,short,13301.458382,13319.2392235,13319.2392235,13267.396699,-23.28084149999995,stop_loss,11
2020-10-23 04:55:00,2020-10-23 05:40:00,short,13330.627462,13345.344324642858,13345.344324642858,13302.693736714287,-20.21686264285745,stop_loss,9
2020-10-26 02:55:00,2020-10-26 05:30:00,short,13220.242512,13240.903493535714,13240.903493535714,13180.420548928574,-26.16098153571329,stop_loss,31
2020-10-27 02:05:00,2020-10-27 02:15:00,short,13178.490691,13194.249306642858,13194.249306642858,13148.473459714287,-21.258615642856967,stop_loss,2
2020-10-27 02:25:00,2020-10-27 02:45:00,short,13185.925947,13201.439444214286,13201.439444214286,13156.398952571428,-21.013497214285962,stop_loss,4
2020-10-27 03:35:00,2020-10-27 03:45:00,short,13169.339608,13190.245708285714,13190.245708285714,13129.027407428572,-26.406100285714274,stop_loss,2
2020-10-27 04:05:00,2020-10-27 04:30:00,short,13169.91155,13192.043241785716,13192.043241785716,13127.148166428573,-27.631691785714793,stop_loss,5
2020-10-28 01:20:00,2020-10-28 01:50:00,short,13218.240712,13199.866601357144,13228.17776732143,13199.866601357144,12.874110642856976,take_profit,6
2020-10-28 01:50:00,2020-10-28 02:05:00,short,13202.226315,13179.991590714286,13214.093677142857,13179.991590714286,16.734724285714037,take_profit,3
2020-10-29 02:05:00,2020-10-29 02:30:00,short,12873.359237,12837.76556414286,12891.906073428572,12837.76556414286,30.093672857141428,take_profit,5
2020-10-29 03:45:00,2020-10-29 04:20:00,short,12864.208153,12896.573534357143,12896.573534357143,12800.977390285714,-37.86538135714363,stop_loss,7
2020-11-02 01:05:00,2020-11-02 01:20:00,short,12642.58034,12664.129875571429,12664.129875571429,12600.981268857144,-27.04953557142835,stop_loss,3
2020-11-02 01:30:00,2020-11-02 01:45:00,short,12660.024594,12686.38457675,12686.38457675,12608.8046285,-31.8599827500002,stop_loss,3
2020-11-03 04:10:00,2020-11-03 04:45:00,long,12775.127171,12755.446662642857,12755.446662642857,12812.988187714287,-25.18050835714348,stop_loss,7
2020-11-04 03:15:00,2020-11-04 04:30:00,long,13215.523084,13141.48758832143,13141.48758832143,13362.094075357143,-79.53549567857044,stop_loss,15
2020-11-05 01:00:00,2020-11-05 01:25:00,long,13660.49454,13729.608142642857,13625.18773867857,13729.608142642857,63.613602642857586,take_profit,5
2020-11-05 04:30:00,2020-11-05 06:00:00,long,13832.077363,13801.948686178572,13801.948686178572,13890.834716642858,-35.6286768214286,stop_loss,18
2020-11-06 02:00:00,2020-11-06 02:45:00,long,13723.12227,13694.801340678572,13694.801340678572,13778.264128642857,-33.820929321427684,stop_loss,9
2020-11-09 02:30:00,2020-11-09 03:25:00,long,14095.456997,14059.813157999999,14059.813157999999,14165.244674999998,-41.1438390000003,stop_loss,11
2020-11-10 02:45:00,2020-11-10 04:10:00,short,13481.334375,13380.416671142857,13532.543226928572,13380.416671142857,95.41770385714335,take_profit,17
2020-11-11 01:15:00,2020-11-11 01:35:00,short,13350.645458,13310.884774214286,13371.27579989286,13310.884774214286,34.26068378571472,take_profit,4
2020-11-11 02:10:00,2020-11-11 02:20:00,short,13282.584271,13324.172228892856,13324.172228892856,13200.908355214286,-47.08795789285614,stop_loss,2
2020-11-11 03:25:00,2020-11-11 05:00:00,short,13406.981818,13455.157331035714,13455.157331035714,13312.130791928572,-53.675513035714175,stop_loss,19
2020-11-12 03:30:00,2020-11-12 03:45:00,long,13604.444151,13651.680943428571,13580.075754785714,13651.680943428571,41.73679242857179,take_profit,3
2020-11-12 04:15:00,2020-11-12 04:25:00,long,13677.652822,13649.423812142857,13649.423812142857,13732.610841714286,-33.729009857142955,stop_loss,2
2020-11-12 04:30:00,2020-11-12 06:05:00,long,13661.352454,13630.64162117857,13630.64162117857,13721.274119642856,-36.210832821428994,stop_loss,19
2020-11-13 01:20:00,2020-11-13 02:00:00,long,13589.287668,13622.123759500002,13572.11962225,13622.123759500002,27.336091500001203,take_profit,8
2020-11-13 02:55:00,2020-11-13 08:30:00,long,13609.591635,13585.80539457143,13585.80539457143,13655.664115857144,-29.286240428571546,stop_loss,67
2020-11-17 01:45:00,2020-11-17 02:05:00,long,13751.147465,13770.256930928572,13740.842732035715,13770.256930928572,13.609465928571808,take_profit,4
2020-11-18 03:00:00,2020-11-18 04:10:00,long,13711.397444,13746.071922642857,13693.310204678572,13746.071922642857,29.17447864285714,take_profit,14
2020-11-19 01:25:00,2020-11-19 02:10:00,short,13592.291267,13566.808725142859,13605.782537928571,13566.808725142859,19.98254185714177,take_profit,9
2020-11-19 02:15:00,2020-11-19 02:25:00,short,13562.836216,13580.678337214285,13580.678337214285,13528.651973571428,-23.342121214285726,stop_loss,2
2020-11-19 02:45:00,2020-11-19 03:25:00,short,13520.798424,13543.328433178573,13543.328433178573,13477.238405642858,-28.030009178572072,stop_loss,8
2020-11-19 04:05:00,2020-11-19 04:25:00,short,13530.521451,13551.550109964286,13551.550109964286,13489.96413307143,-26.52865896428557,stop_loss,4
2020-11-20 02:45:00,2020-11-20 04:50:00,long,13701.674417,13733.162357142857,13685.18044692857,13733.162357142857,25.987940142857042,take_profit,25
2020-11-23 01:00:00,2020-11-23 01:15:00,long,13679.082679,13668.502188392857,13668.502188392857,13698.743660214286,-16.080490607142565,stop_loss,3
2020-11-23 01:20:00,2020-11-23 02:05:00,short,13654.061084,13668.103871178573,13668.103871178573,13627.475509642858,-19.542787178572326,stop_loss,9
2020-11-23 02:05:00,2020-11-23 06:05:00,long,13675.365051,13655.071746785714,13655.071746785714,13714.451659428572,-25.793304214286763,stop_loss,48
2020-11-24 02:20:00,2020-11-24 02:30:00,long,13693.95319,13681.227913892857,13681.227913892857,13717.903742214285,-18.225276107143145,stop_loss,2
2020-11-24 03:10:00,2020-11-24 07:45:00,short,13659.780511,13676.060002821428,13676.060002821428,13628.721527357146,-21.779491821427655,stop_loss,55
2020-11-25 03:35:00,2020-11-25 04:50:00,long,13852.095359,13835.877147000001,13835.877147000001,13883.031783,-21.718211999999767,stop_loss,15
2020-11-26 01:05:00,2020-11-26 02:10:00,long,13950.18354,13967.883574642858,13940.583522678571,13967.883574642858,12.200034642857645,take_profit,13
2020-11-26 02:10:00,2020-11-26 02:40:00,long,13965.054051,13954.320361,13954.320361,13985.021431,-16.233689999999115,stop_loss,6
2020-11-26 03:45:00,2020-11-26 08:30:00,long,13942.176341,13964.043388071428,13930.492817464286,13964.043388071428,16.367047071427805,take_profit,57
2020-11-27 01:35:00,2020-11-27 01:45:00,long,13947.895769,13939.490703214287,13939.490703214287,13963.205900571429,-13.905065785713305,stop_loss,2
2020-11-27 02:05:00,2020-11-27 02:15:00,long,13952.185339,13942.34020325,13942.34020325,13970.3756105,-15.345135749999827,stop_loss,2
2020-11-27 02:40:00,2020-11-27 04:05:00,long,13954.759082,13943.994752464287,13943.994752464287,13974.787741071428,-16.26432953571384,stop_loss,17
2020-11-27 04:40:00,2020-11-27 06:45:00,long,13944.750084,13957.976709999999,13937.386771,13957.976709999999,7.726625999999669,take_profit,25
2020-11-30 01:55:00,2020-11-30 02:30:00,long,13980.210534,14011.759754071429,13963.685923964285,14011.759754071429,26.049220071428863,take_profit,7
2020-11-30 03:00:00,2020-11-30 06:20:00,long,14021.962354,14064.112941285714,14000.137060357143,14064.112941285714,36.65058728571421,take_profit,40
2020-12-01 01:55:00,2020-12-01 02:00:00,long,14170.667468,14158.554987642858,14158.554987642858,14193.392428714285,-17.612480357141976,stop_loss,1
2020-12-01 02:25:00,2020-12-01 02:50:00,long,14156.940842,14140.324312285715,14140.324312285715,14188.67390142857,-22.116529714285207,stop_loss,5
2020-12-01 03:00:00,2020-12-01 08:30:00,long,14151.221414,14131.050668571428,14131.050668571428,14190.062904857143,-25.670745428571536,stop_loss,66
2020-12-02 02:40:00,2020-12-02 04:15:00,long,14241.302397,14223.092598357141,14223.092598357141,14276.221994285714,-23.709798642858004,stop_loss,19
2020-12-03 01:55:00,2020-12-03 02:05:00,long,14275.33299,14264.507380321429,14264.507380321429,14295.484209357144,-16.32560967857171,stop_loss,2
2020-12-03 03:50:00,2020-12-03 04:25:00,long,14275.33299,14261.014444857145,14261.014444857145,14302.470080285715,-19.818545142856237,stop_loss,7
2020-12-03 04:35:00,2020-12-03 06:50:00,long,14267.611763,14291.317197214286,14255.009045892859,14291.317197214286,18.20543421428556,take_profit,27
2020-12-04 03:00:00,2020-12-04 03:35:00,long,14311.079412,14301.203636499999,14301.203636499999,14329.330963,-15.3757755000006,stop_loss,7
2020-12-07 01:10:00,2020-12-07 02:10:00,long,14328.237694,14319.311751607142,14319.311751607142,14344.589578785713,-14.425942392857905,stop_loss,12
2020-12-08 04:10:00,2020-12-08 05:05:00,long,14399.158594,14389.160259178572,14389.160259178572,14417.655263642857,-15.498334821428216,stop_loss,11
2020-12-10 01:20:00,2020-12-10 02:05:00,short,14089.595484,14103.20931392857,14103.20931392857,14063.867824142857,-19.11382992857034,stop_loss,9
2020-12-11 02:00:00,2020-12-11 02:05:00,short,14150.507386,14159.739726214284,14159.739726214284,14133.542705571428,-14.732340214284704,stop_loss,1
2020-12-11 02:10:00,2020-12-11 02:15:00,short,14139.068531,14116.895086214286,14150.905253392857,14116.895086214286,16.67344478571431,take_profit,1
2020-12-11 04:55:00,2020-12-11 06:00:00,short,14053.849062,14075.398597785714,14075.398597785714,14012.24999042857,-27.049535785714397,stop_loss,13
2020-12-14 01:05:00,2020-12-14 01:45:00,long,14201.266405,14219.211558714287,14191.543828142858,14219.211558714287,12.44515371428679,take_profit,8
2020-12-14 04:30:00,2020-12-14 05:20:00,long,14200.408491,14214.002794214286,14192.861339392857,14214.002794214286,8.094303214285901,take_profit,10
2020-12-15 01:30:00,2020-12-15 02:05:00,long,14271.604177,14294.684511071428,14259.314009964284,14294.684511071428,17.580334071428297,take_profit,7
2020-12-15 02:20:00,2020-12-15 03:30:00,long,14294.755778,14319.367302857143,14281.700015571429,14319.367302857143,19.111524857142285,take_profit,14
2020-12-16 01:30:00,2020-12-16 01:55:00,long,14425.376539,14418.323043392858,14418.323043392858,14437.983530214287,-12.553495607142395,stop_loss,5
2020-12-16 02:05:00,2020-12-16 02:20:00,long,14429.663873,14445.4557405,14421.01793925,14445.4557405,10.29186750000008,take_profit,3
2020-12-16 02:30:00,2020-12-16 04:00:00,long,14455.673696,14445.067838571427,14445.067838571427,14475.385410857143,-16.105857428572563,stop_loss,18
2020-12-17 01:35:00,2020-12-17 02:05:00,long,14552.853256,14566.256466714285,14545.401650642858,14566.256466714285,7.903210714284796,take_profit,6
2020-12-17 03:40:00,2020-12-17 03:45:00,long,14573.718279,14565.868564642857,14565.868564642857,14587.917707714287,-13.349714357143966,stop_loss,1
2020-12-18 02:45:00,2020-12-18 03:05:00,long,14577.71979,14596.75778135714,14567.450794321428,14596.75778135714,13.537991357141436,take_profit,4
2020-12-21 02:30:00,2020-12-21 03:15:00,long,14548.851745,14525.996362892858,14525.996362892858,14593.062509214284,-28.35538210714185,stop_loss,9
2020-12-22 02:05:00,2020-12-22 03:05:00,long,14511.694854,14549.658359928571,14491.963101035713,14549.658359928571,32.463505928571976,take_profit,12
2020-12-22 04:00:00,2020-12-22 06:25:00,long,14546.565167,14579.751359142858,14529.222070928572,14579.751359142858,27.68619214285718,take_profit,29
2020-12-23 01:45:00,2020-12-23 05:45:00,long,14553.4249,14542.206566,14542.206566,14574.361568,-16.71833399999923,stop_loss,48
2020-12-24 04:50:00,2020-12-24 05:10:00,short,14479.54023,14485.001287464285,14485.001287464285,14470.11811507143,-10.96105746428475,stop_loss,4
2020-12-28 01:05:00,2020-12-28 02:05:00,long,14621.16477,14610.09955492857,14610.09955492857,14641.795200142857,-16.56521507142861,stop_loss,12
2020-12-28 02:40:00,2020-12-28 03:20:00,long,14614.019214,14604.14832807143,14604.14832807143,14632.260985857143,-15.370885928570715,stop_loss,8
2020-12-28 04:20:00,2020-12-28 05:10:00,long,14611.732636,14624.400875000001,14604.6485165,14624.400875000001,7.16823900000054,take_profit,10
2020-12-29 01:40:00,2020-12-29 04:05:00,long,14735.779486,14729.30784275,14729.30784275,14747.2227725,-11.971643249999033,stop_loss,29
2020-12-30 01:00:00,2020-12-30 03:00:00,long,14735.207842,14726.163798821428,14726.163798821428,14751.795928357144,-14.544043178571883,stop_loss,24
2020-12-30 03:20:00,2020-12-30 05:20:00,long,14730.920508,14723.530150321427,14723.530150321427,14744.201223357142,-12.8903576785724,stop_loss,24
2020-12-31 02:45:00,2020-12-31 03:30:00,long,14686.332239,14677.655681464284,14677.655681464284,14702.185354071427,-14.176557535714892,stop_loss,9
2020-12-31 04:05:00,2020-12-31 04:50:00,long,14685.760595,14697.693862714284,14679.043961142857,14697.693862714284,6.433267714284739,take_profit,9
2020-12-31 04:55:00,2020-12-31 05:35:00,long,14696.62184,14706.595183714286,14690.885168142857,14706.595183714286,4.473343714285875,take_profit,8
2021-01-04 01:40:00,2021-01-04 02:05:00,long,14772.364732,14798.384952285714,14758.604621857143,14798.384952285714,20.52022028571446,take_profit,5
2021-01-04 02:35:00,2021-01-04 08:30:00,long,14789.228244,14773.171348,14773.171348,14819.842036,-21.55689600000005,stop_loss,71
2021-01-05 01:45:00,2021-01-05 02:05:00,short,14486.685786,14506.662529464285,14506.662529464285,14448.23229907143,-25.47674346428539,stop_loss,4
2021-01-05 02:20:00,2021-01-05 03:40:00,short,14513.838899,14539.358552392858,14539.358552392858,14464.299592214287,-31.019653392857435,stop_loss,16
2021-01-05 04:45:00,2021-01-05 05:00:00,short,14519.269521,14531.559688142857,14531.559688142857,14496.189186714286,-17.79016714285717,stop_loss,3
2021-01-06 01:20:00,2021-01-06 01:50:00,short,14435.809429,14375.613036428571,14466.657625285716,14375.613036428571,54.6963925714299,take_profit,6
2021-01-06 02:10:00,2021-01-06 02:40:00,short,14367.783737,14288.110600857142,14408.370305071428,14288.110600857142,74.1731361428574,take_profit,6
2021-01-06 02:40:00,2021-01-06 03:00:00,short,14294.613245,14345.275047250001,14345.275047250001,14194.7896405,-56.16180225000062,stop_loss,4
2021-01-06 04:45:00,2021-01-06 05:15:00,short,14356.350847,14296.093205999998,14387.2296675,14296.093205999998,54.75764100000197,take_profit,6
2021-01-07 01:45:00,2021-01-07 02:05:00,short,14532.417344,14486.920379714284,14555.915826142857,14486.920379714284,39.996964285715876,take_profit,4
2021-01-07 02:30:00,2021-01-07 03:05:00,short,14483.827564,14513.389560535714,14513.389560535714,14426.203570928572,-35.06199653571457,stop_loss,7
2021-01-08 02:10:00,2021-01-08 03:25:00,long,14834.673979,14815.585325642856,14815.585325642856,14871.351285714285,-24.588653357142903,stop_loss,15
2021-01-11 01:40:00,2021-01-11 02:00:00,long,14914.418383,14946.747108285716,14897.504020357143,14946.747108285716,26.828725285715336,take_profit,4
2021-01-11 02:00:00,2021-01-11 02:30:00,long,14932.425183,14912.387191642856,14912.387191642856,14971.001165714286,-25.537991357143255,stop_loss,6
2021-01-11 03:20:00,2021-01-11 03:45:00,long,14922.135583,14901.36261992857,14901.36261992857,14962.181509142858,-26.27296307142933,stop_loss,5
2021-01-11 04:25:00,2021-01-11 04:40:00,long,14915.561672,14898.034833,14898.034833,14949.11535,-23.02683900000011,stop_loss,3
2021-01-12 01:20:00,2021-01-12 02:25:00,long,14787.51331,14774.978152142858,14774.978152142858,14811.083625714286,-18.03515785714262,stop_loss,13
2021-01-12 03:45:00,2021-01-12 04:15:00,long,14814.666423,14798.762646142857,14798.762646142857,14844.973976714287,-21.403776857143384,stop_loss,6
2021-01-13 01:10:00,2021-01-13 02:45:00,long,14772.364732,14762.738836571429,14762.738836571429,14790.116522857143,-15.125895428571312,stop_loss,19
2021-01-13 02:45:00,2021-01-13 03:05:00,short,14759.360198,14771.65036482143,14771.65036482143,14736.279864357144,-17.79016682142901,stop_loss,4
2021-01-13 03:30:00,2021-01-13 04:25:00,long,14778.366999,14767.301784357143,14767.301784357143,14798.997428285713,-16.565214642856517,stop_loss,11
2021-01-13 04:30:00,2021-01-13 04:40:00,short,14723.918241,14736.300279392855,14736.300279392855,14700.654164214286,-17.882038392855975,stop_loss,2
2021-01-14 03:15:00,2021-01-14 03:50:00,long,14829.815001,14816.697991000001,14816.697991000001,14854.549020999999,-18.617009999999937,stop_loss,7
2021-01-15 03:50:00,2021-01-15 04:30:00,short,14721.917485,14734.881376178571,14734.881376178571,14697.489702642857,-18.46389117857143,stop_loss,8
2021-01-15 04:45:00,2021-01-15 05:05:00,short,14719.345085,14693.141122,14733.1970665,14693.141122,20.70396299999993,take_profit,4
2021-01-19 01:15:00,2021-01-19 01:30:00,long,14767.791576,14787.87077692857,14757.001975535713,14787.87077692857,14.579200928570572,take_profit,3
2021-01-19 01:50:00,2021-01-19 02:05:00,long,14788.084955,14774.784202178571,14774.784202178571,14813.186460642857,-18.80075282142934,stop_loss,3
2021-01-19 04:05:00,2021-01-19 06:00:00,long,14782.940155,14770.89497825,14770.89497825,14805.530508499998,-17.545176749999882,stop_loss,23
2021-01-20 01:05:00,2021-01-20 01:55:00,long,14936.426695,14925.606470535715,14925.606470535715,14956.56714392857,-16.320224464285275,stop_loss,10
2021-01-20 02:20:00,2021-01-20 02:40:00,long,14937.569984,14962.181508642858,14924.514221678572,14962.181508642858,19.111524642858058,take_profit,4
2021-01-20 03:15:00,2021-01-20 04:50:00,long,14938.42745,14971.613641499998,14921.084354249999,14971.613641499998,27.68619149999904,take_profit,19
2021-01-21 02:00:00,2021-01-21 02:10:00,long,15287.416399,15275.340598464287,15275.340598464287,15310.068000071427,-17.575800535712915,stop_loss,2
2021-01-22 01:15:00,2021-01-22 02:00:00,long,15263.693153,15252.352324071428,15252.352324071428,15284.874810857144,-16.84082892857259,stop_loss,9
2021-01-22 04:20:00,2021-01-22 05:10:00,long,15234.825108,15220.728136,15220.728136,15261.519052,-19.59697199999937,stop_loss,10
2021-01-25 01:25:00,2021-01-25 01:50:00,long,15388.883292,15404.675158857142,15380.237358571429,15404.675158857142,10.29186685714194,take_profit,5
2021-01-25 02:20:00,2021-01-25 03:10:00,long,15398.88707,15422.089899642857,15386.535655178572,15422.089899642857,17.70282964285616,take_profit,10
2021-01-25 03:20:00,2021-01-25 04:10:00,long,15422.038671,15409.870999107143,15409.870999107143,15444.874014785713,-17.66767189285747,stop_loss,10
2021-01-26 01:00:00,2021-01-26 01:15:00,long,15337.721112,15321.327353928571,15321.327353928571,15369.008628142856,-21.893758071428238,stop_loss,3
2021-01-26 01:50:00,2021-01-26 02:45:00,long,15328.288978,15365.946246714286,15308.710343642857,15365.946246714286,32.15726871428524,take_profit,11
2021-01-27 03:00:00,2021-01-27 04:00:00,long,15500.925608,15481.622588249998,15481.622588249998,15538.0316475,-24.803019750001113,stop_loss,12
2021-01-28 01:05:00,2021-01-28 02:00:00,short,14861.684558,14889.62349282143,14889.62349282143,14807.306688357143,-33.43893482142994,stop_loss,11
2021-01-28 02:40:00,2021-01-28 05:15:00,short,14829.672468,14869.462817428572,14869.462817428572,14751.591769142857,-45.29034942857106,stop_loss,31
2021-01-29 03:45:00,2021-01-29 04:55:00,short,14865.400247,14904.639367642856,14904.639367642856,14788.422005714285,-44.739120642856506,stop_loss,14
2021-02-01 04:20:00,2021-02-01 05:25:00,short,14909.702694,14932.558075892857,14932.558075892857,14865.491930214284,-28.355381892857622,stop_loss,13
2021-02-02 02:55:00,2021-02-02 03:50:00,long,15245.686353,15292.959498142856,15221.29978042857,15292.959498142856,41.773145142857175,take_profit,11
2021-02-03 01:50:00,2021-02-03 02:10:00,long,15511.215209,15498.74129925,15498.74129925,15534.6630285,-17.97390975000053,stop_loss,4
2021-02-03 02:30:00,2021-02-03 02:45:00,long,15509.214453,15490.401414357144,15490.401414357144,15545.340530285715,-24.313038642856554,stop_loss,3
2021-02-04 02:45:00,2021-02-04 04:00:00,long,15377.736225,15357.055133714286,15357.055133714286,15417.59840757143,-26.1810912857145,stop_loss,15
2021-02-05 02:20:00,2021-02-05 02:50:00,long,15545.513877,15532.335619321428,15532.335619321428,15570.370392357141,-18.678257678571754,stop_loss,6
2021-02-05 04:30:00,2021-02-05 07:25:00,long,15531.79441,15519.504242428571,15519.504242428571,15554.874745142859,-17.790167571429265,stop_loss,35
2021-02-09 02:35:00,2021-02-09 03:05:00,long,15632.118014,15623.625199392856,15623.625199392856,15647.603643214285,-13.992814607143373,stop_loss,6
2021-02-09 03:45:00,2021-02-09 05:05:00,long,15629.545614,15619.705351535715,15619.705351535715,15647.726138928572,-15.340262464285843,stop_loss,16
2021-02-10 02:20:00,2021-02-10 02:30:00,long,15726.439351,15713.352964678572,15713.352964678572,15751.112123642859,-18.586386321429018,stop_loss,2
2021-02-11 01:05:00,2021-02-11 02:05:00,long,15619.256013,15631.679260642859,15612.29438917857,15631.679260642859,6.923247642858769,take_profit,12
2021-02-11 02:45:00,2021-02-11 03:50:00,long,15648.124059,15676.104203071429,15633.383986964285,15676.104203071429,22.480144071429095,take_profit,13
2021-02-11 04:05:00,2021-02-11 04:15:00,long,15681.851083,15672.255811142857,15672.255811142857,15699.541626714286,-15.095271857142507,stop_loss,2
2021-02-11 04:35:00,2021-02-11 06:00:00,long,15671.561482,15662.364319785713,15662.364319785713,15688.45580642857,-14.697162214286436,stop_loss,17
2021-02-12 01:25:00,2021-02-12 01:50:00,long,15677.277927,15670.071312571428,15670.071312571428,15690.191155857141,-12.706614428570902,stop_loss,5
2021-02-12 02:15:00,2021-02-12 02:30:00,long,15677.563749,15667.049763142859,15667.049763142859,15697.091720714287,-16.01398585714196,stop_loss,3
2021-02-15 03:40:00,2021-02-15 08:20:00,long,15824.476378,15835.062197642857,15818.43346817857,15835.062197642857,5.085819642858041,take_profit,56
2021-02-16 04:35:00,2021-02-16 05:05:00,long,15853.916068,15846.219472357143,15846.219472357143,15867.809259285716,-13.196595642857574,stop_loss,6
2021-02-17 01:55:00,2021-02-17 02:05:00,short,15726.58264,15706.56468707143,15737.341616464286,15706.56468707143,14.517952928570594,take_profit,2
2021-02-18 03:10:00,2021-02-18 04:45:00,short,15593.675301,15556.079280714284,15613.223311142858,15556.079280714284,32.096020285714985,take_profit,19
2021-02-19 01:05:00,2021-02-19 01:40:00,short,15565.664722,15579.88418925,15579.88418925,15538.7257875,-19.71946725000089,stop_loss,7
2021-02-19 01:45:00,2021-02-19 01:55:00,short,15568.522945,15583.44675975,15583.44675975,15540.1753155,-20.42381475000002,stop_loss,2
2021-02-19 04:00:00,2021-02-19 04:10:00,long,15638.977748,15619.429737749999,15619.429737749999,15676.573768499999,-25.048010250000516,stop_loss,2
2021-02-22 01:00:00,2021-02-22 01:05:00,short,15451.907473,15421.354928571429,15467.933745214284,15421.354928571429,25.0525444285704,take_profit,1
2021-02-22 02:40:00,2021-02-22 04:00:00,short,15311.854578,15345.765155642857,15345.765155642857,15245.533422714287,-39.41057764285688,stop_loss,16
2021-02-23 01:05:00,2021-02-23 01:20:00,short,15193.23835,15210.36707925,15210.36707925,15160.4808915,-22.628729250000106,stop_loss,3
2021-02-23 01:30:00,2021-02-23 01:50:00,short,15196.954039,15215.491463464286,15215.491463464286,15161.37919007143,-24.037424464286232,stop_loss,4
2021-02-23 02:05:00,2021-02-23 02:25:00,short,15180.947994,15140.595830214286,15201.874075892858,15140.595830214286,34.852163785713856,take_profit,4
2021-02-23 03:45:00,2021-02-23 04:15:00,short,14975.441808,14885.172832571428,15021.326295714285,14885.172832571428,84.76897542857114,take_profit,6
2021-02-23 04:55:00,2021-02-23 05:40:00,short,14841.39118,14899.127082428571,14899.127082428571,14727.419375142857,-63.235902428570625,stop_loss,9
2021-02-24 04:55:00,2021-02-24 05:35:00,short,15108.920791,15050.623074214287,15138.819649392857,15050.623074214287,52.79771678571342,take_profit,8
2021-02-25 02:05:00,2021-02-25 02:20:00,short,15168.94346,15119.097914928572,15194.616232535715,15119.097914928572,44.345545071428205,take_profit,3
2021-02-25 02:30:00,2021-02-25 05:25:00,short,15141.790348,15068.976944357142,15178.947049821429,15068.976944357142,67.31340364285825,take_profit,35
2021-02-26 01:35:00,2021-02-26 01:50:00,short,14557.283878,14612.141142107143,14612.141142107143,14449.069349785714,-60.35726410714233,stop_loss,3
2021-02-26 04:05:00,2021-02-26 04:15:00,short,14650.461927,14697.632614785714,14697.632614785714,14557.620551428572,-52.67068778571411,stop_loss,2
2021-02-26 04:25:00,2021-02-26 05:35:00,short,14676.757572,14583.977444214286,14723.897635892858,14583.977444214286,87.28012778571428,take_profit,14
2021-03-01 01:00:00,2021-03-01 01:15:00,long,14947.28794,14990.334998857143,14925.01441057143,14990.334998857143,37.547058857142474,take_profit,3
2021-03-02 02:35:00,2021-03-02 02:50:00,long,15124.211903,15091.128168321427,15091.128168321427,15188.879372357142,-38.583734678572,stop_loss,3
2021-03-02 04:15:00,2021-03-02 06:15:00,long,15101.631946,15155.948567214286,15073.723635392857,15155.948567214286,48.81662121428599,take_profit,24
2021-03-03 01:00:00,2021-03-03 02:05:00,long,15031.891321,15071.569761071427,15011.302100964285,15071.569761071427,34.17844007142776,take_profit,13
2021-03-04 03:05:00,2021-03-04 04:40:00,short,14464.963296,14378.675415928572,14508.857236035714,14378.675415928572,80.78788007142794,take_profit,19
2021-03-05 01:05:00,2021-03-05 01:40:00,short,14196.290396,14141.790031,14224.2905785,14141.790031,49.000364999999874,take_profit,7
2021-03-05 02:00:00,2021-03-05 02:50:00,short,14179.712706,14215.76695025,14215.76695025,14109.1042175,-41.5542442499991,stop_loss,10
2021-03-05 03:25:00,2021-03-05 04:55:00,short,14160.562617,14207.488314392856,14207.488314392856,14068.211222214286,-52.42569739285682,stop_loss,18
2021-03-08 01:05:00,2021-03-08 01:20:00,short,14315.478268,14251.42327457143,14348.255764714286,14251.42327457143,58.554993428570015,take_profit,3
2021-03-08 03:00:00,2021-03-08 05:00:00,short,14216.297952,14268.766558892858,14268.766558892858,14112.860738214287,-57.96860689285677,stop_loss,24
2021-03-09 01:00:00,2021-03-09 01:15:00,short,14145.128216,14173.863369678571,14173.863369678571,14089.157908642856,-34.235153678571805,stop_loss,3
2021-03-09 04:25:00,2021-03-09 04:35:00,short,14338.344047,14363.71058157143,14363.71058157143,14289.110977857144,-30.86653457142893,stop_loss,2
2021-03-09 04:45:00,2021-03-09 05:05:00,short,14337.48658,14364.323057464286,14364.323057464286,14285.313625071429,-32.33647746428505,stop_loss,4
2021-03-10 02:20:00,2021-03-10 05:25:00,long,14598.013169,14567.348715,14567.348715,14657.842077,-36.16445399999975,stop_loss,37
2021-03-11 01:50:00,2021-03-11 02:10:00,long,14775.794599,14753.582316928572,14753.582316928572,14818.719163142858,-27.71228207142849,stop_loss,4
2021-03-11 02:15:00,2021-03-11 02:55:00,long,14772.07891,14826.640522357142,14744.04810382143,14826.640522357142,49.06161235714171,take_profit,8
2021-03-15 02:15:00,2021-03-15 03:05:00,short,14723.918241,14749.223527999999,14749.223527999999,14674.807667,-30.805286999999225,stop_loss,10
2021-03-16 01:15:00,2021-03-16 01:25:00,long,15014.744846,15002.079084428571,15002.079084428571,15038.576369142856,-18.165761571428447,stop_loss,2
2021-03-16 02:15:00,2021-03-16 02:30:00,long,15058.2188,15040.772538214287,15040.772538214287,15091.61132357143,-22.946261785713432,stop_loss,3
2021-03-16 04:50:00,2021-03-16 06:25:00,long,15009.024589,15038.801092357144,14993.38633732143,15038.801092357144,24.276503357143156,take_profit,19
2021-03-17 01:10:00,2021-03-17 01:40:00,long,15026.757386,15013.877115107141,15013.877115107141,15051.017927785713,-18.38027089285788,stop_loss,6
2021-03-18 01:30:00,2021-03-18 01:55:00,long,15126.28986,15110.59031982143,15110.59031982143,15156.188940357142,-21.199540178571624,stop_loss,5
2021-03-18 04:20:00,2021-03-18 06:35:00,short,14912.210283,14842.718851357144,14947.705998821428,14842.718851357144,63.991431642856696,take_profit,27
2021-03-19 01:05:00,2021-03-19 01:40:00,short,14565.848715,14593.039843357143,14593.039843357143,14512.966458285715,-32.69112835714259,stop_loss,7
2021-03-22 01:10:00,2021-03-22 02:20:00,short,14770.061893,14789.43874125,14789.43874125,14732.8081965,-24.876848249999966,stop_loss,14
2021-03-22 02:35:00,2021-03-22 04:25:00,short,14754.045174,14782.523360642857,14782.523360642857,14698.588800714288,-33.9781866428566,stop_loss,22
2021-03-23 01:25:00,2021-03-23 01:50:00,long,14897.765588,14882.77086525,14882.77086525,14926.2550335,-20.49472274999971,stop_loss,5
2021-03-23 01:50:00,2021-03-23 02:00:00,long,14890.90128,14918.655264142857,14876.27428792857,14918.655264142857,22.253984142857007,take_profit,2
2021-03-23 03:00:00,2021-03-23 03:05:00,long,14935.805298,14912.046323928571,14912.046323928571,14981.823246142856,-29.258974071428383,stop_loss,1
2021-03-24 02:10:00,2021-03-24 02:20:00,long,14918.358514,14901.800935357143,14901.800935357143,14949.973671285714,-22.057578642856242,stop_loss,2
2021-03-24 03:15:00,2021-03-24 03:55:00,long,14979.565265,15021.109154785712,14958.043320107143,15021.109154785712,36.04388978571296,take_profit,8
2021-03-24 04:00:00,2021-03-24 05:10:00,long,15025.899348,14997.788892571429,14997.788892571429,15080.620258857143,-33.610455428572095,stop_loss,14
2021-03-25 02:35:00,2021-03-25 03:10:00,short,14655.084726,14673.664824285714,14673.664824285714,14619.424529428572,-24.080098285714485,stop_loss,7
2021-03-25 04:20:00,2021-03-25 05:00:00,short,14665.953214,14691.55084210714,14691.55084210714,14616.257957785714,-31.097628107141645,stop_loss,8
2021-03-26 04:05:00,2021-03-26 04:55:00,short,14640.49807,14662.939341964286,14662.939341964286,14597.115526071428,-27.94127196428599,stop_loss,10
2021-03-29 01:10:00,2021-03-29 01:20:00,short,14678.53778,14708.762687285714,14708.762687285714,14619.587965428573,-35.724907285713925,stop_loss,2
2021-03-29 01:40:00,2021-03-29 03:15:00,long,14739.028454,14711.990547,14711.990547,14791.604268,-32.537906999999905,stop_loss,19
2021-03-30 01:55:00,2021-03-30 02:10:00,short,14755.189225,14776.343438678572,14776.343438678572,14714.380797642858,-26.654213678571978,stop_loss,3
2021-03-30 02:35:00,2021-03-30 05:40:00,short,14751.185045,14704.002616428572,14775.526259285714,14704.002616428572,41.68242857142832,take_profit,37
2021-03-31 03:50:00,2021-03-31 04:50:00,long,14760.193405,14791.50212,14743.7890475,14791.50212,25.80871499999921,take_profit,12
2021-04-01 01:15:00,2021-04-01 01:35:00,long,15040.772016,15061.048807000001,15029.8836205,15061.048807000001,14.77679100000023,take_profit,4
2021-04-01 02:05:00,2021-04-01 02:40:00,long,15074.521533,15101.601344285715,15060.231627357141,15101.601344285715,21.57981128571555,take_profit,7
2021-04-01 02:55:00,2021-04-01 03:40:00,long,15121.427641,15102.081436571429,15102.081436571429,15158.620049857143,-24.846204428571582,stop_loss,9
2021-04-02 01:40:00,2021-04-02 02:35:00,long,15278.448699,15293.699836214286,15270.073130392857,15293.699836214286,9.751137214285336,take_profit,11
2021-04-02 04:25:00,2021-04-02 05:20:00,long,15289.317188,15283.66895657143,15283.66895657143,15299.113650857145,-11.148231428571307,stop_loss,11
2021-04-05 01:15:00,2021-04-05 02:20:00,long,15242.125066,15233.320478428572,15233.320478428572,15258.234241142858,-14.304587571428783,stop_loss,13
2021-04-05 03:10:00,2021-04-05 03:35:00,long,15267.008185,15289.184918642857,15255.169818178572,15289.184918642857,16.67673364285656,take_profit,5
2021-04-05 03:50:00,2021-04-05 04:35:00,long,15281.59484,15306.039246214286,15268.622636892856,15306.039246214286,18.944406214286573,take_profit,9
2021-04-06 04:20:00,2021-04-06 05:55:00,long,15507.258983,15490.517538428572,15490.517538428572,15539.241872142857,-22.241444571427564,stop_loss,19
2021-04-07 01:25:00,2021-04-07 01:55:00,long,15532.714128,15553.910246071428,15521.366068964286,15553.910246071428,15.696118071427918,take_profit,6
2021-04-07 01:55:00,2021-04-07 02:20:00,long,15553.879079,15540.631077428572,15540.631077428572,15578.875082142857,-18.748001571428176,stop_loss,5
2021-04-07 02:25:00,2021-04-07 04:15:00,long,15546.156732,15529.078201107142,15529.078201107142,15578.813793785714,-22.57853089285709,stop_loss,22
2021-04-08 04:45:00,2021-04-08 05:20:00,long,15677.15062,15703.065950642856,15663.442954678572,15703.065950642856,20.415330642856134,take_profit,7
2021-04-09 01:05:00,2021-04-09 01:35:00,long,15724.342741,15702.943373107142,15702.943373107142,15765.641476785715,-26.89936789285821,stop_loss,6
2021-04-09 02:45:00,2021-04-09 03:10:00,long,15722.054638,15702.40199117857,15702.40199117857,15759.859931642857,-25.15264682142879,stop_loss,5
2021-04-09 03:15:00,2021-04-09 05:15:00,long,15712.616214,15691.523288392857,15691.523288392857,15753.302065214286,-26.592925607143115,stop_loss,24
2021-04-12 02:30:00,2021-04-12 05:15:00,long,15800.42216,15783.129119785715,15783.129119785715,15833.508240428571,-22.7930402142847,stop_loss,33
2021-04-13 02:20:00,2021-04-13 03:05:00,long,15781.259299,15807.113340499998,15767.58227825,15807.113340499998,20.354041499998857,take_profit,9
2021-04-13 04:45:00,2021-04-13 05:00:00,long,15794.129877,15809.626167142857,15785.631731928572,15809.626167142857,9.996290142857106,take_profit,3
2021-04-14 03:05:00,2021-04-14 04:05:00,long,15996.054953,16021.663840714285,15982.500509142857,16021.663840714285,20.10888771428472,take_profit,12
2021-04-16 03:00:00,2021-04-16 06:05:00,long,15995.76894,16024.626116714287,15980.590351642857,16024.626116714287,23.35717671428756,take_profit,37
2021-04-20 01:05:00,2021-04-20 01:45:00,short,15920.977624,15900.087947999999,15932.172462,15900.087947999999,15.38967600000069,take_profit,8
2021-04-20 03:35:00,2021-04-20 04:30:00,short,15916.401418,15880.12833642857,15935.287958785713,15880.12833642857,30.77308157142943,take_profit,11
2021-04-20 04:35:00,2021-04-20 04:55:00,short,15862.631001,15820.351649214284,15884.520676892856,15820.351649214284,36.779351785715335,take_profit,4
2021-04-21 02:00:00,2021-04-21 04:15:00,short,15748.511872,15763.659816,15763.659816,15719.715983999999,-20.64794400000028,stop_loss,27
2021-04-22 01:25:00,2021-04-22 01:55:00,long,15931.702061,15919.158876642858,15919.158876642858,15955.288429714285,-18.04318435714231,stop_loss,6
2021-04-23 01:10:00,2021-04-23 02:10:00,short,15735.355281,15745.875945392858,15745.875945392858,15715.813952214286,-16.020664392857725,stop_loss,12
2021-04-23 03:20:00,2021-04-23 08:30:00,short,15759.094348,15774.548734178572,15774.548734178572,15729.68557564286,-20.95438617857144,stop_loss,62
2021-04-26 02:05:00,2021-04-26 02:25:00,long,15938.852382,15928.760736571428,15928.760736571428,15957.535672857142,-15.5916454285707,stop_loss,4
2021-04-27 03:55:00,2021-04-27 04:45:00,long,16056.689679,16044.881956428571,16044.881956428571,16078.805124142857,-17.307722571427803,stop_loss,10
2021-04-28 01:35:00,2021-04-28 02:05:00,long,15971.457848,15962.530683642857,15962.530683642857,15987.812176714287,-14.427164357142829,stop_loss,6
2021-04-28 02:25:00,2021-04-28 02:50:00,short,15917.831482,15933.040714392857,15933.040714392857,15888.913017214285,-20.709232392857302,stop_loss,5
2021-04-28 04:05:00,2021-04-28 04:55:00,short,15926.125855,15940.630269964286,15940.630269964286,15898.617025071428,-20.004414964285388,stop_loss,10
2021-04-28 04:55:00,2021-04-28 05:05:00,short,15933.562189,15946.779546214286,15946.779546214286,15908.627474571429,-18.717357214285585,stop_loss,2
2021-04-29 03:00:00,2021-04-29 05:00:00,long,16053.82955,16038.834827357145,16038.834827357145,16082.318995285714,-20.494722642855777,stop_loss,24
2021-04-30 02:25:00,2021-04-30 03:25:00,short,15900.956724,15915.675648714285,15915.675648714285,15873.018874571428,-20.218924714285095,stop_loss,12
2021-05-03 01:00:00,2021-05-03 01:05:00,short,15852.048526,15859.443479035715,15859.443479035715,15838.758619928572,-12.894953035714934,stop_loss,1
2021-05-03 03:20:00,2021-05-03 04:25:00,short,15887.800133,15861.455783500001,15901.72230775,15861.455783500001,20.844349499999225,take_profit,13
2021-05-03 04:25:00,2021-05-03 05:20:00,short,15852.334538,15865.214808785713,15865.214808785713,15828.07399642857,-18.380270785713947,stop_loss,11
2021-05-04 02:40:00,2021-05-04 02:55:00,short,15710.472162,15725.099154071428,15725.099154071428,15682.718177857143,-20.126992071427594,stop_loss,3
2021-05-04 04:10:00,2021-05-04 04:35:00,short,15714.190329,15732.188187071428,15732.188187071428,15679.694612857142,-23.49785807142871,stop_loss,5
2021-05-05 01:15:00,2021-05-05 02:05:00,short,15491.958341,15508.14818875,15508.14818875,15461.078645500002,-21.6898477499999,stop_loss,10
2021-05-05 02:10:00,2021-05-05 02:30:00,short,15501.968791,15519.016677535714,15519.016677535714,15469.37301792857,-22.547886535714497,stop_loss,4
2021-05-05 04:40:00,2021-05-05 05:30:00,short,15561.459464,15574.921975214285,15574.921975214285,15536.034441571428,-18.96251121428577,stop_loss,10
2021-05-06 03:15:00,2021-05-06 04:15:00,short,15495.676508,15460.75177257143,15513.888875714287,15460.75177257143,29.424735428570784,take_profit,12
2021-05-06 04:35:00,2021-05-06 05:05:00,short,15445.624258,15470.149338107143,15470.149338107143,15398.074097785715,-30.025080107143367,stop_loss,6
2021-05-07 01:50:00,2021-05-07 02:05:00,short,15575.474094,15587.251172214284,15587.251172214284,15553.419937571429,-17.27707821428521,stop_loss,3
2021-05-07 02:10:00,2021-05-07 03:05:00,short,15558.885349,15573.849427714285,15573.849427714285,15530.45719157143,-20.46407871428528,stop_loss,11
2021-05-07 03:10:00,2021-05-07 03:25:00,short,15559.171362,15575.790229464284,15575.790229464284,15527.433627071427,-22.11886746428536,stop_loss,3
2021-05-07 04:55:00,2021-05-07 07:00:00,long,15597.925059,15584.768990285713,15584.768990285713,15622.737196428572,-18.656068714286448,stop_loss,25
2021-05-10 04:50:00,2021-05-10 05:35:00,long,15642.543064,15626.475792928572,15626.475792928572,15673.177606142855,-21.567271071427967,stop_loss,9
2021-05-11 02:25:00,2021-05-11 02:45:00,short,15096.402562,15036.104401071427,15127.301642464285,15036.104401071427,54.79816092857254,take_profit,4
2021-05-11 03:00:00,2021-05-11 03:40:00,short,15052.928608,15100.344930964286,15100.344930964286,14959.59596207143,-52.91632296428543,stop_loss,8
2021-05-12 01:10:00,2021-05-12 01:20:00,short,15173.34002,15203.013331321428,15203.013331321428,15115.493397357142,-35.17331132142863,stop_loss,2
2021-05-12 04:00:00,2021-05-12 07:15:00,short,15191.644842,15220.398826142857,15220.398826142857,15135.636873714286,-34.25398414285701,stop_loss,39
2021-05-13 02:25:00,2021-05-13 02:35:00,short,14907.062051,14856.75391064286,14932.966121178571,14856.75391064286,44.80814035714138,take_profit,2
2021-05-13 02:35:00,2021-05-13 03:10:00,short,14855.007712,14794.83212807143,14885.845503964287,14794.83212807143,54.67558392857063,take_profit,7
2021-05-14 03:00:00,2021-05-14 04:10:00,long,15097.688574,15144.258118214286,15073.653801892857,15144.258118214286,41.069544214286,take_profit,14
2021-05-14 04:10:00,2021-05-14 07:35:00,long,15144.594683,15121.387304892856,15121.387304892856,15189.509439214284,-28.707378107143086,stop_loss,41
2021-05-17 01:35:00,2021-05-17 01:50:00,long,15301.043715,15280.042722142856,15280.042722142856,15341.545700714287,-26.5009928571435,stop_loss,3
2021-05-17 02:00:00,2021-05-17 02:30:00,long,15302.187766,15280.11422492857,15280.11422492857,15344.834848142857,-27.573541071429645,stop_loss,6
2021-05-17 03:20:00,2021-05-17 05:10:00,long,15280.450789,15255.098314785715,15255.098314785715,15329.655737428573,-30.852474214285394,stop_loss,22
2021-05-18 01:15:00,2021-05-18 01:45:00,long,15321.922653,15350.228233428572,15307.019862785713,15350.228233428572,22.805580428572284,take_profit,6
2021-05-18 02:05:00,2021-05-18 03:00:00,long,15353.384067,15338.113545785714,15338.113545785714,15382.425109428574,-20.77052121428642,stop_loss,11
2021-05-18 04:50:00,2021-05-18 05:15:00,long,15343.087604,15328.583188714287,15328.583188714287,15370.59643457143,-20.00441528571355,stop_loss,5
2021-05-19 01:25:00,2021-05-19 01:35:00,short,15030.047579,14999.596902142857,15046.022917428572,14999.596902142857,24.950676857142753,take_profit,2
2021-05-19 01:55:00,2021-05-19 02:10:00,short,15032.907708,14990.138048857143,15055.04253757143,14990.138048857143,37.26965914285756,take_profit,3
2021-05-19 03:15:00,2021-05-19 04:15:00,short,14926.796938,14968.881164035713,14968.881164035713,14844.128485928572,-47.58422603571307,stop_loss,12
2021-05-20 01:00:00,2021-05-20 01:05:00,short,15113.27732,15127.291427285714,15127.291427285714,15086.749105428571,-19.514107285715,stop_loss,1
2021-05-20 01:05:00,2021-05-20 01:55:00,long,15127.147899,15111.846733964285,15111.846733964285,15156.25022907143,-20.801165035714803,stop_loss,10
2021-05-20 02:35:00,2021-05-20 03:20:00,long,15154.605133,15126.893052714286,15126.893052714286,15208.529293571428,-33.212080285713455,stop_loss,9
2021-05-21 01:20:00,2021-05-21 02:15:00,long,15459.494837,15489.516494571428,15443.734008214285,15489.516494571428,24.521657571427568,take_profit,11
2021-05-21 04:10:00,2021-05-21 05:00:00,long,15473.509466,15458.300233392856,15458.300233392856,15502.427931214284,-20.70923260714335,stop_loss,10
2021-05-24 01:35:00,2021-05-24 02:15:00,long,15365.110594,15390.474327285714,15351.678727357143,15390.474327285714,19.86373328571426,take_profit,8
2021-05-24 03:25:00,2021-05-24 07:00:00,long,15412.588728,15445.858674142857,15395.203754928572,15445.858674142857,27.769946142856497,take_profit,43
2021-05-25 02:25:00,2021-05-25 02:35:00,long,15704.321841,15687.825550535716,15687.825550535716,15735.814421928571,-21.996290464285266,stop_loss,2
2021-05-26 01:45:00,2021-05-26 02:10:00,long,15687.161069,15670.695422785713,15670.695422785713,15718.592361428571,-21.965646214286608,stop_loss,5
2021-05-26 03:05:00,2021-05-26 03:40:00,long,15675.434542,15655.689962857143,15655.689962857143,15713.423700285715,-25.24457914285813,stop_loss,7
2021-05-26 04:20:00,2021-05-26 04:45:00,long,15670.858337,15659.265124178572,15659.265124178572,15692.544762642856,-17.093212821428097,stop_loss,5
2021-05-27 01:15:00,2021-05-27 01:40:00,long,15653.12554,15641.379106035714,15641.379106035714,15675.11840792857,-17.246433964284734,stop_loss,5
2021-05-27 04:35:00,2021-05-27 06:55:00,long,15600.785187,15628.906902571429,15585.974329214285,15628.906902571429,22.621715571429377,take_profit,28
2021-05-28 03:35:00,2021-05-28 05:50:00,long,15671.430362,15690.665248928572,15661.062918535714,15690.665248928572,13.73488692857245,take_profit,27
2021-05-31 03:30:00,2021-05-31 03:45:00,long,15665.710105,15655.679748071429,15655.679748071429,15684.270818857141,-15.530356928571564,stop_loss,3
2021-06-01 01:30:00,2021-06-01 01:45:00,long,15667.426182,15685.925607571427,15657.426469214284,15685.925607571427,12.999425571428219,take_profit,3
2021-06-01 02:00:00,2021-06-01 02:10:00,long,15684.014928,15670.215330250001,15670.215330250001,15710.1141235,-19.29959774999952,stop_loss,2
2021-06-01 02:15:00,2021-06-01 03:50:00,long,15678.580684,15705.966937357143,15664.137557321428,15705.966937357143,21.886253357142778,take_profit,19
2021-06-01 03:50:00,2021-06-01 06:20:00,long,15704.893867,15730.196312857142,15691.49264407143,15730.196312857142,19.80244585714172,take_profit,30
2021-06-02 01:00:00,2021-06-02 02:05:00,short,15604.361393,15614.483682892856,15614.483682892856,15585.616813214285,-15.622289892857225,stop_loss,13
2021-06-02 02:30:00,2021-06-02 03:10:00,short,15588.344673,15604.258723142857,15604.258723142857,15558.016572714285,-21.414050142857377,stop_loss,8
2021-06-02 03:15:00,2021-06-02 05:55:00,short,15595.781007,15611.633768535714,15611.633768535714,15565.575483928571,-21.352761535714308,stop_loss,32
2021-06-03 04:20:00,2021-06-03 05:05:00,short,15601.501264,15582.021223285714,15611.991284357144,15582.021223285714,13.980040714286588,take_profit,9
2021-06-04 01:15:00,2021-06-04 01:45:00,short,15453.918631,15469.832681035714,15469.832681035714,15423.590530928572,-21.414050035713444,stop_loss,6
2021-06-04 04:15:00,2021-06-04 04:55:00,short,15474.797569,15489.76164782143,15489.76164782143,15446.369411357144,-20.46407882142921,stop_loss,8
2021-06-07 01:10:00,2021-06-07 01:25:00,long,15723.198689,15713.321553107144,15713.321553107144,15741.452960785715,-15.37713589285704,stop_loss,3
2021-06-07 02:55:00,2021-06-07 03:05:00,long,15707.467982,15689.807210464285,15689.807210464285,15741.289525071428,-23.160771535714957,stop_loss,2
2021-06-07 03:10:00,2021-06-07 04:10:00,long,15699.459622,15679.960196428572,15679.960196428572,15736.958473142857,-24.99942557142822,stop_loss,12
2021-06-08 01:05:00,2021-06-08 01:25:00,long,15826.735343,15816.551764714286,15816.551764714286,15845.602499571429,-15.683578285714248,stop_loss,4
2021-06-08 04:15:00,2021-06-08 05:15:00,long,15832.169587,15817.971614321428,15817.971614321428,15859.065532357143,-19.697972678572114,stop_loss,12
2021-06-09 02:25:00,2021-06-09 02:55:00,long,15818.726983,15807.195058785715,15807.195058785715,15840.29083142857,-17.031924214285027,stop_loss,6
2021-06-09 03:00:00,2021-06-09 04:10:00,long,15821.587112,15806.684322,15806.684322,15849.892692,-20.402790000000095,stop_loss,14
2021-06-10 03:00:00,2021-06-10 06:30:00,short,15778.543222,15741.841121785716,15797.644272107143,15741.841121785716,31.202100214284656,take_profit,42
2021-06-11 02:20:00,2021-06-11 02:25:00,long,15978.608169,15969.46649467857,15969.46649467857,15995.391517642856,-14.641674321428582,stop_loss,1
2021-06-11 03:55:00,2021-06-11 04:15:00,long,15978.036143,15968.434805357141,15968.434805357141,15995.738818285714,-15.101337642858198,stop_loss,4
2021-06-14 03:25:00,2021-06-14 05:35:00,long,16042.10486,16060.432507285714,16032.191036357142,16060.432507285714,12.827647285714193,take_profit,26
2021-06-15 01:20:00,2021-06-15 01:25:00,long,16179.479222,16193.943215357143,16171.497225321427,16193.943215357143,8.963993357143409,take_profit,1
2021-06-15 01:25:00,2021-06-15 02:00:00,long,16192.644265,16183.282392071429,16183.282392071429,16209.868010857144,-14.861872928571756,stop_loss,7
2021-06-15 02:00:00,2021-06-15 03:20:00,long,16191.213282,16180.011573785714,16180.011573785714,16212.116698428574,-16.701708214286555,stop_loss,16
2021-06-16 01:20:00,2021-06-16 02:15:00,long,16072.441699,16064.367710535715,16064.367710535715,16087.089675928573,-13.57398846428623,stop_loss,11
2021-06-16 02:45:00,2021-06-16 03:00:00,long,16072.155502,16061.720391821429,16061.720391821429,16091.525722357143,-15.93511017857054,stop_loss,3
2021-06-16 03:45:00,2021-06-16 04:25:00,long,16068.434946,16058.797097821429,16058.797097821429,16086.210642357142,-15.137848178570493,stop_loss,8
2021-06-17 01:30:00,2021-06-17 01:55:00,short,15901.440926,15917.272885964285,15917.272885964285,15871.277006071428,-21.33195996428549,stop_loss,5
2021-06-17 03:20:00,2021-06-17 04:55:00,short,15903.444302,15921.116097142856,15921.116097142856,15869.600711714287,-23.171795142856354,stop_loss,19
2021-06-18 01:40:00,2021-06-18 02:35:00,long,16247.021616,16235.75858007143,16235.75858007143,16268.047687857143,-16.76303592857039,stop_loss,11
2021-06-18 04:40:00,2021-06-18 05:00:00,long,16240.725291,16231.026114892857,16231.026114892857,16258.623643214287,-15.199176107144012,stop_loss,4
2021-06-21 03:35:00,2021-06-21 06:40:00,long,16137.980717,16109.883188785714,16109.883188785714,16192.675773428571,-33.597528214286285,stop_loss,37
2021-06-22 02:50:00,2021-06-22 03:00:00,short,16110.650631,16128.353090321429,16128.353090321429,16076.745712357144,-23.20245932142825,stop_loss,2
2021-06-23 03:35:00,2021-06-23 03:55:00,long,16338.318327,16325.583422928572,16325.583422928572,16362.288135142859,-18.2349040714289,stop_loss,4
2021-06-24 02:20:00,2021-06-24 02:30:00,long,16378.099653,16370.086992785713,16370.086992785713,16392.62497342857,-13.51266021428637,stop_loss,2
2021-06-24 02:35:00,2021-06-24 03:00:00,long,16380.675422,16397.285889,16371.620188500001,16397.285889,11.110466999998607,take_profit,5
2021-06-24 04:30:00,2021-06-24 04:40:00,long,16435.052773,16425.230941464288,16425.230941464288,16453.196436071426,-15.32183153571168,stop_loss,2
2021-06-25 01:50:00,2021-06-25 02:20:00,long,16440.776705,16431.016201178572,16431.016201178572,16458.797712642856,-15.260503821427847,stop_loss,6
2021-06-25 04:35:00,2021-06-25 04:40:00,long,16450.507389,16464.78739921428,16442.617383892855,16464.78739921428,8.780010214282811,take_profit,1
2021-06-28 04:10:00,2021-06-28 05:05:00,long,16457.9485,16446.010857821428,16446.010857821428,16480.32378435714,-17.437642178570968,stop_loss,11
2021-06-29 02:05:00,2021-06-29 02:30:00,long,16594.178075,16584.662882464287,16584.662882464287,16611.708460071426,-15.01519253571314,stop_loss,5
2021-06-29 02:35:00,2021-06-29 03:00:00,long,16588.74034,16576.741369892858,16576.741369892858,16611.238280214282,-17.498970107142668,stop_loss,5
2021-06-29 03:45:00,2021-06-29 05:50:00,long,16577.578673,16604.308234285712,16563.463892357144,16604.308234285712,21.229561285712407,take_profit,25
2021-06-30 02:50:00,2021-06-30 03:05:00,long,16696.636453,16686.507982142855,16686.507982142855,16715.393394714283,-15.628470857143839,stop_loss,3
2021-07-01 02:30:00,2021-07-01 02:35:00,long,16673.45453,16697.17902642857,16660.842281785714,16697.17902642857,18.224496428571,take_profit,1
2021-07-01 02:40:00,2021-07-01 03:20:00,long,16694.346881,16677.99363439286,16677.99363439286,16725.553374214287,-21.853246607141045,stop_loss,8
2021-07-02 01:15:00,2021-07-02 01:35:00,short,16619.508161,16626.692895571432,16626.692895571432,16606.638691857144,-12.684734571430454,stop_loss,4
2021-07-02 01:35:00,2021-07-02 01:50:00,short,16618.935768,16626.82577267857,16626.82577267857,16604.655758642853,-13.390004678571131,stop_loss,3
2021-07-02 02:50:00,2021-07-02 03:15:00,long,16684.043804,16666.310681035717,16666.310681035717,16718.010049928573,-23.23312296428412,stop_loss,5
2021-07-05 03:20:00,2021-07-05 06:10:00,long,16818.556199,16837.06782985714,16808.550383571426,16837.06782985714,13.011630857141427,take_profit,34
2021-07-06 01:10:00,2021-07-06 01:40:00,long,16814.835643,16830.219553785715,16806.393687607142,16830.219553785715,9.88391078571658,take_profit,6
2021-07-06 02:25:00,2021-07-06 02:40:00,long,16826.569704,16811.994964642858,16811.994964642858,16854.219182714285,-20.0747393571437,stop_loss,3
2021-07-06 04:55:00,2021-07-06 05:50:00,long,16840.593336,16859.840900500003,16830.21955375,16859.840900500003,13.747564500001317,take_profit,11
2021-07-07 02:15:00,2021-07-07 02:45:00,long,16946.77227,16972.091290214288,16933.362759892858,16972.091290214288,19.819020214286866,take_profit,6
2021-07-08 01:00:00,2021-07-08 01:10:00,long,16935.03821,16924.511108142855,16924.511108142855,16954.592413714283,-16.02710185714386,stop_loss,2
2021-07-08 03:00:00,2021-07-08 03:15:00,short,16782.926412,16817.861994178573,16817.861994178573,16714.555247642857,-40.435582178572076,stop_loss,3
2021-07-08 03:20:00,2021-07-08 04:20:00,short,16798.953421,16726.105324499997,16836.127469249997,16726.105324499997,67.3480965000017,take_profit,12
2021-07-08 04:55:00,2021-07-08 05:20:00,short,16739.710728,16684.27973771428,16768.17622314286,16684.27973771428,49.93099028571669,take_profit,5
2021-07-09 03:05:00,2021-07-09 04:40:00,long,16862.91667,16839.296074464284,16839.296074464284,16908.657861071428,-29.12059553571453,stop_loss,19
2021-07-09 04:45:00,2021-07-09 05:05:00,short,16832.152225,16796.77543885715,16850.59061807143,16796.77543885715,29.876786142853234,take_profit,4
2021-07-12 01:25:00,2021-07-12 02:00:00,long,16955.644364,16970.660307214283,16947.38639239286,16970.660307214283,9.515943214282743,take_profit,7
2021-07-12 04:10:00,2021-07-12 04:25:00,long,16998.573852,16981.852638571432,16981.852638571432,17030.516278857143,-22.221213428569172,stop_loss,3
2021-07-12 04:30:00,2021-07-12 05:10:00,long,16992.563724,16977.09973107143,16977.09973107143,17021.991709857142,-20.963992928569496,stop_loss,8
2021-07-14 01:25:00,2021-07-14 02:00:00,long,17023.759151,17009.46038678571,17009.46038678571,17050.856679428573,-19.798764214287075,stop_loss,7
2021-07-14 02:00:00,2021-07-14 03:05:00,long,17028.91069,17009.951009857145,17009.951009857145,17065.330050285713,-24.459680142856087,stop_loss,13
2021-07-14 03:20:00,2021-07-14 04:05:00,long,17036.065605,17071.381064285713,17017.657875357145,17071.381064285713,29.815459285713587,take_profit,9
2021-07-14 04:05:00,2021-07-14 07:30:00,long,17072.412571,17108.831931285717,17053.452890857145,17108.831931285717,30.91936028571581,take_profit,41
2021-07-15 01:20:00,2021-07-15 02:20:00,long,17078.136503,17068.71330257143,17068.71330257143,17095.482903857144,-14.923200428573182,stop_loss,12
2021-07-15 03:35:00,2021-07-15 05:00:00,long,17119.921204,17100.04160642857,17100.04160642857,17158.180399142853,-25.37959757142744,stop_loss,17
2021-07-16 03:20:00,2021-07-16 03:50:00,short,16922.017953,16941.069624607142,16941.069624607142,16885.414609785716,-24.551671607143362,stop_loss,6
2021-07-19 02:00:00,2021-07-19 03:00:00,short,16767.471796,16783.549067464286,16783.549067464286,16736.81725307143,-21.577271464284422,stop_loss,12
2021-07-19 03:35:00,2021-07-19 06:15:00,short,16736.848762,16686.262671642857,16762.891807178574,16686.262671642857,45.08609035714471,take_profit,32
2021-07-20 02:50:00,2021-07-20 06:05:00,short,16720.24936,16742.64339889286,16742.64339889286,16676.961282214288,-27.89403889285677,stop_loss,39
2021-07-21 01:00:00,2021-07-21 03:15:00,long,16848.893037,16876.2358765,16834.47161725,16876.2358765,21.842839499997353,take_profit,27
2021-07-21 04:15:00,2021-07-21 04:40:00,long,16884.095217,16866.94470828571,16866.94470828571,16916.896234428572,-22.650508714286843,stop_loss,5
2021-07-22 01:25:00,2021-07-22 01:35:00,long,16991.132741,17004.61548814286,16983.641367428572,17004.61548814286,7.982747142857988,take_profit,2
2021-07-22 02:35:00,2021-07-22 03:35:00,long,17011.738895,16997.685442071426,16997.685442071426,17038.34580085714,-19.55345292857237,stop_loss,12
2021-07-23 03:30:00,2021-07-23 06:05:00,long,17178.019112,17166.694748357146,17166.694748357146,17199.167839285714,-16.824363642856042,stop_loss,31
2021-07-26 01:10:00,2021-07-26 02:40:00,long,17273.608771,17262.744365964285,17262.744365964285,17293.837581071428,-16.3644050357143,stop_loss,18
2021-07-27 01:15:00,2021-07-27 02:05:00,long,17285.629028,17275.16325417857,17275.16325417857,17305.060575642856,-15.965773821430048,stop_loss,10
2021-07-27 03:30:00,2021-07-27 06:00:00,long,17266.453857,17307.534131928573,17245.163719535714,17307.534131928573,35.58027492857218,take_profit,30
2021-07-28 01:55:00,2021-07-28 02:00:00,short,17086.867187,17101.99387675,17101.99387675,17058.113807499998,-20.62668974999906,stop_loss,1
2021-07-28 02:10:00,2021-07-28 03:00:00,short,17090.873939,17107.012538178573,17107.012538178573,17060.09674064286,-21.638599178571894,stop_loss,10
2021-07-28 03:30:00,2021-07-28 05:10:00,long,17154.264795,17137.42092560714,17137.42092560714,17186.452533785716,-22.343869392858323,stop_loss,20
2021-07-30 02:20:00,2021-07-30 03:15:00,short,16990.99133,17012.68009867857,17012.68009867857,16949.113792642856,-27.18876867857034,stop_loss,11
2021-08-02 01:00:00,2021-08-02 02:00:00,long,17213.507488,17229.74998785714,17204.636238071427,17229.74998785714,10.742499857140501,take_profit,12
2021-08-02 02:00:00,2021-08-02 02:25:00,long,17227.531121,17216.206757357144,17216.206757357144,17248.679848285712,-16.824363642856042,stop_loss,5
2021-08-02 04:30:00,2021-08-02 05:10:00,long,17215.510864,17207.375547714284,17207.375547714284,17230.28149657143,-13.635316285715817,stop_loss,8
2021-08-03 01:50:00,2021-08-03 02:00:00,long,17160.274923,17152.108943178573,17152.108943178573,17175.106882642856,-13.665979821427754,stop_loss,2
2021-08-03 02:15:00,2021-08-03 04:05:00,long,17157.126761,17146.814306464286,17146.814306464286,17176.251670071426,-15.812454535713186,stop_loss,22
2021-08-03 04:50:00,2021-08-03 05:05:00,short,17133.803427,17143.410611214284,17143.410611214284,17116.089058571426,-15.107184214284644,stop_loss,3
2021-08-04 04:40:00,2021-08-04 06:15:00,long,17235.258429,17227.42975214286,17227.42975214286,17249.415782714288,-13.328676857141545,stop_loss,19
2021-08-05 04:05:00,2021-08-05 04:50:00,long,17280.477489,17294.51218707143,17272.710139964285,17294.51218707143,8.534698071427556,take_profit,9
2021-08-06 04:40:00,2021-08-06 05:05:00,long,17353.171422,17346.38531853571,17346.38531853571,17365.243628928572,-12.286103464288317,stop_loss,5
2021-08-09 01:10:00,2021-08-09 02:00:00,short,17225.386335,17233.215012071425,17233.215012071425,17211.228980857144,-13.328677071425773,stop_loss,10
2021-08-09 03:05:00,2021-08-09 03:15:00,short,17262.878087,17277.943448928574,17277.943448928574,17234.24736314286,-20.56536192857311,stop_loss,2
2021-08-09 04:35:00,2021-08-09 06:10:00,long,17287.060011,17307.779444285716,17275.950294357142,17307.779444285716,15.21943328571433,take_profit,19
2021-08-10 02:15:00,2021-08-10 03:00:00,long,17324.265567,17340.753378999998,17315.271661,17340.753378999998,10.987811999999394,take_profit,9
2021-08-11 02:55:00,2021-08-11 04:15:00,short,17181.598257,17154.80736842857,17195.743701285715,17154.80736842857,21.290888571431424,take_profit,16
2021-08-11 04:35:00,2021-08-11 05:20:00,short,17160.41971,17174.28917882143,17174.28917882143,17134.18077235714,-19.369468821430928,stop_loss,9
2021-08-12 01:30:00,2021-08-12 01:35:00,short,17170.150393,17157.95553042857,17176.997824285714,17157.95553042857,6.69486257142853,take_profit,1
2021-08-13 01:00:00,2021-08-13 01:25:00,long,17250.999241,17258.962483357143,17246.267619821432,17258.962483357143,2.4632423571420077,take_profit,5
2021-08-13 01:30:00,2021-08-13 02:00:00,long,17261.016122,17270.083265142854,17255.732550428573,17270.083265142854,3.5671431428527285,take_profit,6
2021-08-13 02:15:00,2021-08-13 02:50:00,long,17269.315823,17282.123964000002,17262.1617525,17282.123964000002,7.308141000001342,take_profit,7
2021-08-13 03:40:00,2021-08-13 04:20:00,long,17277.90172,17269.490428785713,17269.490428785713,17293.224302428574,-13.911291214288212,stop_loss,8
2021-08-16 02:15:00,2021-08-16 04:30:00,long,17298.794071,17288.23630507143,17288.23630507143,17318.409602857144,-16.057765928570007,stop_loss,27
2021-08-17 02:10:00,2021-08-17 02:30:00,short,17247.995865,17260.88408857143,17260.88408857143,17223.71941785714,-18.38822357142999,stop_loss,4
2021-08-17 02:50:00,2021-08-17 04:05:00,short,17251.144027,17268.386527285715,17268.386527285715,17218.159026428566,-22.742500285716233,stop_loss,15
2021-08-18 02:15:00,2021-08-18 02:30:00,short,17185.605009,17168.7492305,17194.78289825,17168.7492305,11.355778499997541,take_profit,3
2021-08-18 03:10:00,2021-08-18 04:20:00,short,17162.709282,17177.03870985714,17177.03870985714,17135.550426285714,-19.829427857141127,stop_loss,14
2021-08-19 02:30:00,2021-08-19 04:45:00,short,16885.38479,16912.59306421429,16912.59306421429,16832.468241571427,-32.708274214288394,stop_loss,27
2021-08-20 02:15:00,2021-08-20 02:25:00,short,17063.399067,17031.333984071425,17080.181608464285,17031.333984071425,26.565082928573247,take_profit,2
2021-08-20 02:25:00,2021-08-20 03:00:00,short,17014.173254,17035.340736035716,17035.340736035716,16973.33828992857,-26.667482035714784,stop_loss,7
2021-08-20 03:20:00,2021-08-20 03:40:00,short,17015.031844,17038.591112035716,17038.591112035716,16969.41330792857,-29.059268035714922,stop_loss,4
2021-08-24 01:30:00,2021-08-24 01:35:00,long,17575.54617,17594.73240657143,17565.20305171429,17594.73240657143,13.686236571429617,take_profit,1
2021-08-24 02:15:00,2021-08-24 04:35:00,long,17600.73147,17585.819427892857,17585.819427892857,17629.055554214283,-20.412042107142042,stop_loss,28
2021-08-25 03:10:00,2021-08-25 04:05:00,long,17608.744974,17596.96065132143,17596.96065132143,17630.81361935714,-17.28432267856988,stop_loss,11
2021-08-26 01:15:00,2021-08-26 01:25:00,long,17555.226212,17547.70417425,17547.70417425,17568.7702875,-13.02203775000089,stop_loss,2
2021-08-26 02:30:00,2021-08-26 04:05:00,long,17552.364246,17535.121745928573,17535.121745928573,17585.34924614286,-22.742500071428367,stop_loss,19
2021-08-27 01:00:00,2021-08-27 02:00:00,long,17545.209332,17536.276754142855,17536.276754142855,17561.574487714286,-14.43257785714377,stop_loss,12
2021-08-27 04:15:00,2021-08-27 06:45:00,long,17543.778349,17534.20182885714,17534.20182885714,17561.431389285717,-15.076520142858499,stop_loss,30
2021-08-30 02:15:00,2021-08-30 02:30:00,long,17674.570189,17667.90674117857,17667.90674117857,17686.397084642853,-12.163447821429145,stop_loss,3
2021-08-30 02:45:00,2021-08-30 05:25:00,long,17676.573565,17691.650835499997,17668.28492975,17691.650835499997,9.577270499998122,take_profit,32
2021-09-01 01:00:00,2021-09-01 01:55:00,long,17893.224381,17906.400489357144,17885.886326821426,17906.400489357144,7.676108357143676,take_profit,11
2021-09-01 04:50:00,2021-09-01 06:55:00,long,17866.321902,17890.843660857143,17853.311022571426,17890.843660857143,19.02175885714314,take_profit,25
2021-09-02 02:25:00,2021-09-02 03:05:00,long,17893.796774,17908.874045571425,17885.508138214285,17908.874045571425,9.577271571426536,take_profit,8
2021-09-02 03:55:00,2021-09-02 04:55:00,long,17910.968569,17901.88267142857,17901.88267142857,17927.64036414286,-14.585897571429086,stop_loss,12
2021-09-03 02:10:00,2021-09-03 03:00:00,long,17876.911175,17890.639234500002,17869.297145250002,17890.639234500002,8.228059500001109,take_profit,10
2021-09-03 03:45:00,2021-09-03 03:50:00,long,17884.06609,17876.145421142857,17876.145421142857,17898.407427714286,-13.420668857143028,stop_loss,1
2021-09-06 02:00:00,2021-09-06 02:20:00,long,17962.483955,17977.315915071427,17954.317974964284,17977.315915071427,9.331960071427602,take_profit,4
2021-09-07 01:45:00,2021-09-07 02:10:00,long,17962.197758,17954.982359464284,17954.982359464284,17975.128555071427,-12.715398535714485,stop_loss,5
2021-09-07 02:15:00,2021-09-07 02:25:00,long,17961.911561,17953.53093342857,17953.53093342857,17977.17281614286,-13.880627571430523,stop_loss,2
2021-09-07 04:30:00,2021-09-07 04:55:00,short,17885.355663,17903.702064285713,17903.702064285713,17850.16286042857,-23.84640128571482,stop_loss,5
2021-09-08 01:10:00,2021-09-08 01:35:00,long,17948.460322,17940.1103585,17940.1103585,17963.660249,-13.84996350000074,stop_loss,5
2021-09-08 02:10:00,2021-09-08 03:00:00,short,17883.352287,17899.030927357144,17899.030927357144,17853.495006285713,-21.178640357142285,stop_loss,10
2021-09-08 03:05:00,2021-09-08 03:45:00,short,17881.34891,17907.146644107142,17907.146644107142,17831.253441785717,-31.297734107141878,stop_loss,8
2021-09-09 01:05:00,2021-09-09 01:15:00,short,17818.671858,17833.123941607144,17833.123941607144,17791.267690785717,-19.952083607142413,stop_loss,2
2021-09-09 02:35:00,2021-09-09 02:50:00,short,17822.964807,17841.18855264286,17841.18855264286,17788.017315714285,-23.723745642859285,stop_loss,3
2021-09-10 01:00:00,2021-09-10 02:00:00,short,17848.436303,17856.41829957143,17856.41829957143,17833.97230985714,-13.4819965714305,stop_loss,12
2021-09-13 04:10:00,2021-09-13 05:05:00,short,17747.732142,17756.730999285715,17756.730999285715,17731.23442742857,-14.498857285714621,stop_loss,11
2021-09-14 01:30:00,2021-09-14 02:00:00,short,17685.877643,17663.857204642856,17697.637862178573,17663.857204642856,16.520438357143576,take_profit,6
2021-09-14 03:55:00,2021-09-14 06:50:00,short,17679.004921,17652.014032071427,17693.250365464286,17652.014032071427,21.49088892857253,take_profit,35
2021-09-15 04:20:00,2021-09-15 04:50:00,short,17667.836747,17675.884468428572,17675.884468428572,17653.24130414286,-13.547721428571094,stop_loss,6
2021-09-15 04:50:00,2021-09-15 05:45:00,short,17667.550384,17653.26175885714,17675.444696571427,17653.26175885714,8.7886251428572,take_profit,11
2021-09-16 01:45:00,2021-09-16 02:00:00,short,17717.950346,17728.360566035713,17728.360566035713,17698.629905928574,-15.910220035711973,stop_loss,3
2021-09-16 02:55:00,2021-09-16 03:15:00,long,17746.441235,17732.68669960714,17732.68669960714,17772.45030578571,-19.254535392858088,stop_loss,4
2021-09-16 04:40:00,2021-09-16 06:00:00,short,17709.07308,17721.170798642856,17721.170798642856,17686.377642714284,-17.597718642857217,stop_loss,16
2021-09-17 02:55:00,2021-09-17 03:30:00,long,17765.341221,17752.752593821428,17752.752593821428,17789.01847535714,-18.088627178571187,stop_loss,7
2021-09-20 01:30:00,2021-09-20 02:30:00,short,17428.436927,17387.761958071427,17449.524411464285,17387.761958071427,35.174968928571616,take_profit,12
2021-09-21 01:55:00,2021-09-21 02:00:00,short,17264.923413,17286.53248807143,17286.53248807143,17223.205262857144,-27.10907507142838,stop_loss,1
2021-09-21 03:55:00,2021-09-21 06:35:00,short,17339.95063,17305.780201071426,17357.785844464284,17305.780201071426,28.67042892857353,take_profit,32
2021-09-23 01:40:00,2021-09-23 01:50:00,long,17408.532397,17434.480103857142,17394.808543571427,17434.480103857142,20.447706857143203,take_profit,2
2021-09-23 01:50:00,2021-09-23 02:05:00,long,17431.727834,17417.20625389286,17417.20625389286,17459.270994214286,-20.021580107142654,stop_loss,3
2021-09-23 02:30:00,2021-09-23 03:15:00,long,17448.336913,17486.618702,17428.4460185,17486.618702,32.78178900000057,take_profit,9
2021-09-24 02:50:00,2021-09-24 03:05:00,long,17461.223267,17434.919877107142,17434.919877107142,17512.33004678572,-31.80338989285883,stop_loss,3
2021-09-24 04:35:00,2021-09-24 04:45:00,long,17461.223267,17444.584642928574,17444.584642928574,17493.00051514286,-22.13862407142733,stop_loss,2
2021-09-28 01:30:00,2021-09-28 02:15:00,short,17284.682489,17238.546160214286,17308.500653392857,17238.546160214286,40.636328785712976,take_profit,9
2021-09-28 02:25:00,2021-09-28 04:55:00,short,17198.4871,17120.012159357142,17238.47457032143,17120.012159357142,72.97494064285638,take_profit,30
2021-09-29 03:05:00,2021-09-29 06:15:00,short,17066.473562,17013.587237928572,17093.666724035713,17013.587237928572,47.386324071427225,take_profit,38
2021-09-30 01:25:00,2021-09-30 02:05:00,short,17014.355419,16980.184990714282,17032.190633142858,16980.184990714282,28.670428285717207,take_profit,8
2021-09-30 03:05:00,2021-09-30 04:40:00,short,17019.223598,16964.55773071429,17047.30653164286,16964.55773071429,49.16586728571201,take_profit,19
2021-09-30 04:55:00,2021-09-30 08:05:00,short,16965.673638,16928.496393499998,16985.01226025,16928.496393499998,31.677244500002416,take_profit,38
2021-10-01 01:20:00,2021-10-01 02:15:00,short,16690.47839,16719.481777642857,16719.481777642857,16633.971614714286,-34.50338764285698,stop_loss,11
2021-10-04 01:15:00,2021-10-04 01:30:00,short,16791.851041,16820.02602021429,16820.02602021429,16737.001082571427,-33.674979214287305,stop_loss,3
2021-10-04 01:50:00,2021-10-04 02:10:00,short,16807.028302,16834.528281964285,16834.528281964285,16753.528342071426,-32.99997996428647,stop_loss,4
2021-10-04 02:15:00,2021-10-04 03:00:00,short,16799.869217,16830.744194392857,16830.744194392857,16739.619262214284,-36.374977392857545,stop_loss,9
2021-10-05 01:30:00,2021-10-05 01:50:00,short,16580.514836,16608.84322417857,16608.84322417857,16525.358059642855,-33.82838817857191,stop_loss,4
2021-10-05 02:50:00,2021-10-05 03:30:00,short,16596.837551,16631.240934464287,16631.240934464287,16529.530784071427,-39.90338346428689,stop_loss,8
2021-10-06 02:05:00,2021-10-06 03:05:00,short,16637.214793,16576.964839285713,16668.089769857143,16576.964839285713,54.749953714286676,take_profit,12
2021-10-06 04:35:00,2021-10-06 05:10:00,short,16527.537603,16556.633036107145,16556.633036107145,16470.846736785712,-34.595433107144345,stop_loss,7
2021-10-07 01:55:00,2021-10-07 02:15:00,long,17053.441755,17030.39063575,17030.39063575,17098.043993500003,-28.551119250001648,stop_loss,4
2021-10-07 04:05:00,2021-10-07 04:20:00,long,17070.909923,17053.811071821427,17053.811071821427,17103.607625357145,-22.59885117857266,stop_loss,3
2021-10-08 01:15:00,2021-10-08 02:05:00,long,17040.555401,17080.555370357142,17019.80541632143,17080.555370357142,34.4999693571408,take_profit,10
2021-10-08 03:05:00,2021-10-08 03:50:00,long,17025.378139,16997.509977714286,16997.509977714286,17079.61446157143,-33.36816128571445,stop_loss,9
2021-10-11 01:05:00,2021-10-11 01:30:00,short,16915.560039,16879.97824807143,16934.100934464284,16879.97824807143,30.081790928568807,take_profit,5
2021-10-11 01:30:00,2021-10-11 01:40:00,short,16872.891889,16894.53164592857,16894.53164592857,16831.112375142857,-27.13975692857275,stop_loss,2
2021-10-11 02:00:00,2021-10-11 02:05:00,short,16884.632789,16911.150951357144,16911.150951357144,16833.096464285714,-32.01816235714432,stop_loss,1
2021-10-11 03:20:00,2021-10-11 03:30:00,short,16867.164621,16894.296418785714,16894.296418785714,16814.40102542857,-32.6317977857143,stop_loss,2
2021-10-11 03:40:00,2021-10-11 04:05:00,short,16880.050975,16908.440726464283,16908.440726464283,16824.77147207143,-33.88975146428493,stop_loss,5
2021-10-12 01:35:00,2021-10-12 02:10:00,short,16747.464711,16770.97605725,16770.97605725,16701.942018499998,-29.011346250001225,stop_loss,7
2021-10-13 01:05:00,2021-10-13 02:05:00,short,16755.482886,16726.712453,16770.6181025,16726.712453,23.270433000001503,take_profit,12
2021-10-13 02:15:00,2021-10-13 02:25:00,short,16731.714722,16751.605616714285,16751.605616714285,16693.432932571428,-25.390894714284514,stop_loss,2
2021-10-13 03:40:00,2021-10-13 06:10:00,long,16851.841906,16829.343059000003,16829.343059000003,16895.339600000003,-27.998846999998932,stop_loss,30
2021-10-14 01:10:00,2021-10-14 01:40:00,long,17005.619063,17035.555404,16989.900892499998,17035.555404,24.43634100000054,take_profit,6
2021-10-14 02:20:00,2021-10-14 02:30:00,long,17033.682678,17013.54632907143,17013.54632907143,17072.455375857146,-25.63634892857226,stop_loss,2
2021-10-14 02:35:00,2021-10-14 06:45:00,long,17027.95541,17070.40992342857,17005.978153285712,17070.40992342857,36.95451342857268,take_profit,50
2021-10-15 03:25:00,2021-10-15 08:30:00,long,17268.500684,17246.79956335714,17246.79956335714,17310.40292528571,-27.20112064285786,stop_loss,61
2021-10-18 04:45:00,2021-10-18 05:10:00,long,17267.927957,17251.59615107143,17251.59615107143,17299.09156885714,-21.831805928570247,stop_loss,5
2021-10-19 01:50:00,2021-10-19 02:00:00,long,17553.718652,17536.006165392857,17536.006165392857,17587.643625214285,-23.212486607142637,stop_loss,2
2021-10-20 02:10:00,2021-10-20 02:30:00,long,17629.891322,17652.52539557143,17617.824285214283,17652.52539557143,17.134073571429326,take_profit,4
2021-10-20 03:00:00,2021-10-20 05:55:00,long,17621.586783,17654.16175792857,17604.549295535715,17654.16175792857,27.074974928571464,take_profit,35
2021-10-21 01:25:00,2021-10-21 01:50:00,long,17562.023191,17549.864108642858,17549.864108642858,17584.841355714285,-17.659082357142324,stop_loss,5
2021-10-21 02:25:00,2021-10-21 03:00:00,long,17588.082263,17569.78682207143,17569.78682207143,17623.173144857145,-23.795440928570315,stop_loss,7
2021-10-21 03:50:00,2021-10-21 06:35:00,long,17575.768635,17563.394780285715,17563.394780285715,17599.01634442857,-17.8738547142857,stop_loss,33
2021-10-22 01:10:00,2021-10-22 02:15:00,long,17641.345859,17661.89357014286,17630.322003428573,17661.89357014286,15.047711142859043,take_profit,13
2021-10-22 02:15:00,2021-10-22 05:20:00,long,17658.814028,17688.9344595,17643.00381225,17688.9344595,24.62043149999954,take_profit,37
2021-10-25 02:30:00,2021-10-25 06:05:00,long,17609.273156,17594.536803,17594.536803,17637.245862,-20.236353000000236,stop_loss,43
2021-10-26 01:15:00,2021-10-26 02:05:00,long,17847.527523,17838.037756857142,17838.037756857142,17865.007055285714,-14.98976614285857,stop_loss,10
2021-10-26 02:45:00,2021-10-26 05:20:00,long,17865.568418,17853.47069957143,17853.47069957143,17888.26385485714,-17.59771842856935,stop_loss,31
2021-10-27 01:15:00,2021-10-27 02:00:00,long,17832.636625,17851.220701571427,17822.594586714284,17851.220701571427,13.084076571427431,take_profit,9
2021-10-27 02:00:00,2021-10-27 02:25:00,long,17850.67752,17839.285482785715,17839.285482785715,17871.961594428572,-16.892037214285665,stop_loss,5
2021-10-28 02:15:00,2021-10-28 03:50:00,long,17899.359302,17939.359272,17878.609317,17939.359272,34.49997000000076,take_profit,19
2021-10-28 04:35:00,2021-10-28 04:45:00,long,17929.141098,17916.33769792857,17916.33769792857,17953.247898142858,-18.30340007142877,stop_loss,2
2021-10-29 01:25:00,2021-10-29 02:00:00,long,17919.404741,17904.054752035714,17904.054752035714,17948.60471892857,-20.84998896428442,stop_loss,7
2021-10-29 02:05:00,2021-10-29 04:20:00,long,17915.682017,17897.233166678572,17897.233166678572,17951.079717642857,-23.948850321427017,stop_loss,27
2021-11-01 01:40:00,2021-11-01 03:15:00,long,18180.281818,18200.522711857142,18169.411371071426,18200.522711857142,14.74089385714251,take_profit,19
2021-11-02 01:30:00,2021-11-02 02:45:00,long,18202.618165,18189.998855857142,18189.998855857142,18226.356783285715,-18.119309142857674,stop_loss,15
2021-11-03 01:50:00,2021-11-03 02:30:00,long,18279.649926,18290.686281142855,18273.381748428572,18290.686281142855,5.536355142856337,take_profit,8
2021-11-03 02:50:00,2021-11-03 03:05:00,long,18281.940833,18297.39536657143,18273.463566214286,18297.39536657143,9.954533571428328,take_profit,3
2021-11-03 04:00:00,2021-11-03 05:50:00,long,18297.977185,18285.480603071428,18285.480603071428,18321.47034885714,-17.996581928571686,stop_loss,22
2021-11-04 01:15:00,2021-11-04 03:00:00,long,18514.181568,18530.12701107143,18505.458846464284,18530.12701107143,10.445443071428599,take_profit,21
2021-11-04 03:00:00,2021-11-04 03:10:00,long,18536.517915,18552.033811857145,18528.00996657143,18552.033811857145,10.01589685714498,take_profit,2
2021-11-05 01:35:00,2021-11-05 01:45:00,long,18717.213234,18710.668920142856,18710.668920142856,18728.801861714284,-12.044313857142697,stop_loss,2
2021-11-05 04:30:00,2021-11-05 04:45:00,long,18753.867752,18777.360916071426,18741.371169964284,18777.360916071426,17.9931640714276,take_profit,3
2021-11-05 04:55:00,2021-11-05 06:00:00,long,18792.813177,18778.537051,18778.537051,18819.865429,-19.77612600000066,stop_loss,13
2021-11-08 02:00:00,2021-11-08 03:00:00,long,18688.004165,18714.504145071427,18674.004174964284,18714.504145071427,20.99998007142858,take_profit,12
2021-11-08 04:50:00,2021-11-08 06:55:00,long,18724.945046,18713.67573589286,18713.67573589286,18745.983666214284,-16.76931010714179,stop_loss,25
2021-11-09 01:05:00,2021-11-09 01:35:00,long,18696.022341,18687.72916525,18687.72916525,18711.108692499998,-13.793175750000955,stop_loss,6
2021-11-09 04:45:00,2021-11-09 06:00:00,long,18740.122308,18731.03140557143,18731.03140557143,18756.804112857146,-14.590902428572008,stop_loss,15
2021-11-10 03:05:00,2021-11-10 04:30:00,short,18552.69972,18518.283836857147,18570.65766157143,18518.283836857147,28.915883142854,take_profit,17
2021-11-10 04:30:00,2021-11-10 05:35:00,short,18512.036114,18475.28841442857,18531.159963785714,18475.28841442857,31.247699571427802,take_profit,13
2021-11-11 02:30:00,2021-11-11 03:00:00,short,18344.227149,18364.33281617857,18364.33281617857,18305.51581464286,-25.605667178570002,stop_loss,6
2021-11-12 01:05:00,2021-11-12 01:15:00,short,18374.868035,18387.241889714285,18387.241889714285,18351.62032557143,-17.8738547142857,stop_loss,2
2021-11-12 01:25:00,2021-11-12 02:00:00,short,18390.33166,18404.423695285714,18404.423695285714,18363.647589428572,-19.59203528571379,stop_loss,7
2021-11-12 03:05:00,2021-11-12 08:05:00,short,18399.208926,18419.40663842857,18419.40663842857,18360.31350114286,-25.697712428569503,stop_loss,60
2021-11-15 02:20:00,2021-11-15 03:20:00,long,18586.058787,18575.771294607144,18575.771294607144,18605.133771785717,-15.78749239285753,stop_loss,12
2021-11-15 04:35:00,2021-11-15 04:45:00,long,18597.799687,18587.266739964285,18587.266739964285,18617.365581071426,-16.032947035713732,stop_loss,2
2021-11-16 04:10:00,2021-11-16 05:15:00,short,18512.608841,18523.479287607144,18523.479287607144,18492.367947785715,-16.370446607143094,stop_loss,13
2021-11-17 01:35:00,2021-11-17 02:15:00,long,18669.676906,18686.84961992857,18660.340549035715,18686.84961992857,11.672713928568555,take_profit,8
2021-11-17 02:15:00,2021-11-17 04:20:00,long,18688.290528,18677.420081285716,18677.420081285716,18708.53142142857,-16.370446714285208,stop_loss,25
2021-11-17 04:55:00,2021-11-17 06:00:00,long,18687.431438,18704.665515214285,18678.064399392857,18704.665515214285,11.734077214285207,take_profit,13
2021-11-18 01:10:00,2021-11-18 02:00:00,long,18742.699578,18756.313204214286,18735.14276489286,18756.313204214286,8.113626214286342,take_profit,10
2021-11-18 02:15:00,2021-11-18 02:30:00,long,18764.749562,18754.676841857145,18754.676841857145,18783.395002285713,-15.57272014285627,stop_loss,3
2021-11-18 02:55:00,2021-11-18 03:00:00,long,18766.754106,18788.038180857144,18755.36206857143,18788.038180857144,15.784074857143423,take_profit,1
2021-11-22 01:05:00,2021-11-22 02:20:00,long,19034.790268,19050.85843742857,19026.006183285717,19050.85843742857,10.5681694285704,take_profit,15
2021-11-22 02:20:00,2021-11-22 02:25:00,long,19051.112983,19040.119809071428,19040.119809071428,19071.59933085714,-16.493173928571196,stop_loss,1
2021-11-22 02:30:00,2021-11-22 02:45:00,long,19048.535713,19036.00844932143,19036.00844932143,19072.09024035714,-18.027263678570307,stop_loss,3
2021-11-22 02:55:00,2021-11-22 03:05:00,long,19044.812988,19068.797060714285,19032.070951642858,19068.797060714285,18.484072714283684,take_profit,2
2021-11-22 03:50:00,2021-11-22 04:35:00,long,19063.999337,19052.331163392857,19052.331163392857,19085.835684214286,-17.168173607144126,stop_loss,9
2021-11-23 01:05:00,2021-11-23 01:50:00,short,18680.70417,18705.228015714285,18705.228015714285,18633.15647857143,-30.023845714284107,stop_loss,9
2021-11-23 02:30:00,2021-11-23 02:55:00,short,18656.076915,18686.85984682143,18686.85984682143,18596.011051357145,-36.282931821428065,stop_loss,5
2021-11-24 01:10:00,2021-11-24 01:35:00,short,18722.513229,18692.14734307143,18738.446171964286,18692.14734307143,24.865885928571515,take_profit,5
2021-11-24 02:05:00,2021-11-24 02:50:00,short,18689.581436,18654.429189785715,18707.907559107145,18654.429189785715,29.652246214285697,take_profit,9
2021-11-24 03:35:00,2021-11-24 04:45:00,short,18657.795096,18614.72694692857,18680.079170535715,18614.72694692857,37.568149071430526,take_profit,14
2021-11-24 04:55:00,2021-11-24 05:15:00,short,18587.636058,18615.473537535716,18615.473537535716,18533.461098928572,-33.33747953571583,stop_loss,4
2021-11-25 01:05:00,2021-11-25 01:20:00,long,18805.699531,18796.915446285715,18796.915446285715,18821.76770042857,-14.284084714283381,stop_loss,3
2021-11-25 01:45:00,2021-11-25 02:15:00,long,18801.117716,18817.492703142856,18792.180222428575,18817.492703142856,10.874987142855389,take_profit,6
2021-11-25 02:30:00,2021-11-25 03:45:00,long,18817.726795,18807.255211571428,18807.255211571428,18837.16996185714,-15.971583428570739,stop_loss,15
2021-11-26 02:15:00,2021-11-26 02:40:00,short,18516.617929,18561.176986714287,18561.176986714287,18428.999813571427,-50.05905771428661,stop_loss,5
2021-11-26 03:00:00,2021-11-26 06:05:00,short,18534.086098,18591.470146071428,18591.470146071428,18420.81800185714,-62.88404807142797,stop_loss,37
2021-11-29 01:35:00,2021-11-29 02:55:00,short,18580.190609,18533.440644571434,18604.315591214287,18533.440644571434,41.24996442856718,take_profit,16
2021-11-30 01:05:00,2021-11-30 03:00:00,long,18710.054148,18664.574636499998,18664.574636499998,18799.513171,-50.979511500001536,stop_loss,23
2021-11-30 03:00:00,2021-11-30 06:25:00,short,18664.381455,18700.687109857143,18700.687109857143,18593.270145285715,-41.80565485714396,stop_loss,41
2021-12-01 03:05:00,2021-12-01 08:30:00,long,18732.676859,18697.445066785713,18697.445066785713,18801.640443428572,-40.73179221428654,stop_loss,65
2021-12-02 01:55:00,2021-12-02 02:20:00,short,18250.58631,18280.326060714284,18280.326060714284,18192.60680857143,-35.23975071428504,stop_loss,5
2021-12-03 02:15:00,2021-12-03 02:40:00,short,18298.409002,18243.129498214286,18326.798753892857,18243.129498214286,49.77950378571404,take_profit,5
2021-12-03 03:35:00,2021-12-03 05:40:00,short,18262.613574,18293.64195992857,18293.64195992857,18202.05680214286,-36.52838592857006,stop_loss,25
2021-12-06 04:20:00,2021-12-06 04:30:00,short,17961.359255,17896.507031499998,17994.53536675,17896.507031499998,59.352223500001855,take_profit,2
2021-12-07 03:40:00,2021-12-07 04:50:00,long,18452.899796,18504.98839307143,18426.105497464287,18504.98839307143,46.58859707142983,take_profit,14
2021-12-08 04:10:00,2021-12-08 04:35:00,long,18758.449567,18738.681399607143,18738.681399607143,18796.485901785712,-25.268167392856412,stop_loss,5
2021-12-09 01:20:00,2021-12-09 02:05:00,long,18777.635916,18766.45865167857,18766.45865167857,18798.490444642855,-16.677264321428083,stop_loss,9
2021-12-09 03:40:00,2021-12-09 04:00:00,long,18744.704122,18730.612086714285,18730.612086714285,18771.388192571427,-19.59203528571379,stop_loss,4
2021-12-10 01:25:00,2021-12-10 01:55:00,short,18502.872485,18513.466795642857,18513.466795642857,18483.183863714286,-16.094310642856726,stop_loss,6
2021-12-10 03:25:00,2021-12-10 03:35:00,short,18540.386093,18557.669035107145,18557.669035107145,18507.320208785717,-22.782942107143754,stop_loss,2
2021-12-13 02:35:00,2021-12-13 03:15:00,long,18751.576844,18781.513185,18735.8586735,18781.513185,24.43634100000054,take_profit,8
2021-12-13 04:00:00,2021-12-13 04:15:00,long,18779.354096,18765.415469571428,18765.415469571428,18805.73134885714,-19.438626428571297,stop_loss,3
2021-12-14 03:10:00,2021-12-14 03:35:00,short,18444.167983,18412.513461214287,18460.745243892856,18412.513461214287,26.15452178571286,take_profit,5
2021-12-14 04:10:00,2021-12-14 06:20:00,short,18310.149902,18348.020328464285,18348.020328464285,18235.90904907143,-43.37042646428381,stop_loss,26
2021-12-15 02:55:00,2021-12-15 03:15:00,short,18249.440857,18204.47043642857,18272.676067285716,18204.47043642857,39.47042057142971,take_profit,4
2021-12-15 03:40:00,2021-12-15 05:00:00,short,18187.586358,18215.454519178573,18215.454519178573,18133.35003564286,-33.368161178572336,stop_loss,16
2021-12-16 01:15:00,2021-12-16 01:55:00,long,18801.40408,18782.218866714284,18782.218866714284,18838.27450657143,-24.6852132857166,stop_loss,8
2021-12-16 04:40:00,2021-12-16 05:10:00,long,18782.504094,18812.31770757143,18766.847287214285,18812.31770757143,24.313613571430324,take_profit,6
2021-12-17 03:00:00,2021-12-17 03:10:00,short,18077.622804,18000.068316499997,18117.150047749998,18000.068316499997,72.05448750000141,take_profit,2
2021-12-17 03:40:00,2021-12-17 03:50:00,short,18001.16377,18051.951232392857,18051.951232392857,17901.088845214283,-56.28746239285829,stop_loss,2
2021-12-17 04:25:00,2021-12-17 05:25:00,short,18005.459221,18045.38532782143,18045.38532782143,17927.107007357143,-45.42610682142913,stop_loss,12
2021-12-20 02:05:00,2021-12-20 03:05:00,short,17834.500259,17760.075315357142,17872.46273082143,17760.075315357142,68.92494364285812,take_profit,12
2021-12-21 01:05:00,2021-12-21 01:25:00,long,18112.986414,18093.126201357143,18093.126201357143,18151.206839285715,-25.360212642855913,stop_loss,4
2021-12-21 04:25:00,2021-12-21 04:35:00,short,18027.509205,18054.886457642853,18054.886457642853,17974.254699714285,-32.87725264285473,stop_loss,2
2021-12-22 01:10:00,2021-12-22 01:25:00,long,18290.531736,18272.788567214287,18272.788567214287,18324.51807357143,-23.24316878571335,stop_loss,3
2021-12-22 03:30:00,2021-12-22 05:55:00,long,18244.713588,18299.011273214284,18216.814745392854,18299.011273214284,48.79768521428559,take_profit,29
2021-12-23 01:35:00,2021-12-23 02:10:00,long,18530.21792,18519.930427392857,18519.930427392857,18549.292905214283,-15.787492607141758,stop_loss,7
2021-12-23 03:30:00,2021-12-23 04:50:00,long,18528.499739,18560.522441571426,18511.738387714286,18560.522441571426,26.522702571426635,take_profit,16
2021-12-23 04:50:00,2021-12-23 07:00:00,long,18555.131537,18574.697431285716,18544.59858985714,18574.697431285716,14.06589428571533,take_profit,26
2021-12-27 01:55:00,2021-12-27 02:10:00,long,18689.722345,18710.822328285714,18678.422353357142,18710.822328285714,15.599983285716007,take_profit,3
2021-12-27 02:10:00,2021-12-27 02:25:00,long,18706.617787,18692.43370667857,18692.43370667857,18733.485947642857,-19.684080321429064,stop_loss,3
2021-12-27 02:30:00,2021-12-27 06:30:00,long,18705.18597,18735.735946214285,18689.160981892855,18735.735946214285,25.04997621428629,take_profit,48
2021-12-28 04:30:00,2021-12-28 05:40:00,long,19071.158423,19057.31184214286,19057.31184214286,19097.351584714288,-19.346580857141817,stop_loss,14
2021-12-29 01:35:00,2021-12-29 02:00:00,long,18962.626686,18952.553965964285,18952.553965964285,18981.272126071428,-15.572720035714156,stop_loss,5
2021-12-29 02:40:00,2021-12-29 03:20:00,long,18964.917593,18946.95965121428,18946.95965121428,18999.333476571428,-23.457941785716685,stop_loss,8
2021-12-30 01:20:00,2021-12-30 01:30:00,long,18881.013111,18899.413096857144,18871.06311807143,18899.413096857144,12.899985857144202,take_profit,2
2021-12-30 01:30:00,2021-12-30 01:50:00,long,18904.494912,18892.888102321427,18892.888102321427,18926.20853135714,-17.106809678571153,stop_loss,4
2021-12-30 01:55:00,2021-12-30 03:00:00,long,18898.48128,18922.5880795,18885.67788025,18922.5880795,18.606799500001216,take_profit,13
2021-12-31 03:15:00,2021-12-31 05:50:00,short,18791.813177,18764.331380285712,18806.304075357144,18764.331380285712,21.981796714288066,take_profit,31
2022-01-03 01:00:00,2022-01-03 02:15:00,short,18778.067733,18792.09840467857,18792.09840467857,18751.506389642855,-19.530671678570798,stop_loss,15
2022-01-03 03:15:00,2022-01-03 03:50:00,short,18778.926823,18793.387040142858,18793.387040142858,18751.506388714286,-19.96021714285598,stop_loss,7
2022-01-04 04:55:00,2022-01-04 06:10:00,long,18952.89033,18938.614203999998,18938.614203999998,18979.942582,-19.77612600000066,stop_loss,15
2022-01-05 02:00:00,2022-01-05 02:10:00,short,18565.586074,18586.182649821425,18586.182649821425,18525.892922357143,-26.096575821426086,stop_loss,2
2022-01-06 02:10:00,2022-01-06 06:45:00,short,18023.500117,17943.73654092857,18064.131905035712,17943.73654092857,74.26357607142927,take_profit,55
2022-01-07 02:15:00,2022-01-07 02:40:00,short,18010.3274,17961.000164714285,18035.741017642857,17961.000164714285,43.82723528571296,take_profit,5
2022-01-10 02:00:00,2022-01-10 02:10:00,short,17914.682017,17868.422961214288,17938.561544892855,17868.422961214288,40.7590557857111,take_profit,2
2022-01-10 02:50:00,2022-01-10 03:05:00,short,17809.300278,17852.26388235714,17852.26388235714,17724.873069285713,-48.463604357140866,stop_loss,3
2022-01-10 03:10:00,2022-01-10 05:40:00,short,17851.682064,17755.963954571427,17900.291118714285,17755.963954571427,90.21810942857337,take_profit,30
2022-01-11 02:25:00,2022-01-11 03:10:00,short,17882.895677,17913.279745535714,17913.279745535714,17823.627539928573,-35.884068535713595,stop_loss,9
2022-01-11 04:00:00,2022-01-11 05:00:00,long,18009.322856,17977.83424285714,17977.83424285714,18070.800082285714,-36.9886131428575,stop_loss,12
2022-01-12 01:35:00,2022-01-12 01:55:00,long,18187.154541,18169.8102355,18169.8102355,18220.343151999998,-22.84430549999888,stop_loss,4
2022-01-12 03:15:00,2022-01-12 04:20:00,long,18106.400056,18182.420452785715,18067.63985760714,18182.420452785715,70.520396785716,take_profit,13
2022-01-12 04:20:00,2022-01-12 04:30:00,long,18183.718179,18157.230698392857,18157.230698392857,18235.193140214287,-31.98748060714206,stop_loss,2
2022-01-12 04:35:00,2022-01-12 06:05:00,long,18171.118189,18144.814799428572,18144.814799428572,18222.22496814286,-31.803389571428852,stop_loss,18
2022-01-13 01:05:00,2022-01-13 02:00:00,long,18150.213659,18183.279543,18132.930717000003,18183.279543,27.56588399999964,take_profit,11
2022-01-13 02:40:00,2022-01-13 02:50:00,long,18217.795427,18196.094306571427,18196.094306571427,18259.697667857145,-27.20112042857363,stop_loss,2
2022-01-13 03:50:00,2022-01-13 04:25:00,long,18195.172716,18232.656778214285,18175.680684892857,18232.656778214285,31.984062214283767,take_profit,7
2022-01-14 02:00:00,2022-01-14 02:10:00,short,17725.395795,17752.343502392858,17752.343502392858,17673.000380214286,-32.44770739285741,stop_loss,2
2022-01-14 02:25:00,2022-01-14 04:30:00,short,17785.24575,17718.368527785715,17819.43436110714,17718.368527785715,61.37722221428339,take_profit,25
2022-01-17 02:00:00,2022-01-17 02:35:00,short,17823.618449,17846.086614464286,17846.086614464286,17780.182118071432,-27.96816546428454,stop_loss,7
2022-01-17 04:30:00,2022-01-17 06:00:00,short,17882.036587,17901.528617892855,17901.528617892855,17844.552525214283,-24.992030892855837,stop_loss,18
2022-01-18 01:20:00,2022-01-18 02:10:00,short,17681.582192,17634.15722757143,17706.04467421429,17634.15722757143,41.92496442857009,take_profit,10
2022-01-18 02:15:00,2022-01-18 03:20:00,short,17573.909545,17502.1232355,17610.55269975,17502.1232355,66.28630949999933,take_profit,13
2022-01-18 03:55:00,2022-01-18 04:25:00,short,17535.82321,17575.779998571426,17575.779998571426,17457.409632857143,-45.45678857142775,stop_loss,6
2022-01-20 01:45:00,2022-01-20 02:15:00,short,17336.227905,17288.987031285713,17360.59834185714,17288.987031285713,41.74087371428686,take_profit,6
2022-01-20 02:40:00,2022-01-20 03:00:00,short,17273.227953,17314.473377107144,17314.473377107144,17192.237104785716,-46.74542410714275,stop_loss,4
2022-01-20 03:05:00,2022-01-20 03:30:00,short,17274.373406,17318.68700960714,17318.68700960714,17187.246198785713,-49.813603607140976,stop_loss,5
2022-01-21 02:40:00,2022-01-21 03:30:00,short,16878.905521,16927.11571242857,16927.11571242857,16783.98513814286,-53.7101914285704,stop_loss,10
2022-01-24 01:35:00,2022-01-24 01:55:00,short,16593.40119,16621.177306035715,16621.177306035715,16539.34895792857,-33.27611603571495,stop_loss,4
2022-01-25 02:05:00,2022-01-25 02:10:00,short,16289.855963,16359.6354565,16359.6354565,16151.796976,-75.27949350000017,stop_loss,1
2022-01-25 02:55:00,2022-01-25 03:20:00,short,16281.837787,16357.722957535714,16357.722957535714,16131.567445928571,-81.38517053571377,stop_loss,5
2022-01-26 01:15:00,2022-01-26 01:30:00,short,16211.678749,16240.866227571429,16240.866227571429,16154.803791857143,-34.68747857142807,stop_loss,3
2022-01-26 01:45:00,2022-01-26 02:00:00,short,16271.24234,16304.633224642857,16304.633224642857,16205.960570714287,-38.89088464285669,stop_loss,3
2022-01-26 03:55:00,2022-01-26 05:00:00,short,16498.328534,16550.189859464284,16550.189859464284,16396.10588307143,-57.361325464284164,stop_loss,13
2022-01-27 01:05:00,2022-01-27 01:10:00,short,15954.524396,16004.851631714286,16004.851631714286,15855.369924571429,-55.82723571428505,stop_loss,1
2022-01-28 01:00:00,2022-01-28 01:05:00,short,16163.283331,16194.741262178572,16194.741262178572,16101.867468642859,-36.957931178571016,stop_loss,1
2022-01-28 01:15:00,2022-01-28 02:10:00,short,16195.06967,16129.971992071429,16228.368508964286,16129.971992071429,59.59767792857201,take_profit,11
2022-01-28 02:10:00,2022-01-28 03:15:00,short,16113.742459,16162.965149571428,16162.965149571428,16016.797077857142,-54.72269057142876,stop_loss,13
2022-01-28 04:35:00,2022-01-28 05:00:00,short,16037.569788,16084.12316257143,16084.12316257143,15945.963038857142,-52.05337457142923,stop_loss,5
2022-01-31 02:10:00,2022-01-31 02:20:00,long,16570.060299,16534.828506892856,16534.828506892856,16639.023883214286,-40.73179210714443,stop_loss,2
2022-01-31 02:25:00,2022-01-31 03:10:00,long,16572.351206,16656.717051214284,16529.418283392857,16656.717051214284,78.86584521428449,take_profit,9
2022-02-01 01:45:00,2022-02-01 01:50:00,long,17098.687175,17072.936057892857,17072.936057892857,17148.689409214283,-31.25111710714191,stop_loss,1
2022-02-01 01:55:00,2022-02-01 02:20:00,long,17071.769013,17129.87124121429,17041.967898892857,17129.87124121429,52.60222821428761,take_profit,5
2022-02-01 02:20:00,2022-02-01 03:20:00,long,17115.296254,17083.500822928574,17083.500822928574,17177.387116142858,-37.29543107142672,stop_loss,12
2022-02-01 04:05:00,2022-02-01 04:55:00,long,17072.628104,17028.130409892856,17028.130409892856,17160.123492214283,-49.997694107143616,stop_loss,10
2022-02-02 01:40:00,2022-02-02 01:45:00,long,17400.514221,17378.843782214288,17378.843782214288,17442.35509857143,-27.170438785713486,stop_loss,1
2022-02-03 01:45:00,2022-02-03 02:20:00,long,16993.305436,16970.806588892858,16970.806588892858,17036.80313021428,-27.998847107141046,stop_loss,7
2022-02-03 03:35:00,2022-02-03 05:00:00,short,16976.555448,16922.0123075,17004.57701825,16922.0123075,49.04314049999812,take_profit,17
2022-02-04 01:05:00,2022-02-04 01:10:00,long,16977.269084,16953.757737535714,16953.757737535714,17022.79177692857,-29.011346464285452,stop_loss,1
2022-02-04 01:20:00,2022-02-04 01:55:00,short,16925.296395,16873.7600705,16951.81455725,16873.7600705,46.036324500000774,take_profit,7
2022-02-04 02:10:00,2022-02-04 03:20:00,short,16897.23278,16825.016925571428,16934.090707214284,16825.016925571428,66.71585442857031,take_profit,14
2022-02-04 03:55:00,2022-02-04 04:20:00,short,16821.9192,16755.226068285712,16856.015765857144,16755.226068285712,61.19313171428803,take_profit,5
2022-02-04 04:20:00,2022-02-04 05:45:00,short,16737.155627,16660.153412714284,16776.406734142856,16660.153412714284,71.50221428571604,take_profit,17
2022-02-07 01:25:00,2022-02-07 01:50:00,long,16877.32825,16849.67486117857,16849.67486117857,16931.135027642857,-33.15338882142896,stop_loss,5
2022-02-07 01:55:00,2022-02-07 02:05:00,long,16867.591894,16838.741915214287,16838.741915214287,16923.791851571426,-34.349978785714484,stop_loss,2
2022-02-07 03:15:00,2022-02-07 05:35:00,short,16780.682867,16827.021469,16827.021469,16689.505662999996,-51.83860199999981,stop_loss,28
2022-02-08 01:55:00,2022-02-08 02:20:00,short,16674.728401,16702.5045165,16702.5045165,16620.67617,-33.27611550000074,stop_loss,5
2022-02-08 04:00:00,2022-02-08 04:45:00,short,16673.582948,16702.617017392855,16702.617017392855,16617.014809214288,-34.5340693928556,stop_loss,9
2022-02-08 04:50:00,2022-02-08 05:35:00,short,16686.182938,16632.13070614286,16713.95905392857,16632.13070614286,48.55223185714203,take_profit,9
2022-02-09 02:35:00,2022-02-09 02:50:00,long,16965.241821,17014.630420214286,16939.797521392855,17014.630420214286,43.88859921428593,take_profit,3
2022-02-09 03:05:00,2022-02-09 05:55:00,long,17017.359963,17075.46219142857,16987.558848785713,17075.46219142857,52.602228428571834,take_profit,34
2022-02-10 02:10:00,2022-02-10 02:15:00,long,17226.405261,17209.88936392857,17209.88936392857,17257.93705514286,-22.015897071429208,stop_loss,1
2022-02-10 04:15:00,2022-02-10 06:05:00,long,17173.141665,17205.164367999998,17156.380313499998,17205.164367999998,26.522702999998728,take_profit,22
2022-02-11 03:20:00,2022-02-11 06:15:00,short,16749.182891,16787.513544142857,16787.513544142857,16674.021584714286,-43.830653142857045,stop_loss,35
2022-02-14 01:00:00,2022-02-14 01:15:00,short,16293.578687,16322.367302071429,16322.367302071429,16237.50145685714,-34.288615071429376,stop_loss,3
2022-02-14 01:20:00,2022-02-14 01:35:00,short,16295.296868,16327.399116999999,16327.399116999999,16232.592369999998,-37.602248999999574,stop_loss,3
2022-02-14 02:00:00,2022-02-14 02:05:00,short,16299.878683,16344.407059178571,16344.407059178571,16212.321930642858,-50.0283761785704,stop_loss,1
2022-02-14 02:25:00,2022-02-14 06:40:00,short,16170.442416,16227.673055321427,16227.673055321427,16057.481137357143,-62.73063932142759,stop_loss,51
2022-02-15 02:55:00,2022-02-15 05:45:00,long,16574.069387,16693.351115999998,16513.678522500002,16693.351115999998,113.78172899999845,take_profit,34
2022-02-16 01:55:00,2022-02-16 02:00:00,long,16707.228378,16689.85339107143,16689.85339107143,16740.478351857142,-22.87498692857116,stop_loss,1
2022-02-16 02:10:00,2022-02-16 02:15:00,long,16721.260185,16766.96696735714,16697.65679382143,16766.96696735714,40.20678235714149,take_profit,1
2022-02-16 02:30:00,2022-02-16 02:50:00,long,16771.087421,16739.077217785714,16739.077217785714,16833.607827428572,-37.510203214285866,stop_loss,4
2022-02-16 03:00:00,2022-02-16 03:10:00,long,16785.405592,16743.515850392854,16743.515850392854,16867.685075214285,-47.38974160714497,stop_loss,2
2022-02-18 01:10:00,2022-02-18 02:35:00,short,16323.93321,16344.437740464286,16344.437740464286,16284.424149071428,-26.00453046428629,stop_loss,17
2022-02-18 02:50:00,2022-02-18 07:10:00,short,16337.678654,16282.39915042857,16366.068405785714,16282.39915042857,49.779503571429814,take_profit,52
2022-02-21 03:50:00,2022-02-21 05:25:00,short,16033.560701,15975.274381214285,16063.453860892858,15975.274381214285,52.78631978571502,take_profit,19
2022-02-22 01:55:00,2022-02-22 02:05:00,short,15600.579207,15654.342803642858,15654.342803642858,15494.552013714288,-59.26359664285701,stop_loss,2
2022-02-22 03:55:00,2022-02-22 04:10:00,short,15719.706391,15766.842719785715,15766.842719785715,15626.93373342857,-52.636328785714795,stop_loss,3
2022-02-23 02:10:00,2022-02-23 03:30:00,long,16039.142515,16099.88337842857,16008.022083285714,16099.88337842857,55.240863428571174,take_profit,16
2022-02-23 04:45:00,2022-02-23 06:30:00,short,16020.387983,16050.680005964286,16050.680005964286,15961.30393707143,-35.792022964285934,stop_loss,21
2022-02-24 01:10:00,2022-02-24 02:00:00,short,14992.3433,15053.930754357143,15053.930754357143,14870.668391285715,-67.08745435714263,stop_loss,10
2022-02-24 04:40:00,2022-02-24 07:15:00,short,15065.079609,14941.441065285715,15127.648880857143,14941.441065285715,118.13854371428533,take_profit,31
2022-02-25 04:30:00,2022-02-25 05:05:00,long,15923.451693,15879.352861964288,15879.352861964288,16010.14935507143,-49.598831035713374,stop_loss,7
2022-02-28 01:20:00,2022-02-28 01:35:00,long,15926.601691,16010.537991285713,15883.883540857143,16010.537991285713,78.43630028571351,take_profit,3
2022-02-28 01:35:00,2022-02-28 02:40:00,long,16000.483453,15948.71417332143,15948.71417332143,16102.522012357143,-57.269279678570456,stop_loss,13
2022-02-28 03:40:00,2022-02-28 04:30:00,long,16034.560701,15979.600514714286,15979.600514714286,16142.981073571429,-60.46018628571437,stop_loss,10
2022-02-28 04:30:00,2022-02-28 06:20:00,long,16005.637995,16092.949292285713,15961.232346357141,16092.949292285713,81.81129728571432,take_profit,22
2022-03-01 04:40:00,2022-03-01 05:50:00,long,16181.465136,16142.214028428572,16142.214028428572,16258.467351142857,-44.75110757142829,stop_loss,14
2022-03-02 01:35:00,2022-03-02 02:00:00,short,15985.738009,16029.376613035714,16029.376613035714,15899.960800928573,-49.1386040357138,stop_loss,5
2022-03-02 02:05:00,2022-03-02 02:15:00,short,15982.015285,16034.766382178572,16034.766382178572,15878.013090642857,-58.25109717857231,stop_loss,2
2022-03-02 03:30:00,2022-03-02 07:35:00,long,16116.747003,16057.859546714286,16057.859546714286,16233.02191557143,-64.3874562857145,stop_loss,49
2022-03-03 01:20:00,2022-03-03 01:25:00,long,16314.0514,16294.498004964287,16294.498004964287,16351.658190071428,-25.053395035713038,stop_loss,1
2022-03-03 02:15:00,2022-03-03 02:30:00,long,16309.755949,16283.851422607144,16283.851422607144,16360.065001785715,-31.404526392856496,stop_loss,3
2022-03-04 01:15:00,2022-03-04 01:25:00,short,15960.538028,15993.376639964286,15993.376639964286,15896.36080407143,-38.33861196428552,stop_loss,2
2022-03-04 01:35:00,2022-03-04 02:00:00,short,15977.43347,16016.960713214286,16016.960713214286,15899.878983571429,-45.0272432142865,stop_loss,5
2022-03-04 02:30:00,2022-03-04 03:20:00,short,16022.965254,15926.203963357144,16072.09589932143,15926.203963357144,91.2612906428567,take_profit,10
2022-03-04 03:50:00,2022-03-04 04:20:00,short,15932.188049,15980.67437682143,15980.67437682143,15836.715393357144,-53.98632782142886,stop_loss,6
2022-03-07 01:35:00,2022-03-07 02:05:00,short,15558.483784,15596.323528714287,15596.323528714287,15484.304294571428,-43.33974471428701,stop_loss,6
2022-03-07 02:10:00,2022-03-07 03:05:00,short,15583.683765,15626.831460178571,15626.831460178571,15498.888374642858,-48.64769517857167,stop_loss,11
2022-03-07 04:15:00,2022-03-07 05:55:00,short,15601.724661,15640.668950428571,15640.668950428571,15525.336082142858,-44.44428942857121,stop_loss,20
2022-03-08 01:55:00,2022-03-08 02:00:00,short,15074.815965,15120.264794964285,15120.264794964285,14985.418305071427,-50.94882996428532,stop_loss,1
2022-03-10 01:30:00,2022-03-10 02:00:00,long,15702.951858,15677.354149428573,15677.354149428573,15752.647275142856,-31.097708571427574,stop_loss,6
2022-03-10 03:40:00,2022-03-10 03:50:00,long,15665.151887,15621.114419785714,15621.114419785714,15751.72682142857,-49.53746721428615,stop_loss,2
2022-03-11 01:05:00,2022-03-11 01:20:00,long,15632.220093,15601.253070571429,15601.253070571429,15692.654137857142,-36.467022428571,stop_loss,3
2022-03-11 01:25:00,2022-03-11 01:35:00,long,15608.738293,15579.305360214286,15579.305360214286,15666.104158571428,-34.932932785714,stop_loss,2
2022-03-11 02:45:00,2022-03-11 05:20:00,long,15589.838307,15679.051875357143,15544.481522821428,15679.051875357143,83.71356835714323,take_profit,31
2022-03-14 01:00:00,2022-03-14 01:15:00,short,15263.815823,15291.039666678571,15291.039666678571,15210.868135642859,-32.72384367857012,stop_loss,3
2022-03-14 02:45:00,2022-03-14 03:05:00,short,15279.852175,15318.98055525,15318.98055525,15203.0954145,-44.62838025000019,stop_loss,4
2022-03-14 03:15:00,2022-03-14 04:40:00,short,15287.870351,15331.96918192857,15331.96918192857,15201.172689142857,-49.59883092857126,stop_loss,17
2022-03-15 02:25:00,2022-03-15 02:55:00,short,14865.484304,14906.146773892857,14906.146773892857,14785.659364214285,-46.16246989285719,stop_loss,6
2022-03-16 01:10:00,2022-03-16 02:10:00,long,15535.429257,15602.306478785713,15501.240646107142,15602.306478785713,61.37722178571312,take_profit,12
2022-03-16 02:45:00,2022-03-16 03:30:00,long,15592.129214,15655.079166642858,15559.904237678571,15655.079166642858,57.44995264285717,take_profit,9
2022-03-17 03:25:00,2022-03-17 03:55:00,long,15990.460734,15953.909624714286,15953.909624714286,16062.062952571428,-42.05110928571412,stop_loss,6
2022-03-17 04:55:00,2022-03-17 05:00:00,long,15953.519852,15923.227828928571,15923.227828928571,16012.603898142857,-35.79202307142805,stop_loss,1
2022-03-18 03:35:00,2022-03-18 03:45:00,long,16074.65158,16039.849332928572,16039.849332928572,16142.756074142857,-40.3022470714277,stop_loss,2
2022-03-21 01:00:00,2022-03-21 03:15:00,long,16416.855868,16461.396743214285,16393.835430392857,16461.396743214285,39.04087521428664,take_profit,27
2022-03-21 03:15:00,2022-03-21 03:50:00,long,16458.951291,16427.86154125,16427.86154125,16519.6307905,-36.58974975000092,stop_loss,7
2022-03-21 04:20:00,2022-03-21 06:15:00,long,16454.369477,16508.851253999997,16426.3785885,16508.851253999997,48.98177699999724,take_profit,23
2022-03-22 02:45:00,2022-03-22 03:10:00,long,16461.814926,16502.183077214286,16440.880850392856,16502.183077214286,34.86815121428663,take_profit,5
2022-03-22 03:10:00,2022-03-22 06:50:00,long,16501.046714,16475.01946060714,16475.01946060714,16551.601220785713,-31.527253392858256,stop_loss,44
2022-03-23 01:15:00,2022-03-23 01:25:00,long,16808.028302,16799.02944492857,16799.02944492857,16824.52601614286,-14.498857071430393,stop_loss,2
2022-03-23 04:15:00,2022-03-23 04:30:00,long,16761.637428,16742.605623464286,16742.605623464286,16798.20103707143,-24.53180453571622,stop_loss,3
2022-03-24 02:25:00,2022-03-24 03:05:00,long,16631.342071,16670.17613235714,16611.17504032143,16670.17613235714,33.33406135714176,take_profit,8
2022-03-24 03:05:00,2022-03-24 05:00:00,long,16669.428406,16641.10001803571,16641.10001803571,16724.58518192857,-33.828387964287685,stop_loss,23
2022-03-25 01:15:00,2022-03-25 02:05:00,long,16940.328203,16923.81230592857,16923.81230592857,16971.859997142856,-22.015897071429208,stop_loss,10
2022-03-25 02:10:00,2022-03-25 02:15:00,long,16935.746388,16919.56799092857,16919.56799092857,16966.603182142855,-21.678397071427753,stop_loss,1
2022-03-25 04:10:00,2022-03-25 05:25:00,long,16867.878257,16925.980485642856,16838.077142678572,16925.980485642856,52.60222864285606,take_profit,15
2022-03-28 01:20:00,2022-03-28 02:05:00,long,16829.505559,16868.462348,16809.277164500003,16868.462348,33.456788999999844,take_profit,9
2022-03-28 02:25:00,2022-03-28 03:00:00,long,16865.014623,16837.45327975,16837.45327975,16918.6373095,-33.06134324999948,stop_loss,7
2022-03-28 03:40:00,2022-03-28 04:20:00,long,16845.255547,16820.516929035715,16820.516929035715,16893.23278292857,-30.238617964285368,stop_loss,8
2022-03-28 04:25:00,2022-03-28 05:20:00,long,16843.251003,16890.798695285714,16818.727156857145,16890.798695285714,42.0476922857124,take_profit,11
2022-03-29 01:35:00,2022-03-29 02:05:00,long,17192.900741,17173.34734596429,17173.34734596429,17230.507531071427,-25.053395035713038,stop_loss,6
2022-03-29 02:20:00,2022-03-29 02:45:00,long,17212.373453,17186.40756289286,17186.40756289286,17262.805233214283,-31.465890107141604,stop_loss,5
2022-03-29 04:05:00,2022-03-29 04:20:00,long,17220.105266,17263.725687642855,17197.54505517857,17263.725687642855,38.120421642855945,take_profit,3
2022-03-30 04:30:00,2022-03-30 05:00:00,long,17379.896055,17363.56424864286,17363.56424864286,17411.059667714286,-21.83180635714234,stop_loss,6
2022-03-31 01:05:00,2022-03-31 01:35:00,long,17335.509725,17319.85291842857,17319.85291842857,17365.323338142858,-21.156806571430934,stop_loss,6
2022-03-31 01:50:00,2022-03-31 02:10:00,long,17334.650634,17366.305155571434,17318.073373214287,17366.305155571434,26.15452157143227,take_profit,4
2022-03-31 02:10:00,2022-03-31 03:15:00,long,17359.277889,17339.571085214287,17339.571085214287,17397.19149657143,-25.20680378571342,stop_loss,13
2022-03-31 04:15:00,2022-03-31 05:00:00,long,17346.677898,17328.904047142856,17328.904047142856,17380.72559971429,-23.27385085714559,stop_loss,9
2022-04-01 01:05:00,2022-04-01 01:15:00,short,17076.496282,17090.557635321427,17090.557635321427,17049.87357535714,-19.561353321427305,stop_loss,2
2022-04-01 02:25:00,2022-04-01 05:00:00,short,17101.982626,17124.17465507143,17124.17465507143,17059.098567857145,-27.692029071429715,stop_loss,31
2022-04-04 02:40:00,2022-04-04 03:20:00,short,17003.473609,17028.519045428573,17028.519045428573,16954.88273614286,-30.54543642857243,stop_loss,8
2022-04-05 03:05:00,2022-04-05 03:55:00,long,17393.641499,17365.957428535716,17365.957428535716,17447.509639928572,-33.18407046428547,stop_loss,10
2022-04-06 03:30:00,2022-04-06 05:35:00,short,16862.869169,16798.814671642856,16895.646417678574,16798.814671642856,58.55449735714501,take_profit,25
2022-04-08 03:30:00,2022-04-08 03:55:00,short,16751.187435,16707.321558928572,16773.870373035716,16707.321558928572,38.36587607142792,take_profit,5
2022-04-08 04:00:00,2022-04-08 06:05:00,short,16693.342024,16715.043144428575,16715.043144428575,16651.439783142858,-27.20112042857363,stop_loss,25
2022-04-11 03:05:00,2022-04-11 08:30:00,short,16278.974153,16176.628775285715,16330.896841857142,16176.628775285715,96.84537771428404,take_profit,65
2022-04-12 02:00:00,2022-04-12 03:15:00,short,15989.17437,16013.544806642858,16013.544806642858,15941.933496714286,-29.870436642857385,stop_loss,15
2022-04-12 04:10:00,2022-04-12 04:30:00,short,16028.978886,16055.619775357143,16055.619775357143,15977.197107285716,-32.14088935714244,stop_loss,4
2022-04-13 01:05:00,2022-04-13 02:05:00,short,16114.601549,16066.992494714288,16139.156076142857,16066.992494714288,42.10905428571277,take_profit,12
2022-04-18 01:45:00,2022-04-18 03:00:00,short,15789.579065,15808.18132407143,15808.18132407143,15753.874546857143,-24.102259071429216,stop_loss,15
2022-04-18 03:55:00,2022-04-18 04:20:00,short,15822.510859,15782.756343428571,15843.138116785714,15782.756343428571,34.25451557142878,take_profit,5
2022-04-19 04:50:00,2022-04-19 05:00:00,short,15852.292655,15884.548313071427,15884.548313071427,15789.281338857143,-37.755658071428115,stop_loss,2
2022-04-20 01:55:00,2022-04-20 02:00:00,long,16145.383345,16124.29586075,16124.29586075,16186.0583135,-26.58748424999976,stop_loss,1
2022-04-20 02:05:00,2022-04-20 03:00:00,long,16173.160597,16145.077663357142,16145.077663357142,16227.826464285714,-33.582933642857824,stop_loss,11
2022-04-20 04:00:00,2022-04-20 04:25:00,long,16211.246932,16256.033261214287,16188.103767392857,16256.033261214287,39.286329214286525,take_profit,5
2022-04-22 03:10:00,2022-04-22 07:15:00,short,15717.701847,15761.002951464287,15761.002951464287,15632.59963807143,-48.801104464286254,stop_loss,49
2022-04-25 01:40:00,2022-04-25 02:15:00,short,15175.329526,15214.27381542857,15214.27381542857,15098.940947142857,-44.44428942857121,stop_loss,7
2022-04-25 03:10:00,2022-04-25 07:55:00,short,15195.088602,15256.79878367857,15256.79878367857,15073.168238642857,-67.21018167857073,stop_loss,57
2022-04-26 01:05:00,2022-04-26 01:45:00,short,15504.074734,15463.522491857142,15525.100855071429,15463.522491857142,35.05224214285772,take_profit,8
2022-04-26 02:35:00,2022-04-26 03:10:00,short,15412.438439,15452.057728,15452.057728,15334.699861000001,-45.11928900000021,stop_loss,7
2022-04-27 01:40:00,2022-04-27 02:00:00,short,14977.452402,15008.726242892857,15008.726242892857,14916.404720214286,-36.77384089285624,stop_loss,4
2022-04-27 02:10:00,2022-04-27 02:25:00,short,14977.738765,14903.497911642857,15015.609191678572,14903.497911642857,68.74085335714335,take_profit,3
2022-04-27 04:30:00,2022-04-27 05:00:00,short,15032.147815,15069.55801425,15069.55801425,14958.8274165,-42.910199250000005,stop_loss,6
2022-04-28 03:10:00,2022-04-28 05:15:00,long,15241.047659,15200.692007035714,15200.692007035714,15320.258962928572,-45.85565196428615,stop_loss,25
2022-04-29 01:35:00,2022-04-29 01:50:00,long,15359.315753,15327.182822035715,15327.182822035715,15422.081614928571,-37.63293096428606,stop_loss,3
2022-04-29 03:25:00,2022-04-29 03:35:00,long,15316.647603,15277.979449749999,15277.979449749999,15392.4839095,-44.168153250000614,stop_loss,2
2022-05-02 01:20:00,2022-05-02 01:55:00,short,14816.802522,14847.86159,14847.86159,14756.184385999999,-36.55906800000048,stop_loss,7
2022-05-02 04:05:00,2022-05-02 04:35:00,short,14768.120741,14811.42184525,14811.42184525,14683.018532500002,-48.80110425000021,stop_loss,6
2022-05-03 01:45:00,2022-05-03 03:00:00,short,14991.197846,15016.580781785713,15016.580781785713,14941.931974428571,-30.882935785713926,stop_loss,15
2022-05-04 01:05:00,2022-05-04 02:15:00,long,15024.843276,15007.46828875,15007.46828875,15058.093250499998,-22.87498724999932,stop_loss,14
2022-05-04 03:05:00,2022-05-04 04:00:00,long,15039.161447,15013.502375142856,15013.502375142856,15088.979590714287,-31.159071857144227,stop_loss,11
2022-05-04 04:15:00,2022-05-04 04:40:00,short,15004.656927,15026.38872917857,15026.38872917857,14962.69332264286,-27.231802178570433,stop_loss,5
2022-05-05 04:40:00,2022-05-05 07:50:00,long,15374.493014,15344.906672357143,15344.906672357143,15432.165697285713,-35.086341642856496,stop_loss,38
2022-05-06 01:45:00,2022-05-06 02:10:00,short,14722.588957,14660.866276714285,14754.200297142857,14660.866276714285,56.22268028571489,take_profit,5
2022-05-09 02:40:00,2022-05-09 03:20:00,short,14393.271022,14320.564258714287,14430.374403642858,14320.564258714287,67.20676328571426,take_profit,8
2022-05-09 04:30:00,2022-05-09 05:35:00,short,14280.15747,14208.371160285715,14316.800624857144,14208.371160285715,66.28630971428538,take_profit,13
2022-05-11 04:25:00,2022-05-11 05:05:00,long,14325.543801,14295.374505142856,14295.374505142856,14384.382392714286,-35.66929585714388,stop_loss,8
2022-05-12 01:45:00,2022-05-12 02:45:00,short,13644.144311,13688.580641392857,13688.580641392857,13556.771650214287,-49.93633039285669,stop_loss,12
2022-05-12 03:00:00,2022-05-12 08:30:00,short,13608.348883,13455.194452928574,13685.676098035714,13455.194452928574,147.65443007142676,take_profit,66
2022-05-13 02:00:00,2022-05-13 02:10:00,short,13840.303255,13872.957776464285,13872.957776464285,13776.49421207143,-38.1545214642847,stop_loss,2
2022-05-13 03:05:00,2022-05-13 04:50:00,long,13932.93955,13884.637312892857,13884.637312892857,14028.044024214283,-53.80223710714199,stop_loss,21
2022-05-16 03:30:00,2022-05-16 04:55:00,long,14114.207596,14077.042850535714,14077.042850535714,14187.037086928573,-42.66474546428617,stop_loss,17
2022-05-17 01:35:00,2022-05-17 02:10:00,long,14139.980303,14122.51327007143,14122.51327007143,14173.414368857142,-22.967032928570916,stop_loss,7
2022-05-17 02:20:00,2022-05-17 02:35:00,long,14148.571206,14187.77344942857,14128.220084285715,14187.77344942857,33.70224342857,take_profit,3
2022-05-17 04:00:00,2022-05-17 06:00:00,long,14320.389259,14284.789285571429,14284.789285571429,14390.089205857143,-41.09997342857059,stop_loss,24
2022-05-18 03:10:00,2022-05-18 03:20:00,long,14316.952898,14290.219962964286,14290.219962964286,14368.918768071428,-32.232935035714036,stop_loss,2
2022-05-18 03:55:00,2022-05-18 05:00:00,long,14295.762005,14339.198335928573,14273.293839535714,14339.198335928573,37.936330928572715,take_profit,13
2022-05-19 01:10:00,2022-05-19 02:20:00,short,13634.121591,13574.178454785713,13664.843159107142,13574.178454785713,54.443136214285914,take_profit,14
2022-05-19 03:00:00,2022-05-19 06:25:00,short,13502.680781,13557.364831214285,13557.364831214285,13394.812680571427,-60.18405021428589,stop_loss,41
2022-05-20 04:40:00,2022-05-20 05:20:00,short,13802.21692,13827.814628678572,13827.814628678572,13752.521502642858,-31.097708678571507,stop_loss,8
2022-05-23 01:30:00,2022-05-23 02:00:00,long,13781.166936,13746.702188821428,13746.702188821428,13848.596430357142,-39.964747178572,stop_loss,6
2022-05-23 03:00:00,2022-05-23 03:35:00,short,13695.403363,13613.798879357142,13736.955604821427,13613.798879357142,76.1044836428573,take_profit,7
2022-05-23 03:35:00,2022-05-23 04:30:00,short,13610.353427,13655.863620464286,13655.863620464286,13520.833040071428,-51.0101934642862,stop_loss,11
2022-05-24 01:05:00,2022-05-24 01:40:00,short,13527.880762,13471.680804642858,13556.730740678573,13471.680804642858,50.69995735714292,take_profit,7
2022-05-24 04:15:00,2022-05-24 04:35:00,short,13499.817147,13528.145535392858,13528.145535392858,13444.660370214284,-33.82838839285796,stop_loss,4
2022-05-25 04:00:00,2022-05-25 05:00:00,short,13482.635341,13516.425088714284,13516.425088714284,13416.555845571427,-39.28974771428511,stop_loss,12
2022-05-26 02:30:00,2022-05-26 02:55:00,long,13664.33066,13707.3988095,13642.04658525,13707.3988095,37.5681495000008,take_profit,5
2022-05-26 04:00:00,2022-05-26 04:25:00,short,13612.644335,13641.6784045,13641.6784045,13556.076196000002,-34.53406949999953,stop_loss,5
2022-05-27 03:30:00,2022-05-27 04:05:00,long,14134.253035,14103.592830392856,14103.592830392856,14194.073444214286,-36.160204607143896,stop_loss,7
2022-05-27 04:25:00,2022-05-27 04:55:00,long,14119.362137,14172.616642500001,14091.98488425,14172.616642500001,47.75450550000096,take_profit,6
2022-05-27 04:55:00,2022-05-27 05:00:00,long,14161.45756,14136.504169142858,14136.504169142858,14209.864341714287,-30.45339085714295,stop_loss,1
2022-05-30 03:20:00,2022-05-30 04:10:00,long,14732.466223,14711.378738428572,14711.378738428572,14773.141192142855,-26.58748457142792,stop_loss,10
2022-05-30 04:15:00,2022-05-30 04:30:00,long,14719.866232,14751.827571285714,14703.135562357143,14751.827571285714,26.46133928571362,take_profit,3
2022-05-31 03:00:00,2022-05-31 04:15:00,long,14533.443645,14493.793674464285,14493.793674464285,14611.243586071429,-45.1499705357146,stop_loss,15
2022-06-01 01:20:00,2022-06-01 01:35:00,long,14498.507307,14469.289146464285,14469.289146464285,14555.443628071429,-34.71816053571456,stop_loss,3
2022-06-01 01:40:00,2022-06-01 03:05:00,long,14492.207312,14464.615286785714,14464.615286785714,14545.89136242857,-33.09202521428597,stop_loss,17
2022-06-01 03:25:00,2022-06-01 06:55:00,long,14445.816438,14520.670927214285,14407.639193392857,14520.670927214285,69.35448921428542,take_profit,42
2022-06-02 01:25:00,2022-06-02 01:45:00,short,14375.802853,14395.478974821428,14395.478974821428,14337.950609357142,-25.17612182142875,stop_loss,4
2022-06-02 02:55:00,2022-06-02 08:00:00,long,14440.089169,14408.968737607143,14408.968737607143,14500.830031785716,-36.62043139285743,stop_loss,61
2022-06-03 01:20:00,2022-06-03 01:50:00,long,14781.720731,14767.690059321429,14767.690059321429,14808.282074357143,-19.530671678570798,stop_loss,6
2022-06-03 03:30:00,2022-06-03 04:15:00,long,14703.829881,14680.748079892857,14680.748079892857,14748.493483214284,-28.581801107142383,stop_loss,9
2022-06-06 01:10:00,2022-06-06 01:25:00,short,14461.139153,14478.514140464285,14478.514140464285,14427.88917807143,-22.87498746428537,stop_loss,3
2022-06-07 01:05:00,2022-06-07 01:25:00,short,14309.939266,14334.064248535713,14334.064248535713,14263.18930092857,-29.62498253571357,stop_loss,4
2022-06-07 01:45:00,2022-06-07 02:10:00,short,14315.093808,14338.08356417857,14338.08356417857,14270.614295642858,-28.489756178571042,stop_loss,5
2022-06-07 04:35:00,2022-06-07 05:15:00,short,14365.207406,14324.164255642856,14386.47898117857,14324.164255642856,35.54315035714353,take_profit,8
2022-06-08 01:20:00,2022-06-08 02:00:00,long,14518.552747,14499.643669785713,14499.643669785713,14554.870901428572,-24.4090772142863,stop_loss,8
2022-06-08 03:00:00,2022-06-08 06:30:00,long,14505.093666,14560.679987714288,14476.550505142857,14560.679987714288,50.086321714286896,take_profit,42
2022-06-10 01:35:00,2022-06-10 02:00:00,short,14105.762147,14127.432585571429,14127.432585571429,14063.921269857143,-27.17043857142926,stop_loss,5
2022-06-10 02:40:00,2022-06-10 03:05:00,short,14067.675811,14099.440560321427,14099.440560321427,14005.646312357141,-37.2647493214281,stop_loss,5
2022-06-10 04:20:00,2022-06-10 04:40:00,short,14090.584885,14116.336002428572,14116.336002428572,14040.582650142856,-31.251117428571888,stop_loss,4
2022-06-10 04:50:00,2022-06-10 07:25:00,short,14090.584885,14118.667818642858,14118.667818642858,14035.919017714285,-33.582933642857824,stop_loss,31
2022-06-13 01:50:00,2022-06-13 02:05:00,short,13251.611902,13286.579351142858,13286.579351142858,13183.177003714285,-40.46744914285773,stop_loss,3
2022-06-13 02:15:00,2022-06-13 03:00:00,short,13261.61134,13186.258463357142,13300.037778321428,13186.258463357142,69.85287664285715,take_profit,9
2022-06-14 02:55:00,2022-06-14 03:55:00,short,13119.619325,13045.307205785713,13157.525384607143,13045.307205785713,68.81211921428621,take_profit,12
2022-06-15 02:45:00,2022-06-15 02:50:00,short,13009.911208,13046.531625964284,13046.531625964284,12938.170372071429,-42.12041796428457,stop_loss,1
2022-06-15 04:35:00,2022-06-15 04:40:00,short,13040.19522,13066.86721775,13066.86721775,12988.3512245,-32.17199774999972,stop_loss,1
2022-06-16 01:10:00,2022-06-16 01:30:00,short,13225.327666,13165.096387071428,13256.193305464285,13165.096387071428,54.731278928571555,take_profit,4
2022-06-16 03:10:00,2022-06-16 04:05:00,short,12999.911771,12878.39822392857,13061.418544535712,12878.39822392857,116.01354707142855,take_profit,11
2022-06-16 04:30:00,2022-06-16 05:00:00,short,12911.916719,12957.812125535715,12957.812125535715,12821.625905928573,-51.395406535713846,stop_loss,6
2022-06-17 01:05:00,2022-06-17 01:30:00,short,12819.921893,12847.29793257143,12847.29793257143,12766.669813857141,-32.87603957142892,stop_loss,5
2022-06-17 01:30:00,2022-06-17 01:45:00,short,12831.349821,12861.358365607142,12861.358365607142,12772.832731785713,-35.50854460714254,stop_loss,3
2022-06-17 01:50:00,2022-06-17 02:20:00,short,12820.493289,12853.83838057143,12853.83838057143,12755.303105857141,-38.84509157142929,stop_loss,6
2022-06-17 03:50:00,2022-06-17 04:00:00,short,12862.205229,12895.672762785713,12895.672762785713,12796.77016142857,-38.967533785713385,stop_loss,2
2022-06-17 04:40:00,2022-06-17 04:55:00,short,12869.919081,12902.774404357142,12902.774404357142,12805.708434285714,-38.35532335714197,stop_loss,3
2022-06-20 04:25:00,2022-06-20 05:00:00,short,12995.911996,13016.523110035714,13016.523110035714,12956.189767928572,-26.1111140357134,stop_loss,7
2022-06-21 02:15:00,2022-06-21 02:30:00,long,13114.619662,13157.096837428571,13092.631074285713,13157.096837428571,36.97717542857208,take_profit,3
2022-06-21 03:55:00,2022-06-21 04:50:00,long,13181.187347,13159.566085607143,13159.566085607143,13222.929869785712,-27.121261392856468,stop_loss,11
2022-06-22 01:50:00,2022-06-22 02:00:00,short,13067.050852,13016.614940785714,13093.018807607143,13016.614940785714,44.935911214286534,take_profit,2
2022-06-22 02:40:00,2022-06-22 05:05:00,short,12975.91312,13014.308948249998,13014.308948249998,12900.6214635,-43.895828249998885,stop_loss,29
2022-06-23 01:55:00,2022-06-23 02:00:00,long,13212.899849,13189.319514107143,13189.319514107143,13258.560518785715,-29.080334892856627,stop_loss,1
2022-06-23 02:20:00,2022-06-23 02:40:00,short,13139.903898,13172.69800025,13172.69800025,13075.8156935,-38.29410224999992,stop_loss,4
2022-06-23 02:55:00,2022-06-23 03:10:00,long,13169.47372,13255.172954,13125.874103,13255.172954,80.1992339999997,take_profit,3
2022-06-23 03:40:00,2022-06-23 05:10:00,long,13240.326878,13321.067207571428,13199.206713214286,13321.067207571428,75.24032957142845,take_profit,18
2022-06-24 03:25:00,2022-06-24 08:30:00,long,13524.596607,13578.52211735714,13496.883851821429,13578.52211735714,48.42551035714132,take_profit,61
2022-06-27 02:50:00,2022-06-27 04:05:00,long,13986.284929,13950.7971005,13950.7971005,14055.760585999999,-40.98782849999952,stop_loss,15
2022-06-28 01:40:00,2022-06-28 02:10:00,long,13838.57895,13889.137302999998,13812.549773499999,13889.137302999998,45.05835299999853,take_profit,6
2022-06-28 04:25:00,2022-06-28 04:30:00,long,13846.007103,13825.763315499998,13825.763315499998,13884.994678000001,-25.743787500001417,stop_loss,1
2022-06-29 01:20:00,2022-06-29 01:50:00,short,13355.320355,13315.965453357143,13375.74780582143,13315.965453357143,33.85490164285693,take_profit,6
2022-06-29 02:20:00,2022-06-29 03:05:00,short,13338.749859,13367.748256464285,13367.748256464285,13282.253064071429,-34.49839746428552,stop_loss,9
2022-06-30 01:00:00,2022-06-30 01:25:00,short,13244.755145,13192.911149714286,13271.427142642857,13192.911149714286,46.34399528571339,take_profit,5
2022-06-30 04:10:00,2022-06-30 04:55:00,short,13110.191283,13144.699574642857,13144.699574642857,13042.674699714285,-40.00829164285642,stop_loss,9
2022-07-01 02:00:00,2022-07-01 02:05:00,short,13028.195894,13062.520522214287,13062.520522214287,12961.046637571428,-39.82462821428635,stop_loss,1
2022-07-01 02:55:00,2022-07-01 03:20:00,short,13071.907722,13110.395381642857,13110.395381642857,12996.432402714285,-43.98765964285667,stop_loss,5
2022-07-04 03:05:00,2022-07-04 04:30:00,short,13175.901874,13202.941198071429,13202.941198071429,13123.323225857142,-32.53932407142929,stop_loss,17
2022-07-05 03:15:00,2022-07-05 03:45:00,short,13251.040505,13184.687121571429,13284.967196714286,13184.687121571429,60.85338342857176,take_profit,6
2022-07-06 02:15:00,2022-07-06 03:30:00,long,13506.597619,13472.303600964286,13472.303600964286,13573.68565507143,-39.794018035714544,stop_loss,15
2022-07-06 04:40:00,2022-07-06 06:10:00,long,13477.170702,13449.457947035713,13449.457947035713,13531.09621192857,-33.21275496428643,stop_loss,18
2022-07-07 03:00:00,2022-07-07 04:50:00,long,13635.161817,13611.152934892858,13611.152934892858,13681.679581214286,-29.5088821071422,stop_loss,22
2022-07-08 03:05:00,2022-07-08 03:20:00,long,13836.86476,13816.529140357143,13816.529140357143,13876.035999285716,-25.835619642857637,stop_loss,3
2022-07-11 04:00:00,2022-07-11 05:00:00,long,13793.152933,13769.541987714285,13769.541987714285,13838.874823571428,-29.11094528571448,stop_loss,12
2022-07-12 01:45:00,2022-07-12 02:00:00,short,13481.598968,13502.85290275,13502.85290275,13440.591098500001,-26.753934750000553,stop_loss,3
2022-07-13 02:35:00,2022-07-13 03:45:00,short,13490.455613,13516.148073785715,13516.148073785715,13440.570691428571,-31.192460785714502,stop_loss,14
2022-07-13 04:40:00,2022-07-13 06:10:00,short,13500.455051,13518.800986214286,13518.800986214286,13465.26318057143,-23.84593521428542,stop_loss,18
2022-07-14 01:15:00,2022-07-14 02:05:00,short,13383.033083,13342.514981285716,13404.042133857143,13342.514981285716,35.01810171428406,take_profit,10
2022-07-14 02:05:00,2022-07-14 02:15:00,short,13341.892539,13369.299188964287,13369.299188964287,13288.579239071429,-32.90664996428677,stop_loss,2
2022-07-14 02:30:00,2022-07-14 03:35:00,short,13371.890852,13310.924920857142,13403.12381757143,13310.924920857142,55.46593114285861,take_profit,13
2022-07-14 04:15:00,2022-07-14 04:50:00,short,13291.609653,13328.566786571428,13328.566786571428,13219.195385857141,-42.45713357142813,stop_loss,7
2022-07-15 02:35:00,2022-07-15 02:50:00,long,13506.026222,13478.252245392858,13478.252245392858,13560.074175214286,-33.273976607142686,stop_loss,3
2022-07-15 02:55:00,2022-07-15 03:50:00,long,13491.169915,13544.177110142857,13463.916317428571,13544.177110142857,47.50719514285629,take_profit,11
2022-07-15 04:05:00,2022-07-15 04:20:00,long,13535.167441,13510.393295642858,13510.393295642858,13583.215731714285,-30.274145357141606,stop_loss,3
2022-07-15 04:30:00,2022-07-15 04:50:00,long,13527.739287,13505.291541357143,13505.291541357143,13571.134778285714,-27.947745642857626,stop_loss,4
2022-07-18 02:10:00,2022-07-18 02:30:00,long,13846.007103,13885.4844475,13825.51843075,13885.4844475,33.97734450000098,take_profit,4
2022-07-18 03:20:00,2022-07-18 06:00:00,long,13892.861611,13870.9342445,13870.9342445,13935.216344,-27.427366500000062,stop_loss,32
2022-07-19 01:45:00,2022-07-19 02:00:00,short,13639.018687,13654.609674964286,13654.609674964286,13609.336711071428,-21.090987964285887,stop_loss,3
2022-07-19 02:00:00,2022-07-19 02:30:00,long,13666.017225,13646.048932214286,13646.048932214286,13704.453810571427,-25.468292785713857,stop_loss,6
2022-07-19 02:30:00,2022-07-19 03:30:00,short,13618.448415,13643.19194932143,13643.19194932143,13570.461346357144,-30.24353432142925,stop_loss,12
2022-07-20 03:30:00,2022-07-20 05:30:00,long,14063.709146,14038.56767475,14038.56767475,14112.4920885,-30.641471249999086,stop_loss,24
2022-07-21 03:50:00,2022-07-21 04:50:00,long,14197.987309,14247.260020785716,14172.600953107143,14247.260020785716,43.77271178571573,take_profit,12
2022-07-22 03:10:00,2022-07-22 05:45:00,long,14345.693289,14399.129031357144,14318.22541782143,14399.129031357144,47.93574235714368,take_profit,31
2022-07-25 01:30:00,2022-07-25 02:20:00,long,14186.559381,14170.754119214285,14170.754119214285,14216.669904571427,-21.30526178571381,stop_loss,10
2022-07-25 02:20:00,2022-07-25 02:45:00,short,14181.845304,14202.701302142857,14202.701302142857,14141.633307714286,-26.35599814285706,stop_loss,5
2022-07-25 03:00:00,2022-07-25 03:40:00,long,14197.415913,14247.300834785714,14171.723452107144,14247.300834785714,44.38492178571323,take_profit,8
2022-07-25 04:05:00,2022-07-25 07:35:00,long,14243.127628,14220.58805075,14220.58805075,14286.706782500001,-28.03957724999964,stop_loss,42
2022-07-26 03:35:00,2022-07-26 04:05:00,short,14073.565679,14090.31986692857,14090.31986692857,14041.557303142858,-22.2541879285709,stop_loss,6
2022-07-27 03:55:00,2022-07-27 05:30:00,short,14068.994507,14032.027225642856,14088.22814767857,14032.027225642856,31.467281357143293,take_profit,19
2022-07-29 01:20:00,2022-07-29 02:30:00,long,14764.812577,14747.599231571428,14747.599231571428,14797.739267857143,-22.71334542857221,stop_loss,14
2022-07-29 03:10:00,2022-07-29 03:35:00,long,14753.09895,14730.712425785714,14730.712425785714,14796.371998428573,-27.8865242142856,stop_loss,5
2022-07-29 04:45:00,2022-07-29 06:05:00,long,14727.671808,14706.570925642856,14706.570925642856,14768.373572714285,-26.600882357142837,stop_loss,16
2022-08-01 01:10:00,2022-08-01 01:30:00,long,14768.240955,14756.108956214284,14756.108956214284,14791.00495257143,-17.63199878571504,stop_loss,4
2022-08-01 01:40:00,2022-08-01 02:05:00,long,14764.24118,14787.862272214288,14751.680633892856,14787.862272214288,18.121092214287273,take_profit,5
2022-08-01 02:35:00,2022-08-01 03:00:00,long,14812.238481,14795.821008892857,14795.821008892857,14843.573425214287,-21.917472107143112,stop_loss,5
2022-08-01 04:30:00,2022-08-01 06:25:00,long,14790.239718,14815.513778285715,14776.852687857143,14815.513778285715,19.77406028571386,take_profit,23
2022-08-02 03:20:00,2022-08-02 03:35:00,long,14717.67237,14692.102351428572,14692.102351428572,14767.312407142857,-31.07001857142859,stop_loss,3
2022-08-03 03:20:00,2022-08-03 04:10:00,long,14768.812352,14814.166916785714,14745.385069607144,14814.166916785714,39.85456478571359,take_profit,10
2022-08-04 03:50:00,2022-08-04 04:05:00,long,15151.647965,15137.434450392857,15137.434450392857,15178.574994214285,-19.713514607143225,stop_loss,3
2022-08-04 04:10:00,2022-08-04 04:25:00,long,15157.076232,15181.982966285714,15143.872864857143,15181.982966285714,19.406734285714265,take_profit,3
2022-08-04 04:25:00,2022-08-04 04:30:00,long,15184.788959,15171.310097035714,15171.310097035714,15210.246682928571,-18.978861964285898,stop_loss,1
2022-08-08 01:50:00,2022-08-08 02:00:00,long,15159.933214,15188.696874500001,15144.80138375,15188.696874500001,23.263660500000697,take_profit,2
2022-08-08 02:50:00,2022-08-08 03:15:00,long,15185.360355,15166.06549375,15166.06549375,15222.450077500001,-24.794861250000395,stop_loss,5
2022-08-08 03:30:00,2022-08-08 04:10:00,long,15187.931639,15169.861198607143,15169.861198607143,15222.572519785715,-23.570440392857563,stop_loss,8
2022-08-09 01:05:00,2022-08-09 02:00:00,short,15078.937712,15090.396279142858,15090.396279142858,15057.520577714287,-16.958567142857646,stop_loss,11
2022-08-09 02:05:00,2022-08-09 02:15:00,long,15101.650777,15085.876125821429,15085.876125821429,15131.700079357144,-21.27465117857173,stop_loss,2
2022-08-09 02:40:00,2022-08-09 02:55:00,short,15060.367328,15079.998905285714,15079.998905285714,15022.604173428572,-25.13157728571423,stop_loss,3
2022-08-09 03:05:00,2022-08-09 03:20:00,short,15049.796494,15073.621712892857,15073.621712892857,15003.646056214286,-29.325218892856356,stop_loss,3
2022-08-09 04:20:00,2022-08-09 05:05:00,short,15068.938275,15039.07263607143,15084.621094464286,15039.07263607143,24.36563892856975,take_profit,9
2022-08-10 01:20:00,2022-08-10 01:35:00,short,14842.950983,14855.848245035715,14855.848245035715,14818.656458928572,-18.397262035714448,stop_loss,3
2022-08-11 02:10:00,2022-08-11 02:30:00,long,15390.205979,15368.462275714286,15368.462275714286,15432.193385571429,-27.24370328571422,stop_loss,4
2022-08-12 01:30:00,2022-08-12 02:00:00,long,15263.355969,15252.907548892857,15252.907548892857,15282.752809214286,-15.948420107142738,stop_loss,6
2022-08-12 03:10:00,2022-08-12 05:10:00,long,15301.639531,15279.742775107143,15279.742775107143,15343.933042785715,-27.396755892857982,stop_loss,24
2022-08-15 04:10:00,2022-08-15 04:15:00,long,15451.631096,15438.274676035713,15438.274676035713,15476.84393592857,-18.856419964286033,stop_loss,1
2022-08-17 04:05:00,2022-08-17 04:45:00,long,15534.769278,15514.035722071429,15514.035722071429,15574.736389857142,-26.23355592857115,stop_loss,8
2022-08-18 01:20:00,2022-08-18 01:30:00,short,15373.492577,15343.871822071429,15389.052954464287,15343.871822071429,24.12075492857184,take_profit,2
2022-08-18 02:15:00,2022-08-18 02:25:00,short,15336.923204,15359.524002142858,15359.524002142858,15293.221607714286,-28.100798142857457,stop_loss,2
2022-08-18 03:20:00,2022-08-18 03:40:00,short,15363.493139,15384.624631857143,15384.624631857143,15322.730153285715,-26.631492857142803,stop_loss,4
2022-08-19 01:05:00,2022-08-19 01:30:00,short,15398.63402,15374.584380785715,15411.408839607142,15374.584380785715,18.54963921428498,take_profit,5
2022-08-19 02:35:00,2022-08-19 03:15:00,short,15366.921517,15326.158531714287,15388.053009642857,15326.158531714287,35.26298528571351,take_profit,8
2022-08-19 04:50:00,2022-08-19 05:40:00,short,15314.638743,15283.242577785713,15331.086825607143,15283.242577785713,25.896165214286157,take_profit,10
2022-08-22 01:25:00,2022-08-22 02:05:00,short,15053.224873,15069.642344999998,15069.642344999998,15021.889928999999,-21.91747199999918,stop_loss,8
2022-08-22 02:15:00,2022-08-22 02:30:00,short,15041.511246,14995.911798071429,15065.060969964285,14995.911798071429,40.09944792857095,take_profit,3
2022-08-22 03:00:00,2022-08-22 08:35:00,short,14949.802117,14887.672986,14981.616682499998,14887.672986,56.62913099999969,take_profit,67
2022-08-23 01:05:00,2022-08-23 01:10:00,short,14721.814938,14683.072247,14741.9362835,14683.072247,33.24269099999947,take_profit,1
2022-08-23 04:10:00,2022-08-23 04:55:00,short,14781.811564,14801.198256857142,14801.198256857142,14744.538178285715,-24.886692857142407,stop_loss,9
2022-08-24 01:40:00,2022-08-24 02:00:00,short,14712.672595,14728.78396232143,14728.78396232143,14681.949860357141,-21.611367321429498,stop_loss,4
2022-08-24 02:05:00,2022-08-24 02:10:00,short,14725.529015,14746.446234464287,14746.446234464287,14685.194576071428,-26.417219464286973,stop_loss,1
2022-08-24 02:15:00,2022-08-24 02:30:00,short,14713.815388,14668.766928642857,14737.089617678572,14668.766928642857,39.548459357143656,take_profit,3
2022-08-24 02:55:00,2022-08-24 03:10:00,short,14695.530702,14727.284046285715,14727.284046285715,14633.524013428572,-37.253344285714775,stop_loss,3
2022-08-24 04:45:00,2022-08-24 06:30:00,short,14730.100187,14747.680858964286,14747.680858964286,14696.438843071428,-23.08067196428601,stop_loss,21
2022-08-25 02:15:00,2022-08-25 04:15:00,long,14934.517319,14898.692774785715,14898.692774785715,15004.666407428573,-41.3245442142852,stop_loss,24
2022-08-26 02:05:00,2022-08-26 02:40:00,long,14999.656513,14984.432851035714,14984.432851035714,15028.60383692857,-20.723661964286293,stop_loss,7
2022-08-29 02:20:00,2022-08-29 02:30:00,short,14229.271208,14263.044847,14263.044847,14163.22393,-39.27363899999909,stop_loss,2
2022-08-29 02:40:00,2022-08-29 07:35:00,short,14258.412427,14298.736718035712,14298.736718035712,14179.263844928571,-45.82429103571303,stop_loss,59
2022-08-30 01:00:00,2022-08-30 01:40:00,short,14331.836869,14348.560446642858,14348.560446642858,14299.889713714287,-22.22357764285698,stop_loss,8
2022-08-30 04:25:00,2022-08-30 04:30:00,short,14428.117169,14446.310051392857,14446.310051392857,14393.231404214284,-23.692882392857427,stop_loss,1
2022-08-31 01:15:00,2022-08-31 02:35:00,short,14215.557694,14173.570287428569,14237.301397285713,14173.570287428569,36.487406571430256,take_profit,16
2022-08-31 02:45:00,2022-08-31 03:00:00,short,14162.989221,14191.49785025,14191.49785025,14107.4719625,-34.00862925000001,stop_loss,3
2022-08-31 03:10:00,2022-08-31 05:20:00,short,14164.132014,14197.232221785715,14197.232221785715,14099.431598428571,-38.60020778571379,stop_loss,26
2022-09-01 03:25:00,2022-09-01 05:55:00,short,13876.719606,13905.167013928572,13905.167013928572,13821.324790142857,-33.94740792857192,stop_loss,30
2022-09-02 04:20:00,2022-09-02 05:30:00,short,14035.567816,13999.518850928573,14054.342298535716,13999.518850928573,30.54896507142803,take_profit,14
2022-09-05 02:20:00,2022-09-05 04:00:00,short,13825.865323,13851.680225892858,13851.680225892858,13775.735517214285,-31.3149028928583,stop_loss,20
2022-09-05 04:00:00,2022-09-05 04:40:00,short,13812.723205,13836.885139821428,13836.885139821428,13765.899335357142,-29.661934821428076,stop_loss,8
2022-09-06 03:20:00,2022-09-06 03:40:00,short,13909.860599,13939.28754367857,13939.28754367857,13852.506709642857,-34.92694467857109,stop_loss,4
2022-09-06 04:40:00,2022-09-06 05:15:00,short,13929.00238,13953.133704,13953.133704,13882.239732,-29.63132399999995,stop_loss,7
2022-09-07 04:00:00,2022-09-07 06:35:00,short,13756.440655,13700.6172915,13785.10233675,13700.6172915,50.32336349999969,take_profit,31
2022-09-09 02:05:00,2022-09-09 02:10:00,long,14177.702736,14214.241469499999,14158.683369249999,14214.241469499999,31.03873349999958,take_profit,1
2022-09-09 03:15:00,2022-09-09 08:25:00,long,14220.271771,14193.110005035714,14193.110005035714,14273.095302928572,-32.66176596428522,stop_loss,62
2022-09-12 01:35:00,2022-09-12 02:45:00,long,14430.541531,14468.622685357142,14410.750953821429,14468.622685357142,32.58115435714171,take_profit,14
2022-09-12 03:20:00,2022-09-12 04:00:00,long,14453.544175,14500.631656142858,14429.250434428572,14500.631656142858,41.58748114285663,take_profit,8
2022-09-13 01:10:00,2022-09-13 01:45:00,long,14628.193881,14613.484575357143,14613.484575357143,14656.112492285714,-20.209305642856634,stop_loss,7
2022-09-13 02:00:00,2022-09-13 02:05:00,long,14626.773965,14607.865764428572,14607.865764428572,14663.090366142857,-24.408200571428097,stop_loss,1
2022-09-15 01:15:00,2022-09-15 02:05:00,short,13875.206202,13890.645750178572,13890.645750178572,13845.827105642855,-20.939548178572295,stop_loss,10
2022-09-15 03:10:00,2022-09-15 05:10:00,short,13881.453833,13901.426971107143,13901.426971107143,13843.007556785713,-25.473138107143313,stop_loss,24
2022-09-16 01:10:00,2022-09-16 01:15:00,short,13506.02796,13520.950252999999,13520.950252999999,13477.683374,-20.422292999999627,stop_loss,1
2022-09-16 01:25:00,2022-09-16 03:25:00,short,13509.151776,13474.721834642858,13527.116746678572,13474.721834642858,28.929941357142525,take_profit,24
2022-09-19 01:35:00,2022-09-19 02:05:00,short,13466.83827,13424.80163407143,13488.606587964287,13424.80163407143,36.53663592857083,take_profit,6
2022-09-19 02:20:00,2022-09-19 03:10:00,short,13439.291893,13464.163742249999,13464.163742249999,13391.0481945,-30.371849249999286,stop_loss,10
2022-09-19 04:15:00,2022-09-19 05:45:00,short,13409.757634,13429.974186,13429.974186,13370.824530000002,-25.716551999999865,stop_loss,18
2022-09-20 03:10:00,2022-09-20 03:35:00,short,13611.101767,13640.84190075,13640.84190075,13553.1214995,-35.240133749999586,stop_loss,5
2022-09-20 03:50:00,2022-09-20 04:50:00,short,13617.917366,13573.994269642857,13640.628914178571,13573.994269642857,38.42309635714264,take_profit,12
2022-09-21 01:50:00,2022-09-21 02:25:00,short,13515.967374,13552.523106071429,13552.523106071429,13444.355909857144,-42.05573207142879,stop_loss,7
2022-09-21 03:25:00,2022-09-21 04:50:00,short,13543.229767,13568.527591285714,13568.527591285714,13494.134118428574,-30.797824285713432,stop_loss,17
2022-09-23 01:25:00,2022-09-23 01:35:00,short,13098.227995,13117.105769249998,13117.105769249998,13061.9724465,-24.377774249998765,stop_loss,2
2022-09-23 01:40:00,2022-09-23 02:00:00,short,13105.895543,13064.954271142858,13127.116178928572,13064.954271142858,35.441271857142056,take_profit,4
2022-09-23 02:20:00,2022-09-23 04:00:00,short,13077.497217,13026.758523499999,13103.61656375,13026.758523499999,45.23869350000132,take_profit,20
2022-09-23 04:50:00,2022-09-23 04:55:00,short,12980.374941,13004.668681464285,13004.668681464285,12933.28746007143,-29.793740464285293,stop_loss,1
2022-09-26 01:05:00,2022-09-26 02:00:00,short,12813.960749,12837.8589415,12837.8589415,12767.664364,-29.398192500000732,stop_loss,11
2022-09-26 03:35:00,2022-09-26 04:35:00,short,12927.838037,12849.410974428569,12967.801568285715,12849.410974428569,72.92706257143072,take_profit,12
2022-09-26 04:55:00,2022-09-26 05:25:00,short,12841.223142,12868.49870675,12868.49870675,12788.172012500001,-32.77556474999983,stop_loss,6
2022-09-27 02:05:00,2022-09-27 02:20:00,short,12999.117836,13024.902488714286,13024.902488714286,12949.048530571428,-31.284652714286494,stop_loss,3
2022-09-27 03:25:00,2022-09-27 04:05:00,short,13039.443459,12985.479526357143,13067.17542532143,12985.479526357143,48.46393264285689,take_profit,8
2022-09-27 04:20:00,2022-09-27 04:45:00,short,12973.559342,12998.887593035715,12998.887593035715,12924.40283992857,-30.828251035714857,stop_loss,5
2022-09-27 04:50:00,2022-09-27 05:10:00,short,12976.399175,13002.244681107144,13002.244681107144,12926.208162785713,-31.345506107143592,stop_loss,4
2022-09-28 01:30:00,2022-09-28 02:10:00,short,12771.363259,12714.234941357143,12800.67741782143,12714.234941357143,51.62831764285693,take_profit,8
2022-09-28 04:05:00,2022-09-28 05:00:00,short,12701.503377,12738.302523285714,12738.302523285714,12629.40508442857,-42.299146285715324,stop_loss,11
2022-09-29 02:00:00,2022-09-29 04:40:00,short,12973.559342,13014.253115928572,13014.253115928572,12893.671794142858,-46.19377392857132,stop_loss,32
2022-09-30 01:15:00,2022-09-30 01:25:00,short,12769.943343,12796.397384964286,12796.397384964286,12718.53525907143,-31.954041964285352,stop_loss,2
2022-09-30 03:25:00,2022-09-30 03:50:00,short,12851.446539,12883.955509464286,12883.955509464286,12787.92859807143,-38.008970464285085,stop_loss,5
2022-09-30 04:35:00,2022-09-30 05:10:00,short,12823.900163,12854.644380357144,12854.644380357144,12763.911728285715,-36.2442173571435,stop_loss,7
2022-10-03 01:20:00,2022-10-03 02:05:00,short,12488.799913,12521.917419214287,12521.917419214287,12424.06490057143,-38.61750621428655,stop_loss,9
2022-10-03 03:25:00,2022-10-03 04:30:00,short,12455.289888,12492.180314857142,12492.180314857142,12383.009034285715,-42.3904268571423,stop_loss,13
2022-10-04 01:20:00,2022-10-04 02:05:00,long,12978.251125,13015.967157928573,12958.643108535714,13015.967157928573,32.21603292857253,take_profit,9
2022-10-04 02:30:00,2022-10-04 05:10:00,long,13037.319643,13092.987476000002,13008.735726500001,13092.987476000002,50.16783300000134,take_profit,32
2022-10-05 01:35:00,2022-10-05 01:55:00,long,13168.519911,13154.145299821428,13154.145299821428,13195.769133357144,-19.874611178571286,stop_loss,4
2022-10-05 02:35:00,2022-10-05 03:10:00,long,13156.024647,13128.292680571429,13128.292680571429,13209.988579857143,-33.23196642857147,stop_loss,7
2022-10-06 02:25:00,2022-10-06 02:45:00,long,13243.775475,13209.775591964286,13209.775591964286,13310.275241071427,-39.49988303571445,stop_loss,4
2022-10-07 01:00:00,2022-10-07 01:05:00,short,13066.421869,13084.052145107144,13084.052145107144,13032.661316785714,-23.1302761071438,stop_loss,1
2022-10-07 03:25:00,2022-10-07 04:00:00,short,13044.555158,13072.560965499999,13072.560965499999,12990.043543,-33.50580749999972,stop_loss,7
2022-10-10 01:20:00,2022-10-10 02:10:00,short,12546.732498,12570.235142428572,12570.235142428572,12501.227209142857,-29.00264442857224,stop_loss,10
2022-10-10 02:55:00,2022-10-10 04:45:00,short,12547.300465,12581.300347607143,12581.300347607143,12480.800699785714,-39.499882607142354,stop_loss,22
2022-10-11 01:55:00,2022-10-11 02:15:00,short,12372.366775,12401.680933821428,12401.680933821428,12315.238457357143,-34.814158821427554,stop_loss,4
2022-10-11 02:30:00,2022-10-11 07:10:00,short,12403.888917,12449.7248165,12449.7248165,12313.717118,-51.33589949999987,stop_loss,56
2022-10-14 01:25:00,2022-10-14 02:00:00,long,12677.228866,12651.961468571428,12651.961468571428,12726.263660857143,-30.767397428571712,stop_loss,7
2022-10-14 04:45:00,2022-10-14 05:25:00,long,12528.421637,12585.428248285714,12499.168331357143,12585.428248285714,51.506611285714825,take_profit,8
2022-10-17 02:15:00,2022-10-17 02:30:00,short,12294.839344,12329.721603321428,12329.721603321428,12226.574825357144,-40.38225932142814,stop_loss,3
2022-10-17 03:00:00,2022-10-17 05:05:00,short,12342.264549,12386.2139885,12386.2139885,12255.86567,-49.44943950000015,stop_loss,25
2022-10-19 04:30:00,2022-10-19 05:35:00,long,12785.142506,12752.846523,12752.846523,12848.234472,-37.79598299999998,stop_loss,13
2022-10-20 01:10:00,2022-10-20 02:35:00,short,12608.64085,12540.376331357143,12643.523109321428,12540.376331357143,62.764518642856274,take_profit,17
2022-10-20 02:35:00,2022-10-20 03:05:00,short,12531.397402,12568.257402,12568.257402,12459.177402000001,-42.35999999999876,stop_loss,6
2022-10-20 03:55:00,2022-10-20 04:30:00,short,12556.955896,12585.387678321427,12585.387678321427,12501.592331357144,-33.93178232142782,stop_loss,7
2022-10-21 02:50:00,2022-10-21 04:05:00,short,12529.125536,12462.930038071427,12562.973284964286,12462.930038071427,60.69549792857288,take_profit,15
2022-10-24 02:00:00,2022-10-24 02:10:00,long,12947.580932,12913.033367357144,12913.033367357144,13015.176061285716,-40.04756464285674,stop_loss,2
2022-10-24 02:45:00,2022-10-24 03:05:00,long,12876.01715,12829.846555821428,12829.846555821428,12966.858338357142,-51.670594178571264,stop_loss,4
2022-10-24 04:30:00,2022-10-24 04:50:00,long,12831.147795,12887.789284642859,12802.077050178572,12887.789284642859,51.14148964285778,take_profit,4
2022-10-25 01:15:00,2022-10-25 02:10:00,long,13059.754321,13039.263927714286,13039.263927714286,13099.235107571429,-25.990393285714163,stop_loss,11
2022-10-26 01:00:00,2022-10-26 02:00:00,long,13049.530924,13079.092580857143,13034.00009557143,13079.092580857143,24.061656857142225,take_profit,12
2022-10-26 02:00:00,2022-10-26 02:45:00,long,13063.16212,13103.738270428572,13042.124044785714,13103.738270428572,35.076150428571054,take_profit,9
2022-10-26 03:30:00,2022-10-26 04:10:00,long,13124.786488,13097.906471535714,13097.906471535714,13177.04652092857,-32.38001646428529,stop_loss,8
2022-10-27 03:15:00,2022-10-27 04:00:00,long,13018.576748,12989.779844357143,12989.779844357143,13074.670555285715,-34.296903642856705,stop_loss,9
2022-10-27 04:05:00,2022-10-27 05:35:00,short,12973.275359,12925.153367285713,12998.086354857141,12925.153367285713,42.621991714286196,take_profit,18
2022-10-28 01:05:00,2022-10-28 02:20:00,short,12623.691963,12582.933251428569,12644.821318785715,12582.933251428569,35.25871157143047,take_profit,15
2022-10-28 02:20:00,2022-10-28 03:10:00,short,12585.354222,12616.58526767857,12616.58526767857,12524.392130642858,-36.73104567857081,stop_loss,10
2022-10-28 04:25:00,2022-10-28 04:55:00,short,12602.393218,12624.37452342857,12624.37452342857,12559.930607142856,-27.48130542857143,stop_loss,6
2022-10-31 02:30:00,2022-10-31 03:00:00,long,13116.834957,13101.364981964285,13101.364981964285,13146.274907071427,-20.969975035714015,stop_loss,6
2022-10-31 04:20:00,2022-10-31 06:15:00,long,13073.385518,13107.876312857143,13055.390120571428,13107.876312857143,28.990794857143555,take_profit,23
2022-11-01 01:40:00,2022-11-01 02:10:00,long,13093.832313,13116.517517714286,13081.739710642858,13116.517517714286,17.185204714285646,take_profit,6
2022-11-01 02:10:00,2022-11-01 02:20:00,long,13117.97089,13100.827442321428,13100.827442321428,13150.757785357144,-22.643447678572556,stop_loss,2
2022-11-01 03:00:00,2022-11-01 06:05:00,long,13120.810723,13169.602103428571,13095.665032785715,13169.602103428571,43.29138042857085,take_profit,37
2022-11-03 01:55:00,2022-11-03 02:00:00,short,12449.042256,12464.725218285716,12464.725218285716,12419.17633142857,-21.182962285714893,stop_loss,1
2022-11-03 02:00:00,2022-11-03 02:10:00,short,12444.214541,12461.844817107143,12461.844817107143,12410.453988785714,-23.1302761071438,stop_loss,2
2022-11-03 02:25:00,2022-11-03 03:00:00,short,12413.828332,12435.261955285714,12435.261955285714,12372.461085428571,-26.93362328571493,stop_loss,7
2022-11-03 03:00:00,2022-11-03 03:05:00,short,12421.211896,12447.909351964287,12447.909351964287,12369.316984071429,-32.19745596428584,stop_loss,1
2022-11-03 03:20:00,2022-11-03 05:25:00,short,12416.668164,12356.983996785715,12447.260247607144,12356.983996785715,54.18416721428548,take_profit,25
2022-11-04 03:30:00,2022-11-04 03:55:00,short,12222.423612,12248.968934214286,12248.968934214286,12170.832967571429,-32.04532221428599,stop_loss,5
2022-11-07 01:00:00,2022-11-07 01:30:00,short,12339.992683,12310.552733571429,12355.462657714286,12310.552733571429,23.93994942857171,take_profit,6
2022-11-09 01:05:00,2022-11-09 02:00:00,long,12604.529151,12643.157987714287,12584.464732642859,12643.157987714287,33.12883671428608,take_profit,11
2022-11-10 01:10:00,2022-11-10 01:25:00,short,12352.77193,12327.348315,12366.2337375,12327.348315,19.92361500000152,take_profit,3
2022-11-10 02:10:00,2022-11-10 02:35:00,short,12333.745051,12354.996113678571,12354.996113678571,12292.742925642857,-26.751062678571543,stop_loss,5
2022-11-10 03:40:00,2022-11-10 05:20:00,short,12346.240315,12366.578574321427,12366.578574321427,12307.063796357143,-25.838259321428268,stop_loss,20
2022-11-11 01:35:00,2022-11-11 02:05:00,long,13328.686471,13305.396814250002,13305.396814250002,13373.765784500001,-28.789656749999267,stop_loss,6
2022-11-11 02:10:00,2022-11-11 02:50:00,long,13317.611124,13373.278956357142,13289.027207821428,13373.278956357142,50.1678323571432,take_profit,8
2022-11-14 02:00:00,2022-11-14 02:05:00,long,13400.534237,13382.082438107143,13382.082438107143,13435.937834785713,-23.95179889285646,stop_loss,1
2022-11-14 04:55:00,2022-11-14 08:25:00,long,13370.715994,13350.499441678572,13350.499441678572,13409.649098642858,-25.716552321428026,stop_loss,42
2022-11-15 02:15:00,2022-11-15 02:35:00,long,13455.62699,13437.996713785715,13437.996713785715,13489.387542428572,-23.130276214285914,stop_loss,4
2022-11-15 02:55:00,2022-11-15 06:20:00,long,13459.602755,13499.387809285714,13438.960227857142,13499.387809285714,34.28505428571407,take_profit,41
2022-11-16 01:15:00,2022-11-16 01:55:00,long,13540.537985,13580.140479,13519.986738000001,13580.140479,34.10249399999884,take_profit,8
2022-11-17 01:15:00,2022-11-17 01:35:00,long,13394.002621,13421.677817428572,13379.415022785714,13421.677817428572,22.175196428572235,take_profit,4
2022-11-17 02:00:00,2022-11-17 02:25:00,long,13420.981031,13400.368930607143,13400.368930607143,13460.705231785714,-26.11210039285652,stop_loss,5
2022-11-17 03:35:00,2022-11-17 04:50:00,short,13324.846638,13281.166955857143,13347.43647907143,13281.166955857143,38.17968214285793,take_profit,15
2022-11-18 02:30:00,2022-11-18 02:45:00,short,13276.001517,13300.386537607144,13300.386537607144,13228.731475785715,-29.885020607143815,stop_loss,3
2022-11-18 04:05:00,2022-11-18 04:40:00,long,13357.652764,13403.036345857143,13334.21097307143,13403.036345857143,39.88358185714242,take_profit,7
2022-11-21 01:20:00,2022-11-21 01:45:00,short,13255.270739,13236.358454714285,13265.476881142857,13236.358454714285,13.412284285714122,take_profit,5
2022-11-22 01:00:00,2022-11-22 01:45:00,short,13145.369216,13157.187977071428,13157.187977071428,13123.231693857142,-17.318761071428526,stop_loss,9
2022-11-23 01:20:00,2022-11-23 01:30:00,long,13334.934103,13351.107977642856,13326.097165678571,13351.107977642856,10.67387464285639,take_profit,2
2022-11-23 03:30:00,2022-11-23 05:10:00,long,13359.356663,13343.004311571429,13343.004311571429,13390.561365857144,-21.852351428571637,stop_loss,20
2022-11-24 01:20:00,2022-11-24 01:50:00,long,13518.955257,13511.244110392858,13511.244110392858,13532.877550214285,-13.211146607141927,stop_loss,6
2022-11-24 03:35:00,2022-11-24 07:10:00,long,13537.414169,13521.579073071429,13521.579073071429,13567.584360857141,-21.33509592857081,stop_loss,43
2022-11-25 01:10:00,2022-11-25 01:55:00,long,13524.918906,13517.268613107144,13517.268613107144,13538.719491785716,-13.150292892856669,stop_loss,9
2022-11-25 04:25:00,2022-11-25 05:40:00,long,13479.481584,13461.151492107141,13461.151492107141,13514.641767785713,-23.830091892858036,stop_loss,15
2022-11-28 03:25:00,2022-11-28 03:55:00,short,13280.261266,13237.920362142855,13302.181717928572,13237.920362142855,36.84090385714444,take_profit,6
2022-11-28 04:45:00,2022-11-28 05:10:00,short,13256.406672,13277.80986842857,13277.80986842857,13215.100279142856,-26.90319642857139,stop_loss,5
2022-11-29 01:20:00,2022-11-29 02:30:00,short,13263.790237,13279.960027714285,13279.960027714285,13232.950655571429,-21.669790714286137,stop_loss,14
2022-11-29 04:05:00,2022-11-29 04:20:00,short,13240.219626,13257.089232714286,13257.089232714286,13207.980412571427,-22.36960671428642,stop_loss,3
2022-11-30 01:45:00,2022-11-30 02:00:00,short,13102.771727,13114.19494042857,13114.19494042857,13081.425300142857,-16.923213428570307,stop_loss,3
2022-11-30 04:00:00,2022-11-30 04:35:00,short,13128.046237,13146.893584285714,13146.893584285714,13091.851542428572,-24.347347285713113,stop_loss,7
2022-12-02 01:00:00,2022-12-02 01:05:00,long,13668.614437,13661.177131571429,13661.177131571429,13681.989047857143,-12.937305428571563,stop_loss,1
2022-12-02 04:35:00,2022-12-02 05:05:00,long,13691.617081,13678.824662535715,13678.824662535715,13715.701917928573,-18.29241846428522,stop_loss,6
2022-12-05 01:50:00,2022-12-05 02:00:00,long,13598.754554,13582.21964217857,13582.21964217857,13630.324377642857,-22.034911821428977,stop_loss,2
2022-12-05 02:15:00,2022-12-05 06:35:00,long,13603.298286,13577.452779785714,13577.452779785714,13653.48929842857,-31.345506214285706,stop_loss,52
2022-12-06 01:00:00,2022-12-06 01:20:00,short,13390.730755,13402.427809285715,13402.427809285715,13368.836646428572,-17.19705428571433,stop_loss,4
2022-12-06 04:55:00,2022-12-06 06:00:00,short,13422.252898,13441.952195035716,13441.952195035716,13384.354303928572,-25.199297035715063,stop_loss,13
2022-12-07 01:10:00,2022-12-07 01:20:00,short,13118.958773,13134.611308428572,13134.611308428572,13089.153702142858,-21.152535428571355,stop_loss,2
2022-12-07 01:40:00,2022-12-07 03:35:00,short,13133.441919,13095.239057428573,13153.293349785716,13095.239057428573,32.702861571428,take_profit,23
2022-12-07 04:20:00,2022-12-07 05:00:00,short,13087.720614,13106.87222867857,13106.87222867857,13050.917384642857,-24.651614678570695,stop_loss,8
2022-12-08 01:00:00,2022-12-08 01:05:00,short,13067.557802,13078.372479464286,13078.372479464286,13047.428447071426,-16.314677464286433,stop_loss,1
2022-12-08 02:30:00,2022-12-08 03:00:00,short,13094.536212,13113.931241214286,13113.931241214286,13057.24615357143,-24.895029214285387,stop_loss,6
2022-12-08 04:40:00,2022-12-08 05:00:00,short,13093.968246,13109.377367428571,13109.377367428571,13064.650003142859,-20.90912142857087,stop_loss,4
2022-12-09 01:25:00,2022-12-09 01:50:00,long,13300.288145,13288.804078285715,13288.804078285715,13321.756278428571,-16.98406671428529,stop_loss,5
2022-12-09 04:05:00,2022-12-09 05:00:00,long,13268.482019,13297.070018785713,13253.438019107141,13297.070018785713,23.08799978571369,take_profit,11
2022-12-12 01:15:00,2022-12-12 01:25:00,short,13123.502505,13135.564680500001,13135.564680500001,13100.878154,-17.562175500001104,stop_loss,2
2022-12-12 02:15:00,2022-12-12 02:30:00,short,13125.774371,13142.157149071429,13142.157149071429,13094.508814857141,-21.88277807142913,stop_loss,3
2022-12-12 02:40:00,2022-12-12 03:40:00,short,13141.109467,13158.40504842857,13158.40504842857,13108.018304142857,-22.795581428570586,stop_loss,12
2022-12-13 01:05:00,2022-12-13 01:15:00,long,13329.682077,13318.995854499999,13318.995854499999,13349.554521999999,-16.18622250000044,stop_loss,2
2022-12-13 01:25:00,2022-12-13 02:05:00,long,13323.215012,13311.598489821428,13311.598489821428,13344.948056357143,-17.116522178572268,stop_loss,8
2022-12-13 03:30:00,2022-12-13 03:40:00,long,13355.269157,13336.030737428573,13336.030737428573,13392.245996142858,-24.738419571427585,stop_loss,2
2022-12-13 04:15:00,2022-12-13 05:50:00,long,13340.647968,13381.119431928571,13319.662236035714,13381.119431928571,34.97146392857212,take_profit,19
2022-12-15 01:45:00,2022-12-15 02:15:00,short,13241.236119,13203.174741285713,13261.016807857142,13203.174741285713,32.56137771428621,take_profit,6
2022-12-15 02:35:00,2022-12-15 07:35:00,short,13189.78078,13125.509715642856,13222.666312178571,13125.509715642856,58.77106435714268,take_profit,60
2022-12-16 01:40:00,2022-12-16 02:05:00,short,12866.989914,12833.86921292857,12884.300264535714,12833.86921292857,27.62070107142972,take_profit,5
2022-12-16 03:05:00,2022-12-16 05:10:00,short,12750.020401,12785.406397392857,12785.406397392857,12680.748408214286,-40.88599639285712,stop_loss,25
2022-12-19 03:00:00,2022-12-19 04:20:00,short,12807.942804,12827.512610107144,12827.512610107144,12770.303191785715,-25.06980610714345,stop_loss,16
2022-12-20 02:00:00,2022-12-20 02:10:00,short,12472.780162,12494.428667142856,12494.428667142856,12430.983151714285,-27.148505142857175,stop_loss,2
2022-12-20 02:20:00,2022-12-20 02:45:00,short,12477.560167,12503.486574964285,12503.486574964285,12427.207351071429,-31.426407964285318,stop_loss,5
2022-12-20 04:35:00,2022-12-20 05:00:00,short,12541.106104,12563.266753071428,12563.266753071428,12498.284805857144,-27.660649071427542,stop_loss,5
2022-12-21 04:00:00,2022-12-21 04:55:00,short,12644.297957,12616.840957857143,12658.77645657143,12616.840957857143,21.956999142857967,take_profit,11
2022-12-22 01:35:00,2022-12-22 01:55:00,long,12780.543956,12770.82537675,12770.82537675,12798.4811145,-15.218579250000403,stop_loss,4
2022-12-22 02:05:00,2022-12-22 02:20:00,long,12779.138073,12802.256916785715,12766.828651107144,12802.256916785715,17.61884378571449,take_profit,3
2022-12-22 02:50:00,2022-12-22 03:15:00,long,12776.888659,12760.90385567857,12760.90385567857,12807.358265642857,-21.484803321429354,stop_loss,5
2022-12-23 01:40:00,2022-12-23 02:00:00,short,12433.696599,12447.662955178572,12447.662955178572,12407.263886642857,-19.466356178571004,stop_loss,4
2022-12-23 03:15:00,2022-12-23 04:15:00,short,12407.828342,12428.542939321429,12428.542939321429,12367.899147357144,-26.2145973214283,stop_loss,12
2022-12-27 01:00:00,2022-12-27 01:30:00,short,12536.044923,12545.914132892856,12545.914132892856,12517.806503214286,-15.369209892856816,stop_loss,6
2022-12-29 04:15:00,2022-12-29 04:30:00,short,12182.605795,12193.981308535713,12193.981308535713,12161.354767928573,-16.875513535713253,stop_loss,3
2022-12-30 01:25:00,2022-12-30 01:40:00,short,12329.380039,12340.815804857142,12340.815804857142,12308.008507285713,-16.935765857142542,stop_loss,3
2022-12-30 01:50:00,2022-12-30 02:00:00,long,12349.218879,12336.48769192857,12336.48769192857,12373.181253142857,-18.231187071429304,stop_loss,2
2022-12-30 02:00:00,2022-12-30 03:00:00,short,12337.81534,12310.840357928571,12352.052831035713,12310.840357928571,21.474982071427803,take_profit,12
2022-12-30 04:20:00,2022-12-30 06:00:00,long,12361.590654,12346.117994071428,12346.117994071428,12391.035973857142,-20.972659928571375,stop_loss,20
2023-01-03 02:25:00,2023-01-03 02:50:00,long,12470.124865,12517.4650745,12445.704760249999,12517.4650745,41.84020950000013,take_profit,5
2023-01-03 04:50:00,2023-01-03 05:10:00,long,12537.888453,12518.680159642856,12518.680159642856,12574.805039714285,-24.708293357143702,stop_loss,4
2023-01-04 04:05:00,2023-01-04 04:35:00,long,12392.520092,12371.534360035716,12371.534360035716,12432.991555928573,-26.48573196428515,stop_loss,6
2023-01-05 01:25:00,2023-01-05 02:15:00,short,12327.130625,12340.343829142857,12340.343829142857,12302.204216714286,-18.71320414285765,stop_loss,10
2023-01-05 02:35:00,2023-01-05 02:55:00,short,12302.105898,12325.110076892857,12325.110076892857,12257.597540214285,-28.504178892857453,stop_loss,4
2023-01-05 04:30:00,2023-01-05 05:50:00,long,12368.620072,12410.236327142857,12347.061944428571,12410.236327142857,36.11625514285697,take_profit,16
2023-01-06 01:15:00,2023-01-06 01:40:00,short,12200.038751,12178.847975499999,12211.38413875,12178.847975499999,15.69077550000111,take_profit,5
2023-01-06 03:10:00,2023-01-06 04:10:00,short,12140.148111,12161.16396907143,12161.16396907143,12099.616394857143,-26.515858071428738,stop_loss,12
2023-01-06 04:50:00,2023-01-06 07:15:00,short,12148.021059,12113.635062714287,12165.964057142857,12113.635062714287,28.88599628571319,take_profit,29
2023-01-09 04:05:00,2023-01-09 05:20:00,long,12553.353172,12532.036053285714,12532.036053285714,12594.487409428571,-26.817118714285243,stop_loss,15
2023-01-10 01:20:00,2023-01-10 02:20:00,long,12553.353172,12580.267901642856,12539.145807178571,12580.267901642856,21.4147296428564,take_profit,12
2023-01-10 02:45:00,2023-01-10 03:15:00,long,12570.223775,12548.575269321429,12548.575269321429,12612.020786357143,-27.148505678571382,stop_loss,6
2023-01-11 02:00:00,2023-01-11 02:25:00,long,12667.229741,12653.534519464285,12653.534519464285,12693.120184071428,-19.195221535714154,stop_loss,5
2023-01-11 02:50:00,2023-01-11 03:05:00,long,12662.449737,12693.762873357144,12646.04316882143,12693.762873357144,25.813136357142866,take_profit,3
2023-01-11 04:05:00,2023-01-11 04:20:00,long,12731.056855,12710.82427475,12710.82427475,12770.0220155,-25.732580249999955,stop_loss,3
2023-01-13 02:15:00,2023-01-13 03:25:00,long,12954.873518,12936.749763535714,12936.749763535714,12989.621026928571,-23.62375446428632,stop_loss,14
2023-01-16 04:40:00,2023-01-16 05:35:00,long,12984.959427,13016.332815571428,12968.522732714286,13016.332815571428,25.873388571428222,take_profit,11
2023-01-17 02:05:00,2023-01-17 02:30:00,long,13006.610033,12991.01686875,12991.01686875,13036.2963615,-21.093164249999973,stop_loss,5
2023-01-17 02:35:00,2023-01-17 03:20:00,long,12996.768849,12981.025054428572,12981.025054428572,13026.756438142858,-21.243794571428225,stop_loss,9
2023-01-17 03:35:00,2023-01-17 07:00:00,long,13003.235913,12983.997493642857,12983.997493642857,13040.212751714285,-24.738419357143357,stop_loss,41
2023-01-18 03:45:00,2023-01-18 04:30:00,long,13081.403039,13067.737943357144,13067.737943357144,13107.233230285716,-19.165095642856613,stop_loss,9
2023-01-19 01:35:00,2023-01-19 02:00:00,short,12868.114621,12881.418203357143,12881.418203357143,12843.007456285715,-18.80358235714266,stop_loss,5
2023-01-19 03:15:00,2023-01-19 04:25:00,short,12873.456978,12832.141983714286,12894.864475142856,12832.141983714286,35.81499428571442,take_profit,14
2023-01-20 03:00:00,2023-01-20 04:35:00,short,12810.473395,12829.229797178572,12829.229797178572,12774.460590642859,-24.25640217857108,stop_loss,19
2023-01-23 01:30:00,2023-01-23 02:05:00,long,13131.452494,13159.029997142858,13116.913742428571,13159.029997142858,22.077503142858404,take_profit,7
2023-01-23 02:05:00,2023-01-23 02:20:00,long,13164.068993,13147.210533428572,13147.210533428572,13196.28591214286,-22.358459571429194,stop_loss,3
2023-01-24 01:15:00,2023-01-24 01:40:00,long,13417.128034,13409.036262821428,13409.036262821428,13431.811576357142,-13.591771178571435,stop_loss,5
2023-01-24 02:20:00,2023-01-24 02:30:00,long,13408.97391,13394.525536642857,13394.525536642857,13436.370656714285,-19.948373357143282,stop_loss,2
2023-01-24 02:45:00,2023-01-24 03:30:00,long,13409.255086,13393.481165107143,13393.481165107143,13439.302927785713,-21.27392089285604,stop_loss,9
2023-01-25 01:05:00,2023-01-25 01:55:00,long,13308.312646,13326.490812714284,13298.473562642857,13326.490812714284,12.678166714284089,take_profit,10
2023-01-26 03:05:00,2023-01-26 03:20:00,long,13451.431593,13431.04838275,13431.04838275,13490.6980135,-25.883210250000047,stop_loss,3
2023-01-27 01:20:00,2023-01-27 02:15:00,long,13534.097547,13523.05342,13523.05342,13554.685801,-16.544126999999207,stop_loss,11
2023-01-27 02:40:00,2023-01-27 03:05:00,long,13538.315198,13523.56556367857,13523.56556367857,13566.314466642858,-20.249634321429767,stop_loss,5
2023-01-27 03:15:00,2023-01-27 06:05:00,long,13535.222254,13565.270095357144,13519.448333321428,13565.270095357144,24.547841357143625,take_profit,34
2023-01-31 01:40:00,2023-01-31 01:45:00,short,13430.749223,13445.077092357144,13445.077092357144,13403.593484285715,-19.827869357142845,stop_loss,1
2023-01-31 03:15:00,2023-01-31 06:45:00,short,13394.196251,13419.851524642856,13419.851524642856,13344.385703714286,-31.155273642856628,stop_loss,42
2023-02-01 01:10:00,2023-02-01 02:05:00,long,13627.167039,13642.995372571428,13618.502872214285,13642.995372571428,10.32833357142772,take_profit,11
2023-02-01 02:40:00,2023-02-01 02:45:00,long,13658.940007,13645.064029035713,13645.064029035713,13685.191962928571,-19.375977964285994,stop_loss,1
2023-02-02 01:10:00,2023-02-02 01:20:00,long,14094.763913,14083.810164428573,14083.810164428573,14115.171410142857,-16.45374857142815,stop_loss,2
2023-02-02 03:40:00,2023-02-02 05:05:00,long,14155.216906,14134.442056464286,14134.442056464286,14195.266605071429,-26.274849535713656,stop_loss,17
2023-02-03 04:00:00,2023-02-03 04:20:00,long,14237.601683,14217.188346642857,14217.188346642857,14276.928355714286,-25.913336357143635,stop_loss,4
2023-02-06 04:15:00,2023-02-06 06:00:00,short,14034.435626,14057.409679107142,14057.409679107142,13989.987519785715,-28.474053107142026,stop_loss,21
2023-02-07 04:25:00,2023-02-07 04:40:00,long,14133.847476,14119.640111178573,14119.640111178573,14160.762205642857,-19.7073648214282,stop_loss,3
2023-02-08 01:55:00,2023-02-08 02:05:00,long,14373.410035,14355.105523892858,14355.105523892858,14408.519057214287,-23.80451110714239,stop_loss,2
2023-02-08 02:50:00,2023-02-08 07:40:00,long,14329.827645,14300.165602964285,14300.165602964285,14387.65172907143,-35.16204203571397,stop_loss,58
2023-02-09 04:20:00,2023-02-09 04:55:00,long,14273.873479,14306.09039792857,14257.015019535715,14306.09039792857,26.71691892857052,take_profit,7
2023-02-10 03:15:00,2023-02-10 03:45:00,short,13942.209664,13892.760629357143,13967.684181321429,13892.760629357143,43.94903464285744,take_profit,6
2023-02-10 04:40:00,2023-02-10 07:40:00,short,13846.890759,13876.793809678571,13876.793809678571,13788.584657642858,-35.40305067857116,stop_loss,36
2023-02-13 01:35:00,2023-02-13 02:00:00,short,13854.201353,13867.956826642858,13867.956826642858,13828.190405714286,-19.255473642857396,stop_loss,5
2023-02-13 02:00:00,2023-02-13 02:10:00,short,13855.607237,13870.688257964286,13870.688257964286,13826.945195071428,-20.581020964285926,stop_loss,2
2023-02-13 02:15:00,2023-02-13 02:25:00,short,13855.888413,13872.686620357144,13872.686620357144,13823.791998285715,-22.298207357143838,stop_loss,2
2023-02-13 04:15:00,2023-02-13 04:30:00,short,13903.969631,13921.520990285713,13921.520990285713,13870.366912428572,-23.05135928571326,stop_loss,3
2023-02-14 01:10:00,2023-02-14 01:30:00,long,14094.763913,14115.954688071428,14083.418525464287,14115.954688071428,15.690775071427197,take_profit,4
2023-02-14 01:45:00,2023-02-14 02:05:00,long,14113.602752,14100.269043642858,14100.269043642858,14138.770168714285,-18.833708357142314,stop_loss,4
2023-02-14 03:25:00,2023-02-14 04:35:00,long,14107.135688,14152.728584357143,14083.58923982143,14152.728584357143,40.09289635714231,take_profit,14
2023-02-14 04:40:00,2023-02-14 05:55:00,long,14157.466319,14140.63798542857,14140.63798542857,14189.622986142856,-22.32833357142954,stop_loss,15
2023-02-15 01:40:00,2023-02-15 01:55:00,long,14113.040399,14097.326730428571,14097.326730428571,14142.967736142857,-21.21366857142857,stop_loss,3
2023-02-15 02:15:00,2023-02-15 03:00:00,long,14117.539226,14160.481027928572,14095.318325035714,14160.481027928572,37.441801928571294,take_profit,9
2023-02-15 03:00:00,2023-02-15 04:00:00,long,14160.278087,14137.484790642857,14137.484790642857,14204.364679714288,-28.293296357143845,stop_loss,12
2023-02-16 01:15:00,2023-02-16 02:00:00,long,14350.634721,14371.644740071428,14339.379711464286,14371.644740071428,15.51001907142745,take_profit,9
2023-02-17 03:00:00,2023-02-17 03:25:00,short,13908.187282,13936.674406607144,13936.674406607144,13852.713032785714,-33.987124607143414,stop_loss,5
2023-02-20 02:00:00,2023-02-20 02:45:00,short,13922.246118,13904.007698642856,13932.11532767857,13904.007698642856,12.738419357143357,take_profit,9
2023-02-20 03:15:00,2023-02-20 04:30:00,short,13908.468459,13922.01305,13922.01305,13882.879277,-19.044590999999855,stop_loss,15
2023-02-21 02:15:00,2023-02-21 02:40:00,short,13837.611927,13802.984921428571,13855.675429785713,13802.984921428571,29.127005571428526,take_profit,5
2023-02-21 02:40:00,2023-02-21 02:45:00,short,13805.838958,13762.716399214285,13828.150237392858,13762.716399214285,37.62255878571523,take_profit,1
2023-02-21 02:45:00,2023-02-21 03:30:00,short,13768.161279,13794.931217535714,13794.931217535714,13716.12140192857,-32.26993853571366,stop_loss,9
2023-02-21 04:15:00,2023-02-21 08:30:00,short,13806.963665,13745.946216571429,13838.222389214285,13745.946216571429,55.51744842857079,take_profit,51
2023-02-22 01:05:00,2023-02-22 01:10:00,short,13619.137621,13630.874647392857,13630.874647392857,13597.163568214286,-17.237026392856933,stop_loss,1
2023-02-22 03:15:00,2023-02-22 06:20:00,short,13614.357617,13641.5191945,13641.5191945,13561.534462,-32.66157750000093,stop_loss,37
2023-02-23 01:15:00,2023-02-23 02:15:00,short,13706.864756,13716.492957142858,13716.492957142858,13689.108353714286,-15.128201142857506,stop_loss,12
2023-02-23 04:20:00,2023-02-23 05:50:00,short,13703.490635,13729.77855625,13729.77855625,13652.414792500002,-31.787921249999272,stop_loss,18
2023-02-24 01:00:00,2023-02-24 01:45:00,short,13686.620032,13669.28539392857,13696.037351035715,13669.28539392857,11.834638071430163,take_profit,9
2023-02-24 02:45:00,2023-02-24 04:20:00,short,13652.59765,13622.549808642856,13668.371570678572,13622.549808642856,24.547841357143625,take_profit,19
2023-02-24 04:30:00,2023-02-24 05:15:00,short,13628.697629,13605.940297642857,13640.826294678573,13605.940297642857,17.257331357142903,take_profit,9
2023-02-27 04:15:00,2023-02-27 07:20:00,short,13567.401106,13583.385909321429,13583.385909321429,13536.931499357142,-21.484803321429354,stop_loss,37
2023-02-28 01:05:00,2023-02-28 01:45:00,short,13580.616411,13559.726897,13591.811168,13559.726897,15.389514000000418,take_profit,8
2023-02-28 02:30:00,2023-02-28 02:50:00,short,13541.251672,13561.122739071428,13561.122739071428,13503.009537857142,-25.371067071428115,stop_loss,4
2023-03-01 01:40:00,2023-03-01 02:00:00,long,13617.607031,13601.833109785714,13601.833109785714,13647.654873428572,-21.27392121428602,stop_loss,4
2023-03-01 02:10:00,2023-03-01 02:25:00,long,13625.761155,13606.341978678573,13606.341978678573,13663.099507642857,-24.919176321427585,stop_loss,3
2023-03-01 03:30:00,2023-03-01 07:10:00,long,13623.230565,13602.997984857142,13602.997984857142,13662.195725285714,-25.73258014285784,stop_loss,44
2023-03-02 01:15:00,2023-03-02 02:00:00,short,13350.332684,13320.586103714286,13365.955974142858,13320.586103714286,24.246580285715027,take_profit,9
2023-03-03 02:15:00,2023-03-03 02:40:00,long,13546.188146,13578.043551857143,13529.51044307143,13578.043551857143,26.355405857142614,take_profit,5
2023-03-03 03:00:00,2023-03-03 06:00:00,long,13584.428179,13628.273763500001,13561.755386750001,13628.273763500001,38.34558450000077,take_profit,36
2023-03-06 04:50:00,2023-03-06 05:30:00,long,13867.010775,13851.929753928573,13851.929753928573,13895.672817142859,-20.58102107142804,stop_loss,8
2023-03-07 02:20:00,2023-03-07 03:05:00,long,13895.971976,13924.694270571428,13880.860828714287,13924.694270571428,23.222294571427483,take_profit,9
2023-03-07 04:20:00,2023-03-07 06:20:00,long,13900.470804,13885.932052428572,13885.932052428572,13928.048307142857,-20.038751571428293,stop_loss,24
2023-03-08 01:20:00,2023-03-08 02:05:00,short,13677.903554,13688.706671928572,13688.706671928572,13657.797318142857,-16.303117928571737,stop_loss,9
2023-03-08 03:10:00,2023-03-08 04:50:00,short,13690.275329,13711.743078142857,13711.743078142857,13648.839830714285,-26.96774914285743,stop_loss,20
2023-03-09 02:40:00,2023-03-09 03:30:00,short,13696.742394,13668.261108500003,13711.73303675,13668.261108500003,22.981285499998194,take_profit,10
2023-03-10 01:10:00,2023-03-10 01:20:00,short,13434.685697,13451.122391178573,13451.122391178573,13403.312308642859,-21.936694178571997,stop_loss,2
2023-03-10 04:35:00,2023-03-10 05:30:00,short,13492.326924,13517.711063107145,13517.711063107145,13443.058645785713,-30.88413910714371,stop_loss,11
2023-03-13 01:40:00,2023-03-13 02:00:00,long,13579.366998,13559.977948214286,13559.977948214286,13616.645097571429,-24.889049785713723,stop_loss,4
2023-03-13 02:00:00,2023-03-13 03:00:00,short,13562.902278,13518.333667571429,13585.936583214285,13518.333667571429,39.06861042857054,take_profit,12
2023-03-13 03:15:00,2023-03-13 03:45:00,short,13522.694009,13465.833959928574,13551.874033535714,13465.833959928574,51.360049071427056,take_profit,6
2023-03-13 03:45:00,2023-03-13 04:10:00,short,13450.431593,13382.8466605,13484.97405925,13382.8466605,62.08493249999992,take_profit,5
2023-03-13 04:55:00,2023-03-13 05:55:00,short,13383.511536,13439.985785857143,13439.985785857143,13272.063036285714,-61.97424985714315,stop_loss,12
2023-03-14 01:40:00,2023-03-14 01:55:00,short,13441.010206,13467.871176,13467.871176,13388.788266000001,-32.360969999999725,stop_loss,3
2023-03-14 03:00:00,2023-03-14 03:05:00,short,13447.133267,13479.719696392856,13479.719696392856,13383.460408214285,-38.0864293928571,stop_loss,1
2023-03-14 03:15:00,2023-03-14 03:35:00,short,13460.492672,13496.240032107144,13496.240032107144,13390.497951785715,-41.24736010714332,stop_loss,4
2023-03-14 04:40:00,2023-03-14 06:20:00,short,13472.738794,13501.538070642859,13501.538070642859,13416.640240714287,-34.299276642857876,stop_loss,20
2023-03-15 01:40:00,2023-03-15 02:35:00,long,13754.842952,13740.08894325,13740.08894325,13782.850969500001,-20.25400875000014,stop_loss,11
2023-03-16 03:25:00,2023-03-16 04:05:00,long,13843.349013,13815.146138821428,13815.146138821428,13898.254761357142,-33.70287417857071,stop_loss,8
2023-03-17 02:30:00,2023-03-17 03:45:00,long,14189.580273,14174.468422964284,14174.468422964284,14218.30397307143,-20.61185003571518,stop_loss,15
2023-03-20 02:50:00,2023-03-20 03:15:00,long,14000.600349,13966.731655428572,13966.731655428572,14066.837736142857,-39.368693571428594,stop_loss,5
2023-03-20 03:35:00,2023-03-20 05:05:00,long,14019.247853,14105.524348500001,13975.35960525,14105.524348500001,80.77649550000024,take_profit,18
2023-03-21 02:15:00,2023-03-21 02:40:00,long,14152.841908,14177.092592428573,14139.966565785715,14177.092592428573,18.75068442857264,take_profit,5
2023-03-21 03:15:00,2023-03-21 03:40:00,long,14169.541165,14150.224681035716,14150.224681035716,14206.674132928572,-24.816483964285,stop_loss,5
2023-03-22 04:55:00,2023-03-22 06:00:00,long,14293.672308,14317.028389214283,14281.244267392856,14317.028389214283,17.85608121428413,take_profit,13
2023-03-23 01:15:00,2023-03-23 02:15:00,long,14236.616514,14263.908848928571,14222.220346535714,14263.908848928571,21.792334928572018,take_profit,12
2023-03-23 02:45:00,2023-03-23 03:40:00,long,14269.458386,14300.448413571428,14253.213372214286,14300.448413571428,25.490027571428072,take_profit,11
2023-03-23 03:40:00,2023-03-23 04:25:00,long,14297.29048,14279.017699357142,14279.017699357142,14332.336041285715,-23.77278064285747,stop_loss,9
2023-03-24 02:25:00,2023-03-24 02:30:00,long,14336.255413,14359.43257357143,14323.916832714287,14359.43257357143,17.67716057142934,take_profit,1
2023-03-24 03:20:00,2023-03-24 03:40:00,long,14334.863808,14305.378669535714,14305.378669535714,14392.33408492857,-34.98513846428614,stop_loss,4
2023-03-27 01:25:00,2023-03-27 01:40:00,long,14420.586661,14400.524674357142,14400.524674357142,14459.210634285713,-25.561986642856937,stop_loss,3
2023-03-28 02:40:00,2023-03-28 02:55:00,short,14237.008118,14203.811403357142,14254.356475321429,14203.811403357142,27.69671464285784,take_profit,3
2023-03-28 03:00:00,2023-03-28 04:05:00,short,14200.826395,14221.723344321428,14221.723344321428,14160.532496357142,-26.39694932142811,stop_loss,13
2023-03-29 01:20:00,2023-03-29 01:30:00,short,14252.872412,14263.928728107143,14263.928728107143,14232.259779785716,-16.556316107142266,stop_loss,2
2023-03-29 01:30:00,2023-03-29 02:00:00,long,14269.180065,14291.10478192857,14257.467706535715,14291.10478192857,16.42471692856998,take_profit,6
2023-03-29 03:30:00,2023-03-29 03:50:00,long,14300.908653,14286.273924678571,14286.273924678571,14328.678109642857,-20.134728321429066,stop_loss,4
2023-03-29 03:55:00,2023-03-29 08:00:00,long,14294.785592,14318.797715785715,14282.029530107144,14318.797715785715,18.51212378571472,take_profit,49
2023-03-30 02:10:00,2023-03-30 05:35:00,long,14464.004728,14496.903242428569,14446.805470785715,14496.903242428569,27.398514428568888,take_profit,41
2023-03-31 02:40:00,2023-03-31 03:15:00,long,14576.446392,14563.571049892857,14563.571049892857,14600.697076214286,-18.375342107143297,stop_loss,7
2023-04-03 01:15:00,2023-04-03 01:25:00,long,14722.008248,14709.520566857143,14709.520566857143,14745.483610285713,-17.987681142856673,stop_loss,2
2023-04-03 02:55:00,2023-04-03 03:05:00,long,14742.047356,14726.011083071427,14726.011083071427,14772.619901857142,-21.536272928571634,stop_loss,2
2023-04-04 01:10:00,2023-04-04 02:00:00,long,14745.108886,14761.546703857142,14736.139977071429,14761.546703857142,10.937817857142363,take_profit,10
2023-04-04 03:45:00,2023-04-04 04:15:00,long,14763.199748,14784.587702785713,14751.755770607144,14784.587702785713,15.887954785712282,take_profit,6
2023-04-05 04:05:00,2023-04-05 04:25:00,long,14693.34119,14678.885382535713,14678.885382535713,14720.752804928572,-19.95580746428641,stop_loss,4
2023-04-05 04:45:00,2023-04-05 06:30:00,long,14688.053092,14711.289892785713,14675.684691607143,14711.289892785713,17.736800785713058,take_profit,21
2023-04-06 04:40:00,2023-04-06 04:55:00,short,14515.607388,14494.159793,14527.0811855,14494.159793,15.947594999999637,take_profit,3
2023-04-07 01:10:00,2023-04-07 01:30:00,long,14652.14969,14659.82039807143,14647.564335964285,14659.82039807143,2.1707080714295444,take_profit,4
2023-04-07 01:35:00,2023-04-07 02:00:00,long,14662.169244,14656.89802782143,14656.89802782143,14671.211676357143,-10.771216178571194,stop_loss,5
2023-04-07 03:20:00,2023-04-07 03:50:00,long,14656.324504,14667.335063428573,14650.069224285715,14667.335063428573,5.510559428572378,take_profit,6
2023-04-07 03:50:00,2023-04-07 04:05:00,long,14668.013984,14660.893921392857,14660.893921392857,14680.754109214286,-12.620062607142245,stop_loss,3
2023-04-07 04:15:00,2023-04-07 05:10:00,long,14663.560849,14656.172405535714,14656.172405535714,14676.837735928571,-12.888443464285956,stop_loss,11
2023-04-10 02:25:00,2023-04-10 02:50:00,short,14605.226733,14616.163768571429,14616.163768571429,14584.852661857141,-16.437035571429078,stop_loss,5
2023-04-11 02:00:00,2023-04-11 02:05:00,long,14659.386034,14649.224321214286,14649.224321214286,14678.209459571428,-15.661712785713462,stop_loss,1
2023-04-11 02:25:00,2023-04-11 04:00:00,long,14663.282528,14688.726016285713,14649.810783857143,14688.726016285713,19.9434882857131,take_profit,19
2023-04-11 04:15:00,2023-04-11 05:35:00,long,14692.227906,14680.306807428571,14680.306807428571,14714.570103142856,-17.421098571428956,stop_loss,16
2023-04-12 01:00:00,2023-04-12 01:25:00,short,14552.345753,14539.486347785714,14559.525455607143,14539.486347785714,7.359405214285289,take_profit,5
2023-04-12 02:10:00,2023-04-12 02:25:00,short,14532.306645,14543.452421,14543.452421,14511.515093000002,-16.645775999999387,stop_loss,3
2023-04-12 03:50:00,2023-04-12 04:55:00,short,14559.860419,14571.692057571428,14571.692057571428,14537.697141857143,-17.331638571427902,stop_loss,13
2023-04-13 01:10:00,2023-04-13 01:30:00,short,14440.739053,14450.095623214285,14450.095623214285,14423.525912571427,-14.856570214285966,stop_loss,4
2023-04-13 03:05:00,2023-04-13 04:15:00,short,14456.046705,14471.814597285715,14471.814597285715,14426.01092042857,-21.26789228571397,stop_loss,14
2023-04-14 01:10:00,2023-04-14 01:45:00,long,14690.27966,14683.1894175,14683.1894175,14702.960145000001,-12.590242500000386,stop_loss,7
2023-04-17 01:25:00,2023-04-17 01:40:00,long,14688.053092,14677.086236428571,14677.086236428571,14708.486803142856,-16.466855571428823,stop_loss,3
2023-04-17 02:20:00,2023-04-17 03:30:00,long,14699.18593,14683.3285775,14683.3285775,14729.400634999998,-21.35735249999925,stop_loss,14
2023-04-18 01:50:00,2023-04-18 02:05:00,long,14686.383166,14676.937135785714,14676.937135785714,14703.775226428572,-14.946030214285202,stop_loss,3
2023-04-18 02:10:00,2023-04-18 03:05:00,long,14682.486673,14702.145061357143,14671.907478821428,14702.145061357143,14.15838835714385,take_profit,11
2023-04-18 03:40:00,2023-04-18 04:30:00,long,14745.943849,14777.351357857142,14729.490094571427,14777.351357857142,25.907508857142602,take_profit,10
2023-04-18 04:50:00,2023-04-18 05:55:00,long,14779.064042,14764.190753142857,14764.190753142857,14807.310619714286,-20.373288857143052,stop_loss,13
2023-04-19 01:05:00,2023-04-19 01:15:00,short,14630.553939,14615.070364142855,14639.04572642857,14615.070364142855,9.983574857144049,take_profit,2
2023-04-19 02:40:00,2023-04-19 02:50:00,short,14601.051919,14614.434202821429,14614.434202821429,14575.787351357143,-18.882283821429155,stop_loss,2
2023-04-19 03:05:00,2023-04-19 04:05:00,short,14610.514831,14579.882644928572,14626.580924035714,14579.882644928572,25.132186071428805,take_profit,12
2023-04-19 04:25:00,2023-04-19 06:30:00,short,14572.663182,14589.116936428572,14589.116936428572,14541.255673142858,-21.95375442857221,stop_loss,25
2023-04-20 02:00:00,2023-04-20 02:30:00,short,14606.618338,14579.147082857144,14621.103965571428,14579.147082857144,21.971255142856535,take_profit,6
2023-04-20 02:35:00,2023-04-20 03:35:00,short,14557.633851,14523.423252714287,14575.489150142857,14523.423252714287,28.710598285713786,take_profit,12
2023-04-20 04:35:00,2023-04-20 05:45:00,short,14521.173807,14536.613678,14536.613678,14491.794064999998,-20.939871000000494,stop_loss,14
2023-04-21 01:30:00,2023-04-21 02:30:00,short,14547.892618,14527.458906642856,14558.85947367857,14527.458906642856,14.933711357143693,take_profit,12
2023-04-21 03:45:00,2023-04-21 04:00:00,short,14551.232469,14571.383915857145,14571.383915857145,14512.429575285714,-25.651446857144037,stop_loss,3
2023-04-21 04:30:00,2023-04-21 04:40:00,short,14550.397506,14567.626583,14567.626583,14517.439352,-22.72907699999996,stop_loss,2
2023-04-21 04:55:00,2023-04-21 05:30:00,short,14548.44926,14519.129158642858,14563.85931067857,14519.129158642858,23.82010135714154,take_profit,7
2023-04-25 02:00:00,2023-04-25 02:05:00,short,14477.199097,14491.147962750001,14491.147962750001,14450.8013655,-19.44886575000055,stop_loss,1
2023-04-25 04:00:00,2023-04-25 05:00:00,short,14458.829914,14477.460535821428,14477.460535821428,14423.068670357143,-24.130621821428576,stop_loss,12
2023-04-26 01:45:00,2023-04-26 02:50:00,short,14440.460732,14419.311338285714,14451.785428857142,14419.311338285714,15.649393714285907,take_profit,13
2023-04-26 03:00:00,2023-04-26 03:55:00,short,14425.988042,14445.244885857144,14445.244885857144,14388.974354285714,-24.756843857143394,stop_loss,11
2023-04-26 04:50:00,2023-04-26 05:00:00,short,14429.327894,14443.485500607143,14443.485500607143,14402.512680785714,-19.657606607142952,stop_loss,2
2023-04-27 03:35:00,2023-04-27 04:15:00,short,14457.994951,14471.198313964287,14471.198313964287,14433.08822507143,-18.703362964286498,stop_loss,8
2023-04-27 04:50:00,2023-04-27 05:15:00,short,14463.839691,14444.360223071428,14474.329424964286,14444.360223071428,13.979467928571466,take_profit,5
2023-04-28 03:15:00,2023-04-28 03:30:00,long,14697.237683,14677.772098607142,14677.772098607142,14734.668851785715,-24.965584392857636,stop_loss,3
2023-04-28 04:40:00,2023-04-28 07:00:00,long,14686.939808,14672.334899892856,14672.334899892856,14714.649624214286,-20.104908107143274,stop_loss,28
2023-05-01 01:05:00,2023-05-01 01:40:00,long,14848.9226,14868.044226857142,14838.611786571428,14868.044226857142,13.621626857142473,take_profit,7
2023-05-01 02:05:00,2023-05-01 02:30:00,long,14867.848425,14853.869739035714,14853.869739035714,14894.305796928571,-19.478685964286342,stop_loss,5
2023-05-01 04:20:00,2023-05-01 04:40:00,long,14839.738009,14828.383492464287,14828.383492464287,14860.94704207143,-16.85451653571363,stop_loss,4
2023-05-02 01:20:00,2023-05-02 02:00:00,long,14819.698901,14835.838517357142,14810.87909282143,14835.838517357142,10.639616357142586,take_profit,8
2023-05-02 03:35:00,2023-05-02 03:50:00,long,14820.533863,14807.658520892857,14807.658520892857,14844.784547214287,-18.375342107143297,stop_loss,3
2023-05-03 01:00:00,2023-05-03 01:55:00,short,14678.703464,14688.358235071428,14688.358235071428,14660.893921857143,-15.154771071427604,stop_loss,11
2023-05-03 03:10:00,2023-05-03 03:35:00,short,14680.095068,14695.505118678571,14695.505118678571,14650.774966642859,-20.91005067857077,stop_loss,5
2023-05-04 01:00:00,2023-05-04 01:15:00,short,14642.52174,14626.501403642857,14651.281908178571,14626.501403642857,10.520336357143606,take_profit,3
2023-05-04 02:00:00,2023-05-04 02:10:00,short,14621.92599,14596.482501714285,14635.397734142858,14596.482501714285,19.94348828571492,take_profit,2
2023-05-04 03:05:00,2023-05-04 07:00:00,short,14618.307818,14564.89307392857,14645.765190035714,14564.89307392857,47.914744071429595,take_profit,47
2023-05-05 01:20:00,2023-05-05 01:45:00,short,14579.899527,14589.345557214285,14589.345557214285,14562.50746657143,-14.946030214285202,stop_loss,5
2023-05-05 02:30:00,2023-05-05 02:50:00,short,14569.879973,14586.39336742857,14586.39336742857,14538.353184142856,-22.0133944285717,stop_loss,4
2023-05-05 03:15:00,2023-05-05 03:50:00,short,14578.229601,14594.176413392857,14594.176413392857,14547.835976214283,-21.44681239285819,stop_loss,7
2023-05-08 01:25:00,2023-05-08 02:10:00,long,14826.378603,14843.353182571427,14817.141313214284,14843.353182571427,11.474579571427967,take_profit,9
2023-05-08 02:30:00,2023-05-08 02:50:00,long,14834.728232,14823.552635464286,14823.552635464286,14855.579425071428,-16.67559653571334,stop_loss,4
2023-05-10 01:50:00,2023-05-10 02:05:00,long,14786.857029,14778.961644035715,14778.961644035715,14801.147798928572,-13.395384964285768,stop_loss,3
2023-05-10 02:10:00,2023-05-10 02:20:00,long,14784.908782,14776.029333821429,14776.029333821429,14801.167678357144,-14.379448178571693,stop_loss,2
2023-05-11 01:25:00,2023-05-11 01:30:00,long,14961.642584,14952.85259592857,14952.85259592857,14977.722560142856,-14.289988071428525,stop_loss,1
2023-05-11 02:00:00,2023-05-11 02:20:00,long,14961.364263,14947.77323842857,14947.77323842857,14987.046312142857,-19.091024571429443,stop_loss,4
2023-05-11 02:30:00,2023-05-11 06:00:00,long,14965.539078,14948.459101535715,14948.459101535715,14998.19903092857,-22.57997646428521,stop_loss,42
2023-05-12 02:30:00,2023-05-12 03:00:00,long,15002.555764,14989.710241892857,14989.710241892857,15026.746808214286,-18.34552210714355,stop_loss,6
2023-05-12 03:10:00,2023-05-12 07:15:00,long,15000.329196,14985.813748214287,14985.813748214287,15027.86009157143,-20.01544778571406,stop_loss,49
2023-05-15 01:55:00,2023-05-15 02:40:00,long,14955.797844,14945.188829928571,14945.188829928571,14975.515872142858,-16.109014071429556,stop_loss,9
2023-05-15 02:50:00,2023-05-15 05:05:00,long,14957.46777,14942.594481357142,14942.594481357142,14985.714347285713,-20.373288642857005,stop_loss,27
2023-05-16 02:05:00,2023-05-16 02:20:00,long,14976.671916,14995.137500714285,14966.689123642856,14995.137500714285,12.965584714285797,take_profit,3
2023-05-17 01:30:00,2023-05-17 01:55:00,long,15037.624203,15027.223928821428,15027.223928821428,15056.924751357143,-15.900274178571635,stop_loss,5
2023-05-17 03:55:00,2023-05-17 04:10:00,long,15037.624203,15026.031125285714,15026.031125285714,15059.31035842857,-17.093077714285755,stop_loss,3
2023-05-18 02:05:00,2023-05-18 02:35:00,long,15189.30912,15204.673414214285,15180.876972892856,15204.673414214285,9.86429421428511,take_profit,6
2023-05-18 03:55:00,2023-05-18 06:15:00,long,15213.244722,15232.604909714286,15202.814628142856,15232.604909714286,13.86018771428644,take_profit,28
2023-05-19 02:30:00,2023-05-19 03:55:00,long,15480.989474,15507.327565928572,15467.070428035713,15507.327565928572,20.838091928571885,take_profit,17
2023-05-19 04:05:00,2023-05-19 04:25:00,long,15502.141866,15488.222820357143,15488.222820357143,15528.479957285715,-19.419045642856872,stop_loss,4
2023-05-22 02:05:00,2023-05-22 02:15:00,long,15446.199356,15435.679802035713,15435.679802035713,15465.73846392857,-16.019553964286388,stop_loss,2
2023-05-22 02:25:00,2023-05-22 02:35:00,long,15440.911258,15428.185016428572,15428.185016428572,15464.863741142857,-18.226241571428545,stop_loss,2
2023-05-22 02:40:00,2023-05-22 04:25:00,long,15439.797974,15425.908748357142,15425.908748357142,15466.076425285713,-19.389225642857127,stop_loss,21
2023-05-24 02:15:00,2023-05-24 03:55:00,short,15261.50753,15278.706786892857,15278.706786892857,15228.609016214286,-22.699256892856283,stop_loss,20
2023-05-25 01:05:00,2023-05-25 01:25:00,long,15408.626028,15428.284416785715,15398.046833607143,15428.284416785715,14.158388785714124,take_profit,4
2023-05-26 01:05:00,2023-05-26 01:20:00,long,15545.838255,15562.097152214286,15536.958806392857,15562.097152214286,10.758897214285753,take_profit,3
2023-05-26 01:40:00,2023-05-26 02:00:00,long,15574.226992,15561.8585915,15561.8585915,15597.463793,-17.868400499999552,stop_loss,4
2023-05-26 02:10:00,2023-05-26 02:20:00,long,15565.599042,15549.711869607143,15549.711869607143,15595.873386785715,-21.387172392856883,stop_loss,2
2023-05-26 03:40:00,2023-05-26 05:05:00,long,15569.773857,15551.858917642858,15551.858917642858,15604.103735714287,-23.41493935714243,stop_loss,17
2023-05-29 01:55:00,2023-05-29 02:00:00,long,16060.73201,16049.347673142858,16049.347673142858,16082.000683714285,-16.884336857141534,stop_loss,1
2023-05-30 01:00:00,2023-05-30 01:40:00,long,16038.188013,16029.964606857144,16029.964606857144,16053.134825285715,-13.72340614285713,stop_loss,8
2023-05-30 01:45:00,2023-05-30 02:35:00,long,16037.074729,16056.494557142858,16026.614814928571,16056.494557142858,13.919828142858023,take_profit,10
2023-05-30 02:35:00,2023-05-30 03:10:00,long,16058.505442,16089.256908928572,16042.379708535715,16089.256908928572,25.251466928571972,take_profit,7
2023-05-30 03:10:00,2023-05-30 04:05:00,long,16091.347314,16127.3471185,16072.59741175,16127.3471185,30.4998044999993,take_profit,11
2023-05-30 04:30:00,2023-05-30 06:30:00,long,16132.817135,16171.679668928571,16112.635868035713,16171.679668928571,33.36253392857179,take_profit,24
2023-05-31 01:35:00,2023-05-31 04:05:00,long,15969.442739,15997.808597571428,15954.509809714285,15997.808597571428,22.865858571427452,take_profit,30
2023-06-01 01:05:00,2023-06-01 02:00:00,long,15920.736573,15909.501336142857,15909.501336142857,15941.707046714286,-16.73523685714281,stop_loss,11
2023-06-01 03:50:00,2023-06-01 04:15:00,long,15932.704373,15916.757560285714,15916.757560285714,15963.097998428571,-21.446812714286352,stop_loss,5
2023-06-02 01:40:00,2023-06-02 02:05:00,long,16160.927551,16150.020335428573,16150.020335428573,16181.241982142858,-16.407215571427514,stop_loss,5
2023-06-02 02:15:00,2023-06-02 02:20:00,long,16159.257626,16145.964802178572,16145.964802178572,16184.343273642857,-18.7928238214281,stop_loss,1
2023-06-02 03:50:00,2023-06-02 04:10:00,long,16167.607254,16191.977218857144,16154.67227157143,16191.977218857144,18.869964857143714,take_profit,4
2023-06-06 01:25:00,2023-06-06 01:35:00,long,16239.69238,16230.12706882143,16230.12706882143,16257.323002357143,-15.065311178570482,stop_loss,2
2023-06-06 02:00:00,2023-06-06 02:25:00,long,16235.239244,16256.328998142859,16223.944366928572,16256.328998142859,15.58975414285851,take_profit,5
2023-06-07 04:40:00,2023-06-07 05:25:00,long,16212.695248,16231.876516142856,16202.354613928572,16231.876516142856,13.681268142856425,take_profit,9
2023-06-08 01:40:00,2023-06-08 02:25:00,short,15880.493319,15897.006713321427,15897.006713321427,15848.966530357142,-22.013394321427768,stop_loss,9
2023-06-09 01:05:00,2023-06-09 02:10:00,long,16139.496838,16129.00710392857,16129.00710392857,16158.976306142857,-15.989734071428757,stop_loss,13
2023-06-09 04:25:00,2023-06-09 04:35:00,long,16161.484193,16146.998565535714,16146.998565535714,16188.955447928573,-19.985627464286154,stop_loss,2
2023-06-12 01:05:00,2023-06-12 01:25:00,long,16252.335645,16269.042666785714,16243.232134107142,16269.042666785714,11.20702178571446,take_profit,4
2023-06-12 01:55:00,2023-06-12 02:10:00,long,16269.110527,16259.830231464286,16259.830231464286,16286.171118071428,-14.780295535714686,stop_loss,3
2023-06-12 03:00:00,2023-06-12 04:00:00,long,16283.410426,16308.662030857144,16270.03462357143,16308.662030857144,19.75160485714332,take_profit,12
2023-06-13 01:15:00,2023-06-13 01:30:00,long,16562.533462,16581.18511292857,16552.457636535713,16581.18511292857,13.151650928572053,take_profit,3
2023-06-13 03:20:00,2023-06-13 04:20:00,long,16583.708313,16566.47271657143,16566.47271657143,16616.67950585714,-22.735596428570716,stop_loss,12
2023-06-14 02:05:00,2023-06-14 02:15:00,long,16608.458139,16632.11868357143,16595.877866714283,16632.11868357143,18.160544571430364,take_profit,2
2023-06-14 02:35:00,2023-06-14 05:50:00,long,16646.957868,16628.661564464288,16628.661564464288,16682.05047507143,-23.796303535713378,stop_loss,39
2023-06-15 02:25:00,2023-06-15 03:35:00,long,16686.282591,16667.956823607143,16667.956823607143,16721.434125785712,-23.825767392856505,stop_loss,14
2023-06-16 01:10:00,2023-06-16 02:00:00,long,16900.781082,16888.082953535715,16888.082953535715,16924.677338928574,-18.19812846428613,stop_loss,10
2023-06-19 01:10:00,2023-06-19 02:00:00,long,16814.706688,16805.632641285712,16805.632641285712,16831.35478142857,-14.574046714285942,stop_loss,10
2023-06-19 02:05:00,2023-06-19 02:35:00,long,16815.256684,16836.029748714285,16804.12015164286,16836.029748714285,15.273064714285283,take_profit,6
2023-06-19 04:20:00,2023-06-19 05:50:00,long,16797.656808,16782.306912142856,16782.306912142856,16826.856599714283,-20.849895857143565,stop_loss,18
2023-06-20 01:05:00,2023-06-20 01:15:00,short,16745.23217,16755.101746964287,16755.101746964287,16726.99301607143,-15.369576964287262,stop_loss,2
2023-06-20 01:15:00,2023-06-20 01:55:00,long,16760.257071,16749.444643535713,16749.444643535713,16780.38192592857,-16.312427464286884,stop_loss,8
2023-06-20 02:45:00,2023-06-20 03:10:00,long,16764.932038,16747.578584964285,16747.578584964285,16798.138944071427,-22.853453035713756,stop_loss,5
2023-06-20 03:10:00,2023-06-20 03:30:00,short,16742.757187,16707.546723214284,16761.112418892855,16707.546723214284,29.710463785715547,take_profit,4
2023-06-20 03:45:00,2023-06-20 05:05:00,short,16699.582491,16719.499319000002,16719.499319000002,16661.248835000002,-25.41682800000126,stop_loss,16
2023-06-21 01:20:00,2023-06-21 03:10:00,short,16758.432077,16771.424846392856,16771.424846392856,16733.946538214288,-18.492769392854825,stop_loss,22
2023-06-22 01:00:00,2023-06-22 01:05:00,short,16481.509025,16496.269638678572,16496.269638678572,16453.487797642858,-20.260613678572554,stop_loss,1
2023-06-23 01:10:00,2023-06-23 02:15:00,long,16661.807764,16693.011112142856,16645.45608992857,16693.011112142856,25.703348142855248,take_profit,13
2023-06-23 02:15:00,2023-06-23 02:25:00,long,16684.632603,16670.343414142855,16670.343414142855,16711.710980714284,-19.789188857143017,stop_loss,2
2023-06-23 03:10:00,2023-06-23 03:50:00,short,16648.432851,16603.852811642857,16671.47287067857,16603.852811642857,39.080039357144415,take_profit,8
2023-06-23 03:50:00,2023-06-23 04:55:00,short,16612.683102,16634.839199321428,16634.839199321428,16569.87090735714,-27.656097321429115,stop_loss,13
2023-06-26 01:00:00,2023-06-26 02:00:00,short,16586.833284,16568.53520192857,16596.732325035715,16568.53520192857,12.798082071429235,take_profit,12
2023-06-26 02:45:00,2023-06-26 07:20:00,short,16537.608631,16559.55847992857,16559.55847992857,16495.208933142854,-27.449848928572465,stop_loss,55
2023-06-27 02:30:00,2023-06-27 03:05:00,short,16394.884635,16410.146138321426,16410.146138321426,16365.861628357143,-20.76150332142788,stop_loss,7
2023-06-28 02:25:00,2023-06-28 03:00:00,long,16575.733369,16561.296860107144,16561.296860107144,16603.10638678572,-19.93650889285709,stop_loss,7
2023-06-28 04:00:00,2023-06-28 05:00:00,short,16531.008677,16548.332665857142,16548.332665857142,16497.860699285717,-22.823988857140648,stop_loss,12
2023-06-29 02:05:00,2023-06-29 02:10:00,long,16656.857798,16644.98466396429,16644.98466396429,16679.104066071428,-17.3731340357117,stop_loss,1
2023-06-29 03:35:00,2023-06-29 05:15:00,long,16670.8827,16701.26105392857,16654.943523035712,16701.26105392857,24.878353928572324,take_profit,20
2023-06-30 02:50:00,2023-06-30 04:00:00,long,16658.507787,16690.477201642854,16641.77307967857,16690.477201642854,26.469414642855554,take_profit,14
2023-06-30 04:20:00,2023-06-30 07:30:00,long,16688.757574,16713.184183785714,16675.79426910714,16713.184183785714,18.92660978571439,take_profit,38
2023-07-03 03:10:00,2023-07-03 05:00:00,long,16921.130939,16906.69442967857,16906.69442967857,16948.503957642857,-19.936509321429185,stop_loss,22
2023-07-04 01:45:00,2023-07-04 02:00:00,long,16877.406247,16887.925812714286,16871.396464142857,16887.925812714286,5.019565714286728,take_profit,3
2023-07-04 03:10:00,2023-07-04 03:35:00,long,16891.706146,16884.223159464287,16884.223159464287,16905.172119071427,-12.98298653571328,stop_loss,5
2023-07-05 02:10:00,2023-07-05 03:55:00,long,16835.606541,16821.906634000003,16821.906634000003,16861.506355,-19.199906999998348,stop_loss,21
2023-07-05 04:05:00,2023-07-05 04:25:00,short,16821.406634,16794.387184642856,16835.66635867857,16794.387184642856,21.519449357143458,take_profit,4
2023-07-06 02:00:00,2023-07-06 03:10:00,short,16808.481725,16822.623593178574,16822.623593178574,16781.69798864286,-19.641868178572622,stop_loss,14
2023-07-06 04:15:00,2023-07-06 05:30:00,long,16827.081601,16812.939732607145,16812.939732607145,16853.86533778572,-19.64186839285685,stop_loss,15
2023-07-07 02:20:00,2023-07-07 03:40:00,short,16714.157388,16729.124250499997,16729.124250499997,16685.723663,-20.46686249999766,stop_loss,16
2023-07-10 01:40:00,2023-07-10 02:10:00,short,16604.158162,16623.45624407143,16623.45624407143,16567.06199785714,-24.798082071429235,stop_loss,6
2023-07-10 03:45:00,2023-07-10 04:10:00,short,16637.15793,16652.80246625,16652.80246625,16607.3688575,-21.144536249998055,stop_loss,5
2023-07-10 04:15:00,2023-07-10 06:00:00,short,16641.832897,16657.064936357143,16657.064936357143,16612.868818285715,-20.73203935714264,stop_loss,21
2023-07-11 01:35:00,2023-07-11 02:00:00,long,16753.657117,16739.750961285714,16739.750961285714,16779.96942842857,-19.406155714284978,stop_loss,5
2023-07-11 03:00:00,2023-07-11 04:35:00,short,16713.057396,16729.58585439286,16729.58585439286,16681.500479214286,-22.028458392858738,stop_loss,19
2023-07-12 03:05:00,2023-07-12 07:10:00,long,16824.606618,16848.208234,16812.05581,16848.208234,18.10161599999992,take_profit,49
2023-07-13 01:55:00,2023-07-13 02:35:00,long,17056.429987,17079.088752071428,17044.350604464285,17079.088752071428,17.158765071428206,take_profit,8
2023-07-14 03:30:00,2023-07-14 04:30:00,long,17291.553332,17277.11682289286,17277.11682289286,17318.926350214286,-19.93650910714132,stop_loss,12
2023-07-17 01:40:00,2023-07-17 02:05:00,long,17262.12854,17276.65521985714,17254.115200071432,17276.65521985714,9.026679857139243,take_profit,5
2023-07-18 01:55:00,2023-07-18 02:10:00,long,17406.777522,17399.4418555,17399.4418555,17419.948855,-12.835666499999206,stop_loss,3
2023-07-19 01:50:00,2023-07-19 02:00:00,long,17581.126295,17571.93439178571,17571.93439178571,17598.01010142857,-14.691903214286867,stop_loss,2
2023-07-19 02:05:00,2023-07-19 02:30:00,long,17582.776283,17571.315645857143,17571.315645857143,17604.197557285715,-16.960637142856285,stop_loss,5
2023-07-19 04:30:00,2023-07-19 04:45:00,long,17588.826241,17608.59752728571,17578.19059785714,17608.59752728571,14.27128628571154,take_profit,3
2023-07-20 02:40:00,2023-07-20 04:00:00,short,17432.452334,17402.95790264286,17447.949549678575,17402.95790264286,23.994431357143185,take_profit,16
2023-07-21 04:25:00,2023-07-21 05:15:00,short,17211.628888,17223.678806571428,17223.678806571428,17189.02905085714,-17.54991857142886,stop_loss,10
2023-07-24 03:15:00,2023-07-24 03:30:00,short,17131.329453,17152.277523285713,17152.277523285713,17090.93331242857,-26.448070285714493,stop_loss,3
2023-07-24 03:40:00,2023-07-24 04:15:00,short,17132.979441,17150.863247107143,17150.863247107143,17098.711828785712,-23.383806107143755,stop_loss,7
2023-07-25 04:35:00,2023-07-25 05:10:00,short,17179.729112,17159.368545142857,17190.65939542857,17159.368545142857,14.860566857143567,take_profit,7
2023-07-26 01:15:00,2023-07-26 02:05:00,long,17223.078814,17237.546566357145,17215.094937821428,17237.546566357145,8.96775235714449,take_profit,10
2023-07-26 02:15:00,2023-07-26 03:10:00,long,17228.853774,17218.04134642857,17218.04134642857,17248.978629142857,-16.312427571428998,stop_loss,11
2023-07-26 04:10:00,2023-07-26 04:25:00,short,17202.82895,17216.705641428573,17216.705641428573,17176.575567142856,-19.376691428573395,stop_loss,3
2023-07-26 04:35:00,2023-07-26 05:00:00,short,17201.178961,17214.554763107146,17214.554763107146,17175.927356785713,-18.87580210714441,stop_loss,5
2023-07-27 01:05:00,2023-07-27 01:10:00,long,17302.553255,17290.090839,17290.090839,17325.978086999996,-17.962415999998484,stop_loss,1
2023-07-27 01:25:00,2023-07-27 02:15:00,long,17291.828331,17317.90493007143,17278.040031464287,17317.90493007143,20.576599071428063,take_profit,10
2023-07-27 03:00:00,2023-07-27 06:40:00,long,17353.427897,17393.057971714286,17332.862859642857,17393.057971714286,34.130074714285,take_profit,44
2023-07-28 01:55:00,2023-07-28 02:05:00,short,17197.878985,17215.939575642857,17215.939575642857,17163.257803714285,-23.560590642857278,stop_loss,2
2023-07-28 03:25:00,2023-07-28 03:35:00,short,17217.128849,17238.813521178574,17238.813521178574,17175.259504642858,-27.184672178573237,stop_loss,2
2023-07-31 01:05:00,2023-07-31 02:00:00,long,17413.377475,17399.41239125,17399.41239125,17439.807642500004,-19.465083750001213,stop_loss,11
2023-07-31 03:00:00,2023-07-31 04:05:00,long,17412.277483,17446.898664928573,17394.216892035718,17446.898664928573,29.121181928570877,take_profit,13
2023-08-01 02:25:00,2023-08-01 02:55:00,long,17417.227448,17405.442705857145,17405.442705857145,17439.296932285717,-17.284742142855976,stop_loss,6
2023-08-02 01:00:00,2023-08-02 01:50:00,short,17279.55341,17249.17505542857,17295.492587285717,17249.17505542857,24.878354571428645,take_profit,10
2023-08-03 01:30:00,2023-08-03 01:50:00,short,16999.60538,16963.27528192857,17018.520429035714,16963.27528192857,30.830098071430257,take_profit,4
2023-08-03 01:50:00,2023-08-03 02:00:00,short,16960.005658,16922.320212642855,16979.59838067857,16922.320212642855,32.18544535714318,take_profit,2
2023-08-04 01:30:00,2023-08-04 02:00:00,short,17098.329685,17068.18704342857,17114.151005785716,17068.18704342857,24.64264157143043,take_profit,6
2023-08-04 02:25:00,2023-08-04 02:45:00,short,17043.60507,17063.315649071432,17063.315649071432,17005.683911857144,-25.210579071430402,stop_loss,4
2023-08-04 04:55:00,2023-08-04 05:45:00,short,17076.879836,17044.733637785714,17093.702935107143,17044.733637785714,26.646198214286414,take_profit,10
2023-08-07 01:25:00,2023-08-07 02:00:00,short,16956.155685,16970.827906785715,16970.827906785715,16928.311241428575,-20.17222178571319,stop_loss,7
2023-08-07 02:00:00,2023-08-07 02:05:00,short,16957.805674,16974.334132821426,16974.334132821426,16926.24875635714,-22.028458821427193,stop_loss,1
2023-08-07 03:00:00,2023-08-07 05:25:00,short,16991.905434,16945.67540557143,17015.770448214287,16945.67540557143,40.73002842857022,take_profit,29
2023-08-08 04:05:00,2023-08-08 06:00:00,short,16962.205643,16929.52909064286,16979.293919178574,16929.52909064286,27.17655235714119,take_profit,23
2023-08-09 01:00:00,2023-08-09 01:05:00,short,16922.055925,16931.92550207143,16931.92550207143,16903.81677085714,-15.369577071429376,stop_loss,1
2023-08-09 01:15:00,2023-08-09 01:40:00,short,16922.055925,16933.369241785716,16933.369241785716,16900.929291428572,-16.81331678571587,stop_loss,5
2023-08-09 02:50:00,2023-08-09 03:30:00,short,16939.105805,16960.40744457143,16960.40744457143,16898.002525857144,-26.801639571429405,stop_loss,8
2023-08-10 01:55:00,2023-08-10 02:00:00,short,16767.782011,16779.62568117857,16779.62568117857,16745.59467064286,-17.34367017857221,stop_loss,1
2023-08-10 03:20:00,2023-08-10 03:35:00,short,16790.331852,16807.508520392857,16807.508520392857,16757.478515214283,-22.67666839285812,stop_loss,3
2023-08-10 04:00:00,2023-08-10 04:15:00,short,16799.13179,16813.833475642856,16813.833475642856,16771.228418714283,-20.20168564285632,stop_loss,3
2023-08-10 04:20:00,2023-08-10 07:15:00,short,16802.706765,16817.732555535713,16817.732555535713,16774.155183928568,-20.525790535713895,stop_loss,35
2023-08-11 02:50:00,2023-08-11 03:15:00,short,16742.482189,16708.744930071425,16760.100818464285,16708.744930071425,28.237258928573283,take_profit,5
2023-08-14 04:30:00,2023-08-14 05:20:00,short,16659.432773,16678.996031714287,16678.996031714287,16621.806255571428,-25.06325871428635,stop_loss,10
2023-08-15 04:20:00,2023-08-15 04:50:00,long,16752.557125,16731.756374642857,16731.756374642857,16792.658625714284,-26.300750357142533,stop_loss,6
2023-08-16 01:00:00,2023-08-16 01:10:00,short,16606.633145,16619.390201607144,16619.390201607144,16582.61903178571,-18.257056607144477,stop_loss,2
2023-08-16 04:35:00,2023-08-16 06:10:00,short,16630.282978,16598.843917285714,16646.75250835714,16598.843917285714,25.939060714285006,take_profit,19
2023-08-17 01:10:00,2023-08-17 01:20:00,short,16421.284449,16436.045062892856,16436.045062892856,16393.263221214285,-20.26061389285678,stop_loss,2
2023-08-17 04:30:00,2023-08-17 04:45:00,short,16453.734221,16469.319829,16469.319829,16424.063005,-21.08560800000123,stop_loss,3
2023-08-18 03:05:00,2023-08-18 06:00:00,short,16224.660833,16172.479060642858,16251.501719178572,16172.479060642858,46.68177235714211,take_profit,35
2023-08-22 01:40:00,2023-08-22 02:10:00,long,16497.358921,16522.49266892857,16484.042047035713,16522.49266892857,19.63374792857212,take_profit,6
2023-08-22 02:30:00,2023-08-22 03:15:00,long,16530.633687,16565.8441495,16512.27845575,16565.8441495,29.710462499999267,take_profit,9
2023-08-23 01:20:00,2023-08-23 02:15:00,long,16532.833671,16553.84244807143,16521.579282464285,16553.84244807143,15.508777071430814,take_profit,11
2023-08-23 02:45:00,2023-08-23 05:25:00,long,16565.833439,16546.80053357143,16546.80053357143,16602.399249857146,-24.53290542857212,stop_loss,32
2023-08-24 02:00:00,2023-08-24 02:10:00,long,16950.005736,16933.005852035712,16933.005852035712,16982.505503928573,-22.49988396428671,stop_loss,2
2023-08-24 02:20:00,2023-08-24 03:50:00,long,16933.230854,16911.87028639286,16911.87028639286,16974.451989214285,-26.860567607142002,stop_loss,18
2023-08-25 01:20:00,2023-08-25 01:30:00,short,16320.085161,16288.05681907143,16336.849331964288,16288.05681907143,26.528341928571535,take_profit,2
2023-08-25 01:50:00,2023-08-25 02:00:00,short,16275.810473,16298.644244285715,16298.644244285715,16231.64293042857,-28.333771285715557,stop_loss,2
2023-08-25 04:00:00,2023-08-25 05:25:00,short,16353.634925,16376.557088607144,16376.557088607144,16309.290597785714,-28.422163607143375,stop_loss,17
2023-08-28 01:35:00,2023-08-28 01:50:00,long,16511.65882,16498.577658607144,16498.577658607144,16536.321142785717,-18.581161392856302,stop_loss,3
2023-08-28 02:25:00,2023-08-28 02:40:00,long,16510.558828,16495.26786082143,16495.26786082143,16539.640762357143,-20.79096717857101,stop_loss,3
2023-08-28 02:40:00,2023-08-28 03:00:00,short,16488.108979,16506.90617142857,16506.90617142857,16452.014594142856,-24.29719242857027,stop_loss,4
2023-08-28 03:05:00,2023-08-28 04:15:00,long,16516.333787,16494.118761321428,16494.118761321428,16559.263838357143,-27.715025678571692,stop_loss,14
2023-08-28 04:45:00,2023-08-28 05:50:00,short,16507.083845,16522.08017157143,16522.08017157143,16478.591191857144,-20.496326571428654,stop_loss,13
2023-08-29 02:20:00,2023-08-29 02:50:00,long,16640.632913,16627.168718464287,16627.168718464287,16666.06130207143,-18.96419453571434,stop_loss,6
2023-08-29 03:35:00,2023-08-29 03:55:00,long,16603.783172,16583.277062785713,16583.277062785713,16643.29539042857,-26.00610921428597,stop_loss,4
2023-08-29 04:25:00,2023-08-29 06:35:00,long,16596.358224,16578.12084892857,16578.12084892857,16631.332974142857,-23.737375071428687,stop_loss,26
2023-08-31 01:15:00,2023-08-31 01:55:00,long,17052.855012,17041.129198107144,17041.129198107144,17074.806639785715,-17.225813892855513,stop_loss,8
2023-08-31 03:05:00,2023-08-31 04:00:00,long,17060.829956,17043.388110750002,17043.388110750002,17094.2136465,-22.94184524999946,stop_loss,11
2023-09-01 02:30:00,2023-09-01 07:30:00,long,17105.379642,17139.706182571426,17087.466371714287,17139.706182571426,28.82654057142645,take_profit,60
2023-09-04 01:15:00,2023-09-04 02:40:00,long,17099.879681,17118.884901642858,17089.62707067857,17118.884901642858,13.505220642859058,take_profit,17
2023-09-04 03:05:00,2023-09-04 07:45:00,long,17113.079588,17100.58770825,17100.58770825,17136.5633475,-17.991879749999498,stop_loss,56
2023-09-05 02:40:00,2023-09-05 03:15:00,short,17004.830343,16967.439538785715,17024.275745107145,16967.439538785715,31.890804214286618,take_profit,7
2023-09-06 01:05:00,2023-09-06 01:20:00,long,17064.129933,17053.553218214285,17053.553218214285,17083.783362571427,-16.076714785715012,stop_loss,3
2023-09-06 02:15:00,2023-09-06 02:25:00,short,16997.130397,17013.62939132143,17013.62939132143,16965.63240835714,-21.998994321427745,stop_loss,2
2023-09-06 02:50:00,2023-09-06 03:05:00,short,17021.605225,17042.99525625,17042.99525625,16980.325162499998,-26.890031250000902,stop_loss,3
2023-09-06 03:25:00,2023-09-06 05:10:00,short,17021.055229,17040.264918535715,17040.264918535715,16984.135849928574,-24.70968953571355,stop_loss,21
2023-09-07 01:05:00,2023-09-07 02:25:00,short,16872.006278,16849.70108114286,16883.908876428573,16849.70108114286,16.80519685714171,take_profit,16
2023-09-07 03:05:00,2023-09-07 04:45:00,short,16842.031488,16865.248292107142,16865.248292107142,16797.097879785717,-28.716804107141797,stop_loss,20
2023-09-08 03:10:00,2023-09-08 03:25:00,short,16832.956552,16791.381848785713,16854.493903607145,16791.381848785713,36.074703214286274,take_profit,3
2023-09-08 04:15:00,2023-09-08 05:35:00,short,16765.03203,16789.663110178568,16789.663110178568,16717.269869642856,-30.13108017856939,stop_loss,16
2023-09-11 01:05:00,2023-09-11 02:15:00,long,16896.179456,16919.72696507143,16883.65570146429,16919.72696507143,18.047509071428067,take_profit,14
2023-09-11 04:25:00,2023-09-11 06:35:00,long,16919.530281,16949.460052642855,16903.81539517857,16949.460052642855,24.429771642855485,take_profit,26
2023-09-12 01:40:00,2023-09-12 02:05:00,long,17023.251387,17012.540249392856,17012.540249392856,17043.17366221429,-16.211137607144337,stop_loss,5
2023-09-13 01:25:00,2023-09-13 01:40:00,short,16807.749623,16819.886246607144,16819.886246607144,16784.976375785714,-17.63662360714443,stop_loss,3
2023-09-13 02:55:00,2023-09-13 07:30:00,short,16835.444788,16861.399902428573,16861.399902428573,16785.03455914286,-31.455114428572415,stop_loss,55
2023-09-14 01:25:00,2023-09-14 01:50:00,long,16969.490186,16958.40085842857,16958.40085842857,16990.168841142855,-16.58932757142975,stop_loss,5
2023-09-15 01:35:00,2023-09-15 01:50:00,long,17063.97957,17052.977517357143,17052.977517357143,17084.483675285715,-16.502052642856142,stop_loss,3
2023-09-18 01:30:00,2023-09-18 02:00:00,short,16731.180639,16741.222670321426,16741.222670321426,16712.59657635714,-15.542031321427203,stop_loss,6
2023-09-18 02:05:00,2023-09-18 02:30:00,short,16731.45216,16743.99606564286,16743.99606564286,16707.864348714284,-18.04390564285859,stop_loss,5
2023-09-18 04:35:00,2023-09-18 06:05:00,short,16740.683882,16715.176027642858,16754.187809178573,16715.176027642858,20.007854357143515,take_profit,18
2023-09-19 01:00:00,2023-09-19 02:10:00,short,16715.975451,16725.81384167857,16725.81384167857,16697.798669642852,-15.338390678571159,stop_loss,14
2023-09-20 02:05:00,2023-09-20 02:25:00,short,16691.538541,16704.22790442857,16704.22790442857,16667.65981414286,-18.189363428569777,stop_loss,4
2023-09-21 03:10:00,2023-09-21 04:45:00,short,16385.534126,16343.211351142856,16407.44551342857,16343.211351142856,36.822774857142576,take_profit,19
2023-09-22 01:20:00,2023-09-22 01:30:00,short,16184.879944,16196.522011178571,16196.522011178571,16163.095809642859,-17.14206717857087,stop_loss,2
2023-09-22 01:35:00,2023-09-22 02:05:00,short,16185.966029,16198.713575607142,16198.713575607142,16161.970935785714,-18.247546607142795,stop_loss,6
2023-09-22 03:25:00,2023-09-22 04:35:00,short,16192.211017,16212.406002857142,16212.406002857142,16153.321045285713,-25.694985857142456,stop_loss,14
2023-09-25 01:20:00,2023-09-25 01:55:00,short,16192.754059,16204.07611907143,16204.07611907143,16171.609938857144,-16.822060071428496,stop_loss,7
2023-09-25 03:30:00,2023-09-25 03:40:00,short,16137.906773,16097.50404057143,16158.858139214286,16097.50404057143,34.902732428570744,take_profit,2
2023-09-26 01:10:00,2023-09-26 01:45:00,short,16124.873754,16099.831364,16138.144949,16099.831364,19.542390000000523,take_profit,7
2023-09-26 04:55:00,2023-09-26 05:05:00,short,16115.642033,16134.673356571428,16134.673356571428,16079.079385857143,-24.531323571427492,stop_loss,2
2023-09-27 03:35:00,2023-09-27 05:05:00,short,16055.907364,16022.195690142858,16073.513200928572,16022.195690142858,28.21167385714216,take_profit,18
2023-09-28 01:45:00,2023-09-28 02:05:00,short,16023.86786,15995.974498000001,16038.564541,15995.974498000001,22.393361999998888,take_profit,4
2023-09-28 02:25:00,2023-09-28 02:40:00,short,16015.722223,16034.491722428573,16034.491722428573,15979.683224142858,-24.26949942857209,stop_loss,3
2023-09-28 02:40:00,2023-09-28 03:00:00,short,16019.251999,15982.456619571429,16038.399688714286,15982.456619571429,31.295379428571323,take_profit,4
2023-09-28 03:40:00,2023-09-28 04:10:00,short,15994.000526,15951.794116428571,16015.853730785713,15951.794116428571,36.706409571428594,take_profit,6
2023-09-29 02:45:00,2023-09-29 06:35:00,long,16232.310072,16213.627847392858,16213.627847392858,16268.174521214287,-24.182224607142416,stop_loss,46
2023-10-02 02:10:00,2023-10-02 02:50:00,long,16292.859305,16277.842617,16277.842617,16321.392681000001,-20.516687999999704,stop_loss,8
2023-10-02 02:55:00,2023-10-02 03:15:00,long,16278.46868,16259.291898857142,16259.291898857142,16315.322242285714,-24.67678114285809,stop_loss,4
2023-10-02 03:40:00,2023-10-02 03:55:00,long,16276.568031,16257.856714857144,16257.856714857144,16312.490663285715,-24.21131614285696,stop_loss,3
2023-10-03 03:00:00,2023-10-03 04:05:00,long,16297.475165,16274.603755821428,16274.603755821428,16341.717983357143,-28.37140917857141,stop_loss,13
2023-10-04 01:45:00,2023-10-04 02:15:00,short,15870.458371,15892.835223642858,15892.835223642858,15827.204665714287,-27.876852642857557,stop_loss,6
2023-10-06 01:40:00,2023-10-06 01:50:00,short,16120.257893,16133.790911607142,16133.790911607142,16094.691855785715,-19.033018607142367,stop_loss,2
2023-10-06 01:55:00,2023-10-06 02:20:00,long,16135.648518,16163.483696714286,16120.980928642857,16163.483696714286,22.335178714285576,take_profit,5
2023-10-06 02:20:00,2023-10-06 03:35:00,long,16159.542385,16140.365604071429,16140.365604071429,16196.395946857145,-24.676780928572043,stop_loss,15
2023-10-06 04:00:00,2023-10-06 05:20:00,long,16153.297397,16189.394578285715,16134.498806357144,16189.394578285715,30.597181285715124,take_profit,16
2023-10-09 02:45:00,2023-10-09 07:40:00,long,16287.700401,16261.047089178572,16261.047089178572,16339.507024642857,-32.15331182142836,stop_loss,59
2023-10-10 02:05:00,2023-10-10 03:00:00,long,16526.096033,16509.537492214287,16509.537492214287,16557.71311457143,-22.058540785714285,stop_loss,11
2023-10-10 03:25:00,2023-10-10 04:10:00,long,16544.559476,16520.34985510714,16520.34985510714,16591.478717785714,-29.709620892859675,stop_loss,9
2023-10-11 02:05:00,2023-10-11 03:15:00,long,16614.068908,16601.17590392857,16601.17590392857,16638.35491614286,-18.39300407142946,stop_loss,14
2023-10-11 04:30:00,2023-10-11 06:00:00,long,16615.698035,16650.34063907143,16597.626732964287,16650.34063907143,29.14260407142865,take_profit,18
2023-10-12 04:30:00,2023-10-12 06:40:00,long,16762.591016,16751.472596571428,16751.472596571428,16783.327854857143,-16.618419428570633,stop_loss,26
2023-10-13 02:05:00,2023-10-13 02:15:00,long,16651.267315,16636.745183535717,16636.745183535717,16678.81157792857,-20.02213146428403,stop_loss,2
2023-10-13 02:25:00,2023-10-13 03:25:00,long,16647.466018,16632.0711395,16632.0711395,16676.755774999998,-20.894878499999322,stop_loss,12
2023-10-13 04:05:00,2023-10-13 04:50:00,short,16586.73135,16549.99415385714,16605.849948071427,16549.99415385714,31.23719614285801,take_profit,9
2023-10-17 01:55:00,2023-10-17 02:05:00,long,16582.572447,16603.192919499998,16571.51221075,16603.192919499998,15.120472499998868,take_profit,2
2023-10-17 02:40:00,2023-10-17 03:05:00,long,16612.711302,16596.0654865,16596.0654865,16644.502933,-22.145815500000026,stop_loss,5
2023-10-17 04:30:00,2023-10-17 05:15:00,long,16582.843968,16563.347179750002,16563.347179750002,16620.3375445,-24.996788249998644,stop_loss,9
2023-10-18 02:45:00,2023-10-18 04:30:00,short,16505.274984,16467.548675,16524.8881385,16467.548675,32.22630900000149,take_profit,21
2023-10-18 04:55:00,2023-10-18 07:50:00,short,16470.791789,16434.229142285716,16489.823112357142,16434.229142285716,31.06264671428289,take_profit,35
2023-10-19 01:05:00,2023-10-19 01:15:00,short,16275.29651,16288.044056392857,16288.044056392857,16251.301417214287,-18.247546392856748,stop_loss,2
2023-10-19 01:25:00,2023-10-19 02:00:00,short,16287.514965,16302.12437107143,16302.12437107143,16259.796152857143,-20.109406071429476,stop_loss,7
2023-10-20 02:00:00,2023-10-20 02:35:00,short,16088.48991,16105.979380678571,16105.979380678571,16055.010968642857,-22.989470678570797,stop_loss,7
2023-10-23 03:20:00,2023-10-23 04:00:00,short,15921.50436,15868.301341785716,15948.855869107143,15868.301341785716,47.703018214284384,take_profit,8
2023-10-23 04:00:00,2023-10-23 04:30:00,short,15873.988146,15825.148861357144,15899.157788321429,15825.148861357144,43.339284642856,take_profit,6
2023-10-24 01:15:00,2023-10-24 01:35:00,short,16052.920631,16064.766339035716,16064.766339035716,16030.729214928573,-17.34570803571478,stop_loss,4
2023-10-25 01:55:00,2023-10-25 02:20:00,short,16024.139381,15999.038808785715,16037.439667107144,15999.038808785715,19.60057221428542,take_profit,5
2023-10-25 04:35:00,2023-10-25 06:00:00,short,16028.755242,16046.390170249999,16046.390170249999,15994.9853855,-23.134928249999575,stop_loss,17
2023-10-26 01:35:00,2023-10-26 02:00:00,short,15546.262033,15520.405080214286,15559.940509392858,15520.405080214286,20.356952785714384,take_profit,5
2023-10-27 01:25:00,2023-10-27 02:05:00,short,15537.573354,15515.323754428571,15549.448153785714,15515.323754428571,16.749599571428917,take_profit,8
2023-10-31 04:10:00,2023-10-31 04:25:00,long,15642.022939,15622.497059428571,15622.497059428571,15679.574698142857,-25.02587957142896,stop_loss,3
2023-10-31 04:30:00,2023-10-31 06:10:00,long,15643.923588,15684.326320214286,15622.972221892856,15684.326320214286,34.902732214286516,take_profit,20
2023-11-01 01:10:00,2023-11-01 01:55:00,long,15721.578657,15738.940874714286,15712.147548142857,15738.940874714286,11.86221771428609,take_profit,9
2023-11-01 02:30:00,2023-11-01 02:40:00,long,15724.293869,15713.175449999999,15713.175449999999,15745.030706999998,-16.618419000000358,stop_loss,2
2023-11-01 04:05:00,2023-11-01 04:20:00,long,15692.525886,15671.981801392856,15671.981801392856,15732.114055214286,-26.044084607143304,stop_loss,3
2023-11-02 02:30:00,2023-11-02 03:15:00,long,16077.271456,16097.950111357144,16066.182128321429,16097.950111357144,15.178655357143725,take_profit,9
2023-11-02 03:35:00,2023-11-02 04:30:00,long,16108.767917,16139.686801071428,16092.558474964286,16139.686801071428,25.418884071428693,take_profit,11
2023-11-02 04:50:00,2023-11-02 06:45:00,long,16133.747869,16163.444907714285,16118.149349642857,16163.444907714285,24.197038714284645,take_profit,23
2023-11-03 01:10:00,2023-11-03 01:45:00,long,16251.8596,16245.570379357143,16245.570379357143,16262.938041285715,-11.78922064285689,stop_loss,7
2023-11-03 02:15:00,2023-11-03 02:40:00,long,16247.243739,16238.190820107142,16238.190820107142,16263.849576785715,-14.552918892857633,stop_loss,5
2023-11-06 01:10:00,2023-11-06 01:35:00,long,16495.957177,16510.41023857143,16487.980646214288,16510.41023857143,8.953061571428407,take_profit,5
2023-11-06 02:05:00,2023-11-06 02:15:00,long,16503.831293,16493.2656135,16493.2656135,16523.462652,-16.065679499999533,stop_loss,2
2023-11-06 04:55:00,2023-11-06 06:25:00,long,16527.453639,16514.26971925,16514.26971925,16552.3214785,-18.683919749997585,stop_loss,18
2023-11-07 01:15:00,2023-11-07 01:30:00,long,16507.904111,16499.549389821426,16499.549389821426,16523.113553357143,-13.854721178573527,stop_loss,3
2023-11-07 02:30:00,2023-11-07 03:20:00,long,16523.109299,16509.518097428572,16509.518097428572,16548.79170214286,-19.09120157142752,stop_loss,10
2023-11-07 04:45:00,2023-11-07 05:15:00,long,16516.59279,16503.932518214286,16503.932518214286,16540.41333357143,-18.16027178571312,stop_loss,6
2023-11-09 01:20:00,2023-11-09 02:10:00,long,16705.571559,16695.76225975,16695.76225975,16723.6901575,-15.30929924999873,stop_loss,10
2023-11-09 02:35:00,2023-11-09 02:55:00,long,16712.631111,16698.225345571427,16698.225345571427,16739.942641857142,-19.905765428571613,stop_loss,4
2023-11-09 04:40:00,2023-11-09 05:00:00,long,16726.478693,16715.272999285717,16715.272999285717,16747.390080428573,-16.70569371428428,stop_loss,4
2023-11-10 03:10:00,2023-11-10 06:25:00,short,16546.81773,16563.230813,16563.230813,16515.491564,-21.91308299999946,stop_loss,39
2023-11-13 02:40:00,2023-11-13 04:55:00,long,16880.702747,16906.443334071428,16867.082453464285,16906.443334071428,20.24058707142831,take_profit,27
2023-11-14 02:20:00,2023-11-14 02:55:00,long,16922.517014,16937.144624785717,16914.453208607145,16937.144624785717,9.12761078571566,take_profit,7
2023-11-14 03:10:00,2023-11-14 03:30:00,long,16947.225445,16936.019751071428,16936.019751071428,16968.136832857144,-16.705693928572146,stop_loss,4
2023-11-14 03:45:00,2023-11-14 04:40:00,long,16938.265245,16926.448628392856,16926.448628392856,16960.398478214283,-17.31661660714235,stop_loss,11
2023-11-15 02:50:00,2023-11-15 03:10:00,long,17329.798845,17316.23673496429,17316.23673496429,17355.423065071427,-19.062110035712976,stop_loss,4
2023-11-15 04:35:00,2023-11-15 05:15:00,long,17339.030566,17327.679414178572,17327.679414178572,17360.23286964286,-16.851151821429085,stop_loss,8
2023-11-16 04:25:00,2023-11-16 05:35:00,long,17234.223375,17223.48314607143,17223.48314607143,17254.203832857143,-16.240228928571014,stop_loss,14
2023-11-17 01:20:00,2023-11-17 02:30:00,long,17249.700085,17263.920414285716,17241.839920357143,17263.920414285716,8.720329285715707,take_profit,14
2023-11-17 03:00:00,2023-11-17 03:25:00,long,17273.865474,17260.594279214285,17260.594279214285,17298.90786357143,-18.771194785713305,stop_loss,5
2023-11-20 01:50:00,2023-11-20 02:00:00,long,17222.547963,17238.92106764286,17213.61141067857,17238.92106764286,10.87310464285838,take_profit,2
2023-11-20 02:00:00,2023-11-20 02:15:00,long,17246.44183,17234.916128964283,17234.916128964283,17267.99323207143,-17.025701035716338,stop_loss,3
2023-11-20 02:30:00,2023-11-20 03:00:00,long,17239.925321,17265.60772478571,17226.33411910714,17265.60772478571,20.182403785711358,take_profit,6
2023-11-21 01:20:00,2023-11-21 01:25:00,long,17481.579207,17473.951774964284,17473.951774964284,17495.33407107143,-13.127432035715174,stop_loss,1
2023-11-21 03:15:00,2023-11-21 05:35:00,long,17466.64554,17453.40343707143,17453.40343707143,17491.629745857146,-18.74210292857242,stop_loss,28
2023-11-22 03:00:00,2023-11-22 04:00:00,long,17341.745779,17370.511887928573,17326.612724535717,17370.511887928573,23.266108928572066,take_profit,12
2023-11-22 04:30:00,2023-11-22 05:20:00,long,17386.818301,17411.80250685714,17373.576198071427,17411.80250685714,19.484205857141205,take_profit,10
2023-11-23 01:00:00,2023-11-23 02:05:00,long,17458.499903,17451.83249239286,17451.83249239286,17470.334724214285,-12.167410607140482,stop_loss,13
2023-11-23 03:35:00,2023-11-23 04:15:00,long,17466.917061,17456.90412110714,17456.90412110714,17485.442940785717,-15.512939892858412,stop_loss,8
2023-11-24 02:15:00,2023-11-24 03:10:00,long,17427.003442,17444.83112471429,17417.33960064286,17444.83112471429,12.32768271428722,take_profit,11
2023-11-28 01:00:00,2023-11-28 01:10:00,short,17376.58658,17362.889899214286,17384.184920392854,17362.889899214286,8.196680785713397,take_profit,2
2023-11-29 02:35:00,2023-11-29 03:25:00,long,17471.261401,17499.969326857143,17456.157438071426,17499.969326857143,23.207925857142982,take_profit,10
2023-11-29 03:45:00,2023-11-29 06:55:00,long,17499.771129,17531.737309428576,17483.038038785715,17531.737309428576,26.46618042857517,take_profit,38
2023-11-30 03:05:00,2023-11-30 07:25:00,long,17438.135812,17467.018286857143,17422.94457457143,17467.018286857143,23.38247485714237,take_profit,52
2023-12-01 01:50:00,2023-12-01 02:00:00,short,17318.75256,17326.438175,17326.438175,17304.88133,-13.185614999998506,stop_loss,2
2023-12-01 04:50:00,2023-12-01 06:00:00,short,17344.818597,17328.38730971429,17353.784240642857,17328.38730971429,10.931287285711733,take_profit,14
2023-12-04 01:55:00,2023-12-04 02:20:00,short,17323.096899,17333.42984610714,17333.42984610714,17303.931004785714,-15.83294710714108,stop_loss,5
2023-12-05 01:00:00,2023-12-05 01:20:00,short,17144.978979,17125.98763442857,17155.224651285716,17125.98763442857,13.49134457143009,take_profit,4
2023-12-05 03:55:00,2023-12-05 04:15:00,short,17159.912646,17132.89203092857,17174.172953535715,17132.89203092857,21.520615071429347,take_profit,4
2023-12-05 04:40:00,2023-12-05 05:10:00,short,17137.376385,17153.20763675,17153.20763675,17107.2138815,-21.331251750001684,stop_loss,6
2023-12-06 02:00:00,2023-12-06 02:35:00,long,17349.076852,17337.84206653571,17337.84206653571,17370.04642292857,-16.734785464286688,stop_loss,7
2023-12-06 04:40:00,2023-12-06 05:10:00,long,17343.103385,17329.133993142856,17329.133993142856,17369.542168714284,-19.46939185714291,stop_loss,6
2023-12-07 04:50:00,2023-12-07 05:25:00,short,17206.071253,17218.324242964285,17218.324242964285,17183.065273071425,-17.752989964286826,stop_loss,7
2023-12-08 03:15:00,2023-12-08 05:25:00,long,17406.63935,17395.84093767857,17395.84093767857,17426.736174642858,-16.298412321430078,stop_loss,26
2023-12-11 01:45:00,2023-12-11 03:20:00,long,17449.539703,17469.752893785713,17438.683107607143,17469.752893785713,14.713190785714687,take_profit,19
2023-12-11 04:00:00,2023-12-11 04:25:00,long,17462.572722,17450.55246475,17450.55246475,17485.1132365,-17.520257250002032,stop_loss,5
2023-12-12 01:00:00,2023-12-12 01:20:00,long,17666.728534,17660.048860035717,17660.048860035717,17678.587881928575,-12.17967396428503,stop_loss,4
2023-12-12 01:20:00,2023-12-12 01:25:00,long,17666.996538,17660.23675107143,17660.23675107143,17679.01611185714,-12.259786928570975,stop_loss,1
2023-12-12 01:35:00,2023-12-12 02:25:00,long,17664.58451,17678.15467307143,17657.049428464285,17678.15467307143,8.070163071428397,take_profit,10
2023-12-12 02:25:00,2023-12-12 02:50:00,long,17673.696615,17662.141486642857,17662.141486642857,17695.30687171429,-17.055128357143985,stop_loss,5
2023-12-12 03:40:00,2023-12-12 04:55:00,long,17661.368472,17650.04306092857,17650.04306092857,17682.519294142858,-16.8254110714297,stop_loss,15
2023-12-13 01:40:00,2023-12-13 01:55:00,long,17807.698167,17801.22552592857,17801.22552592857,17819.14344914286,-11.97264107142837,stop_loss,3
2023-12-13 02:00:00,2023-12-13 02:15:00,long,17807.698167,17800.421516821425,17800.421516821425,17820.751467357142,-12.776650178573618,stop_loss,3
2023-12-13 03:05:00,2023-12-13 07:30:00,long,17799.122067,17820.043172285714,17787.911514357143,17820.043172285714,15.421105285713566,take_profit,53
2023-12-14 04:20:00,2023-12-14 05:30:00,long,18055.86904,18041.75831117857,18041.75831117857,18082.590497642857,-19.610728821429802,stop_loss,14
2023-12-15 03:05:00,2023-12-15 07:30:00,long,18009.772506,17997.212366392858,17997.212366392858,18033.392785214288,-18.060139607143356,stop_loss,53
2023-12-18 03:20:00,2023-12-18 04:50:00,long,18066.053158,18049.329398642858,18049.329398642858,18098.000676714284,-22.223759357140807,stop_loss,18
2023-12-19 01:15:00,2023-12-19 02:20:00,long,18143.774058,18158.72252264286,18135.54982567857,18158.72252264286,9.448464642860927,take_profit,13
2023-12-19 03:10:00,2023-12-19 05:40:00,long,18161.462262,18180.717919000002,18151.0844335,18180.717919000002,13.75565700000152,take_profit,30
2023-12-20 01:15:00,2023-12-20 02:00:00,long,18260.087404,18253.212758750004,18253.212758750004,18272.3366945,-12.374645249998139,stop_loss,9
2023-12-20 03:50:00,2023-12-20 08:35:00,long,18198.982697,18229.207338642856,18183.120376178573,18229.207338642856,24.724641642857023,take_profit,57
2023-12-21 02:55:00,2023-12-21 03:20:00,short,18087.833421,18101.628289142856,18101.628289142856,18061.743684714285,-19.294868142857013,stop_loss,5
2023-12-22 01:45:00,2023-12-22 02:05:00,long,18130.373902,18122.46553035714,18122.46553035714,18144.690645285715,-13.408371642857674,stop_loss,4
2023-12-22 02:30:00,2023-12-22 02:45:00,long,18136.001968,18125.193420178573,18125.193420178573,18156.11906364286,-16.308547821427055,stop_loss,3
2023-12-22 03:20:00,2023-12-22 05:00:00,long,18131.713918,18154.53018821429,18119.555782892858,18154.53018821429,17.316270214287215,take_profit,20
2023-12-26 01:55:00,2023-12-26 02:05:00,long,18260.355407,18254.83034860714,18254.83034860714,18269.90552378571,-11.025058392857318,stop_loss,2
2023-12-26 03:35:00,2023-12-26 03:45:00,long,18242.399199,18234.950261285714,18234.950261285714,18255.79707442857,-12.948937714285421,stop_loss,2
2023-12-26 04:35:00,2023-12-26 05:05:00,long,18242.667202,18236.395563714286,18236.395563714286,18253.71047857143,-11.771638285714289,stop_loss,6
2023-12-27 01:00:00,2023-12-27 01:05:00,long,18327.08818,18321.476978,18321.476978,18336.810584,-11.111202000000048,stop_loss,1
2023-12-27 01:10:00,2023-12-27 01:55:00,long,18324.408149,18318.19394003571,18318.19394003571,18335.33656692857,-11.714208964287536,stop_loss,9
2023-12-27 02:55:00,2023-12-27 03:00:00,long,18321.728118,18310.948285,18310.948285,18341.787784,-16.279833000000508,stop_loss,1
2023-12-28 01:55:00,2023-12-28 02:00:00,long,18390.068909,18384.888426428573,18384.888426428573,18398.929874142857,-10.680482571428001,stop_loss,1
2023-12-29 01:00:00,2023-12-29 01:55:00,long,18342.900363,18338.294172892856,18338.294172892856,18350.612743214286,-10.106190107144357,stop_loss,11
2023-12-29 03:15:00,2023-12-29 03:40:00,long,18353.88849,18345.08996575,18345.08996575,18369.985538500005,-14.2985242499999,stop_loss,5
2024-01-02 03:30:00,2024-01-02 04:10:00,short,18227.463038,18208.609385285716,18237.639864357145,18208.609385285716,13.353652714286,take_profit,8
2024-01-02 04:45:00,2024-01-02 04:55:00,short,18211.382852,18191.150897928568,18222.248829035714,18191.150897928568,14.731954071430664,take_profit,2
2024-01-03 03:30:00,2024-01-03 06:05:00,short,17870.214902,17832.983893428573,17889.580406285713,17832.983893428573,31.731008571427083,take_profit,31
2024-01-04 02:10:00,2024-01-04 02:55:00,short,17768.909729,17745.002303285713,17781.613441857142,17745.002303285713,18.407425714285637,take_profit,9
2024-01-04 02:55:00,2024-01-04 03:15:00,short,17740.769403,17757.809023035712,17757.809023035712,17708.190162928568,-22.539620035713597,stop_loss,4
2024-01-04 04:35:00,2024-01-04 05:40:00,short,17760.065627,17736.847352714285,17772.424764142856,17736.847352714285,17.71827428571487,take_profit,13
2024-01-05 03:30:00,2024-01-05 04:25:00,short,17590.419663,17560.654455285716,17606.052266857143,17560.654455285716,24.26520771428477,take_profit,11
2024-01-05 04:25:00,2024-01-05 06:15:00,short,17562.011334,17575.89234607143,17575.89234607143,17535.74930985714,-19.381012071429723,stop_loss,22
2024-01-08 01:55:00,2024-01-08 02:00:00,short,17626.332078,17639.380366142857,17639.380366142857,17601.735501714287,-18.548288142857928,stop_loss,1
2024-01-08 02:05:00,2024-01-08 02:20:00,short,17623.116041,17638.662501035717,17638.662501035717,17593.523120928574,-21.046460035715427,stop_loss,3
2024-01-08 03:10:00,2024-01-08 03:30:00,short,17612.66392,17570.034563785714,17634.728598107144,17570.034563785714,37.12935621428551,take_profit,4
2024-01-08 03:30:00,2024-01-08 03:45:00,short,17562.815343,17584.679018749997,17584.679018749997,17520.587991499997,-27.363675749998947,stop_loss,3
2024-01-09 01:05:00,2024-01-09 01:20:00,long,17991.280292,17982.625340571427,17982.625340571427,18007.09019485714,-14.15495142857253,stop_loss,3
2024-01-09 04:10:00,2024-01-09 04:45:00,long,17943.039733,17927.263556214286,17927.263556214286,17973.092086571432,-21.276176785715506,stop_loss,7
2024-01-10 02:15:00,2024-01-10 03:05:00,long,18067.929179,18093.502052571428,18054.392742214284,18093.502052571428,20.072873571429227,take_profit,10
2024-01-10 03:10:00,2024-01-10 04:25:00,long,18106.789629,18087.050834392856,18087.050834392856,18144.767218214285,-25.238794607143063,stop_loss,15
2024-01-11 01:20:00,2024-01-11 02:15:00,long,18237.039137,18255.203638500003,18227.20688625,18255.203638500003,12.664501500003098,take_profit,11
2024-01-11 02:45:00,2024-01-11 03:05:00,long,18268.3955,18253.739193214285,18253.739193214285,18296.208113571425,-20.15630678571324,stop_loss,4
2024-01-12 01:15:00,2024-01-12 01:25:00,long,18171.110374,18158.952238892856,18158.952238892856,18193.926644214283,-17.658135107143607,stop_loss,2
2024-01-12 02:50:00,2024-01-12 03:45:00,long,18178.346458,18156.425353035713,18156.425353035713,18220.68866792857,-27.421104964287224,stop_loss,11
2024-01-12 04:25:00,2024-01-12 04:45:00,long,18163.87429,18143.704776714287,18143.704776714287,18202.713316571426,-25.669513285713037,stop_loss,4
2024-01-15 02:05:00,2024-01-15 02:30:00,long,18235.163116,18223.091124714287,18223.091124714287,18257.80709857143,-17.57199128571301,stop_loss,5
2024-01-16 02:00:00,2024-01-16 02:05:00,short,18033.160788,18050.88955892857,18050.88955892857,17999.203246142857,-23.228770928570157,stop_loss,1
2024-01-16 02:55:00,2024-01-16 05:45:00,short,18052.993018,18085.366244142857,18085.366244142857,17989.746565714286,-37.873226142855856,stop_loss,34
2024-01-18 02:55:00,2024-01-18 03:40:00,long,18108.665651,18149.227554642857,18087.63469917857,18149.227554642857,35.06190364285794,take_profit,9
2024-01-18 04:15:00,2024-01-18 04:55:00,long,18136.537974,18164.58030442857,18121.766808785713,18164.58030442857,22.542330428572313,take_profit,8
2024-01-19 03:45:00,2024-01-19 05:30:00,long,18449.029592,18486.83489292857,18429.376941535713,18486.83489292857,32.30530092857225,take_profit,21
2024-01-22 03:15:00,2024-01-22 06:25:00,long,18799.845653,18832.137747214285,18782.94960589286,18832.137747214285,26.79209421428459,take_profit,38
2024-01-23 04:55:00,2024-01-23 05:40:00,long,18705.508561,18730.047707857142,18692.48898757143,18730.047707857142,19.03914685714335,take_profit,9
2024-01-24 01:00:00,2024-01-24 02:40:00,long,18894.986755,18916.424723428576,18883.517770785715,18916.424723428576,15.937968428574095,take_profit,20
2024-01-24 02:50:00,2024-01-24 07:00:00,long,18919.375037,18947.41736721429,18904.603871892858,18947.41736721429,22.542330214288086,take_profit,50
2024-01-25 01:00:00,2024-01-25 01:15:00,long,18893.914742,18914.204125714285,18883.02005014286,18914.204125714285,14.789383714283758,take_profit,3
2024-01-25 01:15:00,2024-01-25 01:20:00,long,18911.066941,18899.224666678572,18899.224666678572,18933.25148964286,-17.342274321428704,stop_loss,1
2024-01-25 01:40:00,2024-01-25 02:00:00,long,18907.582901,18894.33361039286,18894.33361039286,18932.581482214286,-18.74929060714203,stop_loss,4
2024-01-25 03:20:00,2024-01-25 06:00:00,long,18890.966708,18926.589697285715,18872.405213357142,18926.589697285715,30.122989285715448,take_profit,32
2024-01-26 04:50:00,2024-01-26 05:30:00,short,18791.341566,18808.926764,18808.926764,18757.671169999998,-23.085198000000673,stop_loss,8
2024-01-30 02:25:00,2024-01-30 03:35:00,long,18976.191695,18961.420529785715,18961.420529785715,19004.234025428574,-20.271165214286157,stop_loss,14
2024-01-31 04:00:00,2024-01-31 06:00:00,short,18625.179643,18652.642669607143,18652.642669607143,18571.753589785716,-32.96302660714355,stop_loss,24
2024-02-01 03:00:00,2024-02-01 05:00:00,short,18583.639162,18605.96227157143,18605.96227157143,18540.49294285714,-27.823109571429086,stop_loss,24
2024-02-05 02:00:00,2024-02-05 03:25:00,long,18978.33572,18964.282420071428,18964.282420071428,19004.94231985714,-19.553299928571505,stop_loss,17
2024-02-05 04:30:00,2024-02-05 05:55:00,long,18993.07589,18977.81657635714,18977.81657635714,19022.094517285714,-20.759313642858615,stop_loss,17
2024-02-07 01:20:00,2024-02-07 02:35:00,short,18908.726925,18922.86636842857,18922.86636842857,18881.94803814286,-19.63944342857212,stop_loss,15
2024-02-07 03:20:00,2024-02-07 04:35:00,long,18945.103335,18933.663065821427,18933.663065821427,18966.483873357145,-16.940269178572635,stop_loss,15
2024-02-08 01:05:00,2024-02-08 01:50:00,long,19143.157628,19134.33038882143,19134.33038882143,19159.312106357145,-14.3272391785722,stop_loss,9
2024-02-09 01:00:00,2024-02-09 01:05:00,long,19156.021777,19149.864997357145,19149.864997357145,19166.835336285716,-11.656779642857146,stop_loss,1
2024-02-09 01:10:00,2024-02-09 01:20:00,long,19155.753774,19167.830776214287,19148.96527289286,19167.830776214287,6.57700221428604,take_profit,2
2024-02-09 01:35:00,2024-02-09 02:00:00,long,19169.689935,19185.040403714283,19161.264700642856,19185.040403714283,9.850468714284943,take_profit,5
2024-02-09 02:55:00,2024-02-09 03:05:00,long,19210.426407,19194.04722325,19194.04722325,19241.6847745,-21.879183749999356,stop_loss,2
2024-02-09 04:40:00,2024-02-09 05:00:00,long,19206.40636,19195.396810142858,19195.396810142858,19226.925459714286,-16.5095498571427,stop_loss,4
2024-02-12 01:00:00,2024-02-12 01:20:00,long,19324.595729,19336.213297500002,19318.03694475,19336.213297500002,6.117568500001653,take_profit,4
2024-02-12 01:45:00,2024-02-12 03:05:00,long,19340.139909,19358.246981071432,19330.336372964284,19358.246981071432,12.607072071430593,take_profit,16
2024-02-12 03:15:00,2024-02-12 04:05:00,long,19355.148082,19342.185937357142,19342.185937357142,19379.572371285714,-18.46214464285731,stop_loss,10
2024-02-13 01:05:00,2024-02-13 01:30:00,long,19246.606826,19237.00429167857,19237.00429167857,19264.311894642855,-15.102534321427811,stop_loss,5
2024-02-13 02:50:00,2024-02-13 03:45:00,short,19186.914146,19150.602005714285,19205.820216142856,19150.602005714285,30.812140285714122,take_profit,11
2024-02-15 01:40:00,2024-02-15 03:05:00,long,19206.40636,19193.013496678574,19193.013496678574,19231.69208664286,-18.892863321427285,stop_loss,17
2024-02-15 04:30:00,2024-02-15 07:30:00,long,19185.770121,19211.055848285716,19172.377257357144,19211.055848285716,19.78572728571453,take_profit,36
2024-02-16 02:10:00,2024-02-16 02:30:00,long,19276.623173,19299.152296285713,19264.608611357144,19299.152296285713,17.029123285712558,take_profit,4
2024-02-16 03:25:00,2024-02-16 03:55:00,long,19314.947617,19300.406168642858,19300.406168642858,19342.530513714286,-20.041448357143963,stop_loss,6
2024-02-16 04:00:00,2024-02-16 06:10:00,long,19316.019629,19303.459489285713,19303.459489285713,19339.639908428573,-18.06013971428547,stop_loss,26
2024-02-19 01:00:00,2024-02-19 01:15:00,short,19057.200644,19040.988736214284,19066.05659789286,19040.988736214284,10.711907785716903,take_profit,3
2024-02-19 01:45:00,2024-02-19 02:00:00,short,19033.080365,19046.387084607144,19046.387084607144,19007.966925785713,-18.80671960714244,stop_loss,3
2024-02-19 02:05:00,2024-02-19 02:35:00,short,19040.852455,19056.02562492857,19056.02562492857,19012.006115142856,-20.673169928570132,stop_loss,6
2024-02-19 03:35:00,2024-02-19 07:05:00,short,19058.54066,19034.40351742857,19071.359231285714,19034.40351742857,18.63714257142783,take_profit,42
2024-02-20 02:05:00,2024-02-20 02:20:00,short,18978.139729,18946.364497499995,18994.77734475,18946.364497499995,26.27523150000343,take_profit,3
2024-02-20 02:20:00,2024-02-20 02:35:00,short,18916.231012,18939.157128857143,18939.157128857143,18871.878778285714,-28.426116857142915,stop_loss,3
2024-02-20 03:25:00,2024-02-20 07:40:00,short,18942.227313,18973.68167160714,18973.68167160714,18880.818595785713,-36.95435860714133,stop_loss,51
2024-02-21 03:10:00,2024-02-21 04:20:00,short,18785.445498,18810.726213500002,18810.726213500002,18736.384067,-30.78071550000095,stop_loss,14
2024-02-22 02:40:00,2024-02-22 03:00:00,long,19174.245988,19155.138915392854,19155.138915392854,19210.960133214285,-24.6070726071448,stop_loss,4
2024-02-22 03:05:00,2024-02-22 03:15:00,long,19175.586004,19153.291608714288,19153.291608714288,19218.67479457143,-27.794395285713108,stop_loss,2
2024-02-23 04:10:00,2024-02-23 05:55:00,long,19308.783546,19335.275286785713,19294.787675607142,19335.275286785713,20.991740785713773,take_profit,21
2024-02-26 02:15:00,2024-02-26 03:40:00,long,19249.822863,19276.19974557143,19235.884421714287,19276.19974557143,20.876882571428723,take_profit,17
2024-02-26 04:10:00,2024-02-26 07:05:00,long,19280.911223,19266.82920867857,19266.82920867857,19307.575251642855,-19.582014321429597,stop_loss,35
2024-02-27 02:00:00,2024-02-27 02:15:00,long,19281.715232,19268.58079992857,19268.58079992857,19306.484096142856,-18.634432071427,stop_loss,3
2024-02-27 02:20:00,2024-02-27 02:30:00,long,19275.819164,19260.301418678573,19260.301418678573,19305.354654642855,-21.017745321427356,stop_loss,2
2024-02-27 03:15:00,2024-02-27 06:15:00,long,19290.559335,19327.84777257143,19271.165116214288,19327.84777257143,31.788437571427494,take_profit,36
2024-02-28 02:30:00,2024-02-28 03:30:00,short,19245.874829,19213.41044757143,19262.857019714287,19213.41044757143,26.96438142857005,take_profit,12
2024-02-29 01:25:00,2024-02-29 01:55:00,short,19194.418233,19174.588283642857,19205.08320767857,19174.588283642857,14.32994935714305,take_profit,6
2024-02-29 01:55:00,2024-02-29 02:05:00,short,19176.998031,19152.458884142856,19190.01760442857,19152.458884142856,19.03914685714335,take_profit,2
2024-02-29 02:30:00,2024-02-29 04:20:00,short,19144.837659,19168.137065857143,19168.137065857143,19099.738845285716,-28.799406857142458,stop_loss,22
2024-03-01 04:35:00,2024-03-01 08:30:00,long,19371.764275,19422.376295428574,19345.708264785717,19422.376295428574,45.11202042857258,take_profit,47
2024-03-04 01:25:00,2024-03-04 03:05:00,long,19678.627828,19695.471457142863,19669.45601342857,19695.471457142863,11.343629142862483,take_profit,20
2024-03-06 01:00:00,2024-03-06 01:40:00,short,19269.459102,19280.698369035716,19280.698369035716,19248.48056792857,-16.739267035714875,stop_loss,8
2024-03-06 04:55:00,2024-03-06 06:05:00,short,19350.932045,19367.138941107143,19367.138941107143,19320.018252785714,-21.7068961071418,stop_loss,14
2024-03-07 01:55:00,2024-03-07 02:05:00,short,19241.586779,19260.205702964286,19260.205702964286,19205.848931071432,-24.118923964284477,stop_loss,2
2024-03-07 04:45:00,2024-03-07 06:20:00,long,19409.284709,19442.208524571426,19392.072801214286,19442.208524571426,27.42381557142653,take_profit,19
2024-03-08 02:10:00,2024-03-08 02:15:00,long,19650.487502,19634.48160792857,19634.48160792857,19680.999290142856,-21.505894071429793,stop_loss,1
2024-03-08 03:35:00,2024-03-08 04:20:00,long,19655.579561,19634.376321107142,19634.376321107142,19696.486040785712,-26.7032398928568,stop_loss,9
2024-03-11 01:15:00,2024-03-11 01:55:00,short,19315.823639,19330.652233321427,19330.652233321427,19287.666450357137,-20.32859432142868,stop_loss,8
2024-03-11 02:55:00,2024-03-11 03:05:00,short,19321.719707,19281.157803142854,19342.750658928573,19281.157803142854,35.06190385714581,take_profit,2
2024-03-11 03:45:00,2024-03-11 04:00:00,short,19272.139133,19311.719728428572,19311.719728428572,19194.477942142858,-45.08059542857154,stop_loss,3
2024-03-12 01:50:00,2024-03-12 02:05:00,short,19371.372466,19382.552088642857,19382.552088642857,19350.51322071429,-16.679622642855975,stop_loss,3
2024-03-12 03:00:00,2024-03-12 03:05:00,long,19391.408823,19378.217918821432,19378.217918821432,19416.290631357144,-18.690904178569326,stop_loss,1
2024-03-12 03:05:00,2024-03-12 03:30:00,short,19376.131555,19348.077020357145,19390.908822321428,19348.077020357145,22.554534642855288,take_profit,5
2024-03-12 03:30:00,2024-03-12 05:40:00,short,19345.197476,19363.430748464285,19363.430748464285,19310.23093107143,-23.7332724642838,stop_loss,26
2024-03-13 02:50:00,2024-03-13 03:00:00,long,19564.851184,19550.272211749998,19550.272211749998,19592.5091285,-20.078972250001243,stop_loss,2
2024-03-14 01:05:00,2024-03-14 02:00:00,long,19442.701228,19434.920954857145,19434.920954857145,19456.76177428572,-13.280273142856458,stop_loss,11
2024-03-14 03:45:00,2024-03-14 06:00:00,long,19472.313339,19455.043215357142,19455.043215357142,19505.353586285713,-22.77012364285838,stop_loss,27
2024-03-15 01:25:00,2024-03-15 01:45:00,short,19259.533871,19271.846610035715,19271.846610035715,19236.40839292857,-17.812739035714912,stop_loss,4
2024-03-15 01:50:00,2024-03-15 02:05:00,short,19260.591446,19272.960840785712,19272.960840785712,19237.35265642857,-17.869394785713666,stop_loss,3
2024-03-15 02:55:00,2024-03-15 03:00:00,short,19259.005083,19275.651992535713,19275.651992535713,19227.211263928573,-22.14690953571335,stop_loss,1
2024-03-18 04:15:00,2024-03-18 05:30:00,short,19219.874794,19237.994755392858,19237.994755392858,19185.134871214283,-23.619961392858386,stop_loss,15
2024-03-19 01:05:00,2024-03-19 02:30:00,short,19229.128579,19243.622567357143,19243.622567357143,19201.640602285715,-19.99398835714237,stop_loss,17
2024-03-19 02:40:00,2024-03-19 03:35:00,short,19229.392973,19244.566831214288,19244.566831214288,19200.54525657143,-20.673858214286156,stop_loss,11
2024-03-20 01:10:00,2024-03-20 02:05:00,long,19302.836886,19317.57730214286,19294.716677928573,19317.57730214286,9.24041614286034,take_profit,11
2024-03-20 02:05:00,2024-03-20 03:00:00,long,19322.40203,19311.222407142857,19311.222407142857,19343.261275714285,-16.67962285714384,stop_loss,11
2024-03-21 02:50:00,2024-03-21 03:00:00,long,19739.615514,19725.546444357144,19725.546444357144,19766.253653285716,-19.569069642857357,stop_loss,2
2024-03-25 02:10:00,2024-03-25 04:40:00,long,19612.706469,19600.93196007143,19600.93196007143,19634.755486857146,-17.274508928570867,stop_loss,30
2024-03-26 01:30:00,2024-03-26 01:45:00,long,19620.109497,19632.187090000003,19613.3207005,19632.187090000003,6.577593000001798,take_profit,3
2024-03-26 01:50:00,2024-03-26 02:00:00,long,19637.559491,19653.206400857143,19628.986036071426,19653.206400857143,10.146909857143328,take_profit,2
2024-03-26 02:00:00,2024-03-26 02:45:00,long,19663.470087,19651.525610607143,19651.525610607143,19685.85903978572,-17.444476392858633,stop_loss,9
2024-03-26 04:45:00,2024-03-26 07:30:00,long,19676.689779,19662.08247882143,19662.08247882143,19704.40437935714,-20.107300178569858,stop_loss,33
2024-03-28 01:00:00,2024-03-28 02:05:00,short,19564.908759,19551.07483592857,19572.575720535715,19551.07483592857,8.333923071430036,take_profit,13
2024-03-28 04:10:00,2024-03-28 04:30:00,short,19549.83831,19524.333287214286,19563.340821392856,19524.333287214286,20.005022785713663,take_profit,4
2024-03-28 04:40:00,2024-03-28 04:55:00,short,19530.53756,19543.700136464286,19543.700136464286,19505.71240707143,-18.66257646428494,stop_loss,3
2024-04-01 02:25:00,2024-04-01 03:00:00,long,19665.849632,19655.63315807143,19655.63315807143,19684.782579857143,-15.716473928572668,stop_loss,7
2024-04-02 02:25:00,2024-04-02 02:35:00,short,19513.616354,19531.31139614286,19531.31139614286,19479.726269714287,-23.195042142859165,stop_loss,2
2024-04-02 02:40:00,2024-04-02 03:00:00,short,19532.388316,19552.491230571428,19552.491230571428,19493.682486857142,-25.60291457142739,stop_loss,4
2024-04-02 03:40:00,2024-04-02 05:35:00,short,19546.929978,19503.918305428575,19569.185814285713,19503.918305428575,37.51167257142515,take_profit,23
2024-04-03 01:30:00,2024-04-03 02:00:00,short,19332.242178,19345.036492035713,19345.036492035713,19308.15354992857,-18.294314035712887,stop_loss,6
2024-04-03 03:05:00,2024-04-03 03:45:00,short,19335.414904,19359.398742642858,19359.398742642858,19288.947226714285,-29.483838642856426,stop_loss,8
2024-04-03 04:20:00,2024-04-03 05:35:00,short,19335.943691,19305.056364571432,19352.137354214286,19305.056364571432,25.387326428568485,take_profit,15
2024-04-04 03:05:00,2024-04-04 07:35:00,long,19513.029991,19548.619750357142,19494.485111321428,19548.619750357142,30.08975935714261,take_profit,54
2024-04-05 01:10:00,2024-04-05 01:30:00,short,19154.040727,19171.39583442857,19171.39583442857,19120.830512142857,-22.8551074285715,stop_loss,4
2024-04-05 01:50:00,2024-04-05 02:20:00,short,19154.833909,19173.152165571428,19173.152165571428,19119.697395857143,-23.8182565714269,stop_loss,6
2024-04-05 04:05:00,2024-04-05 06:35:00,short,19175.192235,19193.65213132143,19193.65213132143,19139.77244235714,-23.95989632143028,stop_loss,30
2024-04-08 01:15:00,2024-04-08 02:10:00,short,19338.852024,19353.685947178572,19353.685947178572,19310.684177642856,-20.33392317857215,stop_loss,11
2024-04-08 02:40:00,2024-04-08 03:15:00,long,19381.890645,19360.90956475,19360.90956475,19422.3528055,-26.48108024999965,stop_loss,7
2024-04-08 03:15:00,2024-04-08 03:25:00,short,19351.278534,19301.7514415,19376.79208025,19301.7514415,44.027092500000435,take_profit,2
2024-04-08 03:40:00,2024-04-08 06:00:00,short,19348.370202,19378.557853357142,19378.557853357142,19289.49489928571,-35.687651357144205,stop_loss,28
2024-04-09 02:15:00,2024-04-09 02:35:00,long,19382.683826,19371.58918682143,19371.58918682143,19403.373104357142,-16.594639178569196,stop_loss,4
2024-04-09 02:35:00,2024-04-09 02:50:00,short,19356.302017,19330.68368207143,19369.861184464287,19330.68368207143,20.11833492857113,take_profit,3
2024-04-09 03:30:00,2024-04-09 04:20:00,short,19352.071716,19373.562698642858,19373.562698642858,19310.589750714284,-26.990982642859308,stop_loss,10
2024-04-09 04:40:00,2024-04-09 05:25:00,long,19374.223223,19358.48280664286,19358.48280664286,19404.204055714286,-21.24041635714093,stop_loss,9
2024-04-10 02:40:00,2024-04-10 04:35:00,long,19452.219407,19438.037025642858,19438.037025642858,19479.084169714286,-19.68238135714273,stop_loss,23
2024-04-11 02:15:00,2024-04-11 03:55:00,short,19244.463422,19210.290057785714,19262.300104107144,19210.290057785714,28.673364214286266,take_profit,20
2024-04-12 01:05:00,2024-04-12 01:30:00,long,19555.068612,19570.602209285713,19546.551813357142,19570.602209285713,10.033597285713768,take_profit,5
2024-04-16 03:40:00,2024-04-16 05:20:00,short,18887.26734,18837.11703435714,18913.092492821426,18837.11703435714,44.650305642859166,take_profit,20
2024-04-18 02:50:00,2024-04-18 03:20:00,short,18768.290111,18731.907170285715,18787.23158135714,18731.907170285715,30.882940714283905,take_profit,6
2024-04-18 03:50:00,2024-04-18 04:25:00,short,18745.287847,18705.335589214286,18766.013975892856,18705.335589214286,34.4522577857133,take_profit,7
2024-04-19 01:00:00,2024-04-19 01:10:00,short,18368.791014,18395.947579035714,18395.947579035714,18315.977883928572,-32.656565035715175,stop_loss,2
2024-04-19 03:05:00,2024-04-19 04:30:00,short,18421.140995,18453.934814500004,18453.934814500004,18357.053356,-38.29381950000243,stop_loss,17
2024-04-22 02:05:00,2024-04-22 02:15:00,short,18283.127409,18248.95404457143,18300.964091214286,18248.95404457143,28.673364428570494,take_profit,2
2024-04-23 01:25:00,2024-04-23 01:40:00,short,18319.61376,18332.71968082143,18332.71968082143,18294.901918357144,-18.6059208214283,stop_loss,3
2024-04-23 04:30:00,2024-04-23 05:15:00,short,18375.665254,18397.977746142857,18397.977746142857,18332.540269714285,-27.81249214285708,stop_loss,9
2024-04-24 01:15:00,2024-04-24 01:30:00,long,18761.887083,18747.73302957143,18747.73302957143,18788.695189857146,-19.654053428570478,stop_loss,3
2024-04-25 01:25:00,2024-04-25 01:40:00,short,18418.761451,18432.06566710714,18432.06566710714,18393.653018785713,-18.804216107142565,stop_loss,3
2024-04-26 02:50:00,2024-04-26 03:25:00,long,18791.2348,18770.25371985714,18770.25371985714,18831.696960285713,-26.481080142857536,stop_loss,7
2024-04-29 03:05:00,2024-04-29 03:45:00,long,18937.973383,18922.74286925,18922.74286925,18966.934410500002,-20.730513750000682,stop_loss,8
2024-04-30 01:50:00,2024-04-30 02:05:00,long,18936.915807,18925.424577035716,18925.424577035716,18958.398266928572,-16.991229964285594,stop_loss,3
2024-05-01 02:25:00,2024-05-01 02:50:00,short,18495.435665,18460.35580707143,18513.725593964286,18460.35580707143,29.579857928569254,take_profit,5
2024-05-01 04:25:00,2024-05-01 05:55:00,short,18436.211444,18458.297312714287,18458.297312714287,18393.539706571428,-27.585868714286335,stop_loss,18
2024-05-02 01:35:00,2024-05-02 02:30:00,short,18548.578828,18566.69878907143,18566.69878907143,18513.838905857145,-23.619961071428406,stop_loss,11
2024-05-02 04:40:00,2024-05-02 05:00:00,short,18590.088661,18604.101075107144,18604.101075107144,18563.563832785716,-19.51241410714283,stop_loss,4
2024-05-03 03:25:00,2024-05-03 06:50:00,long,18777.750714,18763.115086107144,18763.115086107144,18805.521969785717,-20.135627892857883,stop_loss,41
2024-05-06 01:25:00,2024-05-06 02:15:00,long,19047.696827,19064.986755,19038.301863,19064.986755,11.789928000001964,take_profit,10
2024-05-06 02:35:00,2024-05-06 02:50:00,long,19060.387732,19049.179781642855,19049.179781642855,19081.303632714284,-16.707950357144,stop_loss,3
2024-05-06 03:55:00,2024-05-06 05:25:00,long,19066.733184,19092.35151914286,19053.174016428573,19092.35151914286,20.118335142858996,take_profit,18
2024-05-07 01:50:00,2024-05-07 02:20:00,long,19232.772517,19225.75709739286,19225.75709739286,19245.30335621429,-12.515419607141666,stop_loss,6
2024-05-08 01:25:00,2024-05-08 02:00:00,long,19240.968726,19255.992421857143,19232.70687807143,19255.992421857143,9.523695857144048,take_profit,7
2024-05-08 02:00:00,2024-05-08 03:05:00,long,19254.452812,19244.151354392856,19244.151354392856,19273.555727214287,-15.801457607143675,stop_loss,13
2024-05-09 02:05:00,2024-05-09 02:20:00,long,19202.896013,19191.97134139286,19191.97134139286,19223.245356214287,-16.424671607142955,stop_loss,3
2024-05-10 01:20:00,2024-05-10 01:55:00,long,19284.064923,19299.201930142855,19275.746419428575,19299.201930142855,9.63700714285369,take_profit,7
2024-05-10 02:20:00,2024-05-10 02:45:00,long,19314.470215,19299.947898714287,19299.947898714287,19342.01484757143,-20.022316285714624,stop_loss,5
2024-05-13 01:50:00,2024-05-13 02:15:00,long,19349.370202,19342.014847035713,19342.014847035713,19362.58091192857,-12.855354964285652,stop_loss,5
2024-05-13 03:10:00,2024-05-13 03:15:00,long,19344.346719,19331.63738907143,19331.63738907143,19368.265378857144,-18.209329928569787,stop_loss,1
2024-05-13 04:00:00,2024-05-13 06:05:00,long,19335.621722,19359.087135,19323.139015499997,19359.087135,17.965413000001718,take_profit,25
2024-05-14 03:55:00,2024-05-14 04:25:00,long,19360.210349,19351.92017325,19351.92017325,19375.290700499998,-13.790175750000344,stop_loss,6
2024-05-14 04:55:00,2024-05-14 05:15:00,long,19355.186866,19347.179969214285,19347.179969214285,19369.700659571427,-13.506896785715071,stop_loss,4
2024-05-15 03:30:00,2024-05-15 07:15:00,long,19472.577733,19461.73804528571,19461.73804528571,19492.757108428574,-16.33968771428772,stop_loss,45
2024-05-16 02:00:00,2024-05-16 03:10:00,long,19801.219279,19789.98300039286,19789.98300039286,19822.191836214286,-16.736278607142594,stop_loss,14
2024-05-16 03:45:00,2024-05-16 05:30:00,long,19803.33443,19792.268119285713,19792.268119285713,19823.96705142857,-16.566310714286374,stop_loss,21
2024-05-17 01:15:00,2024-05-17 01:45:00,long,19744.638997,19736.348821142856,19736.348821142856,19759.719348714283,-13.790175857142458,stop_loss,6
2024-05-20 02:15:00,2024-05-20 02:30:00,long,19743.052634,19734.025932321427,19734.025932321427,19759.606037357145,-14.526701678572863,stop_loss,3
2024-05-20 03:00:00,2024-05-20 03:35:00,long,19743.845815,19733.827636464284,19733.827636464284,19762.38217207143,-15.518178535716288,stop_loss,7
2024-05-21 02:40:00,2024-05-21 03:00:00,long,19839.291993,19831.483391714286,19831.483391714286,19853.409195571425,-13.308601285712939,stop_loss,4
2024-05-22 02:20:00,2024-05-22 02:25:00,long,19887.676066,19878.507725214284,19878.507725214284,19904.51274757143,-14.668340785716282,stop_loss,1
2024-05-22 03:00:00,2024-05-22 03:25:00,long,19890.848792,19879.187594785715,19879.187594785715,19912.67118642857,-17.161197214285494,stop_loss,5
2024-05-23 01:55:00,2024-05-23 02:45:00,long,20034.414649,20024.82138907143,20024.82138907143,20052.10116885714,-15.09325992856975,stop_loss,10
2024-05-23 03:25:00,2024-05-23 03:45:00,long,20036.265405,20021.998039749997,20021.998039749997,20063.300135499998,-19.767365250001603,stop_loss,4
2024-05-24 01:00:00,2024-05-24 01:55:00,short,19779.596559,19766.27253907143,19787.008568964287,19766.27253907143,7.824019928571943,take_profit,11
2024-05-24 04:25:00,2024-05-24 05:20:00,short,19808.679882,19822.380688892856,19822.380688892856,19782.778268214286,-19.200806892855326,stop_loss,11
2024-05-27 02:10:00,2024-05-27 02:35:00,long,19968.580582,19958.93066642857,19958.93066642857,19986.380413142855,-15.149915571430029,stop_loss,5
2024-05-27 04:05:00,2024-05-27 04:45:00,long,19970.166945,19961.253555035713,19961.253555035713,19986.493724928572,-14.41338996428749,stop_loss,8
2024-05-28 01:30:00,2024-05-28 02:10:00,long,20013.263141,20032.4793675,20002.90502775,20032.4793675,13.71622650000063,take_profit,8
2024-05-29 02:30:00,2024-05-29 03:00:00,short,19931.623019,19950.309538321428,19950.309538321428,19895.74998035714,-24.186519321428932,stop_loss,6
2024-05-29 03:05:00,2024-05-29 07:35:00,short,19924.219991,19875.089489285714,19949.535241857146,19875.089489285714,43.630501714287675,take_profit,54
2024-05-30 01:35:00,2024-05-30 02:00:00,short,19738.879908,19750.257826035715,19750.257826035715,19717.62407192857,-16.877918035715993,stop_loss,5
2024-05-30 04:55:00,2024-05-30 05:35:00,short,19808.415488,19820.0483575,19820.0483575,19786.649749,-17.132869500001107,stop_loss,8
2024-05-31 04:40:00,2024-05-31 05:05:00,short,19601.395109,19616.455655607144,19616.455655607144,19572.774015785715,-20.560546607142896,stop_loss,5
2024-06-03 01:05:00,2024-06-03 01:20:00,short,19712.969311,19723.355751857143,19723.355751857143,19693.696429285716,-15.886440857142588,stop_loss,3
2024-06-03 02:15:00,2024-06-03 03:10:00,short,19715.348856,19734.771901035714,19734.771901035714,19678.00276592857,-24.923045035713585,stop_loss,11
2024-06-03 04:50:00,2024-06-03 07:15:00,long,19742.259452,19775.979569571427,19724.649393214284,19775.979569571427,28.220117571429,take_profit,29
2024-06-04 01:40:00,2024-06-04 02:10:00,short,19668.815539,19642.347366857142,19682.799625071428,19642.347366857142,20.96817214285693,take_profit,6
2024-06-04 04:15:00,2024-06-04 06:15:00,short,19604.832229,19638.957460285714,19638.957460285714,19538.08176642857,-39.62523128571411,stop_loss,24
2024-06-05 02:45:00,2024-06-05 03:50:00,long,19803.070036,19837.923269428575,19784.893419285716,19837.923269428575,29.35323342857373,take_profit,13
2024-06-05 04:05:00,2024-06-05 06:35:00,long,19854.098048,19885.211997214283,19837.79107339286,19885.211997214283,25.61394921428291,take_profit,30
2024-06-06 02:10:00,2024-06-06 02:30:00,long,20196.488074,20184.62858139286,20184.62858139286,20218.707059214288,-17.359492607141874,stop_loss,4
2024-06-06 02:35:00,2024-06-06 04:40:00,long,20190.67141,20177.112242642856,20177.112242642856,20216.289744714286,-19.05916735714345,stop_loss,25
2024-06-07 02:00:00,2024-06-07 02:15:00,long,20197.016862,20187.253635142857,20187.253635142857,20215.043315714283,-15.263226857143309,stop_loss,3
2024-06-07 03:25:00,2024-06-07 03:50:00,long,20190.935803,20177.63158667857,20177.63158667857,20216.044235642858,-18.80421632143043,stop_loss,5
2024-06-07 04:45:00,2024-06-07 05:05:00,long,20181.153231,20169.916952928572,20169.916952928572,20202.125787142857,-16.736278071428387,stop_loss,4
2024-06-11 01:45:00,2024-06-11 01:55:00,long,20203.891102,20195.006040178574,20195.006040178574,20220.161225642856,-14.38506182142737,stop_loss,2
2024-06-11 03:10:00,2024-06-11 03:20:00,long,20198.074437,20183.750415785715,20183.750415785715,20225.22247942857,-19.824021214284585,stop_loss,2
2024-06-12 03:45:00,2024-06-12 07:25:00,long,20369.666041,20393.07479857143,20357.211662214286,20393.07479857143,17.908757571429305,take_profit,44
2024-06-13 02:40:00,2024-06-13 03:45:00,long,20775.774984,20758.901450821428,20758.901450821428,20808.022050357144,-22.37353317857196,stop_loss,13
2024-06-13 04:00:00,2024-06-13 04:15:00,long,20773.659833,20759.42079589286,20759.42079589286,20800.637907214288,-19.739037107141485,stop_loss,3
2024-06-14 02:50:00,2024-06-14 03:00:00,long,20777.890134,20759.061975035715,20759.061975035715,20814.04645192857,-24.32815896428656,stop_loss,2
2024-06-18 01:20:00,2024-06-18 01:25:00,long,21085.406741,21077.19021417857,21077.19021417857,21100.33979464286,-13.716526821430307,stop_loss,1
2024-06-18 01:30:00,2024-06-18 01:50:00,long,21083.319178,21073.7047295,21073.7047295,21101.048075000002,-15.114448500000435,stop_loss,4
2024-06-18 01:50:00,2024-06-18 02:35:00,long,21078.622162,21098.53181707143,21067.917334464284,21098.53181707143,14.409655071431189,take_profit,9
2024-06-18 03:30:00,2024-06-18 04:10:00,long,21104.455752,21133.36802157143,21089.24961721429,21133.36802157143,23.412269571428624,take_profit,8
2024-06-18 04:50:00,2024-06-18 05:10:00,long,21123.504763,21108.07496075,21108.07496075,21152.8643675,-20.929802250000648,stop_loss,4
2024-06-19 01:25:00,2024-06-19 05:50:00,long,21115.676403,21129.88253757143,21107.823335714285,21129.88253757143,8.706134571428265,take_profit,53
2024-06-20 02:30:00,2024-06-20 02:35:00,long,21243.017737,21227.11264153571,21227.11264153571,21273.32792792857,-21.405095464288024,stop_loss,1
2024-06-20 02:50:00,2024-06-20 03:10:00,long,21228.143851,21210.337581928572,21210.337581928572,21262.256389142858,-23.306269071428687,stop_loss,4
2024-06-21 01:40:00,2024-06-21 02:00:00,short,20956.021625,20938.12497678571,20965.719949107144,20938.12497678571,12.396648214289598,take_profit,4
2024-06-21 03:20:00,2024-06-21 04:20:00,short,20840.683778,20870.903590214286,20870.903590214286,20781.744153571428,-35.71981221428723,stop_loss,12
2024-06-24 02:10:00,2024-06-24 02:40:00,short,20870.692494,20885.367418678572,20885.367418678572,20842.842644642857,-20.174924678573007,stop_loss,6
2024-06-24 03:50:00,2024-06-24 04:40:00,short,20873.301947,20836.058065428573,20892.673887785713,20836.058065428573,31.743881571426755,take_profit,10
2024-06-25 01:50:00,2024-06-25 02:10:00,short,20647.323268,20619.026084142857,20662.221859928573,20619.026084142857,22.797183857142954,take_profit,4
2024-06-25 02:25:00,2024-06-25 03:15:00,short,20614.183208,20634.981029071427,20634.981029071427,20574.087565857142,-26.29782107142819,stop_loss,10
2024-06-26 01:05:00,2024-06-26 02:05:00,long,20886.044488,20876.402080785712,20876.402080785712,20903.82930242857,-15.142407214287232,stop_loss,12
2024-06-26 02:15:00,2024-06-26 02:40:00,long,20895.438521,20925.077709,20879.868927,20925.077709,24.139188000001013,take_profit,5
2024-06-26 03:10:00,2024-06-26 04:10:00,long,20937.711669,20915.292259,20915.292259,20981.050488999997,-27.919409999998607,stop_loss,12
2024-06-27 02:00:00,2024-06-27 02:55:00,long,20833.594472,20822.10680871429,20822.10680871429,20855.069798571425,-16.987663285712188,stop_loss,11
2024-06-27 03:35:00,2024-06-27 05:25:00,long,20830.463127,20861.33248685714,20814.27844707143,20861.33248685714,25.369359857140807,take_profit,22
2024-06-28 02:40:00,2024-06-28 03:05:00,long,20998.250992,20982.87710664286,20982.87710664286,21027.498762714287,-20.873885357141262,stop_loss,5
2024-07-01 02:40:00,2024-07-01 03:15:00,short,20832.333526,20851.845259178568,20851.845259178568,20794.810059642856,-25.011733178569557,stop_loss,7
2024-07-01 03:35:00,2024-07-01 06:10:00,short,20812.762624,20839.4876325,20839.4876325,20760.812607,-32.22500850000142,stop_loss,31
2024-07-02 03:00:00,2024-07-02 08:20:00,short,20828.680291,20855.405299500002,20855.405299500002,20776.730274,-32.22500850000142,stop_loss,64
2024-07-03 01:50:00,2024-07-03 02:00:00,long,21136.03014,21125.157562107142,21125.157562107142,21156.275295785716,-16.372577892856498,stop_loss,2
2024-07-03 02:10:00,2024-07-03 02:45:00,long,21133.681632,21121.047673,21121.047673,21157.44955,-18.133958999998868,stop_loss,7
2024-07-03 03:45:00,2024-07-03 03:55:00,long,21168.64831,21154.141136214286,21154.141136214286,21196.16265757143,-20.007173785714258,stop_loss,2
2024-07-03 04:15:00,2024-07-03 06:10:00,long,21152.469698,21137.515189285714,21137.515189285714,21180.878715428575,-20.45450871428693,stop_loss,23
2024-07-04 03:25:00,2024-07-04 03:55:00,long,21298.338153,21290.42916882143,21290.42916882143,21312.65612135714,-13.4089841785717,stop_loss,6
2024-07-05 02:00:00,2024-07-05 02:20:00,long,21343.742645,21332.25498128571,21332.25498128571,21365.21797242857,-16.98766371428792,stop_loss,4
2024-07-05 03:30:00,2024-07-05 03:35:00,long,21342.959809,21327.893465964287,21327.893465964287,21371.59249507143,-20.566343035712634,stop_loss,1
2024-07-05 03:40:00,2024-07-05 03:50:00,long,21336.175229,21320.074424035716,21320.074424035716,21366.876838928572,-21.60080496428418,stop_loss,2
2024-07-05 04:50:00,2024-07-05 05:00:00,long,21337.479956,21325.740666964288,21325.740666964288,21359.458534071426,-17.23928903571141,stop_loss,2
2024-07-08 01:15:00,2024-07-08 02:00:00,long,21493.264334,21506.855383071426,21485.718809464288,21506.855383071426,8.091049071426824,take_profit,9
2024-07-08 02:10:00,2024-07-08 04:50:00,long,21501.875531,21521.058266357144,21491.53416332143,21521.058266357144,13.68273535714252,take_profit,32
2024-07-09 03:15:00,2024-07-09 06:40:00,long,21643.829805,21631.83888957143,21631.83888957143,21666.311635857142,-17.490915428570588,stop_loss,41
2024-07-10 01:05:00,2024-07-10 02:30:00,long,21609.385018,21622.416899,21602.1190775,21622.416899,7.531880999998975,take_profit,17
2024-07-10 03:50:00,2024-07-10 06:35:00,long,21633.652936,21651.38183342857,21624.038487285714,21651.38183342857,12.228897428572964,take_profit,33
2024-07-11 02:45:00,2024-07-11 04:30:00,long,21797.787566,21788.08924242857,21788.08924242857,21815.684213142857,-15.198323571428773,stop_loss,21
2024-07-12 02:25:00,2024-07-12 03:20:00,short,21298.903825,21314.277710357142,21314.277710357142,21269.656054285715,-20.873885357141262,stop_loss,11
2024-07-15 01:10:00,2024-07-15 02:15:00,long,21510.225782,21530.470938642855,21499.353203678573,21530.470938642855,14.745156642853544,take_profit,13
2024-07-16 02:55:00,2024-07-16 03:55:00,short,21482.087465,21503.61220535714,21503.61220535714,21440.537984285715,-27.024740357141127,stop_loss,12
2024-07-16 04:35:00,2024-07-16 04:50:00,short,21477.91234,21498.01120017857,21498.01120017857,21439.21461964286,-25.598860178572068,stop_loss,3
2024-07-17 01:30:00,2024-07-17 02:40:00,short,21332.826721,21288.145896214286,21355.91713339286,21288.145896214286,39.18082478571523,take_profit,14
2024-07-17 03:05:00,2024-07-17 06:15:00,short,21245.931917,21175.249751500003,21282.02299975,21175.249751500003,65.18216549999852,take_profit,38
2024-07-18 02:45:00,2024-07-18 03:30:00,short,20955.238789,20991.58149760714,20991.58149760714,20884.053371785714,-41.84270860714241,stop_loss,9
2024-07-19 02:55:00,2024-07-19 03:35:00,short,20662.97999,20721.270067,20721.270067,20547.899836,-63.790077000001475,stop_loss,8
2024-07-19 04:35:00,2024-07-19 05:00:00,short,20689.857361,20729.72283192857,20729.72283192857,20611.626419142856,-45.365470928572904,stop_loss,5
2024-07-22 01:00:00,2024-07-22 01:10:00,short,20647.584213,20663.79685110714,20663.79685110714,20616.658936785712,-21.712638107142993,stop_loss,2
2024-07-22 02:15:00,2024-07-22 02:35:00,short,20645.235705,20673.24680117857,20673.24680117857,20590.71351264286,-33.51109617857219,stop_loss,4
2024-07-22 04:10:00,2024-07-22 04:50:00,short,20694.554378,20717.952333142857,20717.952333142857,20649.258467714288,-28.897955142856517,stop_loss,8
2024-07-23 02:45:00,2024-07-23 04:00:00,short,20778.317837,20805.518138392858,20805.518138392858,20725.417234214285,-32.70030139285882,stop_loss,15
2024-07-24 01:50:00,2024-07-24 02:35:00,short,20589.132453,20616.724172642855,20616.724172642855,20535.449013714286,-33.09171964285633,stop_loss,9
2024-07-24 02:50:00,2024-07-24 03:40:00,short,20580.260311,20606.761651821427,20606.761651821427,20528.757629357144,-32.00134082142904,stop_loss,10
2024-07-25 01:30:00,2024-07-25 01:40:00,short,20076.635772,20112.391353607145,20112.391353607145,20006.624608785718,-41.25558160714354,stop_loss,2
2024-07-25 02:20:00,2024-07-25 03:05:00,short,20038.015859,19940.829100857143,20087.359238071425,19940.829100857143,91.68675814285598,take_profit,9
2024-07-26 01:20:00,2024-07-26 01:40:00,short,19913.283979,19936.458266464284,19936.458266464284,19868.435404071428,-28.674287464284134,stop_loss,4
2024-07-26 01:45:00,2024-07-26 02:10:00,short,19931.028263,19957.781229785713,19957.781229785713,19879.02232942857,-32.25296678571249,stop_loss,5
2024-07-26 04:40:00,2024-07-26 07:05:00,short,20027.83899,20058.282469892856,20058.282469892856,19968.452030214285,-35.943479892855976,stop_loss,29
2024-07-29 01:00:00,2024-07-29 01:15:00,short,20147.351964,20162.11076364286,20162.11076364286,20119.334364714286,-20.25879964285923,stop_loss,3
2024-07-29 01:20:00,2024-07-29 01:55:00,short,20148.1348,20163.39685135714,20163.39685135714,20119.110697285712,-20.7620513571419,stop_loss,7
2024-07-29 02:05:00,2024-07-29 02:35:00,short,20141.872111,20101.16138357143,20162.977474714287,20101.16138357143,35.21072742856995,take_profit,6
2024-07-29 03:20:00,2024-07-29 06:25:00,short,20110.297723,20148.42977142857,20148.42977142857,20035.533626142857,-43.63204842857158,stop_loss,37
2024-07-31 01:05:00,2024-07-31 01:10:00,short,20011.138488,20041.665842857143,20041.665842857143,19951.583778285712,-36.0273548571422,stop_loss,1
2024-07-31 01:10:00,2024-07-31 07:15:00,long,20039.276805,20104.08770007143,20006.121357464286,20104.08770007143,59.31089507143042,take_profit,73
2024-08-01 02:35:00,2024-08-01 02:55:00,long,20512.892628,20478.898427607142,20478.898427607142,20579.381028785716,-39.49420039285906,stop_loss,4
2024-08-01 04:30:00,2024-08-01 08:15:00,long,20427.041605,20385.414752642857,20385.414752642857,20508.79530971428,-47.126852357141615,stop_loss,45
2024-08-02 01:00:00,2024-08-02 01:30:00,short,19583.709993,19517.165675,19617.732152,19517.165675,61.0443180000002,take_profit,6
2024-08-02 01:45:00,2024-08-02 02:15:00,short,19543.002517,19459.235805428572,19585.635872785715,19459.235805428572,78.26671157142846,take_profit,6
2024-08-02 04:40:00,2024-08-02 05:20:00,short,19502.034096,19536.307880535715,19536.307880535715,19434.986526928573,-39.773784535715095,stop_loss,8
2024-08-06 01:00:00,2024-08-06 03:05:00,short,19131.230744,19008.434062642857,19193.37908467857,19008.434062642857,117.29668135714383,take_profit,25
2024-08-06 03:35:00,2024-08-06 03:50:00,short,18953.526955,19018.582972607146,19018.582972607146,18824.914919785715,-70.5560176071449,stop_loss,3
2024-08-06 03:55:00,2024-08-06 04:35:00,short,18965.269496,18837.999465785713,19029.654511107143,18837.999465785713,121.77003021428754,take_profit,8
2024-08-07 02:50:00,2024-08-07 03:05:00,short,19047.206339,19109.047136499998,19109.047136499998,18925.024744000002,-67.34079749999728,stop_loss,3
2024-08-07 04:25:00,2024-08-07 04:45:00,long,19236.608886,19198.560713178573,19198.560713178573,19311.20523164286,-43.548172821429034,stop_loss,4
2024-08-07 04:55:00,2024-08-07 08:30:00,long,19216.516094,19295.418038357144,19176.315121821426,19295.418038357144,73.40194435714511,take_profit,43
2024-08-08 03:05:00,2024-08-08 03:50:00,short,18710.847773,18781.327726214287,18781.327726214287,18571.38786657143,-75.97995321428607,stop_loss,9
2024-08-09 01:10:00,2024-08-09 03:10:00,long,19328.461652,19400.3739885,19291.755483750003,19400.3739885,66.41233649999776,take_profit,24
2024-08-12 02:25:00,2024-08-12 08:35:00,long,19460.500003,19433.551327357145,19433.551327357145,19512.897354285717,-32.44867564285596,stop_loss,74
2024-08-13 01:05:00,2024-08-13 01:55:00,long,19523.909725,19554.4435835,19507.892795750002,19554.4435835,25.03385849999904,take_profit,10
2024-08-13 02:35:00,2024-08-13 03:00:00,long,19606.368457,19579.83915757143,19579.83915757143,19657.92705585714,-32.029299428570084,stop_loss,5
2024-08-13 04:30:00,2024-08-13 05:00:00,long,19578.708249,19559.671809035714,19559.671809035714,19615.28112892857,-24.53643996428582,stop_loss,6
2024-08-14 01:25:00,2024-08-14 01:55:00,long,19959.688471,19944.56621139286,19944.56621139286,19988.43299021429,-20.62225960714204,stop_loss,6
2024-08-15 01:50:00,2024-08-15 03:25:00,long,20008.485253,19987.072346214285,19987.072346214285,20049.811066571427,-26.912906785713858,stop_loss,19
2024-08-15 03:45:00,2024-08-15 05:45:00,long,19985.783007,19963.615223285717,19963.615223285717,20028.618574428572,-27.66778371428518,stop_loss,24
2024-08-16 01:00:00,2024-08-16 02:15:00,long,20528.288404,20514.116731357142,20514.116731357142,20555.131749285716,-19.67167264285672,stop_loss,15
2024-08-19 02:00:00,2024-08-19 02:20:00,long,20441.132655,20421.285420464286,20421.285420464286,20479.32712407143,-25.34723453571496,stop_loss,4
2024-08-19 02:25:00,2024-08-19 03:00:00,long,20448.70007,20429.663630142855,20429.663630142855,20485.272949714286,-24.536439857143705,stop_loss,7
2024-08-19 04:50:00,2024-08-19 06:10:00,long,20431.999567,20470.0262855,20412.23620775,20470.0262855,32.52671850000115,take_profit,16
2024-08-20 02:00:00,2024-08-20 02:25:00,long,20766.009624,20793.635806,20751.446533,20793.635806,22.12618199999997,take_profit,5
2024-08-20 03:05:00,2024-08-20 03:20:00,long,20780.883509,20759.94589585714,20759.94589585714,20821.258735285715,-26.437613142858027,stop_loss,3
2024-08-22 03:15:00,2024-08-22 05:30:00,long,20785.841471,20819.95400807143,20768.035202464285,20819.95400807143,28.61253707142896,take_profit,27
2024-08-23 01:25:00,2024-08-23 01:35:00,short,20541.379453,20554.041370607145,20554.041370607145,20517.555617785718,-18.16191760714355,stop_loss,2
2024-08-23 01:45:00,2024-08-23 01:55:00,short,20539.813781,20553.845661785715,20553.845661785715,20513.25001942857,-19.531880785714748,stop_loss,2
2024-08-26 02:05:00,2024-08-26 02:30:00,long,20672.069296,20703.497823928574,20655.605032035714,20703.497823928574,25.928527928572294,take_profit,5
2024-08-26 02:30:00,2024-08-26 02:40:00,long,20699.729503,20681.867317464283,20681.867317464283,20733.953874071427,-23.36218553571598,stop_loss,2
2024-08-26 02:50:00,2024-08-26 05:40:00,long,20691.118307,20672.641035857145,20672.641035857145,20726.572849285716,-23.977271142855898,stop_loss,34
2024-08-27 01:00:00,2024-08-27 02:15:00,short,20468.836644,20450.436744071427,20478.786593964283,20450.436744071427,12.899899928572268,take_profit,15
2024-08-27 02:20:00,2024-08-27 02:25:00,short,20444.829671,20462.74777342857,20462.74777342857,20410.493466142856,-23.41810242857173,stop_loss,1
2024-08-28 03:05:00,2024-08-28 03:20:00,short,20492.582671,20507.201678464287,20507.201678464287,20464.844656071426,-20.11900746428728,stop_loss,3
2024-08-28 04:15:00,2024-08-28 04:40:00,long,20540.813781,20524.545225892856,20524.545225892856,20571.850891214286,-21.768555107144493,stop_loss,5
2024-09-02 01:00:00,2024-09-02 01:10:00,long,20446.090616,20436.05679107143,20436.05679107143,20464.658265857146,-15.533824928570539,stop_loss,2
2024-09-02 02:35:00,2024-09-02 03:00:00,short,20376.461987,20398.434062285713,20398.434062285713,20334.017836428568,-27.4720752857138,stop_loss,5
2024-09-02 04:50:00,2024-09-02 07:05:00,long,20447.917234,20476.38216864286,20432.934766678572,20476.38216864286,22.96493464285959,take_profit,27
2024-09-03 01:00:00,2024-09-03 01:40:00,short,20404.383141,20421.322698285712,20421.322698285712,20372.00402642857,-22.439557285713818,stop_loss,8
2024-09-03 04:55:00,2024-09-03 05:50:00,short,20320.358736,20358.966077321427,20358.966077321427,20244.64405335714,-44.107341321428976,stop_loss,11
2024-09-04 02:25:00,2024-09-04 02:40:00,short,19689.131917,19728.158634964286,19728.158634964286,19612.578481071425,-44.526717964286945,stop_loss,3
2024-09-05 01:15:00,2024-09-05 02:10:00,short,19753.324475,19778.03647632143,19778.03647632143,19705.400472357145,-30.212001321429852,stop_loss,11
2024-09-05 03:55:00,2024-09-05 04:20:00,short,19800.555584,19753.190749857145,19824.98800107143,19753.190749857145,41.864834142856125,take_profit,5
2024-09-06 01:05:00,2024-09-06 02:05:00,short,19685.478682,19630.117737,19713.9091545,19630.117737,49.860945000000356,take_profit,12
2024-09-06 02:45:00,2024-09-06 03:00:00,short,19569.097053,19611.115323178572,19611.115323178572,19486.56051264286,-47.518270178570674,stop_loss,3
2024-09-06 03:15:00,2024-09-06 07:00:00,short,19570.401779,19613.817970642856,19613.817970642856,19485.069395714283,-48.916191642856575,stop_loss,45
2024-09-09 01:10:00,2024-09-09 01:25:00,short,19365.037783,19386.031313249998,19386.031313249998,19324.5507225,-26.493530249998003,stop_loss,3
2024-09-09 03:20:00,2024-09-09 04:05:00,short,19407.310931,19430.708886035714,19430.708886035714,19362.01502092857,-28.897955035714403,stop_loss,9
2024-09-10 01:30:00,2024-09-10 02:10:00,short,19446.19179,19466.933693964285,19466.933693964285,19406.20798207143,-26.241903964284575,stop_loss,8
2024-09-10 03:50:00,2024-09-10 04:05:00,short,19457.41244,19412.284280714284,19480.726519642856,19412.284280714284,39.62815928571581,take_profit,3
2024-09-11 01:10:00,2024-09-11 02:05:00,long,19584.970938,19628.197924428572,19562.607444785714,19628.197924428572,37.72698642857358,take_profit,11
2024-09-11 03:05:00,2024-09-11 03:30:00,long,19639.508518,19614.153472892856,19614.153472892856,19688.718608214283,-30.85504510714236,stop_loss,5
2024-09-11 04:30:00,2024-09-11 07:10:00,long,19617.850053,19666.500974499995,19592.77459225,19666.500974499995,43.15092149999691,take_profit,32
2024-09-12 01:00:00,2024-09-12 01:25:00,long,20170.532319,20154.850891000002,20154.850891000002,20200.395175,-21.18142799999987,stop_loss,5
2024-09-13 02:00:00,2024-09-13 02:50:00,long,20303.875397,20290.514518714284,20290.514518714284,20329.097153571427,-18.860878285715444,stop_loss,10
2024-09-16 02:20:00,2024-09-16 03:00:00,long,20357.63014,20385.20040457143,20343.095007714288,20385.20040457143,22.070264571430016,take_profit,8
2024-09-16 04:10:00,2024-09-16 04:20:00,long,20393.118709,20380.82025125,20380.82025125,20416.2156245,-17.798457749999216,stop_loss,2
2024-09-17 01:45:00,2024-09-17 02:15:00,long,20315.618442,20338.32776242857,20303.513781785714,20338.32776242857,17.20932042857021,take_profit,6
2024-09-17 02:35:00,2024-09-17 04:40:00,long,20359.716151,20394.803776357145,20341.422338321427,20394.803776357145,29.587625357144134,take_profit,25
2024-09-18 01:50:00,2024-09-18 02:20:00,long,20340.890813,20329.090084178573,20329.090084178573,20362.992270642855,-17.300728821428493,stop_loss,6
2024-09-19 01:25:00,2024-09-19 02:30:00,long,20534.559701,20511.154311964285,20511.154311964285,20579.870479071426,-28.905389035713597,stop_loss,13
2024-09-19 03:10:00,2024-09-19 03:25:00,long,20564.216055,20534.98070575,20534.98070575,20621.186753500006,-34.73534925000058,stop_loss,3
2024-09-19 03:40:00,2024-09-19 04:40:00,long,20560.347835,20612.676669285716,20533.43341785714,20612.676669285716,46.82883428571586,take_profit,12
2024-09-20 03:05:00,2024-09-20 03:20:00,long,20687.483336,20664.741070285716,20664.741070285716,20731.46786742857,-28.242265714285168,stop_loss,3
2024-09-23 03:25:00,2024-09-23 03:40:00,long,20691.609438,20659.445293535715,20659.445293535715,20754.43772692857,-37.66414446428462,stop_loss,3
2024-09-23 03:50:00,2024-09-23 08:45:00,long,20680.262659,20733.144096285712,20653.071940357142,20733.144096285712,47.38143728571231,take_profit,59
2024-09-24 01:10:00,2024-09-24 01:55:00,long,20739.059605,20767.018653285715,20724.33008085714,20767.018653285715,22.459048285716563,take_profit,9
2024-09-24 02:45:00,2024-09-24 03:10:00,long,20760.205875,20796.564487,20741.276569,20796.564487,30.858611999999994,take_profit,5
2024-09-24 03:45:00,2024-09-24 04:20:00,long,20800.435364,20777.195755607143,20777.195755607143,20845.414580785713,-28.739608392857917,stop_loss,7
2024-09-25 03:10:00,2024-09-25 04:20:00,long,20741.122655,20719.209293892858,20719.209293892858,20783.449377214285,-27.4133611071411,stop_loss,14
2024-09-26 01:45:00,2024-09-26 02:40:00,long,21101.898652,21141.793922214285,21081.201016892857,21141.793922214285,34.39527021428512,take_profit,11
2024-09-27 04:00:00,2024-09-27 07:00:00,long,20938.401882,20989.404470071426,20912.150587964286,20989.404470071426,45.50258807142745,take_profit,36
2024-09-30 01:05:00,2024-09-30 01:50:00,short,20810.524262,20829.97854057143,20829.97854057143,20773.11570485714,-24.954278571429313,stop_loss,9
2024-10-01 01:10:00,2024-10-01 02:05:00,long,20898.946036,20879.104935285715,20879.104935285715,20937.128237428573,-25.341100714285858,stop_loss,11
2024-10-01 02:05:00,2024-10-01 02:30:00,short,20874.478834,20896.80664757143,20896.80664757143,20831.323206857145,-27.827813571428123,stop_loss,5
2024-10-01 03:30:00,2024-10-01 06:00:00,long,20912.613748,20963.28477392857,20886.528235035716,20963.28477392857,45.17102592857191,take_profit,30
2024-10-02 01:05:00,2024-10-02 01:35:00,short,20528.402074,20561.505643607143,20561.505643607143,20463.694934785715,-38.60356960714125,stop_loss,6
2024-10-02 04:50:00,2024-10-02 05:30:00,short,20535.622752,20561.404333357143,20561.404333357143,20485.559589285713,-31.281581357143295,stop_loss,8
2024-10-03 01:25:00,2024-10-03 01:45:00,short,20566.310631,20584.549183464285,20584.549183464285,20531.333526071427,-23.73855246428502,stop_loss,4
2024-10-04 01:25:00,2024-10-04 02:00:00,short,20637.743763,20602.82191785714,20655.954685571425,20602.82191785714,29.42184514285691,take_profit,7
2024-10-04 03:35:00,2024-10-04 04:25:00,long,20650.348423,20626.390430857144,20626.390430857144,20696.764407285715,-29.4579921428558,stop_loss,10
2024-10-07 01:40:00,2024-10-07 02:15:00,long,20836.796633,20816.78975164286,20816.78975164286,20875.31039571429,-25.506881357141538,stop_loss,7
2024-10-08 01:10:00,2024-10-08 02:35:00,short,20604.219188,20626.79567275,20626.79567275,20560.566218499996,-28.07648474999951,stop_loss,17
2024-10-09 02:30:00,2024-10-09 04:15:00,long,20861.811123,20901.816913857143,20841.05822757143,20901.816913857143,34.50579085714344,take_profit,21
2024-10-10 04:50:00,2024-10-10 05:45:00,long,21071.210773,21058.2772085,21058.2772085,21095.577901999997,-18.433564499999193,stop_loss,11
2024-10-11 02:45:00,2024-10-11 03:05:00,long,21048.001452,21027.580118178572,21027.580118178572,21087.344119642858,-25.92133382142856,stop_loss,4
2024-10-11 04:25:00,2024-10-11 07:30:00,long,21015.508403,21055.016850857144,20995.004179071428,21055.016850857144,34.00844785714435,take_profit,37
2024-10-14 01:40:00,2024-10-14 02:00:00,long,21090.809755,21079.25769767857,21079.25769767857,21112.413869642853,-17.052057321427128,stop_loss,4
2024-10-14 02:15:00,2024-10-14 02:45:00,long,21083.846958,21107.385183142855,21071.327845428572,21107.385183142855,18.03822514285639,take_profit,6
2024-10-14 04:00:00,2024-10-14 05:15:00,long,21130.523481,21159.42195421429,21115.324244392858,21159.42195421429,23.39847321428897,take_profit,15
2024-10-15 02:45:00,2024-10-15 03:05:00,long,21256.369576,21239.070448678573,21239.070448678573,21289.467830642858,-22.799127321428386,stop_loss,4
2024-10-15 04:10:00,2024-10-15 05:40:00,long,21228.26051,21262.519231285714,21210.38114935714,21262.519231285714,28.758721285714273,take_profit,18
2024-10-16 01:00:00,2024-10-16 01:50:00,short,21019.66603,21034.008732107144,21034.008732107144,20992.480625785716,-19.84270210714385,stop_loss,10
2024-10-16 01:55:00,2024-10-16 02:15:00,short,21019.150267,20987.875601785716,21035.537599607145,20987.875601785716,25.77466521428505,take_profit,4
2024-10-16 02:35:00,2024-10-16 08:30:00,short,21013.99264,20965.918847357145,21038.779536321428,20965.918847357145,42.57379264285555,take_profit,71
2024-10-17 02:25:00,2024-10-17 04:05:00,long,21074.821111,21153.12228114286,21034.92052592857,21153.12228114286,72.80117014285861,take_profit,20
2024-10-17 04:35:00,2024-10-17 05:45:00,long,21131.297125,21167.26891464286,21112.56123017857,21167.26891464286,30.47178964285922,take_profit,14
2024-10-18 03:40:00,2024-10-18 04:50:00,long,21092.614924,21075.647358285714,21075.647358285714,21125.05005542857,-22.467565714287048,stop_loss,14
2024-10-21 02:25:00,2024-10-21 02:35:00,short,21081.815433,21098.340916464287,21098.340916464287,21050.26446607143,-22.02548346428739,stop_loss,2
2024-10-21 03:00:00,2024-10-21 04:15:00,long,21100.093483,21081.606259357144,21081.606259357144,21135.567930285713,-23.987223642856407,stop_loss,15
2024-10-21 04:55:00,2024-10-21 05:45:00,short,21067.631959,21029.781319499998,21087.30727875,21029.781319499998,32.3506395000004,take_profit,10
2024-10-22 01:00:00,2024-10-22 01:30:00,long,21104.219584,21089.793991357143,21089.793991357143,21131.57076928571,-19.925592642855918,stop_loss,6
2024-10-22 01:50:00,2024-10-22 02:10:00,short,21088.004585,21104.585328999998,21104.585328999998,21056.343097,-22.08074399999896,stop_loss,4
2024-10-22 02:10:00,2024-10-22 02:30:00,long,21123.560685,21105.570803714287,21105.570803714287,21158.040447571428,-23.489881285713636,stop_loss,4
2024-10-22 03:05:00,2024-10-22 03:30:00,long,21111.698143,21088.071712785717,21088.071712785717,21157.45100342857,-29.126430214284483,stop_loss,5
2024-10-22 03:50:00,2024-10-22 04:20:00,short,21088.004585,21039.98605257143,21112.763851214284,21039.98605257143,42.518532428570325,take_profit,6
2024-10-22 04:40:00,2024-10-22 06:15:00,short,21034.881029,21056.435198392857,21056.435198392857,20993.272690214286,-27.054169392857148,stop_loss,19
2024-10-23 02:45:00,2024-10-23 03:40:00,long,21161.469242,21143.9767035,21143.9767035,21194.954318999997,-22.992538499998773,stop_loss,11
2024-10-23 04:15:00,2024-10-23 04:45:00,long,21143.67543,21126.956535785714,21126.956535785714,21175.61321842857,-22.218894214285683,stop_loss,6
2024-10-24 04:00:00,2024-10-24 05:15:00,short,21010.12442,21027.920890214285,21027.920890214285,20976.03147957143,-23.296470214285364,stop_loss,15
2024-10-25 02:10:00,2024-10-25 02:20:00,short,21035.396791,21049.988164285714,21049.988164285714,21007.714044428572,-20.091373285715235,stop_loss,2
2024-10-25 03:20:00,2024-10-25 07:05:00,long,21056.511536,21101.93283492857,21033.050886535715,21101.93283492857,39.92129892856974,take_profit,45
2024-10-28 01:35:00,2024-10-28 03:05:00,long,21274.42127,21257.31555385714,21257.31555385714,21307.13270228571,-22.605716142858,stop_loss,18
2024-10-29 01:10:00,2024-10-29 01:40:00,long,21169.205682,21191.638701357144,21157.239172321428,21191.638701357144,16.933019357144076,take_profit,6
2024-10-29 02:20:00,2024-10-29 02:55:00,long,21192.415003,21177.381547464283,21177.381547464283,21220.981914071428,-20.533455535714893,stop_loss,7
2024-10-29 03:15:00,2024-10-29 03:25:00,short,21135.970515,21157.11023225,21157.11023225,21095.1910805,-26.639717250000103,stop_loss,2
2024-10-29 04:05:00,2024-10-29 06:10:00,long,21163.532293,21131.727340357145,21131.727340357145,21225.642198285714,-37.304952642854914,stop_loss,25
2024-10-30 01:10:00,2024-10-30 03:00:00,long,21386.857535,21415.369186285716,21371.851709357143,21415.369186285716,23.011651285716653,take_profit,22
2024-10-31 02:45:00,2024-10-31 05:55:00,short,20955.969338,20981.36409742857,20981.36409742857,20906.679819142857,-30.89475942857098,stop_loss,38
2024-11-01 02:05:00,2024-11-01 02:15:00,short,20706.082318,20726.36550107143,20726.36550107143,20667.015951857145,-25.78318307142763,stop_loss,2
2024-11-01 02:20:00,2024-11-01 02:50:00,short,20704.277149,20726.41155182143,20726.41155182143,20661.508343357145,-27.63440282142983,stop_loss,6
2024-11-04 02:05:00,2024-11-04 02:15:00,short,20815.424007,20835.872970714285,20835.872970714285,20776.02607957143,-25.94896371428331,stop_loss,2
2024-11-04 02:25:00,2024-11-04 04:35:00,short,20814.908244,20838.893866035713,20838.893866035713,20768.436999928574,-29.485622035714186,stop_loss,26
2024-11-05 04:05:00,2024-11-05 05:00:00,short,20767.97384,20784.361172392855,20784.361172392855,20736.699175214286,-21.88733239285648,stop_loss,11
2024-11-06 01:00:00,2024-11-06 05:40:00,long,21338.891605,21298.57656789286,21298.57656789286,21418.021679214286,-45.815037107142416,stop_loss,56
2024-11-07 02:05:00,2024-11-07 03:00:00,long,21596.257184,21576.581864464286,21576.581864464286,21634.107823071427,-25.175319535712333,stop_loss,11
2024-11-07 03:15:00,2024-11-07 05:05:00,long,21615.856166,21591.014009357143,21591.014009357143,21664.040479285715,-30.342156642858754,stop_loss,22
2024-11-08 02:30:00,2024-11-08 04:00:00,long,21908.551489,21892.27467682143,21892.27467682143,21939.605113357145,-21.776812178570253,stop_loss,18
2024-11-11 04:00:00,2024-11-11 04:25:00,long,21970.44301,21953.503074285713,21953.503074285713,22002.82288142857,-22.43993571428655,stop_loss,5
2024-11-12 01:45:00,2024-11-12 02:10:00,long,21883.021236,21865.50106717857,21865.50106717857,21916.56157364286,-23.02016882142925,stop_loss,5
2024-11-12 02:20:00,2024-11-12 03:10:00,long,21881.216066,21859.938197892858,21859.938197892858,21922.271802214287,-26.77786810714315,stop_loss,10
2024-11-13 02:10:00,2024-11-13 02:45:00,long,21803.851664,21833.413260642857,21788.320865678572,21833.413260642857,24.061596642855875,take_profit,7
2024-11-13 03:20:00,2024-11-13 04:20:00,long,21839.181408,21823.73350010714,21823.73350010714,21868.577223785716,-20.947907892859803,stop_loss,12
2024-11-14 01:15:00,2024-11-14 01:25:00,short,21758.496073,21771.37437717857,21771.37437717857,21734.239464642855,-18.378304178571852,stop_loss,2
2024-11-14 02:55:00,2024-11-14 04:00:00,long,21833.765899,21817.875908964288,21817.875908964288,21864.04587907143,-21.38999003571371,stop_loss,13
2024-11-15 03:00:00,2024-11-15 05:10:00,short,21479.726343,21507.80122667857,21507.80122667857,21425.076575642855,-33.574883678571496,stop_loss,26
2024-11-18 01:05:00,2024-11-18 01:20:00,short,21286.831099,21265.44802542857,21298.272635785714,21265.44802542857,15.883073571429122,take_profit,3
2024-11-18 01:40:00,2024-11-18 02:15:00,short,21255.369576,21270.48592207143,21270.48592207143,21226.636883857143,-20.6163460714306,stop_loss,7
2024-11-19 01:10:00,2024-11-19 01:20:00,short,21305.656437,21317.291384750002,21317.291384750002,21283.886541500004,-17.13494775000072,stop_loss,2
2024-11-19 02:10:00,2024-11-19 02:20:00,short,21302.561861,21320.46885142857,21320.46885142857,21268.24788014285,-23.40699042857159,stop_loss,2
2024-11-19 02:25:00,2024-11-19 02:35:00,short,21316.745335,21280.497244071426,21335.619380464286,21280.497244071426,30.74809092857322,take_profit,2
2024-11-19 03:20:00,2024-11-19 03:30:00,short,21232.418136,21146.214744928573,21276.269831535712,21146.214744928573,80.70339107142718,take_profit,2
2024-11-19 03:40:00,2024-11-19 04:05:00,short,21156.343141,21212.738921785716,21212.738921785716,21045.051579428575,-61.89578078571503,stop_loss,5
2024-11-20 03:35:00,2024-11-20 03:45:00,long,21470.411089,21444.767658285717,21444.767658285717,21520.19795042857,-31.143430714284477,stop_loss,2
2024-11-21 03:00:00,2024-11-21 05:00:00,short,21301.530336,21345.603072392856,21345.603072392856,21214.884863214287,-49.572736392856314,stop_loss,24
2024-11-22 01:05:00,2024-11-22 02:15:00,long,21466.284988,21447.493832535714,21447.493832535714,21502.36729892857,-24.29115546428511,stop_loss,14
2024-11-22 04:00:00,2024-11-22 05:55:00,short,21385.599653,21426.135731178572,21426.135731178572,21306.02749664286,-46.03607817857119,stop_loss,23
2024-11-25 01:50:00,2024-11-25 02:20:00,long,21622.818962,21612.012918428572,21612.012918428572,21642.93104914286,-16.306043571428745,stop_loss,6
2024-11-25 03:05:00,2024-11-25 07:40:00,long,21612.76159,21645.36250292857,21595.71113353571,21645.36250292857,27.100912928570324,take_profit,55
2024-11-26 01:15:00,2024-11-26 01:35:00,long,21562.474728,21545.672943250003,21545.672943250003,21594.578297499997,-22.30178474999775,stop_loss,4
2024-11-26 03:00:00,2024-11-26 05:50:00,long,21543.391509,21597.76497442857,21515.454776285715,21597.76497442857,48.873465428569034,take_profit,34
2024-11-27 01:50:00,2024-11-27 02:00:00,long,21648.091334,21634.936728,21634.936728,21672.900546,-18.654606000000058,stop_loss,2
2024-11-28 02:05:00,2024-11-28 06:25:00,short,21515.056087,21524.839815214287,21524.839815214287,21496.988630571428,-15.283728214286384,stop_loss,52
2024-11-29 02:35:00,2024-11-29 04:40:00,long,21559.638033,21541.06791925,21541.06791925,21595.278260499996,-24.07011375000002,stop_loss,25
2024-12-02 02:15:00,2024-12-02 03:45:00,long,21624.36625,21612.289219892857,21612.289219892857,21647.020310214284,-17.57703010714249,stop_loss,18
2024-12-03 02:00:00,2024-12-03 02:10:00,long,21906.488438,21895.82054496429,21895.82054496429,21926.324224071428,-16.16789303571204,stop_loss,2
2024-12-04 01:40:00,2024-12-04 01:55:00,long,22029.239956,22018.51680264286,22018.51680264286,22049.186262714287,-16.22315335714302,stop_loss,3
2024-12-04 03:10:00,2024-12-04 05:35:00,long,22071.790378,22103.507125785716,22055.182004107144,22103.507125785716,26.216747785714688,take_profit,29
2024-12-05 04:25:00,2024-12-05 04:50:00,long,22190.415795,22181.295190107143,22181.295190107143,22207.157004785717,-14.620604892857955,stop_loss,5
2024-12-06 01:15:00,2024-12-06 01:20:00,long,22162.822491,22155.857037249996,22155.857037249996,22175.2533985,-12.46545375000278,stop_loss,1
2024-12-06 02:10:00,2024-12-06 03:05:00,long,22161.533085,22152.384849892856,22152.384849892856,22178.329555214288,-14.648235107142682,stop_loss,11
2024-12-06 04:30:00,2024-12-06 04:50:00,long,22150.186306,22138.606618464284,22138.606618464284,22171.845681071427,-17.079687535715493,stop_loss,4
2024-12-09 01:20:00,2024-12-09 01:35:00,long,22344.370956,22358.072850142857,22336.770008928568,22358.072850142857,8.201894142857782,take_profit,3
2024-12-09 02:35:00,2024-12-09 03:00:00,long,22382.795276,22364.63961375,22364.63961375,22417.6066005,-23.655662249999295,stop_loss,5
2024-12-10 01:15:00,2024-12-10 01:35:00,short,22133.713425,22141.314371857145,22141.314371857145,22120.011531285716,-13.100946857142844,stop_loss,4
2024-12-10 01:50:00,2024-12-10 02:05:00,short,22132.939781,22140.098645607144,22140.098645607144,22120.12205178572,-12.658864607143187,stop_loss,3
2024-12-10 02:05:00,2024-12-10 02:40:00,short,22136.034357,22143.082701071427,22143.082701071427,22123.437668857143,-12.548344071426982,stop_loss,7
2024-12-10 02:40:00,2024-12-10 04:00:00,short,22135.776476,22146.831191071426,22146.831191071426,22115.167045857143,-16.55471507142647,stop_loss,16
2024-12-10 04:25:00,2024-12-10 04:45:00,long,22172.879864,22160.719943142856,22160.719943142856,22195.699705714283,-17.659920857142424,stop_loss,4
2024-12-10 04:45:00,2024-12-10 05:00:00,short,22162.854017,22174.212663678572,22174.212663678572,22141.63672364286,-16.85864667857095,stop_loss,3
2024-12-11 01:20:00,2024-12-11 01:35:00,short,22102.767664,22082.324015142854,22113.73948842857,22082.324015142854,14.94364885714458,take_profit,3
2024-12-11 01:55:00,2024-12-11 02:05:00,short,22095.031224,22111.308035857142,22111.308035857142,22063.977600285714,-21.77681185714391,stop_loss,2
2024-12-11 02:15:00,2024-12-11 02:30:00,short,22101.99402,22119.293147321427,22119.293147321427,22068.89576535714,-22.799127321428386,stop_loss,3
2024-12-11 04:35:00,2024-12-11 05:05:00,short,22119.529951,22130.142583607143,22130.142583607143,22099.804685785715,-16.112632607142586,stop_loss,6
2024-12-12 04:25:00,2024-12-12 05:05:00,long,22430.503324,22420.02884225,22420.02884225,22449.9522875,-15.97448174999954,stop_loss,8
2024-12-13 01:20:00,2024-12-13 02:25:00,long,22424.314172,22447.410315214285,22412.016100392855,22447.410315214285,17.596143214286712,take_profit,13
2024-12-13 02:25:00,2024-12-13 02:45:00,long,22447.523492,22434.70044814286,22434.70044814286,22471.669579714286,-18.323043857140874,stop_loss,4
2024-12-13 03:00:00,2024-12-13 04:00:00,long,22450.360187,22476.164083285712,22436.708238857143,22476.164083285712,20.303896285713563,take_profit,12
2024-12-16 01:25:00,2024-12-16 01:35:00,long,22495.23154,22486.19382575,22486.19382575,22511.806968500005,-14.537714250000136,stop_loss,2
2024-12-16 01:45:00,2024-12-16 02:15:00,long,22492.652727,22482.92425932143,22482.92425932143,22510.609662357147,-15.228467678571178,stop_loss,6
2024-12-16 02:20:00,2024-12-16 03:35:00,long,22497.03671,22523.116908,22483.246611000002,22523.116908,20.580197999999655,take_profit,15
2024-12-16 03:35:00,2024-12-16 06:10:00,long,22528.498234,22557.783529142856,22513.10558642857,22557.783529142856,23.78529514285765,take_profit,31
2024-12-17 02:45:00,2024-12-17 04:55:00,long,22753.112882,22806.215360785714,22725.811642607146,22806.215360785714,47.602478785713174,take_profit,26
2024-12-18 01:20:00,2024-12-18 01:50:00,long,22727.324748,22714.61222467857,22714.61222467857,22751.249794642856,-18.212523321428307,stop_loss,6
2024-12-18 02:00:00,2024-12-18 02:50:00,long,22737.640002,22725.231409964286,22725.231409964286,22760.957186071428,-17.90859203571381,stop_loss,10
2024-12-18 04:55:00,2024-12-18 07:30:00,long,22762.39661,22746.50662007143,22746.50662007143,22792.676589857143,-21.389989928571595,stop_loss,31
2024-12-19 02:10:00,2024-12-19 02:30:00,short,21931.792335,21963.04468485714,21963.04468485714,21870.787635285713,-36.75234985714269,stop_loss,4
2024-12-19 04:35:00,2024-12-19 06:00:00,short,21963.253858,21987.73682292857,21987.73682292857,21915.787928142858,-29.982964928571164,stop_loss,17
2024-12-20 01:15:00,2024-12-20 01:20:00,short,21646.444704,21663.15481014286,21663.15481014286,21614.524491714288,-22.21010614285842,stop_loss,1
2024-12-20 01:30:00,2024-12-20 01:40:00,short,21661.909201,21679.641068571425,21679.641068571425,21627.94546585714,-23.231867571426847,stop_loss,2
2024-12-20 01:50:00,2024-12-20 02:15:00,short,21657.01211,21620.12116621429,21676.207581892857,21620.12116621429,31.390943785710988,take_profit,5
2024-12-20 02:15:00,2024-12-20 02:35:00,short,21605.72153,21555.022999857145,21631.820795071428,21555.022999857145,45.198530142854,take_profit,4
2024-12-20 03:00:00,2024-12-20 05:00:00,short,21546.956442,21477.810976785713,21582.27917460714,21477.810976785713,63.64546521428565,take_profit,24
2024-12-23 04:05:00,2024-12-23 04:20:00,long,22343.604796,22316.014311714283,22316.014311714283,22397.28576457143,-33.09048428571623,stop_loss,3
2024-12-24 01:00:00,2024-12-24 01:50:00,long,22449.278857,22469.711157714286,22438.312706642857,22469.711157714286,14.932300714284793,take_profit,10
2024-12-24 03:00:00,2024-12-24 08:00:00,long,22454.949172,22503.38325735714,22429.98212932143,22503.38325735714,42.93408535714116,take_profit,60
2024-12-26 04:55:00,2024-12-26 08:35:00,long,22614.233488,22678.68437364286,22581.258045178573,22678.68437364286,58.95088564285834,take_profit,44
2024-12-27 01:20:00,2024-12-27 01:55:00,long,22620.419287,22607.851456464286,22607.851456464286,22644.05494807143,-18.067830535714165,stop_loss,7
2024-12-30 01:50:00,2024-12-30 02:05:00,short,22299.304206,22322.559108285714,22322.559108285714,22254.29440142857,-28.754902285712888,stop_loss,3
2024-12-31 01:30:00,2024-12-31 01:40:00,short,22045.944202,22065.664362321426,22065.664362321426,22008.00388135714,-25.2201603214271,stop_loss,2
2024-12-31 02:10:00,2024-12-31 03:05:00,short,22045.428719,22070.174840714284,22070.174840714284,21997.43647557143,-30.246121714284527,stop_loss,11
2025-01-02 02:25:00,2025-01-02 02:55:00,short,22007.798443,22040.88434667857,22040.88434667857,21943.126635642857,-38.58590367856959,stop_loss,6
2025-01-02 03:00:00,2025-01-02 04:00:00,short,22022.489715,22070.65350285714,22070.65350285714,21927.662139285716,-53.66378785714187,stop_loss,12
2025-01-03 01:10:00,2025-01-03 01:15:00,short,21877.63893,21894.928955000003,21894.928955000003,21844.55888,-22.79002500000206,stop_loss,1
2025-01-03 01:20:00,2025-01-03 01:45:00,short,21885.886661,21905.22020864286,21905.22020864286,21848.719565714284,-24.83354764285832,stop_loss,5
2025-01-03 03:45:00,2025-01-03 04:55:00,short,21930.218218,21884.98749257143,21953.58358071429,21884.98749257143,39.73072542857335,take_profit,14
2025-01-06 02:20:00,2025-01-06 02:45:00,long,22244.374276,22274.637577999998,22228.492625,22274.637577999998,24.763301999999385,take_profit,5
2025-01-06 04:05:00,2025-01-06 05:00:00,long,22343.089313,22320.082947214287,22320.082947214287,22387.602044571428,-28.50636578571357,stop_loss,11
2025-01-07 01:30:00,2025-01-07 02:40:00,long,22390.771511,22429.374595285713,22370.71996885714,22429.374595285713,33.10308428571443,take_profit,14
2025-01-07 02:55:00,2025-01-07 03:45:00,long,22432.010169,22407.42973857143,22407.42973857143,22479.67102985714,-30.080430428570253,stop_loss,10
2025-01-07 04:10:00,2025-01-07 05:30:00,long,22430.979203,22408.000452107142,22408.000452107142,22475.436704785712,-28.478750892856624,stop_loss,16
2025-01-10 01:25:00,2025-01-10 02:15:00,short,21930.47596,21952.571025,21952.571025,21887.785829999997,-27.59506500000134,stop_loss,10
2025-01-14 04:45:00,2025-01-14 05:05:00,long,21749.510382,21728.961766642857,21728.961766642857,21789.107612714288,-26.048615357143717,stop_loss,4
2025-01-15 01:40:00,2025-01-15 02:00:00,short,21582.524785,21561.208798071428,21593.93277846429,21561.208798071428,15.815986928573693,take_profit,4
2025-01-15 02:35:00,2025-01-15 03:40:00,short,21591.803483,21610.943724464283,21610.943724464283,21555.02300007143,-24.640241464283463,stop_loss,13
2025-01-16 02:15:00,2025-01-16 03:25:00,long,22193.341437,22161.166833892854,22161.166833892854,22256.190643214286,-37.67460310714523,stop_loss,14
2025-01-17 03:40:00,2025-01-17 06:00:00,long,22002.612645,21979.937661250002,21979.937661250002,22046.4626125,-28.174983749999228,stop_loss,28
2025-01-20 01:05:00,2025-01-20 01:45:00,long,22264.993605,22288.905417142858,22252.287698928572,22288.905417142858,18.411812142858253,take_profit,8
2025-01-20 02:30:00,2025-01-20 06:20:00,long,22275.045528,22252.039162535715,22252.039162535715,22319.55825892857,-28.50636546428359,stop_loss,46
2025-01-21 01:00:00,2025-01-21 01:45:00,long,22274.014561,22314.274555357144,22253.13456382143,22314.274555357144,34.75999435714402,take_profit,9
2025-01-21 02:05:00,2025-01-21 03:10:00,long,22293.860665,22351.51821907143,22264.281887964287,22351.51821907143,52.15755407142933,take_profit,13
2025-01-21 03:10:00,2025-01-21 03:15:00,long,22355.718652,22329.64700192857,22329.64700192857,22406.361952142855,-31.571650071429758,stop_loss,1
2025-01-21 04:25:00,2025-01-21 04:50:00,long,22392.575702,22369.265569392854,22369.265569392854,22437.695967214284,-28.810132607144624,stop_loss,5
2025-01-22 01:55:00,2025-01-22 02:15:00,long,22531.240689,22554.93157985714,22518.645243571427,22554.93157985714,18.19089085714222,take_profit,4
2025-01-22 02:30:00,2025-01-22 03:30:00,long,22551.344535,22582.491522357144,22535.02104132143,22582.491522357144,25.6469873571441,take_profit,12
2025-01-23 04:25:00,2025-01-23 04:45:00,long,22579.180629,22561.20022492857,22561.20022492857,22613.641437142855,-23.480404071429803,stop_loss,4
2025-01-24 03:00:00,2025-01-24 06:25:00,long,22683.050498,22717.676998071427,22664.987247964287,22717.676998071427,29.126500071426562,take_profit,41
2025-01-27 02:35:00,2025-01-27 04:00:00,short,21887.433111,21776.14689285714,21943.826220071427,21776.14689285714,105.78621814285725,take_profit,17
2025-01-28 02:10:00,2025-01-28 02:35:00,short,21963.209145,21998.117650357144,21998.117650357144,21894.892134285714,-40.40850535714344,stop_loss,5
2025-01-29 01:05:00,2025-01-29 03:05:00,long,22334.068357,22301.617602392856,22301.617602392856,22397.469866214284,-37.95075460714361,stop_loss,24
2025-01-29 04:10:00,2025-01-29 06:55:00,long,22337.418998,22309.966589464286,22309.966589464286,22390.823815071428,-32.95240853571522,stop_loss,33
2025-01-30 01:15:00,2025-01-30 01:50:00,long,22311.902578,22335.980081857142,22299.11382607143,22335.980081857142,18.577503857140982,take_profit,7
2025-01-30 02:50:00,2025-01-30 03:00:00,long,22370.667666,22349.014443678574,22349.014443678574,22412.47411064286,-27.153222321427165,stop_loss,2
2025-01-31 01:05:00,2025-01-31 02:10:00,long,22455.722397,22440.77966157143,22440.77966157143,22484.107867857147,-20.442735428572632,stop_loss,13
2025-01-31 02:30:00,2025-01-31 02:40:00,long,22464.743354,22442.952056035712,22442.952056035712,22506.825949928567,-27.29129796428606,stop_loss,2
2025-01-31 03:10:00,2025-01-31 07:35:00,long,22454.949172,22431.445733107143,22431.445733107143,22500.456049785713,-29.003438892857957,stop_loss,53
2025-02-04 02:25:00,2025-02-04 03:10:00,short,22028.933255,22061.301163964286,22061.301163964286,21965.69743707143,-37.86790896428647,stop_loss,9
2025-02-05 03:20:00,2025-02-05 06:40:00,short,22128.679259,22166.680663214287,22166.680663214287,22054.176450571427,-43.501404214286595,stop_loss,40
2025-02-06 01:00:00,2025-02-06 01:15:00,long,22504.951045,22493.239284714287,22493.239284714287,22526.87456557143,-17.211760285714263,stop_loss,3
2025-02-07 02:05:00,2025-02-07 02:15:00,long,22557.01485,22542.34826617857,22542.34826617857,22584.848017642857,-20.166583821428503,stop_loss,2
2025-02-07 03:00:00,2025-02-07 07:30:00,long,22530.982948,22510.241026571428,22510.241026571428,22570.966790857146,-26.241921428572823,stop_loss,54
2025-02-10 01:30:00,2025-02-10 02:05:00,short,22361.419934,22374.954295535717,22374.954295535717,22335.851210928573,-19.034361535716016,stop_loss,7
2025-02-10 03:05:00,2025-02-10 03:30:00,short,22367.347991,22387.06815110714,22387.06815110714,22329.407670785713,-25.220160107142874,stop_loss,5
2025-02-10 03:45:00,2025-02-10 04:00:00,short,22370.44089,22385.71500725,22385.71500725,22341.3926555,-20.774117249999108,stop_loss,3
2025-02-10 04:15:00,2025-02-10 05:00:00,long,22392.575702,22378.130039785712,22378.130039785712,22419.96702642857,-19.94566221428613,stop_loss,9
2025-02-11 01:55:00,2025-02-11 02:10:00,short,22403.174075,22418.83480492857,22418.83480492857,22373.352615142856,-21.160729928571527,stop_loss,3
2025-02-11 02:35:00,2025-02-11 03:30:00,long,22444.124025,22421.835653500002,22421.835653500002,22487.200768000002,-27.788371499998902,stop_loss,11
2025-02-12 01:15:00,2025-02-12 01:55:00,long,22457.78433,22475.89695657143,22447.978016714285,22475.89695657143,12.612626571430155,take_profit,8
2025-02-12 02:30:00,2025-02-12 03:00:00,long,22484.073974,22469.158853892855,22469.158853892855,22512.404214214286,-20.415120107143593,stop_loss,6
2025-02-12 03:40:00,2025-02-12 06:30:00,long,22448.505632,22489.428391285714,22427.294252357144,22489.428391285714,35.422759285713255,take_profit,34
2025-02-13 04:35:00,2025-02-13 05:45:00,long,22516.291676,22498.835960035714,22498.835960035714,22549.703107928573,-22.955715964286355,stop_loss,14
2025-02-14 01:45:00,2025-02-14 02:00:00,long,22836.664499,22821.94268507143,22821.94268507143,22864.60812685714,-20.221813928568736,stop_loss,3
2025-02-14 03:25:00,2025-02-14 03:50:00,long,22821.200002,22802.750139714288,22802.750139714288,22856.59972657143,-23.949862285713607,stop_loss,5
2025-02-17 03:50:00,2025-02-17 05:15:00,long,22932.544378,22957.89218042857,22919.120476785713,22957.89218042857,19.847802428572322,take_profit,17
2025-02-18 01:00:00,2025-02-18 01:50:00,long,23000.07268,22987.311543392858,22987.311543392858,23024.094953214288,-18.26113660714327,stop_loss,10
2025-02-18 02:55:00,2025-02-18 03:50:00,long,22983.577217,22963.52567475,22963.52567475,23022.180301499997,-25.55154224999933,stop_loss,11
2025-02-19 03:15:00,2025-02-19 03:50:00,long,22953.936932,22937.47536225,22937.47536225,22985.3600715,-21.961569750001217,stop_loss,7
2025-02-19 04:55:00,2025-02-19 05:40:00,long,22909.089891,22892.020787285714,22892.020787285714,22941.72809842857,-22.56910371428603,stop_loss,9
2025-02-20 01:00:00,2025-02-20 01:15:00,short,22833.602566,22848.462455785713,22848.462455785713,22805.382786428574,-20.359889785711857,stop_loss,3
2025-02-20 01:45:00,2025-02-20 02:05:00,short,22834.118049,22848.48086557143,22848.48086557143,22806.892415857143,-19.862816571428993,stop_loss,4
2025-02-21 04:15:00,2025-02-21 04:35:00,long,22861.149952,22848.250739535713,22848.250739535713,22885.44837692857,-18.399212464286393,stop_loss,4
2025-02-25 01:00:00,2025-02-25 01:25:00,short,22063.728373,22032.360464142857,22080.162327428574,22032.360464142857,25.867908857144357,take_profit,5
2025-02-25 01:45:00,2025-02-25 02:05:00,short,22003.674578,22033.86088867857,22033.86088867857,21944.801956642856,-35.68631067857132,stop_loss,4
2025-02-25 02:15:00,2025-02-25 03:00:00,short,22051.872259,21973.11671292857,22092.000032035714,21973.11671292857,73.2555460714284,take_profit,9
2025-02-25 03:25:00,2025-02-25 06:25:00,short,22018.881333,22057.407425750003,22057.407425750003,21943.3291475,-44.026092750002135,stop_loss,36
2025-02-26 01:00:00,2025-02-26 01:10:00,short,21924.290161,21936.388533428573,21936.388533428573,21901.59341614286,-17.598372428572475,stop_loss,2
2025-02-27 02:25:00,2025-02-27 02:35:00,short,21937.692725,21968.6522605,21968.6522605,21877.273654,-36.45953549999831,stop_loss,2
2025-02-28 01:10:00,2025-02-28 01:45:00,short,21225.03717,21255.85862942857,21255.85862942857,21164.894251142854,-36.32145942857096,stop_loss,7
2025-03-03 02:15:00,2025-03-03 03:15:00,short,21584.586718,21619.854220178568,21619.854220178568,21515.551713642857,-40.767502178568975,stop_loss,12
2025-03-04 01:05:00,2025-03-04 02:30:00,short,21139.209213,21177.707690428568,21177.707690428568,21063.712258142856,-43.99847742856946,stop_loss,17
2025-03-04 03:35:00,2025-03-04 06:00:00,short,21147.972428,21068.995961071432,21188.210661464287,21068.995961071432,73.4764669285687,take_profit,29
2025-03-05 04:45:00,2025-03-05 05:50:00,short,21196.685593,21127.761049285713,21231.89786485714,21127.761049285713,63.42454371428539,take_profit,13
2025-03-06 01:25:00,2025-03-06 01:40:00,short,21250.295848,21217.87856271429,21267.25449064286,21217.87856271429,26.91728528571184,take_profit,3
2025-03-07 03:55:00,2025-03-07 06:15:00,short,20822.187032,20761.767960785717,20853.146567607146,20761.767960785717,54.919071214284486,take_profit,28
2025-03-10 02:20:00,2025-03-10 02:35:00,short,20715.482005,20742.57541607143,20742.57541607143,20662.795182857142,-32.59341107142973,stop_loss,3
2025-03-10 02:45:00,2025-03-10 03:05:00,short,20724.502961,20666.900638214283,20754.054122392856,20666.900638214283,52.10232278571493,take_profit,4
2025-03-11 01:00:00,2025-03-11 01:15:00,short,20063.65347,20091.243954285717,20091.243954285717,20009.972501428572,-33.09048428571623,stop_loss,3
2025-03-12 02:05:00,2025-03-12 02:30:00,short,20002.310966,20030.011911142858,20030.011911142858,19948.409075714288,-33.20094514285665,stop_loss,5
2025-03-13 01:00:00,2025-03-13 01:50:00,short,20058.240896,20091.96194885714,20091.96194885714,19992.298790285713,-39.22105285714133,stop_loss,10
2025-03-13 02:35:00,2025-03-13 03:55:00,short,20052.57058,20095.18371835714,20095.18371835714,19968.844303285714,-48.113138357141,stop_loss,16
2025-03-14 02:55:00,2025-03-14 03:10:00,short,19991.74356,20017.40098228571,20017.40098228571,19941.92871542857,-31.157422285712528,stop_loss,3
2025-03-17 01:20:00,2025-03-17 01:45:00,short,20175.255587,20187.326344642857,20187.326344642857,20152.614071714288,-17.570757642857643,stop_loss,5
2025-03-17 02:00:00,2025-03-17 02:50:00,short,20176.028812,20190.36401357143,20190.36401357143,20148.858408857144,-19.835201571429934,stop_loss,10
2025-03-17 03:35:00,2025-03-17 05:35:00,long,20219.298436,20272.703253285716,20191.846027357144,20272.703253285716,47.90481728571467,take_profit,24
2025-03-18 03:05:00,2025-03-18 03:30:00,long,20397.4977,20434.759797357143,20378.116651321427,20434.759797357143,31.76209735714292,take_profit,5
2025-03-18 03:55:00,2025-03-18 04:35:00,long,20427.080742,20403.765002714284,20403.765002714284,20472.212220571426,-28.81573928571379,stop_loss,8
2025-03-19 01:05:00,2025-03-19 02:05:00,short,20133.820685,20101.149058857143,20150.906498071425,20101.149058857143,27.17162614285553,take_profit,12
2025-03-19 02:20:00,2025-03-19 02:40:00,short,20113.418587,20072.003204785713,20134.876278107142,20072.003204785713,35.91538221428709,take_profit,4
2025-03-21 01:05:00,2025-03-21 01:35:00,short,20243.481963,20265.40416617857,20265.40416617857,20201.137556642858,-27.42220317857209,stop_loss,6
2025-03-21 02:20:00,2025-03-21 02:40:00,short,20261.333799,20222.432246214285,20281.53457539286,20222.432246214285,33.40155278571547,take_profit,4
2025-03-21 03:15:00,2025-03-21 03:40:00,short,20219.764524,20168.840306857142,20245.976632571426,20168.840306857142,45.42421714285592,take_profit,5
2025-03-21 04:00:00,2025-03-21 04:40:00,short,20169.269331,20206.984943964286,20206.984943964286,20095.338105071427,-43.215612964286265,stop_loss,8
2025-03-24 02:40:00,2025-03-24 03:05:00,long,20567.85522,20598.176961357145,20551.94434932143,20598.176961357145,24.821741357143765,take_profit,5
2025-03-24 03:20:00,2025-03-24 04:30:00,long,20613.249888,20591.710224464285,20591.710224464285,20654.829215071426,-27.03966353571377,stop_loss,14
2025-03-25 04:20:00,2025-03-25 05:20:00,long,20719.595825,20760.737964857144,20698.27475507143,20760.737964857144,35.642139857143775,take_profit,12
2025-03-26 02:15:00,2025-03-26 03:00:00,long,20896.839054,20885.02681910714,20885.02681910714,20918.963523785715,-17.312234892859124,stop_loss,9
2025-03-26 04:10:00,2025-03-26 04:50:00,long,20873.886693,20851.882517178572,20851.882517178572,20916.39504464286,-27.504175821428362,stop_loss,8
2025-03-27 01:30:00,2025-03-27 02:05:00,short,20529.62139,20497.168358,20546.597906000003,20497.168358,26.953032000001258,take_profit,7
2025-03-28 02:10:00,2025-03-28 02:45:00,short,20327.895644,20283.802486857145,20350.69222257143,20283.802486857145,38.59315714285549,take_profit,7
2025-03-28 03:10:00,2025-03-28 04:00:00,short,20277.910504,20315.680765714285,20315.680765714285,20203.869980571428,-43.27026171428588,stop_loss,10
2025-03-31 01:25:00,2025-03-31 02:05:00,short,19598.01058,19623.648879642857,19623.648879642857,19548.23398071428,-31.13829964285833,stop_loss,8
2025-03-31 02:05:00,2025-03-31 02:20:00,short,19588.57461,19622.054965892858,19622.054965892858,19523.113898214287,-38.980355892857915,stop_loss,3
2025-03-31 04:00:00,2025-03-31 04:25:00,short,19568.172512,19602.855134607144,19602.855134607144,19500.30726678572,-40.18262260714255,stop_loss,5
2025-03-31 04:40:00,2025-03-31 05:45:00,short,19576.588377,19609.30365414286,19609.30365414286,19512.657822714285,-38.21527714285912,stop_loss,13
2025-04-01 01:30:00,2025-04-01 01:45:00,short,19767.092969,19790.545329464287,19790.545329464287,19721.68824807143,-28.952360464285448,stop_loss,3
2025-04-02 01:00:00,2025-04-02 01:10:00,short,19944.84625,19960.15598742857,19960.15598742857,19915.726775142855,-20.80973742857168,stop_loss,2
2025-04-02 01:35:00,2025-04-02 02:05:00,long,19967.778506,19946.67603010714,19946.67603010714,20008.483457785715,-26.60247589285791,stop_loss,6
2025-04-02 04:10:00,2025-04-02 05:00:00,short,19930.054729,19875.796954928574,19957.933616035712,19875.796954928574,48.757774071425956,take_profit,10
2025-04-03 01:30:00,2025-04-03 02:25:00,short,19454.175788,19504.92506296429,19504.92506296429,19354.17723807143,-56.249274964287906,stop_loss,11
2025-04-03 02:35:00,2025-04-03 03:00:00,short,19440.149345,19499.751673107145,19499.751673107145,19322.44468878572,-65.10232810714297,stop_loss,5
2025-04-03 04:05:00,2025-04-03 04:45:00,short,19510.026532,19419.208925785715,19556.185335107144,19419.208925785715,85.31760621428475,take_profit,8
2025-04-03 04:45:00,2025-04-03 05:50:00,short,19428.163113,19342.64640992857,19471.671464535713,19342.64640992857,80.01670307142922,take_profit,13
2025-04-04 01:30:00,2025-04-04 04:00:00,short,19010.430151,18929.66786528572,19051.561293857143,18929.66786528572,75.26228571428146,take_profit,30
2025-04-07 02:25:00,2025-04-07 02:55:00,short,16917.4299,17026.461775892858,17026.461775892858,16700.866148214285,-114.5318758928588,stop_loss,6
2025-04-08 04:45:00,2025-04-08 06:10:00,short,18136.200243,18182.085803321428,18182.085803321428,18045.92912235714,-51.385560321428784,stop_loss,17
2025-04-09 01:45:00,2025-04-09 02:00:00,short,17324.706786,17428.574381214283,17428.574381214283,17118.471595571427,-109.36759521428394,stop_loss,3
2025-04-10 01:30:00,2025-04-10 01:45:00,long,19513.83182,19459.88560917857,19459.88560917857,19620.224241642856,-59.446210821428394,stop_loss,3
2025-04-10 04:20:00,2025-04-10 07:40:00,long,19239.423599,19142.551009178573,19142.551009178573,19431.66877864286,-102.37258982142885,stop_loss,40
2025-04-11 01:00:00,2025-04-11 01:35:00,long,19127.722111,19053.938502821427,19053.938502821427,19273.789327357143,-79.28360817857174,stop_loss,7
2025-04-11 01:40:00,2025-04-11 02:05:00,long,19087.93802,19009.645912392858,19009.645912392858,19243.02223521429,-83.79210760714341,stop_loss,5
2025-04-14 01:35:00,2025-04-14 02:00:00,long,19524.287896,19489.495976214286,19489.495976214286,19592.37173557143,-40.291919785715436,stop_loss,5
2025-04-14 02:35:00,2025-04-14 04:25:00,long,19506.946112,19463.874948,19463.874948,19591.58844,-48.57116400000086,stop_loss,22
2025-04-15 01:55:00,2025-04-15 02:00:00,long,19301.905025,19344.30408,19279.9554975,19344.30408,36.89905500000168,take_profit,1
2025-04-15 02:05:00,2025-04-15 05:45:00,long,19370.762106,19339.932200928568,19339.932200928568,19430.921916142855,-36.3299050714304,stop_loss,44
2025-04-16 02:50:00,2025-04-16 03:25:00,short,18901.0239,18934.340310714288,18934.340310714288,18835.89107857143,-38.816410714287485,stop_loss,7
2025-04-16 03:40:00,2025-04-16 03:50:00,long,19184.59296,19110.536109357145,19110.536109357145,19331.206661285716,-79.55685064285717,stop_loss,2
2025-04-17 03:00:00,2025-04-17 05:40:00,short,18969.625955,18893.180899214287,19008.598482892856,18893.180899214287,70.94505578571261,take_profit,32
2025-04-21 02:00:00,2025-04-21 02:20:00,short,18570.254882,18527.96512407143,18592.149760964287,18527.96512407143,36.78975792857091,take_profit,4
2025-04-21 03:05:00,2025-04-21 06:00:00,short,18544.242207,18575.23605725,18575.23605725,18483.754506499998,-36.49385025000083,stop_loss,35
2025-04-22 02:30:00,2025-04-22 07:55:00,short,18462.123762,18502.05263835714,18502.05263835714,18383.766009285715,-45.428876357142144,stop_loss,65
2025-04-24 01:25:00,2025-04-24 01:35:00,long,19152.969708,19117.767924892858,19117.767924892858,19221.873274214286,-40.701783107142546,stop_loss,2
2025-04-24 04:00:00,2025-04-24 05:05:00,long,19016.785702,19094.487672928575,18977.184716535714,19094.487672928575,72.20197092857416,take_profit,13
2025-04-25 01:05:00,2025-04-25 01:15:00,long,19836.695025,19811.65785882143,19811.65785882143,19885.26935735714,-30.53716617857208,stop_loss,2
2025-04-25 01:25:00,2025-04-25 02:10:00,long,19821.648477,19794.370723107142,19794.370723107142,19874.703984785716,-32.77775389285671,stop_loss,9
2025-04-25 04:50:00,2025-04-25 05:05:00,long,19787.474963,19755.388143107142,19755.388143107142,19850.148602785714,-37.58681989285833,stop_loss,3
2025-04-28 02:15:00,2025-04-28 02:50:00,long,19886.170113,19862.63577967857,19862.63577967857,19931.738779642856,-29.034333321429585,stop_loss,7
2025-04-28 03:40:00,2025-04-28 04:50:00,long,19885.150008,19932.08488621429,19860.93256889286,19932.08488621429,41.43487821428789,take_profit,14
2025-04-29 02:05:00,2025-04-29 02:50:00,long,19961.40285,20003.146123642855,19939.78121317857,20003.146123642855,36.243273642856366,take_profit,9
2025-04-29 04:00:00,2025-04-29 04:15:00,long,19977.724529,19950.14620842857,19950.14620842857,20031.381170142857,-33.078320571428776,stop_loss,3
2025-04-30 01:50:00,2025-04-30 02:20:00,long,19952.731958,19985.95006864286,19935.372902678573,19985.95006864286,27.718110642857937,take_profit,6
2025-04-30 02:45:00,2025-04-30 03:00:00,long,19977.724529,19957.141213392857,19957.141213392857,20017.391160214287,-26.08331560714214,stop_loss,3
2025-04-30 03:05:00,2025-04-30 03:30:00,long,19986.650447,19962.214413642858,19962.214413642858,20034.022513714284,-29.93603335714215,stop_loss,5
2025-04-30 03:50:00,2025-04-30 05:30:00,long,19990.730866,19964.819324000004,19964.819324000004,20041.05395,-31.411541999998008,stop_loss,20
2025-05-01 02:10:00,2025-05-01 03:45:00,long,20344.452244,20386.08621992857,20322.885256035715,20386.08621992857,36.13397592856927,take_profit,19
2025-05-02 02:35:00,2025-05-02 02:40:00,long,20344.962297,20314.56958,20314.56958,20404.247730999996,-35.89271699999881,stop_loss,1
2025-05-02 03:15:00,2025-05-02 03:50:00,long,20337.821562,20305.37952689286,20305.37952689286,20401.205632214285,-37.942035107142146,stop_loss,7
2025-05-02 04:40:00,2025-05-02 07:30:00,long,20322.009936,20382.06044885714,20291.234679571426,20382.06044885714,54.55051285714217,take_profit,34
2025-05-05 01:35:00,2025-05-05 01:50:00,long,20495.937823,20474.862671214287,20474.862671214287,20536.58812657143,-26.575151785713388,stop_loss,3
2025-05-06 02:50:00,2025-05-06 03:20:00,short,20300.862864,20244.91098714286,20329.58880242857,20244.91098714286,50.45187685713972,take_profit,6
2025-05-06 03:20:00,2025-05-06 03:45:00,short,20246.287251,20281.926221964288,20281.926221964288,20176.509309071433,-41.13897096428627,stop_loss,5
2025-05-06 04:00:00,2025-05-06 05:35:00,short,20251.897828,20286.77172032143,20286.77172032143,20183.650043357142,-40.373892321429594,stop_loss,19
2025-05-07 02:20:00,2025-05-07 03:05:00,long,20409.483932,20386.41411075,20386.41411075,20454.1235745,-28.569821249999222,stop_loss,9
2025-05-07 03:50:00,2025-05-07 04:30:00,long,20404.383408,20378.58116296429,20378.58116296429,20454.48789807143,-31.302245035712986,stop_loss,8
2025-05-07 04:45:00,2025-05-07 05:00:00,long,20404.128381,20381.98758410714,20381.98758410714,20446.909974785714,-27.640796892857907,stop_loss,3
2025-05-09 01:15:00,2025-05-09 02:15:00,long,20596.673183,20574.095198035713,20574.095198035713,20640.32915292857,-28.07798496428586,stop_loss,12
2025-05-09 02:25:00,2025-05-09 03:15:00,long,20603.813918,20577.683782285712,20577.683782285712,20654.57418942857,-31.630135714287462,stop_loss,10
2025-05-09 03:25:00,2025-05-09 03:45:00,long,20599.223446,20572.273583,20572.273583,20651.623172,-32.44986300000164,stop_loss,4
2025-05-09 04:05:00,2025-05-09 05:30:00,long,20595.143026,20638.41645607143,20572.756310964287,20638.41645607143,37.773430071429175,take_profit,17
2025-05-12 04:00:00,2025-05-12 05:55:00,long,21318.652434,21403.294762214286,21275.581269892857,21403.294762214286,79.14232821428595,take_profit,23
2025-05-13 01:40:00,2025-05-13 01:50:00,long,21290.599549,21275.153190499997,21275.153190499997,21319.992266,-20.946358500001224,stop_loss,2
2025-05-13 04:20:00,2025-05-13 05:00:00,long,21265.862005,21307.332035642856,21244.37698967857,21307.332035642856,35.97003064285673,take_profit,8
2025-05-14 01:25:00,2025-05-14 01:55:00,long,21748.881681,21774.99548992857,21735.074776535712,21774.99548992857,20.613808928570506,take_profit,6
2025-05-15 04:50:00,2025-05-15 05:10:00,long,21680.789678,21654.167705785716,21654.167705785716,21732.533622428575,-32.12197221428505,stop_loss,4
2025-05-16 02:10:00,2025-05-16 02:30:00,long,21825.899601,21858.352633000002,21808.923085000002,21858.352633000002,26.953032000001258,take_profit,4
2025-05-16 03:25:00,2025-05-16 04:45:00,long,21895.776788,21872.351751857143,21872.351751857143,21941.126860285713,-28.925036142856698,stop_loss,16
2025-05-19 01:25:00,2025-05-19 01:45:00,short,21666.528314,21618.828357142855,21691.128292428573,21618.828357142855,42.19995685714457,take_profit,4
2025-05-19 03:00:00,2025-05-19 06:05:00,short,21602.771757,21636.63465242857,21636.63465242857,21536.545966142854,-39.36289542857048,stop_loss,37
2025-05-20 02:05:00,2025-05-20 02:30:00,long,21856.247723,21901.761740142858,21832.74071442857,21901.761740142858,40.01401714285748,take_profit,5
2025-05-20 02:50:00,2025-05-20 03:15:00,long,21870.274165,21841.95809,21841.95809,21925.406315,-33.81607499999882,stop_loss,5
2025-05-20 03:15:00,2025-05-20 08:25:00,long,21873.33448,21840.86512057143,21840.86512057143,21936.773198857147,-37.9693594285709,stop_loss,62
2025-05-21 03:35:00,2025-05-21 03:50:00,short,21722.379058,21745.940715321427,21745.940715321427,21676.755743357142,-29.061657321428356,stop_loss,3
2025-05-21 04:10:00,2025-05-21 04:40:00,short,21742.271104,21698.72443178571,21764.794440107144,21698.72443178571,38.046672214288265,take_profit,6
2025-05-21 04:40:00,2025-05-21 05:50:00,short,21699.681724,21724.718890285712,21724.718890285712,21651.10739142857,-30.537166285714193,stop_loss,14
2025-05-22 01:25:00,2025-05-22 01:45:00,short,21595.886049,21618.026846107143,21618.026846107143,21553.104454785713,-27.640797107142134,stop_loss,4
2025-05-22 02:35:00,2025-05-22 03:20:00,short,21618.073331,21646.25278492857,21646.25278492857,21563.214423142857,-33.679453928569274,stop_loss,9
2025-05-22 03:55:00,2025-05-22 06:05:00,short,21623.938934,21651.38063307143,21651.38063307143,21570.555535857144,-32.94169907142714,stop_loss,26
2025-05-23 01:00:00,2025-05-23 01:15:00,short,21561.967561,21523.066009285718,21582.168336857143,21523.066009285718,33.401551714283414,take_profit,3
2025-05-23 01:15:00,2025-05-23 01:25:00,short,21519.378181,21541.71024760714,21541.71024760714,21476.214047785714,-27.832066607141314,stop_loss,2
2025-05-23 03:45:00,2025-05-23 04:25:00,short,21621.643698,21572.358935214284,21647.036079392856,21572.358935214284,43.78476278571543,take_profit,8
2025-05-26 01:00:00,2025-05-26 01:30:00,long,21640.495534,21672.72997164286,21623.628315178572,21672.72997164286,26.73443764285912,take_profit,6
2025-05-26 01:45:00,2025-05-26 08:30:00,long,21671.353707,21726.595154285715,21642.982983357142,21726.595154285715,49.741447285716276,take_profit,81
2025-05-27 01:05:00,2025-05-27 01:35:00,long,21642.79077,21676.06352885714,21625.404390571428,21676.06352885714,27.772758857139706,take_profit,6
2025-05-27 02:20:00,2025-05-27 02:35:00,long,21716.49335,21753.099666214286,21697.44019189286,21753.099666214286,31.10631621428547,take_profit,3
2025-05-27 04:30:00,2025-05-27 05:45:00,long,21763.673202,21738.991250714287,21738.991250714287,21811.53710457143,-30.181951285714604,stop_loss,15
2025-05-28 01:05:00,2025-05-28 01:55:00,long,21880.73024,21864.81936932143,21864.81936932143,21911.05198135714,-21.410870678570063,stop_loss,10
2025-05-29 04:35:00,2025-05-29 05:00:00,long,22238.277012,22214.742678785715,22214.742678785715,22283.84567842857,-29.034333214283834,stop_loss,5
2025-06-02 01:00:00,2025-06-02 01:40:00,short,21649.696583,21667.766068428573,21667.766068428573,21615.057612142857,-23.56948542857208,stop_loss,8
2025-06-02 02:25:00,2025-06-02 02:30:00,short,21597.16118,21631.8164785,21631.8164785,21529.350583,-40.15529850000166,stop_loss,1
2025-06-02 02:40:00,2025-06-02 03:25:00,short,21646.381242,21685.326446,21685.326446,21569.990833999997,-44.44520399999965,stop_loss,9
2025-06-02 04:40:00,2025-06-02 05:05:00,short,21635.67014,21660.898576214284,21660.898576214284,21586.713267571427,-30.728436214285466,stop_loss,5
2025-06-03 02:55:00,2025-06-03 03:10:00,long,21870.274165,21841.548226249997,21841.548226249997,21926.226042500002,-34.22593875000166,stop_loss,3
2025-06-04 01:00:00,2025-06-04 01:15:00,long,22144.42736,22132.39653107143,22132.39653107143,22166.989017857144,-17.53082892857128,stop_loss,3
2025-06-04 01:50:00,2025-06-04 02:05:00,long,22137.031599,22121.14805232143,22121.14805232143,22167.298692357144,-21.383546678571292,stop_loss,3
2025-06-05 02:00:00,2025-06-05 02:20:00,long,22189.311976,22214.988595785715,22175.723666107144,22214.988595785715,20.176619785714138,take_profit,4
2025-06-05 03:25:00,2025-06-05 03:45:00,long,22272.705553,22244.74469289286,22244.74469289286,22327.127273214286,-33.46086010714134,stop_loss,4
2025-06-06 02:20:00,2025-06-06 03:20:00,long,22095.207298,22073.80425542857,22073.80425542857,22136.513383142857,-26.903042571429978,stop_loss,12
2025-06-06 04:45:00,2025-06-06 05:45:00,long,22115.099344,22097.87691028571,22097.87691028571,22148.04421142857,-22.722433714287035,stop_loss,12
2025-06-09 01:25:00,2025-06-09 01:50:00,long,22179.365953,22201.65436807143,22167.471745464285,22201.65436807143,16.78841507143079,take_profit,5
2025-06-09 03:45:00,2025-06-09 05:55:00,long,22223.740517,22203.976928785713,22203.976928785713,22261.76769342857,-25.263588214285846,stop_loss,26
2025-06-10 01:15:00,2025-06-10 02:30:00,long,22273.980684,22225.28072692857,22225.28072692857,22369.880598142852,-54.1999570714288,stop_loss,15
2025-06-10 03:10:00,2025-06-10 03:30:00,short,22201.318314,22241.19254182143,22241.19254182143,22123.069858357143,-45.374227821430395,stop_loss,4
2025-06-10 03:30:00,2025-06-10 08:35:00,long,22244.907694,22322.008532,22205.607275000002,22322.008532,71.60083799999848,take_profit,61
2025-06-11 01:20:00,2025-06-11 01:35:00,long,22341.562634,22324.176254357146,22324.176254357146,22374.835393285714,-22.8863796428559,stop_loss,3
2025-06-11 01:35:00,2025-06-11 02:50:00,long,22332.126664,22365.945907999998,22314.467042,22365.945907999998,28.319243999998434,take_profit,15
2025-06-11 03:10:00,2025-06-11 05:00:00,long,22373.185886,22351.56424960714,22351.56424960714,22414.929158785715,-27.12163639285791,stop_loss,22
2025-06-12 01:00:00,2025-06-12 01:15:00,short,22253.59869,22271.72282407143,22271.72282407143,22218.85042185714,-23.62413407142958,stop_loss,3
2025-06-12 01:25:00,2025-06-12 01:30:00,short,22260.229372,22280.539445035716,22280.539445035716,22221.109225928572,-25.810073035714595,stop_loss,1
2025-06-12 02:30:00,2025-06-12 02:50:00,short,22258.444189,22210.96282564286,22282.934870678575,22210.96282564286,41.98136335714298,take_profit,4
2025-06-12 02:50:00,2025-06-12 03:05:00,short,22202.593445,22150.740203499998,22229.27006575,22150.740203499998,46.35324150000088,take_profit,3
2025-06-13 03:55:00,2025-06-13 04:15:00,short,22034.021108,22068.976972857145,22068.976972857145,21965.609378285713,-40.45586485714375,stop_loss,4
2025-06-13 04:35:00,2025-06-13 05:55:00,short,22045.242262,22086.619323107145,22086.619323107145,21963.988139785713,-46.87706110714498,stop_loss,16
2025-06-16 03:05:00,2025-06-16 04:10:00,long,22214.092875,22185.94675685714,22185.94675685714,22268.885111285712,-33.64611814285672,stop_loss,13
2025-06-16 04:25:00,2025-06-16 05:55:00,short,22191.632418,22214.747051107144,22214.747051107144,22146.903151785715,-28.614633107143163,stop_loss,18
2025-06-17 01:00:00,2025-06-17 01:55:00,long,22315.335737,22291.92354289286,22291.92354289286,22360.660125214286,-28.912194107142568,stop_loss,11
2025-06-18 03:20:00,2025-06-18 04:00:00,short,22233.795904,22257.018741,22257.018741,22188.850229999996,-28.722837000001164,stop_loss,8
2025-06-18 04:00:00,2025-06-18 04:30:00,long,22275.949486,22256.594941464286,22256.594941464286,22313.158575071433,-24.85454453571583,stop_loss,6
2025-06-19 01:05:00,2025-06-19 02:00:00,short,22063.374627,22082.134049750002,22082.134049750002,22027.355781500002,-24.25942275000125,stop_loss,11
2025-06-19 02:20:00,2025-06-19 04:00:00,short,22026.513136,22056.309364928573,22056.309364928573,21968.42067814286,-35.29622892857151,stop_loss,20
2025-06-19 04:55:00,2025-06-19 05:55:00,short,22047.468641,22063.631167749998,22063.631167749998,22016.6435875,-21.662526749998506,stop_loss,12
2025-06-20 03:30:00,2025-06-20 03:50:00,short,22122.454003,22082.59391678571,22143.13404610714,22082.59391678571,34.36008621428846,take_profit,4
2025-06-20 03:50:00,2025-06-20 04:15:00,short,22091.904411,22113.747647107142,22113.747647107142,22049.717938785714,-27.34323610714273,stop_loss,5
2025-06-20 04:25:00,2025-06-20 04:50:00,short,22102.508402,22122.566272535714,22122.566272535714,22063.89266092857,-25.557870535714756,stop_loss,5
2025-06-23 02:35:00,2025-06-23 05:40:00,long,22108.305445,22078.94203207143,22078.94203207143,22165.53227085714,-34.86341292857105,stop_loss,37
2025-06-24 01:00:00,2025-06-24 01:10:00,long,22527.9205,22560.36861307143,22510.946443464287,22560.36861307143,26.94811307143027,take_profit,2
2025-06-24 01:10:00,2025-06-24 02:05:00,long,22555.945332,22595.37260242857,22535.481696785715,22595.37260242857,33.92727042857223,take_profit,11
2025-06-24 02:15:00,2025-06-24 02:30:00,long,22576.395885,22545.571717964285,22545.571717964285,22636.54421907143,-36.32416703571653,stop_loss,3
2025-06-24 04:05:00,2025-06-24 05:00:00,long,22538.52449,22511.352207428572,22511.352207428572,22591.36905514286,-32.672282571427786,stop_loss,11
2025-06-25 01:05:00,2025-06-25 01:15:00,long,22653.653531,22644.226702285716,22644.226702285716,22671.00718842857,-14.926828714284056,stop_loss,2
2025-06-26 01:05:00,2025-06-26 01:50:00,long,22743.282498,22761.014869214287,22733.66631239286,22761.014869214287,12.232371214286104,take_profit,9
2025-06-26 02:10:00,2025-06-26 02:15:00,long,22755.906297,22779.698092000002,22743.260399500003,22779.698092000002,18.291795000001002,take_profit,1
2025-06-26 02:35:00,2025-06-26 03:20:00,long,22755.906297,22787.921594285715,22739.148648357143,22787.921594285715,26.51529728571404,take_profit,9
2025-06-26 04:00:00,2025-06-26 04:25:00,long,22789.990552,22775.342880821427,22775.342880821427,22817.78589435714,-20.147671178572637,stop_loss,5
2025-06-27 02:05:00,2025-06-27 06:20:00,long,22961.169257,22989.018701357145,22946.49453482143,22989.018701357145,22.34944435714351,take_profit,51
2025-06-30 01:15:00,2025-06-30 01:40:00,long,23122.248923,23111.036728285715,23111.036728285715,23143.17331242857,-16.712194714284124,stop_loss,5
2025-06-30 03:00:00,2025-06-30 03:30:00,long,23104.070653,23085.365332571426,23085.365332571426,23139.98129385714,-24.20532042857303,stop_loss,6
2025-06-30 03:50:00,2025-06-30 04:30:00,long,23103.818177,23135.184250285714,23087.385140357146,23135.184250285714,25.866073285713355,take_profit,8
2025-06-30 04:35:00,2025-06-30 04:45:00,long,23140.932144,23127.28535992857,23127.28535992857,23166.725712142856,-19.146784071428556,stop_loss,2
2025-07-01 03:55:00,2025-07-01 04:10:00,long,23073.268585,23052.372133785713,23052.372133785713,23113.561487428575,-26.39645121428839,stop_loss,3
2025-07-02 03:10:00,2025-07-02 05:30:00,short,22955.372213,22915.674432142856,22975.971103428572,22915.674432142856,34.19778085714279,take_profit,28
2025-07-03 01:55:00,2025-07-03 03:45:00,long,23108.362744,23093.688022357142,23093.688022357142,23136.212187285713,-20.17472164285573,stop_loss,22
2025-07-03 04:25:00,2025-07-03 04:35:00,long,23098.263706,23081.39785314286,23081.39785314286,23130.495411714288,-22.36585285714318,stop_loss,2
2025-07-03 04:45:00,2025-07-03 04:55:00,long,23092.961711,23075.284328142858,23075.284328142858,23126.816476714284,-23.17738285714222,stop_loss,2
2025-07-07 04:50:00,2025-07-07 05:10:00,long,23180.570871,23209.448253142855,23165.382179928572,23209.448253142855,23.377382142854913,take_profit,4
2025-07-08 01:45:00,2025-07-08 02:00:00,long,23172.49164,23158.95305982143,23158.95305982143,23198.068800357145,-19.038580178570555,stop_loss,3
2025-07-08 02:35:00,2025-07-08 04:00:00,long,23175.268875,23157.970206464288,23157.970206464288,23208.36621207143,-22.79866853571366,stop_loss,17
2025-07-09 01:35:00,2025-07-09 01:50:00,short,23090.951807,23106.41100807143,23106.41100807143,23061.533404857142,-20.95920107142956,stop_loss,3
2025-07-09 02:25:00,2025-07-09 02:45:00,short,23110.13998,23126.410710964286,23126.410710964286,23079.098518071427,-21.770730964286486,stop_loss,4
2025-07-09 04:20:00,2025-07-09 05:05:00,long,23154.818322,23138.953356035712,23138.953356035712,23185.04825392857,-21.364965964286966,stop_loss,9
2025-07-10 02:40:00,2025-07-10 03:20:00,long,23242.932434,23268.347288571425,23229.475006714285,23268.347288571425,19.914854571426986,take_profit,8
2025-07-10 03:20:00,2025-07-10 04:20:00,long,23267.927555,23252.549507249998,23252.549507249998,23297.1836505,-20.878047750000405,stop_loss,12
2025-07-11 02:00:00,2025-07-11 02:15:00,short,23178.308491,23144.345521714287,23196.039975642856,23144.345521714287,28.46296928571246,take_profit,3
2025-07-11 04:35:00,2025-07-11 04:55:00,short,23126.298442,23089.089352714283,23145.652986642857,23089.089352714283,31.70908928571589,take_profit,4
2025-07-14 01:30:00,2025-07-14 02:20:00,short,23060.402215,23030.7133035,23075.99667075,23030.7133035,24.18891149999763,take_profit,10
2025-07-15 02:15:00,2025-07-15 02:40:00,long,23373.210032,23397.110031214284,23360.510032392856,23397.110031214284,18.399999214285344,take_profit,5
2025-07-15 02:40:00,2025-07-15 03:00:00,long,23398.710105,23383.16975092857,23383.16975092857,23428.290813142856,-21.040354071428737,stop_loss,4
2025-07-15 03:05:00,2025-07-15 05:30:00,long,23383.814023,23418.263910714286,23365.839079142857,23418.263910714286,28.949887714286888,take_profit,29
2025-07-16 01:30:00,2025-07-16 02:05:00,short,23212.14027,23181.315216285715,23228.302796857144,23181.315216285715,25.325053714284877,take_profit,7
2025-07-16 04:10:00,2025-07-16 05:30:00,short,23220.976929,23237.68047575,23237.68047575,23189.069835500002,-22.203546749999077,stop_loss,16
2025-07-17 04:15:00,2025-07-17 05:05:00,long,23351.497099,23334.38778725,23334.38778725,23384.215722499997,-22.609311749998596,stop_loss,10
2025-07-18 01:20:00,2025-07-18 01:25:00,long,23537.571886,23528.199159392858,23528.199159392858,23554.817339214285,-14.872726607143704,stop_loss,1
2025-07-18 03:00:00,2025-07-18 05:20:00,long,23506.264866,23490.751563035716,23490.751563035716,23535.791471928573,-21.013302964285685,stop_loss,28
2025-07-21 01:00:00,2025-07-21 01:20:00,long,23504.75001,23519.993689857143,23496.378170071428,23519.993689857143,9.743679857143434,take_profit,4
2025-07-21 02:00:00,2025-07-21 03:00:00,long,23513.334193,23532.851930642857,23502.825324178568,23532.851930642857,14.017737642858265,take_profit,12
2025-07-21 04:00:00,2025-07-21 05:50:00,long,23525.957991,23513.285042821426,23513.285042821426,23549.803887357142,-18.17294817857328,stop_loss,22
2025-07-23 03:45:00,2025-07-23 04:25:00,long,23507.27477,23493.979648607143,23493.979648607143,23532.365012785714,-18.795121392857254,stop_loss,8
2025-07-25 03:25:00,2025-07-25 08:05:00,long,23601.953257,23583.89716057143,23583.89716057143,23636.565449857146,-23.556096428572346,stop_loss,56
2025-07-28 01:40:00,2025-07-28 01:55:00,long,23803.681554,23794.227674285714,23794.227674285714,23821.08931342857,-14.953879714284994,stop_loss,3
2025-07-28 04:00:00,2025-07-28 04:20:00,long,23773.88939,23762.623093607144,23762.623093607144,23794.921982785716,-16.76629639285602,stop_loss,4
2025-07-29 01:00:00,2025-07-29 01:25:00,long,23785.503284,23779.07911575,23779.07911575,23796.851620499998,-11.924168249999639,stop_loss,5
2025-07-29 01:35:00,2025-07-29 01:55:00,long,23785.250808,23777.77165075,23777.77165075,23798.7091225,-12.979157249999844,stop_loss,4
2025-07-29 02:10:00,2025-07-29 02:35:00,long,23786.008236,23802.388058285716,23777.068324857144,23802.388058285716,10.879822285714909,take_profit,5
2025-07-29 02:35:00,2025-07-29 02:45:00,long,23802.924126,23822.279557857146,23792.49641007143,23822.279557857146,13.85543185714414,take_profit,2
2025-07-29 02:45:00,2025-07-29 03:00:00,long,23825.142011,23812.928929392856,23812.928929392856,23848.068174214288,-17.713081607143977,stop_loss,3
2025-07-29 03:10:00,2025-07-29 07:55:00,long,23823.122203,23809.664775607143,23809.664775607143,23848.537057785714,-18.957427392855607,stop_loss,57
2025-07-30 01:20:00,2025-07-30 01:50:00,long,23737.785327,23730.008608964286,23730.008608964286,23751.838763071428,-13.276718035715021,stop_loss,6
2025-07-30 04:50:00,2025-07-30 04:55:00,short,23709.265446,23720.883405607143,23720.883405607143,23687.529526785715,-17.11795960714153,stop_loss,1
2025-07-30 04:55:00,2025-07-30 06:25:00,long,23725.414004,23749.097595,23712.822208499998,23749.097595,18.183591000000888,take_profit,18
2025-07-31 02:05:00,2025-07-31 02:35:00,long,24029.395067,24055.45914514286,24015.61302792857,24055.45914514286,20.564078142859216,take_profit,6
2025-07-31 03:15:00,2025-07-31 04:30:00,long,24041.766389,24023.277476035713,24023.277476035713,24077.24421492857,-23.98891296428701,stop_loss,15
2025-08-01 01:50:00,2025-08-01 02:10:00,short,23496.175731,23457.127174785714,23516.450009107142,23457.127174785714,33.54855621428578,take_profit,4
2025-08-01 03:00:00,2025-08-01 03:25:00,short,23380.541739,23300.10515857143,23421.510029214285,23300.10515857143,74.93658042856987,take_profit,5
2025-08-01 04:25:00,2025-08-01 04:45:00,short,23322.724743,23362.827401642855,23362.827401642855,23244.019425714287,-45.60265864285611,stop_loss,4
2025-08-05 01:10:00,2025-08-05 01:40:00,long,23601.700781,23618.94623464286,23592.32805417857,23618.94623464286,11.745453642859502,take_profit,6
2025-08-05 03:25:00,2025-08-05 05:45:00,long,23569.131382,23614.022954642856,23545.93559567857,23614.022954642856,39.39157264285677,take_profit,28
2025-08-06 03:40:00,2025-08-06 04:10:00,short,23389.630874,23407.822225535714,23407.822225535714,23354.74817092857,-23.691351535715512,stop_loss,6
2025-08-06 04:15:00,2025-08-06 04:55:00,short,23399.982389,23362.232280357144,23419.607443321427,23362.232280357144,32.2501086428565,take_profit,8
2025-08-07 01:30:00,2025-08-07 01:55:00,long,23724.909052,23709.639207821427,23709.639207821427,23753.948740357144,-20.769844178572384,stop_loss,5
2025-08-07 02:05:00,2025-08-07 03:00:00,long,23721.879341,23753.40772092857,23705.365151035716,23753.40772092857,26.028379928571667,take_profit,11
2025-08-07 03:50:00,2025-08-07 04:00:00,long,23798.379558,23775.832996321427,23775.832996321427,23841.972681357147,-28.046561678573198,stop_loss,2
2025-08-07 04:05:00,2025-08-07 04:55:00,long,23792.320135,23839.700397928576,23767.880003535716,23839.700397928576,41.880262928574666,take_profit,10
2025-08-08 02:15:00,2025-08-08 02:55:00,long,23778.686433,23762.28044725,23762.28044725,23809.9984045,-21.905985749999672,stop_loss,8
2025-08-08 03:00:00,2025-08-08 07:20:00,long,23781.211193,23763.07394325,23763.07394325,23815.9856925,-23.637249749997864,stop_loss,52
2025-08-11 01:40:00,2025-08-11 02:30:00,long,23982.182061,23969.725520821426,23969.725520821426,24005.595141357142,-17.95654017857305,stop_loss,10
2025-08-11 04:30:00,2025-08-11 07:00:00,long,23958.701796,23986.226628357144,23944.18937982143,23986.226628357144,22.02483235714317,take_profit,30
2025-08-12 01:10:00,2025-08-12 06:10:00,long,23870.082732,23846.264773,23846.264773,23916.21865,-29.317958999999973,stop_loss,60
2025-08-13 01:35:00,2025-08-13 02:10:00,long,24200.573771,24219.658692,24190.2813105,24219.658692,13.584921000001486,take_profit,7
2025-08-14 01:35:00,2025-08-14 03:30:00,long,24151.088482,24178.234600571428,24136.765422714285,24178.234600571428,21.646118571428815,take_profit,23
2025-08-15 01:10:00,2025-08-15 02:05:00,long,24179.870742,24197.711317642857,24170.200454178568,24197.711317642857,12.340575642858312,take_profit,11
2025-08-18 01:00:00,2025-08-18 01:15:00,short,24078.89026,24061.428398357144,24088.371190821428,24061.428398357144,11.961861642856093,take_profit,3
2025-08-18 01:35:00,2025-08-18 01:40:00,short,24048.84562,24021.537195857145,24063.24983207143,24021.537195857145,21.808424142855074,take_profit,1
2025-08-18 02:05:00,2025-08-18 03:25:00,short,24032.434682,23978.88679107143,24059.958627464282,23978.88679107143,48.04789092857027,take_profit,16
2025-08-18 03:50:00,2025-08-18 08:30:00,short,24018.043552,24042.429581785713,24042.429581785713,23970.771492428572,-29.886029785713617,stop_loss,56
2025-08-19 04:40:00,2025-08-19 05:40:00,short,24026.880211,24004.873782,24038.6334255,24004.873782,16.506429000000935,take_profit,12
2025-08-20 02:55:00,2025-08-20 03:35:00,short,23630.745421,23649.856506321426,23649.856506321426,23594.023250357146,-24.6110853214268,stop_loss,8
2025-08-21 01:45:00,2025-08-21 03:50:00,short,23578.735372,23544.123178499998,23596.791468749998,23544.123178499998,29.112193500001013,take_profit,25
2025-08-21 03:50:00,2025-08-21 05:20:00,short,23551.720444,23507.20758557143,23574.726873214284,23507.20758557143,39.012858428570325,take_profit,18
2025-08-22 01:25:00,2025-08-22 01:35:00,short,23394.932869,23365.460364642855,23410.419121178573,23365.460364642855,23.972504357145226,take_profit,2
2025-08-25 03:00:00,2025-08-25 03:20:00,long,23768.082442,23750.378008249998,23750.378008249998,23801.9913095,-23.204433750001044,stop_loss,4
2025-08-25 03:30:00,2025-08-25 03:40:00,long,23764.042827,23749.71976782143,23749.71976782143,23791.188945357146,-19.823059178572294,stop_loss,2
2025-08-25 04:55:00,2025-08-25 05:15:00,long,23737.280375,23723.931151821427,23723.931151821427,23762.47882135714,-18.849223178571265,stop_loss,4
2025-08-26 01:05:00,2025-08-26 01:10:00,long,23711.527826,23696.771951035716,23696.771951035716,23739.53957592857,-20.255874964284885,stop_loss,1
2025-08-26 02:45:00,2025-08-26 03:05:00,short,23669.62672,23693.309424107145,23693.309424107145,23623.761311785714,-29.182704107144673,stop_loss,4
2025-08-26 03:05:00,2025-08-26 08:30:00,long,23694.35946,23743.79559957143,23668.891390214285,23743.79559957143,43.93613957142952,take_profit,65
2025-08-27 01:10:00,2025-08-27 02:20:00,long,23836.503429,23825.751101607144,23825.751101607144,23856.508083785717,-16.252327392856387,stop_loss,14
2025-08-28 01:20:00,2025-08-28 01:30:00,long,23795.854799,23819.376084,23783.3441565,23819.376084,18.021284999998898,take_profit,2
2025-08-29 01:40:00,2025-08-29 01:50:00,long,23965.266171,23954.324486392856,23954.324486392856,23985.649540214286,-16.441684607143543,stop_loss,2
2025-08-29 02:05:00,2025-08-29 02:15:00,long,23969.558263,23956.127886714283,23956.127886714283,23994.91901557143,-18.930376285716193,stop_loss,2
2025-09-01 04:00:00,2025-09-01 06:35:00,short,23717.344677,23680.027384142857,23736.753323428573,23680.027384142857,31.81729285714391,take_profit,31
2025-09-02 02:10:00,2025-09-02 02:25:00,short,23622.918666,23643.78806632143,23643.78806632143,23582.679865357146,-26.369400321429566,stop_loss,3
2025-09-02 02:30:00,2025-09-02 02:45:00,short,23619.131527,23561.309578928573,23648.792501035718,23561.309578928573,52.32194807142878,take_profit,3
2025-09-02 03:10:00,2025-09-02 07:00:00,short,23517.131237,23418.678692285717,23567.107509357145,23418.678692285717,92.95254471428416,take_profit,46
2025-09-03 02:10:00,2025-09-03 02:45:00,short,23577.725468,23597.75628732143,23597.75628732143,23539.163829357145,-25.53081932142959,stop_loss,7
2025-09-03 03:55:00,2025-09-03 04:15:00,long,23651.438546,23631.137216785715,23631.137216785715,23690.541204428573,-25.801329214285943,stop_loss,4
2025-09-04 02:55:00,2025-09-04 05:05:00,long,23721.879341,23761.144305642858,23701.496858678573,23761.144305642858,33.764964642858104,take_profit,26
2025-09-05 01:00:00,2025-09-05 02:00:00,long,24005.914802,23996.32566717857,23996.32566717857,24023.59307164286,-15.08913482142816,stop_loss,12
2025-09-05 03:55:00,2025-09-05 05:05:00,long,24023.083168,24010.112658714286,24010.112658714286,24047.52418657143,-18.470509285714797,stop_loss,14
2025-09-08 02:15:00,2025-09-08 02:30:00,long,24009.954417,23995.469051928572,23995.469051928572,24037.425147142858,-19.985365071428532,stop_loss,3
2025-09-08 02:35:00,2025-09-08 02:55:00,long,24002.88509,23987.561144035713,23987.561144035713,24032.032981928573,-20.823945964286395,stop_loss,4
2025-09-08 04:50:00,2025-09-08 05:55:00,long,24020.810884,24008.543700714286,24008.543700714286,24043.845250571427,-17.767183285712235,stop_loss,13
2025-09-09 02:35:00,2025-09-09 02:40:00,long,24108.924996,24094.899497714287,24094.899497714287,24135.475992571428,-19.525498285715003,stop_loss,1
2025-09-11 01:05:00,2025-09-11 01:30:00,long,24128.870597,24154.447757785714,24115.332016607143,24154.447757785714,20.077160785713204,take_profit,5
2025-09-11 02:10:00,2025-09-11 05:40:00,long,24154.623146,24181.55285657143,24140.408290714287,24181.55285657143,21.429710571428586,take_profit,42
2025-09-12 02:45:00,2025-09-12 03:00:00,long,24254.351152,24241.35359160714,24241.35359160714,24278.84627278571,-18.49756039285785,stop_loss,3
2025-09-15 01:30:00,2025-09-15 02:35:00,long,24380.25,24396.946428571428,24371.151785714286,24396.946428571428,11.196428571427532,take_profit,13
2025-09-16 04:00:00,2025-09-16 04:15:00,long,24643.75,24628.839285714286,24628.839285714286,24672.071428571428,-20.410714285713766,stop_loss,3
2025-09-17 01:35:00,2025-09-17 02:25:00,long,24528.75,24547.85714285714,24518.446428571428,24547.85714285714,13.607142857141298,take_profit,10
2025-09-17 02:50:00,2025-09-17 03:05:00,long,24549.0,24537.839285714286,24537.839285714286,24569.821428571428,-16.660714285713766,stop_loss,3
2025-09-17 03:50:00,2025-09-17 06:05:00,long,24510.5,24486.723214285714,24486.723214285714,24556.553571428572,-29.276785714286234,stop_loss,27
2025-09-18 02:50:00,2025-09-18 03:35:00,long,24667.0,24705.60714285714,24646.946428571428,24705.60714285714,33.1071428571413,take_profit,9
2025-09-18 04:25:00,2025-09-18 05:45:00,long,24719.0,24699.910714285714,24699.910714285714,24755.678571428572,-24.589285714286234,stop_loss,16
2025-09-23 01:05:00,2025-09-23 02:05:00,long,25003.75,24991.464285714286,24991.464285714286,25026.821428571428,-17.785714285713766,stop_loss,12
2025-09-23 02:55:00,2025-09-23 06:05:00,long,25001.0,24984.535714285714,24984.535714285714,25032.428571428572,-21.964285714286234,stop_loss,38
2025-09-24 01:15:00,2025-09-24 01:20:00,long,24876.5,24867.696428571428,24867.696428571428,24892.60714285714,-14.303571428572468,stop_loss,1
2025-09-24 01:35:00,2025-09-24 01:50:00,long,24869.5,24887.85714285714,24859.571428571428,24887.85714285714,12.857142857141298,take_profit,3
2025-09-24 02:45:00,2025-09-24 08:30:00,long,24885.25,24866.589285714286,24866.589285714286,24921.071428571428,-24.160714285713766,stop_loss,69
2025-09-25 01:55:00,2025-09-25 02:10:00,short,24726.75,24701.10714285714,24740.321428571428,24701.10714285714,20.142857142858702,take_profit,3
2025-09-25 03:40:00,2025-09-25 04:00:00,short,24746.25,24717.76785714286,24761.241071428572,24717.76785714286,22.982142857141298,take_profit,4
2025-09-25 04:25:00,2025-09-25 04:45:00,short,24729.5,24699.946428571428,24745.026785714286,24699.946428571428,24.053571428572468,take_profit,4
2025-09-26 01:35:00,2025-09-26 02:25:00,short,24649.25,24667.026785714286,24667.026785714286,24615.196428571428,-23.276785714286234,stop_loss,10
2025-09-26 02:55:00,2025-09-26 03:45:00,short,24645.5,24599.071428571428,24669.464285714286,24599.071428571428,40.92857142857247,take_profit,10
2025-09-26 04:20:00,2025-09-26 05:00:00,short,24594.0,24619.839285714286,24619.839285714286,24543.821428571428,-31.339285714286234,stop_loss,8
2025-09-29 01:15:00,2025-09-29 01:45:00,long,24834.0,24854.01785714286,24823.241071428572,24854.01785714286,14.517857142858702,take_profit,6
2025-09-29 02:10:00,2025-09-29 03:00:00,long,24839.25,24869.23214285714,24823.508928571428,24869.23214285714,24.482142857141298,take_profit,10
2025-09-29 04:05:00,2025-09-29 04:55:00,long,24889.5,24875.6875,24875.6875,24915.625,-19.3125,stop_loss,10
2025-09-30 01:05:00,2025-09-30 01:50:00,long,24840.5,24827.223214285714,24827.223214285714,24865.553571428572,-18.776785714286234,stop_loss,9
2025-09-30 03:00:00,2025-09-30 03:30:00,short,24772.75,24800.91964285714,24800.91964285714,24717.910714285714,-33.6696428571413,stop_loss,6
2025-09-30 04:30:00,2025-09-30 04:40:00,long,24817.25,24798.803571428572,24798.803571428572,24852.64285714286,-23.946428571427532,stop_loss,2
2025-10-01 01:10:00,2025-10-01 01:40:00,short,24757.75,24735.803571428572,24769.473214285714,24735.803571428572,16.446428571427532,take_profit,6
2025-10-02 02:35:00,2025-10-02 05:00:00,long,25082.5,25118.75,25063.625,25118.75,30.75,take_profit,29
2025-10-03 01:35:00,2025-10-03 01:45:00,long,25190.75,25178.973214285714,25178.973214285714,25212.803571428572,-17.276785714286234,stop_loss,2
2025-10-03 02:00:00,2025-10-03 02:25:00,long,25188.5,25175.598214285714,25175.598214285714,25212.803571428572,-18.401785714286234,stop_loss,5
2025-10-06 02:10:00,2025-10-06 02:20:00,long,25101.75,25089.16964285714,25089.16964285714,25125.410714285714,-18.080357142858702,stop_loss,2
2025-10-06 03:05:00,2025-10-06 05:45:00,long,25106.5,25146.875,25085.5625,25146.875,34.875,take_profit,32
2025-10-07 02:40:00,2025-10-07 03:25:00,long,25154.0,25138.526785714286,25138.526785714286,25183.446428571428,-20.973214285713766,stop_loss,9
2025-10-07 03:45:00,2025-10-07 04:35:00,long,25159.5,25189.85714285714,25143.571428571428,25189.85714285714,24.857142857141298,take_profit,10
2025-10-07 04:55:00,2025-10-07 05:05:00,long,25189.5,25176.625,25176.625,25213.75,-18.375,stop_loss,2
2025-10-08 01:05:00,2025-10-08 02:10:00,short,25048.25,25061.01785714286,25061.01785714286,25024.214285714286,-18.267857142858702,stop_loss,13
2025-10-08 03:35:00,2025-10-08 03:55:00,long,25104.0,25091.178571428572,25091.178571428572,25128.14285714286,-18.321428571427532,stop_loss,4
2025-10-08 03:55:00,2025-10-08 05:10:00,short,25086.0,25059.23214285714,25100.133928571428,25059.23214285714,21.267857142858702,take_profit,15
2025-10-09 01:00:00,2025-10-09 01:25:00,long,25362.5,25349.70535714286,25349.70535714286,25386.589285714286,-18.294642857141298,stop_loss,5
2025-10-09 01:35:00,2025-10-09 01:45:00,long,25353.75,25338.91964285714,25338.91964285714,25381.910714285714,-20.330357142858702,stop_loss,2
2025-10-09 02:50:00,2025-10-09 03:10:00,long,25342.75,25325.883928571428,25325.883928571428,25374.98214285714,-22.366071428572468,stop_loss,4
2025-10-14 01:35:00,2025-10-14 03:00:00,short,24698.25,24594.01785714286,24751.116071428572,24594.01785714286,98.7321428571413,take_profit,17
2025-10-14 04:45:00,2025-10-14 05:25:00,short,24648.5,24577.26785714286,24684.866071428572,24577.26785714286,65.7321428571413,take_profit,8
2025-10-15 01:55:00,2025-10-15 02:45:00,long,24902.5,24880.678571428572,24880.678571428572,24944.64285714286,-27.321428571427532,stop_loss,10
2025-10-15 03:00:00,2025-10-15 04:00:00,long,24919.25,24966.803571428572,24894.723214285714,24966.803571428572,42.05357142857247,take_profit,12
2025-10-15 04:30:00,2025-10-15 06:30:00,long,24966.25,24939.151785714286,24939.151785714286,25018.946428571428,-32.598214285713766,stop_loss,24
2025-10-16 02:55:00,2025-10-16 03:35:00,long,25039.5,25008.0625,25008.0625,25100.875,-36.9375,stop_loss,8
2025-10-16 04:45:00,2025-10-16 06:25:00,long,25043.25,25081.321428571428,25023.464285714286,25081.321428571428,32.57142857142753,take_profit,20
2025-10-17 01:10:00,2025-10-17 01:35:00,short,24664.0,24590.51785714286,24701.491071428572,24590.51785714286,67.9821428571413,take_profit,5
2025-10-17 03:00:00,2025-10-17 03:30:00,short,24440.0,24506.98214285714,24506.98214285714,24307.535714285714,-72.4821428571413,stop_loss,6
2025-10-20 01:50:00,2025-10-20 02:00:00,long,25123.0,25100.5625,25100.5625,25166.375,-27.9375,stop_loss,2
2025-10-20 02:00:00,2025-10-20 03:15:00,long,25116.5,25094.25,25094.25,25159.5,-27.75,stop_loss,15
2025-10-20 04:55:00,2025-10-20 05:25:00,long,25087.5,25066.026785714286,25066.026785714286,25128.946428571428,-26.973214285713766,stop_loss,6
2025-10-21 01:20:00,2025-10-21 02:05:00,long,25286.25,25268.01785714286,25268.01785714286,25321.214285714286,-23.732142857141298,stop_loss,9
2025-10-21 02:15:00,2025-10-21 03:15:00,long,25279.0,25260.098214285714,25260.098214285714,25315.303571428572,-24.401785714286234,stop_loss,12
2025-10-21 04:25:00,2025-10-21 05:10:00,long,25288.75,25273.196428571428,25273.196428571428,25318.35714285714,-21.053571428572468,stop_loss,9
2025-10-22 01:35:00,2025-10-22 02:00:00,long,25327.25,25309.95535714286,25309.95535714286,25360.339285714286,-22.794642857141298,stop_loss,5
2025-10-22 04:50:00,2025-10-22 05:40:00,long,25260.25,25299.339285714286,25239.95535714286,25299.339285714286,33.589285714286234,take_profit,10
2025-10-23 01:25:00,2025-10-23 01:45:00,short,25084.0,25102.366071428572,25102.366071428572,25048.76785714286,-23.866071428572468,stop_loss,4
2025-10-23 02:35:00,2025-10-23 03:05:00,short,25085.75,25108.241071428572,25108.241071428572,25042.26785714286,-27.991071428572468,stop_loss,6
2025-10-23 04:10:00,2025-10-23 06:00:00,short,25065.0,25020.821428571428,25087.839285714286,25020.821428571428,38.67857142857247,take_profit,22
2025-10-24 01:15:00,2025-10-24 01:35:00,long,25372.0,25360.0625,25360.0625,25394.375,-17.4375,stop_loss,4
2025-10-24 01:45:00,2025-10-24 02:15:00,long,25362.0,25348.160714285714,25348.160714285714,25388.178571428572,-19.339285714286234,stop_loss,6
2025-10-24 03:45:00,2025-10-24 07:30:00,long,25365.75,25348.26785714286,25348.26785714286,25399.214285714286,-22.982142857141298,stop_loss,45
2025-10-27 01:20:00,2025-10-27 01:55:00,long,25797.0,25785.035714285714,25785.035714285714,25819.428571428572,-17.464285714286234,stop_loss,7
2025-10-27 02:05:00,2025-10-27 03:25:00,long,25793.25,25779.839285714286,25779.839285714286,25818.571428571428,-18.910714285713766,stop_loss,16
2025-10-27 04:30:00,2025-10-27 05:05:00,long,25810.0,25840.035714285714,25794.23214285714,25840.035714285714,24.535714285713766,take_profit,7
2025-10-28 01:30:00,2025-10-28 01:45:00,long,25978.5,25964.821428571428,25964.821428571428,26004.35714285714,-19.178571428572468,stop_loss,3
2025-10-28 02:00:00,2025-10-28 02:50:00,long,25970.25,25955.95535714286,25955.95535714286,25997.339285714286,-19.794642857141298,stop_loss,10
2025-10-28 04:40:00,2025-10-28 06:20:00,long,25971.25,25993.785714285714,25959.23214285714,25993.785714285714,17.035714285713766,take_profit,20
2025-10-29 01:55:00,2025-10-29 02:00:00,long,26281.5,26267.901785714286,26267.901785714286,26307.196428571428,-19.098214285713766,stop_loss,1
2025-10-29 02:10:00,2025-10-29 02:20:00,long,26281.25,26266.473214285714,26266.473214285714,26309.303571428572,-20.276785714286234,stop_loss,2
2025-10-29 02:55:00,2025-10-29 03:35:00,long,26293.25,26277.85714285714,26277.85714285714,26322.535714285714,-20.892857142858702,stop_loss,8
2025-10-30 02:50:00,2025-10-30 03:15:00,long,26274.25,26233.973214285714,26233.973214285714,26353.303571428572,-45.776785714286234,stop_loss,5
2025-10-30 03:40:00,2025-10-30 04:20:00,long,26275.25,26243.70535714286,26243.70535714286,26336.839285714286,-37.0446428571413,stop_loss,8
2025-10-31 01:35:00,2025-10-31 01:45:00,long,26190.75,26174.20535714286,26174.20535714286,26222.339285714286,-22.044642857141298,stop_loss,2
2025-10-31 02:35:00,2025-10-31 03:10:00,long,26198.5,26177.803571428572,26177.803571428572,26238.39285714286,-26.196428571427532,stop_loss,7
2025-10-31 03:25:00,2025-10-31 06:50:00,long,26179.0,26224.73214285714,26155.383928571428,26224.73214285714,40.2321428571413,take_profit,41
2025-11-03 01:30:00,2025-11-03 02:10:00,short,26031.0,26052.875,26052.875,25988.75,-27.375,stop_loss,8
2025-11-03 03:05:00,2025-11-03 05:05:00,long,26118.0,26166.571428571428,26092.964285714286,26166.571428571428,43.07142857142753,take_profit,24
2025-11-04 01:40:00,2025-11-04 03:50:00,short,25774.25,25705.160714285714,25809.54464285714,25705.160714285714,63.589285714286234,take_profit,26
2025-11-05 01:35:00,2025-11-05 02:05:00,short,25482.0,25508.83035714286,25508.83035714286,25429.839285714286,-32.3303571428587,stop_loss,6
2025-11-06 01:15:00,2025-11-06 01:20:00,short,25681.25,25703.821428571428,25703.821428571428,25637.60714285714,-28.071428571427532,stop_loss,1
2025-11-06 01:30:00,2025-11-06 03:00:00,short,25663.25,25690.883928571428,25690.883928571428,25609.48214285714,-33.13392857142753,stop_loss,18
2025-11-07 01:00:00,2025-11-07 01:20:00,short,25315.25,25338.73214285714,25338.73214285714,25269.785714285714,-28.982142857141298,stop_loss,4
2025-11-07 01:20:00,2025-11-07 01:50:00,short,25322.0,25346.6875,25346.6875,25274.125,-30.1875,stop_loss,6
2025-11-07 03:00:00,2025-11-07 03:10:00,short,25289.75,25321.10714285714,25321.10714285714,25228.535714285714,-36.8571428571413,stop_loss,2
2025-11-07 03:20:00,2025-11-07 04:10:00,short,25297.25,25229.285714285714,25331.98214285714,25229.285714285714,62.464285714286234,take_profit,10
2025-11-07 04:45:00,2025-11-07 05:10:00,short,25219.5,25145.053571428572,25257.473214285714,25145.053571428572,68.94642857142753,take_profit,5
2025-11-10 04:35:00,2025-11-10 04:50:00,long,25553.75,25535.116071428572,25535.116071428572,25589.51785714286,-24.133928571427532,stop_loss,3
2025-11-11 04:35:00,2025-11-11 06:35:00,long,25623.75,25600.321428571428,25600.321428571428,25669.10714285714,-28.928571428572468,stop_loss,24
