entry_datetime,exit_datetime,type,entry_price,exit_price,stop_loss,take_profit,pnl,exit_reason,bars_held
2018-01-02 01:25:00,2018-01-02 02:15:00,short,7516.419535,7509.733359000001,7520.512623,7509.733359000001,1.18617599999925,take_profit,10
2018-01-02 02:25:00,2018-01-02 05:05:00,short,7503.239664,7510.554498,7510.554498,7490.109995999998,-12.814834000000701,stop_loss,32
2018-01-03 01:05:00,2018-01-03 02:20:00,long,7643.653407,7647.410725,7641.024748,7647.410725,-1.742682000000059,take_profit,15
2018-01-03 03:40:00,2018-01-03 04:10:00,long,7651.268443,7646.296697,7646.296697,7659.711935,-10.471746000000167,stop_loss,6
2018-01-04 01:00:00,2018-01-04 01:20:00,long,7730.347667,7727.426122,7727.426122,7734.690757,-8.421545000000151,stop_loss,4
2018-01-04 03:45:00,2018-01-04 04:45:00,long,7733.276527,7729.476325,7729.476325,7739.376931000001,-9.300202000000354,stop_loss,12
2018-01-05 01:00:00,2018-01-05 02:15:00,long,7746.163511,7753.435458999999,7741.777537,7753.435458999999,1.771947999999611,take_profit,15
2018-01-05 02:15:00,2018-01-05 02:20:00,long,7754.071434,7750.271232,7750.271232,7760.171838000001,-9.300202000000354,stop_loss,1
2018-01-05 02:30:00,2018-01-05 02:35:00,long,7752.607004,7750.271232,7750.271232,7755.778548000001,-7.835772000000361,stop_loss,1
2018-01-05 02:40:00,2018-01-05 03:00:00,long,7752.314118,7749.099687,7749.099687,7757.242980000001,-8.714431000000332,stop_loss,4
2018-01-05 04:20:00,2018-01-05 04:30:00,long,7758.464724,7762.807812000002,7755.54318,7762.807812000002,-1.156911999998556,take_profit,2
2018-01-05 04:30:00,2018-01-05 08:30:00,long,7764.908216,7754.957408,7754.957408,7783.309831999999,-15.450807999999597,stop_loss,48
2018-01-08 01:50:00,2018-01-08 02:05:00,long,7818.799243,7815.877699,7815.877699,7823.142331000002,-8.421544000000722,stop_loss,3
2018-01-08 03:00:00,2018-01-08 03:35:00,long,7814.698838,7809.727092,7809.727092,7823.142330000001,-10.471746000000167,stop_loss,7
2018-01-08 03:50:00,2018-01-08 05:50:00,long,7813.82018,7809.434206,7809.434206,7821.092127999999,-9.885973999999806,stop_loss,24
2018-01-09 04:25:00,2018-01-09 05:15:00,long,7844.866098,7840.77301,7840.77301,7851.5522740000015,-9.593088000000535,stop_loss,10
2018-01-10 03:10:00,2018-01-10 03:40:00,long,7819.970787,7816.170585,7816.170585,7826.071191000001,-9.300202000000354,stop_loss,6
2018-01-10 04:45:00,2018-01-10 08:30:00,short,7791.732387,7799.340108,7799.340108,7778.016944999999,-13.10772100000031,stop_loss,45
2018-01-11 01:10:00,2018-01-11 01:35:00,long,7825.535621,7828.121393,7823.492735,7828.121393,-2.914227999999639,take_profit,5
2018-01-11 01:35:00,2018-01-11 03:10:00,long,7829.050253,7826.128709,7826.128709,7833.393341000002,-8.421544000000722,stop_loss,19
2018-01-12 01:05:00,2018-01-12 02:25:00,long,7888.799,7899.58558,7882.65571,7899.58558,5.286579999999958,take_profit,16
2018-01-12 02:50:00,2018-01-12 03:05:00,long,7898.464238,7896.128466,7896.128466,7901.6357819999985,-7.8357719999994515,stop_loss,3
2018-01-12 03:15:00,2018-01-12 03:25:00,long,7899.635782,7894.956922,7894.956922,7907.493502,-10.178859999999986,stop_loss,2
2018-01-15 03:05:00,2018-01-15 04:55:00,long,7945.618886,7940.940026,7940.940026,7953.476606,-10.178859999999986,stop_loss,22
2018-01-16 01:00:00,2018-01-16 02:15:00,long,7958.798757,7964.8991609999985,7954.998555,7964.8991609999985,0.600403999998889,take_profit,15
2018-01-16 02:55:00,2018-01-16 03:35:00,long,7965.242249,7970.756881,7961.734933,7970.756881,0.014632000000347034,take_profit,8
2018-01-16 03:45:00,2018-01-16 04:50:00,long,7974.321716,7982.765208000001,7969.34997,7982.765208000001,2.943492000000333,take_profit,13
2018-01-16 04:55:00,2018-01-16 05:05:00,long,7985.74427,7981.944068,7981.944068,7991.844674000001,-9.300202000000354,stop_loss,2
2018-01-17 01:00:00,2018-01-17 02:05:00,long,7926.28841,7934.146132000001,7921.609549,7934.146132000001,2.357722000000649,take_profit,13
2018-01-17 02:15:00,2018-01-17 05:05:00,long,7940.639824,7949.669087999999,7935.375192,7949.669087999999,3.529263999998875,take_profit,34
2018-01-18 01:45:00,2018-01-18 01:55:00,long,7991.309104,7988.38756,7988.38756,7995.652192,-8.421543999999813,stop_loss,2
2018-01-18 03:35:00,2018-01-18 04:05:00,long,7981.35098,7976.67212,7976.67212,7989.2087,-10.178859999999986,stop_loss,6
2018-01-19 01:25:00,2018-01-19 02:20:00,long,7984.865612,7992.723332,7980.186752,7992.723332,2.357719999999972,take_profit,11
2018-01-19 02:40:00,2018-01-19 03:05:00,long,7996.581053,8006.196088999999,7991.023535,8006.196088999999,4.115035999999236,take_profit,5
2018-01-22 01:05:00,2018-01-22 01:35:00,long,8017.083074,8013.282872,8013.282872,8023.183478000001,-9.300202000000354,stop_loss,6
2018-01-23 01:50:00,2018-01-23 02:00:00,long,8152.103526,8143.617148,8143.617148,8167.576281999999,-13.986377999999604,stop_loss,2
2018-01-23 02:20:00,2018-01-23 02:30:00,long,8146.245806,8142.152717,8142.152717,8152.931984,-9.593088999999964,stop_loss,2
2018-01-24 02:35:00,2018-01-24 02:55:00,long,8175.827293,8171.734205,8171.734205,8182.513469000001,-9.593088000000535,stop_loss,4
2018-01-24 03:15:00,2018-01-24 04:35:00,long,8174.069977,8177.241521000001,8171.734205,8177.241521000001,-2.328455999999278,take_profit,16
2018-01-25 02:20:00,2018-01-25 02:35:00,long,8124.865127,8133.308620999999,8119.89338,8133.308620999999,2.943493999999191,take_profit,3
2018-01-25 03:35:00,2018-01-25 03:45:00,long,8139.509427,8147.367147,8134.830567,8147.367147,2.357719999999972,take_profit,2
2018-01-25 03:45:00,2018-01-25 04:55:00,long,8147.41735,8159.375475999999,8140.688287,8159.375475999999,6.458125999999538,take_profit,14
2018-01-26 03:30:00,2018-01-26 04:15:00,long,8153.27507,8159.375473999999,8149.474868,8159.375473999999,0.600403999998889,take_profit,9
2018-01-29 01:05:00,2018-01-29 02:00:00,long,8233.818724,8230.604294,8230.604294,8238.747584,-8.714429999999993,stop_loss,11
2018-01-29 04:30:00,2018-01-29 05:10:00,long,8213.609589,8208.344957,8208.344957,8222.638853,-10.764632000000347,stop_loss,8
2018-01-30 01:55:00,2018-01-30 02:00:00,short,8147.296008,8151.974868,8151.974868,8139.438288,-10.178859999999986,stop_loss,1
2018-01-30 02:35:00,2018-01-30 02:40:00,short,8153.153728,8159.297018,8159.297018,8142.367148,-11.643289999999979,stop_loss,1
2018-01-30 02:45:00,2018-01-30 03:05:00,short,8156.375474,8161.34722,8161.34722,8147.931982000002,-10.471745999999257,stop_loss,4
2018-01-30 03:15:00,2018-01-30 03:50:00,short,8156.082588,8162.518764,8162.518764,8144.710236,-11.93617600000016,stop_loss,7
2018-01-31 03:15:00,2018-01-31 03:40:00,short,8157.839904,8149.982184,8162.518764,8149.982184,2.357719999999972,take_profit,5
2018-01-31 04:15:00,2018-01-31 04:35:00,short,8147.88178,8152.267754,8152.267754,8140.609831999998,-9.885974000000715,stop_loss,4
2018-02-01 01:00:00,2018-02-01 01:25:00,long,8179.927697,8177.299039,8177.299039,8183.685012999999,-8.128657999999632,stop_loss,5
2018-02-01 02:00:00,2018-02-01 02:20:00,long,8177.877495,8172.905749,8172.905749,8186.320987,-10.471746000000167,stop_loss,4
2018-02-01 02:30:00,2018-02-01 02:55:00,long,8180.220583,8172.612863,8172.612863,8193.936023,-13.107719999999972,stop_loss,5
2018-02-01 03:40:00,2018-02-01 03:55:00,long,8167.626485,8164.412055,8164.412055,8172.555345,-8.714429999999993,stop_loss,3
2018-02-01 03:55:00,2018-02-01 04:25:00,short,8157.547018,8168.083599,8168.083599,8137.973856000001,-16.036580999999387,stop_loss,6
2018-02-01 04:25:00,2018-02-01 04:40:00,long,8167.040713,8162.068966,8162.068966,8175.484207000001,-10.471747000000505,stop_loss,3
2018-02-02 01:15:00,2018-02-02 02:35:00,short,8115.371432,8099.312902,8124.150697,8099.312902,10.558530000000246,take_profit,16
2018-02-02 02:55:00,2018-02-02 03:20:00,short,8081.689541,8055.6728889999995,8095.447867,8055.6728889999995,20.51665200000025,take_profit,5
2018-02-02 03:40:00,2018-02-02 05:30:00,short,8056.79423,8033.706438000002,8069.088126,8033.706438000002,17.587791999998444,take_profit,22
2018-02-05 01:45:00,2018-02-05 02:00:00,short,7912.108539,7904.250819,7916.787399,7904.250819,2.357719999999972,take_profit,3
2018-02-05 02:00:00,2018-02-05 03:40:00,short,7895.999808,7915.908741,7915.908741,7857.681941999998,-25.408933000000616,stop_loss,20
2018-02-05 04:35:00,2018-02-05 05:40:00,short,7906.836591,7887.263431,7917.373171,7887.263431,14.073159999999916,take_profit,13
2018-02-06 04:20:00,2018-02-06 04:35:00,short,7556.252033,7572.939219,7572.939219,7524.3776609999995,-22.18718600000011,stop_loss,3
2018-02-07 02:00:00,2018-02-07 02:10:00,short,7727.004578,7710.946048,7735.783843,7710.946048,10.558530000000246,take_profit,2
2018-02-07 02:40:00,2018-02-07 03:10:00,short,7727.883236,7714.167793999999,7735.490957,7714.167793999999,8.215442000000621,take_profit,6
2018-02-07 04:55:00,2018-02-07 05:05:00,short,7718.80377,7726.118604,7726.118604,7705.674102000001,-12.814833999999792,stop_loss,2
2018-02-08 01:15:00,2018-02-08 01:35:00,short,7695.665775,7683.121879000001,7702.687723,7683.121879000001,7.043895999999222,take_profit,4
2018-02-08 02:50:00,2018-02-08 04:00:00,short,7712.653164,7690.151144,7724.654174,7690.151144,17.002019999999902,take_profit,14
2018-02-08 04:15:00,2018-02-08 04:25:00,short,7685.414765,7692.143827,7692.143827,7673.456641000002,-12.22906199999943,stop_loss,2
2018-02-08 04:45:00,2018-02-08 06:20:00,short,7683.071676,7697.415775,7697.415775,7655.883477999998,-19.844099000000824,stop_loss,19
2018-02-09 03:15:00,2018-02-09 04:35:00,short,7453.449042,7465.450052,7465.450052,7430.947022,-17.50100999999995,stop_loss,16
2018-02-09 04:45:00,2018-02-09 05:35:00,short,7448.46998,7418.352923999999,7464.278508,7418.352923999999,24.617056000000957,take_profit,10
2018-02-12 01:15:00,2018-02-12 01:25:00,short,7548.34411,7553.608742,7553.608742,7539.314845999999,-10.764632000000347,stop_loss,2
2018-02-12 03:50:00,2018-02-12 04:45:00,long,7610.557287,7594.162986,7594.162986,7641.845888999998,-21.89430099999936,stop_loss,11
2018-02-13 01:10:00,2018-02-13 01:25:00,long,7643.653407,7632.82394,7632.82394,7663.812340999999,-16.329466999999568,stop_loss,3
2018-02-13 02:20:00,2018-02-13 02:25:00,long,7626.666018,7616.129437,7616.129437,7646.2391800000005,-16.036581000000297,stop_loss,1
2018-02-13 03:00:00,2018-02-13 03:30:00,long,7624.908702,7609.393059,7609.393059,7654.439987999999,-21.015642999999727,stop_loss,6
2018-02-14 01:00:00,2018-02-14 01:30:00,long,7699.301749,7710.6741010000005,7692.865573,7710.6741010000005,5.872352000000319,take_profit,6
2018-02-14 03:20:00,2018-02-14 03:30:00,long,7730.347667,7725.37592,7725.37592,7738.791160999999,-10.471746999999596,stop_loss,2
2018-02-15 01:55:00,2018-02-15 06:30:00,long,7883.527052,7872.990471,7872.990471,7903.100214000001,-16.036581000000297,stop_loss,55
2018-02-16 01:00:00,2018-02-16 03:30:00,long,8006.246291,8031.677171,7992.780851,8031.677171,19.93087999999989,take_profit,30
2018-02-16 04:05:00,2018-02-16 04:20:00,long,8034.363348,8023.533882,8023.533882,8054.52228,-16.32946600000014,stop_loss,3
2018-02-19 04:40:00,2018-02-19 05:20:00,long,7976.371918,7983.058093999999,7972.27883,7983.058093999999,1.18617599999925,take_profit,8
2018-02-20 01:05:00,2018-02-20 01:10:00,long,7950.305063,7946.504861,7946.504861,7956.405466999999,-9.300201999999445,stop_loss,1
2018-02-20 01:15:00,2018-02-20 01:20:00,long,7947.376202,7942.697342,7942.697342,7955.233922,-10.178859999999986,stop_loss,1
2018-02-21 01:20:00,2018-02-21 01:25:00,long,7976.95769,7972.27883,7972.27883,7984.81541,-10.178859999999986,stop_loss,1
2018-02-21 01:35:00,2018-02-21 02:00:00,long,7976.079032,7963.492249,7963.492249,7999.752597999999,-18.08678299999974,stop_loss,5
2018-02-21 03:50:00,2018-02-21 03:55:00,long,7956.748555,7947.969291,7947.969291,7972.807083,-14.279263999999785,stop_loss,1
2018-02-22 01:20:00,2018-02-22 01:30:00,short,7879.012419,7869.983152999998,7884.277052,7869.983152999998,3.529266000001371,take_profit,2
2018-02-22 01:40:00,2018-02-22 01:55:00,short,7879.891077,7885.448596,7885.448596,7870.276039,-11.057518999999957,stop_loss,3
2018-02-22 02:00:00,2018-02-22 02:20:00,short,7874.326243,7889.256114,7889.256114,7845.966501000002,-20.429870999999366,stop_loss,4
2018-02-22 03:30:00,2018-02-22 03:40:00,short,7874.619129,7880.469533,7880.469533,7864.418320999998,-11.350404000000708,stop_loss,2
2018-02-26 02:00:00,2018-02-26 05:05:00,long,8097.040955,8117.199887000001,8086.211489,8117.199887000001,14.658932000000277,take_profit,37
2018-02-27 01:05:00,2018-02-27 01:25:00,long,8188.128506,8184.914075,8184.914075,8193.057368000002,-8.714431000000332,stop_loss,4
2018-02-27 01:45:00,2018-02-27 02:00:00,long,8187.249847,8193.936022999998,8183.156759,8193.936022999998,1.1861759999983406,take_profit,3
2018-02-27 04:40:00,2018-02-27 04:55:00,long,8195.15777,8190.771796000001,8190.771796000001,8202.429717999998,-9.885973999998896,stop_loss,3
2018-02-28 01:35:00,2018-02-28 01:55:00,short,8084.618401,8097.790955,8097.790955,8059.773292999998,-18.672554000000673,stop_loss,4
2018-02-28 03:50:00,2018-02-28 04:00:00,long,8118.421634,8115.207204,8115.207204,8123.350494,-8.714429999999993,stop_loss,2
2018-02-28 04:10:00,2018-02-28 04:40:00,long,8118.421634,8112.57123,8112.57123,8128.622442000002,-11.350404000000708,stop_loss,6
2018-03-01 02:15:00,2018-03-01 02:30:00,short,8063.823494,8071.431214,8071.431214,8050.108054,-13.107719999999972,stop_loss,3
2018-03-01 04:15:00,2018-03-01 04:50:00,short,8031.606032,8040.385297,8040.385297,8015.547501999999,-14.279265000000123,stop_loss,7
2018-03-02 02:45:00,2018-03-02 03:00:00,short,7918.844917,7903.3721590000005,7927.331296,7903.3721590000005,9.972757999999885,take_profit,3
2018-03-02 03:50:00,2018-03-02 04:05:00,short,7891.899404,7884.627456,7896.285378,7884.627456,1.771947999999611,take_profit,3
2018-03-06 02:20:00,2018-03-06 02:40:00,long,8087.961489,8082.111085,8082.111085,8098.162297000002,-11.350404000000708,stop_loss,4
2018-03-06 03:00:00,2018-03-06 03:10:00,long,8089.718805,8083.868401,8083.868401,8099.919613000002,-11.350404000000708,stop_loss,2
2018-03-06 03:15:00,2018-03-06 05:15:00,long,8088.254375,8106.070219000001,8078.596453,8106.070219000001,12.315844000000652,take_profit,24
2018-03-07 02:15:00,2018-03-07 03:15:00,long,8035.827779,8016.211732,8016.211732,8073.559873000001,-25.116047000000435,stop_loss,12
2018-03-07 04:30:00,2018-03-07 04:35:00,long,8039.049525,8032.027576,8032.027576,8051.593423,-12.52194899999995,stop_loss,1
2018-03-08 01:00:00,2018-03-08 06:05:00,long,8130.722847,8150.881780999999,8119.89338,8150.881780999999,14.658933999999135,take_profit,61
2018-03-09 02:35:00,2018-03-09 07:20:00,long,8171.139024,8164.719587,8164.719587,8182.477898000001,-11.919437000000471,stop_loss,57
2018-03-12 02:45:00,2018-03-12 03:00:00,long,8376.010568,8371.634009,8371.634009,8383.263686,-9.87655900000027,stop_loss,3
2018-03-12 04:15:00,2018-03-12 06:20:00,long,8364.336975,8359.668577,8359.668577,8372.173771,-10.168397999999797,stop_loss,25
2018-03-13 01:05:00,2018-03-13 01:35:00,long,8365.504335,8362.295136,8362.295136,8370.422732999998,-8.70919899999899,stop_loss,6
2018-03-13 02:50:00,2018-03-13 03:40:00,long,8369.590092,8366.089053,8366.089053,8375.092170000002,-9.001039000000674,stop_loss,10
2018-03-13 03:45:00,2018-03-13 07:30:00,long,8370.757451,8380.345284999998,8365.213534,8380.345284999998,4.087833999998111,take_profit,45
2018-03-14 01:45:00,2018-03-14 02:00:00,short,8244.266335,8248.059213,8248.059213,8238.180579,-9.2928780000002,stop_loss,3
2018-03-14 03:15:00,2018-03-14 03:25:00,long,8300.132218,8294.004621,8294.004621,8310.887412000002,-11.627597000000605,stop_loss,2
2018-03-14 03:45:00,2018-03-14 07:10:00,long,8304.509815,8293.129102,8293.129102,8325.771240999997,-16.88071299999865,stop_loss,41
2018-03-15 03:20:00,2018-03-15 03:40:00,short,8250.97865,8244.892891999998,8254.771529,8244.892891999998,0.5857580000010785,take_profit,4
2018-03-16 02:35:00,2018-03-16 03:30:00,short,8236.09482,8241.346898,8241.346898,8227.090664000001,-10.752077999999528,stop_loss,11
2018-03-19 01:50:00,2018-03-19 01:55:00,short,8150.877597,8153.211277,8153.211277,8147.710236999998,-7.833680000000641,stop_loss,1
2018-03-19 03:15:00,2018-03-19 03:25:00,short,8143.289762,8103.934266,8163.71751,8103.934266,33.85549600000013,take_profit,2
2018-03-19 03:50:00,2018-03-19 03:55:00,short,8105.934267,8113.812903,8113.812903,8091.676994999999,-13.37863600000037,stop_loss,1
2018-03-20 02:35:00,2018-03-20 02:45:00,short,8058.948059,8051.694943,8063.324617,8051.694943,1.7531159999998636,take_profit,2
2018-03-20 04:10:00,2018-03-20 05:10:00,short,8027.721199,8042.89583,8042.89583,7998.871936999998,-20.674631000000772,stop_loss,12
2018-03-21 01:05:00,2018-03-21 01:55:00,short,8070.329811,8077.624767,8077.624767,8057.239898999998,-12.794956000000639,stop_loss,10
2018-03-21 02:05:00,2018-03-21 02:30:00,short,8071.20533,8077.916607,8077.916607,8059.282775999999,-12.211277000000337,stop_loss,5
2018-03-21 03:40:00,2018-03-21 05:30:00,short,8045.231588,8053.985743,8053.985743,8029.223277999999,-14.254155000000537,stop_loss,22
2018-03-22 01:10:00,2018-03-22 01:25:00,short,8046.398947,8039.729511,8050.483665,8039.729511,1.1694360000001325,take_profit,3
2018-03-22 02:00:00,2018-03-22 02:20:00,short,8016.631287,8007.043453,8022.175204,8007.043453,4.08783399999993,take_profit,4
2018-03-22 02:35:00,2018-03-22 02:55:00,short,7987.155466,7964.726678000001,7999.11986,7964.726678000001,16.92878799999926,take_profit,4
2018-03-23 01:10:00,2018-03-23 01:50:00,short,7724.499642,7736.172195,7736.172195,7702.654535999999,-17.172553000000335,stop_loss,8
2018-03-23 04:10:00,2018-03-23 05:45:00,short,7742.30187,7758.060181,7758.060181,7712.285248000001,-21.258310999999594,stop_loss,19
2018-03-26 01:10:00,2018-03-26 01:25:00,short,7722.456763,7728.8762,7728.8762,7711.117889000001,-11.919436999999562,stop_loss,3
2018-03-26 03:55:00,2018-03-26 04:20:00,short,7750.181545,7756.892821,7756.892821,7738.258993,-12.211275999999998,stop_loss,5
2018-03-27 02:05:00,2018-03-27 02:50:00,long,7976.190034,7967.144039,7967.144039,7992.782024000001,-14.545995000000403,stop_loss,9
2018-03-27 04:05:00,2018-03-27 04:15:00,long,7978.524753,7971.521636,7971.521636,7991.030986999998,-12.503116999999293,stop_loss,2
2018-03-27 04:20:00,2018-03-27 04:55:00,long,7979.108433,7993.365705000001,7971.229797,7993.365705000001,8.75727200000074,take_profit,7
2018-03-28 03:55:00,2018-03-28 04:05:00,short,7588.210453,7597.548288,7597.548288,7571.034782999999,-14.837835000000268,stop_loss,2
2018-03-28 04:10:00,2018-03-28 04:20:00,short,7592.00437,7578.330777999999,7599.591166,7578.330777999999,8.173592000001008,take_profit,2
2018-03-29 02:55:00,2018-03-29 03:15:00,short,7598.716686,7585.6267739999985,7606.011642,7585.6267739999985,7.589912000001277,take_profit,4
2018-04-02 01:50:00,2018-04-02 01:55:00,short,7648.329453,7642.243697000002,7652.122331,7642.243697000002,0.5857559999985824,take_profit,1
2018-04-02 01:55:00,2018-04-02 02:00:00,short,7643.368176,7650.079453,7650.079453,7631.445621999999,-12.211277000000337,stop_loss,1
2018-04-02 02:05:00,2018-04-02 02:20:00,short,7648.329453,7638.157939000001,7654.16521,7638.157939000001,4.671513999999661,take_profit,3
2018-04-03 03:05:00,2018-04-03 03:15:00,short,7499.782992,7494.280914000001,7503.284031,7494.280914000001,0.0020779999995284015,take_profit,2
2018-04-03 03:50:00,2018-04-03 04:05:00,short,7498.031953,7503.575871,7503.575871,7488.444116999999,-11.043918000000303,stop_loss,3
2018-04-04 01:15:00,2018-04-04 01:50:00,short,7504.452429,7493.113554999999,7510.871866,7493.113554999999,5.838874000000942,take_profit,7
2018-04-04 03:20:00,2018-04-04 05:15:00,short,7408.437133,7380.755231000002,7423.028084,7380.755231000002,22.181901999998445,take_profit,23
2018-04-05 01:35:00,2018-04-05 02:00:00,long,7745.052909,7737.466113,7737.466113,7758.726500999999,-13.086795999999595,stop_loss,5
2018-04-05 02:05:00,2018-04-05 03:05:00,long,7747.679467,7736.298753,7736.298753,7768.940895,-16.880713999999898,stop_loss,12
2018-04-06 02:20:00,2018-04-06 02:50:00,long,7642.033458,7629.777225,7629.777225,7665.045924,-17.756233000000066,stop_loss,6
2018-04-06 03:50:00,2018-04-06 03:55:00,long,7647.870254,7644.077375,7644.077375,7653.9560120000015,-9.29287900000054,stop_loss,1
2018-04-09 01:10:00,2018-04-09 01:15:00,short,7594.630929,7599.007487,7599.007487,7587.377813,-9.876557999999932,stop_loss,1
2018-04-09 02:10:00,2018-04-09 02:20:00,short,7575.661341,7588.793094,7588.793094,7550.897835000001,-18.631752999999662,stop_loss,2
2018-04-09 03:55:00,2018-04-09 04:25:00,short,7603.386123,7609.80556,7609.80556,7592.047249000001,-11.919436999999562,stop_loss,6
2018-04-09 04:45:00,2018-04-09 05:00:00,short,7607.47188,7599.6350840000005,7612.140278,7599.6350840000005,2.3367959999995946,take_profit,3
2018-04-10 01:00:00,2018-04-10 01:25:00,long,7702.736137,7718.160766999999,7694.273822,7718.160766999999,9.924629999999524,take_profit,5
2018-04-10 02:05:00,2018-04-10 02:15:00,long,7716.744448,7706.822933,7706.822933,7735.087478,-15.421515,stop_loss,2
2018-04-10 02:50:00,2018-04-10 02:55:00,long,7708.572933,7704.780055,7704.780055,7714.658689000001,-9.2928780000002,stop_loss,1
2018-04-10 03:25:00,2018-04-10 03:35:00,long,7712.075011,7698.651419,7698.651419,7737.422195,-18.9235920000001,stop_loss,2
2018-04-11 02:15:00,2018-04-11 03:15:00,long,7703.903496,7695.733021,7695.733021,7718.744446,-13.670474999999897,stop_loss,12
2018-04-11 03:55:00,2018-04-11 04:15:00,long,7696.607501,7699.774859000001,7694.273822,7699.774859000001,-2.332641999999396,take_profit,4
2018-04-13 03:05:00,2018-04-13 03:10:00,long,7774.820569,7771.61137,7771.61137,7779.738967000002,-8.709199000000808,stop_loss,1
2018-04-13 03:20:00,2018-04-13 03:35:00,long,7773.36137,7770.735851,7770.735851,7777.112407999998,-8.125518999999258,stop_loss,3
2018-04-13 03:50:00,2018-04-13 04:45:00,long,7773.65321,7779.155288000002,7770.152171,7779.155288000002,0.002078000001347391,take_profit,11
2018-04-16 01:30:00,2018-04-16 01:40:00,long,7782.116564,7775.113448,7775.113448,7794.622796,-12.503115999999864,stop_loss,2
2018-04-16 02:30:00,2018-04-16 04:15:00,long,7775.987928,7796.081995999998,7765.190894,7796.081995999998,14.594067999998515,take_profit,21
2018-04-16 04:20:00,2018-04-16 05:40:00,long,7803.71271,7797.293273,7797.293273,7815.051583999999,-11.919436999999562,stop_loss,16
2018-04-17 01:50:00,2018-04-17 02:05:00,long,7871.711384,7867.042986,7867.042986,7879.54818,-10.168397999999797,stop_loss,3
2018-04-17 03:55:00,2018-04-17 04:40:00,long,7868.209307,7862.957229,7862.957229,7877.213463000001,-10.752078000000438,stop_loss,9
2018-04-17 04:50:00,2018-04-17 07:00:00,long,7867.333787,7882.174738999998,7859.163311,7882.174738999998,9.340951999998651,take_profit,26
2018-04-18 01:05:00,2018-04-18 01:20:00,long,7989.614666,7986.405466,7986.405466,7994.533066000001,-8.709200000000237,stop_loss,3
2018-04-18 04:10:00,2018-04-18 04:30:00,long,7998.07802,7991.074903,7991.074903,8010.584254,-12.503117000000202,stop_loss,4
2018-04-19 03:35:00,2018-04-19 03:40:00,long,7994.867782,7990.783064,7990.783064,8001.537218,-9.584718000000066,stop_loss,1
2018-04-20 01:40:00,2018-04-20 02:05:00,short,7903.981122,7895.560646000001,7908.94136,7895.560646000001,2.9204759999993257,take_profit,5
2018-04-20 02:30:00,2018-04-20 02:35:00,short,7884.136015,7876.299219,7888.804413,7876.299219,2.3367959999995946,take_profit,1
2018-04-20 02:35:00,2018-04-20 02:50:00,short,7878.007379,7864.333786999999,7885.594175,7864.333786999999,8.173592000001008,take_profit,3
2018-04-20 03:10:00,2018-04-20 03:55:00,short,7882.093137,7887.637054,7887.637054,7872.505303,-11.043916999999965,stop_loss,9
2018-04-20 04:20:00,2018-04-20 04:25:00,short,7877.13186,7880.924739,7880.924739,7871.046102000001,-9.29287899999963,stop_loss,1
2018-04-23 02:55:00,2018-04-23 03:15:00,short,7787.82888,7778.824726,7793.080957,7778.824726,3.5041540000001987,take_profit,4
2018-04-23 03:30:00,2018-04-23 03:35:00,short,7777.322647,7781.699205,7781.699205,7770.069531,-9.876557999999932,stop_loss,1
2018-04-23 04:05:00,2018-04-23 04:15:00,short,7779.365525,7785.493122,7785.493122,7768.610331000001,-11.627596999999696,stop_loss,2
2018-04-24 02:05:00,2018-04-24 02:15:00,short,7786.95336,7790.162559,7790.162559,7782.034962000001,-8.709198999999899,stop_loss,2
2018-04-24 02:30:00,2018-04-24 02:50:00,short,7791.330957,7801.252472,7801.252472,7772.987927,-15.421515,stop_loss,4
2018-04-25 01:25:00,2018-04-25 02:00:00,short,7603.969802,7597.300363999999,7608.054521,7597.300363999999,1.1694380000008096,take_profit,7
2018-04-25 03:35:00,2018-04-25 04:50:00,short,7572.451103,7581.497099,7581.497099,7555.859111000001,-14.545995999999832,stop_loss,15
2018-04-26 01:20:00,2018-04-26 02:05:00,short,7668.758239,7658.586725,7674.593996,7658.586725,4.671513999999661,take_profit,9
2018-04-26 03:25:00,2018-04-26 03:40:00,short,7672.260317,7675.761356,7675.761356,7666.758239000001,-9.001038999999764,stop_loss,3
2018-04-26 03:50:00,2018-04-26 04:20:00,short,7668.466399,7678.679754,7678.679754,7649.539689,-15.713354999999865,stop_loss,6
2018-04-30 02:50:00,2018-04-30 04:35:00,long,7825.308855,7834.313009,7820.056778,7834.313009,3.5041540000001987,take_profit,21
2018-04-30 04:35:00,2018-04-30 05:25:00,long,7832.89669,7825.601734,7825.601734,7845.986601999999,-12.794955999999729,stop_loss,10
2018-05-01 01:45:00,2018-05-01 01:50:00,short,7725.375161,7722.791481,7727.417001,7722.791481,-2.916320000000269,take_profit,1
2018-05-01 03:25:00,2018-05-01 03:35:00,short,7715.452608,7708.7831719999995,7719.537326,7708.7831719999995,1.1694360000001325,take_profit,2
2018-05-01 03:55:00,2018-05-01 04:45:00,short,7697.65038,7706.988215,7706.988215,7680.4747099999995,-14.837835000000268,stop_loss,10
2018-05-02 01:25:00,2018-05-02 01:35:00,long,7841.651884,7837.859006,7837.859006,7847.73764,-9.2928780000002,stop_loss,2
2018-05-02 01:40:00,2018-05-02 01:55:00,long,7841.068205,7836.399807,7836.399807,7848.905000999999,-10.168397999999797,stop_loss,3
2018-05-02 02:00:00,2018-05-02 02:10:00,long,7842.527404,7834.648768,7834.648768,7856.784676000001,-13.37863600000037,stop_loss,2
2018-05-02 04:05:00,2018-05-02 05:05:00,long,7848.947879,7841.069244,7841.069244,7863.205149,-13.378635000000031,stop_loss,12
2018-05-03 01:15:00,2018-05-03 01:20:00,short,7744.052909,7747.262108,7747.262108,7739.134511,-8.709198999999899,stop_loss,1
2018-05-03 01:30:00,2018-05-03 01:55:00,short,7744.928428,7748.429467,7748.429467,7739.426350000001,-9.001038999999764,stop_loss,5
2018-05-03 02:00:00,2018-05-03 02:05:00,short,7743.761069,7751.639705,7751.639705,7729.503797000001,-13.37863599999946,stop_loss,1
2018-05-04 01:25:00,2018-05-04 01:50:00,short,7763.022496,7752.850981999998,7768.858253,7752.850981999998,4.67151400000148,take_profit,5
2018-05-04 02:05:00,2018-05-04 02:55:00,short,7755.142821,7766.815375,7766.815375,7733.297713000001,-17.172553999999764,stop_loss,10
2018-05-04 04:00:00,2018-05-04 04:55:00,short,7758.644899,7767.399054,7767.399054,7742.636588999999,-14.254155000000537,stop_loss,11
2018-05-07 02:35:00,2018-05-07 02:50:00,long,7955.761248,7946.715253,7946.715253,7972.353237999999,-14.545994999999493,stop_loss,3
2018-05-07 04:05:00,2018-05-07 04:25:00,long,7961.014365,7954.011248,7954.011248,7973.520599,-12.503117000000202,stop_loss,4
2018-05-07 04:40:00,2018-05-07 05:00:00,long,7959.555166,7954.011248,7954.011248,7969.143002000001,-11.043918000000303,stop_loss,4
2018-05-08 01:05:00,2018-05-08 01:35:00,long,7976.481874,7972.105316,7972.105316,7983.73499,-9.876557999999932,stop_loss,6
2018-05-08 03:45:00,2018-05-08 03:55:00,long,7955.177569,7951.968369,7951.968369,7960.095969000001,-8.709200000000237,stop_loss,2
2018-05-08 04:45:00,2018-05-08 05:45:00,long,7951.967331,7943.213175,7943.213175,7967.975643,-14.254155999999966,stop_loss,12
2018-05-09 03:05:00,2018-05-09 03:35:00,long,7975.898195,7984.318670999999,7970.937957,7984.318670999999,2.9204759999993257,take_profit,6
2018-05-10 03:30:00,2018-05-10 03:40:00,long,8067.535893,8062.867495,8062.867495,8075.372689,-10.168397999999797,stop_loss,2
2018-05-11 02:50:00,2018-05-11 03:30:00,long,8121.234418,8129.654893999999,8116.27418,8129.654893999999,2.9204759999993257,take_profit,8
2018-05-11 03:40:00,2018-05-11 05:15:00,long,8129.114092,8136.367208,8124.737534,8136.367208,1.7531159999998636,take_profit,19
2018-05-14 04:00:00,2018-05-14 04:35:00,long,8149.251039,8156.504155,8144.874481,8156.504155,1.7531159999998636,take_profit,7
2018-05-15 03:50:00,2018-05-15 04:45:00,long,8120.358898,8128.779374000002,8115.39866,8128.779374000002,2.9204760000011447,take_profit,11
2018-05-16 01:00:00,2018-05-16 02:00:00,short,8040.853991,8046.397908,8046.397908,8031.266157,-11.043916999999965,stop_loss,12
2018-05-16 03:20:00,2018-05-16 03:45:00,short,8052.235743,8048.484705,8054.861262,8048.484705,-1.7489619999996648,take_profit,5
2018-05-16 04:10:00,2018-05-16 05:00:00,short,8039.978471,8045.230549,8045.230549,8030.974315000001,-10.752077999999528,stop_loss,10
2018-05-17 01:55:00,2018-05-17 02:00:00,short,8065.076694,8069.745093,8069.745093,8057.239896,-10.168399000000136,stop_loss,1
2018-05-17 02:30:00,2018-05-17 02:40:00,short,8069.746131,8073.53901,8073.53901,8063.660372999999,-9.29287900000054,stop_loss,2
2018-05-17 02:45:00,2018-05-17 03:45:00,short,8069.746131,8063.660372999999,8073.53901,8063.660372999999,0.5857580000010785,take_profit,12
2018-05-18 04:10:00,2018-05-18 06:10:00,long,8081.252364,8075.124767,8075.124767,8092.007557999999,-11.627596999999696,stop_loss,24
2018-05-21 02:00:00,2018-05-21 03:00:00,short,8062.158296,8070.328772,8070.328772,8047.317343999999,-13.670476000000235,stop_loss,12
2018-05-21 03:10:00,2018-05-21 04:00:00,long,8072.49717,8082.668683999999,8066.661413,8082.668683999999,4.671513999999661,take_profit,10
2018-05-22 01:05:00,2018-05-22 01:15:00,short,8072.37269,8074.998209,8074.998209,8068.621652,-8.125519000000168,stop_loss,2
2018-05-22 01:45:00,2018-05-22 02:05:00,long,8077.458447,8073.957408,8073.957408,8082.9605249999995,-9.001038999999764,stop_loss,4
2018-05-22 02:10:00,2018-05-22 03:15:00,long,8076.874767,8085.878921,8071.62269,8085.878921,3.5041540000001987,take_profit,13
2018-05-23 02:50:00,2018-05-23 03:20:00,short,8000.871937,7984.279946999999,8009.917932,7984.279946999999,11.091990000000806,take_profit,6
2018-05-23 03:55:00,2018-05-23 06:05:00,short,7984.237068,7992.991224,7992.991224,7968.228756,-14.254155999999966,stop_loss,26
2018-05-24 01:30:00,2018-05-24 01:45:00,long,8110.436345,8117.105783000001,8106.351626,8117.105783000001,1.1694380000008096,take_profit,3
2018-05-24 01:45:00,2018-05-24 02:15:00,long,8119.483379,8131.405933000001,8112.772102,8131.405933000001,6.422554000000673,take_profit,6
2018-05-24 02:15:00,2018-05-24 06:35:00,long,8134.659049,8116.857859,8116.857859,8168.761429,-23.301190000000133,stop_loss,52
2018-05-25 01:45:00,2018-05-25 01:55:00,long,8149.834719,8147.209199,8147.209199,8153.585759000001,-8.125520000000506,stop_loss,2
2018-05-25 02:40:00,2018-05-25 02:50:00,long,8145.748961,8137.578486,8137.578486,8160.589911,-13.670474999999897,stop_loss,2
2018-05-25 03:15:00,2018-05-25 04:00:00,long,8144.873442,8155.6286359999995,8138.745845,8155.6286359999995,5.255193999999392,take_profit,9
2018-05-25 04:25:00,2018-05-25 04:30:00,long,8151.293918,8147.209199,8147.209199,8157.963356000001,-9.584719000000405,stop_loss,1
2018-05-25 04:40:00,2018-05-25 05:55:00,long,8153.044956,8147.501039,8147.501039,8162.63279,-11.043916999999965,stop_loss,15
2018-05-29 01:35:00,2018-05-29 01:45:00,short,8112.354743,8098.097470999999,8120.233379,8098.097470999999,8.75727200000074,take_profit,2
2018-05-29 02:15:00,2018-05-29 02:50:00,short,8110.603704,8088.758597999999,8122.276257,8088.758597999999,16.34510600000067,take_profit,7
2018-05-30 01:50:00,2018-05-30 02:10:00,long,8121.526257,8111.021063,8111.021063,8141.036645000001,-16.0051940000003,stop_loss,4
2018-05-30 03:00:00,2018-05-30 03:05:00,long,8130.865131,8124.153855,8124.153855,8142.787683,-12.211275999999998,stop_loss,1
2018-05-30 03:10:00,2018-05-30 03:20:00,long,8129.989612,8123.862015,8123.862015,8140.7448060000015,-11.627597000000605,stop_loss,2
2018-05-30 04:00:00,2018-05-30 04:30:00,long,8128.238573,8120.651777,8120.651777,8141.912164999999,-13.086795999999595,stop_loss,6
2018-05-30 04:35:00,2018-05-30 04:40:00,long,8118.31602,8127.320176000001,8113.063942,8127.320176000001,3.504156000000876,take_profit,1
2018-05-30 04:40:00,2018-05-30 08:40:00,long,8127.654893,8116.27418,8116.27418,8148.916318999999,-16.88071299999956,stop_loss,48
2018-05-31 02:20:00,2018-05-31 05:30:00,long,8162.67567,8154.213354,8154.213354,8178.100301999998,-13.962315999999191,stop_loss,38
2018-06-01 01:00:00,2018-06-01 01:55:00,long,8162.09199,8176.349261999999,8154.213354,8176.349261999999,8.75727199999892,take_profit,11
2018-06-01 02:15:00,2018-06-01 06:30:00,long,8167.928786,8179.267658000001,8161.50935,8179.267658000001,5.838872000000265,take_profit,51
2018-06-04 01:15:00,2018-06-04 01:30:00,long,8296.046461,8292.253582,8292.253582,8302.132219000001,-9.29287900000054,stop_loss,3
2018-06-04 01:50:00,2018-06-04 04:00:00,long,8297.50566,8307.677174000002,8291.669903,8307.677174000002,4.67151400000148,take_profit,26
2018-06-04 04:20:00,2018-06-04 04:45:00,long,8309.471092,8305.094534,8305.094534,8316.724208,-9.876557999999932,stop_loss,5
2018-06-05 01:00:00,2018-06-05 01:20:00,long,8342.44899,8337.196912,8337.196912,8351.453146000003,-10.752078000001347,stop_loss,4
2018-06-05 02:25:00,2018-06-05 03:30:00,long,8344.491869,8356.998103,8337.488752,8356.998103,7.006234000000404,take_profit,13
2018-06-06 04:05:00,2018-06-06 06:15:00,long,8392.353597,8387.977038,8387.977038,8399.606714999996,-9.876558999998451,stop_loss,26
2018-06-07 01:10:00,2018-06-07 01:30:00,long,8434.670368,8441.339803999996,8430.58565,8441.339803999996,1.1694359999964945,take_profit,4
2018-06-07 01:30:00,2018-06-07 02:00:00,long,8441.966363,8437.881645,8437.881645,8448.635799,-9.584718000000066,stop_loss,6
2018-06-07 02:25:00,2018-06-07 03:00:00,long,8441.966363,8435.838766,8435.838766,8452.721556999997,-11.627596999998786,stop_loss,7
2018-06-08 01:40:00,2018-06-08 01:55:00,short,8328.061675,8331.847856,8331.847856,8321.989313000002,-9.286180999999488,stop_loss,3
2018-06-08 02:00:00,2018-06-08 02:15:00,short,8324.861962,8334.17492,8334.17492,8307.736046000004,-14.812957999998616,stop_loss,3
2018-06-08 02:20:00,2018-06-08 02:35:00,short,8328.934324,8314.135474,8337.083749,8314.135474,9.29884999999922,take_profit,3
2018-06-08 02:50:00,2018-06-08 03:05:00,short,8317.008121,8292.901013,8329.811675,8292.901013,18.607108000000153,take_profit,3
2018-06-08 03:05:00,2018-06-08 07:00:00,short,8280.356865,8302.759557,8302.759557,8237.051481,-27.90269199999966,stop_loss,47
2018-06-11 02:00:00,2018-06-11 07:05:00,long,8352.041431,8335.747281,8335.747281,8383.129730999999,-21.794149999999718,stop_loss,61
2018-06-12 01:00:00,2018-06-12 02:25:00,long,8382.002378,8376.180017,8376.180017,8392.147099999996,-11.322360999998637,stop_loss,17
2018-06-13 02:00:00,2018-06-13 02:10:00,long,8425.634826,8422.139528,8422.139528,8431.125422,-8.99529799999982,stop_loss,2
2018-06-13 04:50:00,2018-06-13 09:00:00,long,8428.252773,8443.051623,8420.103348,8443.051623,9.29884999999922,take_profit,50
2018-06-14 01:05:00,2018-06-14 02:45:00,short,8390.8924,8398.169177,8398.169177,8377.838846000002,-12.776776999999129,stop_loss,20
2018-06-14 03:35:00,2018-06-14 04:45:00,long,8401.782421,8395.669177,8395.669177,8412.508909,-11.613244000000122,stop_loss,14
2018-06-15 04:05:00,2018-06-15 05:20:00,long,8489.3382,8483.806722,8483.806722,8498.901156000002,-11.031478000000789,stop_loss,15
2018-06-18 01:30:00,2018-06-18 02:05:00,short,8422.598645,8426.093943,8426.093943,8417.108049,-8.99529799999982,stop_loss,7
2018-06-18 04:15:00,2018-06-18 04:30:00,short,8428.707188,8424.380124,8431.62072,8424.380124,-1.1729359999990265,take_profit,3
2018-06-19 02:25:00,2018-06-19 02:35:00,short,8342.605824,8352.209665,8352.209665,8324.898142,-15.103841000000102,stop_loss,2
2018-06-21 02:05:00,2018-06-21 02:50:00,long,8534.425063,8528.020936,8528.020936,8545.733317,-11.90412699999979,stop_loss,9
2018-06-22 04:50:00,2018-06-22 04:55:00,short,8453.141359,8448.814294999998,8456.054891,8448.814294999998,-1.1729359999990265,take_profit,1
2018-06-25 02:45:00,2018-06-25 03:05:00,short,8350.459665,8355.700261,8355.700261,8341.478473000001,-10.740595999999641,stop_loss,4
2018-06-25 03:05:00,2018-06-25 03:50:00,short,8350.168782,8335.951696000004,8358.027325,8335.951696000004,8.717085999996925,take_profit,9
2018-06-26 02:35:00,2018-06-26 02:50:00,short,8236.433534,8218.725852,8246.037375,8218.725852,12.207682000000204,take_profit,3
2018-06-26 04:55:00,2018-06-26 05:05:00,short,8233.524704,8227.452341999997,8237.310885,8227.452341999997,0.5723620000026131,take_profit,2
2018-06-27 01:30:00,2018-06-27 01:40:00,short,8236.433534,8229.197639999999,8240.801481,8229.197639999999,1.7358940000012808,take_profit,2
2018-06-27 02:00:00,2018-06-27 02:20:00,short,8222.762034,8212.035546,8228.875278,8212.035546,5.226488000000245,take_profit,4
2018-06-27 02:45:00,2018-06-27 04:30:00,short,8179.711352,8200.659629,8200.659629,8139.314798000001,-26.448276999999507,stop_loss,21
2018-06-28 01:50:00,2018-06-28 02:00:00,short,8144.805393,8153.245702,8153.245702,8129.424774999999,-13.940309000000525,stop_loss,2
2018-06-28 02:10:00,2018-06-28 02:15:00,short,8146.550691,8159.645128,8159.645128,8121.861817000001,-18.594436999999743,stop_loss,1
2018-06-28 03:35:00,2018-06-28 04:40:00,short,8162.258372,8145.7142220000005,8171.280447,8145.7142220000005,11.044149999999718,take_profit,13
2018-06-29 01:35:00,2018-06-29 02:00:00,long,8244.996492,8257.46828,8238.010598,8257.46828,6.971787999998924,take_profit,5
2018-06-29 02:10:00,2018-06-29 05:25:00,long,8258.667992,8246.737088,8246.737088,8281.029800000002,-17.430904000000737,stop_loss,39
2018-07-02 01:20:00,2018-07-02 02:05:00,short,8171.275745,8147.168639,8184.079298,8147.168639,18.607105999999476,take_profit,9
2018-07-03 01:15:00,2018-07-03 01:25:00,long,8291.246887,8286.297174,8286.297174,8299.646313,-10.449712999999974,stop_loss,2
2018-07-03 01:30:00,2018-07-03 02:25:00,long,8297.064546,8288.624238,8288.624238,8312.445161999998,-13.940307999999277,stop_loss,11
2018-07-03 02:30:00,2018-07-03 05:15:00,long,8296.191897,8320.880769000003,8283.097461,8320.880769000003,19.188872000002448,take_profit,33
2018-07-04 04:50:00,2018-07-04 05:00:00,short,8195.12815,8198.041682,8198.041682,8190.801086000003,-8.413531999998668,stop_loss,2
2018-07-05 04:35:00,2018-07-05 06:10:00,long,8216.780842,8230.416162000001,8209.213182,8230.416162000001,8.13532000000123,take_profit,19
2018-07-06 03:45:00,2018-07-06 04:10:00,long,8290.956004,8284.842759,8284.842759,8301.682494,-11.613245000000461,stop_loss,5
2018-07-06 04:15:00,2018-07-06 04:35:00,long,8287.174525,8279.897748,8279.897748,8300.228079000002,-12.776777000000948,stop_loss,4
2018-07-09 02:50:00,2018-07-09 03:00:00,long,8453.850476,8450.646061,8450.646061,8458.759306,-8.704415000000154,stop_loss,2
2018-07-09 03:25:00,2018-07-09 04:00:00,long,8449.778114,8443.373987,8443.373987,8461.086368,-11.90412699999979,stop_loss,7
2018-07-10 01:50:00,2018-07-10 02:35:00,long,8512.608839,8507.659127,8507.659127,8521.008263,-10.449711999999636,stop_loss,9
2018-07-11 03:40:00,2018-07-11 03:50:00,short,8410.672443,8415.331273,8415.331273,8402.854782999999,-10.158830000000307,stop_loss,2
2018-07-12 03:45:00,2018-07-12 03:55:00,long,8474.794051,8470.135221,8470.135221,8482.611711000001,-10.158830000000307,stop_loss,2
2018-07-17 01:35:00,2018-07-17 02:15:00,short,8503.754999,8495.355573,8508.704712,8495.355573,2.8994259999999485,take_profit,8
2018-07-17 02:30:00,2018-07-17 02:45:00,short,8492.410562,8495.90586,8495.90586,8486.919965999996,-8.99529800000164,stop_loss,3
2018-07-18 01:55:00,2018-07-18 02:05:00,long,8641.470003,8636.52029,8636.52029,8649.869429,-10.449712999999974,stop_loss,2
2018-07-18 02:15:00,2018-07-18 03:00:00,long,8640.015588,8634.484109,8634.484109,8649.578545999999,-11.031478999999308,stop_loss,9
2018-07-19 02:15:00,2018-07-19 02:25:00,long,8608.018459,8602.196097,8602.196097,8618.163183000002,-11.322362000000794,stop_loss,2
2018-07-19 03:35:00,2018-07-19 04:50:00,long,8601.32815,8594.051374,8594.051374,8614.381701999997,-12.77677599999879,stop_loss,15
2018-07-20 01:50:00,2018-07-20 02:00:00,long,8602.200799,8598.705501,8598.705501,8607.691395,-8.99529799999982,stop_loss,2
2018-07-20 02:10:00,2018-07-20 02:15:00,long,8600.746384,8597.832852,8597.832852,8605.073448000001,-8.413532000000487,stop_loss,1
2018-07-20 02:20:00,2018-07-20 04:10:00,long,8601.909916,8609.727576000001,8597.251086,8609.727576000001,2.3176600000006147,take_profit,22
2018-07-20 04:45:00,2018-07-20 05:05:00,long,8607.14581,8600.741682,8600.741682,8618.454066,-11.904128000000128,stop_loss,4
2018-07-23 02:35:00,2018-07-23 02:50:00,short,8530.516234,8536.338595,8536.338595,8520.371512000003,-11.322360999998637,stop_loss,3
2018-07-23 04:40:00,2018-07-23 05:00:00,short,8538.079191,8532.006829000002,8541.865372,8532.006829000002,0.5723619999989751,take_profit,4
2018-07-24 03:25:00,2018-07-24 04:40:00,long,8649.614726,8660.922982,8643.210598,8660.922982,5.808256000000256,take_profit,15
2018-07-25 02:45:00,2018-07-25 03:15:00,long,8632.161747,8626.339385,8626.339385,8642.306471000002,-11.322362000000794,stop_loss,6
2018-07-25 04:20:00,2018-07-25 04:55:00,long,8631.870864,8635.616162000002,8629.248215,8635.616162000002,-1.7547019999983604,take_profit,7
2018-07-26 02:55:00,2018-07-26 03:00:00,short,8619.526427,8613.454065000002,8623.312608,8613.454065000002,0.5723619999989751,take_profit,1
2018-07-26 03:45:00,2018-07-26 04:15:00,short,8610.799938,8616.6223,8616.6223,8600.655213999999,-11.322362000000794,stop_loss,6
2018-07-26 04:45:00,2018-07-26 05:20:00,short,8620.399076,8616.072011999999,8623.312608,8616.072011999999,-1.1729359999990265,take_profit,7
2018-07-27 01:40:00,2018-07-27 01:50:00,long,8664.449758,8661.82711,8661.82711,8668.195054000002,-8.122648000000481,stop_loss,2
2018-07-27 02:05:00,2018-07-27 04:20:00,long,8664.740641,8672.558299,8660.081812,8672.558299,2.3176579999999376,take_profit,27
2018-07-27 04:20:00,2018-07-27 05:05:00,long,8685.975099,8666.190354,8666.190354,8724.044588999997,-25.28474499999902,stop_loss,9
2018-07-30 04:25:00,2018-07-30 06:15:00,short,8482.520541,8472.375816999998,8488.342903,8472.375816999998,4.644724000001588,take_profit,22
2018-07-31 02:35:00,2018-07-31 02:55:00,short,8396.419177,8390.928581,8399.914475,8390.928581,-0.009404000000358792,take_profit,4
2018-07-31 03:55:00,2018-07-31 04:05:00,short,8388.274453,8392.933283,8392.933283,8380.456793,-10.158830000000307,stop_loss,2
2018-08-01 03:15:00,2018-08-01 05:25:00,short,8446.741933,8453.727827,8453.727827,8434.270144999997,-12.48589400000128,stop_loss,26
2018-08-02 01:50:00,2018-08-02 04:00:00,short,8435.397497,8416.526283000001,8445.583104,8416.526283000001,13.371213999998872,take_profit,26
2018-08-02 04:25:00,2018-08-02 04:30:00,short,8407.763613,8404.600080999997,8410.095379,8404.600080999997,-2.3364679999976943,take_profit,1
2018-08-03 03:00:00,2018-08-03 03:05:00,long,8593.765193,8589.688129,8589.688129,8600.419320999998,-9.577063999999154,stop_loss,1
2018-08-03 03:15:00,2018-08-03 05:10:00,long,8594.056076,8602.455502,8589.106363,8602.455502,2.8994259999999485,take_profit,23
2018-08-06 01:55:00,2018-08-06 02:00:00,long,8622.853491,8618.485544,8618.485544,8630.089385000001,-9.86794700000064,stop_loss,1
2018-08-07 02:00:00,2018-08-07 02:20:00,long,8692.956291,8687.424812,8687.424812,8702.519249000003,-11.031479000001127,stop_loss,4
2018-08-07 02:55:00,2018-08-07 03:40:00,long,8689.465695,8694.956291000004,8685.970397,8694.956291000004,-0.009403999996720813,take_profit,9
2018-08-08 02:45:00,2018-08-08 03:05:00,long,8696.73777,8693.533355,8693.533355,8701.6466,-8.704415000000154,stop_loss,4
2018-08-08 03:05:00,2018-08-08 04:35:00,long,8696.446887,8691.788057,8691.788057,8704.264547,-10.158830000000307,stop_loss,18
2018-08-09 04:25:00,2018-08-09 04:45:00,long,8701.682781,8698.769249,8698.769249,8706.009844999997,-8.413531999998668,stop_loss,4
2018-08-10 01:10:00,2018-08-10 01:25:00,short,8653.85062,8657.636801,8657.636801,8647.778257999997,-9.286181000001307,stop_loss,3
2018-08-10 03:25:00,2018-08-10 03:30:00,short,8652.977971,8659.091216,8659.091216,8642.251481,-11.613245000000461,stop_loss,1
2018-08-10 03:45:00,2018-08-10 04:00:00,short,8654.432386,8658.218567,8658.218567,8648.360024000001,-9.286180999999488,stop_loss,3
2018-08-10 04:55:00,2018-08-10 05:10:00,short,8641.342651,8646.292364,8646.292364,8632.943225,-10.449712999999974,stop_loss,3
2018-08-13 02:05:00,2018-08-13 03:55:00,short,8603.527863,8614.004353,8614.004353,8584.074882999997,-15.976490000000922,stop_loss,22
2018-08-14 01:35:00,2018-08-14 02:00:00,long,8669.685652,8679.830376000002,8663.86329,8679.830376000002,4.644724000001588,take_profit,5
2018-08-14 04:50:00,2018-08-14 05:00:00,long,8672.303599,8666.481237,8666.481237,8682.448323000002,-11.322362000000794,stop_loss,2
2018-08-15 01:05:00,2018-08-15 02:15:00,long,8666.485939,8676.048895000002,8660.954461,8676.048895000002,4.062956000001577,take_profit,14
2018-08-15 03:25:00,2018-08-15 03:55:00,long,8672.012716,8669.390067,8669.390067,8675.758013999997,-8.122648999999,stop_loss,6
2018-08-16 01:15:00,2018-08-16 01:20:00,short,8615.454066,8618.367598,8618.367598,8611.127002,-8.413532000000487,stop_loss,1
2018-08-16 01:50:00,2018-08-16 02:10:00,short,8621.562608,8610.836118,8627.675853,8610.836118,5.226490000000922,take_profit,4
2018-08-16 02:20:00,2018-08-16 02:30:00,short,8612.836119,8605.600224999998,8617.204066,8605.600224999998,1.7358940000012808,take_profit,2
2018-08-16 02:45:00,2018-08-16 03:00:00,short,8607.891108,8612.840821,8612.840821,8599.491682,-10.449712999999974,stop_loss,3
2018-08-17 01:40:00,2018-08-17 01:50:00,short,8587.238416,8592.188129,8592.188129,8578.83899,-10.449712999999974,stop_loss,2
2018-08-17 03:45:00,2018-08-17 04:20:00,short,8598.291969,8587.565478999999,8604.405214,8587.565478999999,5.226490000000922,take_profit,7
2018-08-20 01:15:00,2018-08-20 01:45:00,long,8612.090821,8618.163182999999,8608.30464,8618.163182999999,0.5723619999989751,take_profit,6
2018-08-20 02:05:00,2018-08-20 02:30:00,long,8623.435257,8629.507618999998,8619.649076,8629.507618999998,0.5723619999989751,take_profit,5
2018-08-20 03:20:00,2018-08-20 03:45:00,long,8630.707332,8625.757619,8625.757619,8639.106758,-10.449712999999974,stop_loss,5
2018-08-21 01:15:00,2018-08-21 01:30:00,short,8597.710203,8600.041969,8600.041969,8594.546671000002,-7.831765999999334,stop_loss,3
2018-08-21 02:10:00,2018-08-21 04:55:00,long,8605.691395,8619.326715000001,8598.123735,8619.326715000001,8.13532000000123,take_profit,33
2018-08-21 04:55:00,2018-08-21 07:35:00,long,8617.908481,8610.922587,8610.922587,8630.380269000003,-12.48589400000128,stop_loss,32
2018-08-22 01:30:00,2018-08-22 01:35:00,short,8578.221043,8581.134575,8581.134575,8573.893978999999,-8.413532000000487,stop_loss,1
2018-08-23 01:10:00,2018-08-23 03:10:00,long,8647.869428,8641.4653,8641.4653,8659.177684,-11.904128000000128,stop_loss,24
2018-08-23 03:35:00,2018-08-23 04:25:00,long,8651.94179,8646.410311,8646.410311,8661.504748000003,-11.031479000001127,stop_loss,10
2018-08-24 02:05:00,2018-08-24 05:20:00,long,8655.723269,8664.704461,8650.482673,8664.704461,3.4811919999992824,take_profit,39
2018-08-27 01:30:00,2018-08-27 01:35:00,long,8753.459952,8751.128186,8751.128186,8756.623483999998,-7.831765999999334,stop_loss,1
2018-08-27 01:50:00,2018-08-27 03:00:00,long,8753.459952,8750.255537,8750.255537,8758.368782,-8.704415000000154,stop_loss,14
2018-08-28 01:45:00,2018-08-28 03:00:00,long,8817.745092,8813.958912,8813.958912,8823.817451999998,-9.286179999999149,stop_loss,15
2018-08-28 04:05:00,2018-08-28 06:40:00,long,8819.49039,8825.562752000003,8815.704209,8825.562752000003,0.5723620000026131,take_profit,31
2018-08-29 01:20:00,2018-08-29 01:40:00,long,8839.852199,8836.356902,8836.356902,8845.342793000003,-8.995297000001301,stop_loss,4
2018-08-29 02:20:00,2018-08-29 02:25:00,long,8840.724848,8838.683965,8838.683965,8843.306614,-7.540882999999667,stop_loss,1
2018-08-29 02:35:00,2018-08-29 02:45:00,long,8841.015731,8837.22955,8837.22955,8847.088092999998,-9.286180999999488,stop_loss,2
2018-08-29 03:30:00,2018-08-29 03:50:00,long,8839.852199,8835.775136,8835.775136,8846.506325000002,-9.577063000000635,stop_loss,4
2018-08-29 04:15:00,2018-08-29 04:35:00,long,8840.433965,8835.19337,8835.19337,8849.415154999999,-10.740594999999303,stop_loss,4
2018-08-30 01:20:00,2018-08-30 02:25:00,long,8910.827648,8907.33235,8907.33235,8916.318244,-8.99529799999982,stop_loss,13
2018-08-30 03:05:00,2018-08-30 03:20:00,long,8910.245882,8905.296169,8905.296169,8918.645308,-10.449712999999974,stop_loss,3
2018-08-30 04:20:00,2018-08-30 05:10:00,long,8903.264691,8900.060276,8900.060276,8908.173521,-8.704415000000154,stop_loss,10
2018-08-31 01:55:00,2018-08-31 02:00:00,long,8908.209701,8904.714403,8904.714403,8913.700297,-8.99529799999982,stop_loss,1
2018-08-31 02:05:00,2018-08-31 02:15:00,long,8906.755286,8902.387339,8902.387339,8913.991179999997,-9.867946999998821,stop_loss,2
2018-08-31 04:00:00,2018-08-31 04:35:00,long,8898.028797,8892.788201,8892.788201,8907.009989000004,-10.74059600000146,stop_loss,7
2018-09-03 01:05:00,2018-09-03 01:30:00,long,8920.426787,8916.349723,8916.349723,8927.080915000002,-9.577064000000973,stop_loss,5
2018-09-03 02:00:00,2018-09-03 02:25:00,long,8921.881202,8913.15001,8913.15001,8937.843586000003,-14.231192000001101,stop_loss,5
2018-09-03 02:55:00,2018-09-03 03:05:00,long,8920.426787,8931.735043,8914.022659,8931.735043,5.808256000000256,take_profit,2
2018-09-03 03:45:00,2018-09-03 04:50:00,long,8929.444159,8924.785329,8924.785329,8937.261819000001,-10.158830000000307,stop_loss,13
2018-09-04 01:00:00,2018-09-04 02:05:00,long,8938.461532,8949.188021999997,8932.348287,8949.188021999997,5.226489999997284,take_profit,13
2018-09-05 01:50:00,2018-09-05 02:00:00,short,8856.596062,8860.964009,8860.964009,8849.360168000003,-9.867946999998821,stop_loss,2
2018-09-05 03:50:00,2018-09-05 05:20:00,short,8846.70604,8854.2737,8854.2737,8833.070719999998,-13.067660000000615,stop_loss,18
2018-09-06 01:00:00,2018-09-06 02:20:00,short,8747.224059,8753.337303,8753.337303,8736.497571,-11.613244000000122,stop_loss,16
2018-09-07 02:00:00,2018-09-07 02:50:00,short,8672.176248,8677.99861,8677.99861,8662.031523999998,-11.322362000000794,stop_loss,10
2018-09-07 03:00:00,2018-09-07 03:50:00,short,8667.813003,8659.995342999999,8672.471833,8659.995342999999,2.3176600000006147,take_profit,10
2018-09-07 04:30:00,2018-09-07 07:30:00,short,8661.995344,8647.778260000001,8669.853886,8647.778260000001,8.717083999999886,take_profit,36
2018-09-11 02:00:00,2018-09-11 02:40:00,short,8699.810132,8690.828940000001,8705.050728,8690.828940000001,3.4811919999992824,take_profit,8
2018-09-11 02:55:00,2018-09-11 03:35:00,short,8692.538057,8684.720397,8697.196887,8684.720397,2.3176600000006147,take_profit,8
2018-09-11 04:05:00,2018-09-11 05:00:00,short,8655.886801,8662.872695,8662.872695,8643.415013000002,-12.485893999999462,stop_loss,11
2018-09-12 01:35:00,2018-09-12 01:50:00,long,8750.26024,8746.474059,8746.474059,8756.332601999999,-9.286180999999488,stop_loss,3
2018-09-12 02:55:00,2018-09-12 04:15:00,long,8768.294985,8761.599974,8761.599974,8780.185007,-12.195010999999795,stop_loss,16
2018-09-13 03:40:00,2018-09-13 03:45:00,long,8724.839259,8722.219723,8722.219723,8728.578331,-8.119536000000153,stop_loss,1
2018-09-13 03:50:00,2018-09-13 04:35:00,long,8725.129104,8720.480652,8720.480652,8732.926007999999,-10.148451999999452,stop_loss,9
2018-09-14 01:00:00,2018-09-14 01:25:00,long,8822.517077,8830.893671000002,8817.57878,8830.893671000002,2.876594000001205,take_profit,5
2018-09-14 02:25:00,2018-09-14 02:55:00,long,8840.487477,8833.810109,8833.810109,8852.342213000002,-12.17736800000057,stop_loss,6
2018-09-14 03:45:00,2018-09-14 05:00:00,long,8835.849954,8831.201503,8831.201503,8843.646855999998,-10.148450999999113,stop_loss,15
2018-09-17 01:15:00,2018-09-17 01:25:00,short,8758.910523,8763.558974,8763.558974,8751.113621000002,-10.148450999999113,stop_loss,2
2018-09-17 01:30:00,2018-09-17 02:45:00,short,8758.330832,8764.718355,8764.718355,8747.055785999997,-11.887523000001238,stop_loss,15
2018-09-17 04:25:00,2018-09-17 04:35:00,short,8764.997271,8768.196497,8768.196497,8760.098818999999,-8.699226000000635,stop_loss,2
2018-09-18 03:55:00,2018-09-18 04:05:00,short,8670.797595,8676.315582,8676.315582,8661.261621000001,-11.017986999999266,stop_loss,2
2018-09-19 01:10:00,2018-09-19 02:00:00,long,8732.665078,8728.016626,8728.016626,8740.461981999999,-10.148451999999452,stop_loss,10
2018-09-19 02:10:00,2018-09-19 02:45:00,long,8735.563529,8731.494768,8731.494768,8742.201050999996,-9.56876099999863,stop_loss,7
2018-09-20 01:00:00,2018-09-20 01:30:00,short,8714.274368,8717.473594,8717.473594,8709.375916000003,-8.699225999998816,stop_loss,6
2018-09-20 01:35:00,2018-09-20 02:00:00,short,8715.433749,8718.632975,8718.632975,8710.535296999999,-8.699226000000635,stop_loss,5
2018-09-20 02:55:00,2018-09-20 03:05:00,short,8719.491581,8722.111117,8722.111117,8715.752509,-8.119536000000153,stop_loss,2
2018-09-20 03:35:00,2018-09-20 04:15:00,short,8719.201736,8727.328329,8727.328329,8704.448550000003,-13.626592999999048,stop_loss,8
2018-09-20 04:15:00,2018-09-20 04:45:00,long,8729.186936,8737.563530000001,8724.248639,8737.563530000001,2.876594000001205,take_profit,6
2018-09-21 01:20:00,2018-09-21 01:25:00,long,8839.907786,8837.867941,8837.867941,8842.487475999998,-7.539844999999332,stop_loss,1
2018-09-21 01:35:00,2018-09-21 01:45:00,long,8841.646857,8848.284379,8837.578096,8848.284379,1.1375220000008994,take_profit,2
2018-09-21 02:25:00,2018-09-21 03:35:00,long,8851.791438,8846.273451,8846.273451,8861.327412000002,-11.017987000001085,stop_loss,14
2018-09-24 01:05:00,2018-09-24 01:15:00,short,8716.59313,8711.114988,8720.082201,8711.114988,-0.021858000000065658,take_profit,2
2018-09-24 01:15:00,2018-09-24 02:00:00,short,8709.636846,8715.444678,8715.444678,8699.521181999999,-11.307832000000417,stop_loss,9
2018-09-24 04:35:00,2018-09-24 05:00:00,short,8719.201736,8723.270497,8723.270497,8712.564214000004,-9.56876099999863,stop_loss,5
2018-09-25 01:00:00,2018-09-25 01:10:00,long,8789.474729,8785.695813,8785.695813,8795.532560999998,-9.278915999999299,stop_loss,2
2018-09-25 01:20:00,2018-09-25 01:50:00,long,8788.605193,8785.405968,8785.405968,8793.503643,-8.699225000000297,stop_loss,6
2018-09-25 02:00:00,2018-09-25 02:15:00,long,8790.344264,8782.507516,8782.507516,8804.517759999999,-13.336747999999716,stop_loss,3
2018-09-25 02:40:00,2018-09-25 02:55:00,long,8794.112251,8789.753645,8789.753645,8801.329463,-9.858605999999781,stop_loss,3
2018-09-25 03:00:00,2018-09-25 04:30:00,long,8789.764574,8799.880238000002,8783.956742,8799.880238000002,4.615664000000834,take_profit,18
2018-09-25 04:55:00,2018-09-25 05:30:00,long,8795.561477,8802.778688999999,8791.202871,8802.778688999999,1.717211999999563,take_profit,7
2018-09-26 03:25:00,2018-09-26 04:40:00,long,8836.429644,8832.360883,8832.360883,8843.067166,-9.56876100000045,stop_loss,15
2018-09-27 01:30:00,2018-09-27 02:05:00,long,8808.894354,8816.111566,8804.535748,8816.111566,1.717211999999563,take_profit,7
2018-09-27 03:35:00,2018-09-27 04:05:00,long,8807.445129,8802.796677,8802.796677,8815.242032999999,-10.148451999999452,stop_loss,6
2018-09-27 04:10:00,2018-09-27 05:10:00,long,8810.053735,8821.908470999997,8803.376367,8821.908470999997,6.3547359999975015,take_profit,12
2018-09-28 02:40:00,2018-09-28 02:45:00,long,8874.97905,8870.040754,8870.040754,8883.355642,-10.438296000000264,stop_loss,1
2018-09-28 03:00:00,2018-09-28 04:40:00,long,8872.370444,8865.693076,8865.693076,8884.225180000001,-12.17736800000057,stop_loss,20
2018-10-01 03:15:00,2018-10-01 05:55:00,long,8944.541888,8940.473127,8940.473127,8951.17941,-9.56876100000045,stop_loss,32
2018-10-02 01:00:00,2018-10-02 01:05:00,long,8881.065799,8876.127502,8876.127502,8889.442393000001,-10.438297000000603,stop_loss,1
2018-10-02 01:15:00,2018-10-02 02:55:00,short,8870.500909,8875.72905,8875.72905,8861.544627000001,-10.728140999999596,stop_loss,20
2018-10-02 04:25:00,2018-10-02 05:00:00,short,8853.400044,8858.338341,8858.338341,8845.023449999999,-10.438297000000603,stop_loss,7
2018-10-03 01:10:00,2018-10-03 03:15:00,long,8886.283012,8896.978368,8880.185334,8896.978368,5.195356000000174,take_profit,25
2018-10-03 04:55:00,2018-10-03 05:15:00,long,8896.717437,8893.518212,8893.518212,8901.615886999996,-8.699224999998478,stop_loss,4
2018-10-04 03:15:00,2018-10-04 05:05:00,short,8822.966303,8834.860883,8834.860883,8800.677142999999,-17.394580000000133,stop_loss,22
2018-10-05 01:10:00,2018-10-05 02:00:00,short,8718.911891,8711.114988999998,8723.560342,8711.114988999998,2.2969020000018645,take_profit,10
2018-10-05 03:10:00,2018-10-05 03:20:00,short,8682.391401,8678.072639000002,8685.300782,8678.072639000002,-1.1812380000010307,take_profit,2
2018-10-08 01:05:00,2018-10-08 01:30:00,short,8614.857479,8608.799647000002,8618.636395,8608.799647000002,0.5578319999985979,take_profit,5
2018-10-09 01:00:00,2018-10-09 02:00:00,short,8556.598602,8565.304886,8565.304886,8540.686034,-14.206283999999869,stop_loss,12
2018-10-09 02:15:00,2018-10-09 02:30:00,short,8556.598602,8560.957209,8560.957209,8549.381388,-9.85860700000012,stop_loss,3
2018-10-09 02:40:00,2018-10-09 03:10:00,short,8555.439222,8543.004796000001,8562.406435,8543.004796000001,6.934425999999803,take_profit,6
2018-10-09 03:25:00,2018-10-09 03:35:00,short,8537.758667,8546.464951,8546.464951,8521.846099,-14.206283999999869,stop_loss,2
2018-10-09 03:45:00,2018-10-09 04:25:00,short,8547.903248,8538.946966000001,8553.131389,8538.946966000001,3.4562819999991916,take_profit,8
2018-10-10 02:10:00,2018-10-10 03:05:00,short,8579.786215,8561.554887000002,8589.651879,8561.554887000002,12.73132799999803,take_profit,11
2018-10-10 03:45:00,2018-10-10 05:15:00,short,8560.94628,8567.043957,8567.043957,8550.250926,-11.597676999999749,stop_loss,18
2018-10-11 02:50:00,2018-10-11 02:55:00,short,8123.569936,8110.55582,8130.826994,8110.55582,7.514116000000286,take_profit,1
2018-10-11 03:10:00,2018-10-11 03:20:00,short,8100.962014,8114.30582,8114.30582,8075.774402,-18.84380599999986,stop_loss,2
2018-10-11 03:30:00,2018-10-11 03:45:00,short,8109.947214,8091.715886,8119.812878,8091.715886,12.731327999999849,take_profit,3
2018-10-11 04:30:00,2018-10-11 04:40:00,short,8083.571304,8093.147124,8093.147124,8065.919664,-15.075820000000022,stop_loss,2
2018-10-15 01:40:00,2018-10-15 01:55:00,short,8243.855677,8257.489328,8257.489328,8218.088375,-19.1336510000001,stop_loss,3
2018-10-15 03:10:00,2018-10-15 03:40:00,short,8240.957225,8219.247753000001,8252.561961,8219.247753000001,16.20947199999864,take_profit,6
2018-10-16 02:00:00,2018-10-16 02:10:00,short,8240.66738,8249.373664,8249.373664,8224.754812000001,-14.206283999999869,stop_loss,2
2018-10-16 03:30:00,2018-10-16 05:20:00,short,8247.623664,8258.358864,8258.358864,8227.653264000002,-16.235199999999168,stop_loss,22
2018-10-17 01:00:00,2018-10-17 01:20:00,long,8512.962448,8523.078112000001,8507.154616,8523.078112000001,4.615664000000834,take_profit,4
2018-10-17 02:05:00,2018-10-17 02:30:00,long,8539.918048,8532.950835,8532.950835,8552.352474,-12.467212999999902,stop_loss,5
2018-10-18 02:25:00,2018-10-18 02:45:00,long,8447.747287,8463.080163,8439.330849,8463.080163,9.832876000000397,take_profit,4
2018-10-18 03:05:00,2018-10-18 03:15:00,long,8464.558307,8457.591094,8457.591094,8476.992733,-12.467212999999902,stop_loss,2
2018-10-19 01:35:00,2018-10-19 01:40:00,short,8325.302166,8331.399844,8331.399844,8314.60681,-11.597678000000087,stop_loss,1
2018-10-19 01:45:00,2018-10-19 01:50:00,short,8328.200618,8334.298295,8334.298295,8317.505264000001,-11.597676999999749,stop_loss,1
2018-10-19 01:55:00,2018-10-19 02:00:00,short,8327.331082,8317.795108000002,8332.849069,8317.795108000002,4.035973999998532,take_profit,1
2018-10-19 03:45:00,2018-10-19 03:50:00,short,8284.144154,8290.531676,8290.531676,8272.869109999998,-11.8875220000009,stop_loss,1
2018-10-22 03:15:00,2018-10-22 05:50:00,short,8281.825392,8292.560592,8292.560592,8261.854992000002,-16.235199999999168,stop_loss,31
2018-10-23 01:35:00,2018-10-23 02:30:00,short,8178.060826,8189.375716,8189.375716,8156.931046000001,-16.81488999999965,stop_loss,11
2018-10-24 01:25:00,2018-10-24 01:30:00,short,8249.65258,8244.174438,8253.141651,8244.174438,-0.021858000000065658,take_profit,1
2018-10-24 02:00:00,2018-10-24 02:05:00,short,8209.364103,8223.577445,8223.577445,8182.437418999998,-19.71334200000092,stop_loss,1
2018-10-24 02:15:00,2018-10-24 02:45:00,short,8209.074258,8226.186051,8226.186051,8176.3506720000005,-22.611793000000034,stop_loss,6
2018-10-24 02:55:00,2018-10-24 03:25:00,short,8215.161006,8195.190606000002,8225.896206,8195.190606000002,14.470399999998335,take_profit,6
2018-10-24 03:45:00,2018-10-24 04:05:00,short,8182.118658,8190.245252,8190.245252,8167.365470000002,-13.626593999999386,stop_loss,4
2018-10-24 04:10:00,2018-10-24 04:15:00,short,8187.915561,8191.984323,8191.984323,8181.278037,-9.568761999999879,stop_loss,1
2018-10-26 02:20:00,2018-10-26 02:45:00,short,7933.431512,7953.441757,7953.441757,7894.911022000001,-25.510244999999486,stop_loss,5
2018-10-26 02:55:00,2018-10-26 04:15:00,short,7931.982287,7884.7664429999995,7956.340209,7884.7664429999995,41.71584400000029,take_profit,16
2018-10-29 01:00:00,2018-10-29 01:05:00,short,7997.777138,7989.400546000002,8002.715434,7989.400546000002,2.876591999998709,take_profit,1
2018-10-29 01:55:00,2018-10-29 02:00:00,short,7984.44426,7994.02008,7994.02008,7966.79262,-15.075820000000022,stop_loss,1
2018-10-29 03:20:00,2018-10-29 04:15:00,short,7999.806054,8013.72955,8013.72955,7973.459061999999,-19.42349600000034,stop_loss,11
2018-10-30 01:30:00,2018-10-30 01:50:00,short,7847.637346,7856.053784,7856.053784,7832.304470000002,-13.916437999999289,stop_loss,4
2018-10-30 03:35:00,2018-10-30 04:00:00,short,7860.100687,7843.608429,7869.096816,7843.608429,10.99225800000022,take_profit,5
2018-10-31 01:20:00,2018-10-31 02:05:00,long,7952.112067,7964.546493,7945.144854,7964.546493,6.934425999999803,take_profit,9
2018-10-31 02:30:00,2018-10-31 03:10:00,long,7969.792622,7964.274635,7964.274635,7979.328596,-11.017987000000176,stop_loss,8
2018-10-31 03:15:00,2018-10-31 03:40:00,long,7973.850454,7994.9802340000015,7962.535564,7994.9802340000015,15.62978000000112,take_profit,5
2018-10-31 04:15:00,2018-10-31 04:25:00,long,7981.386428,7977.897357,7977.897357,7986.86457,-8.989070999999967,stop_loss,2
2018-11-01 02:15:00,2018-11-01 02:35:00,long,8081.383008,8072.386879,8072.386879,8097.875266,-14.49612900000011,stop_loss,4
2018-11-01 03:00:00,2018-11-01 03:20:00,long,8075.586104,8093.237741999999,8066.010285,8093.237741999999,12.151637999999366,take_profit,4
2018-11-01 03:45:00,2018-11-01 05:30:00,long,8101.092478,8124.541019999998,8088.618207,8124.541019999998,17.94854199999827,take_profit,21
2018-11-02 01:45:00,2018-11-02 02:00:00,long,8249.493199,8238.757999,8238.757999,8269.463599000002,-16.235200000000987,stop_loss,3
2018-11-02 02:00:00,2018-11-02 03:55:00,long,8252.101806,8231.51187,8231.51187,8291.781678000001,-26.089936000000307,stop_loss,23
2018-11-05 01:10:00,2018-11-05 01:45:00,long,8090.658053,8083.980685,8083.980685,8102.512788999999,-12.17736799999966,stop_loss,7
2018-11-05 03:50:00,2018-11-05 05:20:00,long,8087.179911,8105.990931000001,8077.024401,8105.990931000001,13.311020000001008,take_profit,18
2018-11-06 01:40:00,2018-11-06 01:50:00,short,8059.224311,8064.742298,8064.742298,8049.688337,-11.017987000000176,stop_loss,2
2018-11-06 03:10:00,2018-11-06 03:15:00,short,8037.775769,8042.424221,8042.424221,8029.978864999999,-10.148452000000361,stop_loss,1
2018-11-06 03:55:00,2018-11-06 04:05:00,short,8016.327228,8023.004595,8023.004595,8004.472494,-12.177367000000231,stop_loss,2
2018-11-06 04:10:00,2018-11-06 04:15:00,short,8011.689705,8025.033511,8025.033511,7986.502093,-18.84380599999986,stop_loss,1
2018-11-06 04:25:00,2018-11-06 04:45:00,short,8020.38506,8029.960879,8029.960879,8002.733421999998,-15.075819000000592,stop_loss,4
2018-11-06 04:50:00,2018-11-06 05:20:00,short,8019.225679,8033.728866,8033.728866,7991.719305,-20.003187000000253,stop_loss,6
2018-11-07 01:30:00,2018-11-07 02:05:00,long,8155.003678,8177.87253,8142.819252,8177.87253,17.368851999999606,take_profit,7
2018-11-07 02:30:00,2018-11-07 02:45:00,long,8197.321071,8211.494567000002,8189.484323,8211.494567000002,8.67349600000125,take_profit,3
2018-11-07 02:50:00,2018-11-07 02:55:00,long,8229.204038,8219.338374,8219.338374,8247.435365999998,-15.365663999999015,stop_loss,1
2018-11-08 03:15:00,2018-11-08 03:25:00,long,8361.083585,8353.826527,8353.826527,8374.097701000002,-12.757058000001052,stop_loss,2
2018-11-09 02:55:00,2018-11-09 03:05:00,long,8252.971341,8260.188553,8248.612735,8260.188553,1.717211999999563,take_profit,2
2018-11-09 03:35:00,2018-11-09 03:40:00,long,8258.188554,8255.569019,8255.569019,8261.927624,-8.119534999999814,stop_loss,1
2018-11-09 03:50:00,2018-11-09 04:40:00,long,8257.608864,8248.033044,8248.033044,8275.260504,-15.075820000000022,stop_loss,10
2018-11-09 04:45:00,2018-11-09 05:00:00,short,8239.218154,8246.765057,8246.765057,8225.624348,-13.046903000000384,stop_loss,3
2018-11-12 02:30:00,2018-11-12 02:40:00,short,8183.857729,8173.162375000001,8189.955406,8173.162375000001,5.195353999999497,take_profit,2
2018-11-12 03:15:00,2018-11-12 03:40:00,short,8184.147574,8171.133457999999,8191.404632,8171.133457999999,7.514116000000286,take_profit,5
2018-11-12 04:30:00,2018-11-12 04:35:00,short,8165.597484,8173.724078,8173.724078,8150.844295999999,-13.626594000000296,stop_loss,1
2018-11-13 01:05:00,2018-11-13 01:15:00,short,7955.169899,7943.894853000002,7961.557422,7943.894853000002,5.775045999998838,take_profit,2
2018-11-13 01:15:00,2018-11-13 01:35:00,short,7942.416712,7953.731603,7953.731603,7921.28693,-16.81489099999999,stop_loss,4
2018-11-13 03:10:00,2018-11-13 03:30:00,short,7977.198131,7989.092712,7989.092712,7954.908969000001,-17.39458099999956,stop_loss,4
2018-11-13 03:40:00,2018-11-13 03:55:00,short,7981.255964,7965.343397999999,7989.962247,7965.343397999999,10.41256600000088,take_profit,3
2018-11-13 04:25:00,2018-11-13 04:35:00,short,7962.126183,7967.354325,7967.354325,7953.169899,-10.728141999999934,stop_loss,2
2018-11-14 01:10:00,2018-11-14 01:20:00,short,7924.736158,7915.200183999999,7930.254145,7915.200183999999,4.035974000000351,take_profit,2
2018-11-14 02:15:00,2018-11-14 02:20:00,short,7910.533745,7892.8821069999985,7920.109564,7892.8821069999985,12.151638000001185,take_profit,1
2018-11-14 02:20:00,2018-11-14 02:35:00,short,7892.563345,7858.100686999999,7910.544674,7858.100686999999,28.962658000000374,take_profit,3
2018-11-15 03:25:00,2018-11-15 04:55:00,short,7881.549229,7897.791487,7897.791487,7850.564713,-21.74225800000022,stop_loss,18
2018-11-16 01:05:00,2018-11-16 01:25:00,short,7948.213615,7958.07928,7958.07928,7929.982284999999,-15.365665000000263,stop_loss,4
2018-11-16 01:30:00,2018-11-16 01:35:00,short,7949.372996,7959.818351,7959.818351,7929.982286,-15.945354999999836,stop_loss,1
2018-11-16 04:20:00,2018-11-16 04:30:00,short,7935.460429,7938.949499,7938.949499,7929.982288999999,-8.989070000000538,stop_loss,2
2018-11-16 04:45:00,2018-11-16 05:15:00,short,7927.924454,7918.96817,7933.152596,7918.96817,3.4562839999998687,take_profit,6
2018-11-19 01:50:00,2018-11-19 01:55:00,long,7988.632557,7992.951318999999,7985.723176,7992.951318999999,-1.1812380000010307,take_profit,1
2018-11-20 01:10:00,2018-11-20 02:30:00,short,7680.686535,7692.29127,7692.29127,7658.977065,-17.10473499999989,stop_loss,16
2018-11-20 02:30:00,2018-11-20 03:10:00,short,7676.338857,7638.977747,7695.769412,7638.977747,31.861109999999826,take_profit,8
2018-11-20 03:45:00,2018-11-20 05:30:00,short,7655.759851,7629.412857,7669.683348,7629.412857,20.84699399999954,take_profit,21
2018-11-21 01:10:00,2018-11-21 01:25:00,short,7635.180845,7626.224561,7640.408987,7626.224561,3.4562839999998687,take_profit,3
2018-11-21 01:45:00,2018-11-21 01:50:00,short,7635.47069,7642.727748,7642.727748,7622.456574,-12.757058000000143,stop_loss,1
2018-11-21 01:55:00,2018-11-21 02:00:00,short,7638.079296,7625.06518,7645.336354,7625.06518,7.514116000000286,take_profit,1
2018-11-21 02:00:00,2018-11-21 02:45:00,short,7626.48549,7640.408987,7640.408987,7600.1384960000005,-19.42349699999977,stop_loss,9
2018-11-21 04:10:00,2018-11-21 05:20:00,short,7627.934716,7645.336354,7645.336354,7594.631439999999,-22.901638000000275,stop_loss,14
2018-11-22 01:40:00,2018-11-22 02:00:00,short,7629.094096,7619.5581219999995,7634.612083,7619.5581219999995,4.035974000000351,take_profit,4
2018-11-22 02:05:00,2018-11-22 02:10:00,short,7619.239361,7613.761219,7622.728432,7613.761219,-0.021858000000065658,take_profit,1
2018-11-22 02:20:00,2018-11-22 02:30:00,short,7618.659671,7606.804937000002,7625.337038,7606.804937000002,6.354733999998643,take_profit,2
2018-11-22 03:10:00,2018-11-22 03:15:00,short,7586.486858,7582.747786,7589.106394,7582.747786,-1.7609279999996943,take_profit,1
2018-11-22 04:50:00,2018-11-22 05:50:00,short,7592.283761,7601.859581,7601.859581,7574.632121,-15.075820000000022,stop_loss,12
2018-11-23 04:35:00,2018-11-23 05:05:00,short,7580.689955,7589.396239,7589.396239,7564.777387,-14.206283999999869,stop_loss,6
2018-11-26 01:00:00,2018-11-26 02:00:00,long,7636.47069,7663.397374,7622.257348,7663.397374,21.426684000000023,take_profit,12
2018-11-27 01:25:00,2018-11-27 01:30:00,long,7710.09136,7731.800830000002,7698.486625,7731.800830000002,16.209470000001602,take_profit,1
2018-11-28 03:35:00,2018-11-28 03:50:00,long,7793.27692,7802.233202000001,7788.048779,7802.233202000001,3.4562820000010106,take_profit,3
2018-11-28 03:50:00,2018-11-28 03:55:00,long,7799.363669,7795.874598,7795.874598,7804.841811,-8.989070999999967,stop_loss,1
2018-11-28 04:05:00,2018-11-28 04:50:00,long,7797.914443,7812.087938999999,7790.077695,7812.087938999999,8.673495999999432,take_profit,9
2018-11-29 01:20:00,2018-11-29 02:05:00,long,7992.400544,8002.516208000001,7986.592712,8002.516208000001,4.615664000000834,take_profit,9
2018-11-29 02:20:00,2018-11-29 02:25:00,long,8002.255279,7998.766208,7998.766208,8007.733421,-8.989070999999967,stop_loss,1
2018-11-29 02:35:00,2018-11-29 02:55:00,long,8001.385744,7995.577912,7995.577912,8011.501408000001,-11.307832000000417,stop_loss,4
2018-11-29 03:45:00,2018-11-29 04:00:00,long,7985.734105,7977.317667,7977.317667,8001.066981000001,-13.916438000000198,stop_loss,3
2018-11-30 01:00:00,2018-11-30 01:30:00,long,8009.501408,8003.693576,8003.693576,8019.617072000001,-11.307832000000417,stop_loss,6
2018-12-03 01:05:00,2018-12-03 01:10:00,long,8259.058089,8252.960412,8252.960412,8269.753443,-11.597676999999749,stop_loss,1
2018-12-03 01:35:00,2018-12-03 02:25:00,long,8258.188554,8276.419882000002,8248.32289,8276.419882000002,12.731328000001668,take_profit,10
2018-12-04 01:35:00,2018-12-04 01:40:00,long,8126.309007,8122.530091,8122.530091,8132.366839,-9.278916000000208,stop_loss,1
2018-12-04 02:00:00,2018-12-04 02:40:00,long,8129.787149,8122.240246,8122.240246,8143.380954999999,-13.046902999999475,stop_loss,8
2018-12-04 02:45:00,2018-12-04 03:05:00,long,8130.076994,8123.979317,8123.979317,8140.7723479999995,-11.597676999999749,stop_loss,4
2018-12-04 04:10:00,2018-12-04 04:30:00,long,8127.758233,8145.409870999999,8118.182414,8145.409870999999,12.151637999999366,take_profit,4
2018-12-04 04:30:00,2018-12-04 04:55:00,long,8142.830181,8137.312194,8137.312194,8152.366155000001,-11.017987000000176,stop_loss,5
2018-12-04 04:55:00,2018-12-04 05:55:00,long,8143.120026,8135.862968,8135.862968,8156.134141999998,-12.757057999999233,stop_loss,12
2018-12-05 02:00:00,2018-12-05 02:35:00,short,7927.344764,7940.978416,7940.978416,7901.577460000001,-19.13365199999953,stop_loss,7
2018-12-06 04:10:00,2018-12-06 04:35:00,short,7704.163992,7713.449966,7713.449966,7687.092043999999,-14.785974000000351,stop_loss,5
2018-12-06 04:45:00,2018-12-06 05:05:00,short,7690.251425,7709.102289,7709.102289,7654.049697,-24.350864,stop_loss,4
2018-12-07 01:30:00,2018-12-07 01:55:00,short,7875.172636,7852.303786000001,7887.357061,7852.303786000001,17.36884999999893,take_profit,5
2018-12-07 02:25:00,2018-12-07 02:30:00,short,7870.535113,7877.792171,7877.792171,7857.520997,-12.757058000000143,stop_loss,1
2018-12-07 02:50:00,2018-12-07 03:25:00,short,7871.114803,7880.110932,7880.110932,7854.622545000002,-14.4961289999992,stop_loss,7
2018-12-07 03:25:00,2018-12-07 03:30:00,short,7878.071087,7872.592945,7881.560158,7872.592945,-0.021858000000065658,take_profit,1
2018-12-07 04:50:00,2018-12-07 05:55:00,short,7878.940623,7859.549915000001,7889.385977,7859.549915000001,13.890707999998995,take_profit,13
2018-12-11 02:25:00,2018-12-11 03:45:00,short,7739.814947,7762.723643,7762.723643,7695.497554999999,-28.40869600000042,stop_loss,16
2018-12-12 02:40:00,2018-12-12 03:25:00,long,7841.101372,7870.346818000001,7825.728649,7870.346818000001,23.74544600000081,take_profit,9
2018-12-12 04:35:00,2018-12-12 04:50:00,long,7877.621861,7867.466352,7867.466352,7896.432878999998,-15.655508999999256,stop_loss,3
2018-12-13 01:05:00,2018-12-13 02:00:00,long,7903.418081,7921.6494109999985,7893.552416,7921.6494109999985,12.731329999998707,take_profit,11
2018-12-13 04:00:00,2018-12-13 05:05:00,long,7874.72341,7865.727281,7865.727281,7891.215667999998,-14.4961289999992,stop_loss,13
2018-12-14 02:15:00,2018-12-14 02:40:00,short,7744.179471,7721.9689290000015,7756.034742,7721.9689290000015,16.710541999998895,take_profit,5
2018-12-14 03:20:00,2018-12-14 03:30:00,short,7717.617045,7711.574935,7721.3881,7711.574935,0.5421100000003207,take_profit,2
2018-12-17 01:15:00,2018-12-17 02:15:00,short,7667.956858,7642.281651999998,7681.544461,7642.281651999998,20.175206000001708,take_profit,12
2018-12-17 02:50:00,2018-12-17 02:55:00,short,7645.147818,7653.249703,7653.249703,7630.444048,-13.601885000000038,stop_loss,1
2018-12-17 03:25:00,2018-12-17 03:35:00,short,7650.922259,7656.425645,7656.425645,7641.415486999999,-11.003386000000319,stop_loss,2
2018-12-17 03:35:00,2018-12-17 04:00:00,short,7651.210981,7661.045197,7661.045197,7633.042549,-15.334216000000197,stop_loss,5
2018-12-17 04:40:00,2018-12-17 04:55:00,short,7662.47114,7654.696699999999,7667.10836,7654.696699999999,2.27444000000105,take_profit,3
2018-12-18 01:15:00,2018-12-18 01:30:00,short,7504.251472,7512.642079,7512.642079,7488.970257999999,-13.890607000000273,stop_loss,3
2018-12-18 02:15:00,2018-12-18 02:20:00,short,7496.7447,7508.022527,7508.022527,7475.689046,-16.77782699999989,stop_loss,1
2018-12-18 02:40:00,2018-12-18 02:45:00,short,7510.603357,7519.282685,7519.282685,7494.744701,-14.179328000000169,stop_loss,1
2018-12-18 03:00:00,2018-12-18 03:40:00,short,7508.004859,7522.74735,7522.74735,7480.019877,-20.242490999999973,stop_loss,8
2018-12-18 04:55:00,2018-12-18 05:00:00,short,7520.99735,7525.345848,7525.345848,7513.800353999999,-9.84849800000029,stop_loss,1
2018-12-19 01:10:00,2018-12-19 01:30:00,short,7527.060512,7531.986454,7531.986454,7518.708628,-10.42594199999985,stop_loss,4
2018-12-19 02:45:00,2018-12-19 03:00:00,short,7519.265017,7529.9654,7529.9654,7499.364250999999,-16.20038300000033,stop_loss,3
2018-12-19 03:05:00,2018-12-19 03:15:00,short,7528.792844,7533.718786,7533.718786,7520.440959999998,-10.42594200000076,stop_loss,2
2018-12-19 03:25:00,2018-12-19 03:40:00,short,7530.813898,7534.007508,7534.007508,7525.926678000002,-8.693609999999353,stop_loss,3
2018-12-20 01:05:00,2018-12-20 01:40:00,short,7286.555069,7311.114109,7311.114109,7238.936989,-30.059040000000095,stop_loss,7
2018-12-20 02:10:00,2018-12-20 02:50:00,short,7283.379127,7306.494556,7306.494556,7238.648269000001,-28.615428999999494,stop_loss,8
2018-12-21 03:20:00,2018-12-21 03:25:00,short,7241.514434,7255.968203,7255.968203,7214.106895999998,-19.953769000000648,stop_loss,1
2018-12-24 02:40:00,2018-12-24 03:00:00,short,7054.133843,7042.317294999999,7060.792117,7042.317294999999,6.316548000000694,take_profit,4
2018-12-24 03:05:00,2018-12-24 03:15:00,short,7055.866175,7045.781959000001,7061.658283,7045.781959000001,4.584215999999287,take_profit,2
2018-12-24 04:05:00,2018-12-24 05:00:00,short,7049.514291,7057.038731,7057.038731,7035.965411000002,-13.024439999999231,stop_loss,11
2018-12-26 01:00:00,2018-12-26 01:35:00,short,6778.115592,6795.456581,6795.456581,6744.933614,-22.840989000000263,stop_loss,7
2018-12-26 03:30:00,2018-12-26 03:50:00,short,6815.938176,6826.927281,6826.927281,6795.4599659999985,-16.489105000000563,stop_loss,4
2018-12-27 01:10:00,2018-12-27 01:30:00,long,7213.35351,7199.765907,7199.765907,7239.028716,-19.087602999999945,stop_loss,4
2018-12-27 01:35:00,2018-12-27 01:55:00,long,7210.46629,7198.322297,7198.322297,7233.2542760000015,-17.64399300000059,stop_loss,4
2018-12-28 01:50:00,2018-12-28 01:55:00,long,7283.801683,7275.98852,7275.98852,7297.928008999999,-13.313162999999804,stop_loss,1
2018-12-28 02:05:00,2018-12-28 02:15:00,long,7279.470853,7270.21408,7270.21408,7296.484399,-14.756773000000067,stop_loss,2
2018-12-28 02:20:00,2018-12-28 05:20:00,long,7289.287401,7348.454360999998,7258.953921,7348.454360999998,53.66695999999865,take_profit,36
2018-12-31 04:00:00,2018-12-31 04:05:00,long,7335.771647,7333.15548,7333.15548,7339.503980999998,-8.116166999999223,stop_loss,1
2019-01-02 01:45:00,2019-01-02 02:00:00,short,7226.212167,7210.930955,7234.602773,7210.930955,9.781211999999869,take_profit,3
2019-01-02 04:35:00,2019-01-02 04:50:00,short,7146.236167,7156.93655,7156.93655,7126.335400999999,-16.20038300000033,stop_loss,3
2019-01-02 04:55:00,2019-01-02 05:05:00,short,7143.926391,7154.626774,7154.626774,7124.025624999999,-16.20038300000033,stop_loss,2
2019-01-03 01:30:00,2019-01-03 06:00:00,short,7175.108369,7191.871914,7191.871914,7143.081278999998,-22.263545000000704,stop_loss,54
2019-01-04 02:25:00,2019-01-04 03:35:00,long,7211.621178,7244.803156000001,7194.280189,7244.803156000001,27.681978000000527,take_profit,14
2019-01-07 01:40:00,2019-01-07 02:00:00,long,7459.922115,7453.552563,7453.552563,7471.1612190000005,-11.869552000000112,stop_loss,4
2019-01-08 01:05:00,2019-01-08 01:35:00,long,7527.77179,7516.493963,7516.493963,7548.827444,-16.77782699999989,stop_loss,6
2019-01-08 04:55:00,2019-01-08 05:00:00,long,7551.446996,7547.098497,7547.098497,7558.643993999999,-9.84849899999972,stop_loss,1
2019-01-09 01:00:00,2019-01-09 01:30:00,long,7602.550793,7593.005299,7593.005299,7620.141781,-15.045493999999962,stop_loss,6
2019-01-09 04:55:00,2019-01-09 05:05:00,long,7607.459068,7602.821847,7602.821847,7615.23351,-10.137220999999954,stop_loss,2
2019-01-10 04:00:00,2019-01-10 04:55:00,long,7582.340252,7571.928591,7571.928591,7601.663574,-15.911661000000095,stop_loss,11
2019-01-11 01:55:00,2019-01-11 02:00:00,long,7648.746317,7642.954208,7642.954208,7658.830535,-11.292108999999982,stop_loss,1
2019-01-14 01:20:00,2019-01-14 01:25:00,short,7552.756772,7555.950382,7555.950382,7547.869551999999,-8.693610000000263,stop_loss,1
2019-01-14 01:40:00,2019-01-14 02:05:00,short,7553.91166,7561.147378,7561.147378,7540.940224,-12.735717999999906,stop_loss,5
2019-01-14 03:10:00,2019-01-14 03:15:00,short,7565.749263,7572.407537,7572.407537,7553.932714999999,-12.158274000000347,stop_loss,1
2019-01-14 03:35:00,2019-01-14 04:15:00,short,7561.707154,7544.116163999999,7571.252649,7544.116163999999,12.090990000000602,take_profit,8
2019-01-14 04:30:00,2019-01-14 05:55:00,short,7537.165783,7552.196996,7552.196996,7508.603357000002,-20.531212999999298,stop_loss,17
2019-01-15 04:25:00,2019-01-15 04:40:00,short,7586.82597,7593.195523,7593.195523,7575.586863999999,-11.869553000000451,stop_loss,3
2019-01-16 01:05:00,2019-01-16 01:30:00,long,7734.208034,7720.33171,7720.33171,7760.460682,-19.37632399999984,stop_loss,5
2019-01-16 01:50:00,2019-01-16 02:00:00,long,7722.947876,7718.8881,7718.8881,7729.567428,-9.559776000000056,stop_loss,2
2019-01-16 04:10:00,2019-01-16 04:35:00,long,7717.462157,7712.536215,7712.536215,7725.814041,-10.42594199999985,stop_loss,5
2019-01-17 01:10:00,2019-01-17 02:15:00,short,7658.140309,7639.971875000001,7667.974526,7639.971875000001,12.668433999999252,take_profit,13
2019-01-17 02:35:00,2019-01-17 02:45:00,short,7648.901205,7660.467753,7660.467753,7627.268109000001,-17.066547999999784,stop_loss,2
2019-01-17 04:50:00,2019-01-17 05:35:00,long,7669.24558,7675.865132,7665.185804,7675.865132,1.1195520000001125,take_profit,9
2019-01-18 02:15:00,2019-01-18 03:20:00,long,7779.826114,7792.220108,7772.879117,7792.220108,6.893994000000021,take_profit,13
2019-01-21 04:15:00,2019-01-21 07:40:00,long,7805.811096,7817.627646000002,7799.152821,7817.627646000002,6.316550000001371,take_profit,41
2019-01-22 02:20:00,2019-01-22 04:40:00,long,7783.002056,7774.900171,7774.900171,7797.705826,-13.601885000000038,stop_loss,28
2019-01-23 01:40:00,2019-01-23 02:00:00,short,7683.259125,7673.752352999999,7688.762511,7673.752352999999,4.0067720000006375,take_profit,4
2019-01-23 04:55:00,2019-01-23 05:50:00,short,7704.913277,7709.550497,7709.550497,7697.138836999999,-10.137220000000525,stop_loss,11
2019-01-24 02:00:00,2019-01-24 02:40:00,short,7702.892222,7710.994107,7710.994107,7688.188452,-13.601885000000038,stop_loss,8
2019-01-24 03:50:00,2019-01-24 07:30:00,long,7735.651645,7724.951262,7724.951262,7755.552411000001,-16.20038300000033,stop_loss,44
2019-01-25 03:25:00,2019-01-25 03:50:00,long,7781.847168,7775.188893,7775.188893,7793.663718000002,-12.158275000000685,stop_loss,5
2019-01-25 04:25:00,2019-01-25 04:45:00,long,7780.403558,7788.177997999999,7775.766338,7788.177997999999,2.274439999999231,take_profit,4
2019-01-28 01:40:00,2019-01-28 02:00:00,long,7808.120872,7803.194929,7803.194929,7816.472758000001,-10.425943000000188,stop_loss,4
2019-01-29 01:35:00,2019-01-29 02:40:00,short,7707.223053,7714.747493,7714.747493,7693.674172999999,-13.02444000000014,stop_loss,13
2019-01-30 04:05:00,2019-01-30 05:05:00,short,7723.102764,7730.04976,7730.04976,7710.708772000001,-12.446995999999672,stop_loss,12
2019-02-01 01:25:00,2019-02-01 02:05:00,long,7967.495427,7961.992041,7961.992041,7977.002198999999,-11.00338599999941,stop_loss,8
2019-02-01 02:10:00,2019-02-01 02:55:00,long,7967.206705,7959.682264,7959.682264,7980.755586999999,-13.02444099999957,stop_loss,9
2019-02-05 02:10:00,2019-02-05 03:10:00,long,8010.80373,8024.352611999999,8003.279289,8024.352611999999,8.04888199999914,take_profit,12
2019-02-06 03:55:00,2019-02-06 05:00:00,long,8082.118069,8091.047397,8076.903405,8091.047397,3.4293280000001687,take_profit,13
2019-02-07 02:40:00,2019-02-07 04:15:00,long,8055.266921,8048.897369,8048.897369,8066.506025000001,-11.869552000000112,stop_loss,19
2019-02-08 03:50:00,2019-02-08 05:45:00,short,7933.869839,7918.011183,7942.549167,7918.011183,10.358656000000337,take_profit,23
2019-02-11 02:20:00,2019-02-11 02:50:00,long,7995.501463,8020.599224999999,7982.202582,8020.599224999999,19.59776199999942,take_profit,6
2019-02-12 02:40:00,2019-02-12 02:45:00,long,8046.316538,8042.256762,8042.256762,8052.93609,-9.559776000000056,stop_loss,1
2019-02-12 04:20:00,2019-02-12 06:35:00,long,8048.915037,8060.154142999999,8042.545484,8060.154142999999,5.739105999999083,take_profit,27
2019-02-13 04:30:00,2019-02-13 05:20:00,long,8129.46848,8136.088032000001,8125.408704,8136.088032000001,1.1195520000001125,take_profit,10
2019-02-14 01:40:00,2019-02-14 01:55:00,long,8133.221866,8140.996305999999,8128.584646,8140.996305999999,2.274439999999231,take_profit,3
2019-02-14 02:25:00,2019-02-14 02:40:00,long,8143.904581,8135.225253,8135.225253,8159.763237,-14.179328000000169,stop_loss,3
2019-02-15 01:30:00,2019-02-15 02:00:00,short,8058.309029,8065.256026,8065.256026,8045.915035,-12.44699700000001,stop_loss,6
2019-02-15 02:10:00,2019-02-15 02:25:00,short,8065.52708,8070.741744,8070.741744,8056.597752,-10.714664000000084,stop_loss,3
2019-02-19 02:20:00,2019-02-19 02:35:00,long,8168.157231,8164.386177,8164.386177,8174.199339,-9.271053999999822,stop_loss,3
2019-02-19 02:50:00,2019-02-19 03:05:00,long,8166.713621,8161.787679,8161.787679,8175.065505,-10.42594199999985,stop_loss,3
2019-02-20 01:05:00,2019-02-20 01:40:00,long,8171.910617,8165.829787,8165.829787,8182.572276999999,-11.580829999999878,stop_loss,7
2019-02-20 02:05:00,2019-02-20 02:45:00,long,8171.333173,8165.252343,8165.252343,8181.994833,-11.580829999999878,stop_loss,8
2019-02-20 04:45:00,2019-02-20 05:05:00,long,8164.403845,8160.632791,8160.632791,8170.4459529999995,-9.271053999999822,stop_loss,4
2019-02-21 01:20:00,2019-02-21 01:55:00,long,8191.254993,8186.906494,8186.906494,8198.451990999998,-9.84849899999972,stop_loss,7
2019-02-21 02:15:00,2019-02-21 02:35:00,long,8189.52266,8183.44183,8183.44183,8200.18432,-11.580829999999878,stop_loss,4
2019-02-21 03:20:00,2019-02-21 03:50:00,long,8183.459498,8179.111,8179.111,8190.656494000001,-9.84849800000029,stop_loss,6
2019-02-21 04:55:00,2019-02-21 05:45:00,long,8188.07905,8182.575664,8182.575664,8197.585822000001,-11.003386000000319,stop_loss,10
2019-02-22 01:15:00,2019-02-22 01:35:00,short,8125.292538,8130.21848,8130.21848,8116.940653999998,-10.42594200000076,stop_loss,4
2019-02-22 03:05:00,2019-02-22 04:50:00,long,8153.432408,8165.2489559999985,8146.774134,8165.2489559999985,6.316547999998875,take_profit,21
2019-02-22 04:50:00,2019-02-22 07:00:00,long,8169.889563,8160.344069,8160.344069,8187.480551,-15.045493999999962,stop_loss,26
2019-02-25 01:35:00,2019-02-25 02:20:00,long,8227.633967,8218.954639,8218.954639,8243.492623,-14.179328000000169,stop_loss,9
2019-02-25 04:30:00,2019-02-25 05:20:00,long,8233.985852,8243.492626000001,8228.482465,8243.492626000001,4.006774000001315,take_profit,10
2019-02-26 01:05:00,2019-02-26 01:10:00,short,8183.036942,8189.117772,8189.117772,8172.375282,-11.580829999999878,stop_loss,1
2019-02-26 01:35:00,2019-02-26 01:55:00,long,8192.987325,8196.142213000001,8190.659881,8196.142213000001,-2.3451119999990624,take_profit,4
2019-02-26 01:55:00,2019-02-26 03:20:00,long,8195.008379,8190.082437,8190.082437,8203.360263000002,-10.42594200000076,stop_loss,17
2019-02-26 03:40:00,2019-02-26 03:55:00,long,8192.409881,8198.451990999998,8188.638826,8198.451990999998,0.5421099999985017,take_profit,3
2019-02-26 03:55:00,2019-02-26 05:35:00,long,8199.916653,8192.680935,8192.680935,8212.888089,-12.735717999999906,stop_loss,20
2019-02-27 02:15:00,2019-02-27 04:40:00,short,8197.184321,8203.553873,8203.553873,8185.945217,-11.869552000000112,stop_loss,29
2019-02-27 04:40:00,2019-02-27 05:05:00,long,8205.691094,8201.053873,8201.053873,8213.465535999998,-10.137220999999045,stop_loss,5
2019-03-01 02:20:00,2019-03-01 02:50:00,long,8252.752783,8265.146775000001,8245.805787,8265.146775000001,6.8939920000011625,take_profit,6
2019-03-04 01:10:00,2019-03-04 01:15:00,long,8311.363353,8307.303577,8307.303577,8317.982905,-9.559776000000056,stop_loss,1
2019-03-05 01:00:00,2019-03-05 01:30:00,long,8264.012942,8257.643389,8257.643389,8275.252047999997,-11.869552999998632,stop_loss,6
2019-03-05 03:05:00,2019-03-05 03:15:00,long,8275.561822,8270.924602,8270.924602,8283.336262,-10.137220000000525,stop_loss,2
2019-03-05 03:20:00,2019-03-05 04:15:00,long,8276.716711,8270.058436,8270.058436,8288.533260999999,-12.158274999999776,stop_loss,11
2019-03-06 01:10:00,2019-03-06 02:05:00,long,8264.301664,8273.230994000003,8259.086999,8273.230994000003,3.4293300000026647,take_profit,11
2019-03-06 02:35:00,2019-03-06 02:55:00,long,8268.05505,8261.685498,8261.685498,8279.294154000001,-11.869552000000112,stop_loss,4
2019-03-06 04:50:00,2019-03-06 06:00:00,long,8268.343772,8265.438884,8265.438884,8272.653548000002,-8.404888000000938,stop_loss,14
2019-03-07 04:25:00,2019-03-07 04:30:00,short,8188.256838,8190.006838,8190.006838,8186.256838,-7.25,stop_loss,1
2019-03-08 01:35:00,2019-03-08 01:55:00,short,8068.62478,8062.023548000001,8072.675396,8062.023548000001,1.1012319999990723,take_profit,4
2019-03-08 03:40:00,2019-03-08 04:05:00,short,8070.925396,8063.173854,8075.551167,8063.173854,2.251541999999972,take_profit,5
2019-03-11 03:25:00,2019-03-11 05:00:00,short,8129.015963,8136.517504,8136.517504,8115.512880999999,-13.001541000000543,stop_loss,19
2019-03-12 01:50:00,2019-03-12 02:55:00,long,8300.549161,8308.875857,8295.635813,8308.875857,2.8266960000000836,take_profit,13
2019-03-12 04:35:00,2019-03-12 04:50:00,long,8301.699469,8295.060659,8295.060659,8313.477088999996,-12.138809999998557,stop_loss,3
2019-03-13 02:50:00,2019-03-13 03:30:00,long,8318.091361,8326.993209000002,8312.890437,8326.993209000002,3.401848000001337,take_profit,8
2019-03-13 04:15:00,2019-03-13 06:20:00,long,8329.882021,8338.208717,8324.968673,8338.208717,2.8266960000000836,take_profit,25
2019-03-14 01:40:00,2019-03-14 02:45:00,long,8383.946508,8392.848356000002,8378.745584,8392.848356000002,3.401848000001337,take_profit,13
2019-03-14 03:55:00,2019-03-14 04:05:00,long,8415.867562,8411.529369,8411.529369,8423.043947999999,-9.838192999999592,stop_loss,2
2019-03-14 04:50:00,2019-03-14 05:00:00,long,8417.017871,8411.241792,8411.241792,8427.070028999999,-11.2760789999993,stop_loss,2
2019-03-15 01:25:00,2019-03-15 03:30:00,long,8388.260164,8394.861395999997,8384.209548,8394.861395999997,1.1012319999972533,take_profit,25
2019-03-15 04:20:00,2019-03-15 05:50:00,long,8397.750207,8407.227208999999,8392.261706,8407.227208999999,3.9770019999996293,take_profit,18
2019-03-18 01:15:00,2019-03-18 04:15:00,long,8459.579276,8454.953505,8454.953505,8467.330818000002,-10.125771000000896,stop_loss,36
2019-03-19 01:55:00,2019-03-19 03:30:00,long,8473.670552,8480.84694,8469.332358,8480.84694,1.6763879999998608,take_profit,19
2019-03-19 03:40:00,2019-03-19 04:25:00,long,8484.59848,8489.474250000003,8481.410595,8489.474250000003,-0.624229999997624,take_profit,9
2019-03-20 02:25:00,2019-03-20 02:55:00,long,8486.036365,8491.487289,8482.560903,8491.487289,-0.04907599999933154,take_profit,6
2019-03-21 03:30:00,2019-03-21 03:55:00,long,8528.022617,8523.684423,8523.684423,8535.199005,-9.83819399999993,stop_loss,5
2019-03-21 04:05:00,2019-03-21 06:05:00,long,8529.460502,8521.096229,8521.096229,8544.689047999998,-13.86427299999923,stop_loss,24
2019-03-22 01:50:00,2019-03-22 02:05:00,long,8656.281986,8661.73291,8652.806524,8661.73291,-0.04907599999933154,take_profit,3
2019-03-22 02:40:00,2019-03-22 03:00:00,long,8669.222954,8665.172337,8665.172337,8675.824188000002,-9.550617000000784,stop_loss,4
2019-03-22 03:00:00,2019-03-22 03:30:00,long,8668.935377,8662.584144,8662.584144,8680.137842999999,-11.85123299999941,stop_loss,6
2019-03-22 04:50:00,2019-03-22 05:05:00,long,8639.602517,8629.225205,8629.225205,8658.857140999997,-15.87731199999871,stop_loss,3
2019-03-25 01:30:00,2019-03-25 01:50:00,short,8401.639018,8387.560781999999,8409.428136,8387.560781999999,8.578236000001198,take_profit,4
2019-03-25 03:50:00,2019-03-25 04:00:00,short,8417.455756,8428.408222,8428.408222,8397.050823999998,-16.45246600000064,stop_loss,2
2019-03-26 01:40:00,2019-03-26 01:45:00,short,8466.631434,8469.531742,8469.531742,8462.330818000004,-8.400307999998404,stop_loss,1
2019-03-26 02:00:00,2019-03-26 02:50:00,short,8464.618394,8473.557821,8473.557821,8448.239539999997,-14.43942700000116,stop_loss,10
2019-03-26 03:35:00,2019-03-26 04:10:00,short,8468.644473,8474.420552,8474.420552,8458.592315000002,-11.2760789999993,stop_loss,7
2019-03-27 01:40:00,2019-03-27 02:00:00,long,8514.794072,8510.168301,8510.168301,8522.545614000002,-10.125771000000896,stop_loss,4
2019-03-29 01:50:00,2019-03-29 02:00:00,long,8479.422093,8475.946631,8475.946631,8484.873016999996,-8.975461999998515,stop_loss,2
2019-03-29 02:05:00,2019-03-29 03:55:00,long,8484.886057,8474.796322,8474.796322,8503.565526999999,-15.589734999999564,stop_loss,22
2019-03-29 04:45:00,2019-03-29 05:15:00,long,8476.546322,8471.345398,8471.345398,8485.448170000001,-10.700924000000668,stop_loss,6
2019-04-01 01:35:00,2019-04-01 01:45:00,long,8599.054151,8595.866265,8595.866265,8603.929923,-8.687885999999708,stop_loss,2
2019-04-01 02:05:00,2019-04-01 03:35:00,long,8598.19142,8611.119349999997,8590.977455,8611.119349999997,7.427929999998014,take_profit,18
2019-04-01 03:35:00,2019-04-01 03:50:00,long,8611.132387,8606.794194,8606.794194,8618.308772999999,-9.838192999999592,stop_loss,3
2019-04-02 02:15:00,2019-04-02 02:30:00,long,8615.158466,8611.683004,8611.683004,8620.609390000001,-8.975462000000334,stop_loss,3
2019-04-02 03:35:00,2019-04-02 05:30:00,long,8620.047276,8627.798815999997,8615.421506,8627.798815999997,2.251539999997476,take_profit,23
2019-04-03 01:00:00,2019-04-03 02:30:00,long,8701.431585,8710.333435000002,8696.23066,8710.333435000002,3.401850000002014,take_profit,18
2019-04-03 02:45:00,2019-04-03 02:50:00,long,8706.320395,8710.621011000001,8703.420087,8710.621011000001,-1.1993839999995544,take_profit,1
2019-04-03 04:20:00,2019-04-03 04:25:00,long,8707.75828,8705.433126,8705.433126,8710.908588,-7.825154000000111,stop_loss,1
2019-04-04 04:30:00,2019-04-04 05:00:00,long,8705.170087,8714.071937000002,8699.969162,8714.071937000002,3.401850000002014,take_profit,6
2019-04-05 01:55:00,2019-04-05 02:00:00,long,8717.823477,8720.973785,8715.498323,8720.973785,-2.349691999999777,take_profit,1
2019-04-05 03:00:00,2019-04-05 03:20:00,long,8722.42471,8715.498323,8715.498323,8734.777483999998,-12.426386999999522,stop_loss,4
2019-04-08 01:35:00,2019-04-08 02:05:00,long,8736.803563,8733.615678,8733.615678,8741.679332999998,-8.687884999999369,stop_loss,6
2019-04-08 02:25:00,2019-04-08 02:40:00,long,8737.091141,8732.46537,8732.46537,8744.842683000003,-10.125771000000896,stop_loss,3
2019-04-09 03:55:00,2019-04-09 04:10:00,long,8760.384883,8756.621843,8756.621843,8766.410963,-9.263039999999819,stop_loss,3
2019-04-09 04:30:00,2019-04-09 05:30:00,long,8761.247614,8756.046689,8756.046689,8770.149463999998,-10.700924999999188,stop_loss,12
2019-04-10 01:00:00,2019-04-10 05:40:00,long,8742.267528,8751.744532,8736.779026,8751.744532,3.9770040000003064,take_profit,56
2019-04-11 01:10:00,2019-04-11 02:20:00,long,8790.292897,8786.24228,8786.24228,8796.894130999997,-9.550616999998965,stop_loss,14
2019-04-11 03:25:00,2019-04-11 03:40:00,long,8775.33889,8779.639508000002,8772.438581,8779.639508000002,-1.1993819999988773,take_profit,3
2019-04-11 04:00:00,2019-04-11 04:20:00,long,8783.391047,8787.691662999996,8780.490739,8787.691662999996,-1.1993840000031923,take_profit,4
2019-04-11 04:35:00,2019-04-11 04:40:00,long,8786.841972,8791.142588,8783.941664,8791.142588,-1.1993839999995544,take_profit,1
2019-04-12 01:25:00,2019-04-12 01:30:00,short,8764.273693,8766.886424,8766.886424,8760.548230999997,-8.112731000001077,stop_loss,1
2019-04-12 01:55:00,2019-04-12 02:30:00,short,8763.123384,8767.749155,8767.749155,8755.371842000002,-10.125770999999077,stop_loss,7
2019-04-12 02:30:00,2019-04-12 03:00:00,long,8767.861886,8776.188582,8762.948538,8776.188582,2.8266960000000836,take_profit,6
2019-04-12 03:10:00,2019-04-12 03:30:00,long,8783.391047,8790.567432999998,8779.052854,8790.567432999998,1.6763859999991837,take_profit,4
2019-04-15 04:05:00,2019-04-15 04:30:00,long,8796.044438,8799.769900000003,8793.431707,8799.769900000003,-1.7745379999978468,take_profit,5
2019-04-16 02:30:00,2019-04-16 02:45:00,long,8824.514567,8831.690953,8820.176374,8831.690953,1.6763859999991837,take_profit,3
2019-04-16 03:50:00,2019-04-16 04:05:00,long,8841.194037,8835.993112,8835.993112,8850.095886999998,-10.700924999999188,stop_loss,3
2019-04-16 04:20:00,2019-04-16 04:30:00,long,8835.154919,8831.967033,8831.967033,8840.030691,-8.687885999999708,stop_loss,2
2019-04-16 04:35:00,2019-04-16 06:25:00,long,8836.592804,8829.666417,8829.666417,8848.945577999999,-12.426386999999522,stop_loss,22
2019-04-17 02:05:00,2019-04-17 02:40:00,long,8852.697119,8848.93408,8848.93408,8858.723197,-9.26303899999948,stop_loss,7
2019-04-17 03:10:00,2019-04-17 06:15:00,long,8854.422582,8861.59897,8850.084388,8861.59897,1.6763879999998608,take_profit,37
2019-04-18 01:20:00,2019-04-18 02:35:00,long,8829.978531,8825.352761,8825.352761,8837.730071000002,-10.125770000000557,stop_loss,15
2019-04-18 03:05:00,2019-04-18 03:15:00,short,8817.763026,8823.826682,8823.826682,8807.135714,-11.563656000000265,stop_loss,2
2019-04-23 01:00:00,2019-04-23 01:10:00,long,8911.36284,8908.462532,8908.462532,8915.663456,-8.400308000000223,stop_loss,2
2019-04-23 01:20:00,2019-04-23 01:40:00,long,8909.924955,8906.737069,8906.737069,8914.800727,-8.687885999999708,stop_loss,4
2019-04-24 02:05:00,2019-04-24 03:40:00,long,8997.348382,9004.52477,8993.010188,9004.52477,1.6763879999998608,take_profit,19
2019-04-25 03:30:00,2019-04-25 03:40:00,long,9034.7334,9037.308553999997,9032.695823,9037.308553999997,-2.9248460000017076,take_profit,2
2019-04-26 01:00:00,2019-04-26 01:20:00,long,8981.531643,8975.755564,8975.755564,8991.583801000002,-11.276079000001118,stop_loss,4
2019-04-26 01:25:00,2019-04-26 01:45:00,short,8970.466446,8976.530102,8976.530102,8959.839134,-11.563656000000265,stop_loss,4
2019-04-26 02:05:00,2019-04-26 02:40:00,short,8971.616754,8976.530102,8976.530102,8963.290058,-10.413348000000042,stop_loss,7
2019-04-26 03:15:00,2019-04-26 04:10:00,long,8979.518604,8971.441908,8971.441908,8994.171996000001,-13.576696000000084,stop_loss,11
2019-04-26 04:20:00,2019-04-26 04:35:00,short,8972.767062,8977.105256,8977.105256,8965.590674000001,-9.83819399999993,stop_loss,3
2019-04-29 01:05:00,2019-04-29 01:40:00,long,9028.694281,9024.643665,9024.643665,9035.295513000001,-9.550616000000446,stop_loss,7
2019-04-30 03:05:00,2019-04-30 04:15:00,short,8969.028561,8974.517062,8974.517062,8959.551558999996,-10.988501000001634,stop_loss,14
2019-05-01 02:50:00,2019-05-01 05:40:00,long,9037.896747,9033.270977,9033.270977,9045.648287000002,-10.125770000000557,stop_loss,34
2019-05-02 01:10:00,2019-05-02 01:20:00,short,8929.055349,8933.68112,8933.68112,8921.303807000002,-10.125770999999077,stop_loss,2
2019-05-03 01:05:00,2019-05-03 01:45:00,short,8930.205657,8925.905039000003,8933.105966,8925.905039000003,-1.1993820000025153,take_profit,8
2019-05-03 04:25:00,2019-05-03 04:35:00,short,8941.133586,8944.321471,8944.321471,8936.257816000001,-8.687884999999369,stop_loss,2
2019-05-03 04:50:00,2019-05-03 05:25:00,short,8938.545392,8944.896625,8944.896625,8927.342926000001,-11.85123299999941,stop_loss,7
2019-05-06 01:50:00,2019-05-06 02:15:00,short,8848.246195,8859.198661,8859.198661,8827.841262999998,-16.45246600000064,stop_loss,5
2019-05-06 02:50:00,2019-05-06 02:55:00,short,8848.821349,8855.747736,8855.747736,8836.468575,-12.426386999999522,stop_loss,1
2019-05-06 04:40:00,2019-05-06 04:50:00,short,8837.89342,8843.957076,8843.957076,8827.266108,-11.563656000000265,stop_loss,2
2019-05-07 01:15:00,2019-05-07 01:30:00,long,8935.231736,8976.917369999997,8913.638919,8976.917369999997,36.18563399999766,take_profit,3
2019-05-07 01:35:00,2019-05-07 01:40:00,long,8967.440367,8964.827636,8964.827636,8971.165828999998,-8.112730999999258,stop_loss,1
2019-05-07 04:30:00,2019-05-07 04:45:00,short,8921.578345,8927.929578,8927.929578,8910.375879000001,-11.85123299999941,stop_loss,3
2019-05-08 01:20:00,2019-05-08 01:55:00,short,8820.926374,8829.290646,8829.290646,8805.697830000003,-13.864271999998891,stop_loss,7
2019-05-08 04:20:00,2019-05-08 04:50:00,short,8814.599678,8788.443204000001,8828.427915,8788.443204000001,20.656473999999434,take_profit,6
2019-05-09 01:25:00,2019-05-09 01:50:00,short,8736.378718,8717.124096,8746.756029,8717.124096,13.754622000000381,take_profit,5
2019-05-09 02:15:00,2019-05-09 04:10:00,short,8708.483743,8724.037442,8724.037442,8678.876345,-21.05369900000005,stop_loss,23
2019-05-10 03:00:00,2019-05-10 03:10:00,short,8716.248323,8711.372551,8719.436209,8711.372551,-0.6242280000005849,take_profit,2
2019-05-10 03:50:00,2019-05-10 03:55:00,short,8716.5359,8723.17471,8723.17471,8704.758280000004,-12.138809999998557,stop_loss,1
2019-05-13 01:10:00,2019-05-13 01:25:00,short,8643.491327,8650.130137,8650.130137,8631.713706999999,-12.138810000000376,stop_loss,3
2019-05-13 02:05:00,2019-05-13 03:10:00,short,8624.51124,8593.178378,8640.927671,8593.178378,25.832861999999295,take_profit,13
2019-05-13 04:20:00,2019-05-13 04:45:00,short,8610.419964,8618.784237,8618.784237,8595.191418000002,-13.86427299999923,stop_loss,5
2019-05-14 01:00:00,2019-05-14 02:10:00,short,8464.618394,8473.845398,8473.845398,8447.664385999999,-14.727004000000306,stop_loss,14
2019-05-14 03:30:00,2019-05-14 03:35:00,short,8463.468086,8467.806279,8467.806279,8456.291700000002,-9.838192999999592,stop_loss,1
2019-05-14 03:40:00,2019-05-14 03:45:00,short,8463.180509,8470.106896,8470.106896,8450.827735,-12.426386999999522,stop_loss,1
2019-05-15 02:15:00,2019-05-15 02:45:00,short,8551.754244,8529.62385,8563.569441,8529.62385,16.630393999999797,take_profit,6
2019-05-15 03:00:00,2019-05-15 03:25:00,short,8530.185964,8540.850853,8540.850853,8510.356186,-16.164888999999675,stop_loss,5
2019-05-16 01:30:00,2019-05-16 01:55:00,long,8620.047276,8626.648507999997,8615.99666,8626.648507999997,1.1012319999972533,take_profit,5
2019-05-16 01:55:00,2019-05-16 02:00:00,long,8624.360932,8629.236701999998,8621.173047,8629.236701999998,-0.6242300000012619,take_profit,1
2019-05-16 03:05:00,2019-05-16 05:05:00,long,8633.275821,8673.235992999998,8612.545735,8673.235992999998,34.46017199999915,take_profit,24
2019-05-17 01:30:00,2019-05-17 03:25:00,long,8716.673169,8694.217621,8694.217621,8760.084265,-27.955547999999908,stop_loss,23
2019-05-20 01:55:00,2019-05-20 03:05:00,short,8652.406215,8661.058065,8661.058065,8636.602515000004,-14.151849999998376,stop_loss,14
2019-05-20 03:55:00,2019-05-20 04:00:00,short,8608.694502,8612.457542,8612.457542,8602.668422,-9.263039999999819,stop_loss,1
2019-05-21 01:00:00,2019-05-21 02:10:00,short,8549.741204,8536.813273999998,8556.955169,8536.813273999998,7.427930000001652,take_profit,14
2019-05-21 02:25:00,2019-05-21 02:35:00,short,8518.107728,8527.047154,8527.047154,8501.728876000003,-14.439425999999003,stop_loss,2
2019-05-21 04:00:00,2019-05-21 04:15:00,short,8532.199004,8542.001161,8542.001161,8514.09469,-15.30215700000008,stop_loss,3
2019-05-22 02:00:00,2019-05-22 04:20:00,short,8558.080939,8568.170674,8568.170674,8539.401468999997,-15.589735000001383,stop_loss,28
2019-05-23 04:15:00,2019-05-23 04:35:00,short,8450.527118,8431.847648,8460.616853,8431.847648,13.179469999999128,take_profit,4
2019-05-24 01:00:00,2019-05-24 01:40:00,short,8445.350731,8449.976502,8449.976502,8437.599189000002,-10.125770999999077,stop_loss,8
2019-05-24 02:20:00,2019-05-24 02:30:00,short,8445.350731,8452.852272,8452.852272,8431.847649000001,-13.001540999999634,stop_loss,2
2019-05-24 04:15:00,2019-05-24 05:00:00,short,8457.716545,8462.629892,8462.629892,8449.389850999996,-10.413347000001522,stop_loss,9
2019-05-28 01:25:00,2019-05-28 02:05:00,short,8439.024036,8428.971880000003,8444.800114,8428.971880000003,4.552155999997922,take_profit,8
2019-05-28 02:05:00,2019-05-28 03:10:00,short,8428.671261,8407.691175,8439.911304,8407.691175,15.480085999999574,take_profit,13
2019-05-29 01:15:00,2019-05-29 02:15:00,short,8331.757791,8305.026162999999,8345.873605,8305.026162999999,21.231628000001365,take_profit,12
2019-05-29 04:40:00,2019-05-29 04:55:00,short,8312.202551,8318.553784,8318.553784,8301.000085000001,-11.85123299999941,stop_loss,3
2019-05-30 03:00:00,2019-05-30 06:05:00,short,8332.332946,8318.254710000003,8340.122064,8318.254710000003,8.57823599999756,take_profit,37
2019-05-31 02:30:00,2019-05-31 02:50:00,short,8244.621942,8228.243089999998,8253.561368,8228.243089999998,10.878852000001643,take_profit,4
2019-05-31 03:25:00,2019-05-31 03:35:00,short,8235.99463,8245.796788,8245.796788,8217.890313999998,-15.302158000000418,stop_loss,2
2019-05-31 03:40:00,2019-05-31 04:30:00,short,8238.582823,8221.628815000004,8247.809827,8221.628815000004,11.454007999996975,take_profit,10
2019-05-31 04:35:00,2019-05-31 05:10:00,short,8215.289081,8222.215469,8222.215469,8202.936305000001,-12.42638799999986,stop_loss,7
2019-06-03 02:05:00,2019-06-03 02:40:00,short,8151.159397,8133.630237,8160.673977,8133.630237,12.029160000000047,take_profit,7
2019-06-04 01:05:00,2019-06-04 01:30:00,short,8049.644694,8041.317999999998,8054.558041,8041.317999999998,2.8266940000012255,take_profit,5
2019-06-04 02:00:00,2019-06-04 02:10:00,short,8040.729805,8046.218307,8046.218307,8031.252801,-10.988502000000153,stop_loss,2
2019-06-05 02:25:00,2019-06-05 02:45:00,long,8274.954802,8291.333655999999,8266.015375,8291.333655999999,10.878853999998682,take_profit,4
2019-06-05 02:55:00,2019-06-05 03:15:00,long,8298.823698,8293.622773,8293.622773,8307.725548000002,-10.700925000001007,stop_loss,4
2019-06-05 03:20:00,2019-06-05 03:40:00,long,8296.810659,8291.03458,8291.03458,8306.862817000003,-11.276079000001118,stop_loss,4
2019-06-05 03:45:00,2019-06-05 04:00:00,long,8295.947928,8290.459426,8290.459426,8305.424932,-10.988502000000153,stop_loss,3
2019-06-06 02:45:00,2019-06-06 06:45:00,long,8345.986336,8333.308408,8333.308408,8369.842191999998,-18.177927999999156,stop_loss,48
2019-06-07 02:10:00,2019-06-07 02:25:00,long,8394.58686,8387.085319,8387.085319,8408.089941999999,-13.001540999999634,stop_loss,3
2019-06-07 02:25:00,2019-06-07 02:35:00,long,8389.122896,8395.724130000002,8385.072279,8395.724130000002,1.1012340000015683,take_profit,2
2019-06-07 02:35:00,2019-06-07 02:55:00,long,8396.312322,8389.673512,8389.673512,8408.089942,-12.138810000000376,stop_loss,4
2019-06-07 03:00:00,2019-06-07 03:05:00,long,8391.998666,8399.750205999997,8387.372896,8399.750205999997,2.251539999997476,take_profit,1
2019-06-10 01:35:00,2019-06-10 01:45:00,long,8566.84552,8562.507326,8562.507326,8574.021908,-9.83819399999993,stop_loss,2
2019-06-10 01:55:00,2019-06-10 02:00:00,long,8564.544903,8560.494287,8560.494287,8571.146135,-9.550616000000446,stop_loss,1
2019-06-10 02:50:00,2019-06-10 03:15:00,long,8570.008868,8561.069441,8561.069441,8586.387722000003,-14.43942700000116,stop_loss,5
2019-06-10 03:25:00,2019-06-10 03:30:00,long,8567.420674,8562.219749,8562.219749,8576.322524000003,-10.700925000001007,stop_loss,1
2019-06-11 02:45:00,2019-06-11 03:35:00,long,8680.150882,8693.653964,8672.649341,8693.653964,8.003081999999267,take_profit,10
2019-06-11 04:40:00,2019-06-11 06:00:00,long,8704.594933,8697.380968,8697.380968,8717.522863000002,-12.713965000000826,stop_loss,16
2019-06-12 03:00:00,2019-06-12 03:15:00,long,8619.472122,8609.09481,8609.09481,8638.726745999997,-15.87731199999871,stop_loss,3
2019-06-12 04:25:00,2019-06-12 04:35:00,long,8611.995119,8606.506617,8606.506617,8621.472123,-10.988502000000153,stop_loss,2
2019-06-13 02:05:00,2019-06-13 02:15:00,short,8575.910717,8586.863183,8586.863183,8555.505785000003,-16.45246599999882,stop_loss,2
2019-06-13 03:15:00,2019-06-13 03:40:00,long,8624.936086,8645.341017999997,8613.98362,8645.341017999997,14.904931999997643,take_profit,5
2019-06-13 04:10:00,2019-06-13 04:45:00,long,8643.341018,8633.538861,8633.538861,8661.445331999996,-15.30215699999826,stop_loss,7
2019-06-14 02:20:00,2019-06-14 05:25:00,short,8604.956,8573.623140000002,8621.37243,8573.623140000002,25.832859999998618,take_profit,37
2019-06-17 03:30:00,2019-06-17 04:45:00,long,8624.98217,8620.079842,8620.079842,8633.286826,-10.402328000000125,stop_loss,15
2019-06-18 03:15:00,2019-06-18 05:45:00,long,8694.33338,8737.027064000002,8672.236538,8737.027064000002,37.19368400000167,take_profit,30
2019-06-19 01:00:00,2019-06-19 02:00:00,long,8802.37225,8798.043073,8798.043073,8809.530604,-9.829176999999618,stop_loss,12
2019-06-19 02:00:00,2019-06-19 03:50:00,long,8807.530604,8796.323621,8796.323621,8828.44457,-16.706983000000037,stop_loss,22
2019-06-19 04:10:00,2019-06-19 04:15:00,long,8800.366223,8796.323621,8796.323621,8806.951427000004,-9.542602000001352,stop_loss,1
2019-06-19 04:45:00,2019-06-19 05:05:00,long,8799.506497,8793.171293,8793.171293,8810.676905000002,-11.835204000000886,stop_loss,4
2019-06-20 01:05:00,2019-06-20 01:25:00,long,8893.50318,8902.380986,8888.314277,8902.380986,3.377806000000419,take_profit,4
2019-06-20 01:25:00,2019-06-20 03:30:00,long,8906.399066,8927.886184,8894.905507,8927.886184,15.987118000000919,take_profit,25
2019-06-20 04:25:00,2019-06-20 05:00:00,long,8938.495494,8934.166317,8934.166317,8945.653848000004,-9.829177000001437,stop_loss,7
2019-06-21 01:40:00,2019-06-21 02:10:00,long,8886.625374,8879.717019,8879.717019,8898.942083999998,-12.408354999999574,stop_loss,6
2019-06-21 02:15:00,2019-06-21 02:40:00,long,8887.485099,8903.813860999997,8878.570718,8903.813860999997,10.828761999997369,take_profit,5
2019-06-21 04:25:00,2019-06-21 04:35:00,long,8896.082357,8887.167976,8887.167976,8912.411118999997,-14.414380999998684,stop_loss,2
2019-06-21 04:55:00,2019-06-21 05:00:00,long,8886.625374,8879.717019,8879.717019,8898.942083999998,-12.408354999999574,stop_loss,1
2019-06-24 01:10:00,2019-06-24 01:35:00,long,8924.739882,8918.404678,8918.404678,8935.910289999998,-11.835203999999067,stop_loss,5
2019-06-24 01:40:00,2019-06-24 02:05:00,long,8921.014404,8929.31906,8916.112076,8929.31906,2.80465600000025,take_profit,5
2019-06-24 02:05:00,2019-06-24 02:20:00,long,8927.605634,8924.136183,8924.136183,8933.044535999998,-8.969450999999026,stop_loss,3
2019-06-24 03:25:00,2019-06-24 03:35:00,long,8917.00235,8911.526872,8911.526872,8926.453306000001,-10.975478000000294,stop_loss,2
2019-06-24 03:45:00,2019-06-24 04:30:00,long,8914.136598,8910.380571,8910.380571,8920.148651999998,-9.256026999999449,stop_loss,9
2019-06-25 03:25:00,2019-06-25 03:30:00,short,8867.571133,8872.760036,8872.760036,8858.693326999999,-10.68890300000021,stop_loss,1
2019-06-25 03:30:00,2019-06-25 03:50:00,long,8874.016063,8867.107708,8867.107708,8886.332772999998,-12.408354999999574,stop_loss,4
2019-06-25 03:50:00,2019-06-25 04:35:00,short,8864.13223,8874.192912,8874.192912,8845.510865999997,-15.56068200000118,stop_loss,9
2019-06-27 01:30:00,2019-06-27 03:45:00,long,8821.286216,8813.518136,8813.518136,8835.322376,-13.268079999999827,stop_loss,27
2019-06-27 04:45:00,2019-06-27 04:50:00,long,8821.286216,8810.938959,8810.938959,8840.480730000003,-15.847257000001264,stop_loss,1
2019-06-28 01:00:00,2019-06-28 01:15:00,short,8801.37225,8806.561153,8806.561153,8792.494444,-10.68890300000021,stop_loss,3
2019-06-28 02:50:00,2019-06-28 03:00:00,long,8823.005668,8818.10334,8818.10334,8831.310324,-10.402328000000125,stop_loss,2
2019-07-01 01:45:00,2019-07-01 02:00:00,long,8963.427541,8970.585896999999,8959.098363,8970.585896999999,1.6583559999999125,take_profit,3
2019-07-01 02:40:00,2019-07-01 02:55:00,long,8976.323427,8965.403019,8965.403019,8996.664243,-16.420407999999952,stop_loss,3
2019-07-01 04:45:00,2019-07-01 07:25:00,long,8972.884524,8984.054931999997,8966.54932,8984.054931999997,5.670407999998133,take_profit,32
2019-07-02 01:00:00,2019-07-02 02:05:00,long,8934.770016,8927.288511,8927.288511,8948.233026,-12.981504999999743,stop_loss,13
2019-07-02 04:05:00,2019-07-02 05:25:00,long,8906.685641,8917.282899000002,8900.637012,8917.282899000002,5.097258000001602,take_profit,16
2019-07-03 01:10:00,2019-07-03 02:10:00,long,8979.76233,8988.066986,8974.860002,8988.066986,2.80465600000025,take_profit,12
2019-07-03 02:30:00,2019-07-03 08:20:00,long,9006.986979,8996.353146,8996.353146,9026.754644999999,-16.133832999999868,stop_loss,70
2019-07-04 01:55:00,2019-07-04 02:15:00,long,9041.089434,9045.382035999997,9038.193133,9045.382035999997,-1.2073980000022857,take_profit,4
2019-07-05 01:05:00,2019-07-05 01:15:00,long,9064.588604,9061.978878,9061.978878,9068.308056000002,-8.109726000000592,stop_loss,2
2019-07-08 01:15:00,2019-07-08 01:20:00,short,8961.567815,8967.903019,8967.903019,8950.397407000002,-11.835203999999067,stop_loss,1
2019-07-08 01:30:00,2019-07-08 02:05:00,short,8962.427541,8969.335895,8969.335895,8950.110832999997,-12.408354000001054,stop_loss,7
2019-07-09 01:45:00,2019-07-09 01:50:00,short,8890.783728,8895.686056,8895.686056,8882.479072,-10.402328000000125,stop_loss,1
2019-07-09 02:00:00,2019-07-09 05:50:00,short,8887.917976,8901.990711,8901.990711,8861.272506000001,-19.57273499999974,stop_loss,46
2019-07-10 01:55:00,2019-07-10 02:35:00,short,8970.451648,8978.792879,8978.792879,8955.269186,-13.841231000000334,stop_loss,8
2019-07-10 02:55:00,2019-07-10 03:00:00,long,8978.042879,8985.201235,8973.713701,8985.201235,1.6583559999999125,take_profit,1
2019-07-10 04:00:00,2019-07-10 04:15:00,short,8974.177126,8982.518357,8982.518357,8958.994664,-13.841231000000334,stop_loss,3
2019-07-11 02:45:00,2019-07-11 05:30:00,long,9113.592972,9104.678591,9104.678591,9129.921734000001,-14.414381000000503,stop_loss,33
2019-07-12 02:55:00,2019-07-12 03:10:00,long,9091.526678,9102.697086000002,9085.191474,9102.697086000002,5.670408000001771,take_profit,3
2019-07-12 03:25:00,2019-07-12 05:50:00,long,9105.568865,9096.941059,9096.941059,9121.324476999996,-14.1278059999986,stop_loss,29
2019-07-15 01:45:00,2019-07-15 02:20:00,long,9138.238444,9148.835702000002,9132.189815,9148.835702000002,5.097258000001602,take_profit,7
2019-07-15 03:35:00,2019-07-15 04:20:00,long,9135.659266,9129.324062,9129.324062,9146.829674000002,-11.835204000000886,stop_loss,9
2019-07-15 04:50:00,2019-07-15 05:15:00,long,9129.927761,9135.366663000003,9126.45831,9135.366663000003,-0.061097999998310115,take_profit,5
2019-07-16 01:00:00,2019-07-16 01:15:00,long,9168.61542,9164.859393,9164.859393,9174.627473999999,-9.256026999999449,stop_loss,3
2019-07-16 03:15:00,2019-07-16 03:45:00,long,9166.895969,9161.707066,9161.707066,9175.773774999996,-10.68890299999839,stop_loss,6
2019-07-16 03:50:00,2019-07-16 04:20:00,long,9166.322818,9159.127888,9159.127888,9179.212678,-12.694929999999658,stop_loss,6
2019-07-17 01:00:00,2019-07-17 01:15:00,short,9107.434618,9111.763795,9111.763795,9100.276263999996,-9.829177000001437,stop_loss,3
2019-07-17 02:20:00,2019-07-17 03:00:00,long,9119.324477,9125.336530999999,9115.56845,9125.336530999999,0.5120539999988978,take_profit,8
2019-07-17 03:45:00,2019-07-17 05:15:00,long,9127.921735,9122.159681,9122.159681,9137.945843000001,-11.262054000000717,stop_loss,18
2019-07-18 02:00:00,2019-07-18 02:10:00,short,8996.529996,9004.011501,9004.011501,8983.066985999996,-12.981505000001562,stop_loss,2
2019-07-19 02:20:00,2019-07-19 04:50:00,long,9128.78146,9122.446256,9122.446256,9139.951868000002,-11.835204000000886,stop_loss,30
2019-07-22 01:15:00,2019-07-22 01:30:00,short,9004.840678,9008.596705,9008.596705,8998.828624000002,-9.256026999999449,stop_loss,3
2019-07-22 02:00:00,2019-07-22 02:05:00,short,9004.554103,9013.755059,9013.755059,8987.652191000003,-14.700955999998769,stop_loss,1
2019-07-22 02:30:00,2019-07-22 03:15:00,short,9006.273554,9014.90136,9014.90136,8990.517941999999,-14.127806000000419,stop_loss,9
2019-07-23 01:50:00,2019-07-23 02:00:00,long,9095.825307,9102.410510999998,9091.782705,9102.410510999998,1.0852039999990666,take_profit,2
2019-07-23 02:05:00,2019-07-23 02:45:00,long,9102.703113,9093.215581,9093.215581,9120.178176999998,-14.987531999999192,stop_loss,8
2019-07-23 02:50:00,2019-07-23 04:25:00,long,9098.404484,9110.721194000003,9091.496129,9110.721194000003,6.816710000002786,take_profit,19
2019-07-25 01:10:00,2019-07-25 02:00:00,long,9197.559521,9193.803494,9193.803494,9203.571574999998,-9.256026999999449,stop_loss,10
2019-07-25 02:50:00,2019-07-25 05:15:00,long,9190.395139,9183.20021,9183.20021,9203.284996999999,-12.69492899999932,stop_loss,29
2019-07-26 01:30:00,2019-07-26 01:55:00,long,9191.828016,9186.352537,9186.352537,9201.278973999997,-10.975478999998813,stop_loss,5
2019-07-26 03:15:00,2019-07-26 03:35:00,long,9180.07843,9172.023775,9172.023775,9194.68774,-13.554654999999912,stop_loss,4
2019-07-26 03:45:00,2019-07-26 04:30:00,long,9178.645554,9186.95021,9173.743226,9186.95021,2.80465600000025,take_profit,9
2019-07-26 04:55:00,2019-07-26 05:55:00,long,9189.821989,9186.065962,9186.065962,9195.834042999999,-9.256026999999449,stop_loss,12
2019-07-29 01:15:00,2019-07-29 02:05:00,long,9180.651581,9177.182129,9177.182129,9186.090484999999,-8.969451999999364,stop_loss,10
2019-07-29 02:05:00,2019-07-29 02:45:00,long,9181.224731,9193.541439000002,9174.316377,9193.541439000002,6.816708000002109,take_profit,8
2019-07-29 03:10:00,2019-07-29 03:40:00,long,9192.401166,9188.931715,9188.931715,9197.840067999998,-8.969450999999026,stop_loss,6
2019-07-30 03:05:00,2019-07-30 03:15:00,short,9158.731587,9165.353367,9165.353367,9146.988027000001,-12.12177999999949,stop_loss,2
2019-07-30 03:20:00,2019-07-30 04:00:00,short,9153.286658,9135.238444000002,9163.060765,9135.238444000002,12.548213999998552,take_profit,8
2019-07-31 01:20:00,2019-07-31 02:30:00,short,9146.982002,9162.487614,9162.487614,9117.470778000003,-21.00561199999902,stop_loss,14
2019-07-31 03:05:00,2019-07-31 03:25:00,long,9163.17049,9170.901994,9158.554738,9170.901994,2.231503999999404,take_profit,4
2019-07-31 03:50:00,2019-07-31 03:55:00,long,9168.61542,9163.426517,9163.426517,9177.493226,-10.68890300000021,stop_loss,1
2019-08-01 01:05:00,2019-08-01 01:40:00,short,9011.431909,8999.688351000003,9018.053688,8999.688351000003,6.243557999998302,take_profit,7
2019-08-01 03:45:00,2019-08-01 04:00:00,short,9018.882865,9023.212042,9023.212042,9011.724511,-9.829176999999618,stop_loss,3
2019-08-02 01:05:00,2019-08-02 01:20:00,short,8926.319059,8936.666317,8936.666317,8907.124543,-15.847257999999783,stop_loss,3
2019-08-02 01:45:00,2019-08-02 02:00:00,short,8926.319059,8911.709746999999,8934.373715,8911.709746999999,9.1093120000005,take_profit,3
2019-08-02 02:00:00,2019-08-02 02:10:00,short,8921.160705,8932.940838,8932.940838,8899.100439,-17.280133000000205,stop_loss,2
2019-08-02 02:45:00,2019-08-02 05:05:00,short,8881.899895,8902.563862,8902.563862,8842.071961,-26.16396700000041,stop_loss,28
2019-08-05 02:50:00,2019-08-05 03:55:00,short,8699.351461,8667.547635,8716.003374,8667.547635,26.30382599999939,take_profit,13
2019-08-05 03:55:00,2019-08-05 04:25:00,short,8667.828183,8683.62037,8683.62037,8637.743808999998,-21.292187000000922,stop_loss,6
2019-08-07 04:15:00,2019-08-07 04:20:00,long,8655.932297,8651.316544,8651.316544,8663.663803,-10.11575300000004,stop_loss,1
2019-08-07 04:25:00,2019-08-07 04:40:00,long,8661.377227,8675.986539000001,8653.322571,8675.986539000001,9.1093120000005,take_profit,3
2019-08-08 01:10:00,2019-08-08 02:00:00,long,8712.101046,8703.186665,8703.186665,8728.429808,-14.414381000000503,stop_loss,10
2019-08-08 04:55:00,2019-08-08 05:50:00,long,8706.656116,8692.296805,8692.296805,8733.874738,-19.85931100000016,stop_loss,11
2019-08-13 02:20:00,2019-08-13 02:45:00,short,8658.94435,8642.615585999998,8667.858732,8642.615585999998,10.828764000001684,take_profit,5
2019-08-14 01:45:00,2019-08-14 02:00:00,long,8879.747568,8872.266063,8872.266063,8893.210578000004,-12.981505000001562,stop_loss,3
2019-08-15 02:25:00,2019-08-15 02:45:00,short,8619.970116,8636.908604,8636.908604,8587.59314,-22.43848799999978,stop_loss,4
2019-08-15 02:50:00,2019-08-15 02:55:00,short,8624.841895,8636.048879,8636.048879,8603.927926999999,-16.706984000000375,stop_loss,1
2019-08-15 03:00:00,2019-08-15 03:10:00,short,8620.829842,8633.756277,8633.756277,8596.476971999997,-18.42643500000122,stop_loss,2
2019-08-16 01:40:00,2019-08-16 02:30:00,short,8656.938324,8671.870785,8671.870785,8628.573402000004,-20.43246099999851,stop_loss,10
2019-08-16 03:50:00,2019-08-16 04:45:00,long,8699.77831,8690.577354,8690.577354,8716.680222,-14.700956000000588,stop_loss,11
2019-08-19 01:05:00,2019-08-19 01:25:00,long,8790.336089,8801.506497000002,8784.000885,8801.506497000002,5.670408000001771,take_profit,4
2019-08-20 02:05:00,2019-08-20 02:15:00,long,8864.845655,8858.51045,8858.51045,8876.016064999998,-11.835204999999405,stop_loss,2
2019-08-20 02:20:00,2019-08-20 06:05:00,long,8872.583186,8856.504424,8856.504424,8903.240709999998,-21.578761999999188,stop_loss,45
2019-08-21 01:55:00,2019-08-21 02:00:00,long,8826.444571,8830.164023000001,8823.834845,8830.164023000001,-1.7805479999988165,take_profit,1
2019-08-21 02:00:00,2019-08-21 08:00:00,long,8843.925661,8880.887840999998,8824.694571,8880.887840999998,31.462179999998625,take_profit,72
2019-08-22 01:40:00,2019-08-22 02:05:00,long,8867.138257,8860.516477,8860.516477,8878.881817000003,-12.121780000001309,stop_loss,5
2019-08-22 02:15:00,2019-08-22 03:30:00,long,8894.362905,8861.662778,8861.662778,8958.263159,-38.200127000000066,stop_loss,15
2019-08-22 04:25:00,2019-08-22 05:05:00,short,8841.492785,8852.699768,8852.699768,8820.578819,-16.706983000000037,stop_loss,8
2019-08-23 01:00:00,2019-08-23 01:35:00,long,8896.655507,8891.466604,8891.466604,8905.533313,-10.68890300000021,stop_loss,7
2019-08-23 02:15:00,2019-08-23 02:30:00,long,8892.643454,8888.887427,8888.887427,8898.655507999998,-9.256026999999449,stop_loss,3
2019-08-23 03:50:00,2019-08-23 04:25:00,long,8888.05825,8882.009621,8882.009621,8898.655508000002,-11.548629000000801,stop_loss,7
2019-08-27 02:00:00,2019-08-27 03:10:00,short,8668.114758,8680.754618,8680.754618,8644.335037999997,-18.139860000001136,stop_loss,14
2019-08-28 02:30:00,2019-08-28 02:45:00,short,8683.589822,8672.992563999998,8689.638451,8672.992563999998,5.097258000001602,take_profit,3
2019-08-28 03:00:00,2019-08-28 03:05:00,short,8679.864344,8684.193521,8684.193521,8672.70599,-9.829176999999618,stop_loss,1
2019-08-28 03:35:00,2019-08-28 10:30:00,short,8658.657775,8703.107487,8703.107487,8571.258351,-49.949711999999636,stop_loss,83
2019-08-29 01:05:00,2019-08-29 01:10:00,short,8683.303247,8688.49215,8688.49215,8674.425441,-10.68890300000021,stop_loss,1
2019-08-29 01:25:00,2019-08-29 02:05:00,short,8681.87037,8689.351875,8689.351875,8668.407360000001,-12.981504999999743,stop_loss,8
2019-08-29 02:30:00,2019-08-29 02:45:00,long,8760.245688,8785.744858000004,8746.746103,8785.744858000004,19.999170000002778,take_profit,3
2019-08-29 02:45:00,2019-08-29 08:30:00,long,8794.921293,8838.761278999998,8772.2513,8838.761278999998,38.339985999999044,take_profit,69
2019-08-30 02:05:00,2019-08-30 10:00:00,long,8855.388671,8823.261695,8823.261695,8918.142623000003,-37.62697600000138,stop_loss,95
2019-09-02 03:10:00,2019-09-02 05:35:00,long,8793.488417,8821.280189000001,8778.842531,8821.280189000001,22.291772000000492,take_profit,29
2019-09-03 01:00:00,2019-09-03 01:05:00,short,8744.343775,8755.264183,8755.264183,8724.002959,-16.420407999999952,stop_loss,1
2019-09-03 01:20:00,2019-09-03 01:40:00,long,8769.989247,8762.221166,8762.221166,8784.025409,-13.268081000000166,stop_loss,4
2019-09-03 04:25:00,2019-09-03 05:45:00,short,8733.740491,8749.532678,8749.532678,8703.656117000002,-21.292186999999103,stop_loss,16
2019-09-04 02:10:00,2019-09-04 02:30:00,long,8834.468678,8851.370591999997,8825.267721,8851.370591999997,11.401913999998214,take_profit,4
2019-09-04 03:05:00,2019-09-04 03:15:00,long,8856.821547,8852.205795,8852.205795,8864.553050999999,-10.115751999999702,stop_loss,2
2019-09-05 03:15:00,2019-09-05 04:55:00,long,8940.214945,8959.982608999999,8929.581113,8959.982608999999,14.267663999999058,take_profit,20
2019-09-06 04:35:00,2019-09-06 04:45:00,long,9032.205601,9024.437521,9024.437521,9046.241761,-13.268079999999827,stop_loss,2
2019-09-09 04:50:00,2019-09-09 05:35:00,long,9031.919026,9027.016698,9027.016698,9040.223682,-10.402328000000125,stop_loss,9
2019-09-10 01:05:00,2019-09-10 01:15:00,short,8959.275213,8948.677955000003,8965.323842,8948.677955000003,5.097257999997964,take_profit,2
2019-09-10 01:15:00,2019-09-10 01:50:00,short,8951.251106,8958.15946,8958.15946,8938.934397999998,-12.408354000001054,stop_loss,7
2019-09-10 03:00:00,2019-09-10 04:00:00,short,8934.056591,8942.397822,8942.397822,8918.874129,-13.841231000000334,stop_loss,12
2019-09-10 04:35:00,2019-09-10 04:45:00,short,8938.35522,8944.976999,8944.976999,8926.611661999998,-12.12177900000097,stop_loss,2
2019-09-11 04:00:00,2019-09-11 06:40:00,short,8947.239052,8971.341922,8971.341922,8900.533312000003,-29.602869999998802,stop_loss,32
2019-09-12 02:30:00,2019-09-12 03:15:00,long,9082.92942,9076.307641,9076.307641,9094.672978000002,-12.12177900000097,stop_loss,9
2019-09-12 03:20:00,2019-09-12 03:45:00,long,9082.069695,9074.874765,9074.874765,9094.959555,-12.694929999999658,stop_loss,5
2019-09-12 04:55:00,2019-09-12 05:20:00,long,9075.478464,9069.71641,9069.71641,9085.502571999998,-11.262053999998898,stop_loss,5
2019-09-16 02:40:00,2019-09-16 03:00:00,short,8974.700518,8981.595702,8981.595702,8962.410149999998,-12.395184000000881,stop_loss,4
2019-09-17 01:10:00,2019-09-17 01:50:00,short,8981.274919,8986.455041,8986.455041,8972.414675,-10.680121999999756,stop_loss,8
2019-09-17 02:05:00,2019-09-17 02:15:00,short,8980.989076,8986.455041,8986.455041,8971.557146000001,-10.965964999999414,stop_loss,2
2019-09-17 04:25:00,2019-09-17 05:50:00,short,8999.568904,8988.421911999998,9005.8924,8988.421911999998,5.646992000001774,take_profit,17
2019-09-18 02:10:00,2019-09-18 03:00:00,long,9035.727657,9044.016215,9030.833378,9044.016215,2.7885580000001937,take_profit,10
2019-09-18 03:35:00,2019-09-18 03:50:00,long,9043.159588,9039.12284,9039.12284,9049.733084000001,-9.536748000000443,stop_loss,3
2019-09-20 01:55:00,2019-09-20 02:05:00,long,9074.888218,9067.135504,9067.135504,9088.893646,-13.252714000000196,stop_loss,2
2019-09-20 02:15:00,2019-09-20 02:30:00,long,9066.8846,9075.744846,9061.704477,9075.744846,3.3602460000001884,take_profit,3
2019-09-20 02:30:00,2019-09-20 03:25:00,long,9073.459001,9065.99213,9065.99213,9086.892742999997,-12.966870999998719,stop_loss,11
2019-09-23 02:30:00,2019-09-23 03:15:00,short,8972.41377,8942.972791999997,8987.884259,8942.972791999997,23.94097800000236,take_profit,9
2019-09-23 03:30:00,2019-09-23 04:30:00,short,8940.970984,8953.583037,8953.583037,8917.246877999998,-18.112053000000742,stop_loss,12
2019-09-24 01:00:00,2019-09-24 01:15:00,short,9003.570713,8996.997214999998,9007.607462,8996.997214999998,1.073498000001564,take_profit,3
2019-09-24 04:45:00,2019-09-24 05:00:00,long,9011.430958,9008.25174,9008.25174,9016.289394000003,-8.679218000001129,stop_loss,3
2019-09-25 01:45:00,2019-09-25 02:30:00,short,8845.49925,8834.352258000003,8851.822746,8834.352258000003,5.646991999998136,take_profit,9
2019-09-25 03:30:00,2019-09-25 04:05:00,short,8813.198933,8795.191696999998,8822.952551,8795.191696999998,12.507236000001285,take_profit,7
2019-09-25 04:15:00,2019-09-25 04:20:00,short,8801.765192,8789.474826000003,8808.660375,8789.474826000003,6.790365999997448,take_profit,1
2019-09-26 01:15:00,2019-09-26 02:00:00,short,8913.530006,8918.995972,8918.995972,8904.098074000001,-10.965965999999753,stop_loss,9
2019-09-26 02:20:00,2019-09-26 02:50:00,long,8930.537243,8939.969175000004,8925.071277,8939.969175000004,3.931932000003144,take_profit,6
2019-09-26 03:15:00,2019-09-26 03:40:00,long,8941.970984,8951.974601999998,8936.219175,8951.974601999998,4.5036179999988235,take_profit,5
2019-09-26 03:40:00,2019-09-26 07:40:00,long,8958.549908,8937.076705,8937.076705,8999.996314000004,-26.973203000001376,stop_loss,48
2019-09-27 03:25:00,2019-09-27 08:30:00,long,8925.677903,8911.636632,8911.636632,8952.260445,-19.54127100000005,stop_loss,61
2019-10-01 01:00:00,2019-10-01 02:50:00,long,8934.824896,8926.500495,8926.500495,8949.973698,-13.824400999999853,stop_loss,22
2019-10-02 01:10:00,2019-10-02 01:25:00,short,8806.910375,8798.621817,8811.804654,8798.621817,2.7885580000001937,take_profit,3
2019-10-02 01:25:00,2019-10-02 02:10:00,short,8799.764287,8777.755241,8811.51881,8777.755241,16.509045999999216,take_profit,9
2019-10-02 04:00:00,2019-10-02 04:05:00,short,8745.45402,8751.777516,8751.777516,8734.307027999997,-11.823496000000887,stop_loss,1
2019-10-02 04:20:00,2019-10-02 07:10:00,short,8740.59468,8757.494386,8757.494386,8708.295268,-22.39970600000015,stop_loss,34
2019-10-03 01:00:00,2019-10-03 01:30:00,short,8634.832579,8646.015415,8646.015415,8613.966907,-16.682835999999952,stop_loss,6
2019-10-03 03:45:00,2019-10-03 06:35:00,short,8662.5594,8643.408787999999,8672.884706,8643.408787999999,13.650612000001274,take_profit,34
2019-10-04 01:45:00,2019-10-04 02:00:00,short,8748.884142,8736.022088000003,8756.065169,8736.022088000003,7.362053999997443,take_profit,3
2019-10-04 02:10:00,2019-10-04 02:15:00,long,8756.744386,8745.275707,8745.275707,8778.181744,-16.96867899999961,stop_loss,1
2019-10-04 02:55:00,2019-10-04 03:40:00,long,8751.599203,8742.988959,8742.988959,8767.319690999999,-14.110243999999511,stop_loss,9
2019-10-04 04:45:00,2019-10-04 04:50:00,short,8725.15913,8729.195878,8729.195878,8718.585634,-9.536748000000443,stop_loss,1
2019-10-08 01:05:00,2019-10-08 01:10:00,long,8897.093552,8893.056804,8893.056804,8903.667048000001,-9.536748000000443,stop_loss,1
2019-10-09 01:15:00,2019-10-09 01:25:00,short,8723.729913,8727.766661,8727.766661,8717.156416999998,-9.536748000000443,stop_loss,2
2019-10-09 01:25:00,2019-10-09 01:40:00,short,8722.300695,8706.580207,8730.910939,8706.580207,10.220487999999023,take_profit,3
2019-10-09 02:00:00,2019-10-09 02:10:00,short,8704.864241,8718.905512,8718.905512,8678.281699,-19.54127100000005,stop_loss,2
2019-10-10 02:05:00,2019-10-10 02:30:00,long,8805.909471,8788.723921,8788.723921,8838.780571000001,-22.68555000000015,stop_loss,5
2019-10-10 02:35:00,2019-10-10 02:55:00,short,8770.608249,8778.360963,8778.360963,8756.602821000004,-13.252713999998377,stop_loss,4
2019-10-10 03:00:00,2019-10-10 03:15:00,short,8772.037467,8781.791085,8781.791085,8754.030230999999,-15.253618000000642,stop_loss,3
2019-10-11 03:00:00,2019-10-11 03:10:00,long,8929.393869,8937.110739,8924.785434,8937.110739,2.216870000000199,take_profit,2
2019-10-11 03:45:00,2019-10-11 04:40:00,long,8961.122499,8981.416482999999,8950.225507,8981.416482999999,14.79398399999991,take_profit,11
2019-10-11 04:40:00,2019-10-11 04:55:00,long,8979.702328,8972.807144,8972.807144,8991.992695999998,-12.395183999999063,stop_loss,3
2019-10-14 01:00:00,2019-10-14 01:05:00,long,8997.996313,8990.243599,8990.243599,9012.001741,-13.252714000000196,stop_loss,1
2019-10-14 01:15:00,2019-10-14 01:20:00,long,8997.996313,8993.102034,8993.102034,9006.284871,-10.394279000000097,stop_loss,1
2019-10-15 01:00:00,2019-10-15 01:20:00,long,9023.436385,9017.684576,9017.684576,9033.440003000003,-11.25180900000123,stop_loss,4
2019-10-15 02:20:00,2019-10-15 02:35:00,long,9036.871031,9031.690908,9031.690908,9045.731277,-10.680123000000094,stop_loss,3
2019-10-16 01:00:00,2019-10-16 01:15:00,long,9080.890932,9092.609612000002,9074.281592,9092.609612000002,6.218680000001768,take_profit,3
2019-10-16 04:30:00,2019-10-16 04:55:00,long,9078.032497,9070.85147,9070.85147,9090.894551000001,-12.68102700000054,stop_loss,5
2019-10-16 04:55:00,2019-10-16 07:20:00,long,9077.746653,9092.895455,9069.422252,9092.895455,9.648801999999705,take_profit,29
2019-10-17 01:40:00,2019-10-17 01:50:00,long,9074.888218,9078.031592,9072.566531,9078.031592,-2.356626000000688,take_profit,2
2019-10-17 02:00:00,2019-10-17 02:20:00,long,9076.031592,9086.035209999998,9070.279783,9086.035209999998,4.5036179999988235,take_profit,4
2019-10-17 03:05:00,2019-10-17 04:15:00,long,9097.184012,9090.002985,9090.002985,9110.046066,-12.68102700000054,stop_loss,14
2019-10-17 04:25:00,2019-10-17 04:30:00,long,9104.615944,9125.481616,9093.433108,9125.481616,15.365671999999904,take_profit,1
2019-10-18 02:15:00,2019-10-18 02:25:00,short,9057.595138,9063.63279,9063.63279,9047.019834000002,-11.53765199999907,stop_loss,2
2019-10-18 03:45:00,2019-10-18 03:55:00,long,9080.033401,9076.854184,9076.854184,9084.891835000002,-8.67921700000079,stop_loss,2
2019-10-18 04:20:00,2019-10-18 06:15:00,long,9080.033401,9092.895453000001,9072.852375,9092.895453000001,7.3620520000004035,take_profit,23
2019-10-21 01:15:00,2019-10-21 01:35:00,short,9030.440004,9035.620126,9035.620126,9021.57976,-10.680121999999756,stop_loss,4
2019-10-21 01:55:00,2019-10-21 02:00:00,short,9025.580664,9019.007167999998,9029.617412,9019.007167999998,1.0734960000008869,take_profit,1
2019-10-21 04:15:00,2019-10-21 04:40:00,short,9031.583378,9037.621031,9037.621031,9021.008071999997,-11.537653000001228,stop_loss,5
2019-10-22 04:25:00,2019-10-22 05:40:00,long,9090.895455,9099.755699,9085.715333,9099.755699,3.3602439999995113,take_profit,15
2019-10-23 01:55:00,2019-10-23 02:05:00,short,8962.123404,8972.448709,8972.448709,8942.972794,-15.825305000000299,stop_loss,2
2019-10-23 02:10:00,2019-10-23 02:20:00,short,8967.268587,8976.736362,8976.736362,8949.833037000002,-14.967774999999165,stop_loss,2
2019-10-23 02:25:00,2019-10-23 03:00:00,short,8966.6969,8977.022206,8977.022206,8947.546288000003,-15.825305999998818,stop_loss,7
2019-10-24 01:00:00,2019-10-24 02:25:00,long,9060.596042,9077.459903999998,9051.414111,9077.459903999998,11.363861999998335,take_profit,17
2019-10-24 03:55:00,2019-10-24 06:10:00,long,9067.74213,9079.460810000002,9061.13279,9079.460810000002,6.218680000001768,take_profit,27
2019-10-25 04:05:00,2019-10-25 04:20:00,long,9080.033401,9076.56834,9076.56834,9085.463523000002,-8.965061000000787,stop_loss,3
2019-10-25 04:35:00,2019-10-25 05:20:00,long,9075.174062,9081.175872000002,9071.423157,9081.175872000002,0.5018100000015693,take_profit,9
2019-10-28 01:45:00,2019-10-28 02:05:00,long,9208.948826,9206.912983,9206.912983,9211.520512,-7.535842999999659,stop_loss,4
2019-10-28 02:25:00,2019-10-28 03:00:00,long,9208.948826,9214.950634,9205.197922,9214.950634,0.5018080000008922,take_profit,7
2019-10-28 03:00:00,2019-10-28 07:55:00,long,9216.094914,9235.245523999996,9205.769609,9235.245523999996,13.65060999999696,take_profit,59
2019-10-29 03:55:00,2019-10-29 04:10:00,long,9264.116625,9261.509094,9261.509094,9267.831687000004,-8.107531000001472,stop_loss,3
2019-10-30 03:20:00,2019-10-30 03:40:00,long,9211.521418,9206.627139,9206.627139,9219.809976,-10.394279000000097,stop_loss,4
2019-10-30 04:45:00,2019-10-30 06:05:00,long,9210.092201,9216.094010999997,9206.341296,9216.094010999997,0.5018099999979313,take_profit,16
2019-11-01 01:45:00,2019-11-01 02:00:00,long,9283.553984,9281.51814,9281.51814,9286.125672,-7.535843999999997,stop_loss,3
2019-11-04 01:25:00,2019-11-04 02:10:00,long,9364.161855,9376.452221000001,9357.266672,9376.452221000001,6.790366000001086,take_profit,9
2019-11-04 02:35:00,2019-11-04 03:10:00,long,9367.02029,9373.022098000001,9363.269386,9373.022098000001,0.5018080000008922,take_profit,7
2019-11-04 03:45:00,2019-11-04 04:00:00,long,9378.168187,9383.598308999997,9374.703126,9383.598308999997,-0.06987800000206335,take_profit,3
2019-11-04 04:50:00,2019-11-04 05:20:00,long,9389.601928,9385.279336,9385.279336,9396.747112000001,-9.82259200000044,stop_loss,6
2019-11-05 02:50:00,2019-11-05 03:05:00,long,9417.042905,9421.901339000002,9413.863688,9421.901339000002,-0.64156599999842,take_profit,3
2019-11-06 01:45:00,2019-11-06 02:25:00,long,9391.602832,9399.319702,9386.994397,9399.319702,2.216870000000199,take_profit,8
2019-11-07 02:00:00,2019-11-07 02:10:00,long,9435.051047,9424.154054,9424.154054,9455.345033000001,-16.396993000000293,stop_loss,2
2019-11-08 01:30:00,2019-11-08 01:35:00,long,9393.317893,9388.423615,9388.423615,9401.606448999999,-10.394277999999758,stop_loss,1
2019-11-08 01:40:00,2019-11-08 03:00:00,long,9395.318798,9387.566084,9387.566084,9409.324226,-13.252714000000196,stop_loss,16
2019-11-08 03:15:00,2019-11-08 03:40:00,short,9386.601023,9391.781145,9391.781145,9377.740778999996,-10.680122000001575,stop_loss,5
2019-11-08 04:25:00,2019-11-08 05:10:00,long,9398.177233,9403.035667000002,9394.998016,9403.035667000002,-0.64156599999842,take_profit,9
2019-11-11 02:00:00,2019-11-11 03:00:00,long,9412.183565,9401.000729,9401.000729,9433.049237,-16.682835999999952,stop_loss,12
2019-11-11 03:45:00,2019-11-11 03:55:00,long,9402.750729,9398.142294,9398.142294,9410.467599,-10.1084350000001,stop_loss,2
2019-11-11 04:10:00,2019-11-11 04:20:00,long,9401.607355,9398.428138,9398.428138,9406.465789000002,-8.67921700000079,stop_loss,2
2019-11-11 04:50:00,2019-11-11 04:55:00,short,9394.890485,9397.498016,9397.498016,9391.175423,-8.107530999999653,stop_loss,1
2019-11-12 03:30:00,2019-11-12 03:40:00,long,9441.339604,9436.731169,9436.731169,9449.056474,-10.1084350000001,stop_loss,2
2019-11-12 04:00:00,2019-11-12 07:40:00,long,9446.484787,9434.444421,9434.444421,9469.065518999998,-17.540365999999267,stop_loss,44
2019-11-13 02:05:00,2019-11-13 02:15:00,long,9447.628161,9441.876352,9441.876352,9457.631779000003,-11.25180900000123,stop_loss,2
2019-11-14 01:15:00,2019-11-14 01:30:00,short,9434.051047,9445.233883,9445.233883,9413.185375000001,-16.682835999999952,stop_loss,3
2019-11-14 02:20:00,2019-11-14 02:30:00,long,9443.054665,9436.159482,9436.159482,9455.345031,-12.395183000000543,stop_loss,2
2019-11-14 04:25:00,2019-11-14 04:40:00,long,9449.343222,9445.878161,9445.878161,9454.773343999997,-8.965060999998968,stop_loss,3
2019-11-15 03:05:00,2019-11-15 03:15:00,long,9482.215227,9486.501977000004,9479.321852,9486.501977000004,-1.2132499999970605,take_profit,2
2019-11-15 03:30:00,2019-11-15 04:00:00,long,9486.502879,9490.789626999998,9483.609505,9490.789626999998,-1.2132520000013756,take_profit,6
2019-11-18 01:05:00,2019-11-18 01:15:00,long,9515.944761,9523.089943,9511.62217,9523.089943,1.6451820000002044,take_profit,2
2019-11-18 01:15:00,2019-11-18 07:20:00,long,9545.672487,9515.052292,9515.052292,9605.412876999999,-36.12019499999951,stop_loss,73
2019-11-19 02:15:00,2019-11-19 03:50:00,long,9553.676105,9567.681533,9545.923391,9567.681533,8.505428000000393,take_profit,19
2019-11-19 04:35:00,2019-11-19 05:00:00,long,9569.111655,9573.970091000003,9565.932437,9573.970091000003,-0.6415639999977429,take_profit,5
2019-11-20 01:10:00,2019-11-20 01:40:00,long,9515.944761,9509.621265,9509.621265,9527.091753000002,-11.823496000000887,stop_loss,6
2019-11-20 01:40:00,2019-11-20 02:25:00,short,9508.084517,9488.933906999999,9518.409822,9488.933906999999,13.650610000000597,take_profit,9
2019-11-20 04:10:00,2019-11-20 04:20:00,short,9487.21794,9495.828185,9495.828185,9471.49745,-14.11024499999985,stop_loss,2
2019-11-20 04:35:00,2019-11-20 04:45:00,short,9488.933001,9493.82728,9493.82728,9480.644443,-10.394279000000097,stop_loss,2
2019-11-20 04:55:00,2019-11-20 05:05:00,short,9493.220654,9487.218844000003,9496.971559,9487.218844000003,0.5018099999979313,take_profit,2
2019-11-21 01:00:00,2019-11-21 01:05:00,short,9456.918528,9463.813711,9463.813711,9444.628161999999,-12.395183000000543,stop_loss,1
2019-11-21 01:20:00,2019-11-21 01:30:00,short,9460.34865,9445.771536,9468.387207,9445.771536,9.07711399999971,take_profit,2
2019-11-22 02:35:00,2019-11-22 03:00:00,long,9499.365837,9493.042341,9493.042341,9510.512828999998,-11.823495999999068,stop_loss,5
2019-11-22 04:15:00,2019-11-22 04:35:00,long,9489.361314,9485.324566,9485.324566,9495.93481,-9.536748000000443,stop_loss,4
2019-11-22 04:40:00,2019-11-22 04:45:00,long,9489.361314,9485.896253,9485.896253,9494.791435999998,-8.965060999998968,stop_loss,1
2019-11-25 03:50:00,2019-11-25 05:20:00,long,9502.79596,9499.330899,9499.330899,9508.226081999997,-8.965060999998968,stop_loss,18
2019-11-26 02:30:00,2019-11-26 02:40:00,long,9584.833048,9580.224613,9580.224613,9592.549918,-10.1084350000001,stop_loss,2
2019-11-26 04:25:00,2019-11-26 05:00:00,long,9574.542682,9580.544491999997,9570.791777,9580.544491999997,0.5018099999979313,take_profit,7
2019-11-27 03:15:00,2019-11-27 03:25:00,long,9630.853854,9634.568914000003,9628.246324,9634.568914000003,-1.7849399999977322,take_profit,2
2019-11-28 04:25:00,2019-11-28 04:40:00,long,9640.572534,9638.53669,9638.53669,9643.144222,-7.535843999999997,stop_loss,3
2019-11-28 04:45:00,2019-11-28 05:40:00,long,9640.858377,9647.431873000001,9636.821629,9647.431873000001,1.0734960000008869,take_profit,11
2019-11-29 01:15:00,2019-11-29 02:10:00,long,9627.137889,9622.815297,9622.815297,9634.283073,-9.82259200000044,stop_loss,11
2019-11-29 02:20:00,2019-11-29 05:35:00,long,9629.424637,9644.001753,9621.386079,9644.001753,9.077116000000387,take_profit,39
2019-12-02 02:35:00,2019-12-02 02:50:00,long,9661.724954,9667.155075999997,9658.259893,9667.155075999997,-0.06987800000206335,take_profit,3
2019-12-03 01:30:00,2019-12-03 02:10:00,short,9518.660727,9522.983319,9522.983319,9511.515543,-9.82259200000044,stop_loss,8
2019-12-03 04:10:00,2019-12-03 07:15:00,short,9489.790532,9423.189898000002,9523.840849,9423.189898000002,61.100633999998536,take_profit,37
2019-12-04 04:05:00,2019-12-04 04:10:00,short,9484.359505,9489.825471,9489.825471,9474.927573,-10.965965999999753,stop_loss,1
2019-12-04 04:15:00,2019-12-04 04:30:00,short,9484.645349,9493.255593,9493.255593,9468.924861000001,-14.110243999999511,stop_loss,3
2019-12-05 02:45:00,2019-12-05 03:10:00,long,9507.369456,9497.329994,9497.329994,9525.948380000002,-15.53946200000064,stop_loss,5
2019-12-05 03:10:00,2019-12-05 03:30:00,short,9497.222463,9502.974273,9502.974273,9487.218843,-11.25180999999975,stop_loss,4
2019-12-05 03:50:00,2019-12-05 04:30:00,long,9510.227891,9519.659823,9504.761925,9519.659823,3.931931999999506,take_profit,8
2019-12-06 03:45:00,2019-12-06 04:15:00,long,9535.667964,9531.917059,9531.917059,9541.669774000002,-9.250905000000785,stop_loss,6
2019-12-06 04:40:00,2019-12-06 04:55:00,long,9535.953807,9532.488746,9532.488746,9541.383928999998,-8.965060999998968,stop_loss,3
2019-12-09 01:20:00,2019-12-09 01:50:00,long,9595.123415,9601.696911000001,9591.086667,9601.696911000001,1.0734960000008869,take_profit,6
2019-12-09 01:55:00,2019-12-09 02:00:00,long,9599.696911,9595.946006,9595.946006,9605.698720999997,-9.250904999998966,stop_loss,1
2019-12-09 04:25:00,2019-12-09 04:30:00,long,9599.411068,9597.375224,9597.375224,9601.982756,-7.535843999999997,stop_loss,1
2019-12-09 04:45:00,2019-12-09 04:55:00,long,9597.124319,9600.839379000003,9594.516789,9600.839379000003,-1.7849399999977322,take_profit,2
2019-12-10 01:35:00,2019-12-10 01:50:00,long,9571.11256,9568.219186,9568.219186,9575.399307999998,-8.393373999999312,stop_loss,3
2019-12-11 01:50:00,2019-12-11 01:55:00,long,9563.680628,9561.358941,9561.358941,9566.824002,-7.821686999999656,stop_loss,1
2019-12-11 02:00:00,2019-12-11 02:50:00,long,9579.116178,9556.785445,9556.785445,9622.277644000002,-27.83073300000069,stop_loss,10
2019-12-12 01:00:00,2019-12-12 01:15:00,long,9624.548042,9621.372933,9621.372933,9629.39826,-8.675108999999793,stop_loss,3
2019-12-12 02:20:00,2019-12-12 02:55:00,long,9628.253326,9634.243632,9624.508173,9634.243632,0.49030599999969127,take_profit,7
2019-12-12 02:55:00,2019-12-12 03:15:00,long,9632.528654,9629.638567,9629.638567,9636.808828,-8.390086999999767,stop_loss,4
2019-12-12 03:25:00,2019-12-12 04:10:00,long,9633.38372,9629.353545,9629.353545,9639.94407,-9.530174999999872,stop_loss,9
2019-12-13 01:05:00,2019-12-13 01:10:00,long,9736.846654,9730.821326,9730.821326,9747.397310000004,-11.525328000001537,stop_loss,1
2019-12-13 01:20:00,2019-12-13 01:35:00,long,9733.14137,9728.256129,9728.256129,9741.411852,-10.38524099999995,stop_loss,3
2019-12-13 01:55:00,2019-12-13 02:00:00,long,9735.421545,9731.676392,9731.676392,9741.411850999999,-9.245152999999846,stop_loss,1
2019-12-13 02:25:00,2019-12-13 02:30:00,long,9734.566479,9728.541151,9728.541151,9745.117134999999,-11.525327999999718,stop_loss,1
2019-12-13 02:40:00,2019-12-13 03:05:00,long,9733.996435,9728.541151,9728.541151,9743.407002999998,-10.955283999999665,stop_loss,5
2019-12-13 04:40:00,2019-12-13 04:45:00,long,9742.832113,9740.227047,9740.227047,9746.542245,-8.105066000000079,stop_loss,1
2019-12-13 04:50:00,2019-12-13 05:00:00,long,9744.542244,9739.942026,9739.942026,9752.24268,-10.100217999999586,stop_loss,2
2019-12-16 01:00:00,2019-12-16 01:05:00,long,9750.527703,9746.497528,9746.497528,9757.088053,-9.530174999999872,stop_loss,1
2019-12-16 01:30:00,2019-12-16 02:00:00,long,9746.537397,9753.667791,9742.2222,9753.667791,1.6303939999997965,take_profit,6
2019-12-16 04:05:00,2019-12-16 04:10:00,long,9753.377922,9749.917791,9749.917791,9758.798184,-8.96013099999982,stop_loss,1
2019-12-17 01:35:00,2019-12-17 02:00:00,long,9834.324129,9827.728758,9827.728758,9846.014871000003,-12.09537100000125,stop_loss,5
2019-12-17 03:45:00,2019-12-17 04:35:00,long,9812.662468,9807.207184,9807.207184,9822.073036,-10.955283999999665,stop_loss,10
2019-12-18 01:30:00,2019-12-18 01:55:00,long,9805.2519,9801.506747,9801.506747,9811.242205999999,-9.245152999999846,stop_loss,5
2019-12-18 02:00:00,2019-12-18 07:35:00,long,9808.102118,9823.213122000003,9799.796616,9823.213122000003,9.61100400000214,take_profit,67
2019-12-19 02:55:00,2019-12-19 03:40:00,long,9822.923255,9830.623693,9818.323036,9830.623693,2.200437999999849,take_profit,9
2019-12-19 03:45:00,2019-12-19 04:20:00,long,9830.618845,9826.873692,9826.873692,9836.609151000004,-9.245153000001665,stop_loss,7
2019-12-19 04:30:00,2019-12-19 05:40:00,long,9830.618845,9824.878539,9824.878539,9840.599457000004,-11.24030600000151,stop_loss,14
2019-12-20 02:10:00,2019-12-20 02:15:00,long,9883.917932,9881.597889,9881.597889,9887.058018,-7.820042999999714,stop_loss,1
2019-12-20 02:35:00,2019-12-20 03:50:00,long,9887.053173,9881.597889,9881.597889,9896.463741,-10.955283999999665,stop_loss,15
2019-12-20 04:50:00,2019-12-20 05:10:00,long,9891.043479,9899.313961,9886.158238,9899.313961,2.7704819999999017,take_profit,4
2019-12-23 03:30:00,2019-12-23 04:30:00,long,9940.922304,9944.632436,9938.317238,9944.632436,-1.7898679999998421,take_profit,12
2019-12-24 03:15:00,2019-12-24 08:30:00,long,9953.748288,9948.863047,9948.863047,9962.01877,-10.38524099999995,stop_loss,63
2019-12-26 01:25:00,2019-12-26 02:10:00,long,9966.289249,9962.544096,9962.544096,9972.279555,-9.245152999999846,stop_loss,9
2019-12-26 03:10:00,2019-12-26 06:20:00,long,9965.149162,9961.689031,9961.689031,9970.569424,-8.96013099999982,stop_loss,38
2019-12-27 01:25:00,2019-12-27 02:20:00,long,10061.48655,10065.766726,10058.596462,10065.766726,-1.2198239999997895,take_profit,11
2019-12-30 01:00:00,2019-12-30 01:30:00,long,10036.97467,10033.229517,10033.229517,10042.964976,-9.245152999999846,stop_loss,6
2019-12-30 02:15:00,2019-12-30 03:40:00,long,10032.41432,10027.244058,10027.244058,10041.254844,-10.670261999999639,stop_loss,17
2019-12-31 01:10:00,2019-12-31 02:05:00,short,9966.429337,9955.308638999997,9972.739686,9955.308638999997,5.620698000002449,take_profit,11
2019-12-31 03:30:00,2019-12-31 04:20:00,short,9962.439031,9966.754227,9966.754227,9955.308639,-9.81519599999956,stop_loss,10
2020-01-02 02:00:00,2020-01-02 02:50:00,long,10029.564102,10038.97467,10024.108818,10038.97467,3.91056799999933,take_profit,10
2020-01-02 02:50:00,2020-01-02 07:30:00,long,10037.829736,10061.491397999998,10025.248905,10061.491397999998,18.161661999998614,take_profit,56
2020-01-03 04:25:00,2020-01-03 04:40:00,short,10004.052222,9986.090998000001,10013.782834,9986.090998000001,12.461223999998765,take_profit,3
2020-01-06 02:50:00,2020-01-06 03:00:00,short,9949.043003,9960.768768,9960.768768,9927.091473000002,-17.225764999999228,stop_loss,2
2020-01-06 03:10:00,2020-01-06 03:40:00,short,9954.173397,9961.623834,9961.623834,9940.772523000001,-12.95043699999951,stop_loss,6
2020-01-07 02:05:00,2020-01-07 02:50:00,long,10112.505462,10134.456991999998,10100.779697,10134.456991999998,16.451529999998456,take_profit,9
2020-01-08 01:55:00,2020-01-08 02:00:00,long,10064.62179,10075.172445999999,10058.596462,10075.172445999999,5.050655999999435,take_profit,1
2020-01-08 02:15:00,2020-01-08 04:20:00,long,10069.18214,10097.404152000003,10054.321134,10097.404152000003,22.722012000001996,take_profit,25
2020-01-08 04:20:00,2020-01-08 04:25:00,long,10091.983888,10088.808779,10088.808779,10096.834106,-8.675108999999793,stop_loss,1
2020-01-09 02:20:00,2020-01-09 02:35:00,long,10239.340189,10249.320801,10233.599883,10249.320801,4.4806119999993825,take_profit,3
2020-01-09 02:45:00,2020-01-09 02:55:00,long,10249.600976,10245.570801,10245.570801,10256.161326,-9.530174999999872,stop_loss,2
2020-01-09 03:00:00,2020-01-09 03:40:00,long,10245.040626,10241.010451,10241.010451,10251.600976,-9.530174999999872,stop_loss,8
2020-01-10 03:30:00,2020-01-10 04:10:00,long,10304.610194,10311.170544,10300.580019,10311.170544,1.0603499999997439,take_profit,8
2020-01-10 04:25:00,2020-01-10 05:20:00,long,10309.455566,10318.866134,10304.000282,10318.866134,3.91056799999933,take_profit,11
2020-01-13 02:00:00,2020-01-13 02:40:00,long,10275.537965,10286.088620999999,10269.512637,10286.088620999999,5.050655999999435,take_profit,8
2020-01-13 03:35:00,2020-01-13 05:45:00,long,10283.233555,10277.493249,10277.493249,10293.214167000004,-11.24030600000151,stop_loss,26
2020-01-14 02:55:00,2020-01-14 03:35:00,long,10339.097839,10357.059062999999,10329.367227,10357.059062999999,12.461223999998765,take_profit,8
2020-01-14 03:35:00,2020-01-14 03:50:00,long,10357.054216,10363.614566,10353.024041,10363.614566,1.0603499999997439,take_profit,3
2020-01-14 04:10:00,2020-01-14 04:40:00,long,10366.459937,10354.44915,10354.44915,10388.981510999998,-17.510786999999254,stop_loss,6
2020-01-15 01:50:00,2020-01-15 02:10:00,long,10323.706659,10317.111287,10317.111287,10335.397402999999,-12.09537199999977,stop_loss,4
2020-01-15 04:50:00,2020-01-15 06:15:00,long,10323.421637,10332.832204999999,10317.966353,10332.832204999999,3.91056799999933,take_profit,17
2020-01-16 01:20:00,2020-01-16 02:00:00,long,10354.203997,10361.904433000003,10349.603779,10361.904433000003,2.20043600000281,take_profit,8
2020-01-16 02:20:00,2020-01-16 02:30:00,long,10362.469631,10369.600022999999,10358.154435,10369.600022999999,1.6303919999991194,take_profit,2
2020-01-17 01:20:00,2020-01-17 02:15:00,long,10425.17444,10432.874878,10420.574221,10432.874878,2.200437999999849,take_profit,11
2020-01-17 02:40:00,2020-01-17 02:50:00,long,10444.555926,10438.245577,10438.245577,10455.676624000003,-11.810349000001224,stop_loss,2
2020-01-17 03:10:00,2020-01-17 03:30:00,long,10442.845795,10436.535445,10436.535445,10453.966494999999,-11.810349999999744,stop_loss,4
2020-01-17 03:35:00,2020-01-17 03:50:00,long,10443.130817,10449.121122999999,10439.385664,10449.121122999999,0.49030599999969127,take_profit,3
2020-01-17 03:50:00,2020-01-17 06:40:00,long,10449.68632,10443.946014,10443.946014,10459.666932000004,-11.24030600000151,stop_loss,34
2020-01-21 01:05:00,2020-01-21 01:10:00,short,10399.66256,10404.547801,10404.547801,10391.392078,-10.38524099999995,stop_loss,1
2020-01-21 01:50:00,2020-01-21 02:00:00,long,10416.05374,10408.603303,10408.603303,10429.454613999998,-12.95043699999951,stop_loss,2
2020-01-22 04:45:00,2020-01-22 06:10:00,long,10521.79685,10532.347506000004,10515.771522,10532.347506000004,5.050656000003073,take_profit,17
2020-01-23 01:00:00,2020-01-23 01:10:00,long,10469.067806,10480.758549999999,10462.472434,10480.758549999999,6.19074399999954,take_profit,2
2020-01-23 01:10:00,2020-01-23 01:15:00,long,10477.048418,10474.443352,10474.443352,10480.75855,-8.105066000000079,stop_loss,1
2020-01-24 02:00:00,2020-01-24 09:05:00,long,10567.400347,10552.539341,10552.539341,10595.622359000003,-20.361006000000998,stop_loss,85
2020-01-27 01:45:00,2020-01-27 02:00:00,short,10294.774517,10301.939932,10301.939932,10281.943687,-12.665414999999484,stop_loss,3
2020-01-27 02:10:00,2020-01-27 02:15:00,short,10294.204473,10297.949626,10297.949626,10288.214167,-9.245152999999846,stop_loss,1
2020-01-27 04:00:00,2020-01-27 04:20:00,short,10253.161325,10226.649444999997,10267.167265,10226.649444999997,21.011880000001838,take_profit,4
2020-01-27 04:30:00,2020-01-27 05:00:00,short,10226.369271,10202.137566999998,10239.235123,10202.137566999998,18.731704000001628,take_profit,6
2020-01-28 02:15:00,2020-01-28 02:25:00,short,10292.779364,10278.808446000001,10300.514823,10278.808446000001,8.470917999999074,take_profit,2
2020-01-28 03:25:00,2020-01-28 03:30:00,short,10241.190407,10248.070801,10248.070801,10228.929619,-12.380393999999797,stop_loss,1
2020-01-29 01:45:00,2020-01-29 01:50:00,long,10408.643172,10405.468063,10405.468063,10413.49339,-8.675108999999793,stop_loss,1
2020-01-29 02:15:00,2020-01-29 03:20:00,long,10413.203522,10404.042954,10404.042954,10430.024657999998,-14.66056799999933,stop_loss,13
2020-01-29 03:55:00,2020-01-29 04:50:00,long,10406.933041,10416.913653,10401.192735,10416.913653,4.4806119999993825,take_profit,11
2020-01-30 01:50:00,2020-01-30 02:05:00,short,10281.663511,10289.683992,10289.683992,10267.122549000002,-13.520480999999563,stop_loss,3
2020-01-30 04:00:00,2020-01-30 05:05:00,short,10315.581112,10302.75028,10322.746528,10302.75028,7.330831999999646,take_profit,13
2020-02-03 01:05:00,2020-02-03 01:15:00,short,10323.561724,10335.002467,10335.002467,10302.180237999997,-16.94074300000102,stop_loss,2
2020-02-03 02:40:00,2020-02-03 02:50:00,short,10320.996528,10330.157096,10330.157096,10304.175391999997,-14.660568000001149,stop_loss,2
2020-02-03 03:05:00,2020-02-03 03:10:00,short,10317.861287,10325.596746,10325.596746,10303.890369,-13.235458999999537,stop_loss,1
2020-02-03 03:15:00,2020-02-03 03:40:00,short,10320.711506,10302.180237999997,10330.72714,10302.180237999997,13.031268000002456,take_profit,5
2020-02-03 04:00:00,2020-02-03 04:05:00,short,10291.639276,10300.514823,10300.514823,10275.388182,-14.375546999999642,stop_loss,1
2020-02-03 04:20:00,2020-02-03 04:25:00,short,10297.054691,10306.500282,10306.500282,10279.663508999996,-14.945591000001514,stop_loss,1
2020-02-04 03:35:00,2020-02-04 03:50:00,long,10518.091566,10528.07218,10512.351259,10528.07218,4.48061400000006,take_profit,3
2020-02-06 01:45:00,2020-02-06 01:55:00,long,10760.930188,10770.9108,10755.189882,10770.9108,4.4806119999993825,take_profit,2
2020-02-06 02:15:00,2020-02-06 02:30:00,long,10766.630625,10757.755079,10757.755079,10782.881716999998,-14.375545999999304,stop_loss,3
2020-02-06 02:35:00,2020-02-06 03:00:00,long,10761.21521,10752.624685,10752.624685,10776.89626,-14.090524999999616,stop_loss,5
2020-02-07 01:10:00,2020-02-07 01:20:00,long,10783.446915,10777.421587,10777.421587,10793.997571,-11.525327999999718,stop_loss,2
2020-02-10 01:35:00,2020-02-10 01:55:00,long,10750.669401,10734.668308,10734.668308,10781.171586999997,-21.501092999998946,stop_loss,4
2020-02-10 02:10:00,2020-02-10 02:15:00,long,10745.539008,10735.523374,10735.523374,10764.070275999999,-15.515633999999409,stop_loss,1
2020-02-11 02:05:00,2020-02-11 02:45:00,long,10903.156095,10891.715352,10891.715352,10924.537581000002,-16.94074300000102,stop_loss,8
2020-02-12 02:40:00,2020-02-12 03:30:00,long,10914.271947,10909.101685,10909.101685,10923.112470999999,-10.670261999999639,stop_loss,10
2020-02-13 02:20:00,2020-02-13 03:00:00,long,10915.412035,10905.966445,10905.966445,10932.803214999998,-14.945589999999356,stop_loss,8
2020-02-17 02:15:00,2020-02-17 02:25:00,long,11035.406237,11030.235975,11030.235975,11044.246760999999,-10.670261999999639,stop_loss,2
2020-02-17 03:45:00,2020-02-17 03:55:00,long,11030.275844,11027.670778,11027.670778,11033.985976,-8.105066000000079,stop_loss,2
2020-02-17 03:55:00,2020-02-17 05:35:00,long,11029.990822,11025.390603,11025.390603,11037.69126,-10.100218999999925,stop_loss,20
2020-02-18 02:25:00,2020-02-18 02:30:00,short,10880.209412,10890.225046,10890.225046,10861.678144000001,-15.515633999999409,stop_loss,1
2020-02-18 03:00:00,2020-02-18 04:10:00,short,10877.929237,10891.365133,10891.365133,10852.557445000002,-18.935895999999047,stop_loss,14
2020-02-19 01:50:00,2020-02-19 02:00:00,long,11025.715494,11022.540385,11022.540385,11030.565712,-8.675108999999793,stop_loss,2
2020-02-19 03:45:00,2020-02-19 05:45:00,long,11024.005363,11017.124969,11017.124969,11036.266151,-12.380393999999797,stop_loss,24
2020-02-20 01:45:00,2020-02-20 02:00:00,long,11105.806636,11098.926242,11098.926242,11118.067423999999,-12.380393999999797,stop_loss,3
2020-02-20 02:45:00,2020-02-20 02:50:00,long,11079.299603,11075.269428,11075.269428,11085.859953,-9.530174999999872,stop_loss,1
2020-02-20 03:35:00,2020-02-20 04:20:00,long,11085.285062,11080.684843,11080.684843,11092.985500000004,-10.100219000001744,stop_loss,9
2020-02-21 01:00:00,2020-02-21 02:30:00,short,10888.190024,10903.621073,10903.621073,10858.827925999998,-20.931049000000712,stop_loss,18
2020-02-21 03:15:00,2020-02-21 03:40:00,short,10910.706751,10918.44221,10918.44221,10896.735833,-13.235458999999537,stop_loss,5
2020-02-21 03:45:00,2020-02-21 04:10:00,short,10908.141554,10921.862472,10921.862472,10882.199717999998,-19.220918000000893,stop_loss,5
2020-02-24 01:00:00,2020-02-24 01:10:00,short,10581.791527,10556.419734999998,10595.227423,10556.419734999998,19.871792000001733,take_profit,2
2020-02-24 01:45:00,2020-02-24 02:00:00,short,10564.405194,10541.883620000002,10576.415981,10541.883620000002,17.02157399999851,take_profit,3
2020-02-24 02:55:00,2020-02-24 03:00:00,short,10476.048418,10451.816714000002,10488.91427,10451.816714000002,18.73170399999799,take_profit,1
2020-02-24 04:25:00,2020-02-24 04:45:00,short,10455.526844,10431.295138000001,10468.392697,10431.295138000001,18.731705999998667,take_profit,4
2020-02-25 02:05:00,2020-02-25 03:10:00,short,10478.043571,10422.459461,10506.585626,10422.459461,50.08410999999978,take_profit,13
2020-02-25 03:35:00,2020-02-25 03:45:00,short,10422.749331,10429.05968,10429.05968,10411.628633000002,-11.810348999999405,stop_loss,2
2020-02-25 03:50:00,2020-02-25 04:20:00,short,10418.474003,10392.532166999998,10432.194921,10392.532166999998,20.441836000001786,take_profit,6
2020-02-25 04:30:00,2020-02-25 04:35:00,short,10380.566096,10388.586577,10388.586577,10366.025134000001,-13.520480999999563,stop_loss,1
2020-02-28 01:50:00,2020-02-28 01:55:00,short,9426.312917,9470.531173,9470.531173,9339.376404999999,-49.71825600000011,stop_loss,1
2020-02-28 02:30:00,2020-02-28 03:20:00,short,9441.419075,9335.101075,9495.328075,9335.101075,100.8179999999993,take_profit,10
2020-02-28 03:25:00,2020-02-28 03:35:00,short,9296.34295,9329.730376,9329.730376,9231.068098000002,-38.88742599999932,stop_loss,2
2020-02-28 04:45:00,2020-02-28 04:55:00,short,9422.322611,9455.710037,9455.710037,9357.047758999997,-38.88742600000114,stop_loss,2
2020-03-02 02:05:00,2020-03-02 02:25:00,long,9839.169501,9810.627446,9810.627446,9894.753611,-34.04205499999989,stop_loss,4
2020-03-02 02:30:00,2020-03-02 03:10:00,long,9851.425441,9801.506747,9801.506747,9949.762829,-55.41869399999996,stop_loss,8
2020-03-02 03:30:00,2020-03-02 03:55:00,short,9785.155435,9701.639183000003,9827.663561,9701.639183000003,78.01625199999762,take_profit,5
2020-03-03 01:40:00,2020-03-03 01:45:00,long,10039.539867,10020.688555,10020.688555,10075.742490999997,-24.35131199999887,stop_loss,1
2020-03-03 01:50:00,2020-03-03 01:55:00,long,10033.554408,10061.776419999998,10018.693402,10061.776419999998,22.722011999998358,take_profit,1
2020-03-03 02:10:00,2020-03-03 07:05:00,long,10089.13367,10022.96873,10022.96873,10219.963549999997,-71.66493999999875,stop_loss,59
2020-03-05 04:05:00,2020-03-05 07:20:00,short,9971.55973,9925.666364000004,9995.256413,9925.666364000004,40.393365999996604,take_profit,39
2020-03-06 02:50:00,2020-03-06 02:55:00,short,9745.537397,9759.258315,9759.258315,9719.595561000002,-19.220917999999074,stop_loss,1
2020-03-06 03:05:00,2020-03-06 03:15:00,short,9770.619321,9740.117137,9786.620413,9740.117137,25.002184000000852,take_profit,2
2020-03-06 03:15:00,2020-03-06 03:45:00,short,9737.271763,9686.818047,9763.248621,9686.818047,44.953715999999986,take_profit,6
2020-03-10 01:00:00,2020-03-10 01:25:00,short,9410.921736,9381.559636000002,9426.352786,9381.559636000002,23.862099999998463,take_profit,5
2020-03-10 01:35:00,2020-03-10 01:50:00,short,9409.781649,9423.787589,9423.787589,9383.269769000002,-19.5059399999991,stop_loss,3
2020-03-10 02:40:00,2020-03-10 02:45:00,short,9341.376403,9352.247103,9352.247103,9321.135003000001,-16.370699999999488,stop_loss,1
2020-03-10 02:50:00,2020-03-10 02:55:00,short,9329.975529,9339.991163,9339.991163,9311.444260999997,-15.515634000001228,stop_loss,1
2020-03-10 03:00:00,2020-03-10 03:05:00,short,9328.55042,9339.421119,9339.421119,9308.309021999998,-16.37069900000097,stop_loss,1
2020-03-10 03:10:00,2020-03-10 03:25:00,short,9303.183474,9366.498195,9366.498195,9178.054031999998,-68.81472100000065,stop_loss,3
2020-03-11 02:25:00,2020-03-11 02:35:00,short,9264.420502,9295.242731,9295.242731,9204.276044000002,-36.322228999999425,stop_loss,2
2020-03-12 01:05:00,2020-03-12 02:10:00,short,8741.120371,8780.778278,8780.778278,8663.304557000003,-45.157906999998886,stop_loss,13
2020-03-12 03:25:00,2020-03-12 08:30:00,short,8720.883819,8644.778135000002,8759.686661,8644.778135000002,70.60568399999829,take_profit,59
2020-03-13 01:30:00,2020-03-13 01:35:00,short,8375.152306,8404.264404,8404.264404,8318.42811,-34.612097999999605,stop_loss,1
2020-03-17 04:05:00,2020-03-17 05:20:00,short,8129.225327,8229.961772,8229.961772,7929.252436999999,-106.23644500000046,stop_loss,15
2020-03-19 03:05:00,2020-03-19 03:10:00,short,8142.632713,8181.181708,8181.181708,8067.034723,-44.048995000000104,stop_loss,1
2020-03-19 03:55:00,2020-03-19 04:00:00,long,8317.358203,8279.094471,8279.094471,8392.385666999999,-43.763731999999436,stop_loss,1
2020-03-19 04:05:00,2020-03-19 04:20:00,long,8300.527654,8266.542876,8266.542876,8366.99721,-39.484778000000006,stop_loss,3
2020-03-19 04:45:00,2020-03-19 05:05:00,short,8225.073873,8159.174840999998,8258.773389,8159.174840999998,60.39903200000117,take_profit,4
2020-03-20 03:45:00,2020-03-20 06:05:00,long,8686.48921,8608.00332,8608.00332,8841.96099,-83.98588999999993,stop_loss,27
2020-03-23 01:00:00,2020-03-23 01:05:00,short,7672.518417,7702.509506,7702.509506,7614.036239,-35.4910890000001,stop_loss,1
2020-03-23 02:40:00,2020-03-23 03:00:00,short,7692.486864,7742.161137,7742.161137,7594.638318000001,-55.17427299999963,stop_loss,4
2020-03-23 03:00:00,2020-03-23 04:00:00,short,7692.2016,7758.991685,7758.991685,7560.121430000001,-72.29008499999964,stop_loss,12
2020-03-24 01:50:00,2020-03-24 02:10:00,long,8320.781365,8284.514478,8284.514478,8391.815139000004,-41.76688700000159,stop_loss,4
2020-03-24 03:00:00,2020-03-24 03:20:00,long,8339.894021,8301.059763,8301.059763,8416.062537000002,-44.33425800000077,stop_loss,4
2020-03-24 03:35:00,2020-03-24 07:15:00,long,8333.618224,8275.956572,8275.956572,8447.441528000001,-63.161652000000686,stop_loss,44
2020-03-25 01:25:00,2020-03-25 02:40:00,long,8588.643819,8669.376553000002,8547.527452,8669.376553000002,75.23273400000107,take_profit,15
2020-03-25 03:05:00,2020-03-25 03:20:00,long,8684.777629,8722.720835,8665.056026,8722.720835,32.44320599999992,take_profit,3
2020-03-25 03:40:00,2020-03-25 05:10:00,long,8764.93668,8718.970833,8718.970833,8855.368374000003,-51.465847000001304,stop_loss,18
2020-03-26 01:45:00,2020-03-26 01:50:00,long,8445.726791,8439.983102,8439.983102,8455.714168999997,-11.243688999998994,stop_loss,1
2020-03-26 01:55:00,2020-03-26 02:05:00,short,8417.341492,8439.059939,8439.059939,8375.404597999997,-27.218447000001106,stop_loss,2
2020-03-26 02:10:00,2020-03-26 02:30:00,short,8416.770965,8375.404597,8438.204149,8375.404597,35.866367999999056,take_profit,4
2020-03-26 03:35:00,2020-03-26 04:00:00,short,8377.975125,8412.245167,8412.245167,8310.935041000004,-39.770041999998284,stop_loss,5
2020-03-26 04:05:00,2020-03-26 05:25:00,short,8395.090937,8430.502033,8430.502033,8325.768745000001,-40.911095999999816,stop_loss,16
2020-03-27 01:15:00,2020-03-27 01:40:00,long,8885.888417,8854.47101,8854.47101,8947.223231000002,-36.91740700000082,stop_loss,5
2020-03-27 01:50:00,2020-03-27 02:00:00,long,8864.778916,8843.916259,8843.916259,8905.004229999999,-26.362656999999672,stop_loss,2
2020-03-30 01:15:00,2020-03-30 01:20:00,long,8717.012407,8692.726589,8692.726589,8764.084043,-29.78581800000029,stop_loss,1
2020-03-30 04:20:00,2020-03-30 04:55:00,long,8681.63973,8621.981233,8621.981233,8799.456724000001,-65.15849700000035,stop_loss,7
2020-03-31 01:05:00,2020-03-31 01:15:00,long,8940.659015,8970.614840999997,8924.931102,8970.614840999997,24.455825999997614,take_profit,2
2020-03-31 01:45:00,2020-03-31 02:50:00,long,9011.974897,9061.899169,8986.262761,9061.899169,44.4242720000002,take_profit,13
2020-04-01 01:00:00,2020-04-01 02:05:00,short,8644.411262,8681.248676,8681.248676,8572.236434,-42.337413999999626,stop_loss,13
2020-04-01 02:55:00,2020-04-01 03:00:00,short,8672.937615,8653.821805000001,8683.24552,8653.821805000001,13.615809999999328,take_profit,1
2020-04-01 03:20:00,2020-04-01 03:25:00,short,8665.235499,8640.414417000002,8678.39604,8640.414417000002,19.32108199999857,take_profit,1
2020-04-01 04:15:00,2020-04-01 04:45:00,short,8645.552316,8672.405506,8672.405506,8593.345936,-32.35318999999981,stop_loss,6
2020-04-02 01:40:00,2020-04-02 01:45:00,short,8605.044895,8616.493855,8616.493855,8583.646975000001,-16.948959999999715,stop_loss,1
2020-04-02 04:25:00,2020-04-02 04:35:00,short,8628.721767,8611.888063000004,8637.888619,8611.888063000004,11.333703999996942,take_profit,2
2020-04-03 01:35:00,2020-04-03 01:45:00,short,8600.480678,8613.926483,8613.926483,8575.089068000001,-18.945804999999382,stop_loss,2
2020-04-03 02:15:00,2020-04-03 02:35:00,short,8598.769097,8623.054916,8623.054916,8551.697459000003,-29.78581899999881,stop_loss,4
2020-04-03 03:20:00,2020-04-03 03:30:00,short,8613.032273,8587.070135000002,8626.763342,8587.070135000002,20.46213799999896,take_profit,2
2020-04-03 04:30:00,2020-04-03 04:50:00,short,8577.089069,8600.233833,8600.233833,8532.299540999998,-28.644764000000578,stop_loss,4
2020-04-06 02:25:00,2020-04-06 02:40:00,long,8954.636928,8936.91217,8936.91217,8988.586444,-23.224758000000293,stop_loss,3
2020-04-06 02:50:00,2020-04-06 03:00:00,long,8945.508495,8935.485852,8935.485852,8964.053781,-15.522643000000244,stop_loss,2
2020-04-07 01:10:00,2020-04-07 01:55:00,long,9243.323619,9295.529999,9216.470429,9295.529999,46.706379999999626,take_profit,9
2020-04-07 02:35:00,2020-04-07 02:45:00,long,9316.065819,9372.265888999998,9287.215784,9372.265888999998,50.70006999999896,take_profit,2
2020-04-07 03:00:00,2020-04-07 05:10:00,long,9375.11537,9433.027021999998,9345.409544,9433.027021999998,52.41165199999887,take_profit,26
2020-04-08 02:35:00,2020-04-08 03:15:00,long,9193.973029,9157.991405,9157.991405,9264.436277,-41.48162400000001,stop_loss,8
2020-04-09 01:00:00,2020-04-09 02:50:00,long,9370.551154,9438.161766000001,9335.995848,9438.161766000001,62.1106120000004,take_profit,22
2020-04-09 02:50:00,2020-04-09 02:55:00,long,9434.164921,9424.142278,9424.142278,9452.710207,-15.522643000000244,stop_loss,1
2020-04-13 01:35:00,2020-04-13 01:50:00,long,9278.981561,9264.109438,9264.109438,9307.225807000003,-20.37212300000101,stop_loss,3
2020-04-13 03:15:00,2020-04-13 03:20:00,long,9268.141546,9262.683121,9262.683121,9277.558396000002,-10.958425000000716,stop_loss,1
2020-04-13 03:50:00,2020-04-13 04:10:00,long,9268.712074,9290.680521999999,9256.97785,9290.680521999999,16.468447999999626,take_profit,4
2020-04-14 04:40:00,2020-04-14 04:50:00,long,9639.269398,9633.525709,9633.525709,9649.256776000002,-11.243689000000813,stop_loss,2
2020-04-15 01:35:00,2020-04-15 01:40:00,long,9866.339168,9887.737088,9854.890208,9887.737088,15.89791999999943,take_profit,1
2020-04-15 01:40:00,2020-04-15 02:15:00,long,9886.878142,9863.733377,9863.733377,9931.667671999998,-28.644764999999097,stop_loss,7
2020-04-16 02:25:00,2020-04-16 04:00:00,long,9891.442358,9871.720756,9871.720756,9929.385562,-25.22160199999962,stop_loss,19
2020-04-16 04:40:00,2020-04-16 04:55:00,long,9895.721311,9877.71129,9877.71129,9930.241353,-23.51002100000005,stop_loss,3
2020-04-17 02:15:00,2020-04-17 02:40:00,long,10184.693267,10155.272704,10155.272704,10242.034393,-34.920562999999675,stop_loss,5
2020-04-17 03:05:00,2020-04-17 03:25:00,long,10182.696422,10150.993751,10150.993751,10244.601764000003,-37.20267100000092,stop_loss,4
2020-04-17 03:40:00,2020-04-17 04:00:00,long,10156.452177,10139.012683,10139.012683,10189.831164999996,-22.939493999998376,stop_loss,4
2020-04-21 02:15:00,2020-04-21 05:10:00,short,9902.993954,9856.492843999999,9926.994509,9856.492843999999,41.00111000000106,take_profit,35
2020-04-23 01:00:00,2020-04-23 02:45:00,long,9859.20758,9825.793328,9825.793328,9924.536084000001,-38.91425200000049,stop_loss,21
2020-04-23 04:45:00,2020-04-23 04:55:00,long,9865.198114,9879.749710000002,9857.172316,9879.749710000002,9.051596000001155,take_profit,2
2020-04-24 01:00:00,2020-04-24 01:15:00,short,9722.707403,9742.429005,9742.429005,9684.764199000001,-25.22160199999962,stop_loss,3
2020-04-24 04:25:00,2020-04-24 05:55:00,long,9834.104389,9876.611810999999,9812.100678,9876.611810999999,37.00742199999877,take_profit,18
2020-04-27 03:45:00,2020-04-27 04:30:00,long,10124.217399,10146.185846999999,10112.483175,10146.185846999999,16.468447999999626,take_profit,9
2020-04-28 03:20:00,2020-04-28 04:15:00,long,10115.944756,10146.471108000002,10099.93158,10146.471108000002,25.02635200000077,take_profit,11
2020-04-28 04:20:00,2020-04-28 04:55:00,long,10165.010083,10200.671178999999,10146.429535,10200.671178999999,30.161095999999816,take_profit,7
2020-04-29 03:15:00,2020-04-29 03:25:00,long,10061.744686,10054.574678,10054.574678,10074.584701999998,-12.670007999999143,stop_loss,2
2020-04-29 03:30:00,2020-04-29 04:50:00,long,10067.164693,10050.866253,10050.866253,10098.261573000002,-21.798440000000483,stop_loss,16
2020-04-30 02:10:00,2020-04-30 02:15:00,long,10378.387203,10365.797189,10365.797189,10402.067230999999,-18.090013999999428,stop_loss,1
2020-04-30 04:25:00,2020-04-30 05:15:00,long,10368.688243,10357.239283,10357.239283,10390.086163,-16.948959999999715,stop_loss,10
2020-05-01 01:00:00,2020-05-01 01:50:00,short,10031.647806,9994.275130000002,10051.084144,9994.275130000002,31.872675999999046,take_profit,10
2020-05-01 04:55:00,2020-05-01 05:00:00,short,9997.701446,10007.438824,10007.438824,9979.726689999996,-15.237378000001627,stop_loss,1
2020-05-04 02:20:00,2020-05-04 02:25:00,short,9877.890763,9882.493398,9882.493398,9870.185492999997,-10.1026350000011,stop_loss,1
2020-05-04 02:55:00,2020-05-04 03:00:00,short,9879.317081,9897.612366,9897.612366,9844.226510999999,-23.79528500000015,stop_loss,1
2020-05-04 03:15:00,2020-05-04 04:20:00,short,9871.044438,9841.659138000003,9886.487088,9841.659138000003,23.885299999998097,take_profit,13
2020-05-05 02:05:00,2020-05-05 02:30:00,long,10117.941601,10147.897427000002,10102.213688,10147.897427000002,24.455826000001252,take_profit,5
2020-05-05 02:30:00,2020-05-05 03:40:00,long,10161.586921,10135.018994,10135.018994,10213.222775,-32.067927000000054,stop_loss,14
2020-05-06 02:10:00,2020-05-06 02:30:00,long,10261.429156,10247.983351,10247.983351,10286.820765999999,-18.945804999999382,stop_loss,4
2020-05-06 03:35:00,2020-05-06 03:40:00,long,10255.153359,10245.701243,10245.701243,10272.557591,-14.952116000000387,stop_loss,1
2020-05-06 04:30:00,2020-05-06 04:55:00,long,10262.57021,10275.410224000001,10255.400203,10275.410224000001,7.340014000001247,take_profit,5
2020-05-07 01:25:00,2020-05-07 02:00:00,long,10311.350274,10302.468686,10302.468686,10327.61345,-14.381588000000193,stop_loss,7
2020-05-07 02:05:00,2020-05-07 04:35:00,long,10328.180822,10377.534568000001,10302.753949,10377.534568000001,43.85374600000068,take_profit,30
2020-05-08 01:10:00,2020-05-08 01:25:00,long,10524.156867,10516.416333,10516.416333,10538.137935,-13.24053400000048,stop_loss,3
2020-05-08 04:15:00,2020-05-08 04:30:00,long,10489.925243,10483.325763,10483.325763,10501.624202999998,-12.099479999998948,stop_loss,3
2020-05-08 04:40:00,2020-05-08 07:00:00,long,10493.633669,10482.469973,10482.469973,10514.461061000004,-16.663696000001437,stop_loss,28
2020-05-11 01:25:00,2020-05-11 02:20:00,long,10549.260057,10566.093759,10540.093206,10566.093759,11.333701999999903,take_profit,11
2020-05-11 02:35:00,2020-05-11 03:10:00,long,10575.789566,10557.494281,10557.494281,10610.880136,-23.79528500000015,stop_loss,7
2020-05-12 01:55:00,2020-05-12 02:00:00,long,10551.827429,10563.526389000002,10545.227949,10563.526389000002,6.198960000001534,take_profit,1
2020-05-12 02:45:00,2020-05-12 03:00:00,long,10590.338006,10577.462728,10577.462728,10614.588561999999,-18.375277999999525,stop_loss,3
2020-05-12 03:15:00,2020-05-12 03:30:00,long,10593.190641,10580.600627,10580.600627,10616.870668999998,-18.090013999999428,stop_loss,3
2020-05-12 04:50:00,2020-05-12 06:20:00,long,10587.200107,10630.278055000002,10564.911133,10630.278055000002,37.577948000001925,take_profit,18
2020-05-13 02:00:00,2020-05-13 02:25:00,short,10398.211441,10368.826142999998,10413.65409,10368.826142999998,23.885298000001058,take_profit,5
2020-05-13 03:00:00,2020-05-13 03:05:00,short,10363.40929,10380.563521,10380.563521,10330.600827999999,-22.654231000000436,stop_loss,1
2020-05-13 04:25:00,2020-05-13 04:35:00,short,10393.932488,10406.807766,10406.807766,10369.681932000001,-18.375277999999525,stop_loss,2
2020-05-14 01:45:00,2020-05-14 01:55:00,short,10220.206999,10227.091742,10227.091742,10207.937512999999,-12.384743000000526,stop_loss,2
2020-05-14 03:15:00,2020-05-14 03:20:00,short,10255.579676,10269.025481,10269.025481,10230.188065999997,-18.9458050000012,stop_loss,1
2020-05-14 03:40:00,2020-05-14 03:50:00,short,10260.71442,10285.000239,10285.000239,10213.642781999999,-29.78581900000063,stop_loss,2
2020-05-15 02:15:00,2020-05-15 02:30:00,long,10413.189354,10403.166712,10403.166712,10431.734638,-15.522641999999905,stop_loss,3
2020-05-15 02:35:00,2020-05-15 04:35:00,long,10413.759881,10397.176177,10397.176177,10445.427289000001,-22.08370400000058,stop_loss,24
2020-05-18 01:30:00,2020-05-18 01:35:00,long,10503.047366,10493.59525,10493.59525,10520.451598000001,-14.952116000000387,stop_loss,1
2020-05-18 01:40:00,2020-05-18 01:45:00,long,10496.486305,10488.460507,10488.460507,10511.037901000002,-13.525798000000577,stop_loss,1
2020-05-18 02:00:00,2020-05-18 03:00:00,long,10505.329474,10536.426354000001,10489.031034,10536.426354000001,25.596880000000965,take_profit,12
2020-05-18 03:15:00,2020-05-18 03:20:00,long,10538.705307,10528.112137,10528.112137,10558.391647,-16.0931700000001,stop_loss,1
2020-05-18 03:35:00,2020-05-18 04:00:00,long,10539.275834,10525.544766,10525.544766,10565.237969999998,-19.23106799999914,stop_loss,5
2020-05-19 04:30:00,2020-05-19 05:00:00,long,10639.688596,10623.960683,10623.960683,10669.644422000001,-21.227913000000626,stop_loss,6
2020-05-20 01:30:00,2020-05-20 01:40:00,long,10654.5223,10640.505968,10640.505968,10681.054964000003,-19.516332000001057,stop_loss,2
2020-05-20 01:45:00,2020-05-20 01:55:00,long,10649.958083,10642.217549,10642.217549,10663.939150999997,-13.24053399999866,stop_loss,2
2020-05-20 02:50:00,2020-05-20 02:55:00,long,10670.211794,10662.756523,10662.756523,10683.622336000002,-12.955271000000721,stop_loss,1
2020-05-20 03:45:00,2020-05-20 04:05:00,long,10707.296053,10697.558674,10697.558674,10725.270811,-15.237379000000146,stop_loss,4
2020-05-20 04:40:00,2020-05-20 08:35:00,long,10726.408709,10763.781386999999,10706.97237,10763.781386999999,31.872677999999723,take_profit,47
2020-05-21 03:00:00,2020-05-21 03:05:00,long,10776.044563,10766.021921,10766.021921,10794.589847,-15.522641999999905,stop_loss,1
2020-05-22 02:55:00,2020-05-22 03:00:00,short,10560.811653,10569.407977,10569.407977,10545.119005,-14.096324000000095,stop_loss,1
2020-05-22 03:05:00,2020-05-22 03:10:00,short,10565.375869,10572.260613,10572.260613,10553.106380999998,-12.384744000000865,stop_loss,1
2020-05-25 03:30:00,2020-05-25 03:40:00,long,10800.86249,10813.131975999997,10793.977747,10813.131975999997,6.769485999997414,take_profit,2
2020-05-26 01:00:00,2020-05-26 02:25:00,long,10944.064782,10925.769498,10925.769498,10979.155349999999,-23.79528399999981,stop_loss,17
2020-05-26 04:50:00,2020-05-26 04:55:00,long,10937.503721,10930.904241,10930.904241,10949.202680999997,-12.099479999998948,stop_loss,1
2020-05-27 02:35:00,2020-05-27 03:25:00,long,10817.693039,10802.535653,10802.535653,10846.507810999998,-20.65738599999895,stop_loss,10
2020-05-27 03:35:00,2020-05-27 04:55:00,long,10817.407775,10846.222546999998,10802.250389,10846.222546999998,23.3147719999979,take_profit,16
2020-05-28 01:40:00,2020-05-28 01:45:00,short,10745.947683,10729.113979,10755.114535,10729.113979,11.33370400000058,take_profit,1
2020-05-28 02:25:00,2020-05-28 02:30:00,short,10721.985547,10725.447128,10725.447128,10716.562385000001,-8.961580999999569,stop_loss,1
2020-05-28 04:50:00,2020-05-28 05:30:00,short,10704.299208,10724.306074,10724.306074,10665.785476000001,-25.506865999999718,stop_loss,8
2020-05-29 01:30:00,2020-05-29 02:00:00,short,10745.66242,10765.669286,10765.669286,10707.148688000001,-25.506865999999718,stop_loss,6
2020-05-29 02:10:00,2020-05-29 02:20:00,short,10744.521366,10761.390333,10761.390333,10712.283432000004,-22.36896699999852,stop_loss,2
2020-06-02 01:20:00,2020-06-02 02:05:00,long,10953.193215,10946.308472,10946.308472,10965.462700999997,-12.384742999998707,stop_loss,9
2020-06-02 02:25:00,2020-06-02 03:45:00,long,10968.312182,11005.68486,10948.875843,11005.68486,31.872677999999723,take_profit,16
2020-06-02 04:00:00,2020-06-02 04:30:00,long,11005.681705,11018.521719000002,10998.511698,11018.521719000002,7.340014000001247,take_profit,6
2020-06-03 01:30:00,2020-06-03 01:50:00,long,11051.609133,11042.727545,11042.727545,11067.872309,-14.381588000000193,stop_loss,4
2020-06-03 02:35:00,2020-06-03 03:05:00,long,11047.615444,11032.172794,11032.172794,11077.000743999997,-20.94264999999905,stop_loss,6
2020-06-04 01:00:00,2020-06-04 01:50:00,long,11041.054382,11025.326469,11025.326469,11071.010208000002,-21.227913000000626,stop_loss,10
2020-06-05 02:40:00,2020-06-05 03:05:00,long,11068.154418,11054.708613,11054.708613,11093.546027999999,-18.945804999999382,stop_loss,5
2020-06-08 01:20:00,2020-06-08 01:25:00,long,11228.472521,11222.728832,11222.728832,11238.459898999998,-11.243688999998994,stop_loss,1
2020-06-08 03:15:00,2020-06-08 07:05:00,long,11198.234587,11179.939302,11179.939302,11233.325157000001,-23.79528500000015,stop_loss,46
2020-06-10 04:50:00,2020-06-10 05:00:00,long,11397.919058,11389.607997,11389.607997,11413.04118,-13.811061000000336,stop_loss,2
2020-06-11 01:05:00,2020-06-11 01:10:00,long,11407.332754,11399.877484,11399.877484,11420.743293999996,-12.955269999998563,stop_loss,1
2020-06-11 01:20:00,2020-06-11 01:25:00,long,11423.022248,11407.009072,11407.009072,11453.548599999996,-21.513175999998566,stop_loss,1
2020-06-11 01:40:00,2020-06-11 01:50:00,long,11412.467498,11404.726964,11404.726964,11426.448566000001,-13.24053400000048,stop_loss,2
2020-06-11 02:50:00,2020-06-11 02:55:00,long,11377.950611,11367.357441,11367.357441,11397.636951,-16.0931700000001,stop_loss,1
2020-06-11 03:05:00,2020-06-11 03:30:00,long,11379.947455,11365.360597,11365.360597,11407.621170999997,-20.086857999998756,stop_loss,5
2020-06-11 03:30:00,2020-06-11 03:40:00,long,11380.517982,11359.370062,11359.370062,11421.313821999998,-26.64791999999943,stop_loss,2
2020-06-11 03:50:00,2020-06-11 03:55:00,short,11329.311601,11338.763717,11338.763717,11311.907368999999,-14.952116000000387,stop_loss,1
2020-06-11 04:45:00,2020-06-11 04:55:00,long,11384.226408,11395.925368000002,11377.626928,11395.925368000002,6.198960000001534,take_profit,2
2020-06-12 01:50:00,2020-06-12 02:10:00,short,11037.487011,11078.032851,11078.032851,10957.895330999998,-46.04584000000068,stop_loss,4
2020-06-12 02:35:00,2020-06-12 02:45:00,short,11067.439681,11086.305493,11086.305493,11031.208057,-24.365812000000005,stop_loss,2
2020-06-12 02:55:00,2020-06-12 03:10:00,short,11083.699702,11107.129731,11107.129731,11038.339643999998,-28.930029000001014,stop_loss,3
2020-06-12 03:10:00,2020-06-12 03:15:00,short,11096.821825,11110.267629,11110.267629,11071.430217000003,-18.945803999999043,stop_loss,1
2020-06-12 04:30:00,2020-06-12 04:45:00,short,11132.479766,11147.351888,11147.351888,11104.235522000003,-20.372121999998853,stop_loss,3
2020-06-15 01:20:00,2020-06-15 02:00:00,short,10741.472936,10771.502561,10771.502561,10682.913686000002,-35.529624999999214,stop_loss,8
2020-06-16 03:10:00,2020-06-16 04:05:00,long,11282.928003,11319.777643000001,11263.753183,11319.777643000001,31.349640000000363,take_profit,11
2020-06-17 01:20:00,2020-06-17 01:30:00,long,11420.326992,11398.866949,11398.866949,11461.747078000002,-26.96004300000095,stop_loss,2
2020-06-17 01:35:00,2020-06-17 01:55:00,long,11410.329144,11399.438255,11399.438255,11430.610922,-16.390889000000243,stop_loss,4
2020-06-17 02:00:00,2020-06-17 03:20:00,long,11415.470894,11466.031866,11389.440408,11466.031866,45.06097199999931,take_profit,16
2020-06-17 04:10:00,2020-06-17 04:15:00,long,11450.034881,11442.00052,11442.00052,11464.603603,-13.53436099999999,stop_loss,1
2020-06-18 02:10:00,2020-06-18 02:35:00,long,11419.18438,11388.869102,11388.869102,11478.314936,-35.815278000000035,stop_loss,5
2020-06-18 04:15:00,2020-06-18 04:30:00,long,11444.607478,11430.860061,11430.860061,11470.602312,-19.247417000000496,stop_loss,3
2020-06-19 01:25:00,2020-06-19 01:30:00,long,11489.454965,11486.562354,11486.562354,11493.740187000003,-8.392611000001125,stop_loss,1
2020-06-19 01:55:00,2020-06-19 02:00:00,long,11489.169312,11478.278423,11478.278423,11509.45109,-16.390889000000243,stop_loss,1
2020-06-19 02:15:00,2020-06-19 02:30:00,long,11488.598007,11481.134951,11481.134951,11502.024119000002,-12.963056000000506,stop_loss,3
2020-06-19 04:35:00,2020-06-19 04:40:00,long,11502.880646,11497.131507,11497.131507,11512.878923999999,-11.249138999999559,stop_loss,1
2020-06-22 01:30:00,2020-06-22 01:35:00,short,11369.052102,11379.942991,11379.942991,11348.770324,-16.390889000000243,stop_loss,1
2020-06-22 02:45:00,2020-06-22 03:15:00,long,11430.896145,11422.290478,11422.290478,11446.607479,-14.105666999999812,stop_loss,6
2020-06-23 02:05:00,2020-06-23 02:15:00,long,11586.862565,11617.427844999998,11570.829925,11617.427844999998,25.065279999998893,take_profit,2
2020-06-23 02:15:00,2020-06-23 10:05:00,long,11622.28351,11691.126261999996,11587.112134,11691.126261999996,63.342751999996835,take_profit,94
2020-06-24 01:45:00,2020-06-24 01:55:00,long,11685.127122,11680.234942,11680.234942,11693.411482000001,-10.392180000000735,stop_loss,2
2020-06-24 02:05:00,2020-06-24 02:25:00,long,11688.840608,11671.951011,11671.951011,11721.119802000003,-22.38959700000123,stop_loss,4
2020-06-25 01:05:00,2020-06-25 01:40:00,short,11410.757408,11427.361353,11427.361353,11379.049517999998,-22.10394500000075,stop_loss,7
2020-06-25 01:50:00,2020-06-25 01:55:00,short,11400.473908,11402.795213,11402.795213,11397.331298000001,-7.821304999999484,stop_loss,1
2020-06-25 02:00:00,2020-06-25 02:10:00,short,11390.190408,11352.769464000003,11409.65088,11352.769464000003,31.92094399999769,take_profit,2
2020-06-25 02:15:00,2020-06-25 02:25:00,short,11323.347656,11341.665518,11341.665518,11288.211932,-23.817861999999877,stop_loss,2
2020-06-25 02:50:00,2020-06-25 02:55:00,short,11339.344212,11349.09249,11349.09249,11321.347655999998,-15.248278000000937,stop_loss,1
2020-06-26 02:35:00,2020-06-26 02:40:00,short,11489.597576,11495.346715,11495.346715,11479.599298000001,-11.249138999999559,stop_loss,1
2020-06-26 03:00:00,2020-06-26 03:50:00,short,11475.60059,11505.05891,11505.05891,11418.18395,-34.95831999999973,stop_loss,10
2020-06-26 04:55:00,2020-06-26 05:25:00,long,11534.302452,11554.012923999999,11523.697216,11554.012923999999,14.210471999998845,take_profit,6
2020-06-29 03:00:00,2020-06-29 04:40:00,short,11249.934891,11265.110572,11265.110572,11221.083529000003,-20.675680999998804,stop_loss,20
2020-06-30 02:05:00,2020-06-30 08:35:00,short,11392.47563,11419.077422,11419.077422,11340.772046000002,-32.10179199999948,stop_loss,78
2020-07-01 01:45:00,2020-07-01 02:20:00,long,11578.578634,11592.576051999999,11570.829925,11592.576051999999,8.497417999999016,take_profit,7
2020-07-01 02:20:00,2020-07-01 03:00:00,long,11595.717801,11582.541689,11582.541689,11620.570025000003,-18.676112000001012,stop_loss,8
2020-07-01 03:00:00,2020-07-01 03:25:00,long,11593.718231,11577.399939,11577.399939,11624.854815,-21.81829199999993,stop_loss,5
2020-07-02 01:05:00,2020-07-02 07:30:00,long,11785.962555,11849.663557000002,11753.362054,11849.663557000002,58.20100200000161,take_profit,77
2020-07-03 01:00:00,2020-07-03 01:05:00,long,11845.092681,11849.949209,11841.914417,11849.949209,-0.6434719999997469,take_profit,1
2020-07-03 01:05:00,2020-07-03 03:10:00,long,11857.947056,11843.628334,11843.628334,11885.0845,-19.81872199999998,stop_loss,25
2020-07-03 03:50:00,2020-07-03 04:10:00,long,11859.946626,11853.626181,11853.626181,11871.087516000003,-11.8204450000012,stop_loss,4
2020-07-06 02:25:00,2020-07-06 02:30:00,long,11985.919504,11978.456448,11978.456448,11999.345615999997,-12.963055999998687,stop_loss,1
2020-07-06 02:35:00,2020-07-06 03:05:00,long,11987.63342,11976.742531,11976.742531,12007.915198,-16.390889000000243,stop_loss,6
2020-07-08 01:50:00,2020-07-08 02:05:00,long,12048.477463,12066.474018999997,12038.729185,12066.474018999997,12.496555999998236,take_profit,3
2020-07-09 03:35:00,2020-07-09 03:40:00,long,12209.585633,12201.265619,12201.265619,12224.725661000002,-13.82001400000081,stop_loss,1
2020-07-09 03:50:00,2020-07-09 04:15:00,long,12209.014328,12202.122578,12202.122578,12221.297827999997,-12.391749999998865,stop_loss,5
2020-07-09 04:45:00,2020-07-09 09:15:00,long,12237.865259,12210.406508,12210.406508,12291.282761,-32.95875100000012,stop_loss,54
2020-07-10 01:00:00,2020-07-10 01:15:00,long,12195.302994,12179.84166,12179.84166,12224.725661999999,-20.961333999999624,stop_loss,3
2020-07-10 01:20:00,2020-07-10 01:45:00,long,12183.876883,12174.128605,12174.128605,12201.873439000003,-15.248278000000937,stop_loss,5
2020-07-10 02:30:00,2020-07-10 02:35:00,long,12204.729536,12198.123439,12198.123439,12216.44173,-12.106096999999863,stop_loss,1
2020-07-10 02:40:00,2020-07-10 02:45:00,long,12200.159091,12196.123869,12196.123869,12206.729535,-9.53522200000043,stop_loss,1
2020-07-10 02:50:00,2020-07-10 03:00:00,long,12206.729105,12224.725661000002,12196.980827,12224.725661000002,12.496556000001874,take_profit,2
2020-07-10 03:00:00,2020-07-10 03:45:00,long,12227.581759,12209.263897,12209.263897,12262.717483,-23.817861999999877,stop_loss,9
2020-07-10 03:55:00,2020-07-10 04:10:00,long,12213.870425,12205.550411,12205.550411,12229.010452999997,-13.820013999998991,stop_loss,3
2020-07-13 04:25:00,2020-07-13 04:55:00,long,12433.823069,12450.105709000001,12424.931749,12450.105709000001,10.782640000001265,take_profit,6
2020-07-14 01:55:00,2020-07-14 02:15:00,short,12194.8743,12164.880328,12210.621286,12164.880328,24.493972000000213,take_profit,4
2020-07-14 04:50:00,2020-07-14 05:30:00,short,12148.598549,12124.317633,12161.489007,12124.317633,18.780915999999706,take_profit,8
2020-07-15 02:40:00,2020-07-15 02:45:00,long,12221.868703,12211.263467,12211.263467,12241.579174999999,-16.105235999999422,stop_loss,1
2020-07-15 02:55:00,2020-07-15 03:10:00,long,12215.298689,12231.581328999997,12206.407369,12231.581328999997,10.782639999997627,take_profit,3
2020-07-15 03:25:00,2020-07-15 03:45:00,long,12227.296106,12211.549119,12211.549119,12257.29008,-21.246987000000445,stop_loss,4
2020-07-16 01:15:00,2020-07-16 01:20:00,short,12108.607159,12119.212395,12119.212395,12088.896686999997,-16.10523600000124,stop_loss,1
2020-07-16 01:25:00,2020-07-16 02:00:00,short,12110.606728,12085.754504000002,12123.78284,12085.754504000002,19.352223999998387,take_profit,7
2020-07-16 02:55:00,2020-07-16 03:05:00,short,12088.897117,12099.788006,12099.788006,12068.615339,-16.390889000000243,stop_loss,2
2020-07-16 03:05:00,2020-07-16 03:30:00,short,12084.04102,12050.047910000001,12101.787575,12050.047910000001,28.493109999999433,take_profit,5
2020-07-16 03:35:00,2020-07-16 04:10:00,short,12030.338296,11995.202572,12048.656158,11995.202572,29.635723999999755,take_profit,7
2020-07-17 01:00:00,2020-07-17 01:10:00,short,12087.1832,12098.931048,12098.931048,12065.187503999998,-17.247848000000886,stop_loss,2
2020-07-17 04:55:00,2020-07-17 05:05:00,short,12118.033701,12126.068062,12126.068062,12103.464979,-13.53436099999999,stop_loss,2
2020-07-20 01:05:00,2020-07-20 02:05:00,short,12077.471005,12057.760531,12088.076242,12057.760531,14.210473999999522,take_profit,12
2020-07-21 01:25:00,2020-07-21 02:00:00,long,12620.354336,12610.034753,12610.034753,12639.493502000001,-15.81958300000042,stop_loss,7
2020-07-21 03:10:00,2020-07-21 03:15:00,long,12631.780448,12622.889128,12622.889128,12648.063087999997,-14.391319999998814,stop_loss,1
2020-07-21 03:20:00,2020-07-21 03:50:00,long,12628.92392,12619.746948,12619.746948,12645.777863999998,-14.676971999999296,stop_loss,6
2020-07-21 04:40:00,2020-07-21 05:10:00,long,12630.066531,12616.604767,12616.604767,12655.490059,-18.961763999999675,stop_loss,6
2020-07-22 03:15:00,2020-07-22 03:20:00,short,12344.556358,12350.305497,12350.305497,12334.55808,-11.249138999999559,stop_loss,1
2020-07-22 03:35:00,2020-07-22 04:05:00,short,12329.131108,12350.876803,12350.876803,12287.139718,-27.245694999999614,stop_loss,6
2020-07-22 04:05:00,2020-07-22 04:30:00,short,12333.4159,12355.447247,12355.447247,12290.853206,-27.531347000000096,stop_loss,5
2020-07-22 04:55:00,2020-07-22 05:15:00,long,12378.692081,12395.546024999998,12369.515109,12395.546024999998,11.353943999998592,take_profit,4
2020-07-23 01:20:00,2020-07-23 01:45:00,long,12426.681749,12450.962667,12413.79129,12450.962667,18.780918000000383,take_profit,5
2020-07-23 01:45:00,2020-07-23 06:25:00,long,12472.671847,12428.645235,12428.645235,12559.225070999999,-49.52661199999966,stop_loss,56
2020-07-24 03:05:00,2020-07-24 03:10:00,short,11896.367141,11917.54153,11917.54153,11855.518363000001,-26.674388999999792,stop_loss,1
2020-07-27 01:35:00,2020-07-27 01:40:00,short,12021.768713,12026.660893,12026.660893,12013.484352999998,-10.392180000000735,stop_loss,1
2020-07-27 03:45:00,2020-07-27 04:10:00,short,12016.34131,12028.089157,12028.089157,11994.345615999999,-17.247847000000547,stop_loss,5
2020-07-28 02:05:00,2020-07-28 02:30:00,long,12234.437425,12214.405647,12214.405647,12273.000981000001,-25.531778000000486,stop_loss,5
2020-07-28 03:50:00,2020-07-28 04:05:00,long,12204.15823,12196.980827,12196.980827,12217.013035999998,-12.677402999999686,stop_loss,3
2020-07-28 04:10:00,2020-07-28 04:15:00,long,12205.015189,12196.409522,12196.409522,12220.726523,-14.105666999999812,stop_loss,1
2020-07-28 04:25:00,2020-07-28 04:30:00,long,12193.87473,12186.126022,12186.126022,12207.872145999998,-13.24870799999917,stop_loss,1
2020-07-28 04:35:00,2020-07-28 04:40:00,long,12193.303425,12189.268202,12189.268202,12199.873871000002,-9.53522300000077,stop_loss,1
2020-07-29 03:00:00,2020-07-29 05:00:00,short,12088.897117,12106.072367,12106.072367,12056.046617,-22.675250000000233,stop_loss,24
2020-07-30 02:45:00,2020-07-30 03:00:00,short,12070.044033,12078.364047,12078.364047,12054.904005000002,-13.820013999998991,stop_loss,3
2020-07-30 03:05:00,2020-07-30 03:55:00,short,12070.615339,12049.190951,12082.077533,12049.190951,15.924387999999453,take_profit,10
2020-07-30 03:55:00,2020-07-30 04:20:00,short,12031.480907,12054.940519,12054.940519,11986.061682999998,-28.95961200000056,stop_loss,5
2020-07-30 04:25:00,2020-07-30 04:30:00,short,12052.333561,12057.225741,12057.225741,12044.049200999998,-10.392180000000735,stop_loss,1
2020-07-31 01:10:00,2020-07-31 01:15:00,long,12429.538277,12423.503485,12423.503485,12440.107861,-11.53479200000038,stop_loss,1
2020-07-31 01:35:00,2020-07-31 02:00:00,long,12474.100111,12452.068763,12452.068763,12516.662807,-27.531348000000435,stop_loss,5
2020-07-31 02:20:00,2020-07-31 02:30:00,long,12443.24961,12464.673998000004,12431.787416,12464.673998000004,15.924388000003091,take_profit,2
2020-07-31 04:05:00,2020-07-31 04:30:00,long,12474.671417,12449.783541,12449.783541,12522.947168999997,-30.38787599999887,stop_loss,5
2020-08-04 01:35:00,2020-08-04 02:35:00,long,12669.200962,12628.030878,12628.030878,12750.041130000003,-46.670084000001225,stop_loss,12
2020-08-04 04:20:00,2020-08-04 04:25:00,long,12583.505127,12576.327724,12576.327724,12596.359933,-12.677402999999686,stop_loss,1
2020-08-04 04:30:00,2020-08-04 04:35:00,long,12587.504266,12572.042933,12572.042933,12616.926931999998,-20.961332999999286,stop_loss,1
2020-08-05 01:05:00,2020-08-05 01:10:00,long,12688.054046,12683.161866,12683.161866,12696.338405999997,-10.392179999998916,stop_loss,1
2020-08-05 01:20:00,2020-08-05 01:45:00,long,12689.48231,12708.050172,12679.448379,12708.050172,13.067861999999877,take_profit,5
2020-08-06 01:00:00,2020-08-06 01:50:00,long,12681.198379,12665.16574,12665.16574,12711.763656999998,-21.532638999999108,stop_loss,10
2020-08-07 01:25:00,2020-08-07 01:45:00,long,12823.739118,12810.563007,12810.563007,12848.591339999997,-18.676110999998855,stop_loss,4
2020-08-07 03:10:00,2020-08-07 03:20:00,long,12820.311285,12811.705618,12811.705618,12836.022619,-14.105666999999812,stop_loss,2
2020-08-10 01:15:00,2020-08-10 01:30:00,long,12715.191061,12707.442352,12707.442352,12729.188478999999,-13.248708999999508,stop_loss,3
2020-08-10 02:20:00,2020-08-10 02:25:00,long,12712.334533,12706.871047,12706.871047,12721.761504999997,-10.963485999998738,stop_loss,1
2020-08-10 02:55:00,2020-08-10 03:05:00,long,12710.049311,12696.587546,12696.587546,12735.472841,-18.961765000000014,stop_loss,2
2020-08-10 03:10:00,2020-08-10 03:15:00,short,12691.338838,12696.802324,12696.802324,12681.911865999999,-10.963486000000557,stop_loss,1
2020-08-10 03:20:00,2020-08-10 03:50:00,short,12689.624921,12701.372769,12701.372769,12667.629225000002,-17.247847999999067,stop_loss,6
2020-08-11 01:15:00,2020-08-11 02:05:00,short,12697.051894,12681.911866000002,12705.371908,12681.911866000002,9.640027999997983,take_profit,10
2020-08-12 01:55:00,2020-08-12 02:00:00,short,12501.379737,12512.841931,12512.841931,12479.955348999996,-16.962194000001546,stop_loss,1
2020-08-12 03:50:00,2020-08-12 04:10:00,short,12530.516321,12544.54939,12544.54939,12503.950182999997,-19.533069000000978,stop_loss,4
2020-08-13 01:30:00,2020-08-13 01:40:00,long,12689.767963,12684.875782,12684.875782,12698.052325000002,-10.392181000001074,stop_loss,2
2020-08-13 01:45:00,2020-08-13 02:00:00,long,12690.910574,12707.764517999998,12681.733602,12707.764517999998,11.353943999998592,take_profit,3
2020-08-13 02:40:00,2020-08-13 03:00:00,long,12710.620616,12694.87363,12694.87363,12740.614588,-21.246986000000106,stop_loss,4
2020-08-14 01:00:00,2020-08-14 01:05:00,long,12809.456479,12817.740839000002,12804.564299,12817.740839000002,2.7843600000014703,take_profit,1
2020-08-14 01:35:00,2020-08-14 01:45:00,long,12826.881299,12834.023049000003,12822.560424,12834.023049000003,1.641750000002503,take_profit,2
2020-08-14 04:15:00,2020-08-14 04:20:00,long,12755.18245,12747.433742,12747.433742,12769.179866000002,-13.248708000000988,stop_loss,1
2020-08-14 04:25:00,2020-08-14 04:45:00,long,12755.18245,12746.291131,12746.291131,12771.465088,-14.391319000000294,stop_loss,4
2020-08-14 04:50:00,2020-08-14 05:05:00,long,12756.039409,12742.006339,12742.006339,12782.605549000004,-19.533070000001317,stop_loss,3
2020-08-17 02:20:00,2020-08-17 02:55:00,long,12780.319895,12804.600811,12767.429437,12804.600811,18.780915999999706,take_profit,7
2020-08-17 03:15:00,2020-08-17 06:05:00,long,12791.746007,12812.599090999998,12780.569465,12812.599090999998,15.35308399999849,take_profit,34
2020-08-18 01:00:00,2020-08-18 01:05:00,long,12908.577995,12897.115801,12897.115801,12930.002383,-16.962193999999727,stop_loss,1
2020-08-18 03:50:00,2020-08-18 04:10:00,long,12900.86537,12916.576704,12892.259703,12916.576704,10.211333999999624,take_profit,4
2020-08-20 01:55:00,2020-08-20 02:00:00,short,12875.870536,12880.762717,12880.762717,12867.586174000002,-10.392180999999255,stop_loss,1
2020-08-21 01:35:00,2020-08-21 02:05:00,long,13144.241542,13134.207611,13134.207611,13162.809404,-15.533930999999939,stop_loss,6
2020-08-21 02:50:00,2020-08-21 03:00:00,long,13119.961055,13114.211916,13114.211916,13129.959332999999,-11.249138999999559,stop_loss,2
2020-08-21 03:15:00,2020-08-21 03:25:00,long,13120.532361,13109.355819,13109.355819,13141.385444999998,-16.676541999999245,stop_loss,2
2020-08-24 01:00:00,2020-08-24 01:10:00,long,13268.21485,13275.927906,13263.608322,13275.927906,2.213056000000506,take_profit,2
2020-08-24 02:00:00,2020-08-24 02:35:00,long,13283.354448,13303.636226,13272.463559,13303.636226,14.781778000000486,take_profit,7
2020-08-24 02:35:00,2020-08-24 03:00:00,long,13304.207101,13317.061907,13297.029698,13317.061907,7.354805999999371,take_profit,5
2020-08-24 04:25:00,2020-08-24 04:55:00,long,13336.200213,13326.451935,13326.451935,13354.196769000002,-15.248278000000937,stop_loss,6
2020-08-25 01:05:00,2020-08-25 01:15:00,long,13341.05631,13348.198059999999,13336.735435,13348.198059999999,1.641749999998865,take_profit,2
2020-08-25 02:00:00,2020-08-25 03:05:00,long,13350.197199,13338.163699,13338.163699,13372.764199,-17.53349999999955,stop_loss,13
2020-08-25 04:05:00,2020-08-25 04:55:00,long,13325.916712,13316.168434,13316.168434,13343.913268000002,-15.248278000000937,stop_loss,10
2020-08-26 01:30:00,2020-08-26 01:40:00,long,13419.325173,13415.004298,13415.004298,13426.466922999998,-9.820874999999432,stop_loss,2
2020-08-26 02:10:00,2020-08-26 02:15:00,long,13412.183853,13406.149061,13406.149061,13422.753437000001,-11.53479200000038,stop_loss,1
2020-08-26 03:35:00,2020-08-26 04:50:00,long,13442.177395,13431.572159,13431.572159,13461.887867000003,-16.10523600000124,stop_loss,15
2020-08-27 01:00:00,2020-08-27 01:15:00,long,13667.271789,13656.952206,13656.952206,13686.410955000001,-15.81958300000042,stop_loss,3
2020-08-27 01:35:00,2020-08-27 02:40:00,long,13668.128747,13683.840079000003,13659.523081,13683.840079000003,10.211332000002585,take_profit,13
2020-08-27 04:10:00,2020-08-27 04:20:00,long,13665.27222,13661.236997,13661.236997,13671.842666000002,-9.53522300000077,stop_loss,2
2020-08-28 01:30:00,2020-08-28 01:35:00,long,13708.977096,13704.65622,13704.65622,13716.118848,-9.820875999999771,stop_loss,1
2020-08-28 04:35:00,2020-08-28 05:05:00,long,13655.845678,13642.955219,13642.955219,13680.126596,-18.39045900000019,stop_loss,6
2020-08-31 02:00:00,2020-08-31 02:45:00,long,13782.961167,13765.785916,13765.785916,13815.811668999997,-22.675250999998752,stop_loss,9
2020-09-01 03:10:00,2020-09-01 04:15:00,long,13958.923281,13975.205919,13950.031962,13975.205919,10.782638000000588,take_profit,13
2020-09-02 01:40:00,2020-09-02 01:45:00,long,14164.307633,14184.589411,14153.416744,14184.589411,14.781778000000486,take_profit,1
2020-09-02 02:40:00,2020-09-02 02:45:00,long,14206.012939,14200.835106,14200.835106,14214.868605,-10.677832999999737,stop_loss,1
2020-09-02 03:15:00,2020-09-02 03:55:00,long,14205.727287,14222.009926999997,14196.835967,14222.009926999997,10.782639999997627,take_profit,8
2020-09-03 02:00:00,2020-09-03 02:20:00,long,14143.45498,14168.878508,14129.993216,14168.878508,19.92352799999935,take_profit,4
2020-09-03 02:20:00,2020-09-03 03:10:00,long,14169.735036,14133.992355,14133.992355,14239.720398,-41.24268099999972,stop_loss,10
2020-09-04 01:15:00,2020-09-04 01:30:00,short,13333.771949,13308.919726999999,13346.94806,13308.919726999999,19.352222000001348,take_profit,3
2020-09-04 01:55:00,2020-09-04 02:10:00,short,13298.065351,13318.668434,13318.668434,13258.359185,-26.10308299999997,stop_loss,3
2020-09-04 03:40:00,2020-09-04 03:50:00,short,13439.463479,13460.923521,13460.923521,13398.043394999999,-26.960042000000612,stop_loss,2
2020-09-04 04:00:00,2020-09-04 04:45:00,short,13433.179117,13449.783062,13449.783062,13401.471226999998,-22.10394500000075,stop_loss,9
2020-09-07 01:05:00,2020-09-07 02:20:00,short,13026.123901,13067.008332,13067.008332,12945.855039000004,-46.384430999998585,stop_loss,15
2020-09-07 04:45:00,2020-09-07 05:40:00,short,13062.97311,13084.147499,13084.147499,13022.124332000001,-26.674388999999792,stop_loss,11
2020-09-08 01:55:00,2020-09-08 02:05:00,short,13196.37296,13178.94771,13205.835585,13178.94771,11.925250000000233,take_profit,2
2020-09-08 03:05:00,2020-09-08 03:15:00,short,13132.101083,13081.540109,13158.13157,13081.540109,45.06097399999999,take_profit,2
2020-09-08 03:40:00,2020-09-08 04:50:00,short,13004.414289,12901.864508999999,13056.439179,12901.864508999999,97.04978000000119,take_profit,14
2020-09-09 01:05:00,2020-09-09 01:10:00,short,12754.18245,12715.618892000002,12774.214229,12715.618892000002,33.06355799999801,take_profit,1
2020-09-11 04:45:00,2020-09-11 05:00:00,short,12931.287176,12907.006258,12944.177635,12907.006258,18.780918000000383,take_profit,3
2020-09-14 03:30:00,2020-09-14 05:50:00,short,12815.59302,12842.508501,12842.508501,12763.262058,-32.415481,stop_loss,28
2020-09-15 01:20:00,2020-09-15 01:30:00,long,12952.429422,12944.10208,12944.10208,12967.584105999997,-13.82734199999868,stop_loss,2
2020-09-15 02:35:00,2020-09-15 02:45:00,long,12942.420424,12931.51934,12931.51934,12962.722591999998,-16.401083999999173,stop_loss,2
2020-09-15 02:50:00,2020-09-15 04:00:00,long,12945.280138,12978.165048,12928.087683,12978.165048,27.384910000000673,take_profit,14
2020-09-15 04:35:00,2020-09-15 04:45:00,long,13007.621897,13021.632695000004,12999.866498,13021.632695000004,8.510798000002978,take_profit,2
2020-09-16 01:55:00,2020-09-16 03:05:00,long,13127.443902,13152.321612000002,13114.255047,13152.321612000002,19.37771000000066,take_profit,14
2020-09-16 03:40:00,2020-09-16 03:55:00,long,13180.348606,13172.879178,13172.879178,13193.787462,-12.969428000000335,stop_loss,3
2020-09-16 04:00:00,2020-09-16 04:05:00,long,13182.350405,13173.737092,13173.737092,13198.077030999999,-14.113312999999835,stop_loss,1
2020-09-17 01:15:00,2020-09-17 02:05:00,short,12632.28537,12656.91308,12656.91308,12584.529949999998,-30.12771000000066,stop_loss,10
2020-09-17 02:10:00,2020-09-17 02:15:00,short,12654.877109,12672.069563,12672.069563,12621.992201,-22.692453999999998,stop_loss,1
2020-09-18 03:30:00,2020-09-18 04:00:00,short,12693.483244,12714.965269,12714.965269,12652.019193999997,-26.98202500000116,stop_loss,6
2020-09-18 04:50:00,2020-09-18 04:55:00,short,12724.654124,12711.21527,12732.123551,12711.21527,7.938853999999992,take_profit,1
2020-09-21 01:20:00,2020-09-21 01:25:00,short,12424.670154,12441.576637,12441.576637,12392.357187999998,-22.406483000000662,stop_loss,1
2020-09-21 02:50:00,2020-09-21 03:40:00,short,12368.619765,12301.418290999998,12402.970502,12301.418290999998,61.701474000001326,take_profit,10
2020-09-21 04:30:00,2020-09-21 05:20:00,short,12291.693466,12326.902117,12326.902117,12222.776164000003,-40.70865099999901,stop_loss,10
2020-09-22 01:05:00,2020-09-22 01:20:00,short,12511.605451,12485.011912999998,12525.65222,12485.011912999998,21.09353800000099,take_profit,3
2020-09-22 01:20:00,2020-09-22 01:25:00,short,12485.582056,12498.198969,12498.198969,12461.84823,-18.11691299999984,stop_loss,1
2020-09-22 01:35:00,2020-09-22 02:00:00,short,12499.308682,12517.073079,12517.073079,12465.279888000003,-23.264396999999008,stop_loss,5
2020-09-22 02:10:00,2020-09-22 02:50:00,short,12487.869827,12513.06948,12513.06948,12438.970521000001,-30.69965299999967,stop_loss,8
2020-09-22 04:25:00,2020-09-22 05:00:00,long,12644.152283,12633.823141,12633.823141,12663.310566999997,-15.829141999998683,stop_loss,7
2020-09-23 04:25:00,2020-09-23 04:45:00,long,12810.587621,12830.317845000003,12799.972509,12830.317845000003,14.230224000002636,take_profit,4
2020-09-24 01:15:00,2020-09-24 01:25:00,short,12290.835552,12310.315777,12310.315777,12253.375102000002,-24.980224999999336,stop_loss,2
2020-09-24 03:50:00,2020-09-24 03:55:00,short,12320.004632,12326.902117,12326.902117,12307.709662000001,-12.397484999999506,stop_loss,1
2020-09-24 04:00:00,2020-09-24 04:15:00,short,12314.285204,12326.902117,12326.902117,12290.551378,-18.11691299999984,stop_loss,3
2020-09-25 01:40:00,2020-09-25 01:45:00,short,12465.850032,12479.324858,12479.324858,12440.400380000001,-18.974825999999666,stop_loss,1
2020-09-25 02:00:00,2020-09-25 02:15:00,short,12454.697148,12489.047885,12489.047885,12387.495673999998,-39.85073700000066,stop_loss,3
2020-09-25 02:45:00,2020-09-25 04:40:00,short,12456.984919,12413.805041000001,12479.324858,12413.805041000001,37.67987799999901,take_profit,23
2020-09-28 02:00:00,2020-09-28 03:05:00,long,12830.891589,12860.344841000004,12815.414963,12860.344841000004,23.953252000002976,take_profit,13
2020-09-28 03:05:00,2020-09-28 05:00:00,long,12866.066067,12922.400626999999,12837.148787,12922.400626999999,50.83455999999933,take_profit,23
2020-09-29 02:55:00,2020-09-29 03:00:00,long,13010.767582,12995.576927,12995.576927,13039.648892000001,-20.690655000000334,stop_loss,1
2020-09-30 03:05:00,2020-09-30 03:15:00,short,12836.754902,12855.091241,12855.091241,12801.582224000002,-23.836338999999498,stop_loss,2
2020-09-30 03:25:00,2020-09-30 03:40:00,short,12839.042673,12855.377213,12855.377213,12807.873593,-21.834539999999834,stop_loss,3
2020-10-01 02:20:00,2020-10-01 02:25:00,long,13152.609382,13162.61658,13146.855783,13162.61658,4.507197999999335,take_profit,1
2020-10-01 03:05:00,2020-10-01 03:30:00,long,13153.467297,13129.125558,13129.125558,13200.650774999998,-29.841738999999507,stop_loss,5
2020-10-01 04:55:00,2020-10-01 05:25:00,long,13205.800058,13234.109424000002,13190.895375,13234.109424000002,22.80936600000132,take_profit,6
2020-10-02 01:15:00,2020-10-02 01:20:00,short,13000.044555,13013.519381,13013.519381,12974.594903000001,-18.974825999999666,stop_loss,1
2020-10-02 03:30:00,2020-10-02 04:20:00,short,13024.924065,12986.319730999996,13044.976232,12986.319730999996,33.10433400000329,take_profit,10
2020-10-05 01:20:00,2020-10-05 01:25:00,short,12937.988767,12943.170424,12943.170424,12929.125453000002,-10.681656999999177,stop_loss,1
2020-10-05 01:30:00,2020-10-05 01:40:00,short,12932.841283,12946.316109,12946.316109,12907.391631,-18.974825999999666,stop_loss,2
2020-10-05 01:45:00,2020-10-05 01:55:00,short,12936.844882,12946.60208,12946.60208,12918.830485999997,-15.257198000001154,stop_loss,2
2020-10-05 04:15:00,2020-10-05 04:20:00,short,12946.281937,12958.040935,12958.040935,12924.263940999997,-17.258998000001156,stop_loss,1
2020-10-05 04:25:00,2020-10-05 04:35:00,short,12950.571508,12964.618277,12964.618277,12923.977970000004,-19.546768999998676,stop_loss,2
2020-10-06 01:45:00,2020-10-06 02:00:00,long,13102.564392,13113.143532000002,13096.524822,13113.143532000002,5.079140000001644,take_profit,3
2020-10-08 02:15:00,2020-10-08 02:30:00,long,13230.393596,13224.354025,13224.354025,13240.972737999999,-11.539570999999341,stop_loss,3
2020-10-09 01:20:00,2020-10-09 01:25:00,long,13247.265907,13243.228136,13243.228136,13253.841449000003,-9.537771000001158,stop_loss,1
2020-10-09 03:00:00,2020-10-09 05:50:00,long,13239.258708,13224.639997,13224.639997,13266.996129999998,-20.118710999999166,stop_loss,34
2020-10-12 02:55:00,2020-10-12 03:20:00,long,13495.489058,13542.100591999999,13471.433291,13542.100591999999,41.111533999999665,take_profit,5
2020-10-12 04:10:00,2020-10-12 04:20:00,long,13565.266073,13555.794846,13555.794846,13582.708527,-14.971226999999999,stop_loss,2
2020-10-13 03:30:00,2020-10-13 04:55:00,long,13874.973069,13957.616996999997,13832.901105,13957.616996999997,77.14392799999769,take_profit,17
2020-10-14 02:55:00,2020-10-14 03:20:00,long,13905.857977,13888.09358,13888.09358,13939.886770999998,-23.264396999999008,stop_loss,5
2020-10-14 03:25:00,2020-10-14 03:35:00,long,13901.282435,13881.80221,13881.80221,13938.742884999998,-24.980224999999336,stop_loss,2
2020-10-15 02:15:00,2020-10-15 02:25:00,short,13553.399161,13573.165357,13573.165357,13515.366768999998,-25.26619600000049,stop_loss,2
2020-10-15 02:30:00,2020-10-15 02:45:00,short,13558.546645,13573.451328,13573.451328,13530.237279000003,-20.40468299999884,stop_loss,3
2020-10-15 02:50:00,2020-10-15 03:05:00,short,13557.40276,13530.237280000001,13571.7355,13530.237280000001,21.66547999999966,take_profit,3
2020-10-15 04:00:00,2020-10-15 05:00:00,short,13451.593352,13472.503434,13472.503434,13411.273188,-26.41008200000033,stop_loss,12
2020-10-16 01:45:00,2020-10-16 01:50:00,short,13567.983701,13578.884784,13578.884784,13547.681534999998,-16.401083000000654,stop_loss,1
2020-10-16 03:05:00,2020-10-16 03:15:00,long,13633.041288,13612.131206,13612.131206,13673.361452000001,-26.41008200000033,stop_loss,2
2020-10-16 03:55:00,2020-10-16 04:10:00,long,13623.890204,13613.561063,13613.561063,13643.048486,-15.829141000000163,stop_loss,3
2020-10-19 02:35:00,2020-10-19 02:55:00,long,13642.764315,13630.147402,13630.147402,13666.498141,-18.11691299999984,stop_loss,4
2020-10-20 01:45:00,2020-10-20 01:55:00,short,13388.393679,13399.294763,13399.294763,13368.091511000002,-16.401083999999173,stop_loss,2
2020-10-21 02:00:00,2020-10-21 02:40:00,short,13388.393679,13345.213801000002,13410.733618,13345.213801000002,37.67987799999901,take_profit,8
2020-10-21 03:15:00,2020-10-21 03:55:00,short,13331.199404,13286.303698000002,13354.397257,13286.303698000002,39.395705999999336,take_profit,8
2020-10-22 01:25:00,2020-10-22 01:30:00,short,13303.460181,13314.933208,13314.933208,13282.014127,-16.973027000000002,stop_loss,1
2020-10-22 02:40:00,2020-10-22 02:55:00,short,13303.746153,13317.50695,13317.50695,13277.724558999998,-19.26079700000082,stop_loss,3
2020-10-22 03:55:00,2020-10-22 04:50:00,short,13327.481776,13338.668832,13338.668832,13306.607664000003,-16.687055999998847,stop_loss,11
2020-10-23 01:35:00,2020-10-23 02:10:00,short,13301.458382,13312.073494,13312.073494,13281.728158000002,-16.1151119999995,stop_loss,7
2020-10-23 02:10:00,2020-10-23 02:30:00,short,13302.316296,13314.075294,13314.075294,13280.298300000002,-17.258997999999337,stop_loss,4
2020-10-23 04:55:00,2020-10-23 05:10:00,short,13330.627462,13338.668832,13338.668832,13316.044722000002,-13.541369999999006,stop_loss,3
2020-10-26 02:55:00,2020-10-26 03:10:00,short,13220.242512,13237.720937,13237.720937,13186.785662000002,-22.978424999999334,stop_loss,3
2020-10-26 03:20:00,2020-10-26 05:30:00,short,13227.963739,13241.152594,13241.152594,13203.086029000004,-18.68885499999851,stop_loss,26
2020-10-27 02:05:00,2020-10-27 02:15:00,short,13178.490691,13192.251489,13192.251489,13152.469095000002,-19.26079799999934,stop_loss,2
2020-10-27 02:25:00,2020-10-27 02:45:00,short,13185.925947,13200.544659,13200.544659,13158.188523,-20.118711999999505,stop_loss,4
2020-10-27 03:35:00,2020-10-27 03:45:00,short,13169.339608,13182.814434,13182.814434,13143.889956,-18.974825999999666,stop_loss,2
2020-10-27 04:05:00,2020-10-27 04:30:00,short,13169.91155,13186.818033,13186.818033,13137.598584000003,-22.406482999998843,stop_loss,5
2020-10-28 01:20:00,2020-10-28 01:35:00,short,13218.240712,13223.70834,13223.70834,13208.805456000004,-10.967627999998513,stop_loss,3
2020-10-28 01:50:00,2020-10-28 02:20:00,short,13202.226315,13159.618379,13224.280283,13159.618379,37.107936000000336,take_profit,6
2020-10-29 02:05:00,2020-10-29 02:10:00,short,12873.359237,12879.684779,12879.684779,12862.208153000003,-11.825541999998677,stop_loss,1
2020-10-29 02:15:00,2020-10-29 02:30:00,short,12871.357438,12853.343041999997,12881.114636,12853.343041999997,12.514396000002307,take_profit,3
2020-10-29 03:45:00,2020-10-29 04:05:00,short,12864.208153,12883.402407,12883.402407,12827.319645,-24.694254,stop_loss,4
2020-11-02 01:05:00,2020-11-02 01:20:00,short,12642.58034,12662.060565,12662.060565,12605.119890000002,-24.980224999999336,stop_loss,3
2020-11-02 01:30:00,2020-11-02 01:35:00,short,12660.024594,12673.213448,12673.213448,12635.146886,-18.688853999999992,stop_loss,1
2020-11-03 04:10:00,2020-11-03 04:45:00,long,12775.127171,12765.084001,12765.084001,12793.713511000002,-15.543170000000828,stop_loss,7
2020-11-04 03:15:00,2020-11-04 03:35:00,long,13215.523084,13294.735354,13175.166949,13294.735354,73.71226999999999,take_profit,4
2020-11-05 01:00:00,2020-11-05 01:20:00,long,13660.49454,13713.397443999998,13633.293088,13713.397443999998,47.40290399999867,take_profit,4
2020-11-05 04:30:00,2020-11-05 04:50:00,long,13832.077363,13815.456852,13815.456852,13863.818385000002,-22.120511000000988,stop_loss,4
2020-11-05 04:55:00,2020-11-05 05:50:00,long,13847.805788,13814.026995,13814.026995,13913.863373999999,-39.278792999999496,stop_loss,11
2020-11-06 02:00:00,2020-11-06 02:45:00,long,13723.12227,13693.919018,13693.919018,13780.028773999999,-34.70325199999934,stop_loss,9
2020-11-09 02:30:00,2020-11-09 02:35:00,long,14095.456997,14081.410228,14081.410228,14122.050534999997,-19.546768999998676,stop_loss,1
2020-11-09 03:10:00,2020-11-09 03:20:00,long,14099.746567,14088.559512,14088.559512,14120.620677,-16.687055000000328,stop_loss,2
2020-11-10 02:45:00,2020-11-10 03:20:00,short,13481.334375,13424.427873000002,13510.537626,13424.427873000002,51.406501999998,take_profit,7
2020-11-10 03:50:00,2020-11-10 04:10:00,short,13437.580755,13376.670653000003,13468.785806,13376.670653000003,55.410101999998005,take_profit,4
2020-11-11 01:15:00,2020-11-11 01:20:00,short,13350.645458,13362.976398,13362.976398,13327.483578000001,-17.830939999999828,stop_loss,1
2020-11-11 02:10:00,2020-11-11 02:15:00,short,13282.584271,13299.776725,13299.776725,13249.699363,-22.692453999999998,stop_loss,1
2020-11-11 03:25:00,2020-11-11 03:40:00,short,13406.981818,13421.314558,13421.314558,13379.816338,-19.83273999999983,stop_loss,3
2020-11-12 03:30:00,2020-11-12 03:45:00,long,13604.444151,13635.613231,13588.109611,13635.613231,25.669079999999667,take_profit,3
2020-11-12 04:15:00,2020-11-12 04:25:00,long,13677.652822,13654.168998,13654.168998,13723.120470000002,-28.983824000000823,stop_loss,2
2020-11-12 04:30:00,2020-11-12 04:50:00,long,13661.352454,13649.307484,13649.307484,13683.942393999998,-17.54496999999901,stop_loss,4
2020-11-13 01:20:00,2020-11-13 01:35:00,long,13589.287668,13580.674355,13580.674355,13605.014294000004,-14.113313000001654,stop_loss,3
2020-11-13 02:55:00,2020-11-13 03:45:00,long,13609.591635,13631.037687000004,13598.118609,13631.037687000004,15.946052000002965,take_profit,10
2020-11-13 04:15:00,2020-11-13 04:25:00,long,13640.476544,13630.433374,13630.433374,13659.062883999997,-15.543169999999009,stop_loss,2
2020-11-17 01:45:00,2020-11-17 02:05:00,long,13751.147465,13770.877691,13740.532352,13770.877691,14.230225999999675,take_profit,4
2020-11-18 03:00:00,2020-11-18 03:15:00,long,13711.397444,13703.356074,13703.356074,13725.980184000002,-13.541370000000825,stop_loss,3
2020-11-18 03:15:00,2020-11-18 04:10:00,long,13716.544929,13745.998180999999,13701.068303,13745.998180999999,23.95325199999934,take_profit,11
2020-11-19 01:25:00,2020-11-19 01:35:00,short,13592.291267,13581.140183000003,13598.616809,13581.140183000003,5.651083999997354,take_profit,2
2020-11-19 02:15:00,2020-11-19 02:20:00,short,13562.836216,13567.44593,13567.44593,13555.116788,-10.109714000000167,stop_loss,1
2020-11-19 02:45:00,2020-11-19 05:45:00,short,13520.798424,13569.733701,13569.733701,13424.427870000003,-54.43527699999868,stop_loss,36
2020-11-20 02:45:00,2020-11-20 03:25:00,long,13701.674417,13719.116871,13692.20319,13719.116871,11.942453999999998,take_profit,8
2020-11-20 04:10:00,2020-11-20 04:45:00,long,13713.113272,13731.127668000003,13703.356074,13731.127668000003,12.514396000002307,take_profit,7
2020-11-23 01:00:00,2020-11-23 01:15:00,long,13679.082679,13668.467566,13668.467566,13698.812904999999,-16.115112999999837,stop_loss,3
2020-11-23 01:20:00,2020-11-23 02:05:00,short,13654.061084,13672.111452,13672.111452,13619.460348000004,-23.550367999998343,stop_loss,9
2020-11-23 02:05:00,2020-11-23 02:35:00,long,13675.365051,13657.028711,13657.028711,13710.537731,-23.836339999999836,stop_loss,6
2020-11-23 02:35:00,2020-11-23 02:55:00,short,13659.780511,13670.395624,13670.395624,13640.050285000001,-16.115112999999837,stop_loss,4
2020-11-24 02:20:00,2020-11-24 02:30:00,long,13693.95319,13684.195992,13684.195992,13711.967585999999,-15.257197999999335,stop_loss,2
2020-11-24 03:10:00,2020-11-24 03:20:00,short,13659.780511,13664.962167,13664.962167,13650.917199000003,-10.681655999998839,stop_loss,2
2020-11-25 03:35:00,2020-11-25 04:25:00,long,13852.095359,13844.053989,13844.053989,13866.678099000002,-13.541370000000825,stop_loss,10
2020-11-26 01:05:00,2020-11-26 02:10:00,long,13950.18354,13960.190738,13944.429941,13960.190738,4.507197999999335,take_profit,13
2020-11-26 02:10:00,2020-11-26 02:50:00,long,13965.054051,13948.147568,13948.147568,13997.367016999997,-22.406482999998843,stop_loss,8
2020-11-26 03:45:00,2020-11-26 04:05:00,long,13942.176341,13955.043253000002,13934.992885,13955.043253000002,7.366912000001321,take_profit,4
2020-11-26 04:30:00,2020-11-26 04:35:00,long,13952.471311,13948.43354,13948.43354,13959.046852999998,-9.537770999999339,stop_loss,1
2020-11-27 01:35:00,2020-11-27 01:45:00,long,13947.895769,13939.568427,13939.568427,13963.050453000002,-13.827342000000499,stop_loss,2
2020-11-27 02:05:00,2020-11-27 04:15:00,long,13952.185339,13938.424542,13938.424542,13978.206932999998,-19.260796999999002,stop_loss,26
2020-11-27 04:40:00,2020-11-27 04:50:00,long,13944.750084,13949.037855999999,13941.856198,13949.037855999999,-1.212228000000323,take_profit,2
2020-11-30 01:55:00,2020-11-30 02:40:00,long,13980.210534,14025.10624,13957.012681,14025.10624,39.395705999999336,take_profit,9
2020-11-30 03:00:00,2020-11-30 03:20:00,long,14021.962354,14012.491127,14012.491127,14039.404808,-14.971226999999999,stop_loss,4
2020-11-30 04:30:00,2020-11-30 05:30:00,long,14021.10444,14013.920984,14013.920984,14033.971351999997,-12.683455999998841,stop_loss,12
2020-12-01 01:55:00,2020-12-01 02:00:00,long,14170.667468,14164.341926,14164.341926,14181.818552,-11.825542000000496,stop_loss,1
2020-12-01 02:25:00,2020-12-01 02:30:00,long,14156.940842,14148.327529,14148.327529,14172.667468,-14.113312999999835,stop_loss,1
2020-12-01 03:00:00,2020-12-01 03:35:00,long,14151.221414,14139.176445,14139.176445,14173.811352,-17.544969000000492,stop_loss,7
2020-12-01 04:10:00,2020-12-01 08:30:00,long,14151.221414,14133.742989,14133.742989,14184.678263999998,-22.978424999999334,stop_loss,52
2020-12-02 02:40:00,2020-12-02 02:50:00,long,14241.302397,14232.689084,14232.689084,14257.029023,-14.113312999999835,stop_loss,2
2020-12-02 03:15:00,2020-12-02 03:35:00,long,14239.586569,14231.545198,14231.545198,14254.169310999998,-13.541370999999344,stop_loss,4
2020-12-03 01:55:00,2020-12-03 03:15:00,long,14275.33299,14261.572192,14261.572192,14301.354586000003,-19.26079800000116,stop_loss,16
2020-12-03 03:50:00,2020-12-03 04:25:00,long,14275.33299,14265.003849,14265.003849,14294.491272000001,-15.829141000000163,stop_loss,7
2020-12-03 04:35:00,2020-12-03 06:00:00,long,14267.611763,14279.906733000003,14260.714278,14279.906733000003,6.79497000000265,take_profit,17
2020-12-04 03:00:00,2020-12-04 03:10:00,long,14311.079412,14306.183726,14306.183726,14319.370783999999,-10.395685999999841,stop_loss,2
2020-12-07 01:10:00,2020-12-07 02:00:00,long,14328.237694,14321.054238,14321.054238,14341.104605999997,-12.683455999998841,stop_loss,10
2020-12-08 04:10:00,2020-12-08 04:40:00,long,14399.158594,14406.306078000001,14394.834852,14406.306078000001,1.6474840000009863,take_profit,6
2020-12-10 01:20:00,2020-12-10 01:30:00,short,14089.595484,14096.77894,14096.77894,14076.728571999998,-12.68345600000066,stop_loss,2
2020-12-11 02:00:00,2020-12-11 02:05:00,short,14150.507386,14158.548756,14158.548756,14135.924645999998,-13.541370000000825,stop_loss,1
2020-12-11 02:10:00,2020-12-11 02:30:00,short,14139.068531,14091.885055000002,14163.410269,14091.885055000002,41.683475999998336,take_profit,4
2020-12-11 04:55:00,2020-12-11 06:50:00,short,14053.849062,14088.199798,14088.199798,13986.647589999999,-39.850736000000325,stop_loss,23
2020-12-14 01:05:00,2020-12-14 01:45:00,long,14201.266405,14223.856345000002,14189.221435,14223.856345000002,17.08994000000166,take_profit,8
2020-12-14 04:30:00,2020-12-14 04:40:00,long,14200.408491,14208.127919,14195.798777,14208.127919,2.2194280000003346,take_profit,2
2020-12-14 04:50:00,2020-12-14 05:30:00,long,14206.699861,14215.563174999997,14201.518204,14215.563174999997,3.363313999998354,take_profit,8
2020-12-15 01:30:00,2020-12-15 01:40:00,long,14271.604177,14278.177332999998,14267.567599,14278.177332999998,1.073155999998562,take_profit,2
2020-12-15 02:20:00,2020-12-15 02:30:00,long,14294.755778,14304.758800000001,14289.004267,14304.758800000001,4.503022000000783,take_profit,2
2020-12-15 03:25:00,2020-12-15 03:45:00,long,14316.192445,14324.480533000002,14311.298401,14324.480533000002,2.788088000001153,take_profit,4
2020-12-16 01:30:00,2020-12-16 01:55:00,long,14425.376539,14421.054139,14421.054139,14432.521339000003,-9.822400000000926,stop_loss,5
2020-12-16 02:05:00,2020-12-16 02:30:00,long,14429.663873,14455.672940999999,14415.909339,14455.672940999999,20.509067999999388,take_profit,5
2020-12-16 02:30:00,2020-12-16 02:40:00,long,14455.673696,14449.636362,14449.636362,14466.248364000001,-11.537334000000556,stop_loss,2
2020-12-16 03:05:00,2020-12-16 03:35:00,long,14456.531163,14448.493074,14448.493074,14471.107340999999,-13.538088999999673,stop_loss,6
2020-12-17 01:35:00,2020-12-17 01:40:00,long,14552.853256,14562.284634000001,14547.387567,14562.284634000001,3.931378000001132,take_profit,1
2020-12-17 03:40:00,2020-12-17 03:45:00,long,14573.718279,14564.536901,14564.536901,14590.581035000003,-14.681378000001132,stop_loss,1
2020-12-18 02:45:00,2020-12-18 03:00:00,long,14577.71979,14584.864589999997,14573.39739,14584.864589999997,1.644799999998213,take_profit,3
2020-12-21 02:30:00,2020-12-21 03:10:00,long,14548.851745,14528.237477,14528.237477,14588.580280999999,-26.114267999999356,stop_loss,8
2020-12-22 02:05:00,2020-12-22 03:05:00,long,14511.694854,14545.706944,14493.938809,14545.706944,28.51209000000017,take_profit,12
2020-12-22 04:00:00,2020-12-22 05:15:00,long,14546.565167,14559.998057,14539.098722,14559.998057,7.932890000000043,take_profit,15
2020-12-23 01:45:00,2020-12-23 05:45:00,long,14553.4249,14542.528589,14542.528589,14573.717522,-16.396311000000424,stop_loss,48
2020-12-24 04:50:00,2020-12-24 05:10:00,short,14479.54023,14483.862631,14483.862631,14472.395428000002,-9.822400999999445,stop_loss,4
2020-12-28 01:05:00,2020-12-28 02:05:00,long,14621.16477,14613.698325,14613.698325,14634.59766,-12.966445000000022,stop_loss,12
2020-12-28 02:40:00,2020-12-28 03:05:00,long,14614.019214,14609.410992,14609.410992,14621.735658000001,-10.108222000000751,stop_loss,5
2020-12-28 04:20:00,2020-12-28 04:30:00,long,14611.732636,14607.696058,14607.696058,14618.305792000003,-9.5365780000011,stop_loss,2
2020-12-28 04:35:00,2020-12-28 05:00:00,long,14611.446814,14618.591614000003,14607.124414,14618.591614000003,1.644800000001851,take_profit,5
2020-12-29 01:40:00,2020-12-29 01:50:00,long,14735.779486,14741.209351999998,14732.314553,14741.209351999998,-0.07013400000141701,take_profit,2
2020-12-29 02:05:00,2020-12-29 02:25:00,long,14745.21162,14738.030997,14738.030997,14758.072866,-12.680623000000196,stop_loss,4
2020-12-29 02:30:00,2020-12-29 03:00:00,long,14741.781753,14737.459353,14737.459353,14748.926552999998,-9.822399999999107,stop_loss,6
2020-12-30 01:00:00,2020-12-30 03:05:00,long,14735.207842,14723.454063,14723.454063,14757.215400000001,-17.253779000000577,stop_loss,25
2020-12-30 03:20:00,2020-12-30 03:55:00,long,14730.920508,14735.207085999999,14728.027219,14735.207085999999,-1.213422000000719,take_profit,7
2020-12-30 04:50:00,2020-12-30 05:00:00,long,14738.637708,14734.315308,14734.315308,14745.782508000002,-9.822400000000926,stop_loss,2
2020-12-31 02:45:00,2020-12-31 03:15:00,long,14686.332239,14680.294906,14680.294906,14696.906905,-11.537333000000217,stop_loss,6
2020-12-31 04:05:00,2020-12-31 04:10:00,long,14685.760595,14682.009839,14682.009839,14691.762106999999,-9.250755999999456,stop_loss,1
2020-12-31 04:15:00,2020-12-31 04:35:00,long,14685.18895,14688.903881999999,14682.581484,14688.903881999999,-1.785068000001047,take_profit,4
2020-12-31 04:55:00,2020-12-31 05:05:00,long,14696.62184,14693.728551,14693.728551,14700.908417999999,-8.39328899999964,stop_loss,2
2021-01-04 01:40:00,2021-01-04 02:00:00,long,14772.364732,14787.512553999999,14764.040821,14787.512553999999,9.647821999998996,take_profit,4
2021-01-04 02:35:00,2021-01-04 08:30:00,long,14789.228244,14772.90131,14772.90131,14820.382112000001,-21.82693400000062,stop_loss,71
2021-01-05 01:45:00,2021-01-05 02:10:00,short,14486.685786,14516.732188,14516.732188,14428.092982,-35.546401999999944,stop_loss,5
2021-01-05 02:20:00,2021-01-05 02:25:00,short,14513.838899,14525.306855,14525.306855,14492.402987,-16.967956000000413,stop_loss,1
2021-01-05 03:05:00,2021-01-05 03:15:00,short,14517.268765,14526.450144,14526.450144,14500.406007000001,-14.681378999999652,stop_loss,2
2021-01-05 03:20:00,2021-01-05 03:35:00,short,14517.84041,14528.165077,14528.165077,14498.691076000003,-15.824666999998954,stop_loss,3
2021-01-05 04:45:00,2021-01-05 05:00:00,short,14519.269521,14531.309121,14531.309121,14496.690321,-17.539600000000064,stop_loss,3
2021-01-06 01:20:00,2021-01-06 01:50:00,short,14435.809429,14385.219651000003,14461.854318,14385.219651000003,45.08977799999775,take_profit,6
2021-01-06 02:10:00,2021-01-06 02:20:00,short,14367.783737,14327.483558999998,14388.683826,14327.483558999998,34.800178000001324,take_profit,2
2021-01-06 02:40:00,2021-01-06 03:00:00,short,14294.613245,14342.666447,14342.666447,14200.006841000002,-53.553201999999146,stop_loss,4
2021-01-06 04:45:00,2021-01-06 04:55:00,short,14356.350847,14330.341779,14370.105381,14330.341779,20.509067999999388,take_profit,2
2021-01-06 04:55:00,2021-01-06 05:50:00,short,14336.343291,14360.101603,14360.101603,14290.326667,-29.258311999999933,stop_loss,11
2021-01-07 01:45:00,2021-01-07 02:05:00,short,14532.417344,14516.697877999997,14541.027077,14516.697877999997,10.219466000002285,take_profit,4
2021-01-07 02:30:00,2021-01-07 02:55:00,short,14483.827564,14504.727654,14504.727654,14443.527383999997,-26.400090000001,stop_loss,5
2021-01-08 02:10:00,2021-01-08 02:50:00,long,14834.673979,14824.06349,14824.06349,14854.394956999997,-16.11048899999878,stop_loss,8
2021-01-11 01:40:00,2021-01-11 02:00:00,long,14914.418383,14928.422917,14906.666116,14928.422917,8.504533999999694,take_profit,4
2021-01-11 02:00:00,2021-01-11 02:30:00,long,14932.425183,14916.384072,14916.384072,14963.007404999997,-21.541110999998637,stop_loss,6
2021-01-11 03:20:00,2021-01-11 03:35:00,long,14922.135583,14907.809405,14907.809405,14949.287938999998,-19.826177999999345,stop_loss,3
2021-01-11 04:25:00,2021-01-11 04:40:00,long,14915.561672,14904.951182,14904.951182,14935.282651999998,-16.110489999999118,stop_loss,3
2021-01-12 01:20:00,2021-01-12 02:25:00,long,14787.51331,14774.616243,14774.616243,14811.807444,-18.39706699999988,stop_loss,13
2021-01-12 03:45:00,2021-01-12 04:15:00,long,14814.666423,14800.911889,14800.911889,14840.675491,-19.254533999999694,stop_loss,6
2021-01-13 01:10:00,2021-01-13 01:25:00,long,14772.364732,14764.898287,14764.898287,14785.797622,-12.966445000000022,stop_loss,3
2021-01-13 01:30:00,2021-01-13 02:05:00,long,14773.793843,14765.469932,14765.469932,14788.941664999998,-13.823910999999498,stop_loss,7
2021-01-13 02:45:00,2021-01-13 02:50:00,short,14759.360198,14767.112465,14767.112465,14745.355664,-13.252266999999847,stop_loss,1
2021-01-13 03:30:00,2021-01-13 03:45:00,long,14778.366999,14773.187132,14773.187132,14787.226733000001,-10.67986700000074,stop_loss,3
2021-01-13 04:00:00,2021-01-13 04:25:00,long,14776.080421,14770.32891,14770.32891,14786.083443000001,-11.251511000000392,stop_loss,5
2021-01-13 04:30:00,2021-01-13 08:30:00,short,14723.918241,14759.395265,14759.395265,14654.464193,-40.9770239999998,stop_loss,48
2021-01-14 03:15:00,2021-01-14 03:40:00,long,14829.815001,14822.634379,14822.634379,14842.676245000004,-12.680622000001676,stop_loss,5
2021-01-15 03:50:00,2021-01-15 04:05:00,short,14721.917485,14731.098864,14731.098864,14705.054727,-14.681378999999652,stop_loss,3
2021-01-15 04:15:00,2021-01-15 04:30:00,short,14718.487619,14726.525708,14726.525708,14703.911441,-13.538088999999673,stop_loss,3
2021-01-15 04:45:00,2021-01-15 06:25:00,short,14719.345085,14734.52873,14734.52873,14690.477795000003,-20.68364499999916,stop_loss,20
2021-01-19 01:15:00,2021-01-19 01:30:00,long,14767.791576,14784.082687999999,14758.89602,14784.082687999999,10.791111999998975,take_profit,3
2021-01-19 01:50:00,2021-01-19 02:00:00,long,14788.084955,14779.475221,14779.475221,14803.804423,-14.109733999999662,stop_loss,2
2021-01-19 04:05:00,2021-01-19 04:10:00,long,14782.940155,14779.475221,14779.475221,14788.370023,-8.96493399999963,stop_loss,1
2021-01-19 04:40:00,2021-01-19 06:00:00,long,14782.36851,14774.902066,14774.902066,14795.801398,-12.966443999999683,stop_loss,16
2021-01-20 01:05:00,2021-01-20 01:55:00,long,14936.426695,14929.531894,14929.531894,14948.716297,-12.39480100000037,stop_loss,10
2021-01-20 02:20:00,2021-01-20 02:40:00,long,14937.569984,14961.864118,14924.672917,14961.864118,18.794133999999758,take_profit,4
2021-01-20 03:15:00,2021-01-20 04:05:00,long,14938.42745,14963.293227999999,14925.244561,14963.293227999999,19.36577799999941,take_profit,10
2021-01-21 02:00:00,2021-01-21 02:10:00,long,15287.416399,15272.518576,15272.518576,15315.712044999998,-20.397822999999335,stop_loss,2
2021-01-22 01:15:00,2021-01-22 01:20:00,long,15263.693153,15257.65582,15257.65582,15274.267819,-11.537333000000217,stop_loss,1
2021-01-22 04:20:00,2021-01-22 04:50:00,long,15234.825108,15225.64373,15225.64373,15251.687863999998,-14.681377999999313,stop_loss,6
2021-01-25 01:25:00,2021-01-25 01:50:00,long,15388.883292,15398.314670000002,15383.417603,15398.314670000002,3.931378000001132,take_profit,5
2021-01-25 02:20:00,2021-01-25 02:25:00,long,15398.88707,15393.135559,15393.135559,15408.890092000001,-11.251511000000392,stop_loss,1
2021-01-25 03:20:00,2021-01-25 03:25:00,long,15422.038671,15430.326759000001,15417.144627,15430.326759000001,2.788088000001153,take_profit,1
2021-01-25 04:00:00,2021-01-25 04:05:00,long,15419.752094,15413.428938,15413.428938,15430.898406,-11.823156000000381,stop_loss,1
2021-01-26 01:00:00,2021-01-26 05:45:00,long,15337.721112,15403.173647999996,15304.244844,15403.173647999996,59.95253599999705,take_profit,57
2021-01-27 03:00:00,2021-01-27 04:10:00,long,15500.925608,15476.309829,15476.309829,15548.657165999999,-30.115778999999748,stop_loss,14
2021-01-28 01:05:00,2021-01-28 02:05:00,short,14861.684558,14898.019049,14898.019049,14790.515576000002,-41.834490999999616,stop_loss,12
2021-01-28 02:40:00,2021-01-28 02:45:00,short,14829.672468,14774.509532000004,14858.003936,14774.509532000004,49.66293599999699,take_profit,1
2021-01-28 04:50:00,2021-01-28 05:10:00,short,14815.381356,14838.853846,14838.853846,14769.936376,-28.972490000000107,stop_loss,4
2021-01-29 03:45:00,2021-01-29 04:00:00,short,14865.400247,14827.386645,14885.157048,14827.386645,32.51360199999908,take_profit,3
2021-01-29 04:15:00,2021-01-29 04:25:00,short,14808.807445,14850.286735,14850.286735,14727.348865000002,-46.97928999999931,stop_loss,2
2021-02-01 04:20:00,2021-02-01 04:40:00,short,14909.702694,14921.742294,14921.742294,14887.123494,-17.539600000000064,stop_loss,4
2021-02-02 02:55:00,2021-02-02 03:10:00,long,15245.686353,15264.264042999997,15235.647508,15264.264042999997,13.077689999998256,take_profit,3
2021-02-02 03:10:00,2021-02-02 03:15:00,long,15265.122265,15256.798353,15256.798353,15280.270089,-13.823911999999837,stop_loss,1
2021-02-02 03:20:00,2021-02-02 03:35:00,long,15262.264042,15280.841732000003,15252.225197,15280.841732000003,13.077690000001894,take_profit,3
2021-02-03 01:50:00,2021-02-03 02:45:00,long,15511.215209,15488.600186,15488.600186,15554.945255,-28.115023000000292,stop_loss,11
2021-02-04 02:45:00,2021-02-04 03:10:00,long,15377.736225,15362.55258,15362.55258,15406.603515000003,-20.68364500000098,stop_loss,5
2021-02-05 02:20:00,2021-02-05 02:45:00,long,15545.513877,15536.046676,15536.046676,15562.948278999998,-14.967200999999477,stop_loss,5
2021-02-05 04:30:00,2021-02-05 04:40:00,long,15531.79441,15541.225790000002,15526.32872,15541.225790000002,3.931380000001809,take_profit,2
2021-02-09 02:35:00,2021-02-09 03:05:00,long,15632.118014,15627.223969,15627.223969,15640.406103999998,-10.394044999999096,stop_loss,6
2021-02-09 03:45:00,2021-02-09 04:40:00,long,15629.545614,15623.222458,15623.222458,15640.691926000001,-11.823156000000381,stop_loss,11
2021-02-10 02:20:00,2021-02-10 02:25:00,long,15726.439351,15718.11544,15718.11544,15741.587173000004,-13.823911000001317,stop_loss,1
2021-02-11 01:05:00,2021-02-11 02:00:00,long,15619.256013,15628.687391000001,15613.790324,15628.687391000001,3.931378000001132,take_profit,11
2021-02-11 02:45:00,2021-02-11 02:50:00,long,15648.124059,15652.410636999999,15645.23077,15652.410636999999,-1.213422000000719,take_profit,1
2021-02-11 03:15:00,2021-02-11 03:25:00,long,15656.412904,15666.987572000002,15650.37557,15666.987572000002,5.074668000001111,take_profit,2
2021-02-11 04:05:00,2021-02-11 04:10:00,long,15681.851083,15674.67046,15674.67046,15694.712329,-12.680623000000196,stop_loss,1
2021-02-11 04:35:00,2021-02-11 04:50:00,long,15671.561482,15666.095793,15666.095793,15680.992859999997,-10.965688999998747,stop_loss,3
2021-02-12 01:25:00,2021-02-12 01:50:00,long,15677.277927,15671.240593,15671.240593,15687.852594999997,-11.537333999998737,stop_loss,5
2021-02-12 02:15:00,2021-02-12 02:25:00,long,15677.563749,15668.382371,15668.382371,15694.426505000003,-14.681378000001132,stop_loss,2
2021-02-15 03:40:00,2021-02-15 04:20:00,long,15824.476378,15831.049533999998,15820.4398,15831.049533999998,1.073155999998562,take_profit,8
2021-02-15 04:50:00,2021-02-15 04:55:00,long,15831.336111,15828.728645,15828.728645,15835.051043000003,-8.107466000001295,stop_loss,1
2021-02-16 04:35:00,2021-02-16 04:45:00,long,15853.916068,15859.345934000003,15850.451135,15859.345934000003,-0.07013399999777903,take_profit,2
2021-02-17 01:55:00,2021-02-17 02:05:00,short,15726.58264,15706.861660000002,15737.19313,15706.861660000002,14.220979999998235,take_profit,2
2021-02-18 03:10:00,2021-02-18 03:15:00,short,15593.675301,15587.102144999997,15597.711879,15587.102144999997,1.0731560000022,take_profit,1
2021-02-18 04:10:00,2021-02-18 04:20:00,short,15574.239389,15560.234855,15581.991656,15560.234855,8.504533999999694,take_profit,2
2021-02-19 01:05:00,2021-02-19 01:40:00,short,15565.664722,15584.278234,15584.278234,15529.937698,-24.1135119999999,stop_loss,7
2021-02-19 01:45:00,2021-02-19 01:50:00,short,15568.522945,15579.419256,15579.419256,15548.230323000003,-16.396310999998605,stop_loss,1
2021-02-19 04:00:00,2021-02-19 04:10:00,long,15638.977748,15629.796369,15629.796369,15655.840505999999,-14.681378999999652,stop_loss,2
2021-02-22 01:00:00,2021-02-22 01:05:00,short,15451.907473,15405.890849,15475.665785,15405.890849,40.516623999999865,take_profit,1
2021-02-22 02:40:00,2021-02-22 03:15:00,short,15311.854578,15335.61289,15335.61289,15265.837954,-29.258311999999933,stop_loss,7
2021-02-23 01:05:00,2021-02-23 01:20:00,short,15193.23835,15209.279462,15209.279462,15162.656125999998,-21.541112000000794,stop_loss,3
2021-02-23 01:30:00,2021-02-23 01:35:00,short,15196.954039,15210.708573,15210.708573,15170.944971,-19.254533999999694,stop_loss,1
2021-02-23 02:05:00,2021-02-23 02:25:00,short,15180.947994,15131.501502000001,15206.42124,15131.501502000001,43.946491999999125,take_profit,4
2021-02-23 03:45:00,2021-02-23 04:10:00,short,14975.441808,14903.701183999998,15012.06212,14903.701183999998,66.24062400000184,take_profit,5
2021-02-23 04:55:00,2021-02-23 05:10:00,short,14841.39118,14880.869714,14880.869714,14763.934112,-44.978533999999854,stop_loss,3
2021-02-24 04:55:00,2021-02-24 05:00:00,short,15108.920791,15119.245458,15119.245458,15089.771457000003,-15.824666999998954,stop_loss,1
2021-02-25 02:05:00,2021-02-25 03:35:00,short,15168.94346,15093.201322000003,15207.564529,15093.201322000003,70.2421379999978,take_profit,18
2021-02-26 01:35:00,2021-02-26 01:50:00,short,14557.283878,14576.754857,14576.754857,14519.84192,-24.970978999999716,stop_loss,3
2021-02-26 04:05:00,2021-02-26 04:10:00,short,14650.461927,14679.365039,14679.365039,14594.155703,-34.403111999999965,stop_loss,1
2021-02-26 04:25:00,2021-02-26 04:30:00,short,14676.757572,14693.941973,14693.941973,14643.88877,-22.684401000000435,stop_loss,1
2021-02-26 04:40:00,2021-02-26 04:55:00,short,14675.900106,14632.170059999999,14698.515129,14632.170059999999,38.230046000000584,take_profit,3
2021-03-01 01:00:00,2021-03-01 01:15:00,long,14947.28794,14978.441808000001,14930.961006,14978.441808000001,25.65386800000124,take_profit,3
2021-03-02 02:35:00,2021-03-02 02:50:00,long,15124.211903,15103.025991,15103.025991,15165.083726999997,-26.685911999999007,stop_loss,3
2021-03-02 04:15:00,2021-03-02 06:00:00,long,15101.631946,15147.076923999999,15078.159457,15147.076923999999,39.94497799999954,take_profit,21
2021-03-03 01:00:00,2021-03-03 01:20:00,long,15031.891321,15062.473544999997,15015.850209,15062.473544999997,25.08222399999795,take_profit,4
2021-03-03 01:50:00,2021-03-03 02:05:00,long,15059.9019,15072.763144,15052.721278,15072.763144,7.361243999999715,take_profit,3
2021-03-04 03:05:00,2021-03-04 03:25:00,short,14464.963296,14398.939113999999,14498.725387,14398.939113999999,60.52418200000102,take_profit,4
2021-03-04 03:40:00,2021-03-04 03:55:00,short,14389.792049,14426.126539,14426.126539,14318.623068999997,-41.8344900000011,stop_loss,3
2021-03-04 04:05:00,2021-03-04 05:50:00,short,14406.941383,14443.847518,14443.847518,14334.629112999997,-42.406135000001086,stop_loss,21
2021-03-05 01:05:00,2021-03-05 01:45:00,short,14196.290396,14138.269238,14226.050975,14138.269238,52.52115799999956,take_profit,8
2021-03-05 02:00:00,2021-03-05 02:15:00,short,14179.712706,14141.699104000001,14199.469507,14141.699104000001,32.51360199999908,take_profit,3
2021-03-05 03:25:00,2021-03-05 04:25:00,short,14160.562617,14193.181418,14193.181418,14096.825014999999,-38.11880100000053,stop_loss,12
2021-03-08 01:05:00,2021-03-08 01:10:00,short,14315.478268,14265.460134000003,14341.237335,14265.460134000003,44.5181339999981,take_profit,1
2021-03-08 03:00:00,2021-03-08 04:55:00,short,14216.297952,14254.061554,14254.061554,14142.270748000003,-43.26360199999908,stop_loss,23
2021-03-09 01:00:00,2021-03-09 01:15:00,short,14145.128216,14166.028306,14166.028306,14104.828035999997,-26.400090000001,stop_loss,3
2021-03-09 04:25:00,2021-03-09 04:30:00,short,14338.344047,14349.52618,14349.52618,14317.479781,-16.68213300000025,stop_loss,1
2021-03-09 04:45:00,2021-03-09 04:50:00,short,14337.48658,14350.383647,14350.383647,14313.192446000001,-18.39706699999988,stop_loss,1
2021-03-10 02:20:00,2021-03-10 02:50:00,long,14598.013169,14637.741704999999,14577.398901,14637.741704999999,34.22853599999871,take_profit,6
2021-03-11 01:50:00,2021-03-11 02:00:00,long,14775.794599,14767.470687,14767.470687,14790.942423,-13.823911999999837,stop_loss,2
2021-03-11 02:15:00,2021-03-11 02:55:00,long,14772.07891,14828.95678,14742.889975,14828.95678,51.37787000000026,take_profit,8
2021-03-15 02:15:00,2021-03-15 02:25:00,short,14723.918241,14730.241397,14730.241397,14712.771928999999,-11.823156000000381,stop_loss,2
2021-03-15 02:35:00,2021-03-15 02:40:00,short,14734.207842,14742.531753,14742.531753,14719.06002,-13.823910999999498,stop_loss,1
2021-03-16 01:15:00,2021-03-16 01:20:00,long,15014.744846,15007.274589,15007.274589,15028.185359999998,-12.970256999999037,stop_loss,1
2021-03-16 02:15:00,2021-03-16 02:30:00,long,15058.2188,15047.030376,15047.030376,15079.095648,-16.68842399999994,stop_loss,3
2021-03-16 04:50:00,2021-03-16 05:00:00,long,15009.024589,15016.744845000001,15004.414461,15016.744845000001,2.220256000000518,take_profit,2
2021-03-17 01:10:00,2021-03-17 01:30:00,long,15026.757386,15020.431181,15020.431181,15037.909795999998,-11.82620499999939,stop_loss,4
2021-03-18 01:30:00,2021-03-18 01:55:00,long,15126.28986,15116.245487,15116.245487,15144.878606000002,-15.544373000000633,stop_loss,5
2021-03-18 04:20:00,2021-03-18 04:30:00,short,14912.210283,14921.68263,14921.68263,14894.765589000002,-14.97234699999899,stop_loss,2
2021-03-19 01:05:00,2021-03-19 01:20:00,short,14565.848715,14578.753216,14578.753216,14541.539713000002,-18.404500999999073,stop_loss,3
2021-03-22 01:10:00,2021-03-22 01:20:00,short,14770.061893,14777.818163,14777.818163,14756.049353,-13.256269999999859,stop_loss,2
2021-03-22 01:25:00,2021-03-22 01:35:00,short,14776.926202,14783.538421,14783.538421,14765.201764000003,-12.112218999998731,stop_loss,2
2021-03-22 01:40:00,2021-03-22 02:00:00,short,14776.640189,14758.623469,14786.398549,14758.623469,12.516719999999623,take_profit,4
2021-03-22 02:35:00,2021-03-22 04:30:00,short,14754.045174,14785.826523,14785.826523,14691.982476000003,-37.281348999998954,stop_loss,23
2021-03-23 01:25:00,2021-03-23 01:45:00,long,14897.765588,14887.721216,14887.721216,14916.354332,-15.544372000000294,stop_loss,4
2021-03-23 01:50:00,2021-03-23 01:55:00,long,14890.90128,14910.634078000001,14880.284881,14910.634078000001,14.232798000000912,take_profit,1
2021-03-23 01:55:00,2021-03-23 03:15:00,long,14906.918,14886.291151,14886.291151,14946.671698,-26.12684900000022,stop_loss,16
2021-03-24 02:10:00,2021-03-24 02:15:00,long,14918.358514,14909.744206,14909.744206,14934.08713,-14.114308000000165,stop_loss,1
2021-03-24 03:15:00,2021-03-24 08:30:00,long,14979.565265,14941.777645,14941.777645,15053.640504999998,-43.28761999999915,stop_loss,63
2021-03-25 02:35:00,2021-03-25 02:45:00,short,14655.084726,14660.552893,14660.552893,14645.648391999997,-10.968167000000903,stop_loss,2
2021-03-25 04:20:00,2021-03-25 05:00:00,short,14665.953214,14684.577973,14684.577973,14630.203695999999,-24.124759000000267,stop_loss,8
2021-03-26 04:05:00,2021-03-26 04:55:00,short,14640.49807,14664.27106,14664.27106,14594.45209,-29.27298999999948,stop_loss,10
2021-03-29 01:10:00,2021-03-29 01:20:00,short,14678.53778,14707.459001,14707.459001,14622.195338000003,-34.421220999998695,stop_loss,2
2021-03-29 01:40:00,2021-03-29 02:10:00,long,14739.028454,14769.629739999997,14722.977811,14769.629739999997,25.101285999997344,take_profit,6
2021-03-30 01:55:00,2021-03-30 02:05:00,short,14755.189225,14768.951765,14768.951765,14729.164145,-19.262539999999717,stop_loss,2
2021-03-30 02:35:00,2021-03-30 02:40:00,short,14751.185045,14726.876043000002,14764.089546,14726.876043000002,18.809001999998145,take_profit,1
2021-03-30 03:05:00,2021-03-30 04:20:00,short,14729.448068,14744.068647,14744.068647,14701.706909999999,-20.12057900000036,stop_loss,15
2021-03-31 03:50:00,2021-03-31 04:50:00,long,14760.193405,14783.930383,14747.574916,14783.930383,18.236978000000818,take_profit,12
2021-04-01 01:15:00,2021-04-01 01:35:00,long,15040.772016,15059.932786000003,15030.441631,15059.932786000003,13.66077000000223,take_profit,4
2021-04-01 02:05:00,2021-04-01 02:40:00,long,15074.521533,15105.694844999998,15058.184877,15105.694844999998,25.673311999998987,take_profit,7
2021-04-01 02:55:00,2021-04-01 03:00:00,long,15121.427641,15112.241307,15112.241307,15138.300309,-14.686333999999988,stop_loss,1
2021-04-01 03:25:00,2021-04-01 03:35:00,long,15128.577963,15123.395809,15123.395809,15137.442271,-10.682154000000082,stop_loss,2
2021-04-02 01:40:00,2021-04-02 02:30:00,long,15278.448699,15285.596931,15274.124583,15285.596931,1.6482319999995525,take_profit,10
2021-04-02 04:25:00,2021-04-02 04:35:00,long,15289.317188,15285.279085,15285.279085,15295.893394000002,-9.538103000000774,stop_loss,2
2021-04-05 01:15:00,2021-04-05 01:25:00,long,15242.125066,15252.133426,15236.370886,15252.133426,4.508359999999811,take_profit,2
2021-04-05 01:55:00,2021-04-05 02:00:00,long,15246.415259,15239.803041,15239.803041,15258.139695,-12.112218000000212,stop_loss,1
2021-04-05 02:05:00,2021-04-05 02:15:00,long,15244.699182,15236.084874,15236.084874,15260.427798,-14.114308000000165,stop_loss,2
2021-04-05 03:10:00,2021-04-05 04:40:00,long,15267.008185,15310.766063000001,15244.379246,15310.766063000001,38.257878000000346,take_profit,18
2021-04-06 04:20:00,2021-04-06 04:35:00,long,15507.258983,15498.358662,15498.358662,15523.559624999998,-14.400320999999167,stop_loss,3
2021-04-06 04:45:00,2021-04-06 04:50:00,long,15507.258983,15496.356572,15496.356572,15527.563804999998,-16.40241099999912,stop_loss,1
2021-04-07 01:25:00,2021-04-07 01:35:00,long,15532.714128,15543.866539999999,15526.387922,15543.866539999999,5.652411999999458,take_profit,2
2021-04-07 01:35:00,2021-04-07 01:55:00,long,15543.868629,15552.732937,15538.686475,15552.732937,3.3643080000001646,take_profit,4
2021-04-07 01:55:00,2021-04-07 02:20:00,long,15553.879079,15539.830526,15539.830526,15580.476185000001,-19.54855300000054,stop_loss,5
2021-04-07 02:25:00,2021-04-07 02:35:00,long,15546.156732,15558.453195999999,15539.2585,15558.453195999999,6.796463999999105,take_profit,2
2021-04-07 02:45:00,2021-04-07 02:50:00,long,15559.313323,15549.554963,15549.554963,15577.330043,-15.258359999999811,stop_loss,1
2021-04-07 02:55:00,2021-04-07 03:00:00,long,15558.169272,15552.129079,15552.129079,15568.749657999997,-11.540192999998908,stop_loss,1
2021-04-08 04:45:00,2021-04-08 05:20:00,long,15677.15062,15703.1757,15663.38808,15703.1757,20.525079999999434,take_profit,7
2021-04-09 01:05:00,2021-04-09 01:20:00,long,15724.342741,15714.298368,15714.298368,15742.931487000002,-15.544373000000633,stop_loss,3
2021-04-09 02:45:00,2021-04-09 03:05:00,long,15722.054638,15709.436149,15709.436149,15745.791616,-18.11848900000041,stop_loss,4
2021-04-09 03:15:00,2021-04-09 04:50:00,long,15712.616214,15700.283738,15700.283738,15735.781165999999,-17.832475999999588,stop_loss,19
2021-04-12 02:30:00,2021-04-12 05:15:00,long,15800.42216,15782.65544,15782.65544,15834.4556,-23.266719999999623,stop_loss,33
2021-04-13 02:20:00,2021-04-13 02:35:00,long,15781.259299,15802.708172999997,15769.784862,15802.708172999997,15.948873999997886,take_profit,3
2021-04-13 02:55:00,2021-04-13 03:50:00,long,15801.280199,15793.523929,15793.523929,15815.292739,-13.256269999999859,stop_loss,11
2021-04-13 04:45:00,2021-04-13 04:55:00,long,15794.129877,15805.282286999998,15787.803672,15805.282286999998,5.652409999998781,take_profit,2
2021-04-14 03:05:00,2021-04-14 03:20:00,long,15996.054953,16008.351415000003,15989.156722,16008.351415000003,6.796462000002066,take_profit,3
2021-04-16 03:00:00,2021-04-16 05:45:00,long,15995.76894,16021.221994000001,15982.292413,16021.221994000001,19.95305400000143,take_profit,33
2021-04-20 01:05:00,2021-04-20 01:15:00,short,15920.977624,15928.733894,15928.733894,15906.965083999996,-13.256270000001678,stop_loss,2
2021-04-20 01:15:00,2021-04-20 01:45:00,short,15920.691611,15902.102864999999,15930.735984,15902.102864999999,13.088746000001265,take_profit,6
2021-04-20 03:35:00,2021-04-20 04:25:00,short,15916.401418,15885.228105999997,15932.738074,15885.228105999997,25.673312000002625,take_profit,10
2021-04-20 04:25:00,2021-04-20 04:35:00,short,15886.656081,15856.054794999998,15902.706724,15856.054794999998,25.101286000000982,take_profit,2
2021-04-20 04:35:00,2021-04-20 04:45:00,short,15862.631001,15842.898202999999,15873.2474,15842.898202999999,14.232798000000912,take_profit,2
2021-04-21 02:00:00,2021-04-21 02:05:00,short,15748.511872,15761.13036,15761.13036,15724.774895999999,-18.11848800000007,stop_loss,1
2021-04-21 03:50:00,2021-04-21 04:05:00,short,15733.639203,15746.257692,15746.257692,15709.902225000003,-18.11848899999859,stop_loss,3
2021-04-22 01:25:00,2021-04-22 01:30:00,long,15931.702061,15927.377945,15927.377945,15938.850293,-9.824115999999776,stop_loss,1
2021-04-23 01:10:00,2021-04-23 02:20:00,short,15735.355281,15749.117821,15749.117821,15709.330201,-19.262539999999717,stop_loss,14
2021-04-23 03:20:00,2021-04-23 03:30:00,short,15759.094348,15765.992579,15765.992579,15746.797886000002,-12.398230999999214,stop_loss,2
2021-04-23 03:35:00,2021-04-23 05:10:00,short,15761.954476,15770.854798,15770.854798,15745.653832000002,-14.400321999999505,stop_loss,19
2021-04-26 02:05:00,2021-04-26 02:30:00,long,15938.852382,15921.657688,15921.657688,15971.741769999999,-22.6946939999998,stop_loss,5
2021-04-27 03:55:00,2021-04-27 04:05:00,long,16056.689679,16050.07746,16050.07746,16068.414116999997,-12.112218999998731,stop_loss,2
2021-04-27 04:10:00,2021-04-27 04:45:00,long,16052.971512,16047.503344,16047.503344,16062.407847999999,-10.968167999999423,stop_loss,7
2021-04-28 01:35:00,2021-04-28 02:00:00,long,15971.457848,15978.034054000002,15967.419745,15978.034054000002,1.076206000001548,take_profit,5
2021-04-28 02:25:00,2021-04-28 02:35:00,short,15917.831482,15923.299649,15923.299649,15908.395147999998,-10.968167000000903,stop_loss,2
2021-04-28 04:05:00,2021-04-28 04:55:00,short,15926.125855,15943.034537,15943.034537,15893.808491000002,-22.408681999999317,stop_loss,10
2021-04-28 04:55:00,2021-04-28 05:05:00,short,15933.562189,15945.608652,15945.608652,15910.969262999999,-17.546463000000585,stop_loss,2
2021-04-29 03:00:00,2021-04-29 08:45:00,long,16053.82955,16028.340483,16028.340483,16103.307684000001,-30.989067000000432,stop_loss,69
2021-04-30 02:25:00,2021-04-30 03:25:00,short,15900.956724,15914.719264,15914.719264,15874.931644,-19.262539999999717,stop_loss,12
2021-05-03 01:00:00,2021-05-03 01:05:00,short,15852.048526,15860.662834,15860.662834,15836.31991,-14.114308000000165,stop_loss,1
2021-05-03 03:20:00,2021-05-03 03:50:00,short,15887.800133,15877.219749000004,15893.840325,15877.219749000004,5.080383999997139,take_profit,6
2021-05-03 04:25:00,2021-05-03 05:30:00,short,15852.334538,15869.529233,15869.529233,15819.445147999999,-22.694695000000138,stop_loss,13
2021-05-04 02:40:00,2021-05-04 02:45:00,short,15710.472162,15717.370394,15717.370394,15698.175698000001,-12.398231999999552,stop_loss,1
2021-05-04 04:10:00,2021-05-04 04:30:00,short,15714.190329,15724.806728,15724.806728,15694.457530999998,-16.116399000000456,stop_loss,4
2021-05-05 01:15:00,2021-05-05 02:05:00,short,15491.958341,15506.578919,15506.578919,15464.217185,-20.120578000000023,stop_loss,10
2021-05-05 02:10:00,2021-05-05 02:20:00,short,15501.968791,15510.869112,15510.869112,15485.668148999997,-14.400321000000986,stop_loss,2
2021-05-05 04:40:00,2021-05-05 05:20:00,short,15561.459464,15568.643709,15568.643709,15548.590973999999,-12.684245000000374,stop_loss,8
2021-05-06 03:15:00,2021-05-06 03:25:00,short,15495.676508,15507.722971,15507.722971,15473.083582000003,-17.546462999998766,stop_loss,2
2021-05-06 03:30:00,2021-05-06 03:40:00,short,15495.104482,15475.943710000001,15505.434868,15475.943710000001,13.66077199999927,take_profit,2
2021-05-06 04:10:00,2021-05-06 07:15:00,short,15475.941621,15430.467666999999,15499.428598,15430.467666999999,39.97395400000096,take_profit,37
2021-05-07 01:50:00,2021-05-07 02:05:00,short,15575.474094,15583.230364,15583.230364,15561.461554,-13.256269999999859,stop_loss,3
2021-05-07 02:10:00,2021-05-07 03:40:00,short,15558.885349,15586.662519,15586.662519,15504.831009000001,-33.27716999999939,stop_loss,18
2021-05-07 04:55:00,2021-05-07 07:00:00,long,15597.925059,15580.444352,15580.444352,15631.386472999997,-22.9807069999988,stop_loss,25
2021-05-10 04:50:00,2021-05-10 05:25:00,long,15642.543064,15633.070717,15633.070717,15659.987757999997,-14.97234699999899,stop_loss,7
2021-05-11 02:25:00,2021-05-11 02:45:00,short,15096.402562,15037.199991999998,15126.753847,15037.199991999998,53.70257000000129,take_profit,4
2021-05-11 03:00:00,2021-05-11 03:40:00,short,15052.928608,15101.584716,15101.584716,14957.116392000002,-54.15610799999922,stop_loss,8
2021-05-12 01:10:00,2021-05-12 01:15:00,short,15173.34002,15186.244521,15186.244521,15149.031017999998,-18.40450100000089,stop_loss,1
2021-05-12 04:00:00,2021-05-12 04:10:00,short,15191.644842,15199.973138,15199.973138,15176.48825,-13.828295999999682,stop_loss,2
2021-05-12 04:30:00,2021-05-12 05:10:00,short,15180.490341,15207.695485,15207.695485,15127.580053000001,-32.705143999999564,stop_loss,8
2021-05-13 02:25:00,2021-05-13 02:30:00,short,14907.062051,14881.608997000003,14920.538578,14881.608997000003,19.953053999997792,take_profit,1
2021-05-13 02:30:00,2021-05-13 02:40:00,short,14886.755139,14844.141315,14908.812051,14844.141315,37.11382400000002,take_profit,2
2021-05-14 03:00:00,2021-05-14 04:10:00,long,15097.688574,15147.166708,15072.199507,15147.166708,43.978134000000864,take_profit,14
2021-05-14 04:10:00,2021-05-14 04:15:00,long,15144.594683,15155.175068999997,15138.55449,15155.175068999997,5.080385999997816,take_profit,1
2021-05-17 01:35:00,2021-05-17 01:45:00,long,15301.043715,15290.713329,15290.713329,15320.204486999999,-15.830385999999635,stop_loss,2
2021-05-17 02:00:00,2021-05-17 02:30:00,long,15302.187766,15281.84693,15281.84693,15341.369437999998,-25.8408359999994,stop_loss,6
2021-05-17 03:20:00,2021-05-17 05:00:00,long,15280.450789,15259.251915,15259.251915,15321.348537,-26.698873999999705,stop_loss,20
2021-05-18 01:15:00,2021-05-18 01:30:00,long,15321.922653,15339.939373,15312.164293,15339.939373,12.516719999999623,take_profit,3
2021-05-18 02:05:00,2021-05-18 02:50:00,long,15353.384067,15343.339694,15343.339694,15371.972813000002,-15.544373000000633,stop_loss,9
2021-05-18 04:50:00,2021-05-18 05:15:00,long,15343.087604,15329.89709,15329.89709,15367.968632,-18.690513999999894,stop_loss,5
2021-05-19 01:25:00,2021-05-19 01:35:00,short,15030.047579,15009.170731,15041.236003,15009.170731,15.376847999999882,take_profit,2
2021-05-19 01:55:00,2021-05-19 02:05:00,short,15032.907708,15000.018320000001,15050.102402,15000.018320000001,27.3893879999996,take_profit,2
2021-05-19 03:15:00,2021-05-19 04:00:00,short,14926.796938,14943.133594,14943.133594,14895.623625999997,-21.836656000001312,stop_loss,9
2021-05-20 01:00:00,2021-05-20 01:05:00,short,15113.27732,15128.469924,15128.469924,15084.392111999996,-20.692604000001666,stop_loss,1
2021-05-20 01:05:00,2021-05-20 01:55:00,long,15127.147899,15112.813333,15112.813333,15154.317030999999,-19.83456599999954,stop_loss,10
2021-05-20 02:35:00,2021-05-20 02:50:00,long,15154.605133,15139.126516,15139.126516,15184.062366999997,-20.97861699999885,stop_loss,3
2021-05-21 01:20:00,2021-05-21 01:35:00,long,15459.494837,15467.787121,15454.598695,15467.787121,2.7922839999991993,take_profit,3
2021-05-21 04:10:00,2021-05-21 04:15:00,long,15473.509466,15465.467184,15465.467184,15488.09403,-13.542282000000341,stop_loss,1
2021-05-21 04:35:00,2021-05-21 05:00:00,long,15470.363325,15460.604965,15460.604965,15488.380045,-15.258359999999811,stop_loss,5
2021-05-24 01:35:00,2021-05-24 02:05:00,long,15365.110594,15381.411235999998,15356.210273,15381.411235999998,10.800641999998334,take_profit,6
2021-05-24 02:05:00,2021-05-24 02:15:00,long,15377.409147,15388.561559,15371.082941,15388.561559,5.652411999999458,take_profit,2
2021-05-24 03:25:00,2021-05-24 03:30:00,long,15412.588728,15407.692587,15407.692587,15420.881010000003,-10.39614100000108,stop_loss,1
2021-05-25 02:25:00,2021-05-25 02:35:00,long,15704.321841,15691.131327,15691.131327,15729.202869000004,-18.690514000001713,stop_loss,2
2021-05-26 01:45:00,2021-05-26 02:00:00,long,15687.161069,15679.976825,15679.976825,15700.029557,-12.684244000000035,stop_loss,3
2021-05-26 03:05:00,2021-05-26 03:40:00,long,15675.434542,15655.665733,15655.665733,15713.472160000003,-25.268809000001056,stop_loss,7
2021-05-26 04:20:00,2021-05-26 04:30:00,long,15670.858337,15688.303030999998,15661.38599,15688.303030999998,11.94469399999798,take_profit,2
2021-05-27 01:15:00,2021-05-27 01:25:00,long,15653.12554,15644.225218,15644.225218,15669.426183999998,-14.400321999999505,stop_loss,2
2021-05-27 01:35:00,2021-05-27 01:40:00,long,15646.261231,15641.937115,15641.937115,15653.409463,-9.824115999999776,stop_loss,1
2021-05-27 04:35:00,2021-05-27 04:40:00,long,15600.785187,15595.031007,15595.031007,15610.793547,-11.254179999999906,stop_loss,1
2021-05-27 04:50:00,2021-05-27 04:55:00,long,15602.787277,15596.461071,15596.461071,15613.939688999999,-11.826205999999729,stop_loss,1
2021-05-28 03:35:00,2021-05-28 03:40:00,long,15671.430362,15665.104157,15665.104157,15682.582771999998,-11.82620499999939,stop_loss,1
2021-05-31 03:30:00,2021-05-31 03:40:00,long,15665.710105,15659.669912,15659.669912,15676.290491000002,-11.540193000000727,stop_loss,2
2021-06-01 01:30:00,2021-06-01 01:35:00,long,15667.426182,15681.438721999999,15659.669912,15681.438721999999,8.512539999999717,take_profit,1
2021-06-01 02:00:00,2021-06-01 02:10:00,long,15684.014928,15673.112517,15673.112517,15704.319750000002,-16.40241100000094,stop_loss,2
2021-06-01 02:15:00,2021-06-01 02:35:00,long,15678.580684,15692.021198000002,15671.110427,15692.021198000002,7.940514000001713,take_profit,4
2021-06-01 03:50:00,2021-06-01 06:20:00,long,15704.893867,15728.630845000002,15692.275378,15728.630845000002,18.236978000000818,take_profit,30
2021-06-02 01:00:00,2021-06-02 02:05:00,short,15604.361393,15616.407856,15616.407856,15581.768466999998,-17.546463000000585,stop_loss,13
2021-06-02 02:30:00,2021-06-02 02:35:00,short,15588.344673,15592.096763,15592.096763,15582.340493,-9.252089999999953,stop_loss,1
2021-06-02 03:15:00,2021-06-02 05:50:00,short,15595.781007,15608.971521,15608.971521,15570.899979,-18.690513999999894,stop_loss,31
2021-06-03 04:20:00,2021-06-03 05:05:00,short,15601.501264,15581.196440000002,15612.403676,15581.196440000002,14.804823999998916,take_profit,9
2021-06-04 01:15:00,2021-06-04 01:45:00,short,15453.918631,15465.679081,15465.679081,15431.897731000001,-17.260449999999764,stop_loss,6
2021-06-04 04:15:00,2021-06-04 04:55:00,short,15474.797569,15487.130045,15487.130045,15451.632617000001,-17.832475999999588,stop_loss,8
2021-06-07 01:10:00,2021-06-07 02:05:00,long,15723.198689,15711.438239,15711.438239,15745.219589000004,-17.260450000001583,stop_loss,11
2021-06-07 02:55:00,2021-06-07 03:00:00,long,15707.467982,15698.853674,15698.853674,15723.196598,-14.114308000000165,stop_loss,1
2021-06-07 03:10:00,2021-06-07 04:05:00,long,15699.459622,15687.699172,15687.699172,15721.480522,-17.260449999999764,stop_loss,11
2021-06-08 01:05:00,2021-06-08 01:15:00,long,15826.735343,15822.69724,15822.69724,15833.311549000002,-9.538103000000774,stop_loss,2
2021-06-08 04:15:00,2021-06-08 04:20:00,long,15832.169587,15839.889843,15827.559459,15839.889843,2.220256000000518,take_profit,1
2021-06-09 02:25:00,2021-06-09 02:35:00,long,15818.726983,15839.031805000002,15807.824572,15839.031805000002,14.804822000001877,take_profit,2
2021-06-09 03:00:00,2021-06-09 04:10:00,long,15821.587112,15808.68261,15808.68261,15845.896115999998,-18.40450199999941,stop_loss,14
2021-06-10 03:00:00,2021-06-10 03:25:00,short,15778.543222,15751.374092000002,15792.877787,15751.374092000002,21.669129999998404,take_profit,5
2021-06-11 02:20:00,2021-06-11 02:25:00,long,15978.608169,15972.853989,15972.853989,15988.616528999999,-11.254179999999906,stop_loss,1
2021-06-11 03:55:00,2021-06-11 04:00:00,long,15978.036143,15974.284053,15974.284053,15984.040323,-9.252089999999953,stop_loss,1
2021-06-14 03:25:00,2021-06-14 05:40:00,long,16042.10486,16065.855799999998,16029.47939,16065.855799999998,18.25093999999808,take_profit,27
2021-06-15 01:20:00,2021-06-15 01:25:00,long,16179.479222,16191.209905999998,16172.86388,16191.209905999998,6.230683999998291,take_profit,1
2021-06-15 01:25:00,2021-06-15 04:30:00,long,16192.644265,16178.015418,16178.015418,16220.401959,-20.12884699999995,stop_loss,37
2021-06-16 01:20:00,2021-06-16 02:15:00,long,16072.441699,16066.112553,16066.112553,16083.599991000001,-11.829146000000037,stop_loss,11
2021-06-16 02:45:00,2021-06-16 02:50:00,long,16072.155502,16066.112553,16066.112553,16082.741399999997,-11.54294899999877,stop_loss,1
2021-06-16 03:45:00,2021-06-16 04:15:00,long,16068.434946,16064.109177,16064.109177,16075.586483999998,-9.825768999999127,stop_loss,6
2021-06-17 01:30:00,2021-06-17 01:50:00,short,15901.440926,15911.204431,15911.204431,15883.413915999998,-15.263505000000805,stop_loss,4
2021-06-17 03:20:00,2021-06-17 03:25:00,short,15903.444302,15907.197678,15907.197678,15897.437549999999,-9.253376000000571,stop_loss,1
2021-06-17 03:35:00,2021-06-17 04:15:00,short,15896.003191,15911.204431,15911.204431,15867.100711,-20.701240000000325,stop_loss,8
2021-06-18 01:40:00,2021-06-18 01:45:00,long,16247.021616,16240.692471,16240.692471,16258.179906,-11.829144999999698,stop_loss,1
2021-06-18 04:40:00,2021-06-18 04:50:00,long,16240.725291,16235.254736,16235.254736,16250.166401,-10.970554999999877,stop_loss,2
2021-06-21 03:35:00,2021-06-21 06:15:00,long,16137.980717,16119.631315,16119.631315,16173.179521,-23.849401999999827,stop_loss,32
2021-06-22 02:50:00,2021-06-22 04:00:00,short,16110.650631,16134.437768,16134.437768,16064.576357000002,-29.287136999999348,stop_loss,14
2021-06-23 03:35:00,2021-06-23 03:50:00,long,16338.318327,16327.696233,16327.696233,16358.062515000001,-16.12209400000029,stop_loss,3
2021-06-24 02:20:00,2021-06-24 02:25:00,long,16378.099653,16374.632473,16374.632473,16383.534012999999,-8.967179999999644,stop_loss,1
2021-06-24 02:35:00,2021-06-24 03:00:00,long,16380.675422,16403.281576,16368.622345,16403.281576,17.10615400000097,take_profit,5
2021-06-24 04:30:00,2021-06-24 04:40:00,long,16435.052773,16426.720252,16426.720252,16450.217815,-13.83252100000027,stop_loss,2
2021-06-25 01:50:00,2021-06-25 01:55:00,long,16440.776705,16436.450936,16436.450936,16447.928243,-9.825768999999127,stop_loss,1
2021-06-25 02:05:00,2021-06-25 02:15:00,long,16441.062902,16432.73038,16432.73038,16456.227946000003,-13.832522000000608,stop_loss,2
2021-06-25 04:35:00,2021-06-25 04:40:00,long,16450.507389,16463.382858999998,16443.319654,16463.382858999998,7.375469999999041,take_profit,1
2021-06-28 04:10:00,2021-06-28 04:50:00,long,16457.9485,16449.043586,16449.043586,16474.258327999996,-14.404913999998826,stop_loss,8
2021-06-28 04:55:00,2021-06-28 05:05:00,long,16455.372731,16446.467816,16446.467816,16471.682560999998,-14.404914999999164,stop_loss,2
2021-06-29 02:05:00,2021-06-29 02:30:00,long,16594.178075,16584.128374,16584.128374,16612.777477,-15.549700999999914,stop_loss,5
2021-06-29 02:35:00,2021-06-29 02:40:00,long,16588.74034,16581.838802,16581.838802,16601.043416000004,-12.401538000001892,stop_loss,1
2021-06-29 03:45:00,2021-06-29 04:40:00,long,16577.578673,16597.895253,16566.670383,16597.895253,14.816579999998794,take_profit,11
2021-06-30 02:50:00,2021-06-30 03:00:00,long,16696.636453,16691.452094,16691.452094,16705.505170999997,-10.684358999998949,stop_loss,2
2021-07-01 02:30:00,2021-07-01 02:35:00,long,16673.45453,16681.178462,16668.842564,16681.178462,2.2239320000007865,take_profit,1
2021-07-01 02:40:00,2021-07-01 02:45:00,long,16694.346881,16697.491669000006,16692.024487,16697.491669000006,-2.3552119999949355,take_profit,1
2021-07-02 01:15:00,2021-07-02 01:35:00,short,16619.508161,16625.837307,16625.837307,16608.349869,-11.829146000000037,stop_loss,4
2021-07-02 01:35:00,2021-07-02 01:50:00,short,16618.935768,16629.557862,16629.557862,16599.191579999995,-16.122094000002107,stop_loss,3
2021-07-02 02:50:00,2021-07-02 03:10:00,long,16684.043804,16678.859444,16678.859444,16692.912524,-10.684359999999288,stop_loss,4
2021-07-05 03:20:00,2021-07-05 06:00:00,long,16818.556199,16834.293634999995,16809.937481,16834.293634999995,10.237435999995796,take_profit,32
2021-07-06 01:10:00,2021-07-06 01:40:00,long,16814.835643,16827.711112999998,16807.647908,16827.711112999998,7.375469999999041,take_profit,6
2021-07-06 02:25:00,2021-07-06 02:40:00,long,16826.569704,16811.654661,16811.654661,16854.899790000003,-20.41504300000088,stop_loss,3
2021-07-06 04:55:00,2021-07-06 05:50:00,long,16840.593336,16858.047952000004,16831.116028,16858.047952000004,11.954616000002716,take_profit,11
2021-07-07 02:15:00,2021-07-07 02:30:00,long,16946.77227,16964.226886000004,16937.294962,16964.226886000004,11.954616000002716,take_profit,3
2021-07-08 01:00:00,2021-07-08 01:10:00,long,16935.03821,16914.685432,16914.685432,16974.243766,-25.8527780000004,stop_loss,2
2021-07-08 03:00:00,2021-07-08 05:15:00,short,16782.926412,16695.639828,16827.319704,16695.639828,81.78658400000131,take_profit,27
2021-07-09 03:05:00,2021-07-09 03:10:00,long,16862.91667,16875.219747999996,16856.015131,16875.219747999996,6.8030779999971855,take_profit,1
2021-07-09 03:30:00,2021-07-09 03:55:00,long,16862.630473,16851.435986,16851.435986,16883.519447000002,-16.694487000000663,stop_loss,5
2021-07-09 04:00:00,2021-07-09 04:10:00,long,16868.354405,16854.297952,16854.297952,16894.967310999993,-19.55645299999742,stop_loss,2
2021-07-09 04:45:00,2021-07-09 05:00:00,short,16832.152225,16807.82889100001,16845.063892,16807.82889100001,18.823333999993338,take_profit,3
2021-07-12 01:25:00,2021-07-12 01:35:00,long,16955.644364,16966.802654,16949.315219,16966.802654,5.658289999999397,take_profit,2
2021-07-12 01:35:00,2021-07-12 01:40:00,long,16969.3818,16961.621672,16961.621672,16983.402055999995,-13.260127999998076,stop_loss,1
2021-07-12 01:45:00,2021-07-12 02:00:00,long,16964.516458,16960.190689,16960.190689,16971.667995999996,-9.825768999999127,stop_loss,3
2021-07-12 04:10:00,2021-07-12 04:25:00,long,16998.573852,16984.517399,16984.517399,17025.186758000003,-19.556453000001056,stop_loss,3
2021-07-12 04:30:00,2021-07-12 05:10:00,long,16992.563724,16979.938253,16979.938253,17016.314666,-18.12547099999938,stop_loss,8
2021-07-14 01:25:00,2021-07-14 01:55:00,long,17023.759151,17011.133681,17011.133681,17047.510090999996,-18.12546999999904,stop_loss,6
2021-07-14 02:00:00,2021-07-14 03:05:00,long,17028.91069,17007.699322,17007.699322,17069.833426,-26.71136800000022,stop_loss,13
2021-07-14 03:20:00,2021-07-14 04:00:00,long,17036.065605,17052.947829,17026.874493,17052.947829,11.38222400000086,take_profit,8
2021-07-14 04:00:00,2021-07-14 04:10:00,long,17051.52022,17075.271159999997,17038.89475,17075.271159999997,18.25093999999808,take_profit,2
2021-07-14 04:30:00,2021-07-14 04:40:00,long,17084.432828,17078.103682,17078.103682,17095.59112,-11.829146000000037,stop_loss,2
2021-07-15 01:20:00,2021-07-15 01:30:00,long,17078.136503,17089.29479300001,17071.807358,17089.29479300001,5.658290000006673,take_profit,2
2021-07-15 01:55:00,2021-07-15 02:00:00,long,17083.001845,17075.527913,17075.527913,17096.449708999993,-12.973931999997149,stop_loss,1
2021-07-15 03:35:00,2021-07-15 03:45:00,long,17119.921204,17127.072741999997,17115.595435,17127.072741999997,1.6515379999982542,take_profit,2
2021-07-16 03:20:00,2021-07-16 03:45:00,short,16922.017953,16934.07103,16934.07103,16899.411798999998,-17.553077000000485,stop_loss,5
2021-07-19 02:00:00,2021-07-19 03:15:00,short,16767.471796,16788.396968,16788.396968,16727.121452000003,-26.425171999999293,stop_loss,15
2021-07-19 03:35:00,2021-07-19 06:25:00,short,16736.848762,16679.899018000004,16766.073634,16679.899018000004,51.449743999997736,take_profit,34
2021-07-20 02:50:00,2021-07-20 03:10:00,short,16720.24936,16730.299061,16730.299061,16701.649958,-15.549700999999914,stop_loss,4
2021-07-21 01:00:00,2021-07-21 03:15:00,long,16848.893037,16881.229875000005,16831.974618,16881.229875000005,26.8368380000029,take_profit,27
2021-07-21 04:15:00,2021-07-21 04:40:00,long,16884.095217,16871.18355,16871.18355,16908.41855099999,-18.41166699999667,stop_loss,5
2021-07-22 01:25:00,2021-07-22 01:35:00,long,16991.132741,17001.718639000006,16985.089792,17001.718639000006,5.085898000004818,take_profit,2
2021-07-22 02:35:00,2021-07-22 03:15:00,long,17011.738895,17003.406373,17003.406373,17026.903938999993,-13.83252199999697,stop_loss,8
2021-07-23 03:30:00,2021-07-23 03:55:00,long,17178.019112,17171.689966,17171.689966,17189.177404000002,-11.829146000000037,stop_loss,5
2021-07-23 04:00:00,2021-07-23 04:35:00,long,17172.29518,17182.881078000006,17166.252231,17182.881078000006,5.085898000004818,take_profit,7
2021-07-26 01:10:00,2021-07-26 02:45:00,long,17273.608771,17261.269498,17261.269498,17296.787316999995,-17.839272999997775,stop_loss,19
2021-07-27 01:15:00,2021-07-27 02:05:00,long,17285.629028,17278.155096,17278.155096,17299.076892,-12.973932000000787,stop_loss,10
2021-07-27 03:30:00,2021-07-27 06:00:00,long,17266.453857,17302.797447000004,17247.532062,17302.797447000004,30.843590000004042,take_profit,30
2021-07-28 01:55:00,2021-07-28 02:00:00,short,17086.867187,17099.778854,17099.778854,17062.543853,-18.411667000000307,stop_loss,1
2021-07-28 02:10:00,2021-07-28 03:00:00,short,17090.873939,17101.496033,17101.496033,17071.129751000004,-16.12209399999847,stop_loss,10
2021-07-28 03:30:00,2021-07-28 03:55:00,long,17154.264795,17165.995478999994,17147.649453,17165.995478999994,6.230683999994653,take_profit,5
2021-07-28 04:25:00,2021-07-28 04:45:00,long,17162.278299,17151.370009,17151.370009,17182.594879000007,-16.408290000003035,stop_loss,4
2021-07-28 04:50:00,2021-07-28 05:10:00,long,17159.70253,17149.652829,17149.652829,17178.301932,-15.549700999999914,stop_loss,4
2021-07-30 02:20:00,2021-07-30 03:10:00,short,16990.99133,17003.902997,17003.902997,16966.667996,-18.411667000000307,stop_loss,10
2021-08-02 01:00:00,2021-08-02 05:15:00,long,17213.507488,17199.737232,17199.737232,17239.548,-19.27025599999979,stop_loss,51
2021-08-03 01:50:00,2021-08-03 02:00:00,long,17160.274923,17155.090564,17155.090564,17169.143641000006,-10.684359000002587,stop_loss,2
2021-08-03 02:15:00,2021-08-03 04:10:00,long,17157.126761,17144.50129,17144.50129,17180.877703,-18.12547099999938,stop_loss,23
2021-08-03 04:50:00,2021-08-03 04:55:00,short,17133.803427,17137.556803,17137.556803,17127.796674999998,-9.253376000000571,stop_loss,1
2021-08-04 04:40:00,2021-08-04 04:55:00,long,17235.258429,17231.218856,17231.218856,17241.837575000005,-9.539573000001837,stop_loss,3
2021-08-05 04:05:00,2021-08-05 04:25:00,long,17280.477489,17289.918599,17275.006934,17289.918599,3.941109999999753,take_profit,4
2021-08-06 04:40:00,2021-08-06 05:05:00,long,17353.171422,17344.838901,17344.838901,17368.336464,-13.83252100000027,stop_loss,5
2021-08-09 01:10:00,2021-08-09 01:20:00,short,17225.386335,17232.57407,17232.57407,17212.510865,-12.68773499999952,stop_loss,2
2021-08-09 01:45:00,2021-08-09 02:00:00,short,17227.962104,17232.001677,17232.001677,17221.382957999995,-9.539573000001837,stop_loss,3
2021-08-09 03:05:00,2021-08-09 03:10:00,short,17262.878087,17272.355395,17272.355395,17245.423471000006,-14.97730799999772,stop_loss,1
2021-08-09 04:35:00,2021-08-09 05:00:00,long,17287.060011,17303.369841000007,17278.155096,17303.369841000007,10.809830000005604,take_profit,5
2021-08-10 02:15:00,2021-08-10 03:00:00,long,17324.265567,17335.996250999993,17317.650225,17335.996250999993,6.230683999994653,take_profit,9
2021-08-11 02:55:00,2021-08-11 03:00:00,short,17181.598257,17191.361761,17191.361761,17163.571249000004,-15.263503999998647,stop_loss,1
2021-08-11 03:05:00,2021-08-11 03:25:00,short,17187.608385,17173.588126999995,17195.368514,17173.588126999995,8.520258000004105,take_profit,4
2021-08-11 04:35:00,2021-08-11 05:15:00,short,17160.41971,17168.466034,17168.466034,17145.827061999993,-13.546324000002642,stop_loss,8
2021-08-12 01:30:00,2021-08-12 01:35:00,short,17170.150393,17165.860818999998,17173.04518,17165.860818999998,-1.210425999997824,take_profit,1
2021-08-13 01:00:00,2021-08-13 01:30:00,long,17250.999241,17260.440353,17245.528685,17260.440353,3.9411120000004303,take_profit,6
2021-08-13 01:30:00,2021-08-13 02:00:00,long,17261.016122,17267.595268000005,17256.976549,17267.595268000005,1.079146000003675,take_profit,6
2021-08-13 02:15:00,2021-08-13 02:35:00,long,17269.315823,17264.131464,17264.131464,17278.184541000006,-10.684359000002587,stop_loss,4
2021-08-13 02:40:00,2021-08-13 02:50:00,long,17267.88484,17277.325952,17262.414284,17277.325952,3.9411120000004303,take_profit,2
2021-08-13 03:40:00,2021-08-13 03:55:00,long,17277.90172,17273.003558,17273.003558,17286.198044000004,-10.39816200000132,stop_loss,3
2021-08-13 03:55:00,2021-08-13 04:15:00,long,17277.90172,17271.286378,17271.286378,17289.632404000004,-12.115342000000965,stop_loss,4
2021-08-16 02:15:00,2021-08-16 04:30:00,long,17298.794071,17286.454797,17286.454797,17321.972619000004,-17.83927400000175,stop_loss,27
2021-08-17 02:10:00,2021-08-17 02:40:00,short,17247.995865,17263.769498,17263.769498,17217.948599,-21.2736330000007,stop_loss,6
2021-08-17 02:50:00,2021-08-17 03:00:00,short,17251.144027,17267.203857,17267.203857,17220.524366999995,-21.559830000001966,stop_loss,2
2021-08-17 03:05:00,2021-08-17 04:05:00,short,17258.298942,17268.348643,17268.348643,17239.69954,-15.549700999999914,stop_loss,12
2021-08-18 02:15:00,2021-08-18 02:25:00,short,17185.605009,17173.874324999997,17192.220351,17173.874324999997,6.230684000001929,take_profit,2
2021-08-18 03:10:00,2021-08-18 04:15:00,short,17162.709282,17171.328,17171.328,17146.971845999997,-14.118718000001536,stop_loss,13
2021-08-19 02:30:00,2021-08-19 02:45:00,short,16885.38479,16898.01026,16898.01026,16861.633850000002,-18.12546999999904,stop_loss,3
2021-08-19 02:50:00,2021-08-19 03:15:00,short,16884.240004,16851.330773999995,16901.444619,16851.330773999995,27.409230000004754,take_profit,5
2021-08-19 03:45:00,2021-08-19 04:30:00,short,16850.468807,16876.545516,16876.545516,16799.815389000007,-31.57670899999721,stop_loss,9
2021-08-20 02:15:00,2021-08-20 02:25:00,short,17063.399067,17037.358555,17077.169323,17037.358555,20.54051199999958,take_profit,2
2021-08-20 02:25:00,2021-08-20 03:05:00,short,17014.173254,17046.260092,17046.260092,16951.499578000003,-37.58683799999926,stop_loss,8
2021-08-20 03:20:00,2021-08-20 03:40:00,short,17015.031844,17037.387998,17037.387998,16971.819536000006,-27.856153999997332,stop_loss,4
2021-08-24 01:30:00,2021-08-24 01:55:00,long,17575.54617,17606.165828000005,17559.486341,17606.165828000005,25.119658000003255,take_profit,5
2021-08-24 02:15:00,2021-08-24 04:35:00,long,17600.73147,17592.685145,17592.685145,17615.324119999997,-13.546324999999342,stop_loss,28
2021-08-25 03:10:00,2021-08-25 04:35:00,long,17608.744974,17591.254162,17591.254162,17642.226598,-22.990812000000005,stop_loss,17
2021-08-26 01:15:00,2021-08-26 01:25:00,long,17555.226212,17550.32805,17550.32805,17563.522536000004,-10.39816200000132,stop_loss,2
2021-08-26 02:30:00,2021-08-26 03:00:00,long,17552.364246,17561.805356,17546.893691,17561.805356,3.941109999999753,take_profit,6
2021-08-27 01:00:00,2021-08-27 03:25:00,long,17545.209332,17530.294289,17530.294289,17573.539417999993,-20.41504299999724,stop_loss,29
2021-08-27 04:15:00,2021-08-27 06:45:00,long,17543.778349,17533.728648,17533.728648,17562.377751,-15.549700999999914,stop_loss,30
2021-08-30 02:15:00,2021-08-30 02:30:00,long,17674.570189,17669.099633,17669.099633,17684.01130099999,-10.970555999996577,stop_loss,3
2021-08-30 02:45:00,2021-08-30 03:15:00,long,17676.573565,17687.731854999998,17670.24442,17687.731854999998,5.658289999999397,take_profit,6
2021-08-30 03:55:00,2021-08-30 04:30:00,long,17686.590445,17681.11989,17681.11989,17696.031555,-10.970554999999877,stop_loss,7
2021-08-30 04:40:00,2021-08-30 06:00:00,long,17684.014676,17678.830317,17678.830317,17692.883393999997,-10.684358999998949,stop_loss,16
2021-09-01 01:00:00,2021-09-01 02:00:00,long,17893.224381,17910.678997000003,17883.747073,17910.678997000003,11.954616000002716,take_profit,12
2021-09-01 04:50:00,2021-09-01 05:05:00,long,17866.321902,17871.183867999996,17863.140919,17871.183867999996,-0.6380340000032447,take_profit,3
2021-09-02 02:25:00,2021-09-02 03:00:00,long,17893.796774,17907.817029999995,17886.036646,17907.817029999995,8.520255999996152,take_profit,7
2021-09-02 03:55:00,2021-09-02 04:15:00,long,17910.968569,17905.498013,17905.498013,17920.409681,-10.970556000000215,stop_loss,4
2021-09-02 04:30:00,2021-09-02 04:40:00,long,17916.406304,17907.215193,17907.215193,17933.288526,-14.691111000000092,stop_loss,2
2021-09-02 04:45:00,2021-09-02 04:55:00,long,17910.109979,17904.639424,17904.639424,17919.551089,-10.970554999999877,stop_loss,2
2021-09-03 02:10:00,2021-09-03 02:20:00,long,17876.911175,17870.295833,17870.295833,17888.641859000003,-12.115342000000965,stop_loss,2
2021-09-03 02:30:00,2021-09-03 02:45:00,long,17876.052586,17887.210878,17869.72344,17887.210878,5.658292000000074,take_profit,3
2021-09-03 03:45:00,2021-09-03 03:50:00,long,17884.06609,17878.023141,17878.023141,17894.651987999998,-11.54294899999877,stop_loss,1
2021-09-06 02:00:00,2021-09-06 02:20:00,long,17962.483955,17977.648999,17954.151433,17977.648999,9.665044000001217,take_profit,4
2021-09-07 01:45:00,2021-09-07 02:10:00,long,17962.197758,17955.010023,17955.010023,17975.073227999997,-12.68773499999952,stop_loss,5
2021-09-07 02:15:00,2021-09-07 02:20:00,long,17961.911561,17957.013399,17957.013399,17970.207885000003,-10.39816200000132,stop_loss,1
2021-09-07 04:30:00,2021-09-07 06:30:00,short,17885.355663,17917.156304,17917.156304,17823.254380999995,-37.30064100000163,stop_loss,24
2021-09-08 01:10:00,2021-09-08 01:35:00,long,17948.460322,17941.84498,17941.84498,17960.191005999994,-12.115341999997327,stop_loss,5
2021-09-08 02:10:00,2021-09-08 04:30:00,short,17883.352287,17917.442501,17917.442501,17816.671859000002,-39.59021399999983,stop_loss,28
2021-09-09 01:05:00,2021-09-09 01:10:00,short,17818.671858,17826.14579,17826.14579,17805.223994000007,-12.973931999997149,stop_loss,1
2021-09-09 02:35:00,2021-09-09 02:50:00,short,17822.964807,17838.73844,17838.73844,17792.917541,-21.2736330000007,stop_loss,3
2021-09-10 01:00:00,2021-09-10 01:50:00,short,17848.436303,17853.906859,17853.906859,17838.995190999998,-10.970556000000215,stop_loss,10
2021-09-13 04:10:00,2021-09-13 04:15:00,short,17747.732142,17750.627596,17750.627596,17743.441234000005,-8.395453999997699,stop_loss,1
2021-09-13 04:30:00,2021-09-13 05:05:00,short,17748.018506,17756.068501,17756.068501,17733.418515999998,-13.549995000001218,stop_loss,7
2021-09-14 01:30:00,2021-09-14 01:40:00,short,17685.877643,17672.995833,17693.068548,17672.995833,7.38180999999895,take_profit,2
2021-09-14 03:55:00,2021-09-14 04:10:00,short,17679.004921,17687.054916,17687.054916,17664.404930999997,-13.549995000001218,stop_loss,3
2021-09-14 04:20:00,2021-09-14 05:00:00,short,17675.56856,17659.25039,17684.477645,17659.25039,10.818169999998645,take_profit,8
2021-09-15 04:20:00,2021-09-15 04:50:00,short,17667.836747,17676.745833,17676.745833,17651.518575000002,-14.409085999999661,stop_loss,6
2021-09-15 04:50:00,2021-09-15 06:00:00,short,17667.550384,17647.223123999993,17678.464014,17647.223123999993,14.82726000000548,take_profit,14
2021-09-16 01:45:00,2021-09-16 01:50:00,short,17717.950346,17725.141251,17725.141251,17705.068536000002,-12.690904999999475,stop_loss,1
2021-09-16 02:55:00,2021-09-16 03:00:00,long,17746.441235,17739.823057,17739.823057,17758.177590999992,-12.118177999996988,stop_loss,1
2021-09-16 04:40:00,2021-09-16 05:15:00,short,17709.07308,17715.404895,17715.404895,17697.909449999996,-11.83181500000137,stop_loss,7
2021-09-17 02:55:00,2021-09-17 03:00:00,long,17765.341221,17759.582133,17759.582133,17775.359396999997,-11.259087999998883,stop_loss,1
2021-09-17 03:15:00,2021-09-17 03:25:00,long,17763.336677,17757.577589,17757.577589,17773.354852999997,-11.259087999998883,stop_loss,2
2021-09-20 01:30:00,2021-09-20 01:35:00,short,17428.436927,17407.536940999995,17439.63692,17407.536940999995,15.399986000003992,take_profit,1
2021-09-20 02:00:00,2021-09-20 02:45:00,short,17410.968758,17437.346013,17437.346013,17359.714248,-31.877254999999423,stop_loss,9
2021-09-21 01:55:00,2021-09-21 02:00:00,short,17264.923413,17273.546135,17273.546135,17249.177969,-14.122722000000067,stop_loss,1
2021-09-21 03:55:00,2021-09-21 04:20:00,short,17339.95063,17311.032467999998,17355.159711,17311.032467999998,23.418162000001757,take_profit,5
2021-09-23 01:40:00,2021-09-23 01:50:00,long,17408.532397,17428.286928999998,17397.905131,17428.286928999998,14.254531999999017,take_profit,2
2021-09-23 01:50:00,2021-09-23 02:15:00,long,17431.727834,17416.805117,17416.805117,17460.073268000004,-20.422717000001285,stop_loss,5
2021-09-23 02:30:00,2021-09-23 04:05:00,long,17448.336913,17525.936857,17408.786941,17525.936857,72.09994400000141,take_profit,19
2021-09-24 02:50:00,2021-09-24 02:55:00,long,17461.223267,17447.15964,17447.15964,17487.850521,-19.563626999999542,stop_loss,1
2021-09-24 04:35:00,2021-09-24 04:45:00,long,17461.223267,17449.164184,17449.164184,17483.841433,-17.5590830000001,stop_loss,2
2021-09-28 01:30:00,2021-09-28 02:15:00,short,17284.682489,17231.709798999997,17311.918834,17231.709798999997,47.47269000000233,take_profit,9
2021-09-28 02:25:00,2021-09-28 03:05:00,short,17198.4871,17150.096225999994,17223.432537,17150.096225999994,42.89087400000426,take_profit,8
2021-09-28 03:40:00,2021-09-28 04:15:00,short,17191.041651,17210.259819,17210.259819,17154.105315,-24.718167999999423,stop_loss,7
2021-09-28 04:20:00,2021-09-28 04:35:00,short,17196.482556,17172.718935999994,17209.114366,17172.718935999994,18.263620000005176,take_profit,3
2021-09-28 04:50:00,2021-09-28 08:10:00,short,17144.93714,17189.928016,17189.928016,17056.455388000002,-50.490875999999844,stop_loss,40
2021-09-29 03:05:00,2021-09-29 03:15:00,short,17066.473562,17038.128125999996,17081.39628,17038.128125999996,22.845436000003247,take_profit,2
2021-09-29 03:35:00,2021-09-29 03:40:00,short,17048.71903,17054.764481,17054.764481,17038.128128000004,-11.545450999998138,stop_loss,1
2021-09-30 01:25:00,2021-09-30 02:05:00,short,17014.355419,16983.146348999995,17030.709954,16983.146348999995,25.70907000000443,take_profit,8
2021-09-30 03:05:00,2021-09-30 03:15:00,short,17019.223598,16992.023618000003,17033.573588,16992.023618000003,21.699979999997595,take_profit,2
2021-09-30 04:05:00,2021-09-30 04:40:00,short,16998.032704,16966.823634000004,17014.387239,16966.823634000004,25.709069999997155,take_profit,7
2021-09-30 04:55:00,2021-09-30 05:00:00,short,16965.673638,16970.000909,16970.000909,16958.519096000004,-9.82727099999829,stop_loss,1
2021-10-01 01:20:00,2021-10-01 02:00:00,short,16690.47839,16710.842012,16710.842012,16651.251146,-25.86362200000076,stop_loss,8
2021-10-01 02:00:00,2021-10-01 02:15:00,short,16687.614755,16712.846556,16712.846556,16638.651152999995,-30.731801000001724,stop_loss,3
2021-10-04 01:15:00,2021-10-04 01:25:00,short,16791.851041,16809.637392,16809.637392,16757.778339000004,-23.28635099999883,stop_loss,2
2021-10-04 01:50:00,2021-10-04 02:10:00,short,16807.028302,16825.673744,16825.673744,16771.237417999997,-24.145442000000912,stop_loss,4
2021-10-04 02:15:00,2021-10-04 03:00:00,short,16799.869217,16833.119193,16833.119193,16734.869265,-38.74997599999915,stop_loss,9
2021-10-05 01:30:00,2021-10-05 01:40:00,short,16580.514836,16595.437553,16595.437553,16552.169401999996,-20.422717000001285,stop_loss,2
2021-10-05 02:50:00,2021-10-05 03:15:00,short,16596.837551,16618.919354,16618.919354,16554.173945,-27.581803000000946,stop_loss,5
2021-10-06 02:05:00,2021-10-06 02:45:00,short,16637.214793,16581.951196999995,16665.596591,16581.951196999995,49.76359600000433,take_profit,8
2021-10-06 04:35:00,2021-10-06 04:45:00,short,16527.537603,16545.323954,16545.323954,16493.464901000003,-23.28635099999883,stop_loss,2
2021-10-07 01:55:00,2021-10-07 02:15:00,long,17053.441755,17035.941766,17035.941766,17086.941733,-22.999988999999914,stop_loss,4
2021-10-07 04:05:00,2021-10-07 04:10:00,long,17070.909923,17063.432655,17063.432655,17084.364458999997,-12.97726799999873,stop_loss,1
2021-10-08 01:15:00,2021-10-08 01:20:00,long,17040.555401,17033.650859,17033.650859,17052.864485000002,-12.40454200000022,stop_loss,1
2021-10-08 01:40:00,2021-10-08 02:00:00,long,17044.850852,17063.45993,17034.796313,17063.45993,13.109078000001318,take_profit,4
2021-10-08 03:05:00,2021-10-08 03:10:00,long,17025.378139,17018.759961,17018.759961,17037.114495,-12.118178000000626,stop_loss,1
2021-10-08 03:20:00,2021-10-08 03:35:00,long,17024.805412,17013.319056,17013.319056,17046.278124000004,-16.98635600000125,stop_loss,3
2021-10-11 01:05:00,2021-10-11 05:30:00,short,16915.560039,16852.278266999998,16947.950925,16852.278266999998,57.78177200000209,take_profit,53
2021-10-12 01:35:00,2021-10-12 01:40:00,short,16747.464711,16752.078345,16752.078345,16739.737442999998,-10.113634000001184,stop_loss,1
2021-10-12 01:45:00,2021-10-12 02:10:00,short,16736.010174,16753.510162,16753.510162,16702.510198,-22.999987999999576,stop_loss,5
2021-10-13 01:05:00,2021-10-13 02:05:00,short,16755.482886,16724.273816000004,16771.837421,16724.273816000004,25.709069999997155,take_profit,12
2021-10-13 02:15:00,2021-10-13 02:25:00,short,16731.714722,16737.760174,16737.760174,16721.123818000004,-11.545451999998477,stop_loss,2
2021-10-13 03:40:00,2021-10-13 07:30:00,long,16851.841906,16823.173744,16823.173744,16907.678230000005,-34.16816200000176,stop_loss,46
2021-10-14 01:10:00,2021-10-14 01:35:00,long,17005.619063,17030.528136999994,16992.414526,17030.528136999994,19.4090739999956,take_profit,5
2021-10-14 02:20:00,2021-10-14 02:30:00,long,17033.682678,17013.891783,17013.891783,17071.764468000005,-25.29089500000191,stop_loss,2
2021-10-14 02:35:00,2021-10-14 03:05:00,long,17027.95541,17048.282667999996,17017.041781,17048.282667999996,14.827257999997528,take_profit,6
2021-10-14 03:40:00,2021-10-14 05:05:00,long,17052.869028,17040.523581,17040.523581,17076.059922,-17.845446999999695,stop_loss,17
2021-10-15 03:25:00,2021-10-15 04:35:00,long,17268.500684,17257.300691,17257.300691,17289.400669999995,-16.699992999998358,stop_loss,14
2021-10-18 04:45:00,2021-10-18 05:10:00,long,17267.927957,17257.587055,17257.587055,17287.109761,-15.840901999999915,stop_loss,5
2021-10-19 01:50:00,2021-10-19 02:00:00,long,17553.718652,17542.805023,17542.805023,17574.045909999997,-16.413628999998764,stop_loss,2
2021-10-20 02:10:00,2021-10-20 02:30:00,long,17629.891322,17652.509488,17617.832239,17652.509488,17.1181660000002,take_profit,4
2021-10-20 03:00:00,2021-10-20 03:05:00,long,17621.586783,17613.536788,17613.536788,17636.186772999994,-13.54999499999758,stop_loss,1
2021-10-21 01:25:00,2021-10-21 01:30:00,long,17562.023191,17556.264103,17556.264103,17572.041366999998,-11.259087999998883,stop_loss,1
2021-10-21 01:35:00,2021-10-21 01:40:00,long,17562.595918,17556.550467,17556.550467,17573.186819999995,-11.545450999998138,stop_loss,1
2021-10-21 02:25:00,2021-10-21 03:00:00,long,17588.082263,17573.445909,17573.445909,17615.854971000004,-20.13635400000203,stop_loss,7
2021-10-21 03:50:00,2021-10-21 04:30:00,long,17575.768635,17588.077717,17568.864094,17588.077717,6.809081999999762,take_profit,8
2021-10-22 01:10:00,2021-10-22 01:15:00,long,17641.345859,17633.582227,17633.582227,17655.373123000005,-13.263632000001962,stop_loss,1
2021-10-22 01:20:00,2021-10-22 02:15:00,long,17642.777676,17661.959482000002,17632.436773,17661.959482000002,13.681806000000506,take_profit,11
2021-10-22 02:15:00,2021-10-22 05:20:00,long,17658.814028,17687.159464000004,17643.89131,17687.159464000004,22.845436000003247,take_profit,37
2021-10-25 02:30:00,2021-10-25 06:05:00,long,17609.273156,17594.923165,17594.923165,17636.473137999998,-19.849990999999136,stop_loss,43
2021-10-26 01:15:00,2021-10-26 02:05:00,long,17847.527523,17837.18662,17837.18662,17866.709329,-15.840903000000253,stop_loss,10
2021-10-26 02:45:00,2021-10-26 05:20:00,long,17865.568418,17852.650245,17852.650245,17889.904763999995,-18.418172999998205,stop_loss,31
2021-10-27 01:15:00,2021-10-27 02:00:00,long,17832.636625,17847.236616999995,17824.586629,17847.236616999995,9.099991999995837,take_profit,9
2021-10-27 02:00:00,2021-10-27 03:40:00,long,17850.67752,17830.027534,17830.027534,17890.477492,-26.149986000000354,stop_loss,20
2021-10-28 02:15:00,2021-10-28 05:50:00,long,17899.359302,17947.17745,17874.700228,17947.17745,42.31814799999847,take_profit,43
2021-10-29 01:25:00,2021-10-29 02:00:00,long,17919.404741,17900.759299,17900.759299,17955.195624999993,-24.145441999997274,stop_loss,7
2021-10-29 02:05:00,2021-10-29 05:10:00,long,17915.682017,17888.445672,17888.445672,17968.654706999994,-32.73634499999753,stop_loss,37
2021-11-01 01:40:00,2021-11-01 02:40:00,long,18180.281818,18190.872719999996,18174.236367,18190.872719999996,5.090901999996277,take_profit,12
2021-11-01 03:00:00,2021-11-01 03:55:00,long,18192.022719,18216.931793000003,18178.818182,18216.931793000003,19.409074000002875,take_profit,11
2021-11-02 01:30:00,2021-11-02 02:30:00,long,18202.618165,18190.272719,18190.272719,18225.809057,-17.845445999999356,stop_loss,12
2021-11-03 01:50:00,2021-11-03 02:00:00,long,18279.649926,18287.377195999994,18275.036291,18287.377195999994,2.2272699999957695,take_profit,2
2021-11-03 02:20:00,2021-11-03 03:05:00,long,18285.663558,18301.409004,18277.040835,18301.409004,10.245446000000811,take_profit,9
2021-11-03 04:00:00,2021-11-03 04:15:00,long,18297.977185,18310.858995,18290.78628,18310.858995,7.38180999999895,take_profit,3
2021-11-03 04:15:00,2021-11-03 04:25:00,long,18304.27718,18298.804455,18298.804455,18313.72263,-10.972724999999627,stop_loss,2
2021-11-03 04:35:00,2021-11-03 05:20:00,long,18303.131726,18297.372638,18297.372638,18313.149901999997,-11.259087999998883,stop_loss,9
2021-11-04 01:15:00,2021-11-04 01:50:00,long,18514.181568,18524.199743999998,18508.42248,18524.199743999998,4.518175999997766,take_profit,7
2021-11-04 02:25:00,2021-11-04 02:30:00,long,18525.922468,18521.595197,18521.595197,18533.077010000005,-9.827271000001929,stop_loss,1
2021-11-04 02:50:00,2021-11-04 02:55:00,long,18526.781558,18521.881561,18521.881561,18535.081552,-10.39999700000044,stop_loss,1
2021-11-04 03:00:00,2021-11-04 03:15:00,long,18536.517915,18565.436077000002,18521.308834,18565.436077000002,23.418162000001757,take_profit,3
2021-11-05 01:35:00,2021-11-05 01:45:00,long,18717.213234,18712.5996,18712.5996,18724.940501999994,-10.113633999997546,stop_loss,2
2021-11-05 04:30:00,2021-11-05 04:35:00,long,18753.867752,18767.322289999996,18746.390483,18767.322289999996,7.954537999998138,take_profit,1
2021-11-05 04:55:00,2021-11-05 06:00:00,long,18792.813177,18779.895004,18779.895004,18817.149522999996,-18.418172999998205,stop_loss,13
2021-11-08 02:00:00,2021-11-08 04:25:00,long,18688.004165,18726.658682999994,18667.926906,18726.658682999994,33.15451799999573,take_profit,29
2021-11-08 04:50:00,2021-11-08 05:40:00,long,18724.945046,18740.117762,18716.608688,18740.117762,9.672716000000946,take_profit,10
2021-11-09 01:05:00,2021-11-09 01:35:00,long,18696.022341,18688.258709,18688.258709,18710.049604999997,-13.263631999998324,stop_loss,6
2021-11-09 04:45:00,2021-11-09 06:35:00,long,18740.122308,18730.640495,18730.640495,18757.585934000006,-14.981813000002148,stop_loss,22
2021-11-10 03:05:00,2021-11-10 04:30:00,short,18552.69972,18515.190656000002,18572.204252,18515.190656000002,32.009063999998034,take_profit,17
2021-11-10 04:30:00,2021-11-10 05:35:00,short,18512.036114,18472.808867999996,18532.399737,18472.808867999996,33.7272460000022,take_profit,13
2021-11-11 02:30:00,2021-11-11 02:55:00,short,18344.227149,18361.440774,18361.440774,18311.299898999998,-22.71362500000032,stop_loss,5
2021-11-12 01:05:00,2021-11-12 01:10:00,short,18374.868035,18379.48167,18379.48167,18367.140764999996,-10.113635000001523,stop_loss,1
2021-11-12 01:25:00,2021-11-12 01:50:00,short,18390.33166,18378.022576,18397.236202,18378.022576,6.809084000000439,take_profit,5
2021-11-12 01:50:00,2021-11-12 01:55:00,short,18375.154399,18383.490757,18383.490757,18359.981682999998,-13.836358000000473,stop_loss,1
2021-11-12 03:05:00,2021-11-12 03:15:00,short,18399.208926,18388.618023999996,18405.254377,18388.618023999996,5.0909020000035525,take_profit,2
2021-11-15 02:20:00,2021-11-15 02:30:00,long,18586.058787,18593.786055000004,18581.445153,18593.786055000004,2.2272680000023684,take_profit,2
2021-11-15 02:50:00,2021-11-15 03:15:00,long,18590.926965,18580.872426,18580.872426,18609.536042999993,-15.554538999997021,stop_loss,5
2021-11-15 04:35:00,2021-11-15 04:55:00,long,18597.799687,18584.59515,18584.59515,18622.708760999994,-18.7045369999978,stop_loss,4
2021-11-16 04:10:00,2021-11-16 05:15:00,short,18512.608841,18524.954288,18524.954288,18489.417947,-17.845446999999695,stop_loss,13
2021-11-17 01:35:00,2021-11-17 01:40:00,long,18669.676906,18666.208725,18666.208725,18675.113268,-8.968181000000186,stop_loss,1
2021-11-17 02:15:00,2021-11-17 02:25:00,long,18688.290528,18700.59961,18681.385987,18700.59961,6.809081999999762,take_profit,2
2021-11-17 03:00:00,2021-11-17 03:40:00,long,18699.458702,18688.545072,18688.545072,18719.785961999998,-16.413629999999102,stop_loss,8
2021-11-17 04:55:00,2021-11-17 05:00:00,long,18687.431438,18681.385987,18681.385987,18698.022339999996,-11.545450999998138,stop_loss,1
2021-11-18 01:10:00,2021-11-18 02:00:00,long,18742.699578,18755.581388,18735.508673,18755.581388,7.38180999999895,take_profit,10
2021-11-18 02:15:00,2021-11-18 02:25:00,long,18764.749562,18760.422291,18760.422291,18771.904104000005,-9.827271000001929,stop_loss,2
2021-11-18 02:55:00,2021-11-18 03:00:00,long,18766.754106,18783.645003999998,18757.558657,18783.645003999998,11.390897999997833,take_profit,1
2021-11-22 01:05:00,2021-11-22 02:20:00,long,19034.790268,19053.399346000002,19024.735729,19053.399346000002,13.109078000001318,take_profit,15
2021-11-22 02:20:00,2021-11-22 02:25:00,long,19051.112983,19042.776625,19042.776625,19066.285699,-13.836358000000473,stop_loss,1
2021-11-22 02:30:00,2021-11-22 02:40:00,long,19048.535713,19039.626627,19039.626627,19064.853885,-14.409085999999661,stop_loss,2
2021-11-22 02:55:00,2021-11-22 03:05:00,long,19044.812988,19059.985706000003,19036.476629,19059.985706000003,9.672718000001623,take_profit,2
2021-11-22 03:50:00,2021-11-22 04:25:00,long,19063.999337,19054.517525,19054.517525,19081.462961000005,-14.98181200000181,stop_loss,7
2021-11-23 01:05:00,2021-11-23 01:55:00,short,18680.70417,18717.67687,18717.67687,18608.258770000004,-42.47269999999844,stop_loss,10
2021-11-23 02:30:00,2021-11-23 02:35:00,short,18656.076915,18667.563272,18667.563272,18634.604201000006,-16.986356999997952,stop_loss,1
2021-11-23 02:45:00,2021-11-23 02:50:00,short,18650.922374,18674.14963,18674.14963,18605.967862000005,-28.727255999998306,stop_loss,1
2021-11-24 01:10:00,2021-11-24 01:30:00,short,18722.513229,18696.458701,18736.290493,18696.458701,20.554528000000573,take_profit,4
2021-11-24 02:05:00,2021-11-24 02:50:00,short,18689.581436,18662.381456000003,18703.931426,18662.381456000003,21.699979999997595,take_profit,9
2021-11-24 03:35:00,2021-11-24 03:50:00,short,18657.795096,18621.431486,18676.726901,18621.431486,30.863610000000335,take_profit,3
2021-11-24 04:55:00,2021-11-24 05:15:00,short,18587.636058,18605.422409,18605.422409,18553.563356000002,-23.28635099999883,stop_loss,4
2021-11-25 01:05:00,2021-11-25 01:20:00,long,18805.699531,18797.363172,18797.363172,18820.872248999993,-13.836358999997174,stop_loss,3
2021-11-25 01:45:00,2021-11-25 01:55:00,long,18801.117716,18797.649536,18797.649536,18806.554076,-8.968179999999847,stop_loss,2
2021-11-25 02:00:00,2021-11-25 05:05:00,long,18804.554077,18791.349541,18791.349541,18829.463149000003,-18.7045360000011,stop_loss,37
2021-11-26 02:15:00,2021-11-26 02:45:00,short,18516.617929,18567.908801,18567.908801,18415.536184999997,-56.7908720000014,stop_loss,6
2021-11-26 03:00:00,2021-11-26 05:20:00,short,18534.086098,18579.363338,18579.363338,18445.031618,-50.77723999999944,stop_loss,28
2021-11-29 01:35:00,2021-11-29 02:10:00,short,18580.190609,18552.417901000004,18594.826963,18552.417901000004,22.272707999996783,take_profit,7
2021-11-29 02:35:00,2021-11-29 02:50:00,short,18571.313343,18548.122451000003,18583.658789,18548.122451000003,17.690891999998712,take_profit,3
2021-11-30 01:05:00,2021-11-30 01:30:00,long,18710.054148,18673.654174,18673.654174,18781.354096,-41.89997399999993,stop_loss,5
2021-11-30 02:20:00,2021-11-30 03:00:00,long,18692.299616,18670.79054,18670.79054,18733.817767999997,-27.00907599999846,stop_loss,8
2021-11-30 03:00:00,2021-11-30 06:25:00,short,18664.381455,18704.21779,18704.21779,18586.208785,-45.33633499999996,stop_loss,41
2021-12-01 03:05:00,2021-12-01 03:35:00,long,18732.676859,18758.158661,18719.185958,18758.158661,19.981802000002062,take_profit,6
2021-12-01 04:25:00,2021-12-01 05:15:00,long,18747.281393,18736.0814,18736.0814,18768.181379000005,-16.699993000001996,stop_loss,10
2021-12-02 01:55:00,2021-12-02 02:00:00,short,18250.58631,18269.518116,18269.518116,18214.222697999998,-24.431806000000506,stop_loss,1
2021-12-03 02:15:00,2021-12-03 02:20:00,short,18298.409002,18276.363562,18310.181722,18276.363562,16.54544000000169,take_profit,1
2021-12-03 03:35:00,2021-12-03 03:45:00,short,18262.613574,18284.695377,18284.695377,18219.949967999997,-27.581803000000946,stop_loss,2
2021-12-06 04:20:00,2021-12-06 04:25:00,short,17961.359255,17912.968380999995,17986.304692,17912.968380999995,42.89087400000426,take_profit,1
2021-12-07 03:40:00,2021-12-07 04:50:00,long,18452.899796,18478.381598000004,18439.408895,18478.381598000004,19.981802000002062,take_profit,14
2021-12-08 04:10:00,2021-12-08 04:25:00,long,18758.449567,18749.826844,18749.826844,18774.195013,-14.122723000000406,stop_loss,3
2021-12-09 01:20:00,2021-12-09 02:05:00,long,18777.635916,18762.426835,18762.426835,18806.554078,-20.70908100000088,stop_loss,9
2021-12-09 03:40:00,2021-12-09 03:50:00,long,18744.704122,18739.231398,18739.231398,18754.149569999998,-10.972723999999289,stop_loss,2
2021-12-10 01:25:00,2021-12-10 01:55:00,short,18502.872485,18513.499751,18513.499751,18483.117953,-16.12726599999951,stop_loss,6
2021-12-10 03:25:00,2021-12-10 03:30:00,short,18540.386093,18544.713364,18544.713364,18533.231551000004,-9.82727099999829,stop_loss,1
2021-12-13 02:35:00,2021-12-13 02:55:00,long,18751.576844,18743.526849,18743.526849,18766.176833999994,-13.54999499999758,stop_loss,4
2021-12-13 03:00:00,2021-12-13 08:25:00,long,18761.313201,18740.663215,18740.663215,18801.113173,-26.149986000000354,stop_loss,65
2021-12-14 03:10:00,2021-12-14 03:35:00,short,18444.167983,18400.358923,18466.822513,18400.358923,38.30905999999959,take_profit,5
2021-12-14 04:10:00,2021-12-14 04:30:00,short,18310.149902,18318.486261,18318.486261,18294.977184000007,-13.836358999997174,stop_loss,4
2021-12-14 04:40:00,2021-12-14 05:05:00,short,18308.431722,18323.068075,18323.068075,18280.659016000005,-20.136352999998053,stop_loss,5
2021-12-15 02:55:00,2021-12-15 03:10:00,short,18249.440857,18229.686325000002,18260.068123,18229.686325000002,14.254531999999017,take_profit,3
2021-12-15 03:40:00,2021-12-15 04:40:00,short,18187.586358,18204.227256,18204.227256,18155.804562000005,-22.140897999997833,stop_loss,12
2021-12-16 01:15:00,2021-12-16 01:50:00,long,18801.40408,18786.481362,18786.481362,18829.749516000003,-20.422718000001623,stop_loss,7
2021-12-16 04:40:00,2021-12-16 05:10:00,long,18782.504094,18810.849528000002,18767.581377,18810.849528000002,22.84543400000257,take_profit,6
2021-12-17 03:00:00,2021-12-17 03:10:00,short,18077.622804,18020.0683,18107.150056,18020.0683,52.054503999999724,take_profit,2
2021-12-17 03:40:00,2021-12-17 03:50:00,short,18001.16377,18039.568288,18039.568288,17925.854734,-43.90451799999937,stop_loss,2
2021-12-17 04:25:00,2021-12-17 04:30:00,short,18005.459221,18036.704654,18036.704654,17944.468355,-36.74543300000005,stop_loss,1
2021-12-17 04:40:00,2021-12-17 05:00:00,short,18000.591043,18034.127383,18034.127383,17935.018363000003,-39.036339999998745,stop_loss,4
2021-12-20 02:05:00,2021-12-20 02:55:00,short,17834.500259,17786.682111000002,17859.159333,17786.682111000002,42.31814799999847,take_profit,10
2021-12-21 01:05:00,2021-12-21 01:25:00,long,18112.986414,18099.495514,18099.495514,18138.468214,-18.990900000000693,stop_loss,4
2021-12-21 04:25:00,2021-12-21 04:35:00,short,18027.509205,18050.163735,18050.163735,17983.700145,-28.154529999999795,stop_loss,2
2021-12-22 01:10:00,2021-12-22 01:15:00,long,18290.531736,18277.899926,18277.899926,18314.295356000006,-18.131810000002588,stop_loss,1
2021-12-22 03:30:00,2021-12-22 03:45:00,long,18244.713588,18229.218144,18229.218144,18274.204476,-20.995444000000134,stop_loss,3
2021-12-22 04:00:00,2021-12-22 04:45:00,long,18239.272683,18264.754483,18225.781783,18264.754483,19.981800000001385,take_profit,9
2021-12-22 04:50:00,2021-12-22 04:55:00,long,18275.354474,18273.031748,18273.031748,18278.499925999997,-7.822725999998511,stop_loss,1
2021-12-23 01:35:00,2021-12-23 02:10:00,long,18530.21792,18519.590653,18519.590653,18549.972454,-16.127266999999847,stop_loss,7
2021-12-23 03:30:00,2021-12-23 04:20:00,long,18528.499739,18542.527002999996,18520.736107,18542.527002999996,8.527263999996649,take_profit,10
2021-12-23 04:20:00,2021-12-23 06:00:00,long,18545.395181,18568.013347,18533.336098,18568.013347,17.1181660000002,take_profit,20
2021-12-27 01:55:00,2021-12-27 02:00:00,long,18689.722345,18685.108711,18685.108711,18697.449612999993,-10.113633999997546,stop_loss,1
2021-12-27 02:05:00,2021-12-27 06:20:00,long,18701.176882,18730.66777,18685.681438,18730.66777,23.990888000000268,take_profit,51
2021-12-28 04:30:00,2021-12-28 05:40:00,long,19071.158423,19057.667523,19057.667523,19096.640223000002,-18.990900000000693,stop_loss,14
2021-12-29 01:35:00,2021-12-29 02:00:00,long,18962.626686,18954.290327,18954.290327,18977.799404,-13.836359000000812,stop_loss,5
2021-12-29 02:40:00,2021-12-29 02:45:00,long,18964.917593,18959.444869,18959.444869,18974.363040999997,-10.972723999999289,stop_loss,1
2021-12-29 03:00:00,2021-12-29 03:20:00,long,18966.063047,18947.417605,18947.417605,19001.853931,-24.145442000000912,stop_loss,4
2021-12-30 01:20:00,2021-12-30 01:30:00,long,18881.013111,18900.767643,18870.385845,18900.767643,14.254531999999017,take_profit,2
2021-12-30 01:30:00,2021-12-30 03:35:00,long,18904.494912,18943.149429999994,18884.417653,18943.149429999994,33.15451799999573,take_profit,25
2021-12-31 03:15:00,2021-12-31 07:30:00,short,18791.813177,18813.03589,18813.03589,18750.867751,-26.722712999999203,stop_loss,51
2022-01-03 01:00:00,2022-01-03 01:55:00,short,18778.067733,18785.258638,18785.258638,18765.185923,-12.690904999999475,stop_loss,11
2022-01-03 03:15:00,2022-01-03 03:50:00,short,18778.926823,18792.704087,18792.704087,18752.87229500001,-19.27726399999665,stop_loss,7
2022-01-04 04:55:00,2022-01-04 05:20:00,long,18952.89033,18972.644861999997,18942.263064,18972.644861999997,14.254531999999017,take_profit,5
2022-01-05 02:00:00,2022-01-05 03:05:00,short,18565.586074,18593.967872,18593.967872,18510.322477999995,-33.88179800000216,stop_loss,13
2022-01-06 02:10:00,2022-01-06 02:55:00,short,18023.500117,18053.886459,18053.886459,17964.227432999996,-35.886342000001605,stop_loss,9
2022-01-06 03:00:00,2022-01-06 04:10:00,short,17999.44559,18049.877371,18049.877371,17900.082028,-55.93178099999932,stop_loss,14
2022-01-07 02:15:00,2022-01-07 02:30:00,short,18010.3274,17967.663793999996,18032.409203,17967.663793999996,37.16360600000189,take_profit,3
2022-01-07 02:30:00,2022-01-07 03:10:00,short,17974.531972,18007.781948,18007.781948,17909.532020000002,-38.74997599999915,stop_loss,8
2022-01-10 02:00:00,2022-01-10 02:10:00,short,17914.682017,17874.309319,17935.618366,17874.309319,34.87269799999922,take_profit,2
2022-01-10 02:50:00,2022-01-10 02:55:00,short,17809.300278,17823.363905,17823.363905,17782.673024,-19.563626999999542,stop_loss,1
2022-01-10 03:10:00,2022-01-10 03:15:00,short,17851.682064,17867.750235,17867.750235,17821.045722000003,-21.568170999998983,stop_loss,1
2022-01-10 04:20:00,2022-01-10 05:05:00,short,17832.782078,17782.100296,17858.872969,17782.100296,45.18178199999966,take_profit,9
2022-01-11 02:25:00,2022-01-11 03:10:00,short,17882.895677,17902.113846,17902.113846,17845.959339,-24.71816899999976,stop_loss,9
2022-01-11 04:00:00,2022-01-11 04:20:00,long,18009.322856,17988.386506,17988.386506,18049.695556,-26.436349999999948,stop_loss,4
2022-01-11 04:40:00,2022-01-11 05:00:00,long,18004.741041,17990.963777,17990.963777,18030.795569,-19.277264000000287,stop_loss,4
2022-01-12 01:35:00,2022-01-12 01:55:00,long,18187.154541,18169.654552,18169.654552,18220.654519,-22.999988999999914,stop_loss,4
2022-01-12 03:15:00,2022-01-12 03:25:00,long,18106.400056,18134.172763999995,18091.763702,18134.172763999995,22.272707999996783,take_profit,2
2022-01-12 03:25:00,2022-01-12 03:35:00,long,18141.90912,18124.409132,18124.409132,18175.409096,-22.999987999999576,stop_loss,2
2022-01-12 03:40:00,2022-01-12 03:50:00,long,18136.181851,18159.372743000007,18123.836405,18159.372743000007,17.690892000005988,take_profit,2
2022-01-12 04:00:00,2022-01-12 04:05:00,long,18167.395464,18163.64092,18163.64092,18173.404552,-9.254543999999441,stop_loss,1
2022-01-12 04:20:00,2022-01-12 04:30:00,long,18183.718179,18162.78183,18162.78183,18224.090877,-26.43634899999961,stop_loss,2
2022-01-12 04:35:00,2022-01-12 06:00:00,long,18171.118189,18154.190928,18154.190928,18203.472711000002,-22.427261000000726,stop_loss,17
2022-01-13 01:05:00,2022-01-13 02:00:00,long,18150.213659,18175.122733000004,18137.009122,18175.122733000004,19.409074000002875,take_profit,11
2022-01-13 02:40:00,2022-01-13 02:45:00,long,18217.795427,18208.313614,18208.313614,18235.259053000005,-14.981813000002148,stop_loss,1
2022-01-13 03:50:00,2022-01-13 04:15:00,long,18195.172716,18216.072702000005,18183.972723,18216.072702000005,15.399986000003992,take_profit,5
2022-01-14 02:00:00,2022-01-14 02:15:00,short,17725.395795,17770.386672,17770.386672,17636.914041,-50.49087700000018,stop_loss,3
2022-01-14 02:25:00,2022-01-14 02:45:00,short,17785.24575,17750.027591999995,17803.604829,17750.027591999995,29.718158000003314,take_profit,4
2022-01-14 02:45:00,2022-01-14 03:00:00,short,17746.013962,17767.523038,17767.523038,17704.495810000004,-27.00907599999846,stop_loss,3
2022-01-14 03:05:00,2022-01-14 03:15:00,short,17756.036681,17775.827577,17775.827577,17717.954889000004,-25.29089599999861,stop_loss,2
2022-01-17 02:00:00,2022-01-17 02:35:00,short,17823.618449,17848.563886,17848.563886,17775.227575000004,-30.445436999998492,stop_loss,7
2022-01-17 04:30:00,2022-01-17 05:15:00,short,17882.036587,17894.382033,17894.382033,17858.845694999993,-17.845446000002994,stop_loss,9
2022-01-18 01:20:00,2022-01-18 01:35:00,short,17681.582192,17701.945814,17701.945814,17642.354948000007,-25.86362199999712,stop_loss,3
2022-01-18 02:05:00,2022-01-18 02:10:00,short,17658.100391,17603.982249,17685.909462,17603.982249,48.61814199999935,take_profit,1
2022-01-18 02:15:00,2022-01-18 03:20:00,short,17573.909545,17495.164146999992,17614.032244,17495.164146999992,73.24539800000639,take_profit,13
2022-01-18 03:55:00,2022-01-18 04:00:00,short,17535.82321,17553.036835,17553.036835,17502.895959999998,-22.71362500000032,stop_loss,1
2022-01-20 01:45:00,2022-01-20 02:20:00,short,17336.227905,17279.818854999998,17365.18243,17279.818854999998,50.909050000002026,take_profit,7
2022-01-20 02:40:00,2022-01-20 02:55:00,short,17273.227953,17293.018848,17293.018848,17235.146163000005,-25.290894999998272,stop_loss,3
2022-01-20 03:05:00,2022-01-20 03:15:00,short,17274.373406,17300.464297,17300.464297,17223.691624,-31.59089099999983,stop_loss,2
2022-01-20 03:15:00,2022-01-20 03:25:00,short,17279.241584,17302.182478,17302.182478,17234.859796,-28.44089399999939,stop_loss,2
2022-01-21 02:40:00,2022-01-21 02:50:00,short,16878.905521,16904.423685,16904.423685,16829.369193,-31.01816400000098,stop_loss,2
2022-01-21 03:10:00,2022-01-21 03:15:00,short,16880.337338,16893.541875,16893.541875,16855.428264000006,-18.7045369999978,stop_loss,1
2022-01-24 01:35:00,2022-01-24 01:55:00,short,16593.40119,16616.342083,16616.342083,16549.019404000002,-28.44089299999905,stop_loss,4
2022-01-25 02:05:00,2022-01-25 02:10:00,short,16289.855963,16337.710474,16337.710474,16195.646941,-53.35451099999955,stop_loss,1
2022-01-25 02:55:00,2022-01-25 03:10:00,short,16281.837787,16313.94231,16313.94231,16219.128741,-37.60452299999997,stop_loss,3
2022-01-26 01:15:00,2022-01-26 01:30:00,short,16211.678749,16238.056003,16238.056003,16160.424241000002,-31.877253999999084,stop_loss,3
2022-01-26 01:45:00,2022-01-26 01:50:00,short,16271.24234,16287.024148,16287.024148,16241.178724000001,-21.281807999999728,stop_loss,1
2022-01-26 03:55:00,2022-01-26 04:00:00,short,16498.328534,16484.873998000003,16505.805802,16484.873998000003,7.954535999997461,take_profit,1
2022-01-26 04:00:00,2022-01-26 04:15:00,short,16479.428548,16499.505807,16499.505807,16440.774029999997,-25.577259000001504,stop_loss,3
2022-01-26 04:15:00,2022-01-26 04:20:00,short,16481.719455,16501.510351,16501.510351,16443.637662999994,-25.29089600000225,stop_loss,1
2022-01-26 04:30:00,2022-01-26 04:55:00,long,16517.942156,16499.583078,16499.583078,16553.160312000004,-23.85907800000132,stop_loss,5
2022-01-27 01:05:00,2022-01-27 01:10:00,short,15954.524396,15996.078912,15996.078912,15872.915364,-47.05451600000015,stop_loss,1
2022-01-28 01:00:00,2022-01-28 01:10:00,short,16163.283331,16202.833302,16202.833302,16085.683389000003,-45.04997099999855,stop_loss,2
2022-01-28 01:15:00,2022-01-28 01:20:00,short,16195.06967,16173.024230000003,16206.84239,16173.024230000003,16.545439999998052,take_profit,1
2022-01-28 02:10:00,2022-01-28 03:15:00,short,16113.742459,16165.319694,16165.319694,16012.087988999998,-57.077235000000655,stop_loss,13
2022-01-28 04:35:00,2022-01-28 04:40:00,short,16037.569788,16069.674311,16069.674311,15974.860742,-37.60452299999997,stop_loss,1
2022-01-28 04:45:00,2022-01-28 05:00:00,short,16059.047045,16081.987938,16081.987938,16014.665258999998,-28.44089300000087,stop_loss,3
2022-01-31 02:10:00,2022-01-31 02:15:00,long,16570.060299,16551.128494,16551.128494,16606.423909,-24.431805000000168,stop_loss,1
2022-01-31 02:25:00,2022-01-31 02:40:00,long,16572.351206,16604.705728,16555.423945,16604.705728,26.854522000001452,take_profit,3
2022-02-01 01:45:00,2022-02-01 01:50:00,long,17098.687175,17078.609916,17078.609916,17137.341692999995,-25.577258999997866,stop_loss,1
2022-02-01 01:55:00,2022-02-01 02:00:00,long,17071.769013,17064.291745,17064.291745,17085.223549000006,-12.977268000002368,stop_loss,1
2022-02-01 02:05:00,2022-02-01 03:25:00,long,17112.718983,17076.032645,17076.032645,17184.591658999998,-42.18633799999952,stop_loss,16
2022-02-01 04:05:00,2022-02-01 04:10:00,long,17072.628104,17061.428111,17061.428111,17093.528089999996,-16.699992999998358,stop_loss,1
2022-02-01 04:25:00,2022-02-01 04:30:00,long,17067.473562,17055.700842,17055.700842,17089.519002,-17.272720000000845,stop_loss,1
2022-02-02 01:40:00,2022-02-02 02:00:00,long,17400.514221,17371.559696,17371.559696,17456.923271000003,-34.45452500000101,stop_loss,4
2022-02-03 01:45:00,2022-02-03 01:50:00,long,16993.305436,16985.541804,16985.541804,17007.332699999995,-13.263631999998324,stop_loss,1
2022-02-03 03:35:00,2022-02-03 03:55:00,short,16976.555448,16943.055472,16994.055436,16943.055472,27.99997599999915,take_profit,4
2022-02-04 01:05:00,2022-02-04 01:10:00,long,16977.269084,16949.746376,16949.746376,17030.8145,-33.02270800000042,stop_loss,1
2022-02-04 01:20:00,2022-02-04 01:25:00,short,16925.296395,16932.200937,16932.200937,16912.987311,-12.40454200000022,stop_loss,1
2022-02-04 02:10:00,2022-02-04 02:15:00,short,16897.23278,16911.582771,16911.582771,16870.032797999993,-19.849991000002774,stop_loss,1
2022-02-04 02:20:00,2022-02-04 03:20:00,short,16887.782787,16838.819185000004,16913.014588,16838.819185000004,43.46360199999617,take_profit,12
2022-02-04 03:55:00,2022-02-04 04:10:00,short,16821.9192,16786.128316,16840.564642,16786.128316,30.290884000001824,take_profit,3
2022-02-04 04:20:00,2022-02-04 05:20:00,short,16737.155627,16669.292039,16771.837421,16669.292039,62.36358800000016,take_profit,12
2022-02-07 01:25:00,2022-02-07 01:45:00,long,16877.32825,16857.250991,16857.250991,16915.982767999994,-25.577258999997866,stop_loss,4
2022-02-07 01:55:00,2022-02-07 02:00:00,long,16867.591894,16849.519179,16849.519179,16902.237324000005,-23.572715000002063,stop_loss,1
2022-02-07 03:15:00,2022-02-07 04:45:00,short,16780.682867,16812.78739,16812.78739,16717.973820999996,-37.60452300000179,stop_loss,18
2022-02-08 01:55:00,2022-02-08 02:00:00,short,16674.728401,16688.505665,16688.505665,16648.673873,-19.277264000000287,stop_loss,1
2022-02-08 02:05:00,2022-02-08 02:15:00,short,16672.723858,16696.237478,16696.237478,16627.196618000005,-29.0136199999979,stop_loss,2
2022-02-08 02:15:00,2022-02-08 02:20:00,short,16675.873855,16697.669295,16697.669295,16633.782975000006,-27.295439999998052,stop_loss,1
2022-02-08 04:00:00,2022-02-08 04:30:00,short,16673.582948,16689.364755,16689.364755,16643.519334,-21.28180699999939,stop_loss,6
2022-02-08 04:50:00,2022-02-08 05:35:00,short,16686.182938,16642.373878000002,16708.837468,16642.373878000002,38.30905999999959,take_profit,9
2022-02-09 02:35:00,2022-02-09 02:45:00,long,16965.241821,17001.032705,16946.596379,17001.032705,30.290884000001824,take_profit,2
2022-02-09 03:05:00,2022-02-09 04:00:00,long,17017.359963,16996.996341,16996.996341,17056.587207,-25.86362200000076,stop_loss,11
2022-02-09 04:40:00,2022-02-09 04:50:00,long,17038.83722,17031.073588,17031.073588,17052.864484000005,-13.263632000001962,stop_loss,2
2022-02-09 04:50:00,2022-02-09 05:00:00,long,17039.123583,17029.641771,17029.641771,17056.587207000004,-14.98181200000181,stop_loss,2
2022-02-10 02:10:00,2022-02-10 02:15:00,long,17226.405261,17198.882553,17198.882553,17279.950677,-33.02270800000042,stop_loss,1
2022-02-10 04:15:00,2022-02-10 04:20:00,long,17173.141665,17166.80985,17166.80985,17184.305294999995,-11.831814999997732,stop_loss,1
2022-02-11 03:20:00,2022-02-11 03:35:00,short,16749.182891,16713.392007,16767.828333,16713.392007,30.290884000001824,take_profit,3
2022-02-11 04:30:00,2022-02-11 04:40:00,short,16719.401095,16727.451091,16727.451091,16704.801103000005,-13.549995999997918,stop_loss,2
2022-02-14 01:00:00,2022-02-14 01:50:00,short,16293.578687,16344.583196,16344.583196,16193.069668999999,-56.504509000000326,stop_loss,10
2022-02-14 02:00:00,2022-02-14 02:25:00,short,16299.878683,16206.815115000003,16347.160467,16206.815115000003,87.56356799999776,take_profit,5
2022-02-14 02:25:00,2022-02-14 06:40:00,short,16170.442416,16224.883286,16224.883286,16063.060676,-59.94087000000036,stop_loss,51
2022-02-15 02:55:00,2022-02-15 03:15:00,long,16574.069387,16628.760256999998,16545.973952,16628.760256999998,49.19086999999854,take_profit,4
2022-02-15 04:15:00,2022-02-15 04:20:00,long,16617.88299,16606.110271,16606.110271,16639.928427999992,-17.27271899999687,stop_loss,1
2022-02-15 04:30:00,2022-02-15 05:45:00,long,16631.914798,16688.896576000003,16602.673909,16688.896576000003,51.48177800000121,take_profit,15
2022-02-16 01:55:00,2022-02-16 02:00:00,long,16707.228378,16688.010209,16688.010209,16744.164716,-24.71816899999976,stop_loss,1
2022-02-16 02:10:00,2022-02-16 03:00:00,long,16721.260185,16800.578306999996,16680.851124,16800.578306999996,73.81812199999695,take_profit,10
2022-02-16 03:00:00,2022-02-16 03:05:00,long,16785.405592,16756.73743,16756.73743,16841.241915999995,-34.16816199999812,stop_loss,1
2022-02-18 01:10:00,2022-02-18 01:15:00,short,16323.93321,16331.696842,16331.696842,16309.905945999999,-13.263632000000143,stop_loss,1
2022-02-18 02:50:00,2022-02-18 02:55:00,short,16337.678654,16327.660477999998,16343.437742,16327.660477999998,4.518176000001404,take_profit,1
2022-02-21 03:50:00,2022-02-21 04:00:00,short,16033.560701,15996.624365000001,16052.778869,15996.624365000001,31.436335999998846,take_profit,2
2022-02-21 04:00:00,2022-02-21 04:05:00,short,16004.637995,16010.96981,16010.96981,15993.474364999996,-11.83181500000137,stop_loss,1
2022-02-21 04:10:00,2022-02-21 04:40:00,short,16006.928902,16024.715254,16024.715254,15972.856197999998,-23.28635200000099,stop_loss,6
2022-02-21 04:45:00,2022-02-21 05:25:00,short,16006.642539,15969.133475000002,16026.147071,15969.133475000002,32.009063999998034,take_profit,8
2022-02-22 01:55:00,2022-02-22 02:05:00,short,15600.579207,15643.56554,15643.56554,15516.106541000003,-48.48633299999892,stop_loss,2
2022-02-22 03:55:00,2022-02-22 04:00:00,short,15719.706391,15748.660916,15748.660916,15663.297340999998,-34.45452500000101,stop_loss,1
2022-02-23 02:10:00,2022-02-23 03:30:00,long,16039.142515,16100.706106999998,16007.610719,16100.706106999998,56.06359199999861,take_profit,16
2022-02-23 04:45:00,2022-02-23 06:30:00,short,16020.387983,16062.801589,16062.801589,15937.060771,-47.91360600000007,stop_loss,21
2022-02-24 01:10:00,2022-02-24 01:25:00,short,14992.3433,14942.234246,15018.147827,14942.234246,44.60905400000047,take_profit,3
2022-02-24 04:40:00,2022-02-24 05:05:00,short,15065.079609,14997.788749,15099.475039,14997.788749,61.790860000000976,take_profit,5
2022-02-25 04:30:00,2022-02-25 04:35:00,long,15923.451693,15936.906229000002,15915.974425,15936.906229000002,7.954536000001099,take_profit,1
2022-02-25 04:50:00,2022-02-25 05:00:00,long,15921.447149,15903.088071,15903.088071,15956.665304999999,-23.8590779999995,stop_loss,2
2022-02-28 01:20:00,2022-02-28 01:35:00,long,15926.601691,15994.465279,15891.919897,15994.465279,62.36358800000016,take_profit,3
2022-02-28 01:35:00,2022-02-28 01:45:00,long,16000.483453,16055.174321000002,15972.388019,16055.174321000002,49.1908680000015,take_profit,2
2022-02-28 02:25:00,2022-02-28 02:35:00,long,16013.083444,15986.133463,15986.133463,16065.483406,-32.44998099999975,stop_loss,2
2022-02-28 03:40:00,2022-02-28 04:10:00,long,16034.560701,15999.592544,15999.592544,16102.997015000003,-40.468157000001156,stop_loss,6
2022-02-28 04:20:00,2022-02-28 04:25:00,long,16032.84252,16004.174358,16004.174358,16088.678844,-34.16816199999994,stop_loss,1
2022-02-28 04:30:00,2022-02-28 05:00:00,long,16005.637995,16068.919766999998,15973.247109,16068.919766999998,57.781771999998455,take_profit,6
2022-03-01 04:40:00,2022-03-01 05:50:00,long,16181.465136,16134.469715,16134.469715,16273.955978000004,-52.49542100000144,stop_loss,14
2022-03-02 01:35:00,2022-03-02 01:55:00,short,15985.738009,15999.228909,15999.228909,15960.256209000003,-18.990899999998874,stop_loss,4
2022-03-02 02:05:00,2022-03-02 02:10:00,short,15982.015285,16019.847076,16019.847076,15907.851702999998,-43.33179100000052,stop_loss,1
2022-03-02 03:30:00,2022-03-02 09:05:00,long,16116.747003,16028.515249,16028.515249,16291.710511000001,-93.73175400000036,stop_loss,67
2022-03-03 01:20:00,2022-03-03 01:25:00,long,16314.0514,16299.701409,16299.701409,16341.251382000002,-19.849991000000955,stop_loss,1
2022-03-03 02:15:00,2022-03-03 02:25:00,long,16309.755949,16295.978685,16295.978685,16335.810477,-19.277264000000287,stop_loss,2
2022-03-04 01:15:00,2022-03-04 01:25:00,short,15960.538028,16003.524361,16003.524361,15876.065362000003,-48.48633299999892,stop_loss,2
2022-03-04 01:35:00,2022-03-04 02:00:00,short,15977.43347,16008.678902,16008.678902,15916.442606,-36.74543199999971,stop_loss,5
2022-03-04 02:30:00,2022-03-04 03:00:00,short,16022.965254,15951.665306,16059.365228,15951.665306,65.79994799999986,take_profit,6
2022-03-04 03:50:00,2022-03-04 04:05:00,short,15932.188049,15961.428938,15961.428938,15875.206271000003,-34.74088899999879,stop_loss,3
2022-03-07 01:35:00,2022-03-07 02:05:00,short,15558.483784,15590.01558,15590.01558,15496.920192000001,-37.031795999999304,stop_loss,6
2022-03-07 02:10:00,2022-03-07 02:15:00,short,15583.683765,15600.0383,15600.0383,15552.474694999999,-21.854535000000396,stop_loss,1
2022-03-07 02:20:00,2022-03-07 02:35:00,short,15528.415625,15566.247416,15566.247416,15454.252042999999,-43.33179100000052,stop_loss,3
2022-03-07 02:40:00,2022-03-07 02:55:00,short,15561.347418,15592.306487,15592.306487,15500.929279999998,-36.459069000000454,stop_loss,3
2022-03-07 04:15:00,2022-03-07 05:00:00,short,15601.724661,15563.642871,15621.515556,15563.642871,32.58179000000018,take_profit,9
2022-03-08 01:55:00,2022-03-08 02:00:00,short,15074.815965,15091.456863,15091.456863,15043.034169,-22.140897999999652,stop_loss,1
2022-03-10 01:30:00,2022-03-10 02:00:00,long,15702.951858,15688.888231,15688.888231,15729.579112,-19.563626999999542,stop_loss,6
2022-03-10 03:40:00,2022-03-10 03:45:00,long,15665.151887,15642.497357,15642.497357,15708.960947,-28.154529999999795,stop_loss,1
2022-03-11 01:05:00,2022-03-11 01:20:00,long,15632.220093,15602.979205,15602.979205,15689.201869,-34.74088800000027,stop_loss,3
2022-03-11 01:25:00,2022-03-11 01:30:00,long,15608.738293,15592.956485,15592.956485,15638.801909,-21.281807999999728,stop_loss,1
2022-03-11 02:45:00,2022-03-11 02:50:00,long,15589.838307,15563.174689,15563.174689,15641.665543000001,-32.1636180000005,stop_loss,1
2022-03-11 03:00:00,2022-03-11 03:20:00,long,15576.379226,15616.751923999998,15555.442877,15616.751923999998,34.87269799999922,take_profit,4
2022-03-11 04:25:00,2022-03-11 04:40:00,long,15659.424618,15641.638267,15641.638267,15693.497319999997,-23.28635099999883,stop_loss,3
2022-03-14 01:00:00,2022-03-14 01:15:00,short,15263.815823,15277.593087,15277.593087,15237.761295000004,-19.277263999998468,stop_loss,3
2022-03-14 02:45:00,2022-03-14 03:05:00,short,15279.852175,15329.138503,15329.138503,15182.779519,-54.78632800000014,stop_loss,4
2022-03-14 03:15:00,2022-03-14 03:30:00,short,15287.870351,15239.479476999999,15312.815788,15239.479476999999,42.89087400000062,take_profit,3
2022-03-14 03:30:00,2022-03-14 03:35:00,short,15250.929469,15260.124918,15260.124918,15234.038571000003,-14.695448999998916,stop_loss,1
2022-03-15 02:25:00,2022-03-15 02:50:00,short,14865.484304,14891.288831,14891.288831,14815.37525,-31.304527000000235,stop_loss,5
2022-03-16 01:10:00,2022-03-16 01:40:00,long,15535.429257,15564.347418999998,15520.220176,15564.347418999998,23.41816199999812,take_profit,6
2022-03-16 02:45:00,2022-03-16 03:15:00,long,15592.129214,15639.947360000002,15567.470141,15639.947360000002,42.318146000001434,take_profit,6
2022-03-17 03:25:00,2022-03-17 03:30:00,long,15990.460734,15978.40165,15978.40165,16013.078902000001,-17.55908400000044,stop_loss,1
2022-03-17 04:55:00,2022-03-17 05:00:00,long,15953.519852,15940.028952,15940.028952,15979.001651999997,-18.990899999998874,stop_loss,1
2022-03-18 03:35:00,2022-03-18 03:40:00,long,16074.65158,16052.283413,16052.283413,16117.887914,-27.86816700000054,stop_loss,1
2022-03-21 01:00:00,2022-03-21 01:05:00,long,16416.855868,16423.437681999996,16412.814961,16423.437681999996,1.0818139999973937,take_profit,1
2022-03-21 01:30:00,2022-03-21 02:20:00,long,16424.014954,16409.664963,16409.664963,16451.214935999997,-19.849990999999136,stop_loss,10
2022-03-21 02:45:00,2022-03-21 02:50:00,long,16438.619488,16435.724035,16435.724035,16442.910394000002,-8.395453000000998,stop_loss,1
2022-03-21 03:00:00,2022-03-21 03:50:00,long,16450.646752,16430.855857,16430.855857,16488.728542000004,-25.29089500000191,stop_loss,10
2022-03-21 04:20:00,2022-03-21 04:25:00,long,16454.369477,16448.324025,16448.324025,16464.960380999997,-11.545451999998477,stop_loss,1
2022-03-22 02:45:00,2022-03-22 03:00:00,long,16461.814926,16490.733088,16446.605845,16490.733088,23.418162000001757,take_profit,3
2022-03-22 03:10:00,2022-03-22 07:00:00,long,16501.046714,16472.092189,16472.092189,16557.455764000002,-34.45452500000101,stop_loss,46
2022-03-23 01:15:00,2022-03-23 01:25:00,long,16808.028302,16799.978307,16799.978307,16822.628291999994,-13.54999499999758,stop_loss,2
2022-03-23 04:15:00,2022-03-23 04:30:00,long,16761.637428,16744.13744,16744.13744,16795.13740400001,-22.999988000003214,stop_loss,3
2022-03-24 02:25:00,2022-03-24 02:35:00,long,16631.342071,16619.282988,16619.282988,16653.960237,-17.5590830000001,stop_loss,2
2022-03-24 03:00:00,2022-03-24 05:20:00,long,16641.937518,16613.55572,16613.55572,16697.201113999996,-33.881797999998525,stop_loss,28
2022-03-25 01:15:00,2022-03-25 01:35:00,long,16940.328203,16934.855479,16934.855479,16949.773651,-10.972723999999289,stop_loss,4
2022-03-25 01:55:00,2022-03-25 02:00:00,long,16946.628198,16931.132754,16931.132754,16976.119086,-20.995444000000134,stop_loss,1
2022-03-25 02:10:00,2022-03-25 02:15:00,long,16935.746388,16920.823671,16920.823671,16964.091822000002,-20.422717000001285,stop_loss,1
2022-03-25 04:10:00,2022-03-25 04:35:00,long,16867.878257,16893.932783,16854.100994,16893.932783,20.554525999999896,take_profit,5
2022-03-28 01:20:00,2022-03-28 01:25:00,long,16829.505559,16817.160112,16817.160112,16852.696453,-17.845446999999695,stop_loss,1
2022-03-28 02:25:00,2022-03-28 02:45:00,long,16865.014623,16847.800998,16847.800998,16897.941873,-22.71362500000032,stop_loss,4
2022-03-28 02:50:00,2022-03-28 03:00:00,long,16852.700996,16841.21464,16841.21464,16874.173708000002,-16.98635600000125,stop_loss,2
2022-03-28 03:40:00,2022-03-28 03:45:00,long,16845.255547,16867.300987000002,16833.482827,16867.300987000002,16.54544000000169,take_profit,1
2022-03-28 04:25:00,2022-03-28 05:10:00,long,16843.251003,16869.305531,16829.473739,16869.305531,20.554528000000573,take_profit,9
2022-03-29 01:35:00,2022-03-29 01:55:00,long,17192.900741,17214.946181000003,17181.128021,17214.946181000003,16.54544000000169,take_profit,4
2022-03-29 02:20:00,2022-03-29 02:50:00,long,17212.373453,17184.278019,17184.278019,17267.064320999998,-33.59543399999893,stop_loss,6
2022-03-29 04:05:00,2022-03-29 04:20:00,long,17220.105266,17258.187057999996,17200.31437,17258.187057999996,32.58179199999722,take_profit,3
2022-03-30 04:30:00,2022-03-30 04:35:00,long,17379.896055,17374.136967,17374.136967,17389.914231000006,-11.25908800000252,stop_loss,1
2022-03-31 01:05:00,2022-03-31 01:10:00,long,17335.509725,17325.455186,17325.455186,17354.118803,-15.55453900000066,stop_loss,1
2022-03-31 01:20:00,2022-03-31 01:35:00,long,17337.514269,17325.168822,17325.168822,17360.705163,-17.845446999999695,stop_loss,3
2022-03-31 01:50:00,2022-03-31 02:00:00,long,17334.650634,17353.259712000003,17324.596095,17353.259712000003,13.109078000001318,take_profit,2
2022-03-31 02:00:00,2022-03-31 02:05:00,long,17349.827896,17338.627903,17338.627903,17370.727881999996,-16.699992999998358,stop_loss,1
2022-03-31 02:10:00,2022-03-31 03:15:00,long,17359.277889,17337.768813,17337.768813,17400.796041000005,-27.009076000002096,stop_loss,13
2022-03-31 04:15:00,2022-03-31 05:00:00,long,17346.677898,17332.614271,17332.614271,17373.305152000008,-19.56362700000318,stop_loss,9
2022-04-01 01:05:00,2022-04-01 01:15:00,short,17076.496282,17084.546277,17084.546277,17061.896291999998,-13.549995000001218,stop_loss,2
2022-04-01 02:25:00,2022-04-01 04:30:00,short,17101.982626,17119.196251,17119.196251,17069.055376,-22.71362500000032,stop_loss,25
2022-04-04 02:40:00,2022-04-04 03:00:00,short,17003.473609,17016.105419,17016.105419,16979.709989000003,-18.13180999999895,stop_loss,4
2022-04-05 03:05:00,2022-04-05 03:25:00,long,17393.641499,17385.018777,17385.018777,17409.386943,-14.122722000000067,stop_loss,4
2022-04-06 03:30:00,2022-04-06 03:45:00,short,16862.869169,16874.069162,16874.069162,16841.969183000005,-16.699992999998358,stop_loss,3
2022-04-08 03:30:00,2022-04-08 03:45:00,short,16751.187435,16730.287448999996,16762.387428,16730.287448999996,15.399986000003992,take_profit,3
2022-04-08 04:00:00,2022-04-08 05:15:00,short,16693.342024,16662.705682000003,16709.410195,16662.705682000003,25.136341999997967,take_profit,15
2022-04-11 03:05:00,2022-04-11 03:25:00,short,16278.974153,16218.556014999998,16309.933222,16218.556014999998,54.91813800000091,take_profit,4
2022-04-11 03:35:00,2022-04-11 03:45:00,short,16237.165093,16249.796903,16249.796903,16213.401472999998,-18.13181000000077,stop_loss,2
2022-04-11 03:55:00,2022-04-11 04:25:00,short,16238.310547,16258.101443,16258.101443,16200.228754999998,-25.29089600000043,stop_loss,6
2022-04-12 02:00:00,2022-04-12 03:20:00,short,15989.17437,16020.992529,16020.992529,15927.038052000004,-37.31815899999856,stop_loss,16
2022-04-12 04:10:00,2022-04-12 04:30:00,short,16028.978886,16053.065233,16053.065233,15982.306192000004,-29.586346999998568,stop_loss,4
2022-04-13 01:05:00,2022-04-13 01:15:00,short,16114.601549,16135.824262,16135.824262,16073.656123000002,-26.722712999999203,stop_loss,2
2022-04-13 01:20:00,2022-04-13 02:05:00,short,16118.897,16082.533390000004,16137.828805,16082.533390000004,30.863609999996697,take_profit,9
2022-04-18 01:45:00,2022-04-18 03:00:00,short,15789.579065,15807.365417,15807.365417,15755.506360999998,-23.28635200000099,stop_loss,15
2022-04-18 03:55:00,2022-04-18 04:20:00,short,15822.510859,15806.192689000001,15831.419944,15806.192689000001,10.818169999998645,take_profit,5
2022-04-19 04:50:00,2022-04-19 04:55:00,short,15852.292655,15867.788099,15867.788099,15822.801766999999,-20.995444000000134,stop_loss,1
2022-04-20 01:55:00,2022-04-20 02:00:00,long,16145.383345,16134.183352,16134.183352,16166.283331,-16.699993000000177,stop_loss,1
2022-04-20 02:05:00,2022-04-20 04:35:00,long,16173.160597,16261.642351,16128.16972,16261.642351,82.98175400000036,take_profit,30
2022-04-22 03:10:00,2022-04-22 03:20:00,short,15717.701847,15734.629108,15734.629108,15685.347325000002,-22.427260999998907,stop_loss,2
2022-04-25 01:40:00,2022-04-25 02:00:00,short,15175.329526,15120.638655999997,15203.424961,15120.638655999997,49.19087000000218,take_profit,4
2022-04-25 03:10:00,2022-04-25 03:15:00,short,15195.088602,15217.170405,15217.170405,15152.424995999998,-27.581803000000946,stop_loss,1
2022-04-25 03:20:00,2022-04-25 03:25:00,short,15190.220424,15210.297683,15210.297683,15151.565905999996,-25.577259000001504,stop_loss,1
2022-04-25 03:35:00,2022-04-25 03:45:00,short,15192.511331,15155.002264999997,15212.015864,15155.002264999997,32.00906600000235,take_profit,2
2022-04-25 04:10:00,2022-04-25 04:20:00,short,15151.274999,15164.193172,15164.193172,15126.938653,-18.418173000000024,stop_loss,2
2022-04-26 01:05:00,2022-04-26 01:45:00,short,15504.074734,15474.583846,15519.570178,15474.583846,23.990888000000268,take_profit,8
2022-04-26 02:35:00,2022-04-26 02:40:00,short,15412.438439,15421.633888,15421.633888,15395.547540999998,-14.695449000000735,stop_loss,1
2022-04-26 02:55:00,2022-04-26 03:05:00,short,15411.006622,15433.374788,15433.374788,15367.770290000004,-27.868165999998382,stop_loss,2
2022-04-27 01:40:00,2022-04-27 01:45:00,short,14977.452402,14983.784217,14983.784217,14966.288772000002,-11.831814999999551,stop_loss,1
2022-04-27 02:10:00,2022-04-27 02:25:00,short,14977.738765,14908.729722999999,15012.993286,14908.729722999999,63.5090420000015,take_profit,3
2022-04-27 04:30:00,2022-04-27 04:55:00,short,15032.147815,15054.229618,15054.229618,14989.484209000002,-27.581802999999127,stop_loss,5
2022-04-28 03:10:00,2022-04-28 04:50:00,long,15241.047659,15205.793139,15205.793139,15310.056699,-40.75452000000041,stop_loss,20
2022-04-29 01:35:00,2022-04-29 01:40:00,long,15359.315753,15352.411211,15352.411211,15371.624837000001,-12.40454200000022,stop_loss,1
2022-04-29 03:25:00,2022-04-29 03:35:00,long,15316.647603,15279.674902,15279.674902,15389.093004999997,-42.47270099999878,stop_loss,2
2022-05-02 01:20:00,2022-05-02 01:25:00,short,14816.802522,14827.716152,14827.716152,14796.475261999998,-16.41363000000092,stop_loss,1
2022-05-02 01:30:00,2022-05-02 01:40:00,short,14819.666157,14834.875237,14834.875237,14790.747996999999,-20.70908000000054,stop_loss,2
2022-05-02 04:05:00,2022-05-02 04:10:00,short,14768.120741,14785.048002,14785.048002,14735.766219000003,-22.427260999998907,stop_loss,1
2022-05-02 04:15:00,2022-05-02 04:20:00,short,14767.834377,14788.484363,14788.484363,14728.034404999999,-26.149986000000354,stop_loss,1
2022-05-03 01:45:00,2022-05-03 02:00:00,short,14991.197846,14960.561503999998,15007.266017,14960.561503999998,25.136342000001605,take_profit,3
2022-05-03 02:05:00,2022-05-03 05:25:00,long,14995.347844,14940.906974,14940.906974,15102.729584,-59.94087000000036,stop_loss,40
2022-05-04 01:05:00,2022-05-04 02:15:00,long,15024.843276,15008.775105,15008.775105,15055.479617999998,-21.568170999998983,stop_loss,14
2022-05-04 03:05:00,2022-05-04 03:30:00,long,15039.161447,15017.938735,15017.938735,15080.106871000002,-26.722712000000683,stop_loss,5
2022-05-04 04:15:00,2022-05-04 04:25:00,short,15004.656927,15014.99783,15014.99783,14985.475121,-15.840903000000253,stop_loss,2
2022-05-05 04:40:00,2022-05-05 07:50:00,long,15374.493014,15350.406667,15350.406667,15421.165708,-29.586347000000387,stop_loss,38
2022-05-06 01:45:00,2022-05-06 02:00:00,short,14722.588957,14679.925350999998,14744.67076,14679.925350999998,37.16360600000189,take_profit,3
2022-05-09 02:40:00,2022-05-09 03:00:00,short,14393.271022,14340.871060000001,14420.221003,14340.871060000001,46.899961999999505,take_profit,4
2022-05-09 04:30:00,2022-05-09 05:25:00,short,14280.15747,14238.639318,14301.666546,14238.639318,36.018152000000555,take_profit,11
2022-05-11 04:25:00,2022-05-11 05:05:00,long,14325.543801,14311.480174,14311.480174,14352.171054999999,-19.563626999999542,stop_loss,8
2022-05-12 01:45:00,2022-05-12 02:45:00,short,13644.144311,13685.98519,13685.98519,13561.962553000001,-47.340878999999404,stop_loss,12
2022-05-12 03:00:00,2022-05-12 06:55:00,short,13608.348883,13473.476255000003,13676.535197,13473.476255000003,129.37262799999735,take_profit,47
2022-05-13 02:00:00,2022-05-13 02:10:00,short,13840.303255,13878.994136,13878.994136,13764.421493000003,-44.190880999998626,stop_loss,2
2022-05-13 03:05:00,2022-05-13 03:10:00,long,13932.93955,13922.598647,13922.598647,13952.121355999996,-15.840902999998434,stop_loss,1
2022-05-13 03:10:00,2022-05-13 03:15:00,short,13917.335015,13934.54864,13934.54864,13884.407765,-22.71362500000032,stop_loss,1
2022-05-13 03:15:00,2022-05-13 03:30:00,long,13933.225913,13917.157742,13917.157742,13963.862255000002,-21.568171000000802,stop_loss,3
2022-05-13 03:35:00,2022-05-13 04:05:00,short,13916.475925,13932.544096,13932.544096,13885.839583000003,-21.568170999998983,stop_loss,6
2022-05-13 04:30:00,2022-05-13 04:45:00,short,13904.162298,13920.803196,13920.803196,13872.380501999996,-22.14089800000147,stop_loss,3
2022-05-13 04:45:00,2022-05-13 06:40:00,short,13906.739569,13933.975913,13933.975913,13853.766880999998,-32.73634400000083,stop_loss,23
2022-05-16 03:30:00,2022-05-16 04:40:00,long,14114.207596,14092.984883,14092.984883,14155.153022000002,-26.722713000001022,stop_loss,14
2022-05-17 01:35:00,2022-05-17 02:10:00,long,14139.980303,14125.343949,14125.343949,14167.753011,-20.13635400000021,stop_loss,7
2022-05-17 02:20:00,2022-05-17 02:45:00,long,14148.571206,14203.262076000003,14120.475771,14203.262076000003,49.19087000000218,take_profit,5
2022-05-17 04:00:00,2022-05-17 04:55:00,long,14320.389259,14355.607414999999,14302.030181,14355.607414999999,29.718155999999,take_profit,11
2022-05-18 03:10:00,2022-05-18 03:15:00,long,14316.952898,14304.893815,14304.893815,14339.571064,-17.5590830000001,stop_loss,1
2022-05-18 03:55:00,2022-05-18 04:05:00,long,14295.762005,14287.425646,14287.425646,14310.934723000002,-13.836359000000812,stop_loss,2
2022-05-19 01:10:00,2022-05-19 02:00:00,short,13634.121591,13598.903432999996,13652.48067,13598.903432999996,29.718158000003314,take_profit,10
2022-05-19 03:00:00,2022-05-19 04:30:00,short,13502.680781,13424.508110999996,13542.517116,13424.508110999996,72.67267000000356,take_profit,18
2022-05-20 04:40:00,2022-05-20 05:20:00,short,13802.21692,13825.73054,13825.73054,13756.689680000001,-29.01361999999972,stop_loss,8
2022-05-23 01:30:00,2022-05-23 01:35:00,long,13781.166936,13769.394216,13769.394216,13803.212375999998,-17.272719999999026,stop_loss,1
2022-05-23 01:40:00,2022-05-23 01:50:00,long,13784.316934,13770.53967,13770.53967,13810.371462000001,-19.277264000000287,stop_loss,2
2022-05-23 03:00:00,2022-05-23 08:30:00,short,13695.403363,13581.721626999997,13752.994231,13581.721626999997,108.18173600000227,take_profit,66
2022-05-24 01:05:00,2022-05-24 01:35:00,short,13527.880762,13486.935338000003,13549.103474,13486.935338000003,35.44542399999773,take_profit,6
2022-05-24 04:15:00,2022-05-24 04:25:00,short,13499.817147,13515.026227,13515.026227,13470.898986999999,-20.70908000000054,stop_loss,2
2022-05-25 04:00:00,2022-05-25 04:15:00,short,13482.635341,13442.835368999999,13503.285327,13442.835368999999,34.29997200000071,take_profit,3
2022-05-25 04:55:00,2022-05-25 05:00:00,short,13500.676237,13509.012595,13509.012595,13485.503520999999,-13.836358000000473,stop_loss,1
2022-05-26 02:30:00,2022-05-26 02:55:00,long,13664.33066,13695.539728,13647.976126,13695.539728,25.709068000000116,take_profit,5
2022-05-26 04:00:00,2022-05-26 04:15:00,short,13612.644335,13626.994325,13626.994325,13585.444355000003,-19.849989999998797,stop_loss,3
2022-05-27 03:30:00,2022-05-27 03:45:00,long,14134.253035,14116.18032,14116.18032,14168.898465,-23.572715000000244,stop_loss,3
2022-05-27 03:55:00,2022-05-27 04:00:00,long,14132.248491,14111.312142,14111.312142,14172.621189,-26.43634899999961,stop_loss,1
2022-05-27 04:25:00,2022-05-27 04:50:00,long,14119.362137,14150.571205,14103.007603,14150.571205,25.709068000000116,take_profit,5
2022-05-27 04:55:00,2022-05-27 05:00:00,long,14161.45756,14146.821206,14146.821206,14189.230268000001,-20.13635400000021,stop_loss,1
2022-05-30 03:20:00,2022-05-30 03:50:00,long,14732.466223,14717.257142,14717.257142,14761.384384999998,-20.70908099999906,stop_loss,6
2022-05-30 04:15:00,2022-05-30 04:25:00,long,14719.866232,14736.757130000002,14710.670783,14736.757130000002,11.39089800000147,take_profit,2
2022-05-31 03:00:00,2022-05-31 04:15:00,long,14533.443645,14492.175493,14492.175493,14614.479948999997,-46.768151999998736,stop_loss,15
2022-06-01 01:20:00,2022-06-01 01:35:00,long,14498.507307,14470.698236,14470.698236,14552.625449,-33.309070999999676,stop_loss,3
2022-06-01 01:40:00,2022-06-01 02:00:00,long,14492.207312,14517.689112000002,14478.716412,14517.689112000002,19.981800000001385,take_profit,4
2022-06-01 03:25:00,2022-06-01 03:45:00,long,14445.816438,14469.007332,14433.470991,14469.007332,17.69089399999939,take_profit,4
2022-06-01 04:05:00,2022-06-01 05:05:00,long,14472.448236,14456.380065,14456.380065,14503.084578000002,-21.568171000000802,stop_loss,12
2022-06-02 01:25:00,2022-06-02 01:45:00,short,14375.802853,14386.716483,14386.716483,14355.475592999997,-16.41363000000092,stop_loss,4
2022-06-02 02:55:00,2022-06-02 03:00:00,long,14440.089169,14427.457359,14427.457359,14463.852789000002,-18.13181000000077,stop_loss,1
2022-06-02 03:10:00,2022-06-02 04:00:00,long,14458.130065,14430.03463,14430.03463,14512.820934999998,-33.59543499999927,stop_loss,10
2022-06-02 04:15:00,2022-06-02 04:50:00,long,14474.166416,14459.243699,14459.243699,14502.511849999999,-20.422716999999466,stop_loss,7
2022-06-03 01:20:00,2022-06-03 01:25:00,long,14781.720731,14768.802558,14768.802558,14806.057077,-18.418173000000024,stop_loss,1
2022-06-03 03:30:00,2022-06-03 03:35:00,long,14703.829881,14698.070793,14698.070793,14713.848056999997,-11.259087999998883,stop_loss,1
2022-06-03 03:55:00,2022-06-03 04:15:00,long,14706.979878,14692.629888,14692.629888,14734.179858000001,-19.849990000000616,stop_loss,4
2022-06-06 01:10:00,2022-06-06 01:25:00,short,14461.139153,14479.498231,14479.498231,14425.920997000001,-23.8590779999995,stop_loss,3
2022-06-07 01:05:00,2022-06-07 01:15:00,short,14309.939266,14326.293801,14326.293801,14278.730195999999,-21.854535000000396,stop_loss,2
2022-06-07 01:45:00,2022-06-07 01:50:00,short,14315.093808,14319.421079,14319.421079,14307.939266,-9.82727100000011,stop_loss,1
2022-06-07 04:35:00,2022-06-07 05:15:00,short,14365.207406,14339.152877999999,14378.98467,14339.152877999999,20.554528000000573,take_profit,8
2022-06-08 01:20:00,2022-06-08 02:00:00,long,14518.552747,14497.043671,14497.043671,14560.070899,-27.009076000000277,stop_loss,8
2022-06-08 03:00:00,2022-06-08 03:15:00,long,14505.093666,14486.734588,14486.734588,14540.311822000003,-23.85907800000132,stop_loss,3
2022-06-08 04:10:00,2022-06-08 05:05:00,long,14521.416381,14501.625485,14501.625485,14559.498172999996,-25.29089599999861,stop_loss,11
2022-06-10 01:35:00,2022-06-10 01:40:00,short,14105.762147,14114.671232,14114.671232,14089.443976999997,-14.409085000001141,stop_loss,1
2022-06-10 01:45:00,2022-06-10 01:55:00,short,14101.753059,14118.393957,14118.393957,14069.971263000001,-22.140897999999652,stop_loss,2
2022-06-10 02:40:00,2022-06-10 02:45:00,short,14067.675811,14088.612161,14088.612161,14027.303111,-26.436349999999948,stop_loss,1
2022-06-10 02:55:00,2022-06-10 03:00:00,short,14049.634916,14084.030346,14084.030346,13982.344056000004,-39.89542999999867,stop_loss,1
2022-06-10 04:20:00,2022-06-10 04:30:00,short,14090.584885,14107.225783,14107.225783,14058.803089,-22.140897999999652,stop_loss,2
2022-06-10 04:50:00,2022-06-10 05:00:00,short,14090.584885,14104.648512,14104.648512,14063.957631000001,-19.563626999999542,stop_loss,2
2022-06-13 01:50:00,2022-06-13 02:05:00,short,13251.611902,13275.932061,13275.932061,13204.471584000003,-29.820158999998966,stop_loss,3
2022-06-13 02:15:00,2022-06-13 02:20:00,short,13261.61134,13286.217197,13286.217197,13213.899625999999,-30.10585700000047,stop_loss,1
2022-06-13 02:30:00,2022-06-13 03:10:00,short,13238.469784,13169.045004000003,13273.932174,13169.045004000003,63.924779999997554,take_profit,8
2022-06-14 02:55:00,2022-06-14 03:00:00,short,13119.619325,13097.620450999999,13131.368762,13097.620450999999,16.498874000000797,take_profit,1
2022-06-15 02:45:00,2022-06-15 02:50:00,short,13009.911208,13047.373486,13047.373486,12936.486651999998,-42.96227800000088,stop_loss,1
2022-06-15 04:35:00,2022-06-15 04:40:00,short,13040.19522,13057.658622,13057.658622,13006.768415999997,-22.963402000001224,stop_loss,1
2022-06-16 01:10:00,2022-06-16 01:25:00,short,13225.327666,13202.185997999999,13237.6485,13202.185997999999,17.64166800000021,take_profit,3
2022-06-16 03:10:00,2022-06-16 03:15:00,short,12999.911771,13014.803889,13014.803889,12971.627534999996,-20.392118000001574,stop_loss,1
2022-06-16 04:30:00,2022-06-16 04:55:00,short,12911.916719,12936.522577,12936.522577,12864.205003000003,-30.10585799999899,stop_loss,5
2022-06-17 01:05:00,2022-06-17 01:25:00,short,12819.921893,12835.671105,12835.671105,12789.923469000003,-21.249211999998806,stop_loss,4
2022-06-17 01:30:00,2022-06-17 01:45:00,short,12831.349821,12851.670206,12851.670206,12792.209050999998,-25.820385000000897,stop_loss,3
2022-06-17 01:50:00,2022-06-17 02:20:00,short,12820.493289,12850.527413,12850.527413,12761.925041,-35.53412399999979,stop_loss,6
2022-06-17 03:50:00,2022-06-17 03:55:00,short,12862.205229,12879.382933,12879.382933,12829.349820999996,-22.67770400000154,stop_loss,1
2022-06-17 04:40:00,2022-06-17 04:50:00,short,12869.919081,12896.239128,12896.239128,12818.778987000002,-31.82004699999925,stop_loss,2
2022-06-20 04:25:00,2022-06-20 04:55:00,short,12995.911996,13007.375735,13007.375735,12974.484518000003,-16.963738999998895,stop_loss,6
2022-06-21 02:15:00,2022-06-21 02:20:00,long,13114.619662,13109.155585,13109.155585,13124.047815999997,-10.964076999998724,stop_loss,1
2022-06-21 03:55:00,2022-06-21 04:30:00,long,13181.187347,13166.295229,13166.295229,13209.471582999999,-20.392117999999755,stop_loss,7
2022-06-22 01:50:00,2022-06-22 02:00:00,short,13067.050852,13045.051976000002,13078.80029,13045.051976000002,16.498875999997836,take_profit,2
2022-06-22 02:40:00,2022-06-22 04:20:00,short,12975.91312,12999.376185,12999.376185,12930.48699,-28.963064999999915,stop_loss,20
2022-06-23 01:55:00,2022-06-23 02:00:00,long,13212.899849,13200.007619,13200.007619,13237.184308999998,-18.392229999999472,stop_loss,1
2022-06-23 02:20:00,2022-06-23 02:30:00,short,13139.903898,13164.795454,13164.795454,13091.620786000003,-30.391555999998673,stop_loss,2
2022-06-23 02:55:00,2022-06-23 03:00:00,long,13169.47372,13152.296016,13152.296016,13202.329128,-22.67770399999972,stop_loss,1
2022-06-23 03:40:00,2022-06-23 04:00:00,long,13240.326878,13258.897374,13230.29163,13258.897374,13.070496000000276,take_profit,4
2022-06-23 04:00:00,2022-06-23 04:55:00,long,13264.611227,13314.037131,13239.148275,13314.037131,43.92590399999972,take_profit,11
2022-06-24 03:25:00,2022-06-24 05:05:00,long,13524.596607,13558.023410999998,13507.133205,13558.023410999998,27.92680399999881,take_profit,20
2022-06-27 02:50:00,2022-06-27 02:55:00,long,13986.284929,13981.963645,13981.963645,13993.427496999999,-9.82128399999965,stop_loss,1
2022-06-27 03:00:00,2022-06-27 03:05:00,long,13991.713195,14011.426485,13981.10655,14011.426485,14.213289999999688,take_profit,1
2022-06-27 03:05:00,2022-06-27 03:10:00,long,13995.71297,14004.569726000002,13990.534592,14004.569726000002,3.3567560000010417,take_profit,1
2022-06-28 01:40:00,2022-06-28 01:50:00,long,13838.57895,13828.258003,13828.258003,13857.720843999996,-15.820946999998341,stop_loss,2
2022-06-28 02:00:00,2022-06-28 02:10:00,long,13839.150346,13864.006204,13825.972417,13864.006204,19.35585799999899,take_profit,2
2022-06-28 04:25:00,2022-06-28 04:30:00,long,13846.007103,13836.82895,13836.82895,13862.863409000001,-14.678153000000748,stop_loss,1
2022-06-29 01:20:00,2022-06-29 01:35:00,short,13355.320355,13335.607065,13365.927,13335.607065,14.213289999999688,take_profit,3
2022-06-29 02:20:00,2022-06-29 02:25:00,short,13338.749859,13351.070693,13351.070693,13315.608191,-17.820834000000104,stop_loss,1
2022-06-29 02:30:00,2022-06-29 02:35:00,short,13327.893326,13347.928012,13347.928012,13289.323953999998,-25.534686000000875,stop_loss,1
2022-06-30 01:00:00,2022-06-30 01:25:00,short,13244.755145,13202.757394999997,13266.50402,13202.757394999997,36.49775000000227,take_profit,5
2022-06-30 04:10:00,2022-06-30 04:55:00,short,13110.191283,13151.653336,13151.653336,13028.767177000002,-46.96205299999929,stop_loss,9
2022-07-01 02:00:00,2022-07-01 02:10:00,short,13028.195894,13069.08655,13069.08655,12947.914582000001,-46.39065599999958,stop_loss,2
2022-07-01 02:55:00,2022-07-01 03:15:00,short,13071.907722,13096.227881,13096.227881,13024.767403999998,-29.820159000000785,stop_loss,4
2022-07-04 03:05:00,2022-07-04 03:10:00,short,13175.901874,13183.365838,13183.365838,13162.473945999998,-12.963964000000487,stop_loss,1
2022-07-04 03:20:00,2022-07-04 03:25:00,short,13173.33059,13187.365613,13187.365613,13146.760543999999,-19.535023000000365,stop_loss,1
2022-07-04 03:35:00,2022-07-04 04:10:00,short,13169.902211,13183.937235,13183.937235,13143.332163000003,-19.535023999998884,stop_loss,7
2022-07-05 03:15:00,2022-07-05 03:20:00,short,13251.040505,13231.898611000004,13261.361452,13231.898611000004,13.641893999996682,take_profit,1
2022-07-06 02:15:00,2022-07-06 02:20:00,long,13506.597619,13541.738613000001,13488.277122,13541.738613000001,29.64099400000123,take_profit,1
2022-07-06 04:40:00,2022-07-06 06:05:00,long,13477.170702,13458.850206,13458.850206,13512.311694,-23.820496000000276,stop_loss,17
2022-07-07 03:00:00,2022-07-07 03:05:00,long,13635.161817,13651.446727000002,13626.269362,13651.446727000002,10.784910000002128,take_profit,1
2022-07-07 03:50:00,2022-07-07 03:55:00,long,13630.590646,13619.984001,13619.984001,13650.303936,-16.106644999999844,stop_loss,1
2022-07-07 03:55:00,2022-07-07 04:50:00,long,13636.30461,13614.270037,13614.270037,13678.873755999997,-27.534572999999,stop_loss,11
2022-07-08 03:05:00,2022-07-08 03:20:00,long,13836.86476,13817.972867,13817.972867,13873.148546,-24.391892999999982,stop_loss,3
2022-07-11 04:00:00,2022-07-11 05:00:00,long,13793.152933,13769.40417,13769.40417,13839.150458999999,-29.2487629999996,stop_loss,12
2022-07-12 01:45:00,2022-07-12 01:55:00,short,13481.598968,13495.91969,13495.91969,13454.457524,-19.820722000000387,stop_loss,2
2022-07-13 02:35:00,2022-07-13 03:05:00,short,13490.455613,13459.885790999999,13506.490524,13459.885790999999,25.069822000001295,take_profit,6
2022-07-13 04:40:00,2022-07-13 06:10:00,short,13500.455051,13517.632755,13517.632755,13467.599643000001,-22.67770399999972,stop_loss,18
2022-07-14 01:15:00,2022-07-14 02:05:00,short,13383.033083,13351.891865,13399.353692,13351.891865,25.641218000000663,take_profit,10
2022-07-14 02:05:00,2022-07-14 02:15:00,short,13341.892539,13377.354929,13377.354929,13272.467759000003,-40.96238999999878,stop_loss,2
2022-07-14 02:30:00,2022-07-14 03:20:00,short,13371.890852,13321.89355,13397.639503,13321.89355,44.49730199999976,take_profit,10
2022-07-14 03:20:00,2022-07-14 08:30:00,short,13324.750646,13250.754694000003,13362.498622,13250.754694000003,68.49595199999749,take_profit,62
2022-07-15 02:35:00,2022-07-15 02:40:00,long,13506.026222,13492.276897,13492.276897,13532.024872000002,-19.24932500000068,stop_loss,1
2022-07-15 02:55:00,2022-07-15 03:00:00,long,13491.169915,13480.277572,13480.277572,13511.454601,-16.392342999999528,stop_loss,1
2022-07-15 03:00:00,2022-07-15 03:25:00,short,13468.742549,13496.491086,13496.491086,13414.745475000002,-33.24853699999949,stop_loss,5
2022-07-15 04:05:00,2022-07-15 04:15:00,long,13535.167441,13526.560683,13526.560683,13550.880957,-14.1067579999999,stop_loss,2
2022-07-15 04:30:00,2022-07-15 04:45:00,long,13527.739287,13512.847169,13512.847169,13556.023523,-20.392117999999755,stop_loss,3
2022-07-18 02:10:00,2022-07-18 02:15:00,long,13846.007103,13859.435031,13838.543139,13859.435031,7.927928000000975,take_profit,1
2022-07-18 03:20:00,2022-07-18 05:00:00,long,13892.861611,13876.255304,13876.255304,13924.574225,-22.106307000000015,stop_loss,20
2022-07-19 01:45:00,2022-07-19 02:00:00,short,13639.018687,13647.339746,13647.339746,13623.876569,-13.821058999999877,stop_loss,3
2022-07-19 02:00:00,2022-07-19 02:30:00,long,13666.017225,13619.698303,13619.698303,13757.155069,-51.818922000000384,stop_loss,6
2022-07-19 02:30:00,2022-07-19 03:35:00,short,13618.448415,13655.053598,13655.053598,13546.738049000001,-42.10518299999967,stop_loss,13
2022-07-20 03:30:00,2022-07-20 03:35:00,long,14063.709146,14055.959484,14055.959484,14077.708469999996,-13.249661999998352,stop_loss,1
2022-07-20 04:00:00,2022-07-20 05:30:00,long,14066.566129,14053.959596,14053.959596,14090.279195000001,-18.106533000000127,stop_loss,18
2022-07-21 03:50:00,2022-07-21 03:55:00,long,14197.987309,14212.558029,14189.951949,14212.558029,9.07071999999971,take_profit,1
2022-07-21 04:10:00,2022-07-21 04:15:00,long,14222.271658,14214.521996,14214.521996,14236.270982,-13.249662000000171,stop_loss,1
2022-07-22 03:10:00,2022-07-22 04:15:00,long,14345.693289,14387.119643000004,14324.230112,14387.119643000004,35.9263540000029,take_profit,13
2022-07-25 01:30:00,2022-07-25 02:10:00,long,14186.559381,14210.843842999999,14173.66715,14210.843842999999,18.78446199999962,take_profit,8
2022-07-25 02:20:00,2022-07-25 02:40:00,short,14181.845304,14194.737534,14194.737534,14157.560844000001,-18.392229999999472,stop_loss,4
2022-07-25 03:00:00,2022-07-25 03:35:00,long,14197.415913,14222.843167000003,14183.952286,14222.843167000003,19.927254000001994,take_profit,7
2022-07-25 04:05:00,2022-07-25 04:35:00,long,14243.127628,14259.983936000002,14233.949474,14259.983936000002,11.356308000002173,take_profit,6
2022-07-26 03:35:00,2022-07-26 03:55:00,short,14073.565679,14077.601265,14077.601265,14066.994507,-9.535585999999967,stop_loss,4
2022-07-26 03:55:00,2022-07-26 04:00:00,short,14070.1373,14080.172548,14080.172548,14051.566804,-15.535248000000138,stop_loss,1
2022-07-27 03:55:00,2022-07-27 04:50:00,short,14068.994507,14049.852613,14079.315454,14049.852613,13.64189400000032,take_profit,11
2022-07-29 01:20:00,2022-07-29 02:15:00,long,14764.812577,14748.777666,14748.777666,14795.382399000002,-21.534911000000648,stop_loss,11
2022-07-29 02:15:00,2022-07-29 02:30:00,long,14773.95492,14747.349175,14747.349175,14825.666410000002,-32.10574500000075,stop_loss,3
2022-07-29 03:10:00,2022-07-29 03:15:00,long,14753.09895,14749.63476,14749.63476,14758.527329999997,-8.96418999999878,stop_loss,1
2022-07-29 03:25:00,2022-07-29 03:35:00,long,14752.241855,14731.064376,14731.064376,14793.096813,-26.67747899999995,stop_loss,2
2022-07-29 04:45:00,2022-07-29 05:00:00,long,14727.671808,14717.065163,14717.065163,14747.385097999999,-16.106644999999844,stop_loss,3
2022-08-01 01:10:00,2022-08-01 01:20:00,long,14768.240955,14758.777103,14758.777103,14785.668658999997,-14.963851999998951,stop_loss,2
2022-08-01 01:25:00,2022-08-01 01:30:00,long,14765.098275,14755.348725,14755.348725,14783.097375000001,-15.249550000000454,stop_loss,1
2022-08-01 01:40:00,2022-08-01 02:00:00,long,14764.24118,14774.812126000004,14758.205707,14774.812126000004,5.07094600000346,take_profit,4
2022-08-01 02:35:00,2022-08-01 02:55:00,long,14812.238481,14800.774742,14800.774742,14833.665959000002,-16.963739000000714,stop_loss,4
2022-08-01 04:30:00,2022-08-01 06:40:00,long,14790.239718,14820.809540000002,14774.204807,14820.809540000002,25.069822000001295,take_profit,26
2022-08-02 03:20:00,2022-08-02 03:35:00,long,14717.67237,14693.637909,14693.637909,14764.241292000002,-29.5344610000011,stop_loss,3
2022-08-03 03:20:00,2022-08-03 04:10:00,long,14768.812352,14806.810328000003,14749.063364,14806.810328000003,32.49797600000238,take_profit,10
2022-08-04 03:50:00,2022-08-04 04:05:00,long,15151.647965,15141.898415,15141.898415,15169.647065000001,-15.249550000000454,stop_loss,3
2022-08-04 04:10:00,2022-08-04 04:25:00,long,15157.076232,15176.218126,15146.755285,15176.218126,13.64189400000032,take_profit,3
2022-08-04 04:25:00,2022-08-04 05:05:00,long,15184.788959,15225.072521,15163.897178,15225.072521,34.78356200000053,take_profit,8
2022-08-08 01:50:00,2022-08-08 02:00:00,long,15159.933214,15187.646054,15145.326794,15187.646054,22.212840000000142,take_profit,2
2022-08-08 02:50:00,2022-08-08 03:00:00,long,15185.360355,15204.502247,15175.039409,15204.502247,13.641891999999643,take_profit,2
2022-08-08 03:30:00,2022-08-08 03:35:00,long,15187.931639,15180.753373,15180.753373,15200.788171000002,-12.678266000000804,stop_loss,1
2022-08-08 04:00:00,2022-08-08 04:10:00,long,15190.217225,15179.324882,15179.324882,15210.501911,-16.392342999999528,stop_loss,2
2022-08-09 01:05:00,2022-08-09 01:10:00,short,15078.937712,15084.687488,15084.687488,15068.938160000003,-11.249775999998747,stop_loss,1
2022-08-09 01:20:00,2022-08-09 01:55:00,short,15074.366541,15087.258771,15087.258771,15050.082080999997,-18.39223000000129,stop_loss,7
2022-08-09 02:05:00,2022-08-09 02:15:00,long,15101.650777,15089.044245,15089.044245,15125.363841000004,-18.106532000001607,stop_loss,2
2022-08-09 02:40:00,2022-08-09 02:55:00,short,15060.367328,15075.545145,15075.545145,15031.511694,-20.677816999999777,stop_loss,3
2022-08-09 03:05:00,2022-08-09 03:20:00,short,15049.796494,15076.402239,15076.402239,14998.085004000002,-32.10574499999893,stop_loss,3
2022-08-09 04:20:00,2022-08-09 04:55:00,short,15068.938275,15048.082193000002,15080.116316,15048.082193000002,15.356081999998423,take_profit,7
2022-08-10 01:20:00,2022-08-10 01:35:00,short,14842.950983,14854.414723,14854.414723,14821.523503000002,-16.963739999999234,stop_loss,3
2022-08-11 02:10:00,2022-08-11 02:30:00,long,15390.205979,15369.599896,15369.599896,15429.918145000001,-26.10608300000058,stop_loss,4
2022-08-12 01:30:00,2022-08-12 01:35:00,long,15263.355969,15258.748987,15258.748987,15271.069932999999,-10.106981999999334,stop_loss,1
2022-08-12 01:55:00,2022-08-12 02:00:00,long,15269.355632,15257.034798,15257.034798,15292.4973,-17.820834000000104,stop_loss,1
2022-08-12 03:10:00,2022-08-12 05:05:00,long,15301.639531,15285.60462,15285.60462,15332.209353000002,-21.534911000000648,stop_loss,23
2022-08-15 04:10:00,2022-08-15 04:15:00,long,15451.631096,15443.881433,15443.881433,15465.630421999997,-13.24966299999869,stop_loss,1
2022-08-17 04:05:00,2022-08-17 04:10:00,long,15534.769278,15529.019502,15529.019502,15544.76883,-11.249776000000566,stop_loss,1
2022-08-17 04:25:00,2022-08-17 04:30:00,long,15540.483242,15528.448106,15528.448106,15563.053514000001,-17.53513600000042,stop_loss,1
2022-08-18 01:20:00,2022-08-18 01:30:00,short,15373.492577,15346.922531000004,15387.5276,15346.922531000004,21.07004599999709,take_profit,2
2022-08-18 02:15:00,2022-08-18 02:20:00,short,15336.923204,15358.386382,15358.386382,15295.496848,-26.96317799999997,stop_loss,1
2022-08-18 03:20:00,2022-08-18 03:30:00,short,15363.493139,15370.100009,15370.100009,15351.779399000001,-12.106869999999617,stop_loss,2
2022-08-19 01:05:00,2022-08-19 01:30:00,short,15398.63402,15378.349333999997,15409.526363,15378.349333999997,14.784686000002694,take_profit,5
2022-08-19 02:35:00,2022-08-19 02:40:00,short,15366.921517,15376.385369,15376.385369,15349.493813000003,-14.963851999998951,stop_loss,1
2022-08-19 03:10:00,2022-08-19 03:20:00,short,15338.065997,15320.638292999998,15347.529849,15320.638292999998,11.92770400000154,take_profit,2
2022-08-19 04:50:00,2022-08-19 05:05:00,short,15314.638743,15296.068244999999,15324.673992,15296.068244999999,13.070498000000953,take_profit,3
2022-08-22 01:25:00,2022-08-22 01:45:00,short,15053.224873,15031.797394999998,15064.688612,15031.797394999998,15.927478000001429,take_profit,4
2022-08-22 02:15:00,2022-08-22 02:30:00,short,15041.511246,14997.799305999999,15064.117216,14997.799305999999,38.21194000000105,take_profit,3
2022-08-22 03:00:00,2022-08-22 08:45:00,short,14949.802117,14878.663147,14986.121602,14878.663147,65.63896999999997,take_profit,69
2022-08-23 01:05:00,2022-08-23 01:35:00,short,14721.814938,14666.103671999997,14750.420571,14666.103671999997,50.21126600000207,take_profit,6
2022-08-23 04:10:00,2022-08-23 04:50:00,short,14781.811564,14795.56089,14795.56089,14755.812911999998,-19.24932600000102,stop_loss,8
2022-08-24 01:40:00,2022-08-24 01:55:00,short,14712.672595,14721.279353,14721.279353,14696.959079,-14.1067579999999,stop_loss,3
2022-08-24 02:05:00,2022-08-24 02:10:00,short,14725.529015,14741.563926,14741.563926,14694.959192999999,-21.534911000000648,stop_loss,1
2022-08-24 02:15:00,2022-08-24 02:30:00,short,14713.815388,14676.388808000002,14733.278678,14676.388808000002,31.926579999999376,take_profit,3
2022-08-24 02:55:00,2022-08-24 03:00:00,short,14695.530702,14703.280365,14703.280365,14681.531375999999,-13.24966300000051,stop_loss,1
2022-08-24 04:45:00,2022-08-24 05:05:00,short,14730.100187,14738.135548,14738.135548,14715.529465,-13.535361000000194,stop_loss,4
2022-08-25 02:15:00,2022-08-25 02:30:00,long,14934.517319,14917.625313,14917.625313,14966.801331,-22.392006000000038,stop_loss,3
2022-08-25 03:40:00,2022-08-25 03:50:00,long,14933.374526,14925.910562,14925.910562,14946.802454,-12.963964000000487,stop_loss,2
2022-08-26 02:05:00,2022-08-26 02:25:00,long,14999.656513,15021.083992999998,14988.192773,15021.083992999998,15.927479999998468,take_profit,4
2022-08-26 02:25:00,2022-08-26 02:30:00,long,15016.798406,15009.62014,15009.62014,15029.654937999998,-12.678265999998985,stop_loss,1
2022-08-29 02:20:00,2022-08-29 02:30:00,short,14229.271208,14256.734048,14256.734048,14175.845528,-32.96284000000014,stop_loss,2
2022-08-29 02:40:00,2022-08-29 03:00:00,short,14258.412427,14295.874704,14295.874704,14184.987872999998,-42.96227700000054,stop_loss,4
2022-08-29 03:00:00,2022-08-29 07:30:00,short,14266.983373,14297.303195,14297.303195,14207.843728999997,-35.819822000001295,stop_loss,54
2022-08-30 01:00:00,2022-08-30 01:40:00,short,14331.836869,14344.443401,14344.443401,14308.123805000001,-18.10653199999979,stop_loss,8
2022-08-30 04:25:00,2022-08-30 04:30:00,short,14428.117169,14433.581246,14433.581246,14418.689014999998,-10.964077000000543,stop_loss,1
2022-08-31 01:15:00,2022-08-31 02:40:00,short,14215.557694,14166.703185999999,14240.734948,14166.703185999999,43.35450800000035,take_profit,17
2022-08-31 02:45:00,2022-08-31 02:50:00,short,14162.989221,14171.31028,14171.31028,14147.847103,-13.821058999999877,stop_loss,1
2022-08-31 03:10:00,2022-08-31 03:45:00,short,14164.132014,14182.452511,14182.452511,14128.991020000003,-23.820496999998795,stop_loss,7
2022-08-31 04:00:00,2022-08-31 05:10:00,short,14146.418725,14165.02492,14165.02492,14110.706334999999,-24.106195000000298,stop_loss,14
2022-09-01 03:25:00,2022-09-01 04:00:00,short,13876.719606,13890.183233,13890.183233,13851.292352000002,-18.96362699999918,stop_loss,7
2022-09-01 04:05:00,2022-09-01 04:20:00,short,13881.862174,13859.291901999999,13893.89731,13859.291901999999,17.07027200000084,take_profit,3
2022-09-02 04:20:00,2022-09-02 04:25:00,short,14035.567816,14046.17446,14046.17446,14015.854528000002,-16.106643999999505,stop_loss,1
2022-09-02 04:30:00,2022-09-02 05:30:00,short,14032.139437,13998.712633000001,14049.602839,13998.712633000001,27.92680399999881,take_profit,12
2022-09-05 02:20:00,2022-09-05 04:00:00,short,13825.865323,13851.899671,13851.899671,13775.296627000002,-31.534347999999227,stop_loss,20
2022-09-05 04:00:00,2022-09-05 08:20:00,short,13812.723205,13854.756653,13854.756653,13730.156309,-47.533448000000135,stop_loss,52
2022-09-06 03:20:00,2022-09-06 03:25:00,short,13909.860599,13924.467019,13924.467019,13882.147759,-20.10642000000007,stop_loss,1
2022-09-06 04:40:00,2022-09-06 05:10:00,short,13929.00238,13945.894385,13945.894385,13896.71837,-22.3920049999997,stop_loss,6
2022-09-07 04:00:00,2022-09-07 06:35:00,short,13756.440655,13697.872407,13786.474779,13697.872407,53.068247999999585,take_profit,31
2022-09-09 02:05:00,2022-09-09 02:10:00,long,14177.702736,14200.844404,14165.381902,14200.844404,17.64166800000021,take_profit,1
2022-09-09 03:15:00,2022-09-09 05:45:00,long,14220.271771,14263.983711,14197.665801,14263.983711,38.21194000000105,take_profit,30
2022-09-12 01:35:00,2022-09-12 04:05:00,long,14430.541531,14502.401415000002,14393.861589,14502.401415000002,66.35988400000133,take_profit,30
2022-09-13 01:10:00,2022-09-13 01:20:00,long,14628.193881,14618.49235,14618.49235,14646.096942999997,-15.201530999998795,stop_loss,2
2022-09-13 02:00:00,2022-09-13 02:05:00,long,14626.773965,14612.812685,14612.812685,14653.196525,-19.461279999999533,stop_loss,1
2022-09-15 01:15:00,2022-09-15 01:25:00,short,13875.206202,13882.635867,13882.635867,13861.846871999996,-12.929665000001478,stop_loss,2
2022-09-15 01:35:00,2022-09-15 01:40:00,short,13870.662469,13880.931967,13880.931967,13851.623473000001,-15.769497999999658,stop_loss,1
2022-09-15 03:10:00,2022-09-15 04:40:00,short,13881.453833,13895.699097,13895.699097,13854.463304999997,-19.745264000001043,stop_loss,18
2022-09-16 01:10:00,2022-09-16 01:20:00,short,13506.02796,13524.816956,13524.816956,13469.949967999997,-24.288996000001134,stop_loss,2
2022-09-16 01:25:00,2022-09-16 03:25:00,short,13509.151776,13475.913618,13526.520855,13475.913618,27.738158000000112,take_profit,24
2022-09-19 01:35:00,2022-09-19 02:00:00,short,13466.83827,13446.095376000001,13477.959717,13446.095376000001,15.242893999999069,take_profit,5
2022-09-19 02:00:00,2022-09-19 07:50:00,short,13444.687575,13475.687851,13475.687851,13384.187022999999,-36.50027600000067,stop_loss,70
2022-09-20 03:10:00,2022-09-20 03:25:00,short,13611.101767,13619.383382,13619.383382,13596.038537,-13.781614999999874,stop_loss,3
2022-09-20 03:50:00,2022-09-20 04:20:00,short,13617.917366,13582.975308,13636.138395,13582.975308,29.442058000000543,take_profit,6
2022-09-20 04:40:00,2022-09-20 05:35:00,short,13584.407341,13596.664721,13596.664721,13561.392581000002,-17.757379999999102,stop_loss,11
2022-09-21 01:50:00,2022-09-21 02:05:00,short,13515.967374,13482.729213999999,13533.336454,13482.729213999999,27.73816000000079,take_profit,3
2022-09-21 03:25:00,2022-09-21 04:45:00,short,13543.229767,13560.88283,13560.88283,13509.423641000001,-23.153062999999747,stop_loss,16
2022-09-23 01:25:00,2022-09-23 01:30:00,short,13098.227995,13115.313091,13115.313091,13065.557802999998,-22.585096000000703,stop_loss,1
2022-09-23 01:40:00,2022-09-23 02:00:00,short,13105.895543,13075.497217000002,13121.844706,13075.497217000002,24.898325999998633,take_profit,4
2022-09-23 02:20:00,2022-09-23 02:25:00,short,13077.497217,13087.482731,13087.482731,13059.026189,-15.485513999999966,stop_loss,1
2022-09-23 02:35:00,2022-09-23 02:45:00,short,13065.853903,13081.519083,13081.519083,13036.023543,-21.165179999999964,stop_loss,2
2022-09-23 04:50:00,2022-09-23 04:55:00,short,12980.374941,13000.583853,13000.583853,12941.457117,-25.708912000000055,stop_loss,1
2022-09-26 01:05:00,2022-09-26 02:00:00,short,12813.960749,12834.169661,12834.169661,12775.042925,-25.708912000000055,stop_loss,11
2022-09-26 03:35:00,2022-09-26 04:20:00,short,12927.838037,12898.575642999998,12943.219234,12898.575642999998,23.762394000001223,take_profit,9
2022-09-26 04:25:00,2022-09-26 04:35:00,short,12871.325368,12846.606708000001,12884.434698,12846.606708000001,19.218659999998636,take_profit,2
2022-09-26 04:55:00,2022-09-26 05:00:00,short,12841.223142,12851.776623,12851.776623,12821.616180000003,-16.05348099999901,stop_loss,1
2022-09-27 02:05:00,2022-09-27 02:20:00,short,12999.117836,13017.622849,13017.622849,12963.60781,-24.005012999999963,stop_loss,3
2022-09-27 03:25:00,2022-09-27 03:35:00,short,13039.443459,13023.244294999999,13048.293041,13023.244294999999,10.699164000001474,take_profit,2
2022-09-27 04:20:00,2022-09-27 04:45:00,short,12973.559342,12996.324104,12996.324104,12929.529818000003,-28.264761999998882,stop_loss,5
2022-09-27 04:50:00,2022-09-27 05:00:00,short,12976.399175,12993.768254,12993.768254,12943.161017,-22.869079000000056,stop_loss,2
2022-09-28 01:30:00,2022-09-28 01:55:00,short,12771.363259,12733.581367,12791.004205,12733.581367,32.28189199999906,take_profit,5
2022-09-28 04:05:00,2022-09-28 05:00:00,short,12701.503377,12735.911452,12735.911452,12634.187226999997,-39.90807500000119,stop_loss,11
2022-09-29 02:00:00,2022-09-29 08:40:00,short,12973.559342,12847.174672000001,13037.501677,12847.174672000001,120.88466999999946,take_profit,80
2022-09-30 01:15:00,2022-09-30 01:25:00,short,12769.943343,12783.336657,12783.336657,12744.656715000003,-18.89331399999901,stop_loss,2
2022-09-30 03:25:00,2022-09-30 03:50:00,short,12851.446539,12877.903083,12877.903083,12800.033451000003,-31.956543999998757,stop_loss,5
2022-09-30 04:35:00,2022-09-30 05:00:00,short,12823.900163,12846.096958,12846.096958,12781.006573,-27.696794999999838,stop_loss,5
2022-10-03 01:20:00,2022-10-03 02:05:00,short,12488.799913,12523.207988,12523.207988,12421.483763000002,-39.90807499999937,stop_loss,9
2022-10-03 03:25:00,2022-10-03 03:30:00,short,12455.289888,12471.807018,12471.807018,12423.755627999999,-22.01713000000018,stop_loss,1
2022-10-03 04:00:00,2022-10-03 04:20:00,short,12450.746156,12475.782783,12475.782783,12402.172901999997,-30.536627000001317,stop_loss,4
2022-10-04 01:20:00,2022-10-04 02:05:00,long,12978.251125,13013.193183000001,12960.030096,13013.193183000001,29.442058000000543,take_profit,9
2022-10-04 02:30:00,2022-10-04 04:50:00,long,13037.319643,13076.237467,13017.110731,13076.237467,33.41782400000011,take_profit,28
2022-10-05 01:35:00,2022-10-05 01:45:00,long,13168.519911,13161.942195,13161.942195,13180.175342999999,-12.077715999999782,stop_loss,2
2022-10-05 02:35:00,2022-10-05 02:55:00,long,13156.024647,13148.310999,13148.310999,13169.951943000002,-13.21364800000083,stop_loss,4
2022-10-06 02:25:00,2022-10-06 02:45:00,long,13243.775475,13203.119768,13203.119768,13323.586889,-46.15570699999989,stop_loss,4
2022-10-07 01:00:00,2022-10-07 01:05:00,short,13066.421869,13082.655016,13082.655016,13035.455574999998,-21.733147000000827,stop_loss,1
2022-10-07 03:25:00,2022-10-07 03:55:00,short,13044.555158,13063.91212,13063.91212,13007.341233999996,-24.85696200000166,stop_loss,6
2022-10-10 01:20:00,2022-10-10 01:50:00,short,12546.732498,12519.741969999997,12560.977762,12519.741969999997,21.490528000002087,take_profit,6
2022-10-10 02:55:00,2022-10-10 03:10:00,short,12547.300465,12529.965369000001,12556.718013,12529.965369000001,11.835095999998885,take_profit,3
2022-10-10 03:55:00,2022-10-10 04:00:00,short,12518.050189,12525.763837,12525.763837,12504.122892999998,-13.21364800000083,stop_loss,1
2022-10-11 01:55:00,2022-10-11 02:25:00,short,12372.366775,12413.874432,12413.874432,12290.851461,-47.00765700000011,stop_loss,6
2022-10-11 02:30:00,2022-10-11 07:05:00,short,12403.888917,12439.716909,12439.716909,12333.732933,-41.32799200000045,stop_loss,55
2022-10-14 01:25:00,2022-10-14 02:05:00,long,12677.228866,12646.512573,12646.512573,12737.161451999998,-36.216292999999496,stop_loss,8
2022-10-14 04:45:00,2022-10-14 05:25:00,long,12528.421637,12622.432214999997,12480.666348,12622.432214999997,88.51057799999762,take_profit,8
2022-10-17 02:15:00,2022-10-17 02:45:00,short,12294.839344,12344.298533,12344.298533,12197.420966000001,-54.95918899999924,stop_loss,6
2022-10-17 03:00:00,2022-10-17 04:30:00,short,12342.264549,12364.461344,12364.461344,12299.370959,-27.696794999999838,stop_loss,18
2022-10-19 04:30:00,2022-10-19 05:35:00,long,12785.142506,12756.130113,12756.130113,12841.667292000002,-34.512393000000884,stop_loss,13
2022-10-20 01:10:00,2022-10-20 01:15:00,short,12608.64085,12594.713553999998,12616.354498,12594.713553999998,8.427296000001661,take_profit,1
2022-10-20 02:05:00,2022-10-20 02:20:00,short,12556.671913,12582.844473,12582.844473,12505.826793000002,-31.672559999999066,stop_loss,3
2022-10-20 02:25:00,2022-10-20 04:30:00,short,12561.499628,12593.919821,12593.919821,12498.159242,-37.92019299999993,stop_loss,25
2022-10-21 02:50:00,2022-10-21 03:25:00,short,12529.125536,12485.096011999998,12551.890298,12485.096011999998,38.5295240000014,take_profit,7
2022-10-24 02:00:00,2022-10-24 02:10:00,long,12947.580932,12920.272439,12920.272439,13000.697918000002,-32.80849300000045,stop_loss,2
2022-10-24 02:45:00,2022-10-24 03:05:00,long,12876.01715,12837.633309,12837.633309,12951.284831999998,-43.88384099999894,stop_loss,4
2022-10-24 04:30:00,2022-10-24 04:50:00,long,12831.147795,12880.289017000003,12805.827184,12880.289017000003,43.64122200000202,take_profit,4
2022-10-25 01:15:00,2022-10-25 01:30:00,long,13059.754321,13075.385517000002,13051.188723,13075.385517000002,10.131196000002092,take_profit,3
2022-10-25 01:55:00,2022-10-25 02:00:00,long,13057.482455,13043.805158,13043.805158,13083.337049,-19.17729700000018,stop_loss,1
2022-10-26 01:00:00,2022-10-26 02:00:00,long,13049.530924,13075.953486,13035.569643,13075.953486,20.922561999999743,take_profit,12
2022-10-26 02:00:00,2022-10-26 02:05:00,long,13063.16212,13055.164489,13055.164489,13077.657382000001,-13.497631000000183,stop_loss,1
2022-10-26 03:30:00,2022-10-26 03:40:00,long,13124.786488,13112.529108,13112.529108,13147.801247999998,-17.757379999999102,stop_loss,2
2022-10-26 03:45:00,2022-10-26 04:10:00,long,13117.97089,13105.997493,13105.997493,13140.417684,-17.47339699999975,stop_loss,5
2022-10-27 03:15:00,2022-10-27 03:20:00,long,13018.576748,13007.171317,13007.171317,13039.887609999998,-16.905430999999226,stop_loss,1
2022-10-27 03:25:00,2022-10-27 03:40:00,long,13011.193183,13004.047501,13004.047501,13023.984547,-12.645682000000306,stop_loss,3
2022-10-27 04:05:00,2022-10-27 04:55:00,short,12973.275359,12944.580932999997,12988.372572,12944.580932999997,23.19442600000184,take_profit,10
2022-10-28 01:05:00,2022-10-28 01:45:00,short,12623.691963,12596.701436999998,12637.937226,12596.701436999998,21.49052600000141,take_profit,8
2022-10-28 02:20:00,2022-10-28 03:10:00,short,12585.354222,12606.699067,12606.699067,12544.164532,-26.844844999999623,stop_loss,10
2022-10-28 04:25:00,2022-10-28 04:50:00,short,12602.393218,12612.662716,12612.662716,12583.354221999996,-15.769498000001477,stop_loss,5
2022-10-31 02:30:00,2022-10-31 03:00:00,long,13116.834957,13104.293593,13104.293593,13140.417684999997,-18.041363999998794,stop_loss,6
2022-10-31 04:20:00,2022-10-31 04:25:00,long,13073.385518,13062.832037,13062.832037,13092.992479999997,-16.05348099999901,stop_loss,1
2022-11-01 01:40:00,2022-11-01 01:55:00,long,13093.832313,13108.895543000004,13085.550698,13108.895543000004,9.563230000003387,take_profit,3
2022-11-01 02:05:00,2022-11-01 02:25:00,long,13097.524095,13084.698748,13084.698748,13121.674789,-18.325346999999965,stop_loss,4
2022-11-01 03:00:00,2022-11-01 07:30:00,long,13120.810723,13185.855007,13087.538581,13185.855007,59.54428399999961,take_profit,54
2022-11-03 01:55:00,2022-11-03 02:00:00,short,12449.042256,12457.607854,12457.607854,12433.411060000002,-14.065597999999227,stop_loss,1
2022-11-03 02:00:00,2022-11-03 03:30:00,short,12444.214541,12398.481118999998,12467.831252,12398.481118999998,40.233422000001156,take_profit,18
2022-11-04 03:30:00,2022-11-04 03:40:00,short,12222.423612,12235.816926,12235.816926,12197.136984000002,-18.89331399999901,stop_loss,2
2022-11-07 01:00:00,2022-11-07 01:30:00,short,12339.992683,12311.866223,12354.805913,12311.866223,22.626459999999497,take_profit,6
2022-11-09 01:05:00,2022-11-09 01:10:00,long,12604.529151,12621.864247000003,12595.111603,12621.864247000003,11.835096000002522,take_profit,1
2022-11-09 01:10:00,2022-11-09 01:45:00,long,12619.012297,12602.779151,12602.779151,12649.978588999997,-21.73314599999867,stop_loss,7
2022-11-09 01:50:00,2022-11-09 03:05:00,long,12629.519678,12602.211184,12602.211184,12682.636666000002,-32.80849400000079,stop_loss,15
2022-11-10 01:10:00,2022-11-10 01:25:00,short,12352.77193,12337.140734000002,12361.337528,12337.140734000002,10.131195999998454,take_profit,3
2022-11-10 02:10:00,2022-11-10 02:30:00,short,12333.745051,12353.102014,12353.102014,12296.531125,-24.856963000000178,stop_loss,4
2022-11-10 03:40:00,2022-11-10 04:10:00,short,12346.240315,12326.633352999997,12356.793796,12326.633352999997,14.106962000001658,take_profit,6
2022-11-10 04:50:00,2022-11-10 04:55:00,short,12329.769286,12338.334884,12338.334884,12314.138090000002,-14.065597999999227,stop_loss,1
2022-11-11 01:35:00,2022-11-11 02:00:00,long,13328.686471,13310.181459,13310.181459,13364.196495000004,-24.005012000001443,stop_loss,5
2022-11-11 02:10:00,2022-11-11 02:45:00,long,13317.611124,13351.417249999999,13299.958061,13351.417249999999,28.306125999999495,take_profit,7
2022-11-11 02:45:00,2022-11-11 03:15:00,long,13353.960981,13328.356387,13328.356387,13403.670169,-31.10459400000036,stop_loss,6
2022-11-14 02:00:00,2022-11-14 02:05:00,long,13400.534237,13383.733124,13383.733124,13432.636462999999,-22.301112999999532,stop_loss,1
2022-11-14 04:55:00,2022-11-14 05:05:00,long,13370.715994,13356.47073,13356.47073,13397.706522000002,-19.745264000001043,stop_loss,2
2022-11-15 02:15:00,2022-11-15 02:20:00,long,13455.62699,13444.789525,13444.789525,13475.801920000002,-16.33746500000052,stop_loss,1
2022-11-15 02:55:00,2022-11-15 03:00:00,long,13459.602755,13468.418353000001,13454.444956,13468.418353000001,3.315598000001046,take_profit,1
2022-11-15 03:25:00,2022-11-15 04:00:00,long,13457.046906,13477.221835999997,13446.209441,13477.221835999997,14.674929999997403,take_profit,7
2022-11-15 04:30:00,2022-11-15 04:35:00,long,13481.75345,13474.323784,13474.323784,13495.112782,-12.929665999999997,stop_loss,1
2022-11-16 01:15:00,2022-11-16 01:55:00,long,13540.537985,13577.183943000002,13521.465006,13577.183943000002,31.145958000000974,take_profit,8
2022-11-17 01:15:00,2022-11-17 01:20:00,long,13394.002621,13385.15304,13385.15304,13410.201783,-14.349581000000398,stop_loss,1
2022-11-17 01:30:00,2022-11-17 02:40:00,long,13416.153316,13389.696772,13389.696772,13467.566404000001,-31.956544000000576,stop_loss,14
2022-11-17 03:35:00,2022-11-17 03:40:00,short,13324.846638,13335.684103,13335.684103,13304.671708000003,-16.3374649999987,stop_loss,1
2022-11-17 04:30:00,2022-11-17 04:50:00,short,13326.550538,13290.472545999997,13345.339534,13290.472545999997,30.57799200000227,take_profit,4
2022-11-18 02:30:00,2022-11-18 02:40:00,short,13276.001517,13289.962798,13289.962798,13249.578955,-19.46128099999987,stop_loss,2
2022-11-18 04:05:00,2022-11-18 04:35:00,long,13357.652764,13398.842454,13336.307919,13398.842454,35.689689999999246,take_profit,6
2022-11-21 01:20:00,2022-11-21 01:25:00,short,13255.270739,13259.860572,13259.860572,13247.591073,-10.089832999999999,stop_loss,1
2022-11-21 01:40:00,2022-11-21 02:15:00,short,13247.319208,13219.760714000004,13261.848455,13219.760714000004,22.058493999997154,take_profit,7
2022-11-22 01:00:00,2022-11-22 01:05:00,short,13145.369216,13154.786764,13154.786764,13128.034119999997,-14.917548000001261,stop_loss,1
2022-11-22 01:35:00,2022-11-22 01:45:00,short,13148.777016,13154.502781,13154.502781,13138.825486000002,-11.225764999999228,stop_loss,2
2022-11-23 01:20:00,2022-11-23 01:45:00,long,13334.934103,13355.676999,13323.812655,13355.676999,15.242895999999746,take_profit,5
2022-11-23 03:30:00,2022-11-23 03:40:00,long,13359.356663,13373.283959000002,13351.643015,13373.283959000002,8.427296000001661,take_profit,2
2022-11-23 03:40:00,2022-11-23 04:00:00,long,13375.827693,13363.854295,13363.854295,13398.274489,-17.47339800000009,stop_loss,4
2022-11-24 01:20:00,2022-11-24 01:50:00,long,13518.955257,13510.957625,13510.957625,13533.450521,-13.497632000000522,stop_loss,6
2022-11-24 03:35:00,2022-11-24 06:00:00,long,13537.414169,13551.341464999998,13529.700521,13551.341464999998,8.427295999998023,take_profit,29
2022-11-25 01:10:00,2022-11-25 01:15:00,long,13524.918906,13517.773224,13517.773224,13537.710270000001,-12.645682000000306,stop_loss,1
2022-11-25 01:20:00,2022-11-25 01:55:00,long,13527.474755,13519.477123,13519.477123,13541.970018999997,-13.497631999998703,stop_loss,7
2022-11-25 04:25:00,2022-11-25 05:00:00,long,13479.481584,13471.767935,13471.767935,13493.408881999998,-13.21364899999935,stop_loss,7
2022-11-28 03:25:00,2022-11-28 03:50:00,short,13280.261266,13244.183273999997,13299.050262,13244.183273999997,30.57799200000227,take_profit,5
2022-11-28 04:45:00,2022-11-28 05:05:00,short,13256.406672,13266.67617,13266.67617,13237.367675999996,-15.769498000001477,stop_loss,4
2022-11-29 01:20:00,2022-11-29 02:20:00,short,13263.790237,13276.899567,13276.899567,13239.071576999997,-18.609330000001137,stop_loss,12
2022-11-29 04:05:00,2022-11-29 04:10:00,short,13240.219626,13246.513358,13246.513358,13229.132162,-11.793732000000091,stop_loss,1
2022-11-30 01:45:00,2022-11-30 01:50:00,short,13102.771727,13108.781476,13108.781476,13092.252228999998,-11.509749000000738,stop_loss,1
2022-11-30 04:00:00,2022-11-30 04:10:00,short,13128.046237,13141.155568,13141.155568,13103.327575000001,-18.609330999999656,stop_loss,2
2022-12-02 01:00:00,2022-12-02 01:05:00,long,13668.614437,13655.221123,13655.221123,13693.901065000002,-18.893314000000828,stop_loss,1
2022-12-02 04:35:00,2022-12-02 05:00:00,long,13691.617081,13686.459282,13686.459282,13700.432679000001,-10.657799000000523,stop_loss,5
2022-12-05 01:50:00,2022-12-05 02:00:00,long,13598.754554,13586.21319,13586.21319,13622.337281999997,-18.041363999998794,stop_loss,2
2022-12-05 02:15:00,2022-12-05 03:05:00,long,13603.298286,13583.089374,13583.089374,13642.21611,-25.708912000000055,stop_loss,10
2022-12-05 03:50:00,2022-12-05 04:05:00,long,13609.545918,13601.264303,13601.264303,13624.609148,-13.781614999999874,stop_loss,3
2022-12-05 04:10:00,2022-12-05 04:15:00,long,13611.249818,13604.672102,13604.672102,13622.90525,-12.077715999999782,stop_loss,1
2022-12-06 01:00:00,2022-12-06 01:35:00,short,13390.730755,13405.543985,13405.543985,13362.604295000001,-20.31322999999975,stop_loss,7
2022-12-06 04:55:00,2022-12-06 05:35:00,short,13422.252898,13434.794262,13434.794262,13398.670170000003,-18.041363999998794,stop_loss,8
2022-12-07 01:10:00,2022-12-07 01:35:00,short,13118.958773,13151.094982,13151.094982,13056.186355,-37.636209000000235,stop_loss,5
2022-12-07 01:40:00,2022-12-07 02:50:00,short,13133.441919,13146.267267,13146.267267,13109.291223000004,-18.325347999998485,stop_loss,14
2022-12-07 03:05:00,2022-12-07 03:40:00,short,13124.070472,13093.104179999998,13140.303618,13093.104179999998,25.466292000000976,take_profit,7
2022-12-07 04:20:00,2022-12-07 05:00:00,short,13087.720614,13103.385794,13103.385794,13057.890254,-21.165179999999964,stop_loss,8
2022-12-08 01:00:00,2022-12-08 01:15:00,short,13067.557802,13080.951116,13080.951116,13042.271173999998,-18.893314000000828,stop_loss,3
2022-12-08 02:30:00,2022-12-08 02:35:00,short,13094.536212,13101.113928,13101.113928,13082.880780000001,-12.077715999999782,stop_loss,1
2022-12-08 02:40:00,2022-12-08 02:55:00,short,13092.832313,13103.669777,13103.669777,13072.657385000004,-16.337463999998363,stop_loss,3
2022-12-08 04:40:00,2022-12-08 05:00:00,short,13093.968246,13107.077576,13107.077576,13069.249586000002,-18.609329999999318,stop_loss,4
2022-12-09 01:25:00,2022-12-09 02:05:00,long,13300.288145,13277.523383,13277.523383,13344.317669000002,-28.2647620000007,stop_loss,8
2022-12-09 04:05:00,2022-12-09 04:10:00,long,13268.482019,13272.753884999998,13265.596086,13272.753884999998,-1.228134000000864,take_profit,1
2022-12-12 01:15:00,2022-12-12 01:25:00,short,13123.502505,13139.167685,13139.167685,13093.672145,-21.165179999999964,stop_loss,2
2022-12-12 02:15:00,2022-12-12 02:30:00,short,13125.774371,13138.315735,13138.315735,13102.191642999998,-18.041364000000613,stop_loss,3
2022-12-12 02:40:00,2022-12-12 03:40:00,short,13141.109467,13153.082865,13153.082865,13118.662671,-17.47339800000009,stop_loss,12
2022-12-13 01:05:00,2022-12-13 01:15:00,long,13329.682077,13317.247362,13317.247362,13353.051506999998,-17.934714999999414,stop_loss,2
2022-12-13 01:25:00,2022-12-13 02:00:00,long,13323.215012,13341.523260000002,13313.310888,13341.523260000002,12.808248000001186,take_profit,7
2022-12-13 03:30:00,2022-12-13 03:40:00,long,13355.269157,13337.210908,13337.210908,13389.885655000004,-23.558249000001524,stop_loss,2
2022-12-13 04:15:00,2022-12-13 04:25:00,long,13340.647968,13362.330337999998,13329.056783,13362.330337999998,16.182369999998627,take_profit,2
2022-12-15 01:45:00,2022-12-15 02:20:00,short,13241.236119,13198.184318999998,13263.512019,13198.184318999998,37.551800000001094,take_profit,7
2022-12-15 02:35:00,2022-12-15 02:45:00,short,13189.78078,13210.088443,13210.088443,13150.665453999996,-25.807663000001412,stop_loss,2
2022-12-15 02:55:00,2022-12-15 03:15:00,short,13197.653728,13153.477219999999,13220.491982,13153.477219999999,38.67650800000047,take_profit,4
2022-12-15 04:00:00,2022-12-15 04:05:00,short,13178.533712,13170.347824,13183.376656,13170.347824,2.685887999999977,take_profit,1
2022-12-15 04:10:00,2022-12-15 04:35:00,short,13166.161937,13176.909591,13176.909591,13146.166629000003,-16.247653999998874,stop_loss,5
2022-12-16 01:40:00,2022-12-16 01:55:00,short,12866.989914,12843.620484000001,12879.424629,12843.620484000001,17.86942999999883,take_profit,3
2022-12-16 03:05:00,2022-12-16 03:55:00,short,12750.020401,12766.953944,12766.953944,12717.653314999998,-22.43354300000101,stop_loss,10
2022-12-16 04:45:00,2022-12-16 04:55:00,short,12742.709807,12755.144522,12755.144522,12719.340376999997,-17.934715000001233,stop_loss,2
2022-12-19 03:00:00,2022-12-19 03:25:00,short,12807.942804,12825.157523,12825.157523,12775.013366000001,-22.714718999999604,stop_loss,5
2022-12-19 03:30:00,2022-12-19 03:40:00,short,12810.473395,12794.414559000004,12819.252813,12794.414559000004,10.558835999996518,take_profit,2
2022-12-19 03:40:00,2022-12-19 03:50:00,short,12800.351033,12806.881037,12806.881037,12788.791025000004,-12.030003999998371,stop_loss,2
2022-12-19 03:55:00,2022-12-19 04:10:00,short,12795.289852,12807.162214,12807.162214,12773.045128,-17.372362000000066,stop_loss,3
2022-12-20 02:00:00,2022-12-20 02:10:00,short,12472.780162,12494.212532,12494.212532,12431.415421999998,-26.932370000000446,stop_loss,2
2022-12-20 02:20:00,2022-12-20 02:40:00,short,12477.560167,12490.276058,12490.276058,12453.628385,-18.21589099999983,stop_loss,4
2022-12-20 04:35:00,2022-12-20 04:50:00,short,12541.106104,12557.196116,12557.196116,12510.426080000003,-21.59001199999875,stop_loss,3
2022-12-20 04:55:00,2022-12-20 05:00:00,short,12552.915526,12562.257297,12562.257297,12535.731984000002,-14.841770999999426,stop_loss,1
2022-12-21 04:00:00,2022-12-21 04:40:00,short,12644.297957,12621.490879000003,12656.451496,12621.490879000003,17.307077999998,take_profit,8
2022-12-21 04:40:00,2022-12-21 06:10:00,short,12618.710876,12598.715565999997,12629.458531,12598.715565999997,14.495310000002064,take_profit,18
2022-12-22 01:35:00,2022-12-22 01:55:00,long,12780.543956,12770.077478,12770.077478,12799.976912,-15.96647800000028,stop_loss,4
2022-12-22 02:05:00,2022-12-22 03:15:00,long,12779.138073,12762.766884,12762.766884,12810.380450999999,-21.871188999999504,stop_loss,14
2022-12-23 01:40:00,2022-12-23 02:00:00,short,12433.696599,12443.319547,12443.319547,12415.950703000004,-15.12294799999836,stop_loss,4
2022-12-23 03:15:00,2022-12-23 03:30:00,short,12407.828342,12414.920699,12414.920699,12395.143628000002,-12.592356999999538,stop_loss,3
2022-12-23 03:35:00,2022-12-23 03:45:00,short,12408.671872,12418.29482,12418.29482,12390.925976000004,-15.12294799999836,stop_loss,2
2022-12-27 01:00:00,2022-12-27 02:00:00,short,12536.044923,12556.071409,12556.071409,12497.491950999998,-25.52648600000066,stop_loss,12
2022-12-29 04:15:00,2022-12-29 04:20:00,short,12182.605795,12190.541682,12190.541682,12168.234021,-13.435886999999639,stop_loss,1
2022-12-30 01:25:00,2022-12-30 01:40:00,short,12329.380039,12344.626521,12344.626521,12300.387074999999,-20.74648200000047,stop_loss,3
2022-12-30 01:50:00,2022-12-30 01:55:00,long,12349.218879,12346.344172,12346.344172,12353.468293000002,-8.374707000000853,stop_loss,1
2022-12-30 02:00:00,2022-12-30 03:00:00,short,12337.81534,12308.260021999997,12353.342999,12308.260021999997,24.055318000002444,take_profit,12
2022-12-30 04:20:00,2022-12-30 04:45:00,long,12361.590654,12383.273023999998,12349.999469,12383.273023999998,16.182369999998627,take_profit,5
2022-12-30 04:55:00,2022-12-30 05:00:00,long,12375.930666,12368.557132,12368.557132,12389.177734,-12.87353400000029,stop_loss,1
2023-01-03 02:25:00,2023-01-03 02:35:00,long,12470.124865,12505.303717,12451.785439,12505.303717,29.678852000000916,take_profit,2
2023-01-03 04:50:00,2023-01-03 05:00:00,long,12537.888453,12531.358449,12531.358449,12549.448461,-12.03000400000019,stop_loss,2
2023-01-04 04:05:00,2023-01-04 04:15:00,long,12392.520092,12383.178321,12383.178321,12409.703634000003,-14.841771000001245,stop_loss,2
2023-01-05 01:25:00,2023-01-05 01:30:00,short,12327.130625,12332.817099,12332.817099,12317.257677,-11.18647400000009,stop_loss,1
2023-01-05 01:45:00,2023-01-05 02:10:00,short,12313.634143,12334.785336,12334.785336,12272.831756999996,-26.651193000001513,stop_loss,5
2023-01-05 02:35:00,2023-01-05 03:00:00,short,12302.105898,12331.692392,12331.692392,12244.432909999998,-35.08649400000104,stop_loss,5
2023-01-05 04:30:00,2023-01-05 04:35:00,long,12368.620072,12377.368313999998,12363.495951,12377.368313999998,3.2482419999978447,take_profit,1
2023-01-06 01:15:00,2023-01-06 01:55:00,short,12200.038751,12172.170493000001,12214.72288,12172.170493000001,22.368257999998605,take_profit,8
2023-01-06 03:10:00,2023-01-06 04:10:00,short,12140.148111,12158.768714,12158.768714,12104.406905000002,-24.12060299999939,stop_loss,12
2023-01-06 04:50:00,2023-01-06 07:15:00,short,12148.021059,12117.903387,12163.829895,12117.903387,24.61767200000031,take_profit,29
2023-01-09 04:05:00,2023-01-09 04:15:00,long,12553.353172,12562.663765999998,12547.947875,12562.663765999998,3.810593999998673,take_profit,2
2023-01-10 01:20:00,2023-01-10 02:20:00,long,12553.353172,12577.284955999996,12540.63728,12577.284955999996,18.431783999996696,take_profit,12
2023-01-10 02:45:00,2023-01-10 02:55:00,long,12570.223775,12562.287887,12562.287887,12584.595551,-13.435887999999977,stop_loss,2
2023-01-11 02:00:00,2023-01-11 02:30:00,long,12667.229741,12651.702082,12651.702082,12696.785058999998,-21.027658999999403,stop_loss,6
2023-01-11 02:50:00,2023-01-11 03:00:00,long,12662.449737,12675.696805000001,12655.076203,12675.696805000001,7.747068000000581,take_profit,2
2023-01-11 04:05:00,2023-01-11 04:15:00,long,12731.056855,12713.560959,12713.560959,12764.548647000001,-22.995896000000357,stop_loss,2
2023-01-13 02:15:00,2023-01-13 03:20:00,long,12954.873518,12942.438803,12942.438803,12978.242948000003,-17.934715000001233,stop_loss,13
2023-01-16 04:40:00,2023-01-16 05:40:00,long,12984.959427,13025.761815,12963.808233,13025.761815,35.302388000000064,take_profit,12
2023-01-17 02:05:00,2023-01-17 02:30:00,long,13006.610033,12992.207081,12992.207081,13033.915937000002,-19.90295200000037,stop_loss,5
2023-01-17 02:35:00,2023-01-17 02:50:00,long,12996.768849,13008.891211000002,12989.957668,13008.891211000002,6.6223620000018855,take_profit,3
2023-01-17 03:00:00,2023-01-17 03:20:00,long,13010.546507,12998.392969,12998.392969,13033.353582999996,-17.65353799999866,stop_loss,4
2023-01-17 03:35:00,2023-01-17 03:55:00,long,13003.235913,12997.549439,12997.549439,13013.108861,-11.18647400000009,stop_loss,4
2023-01-17 04:15:00,2023-01-17 07:00:00,long,13008.297094,12986.021194,12986.021194,13051.348893999997,-27.775899999998728,stop_loss,33
2023-01-18 03:45:00,2023-01-18 04:30:00,long,13081.403039,13067.56244,13067.56244,13107.584237000003,-19.34059900000102,stop_loss,9
2023-01-19 01:35:00,2023-01-19 01:40:00,short,12868.114621,12874.363448,12874.363448,12857.116967000002,-11.748826999999437,stop_loss,1
2023-01-19 03:15:00,2023-01-19 04:25:00,short,12873.456978,12836.591064000002,12892.639935,12836.591064000002,31.365913999998156,take_profit,14
2023-01-20 03:00:00,2023-01-20 04:10:00,short,12810.473395,12783.167491000004,12824.876347,12783.167491000004,21.8059039999971,take_profit,14
2023-01-23 01:30:00,2023-01-23 01:40:00,long,13131.452494,13124.360136,13124.360136,13144.137209999999,-12.592357999999876,stop_loss,2
2023-01-23 02:05:00,2023-01-23 02:20:00,long,13164.068993,13139.824856,13139.824856,13211.057267000004,-29.7441370000015,stop_loss,3
2023-01-24 01:15:00,2023-01-24 01:40:00,long,13417.128034,13408.629793,13408.629793,13432.624515999998,-13.998240999999325,stop_loss,5
2023-01-24 02:20:00,2023-01-24 02:30:00,long,13408.97391,13399.913315,13399.913315,13425.595100000002,-14.56059500000083,stop_loss,2
2023-01-24 02:45:00,2023-01-24 03:00:00,long,13409.255086,13401.600375,13401.600375,13423.064507999998,-13.154710999999224,stop_loss,3
2023-01-25 01:05:00,2023-01-25 01:15:00,long,13308.312646,13316.498532,13303.469703,13316.498532,2.6858859999993,take_profit,2
2023-01-25 01:50:00,2023-01-25 02:05:00,long,13322.933836,13335.618552,13315.841478,13335.618552,7.184715999999753,take_profit,3
2023-01-26 03:05:00,2023-01-26 03:20:00,long,13451.431593,13437.590995,13437.590995,13477.612788999997,-19.340597999998863,stop_loss,3
2023-01-27 01:20:00,2023-01-27 01:55:00,long,13534.097547,13547.906968999998,13526.442836,13547.906968999998,8.309421999998449,take_profit,7
2023-01-27 02:05:00,2023-01-27 02:15:00,long,13540.845788,13527.005189,13527.005189,13567.026986000003,-19.34059900000102,stop_loss,2
2023-01-27 02:40:00,2023-01-27 02:45:00,long,13538.315198,13532.347547,13532.347547,13548.750500000002,-11.467651000000842,stop_loss,1
2023-01-27 03:15:00,2023-01-27 03:25:00,long,13535.222254,13529.816957,13529.816957,13544.532848000003,-10.905297000001156,stop_loss,2
2023-01-27 03:35:00,2023-01-27 03:40:00,long,13538.596374,13528.973426,13528.973426,13556.342270000001,-15.122948000000179,stop_loss,1
2023-01-27 04:00:00,2023-01-27 05:05:00,long,13543.095202,13559.154038,13534.315784,13559.154038,10.558836000000156,take_profit,13
2023-01-31 01:40:00,2023-01-31 01:45:00,short,13430.749223,13438.403934,13438.403934,13416.939801000002,-13.154710999999224,stop_loss,1
2023-01-31 03:15:00,2023-01-31 03:25:00,short,13394.196251,13408.318026,13408.318026,13367.452700999997,-19.621775000001435,stop_loss,2
2023-01-31 03:30:00,2023-01-31 03:35:00,short,13400.663315,13409.442733,13409.442733,13384.604479,-14.279418000000078,stop_loss,1
2023-01-31 04:55:00,2023-01-31 05:40:00,short,13368.046816,13384.136829,13384.136829,13337.366790000002,-21.59001299999909,stop_loss,9
2023-02-01 01:10:00,2023-02-01 01:55:00,long,13627.167039,13642.663520999999,13618.668798,13642.663520999999,9.99648199999865,take_profit,9
2023-02-01 02:40:00,2023-02-01 02:45:00,long,13658.940007,13649.879413,13649.879413,13675.561194999997,-14.560593999998673,stop_loss,1
2023-02-02 01:10:00,2023-02-02 01:20:00,long,14094.763913,14087.671555,14087.671555,14107.448629,-12.592357999999876,stop_loss,2
2023-02-02 03:40:00,2023-02-02 04:25:00,long,14155.216906,14143.625721,14143.625721,14176.899275999998,-17.091184999999314,stop_loss,9
2023-02-03 04:00:00,2023-02-03 04:15:00,long,14237.601683,14223.761084,14223.761084,14263.782881000003,-19.34059900000102,stop_loss,3
2023-02-06 04:15:00,2023-02-06 04:55:00,short,14034.435626,14052.775052,14052.775052,13999.256774,-23.839426000000458,stop_loss,8
2023-02-07 04:25:00,2023-02-07 04:40:00,long,14133.847476,14120.56923,14120.56923,14158.903968000004,-18.778246000001673,stop_loss,3
2023-02-08 01:55:00,2023-02-08 02:00:00,long,14373.410035,14364.068264,14364.068264,14390.593577000003,-14.841771000001245,stop_loss,1
2023-02-08 02:50:00,2023-02-08 03:10:00,long,14329.827645,14361.632377,14313.175279,14361.632377,26.304732000000513,take_profit,4
2023-02-08 03:25:00,2023-02-08 03:30:00,long,14356.258256,14343.542364,14343.542364,14380.190039999996,-18.215891999998348,stop_loss,1
2023-02-08 03:55:00,2023-02-08 04:05:00,long,14346.135894,14322.735287,14322.735287,14391.437107999998,-28.90060699999958,stop_loss,2
2023-02-09 04:20:00,2023-02-09 04:45:00,long,14273.873479,14286.558195,14266.781121,14286.558195,7.184715999999753,take_profit,5
2023-02-10 03:15:00,2023-02-10 03:20:00,short,13942.209664,13954.644379,13954.644379,13918.840234000001,-17.934714999999414,stop_loss,1
2023-02-10 04:40:00,2023-02-10 04:45:00,short,13846.890759,13860.169004,13860.169004,13821.834269,-18.778244999999515,stop_loss,1
2023-02-10 04:50:00,2023-02-10 04:55:00,short,13849.140172,13862.699594,13862.699594,13823.521327999999,-19.059422000000268,stop_loss,1
2023-02-13 01:35:00,2023-02-13 01:50:00,short,13854.201353,13859.887827,13859.887827,13844.328405,-11.18647400000009,stop_loss,3
2023-02-13 02:00:00,2023-02-13 02:35:00,short,13855.607237,13875.9149,13875.9149,13816.491911000001,-25.807662999999593,stop_loss,7
2023-02-13 04:15:00,2023-02-13 04:25:00,short,13903.969631,13918.934937,13918.934937,13875.539019,-20.465306000000055,stop_loss,2
2023-02-14 01:10:00,2023-02-14 01:25:00,long,14094.763913,14104.636861,14089.077439,14104.636861,4.372948000000179,take_profit,3
2023-02-14 01:45:00,2023-02-14 02:00:00,long,14113.602752,14106.229218,14106.229218,14126.849820000001,-12.87353400000029,stop_loss,3
2023-02-14 03:25:00,2023-02-14 03:50:00,long,14107.135688,14121.507464,14099.1998,14121.507464,8.871775999999954,take_profit,5
2023-02-14 04:05:00,2023-02-14 04:40:00,long,14132.722769,14158.341613,14119.163347,14158.341613,20.118844000000536,take_profit,7
2023-02-14 04:40:00,2023-02-14 04:50:00,long,14157.466319,14154.310436,14154.310436,14162.278084999998,-8.655882999999449,stop_loss,2
2023-02-15 01:40:00,2023-02-15 01:45:00,long,14113.040399,14121.788640999997,14107.916278,14121.788640999997,3.2482419999978447,take_profit,1
2023-02-15 02:15:00,2023-02-15 03:00:00,long,14117.539226,14160.028672000004,14095.544503,14160.028672000004,36.98944600000323,take_profit,9
2023-02-15 03:00:00,2023-02-15 03:15:00,long,14160.278087,14139.689247,14139.689247,14199.955767000001,-26.088840000000346,stop_loss,3
2023-02-15 03:20:00,2023-02-15 03:35:00,long,14145.938074,14158.622787999999,14138.845717,14158.622787999999,7.184713999999076,take_profit,3
2023-02-16 01:15:00,2023-02-16 01:20:00,long,14350.634721,14359.382961000001,14345.510601,14359.382961000001,3.2482400000008056,take_profit,1
2023-02-17 03:00:00,2023-02-17 03:05:00,short,13908.187282,13919.216114,13919.216114,13887.629618,-16.528831999999966,stop_loss,1
2023-02-20 02:00:00,2023-02-20 05:25:00,short,13922.246118,13938.33613,13938.33613,13891.566093999998,-21.59001200000057,stop_loss,41
2023-02-21 02:15:00,2023-02-21 02:40:00,short,13837.611927,13805.807195,13854.264293,13805.807195,26.304732000000513,take_profit,5
2023-02-21 02:40:00,2023-02-21 02:45:00,short,13805.838958,13789.217768000002,13814.899553,13789.217768000002,11.121189999998023,take_profit,1
2023-02-21 02:45:00,2023-02-21 03:40:00,short,13768.161279,13807.588958,13807.588958,13690.805921,-44.92767900000035,stop_loss,11
2023-02-21 04:15:00,2023-02-21 04:20:00,short,13806.963665,13814.899553,13814.899553,13792.591889,-13.435887999999977,stop_loss,1
2023-02-21 04:35:00,2023-02-21 04:50:00,short,13811.462493,13817.430143,13817.430143,13801.027193000004,-11.467649999998685,stop_loss,3
2023-02-22 01:05:00,2023-02-22 01:20:00,short,13619.137621,13638.882931,13638.882931,13581.147001,-25.245310000000245,stop_loss,3
2023-02-22 03:15:00,2023-02-22 03:20:00,short,13614.357617,13623.699388,13623.699388,13597.174074999997,-14.841771000001245,stop_loss,1
2023-02-22 04:05:00,2023-02-22 04:45:00,short,13608.171729,13624.261742,13624.261742,13577.491702999998,-21.59001300000091,stop_loss,8
2023-02-23 01:15:00,2023-02-23 02:15:00,short,13706.864756,13716.206527,13716.206527,13689.681214000002,-14.841770999999426,stop_loss,12
2023-02-23 04:20:00,2023-02-23 04:40:00,short,13703.490635,13691.368273000002,13710.301816,13691.368273000002,6.6223619999982475,take_profit,4
2023-02-24 01:00:00,2023-02-24 02:00:00,short,13686.620032,13663.812954000003,13698.773571,13663.812954000003,17.307077999998,take_profit,12
2023-02-24 02:45:00,2023-02-24 03:10:00,short,13652.59765,13662.782951,13662.782951,13633.727048,-15.685300999999527,stop_loss,5
2023-02-24 04:10:00,2023-02-24 05:40:00,short,13630.38469,13598.579960000001,13647.037055,13598.579960000001,26.304729999999836,take_profit,18
2023-02-27 04:15:00,2023-02-27 07:20:00,short,13567.401106,13585.459355,13585.459355,13532.784607999996,-23.558249000001524,stop_loss,37
2023-02-28 01:05:00,2023-02-28 02:00:00,short,13580.616411,13539.251671000004,13602.048781,13539.251671000004,35.864739999997255,take_profit,11
2023-02-28 02:30:00,2023-02-28 02:50:00,short,13541.251672,13555.654624,13555.654624,13513.945768,-19.90295200000037,stop_loss,4
2023-03-01 01:40:00,2023-03-01 02:00:00,long,13617.607031,13604.891139,13604.891139,13641.538815,-18.215892000000167,stop_loss,4
2023-03-01 02:10:00,2023-03-01 02:30:00,long,13625.761155,13602.641725,13602.641725,13670.500015000001,-28.619430000000648,stop_loss,4
2023-03-01 03:30:00,2023-03-01 03:45:00,long,13623.230565,13612.764087,13612.764087,13642.663521,-15.96647800000028,stop_loss,3
2023-03-01 03:55:00,2023-03-01 04:05:00,long,13629.697629,13618.387621,13618.387621,13650.817645000001,-16.81000800000038,stop_loss,2
2023-03-02 01:15:00,2023-03-02 01:30:00,short,13350.332684,13332.024436000003,13360.236808,13332.024436000003,12.808247999997548,take_profit,3
2023-03-03 02:15:00,2023-03-03 02:30:00,long,13546.188146,13561.122276000002,13537.971081,13561.122276000002,9.43413000000146,take_profit,3
2023-03-03 03:00:00,2023-03-03 05:15:00,long,13584.428179,13619.044679,13566.369929,13619.044679,29.116500000000087,take_profit,27
2023-03-06 04:50:00,2023-03-06 05:00:00,long,13867.010775,13855.700767,13855.700767,13888.130791000001,-16.81000800000038,stop_loss,2
2023-03-07 02:20:00,2023-03-07 08:00:00,long,13895.971976,13879.319611,13879.319611,13927.776706,-22.152364999999918,stop_loss,68
2023-03-08 01:20:00,2023-03-08 01:25:00,short,13677.903554,13682.184144,13682.184144,13670.842374,-9.780590000000302,stop_loss,1
2023-03-08 01:30:00,2023-03-08 01:35:00,short,13672.28002,13682.465321,13682.465321,13653.409418000001,-15.685300999999527,stop_loss,1
2023-03-08 01:40:00,2023-03-08 02:00:00,short,13672.28002,13684.433558,13684.433558,13649.472944,-17.65353800000048,stop_loss,4
2023-03-08 03:10:00,2023-03-08 03:55:00,short,13690.275329,13699.335924,13699.335924,13673.654138999998,-14.56059500000083,stop_loss,9
2023-03-08 04:05:00,2023-03-08 04:30:00,short,13695.055334,13702.991221,13702.991221,13680.683560000001,-13.435886999999639,stop_loss,5
2023-03-09 02:40:00,2023-03-09 03:10:00,short,13696.742394,13678.996498000004,13706.365342,13678.996498000004,12.24589599999672,take_profit,6
2023-03-10 01:10:00,2023-03-10 01:20:00,short,13434.685697,13446.276882,13446.276882,13413.003327000002,-17.091184999999314,stop_loss,2
2023-03-10 04:35:00,2023-03-10 04:40:00,short,13492.326924,13506.448699,13506.448699,13465.583374000002,-19.621774999999616,stop_loss,1
2023-03-13 01:40:00,2023-03-13 02:00:00,long,13579.366998,13564.401692,13564.401692,13607.79761,-20.465306000000055,stop_loss,4
2023-03-13 02:00:00,2023-03-13 03:05:00,short,13562.902278,13505.229288,13592.488773,13505.229288,52.17298999999912,take_profit,13
2023-03-13 03:15:00,2023-03-13 03:40:00,short,13522.694009,13467.832787000001,13550.87462,13467.832787000001,49.36122199999954,take_profit,5
2023-03-13 03:45:00,2023-03-13 03:50:00,short,13450.431593,13409.066852999998,13471.863963,13409.066852999998,35.86474000000089,take_profit,1
2023-03-13 04:55:00,2023-03-13 05:00:00,short,13383.511536,13408.599203,13408.599203,13334.836202,-30.587666999999783,stop_loss,1
2023-03-14 01:40:00,2023-03-14 01:55:00,short,13441.010206,13460.016105,13460.016105,13404.498408000001,-24.505898999999772,stop_loss,3
2023-03-14 03:00:00,2023-03-14 03:05:00,short,13447.133267,13477.550324,13477.550324,13387.799152999998,-35.91705700000057,stop_loss,1
2023-03-14 03:15:00,2023-03-14 03:25:00,short,13460.492672,13488.961483,13488.961483,13405.055050000003,-33.96881099999882,stop_loss,2
2023-03-14 04:40:00,2023-03-14 05:15:00,short,13472.738794,13451.256328000003,13484.230027,13451.256328000003,15.982465999997657,take_profit,7
2023-03-15 01:40:00,2023-03-15 01:55:00,long,13754.842952,13766.305864000004,13748.361496,13766.305864000004,5.962912000002689,take_profit,3
2023-03-16 03:25:00,2023-03-16 04:05:00,long,13843.349013,13819.333338,13819.333338,13889.880362999997,-29.515674999998737,stop_loss,8
2023-03-17 02:30:00,2023-03-17 03:00:00,long,14189.580273,14181.428891,14181.428891,14204.383037,-13.651382000000012,stop_loss,6
2023-03-17 03:05:00,2023-03-17 03:45:00,long,14189.858594,14177.532398,14177.532398,14213.010986,-17.82619599999998,stop_loss,8
2023-03-20 02:50:00,2023-03-20 02:55:00,long,14000.600349,14023.196099,13988.552474,14023.196099,17.095750000000407,take_profit,1
2023-03-20 02:55:00,2023-03-20 03:10:00,long,14018.41289,13996.623782,13996.623782,14060.491105999998,-27.289107999999032,stop_loss,3
2023-03-20 03:35:00,2023-03-20 05:05:00,long,14019.247853,14103.630855000003,13976.306352,14103.630855000003,78.8830020000023,take_profit,18
2023-03-21 02:15:00,2023-03-21 02:40:00,long,14152.841908,14175.437658,14140.794033,14175.437658,17.095750000000407,take_profit,5
2023-03-21 03:15:00,2023-03-21 03:30:00,long,14169.541165,14160.833141,14160.833141,14185.457213000003,-14.208024000001387,stop_loss,3
2023-03-22 04:55:00,2023-03-22 05:05:00,long,14293.672308,14287.469173,14287.469173,14304.578577999999,-11.703134999999747,stop_loss,2
2023-03-23 01:15:00,2023-03-23 02:15:00,long,14236.616514,14256.429055999999,14225.960243,14256.429055999999,14.312541999999667,take_profit,12
2023-03-23 02:45:00,2023-03-23 02:55:00,long,14269.458386,14258.523794,14258.523794,14289.82757,-16.43459199999961,stop_loss,2
2023-03-23 03:40:00,2023-03-23 04:25:00,long,14297.29048,14278.006261,14278.006261,14334.358917999998,-24.78421899999921,stop_loss,9
2023-03-24 02:25:00,2023-03-24 02:30:00,long,14336.255413,14356.067953000003,14325.599143,14356.067953000003,14.312540000002627,take_profit,1
2023-03-24 03:20:00,2023-03-24 03:40:00,long,14334.863808,14307.22996,14307.22996,14388.631503999999,-33.13384799999949,stop_loss,4
2023-03-27 01:25:00,2023-03-27 01:30:00,long,14420.586661,14411.600316,14411.600316,14437.059350999998,-14.486344999999346,stop_loss,1
2023-03-28 02:40:00,2023-03-28 02:50:00,short,14237.008118,14214.412368,14249.055993,14214.412368,17.095750000000407,take_profit,2
2023-03-28 03:00:00,2023-03-28 03:05:00,short,14200.826395,14209.81274,14209.81274,14184.353705000001,-14.486344999999346,stop_loss,1
2023-03-28 03:35:00,2023-03-28 03:50:00,short,14201.661358,14212.317628,14212.317628,14181.848817999997,-16.156270000001314,stop_loss,3
2023-03-29 01:20:00,2023-03-29 01:25:00,short,14252.872412,14259.632189,14259.632189,14240.852858000002,-12.259776999999303,stop_loss,1
2023-03-29 01:25:00,2023-03-29 02:00:00,long,14259.995473,14275.354879000004,14251.56577,14275.354879000004,9.859406000003219,take_profit,7
2023-03-29 03:30:00,2023-03-29 03:40:00,long,14300.908653,14296.097122,14296.097122,14309.031715000003,-10.311531000001196,stop_loss,2
2023-03-29 03:55:00,2023-03-29 04:10:00,long,14294.785592,14307.918430000002,14287.469173,14307.918430000002,7.632838000001357,take_profit,3
2023-03-29 04:25:00,2023-03-29 04:30:00,long,14308.423318,14305.281714,14305.281714,14313.206525999996,-8.641603999998551,stop_loss,1
2023-03-29 04:45:00,2023-03-29 05:00:00,long,14309.258281,14301.941862,14301.941862,14322.391119000002,-12.816419000000678,stop_loss,3
2023-03-30 02:10:00,2023-03-30 05:35:00,long,14464.004728,14497.733315999998,14446.390434,14497.733315999998,28.228587999998126,take_profit,41
2023-03-31 02:40:00,2023-03-31 02:45:00,long,14576.446392,14570.243256,14570.243256,14587.352664,-11.703136000000086,stop_loss,1
2023-03-31 02:55:00,2023-03-31 03:15:00,long,14578.672959,14563.285233,14563.285233,14607.948410999998,-20.88772599999902,stop_loss,4
2023-04-03 01:15:00,2023-04-03 01:20:00,long,14722.008248,14715.248471,14715.248471,14734.027801999999,-12.259776999999303,stop_loss,1
2023-04-03 02:55:00,2023-04-03 03:00:00,long,14742.047356,14729.999481,14729.999481,14764.643105999996,-17.547874999998385,stop_loss,1
2023-04-04 01:10:00,2023-04-04 01:50:00,long,14745.108886,14759.355006,14737.235826,14759.355006,8.746119999999792,take_profit,8
2023-04-04 01:50:00,2023-04-04 02:10:00,long,14759.859897,14747.533701,14747.533701,14783.012289,-17.82619599999998,stop_loss,4
2023-04-04 03:45:00,2023-04-04 03:55:00,long,14763.199748,14773.549376000004,14757.274934,14773.549376000004,4.849628000003577,take_profit,2
2023-04-05 04:05:00,2023-04-05 04:20:00,long,14693.34119,14685.74645,14685.74645,14707.030669999996,-13.094739999998637,stop_loss,3
2023-04-05 04:45:00,2023-04-05 04:50:00,long,14688.053092,14683.519883,14683.519883,14695.619509999999,-10.03320899999926,stop_loss,1
2023-04-06 04:40:00,2023-04-06 04:55:00,short,14515.607388,14481.322158000003,14533.500003,14481.322158000003,28.785229999997682,take_profit,3
2023-04-07 01:10:00,2023-04-07 01:30:00,long,14652.14969,14659.159468,14647.894801,14659.159468,1.509777999999642,take_profit,4
2023-04-07 01:35:00,2023-04-07 01:55:00,long,14662.169244,14658.470997,14658.470997,14668.065738000001,-9.198247000000265,stop_loss,4
2023-04-07 03:20:00,2023-04-07 03:25:00,long,14656.324504,14661.107714000002,14653.182899,14661.107714000002,-0.7167899999985821,take_profit,1
2023-04-07 03:25:00,2023-04-07 05:15:00,long,14661.334281,14654.852825,14654.852825,14672.797192999999,-11.981455999999525,stop_loss,22
2023-04-10 02:25:00,2023-04-10 02:50:00,short,14605.226733,14614.491399,14614.491399,14588.197400999998,-14.764666000000943,stop_loss,5
2023-04-11 02:00:00,2023-04-11 02:05:00,long,14659.386034,14645.946554,14645.946554,14684.764993999997,-18.939479999999094,stop_loss,1
2023-04-11 02:25:00,2023-04-11 02:40:00,long,14663.282528,14654.296183,14654.296183,14679.755217999998,-14.486344999999346,stop_loss,3
2023-04-11 02:50:00,2023-04-11 03:00:00,long,14657.99443,14665.560850000003,14653.46122,14665.560850000003,2.066420000002836,take_profit,2
2023-04-11 03:00:00,2023-04-11 04:40:00,long,14669.683909,14699.516002999997,14654.017862,14699.516002999997,24.332093999997596,take_profit,20
2023-04-12 01:00:00,2023-04-12 01:25:00,short,14552.345753,14536.429705,14561.053777,14536.429705,10.416047999999137,take_profit,5
2023-04-12 02:10:00,2023-04-12 02:15:00,short,14532.306645,14538.231459,14538.231459,14521.957017,-11.42481399999997,stop_loss,1
2023-04-12 03:50:00,2023-04-12 03:55:00,short,14559.860419,14552.294001000002,14564.393628,14552.294001000002,2.066417999998521,take_profit,1
2023-04-13 01:10:00,2023-04-13 01:15:00,short,14440.739053,14446.107225,14446.107225,14431.502708999999,-10.868172000000413,stop_loss,1
2023-04-13 03:05:00,2023-04-13 04:15:00,short,14456.046705,14470.599468,14470.599468,14428.441179000001,-20.052762999999686,stop_loss,14
2023-04-14 01:10:00,2023-04-14 01:45:00,long,14690.27966,14684.633166,14684.633166,14700.072648000001,-11.14649400000053,stop_loss,7
2023-04-17 01:25:00,2023-04-17 02:30:00,long,14688.053092,14712.875409999999,14674.891933,14712.875409999999,19.32231799999863,take_profit,13
2023-04-18 01:50:00,2023-04-18 02:05:00,long,14686.383166,14679.066747,14679.066747,14699.516003999997,-12.81641899999886,stop_loss,3
2023-04-18 02:10:00,2023-04-18 03:00:00,long,14682.486673,14700.072646999997,14672.943686,14700.072646999997,12.085973999997805,take_profit,10
2023-04-18 03:40:00,2023-04-18 04:30:00,long,14745.943849,14772.992733,14731.669407,14772.992733,21.548883999999816,take_profit,10
2023-04-18 04:50:00,2023-04-18 04:55:00,long,14779.064042,14773.69587,14773.69587,14788.300386,-10.868172000000413,stop_loss,1
2023-04-19 01:05:00,2023-04-19 01:25:00,short,14630.553939,14602.391769,14645.385024,14602.391769,22.662169999999605,take_profit,4
2023-04-19 02:40:00,2023-04-19 02:50:00,short,14601.051919,14608.92498,14608.92498,14586.805796999999,-13.373061000000234,stop_loss,2
2023-04-19 03:05:00,2023-04-19 04:05:00,short,14610.514831,14573.446391000001,14629.799051,14573.446391000001,31.5684399999991,take_profit,12
2023-04-19 04:25:00,2023-04-19 06:30:00,short,14572.663182,14588.050909,14588.050909,14543.387728000002,-20.88772699999936,stop_loss,25
2023-04-20 02:00:00,2023-04-20 02:30:00,short,14606.618338,14577.899528000002,14621.727743,14577.899528000002,23.218809999998484,take_profit,6
2023-04-20 02:35:00,2023-04-20 03:05:00,short,14557.633851,14533.368175000001,14570.516689,14533.368175000001,18.765675999999075,take_profit,6
2023-04-20 04:35:00,2023-04-20 05:05:00,short,14521.173807,14529.325189,14529.325189,14506.371043,-13.651382000000012,stop_loss,6
2023-04-21 01:30:00,2023-04-21 02:30:00,short,14547.892618,14520.287092,14562.445381,14520.287092,22.105525999999372,take_profit,12
2023-04-21 03:45:00,2023-04-21 03:50:00,short,14551.232469,14558.827209,14558.827209,14537.542989000003,-13.094739999998637,stop_loss,1
2023-04-21 04:30:00,2023-04-21 04:35:00,short,14550.397506,14557.435604,14557.435604,14537.821309999998,-12.5380980000009,stop_loss,1
2023-04-21 04:55:00,2023-04-21 05:25:00,short,14548.44926,14526.410151999999,14560.218814,14526.410151999999,16.53910800000085,take_profit,6
2023-04-25 02:00:00,2023-04-25 03:20:00,short,14477.199097,14435.677523000002,14498.709884,14435.677523000002,36.02157399999851,take_profit,16
2023-04-25 04:00:00,2023-04-25 04:15:00,short,14458.829914,14468.372901,14468.372901,14441.243939999998,-15.042987000000721,stop_loss,3
2023-04-25 04:25:00,2023-04-25 04:30:00,short,14468.292826,14472.547715,14472.547715,14461.283048000001,-9.754888999999821,stop_loss,1
2023-04-26 01:45:00,2023-04-26 01:55:00,short,14440.460732,14447.220509,14447.220509,14428.441177999997,-12.259777000001122,stop_loss,2
2023-04-26 02:00:00,2023-04-26 05:50:00,short,14432.667745,14400.052441000002,14449.725397,14400.052441000002,27.115303999999014,take_profit,46
2023-04-27 03:35:00,2023-04-27 04:00:00,short,14457.994951,14468.09458,14468.09458,14439.295693,-15.599629000000277,stop_loss,5
2023-04-27 04:50:00,2023-04-27 05:00:00,short,14463.839691,14450.150210999998,14471.434431,14450.150210999998,8.189480000000913,take_profit,2
2023-04-28 03:15:00,2023-04-28 03:25:00,long,14697.237683,14681.849957,14681.849957,14726.513134999997,-20.88772599999902,stop_loss,2
2023-04-28 04:40:00,2023-04-28 04:45:00,long,14686.939808,14679.345068,14679.345068,14700.629287999996,-13.094739999998637,stop_loss,1
2023-05-01 01:05:00,2023-05-01 01:40:00,long,14848.9226,14863.725364,14840.771218,14863.725364,9.302764000000025,take_profit,7
2023-05-01 02:05:00,2023-05-01 02:25:00,long,14867.848425,14859.697043,14859.697043,14882.651189,-13.651382000000012,stop_loss,4
2023-05-01 04:20:00,2023-05-01 04:25:00,long,14839.738009,14836.596404,14836.596404,14844.521219000002,-8.641605000000709,stop_loss,1
2023-05-01 04:30:00,2023-05-01 04:40:00,long,14840.851293,14832.143269,14832.143269,14856.767340999999,-14.208023999999568,stop_loss,2
2023-05-02 01:20:00,2023-05-02 01:50:00,long,14819.698901,14834.501665,14811.547519,14834.501665,9.302764000000025,take_profit,6
2023-05-02 03:35:00,2023-05-02 03:50:00,long,14820.533863,14812.939124,14812.939124,14834.223341,-13.094739000000118,stop_loss,3
2023-05-03 01:00:00,2023-05-03 01:50:00,short,14678.703464,14687.689808,14687.689808,14662.230776000002,-14.486343999999008,stop_loss,10
2023-05-03 03:10:00,2023-05-03 03:35:00,short,14680.095068,14693.812869,14693.812869,14654.159466000003,-19.21780099999887,stop_loss,5
2023-05-04 01:00:00,2023-05-04 01:20:00,short,14642.52174,14621.039273999999,14654.012973,14621.039273999999,15.982466000001295,take_profit,4
2023-05-04 02:00:00,2023-05-04 02:25:00,short,14621.92599,14592.093895999998,14637.592037,14592.093895999998,24.332094000001234,take_profit,5
2023-05-04 03:05:00,2023-05-04 03:20:00,short,14618.307818,14630.634014,14630.634014,14595.155426,-17.82619599999998,stop_loss,3
2023-05-04 03:25:00,2023-05-04 04:30:00,short,14624.430879,14606.288265,14634.252186,14606.288265,12.642614000000322,take_profit,13
2023-05-05 01:20:00,2023-05-05 01:45:00,short,14579.899527,14589.720834,14589.720834,14561.756913,-15.32130700000016,stop_loss,5
2023-05-05 02:30:00,2023-05-05 02:50:00,short,14569.879973,14588.32923,14588.32923,14534.481458999999,-23.949257000000216,stop_loss,4
2023-05-05 03:15:00,2023-05-05 03:20:00,short,14578.229601,14567.323330999996,14584.432736,14567.323330999996,5.406270000003133,take_profit,1
2023-05-08 01:25:00,2023-05-08 02:00:00,long,14826.378603,14821.845394,14821.845394,14833.945020999998,-10.03320899999926,stop_loss,7
2023-05-08 02:05:00,2023-05-08 03:00:00,long,14835.006553,14821.288752,14821.288752,14860.942154999997,-19.21780099999887,stop_loss,11
2023-05-10 01:50:00,2023-05-10 02:05:00,long,14786.857029,14780.653894,14780.653894,14797.763299000004,-11.703135000001566,stop_loss,3
2023-05-10 02:10:00,2023-05-10 02:20:00,long,14784.908782,14779.262289,14779.262289,14794.701768,-11.146493000000191,stop_loss,2
2023-05-11 01:25:00,2023-05-11 01:30:00,long,14961.642584,14953.491203,14953.491203,14976.445345999999,-13.651380999999674,stop_loss,1
2023-05-11 02:00:00,2023-05-11 06:15:00,long,14961.364263,14937.626908,14937.626908,15007.338972999998,-29.237354999999297,stop_loss,51
2023-05-12 02:30:00,2023-05-12 02:45:00,long,15002.555764,14995.517666,14995.517666,15015.131960000002,-12.5380980000009,stop_loss,3
2023-05-12 03:10:00,2023-05-12 03:20:00,long,15000.329196,15011.792108000003,14993.84774,15011.792108000003,5.962912000002689,take_profit,2
2023-05-12 03:50:00,2023-05-12 03:55:00,long,15003.947368,15010.400501999999,14999.970801,15010.400501999999,0.9531339999994088,take_profit,1
2023-05-12 04:35:00,2023-05-12 04:40:00,long,15015.915169,15012.773565,15012.773565,15020.698377,-8.64160400000037,stop_loss,1
2023-05-15 01:55:00,2023-05-15 05:05:00,long,14955.797844,14941.523402,14941.523402,14982.846728,-19.774441999999908,stop_loss,38
2023-05-16 02:05:00,2023-05-16 02:35:00,long,14976.671916,15009.843863999999,14959.335942,15009.843863999999,27.671947999999247,take_profit,6
2023-05-17 01:30:00,2023-05-17 01:55:00,long,15037.624203,15030.586105,15030.586105,15050.200398999998,-12.538097999999081,stop_loss,5
2023-05-17 03:55:00,2023-05-17 04:10:00,long,15037.624203,15029.751142,15029.751142,15051.870325,-13.373061000000234,stop_loss,3
2023-05-18 02:05:00,2023-05-18 02:10:00,long,15189.30912,15198.545464,15183.940948,15198.545464,3.736344000000827,take_profit,1
2023-05-18 02:25:00,2023-05-18 05:45:00,long,15202.946847,15227.769164999998,15189.785688,15227.769164999998,19.32231799999863,take_profit,40
2023-05-19 02:30:00,2023-05-19 03:35:00,long,15480.989474,15501.915298000002,15469.776562,15501.915298000002,15.42582400000174,take_profit,13
2023-05-19 03:45:00,2023-05-19 04:20:00,long,15500.750261,15490.650633,15490.650633,15519.449517,-15.599627999999939,stop_loss,7
2023-05-22 02:05:00,2023-05-22 02:15:00,long,15446.199356,15429.420024,15429.420024,15478.25802,-22.279332000000068,stop_loss,2
2023-05-22 02:25:00,2023-05-22 02:30:00,long,15440.911258,15429.420024,15429.420024,15462.393726000002,-16.991234000000986,stop_loss,1
2023-05-22 02:40:00,2023-05-22 03:05:00,long,15439.797974,15429.420024,15429.420024,15459.053874,-15.877950000000055,stop_loss,5
2023-05-22 03:20:00,2023-05-22 03:50:00,long,15437.849727,15430.811629,15430.811629,15450.425923000003,-12.5380980000009,stop_loss,6
2023-05-24 02:15:00,2023-05-24 04:00:00,short,15261.50753,15281.07007,15281.07007,15223.882450000003,-25.06253999999899,stop_loss,21
2023-05-25 01:05:00,2023-05-25 01:25:00,long,15408.626028,15432.335062,15396.021511,15432.335062,18.20903399999952,take_profit,4
2023-05-26 01:05:00,2023-05-26 01:15:00,long,15545.838255,15558.414451000002,15538.800157,15558.414451000002,7.076196000001801,take_profit,2
2023-05-26 01:40:00,2023-05-26 02:00:00,long,15574.226992,15562.457438,15562.457438,15596.2661,-17.269554000000426,stop_loss,4
2023-05-26 02:10:00,2023-05-26 02:25:00,long,15565.599042,15547.149786,15547.149786,15600.997554,-23.949255999999878,stop_loss,3
2023-05-26 03:40:00,2023-05-26 04:10:00,long,15569.773857,15558.560944,15558.560944,15590.699682999999,-16.71291299999939,stop_loss,6
2023-05-26 04:15:00,2023-05-26 05:05:00,long,15562.537512,15554.107809,15554.107809,15577.896918000004,-13.92970300000161,stop_loss,10
2023-05-29 01:55:00,2023-05-29 02:00:00,long,16060.73201,16053.693912,16053.693912,16073.308205999998,-12.538097999999081,stop_loss,1
2023-05-30 01:00:00,2023-05-30 02:45:00,long,16038.188013,16067.463467000003,16022.800286,16067.463467000003,23.775454000002355,take_profit,21
2023-05-30 03:10:00,2023-05-30 03:15:00,long,16091.347314,16112.273138000002,16080.134402,16112.273138000002,15.42582400000174,take_profit,1
2023-05-30 03:30:00,2023-05-30 04:45:00,long,16115.282916,16150.124788000001,16097.11198,16150.124788000001,29.341872000000876,take_profit,15
2023-05-31 01:35:00,2023-05-31 01:45:00,long,15969.442739,15975.895875,15965.466171,15975.895875,0.9531360000000859,take_profit,2
2023-05-31 02:05:00,2023-05-31 04:40:00,long,15976.400762,16015.139125999996,15956.28158,16015.139125999996,33.23836399999709,take_profit,31
2023-06-01 01:05:00,2023-06-01 02:00:00,long,15920.736573,15905.905488,15905.905488,15948.898743,-20.331084999999803,stop_loss,11
2023-06-01 03:50:00,2023-06-01 04:00:00,long,15932.704373,15929.284448,15929.284448,15938.044223,-8.919925000000148,stop_loss,2
2023-06-02 01:40:00,2023-06-02 02:05:00,long,16160.927551,16149.714639,16149.714639,16181.853375000002,-16.71291200000087,stop_loss,5
2023-06-02 02:15:00,2023-06-02 04:10:00,long,16159.257626,16198.552634000001,16138.860122,16198.552634000001,33.79500800000096,take_profit,23
2023-06-06 01:25:00,2023-06-06 01:35:00,long,16239.69238,16232.932603,16232.932603,16251.711934000003,-12.259777000001122,stop_loss,2
2023-06-06 02:00:00,2023-06-06 02:25:00,long,16235.239244,16264.514696000002,16219.851518,16264.514696000002,23.77545200000168,take_profit,5
2023-06-07 04:40:00,2023-06-07 05:05:00,long,16212.695248,16221.931594000001,16207.327075,16221.931594000001,3.736346000001504,take_profit,5
2023-06-08 01:40:00,2023-06-08 01:45:00,short,15880.493319,15891.984552,15891.984552,15859.010852999998,-16.991233000000648,stop_loss,1
2023-06-08 01:55:00,2023-06-08 02:00:00,short,15884.111491,15892.262873,15892.262873,15869.308727,-13.651382000000012,stop_loss,1
2023-06-09 01:05:00,2023-06-09 02:10:00,long,16139.496838,16128.283926,16128.283926,16160.422661999997,-16.71291199999905,stop_loss,13
2023-06-09 04:25:00,2023-06-09 04:35:00,long,16161.484193,16145.539825,16145.539825,16191.872929000001,-21.444368000000395,stop_loss,2
2023-06-12 01:05:00,2023-06-12 01:20:00,long,16252.335645,16262.035590999996,16246.735672,16262.035590999996,4.199945999996999,take_profit,3
2023-06-12 01:55:00,2023-06-12 02:10:00,long,16269.110527,16261.035571,16261.035571,16283.760439000001,-13.574956000000384,stop_loss,3
2023-06-12 03:00:00,2023-06-12 03:05:00,long,16283.410426,16280.010438,16280.010438,16288.710402000002,-8.89998800000103,stop_loss,1
2023-06-12 03:20:00,2023-06-12 04:00:00,long,16285.610411,16303.010302999997,16276.160465,16303.010302999997,11.899891999997635,take_profit,8
2023-06-13 01:15:00,2023-06-13 01:20:00,long,16562.533462,16572.233408,16556.933489,16572.233408,4.199946000000637,take_profit,1
2023-06-13 03:20:00,2023-06-13 04:20:00,long,16583.708313,16569.5834,16569.5834,16610.458139,-19.62491299999965,stop_loss,12
2023-06-14 02:05:00,2023-06-14 02:15:00,long,16608.458139,16636.857952999995,16593.508232,16636.857952999995,22.899813999996695,take_profit,2
2023-06-14 02:35:00,2023-06-14 04:10:00,long,16646.957868,16635.582936,16635.582936,16668.207732000006,-16.874932000002445,stop_loss,19
2023-06-15 02:25:00,2023-06-15 02:40:00,long,16686.282591,16680.40762,16680.40762,16696.532532999994,-11.374970999997458,stop_loss,3
2023-06-16 01:10:00,2023-06-16 02:00:00,long,16900.781082,16888.581156,16888.581156,16923.680934000004,-17.699926000001142,stop_loss,10
2023-06-19 01:10:00,2023-06-19 01:30:00,long,16814.706688,16806.081736,16806.081736,16830.456591999995,-14.124951999998302,stop_loss,4
2023-06-19 01:35:00,2023-06-19 02:00:00,long,16814.43169,16804.981744,16804.981744,16831.831582000003,-14.949946000000637,stop_loss,5
2023-06-19 02:05:00,2023-06-19 03:00:00,long,16815.256684,16798.931786,16798.931786,16846.406479999998,-21.82489799999894,stop_loss,11
2023-06-19 04:20:00,2023-06-19 05:05:00,long,16797.656808,16787.656866,16787.656866,16816.156691999997,-15.499941999998555,stop_loss,9
2023-06-20 01:05:00,2023-06-20 01:15:00,short,16745.23217,16751.932135,16751.932135,16733.33224,-12.199964999999793,stop_loss,2
2023-06-20 01:15:00,2023-06-20 02:00:00,long,16760.257071,16743.657175,16743.657175,16791.956863,-22.099895999999717,stop_loss,9
2023-06-20 02:45:00,2023-06-20 03:05:00,long,16764.932038,16756.307086,16756.307086,16780.681941999996,-14.124951999998302,stop_loss,4
2023-06-20 03:10:00,2023-06-20 03:25:00,short,16742.757187,16721.507322999994,16754.132119,16721.507322999994,15.74986400000489,take_profit,3
2023-06-20 03:25:00,2023-06-20 05:50:00,short,16713.607392,16730.207288,16730.207288,16681.907600000002,-22.099895999999717,stop_loss,29
2023-06-21 01:20:00,2023-06-21 02:00:00,short,16758.432077,16739.932193000004,16768.432019,16739.932193000004,12.99988399999711,take_profit,8
2023-06-22 01:00:00,2023-06-22 02:15:00,short,16481.509025,16503.88388,16503.88388,16438.259314999996,-27.874855000001844,stop_loss,15
2023-06-23 01:10:00,2023-06-23 02:15:00,long,16661.807764,16688.55759,16647.682851,16688.55759,21.249825999999302,take_profit,13
2023-06-23 02:15:00,2023-06-23 02:20:00,long,16684.632603,16677.107644,16677.107644,16698.182520999995,-13.02495899999849,stop_loss,1
2023-06-23 03:10:00,2023-06-23 03:25:00,short,16648.432851,16624.983003000005,16660.907775,16624.983003000005,17.949847999996564,take_profit,3
2023-06-23 03:45:00,2023-06-23 06:10:00,short,16624.783017,16640.28292,16640.28292,16595.283211,-20.999902999999904,stop_loss,29
2023-06-26 01:00:00,2023-06-26 01:10:00,short,16586.833284,16593.533249,16593.533249,16574.933354,-12.199964999999793,stop_loss,2
2023-06-26 02:45:00,2023-06-26 02:50:00,short,16537.608631,16548.708565,16548.708565,16516.908762999996,-16.599934000001667,stop_loss,1
2023-06-26 03:00:00,2023-06-26 06:50:00,short,16535.133648,16555.583516,16555.583516,16495.733912,-25.949867999999697,stop_loss,46
2023-06-27 02:30:00,2023-06-27 03:00:00,short,16394.884635,16407.359559,16407.359559,16371.434786999995,-17.97492400000192,stop_loss,6
2023-06-28 02:25:00,2023-06-28 02:50:00,long,16575.733369,16566.283423,16566.283423,16593.133261000003,-14.949946000000637,stop_loss,5
2023-06-28 04:00:00,2023-06-28 04:35:00,short,16531.008677,16542.933605,16542.933605,16508.658821000008,-17.424927999996726,stop_loss,7
2023-06-29 02:05:00,2023-06-29 02:15:00,long,16656.857798,16641.907891,16641.907891,16685.257612000005,-20.449907000001986,stop_loss,2
2023-06-29 03:35:00,2023-06-29 03:50:00,long,16670.8827,16663.082742,16663.082742,16684.982615999998,-13.299957999999606,stop_loss,3
2023-06-29 03:55:00,2023-06-29 04:05:00,long,16674.457675,16665.282727,16665.282727,16691.307571,-14.674947999999858,stop_loss,2
2023-06-29 04:40:00,2023-06-29 05:15:00,long,16687.107586,16708.357451999997,16675.732653,16708.357451999997,15.749865999998292,take_profit,7
2023-06-30 02:50:00,2023-06-30 03:00:00,long,16658.507787,16671.507708999994,16651.257826,16671.507708999994,7.499921999995422,take_profit,2
2023-06-30 03:35:00,2023-06-30 04:00:00,long,16672.25769,16691.307569999997,16661.98275,16691.307569999997,13.549879999998666,take_profit,5
2023-06-30 04:20:00,2023-06-30 07:30:00,long,16688.757574,16711.10743,16676.832646,16711.10743,16.849856000000727,take_profit,38
2023-07-03 03:10:00,2023-07-03 03:15:00,long,16921.130939,16914.705972,16914.705972,16932.480872999997,-11.924966999999015,stop_loss,1
2023-07-03 03:30:00,2023-07-03 04:20:00,long,16919.205952,16910.581001,16910.581001,16934.955854000003,-14.124951000001602,stop_loss,10
2023-07-04 01:45:00,2023-07-04 01:50:00,long,16877.406247,16880.506240999995,16875.10625,16880.506240999995,-2.4000060000034864,take_profit,1
2023-07-04 03:10:00,2023-07-04 03:35:00,long,16891.706146,16885.006181,16885.006181,16903.606076,-12.199964999999793,stop_loss,5
2023-07-05 02:10:00,2023-07-05 02:25:00,long,16835.606541,16829.73157,16829.73157,16845.856483000003,-11.374971000001096,stop_loss,3
2023-07-05 03:15:00,2023-07-05 03:35:00,long,16845.781469,16831.10656,16831.10656,16873.631287000004,-20.174909000001207,stop_loss,4
2023-07-05 04:05:00,2023-07-05 04:25:00,short,16821.406634,16795.756801999996,16834.98155,16795.756801999996,20.14983200000279,take_profit,4
2023-07-06 02:00:00,2023-07-06 03:45:00,short,16808.481725,16823.70663,16823.70663,16779.531915000003,-20.724904999999126,stop_loss,21
2023-07-06 04:15:00,2023-07-06 05:30:00,long,16827.081601,16817.081659,16817.081659,16845.581485000006,-15.499942000002193,stop_loss,15
2023-07-07 02:20:00,2023-07-07 03:25:00,short,16714.157388,16725.532321,16725.532321,16692.907522,-16.874932999999146,stop_loss,13
2023-07-10 01:40:00,2023-07-10 01:45:00,short,16604.158162,16611.683122,16611.683122,16590.608242000002,-13.024959999998828,stop_loss,1
2023-07-10 03:45:00,2023-07-10 04:00:00,short,16637.15793,16645.782882,16645.782882,16621.408026000005,-14.124951999998302,stop_loss,3
2023-07-10 04:15:00,2023-07-10 05:55:00,short,16641.832897,16652.932831,16652.932831,16621.133029000004,-16.59993399999803,stop_loss,20
2023-07-11 01:35:00,2023-07-11 02:00:00,long,16753.657117,16747.23215,16747.23215,16765.007050999997,-11.924966999999015,stop_loss,5
2023-07-11 03:00:00,2023-07-11 03:05:00,short,16713.057396,16720.857353,16720.857353,16698.957482,-13.299956999999267,stop_loss,1
2023-07-11 03:15:00,2023-07-11 04:25:00,short,16713.607392,16723.332336,16723.332336,16695.657504000006,-15.224943999997777,stop_loss,14
2023-07-12 03:05:00,2023-07-12 03:20:00,long,16824.606618,16815.706668,16815.706668,16840.906518000007,-14.399950000002718,stop_loss,3
2023-07-12 03:25:00,2023-07-12 06:25:00,long,16821.031643,16838.431534999992,16811.581697,16838.431534999992,11.899891999993997,take_profit,36
2023-07-13 01:55:00,2023-07-13 02:00:00,long,17056.429987,17050.280018,17050.280018,17067.229924999996,-11.649968999998237,stop_loss,1
2023-07-13 02:05:00,2023-07-13 02:10:00,long,17055.604993,17068.054921000003,17048.630029,17068.054921000003,6.949928000001819,take_profit,1
2023-07-14 03:30:00,2023-07-14 03:55:00,long,17291.553332,17283.478377,17283.478377,17306.203242,-13.574955000000045,stop_loss,5
2023-07-17 01:40:00,2023-07-17 02:00:00,long,17262.12854,17256.528567,17256.528567,17271.828486000002,-11.099973000000318,stop_loss,4
2023-07-18 01:55:00,2023-07-18 02:10:00,long,17406.777522,17398.977564,17398.977564,17420.877438,-13.299957999999606,stop_loss,3
2023-07-19 01:50:00,2023-07-19 02:00:00,long,17581.126295,17574.976326,17574.976326,17591.926232999995,-11.649968999998237,stop_loss,2
2023-07-19 02:05:00,2023-07-19 02:30:00,long,17582.776283,17572.226345,17572.226345,17602.376159,-16.04993800000011,stop_loss,5
2023-07-19 04:30:00,2023-07-19 04:40:00,long,17588.826241,17604.576144999995,17580.201289,17604.576144999995,10.249903999996604,take_profit,2
2023-07-20 02:40:00,2023-07-20 02:45:00,short,17432.452334,17436.402319,17436.402319,17426.052364000003,-9.449984999999288,stop_loss,1
2023-07-20 03:10:00,2023-07-20 05:10:00,short,17418.427433,17439.152299,17439.152299,17378.477701,-26.224866000000475,stop_loss,24
2023-07-21 04:25:00,2023-07-21 04:40:00,short,17211.628888,17193.678999999996,17221.353832,17193.678999999996,12.44988800000283,take_profit,3
2023-07-24 03:15:00,2023-07-24 03:30:00,short,17131.329453,17147.104354,17147.104354,17101.279650999997,-21.274901000000682,stop_loss,3
2023-07-24 03:40:00,2023-07-24 04:05:00,short,17132.979441,17140.779399,17140.779399,17118.879525,-13.299957999999606,stop_loss,5
2023-07-25 04:35:00,2023-07-25 04:45:00,short,17179.729112,17182.579105,17182.579105,17175.529126,-8.349992999999813,stop_loss,2
2023-07-26 01:15:00,2023-07-26 02:35:00,long,17223.078814,17242.128694,17212.803874,17242.128694,13.549879999998666,take_profit,16
2023-07-26 04:10:00,2023-07-26 04:30:00,short,17202.82895,17219.153847,17219.153847,17171.679155999995,-21.824897000002238,stop_loss,4
2023-07-26 04:35:00,2023-07-26 08:30:00,short,17201.178961,17164.529205000003,17220.253839,17164.529205000003,31.149755999998888,take_profit,47
2023-07-27 01:05:00,2023-07-27 01:10:00,long,17302.553255,17289.528334,17289.528334,17327.103097,-18.524921000000177,stop_loss,1
2023-07-27 01:25:00,2023-07-27 01:30:00,long,17291.828331,17284.578369,17284.578369,17304.828255000004,-12.749962000001688,stop_loss,1
2023-07-27 01:45:00,2023-07-27 02:10:00,long,17287.428361,17300.978278999995,17279.903402,17300.978278999995,8.049917999996978,take_profit,5
2023-07-27 03:00:00,2023-07-27 04:45:00,long,17353.427897,17385.677683,17336.553004,17385.677683,26.749786000000313,take_profit,21
2023-07-28 01:55:00,2023-07-28 02:00:00,short,17197.878985,17204.57895,17204.57895,17185.979055,-12.199964999999793,stop_loss,1
2023-07-28 03:25:00,2023-07-28 03:30:00,short,17217.128849,17226.028799,17226.028799,17200.828949000002,-14.39994999999908,stop_loss,1
2023-07-31 01:05:00,2023-07-31 02:00:00,long,17413.377475,17400.352555,17400.352555,17437.927315,-18.524919999999838,stop_loss,11
2023-07-31 03:00:00,2023-07-31 03:40:00,long,17412.277483,17431.877359000002,17401.727545,17431.877359000002,14.099876000000222,take_profit,8
2023-08-01 02:25:00,2023-08-01 02:45:00,long,17417.227448,17426.377398000008,17411.902473,17426.377398000008,3.6499500000063563,take_profit,4
2023-08-02 01:00:00,2023-08-02 01:30:00,short,17279.55341,17257.203554,17291.478338,17257.203554,16.849856000000727,take_profit,6
2023-08-03 01:30:00,2023-08-03 01:45:00,short,16999.60538,16987.155454,17006.580343,16987.155454,6.949926000001142,take_profit,3
2023-08-03 01:50:00,2023-08-03 02:15:00,short,16960.005658,16916.205951999993,16982.655511,16916.205951999993,38.299706000005244,take_profit,5
2023-08-04 01:30:00,2023-08-04 02:00:00,short,17098.329685,17079.279805000002,17108.604625,17079.279805000002,13.549879999998666,take_profit,6
2023-08-04 02:25:00,2023-08-04 02:30:00,short,17043.60507,17053.605012,17053.605012,17025.105186000004,-15.499941999998555,stop_loss,1
2023-08-04 02:40:00,2023-08-04 02:45:00,short,17046.630049,17058.279979,17058.279979,17024.830189,-17.149929999999586,stop_loss,1
2023-08-04 04:55:00,2023-08-04 05:45:00,short,17076.879836,17048.480022000003,17091.829743,17048.480022000003,22.899813999996695,take_profit,10
2023-08-07 01:25:00,2023-08-07 02:05:00,short,16956.155685,16973.855573,16973.855573,16922.255909000003,-23.19988799999919,stop_loss,8
2023-08-07 03:00:00,2023-08-07 03:45:00,short,16991.905434,16953.055694000002,17012.080304,16953.055694000002,33.34973999999784,take_profit,9
2023-08-07 04:00:00,2023-08-07 04:05:00,short,16959.180664,16968.63061,16968.63061,16941.780772,-14.949946000000637,stop_loss,1
2023-08-07 04:10:00,2023-08-07 04:20:00,short,16958.630668,16972.755581,16972.755581,16931.880842000002,-19.62491299999965,stop_loss,2
2023-08-07 04:25:00,2023-08-07 04:30:00,short,16969.905589,16977.980544,16977.980544,16955.25567900001,-13.574954999996407,stop_loss,1
2023-08-08 04:05:00,2023-08-08 06:00:00,short,16962.205643,16929.955857,16979.080536,16929.955857,26.749786000000313,take_profit,23
2023-08-09 01:00:00,2023-08-09 01:05:00,short,16922.055925,16929.855883,16929.855883,16907.956009,-13.299957999999606,stop_loss,1
2023-08-09 01:15:00,2023-08-09 01:40:00,short,16922.055925,16932.330865,16932.330865,16903.006045000002,-15.774939999999333,stop_loss,5
2023-08-09 02:50:00,2023-08-09 03:20:00,short,16939.105805,16950.20574,16950.20574,16918.405934999995,-16.599935000002006,stop_loss,6
2023-08-10 01:55:00,2023-08-10 02:00:00,short,16767.782011,16777.506955,16777.506955,16749.832122999996,-15.224944000001415,stop_loss,1
2023-08-10 03:20:00,2023-08-10 03:30:00,short,16790.331852,16802.256781,16802.256781,16767.981993999998,-17.424929000000702,stop_loss,2
2023-08-10 04:00:00,2023-08-10 04:05:00,short,16799.13179,16807.206746,16807.206746,16784.481878,-13.574956000000384,stop_loss,1
2023-08-10 04:20:00,2023-08-10 07:15:00,short,16802.706765,16816.281682,16816.281682,16777.056930999996,-19.074917000001733,stop_loss,35
2023-08-11 02:50:00,2023-08-11 03:10:00,short,16742.482189,16714.082374999994,16757.432096,16714.082374999994,22.89981400000397,take_profit,4
2023-08-14 04:30:00,2023-08-14 04:35:00,short,16659.432773,16667.232731,16667.232731,16645.332857,-13.299957999999606,stop_loss,1
2023-08-15 04:20:00,2023-08-15 04:45:00,long,16752.557125,16736.782224,16736.782224,16782.606927,-21.274901000000682,stop_loss,5
2023-08-15 04:45:00,2023-08-15 04:50:00,long,16744.032185,16734.857237,16734.857237,16760.882081,-14.674947999999858,stop_loss,1
2023-08-16 01:00:00,2023-08-16 01:15:00,short,16606.633145,16629.008,16629.008,16563.383434999996,-27.874855000001844,stop_loss,3
2023-08-16 04:35:00,2023-08-16 05:30:00,short,16630.282978,16640.557918,16640.557918,16611.233098,-15.774939999999333,stop_loss,11
2023-08-17 01:10:00,2023-08-17 01:15:00,short,16421.284449,16426.884422,16426.884422,16411.584503,-11.099973000000318,stop_loss,1
2023-08-17 04:30:00,2023-08-17 04:45:00,short,16453.734221,16467.859134,16467.859134,16426.984395,-19.62491299999965,stop_loss,3
2023-08-18 03:05:00,2023-08-18 04:30:00,short,16224.660833,16192.961043000001,16241.260728,16192.961043000001,26.199789999998757,take_profit,17
2023-08-22 01:40:00,2023-08-22 01:45:00,long,16497.358921,16490.383958,16490.383958,16509.808847,-12.474963000000571,stop_loss,1
2023-08-22 01:55:00,2023-08-22 02:05:00,long,16499.833903,16516.683796999998,16490.658956,16516.683796999998,11.34989399999904,take_profit,2
2023-08-22 02:30:00,2023-08-22 04:40:00,long,16530.633687,16573.333401000004,16508.53383,16573.333401000004,37.19971400000213,take_profit,26
2023-08-23 01:20:00,2023-08-23 01:30:00,long,16532.833671,16527.508696,16527.508696,16541.983621,-10.82497499999954,stop_loss,2
2023-08-23 01:35:00,2023-08-23 02:15:00,long,16532.008677,16553.258541000007,16520.633745,16553.258541000007,15.74986400000489,take_profit,8
2023-08-23 02:45:00,2023-08-23 04:20:00,long,16565.833439,16550.333536,16550.333536,16595.33324500001,-20.999903000003542,stop_loss,19
2023-08-24 02:00:00,2023-08-24 02:15:00,long,16950.005736,16922.405918,16922.405918,17003.705371999997,-33.09981799999878,stop_loss,3
2023-08-24 02:20:00,2023-08-24 03:50:00,long,16933.230854,16907.83102,16907.83102,16982.530522,-30.899833999999828,stop_loss,18
2023-08-25 01:20:00,2023-08-25 01:25:00,short,16320.085161,16298.285301000002,16331.735091,16298.285301000002,16.29985999999917,take_profit,1
2023-08-25 01:50:00,2023-08-25 02:00:00,short,16275.810473,16285.810415,16285.810415,16257.310588999999,-15.499942000000374,stop_loss,2
2023-08-25 04:00:00,2023-08-25 04:25:00,short,16353.634925,16368.584832,16368.584832,16325.235111,-20.449907000000167,stop_loss,5
2023-08-25 04:30:00,2023-08-25 05:15:00,short,16357.484898,16372.984801,16372.984801,16327.985092,-20.999902999999904,stop_loss,9
2023-08-28 01:35:00,2023-08-28 01:45:00,long,16511.65882,16507.983834,16507.983834,16517.508792000004,-9.174986000001809,stop_loss,2
2023-08-28 02:25:00,2023-08-28 02:40:00,long,16510.558828,16497.808905,16497.808905,16534.558674,-18.2499229999994,stop_loss,3
2023-08-28 02:40:00,2023-08-28 03:00:00,short,16488.108979,16507.458855,16507.458855,16450.909227,-24.849876000000222,stop_loss,4
2023-08-28 03:05:00,2023-08-28 04:15:00,long,16516.333787,16499.733892,16499.733892,16548.033577,-22.09989499999938,stop_loss,14
2023-08-28 04:45:00,2023-08-28 04:50:00,short,16507.083845,16516.808789,16516.808789,16489.133957000005,-15.224943999997777,stop_loss,1
2023-08-29 02:20:00,2023-08-29 02:50:00,long,16640.632913,16625.683006,16625.683006,16669.032727000005,-20.449907000001986,stop_loss,6
2023-08-29 03:35:00,2023-08-29 03:50:00,long,16603.783172,16594.333226,16594.333226,16621.183064,-14.949946000000637,stop_loss,3
2023-08-29 04:25:00,2023-08-29 04:55:00,long,16596.358224,16614.308112000002,16586.63328,16614.308112000002,12.44988800000283,take_profit,6
2023-08-31 01:15:00,2023-08-31 01:55:00,long,17052.855012,17043.405066,17043.405066,17070.254904,-14.949946000000637,stop_loss,8
2023-08-31 03:05:00,2023-08-31 03:35:00,long,17060.829956,17051.655008,17051.655008,17077.679852,-14.674947999999858,stop_loss,6
2023-09-01 02:30:00,2023-09-01 06:25:00,long,17105.379642,17135.429444,17089.604741,17135.429444,24.549802000001364,take_profit,47
2023-09-04 01:15:00,2023-09-04 02:30:00,long,17099.879681,17116.179580999997,17090.979731,17116.179580999997,10.79989999999816,take_profit,15
2023-09-04 03:05:00,2023-09-04 03:10:00,long,17113.079588,17120.579548,17108.579608,17120.579548,1.9999600000010105,take_profit,1
2023-09-04 03:10:00,2023-09-04 03:30:00,long,17119.679542,17111.879584,17111.879584,17133.779458000008,-13.299958000003244,stop_loss,4
2023-09-04 03:55:00,2023-09-04 07:45:00,long,17114.179581,17103.629642,17103.629642,17133.779459,-16.04993900000045,stop_loss,46
2023-09-05 02:40:00,2023-09-05 02:45:00,short,17004.830343,17010.705314,17010.705314,16994.580401000007,-11.374970999997458,stop_loss,1
2023-09-05 02:55:00,2023-09-05 03:10:00,short,17007.580324,16979.180509999995,17022.530231,16979.180509999995,22.89981400000397,take_profit,3
2023-09-06 01:05:00,2023-09-06 01:15:00,long,17064.129933,17054.679987,17054.679987,17081.529825,-14.949946000000637,stop_loss,2
2023-09-06 02:15:00,2023-09-06 02:30:00,short,16997.130397,17024.730215,17024.730215,16943.430761000003,-33.09981799999878,stop_loss,3
2023-09-06 02:50:00,2023-09-06 03:05:00,short,17021.605225,17030.780173,17030.780173,17004.755329,-14.674947999999858,stop_loss,3
2023-09-06 03:25:00,2023-09-06 03:30:00,short,17021.055229,17028.030192,17028.030192,17008.605303000008,-12.474962999996933,stop_loss,1
2023-09-06 03:35:00,2023-09-06 03:50:00,short,17016.930258,17030.780173,17030.780173,16990.730428000003,-19.349914999998873,stop_loss,3
2023-09-06 04:10:00,2023-09-06 04:20:00,short,17014.180277,17032.430161,17032.430161,16979.180508999998,-23.749884000000748,stop_loss,2
2023-09-06 04:25:00,2023-09-06 04:55:00,short,17018.03025,17034.630146,17034.630146,16986.330458,-22.099895999999717,stop_loss,6
2023-09-07 01:05:00,2023-09-07 02:25:00,short,16872.006278,16848.006434000003,16884.7562,16848.006434000003,18.49984399999812,take_profit,16
2023-09-07 03:05:00,2023-09-07 03:25:00,short,16842.031488,16806.481724000005,16860.55637,16806.481724000005,30.049763999995776,take_profit,4
2023-09-08 03:10:00,2023-09-08 03:20:00,short,16832.956552,16812.806679999998,16843.781488,16812.806679999998,14.649872000001778,take_profit,2
2023-09-08 04:15:00,2023-09-08 05:20:00,short,16765.03203,16774.481976,16774.481976,16747.632137999997,-14.949946000000637,stop_loss,13
2023-09-11 01:05:00,2023-09-11 01:15:00,long,16896.179456,16889.542074,16889.542074,16907.954220000003,-12.137382000000798,stop_loss,2
2023-09-11 01:20:00,2023-09-11 01:30:00,long,16896.179456,16905.239008000008,16890.89968,16905.239008000008,3.5595520000060787,take_profit,2
2023-09-11 01:40:00,2023-09-11 02:20:00,long,16909.483996,16932.662651999995,16897.144668,16932.662651999995,17.67865599999641,take_profit,8
2023-09-11 04:25:00,2023-09-11 05:00:00,long,16919.530281,16914.522026,16914.522026,16928.046791,-10.508255000000645,stop_loss,7
2023-09-12 01:40:00,2023-09-12 02:00:00,long,17023.251387,17015.799442,17015.799442,17036.655277,-12.951945000000705,stop_loss,4
2023-09-13 01:25:00,2023-09-13 01:35:00,short,16807.749623,16815.47309,16815.47309,16793.802689,-13.2234669999998,stop_loss,2
2023-09-13 02:55:00,2023-09-13 04:05:00,short,16835.444788,16807.378752000004,16850.227806,16807.378752000004,22.56603599999653,take_profit,14
2023-09-14 01:25:00,2023-09-14 01:40:00,long,16969.490186,16964.21041,16964.21041,16978.549737999998,-10.779775999999401,stop_loss,3
2023-09-15 01:35:00,2023-09-15 01:50:00,long,17063.97957,17055.713061,17055.713061,17079.012588,-13.766509000000951,stop_loss,3
2023-09-18 01:30:00,2023-09-18 02:30:00,short,16731.180639,16743.791488,16743.791488,16707.458940999997,-18.1108490000006,stop_loss,12
2023-09-18 04:35:00,2023-09-18 04:45:00,short,16740.683882,16747.049742,16747.049742,16729.452162000005,-11.865859999998065,stop_loss,2
2023-09-18 04:55:00,2023-09-18 05:00:00,short,16738.783233,16744.33453,16744.33453,16729.180638999995,-11.051297000001796,stop_loss,1
2023-09-19 01:00:00,2023-09-19 02:10:00,short,16715.975451,16723.970439,16723.970439,16701.485474999994,-13.494988000002195,stop_loss,14
2023-09-20 02:05:00,2023-09-20 02:20:00,short,16691.538541,16703.063305,16703.063305,16669.989013000006,-17.02476399999796,stop_loss,3
2023-09-21 03:10:00,2023-09-21 03:40:00,short,16385.534126,16349.865495999999,16404.118441,16349.865495999999,30.16863000000012,take_profit,6
2023-09-21 04:05:00,2023-09-21 05:00:00,short,16357.295919,16330.859009,16371.264374,16330.859009,20.936910000000353,take_profit,11
2023-09-22 01:20:00,2023-09-22 01:25:00,short,16184.879944,16190.702762,16190.702762,16174.734308,-11.322818000000552,stop_loss,1
2023-09-22 01:35:00,2023-09-22 01:55:00,short,16185.966029,16197.762314,16197.762314,16163.873458999999,-17.296285000000353,stop_loss,4
2023-09-22 03:25:00,2023-09-22 03:30:00,short,16192.211017,16198.033835,16198.033835,16182.065380999999,-11.322818000000552,stop_loss,1
2023-09-22 03:45:00,2023-09-22 04:30:00,short,16191.124932,16206.722514,16206.722514,16161.429768000004,-21.09758199999851,stop_loss,9
2023-09-25 01:20:00,2023-09-25 01:55:00,short,16192.754059,16205.90795,16205.90795,16167.946277000001,-18.65389099999993,stop_loss,7
2023-09-25 03:30:00,2023-09-25 03:35:00,short,16137.906773,16119.072459,16148.07393,16119.072459,13.334313999999722,take_profit,1
2023-09-26 01:10:00,2023-09-26 01:45:00,short,16124.873754,16106.039438,16135.040912,16106.039438,13.334316000000399,take_profit,7
2023-09-26 04:55:00,2023-09-26 05:00:00,short,16115.642033,16125.266148,16125.266148,16097.893802999999,-15.124115000000529,stop_loss,1
2023-09-27 03:35:00,2023-09-27 04:30:00,short,16055.907364,16039.245218000002,16064.988437,16039.245218000002,11.162145999998756,take_profit,11
2023-09-28 01:45:00,2023-09-28 02:05:00,short,16023.86786,15997.973992000001,16037.564794,15997.973992000001,20.393867999999202,take_profit,4
2023-09-28 02:25:00,2023-09-28 02:30:00,short,16015.722223,16026.160902,16026.160902,15996.344865000003,-15.938678999998956,stop_loss,1
2023-09-28 02:40:00,2023-09-28 03:00:00,short,16019.251999,15986.841621,16036.207188,15986.841621,26.91037800000049,take_profit,4
2023-09-28 03:40:00,2023-09-28 03:45:00,short,15994.000526,16003.081599,16003.081599,15977.338380000001,-14.581072999999378,stop_loss,1
2023-09-28 03:55:00,2023-09-28 04:15:00,short,15985.040326,15942.312144000001,16007.154417,15942.312144000001,37.228181999998924,take_profit,4
2023-09-29 02:45:00,2023-09-29 02:50:00,long,16232.310072,16219.699224,16219.699224,16256.031768,-18.11084800000026,stop_loss,1
2023-09-29 02:55:00,2023-09-29 03:25:00,long,16232.581594,16250.329825999997,16222.957478,16250.329825999997,12.248231999998097,take_profit,6
2023-09-29 04:10:00,2023-09-29 04:20:00,long,16246.157655,16240.877879,16240.877879,16255.217207000003,-10.77977600000122,stop_loss,2
2023-09-29 04:45:00,2023-09-29 05:05:00,long,16242.8994,16233.818327,16233.818327,16259.561545999999,-14.581072999999378,stop_loss,4
2023-10-02 02:10:00,2023-10-02 02:50:00,long,16292.859305,16272.645862,16272.645862,16331.786191000001,-25.713443000000552,stop_loss,8
2023-10-02 02:55:00,2023-10-02 03:15:00,long,16278.46868,16268.844564,16268.844564,16296.216911999998,-15.124115999999049,stop_loss,4
2023-10-02 03:40:00,2023-10-02 03:45:00,long,16276.568031,16272.37434,16272.37434,16283.455413000001,-9.693691000000399,stop_loss,1
2023-10-03 03:00:00,2023-10-03 04:10:00,long,16297.475165,16267.75848,16267.75848,16355.408534999999,-35.216684999999416,stop_loss,14
2023-10-04 01:45:00,2023-10-04 01:55:00,short,15870.458371,15847.279717000001,15882.797698,15847.279717000001,17.67865399999937,take_profit,2
2023-10-06 01:40:00,2023-10-06 01:50:00,short,16120.257893,16132.597221,16132.597221,16097.079237,-17.839328000000023,stop_loss,2
2023-10-06 01:55:00,2023-10-06 02:20:00,long,16135.648518,16157.198046,16124.123754,16157.198046,16.049527999999555,take_profit,5
2023-10-06 02:20:00,2023-10-06 05:40:00,long,16159.542385,16204.985779000002,16136.070688,16204.985779000002,39.94339400000172,take_profit,40
2023-10-09 02:45:00,2023-10-09 03:20:00,long,16287.700401,16267.75848,16267.75848,16326.084243,-25.44192099999964,stop_loss,7
2023-10-10 02:05:00,2023-10-10 03:00:00,long,16526.096033,16506.968675,16506.968675,16562.850749000005,-24.62735800000155,stop_loss,11
2023-10-10 03:25:00,2023-10-10 03:40:00,long,16544.559476,16530.862542,16530.862542,16570.453343999998,-19.1969339999996,stop_loss,3
2023-10-10 03:45:00,2023-10-10 04:00:00,long,16544.830997,16530.591021,16530.591021,16571.810949000002,-19.739976000000752,stop_loss,3
2023-10-11 02:05:00,2023-10-11 02:45:00,long,16614.068908,16631.817138000006,16604.444793,16631.817138000006,12.248230000004696,take_profit,8
2023-10-11 04:30:00,2023-10-11 04:55:00,long,16615.698035,16634.532349,16605.530878,16634.532349,13.334313999999722,take_profit,5
2023-10-12 04:30:00,2023-10-12 05:35:00,long,16762.591016,16776.537949999998,16754.867549,16776.537949999998,8.446933999999601,take_profit,13
2023-10-13 02:05:00,2023-10-13 02:15:00,long,16651.267315,16635.126691,16635.126691,16682.048563,-21.64062399999966,stop_loss,2
2023-10-13 02:25:00,2023-10-13 03:20:00,long,16647.466018,16635.941254,16635.941254,16669.015545999995,-17.02476399999796,stop_loss,11
2023-10-13 04:05:00,2023-10-13 04:50:00,short,16586.73135,16547.804463999997,16606.944793,16547.804463999997,33.426886000001105,take_profit,9
2023-10-17 01:55:00,2023-10-17 02:00:00,long,16582.572447,16578.921798,16578.921798,16588.373744999997,-9.150648999999248,stop_loss,1
2023-10-17 02:40:00,2023-10-17 03:05:00,long,16612.711302,16600.100453,16600.100453,16636.433,-18.1108490000006,stop_loss,5
2023-10-17 04:30:00,2023-10-17 04:45:00,long,16582.843968,16574.577459,16574.577459,16597.876986000003,-13.766509000000951,stop_loss,3
2023-10-18 02:45:00,2023-10-18 03:15:00,short,16505.274984,16488.612837999997,16514.356057,16488.612837999997,11.162146000002394,take_profit,6
2023-10-18 04:55:00,2023-10-18 05:00:00,short,16470.791789,16475.800043,16475.800043,16462.275281,-10.508254000000306,stop_loss,1
2023-10-19 01:05:00,2023-10-19 01:15:00,short,16275.29651,16285.463668,16285.463668,16256.462194,-15.6671580000002,stop_loss,2
2023-10-19 01:25:00,2023-10-19 02:00:00,short,16287.514965,16302.297984,16302.297984,16259.448927,-20.283019000000422,stop_loss,7
2023-10-20 02:00:00,2023-10-20 02:35:00,short,16088.48991,16107.074226,16107.074226,16052.821278,-24.0843160000004,stop_loss,7
2023-10-23 03:20:00,2023-10-23 03:30:00,short,15921.50436,15908.100468000002,15928.956306,15908.100468000002,7.90389199999845,take_profit,2
2023-10-23 04:00:00,2023-10-23 04:30:00,short,15873.988146,15838.862556,15892.300941,15838.862556,29.625589999999647,take_profit,6
2023-10-24 01:15:00,2023-10-24 01:35:00,short,16052.920631,16066.074522,16066.074522,16028.112849000001,-18.65389099999993,stop_loss,4
2023-10-25 01:55:00,2023-10-25 02:20:00,short,16024.139381,15993.358131,16040.280006,15993.358131,25.28125,take_profit,5
2023-10-25 04:35:00,2023-10-25 05:10:00,short,16028.755242,16003.404417999998,16042.180654,16003.404417999998,19.850824000001012,take_profit,7
2023-10-26 01:35:00,2023-10-26 01:45:00,short,15546.262033,15553.170937,15553.170937,15533.944225000001,-12.408903999999893,stop_loss,2
2023-10-26 01:50:00,2023-10-26 02:00:00,short,15543.003779,15520.911209000004,15554.800064,15520.911209000004,16.592569999997067,take_profit,2
2023-10-27 01:25:00,2023-10-27 02:05:00,short,15537.573354,15510.593400000002,15551.813331,15510.593400000002,21.479953999998543,take_profit,8
2023-10-31 04:10:00,2023-10-31 04:20:00,long,15642.022939,15633.75643,15633.75643,15657.055957000002,-13.766509000000951,stop_loss,2
2023-10-31 04:30:00,2023-10-31 07:20:00,long,15643.923588,15693.16828,15618.551242,15693.16828,43.744692000000214,take_profit,34
2023-11-01 01:10:00,2023-11-01 01:20:00,long,15721.578657,15715.755839,15715.755839,15731.724293000001,-11.322818000000552,stop_loss,2
2023-11-01 01:40:00,2023-11-01 01:50:00,long,15718.320402,15724.664739999998,15714.398233,15724.664739999998,0.8443379999989702,take_profit,2
2023-11-01 01:50:00,2023-11-01 02:20:00,long,15735.154718,15719.828657,15719.828657,15764.30684,-20.826060999999754,stop_loss,6
2023-11-01 02:30:00,2023-11-01 02:40:00,long,15724.293869,15714.398233,15714.398233,15742.585140999998,-15.395635999999286,stop_loss,2
2023-11-01 04:05:00,2023-11-01 04:15:00,long,15692.525886,15685.888504,15685.888504,15704.300649999997,-12.13738199999898,stop_loss,2
2023-11-02 02:30:00,2023-11-02 02:45:00,long,16077.271456,16070.091031,16070.091031,16090.132306000001,-12.680425000000469,stop_loss,3
2023-11-02 03:05:00,2023-11-02 03:20:00,long,16089.48991,16104.522928000002,16081.223401,16104.522928000002,9.533018000001903,take_profit,3
2023-11-02 03:35:00,2023-11-02 04:15:00,long,16108.767917,16128.688316999998,16098.057717,16128.688316999998,14.420399999999063,take_profit,8
2023-11-02 04:50:00,2023-11-02 05:00:00,long,16133.747869,16123.580712,16123.580712,16152.582183,-15.667156999999861,stop_loss,2
2023-11-03 01:10:00,2023-11-03 01:45:00,long,16251.8596,16245.493739,16245.493739,16263.091322,-11.865861000000223,stop_loss,7
2023-11-03 02:15:00,2023-11-03 02:30:00,long,16247.243739,16241.692442,16241.692442,16256.846333,-11.051296999999977,stop_loss,3
2023-11-03 02:35:00,2023-11-03 02:40:00,long,16246.700697,16238.162667,16238.162667,16262.276757,-14.038029999999708,stop_loss,1
2023-11-06 01:10:00,2023-11-06 01:20:00,long,16495.957177,16505.559771000004,16490.40588,16505.559771000004,4.102594000003592,take_profit,2
2023-11-06 02:05:00,2023-11-06 02:15:00,long,16503.831293,16493.121092,16493.121092,16523.751694999995,-16.21020099999805,stop_loss,2
2023-11-06 04:55:00,2023-11-06 05:25:00,long,16527.453639,16516.743439,16516.743439,16547.374038999995,-16.210199999997712,stop_loss,6
2023-11-07 01:15:00,2023-11-07 01:25:00,long,16507.904111,16501.53825,16501.53825,16519.135832999997,-11.865860999998404,stop_loss,2
2023-11-07 02:30:00,2023-11-07 03:20:00,long,16523.109299,16505.88259,16505.88259,16556.062716999997,-22.726708999998664,stop_loss,10
2023-11-07 04:45:00,2023-11-07 04:50:00,long,16516.59279,16508.05476,16508.05476,16532.16885,-14.038029999999708,stop_loss,1
2023-11-09 01:20:00,2023-11-09 02:10:00,long,16705.571559,16697.30505,16697.30505,16720.604577000002,-13.766509000000951,stop_loss,10
2023-11-09 02:35:00,2023-11-09 02:55:00,long,16712.631111,16700.020262,16700.020262,16736.352809,-18.1108490000006,stop_loss,4
2023-11-09 04:40:00,2023-11-09 05:05:00,long,16726.478693,16713.867845,16713.867845,16750.200389,-18.11084800000026,stop_loss,5
2023-11-10 03:10:00,2023-11-10 06:25:00,short,16546.81773,16565.130525,16565.130525,16511.692139999996,-23.812795000001643,stop_loss,39
2023-11-13 02:40:00,2023-11-13 03:05:00,long,16880.702747,16873.522322,16873.522322,16893.563596999997,-12.68042499999865,stop_loss,5
2023-11-14 02:20:00,2023-11-14 02:50:00,long,16922.517014,16935.920904000002,16915.065069,16935.920904000002,7.903890000001411,take_profit,6
2023-11-14 03:10:00,2023-11-14 03:20:00,long,16947.225445,16942.760233,16942.760233,16954.655869,-9.965211999999156,stop_loss,2
2023-11-14 03:45:00,2023-11-14 04:10:00,long,16938.265245,16928.098087,16928.098087,16957.099561,-15.6671580000002,stop_loss,5
2023-11-14 04:25:00,2023-11-14 04:30:00,long,16943.967191,16938.144373,16938.144373,16954.112827,-11.322818000000552,stop_loss,1
2023-11-15 02:50:00,2023-11-15 02:55:00,long,17329.798845,17336.686227000002,17325.605154,17336.686227000002,1.3873820000007981,take_profit,1
2023-11-15 04:35:00,2023-11-15 05:05:00,long,17339.030566,17328.863409,17328.863409,17357.86488,-15.667156999999861,stop_loss,6
2023-11-16 04:25:00,2023-11-16 04:40:00,long,17234.223375,17230.029684,17230.029684,17241.110757000002,-9.693691000000399,stop_loss,3
2023-11-16 04:50:00,2023-11-16 04:55:00,long,17233.137291,17228.672078,17228.672078,17240.567716999998,-9.965212999999494,stop_loss,1
2023-11-17 01:20:00,2023-11-17 01:40:00,long,17249.700085,17257.673551000003,17244.963352,17257.673551000003,2.4734660000031,take_profit,4
2023-11-17 03:00:00,2023-11-17 03:20:00,long,17273.865474,17265.055922,17265.055922,17289.984577999996,-14.309551999998803,stop_loss,4
2023-11-20 01:50:00,2023-11-20 02:00:00,long,17222.547963,17235.408811000005,17215.367539,17235.408811000005,7.360848000003898,take_profit,2
2023-11-20 02:00:00,2023-11-20 03:30:00,long,17246.44183,17288.083927999996,17224.870781,17288.083927999996,36.14209799999662,take_profit,18
2023-11-21 01:20:00,2023-11-21 01:25:00,long,17481.579207,17476.02791,17476.02791,17491.181800999995,-11.051296999998158,stop_loss,1
2023-11-21 03:15:00,2023-11-21 03:40:00,long,17466.64554,17460.822722,17460.822722,17476.791176000002,-11.322818000000552,stop_loss,5
2023-11-21 04:20:00,2023-11-21 05:00:00,long,17472.619007,17462.180328,17462.180328,17491.996365000006,-15.938679000002594,stop_loss,8
2023-11-22 03:00:00,2023-11-22 04:00:00,long,17341.745779,17370.354859000003,17326.691239,17370.354859000003,23.109080000001995,take_profit,12
2023-11-22 04:30:00,2023-11-22 04:55:00,long,17386.818301,17404.023489,17377.465707,17404.023489,11.705187999999907,take_profit,5
2023-11-23 01:00:00,2023-11-23 02:05:00,long,17458.499903,17450.504915,17450.504915,17472.989878999997,-13.494987999998557,stop_loss,13
2023-11-23 03:35:00,2023-11-23 04:15:00,long,17466.917061,17458.379031,17458.379031,17482.493121,-14.038029999999708,stop_loss,8
2023-11-24 02:15:00,2023-11-24 03:05:00,long,17427.003442,17440.950376,17419.279975,17440.950376,8.446933999999601,take_profit,10
2023-11-28 01:00:00,2023-11-28 01:15:00,short,17376.58658,17353.950968,17388.654386,17353.950968,17.13561199999822,take_profit,3
2023-11-29 02:35:00,2023-11-29 05:55:00,long,17471.261401,17527.022603,17442.6308,17527.022603,50.261202000001504,take_profit,40
2023-11-30 03:05:00,2023-11-30 03:40:00,long,17438.135812,17425.796484,17425.796484,17461.314468000004,-17.839328000001842,stop_loss,7
2023-11-30 03:55:00,2023-11-30 04:00:00,long,17435.4206,17428.511696,17428.511696,17447.738408,-12.408903999999893,stop_loss,1
2023-12-01 01:50:00,2023-12-01 02:00:00,short,17318.75256,17328.105154,17328.105154,17301.547372,-14.852593999999954,stop_loss,2
2023-12-01 04:50:00,2023-12-01 06:00:00,short,17344.818597,17330.328621000004,17352.813585,17330.328621000004,8.989975999997114,take_profit,14
2023-12-04 01:55:00,2023-12-04 02:20:00,short,17323.096899,17332.992536,17332.992536,17304.805624999997,-15.395637000001443,stop_loss,5
2023-12-05 01:00:00,2023-12-05 01:25:00,short,17144.978979,17120.714239,17157.861349,17120.714239,18.76473999999871,take_profit,5
2023-12-05 03:55:00,2023-12-05 04:05:00,short,17159.912646,17145.422670000004,17167.907634,17145.422670000004,8.989975999997114,take_profit,2
2023-12-05 04:05:00,2023-12-05 04:15:00,short,17147.965712,17134.018778,17155.689179,17134.018778,8.446933999999601,take_profit,2
2023-12-05 04:40:00,2023-12-05 07:05:00,short,17137.376385,17159.761997,17159.761997,17094.105160999996,-27.885612000001856,stop_loss,29
2023-12-06 02:00:00,2023-12-06 02:05:00,long,17349.076852,17347.05533,17347.05533,17351.619895999997,-7.521521999999095,stop_loss,1
2023-12-06 02:10:00,2023-12-06 02:30:00,long,17359.666179,17345.697724,17345.697724,17386.103088999997,-19.468454999998357,stop_loss,4
2023-12-06 04:40:00,2023-12-06 05:10:00,long,17343.103385,17329.406451,17329.406451,17368.997252999998,-19.1969339999996,stop_loss,6
2023-12-07 04:50:00,2023-12-07 04:55:00,short,17206.071253,17209.993423,17209.993423,17199.726912999995,-9.422170000001643,stop_loss,1
2023-12-08 03:15:00,2023-12-08 05:25:00,long,17406.63935,17395.386108,17395.386108,17427.645834000006,-16.7532420000025,stop_loss,26
2023-12-11 01:45:00,2023-12-11 02:00:00,long,17449.539703,17443.716885,17443.716885,17459.685338999992,-11.322817999996914,stop_loss,3
2023-12-11 02:25:00,2023-12-11 03:20:00,long,17450.625788,17469.460104,17440.45863,17469.460104,13.334316000000399,take_profit,11
2023-12-11 04:00:00,2023-12-11 04:25:00,long,17462.572722,17452.134043,17452.134043,17481.950080000006,-15.938679000002594,stop_loss,5
2023-12-12 01:00:00,2023-12-12 02:50:00,long,17666.728534,17657.474448,17657.474448,17683.736706000003,-14.754086000000825,stop_loss,22
2023-12-12 03:40:00,2023-12-12 04:30:00,long,17661.368472,17655.866429,17655.866429,17670.872557999992,-11.002042999996775,stop_loss,10
2023-12-12 04:30:00,2023-12-12 04:40:00,long,17662.976491,17654.25841,17654.25841,17678.912653000007,-14.218081000002712,stop_loss,2
2023-12-13 01:40:00,2023-12-13 01:55:00,long,17807.698167,17802.732129,17802.732129,17816.130242999996,-10.466037999998662,stop_loss,3
2023-12-13 02:00:00,2023-12-13 02:15:00,long,17807.698167,17800.588104,17800.588104,17820.418293,-12.610063000000082,stop_loss,3
2023-12-13 03:05:00,2023-12-13 04:05:00,long,17799.122067,17792.548011,17792.548011,17810.770179000003,-12.074056000001292,stop_loss,12
2023-12-14 04:20:00,2023-12-14 04:35:00,long,18055.86904,18064.301114000005,18050.903003,18064.301114000005,2.9320740000039223,take_profit,3
2023-12-15 03:05:00,2023-12-15 07:30:00,long,18009.772506,17999.178404,17999.178404,18029.460710000007,-16.09410200000275,stop_loss,53
2023-12-18 03:20:00,2023-12-18 03:50:00,long,18066.053158,18053.31503,18053.31503,18090.029413999993,-18.238127999997232,stop_loss,6
2023-12-19 01:15:00,2023-12-19 01:20:00,long,18143.774058,18139.344026,18139.344026,18151.134122,-9.93003200000021,stop_loss,1
2023-12-19 01:30:00,2023-12-19 02:35:00,long,18147.526101,18166.678298999996,18137.200002,18166.678298999996,13.652197999996133,take_profit,13
2023-12-19 03:10:00,2023-12-19 05:25:00,long,18161.462262,18174.718392000002,18154.084197,18174.718392000002,7.756130000001576,take_profit,27
2023-12-20 01:15:00,2023-12-20 02:00:00,long,18260.087404,18253.245345,18253.245345,18272.271522000006,-12.342059000002337,stop_loss,9
2023-12-20 03:50:00,2023-12-20 04:25:00,long,18198.982697,18191.068625,18191.068625,18213.310841,-13.414071999999578,stop_loss,7
2023-12-20 04:35:00,2023-12-20 05:40:00,long,18194.96265,18187.584585,18187.584585,18208.218780000003,-12.878065000000788,stop_loss,13
2023-12-21 02:55:00,2023-12-21 03:05:00,short,18087.833421,18094.139474,18094.139474,18076.721315,-11.806053000000247,stop_loss,2
2023-12-22 01:45:00,2023-12-22 01:55:00,long,18130.373902,18128.087896,18128.087896,18133.445913999996,-7.786005999998451,stop_loss,2
2023-12-22 02:30:00,2023-12-22 02:45:00,long,18136.001968,18124.871859,18124.871859,18156.762186000004,-16.63010900000154,stop_loss,3
2023-12-22 03:20:00,2023-12-22 03:30:00,long,18131.713918,18135.857944000003,18128.891905,18135.857944000003,-1.3559739999982412,take_profit,2
2023-12-22 03:30:00,2023-12-22 04:00:00,long,18140.022014,18129.695915,18129.695915,18159.174211999994,-15.826098999998067,stop_loss,6
2023-12-22 04:15:00,2023-12-22 04:50:00,long,18138.413995,18148.990092999997,18132.375946,18148.990092999997,5.076097999997728,take_profit,7
2023-12-26 01:55:00,2023-12-26 02:05:00,long,18260.355407,18255.657373,18255.657373,18268.251475,-10.198034000000916,stop_loss,2
2023-12-26 03:35:00,2023-12-26 03:40:00,long,18242.399199,18238.505175,18238.505175,18248.687247,-9.394024000001082,stop_loss,1
2023-12-26 04:35:00,2023-12-26 05:05:00,long,18242.667202,18234.753131,18234.753131,18256.995344,-13.41407099999924,stop_loss,6
2023-12-27 01:00:00,2023-12-27 01:05:00,long,18327.08818,18321.05013,18321.05013,18337.664279999997,-11.538049999999203,stop_loss,1
2023-12-27 01:10:00,2023-12-27 01:55:00,long,18324.408149,18319.174109,18319.174109,18333.376228999998,-10.734039999999368,stop_loss,9
2023-12-27 02:55:00,2023-12-27 03:00:00,long,18321.728118,18314.08205,18314.08205,18335.520253999995,-13.146067999998195,stop_loss,1
2023-12-28 01:55:00,2023-12-28 02:00:00,long,18390.068909,18384.566866,18384.566866,18399.572995000002,-11.002043000000413,stop_loss,1
2023-12-29 01:00:00,2023-12-29 01:45:00,long,18342.900363,18338.738335,18338.738335,18349.724419000006,-9.662028000002465,stop_loss,9
2023-12-29 01:45:00,2023-12-29 02:15:00,long,18342.096354,18349.992422000003,18337.39832,18349.992422000003,2.396068000001833,take_profit,6
2023-12-29 03:15:00,2023-12-29 03:40:00,long,18353.88849,18345.974419,18345.974419,18368.216632000007,-13.414071000002878,stop_loss,5
2024-01-02 03:30:00,2024-01-02 03:35:00,short,18227.463038,18221.174988000006,18231.357063,18221.174988000006,0.7880499999955646,take_profit,1
2024-01-02 04:45:00,2024-01-02 04:55:00,short,18211.382852,18194.910684,18220.368936,18194.910684,10.972168000000238,take_profit,2
2024-01-03 03:30:00,2024-01-03 03:40:00,short,17870.214902,17857.494778,17877.324964,17857.494778,7.220123999999487,take_profit,2
2024-01-03 04:05:00,2024-01-03 04:10:00,short,17846.362626,17856.688725,17856.688725,17827.210427999995,-15.826099000001705,stop_loss,1
2024-01-03 04:15:00,2024-01-03 04:30:00,short,17850.382672,17861.512781,17861.512781,17829.622453999997,-16.63010900000154,stop_loss,3
2024-01-04 02:10:00,2024-01-04 02:50:00,short,17768.909729,17748.685516999998,17779.771835,17748.685516999998,14.724212000000989,take_profit,8
2024-01-04 02:55:00,2024-01-04 03:05:00,short,17740.769403,17750.291493,17750.291493,17723.225222999994,-15.022090000002208,stop_loss,2
2024-01-04 04:35:00,2024-01-04 04:45:00,short,17760.065627,17751.633553000003,17765.031664,17751.633553000003,2.9320739999966463,take_profit,2
2024-01-05 03:30:00,2024-01-05 03:40:00,short,17590.419663,17575.555515,17598.601737,17575.555515,9.364148000000569,take_profit,2
2024-01-05 04:25:00,2024-01-05 05:00:00,short,17562.011334,17573.141442,17573.141442,17541.251117999996,-16.6301080000012,stop_loss,7
2024-01-08 01:55:00,2024-01-08 02:00:00,short,17626.332078,17635.318162,17635.318162,17609.85991,-14.486084000000119,stop_loss,1
2024-01-08 02:05:00,2024-01-08 02:20:00,short,17623.116041,17638.534199,17638.534199,17593.779725,-20.918158000000403,stop_loss,3
2024-01-08 03:10:00,2024-01-08 03:20:00,short,17612.66392,17592.975715999994,17623.258022,17592.975715999994,14.188204000005499,take_profit,2
2024-01-08 03:30:00,2024-01-08 03:45:00,short,17562.815343,17585.201582,17585.201582,17519.542864999992,-27.886239000003116,stop_loss,3
2024-01-09 01:05:00,2024-01-09 01:20:00,long,17991.280292,17983.634224,17983.634224,18005.072427999996,-13.146067999998195,stop_loss,3
2024-01-09 04:10:00,2024-01-09 04:45:00,long,17943.039733,17929.7656,17929.7656,17968.087999000007,-18.77413300000262,stop_loss,7
2024-01-10 02:15:00,2024-01-10 03:05:00,long,18067.929179,18090.833420999996,18055.727058,18090.833420999996,17.404241999996884,take_profit,10
2024-01-10 03:10:00,2024-01-10 04:20:00,long,18106.789629,18096.731533,18096.731533,18125.405821,-15.55809600000066,stop_loss,14
2024-01-11 01:20:00,2024-01-11 02:00:00,long,18237.039137,18231.269091,18231.269091,18247.079229000003,-11.270046000001457,stop_loss,8
2024-01-11 02:45:00,2024-01-11 03:05:00,long,18268.3955,18262.089448,18262.089448,18279.507604,-11.806051999999909,stop_loss,4
2024-01-12 01:15:00,2024-01-12 01:25:00,long,18171.110374,18158.908253,18158.908253,18194.014615999997,-17.702120999998442,stop_loss,2
2024-01-12 02:50:00,2024-01-12 03:40:00,long,18178.346458,18160.784275,18160.784275,18211.970823999996,-23.062182999998186,stop_loss,10
2024-01-12 04:25:00,2024-01-12 04:30:00,long,18163.87429,18159.712262,18159.712262,18170.698345999997,-9.662027999998827,stop_loss,1
2024-01-15 02:05:00,2024-01-15 02:30:00,long,18235.163116,18225.641026,18225.641026,18252.707295999997,-15.02208999999857,stop_loss,5
2024-01-16 02:00:00,2024-01-16 05:50:00,short,18033.160788,18096.283499,18096.283499,17908.415366,-68.62271099999998,stop_loss,46
2024-01-18 02:55:00,2024-01-18 03:10:00,long,18108.665651,18127.817848999995,18098.339552,18127.817848999995,13.652197999996133,take_profit,3
2024-01-18 03:35:00,2024-01-18 03:55:00,long,18142.702045,18130.499924,18130.499924,18165.606287000006,-17.70212100000208,stop_loss,4
2024-01-18 04:15:00,2024-01-18 04:20:00,long,18136.537974,18128.891905,18128.891905,18150.330111999996,-13.146068999998533,stop_loss,1
2024-01-19 03:45:00,2024-01-19 03:55:00,long,18449.029592,18467.109778,18439.239499,18467.109778,12.58018599999923,take_profit,2
2024-01-19 03:55:00,2024-01-19 04:15:00,long,18467.253803,18455.855691,18455.855691,18488.550026999997,-16.898111999998946,stop_loss,4
2024-01-19 04:20:00,2024-01-19 04:25:00,long,18463.501759,18456.6597,18456.6597,18475.685876999996,-12.342058999998699,stop_loss,1
2024-01-19 04:30:00,2024-01-19 04:45:00,long,18463.769762,18476.489886,18456.6597,18476.489886,7.220123999999487,take_profit,3
2024-01-22 03:15:00,2024-01-22 03:20:00,long,18799.845653,18791.931582,18791.931582,18814.173795,-13.41407099999924,stop_loss,1
2024-01-22 03:40:00,2024-01-22 06:10:00,long,18797.433625,18823.553903000004,18783.623486,18823.553903000004,20.620278000002145,take_profit,30
2024-01-23 04:55:00,2024-01-23 05:30:00,long,18705.508561,18721.444722999997,18696.79048,18721.444722999997,10.436161999998149,take_profit,7
2024-01-24 01:00:00,2024-01-24 02:35:00,long,18894.986755,18914.674961000008,18884.392652,18914.674961000008,14.188206000006176,take_profit,19
2024-01-24 02:50:00,2024-01-24 07:00:00,long,18919.375037,18943.887297000005,18906.368907,18943.887297000005,19.012260000003153,take_profit,50
2024-01-25 01:00:00,2024-01-25 01:10:00,long,18893.914742,18902.882822,18888.680702,18902.882822,3.4680799999987357,take_profit,2
2024-01-25 01:15:00,2024-01-25 01:20:00,long,18911.066941,18902.34886,18902.34886,18927.003103000006,-14.218081000002712,stop_loss,1
2024-01-25 01:40:00,2024-01-25 01:45:00,long,18907.582901,18899.132823,18899.132823,18922.983057000005,-13.950078000001668,stop_loss,1
2024-01-25 03:20:00,2024-01-25 03:40:00,long,18890.966708,18901.006800000003,18885.196662,18901.006800000003,4.540092000002915,take_profit,4
2024-01-26 04:50:00,2024-01-26 05:00:00,short,18791.341566,18803.543687,18803.543687,18768.437323999995,-17.70212100000208,stop_loss,2
2024-01-30 02:25:00,2024-01-30 02:35:00,long,18976.191695,18994.807887000003,18966.133599,18994.807887000003,13.11619200000132,take_profit,2
2024-01-30 02:50:00,2024-01-30 03:10:00,long,18989.859853,18980.337763,18980.337763,19007.404033000006,-15.022090000002208,stop_loss,4
2024-01-31 04:00:00,2024-01-31 05:00:00,short,18625.179643,18604.955433,18636.041748,18604.955433,14.724210000000312,take_profit,12
2024-02-01 03:00:00,2024-02-01 05:00:00,short,18583.639162,18607.097413,18607.097413,18538.22266,-28.95825100000002,stop_loss,24
2024-02-05 02:00:00,2024-02-05 03:45:00,long,18978.33572,18959.969527,18959.969527,19013.568105999995,-23.86619299999802,stop_loss,21
2024-02-05 04:30:00,2024-02-05 05:50:00,long,18993.07589,18977.925735,18977.925735,19021.8762,-20.65015499999936,stop_loss,16
2024-02-07 01:20:00,2024-02-07 02:35:00,short,18908.726925,18921.733056,18921.733056,18884.214662999995,-18.506131000001915,stop_loss,15
2024-02-07 03:20:00,2024-02-07 04:40:00,long,18945.103335,18930.221183,18930.221183,18973.367638999996,-20.382151999998314,stop_loss,16
2024-02-08 01:05:00,2024-02-08 01:50:00,long,19143.157628,19134.975554,19134.975554,19158.021776,-13.682074000000284,stop_loss,9
2024-02-09 01:00:00,2024-02-09 01:40:00,long,19156.021777,19173.029951000004,19146.76769,19173.029951000004,11.508174000002327,take_profit,8
2024-02-09 02:55:00,2024-02-09 03:00:00,long,19210.426407,19200.368311,19200.368311,19229.042599,-15.55809600000066,stop_loss,1
2024-02-09 04:40:00,2024-02-09 04:50:00,long,19206.40636,19202.244332,19202.244332,19213.230416000006,-9.662028000002465,stop_loss,2
2024-02-12 01:00:00,2024-02-12 01:20:00,long,19324.595729,19338.387867000005,19316.94966,19338.387867000005,8.292138000004343,take_profit,4
2024-02-12 01:45:00,2024-02-12 02:30:00,long,19340.139909,19353.396039000003,19332.761844,19353.396039000003,7.756130000001576,take_profit,9
2024-02-12 02:50:00,2024-02-12 03:05:00,long,19344.695961,19357.416085,19337.585899,19357.416085,7.220123999999487,take_profit,3
2024-02-12 03:15:00,2024-02-12 04:05:00,long,19355.148082,19344.821983,19344.821983,19374.300279999996,-15.826098999998067,stop_loss,10
2024-02-13 01:05:00,2024-02-13 01:30:00,long,19246.606826,19240.836779,19240.836779,19256.646919999996,-11.270046999998158,stop_loss,5
2024-02-13 02:50:00,2024-02-13 03:35:00,short,19186.914146,19160.257859999994,19200.992289,19160.257859999994,21.15628600000491,take_profit,9
2024-02-15 01:40:00,2024-02-15 01:55:00,long,19206.40636,19200.100308,19200.100308,19217.518464,-11.806051999999909,stop_loss,3
2024-02-15 02:05:00,2024-02-15 02:50:00,long,19206.674363,19199.028295,19199.028295,19220.466498999995,-13.146067999998195,stop_loss,9
2024-02-15 04:30:00,2024-02-15 04:50:00,long,19185.770121,19175.176019,19175.176019,19205.458325000007,-16.09410200000275,stop_loss,4
2024-02-15 04:55:00,2024-02-15 06:05:00,long,19186.038125,19204.118313,19176.248031,19204.118313,12.580187999999907,take_profit,14
2024-02-16 02:10:00,2024-02-16 02:15:00,long,19276.623173,19285.591253,19271.389133,19285.591253,3.4680799999987357,take_profit,1
2024-02-16 03:25:00,2024-02-16 03:55:00,long,19314.947617,19298.993453,19298.993453,19345.355945000007,-21.454164000002493,stop_loss,6
2024-02-16 04:00:00,2024-02-16 06:10:00,long,19316.019629,19300.333468,19300.333468,19345.891950999994,-21.18616099999781,stop_loss,26
2024-02-19 01:00:00,2024-02-19 01:15:00,short,19057.200644,19042.336494,19065.382719,19042.336494,9.364150000001246,take_profit,3
2024-02-19 01:45:00,2024-02-19 02:00:00,short,19033.080365,19044.74648,19044.74648,19011.248135,-17.16611499999999,stop_loss,3
2024-02-19 02:05:00,2024-02-19 02:10:00,short,19040.852455,19049.302533,19049.302533,19025.452299000004,-13.95007799999803,stop_loss,1
2024-02-19 02:20:00,2024-02-19 02:30:00,short,19022.360241,19045.282486,19045.282486,18978.015750999995,-28.422245000001567,stop_loss,2
2024-02-19 03:35:00,2024-02-19 03:40:00,short,19058.54066,19060.558663,19060.558663,19056.004653999997,-7.518003000001045,stop_loss,1
2024-02-19 04:20:00,2024-02-19 05:45:00,short,19055.05662,19040.728478,19062.970691,19040.728478,8.82814199999848,take_profit,17
2024-02-20 02:05:00,2024-02-20 02:20:00,short,18978.139729,18952.019448999996,18991.949869,18952.019448999996,20.620280000002822,take_profit,3
2024-02-20 02:20:00,2024-02-20 02:55:00,short,18916.231012,18957.377468,18957.377468,18835.438100000003,-46.64645599999858,stop_loss,7
2024-02-20 03:25:00,2024-02-20 04:00:00,short,18942.227313,18917.179045,18955.501447,18917.179045,19.548267999998643,take_profit,7
2024-02-21 03:10:00,2024-02-21 03:20:00,short,18785.445498,18795.235591,18795.235591,18767.365312,-15.290092999999615,stop_loss,2
2024-02-21 03:25:00,2024-02-21 03:35:00,short,18786.785514,18797.647619,18797.647619,18766.561304,-16.362105000000156,stop_loss,2
2024-02-22 02:40:00,2024-02-22 03:00:00,long,19174.245988,19164.991901,19164.991901,19191.254161999994,-14.754086999997526,stop_loss,4
2024-02-22 03:05:00,2024-02-22 03:15:00,long,19175.586004,19163.651886,19163.651886,19197.954240000003,-17.434118000001035,stop_loss,2
2024-02-23 04:10:00,2024-02-23 04:40:00,long,19308.783546,19323.111689999998,19300.869474,19323.111689999998,8.828143999999156,take_profit,6
2024-02-26 02:15:00,2024-02-26 03:05:00,long,19249.822863,19238.960758,19238.960758,19270.047073,-16.362105000000156,stop_loss,10
2024-02-26 03:20:00,2024-02-26 03:35:00,long,19256.790944,19270.583081999997,19249.144875,19270.583081999997,8.292137999997067,take_profit,3
2024-02-26 04:10:00,2024-02-26 04:25:00,long,19280.911223,19288.271285,19276.481192,19288.271285,1.8600619999997434,take_profit,3
2024-02-26 04:25:00,2024-02-26 05:50:00,long,19292.971363,19277.285201,19277.285201,19322.843687000004,-21.186162000001787,stop_loss,17
2024-02-27 02:00:00,2024-02-27 02:15:00,long,19281.715232,19266.565077,19266.565077,19310.515541999997,-20.65015499999936,stop_loss,3
2024-02-27 02:20:00,2024-02-27 02:25:00,long,19275.819164,19267.369086,19267.369086,19291.219320000004,-13.950078000001668,stop_loss,1
2024-02-27 03:15:00,2024-02-27 03:25:00,long,19290.559335,19302.207447000004,19283.985279,19302.207447000004,6.148112000002584,take_profit,2
2024-02-27 04:50:00,2024-02-27 05:05:00,long,19317.359645,19305.425527,19305.425527,19339.727881000003,-17.434118000001035,stop_loss,3
2024-02-28 02:30:00,2024-02-28 02:35:00,short,19245.874829,19255.932925,19255.932925,19227.258637,-15.55809600000066,stop_loss,1
2024-02-29 01:25:00,2024-02-29 01:50:00,short,19194.418233,19179.018077000004,19202.868311,19179.018077000004,9.900155999996059,take_profit,5
2024-02-29 01:55:00,2024-02-29 02:00:00,short,19176.998031,19184.912103,19184.912103,19162.669887,-13.414071999999578,stop_loss,1
2024-02-29 02:30:00,2024-02-29 02:35:00,short,19144.837659,19155.163758,19155.163758,19125.685461000005,-15.826098999998067,stop_loss,1
2024-02-29 02:45:00,2024-02-29 03:45:00,short,19147.249687,19162.131839,19162.131839,19118.985382999996,-20.382152000001952,stop_loss,12
2024-03-01 04:35:00,2024-03-01 04:50:00,long,19371.764275,19358.222138,19358.222138,19397.348549000002,-19.042137000000366,stop_loss,3
2024-03-01 04:55:00,2024-03-01 06:50:00,long,19366.13621,19401.904602,19347.502014,19401.904602,30.26839199999813,take_profit,23
2024-03-04 01:25:00,2024-03-04 03:05:00,long,19678.627828,19694.027984000004,19670.17775,19694.027984000004,9.900156000003335,take_profit,20
2024-03-06 01:00:00,2024-03-06 01:25:00,short,19269.459102,19279.517198,19279.517198,19250.84291,-15.55809600000066,stop_loss,5
2024-03-06 04:55:00,2024-03-06 05:05:00,short,19350.932045,19362.866163,19362.866163,19328.563809000007,-17.434117999997397,stop_loss,2
2024-03-07 01:55:00,2024-03-07 02:05:00,short,19241.586779,19259.952972,19259.952972,19206.354393000005,-23.86619299999802,stop_loss,2
2024-03-07 04:45:00,2024-03-07 04:50:00,long,19409.284709,19415.572758999995,19405.390684,19415.572758999995,0.7880499999955646,take_profit,1
2024-03-08 02:10:00,2024-03-08 05:25:00,long,19650.487502,19624.081216,19624.081216,19701.800074000002,-31.906286000001273,stop_loss,39
2024-03-11 01:15:00,2024-03-11 01:30:00,short,19315.823639,19308.463577,19320.25367,19308.463577,1.8600619999997434,take_profit,3
2024-03-11 01:40:00,2024-03-11 01:45:00,short,19316.895651,19321.861688,19321.861688,19308.463576999995,-10.466037000001961,stop_loss,1
2024-03-11 02:55:00,2024-03-11 03:00:00,short,19321.719707,19338.209878,19338.209878,19290.239364999998,-21.990171000001283,stop_loss,1
2024-03-11 03:45:00,2024-03-11 04:00:00,short,19272.139133,19312.749583,19312.749583,19192.418233,-46.11045000000013,stop_loss,3
2024-03-12 01:50:00,2024-03-12 02:05:00,short,19371.372466,19383.169432,19383.169432,19349.278534000005,-17.296965999998065,stop_loss,3
2024-03-12 03:00:00,2024-03-12 03:05:00,long,19391.408823,19372.208829,19372.208829,19428.308811000006,-24.699994000002334,stop_loss,1
2024-03-12 03:05:00,2024-03-12 03:30:00,short,19376.131555,19328.127025,19400.88382,19328.127025,42.50452999999834,take_profit,5
2024-03-12 03:30:00,2024-03-12 03:35:00,short,19345.197476,19352.76414,19352.76414,19331.564148000005,-13.066663999998127,stop_loss,1
2024-03-12 03:45:00,2024-03-12 05:25:00,short,19343.611113,19355.672473,19355.672473,19320.988393,-17.561359999999695,stop_loss,20
2024-03-13 02:50:00,2024-03-13 03:00:00,long,19564.851184,19558.606488,19558.606488,19575.840575999995,-11.74469599999793,stop_loss,2
2024-03-14 01:05:00,2024-03-14 01:20:00,long,19442.701228,19452.633042000005,19436.985321,19452.633042000005,4.4318140000032145,take_profit,3
2024-03-14 01:20:00,2024-03-14 01:25:00,long,19450.897438,19445.710318,19445.710318,19459.771677999997,-10.687119999998686,stop_loss,1
2024-03-14 01:55:00,2024-03-14 02:00:00,long,19449.839862,19438.571684,19438.571684,19470.876218000005,-16.76817800000208,stop_loss,1
2024-03-14 03:45:00,2024-03-14 05:50:00,long,19472.313339,19461.04516,19461.04516,19493.349696999998,-16.76817899999878,stop_loss,25
2024-03-15 01:25:00,2024-03-15 01:45:00,short,19259.533871,19271.595231,19271.595231,19236.911151,-17.561359999999695,stop_loss,4
2024-03-15 01:50:00,2024-03-15 02:05:00,short,19260.591446,19272.388412,19272.388412,19238.497513999995,-17.296966000001703,stop_loss,3
2024-03-15 02:55:00,2024-03-15 03:00:00,short,19259.005083,19273.181594,19273.181594,19232.152060999997,-19.676511000001483,stop_loss,1
2024-03-18 04:15:00,2024-03-18 04:40:00,short,19219.874794,19227.705853,19227.705853,19205.712676,-13.331059000000096,stop_loss,5
2024-03-18 04:45:00,2024-03-18 05:10:00,short,19220.403582,19228.763428,19228.763428,19205.18389,-13.85984599999938,stop_loss,5
2024-03-19 01:05:00,2024-03-19 01:30:00,short,19229.128579,19239.603576,19239.603576,19209.678584999998,-15.974997000001167,stop_loss,5
2024-03-19 01:40:00,2024-03-19 02:00:00,short,19233.35888,19221.840702,19239.867969,19221.840702,6.018177999998443,take_profit,4
2024-03-19 02:15:00,2024-03-19 02:30:00,short,19232.036911,19238.546,19238.546,19220.518733,-12.009088999999221,stop_loss,3
2024-03-19 02:40:00,2024-03-19 03:00:00,short,19229.392973,19241.98312,19241.98312,19205.712679000004,-18.09014699999898,stop_loss,4
2024-03-19 03:05:00,2024-03-19 03:25:00,short,19215.908887,19240.132363,19240.132363,19168.961935000003,-29.72347599999921,stop_loss,4
2024-03-20 01:10:00,2024-03-20 02:10:00,long,19302.836886,19326.517182,19290.246738,19326.517182,18.180295999998634,take_profit,12
2024-03-20 02:40:00,2024-03-20 02:55:00,long,19323.988393,19315.892941,19315.892941,19338.679297000002,-13.595452000001387,stop_loss,3
2024-03-21 02:50:00,2024-03-21 03:00:00,long,19739.615514,19725.174609,19725.174609,19766.997324,-19.940904999999475,stop_loss,2
2024-03-25 02:10:00,2024-03-25 03:10:00,long,19612.706469,19627.397373000003,19604.611017,19627.397373000003,9.190904000002774,take_profit,12
2024-03-25 03:25:00,2024-03-25 04:05:00,long,19620.638285,19608.841319,19608.841319,19642.732217000004,-17.296966000001703,stop_loss,8
2024-03-26 01:30:00,2024-03-26 01:50:00,long,19620.109497,19635.857977000003,19611.485257,19635.857977000003,10.248480000002019,take_profit,4
2024-03-26 01:50:00,2024-03-26 02:00:00,long,19637.559491,19648.548883000003,19631.314795,19648.548883000003,5.489392000003136,take_profit,2
2024-03-26 02:00:00,2024-03-26 02:50:00,long,19663.470087,19643.476912,19643.476912,19701.956437000008,-25.493175000003248,stop_loss,10
2024-03-26 04:45:00,2024-03-26 06:25:00,long,19676.689779,19665.685995,19665.685995,19697.197347,-16.50378400000045,stop_loss,20
2024-03-28 01:00:00,2024-03-28 01:30:00,short,19564.908759,19553.919369000007,19571.153454,19553.919369000007,5.489389999995183,take_profit,6
2024-03-28 02:00:00,2024-03-28 02:35:00,short,19554.068612,19563.221639,19563.221639,19537.262558,-14.653027000000293,stop_loss,7
2024-03-28 04:10:00,2024-03-28 04:20:00,short,19549.83831,19535.676194,19557.669368,19535.676194,8.662115999999514,take_profit,2
2024-03-28 04:40:00,2024-03-28 04:50:00,short,19530.53756,19536.782255,19536.782255,19519.548170000005,-11.744694999997591,stop_loss,2
2024-04-01 02:25:00,2024-04-01 03:00:00,long,19665.849632,19660.926906,19660.926906,19674.195084000003,-10.422726000000694,stop_loss,7
2024-04-02 02:25:00,2024-04-02 02:35:00,short,19513.616354,19534.931498,19534.931498,19472.486066,-26.815144000000146,stop_loss,2
2024-04-02 02:40:00,2024-04-02 03:00:00,short,19532.388316,19539.1618,19539.1618,19520.341347999998,-12.27348400000119,stop_loss,4
2024-04-02 03:40:00,2024-04-02 04:55:00,short,19546.929978,19525.364834,19558.46255,19525.364834,16.065144000000146,take_profit,15
2024-04-03 01:30:00,2024-04-03 01:35:00,short,19332.242178,19337.164904,19337.164904,19323.896726,-10.422726000000694,stop_loss,1
2024-04-03 03:05:00,2024-04-03 03:20:00,short,19335.414904,19342.45278,19342.45278,19322.839152000004,-12.537875999998505,stop_loss,3
2024-04-03 03:25:00,2024-04-03 03:30:00,short,19334.092934,19341.395205,19341.395205,19320.988392,-12.802271000000474,stop_loss,1
2024-04-03 04:20:00,2024-04-03 05:30:00,short,19335.943691,19311.734607,19348.798233,19311.734607,18.709084000001894,take_profit,14
2024-04-04 03:05:00,2024-04-04 03:15:00,long,19513.029991,19503.348175,19503.348175,19530.893623,-15.181816000000254,stop_loss,2
2024-04-04 03:45:00,2024-04-04 04:00:00,long,19509.857264,19505.198932,19505.198932,19517.673927999997,-10.158331999999064,stop_loss,3
2024-04-05 01:10:00,2024-04-05 01:35:00,short,19154.040727,19172.976327,19172.976327,19117.669527,-24.435600000000704,stop_loss,5
2024-04-05 01:50:00,2024-04-05 01:55:00,short,19154.833909,19164.25133,19164.25133,19137.499067000004,-14.917420999998285,stop_loss,1
2024-04-05 02:00:00,2024-04-05 02:10:00,short,19154.040727,19167.68845,19167.68845,19128.245280999996,-19.14772300000186,stop_loss,2
2024-04-05 04:05:00,2024-04-05 04:10:00,short,19175.192235,19182.758899,19182.758899,19161.558906999995,-13.066664000001765,stop_loss,1
2024-04-05 04:15:00,2024-04-05 04:50:00,short,19178.629355,19185.667232,19185.667232,19166.053601000003,-12.537876999998844,stop_loss,7
2024-04-08 01:15:00,2024-04-08 02:10:00,short,19338.852024,19355.936866,19355.936866,19306.18234,-22.584842000000208,stop_loss,11
2024-04-08 02:40:00,2024-04-08 03:15:00,long,19381.890645,19365.334589,19365.334589,19413.502757000002,-22.056056000001263,stop_loss,7
2024-04-08 03:15:00,2024-04-08 07:35:00,short,19351.278534,19389.250491,19389.250491,19276.834620000005,-43.47195699999793,stop_loss,52
2024-04-09 02:15:00,2024-04-09 02:35:00,long,19382.683826,19369.829285,19369.829285,19406.892908,-18.35454100000061,stop_loss,4
2024-04-09 02:35:00,2024-04-09 04:45:00,short,19356.302017,19377.881555,19377.881555,19314.642941000006,-27.079537999998138,stop_loss,26
2024-04-10 02:40:00,2024-04-10 04:35:00,long,19452.219407,19434.87017,19434.87017,19485.417881000005,-22.849237000002177,stop_loss,23
2024-04-11 02:15:00,2024-04-11 02:30:00,short,19244.463422,19259.961902,19259.961902,19214.966462000004,-20.99847999999838,stop_loss,3
2024-04-11 02:35:00,2024-04-11 03:00:00,short,19239.175545,19254.409631,19254.409631,19210.207372999997,-20.73408600000039,stop_loss,5
2024-04-11 03:20:00,2024-04-11 03:50:00,short,19241.819483,19217.081611,19254.938419,19217.081611,19.23787199999788,take_profit,6
2024-04-12 01:05:00,2024-04-12 01:10:00,long,19555.068612,19549.352704,19549.352704,19565.000427999996,-11.215907999998308,stop_loss,1
2024-04-12 01:15:00,2024-04-12 02:10:00,long,19567.759516,19549.08831,19549.08831,19603.601927999996,-24.171205999999074,stop_loss,11
2024-04-16 03:40:00,2024-04-16 03:55:00,short,18887.26734,18906.996121,18906.996121,18849.309777999995,-25.228781000001618,stop_loss,3
2024-04-16 04:10:00,2024-04-16 04:20:00,short,18894.14158,18882.094613999998,18900.915063,18882.094613999998,6.546966000001703,take_profit,2
2024-04-18 02:50:00,2024-04-18 03:00:00,short,18768.290111,18777.178745,18777.178745,18752.012842999993,-14.38863400000264,stop_loss,2
2024-04-18 03:50:00,2024-04-18 04:20:00,short,18745.287847,18726.366641,18755.49845,18726.366641,13.421205999999074,take_profit,6
2024-04-19 01:00:00,2024-04-19 01:05:00,short,18368.791014,18374.506922,18374.506922,18358.859197999995,-11.215908000001946,stop_loss,1
2024-04-19 03:05:00,2024-04-19 03:15:00,short,18421.140995,18441.13417,18441.13417,18382.654645000002,-25.49317499999961,stop_loss,2
2024-04-19 03:30:00,2024-04-19 04:30:00,short,18415.588725,18449.594773,18449.594773,18349.076629000003,-39.50604799999928,stop_loss,12
2024-04-22 02:05:00,2024-04-22 02:15:00,short,18283.127409,18256.803175,18297.039526,18256.803175,20.824233999999706,take_profit,2
2024-04-23 01:25:00,2024-04-23 01:35:00,short,18319.61376,18327.444818,18327.444818,18305.451644,-13.331057999999757,stop_loss,2
2024-04-23 04:30:00,2024-04-23 05:30:00,short,18375.665254,18407.556152,18407.556152,18313.383457999997,-37.39089800000147,stop_loss,12
2024-04-24 01:15:00,2024-04-24 01:30:00,long,18761.887083,18747.974967,18747.974967,18788.211315000008,-19.412116000003152,stop_loss,3
2024-04-25 01:25:00,2024-04-25 01:40:00,short,18418.761451,18436.903869,18436.903869,18383.976614999992,-23.64241800000309,stop_loss,3
2024-04-26 02:50:00,2024-04-26 03:25:00,long,18791.2348,18772.034806,18772.034806,18828.134787999996,-24.699993999998696,stop_loss,7
2024-04-29 03:05:00,2024-04-29 03:45:00,long,18937.973383,18926.176417,18926.176417,18960.067315000004,-17.296966000001703,stop_loss,8
2024-04-30 01:50:00,2024-04-30 01:55:00,long,18936.915807,18931.1999,18931.1999,18946.847621000004,-11.215907000001607,stop_loss,1
2024-05-01 02:25:00,2024-05-01 02:45:00,short,18495.435665,18473.870521,18506.968237,18473.870521,16.065144000000146,take_profit,4
2024-05-01 04:25:00,2024-05-01 05:45:00,short,18436.211444,18451.44553,18451.44553,18407.243272,-20.73408600000039,stop_loss,16
2024-05-02 01:35:00,2024-05-02 02:25:00,short,18548.578828,18561.433369,18561.433369,18524.369746000008,-18.35454099999697,stop_loss,10
2024-05-02 04:40:00,2024-05-02 04:50:00,short,18590.088661,18596.068962,18596.068962,18579.628059000002,-11.4803009999996,stop_loss,2
2024-05-03 03:25:00,2024-05-03 04:20:00,long,18777.750714,18765.689354,18765.689354,18800.37343400001,-17.561360000003333,stop_loss,11
2024-05-06 01:25:00,2024-05-06 01:40:00,long,19047.696827,19055.513490999998,19043.038495,19055.513490999998,2.316663999998127,take_profit,3
2024-05-06 02:05:00,2024-05-06 02:20:00,long,19058.801369,19052.29228,19052.29228,19070.319547,-12.009088999999221,stop_loss,3
2024-05-06 02:35:00,2024-05-06 02:50:00,long,19060.387732,19048.061978,19048.061978,19083.539239999995,-17.825753999997687,stop_loss,3
2024-05-06 03:55:00,2024-05-06 04:25:00,long,19066.733184,19077.722574000003,19060.488489,19077.722574000003,5.489390000002459,take_profit,6
2024-05-07 01:50:00,2024-05-07 02:20:00,long,19232.772517,19225.999034,19225.999034,19244.819483000003,-12.273483000000851,stop_loss,6
2024-05-08 01:25:00,2024-05-08 02:15:00,long,19240.968726,19258.832356,19231.286911,19258.832356,12.36362999999983,take_profit,10
2024-05-09 02:05:00,2024-05-09 02:20:00,long,19202.896013,19192.156622,19192.156622,19222.874795000007,-16.239391000002797,stop_loss,3
2024-05-10 01:20:00,2024-05-10 01:55:00,long,19284.064923,19301.399767000006,19274.647501,19301.399767000006,11.834844000004523,take_profit,7
2024-05-10 02:20:00,2024-05-10 02:45:00,long,19314.470215,19300.558098,19300.558098,19340.794449,-19.412116999999853,stop_loss,5
2024-05-13 01:50:00,2024-05-13 01:55:00,long,19349.370202,19344.71187,19344.71187,19357.186865999996,-10.158331999999064,stop_loss,1
2024-05-13 02:05:00,2024-05-13 02:15:00,long,19350.692171,19344.71187,19344.71187,19361.152772999998,-11.4803009999996,stop_loss,2
2024-05-13 03:10:00,2024-05-13 03:15:00,long,19344.346719,19337.573236,19337.573236,19356.393685000003,-12.273483000000851,stop_loss,1
2024-05-13 04:00:00,2024-05-13 04:35:00,long,19335.621722,19351.370202000002,19326.997482,19351.370202000002,10.248480000002019,take_profit,7
2024-05-14 03:55:00,2024-05-14 04:00:00,long,19360.210349,19357.402774,19357.402774,19364.325499000006,-8.307575000002544,stop_loss,1
2024-05-14 04:05:00,2024-05-14 04:25:00,long,19359.417168,19352.643685,19352.643685,19371.464134,-12.273483000000851,stop_loss,4
2024-05-14 04:55:00,2024-05-14 05:15:00,long,19355.186866,19347.091414,19347.091414,19369.877770000003,-13.595452000001387,stop_loss,4
2024-05-15 03:30:00,2024-05-15 05:35:00,long,19472.577733,19465.011068,19465.011068,19486.211062999995,-13.066664999998466,stop_loss,25
2024-05-16 02:00:00,2024-05-16 03:15:00,long,19801.219279,19787.042769,19787.042769,19828.072299000003,-19.676510000001144,stop_loss,15
2024-05-16 03:45:00,2024-05-16 03:55:00,long,19803.33443,19798.14731,19798.14731,19812.208669999996,-10.687119999998686,stop_loss,2
2024-05-16 04:00:00,2024-05-16 04:30:00,long,19800.426098,19794.974584,19794.974584,19809.829126,-10.951514000000316,stop_loss,6
2024-05-16 04:35:00,2024-05-16 05:15:00,long,19802.012461,19794.181402,19794.181402,19816.174579,-13.331059000000096,stop_loss,8
2024-05-17 01:15:00,2024-05-17 01:40:00,long,19744.638997,19737.865514,19737.865514,19756.685962999993,-12.273482999997213,stop_loss,5
2024-05-20 02:15:00,2024-05-20 02:25:00,long,19743.052634,19737.336726,19737.336726,19752.984449999996,-11.215907999998308,stop_loss,2
2024-05-20 03:00:00,2024-05-20 03:35:00,long,19743.845815,19731.784455,19731.784455,19766.468535,-17.561359999999695,stop_loss,7
2024-05-21 02:40:00,2024-05-21 03:00:00,long,19839.291993,19829.610177,19829.610177,19857.155625,-15.181816000000254,stop_loss,4
2024-05-22 02:20:00,2024-05-22 02:25:00,long,19887.676066,19883.282127,19883.282127,19894.963944000003,-9.89393900000141,stop_loss,1
2024-05-22 03:00:00,2024-05-22 03:25:00,long,19890.848792,19879.845007,19879.845007,19911.356362000002,-16.50378500000079,stop_loss,5
2024-05-23 01:55:00,2024-05-23 02:35:00,long,20034.414649,20026.319196,20026.319196,20049.105554999995,-13.595452999998088,stop_loss,8
2024-05-23 02:35:00,2024-05-23 02:45:00,long,20033.092679,20024.997227,20024.997227,20047.783583000004,-13.595452000001387,stop_loss,2
2024-05-23 03:25:00,2024-05-23 03:40:00,long,20036.265405,20027.376772,20027.376772,20052.542670999996,-14.388632999998663,stop_loss,3
2024-05-24 01:00:00,2024-05-24 02:15:00,short,19779.596559,19759.617777000003,19790.33595,19759.617777000003,14.478781999998318,take_profit,15
2024-05-24 04:25:00,2024-05-24 05:05:00,short,19808.679882,19816.510941,19816.510941,19794.517764,-13.331059000000096,stop_loss,8
2024-05-27 02:10:00,2024-05-27 02:25:00,long,19968.580582,19962.071493,19962.071493,19980.098759999997,-12.009088999999221,stop_loss,3
2024-05-27 04:05:00,2024-05-27 04:30:00,long,19970.166945,19963.657856,19963.657856,19981.685123,-12.009088999999221,stop_loss,5
2024-05-27 04:35:00,2024-05-27 04:45:00,long,19967.523006,19961.278311,19961.278311,19978.512396000002,-11.74469500000123,stop_loss,2
2024-05-28 01:30:00,2024-05-28 02:10:00,long,20013.263141,20030.597982999996,20003.84572,20030.597982999996,11.83484199999657,take_profit,8
2024-05-29 02:30:00,2024-05-29 03:00:00,short,19931.623019,19959.812403,19959.812403,19876.744250999996,-33.689384000001155,stop_loss,6
2024-05-29 03:05:00,2024-05-29 08:00:00,short,19924.219991,19848.718501000007,19962.720736,19848.718501000007,70.0014899999951,take_profit,59
2024-05-30 01:35:00,2024-05-30 02:00:00,short,19738.879908,19749.354905,19749.354905,19719.429913999997,-15.974997000001167,stop_loss,5
2024-05-30 04:55:00,2024-05-30 05:10:00,short,19808.415488,19799.012459999998,19813.867002,19799.012459999998,3.9030280000006314,take_profit,3
2024-05-31 04:40:00,2024-05-31 04:50:00,short,19601.395109,19610.548137,19610.548137,19584.589053,-14.653028000000631,stop_loss,2
2024-06-03 01:05:00,2024-06-03 01:20:00,short,19712.969311,19722.651126,19722.651126,19695.105681,-15.181814999999915,stop_loss,3
2024-06-03 02:15:00,2024-06-03 03:10:00,short,19715.348856,19730.582942,19730.582942,19686.380684,-20.73408600000039,stop_loss,11
2024-06-03 04:50:00,2024-06-03 07:10:00,long,19742.259452,19771.227623999992,19727.025366,19771.227623999992,23.4681719999935,take_profit,28
2024-06-04 01:40:00,2024-06-04 02:10:00,short,19668.815539,19650.423120999996,19678.761748,19650.423120999996,12.89241800000309,take_profit,6
2024-06-04 04:15:00,2024-06-04 04:30:00,short,19604.832229,19620.595103,19620.595103,19574.806481,-21.26287400000001,stop_loss,3
2024-06-04 04:45:00,2024-06-04 05:15:00,short,19606.94738,19624.032223,19624.032223,19574.277694000008,-22.58484299999691,stop_loss,6
2024-06-05 02:45:00,2024-06-05 03:00:00,long,19803.070036,19826.750330000006,19790.479889,19826.750330000006,18.180294000005233,take_profit,3
2024-06-05 04:05:00,2024-06-05 06:35:00,long,19854.098048,19880.951070000003,19839.921537,19880.951070000003,21.353022000002966,take_profit,30
2024-06-06 02:10:00,2024-06-06 02:30:00,long,20196.488074,20185.219896,20185.219896,20217.524430000005,-16.76817800000208,stop_loss,4
2024-06-06 02:35:00,2024-06-06 02:40:00,long,20190.67141,20184.16232,20184.16232,20202.189589999998,-12.00908999999956,stop_loss,1
2024-06-06 03:00:00,2024-06-06 03:10:00,long,20195.959286,20187.59944,20187.59944,20211.178978,-13.85984599999938,stop_loss,2
2024-06-07 02:00:00,2024-06-07 02:15:00,long,20197.016862,20187.59944,20187.59944,20214.351705999998,-14.917421999998624,stop_loss,3
2024-06-07 03:25:00,2024-06-07 03:50:00,long,20190.935803,20180.460807,20180.460807,20210.385795000002,-15.974996000000829,stop_loss,5
2024-06-07 04:45:00,2024-06-07 04:50:00,long,20181.153231,20176.759293,20176.759293,20188.441107000002,-9.893938000001071,stop_loss,1
2024-06-11 01:45:00,2024-06-11 01:50:00,long,20203.891102,20197.117619,20197.117619,20215.938068000003,-12.273483000000851,stop_loss,1
2024-06-11 03:10:00,2024-06-11 03:15:00,long,20198.074437,20187.863834,20187.863834,20216.995643,-15.710602999999537,stop_loss,1
2024-06-12 03:45:00,2024-06-12 04:45:00,long,20369.666041,20381.713007000002,20362.892558,20381.713007000002,6.546966000001703,take_profit,12
2024-06-13 02:40:00,2024-06-13 03:15:00,long,20775.774984,20765.035593,20765.035593,20795.753765999998,-16.23939099999916,stop_loss,7
2024-06-13 04:00:00,2024-06-13 04:10:00,long,20773.659833,20769.794682,20769.794682,20779.890135000005,-9.365151000001788,stop_loss,2
2024-06-14 02:50:00,2024-06-14 03:00:00,long,20777.890134,20768.208319,20768.208319,20795.753764,-15.181814999999915,stop_loss,2
2024-06-18 01:20:00,2024-06-18 01:25:00,long,21085.406741,21076.089326,21076.089326,21102.541570999994,-14.817414999997709,stop_loss,1
2024-06-18 01:30:00,2024-06-18 01:45:00,long,21083.319178,21075.045544,21075.045544,21098.366446000004,-13.773634000001039,stop_loss,3
2024-06-18 01:50:00,2024-06-18 02:30:00,long,21078.622162,21091.581868,21071.392309,21091.581868,7.459706000001461,take_profit,8
2024-06-18 03:30:00,2024-06-18 03:55:00,long,21104.455752,21121.068692000008,21095.399282,21121.068692000008,11.112940000006347,take_profit,5
2024-06-18 04:05:00,2024-06-18 04:15:00,long,21127.418944,21121.232873,21121.232873,21138.291086,-11.686071000000084,stop_loss,2
2024-06-18 04:50:00,2024-06-18 05:00:00,long,21123.504763,21117.318692,21117.318692,21134.376905,-11.686071000000084,stop_loss,2
2024-06-19 01:25:00,2024-06-19 07:55:00,long,21115.676403,21132.289343,21106.619933,21132.289343,11.112939999999071,take_profit,78
2024-06-20 02:30:00,2024-06-20 02:35:00,long,21243.017737,21236.04883,21236.04883,21255.455550999995,-12.46890699999858,stop_loss,1
2024-06-20 02:50:00,2024-06-20 02:55:00,long,21228.143851,21223.784398,21223.784398,21235.362757000003,-9.85945300000094,stop_loss,1
2024-06-21 01:40:00,2024-06-21 01:50:00,short,20956.021625,20947.758935000005,20960.90297,20947.758935000005,2.762689999995928,take_profit,2
2024-06-21 03:20:00,2024-06-21 03:25:00,short,20840.683778,20858.873335,20858.873335,20805.804663999996,-23.689557000001514,stop_loss,1
2024-06-21 03:50:00,2024-06-21 04:05:00,short,20843.032286,20862.265625,20862.265625,20806.065608000004,-24.733338999998523,stop_loss,3
2024-06-21 04:10:00,2024-06-21 04:20:00,short,20847.207412,20864.875078,20864.875078,20813.372079999997,-23.16766600000119,stop_loss,2
2024-06-24 02:10:00,2024-06-24 02:40:00,short,20870.692494,20885.489762,20885.489762,20842.597957999995,-20.297268000002077,stop_loss,6
2024-06-24 03:50:00,2024-06-24 04:45:00,short,20873.301947,20832.160143,20894.622849,20832.160143,35.641803999998956,take_profit,11
2024-06-25 01:50:00,2024-06-25 02:10:00,short,20647.323268,20621.838186,20660.815809,20621.838186,19.985081999999238,take_profit,4
2024-06-25 02:25:00,2024-06-25 03:10:00,short,20614.183208,20632.372765,20632.372765,20579.304093999996,-23.689557000001514,stop_loss,9
2024-06-26 01:05:00,2024-06-26 01:25:00,long,20886.044488,20896.91663,20879.858417,20896.91663,5.372142000000167,take_profit,4
2024-06-26 01:35:00,2024-06-26 01:55:00,long,20894.133794,20887.164887,20887.164887,20906.571608000006,-12.468907000002218,stop_loss,4
2024-06-26 02:15:00,2024-06-26 02:50:00,long,20895.438521,20935.536543,20874.63951,20935.536543,34.59802199999831,take_profit,7
2024-06-26 03:10:00,2024-06-26 03:15:00,long,20937.711669,20929.69898,20929.69898,20952.237047,-13.512688999999227,stop_loss,1
2024-06-26 03:40:00,2024-06-26 03:50:00,long,20938.494505,20932.047489,20932.047489,20949.888536999995,-11.947015999998257,stop_loss,2
2024-06-27 02:00:00,2024-06-27 02:50:00,long,20833.594472,20825.059892,20825.059892,20849.163632,-14.03457999999955,stop_loss,10
2024-06-27 03:35:00,2024-06-27 04:15:00,long,20830.463127,20848.641738999995,20820.623821,20848.641738999995,12.678611999996065,take_profit,8
2024-06-28 02:40:00,2024-06-28 02:50:00,long,20998.250992,20986.063178,20986.063178,21021.126620000003,-17.6878140000008,stop_loss,2
2024-07-01 02:40:00,2024-07-01 02:45:00,short,20832.333526,20839.041488,20839.041488,20820.417601999998,-12.207962000000407,stop_loss,1
2024-07-01 02:50:00,2024-07-01 03:05:00,short,20820.069094,20840.346215,20840.346215,20781.014851999993,-25.777121000002808,stop_loss,3
2024-07-01 03:10:00,2024-07-01 03:15:00,short,20839.379051,20852.349701,20852.349701,20814.937751,-18.470649999999296,stop_loss,1
2024-07-01 03:35:00,2024-07-01 06:15:00,short,20812.762624,20848.696466,20848.696466,20742.394939999995,-41.43384200000219,stop_loss,32
2024-07-02 03:00:00,2024-07-02 06:50:00,short,20828.680291,20785.450925,20851.044974,20785.450925,37.72936599999957,take_profit,46
2024-07-03 01:50:00,2024-07-03 01:55:00,long,21136.03014,21131.670687,21131.670687,21143.249045999994,-9.859452999997302,stop_loss,1
2024-07-03 02:10:00,2024-07-03 02:45:00,long,21133.681632,21123.05949,21123.05949,21153.425916,-16.122142000000167,stop_loss,7
2024-07-03 03:45:00,2024-07-03 03:55:00,long,21168.64831,21154.372933,21154.372933,21195.699064000004,-19.775377000001754,stop_loss,2
2024-07-03 04:15:00,2024-07-03 04:30:00,long,21152.469698,21143.152283,21143.152283,21169.604528000003,-14.817415000001347,stop_loss,3
2024-07-03 04:40:00,2024-07-03 05:05:00,long,21158.993332,21148.37119,21148.37119,21178.73761599999,-16.12214199999653,stop_loss,5
2024-07-04 03:25:00,2024-07-04 03:55:00,long,21298.338153,21291.369245,21291.369245,21310.775969,-12.468907999998919,stop_loss,6
2024-07-05 02:00:00,2024-07-05 02:20:00,long,21343.742645,21336.512792,21336.512792,21356.702350999993,-12.729852999997092,stop_loss,4
2024-07-05 03:30:00,2024-07-05 03:35:00,long,21342.959809,21334.686175,21334.686175,21358.007077000002,-13.773634000001039,stop_loss,1
2024-07-05 03:40:00,2024-07-05 03:45:00,long,21336.175229,21324.509306,21324.509306,21358.007075,-17.165923000000475,stop_loss,1
2024-07-05 04:50:00,2024-07-05 05:00:00,long,21337.479956,21324.770251,21324.770251,21361.399365999994,-18.209704999997484,stop_loss,2
2024-07-08 01:15:00,2024-07-08 01:25:00,long,21493.264334,21498.395678,21489.948662,21498.395678,-0.36865599999873666,take_profit,2
2024-07-08 01:40:00,2024-07-08 01:50:00,long,21500.570804,21494.384733,21494.384733,21511.442946,-11.686071000000084,stop_loss,2
2024-07-08 02:10:00,2024-07-08 06:05:00,long,21501.875531,21525.273051000007,21489.426771,21525.273051000007,17.897520000005898,take_profit,47
2024-07-09 03:15:00,2024-07-09 03:25:00,long,21643.829805,21637.90468,21637.90468,21654.180055000004,-11.425125000001572,stop_loss,2
2024-07-09 03:50:00,2024-07-09 04:25:00,long,21642.525078,21650.787765999994,21637.643734,21650.787765999994,2.7626879999952507,take_profit,7
2024-07-10 01:05:00,2024-07-10 01:30:00,long,21609.385018,21617.125816,21604.764619,21617.125816,2.240797999998904,take_profit,5
2024-07-10 03:50:00,2024-07-10 04:40:00,long,21633.652936,21629.554428,21629.554428,21640.349951999997,-9.598507999999129,stop_loss,10
2024-07-10 04:50:00,2024-07-10 05:15:00,long,21635.218608,21645.046968,21629.554428,21645.046968,4.32835999999952,take_profit,5
2024-07-11 02:45:00,2024-07-11 03:55:00,long,21797.787566,21791.601495,21791.601495,21808.659708,-11.686071000000084,stop_loss,14
2024-07-12 02:25:00,2024-07-12 02:40:00,short,21298.903825,21272.896853000006,21312.657311,21272.896853000006,20.506971999995585,take_profit,3
2024-07-12 03:10:00,2024-07-12 03:15:00,short,21302.035169,21311.61353,21311.61353,21284.378447,-15.078360999999859,stop_loss,1
2024-07-15 01:10:00,2024-07-15 01:15:00,long,21510.225782,21521.097924,21504.039711,21521.097924,5.372142000000167,take_profit,1
2024-07-15 01:15:00,2024-07-15 06:05:00,long,21520.402651,21542.756389,21508.475782,21542.756389,16.853737999997975,take_profit,58
2024-07-16 02:55:00,2024-07-16 03:10:00,short,21482.087465,21447.208349000004,21500.277023,21447.208349000004,29.37911599999643,take_profit,3
2024-07-16 04:35:00,2024-07-16 04:45:00,short,21477.91234,21491.665826,21491.665826,21451.905367999996,-19.25348600000143,stop_loss,2
2024-07-17 01:30:00,2024-07-17 01:35:00,short,21332.826721,21341.100355,21341.100355,21317.779453000006,-13.7736339999974,stop_loss,1
2024-07-17 02:00:00,2024-07-17 02:55:00,short,21317.17,21242.627191999993,21355.191404,21242.627191999993,69.0428080000056,take_profit,11
2024-07-17 03:05:00,2024-07-17 03:25:00,short,21245.931917,21199.049315000004,21270.123218,21199.049315000004,41.38260199999786,take_profit,4
2024-07-17 03:35:00,2024-07-17 03:50:00,short,21210.182403,21229.415742,21229.415742,21173.215724999995,-24.73333900000216,stop_loss,3
2024-07-17 04:00:00,2024-07-17 04:05:00,short,21229.231414,21237.505048,21237.505048,21214.184146000007,-13.7736339999974,stop_loss,1
2024-07-18 02:45:00,2024-07-18 02:50:00,short,20955.238789,20968.470385,20968.470385,20930.275596999996,-18.731596000001446,stop_loss,1
2024-07-18 03:05:00,2024-07-18 03:20:00,short,20952.890281,20970.557948,20970.557948,20919.054946999997,-23.16766700000153,stop_loss,3
2024-07-19 02:55:00,2024-07-19 03:15:00,short,20662.97999,20704.915574,20704.915574,20580.608822000002,-47.435583999998926,stop_loss,4
2024-07-19 04:35:00,2024-07-19 04:45:00,short,20689.857361,20726.052148,20726.052148,20618.967786999998,-41.69478700000036,stop_loss,2
2024-07-22 01:00:00,2024-07-22 01:05:00,short,20647.584213,20655.596902,20655.596902,20633.058834999993,-13.512689000002865,stop_loss,1
2024-07-22 02:15:00,2024-07-22 02:30:00,short,20645.235705,20666.817552,20666.817552,20603.572010999997,-27.08184700000129,stop_loss,3
2024-07-22 04:10:00,2024-07-22 04:15:00,short,20694.554378,20686.291690000005,20699.435722,20686.291690000005,2.7626879999952507,take_profit,1
2024-07-23 02:45:00,2024-07-23 03:05:00,short,20778.317837,20751.267082999995,20792.593214,20751.267082999995,21.550754000003508,take_profit,4
2024-07-23 03:15:00,2024-07-23 03:40:00,short,20774.664602,20790.505652,20790.505652,20744.482502000003,-21.341049999999086,stop_loss,5
2024-07-24 01:50:00,2024-07-24 02:15:00,short,20589.132453,20600.276486,20600.276486,20568.344386999997,-16.64403300000049,stop_loss,5
2024-07-24 02:25:00,2024-07-24 02:30:00,short,20594.351361,20607.061066,20607.061066,20570.431951000006,-18.209704999997484,stop_loss,1
2024-07-24 02:50:00,2024-07-24 03:45:00,short,20580.260311,20612.019027,20612.019027,20518.242878999998,-37.25871600000028,stop_loss,11
2024-07-25 01:30:00,2024-07-25 01:40:00,short,20076.635772,20098.217619,20098.217619,20034.972078000006,-27.08184699999765,stop_loss,2
2024-07-25 02:20:00,2024-07-25 03:00:00,short,20038.015859,19983.826786999998,20065.860395,19983.826786999998,48.68907200000103,take_profit,8
2024-07-26 01:20:00,2024-07-26 01:40:00,short,19913.283979,19933.822044,19933.822044,19873.707849,-26.038065000000643,stop_loss,4
2024-07-26 01:45:00,2024-07-26 02:00:00,short,19931.028263,19941.650405,19941.650405,19911.283979,-16.122142000000167,stop_loss,3
2024-07-26 02:05:00,2024-07-26 02:10:00,short,19930.767318,19943.737968,19943.737968,19906.326017999992,-18.470650000002934,stop_loss,1
2024-07-26 04:40:00,2024-07-26 06:00:00,short,20027.83899,19999.744454000003,20042.636258,19999.744454000003,22.59453599999688,take_profit,16
2024-07-29 01:00:00,2024-07-29 01:15:00,short,20147.351964,20160.844505,20160.844505,20121.866882000002,-18.99254099999962,stop_loss,3
2024-07-29 01:20:00,2024-07-29 01:55:00,short,20148.1348,20163.453959,20163.453959,20118.996482000002,-20.819158999998763,stop_loss,7
2024-07-29 02:05:00,2024-07-29 02:15:00,short,20141.872111,20120.562153000003,20153.27709,20120.562153000003,15.809957999998005,take_profit,2
2024-07-29 03:20:00,2024-07-29 03:35:00,short,20110.297723,20078.549950999997,20126.921609,20078.549950999997,26.247772000002442,take_profit,3
2024-07-29 03:35:00,2024-07-29 04:25:00,short,20075.331045,20103.175581,20103.175581,20021.141972999998,-33.34453600000052,stop_loss,10
2024-07-31 01:05:00,2024-07-31 01:10:00,short,20011.138488,20032.198444,20032.198444,19970.518576,-26.559956000000966,stop_loss,1
2024-07-31 01:10:00,2024-07-31 06:45:00,long,20039.276805,20098.684785000005,20008.822815,20098.684785000005,53.90798000000359,take_profit,67
2024-08-01 02:35:00,2024-08-01 02:40:00,long,20512.892628,20492.093617,20492.093617,20552.990650000007,-26.299011000002793,stop_loss,1
2024-08-01 04:30:00,2024-08-01 06:05:00,long,20427.041605,20469.227188999997,20405.198813,20469.227188999997,36.685583999998926,take_profit,19
2024-08-02 01:00:00,2024-08-02 01:25:00,short,19583.709993,19539.436845,19606.596567,19539.436845,38.77314800000022,take_profit,5
2024-08-02 01:45:00,2024-08-02 01:50:00,short,19543.002517,19561.192075,19561.192075,19508.123401000004,-23.689557999998215,stop_loss,1
2024-08-02 01:55:00,2024-08-02 02:40:00,short,19522.126888,19561.974911,19561.974911,19443.930841999994,-45.348023000002286,stop_loss,9
2024-08-02 04:40:00,2024-08-02 05:05:00,short,19502.034096,19471.330105999998,19518.136091,19471.330105999998,25.203990000001795,take_profit,5
2024-08-06 01:00:00,2024-08-06 01:55:00,short,19131.230744,19051.990920000004,19171.600656,19051.990920000004,73.73982399999659,take_profit,11
2024-08-06 03:35:00,2024-08-06 03:45:00,short,18953.526955,18979.805819,18979.805819,18902.469227,-31.778863999999885,stop_loss,2
2024-08-06 03:55:00,2024-08-06 04:10:00,short,18965.269496,18871.416730000004,19012.945879,18871.416730000004,88.35276599999634,take_profit,3
2024-08-06 04:30:00,2024-08-06 05:10:00,short,18850.192594,18918.744605,18918.744605,18714.588572,-74.05201099999977,stop_loss,8
2024-08-07 02:50:00,2024-08-07 03:00:00,short,19047.206339,19099.840683,19099.840683,18943.437651000004,-58.13434399999824,stop_loss,2
2024-08-07 04:25:00,2024-08-07 04:40:00,long,19236.608886,19210.330023,19210.330023,19287.666612000008,-31.778863000003184,stop_loss,3
2024-08-07 04:55:00,2024-08-07 06:00:00,long,19216.516094,19266.008149999994,19191.020066,19266.008149999994,43.9920559999955,take_profit,13
2024-08-08 03:05:00,2024-08-08 03:40:00,short,18710.847773,18747.564451,18747.564451,18638.914417000007,-42.216677999997046,stop_loss,7
2024-08-09 01:10:00,2024-08-09 01:15:00,long,19328.461652,19307.14075,19307.14075,19369.603456000008,-26.820902000003116,stop_loss,1
2024-08-09 01:25:00,2024-08-09 01:45:00,long,19322.720854,19350.815389999996,19307.923586,19350.815389999996,22.59453599999688,take_profit,4
2024-08-09 02:05:00,2024-08-09 03:30:00,long,19342.813647,19415.790784999994,19305.575078,19415.790784999994,67.47713799999474,take_profit,17
2024-08-12 02:25:00,2024-08-12 08:35:00,long,19460.500003,19429.002232,19429.002232,19521.995545000005,-36.9977710000021,stop_loss,74
2024-08-13 01:05:00,2024-08-13 01:45:00,long,19523.909725,19548.872917000004,19510.678129,19548.872917000004,19.46319200000289,take_profit,8
2024-08-13 02:35:00,2024-08-13 02:40:00,long,19606.368457,19595.746315,19595.746315,19626.112741,-16.122142000000167,stop_loss,1
2024-08-13 02:50:00,2024-08-13 03:00:00,long,19601.410496,19593.136862,19593.136862,19616.457764000002,-13.773634000001039,stop_loss,2
2024-08-13 04:30:00,2024-08-13 04:40:00,long,19578.708249,19566.520435,19566.520435,19601.583877,-17.6878140000008,stop_loss,2
2024-08-13 04:45:00,2024-08-13 04:55:00,long,19573.489342,19564.954763,19564.954763,19589.0585,-14.034578999999212,stop_loss,2
2024-08-14 01:25:00,2024-08-14 01:35:00,long,19959.688471,19966.385487000007,19955.589963,19966.385487000007,1.197016000005533,take_profit,2
2024-08-15 01:50:00,2024-08-15 02:00:00,long,20008.485253,20001.2554,20001.2554,20021.444959,-12.72985300000073,stop_loss,2
2024-08-15 02:05:00,2024-08-15 03:25:00,long,20013.965105,19991.600422,19991.600422,20057.194471,-27.864682999999786,stop_loss,16
2024-08-15 03:45:00,2024-08-15 03:50:00,long,19985.783007,19982.989225,19982.989225,19989.870571000003,-8.293782000000647,stop_loss,1
2024-08-16 01:00:00,2024-08-16 02:10:00,long,20528.288404,20516.361535,20516.361535,20550.642141999997,-17.426868999998987,stop_loss,14
2024-08-19 02:00:00,2024-08-19 02:20:00,long,20441.132655,20427.640114,20427.640114,20466.617737,-18.99254099999962,stop_loss,4
2024-08-19 02:25:00,2024-08-19 03:00:00,long,20448.70007,20429.205786,20429.205786,20486.188638,-24.994284000000334,stop_loss,7
2024-08-19 04:50:00,2024-08-19 05:00:00,long,20431.999567,20449.656289,20422.421206,20449.656289,12.156721999999718,take_profit,2
2024-08-20 02:00:00,2024-08-20 02:05:00,long,20766.009624,20759.301662,20759.301662,20777.925547999992,-12.207961999996769,stop_loss,1
2024-08-20 02:15:00,2024-08-20 03:20:00,long,20781.144455,20762.172061,20762.172061,20817.589243000002,-24.47239400000035,stop_loss,13
2024-08-22 03:15:00,2024-08-22 04:15:00,long,20785.841471,20802.454411,20776.785001,20802.454411,11.112939999999071,take_profit,12
2024-08-23 01:25:00,2024-08-23 01:30:00,short,20541.379453,20543.912289,20543.912289,20537.813781000004,-8.032835999998497,stop_loss,1
2024-08-23 01:45:00,2024-08-23 01:55:00,short,20539.813781,20552.523486,20552.523486,20515.894371000006,-18.209704999997484,stop_loss,2
2024-08-26 02:05:00,2024-08-26 02:30:00,long,20672.069296,20703.295176000007,20655.706356,20703.295176000007,25.725880000005418,take_profit,5
2024-08-26 02:30:00,2024-08-26 02:40:00,long,20699.729503,20687.802634,20687.802634,20722.083240999997,-17.426868999998987,stop_loss,2
2024-08-26 02:50:00,2024-08-26 05:30:00,long,20691.118307,20678.147656,20678.147656,20715.559609,-18.470650999999634,stop_loss,32
2024-08-27 01:00:00,2024-08-27 02:15:00,short,20468.836644,20451.179922,20478.415005,20451.179922,12.156721999999718,take_profit,15
2024-08-27 02:20:00,2024-08-27 02:25:00,short,20444.829671,20453.886141,20453.886141,20428.216731,-14.556469999999536,stop_loss,1
2024-08-28 03:05:00,2024-08-28 03:30:00,short,20492.582671,20514.164518,20514.164518,20450.918976999998,-27.08184700000129,stop_loss,5
2024-08-28 04:15:00,2024-08-28 04:30:00,long,20540.813781,20534.888655,20534.888655,20551.164033000005,-11.42512600000191,stop_loss,3
2024-09-02 01:00:00,2024-09-02 01:10:00,long,20446.090616,20438.077928,20438.077928,20460.615992000006,-13.512688000002527,stop_loss,2
2024-09-02 02:35:00,2024-09-02 02:50:00,short,20376.461987,20391.520201,20391.520201,20347.845558999998,-20.55821400000059,stop_loss,3
2024-09-02 04:50:00,2024-09-02 05:10:00,long,20447.917234,20441.731163,20441.731163,20458.789376,-11.686071000000084,stop_loss,4
2024-09-03 01:00:00,2024-09-03 01:45:00,short,20404.383141,20424.921206,20424.921206,20364.807010999997,-26.038065000000643,stop_loss,9
2024-09-03 04:55:00,2024-09-03 05:10:00,short,20320.358736,20336.46073,20336.46073,20289.654747999997,-21.60199400000056,stop_loss,3
2024-09-04 02:25:00,2024-09-04 02:35:00,short,19689.131917,19718.281179,19718.281179,19632.333392999994,-34.649262000002636,stop_loss,2
2024-09-05 01:15:00,2024-09-05 01:50:00,short,19753.324475,19727.317503000006,19767.077961,19727.317503000006,20.506971999995585,take_profit,7
2024-09-05 03:55:00,2024-09-05 04:05:00,short,19800.555584,19773.504828000005,19814.830962,19773.504828000005,21.55075599999691,take_profit,2
2024-09-06 01:05:00,2024-09-06 02:05:00,short,19685.478682,19630.767720000003,19713.584163,19630.767720000003,49.21096199999738,take_profit,12
2024-09-06 02:45:00,2024-09-06 02:55:00,short,19569.097053,19588.069446,19588.069446,19532.652267,-24.47239300000001,stop_loss,2
2024-09-06 03:15:00,2024-09-06 06:45:00,short,19570.401779,19600.333878,19600.333878,19512.037580999997,-35.43209900000147,stop_loss,42
2024-09-09 01:10:00,2024-09-09 01:20:00,short,19365.037783,19377.747488,19377.747488,19341.118372999998,-18.209705000001122,stop_loss,2
2024-09-09 03:20:00,2024-09-09 03:30:00,short,19407.310931,19415.584565,19415.584565,19392.263662999998,-13.773634000001039,stop_loss,2
2024-09-10 01:30:00,2024-09-10 01:40:00,short,19446.19179,19453.160697,19453.160697,19433.753976000004,-12.46890699999858,stop_loss,2
2024-09-10 03:50:00,2024-09-10 04:00:00,short,19457.41244,19435.058702000002,19469.339309,19435.058702000002,16.853737999997975,take_profit,2
2024-09-11 01:10:00,2024-09-11 01:15:00,long,19584.970938,19593.755517999998,19579.828648,19593.755517999998,3.2845799999995506,take_profit,1
2024-09-11 01:15:00,2024-09-11 01:35:00,long,19598.279151,19624.808015,19584.264719,19624.808015,21.028863999999885,take_profit,4
2024-09-11 03:05:00,2024-09-11 03:10:00,long,19639.508518,19624.71125,19624.71125,19667.603053999996,-20.29726799999844,stop_loss,1
2024-09-11 03:15:00,2024-09-11 03:30:00,long,19638.725682,19616.882889,19616.882889,19680.911268,-27.3427929999998,stop_loss,3
2024-09-11 04:30:00,2024-09-11 04:45:00,long,19617.850053,19605.662239,19605.662239,19640.725680999993,-17.68781399999716,stop_loss,3
2024-09-11 04:45:00,2024-09-11 06:35:00,long,19617.850053,19652.729166999994,19599.660496,19652.729166999994,29.379113999995752,take_profit,22
2024-09-12 01:00:00,2024-09-12 01:45:00,long,20170.532319,20153.647489,20153.647489,20202.801979000007,-22.384830000002694,stop_loss,9
2024-09-13 02:00:00,2024-09-13 02:50:00,long,20303.875397,20289.339074,20289.339074,20331.448043,-20.036323000000266,stop_loss,10
2024-09-16 02:20:00,2024-09-16 03:00:00,long,20357.63014,20382.071440000007,20344.65949,20382.071440000007,18.941300000005867,take_profit,8
2024-09-16 04:10:00,2024-09-16 04:20:00,long,20393.118709,20384.062239,20384.062239,20409.731648999998,-14.556469999999536,stop_loss,2
2024-09-17 01:45:00,2024-09-17 02:15:00,long,20315.618442,20334.122848,20305.616239,20334.122848,13.004406000000017,take_profit,6
2024-09-17 02:35:00,2024-09-17 02:50:00,long,20359.716151,20348.940304,20348.940304,20379.767845000002,-16.275847000000795,stop_loss,3
2024-09-17 02:55:00,2024-09-17 04:05:00,long,20356.879457,20380.025726999997,20344.556322,20380.025726999997,17.646269999997457,take_profit,14
2024-09-18 01:50:00,2024-09-18 02:25:00,long,20340.890813,20323.667933,20323.667933,20373.836573000004,-22.72288000000117,stop_loss,7
2024-09-19 01:25:00,2024-09-19 02:10:00,long,20534.559701,20519.399871,20519.399871,20563.379360999992,-20.659829999996873,stop_loss,9
2024-09-19 02:15:00,2024-09-19 02:30:00,long,20530.949362,20511.663431,20511.663431,20568.021223999996,-24.785930999998527,stop_loss,3
2024-09-19 03:10:00,2024-09-19 03:20:00,long,20564.216055,20546.219531,20546.219531,20598.709103000005,-23.496524000001955,stop_loss,2
2024-09-19 03:40:00,2024-09-19 04:00:00,long,20560.347835,20552.666564,20552.666564,20574.210377000003,-13.181271000001288,stop_loss,4
2024-09-20 03:05:00,2024-09-20 03:10:00,long,20687.483336,20675.933845,20675.933845,20709.082318000004,-17.04949100000158,stop_loss,1
2024-09-23 03:25:00,2024-09-23 03:30:00,long,20691.609438,20684.44393,20684.44393,20704.440453999996,-12.665507999998226,stop_loss,1
2024-09-23 03:50:00,2024-09-23 04:15:00,long,20680.262659,20667.16588,20667.16588,20704.956217,-18.596778999999515,stop_loss,5
2024-09-23 04:20:00,2024-09-23 09:50:00,long,20690.835794,20758.853418,20656.076982,20758.853418,62.51762400000007,take_profit,66
2024-09-24 01:10:00,2024-09-24 01:50:00,long,20739.059605,20757.048248999996,20729.315283,20757.048248999996,12.488643999997294,take_profit,8
2024-09-24 02:45:00,2024-09-24 02:55:00,long,20760.205875,20781.804856999996,20748.656384,20781.804856999996,16.098981999995885,take_profit,2
2024-09-24 03:45:00,2024-09-24 04:15:00,long,20800.435364,20783.470365,20783.470365,20832.865362,-22.464998999999807,stop_loss,6
2024-09-25 03:10:00,2024-09-25 03:30:00,long,20741.122655,20731.378334,20731.378334,20759.111296999996,-15.244320999998308,stop_loss,4
2024-09-26 01:45:00,2024-09-26 02:40:00,long,21101.898652,21141.033564,21081.581196,21141.033564,33.63491200000135,take_profit,11
2024-09-27 04:00:00,2024-09-27 04:05:00,long,20938.401882,20931.236373,20931.236373,20951.232899999995,-12.665508999998565,stop_loss,1
2024-09-27 04:15:00,2024-09-27 04:20:00,long,20961.611202,20945.161966,20945.161966,20993.009674,-21.949236000000383,stop_loss,1
2024-09-27 04:45:00,2024-09-27 05:30:00,long,20948.201373,20931.236373,20931.236373,20980.631373,-22.465000000000146,stop_loss,9
2024-09-30 01:05:00,2024-09-30 01:25:00,short,20810.524262,20783.767653999996,20824.652566,20783.767653999996,21.256608000003325,take_profit,4
2024-10-01 01:10:00,2024-10-01 02:05:00,long,20898.946036,20886.107139,20886.107139,20923.123830000004,-18.338897000001452,stop_loss,11
2024-10-01 02:05:00,2024-10-01 02:45:00,short,20874.478834,20917.74773,20917.74773,20789.441042000006,-48.76889599999777,stop_loss,8
2024-10-01 03:30:00,2024-10-01 04:20:00,long,20912.613748,20895.132986,20895.132986,20946.075272,-22.98076199999923,stop_loss,10
2024-10-02 01:05:00,2024-10-02 01:35:00,short,20528.402074,20550.266819,20550.266819,20486.172584000004,-27.364744999998948,stop_loss,6
2024-10-02 04:50:00,2024-10-02 04:55:00,short,20535.622752,20540.98309,20540.98309,20526.402075999995,-10.86033800000223,stop_loss,1
2024-10-03 01:25:00,2024-10-03 01:40:00,short,20566.310631,20581.21258,20581.21258,20538.006733000002,-20.40194899999915,stop_loss,3
2024-10-04 01:25:00,2024-10-04 02:00:00,short,20637.743763,20611.502916999998,20651.614186,20611.502916999998,20.7408460000006,take_profit,7
2024-10-04 03:35:00,2024-10-04 03:40:00,long,20650.348423,20659.053337,20645.245966,20659.053337,3.204914000001736,take_profit,1
2024-10-04 03:55:00,2024-10-04 04:05:00,short,20632.586136,20645.167152,20645.167152,20608.924104,-18.08101600000009,stop_loss,2
2024-10-04 04:10:00,2024-10-04 04:30:00,short,20639.806814,20652.38783,20652.38783,20616.144782,-18.08101600000009,stop_loss,4
2024-10-07 01:40:00,2024-10-07 02:15:00,long,20836.796633,20811.32155,20811.32155,20886.246799000004,-30.975083000001177,stop_loss,7
2024-10-08 01:10:00,2024-10-08 01:15:00,short,20604.219188,20612.674103,20612.674103,20588.809357999995,-13.954915000002075,stop_loss,1
2024-10-08 01:45:00,2024-10-08 01:50:00,short,20604.734951,20614.221391,20614.221391,20587.262070999997,-14.986440000000584,stop_loss,1
2024-10-08 02:15:00,2024-10-08 02:25:00,short,20582.299274,20608.548002,20608.548002,20531.301818000004,-31.748727999998664,stop_loss,2
2024-10-09 02:30:00,2024-10-09 04:15:00,long,20861.811123,20897.851458999998,20843.040955,20897.851458999998,30.540335999998206,take_profit,21
2024-10-10 04:50:00,2024-10-10 05:45:00,long,21071.210773,21060.950688,21060.950688,21090.230942999995,-15.760084999998071,stop_loss,11
2024-10-11 02:45:00,2024-10-11 03:00:00,long,21048.001452,21037.741368,21037.741368,21067.021620000003,-15.76008400000137,stop_loss,3
2024-10-11 04:25:00,2024-10-11 04:50:00,long,21015.508403,21006.795607,21006.795607,21031.433995,-14.212795999999798,stop_loss,5
2024-10-14 01:40:00,2024-10-14 01:55:00,long,21090.809755,21081.839077,21081.839077,21107.251110999994,-14.47067799999786,stop_loss,3
2024-10-14 02:15:00,2024-10-14 02:35:00,long,21083.846958,21099.772549999998,21075.134162,21099.772549999998,10.425591999999597,take_profit,4
2024-10-14 04:00:00,2024-10-14 05:20:00,long,21130.523481,21172.752970999998,21108.658736,21172.752970999998,36.729489999997895,take_profit,16
2024-10-15 02:45:00,2024-10-15 03:00:00,long,21256.369576,21247.65678,21247.65678,21272.295168,-14.212795999999798,stop_loss,3
2024-10-15 04:10:00,2024-10-15 05:00:00,long,21228.26051,21243.154578,21220.063476,21243.154578,9.394068000001425,take_profit,10
2024-10-16 01:00:00,2024-10-16 01:50:00,short,21019.66603,21035.857385,21035.857385,20988.783320000002,-21.69135499999902,stop_loss,10
2024-10-16 01:55:00,2024-10-16 02:10:00,short,21019.150267,20990.330607,21034.310097,20990.330607,23.319660000001022,take_profit,3
2024-10-16 02:35:00,2024-10-16 02:45:00,short,21013.99264,21030.957639,21030.957639,20981.562642,-22.464998999999807,stop_loss,2
2024-10-16 04:40:00,2024-10-16 05:00:00,short,20999.809166,21009.037725,21009.037725,20982.852048,-14.728558999999223,stop_loss,4
2024-10-17 02:25:00,2024-10-17 03:30:00,long,21074.821111,21128.397379000005,21047.282977,21128.397379000005,48.07626800000435,take_profit,13
2024-10-17 04:35:00,2024-10-17 05:40:00,long,21131.297125,21164.758649,21113.816363,21164.758649,27.961523999998462,take_profit,13
2024-10-18 03:40:00,2024-10-18 04:30:00,long,21092.614924,21081.323314,21081.323314,21113.698144,-16.79161000000022,stop_loss,10
2024-10-21 02:25:00,2024-10-21 02:35:00,short,21081.815433,21096.201619,21096.201619,21054.543061,-19.886185999999725,stop_loss,2
2024-10-21 03:00:00,2024-10-21 03:10:00,long,21100.093483,21082.612721,21082.612721,21133.555007,-22.98076199999923,stop_loss,2
2024-10-21 03:10:00,2024-10-21 03:50:00,short,21086.97306,21099.554076,21099.554076,21063.311028,-18.08101600000009,stop_loss,8
2024-10-21 03:50:00,2024-10-21 04:05:00,long,21103.188059,21093.701619,21093.701619,21120.660939,-14.986440000000584,stop_loss,3
2024-10-21 04:55:00,2024-10-21 05:45:00,short,21067.631959,21040.875348999994,21081.760264,21040.875348999994,21.256610000004002,take_profit,10
2024-10-22 01:00:00,2024-10-22 01:05:00,long,21104.219584,21096.796195,21096.796195,21117.566361999998,-12.923388999999588,stop_loss,1
2024-10-22 01:20:00,2024-10-22 01:25:00,long,21104.735347,21096.538313,21096.538313,21119.629415000003,-13.697034000000713,stop_loss,1
2024-10-22 01:50:00,2024-10-22 02:00:00,short,21088.004585,21095.685856,21095.685856,21074.142042999996,-13.181271000001288,stop_loss,2
2024-10-22 02:10:00,2024-10-22 03:00:00,long,21123.560685,21101.180178,21101.180178,21166.821699000004,-27.88050700000167,stop_loss,10
2024-10-22 03:05:00,2024-10-22 03:30:00,long,21111.698143,21098.343483,21098.343483,21136.907463000003,-18.854660000000877,stop_loss,5
2024-10-22 03:50:00,2024-10-22 04:10:00,short,21088.004585,21059.700686999993,21102.906534,21059.700686999993,22.803898000005574,take_profit,4
2024-10-22 04:40:00,2024-10-22 05:10:00,short,21034.881029,21052.877553,21052.877553,21000.387981000003,-23.496523999998317,stop_loss,6
2024-10-23 02:45:00,2024-10-23 02:50:00,long,21161.469242,21152.756446,21152.756446,21177.394834,-14.212795999999798,stop_loss,1
2024-10-23 03:05:00,2024-10-23 03:20:00,long,21166.368988,21155.593141,21155.593141,21186.420681999993,-16.275846999997157,stop_loss,3
2024-10-23 04:15:00,2024-10-23 05:00:00,long,21143.67543,21117.684583,21117.684583,21194.157124,-31.49084700000094,stop_loss,9
2024-10-24 04:00:00,2024-10-24 04:05:00,short,21010.12442,21018.063572,21018.063572,20995.746116000002,-13.439151999999012,stop_loss,1
2024-10-24 04:25:00,2024-10-24 05:15:00,short,21010.640183,21024.252724,21024.252724,20984.915100999995,-19.11254100000224,stop_loss,10
2024-10-25 02:10:00,2024-10-25 02:35:00,short,21035.396791,21054.682723,21054.682723,20998.324926999994,-24.785932000002504,stop_loss,5
2024-10-25 03:20:00,2024-10-25 03:25:00,long,21056.511536,21050.893316,21050.893316,21066.247976000002,-11.118220000000292,stop_loss,1
2024-10-25 03:30:00,2024-10-25 04:15:00,long,21060.121875,21085.331195000002,21046.767215,21085.331195000002,19.709320000001753,take_profit,9
2024-10-28 01:35:00,2024-10-28 02:10:00,long,21274.42127,21294.988727999997,21263.387541,21294.988727999997,15.067457999997714,take_profit,7
2024-10-29 01:10:00,2024-10-29 01:30:00,long,21169.205682,21179.973646,21163.0717,21179.973646,5.267963999998756,take_profit,4
2024-10-29 02:20:00,2024-10-29 02:25:00,long,21192.415003,21201.119916999993,21187.312546,21201.119916999993,3.20491399999446,take_profit,1
2024-10-29 03:15:00,2024-10-29 03:25:00,short,21135.970515,21165.313818,21165.313818,21078.783909000005,-34.84330299999783,stop_loss,2
2024-10-29 04:05:00,2024-10-29 04:10:00,long,21163.532293,21152.498565,21152.498565,21184.099748999997,-16.53372799999852,stop_loss,1
2024-10-30 01:10:00,2024-10-30 02:15:00,long,21386.857535,21410.519569,21374.276518,21410.519569,18.162034000000858,take_profit,13
2024-10-31 02:45:00,2024-10-31 05:55:00,short,20955.969338,20982.475947,20982.475947,20904.45612,-32.006609000000026,stop_loss,38
2024-11-01 02:05:00,2024-11-01 02:15:00,short,20706.082318,20726.399775,20726.399775,20666.947404,-25.817457000001014,stop_loss,2
2024-11-01 02:20:00,2024-11-01 02:45:00,short,20704.277149,20718.147572,20718.147572,20678.036303,-19.3704230000003,stop_loss,5
2024-11-04 02:05:00,2024-11-04 02:15:00,short,20815.424007,20826.973498,20826.973498,20793.825025000006,-17.049490999997943,stop_loss,2
2024-11-04 02:25:00,2024-11-04 02:30:00,short,20814.908244,20790.214685999992,20828.005023,20790.214685999992,19.193558000006306,take_profit,1
2024-11-04 02:35:00,2024-11-04 02:45:00,short,20788.862229,20773.452398999994,20797.317144,20773.452398999994,9.909830000004149,take_profit,2
2024-11-04 03:00:00,2024-11-04 03:55:00,short,20789.893754,20806.085109,20806.085109,20759.011044000003,-21.69135499999902,stop_loss,11
2024-11-05 04:05:00,2024-11-05 04:15:00,short,20767.97384,20749.469434,20777.976043,20749.469434,13.004406000000017,take_profit,2
2024-11-05 04:45:00,2024-11-05 05:00:00,short,20767.97384,20781.328501,20781.328501,20742.764517999996,-18.854661000001215,stop_loss,3
2024-11-06 01:00:00,2024-11-06 05:40:00,long,21338.891605,21296.654234,21296.654234,21421.866347,-47.73737099999926,stop_loss,56
2024-11-07 02:05:00,2024-11-07 03:00:00,long,21596.257184,21576.197609,21576.197609,21634.876333999997,-25.559574999999313,stop_loss,11
2024-11-07 03:15:00,2024-11-07 03:25:00,long,21615.856166,21604.048794,21604.048794,21637.970910000007,-17.307372000002943,stop_loss,2
2024-11-07 03:30:00,2024-11-07 03:35:00,long,21614.050996,21607.14337,21607.14337,21626.366248000002,-12.407626000000164,stop_loss,1
2024-11-07 04:05:00,2024-11-07 04:25:00,long,21603.993624,21597.60176,21597.60176,21615.277351999994,-11.89186399999744,stop_loss,4
2024-11-08 02:30:00,2024-11-08 04:00:00,long,21908.551489,21893.133777,21893.133777,21937.886913000006,-20.91771200000221,stop_loss,18
2024-11-11 04:00:00,2024-11-11 04:10:00,long,21970.44301,21960.95657,21960.95657,21987.91589,-14.986440000000584,stop_loss,2
2024-11-12 01:45:00,2024-11-12 02:10:00,long,21883.021236,21865.540474,21865.540474,21916.48276,-22.98076199999923,stop_loss,5
2024-11-12 02:20:00,2024-11-12 02:50:00,long,21881.216066,21906.941148000005,21867.603525,21906.941148000005,20.225082000004477,take_profit,6
2024-11-13 02:10:00,2024-11-13 02:30:00,long,21803.851664,21822.35607,21793.849461,21822.35607,13.004406000000017,take_profit,4
2024-11-13 03:20:00,2024-11-13 04:15:00,long,21839.181408,21828.921323,21828.921323,21858.201578000004,-15.760085000001709,stop_loss,11
2024-11-14 01:15:00,2024-11-14 01:20:00,short,21758.496073,21766.435225,21766.435225,21744.117768999993,-13.43915200000265,stop_loss,1
2024-11-14 02:55:00,2024-11-14 03:55:00,long,21833.765899,21818.863951,21818.863951,21862.069795000007,-20.40194800000245,stop_loss,12
2024-11-15 03:00:00,2024-11-15 05:05:00,short,21479.726343,21496.175579,21496.175579,21448.327870999998,-21.949236000000383,stop_loss,25
2024-11-18 01:05:00,2024-11-18 01:20:00,short,21286.831099,21271.421268999995,21295.286014,21271.421268999995,9.909830000004149,take_profit,3
2024-11-18 01:40:00,2024-11-18 01:45:00,short,21255.369576,21233.770594000005,21266.919067,21233.770594000005,16.098981999995885,take_profit,1
2024-11-18 02:05:00,2024-11-18 02:10:00,short,21241.959746,21247.062203,21247.062203,21233.254832,-10.602457000000868,stop_loss,1
2024-11-19 01:10:00,2024-11-19 01:20:00,short,21305.656437,21319.268979,21319.268979,21279.931353000004,-19.11254199999894,stop_loss,2
2024-11-19 02:10:00,2024-11-19 02:35:00,short,21302.561861,21250.532880999996,21329.326351,21250.532880999996,46.528980000002775,take_profit,5
2024-11-19 03:20:00,2024-11-19 03:25:00,short,21232.418136,21178.841866000002,21259.956271,21178.841866000002,48.07626999999775,take_profit,1
2024-11-19 03:40:00,2024-11-19 03:50:00,short,21156.343141,21188.523139,21188.523139,21093.483145000002,-37.679997999999614,stop_loss,2
2024-11-20 03:35:00,2024-11-20 03:45:00,long,21470.411089,21456.540666,21456.540666,21496.651935,-19.3704230000003,stop_loss,2
2024-11-21 03:00:00,2024-11-21 03:25:00,short,21301.530336,21245.891018,21330.099995,21245.891018,50.13931800000137,take_profit,5
2024-11-22 01:05:00,2024-11-22 01:15:00,long,21466.284988,21450.351514,21450.351514,21496.651935999995,-21.43347399999766,stop_loss,2
2024-11-22 02:05:00,2024-11-22 02:15:00,long,21484.852444,21466.85592,21466.85592,21519.345491999997,-23.496523999998317,stop_loss,2
2024-11-22 04:00:00,2024-11-22 05:05:00,short,21385.599653,21415.458719,21415.458719,21327.381521000007,-35.359065999997256,stop_loss,13
2024-11-25 01:50:00,2024-11-25 02:20:00,long,21622.818962,21612.816759,21612.816759,21641.323368,-15.502203000000009,stop_loss,6
2024-11-25 03:05:00,2024-11-25 03:40:00,long,21612.76159,21628.687181999998,21604.048794,21628.687181999998,10.425591999999597,take_profit,7
2024-11-26 01:15:00,2024-11-26 01:35:00,long,21562.474728,21547.314898,21547.314898,21591.294388000002,-20.65983000000051,stop_loss,4
2024-11-26 03:00:00,2024-11-26 04:30:00,long,21543.391509,21520.237358,21520.237358,21588.199811000006,-28.654151000002457,stop_loss,18
2024-11-27 01:50:00,2024-11-27 02:00:00,long,21648.091334,21637.057605,21637.057605,21668.658792,-16.533728999998857,stop_loss,2
2024-11-28 02:05:00,2024-11-28 06:25:00,short,21515.056087,21523.768883,21523.768883,21499.130495,-14.212795999999798,stop_loss,52
2024-11-29 02:35:00,2024-11-29 02:40:00,long,21559.638033,21552.988288,21552.988288,21571.437522999997,-12.149744999998802,stop_loss,1
2024-11-29 02:50:00,2024-11-29 04:25:00,long,21560.669559,21550.151593,21550.151593,21580.205491000008,-16.01796600000307,stop_loss,19
2024-12-02 02:15:00,2024-12-02 03:50:00,long,21624.36625,21611.269471,21611.269471,21649.059807999998,-18.596778999999515,stop_loss,19
2024-12-03 02:00:00,2024-12-03 02:10:00,long,21906.488438,21891.328608,21891.328608,21935.308098,-20.65983000000051,stop_loss,2
2024-12-04 01:40:00,2024-12-04 02:50:00,long,22029.239956,22051.870462000003,22017.174703,22051.870462000003,17.130506000001333,take_profit,14
2024-12-04 03:10:00,2024-12-04 07:40:00,long,22071.790378,22115.051394000006,22049.40987,22115.051394000006,37.76101600000402,take_profit,54
2024-12-05 04:25:00,2024-12-05 04:50:00,long,22190.415795,22180.671473,22180.671473,22208.404439000005,-15.244322000002285,stop_loss,5
2024-12-06 01:15:00,2024-12-06 01:20:00,long,22162.822491,22157.977915,22157.977915,22171.011642999998,-10.344575999999506,stop_loss,1
2024-12-06 02:10:00,2024-12-06 03:10:00,long,22161.533085,22150.499356,22150.499356,22182.100542999997,-16.533728999998857,stop_loss,12
2024-12-06 04:30:00,2024-12-06 04:50:00,long,22150.186306,22142.247153,22142.247153,22164.564612,-13.43915299999935,stop_loss,4
2024-12-09 01:20:00,2024-12-09 01:35:00,long,22344.370956,22365.969937999995,22332.821465,22365.969937999995,16.098981999995885,take_profit,3
2024-12-09 02:35:00,2024-12-09 03:00:00,long,22382.795276,22366.346039,22366.346039,22414.193750000002,-21.94923700000072,stop_loss,5
2024-12-10 01:15:00,2024-12-10 01:25:00,short,22133.713425,22137.526476,22137.526476,22127.587323000007,-9.313050999997358,stop_loss,2
2024-12-10 01:50:00,2024-12-10 02:00:00,short,22132.939781,22138.815882,22138.815882,22122.687579000005,-11.376100999998016,stop_loss,2
2024-12-10 02:05:00,2024-12-10 02:20:00,short,22136.034357,22126.297917,22141.652577,22126.297917,4.236440000000584,take_profit,3
2024-12-10 02:40:00,2024-12-10 04:00:00,short,22135.776476,22144.489272,22144.489272,22119.850884,-14.212795999999798,stop_loss,16
2024-12-10 04:25:00,2024-12-10 06:30:00,long,22172.879864,22207.888676,22154.625458,22207.888676,29.508812000000034,take_profit,25
2024-12-11 01:20:00,2024-12-11 02:30:00,short,22102.767664,22119.990545,22119.990545,22069.821901999996,-22.722881000001507,stop_loss,14
2024-12-11 04:35:00,2024-12-11 04:45:00,short,22119.529951,22123.085121,22123.085121,22113.919611,-9.055169999999634,stop_loss,2
2024-12-12 04:25:00,2024-12-12 04:30:00,long,22430.503324,22424.627222,22424.627222,22440.755528000005,-11.376102000001993,stop_loss,1
2024-12-12 04:40:00,2024-12-12 05:05:00,long,22429.987561,22420.759002,22420.759002,22446.944679000007,-14.72855900000286,stop_loss,5
2024-12-13 01:20:00,2024-12-13 02:25:00,long,22424.314172,22446.944679999993,22412.248918,22446.944679999993,17.130507999994734,take_profit,13
2024-12-13 02:25:00,2024-12-13 02:30:00,long,22447.523492,22443.194679,22443.194679,22454.681118,-9.828813000000082,stop_loss,1
2024-12-13 02:35:00,2024-12-13 02:45:00,long,22446.491967,22437.521289,22437.521289,22462.933323000005,-14.470678000001499,stop_loss,2
2024-12-13 03:00:00,2024-12-13 03:40:00,long,22450.360187,22466.801540999993,22441.38951,22466.801540999993,10.941353999995044,take_profit,8
2024-12-13 03:40:00,2024-12-13 06:05:00,long,22465.833068,22494.136966,22450.931119,22494.136966,22.8038979999983,take_profit,29
2024-12-16 01:25:00,2024-12-16 01:30:00,long,22495.23154,22492.450015,22492.450015,22499.294590000005,-8.281525000002148,stop_loss,1
2024-12-16 01:45:00,2024-12-16 02:15:00,long,22492.652727,22483.939931,22483.939931,22508.578319,-14.212795999999798,stop_loss,6
2024-12-16 02:20:00,2024-12-16 02:25:00,long,22497.03671,22489.355439,22489.355439,22510.899252000003,-13.181271000001288,stop_loss,1
2024-12-16 03:25:00,2024-12-16 03:40:00,long,22515.862048,22531.271877999996,22507.407133,22531.271877999996,9.909829999996873,take_profit,3
2024-12-16 04:00:00,2024-12-16 04:25:00,long,22541.134419,22552.418147000004,22534.742555,22552.418147000004,5.7837280000021565,take_profit,5
2024-12-16 04:25:00,2024-12-16 05:05:00,long,22552.223317,22535.000436,22535.000436,22585.169079000003,-22.722881000001507,stop_loss,8
2024-12-17 02:45:00,2024-12-17 04:40:00,long,22753.112882,22798.952710000005,22729.442968,22798.952710000005,40.33982800000376,take_profit,23
2024-12-18 01:20:00,2024-12-18 01:40:00,long,22727.324748,22718.096189,22718.096189,22744.281865999998,-14.728558999999223,stop_loss,4
2024-12-18 02:00:00,2024-12-18 03:00:00,long,22737.640002,22721.964409,22721.964409,22767.491188,-21.175592999999935,stop_loss,12
2024-12-18 04:55:00,2024-12-18 07:15:00,long,22762.39661,22750.073475,22750.073475,22785.542879999997,-17.82313499999873,stop_loss,28
2024-12-19 02:10:00,2024-12-19 02:20:00,short,21931.792335,21940.247249,21940.247249,21916.382506999995,-13.954914000001736,stop_loss,2
2024-12-19 04:35:00,2024-12-19 06:00:00,short,21963.253858,21986.923772,21986.923772,21917.414030000004,-29.169913999998244,stop_loss,17
2024-12-20 01:15:00,2024-12-20 01:40:00,short,21646.444704,21677.061765,21677.061765,21586.710582000007,-36.11706099999719,stop_loss,5
2024-12-20 01:50:00,2024-12-20 01:55:00,short,21657.01211,21658.76211,21658.76211,21655.01211,-7.25,stop_loss,1
2024-12-20 02:05:00,2024-12-20 02:10:00,short,21651.599537,21655.669211,21655.669211,21644.960188999994,-9.569674000002124,stop_loss,1
2024-12-20 02:15:00,2024-12-20 02:35:00,short,21605.72153,21536.193228,21641.235681,21536.193228,64.0283019999988,take_profit,4
2024-12-20 03:00:00,2024-12-20 03:45:00,short,21546.956442,21492.377151999997,21574.996087,21492.377151999997,49.07929000000149,take_profit,9
2024-12-20 03:55:00,2024-12-20 04:00:00,short,21506.491009,21514.68455,21514.68455,21491.603927,-13.69354100000055,stop_loss,1
2024-12-20 04:05:00,2024-12-20 05:00:00,short,21512.419067,21483.098456999996,21527.829372,21483.098456999996,23.82061000000249,take_profit,11
2024-12-23 04:05:00,2024-12-23 04:15:00,long,22343.604796,22332.83384,22332.83384,22363.646708,-16.270956000000297,stop_loss,2
2024-12-24 01:00:00,2024-12-24 01:50:00,long,22449.278857,22473.444635000003,22436.445968,22473.444635000003,18.66577800000232,take_profit,10
2024-12-24 03:00:00,2024-12-24 08:00:00,long,22454.949172,22506.435559999998,22428.455978,22506.435559999998,45.98638799999753,take_profit,60
2024-12-26 04:55:00,2024-12-26 06:00:00,long,22614.233488,22654.379246000008,22593.410609,22654.379246000008,34.645758000006026,take_profit,13
2024-12-27 01:20:00,2024-12-27 01:55:00,long,22620.419287,22610.679297,22610.679297,22638.399267000004,-15.239990000001853,stop_loss,7
2024-12-30 01:50:00,2024-12-30 01:55:00,short,22299.304206,22305.693555,22305.693555,22288.025508,-11.889349000000948,stop_loss,1
2024-12-31 01:30:00,2024-12-31 01:35:00,short,22045.944202,22056.9729,22056.9729,22025.386805999995,-16.528698000001896,stop_loss,1
2024-12-31 02:10:00,2024-12-31 03:05:00,short,22045.428719,22069.344497,22069.344497,21999.097163000002,-29.41577799999868,stop_loss,11
2025-01-02 02:25:00,2025-01-02 03:05:00,short,22007.798443,22046.405494,22046.405494,21932.084341,-44.107050999999046,stop_loss,8
2025-01-03 01:10:00,2025-01-03 01:15:00,short,21877.63893,21880.935379,21880.935379,21872.546032000006,-8.796448999997665,stop_loss,1
2025-01-03 01:20:00,2025-01-03 01:30:00,short,21885.886661,21897.946326,21897.946326,21863.267331,-17.559665000000678,stop_loss,2
2025-01-03 03:45:00,2025-01-03 04:00:00,short,21930.218218,21912.238238000005,21939.958208,21912.238238000005,12.47997999999643,take_profit,3
2025-01-03 04:20:00,2025-01-03 04:50:00,short,21910.114373,21889.556977000004,21921.143071,21889.556977000004,15.057395999996515,take_profit,6
2025-01-06 02:20:00,2025-01-06 02:25:00,long,22244.374276,22240.304602,22240.304602,22251.013623999996,-9.569673999998486,stop_loss,1
2025-01-06 02:30:00,2025-01-06 02:50:00,long,22255.972649,22287.870676999995,22239.273635,22287.870676999995,26.398027999995975,take_profit,4
2025-01-06 04:05:00,2025-01-06 05:00:00,long,22343.089313,22327.936749,22327.936749,22371.894441,-20.652563999999984,stop_loss,11
2025-01-07 01:30:00,2025-01-07 01:35:00,long,22390.771511,22382.835713,22382.835713,22405.143106999996,-13.435797999998613,stop_loss,1
2025-01-07 01:45:00,2025-01-07 02:15:00,long,22394.122152,22383.093454,22383.093454,22414.679547999996,-16.528697999998258,stop_loss,6
2025-01-07 02:15:00,2025-01-07 02:25:00,long,22391.544736,22377.938622,22377.938622,22417.256963999997,-19.106113999998342,stop_loss,2
2025-01-07 02:30:00,2025-01-07 03:10:00,long,22403.658592,22448.443699999996,22380.516038,22448.443699999996,39.2851079999964,take_profit,8
2025-01-07 04:10:00,2025-01-07 05:30:00,long,22430.979203,22409.383099,22409.383099,22472.671411,-27.096104000000196,stop_loss,16
2025-01-10 01:25:00,2025-01-10 01:30:00,short,21930.47596,21940.989175,21940.989175,21910.94953,-16.013214999999036,stop_loss,1
2025-01-14 04:45:00,2025-01-14 05:00:00,long,21749.510382,21739.254909,21739.254909,21768.521328000003,-15.755473000001075,stop_loss,3
2025-01-15 01:40:00,2025-01-15 02:00:00,short,21582.524785,21558.359007000006,21595.357674,21558.359007000006,18.665777999995044,take_profit,4
2025-01-15 02:35:00,2025-01-15 02:45:00,short,21591.803483,21600.512506,21600.512506,21575.885437,-14.209022999999434,stop_loss,2
2025-01-16 02:15:00,2025-01-16 03:05:00,long,22193.341437,22168.652434,22168.652434,22241.219442999998,-30.189002999999502,stop_loss,10
2025-01-17 03:40:00,2025-01-17 03:45:00,long,22002.612645,21996.481037,21996.481037,22013.375861,-11.631607999999687,stop_loss,1
2025-01-17 04:10:00,2025-01-17 04:30:00,long,22004.159094,21990.295239,21990.295239,22030.386803999998,-19.363854999999603,stop_loss,4
2025-01-20 01:05:00,2025-01-20 01:45:00,long,22264.993605,22285.035517,22254.222649,22285.035517,14.541912000000593,take_profit,8
2025-01-20 02:30:00,2025-01-20 03:05:00,long,22275.045528,22298.695824,22262.47038,22298.695824,18.1502959999998,take_profit,7
2025-01-20 03:05:00,2025-01-20 03:15:00,long,22296.695823,22286.698092,22286.698092,22315.191284999997,-15.497730999999476,stop_loss,2
2025-01-21 01:00:00,2025-01-21 02:30:00,long,22274.014561,22320.861601,22249.841041,22320.861601,41.34704000000056,take_profit,18
2025-01-21 03:10:00,2025-01-21 06:00:00,long,22355.718652,22328.194491,22328.194491,22409.266974000002,-33.024161000001186,stop_loss,34
2025-01-22 01:55:00,2025-01-22 02:15:00,long,22531.240689,22547.158734999997,22522.531666,22547.158734999997,10.418045999998867,take_profit,4
2025-01-22 02:30:00,2025-01-22 02:35:00,long,22551.344535,22546.501636,22546.501636,22559.530333,-10.342898999999306,stop_loss,1
2025-01-22 03:10:00,2025-01-22 03:15:00,long,22571.706122,22559.130975,22559.130975,22595.356416,-18.07514699999956,stop_loss,1
2025-01-22 03:20:00,2025-01-22 03:45:00,long,22567.839998,22557.842267,22557.842267,22586.33546,-15.497730999999476,stop_loss,5
2025-01-23 04:25:00,2025-01-23 04:40:00,long,22579.180629,22568.667414,22568.667414,22598.707058999997,-16.013214999999036,stop_loss,3
2025-01-24 03:00:00,2025-01-24 08:10:00,long,22683.050498,22727.320122,22660.165686,22727.320122,38.769624000000476,take_profit,62
2025-01-27 02:35:00,2025-01-27 04:00:00,short,21887.433111,21794.192580999996,21934.803376,21794.192580999996,87.74053000000276,take_profit,17
2025-01-28 02:10:00,2025-01-28 02:20:00,short,21963.209145,21981.712349,21981.712349,21927.702737,-24.00320400000055,stop_loss,2
2025-01-29 01:05:00,2025-01-29 01:15:00,long,22334.068357,22321.493209,22321.493209,22357.718653,-18.0751479999999,stop_loss,2
2025-01-29 04:10:00,2025-01-29 04:15:00,long,22337.418998,22327.936749,22327.936749,22354.883496000002,-14.982249000000593,stop_loss,1
2025-01-29 04:30:00,2025-01-29 06:55:00,long,22333.295132,22309.637095,22309.637095,22379.111206,-29.15803700000106,stop_loss,29
2025-01-30 01:15:00,2025-01-30 01:40:00,long,22311.902578,22327.305142000005,22303.451296,22327.305142000005,9.902564000003622,take_profit,5
2025-01-30 02:50:00,2025-01-30 03:00:00,long,22370.667666,22361.185417,22361.185417,22388.132164000002,-14.982249000000593,stop_loss,2
2025-01-31 01:05:00,2025-01-31 02:50:00,long,22455.722397,22431.548877,22431.548877,22502.569437000002,-29.67352000000028,stop_loss,21
2025-01-31 03:10:00,2025-01-31 03:15:00,long,22454.949172,22448.817565,22448.817565,22465.712386,-11.631606999999349,stop_loss,1
2025-02-04 02:25:00,2025-02-04 03:10:00,short,22028.933255,22061.86999,22061.86999,21964.559785,-38.43673499999932,stop_loss,9
2025-02-05 03:20:00,2025-02-05 05:20:00,short,22128.679259,22157.492128,22157.492128,22072.553520999998,-34.31286900000123,stop_loss,24
2025-02-06 01:00:00,2025-02-06 01:15:00,long,22504.951045,22482.581716,22482.581716,22548.189703000004,-27.869329000001017,stop_loss,3
2025-02-07 02:05:00,2025-02-07 02:15:00,long,22557.01485,22538.511646,22538.511646,22592.521258,-24.00320400000055,stop_loss,2
2025-02-07 03:00:00,2025-02-07 03:25:00,long,22530.982948,22512.995226,22512.995226,22565.458392000004,-23.487722000001668,stop_loss,5
2025-02-07 03:35:00,2025-02-07 05:20:00,long,22532.013914,22523.562632,22523.562632,22547.416477999996,-13.951281999998173,stop_loss,21
2025-02-10 01:30:00,2025-02-10 01:45:00,short,22361.419934,22372.706374,22372.706374,22340.347054,-16.786439999999857,stop_loss,3
2025-02-10 01:55:00,2025-02-10 02:05:00,short,22361.419934,22372.706374,22372.706374,22340.347054,-16.786439999999857,stop_loss,2
2025-02-10 03:05:00,2025-02-10 03:10:00,short,22367.347991,22375.799273,22375.799273,22351.945426999995,-13.951282000001811,stop_loss,1
2025-02-10 03:10:00,2025-02-10 03:45:00,long,22379.946364,22366.082508,22366.082508,22406.174076,-19.36385599999994,stop_loss,7
2025-02-10 03:45:00,2025-02-10 03:50:00,short,22370.44089,22375.541531,22375.541531,22361.739608000007,-10.600640999997267,stop_loss,1
2025-02-10 03:55:00,2025-02-10 04:25:00,long,22381.492813,22399.472793000004,22371.752823,22399.472793000004,12.479980000003707,take_profit,6
2025-02-11 01:55:00,2025-02-11 02:15:00,short,22403.174075,22441.007901,22441.007901,22329.006422999995,-43.333826000001864,stop_loss,4
2025-02-11 02:35:00,2025-02-11 03:25:00,long,22444.124025,22427.425011,22427.425011,22476.022053000004,-22.199014000001625,stop_loss,10
2025-02-12 01:15:00,2025-02-12 01:20:00,long,22457.78433,22451.652723,22451.652723,22468.547543999997,-11.631606999999349,stop_loss,1
2025-02-12 02:30:00,2025-02-12 03:00:00,long,22484.073974,22465.57077,22465.57077,22519.580382,-24.00320400000055,stop_loss,6
2025-02-12 03:40:00,2025-02-12 03:55:00,long,22448.505632,22440.312092,22440.312092,22463.392712,-13.693540000000212,stop_loss,3
2025-02-12 04:20:00,2025-02-12 04:55:00,long,22449.021115,22468.032061,22438.765642,22468.032061,13.51094600000215,take_profit,7
2025-02-13 04:35:00,2025-02-13 05:00:00,long,22516.291676,22503.97427,22503.97427,22539.426488000005,-17.817406000001938,stop_loss,5
2025-02-14 01:45:00,2025-02-14 02:00:00,long,22836.664499,22827.439992,22827.439992,22853.613512999997,-14.724506999998994,stop_loss,3
2025-02-14 03:25:00,2025-02-14 03:50:00,long,22821.200002,22811.20227,22811.20227,22839.695466,-15.497731999999814,stop_loss,5
2025-02-17 03:50:00,2025-02-17 05:00:00,long,22932.544378,22952.58629,22921.773422,22952.58629,14.541912000000593,take_profit,14
2025-02-18 01:00:00,2025-02-18 02:00:00,long,23000.07268,22986.724308,22986.724308,23025.269424000002,-18.84837200000038,stop_loss,12
2025-02-18 02:55:00,2025-02-18 03:00:00,long,22983.577217,22976.672385,22976.672385,22995.88688099999,-12.404831999996532,stop_loss,1
2025-02-18 03:10:00,2025-02-18 03:35:00,long,22987.958824,22971.259811,22971.259811,23019.856850000004,-22.199013000001287,stop_loss,5
2025-02-19 03:15:00,2025-02-19 03:35:00,long,22953.936932,22945.743392,22945.743392,22968.824012,-13.693540000000212,stop_loss,4
2025-02-19 04:55:00,2025-02-19 05:00:00,long,22909.089891,22905.277959,22905.277959,22915.213755,-9.311932000000525,stop_loss,1
2025-02-20 01:00:00,2025-02-20 01:15:00,short,22833.602566,22849.528354,22849.528354,22803.250990000008,-21.425787999996828,stop_loss,3
2025-02-20 01:45:00,2025-02-20 02:05:00,short,22834.118049,22848.497388,22848.497388,22806.859371000002,-19.879338999999163,stop_loss,4
2025-02-21 04:15:00,2025-02-21 04:30:00,long,22861.149952,22852.440928,22852.440928,22877.068,-14.209023999999772,stop_loss,3
2025-02-21 04:30:00,2025-02-21 04:45:00,short,22853.190928,22845.520611999997,22857.776086,22845.520611999997,2.1703160000033677,take_profit,3
2025-02-25 01:00:00,2025-02-25 01:25:00,short,22063.728373,22012.757467000007,22089.963826,22012.757467000007,45.47090599999501,take_profit,5
2025-02-25 01:45:00,2025-02-25 02:05:00,short,22003.674578,22038.930987,22038.930987,21934.661759999995,-40.75640900000144,stop_loss,4
2025-02-25 02:15:00,2025-02-25 02:20:00,short,22051.872259,22026.160030999996,22065.478373,22026.160030999996,20.21222800000396,take_profit,1
2025-02-25 02:20:00,2025-02-25 02:35:00,short,22026.871323,22055.42645,22055.42645,21971.261069,-34.05512699999963,stop_loss,3
2025-02-25 02:40:00,2025-02-25 02:50:00,short,22030.221964,21995.231038,22048.467427,21995.231038,29.49092599999858,take_profit,2
2025-02-25 02:55:00,2025-02-25 03:00:00,short,21976.86945,21998.981037,21998.981037,21934.146275999992,-27.611587000003055,stop_loss,1
2025-02-25 03:25:00,2025-02-25 03:30:00,short,22018.881333,22031.45648,22031.45648,21995.231039000002,-18.07514699999956,stop_loss,1
2025-02-25 03:35:00,2025-02-25 03:45:00,short,22017.077141,21984.148147000007,22034.291638,21984.148147000007,27.428993999994418,take_profit,2
2025-02-25 04:10:00,2025-02-25 04:15:00,short,21987.179114,22006.455544,22006.455544,21950.126253999995,-24.77643000000171,stop_loss,1
2025-02-25 04:20:00,2025-02-25 04:40:00,short,21998.262004,21984.405889999998,22005.940061,21984.405889999998,8.35611400000198,take_profit,4
2025-02-25 04:40:00,2025-02-25 04:50:00,short,21986.921373,21964.302045,21998.981037,21964.302045,17.119328000000678,take_profit,2
2025-02-26 01:00:00,2025-02-26 01:10:00,short,21924.290161,21937.638534,21937.638534,21899.093415,-18.84837300000072,stop_loss,2
2025-02-27 02:25:00,2025-02-27 02:30:00,short,21937.692725,21956.969155,21956.969155,21900.639865000005,-24.776429999998072,stop_loss,1
2025-02-28 01:10:00,2025-02-28 01:45:00,short,21225.03717,21253.076814,21253.076814,21170.457882,-33.53964400000041,stop_loss,7
2025-03-03 02:15:00,2025-03-03 03:20:00,short,21584.586718,21624.997959,21624.997959,21505.264235999995,-45.91124100000161,stop_loss,13
2025-03-04 01:05:00,2025-03-04 02:30:00,short,21139.209213,21196.889143,21196.889143,21025.349352999994,-63.17993000000206,stop_loss,17
2025-03-04 03:35:00,2025-03-04 03:40:00,short,21147.972428,21157.196935,21157.196935,21131.023414000003,-14.724506999998994,stop_loss,1
2025-03-05 04:45:00,2025-03-05 05:50:00,short,21196.685593,21136.951472999997,21227.302653,21136.951472999997,54.234120000000985,take_profit,13
2025-03-06 01:25:00,2025-03-06 01:40:00,short,21250.295848,21212.727506000003,21269.830019,21212.727506000003,32.068341999998665,take_profit,3
2025-03-07 03:55:00,2025-03-07 04:05:00,short,20822.187032,20794.928354000003,20836.566371,20794.928354000003,21.758677999998326,take_profit,2
2025-03-07 04:25:00,2025-03-07 04:40:00,short,20806.722535,20818.008975,20818.008975,20785.649655,-16.786439999999857,stop_loss,3
2025-03-10 02:20:00,2025-03-10 02:35:00,short,20715.482005,20734.758434,20734.758434,20678.429147000006,-24.776428999997734,stop_loss,3
2025-03-10 02:45:00,2025-03-10 03:05:00,short,20724.502961,20685.388168999998,20744.810357,20685.388168999998,33.61479200000031,take_profit,4
2025-03-11 01:00:00,2025-03-11 01:05:00,short,20063.65347,20083.703124,20083.703124,20025.054162000004,-25.549653999998554,stop_loss,1
2025-03-12 02:05:00,2025-03-12 02:40:00,short,20002.310966,20034.732218,20034.732218,19938.968462,-37.921252000000095,stop_loss,7
2025-03-13 01:00:00,2025-03-13 01:05:00,short,20058.240896,20018.610621999997,20078.806033,20018.610621999997,34.13027400000283,take_profit,1
2025-03-13 01:35:00,2025-03-13 01:45:00,short,20031.69351,20054.836064,20054.836064,19986.908402000005,-28.6425539999982,stop_loss,2
2025-03-13 02:35:00,2025-03-13 03:55:00,short,20052.57058,20095.559238,20095.559238,19968.093263999996,-48.48865800000203,stop_loss,16
2025-03-14 02:55:00,2025-03-14 03:10:00,short,19991.74356,20014.628372,20014.628372,19947.473936,-28.384812000000238,stop_loss,3
2025-03-17 01:20:00,2025-03-17 01:25:00,short,20175.255587,20182.418161,20182.418161,20162.430438999996,-12.662574000001769,stop_loss,1
2025-03-17 02:00:00,2025-03-17 02:25:00,short,20176.028812,20185.51106,20185.51106,20158.564316,-14.982248000000254,stop_loss,5
2025-03-17 02:35:00,2025-03-17 02:45:00,short,20165.461406,20183.964611,20183.964611,20129.954995999997,-24.00320500000089,stop_loss,2
2025-03-17 02:45:00,2025-03-17 02:50:00,long,20179.348487,20195.266535,20170.639463,20195.266535,10.418047999999544,take_profit,1
2025-03-17 03:35:00,2025-03-17 05:05:00,long,20219.298436,20248.103562,20204.145873,20248.103562,23.30512599999929,take_profit,18
2025-03-18 03:05:00,2025-03-18 05:00:00,long,20397.4977,20374.07047,20374.07047,20442.852160000002,-28.927230000001146,stop_loss,23
2025-03-19 01:05:00,2025-03-19 01:10:00,short,20133.820685,20123.149792999997,20139.906131,20123.149792999997,5.170892000001913,take_profit,1
2025-03-19 02:00:00,2025-03-19 02:40:00,short,20115.20377,20073.419678,20136.845816,20073.419678,36.28409200000169,take_profit,8
2025-03-21 01:05:00,2025-03-21 01:25:00,short,20243.481963,20255.433012,20255.433012,20221.079864999992,-17.451049000002968,stop_loss,4
2025-03-21 02:20:00,2025-03-21 02:25:00,short,20261.333799,20253.213169000002,20266.144114,20253.213169000002,2.620629999997618,take_profit,1
2025-03-21 03:15:00,2025-03-21 07:35:00,short,20219.764524,20149.927547999992,20255.433012,20149.927547999992,64.33697600000596,take_profit,52
2025-03-24 02:40:00,2025-03-24 02:45:00,long,20567.85522,20574.955746000003,20563.554957,20574.955746000003,1.6005260000019916,take_profit,1
2025-03-24 03:20:00,2025-03-24 04:30:00,long,20613.249888,20597.728472,20597.728472,20642.792719999998,-21.02141599999959,stop_loss,14
2025-03-25 04:20:00,2025-03-25 04:25:00,long,20719.595825,20733.327031000004,20711.980222,20733.327031000004,8.231206000004022,take_profit,1
2025-03-26 02:15:00,2025-03-26 03:00:00,long,20896.839054,20881.82769,20881.82769,20925.361782000004,-20.511364000001777,stop_loss,9
2025-03-26 04:10:00,2025-03-26 04:15:00,long,20873.886693,20869.841457,20869.841457,20880.477165000004,-9.54523600000175,stop_loss,1
2025-03-27 01:30:00,2025-03-27 02:05:00,short,20529.62139,20498.038346,20546.162912,20498.038346,26.083043999999063,take_profit,7
2025-03-28 02:10:00,2025-03-28 02:15:00,short,20327.895644,20338.571562,20338.571562,20308.043808,-16.17591800000082,stop_loss,1
2025-03-28 02:25:00,2025-03-28 02:40:00,short,20329.425802,20301.92318,20343.927113,20301.92318,22.002621999999974,take_profit,3
2025-03-28 03:10:00,2025-03-28 03:45:00,short,20277.910504,20300.572654,20300.572654,20234.086204,-28.16215000000011,stop_loss,7
2025-03-31 01:25:00,2025-03-31 02:05:00,short,19598.01058,19623.988072,19623.988072,19547.555595999995,-31.477492000001803,stop_loss,8
2025-03-31 02:05:00,2025-03-31 02:25:00,short,19588.57461,19627.558439,19627.558439,19512.106952,-44.483829000000696,stop_loss,4
2025-03-31 04:00:00,2025-03-31 04:25:00,short,19568.172512,19590.834662,19590.834662,19524.348212,-28.16215000000011,stop_loss,5
2025-03-31 04:40:00,2025-03-31 05:35:00,short,19576.588377,19603.585974,19603.585974,19524.093182999997,-32.497597000001406,stop_loss,11
2025-04-01 01:30:00,2025-04-01 01:40:00,short,19767.092969,19781.849307,19781.849307,19739.080293000003,-20.256337999999232,stop_loss,2
2025-04-02 01:00:00,2025-04-02 01:05:00,short,19944.84625,19951.696775,19951.696775,19932.645199999995,-12.350525000001653,stop_loss,1
2025-04-02 01:35:00,2025-04-02 01:55:00,long,19967.778506,19956.337509,19956.337509,19989.160499999994,-16.94099699999788,stop_loss,4
2025-04-02 04:10:00,2025-04-02 05:00:00,short,19930.054729,19893.371163,19949.146512,19893.371163,31.1835659999997,take_profit,10
2025-04-03 01:30:00,2025-04-03 01:40:00,short,19454.175788,19474.542702,19474.542702,19414.941960000004,-25.86691399999836,stop_loss,2
2025-04-03 01:55:00,2025-04-03 02:05:00,short,19428.163113,19470.717309,19470.717309,19344.554720999997,-48.05419600000096,stop_loss,2
2025-04-03 02:10:00,2025-04-03 02:20:00,short,19423.062588,19469.187152,19469.187152,19332.313460000005,-51.62456399999792,stop_loss,2
2025-04-03 02:35:00,2025-04-03 02:45:00,short,19440.149345,19470.972335,19470.972335,19380.003365000008,-36.322989999996935,stop_loss,2
2025-04-03 02:45:00,2025-04-03 02:55:00,short,19453.920762,19475.817834,19475.817834,19411.626618000002,-27.397071999999753,stop_loss,2
2025-04-03 04:05:00,2025-04-03 04:45:00,short,19510.026532,19425.908088,19552.835754,19425.908088,78.61844399999973,take_profit,8
2025-04-03 04:45:00,2025-04-03 07:35:00,short,19428.163113,19325.172726999994,19480.408306,19325.172726999994,97.49038600000495,take_profit,34
2025-04-04 01:30:00,2025-04-04 02:40:00,short,19010.430151,18965.585743000003,19033.602355,18965.585743000003,39.3444079999972,take_profit,14
2025-04-04 03:55:00,2025-04-04 04:30:00,short,18960.700037,18906.164634999997,18988.717738,18906.164634999997,49.03540200000134,take_profit,7
2025-04-07 02:25:00,2025-04-07 02:35:00,short,16917.4299,16952.333309,16952.333309,16849.123081999995,-40.403409000002284,stop_loss,2
2025-04-08 04:45:00,2025-04-08 04:55:00,short,18136.200243,18099.516677,18155.292026,18099.516677,31.1835659999997,take_profit,2
2025-04-09 01:45:00,2025-04-09 01:55:00,short,17324.706786,17372.616533,17372.616533,17230.387291999996,-53.409747000001516,stop_loss,2
2025-04-10 01:30:00,2025-04-10 01:40:00,long,19513.83182,19485.04904,19485.04904,19569.897379999995,-34.28277999999773,stop_loss,2
2025-04-10 04:20:00,2025-04-10 05:10:00,long,19239.423599,19342.924037000004,19186.92338,19342.924037000004,98.00043800000276,take_profit,10
2025-04-11 01:00:00,2025-04-11 01:35:00,long,19127.722111,19071.651525,19071.651525,19238.363282999995,-61.570585999998,stop_loss,7
2025-04-11 01:40:00,2025-04-11 01:50:00,long,19087.93802,19046.403928,19046.403928,19169.506204000005,-47.03409200000169,stop_loss,2
2025-04-14 01:35:00,2025-04-14 02:00:00,long,19524.287896,19497.035273,19497.035273,19577.293142000002,-32.75262300000031,stop_loss,5
2025-04-14 02:35:00,2025-04-14 04:25:00,long,19506.946112,19462.861758,19462.861758,19593.614820000006,-49.58435400000235,stop_loss,22
2025-04-15 01:55:00,2025-04-15 02:00:00,long,19301.905025,19329.917701,19287.148687,19329.917701,22.512675999998464,take_profit,1
2025-04-15 02:05:00,2025-04-15 02:10:00,long,19370.762106,19385.513415999998,19362.636451,19385.513415999998,9.251309999999648,take_profit,1
2025-04-16 02:50:00,2025-04-16 03:00:00,short,18901.0239,18919.860657,18919.860657,18864.850386,-24.336757000000944,stop_loss,2
2025-04-16 03:40:00,2025-04-16 03:50:00,long,19184.59296,19090.268439,19090.268439,19371.742002000006,-99.82452100000228,stop_loss,2
2025-04-17 03:00:00,2025-04-17 03:50:00,short,18969.625955,18918.660918999998,18995.858473,18918.660918999998,45.46503600000142,take_profit,10
2025-04-17 04:05:00,2025-04-17 04:10:00,short,18930.351916,18918.660920000002,18936.947414,18918.660920000002,6.19099599999754,take_profit,1
2025-04-17 04:25:00,2025-04-17 05:20:00,short,18946.163542,18909.990027999997,18965.000299,18909.990027999997,30.673514000001887,take_profit,11
2025-04-21 02:00:00,2025-04-21 02:20:00,short,18570.254882,18523.370266000005,18594.44719,18523.370266000005,41.38461599999573,take_profit,4
2025-04-21 03:05:00,2025-04-21 04:10:00,short,18544.242207,18510.618954999994,18561.803833,18510.618954999994,28.123252000004868,take_profit,13
2025-04-21 04:10:00,2025-04-21 04:25:00,short,18514.914191,18528.90545,18528.90545,18488.431673000003,-19.491258999998536,stop_loss,3
2025-04-21 04:30:00,2025-04-21 04:50:00,short,18518.99461,18531.965764,18531.965764,18494.552302000004,-18.471153999998933,stop_loss,4
2025-04-22 02:30:00,2025-04-22 03:10:00,short,18462.123762,18425.440196,18481.215545,18425.440196,31.1835659999997,take_profit,8
2025-04-24 01:25:00,2025-04-24 01:35:00,long,19152.969708,19122.401744,19122.401744,19212.605636000004,-36.067964000001666,stop_loss,2
2025-04-24 04:00:00,2025-04-24 04:35:00,long,19016.785702,19042.248114,19003.304496,19042.248114,19.962412000000768,take_profit,7
2025-04-25 01:05:00,2025-04-25 01:15:00,long,19836.695025,19808.677323,19808.677323,19891.230429000003,-33.51770200000101,stop_loss,2
2025-04-25 01:25:00,2025-04-25 01:50:00,long,19821.648477,19858.842096999997,19802.301667,19858.842096999997,31.69361999999819,take_profit,5
2025-04-25 04:50:00,2025-04-25 05:00:00,long,19787.474963,19768.383179,19768.383179,19824.158531,-24.59178400000019,stop_loss,2
2025-04-28 02:15:00,2025-04-28 02:35:00,long,19886.170113,19873.198959,19873.198959,19910.612420999998,-18.471153999998933,stop_loss,4
2025-04-28 03:40:00,2025-04-28 04:30:00,long,19885.150008,19922.853680000004,19865.548172,19922.853680000004,32.20367200000328,take_profit,10
2025-04-29 02:05:00,2025-04-29 02:50:00,long,19961.40285,20011.857833999995,19935.425358,20011.857833999995,44.95498399999633,take_profit,9
2025-04-29 04:00:00,2025-04-29 04:10:00,long,19977.724529,19964.243322,19964.243322,20003.186943,-18.981207000000722,stop_loss,2
2025-04-30 01:50:00,2025-04-30 02:00:00,long,19952.731958,19968.503374000004,19944.09625,19968.503374000004,10.271416000003228,take_profit,2
2025-04-30 02:45:00,2025-04-30 03:00:00,long,19977.724529,19962.203112,19962.203112,20007.267363,-21.02141699999993,stop_loss,3
2025-04-30 03:05:00,2025-04-30 03:35:00,long,19986.650447,19958.887771,19958.887771,20040.675798999997,-33.262675999998464,stop_loss,6
2025-04-30 03:50:00,2025-04-30 03:55:00,long,19990.730866,19974.444371,19974.444371,20021.803856000002,-21.786495000000286,stop_loss,1
2025-04-30 04:00:00,2025-04-30 05:25:00,long,19981.294896,19965.773479,19965.773479,20010.83773,-21.02141699999993,stop_loss,17
2025-05-01 02:10:00,2025-05-01 02:15:00,long,20344.452244,20331.991143,20331.991143,20367.874446,-17.96110100000078,stop_loss,1
2025-05-01 02:20:00,2025-05-01 03:45:00,long,20346.492454,20381.135812,20328.420775,20381.135812,29.14335800000117,take_profit,17
2025-05-02 02:35:00,2025-05-02 02:40:00,long,20344.962297,20322.810198,20322.810198,20387.766494999996,-27.652098999998998,stop_loss,1
2025-05-02 03:15:00,2025-05-02 03:20:00,long,20337.821562,20322.300146,20322.300146,20367.364394,-21.02141599999959,stop_loss,1
2025-05-02 04:40:00,2025-05-02 07:30:00,long,20322.009936,20369.914655999997,20297.307576,20369.914655999997,42.40471999999863,take_profit,34
2025-05-05 01:35:00,2025-05-05 01:45:00,long,20495.937823,20486.792063,20486.792063,20512.729343,-14.645759999999427,stop_loss,2
2025-05-06 02:50:00,2025-05-06 03:15:00,short,20300.862864,20263.669243999993,20320.209674,20263.669243999993,31.693620000005467,take_profit,5
2025-05-06 03:20:00,2025-05-06 03:25:00,short,20246.287251,20257.728248,20257.728248,20224.905257000006,-16.94099699999788,stop_loss,1
2025-05-06 04:00:00,2025-05-06 05:35:00,short,20251.897828,20276.855215,20276.855215,20203.483054000004,-30.457386999998562,stop_loss,19
2025-05-07 02:20:00,2025-05-07 02:40:00,long,20409.483932,20399.06304,20399.06304,20428.825715999996,-15.920891999998275,stop_loss,4
2025-05-07 02:45:00,2025-05-07 03:00:00,long,20408.463827,20425.255347,20399.318067,20425.255347,11.291519999998854,take_profit,3
2025-05-07 03:50:00,2025-05-07 04:20:00,long,20404.383408,20386.311729,20386.311729,20439.026766000003,-23.571679000000586,stop_loss,6
2025-05-07 04:45:00,2025-05-07 04:50:00,long,20404.128381,20395.237647,20395.237647,20420.409848999992,-14.390733999996883,stop_loss,1
2025-05-09 01:15:00,2025-05-09 01:25:00,long,20596.673183,20589.567633,20589.567633,20609.384283,-12.605550000000221,stop_loss,2
2025-05-09 01:40:00,2025-05-09 02:00:00,long,20594.632974,20582.936951,20582.936951,20616.52502,-17.196023000000423,stop_loss,4
2025-05-09 02:05:00,2025-05-09 02:10:00,long,20599.733498,20580.641715,20580.641715,20636.417064,-24.59178299999985,stop_loss,1
2025-05-09 02:25:00,2025-05-09 03:15:00,long,20603.813918,20579.62161,20579.62161,20650.698534000003,-29.692308000001503,stop_loss,10
2025-05-09 03:25:00,2025-05-09 03:35:00,long,20599.223446,20583.447003,20583.447003,20629.276331999998,-21.276442999998835,stop_loss,2
2025-05-09 04:05:00,2025-05-09 04:15:00,long,20595.143026,20588.037475,20588.037475,20607.854128000003,-12.60555100000056,stop_loss,2
2025-05-09 04:20:00,2025-05-09 04:25:00,long,20597.693288,20586.507318,20586.507318,20618.565227999996,-16.685969999998633,stop_loss,1
2025-05-09 04:35:00,2025-05-09 05:00:00,long,20593.612869,20608.364181,20585.487213,20608.364181,9.251312000000325,take_profit,5
2025-05-12 04:00:00,2025-05-12 05:30:00,long,21318.652434,21369.61747,21292.419916,21369.61747,45.46503600000142,take_profit,18
2025-05-13 01:40:00,2025-05-13 01:45:00,long,21290.599549,21286.044261,21286.044261,21298.210124999998,-10.055287999999564,stop_loss,1
2025-05-13 04:20:00,2025-05-13 04:30:00,long,21265.862005,21280.103262999994,21257.991376,21280.103262999994,8.74125799999456,take_profit,2
2025-05-14 01:25:00,2025-05-14 01:55:00,long,21748.881681,21776.894356999997,21734.125343,21776.894356999997,22.512675999998464,take_profit,6
2025-05-15 04:50:00,2025-05-15 05:00:00,long,21680.789678,21673.939153,21673.939153,21692.990728000004,-12.350525000001653,stop_loss,2
2025-05-16 02:10:00,2025-05-16 02:40:00,long,21825.899601,21865.133429000005,21805.532687,21865.133429000005,33.733828000003996,take_profit,6
2025-05-16 03:25:00,2025-05-16 03:40:00,long,21895.776788,21884.335791,21884.335791,21917.158781999995,-16.94099699999788,stop_loss,3
2025-05-16 03:40:00,2025-05-16 04:40:00,long,21890.166211,21877.705109,21877.705109,21913.588415000002,-17.96110200000112,stop_loss,12
2025-05-19 01:25:00,2025-05-19 01:40:00,short,21666.528314,21634.945272,21683.069835,21634.945272,26.083041999998386,take_profit,3
2025-05-19 03:00:00,2025-05-19 03:25:00,short,21602.771757,21567.108294999995,21621.353488,21567.108294999995,30.163462000004074,take_profit,5
2025-05-19 03:55:00,2025-05-19 04:15:00,short,21559.672325,21571.623374,21571.623374,21537.270227,-17.45104899999933,stop_loss,4
2025-05-20 02:05:00,2025-05-20 02:20:00,long,21856.247723,21892.931291,21837.155939,21892.931291,31.183568000000378,take_profit,3
2025-05-20 02:50:00,2025-05-20 03:10:00,long,21870.274165,21846.336883,21846.336883,21916.648728999997,-29.43728199999896,stop_loss,4
2025-05-20 03:15:00,2025-05-20 08:25:00,long,21873.33448,21839.196149,21839.196149,21940.111142000005,-39.638331000001926,stop_loss,62
2025-05-21 03:35:00,2025-05-21 03:50:00,short,21722.379058,21744.27613,21744.27613,21680.084914,-27.397071999999753,stop_loss,3
2025-05-21 04:10:00,2025-05-21 04:15:00,short,21742.271104,21747.591471,21747.591471,21733.13037,-10.82036700000026,stop_loss,1
2025-05-21 04:20:00,2025-05-21 04:30:00,short,21737.680632,21711.708168,21751.416864,21711.708168,20.47246399999858,take_profit,2
2025-05-21 04:30:00,2025-05-21 04:35:00,short,21726.459478,21733.054976,21733.054976,21714.768482000003,-12.09549799999877,stop_loss,1
2025-05-21 04:40:00,2025-05-21 06:05:00,short,21699.681724,21734.075081,21734.075081,21632.395009999997,-39.89335700000083,stop_loss,17
2025-05-22 01:25:00,2025-05-22 01:40:00,short,21595.886049,21617.273068,21617.273068,21554.612011000005,-26.887018999997963,stop_loss,3
2025-05-22 02:35:00,2025-05-22 03:00:00,short,21618.073331,21638.440245,21638.440245,21578.839502999996,-25.866914000001998,stop_loss,5
2025-05-22 03:05:00,2025-05-22 03:15:00,short,21623.683908,21644.050822,21644.050822,21584.450079999995,-25.866914000001998,stop_loss,2
2025-05-22 03:55:00,2025-05-22 04:35:00,short,21623.938934,21638.440245,21638.440245,21596.436312,-20.001310999999987,stop_loss,8
2025-05-22 04:40:00,2025-05-22 06:00:00,short,21620.623593,21640.480455,21640.480455,21582.409869,-25.356862000000547,stop_loss,16
2025-05-23 01:00:00,2025-05-23 01:15:00,short,21561.967561,21524.773943000004,21581.31437,21524.773943000004,31.693617999997514,take_profit,3
2025-05-23 01:15:00,2025-05-23 01:25:00,short,21519.378181,21539.745095,21539.745095,21480.144353000003,-25.86691399999836,stop_loss,2
2025-05-23 03:45:00,2025-05-23 03:50:00,short,21621.643698,21617.093436000003,21624.668829,21617.093436000003,-0.9497380000029807,take_profit,1
2025-05-23 04:20:00,2025-05-23 06:20:00,short,21582.624685,21513.807812999996,21617.783121,21513.807812999996,63.31687200000306,take_profit,24
2025-05-26 01:00:00,2025-05-26 02:05:00,long,21640.495534,21691.970622000008,21614.00799,21691.970622000008,45.97508800000651,take_profit,13
2025-05-26 03:25:00,2025-05-26 03:35:00,long,21702.211881,21690.515858,21690.515858,21724.103927,-17.196023000000423,stop_loss,2
2025-05-26 03:35:00,2025-05-26 03:50:00,long,21702.211881,21688.730674,21688.730674,21727.674295,-18.981207000000722,stop_loss,3
2025-05-27 01:05:00,2025-05-27 01:30:00,long,21642.79077,21667.233077999997,21629.819616,21667.233077999997,18.942307999997865,take_profit,5
2025-05-27 02:20:00,2025-05-27 02:35:00,long,21716.49335,21747.056288000003,21700.461881,21747.056288000003,25.06293800000276,take_profit,3
2025-05-27 04:30:00,2025-05-27 05:45:00,long,21763.673202,21737.440684,21737.440684,21814.638238000003,-31.73251800000071,stop_loss,15
2025-05-28 01:05:00,2025-05-28 01:55:00,long,21880.73024,21868.524165,21868.524165,21903.642390000005,-17.706075000001874,stop_loss,10
2025-05-29 04:35:00,2025-05-29 04:55:00,long,22238.277012,22226.325963,22226.325963,22260.679109999997,-17.45104899999933,stop_loss,4
2025-06-02 01:00:00,2025-06-02 01:10:00,short,21649.696583,21631.884957000006,21659.352396,21631.884957000006,12.311625999995158,take_profit,2
2025-06-02 02:25:00,2025-06-02 02:35:00,short,21597.16118,21662.157685,21662.157685,21468.66817,-70.49650499999916,stop_loss,2
2025-06-02 02:40:00,2025-06-02 02:45:00,short,21646.381242,21655.782029,21655.782029,21629.079667999995,-14.90078700000231,stop_loss,1
2025-06-02 02:55:00,2025-06-02 03:00:00,short,21637.455324,21657.05716,21657.05716,21599.751651999995,-25.10183600000164,stop_loss,1
2025-06-02 03:15:00,2025-06-02 03:20:00,short,21651.22674,21678.224337,21678.224337,21598.731545999995,-32.497597000001406,stop_loss,1
2025-06-02 04:40:00,2025-06-02 05:05:00,short,21635.67014,21660.117475,21660.117475,21588.275469999997,-29.94733500000075,stop_loss,5
2025-06-03 02:55:00,2025-06-03 03:05:00,long,21870.274165,21859.088195,21859.088195,21891.146104999996,-16.685969999998633,stop_loss,2
2025-06-04 01:00:00,2025-06-04 01:15:00,long,22144.42736,22130.181075,22130.181075,22171.419930000004,-19.74628500000108,stop_loss,3
2025-06-04 01:50:00,2025-06-04 01:55:00,long,22137.031599,22124.570498,22124.570498,22160.453801000003,-17.96110100000078,stop_loss,1
2025-06-05 02:00:00,2025-06-05 02:20:00,long,22189.311976,22216.304546000003,22175.065691,22216.304546000003,21.49257000000216,take_profit,4
2025-06-05 03:25:00,2025-06-05 03:35:00,long,22272.705553,22261.00953,22261.00953,22294.597599,-17.196023000000423,stop_loss,2
2025-06-06 02:20:00,2025-06-06 02:25:00,long,22095.207298,22087.846721,22087.846721,22108.428452,-12.860576999999466,stop_loss,1
2025-06-06 04:45:00,2025-06-06 05:35:00,long,22115.099344,22105.953583,22105.953583,22131.890865999998,-14.645760999999766,stop_loss,10
2025-06-09 01:25:00,2025-06-09 01:50:00,long,22179.365953,22197.687631,22169.455114,22197.687631,12.821678000000247,take_profit,5
2025-06-09 03:45:00,2025-06-09 08:35:00,long,22223.740517,22196.74292,22196.74292,22276.235710999994,-32.49759699999777,stop_loss,58
2025-06-10 01:15:00,2025-06-10 01:45:00,long,22273.980684,22254.8889,22254.8889,22310.66425199999,-24.59178399999655,stop_loss,6
2025-06-10 03:10:00,2025-06-10 03:35:00,short,22201.318314,22254.328585,22254.328585,22096.797772,-58.51027099999919,stop_loss,5
2025-06-10 03:35:00,2025-06-10 03:40:00,long,22250.518271,22243.667746,22243.667746,22262.719321000004,-12.350525000001653,stop_loss,1
2025-06-10 03:55:00,2025-06-10 04:20:00,long,22251.283349,22277.765867000006,22237.29209,22277.765867000006,20.982518000004347,take_profit,5
2025-06-11 01:20:00,2025-06-11 01:30:00,long,22341.562634,22329.866611,22329.866611,22363.454680000003,-17.196023000000423,stop_loss,2
2025-06-11 01:35:00,2025-06-11 02:05:00,long,22332.126664,22349.428237999997,22322.725877,22349.428237999997,11.801573999997345,take_profit,6
2025-06-11 02:10:00,2025-06-11 02:30:00,long,22347.173211,22331.651795,22331.651795,22376.716043,-21.02141599999959,stop_loss,4
2025-06-11 03:10:00,2025-06-11 03:35:00,long,22373.185886,22400.688508,22358.684575,22400.688508,22.002621999999974,take_profit,5
2025-06-12 01:00:00,2025-06-12 01:10:00,short,22253.59869,22266.314818,22266.314818,22229.666434,-18.216128000000026,stop_loss,2
2025-06-12 01:25:00,2025-06-12 01:30:00,short,22260.229372,22275.750789,22275.750789,22230.686538,-21.02141699999993,stop_loss,1
2025-06-12 02:30:00,2025-06-12 02:50:00,short,22258.444189,22223.290779000003,22276.770894,22223.290779000003,29.653409999998985,take_profit,4
2025-06-12 02:50:00,2025-06-12 03:55:00,short,22202.593445,22235.966697,22235.966697,22137.346940999996,-38.87325200000123,stop_loss,13
2025-06-13 03:55:00,2025-06-13 04:00:00,short,22034.021108,22058.213416,22058.213416,21987.136492000005,-29.692307999997865,stop_loss,1
2025-06-13 04:10:00,2025-06-13 04:15:00,short,22038.356554,22068.924518,22068.924518,21978.720626000006,-36.06796399999803,stop_loss,1
2025-06-13 04:35:00,2025-06-13 04:50:00,short,22045.242262,22057.703364,22057.703364,22021.820057999998,-17.96110200000112,stop_loss,3
2025-06-16 03:05:00,2025-06-16 04:10:00,long,22214.092875,22191.134894,22191.134894,22258.508836999998,-28.457980999999563,stop_loss,13
2025-06-16 04:25:00,2025-06-16 05:50:00,short,22191.632418,22207.773548,22207.773548,22160.850158,-21.641129999999976,stop_loss,17
2025-06-17 01:00:00,2025-06-17 01:50:00,long,22315.335737,22296.164895,22296.164895,22352.177421,-24.67084199999954,stop_loss,10
2025-06-18 03:20:00,2025-06-18 03:25:00,short,22233.795904,22237.313236,22237.313236,22228.261239999993,-9.01733200000308,stop_loss,1
2025-06-18 03:50:00,2025-06-18 04:00:00,long,22245.904846,22262.043500000003,22237.085519,22262.043500000003,10.638654000002134,take_profit,2
2025-06-18 04:00:00,2025-06-18 04:35:00,long,22275.949486,22249.456842,22249.456842,22327.434774000005,-31.992644000001746,stop_loss,7
2025-06-19 01:05:00,2025-06-19 02:55:00,short,22063.374627,22013.404193000006,22089.109844,22013.404193000006,44.470433999995294,take_profit,22
2025-06-19 04:55:00,2025-06-19 05:00:00,short,22047.468641,22050.733497,22050.733497,22042.438928999996,-8.7648560000016,stop_loss,1
2025-06-20 03:30:00,2025-06-20 03:45:00,short,22122.454003,22102.275732999995,22133.293138,22102.275732999995,14.678270000003977,take_profit,3
2025-06-20 03:50:00,2025-06-20 04:05:00,short,22091.904411,22103.248498,22103.248498,22070.716236999997,-16.84408700000131,stop_loss,3
2025-06-20 04:25:00,2025-06-20 04:50:00,short,22102.508402,22114.35744,22114.35744,22080.310326,-17.34903800000029,stop_loss,5
2025-06-23 02:35:00,2025-06-23 05:40:00,long,22108.305445,22073.73357,22073.73357,22175.949195000005,-40.071875000001455,stop_loss,37
2025-06-24 01:00:00,2025-06-24 01:10:00,long,22527.9205,22554.158194000003,22514.051653,22554.158194000003,20.737694000003103,take_profit,2
2025-06-24 01:10:00,2025-06-24 01:20:00,long,22555.945332,22537.784394,22537.784394,22590.767208,-23.660938000000897,stop_loss,2
2025-06-24 01:50:00,2025-06-24 02:00:00,long,22579.173121,22563.536943,22563.536943,22608.945477,-21.136178000000655,stop_loss,2
2025-06-24 02:15:00,2025-06-24 02:25:00,long,22576.395885,22566.566654,22566.566654,22594.55434700001,-15.329231000003347,stop_loss,2
2025-06-24 04:05:00,2025-06-24 04:30:00,long,22538.52449,22564.25723,22524.90812,22564.25723,20.232739999999467,take_profit,5
2025-06-25 01:05:00,2025-06-25 01:15:00,long,22653.653531,22643.8243,22643.8243,22671.811993,-15.329230999999709,stop_loss,2
2025-06-26 01:05:00,2025-06-26 01:15:00,long,22743.282498,22736.482979,22736.482979,22755.381536,-12.299519000000146,stop_loss,2
2025-06-26 02:10:00,2025-06-26 02:15:00,long,22755.906297,22763.460769000005,22751.379061,22763.460769000005,2.054472000003443,take_profit,1
2025-06-26 02:35:00,2025-06-26 03:05:00,long,22755.906297,22772.549903000006,22746.834494,22772.549903000006,11.143606000005093,take_profit,6
2025-06-26 03:05:00,2025-06-26 03:10:00,long,22766.257811,22777.346945,22759.963244,22777.346945,5.58913400000165,take_profit,1
2025-06-26 04:00:00,2025-06-26 04:10:00,long,22789.990552,22782.433605,22782.433605,22803.604446,-13.056947000000946,stop_loss,2
2025-06-27 02:05:00,2025-06-27 06:20:00,long,22961.169257,22985.892095000003,22948.057838,22985.892095000003,19.222838000001502,take_profit,51
2025-06-30 01:15:00,2025-06-30 01:30:00,long,23122.248923,23117.721687,23117.721687,23129.803394999995,-10.027235999998084,stop_loss,3
2025-06-30 03:00:00,2025-06-30 07:50:00,long,23104.070653,23082.122576,23082.122576,23146.466806999993,-27.448076999997284,stop_loss,58
2025-07-01 03:55:00,2025-07-01 04:05:00,long,23073.268585,23065.206686,23065.206686,23087.892383000002,-13.561899000000267,stop_loss,2
2025-07-02 03:10:00,2025-07-02 03:20:00,short,22955.372213,22962.424209,22962.424209,22942.768220999995,-12.551996000001964,stop_loss,2
2025-07-02 03:30:00,2025-07-02 05:40:00,short,22933.911756,22909.693870000003,22946.770699,22909.693870000003,18.717885999998543,take_profit,26
2025-07-03 01:55:00,2025-07-03 02:00:00,long,23108.362744,23104.845413,23104.845413,23113.897405999996,-9.017330999999103,stop_loss,1
2025-07-03 02:20:00,2025-07-03 03:40:00,long,23110.382552,23098.281038,23098.281038,23133.085579999995,-17.601513999998133,stop_loss,16
2025-07-03 04:25:00,2025-07-03 04:30:00,long,23098.263706,23089.949331,23089.949331,23113.392456000005,-13.814375000001746,stop_loss,1
2025-07-03 04:45:00,2025-07-03 04:55:00,long,23092.961711,23079.597816,23079.597816,23118.189500999997,-18.863894999998593,stop_loss,2
2025-07-07 04:50:00,2025-07-07 05:10:00,long,23180.570871,23212.363035,23163.924789,23212.363035,26.292163999998593,take_profit,4
2025-07-08 01:45:00,2025-07-08 02:00:00,long,23172.49164,23165.944596,23165.944596,23184.085728,-12.047043999999005,stop_loss,3
2025-07-08 02:35:00,2025-07-08 03:45:00,long,23175.268875,23160.390125,23160.390125,23203.526375,-20.378749999999854,stop_loss,14
2025-07-09 01:35:00,2025-07-09 01:45:00,short,23090.951807,23098.003802,23098.003802,23078.347817000005,-12.551994999997987,stop_loss,2
2025-07-09 02:25:00,2025-07-09 02:45:00,short,23110.13998,23118.454355,23118.454355,23095.011229999996,-13.814375000001746,stop_loss,4
2025-07-09 04:20:00,2025-07-09 05:00:00,long,23154.818322,23145.241567,23145.241567,23172.471831999996,-15.07675499999823,stop_loss,8
2025-07-10 02:40:00,2025-07-10 03:00:00,long,23242.932434,23254.021567999993,23236.637867,23254.021567999993,5.589133999994374,take_profit,4
2025-07-10 03:20:00,2025-07-10 04:20:00,long,23267.927555,23251.533949,23251.533949,23299.214766999994,-21.893605999997817,stop_loss,12
2025-07-11 02:00:00,2025-07-11 02:15:00,short,23178.308491,23142.476713,23196.97438,23142.476713,30.33177799999976,take_profit,3
2025-07-11 04:35:00,2025-07-11 04:40:00,short,23126.298442,23132.088057,23132.088057,23116.219211999996,-11.289615000001504,stop_loss,1
2025-07-14 01:30:00,2025-07-14 01:35:00,short,23060.402215,23065.434402,23065.434402,23051.837840999997,-10.532187000000704,stop_loss,1
2025-07-15 02:15:00,2025-07-15 02:20:00,long,23373.210032,23366.410513,23366.410513,23385.30907,-12.299519000000146,stop_loss,1
2025-07-15 02:30:00,2025-07-15 02:40:00,long,23372.957556,23390.611066000005,23363.380801,23390.611066000005,12.153510000003735,take_profit,2
2025-07-15 02:40:00,2025-07-15 03:00:00,long,23398.710105,23380.549167,23380.549167,23433.531980999993,-23.66093799999726,stop_loss,4
2025-07-15 03:05:00,2025-07-15 03:10:00,long,23383.814023,23374.994696,23374.994696,23399.952676999994,-14.319326999997429,stop_loss,1
2025-07-15 03:10:00,2025-07-15 05:30:00,long,23387.853638,23418.130946000005,23371.964984,23418.130946000005,24.77730800000427,take_profit,28
2025-07-16 01:30:00,2025-07-16 02:05:00,short,23212.14027,23183.88277,23227.01902,23183.88277,22.75749999999971,take_profit,7
2025-07-16 04:10:00,2025-07-16 04:15:00,short,23220.976929,23229.291304,23229.291304,23205.848179000004,-13.814374999998108,stop_loss,1
2025-07-17 04:15:00,2025-07-17 04:20:00,long,23351.497099,23345.95996,23345.95996,23361.071377,-11.037139000000025,stop_loss,1
2025-07-17 04:30:00,2025-07-17 04:40:00,long,23352.507003,23344.192628,23344.192628,23367.635752999995,-13.814374999998108,stop_loss,2
2025-07-18 01:20:00,2025-07-18 01:25:00,long,23537.571886,23528.500083,23528.500083,23554.215492000007,-14.571803000002546,stop_loss,1
2025-07-18 03:00:00,2025-07-18 05:15:00,long,23506.264866,23496.183159,23496.183159,23524.928280000004,-15.581707000001188,stop_loss,27
2025-07-21 01:00:00,2025-07-21 01:20:00,long,23504.75001,23522.908472,23494.920779,23522.908472,12.658461999999417,take_profit,4
2025-07-21 02:00:00,2025-07-21 02:15:00,long,23513.334193,23526.443134999998,23506.029722,23526.443134999998,7.608941999998933,take_profit,3
2025-07-21 04:00:00,2025-07-21 04:30:00,long,23525.957991,23519.410948,23519.410948,23537.552076999997,-12.047042999998666,stop_loss,6
2025-07-21 04:50:00,2025-07-21 05:05:00,long,23523.433232,23518.148568,23518.148568,23532.502559999997,-10.784663999998884,stop_loss,3
2025-07-23 03:45:00,2025-07-23 04:20:00,long,23507.27477,23498.455443,23498.455443,23523.413424000002,-14.319327000001067,stop_loss,7
2025-07-25 03:25:00,2025-07-25 08:05:00,long,23601.953257,23587.326983,23587.326983,23629.705805000005,-20.126274000002013,stop_loss,56
2025-07-28 01:40:00,2025-07-28 01:55:00,long,23803.681554,23798.901842,23798.901842,23811.740977999998,-10.279711999999563,stop_loss,3
2025-07-28 04:00:00,2025-07-28 04:20:00,long,23773.88939,23767.342346,23767.342346,23785.483478,-12.047043999999005,stop_loss,4
2025-07-29 01:00:00,2025-07-29 01:25:00,long,23785.503284,23779.208717,23779.208717,23796.592417999993,-11.794566999997187,stop_loss,5
2025-07-29 01:35:00,2025-07-29 01:55:00,long,23785.250808,23776.936433,23776.936433,23800.379558000004,-13.814375000001746,stop_loss,4
2025-07-29 02:10:00,2025-07-29 02:30:00,long,23786.008236,23796.087466000004,23780.218621,23796.087466000004,4.579230000003008,take_profit,4
2025-07-29 02:35:00,2025-07-29 02:45:00,long,23802.924126,23817.042974000007,23795.114702,23817.042974000007,8.618848000005528,take_profit,2
2025-07-29 02:45:00,2025-07-29 07:55:00,long,23825.142011,23807.233549,23807.233549,23859.458935,-23.408461999999417,stop_loss,62
2025-07-30 01:20:00,2025-07-30 01:50:00,long,23737.785327,23730.228379,23730.228379,23751.399223000004,-13.056948000001285,stop_loss,6
2025-07-30 04:50:00,2025-07-30 04:55:00,short,23709.265446,23715.81249,23715.81249,23697.671358000003,-12.047043999999005,stop_loss,1
2025-07-30 04:55:00,2025-07-30 07:10:00,long,23725.414004,23708.26297,23708.26297,23758.216071999996,-22.651033999998617,stop_loss,27
2025-07-31 02:05:00,2025-07-31 02:30:00,long,24029.395067,24051.593145000003,24017.546028,24051.593145000003,16.69807800000126,take_profit,5
2025-07-31 03:15:00,2025-07-31 03:50:00,long,24041.766389,24035.219346,24035.219346,24053.360474999998,-12.047042999998666,stop_loss,7
2025-08-01 01:50:00,2025-08-01 02:05:00,short,23496.175731,23466.908325,23511.559434,23466.908325,23.767405999999028,take_profit,3
2025-08-01 03:00:00,2025-08-01 03:25:00,short,23380.541739,23336.630729000004,23403.247244,23336.630729000004,38.41100999999617,take_profit,5
2025-08-01 04:25:00,2025-08-01 04:30:00,short,23322.724743,23338.865873,23338.865873,23291.942483,-21.641129999999976,stop_loss,1
2025-08-05 01:10:00,2025-08-05 01:25:00,long,23601.700781,23596.163642,23596.163642,23611.275059,-11.037139000000025,stop_loss,3
2025-08-05 01:30:00,2025-08-05 01:40:00,long,23606.245348,23625.413711999998,23595.911166,23625.413711999998,13.668363999997382,take_profit,2
2025-08-05 03:25:00,2025-08-05 03:30:00,long,23569.131382,23562.836814,23562.836814,23580.220518000002,-11.794568000001163,stop_loss,1
2025-08-05 04:05:00,2025-08-05 04:35:00,long,23565.091766,23576.685852000006,23558.544723,23576.685852000006,6.094086000004609,take_profit,6
2025-08-05 04:35:00,2025-08-05 04:40:00,long,23578.472992,23571.925949,23571.925949,23590.067077999996,-12.047042999998666,stop_loss,1
2025-08-05 04:55:00,2025-08-05 05:05:00,long,23580.240324,23601.428497999994,23568.896237,23601.428497999994,15.688173999995342,take_profit,2
2025-08-06 03:40:00,2025-08-06 05:45:00,short,23389.630874,23347.234719999997,23411.578951,23347.234719999997,36.89615400000184,take_profit,25
2025-08-07 01:30:00,2025-08-07 01:35:00,long,23724.909052,23722.6541,23722.6541,23727.918955999998,-7.754951999999321,stop_loss,1
2025-08-07 02:05:00,2025-08-07 03:00:00,long,23721.879341,23749.126939,23707.505542,23749.126939,21.747598000001744,take_profit,11
2025-08-07 03:50:00,2025-08-07 04:00:00,long,23798.379558,23782.995856,23782.995856,23827.646962,-20.883701999999175,stop_loss,2
2025-08-07 04:05:00,2025-08-07 04:30:00,long,23792.320135,23821.587539000007,23776.936433,23821.587539000007,23.767404000005627,take_profit,5
2025-08-07 04:40:00,2025-08-07 06:00:00,long,23825.646963,23873.092636999994,23801.174126,23873.092636999994,41.94567399999505,take_profit,16
2025-08-08 02:15:00,2025-08-08 02:45:00,long,23778.686433,23763.302731,23763.302731,23807.953836999997,-20.883701999999175,stop_loss,6
2025-08-08 03:00:00,2025-08-08 07:20:00,long,23781.211193,23759.515591,23759.515591,23823.102397,-27.19560199999978,stop_loss,52
2025-08-11 01:40:00,2025-08-11 01:50:00,long,23982.182061,23990.241482999998,23977.40235,23990.241482999998,2.559421999998449,take_profit,2
2025-08-11 04:30:00,2025-08-11 04:35:00,long,23958.701796,23955.689417,23955.689417,23963.226554,-8.512378999999783,stop_loss,1
2025-08-12 01:10:00,2025-08-12 01:15:00,long,23870.082732,23863.535689,23863.535689,23881.676817999996,-12.047042999998666,stop_loss,1
2025-08-12 01:20:00,2025-08-12 02:05:00,long,23877.657011,23909.449174999998,23861.010929,23909.449174999998,26.292163999998593,take_profit,9
2025-08-12 02:50:00,2025-08-12 03:10:00,long,23904.166988,23893.075377,23893.075377,23924.85021,-16.59161099999983,stop_loss,4
2025-08-13 01:35:00,2025-08-13 01:40:00,long,24200.573771,24209.138145,24195.541584,24209.138145,3.0643740000014077,take_profit,1
2025-08-13 02:00:00,2025-08-13 03:35:00,long,24214.207473,24254.078866999993,24193.521776,24254.078866999993,34.371393999994325,take_profit,19
2025-08-14 01:35:00,2025-08-14 02:30:00,long,24151.088482,24165.71228,24143.026583,24165.71228,9.123798000000534,take_profit,11
2025-08-14 02:50:00,2025-08-14 06:55:00,long,24164.217232,24193.989588,24148.581054,24193.989588,24.27235600000131,take_profit,49
2025-08-15 01:10:00,2025-08-15 01:25:00,long,24179.870742,24171.808843,24171.808843,24194.49454,-13.561899000000267,stop_loss,3
2025-08-15 01:30:00,2025-08-15 01:50:00,long,24180.62817,24191.212352,24174.586079,24191.212352,5.084181999998691,take_profit,4
2025-08-18 01:00:00,2025-08-18 01:15:00,short,24078.89026,24053.662472000004,24092.254154,24053.662472000004,19.727787999996508,take_profit,3
2025-08-18 01:35:00,2025-08-18 01:40:00,short,24048.84562,24026.647542,24060.694659,24026.647542,16.69807800000126,take_profit,1
2025-08-18 02:05:00,2025-08-18 03:25:00,short,24032.434682,23993.068238,24052.867904,23993.068238,33.86644399999932,take_profit,16
2025-08-18 03:50:00,2025-08-18 04:15:00,short,24018.043552,23996.855377999997,24029.387639,23996.855377999997,15.688174000002618,take_profit,5
2025-08-19 04:40:00,2025-08-19 05:00:00,short,24026.880211,24016.800980999997,24032.669826,24016.800980999997,4.579230000003008,take_profit,4
2025-08-20 02:55:00,2025-08-20 03:25:00,short,23630.745421,23608.042390999995,23642.846936,23608.042390999995,17.20303000000422,take_profit,6
2025-08-21 01:45:00,2025-08-21 01:55:00,short,23578.735372,23587.049747,23587.049747,23563.606621999996,-13.814375000001746,stop_loss,2
2025-08-21 02:00:00,2025-08-21 02:05:00,short,23579.240324,23590.331935,23590.331935,23558.557102,-16.59161099999983,stop_loss,1
2025-08-21 03:50:00,2025-08-21 03:55:00,short,23551.720444,23538.611501999992,23559.024915,23538.611501999992,7.608942000006209,take_profit,1
2025-08-21 03:55:00,2025-08-21 04:40:00,short,23528.492655,23553.470444,23553.470444,23480.037076999997,-30.477789000000485,stop_loss,9
2025-08-21 04:50:00,2025-08-21 05:00:00,short,23547.680828,23522.453038000003,23561.044723,23522.453038000003,19.727789999997185,take_profit,2
2025-08-22 01:25:00,2025-08-22 01:30:00,short,23394.932869,23401.227437,23401.227437,23383.843732999998,-11.794568000001163,stop_loss,1
2025-08-25 03:00:00,2025-08-25 03:05:00,long,23768.082442,23755.728452,23755.728452,23791.290422,-17.853989999999612,stop_loss,1
2025-08-25 03:30:00,2025-08-25 03:40:00,long,23764.042827,23759.010639,23759.010639,23772.607203000003,-10.532188000001042,stop_loss,2
2025-08-25 04:55:00,2025-08-25 05:15:00,long,23737.280375,23721.644197,23721.644197,23767.052730999992,-21.136177999997017,stop_loss,4
2025-08-26 01:05:00,2025-08-26 01:10:00,long,23711.527826,23703.718403,23703.718403,23725.646672000006,-13.309423000002425,stop_loss,1
2025-08-26 02:45:00,2025-08-26 03:00:00,short,23669.62672,23688.545085,23688.545085,23633.289989999997,-24.41836500000136,stop_loss,3
2025-08-26 03:05:00,2025-08-26 05:10:00,long,23694.35946,23725.646672000003,23677.965854,23725.646672000003,25.78721200000291,take_profit,25
2025-08-27 01:10:00,2025-08-27 01:25:00,long,23836.503429,23852.642083000002,23827.684102,23852.642083000002,10.638654000002134,take_profit,3
2025-08-27 01:40:00,2025-08-27 01:50:00,long,23849.632179,23840.812852,23840.812852,23865.770833000002,-14.319327000001067,stop_loss,2
2025-08-27 02:05:00,2025-08-27 02:15:00,long,23846.602468,23836.520761,23836.520761,23865.265882000003,-15.581707000001188,stop_loss,2
2025-08-28 01:20:00,2025-08-28 01:25:00,long,23795.854799,23809.973647,23788.045375,23809.973647,8.618847999998252,take_profit,1
2025-08-28 01:25:00,2025-08-28 02:00:00,long,23812.518212,23846.835133999997,23794.609751,23846.835133999997,28.816921999998158,take_profit,7
2025-08-29 01:40:00,2025-08-29 01:55:00,long,23965.266171,23949.629993,23949.629993,23995.038527,-21.136178000000655,stop_loss,3
2025-08-29 02:05:00,2025-08-29 02:15:00,long,23969.558263,23960.991412,23960.991412,23985.191964999998,-14.066850999999588,stop_loss,2
2025-09-01 04:00:00,2025-09-01 04:20:00,short,23717.344677,23724.144197,23724.144197,23705.245637,-12.299520000000484,stop_loss,4
2025-09-01 04:40:00,2025-09-01 05:10:00,short,23718.859533,23728.436288,23728.436288,23701.206022999995,-15.076755000001867,stop_loss,6
2025-09-02 02:10:00,2025-09-02 02:45:00,short,23622.918666,23550.730348,23659.762825,23550.730348,66.68831800000044,take_profit,7
2025-09-02 03:10:00,2025-09-02 03:15:00,short,23517.131237,23547.915973,23547.915973,23457.061765000006,-36.28473599999779,stop_loss,1
2025-09-03 02:10:00,2025-09-03 02:15:00,short,23577.725468,23567.646236000004,23583.515084,23567.646236000004,4.579231999996409,take_profit,1
2025-09-03 02:30:00,2025-09-03 02:45:00,short,23577.977944,23596.643834,23596.643834,23542.146163999998,-24.165890000000218,stop_loss,3
2025-09-03 03:55:00,2025-09-03 04:05:00,long,23651.438546,23638.074652,23638.074652,23676.666334000005,-18.863894000001892,stop_loss,2
2025-09-03 04:05:00,2025-09-03 04:20:00,short,23635.289988,23648.148931,23648.148931,23611.072102000002,-18.35894299999927,stop_loss,3
2025-09-04 02:55:00,2025-09-04 03:00:00,long,23721.879341,23715.079821,23715.079821,23733.978381,-12.299520000000484,stop_loss,1
2025-09-04 03:35:00,2025-09-04 03:45:00,long,23736.017995,23726.693716,23726.693716,23753.166552999992,-14.82427899999675,stop_loss,2
2025-09-04 03:50:00,2025-09-04 03:55:00,long,23732.735807,23728.208572,23728.208572,23740.290277000004,-10.027235000001383,stop_loss,1
2025-09-04 04:00:00,2025-09-04 04:15:00,long,23733.745711,23727.956096,23727.956096,23743.824940999995,-11.289614999997866,stop_loss,3
2025-09-05 01:00:00,2025-09-05 02:00:00,long,24005.914802,23993.308335,23993.308335,24029.627735999995,-18.106466999997792,stop_loss,12
2025-09-05 03:55:00,2025-09-05 06:55:00,long,24023.083168,24008.961845,24008.961845,24049.825814,-19.621322999999393,stop_loss,36
2025-09-08 02:15:00,2025-09-08 02:20:00,long,24009.954417,24002.144994,24002.144994,24024.073263000006,-13.309423000002425,stop_loss,1
2025-09-08 02:35:00,2025-09-08 02:50:00,long,24002.88509,23993.055859,23993.055859,24021.043552,-15.329230999999709,stop_loss,3
2025-09-08 04:50:00,2025-09-08 05:55:00,long,24020.810884,24006.18461,24006.18461,24048.563431999995,-20.126273999998375,stop_loss,13
2025-09-09 02:35:00,2025-09-09 02:40:00,long,24108.924996,24106.417568,24106.417568,24112.439852000003,-8.0074280000008,stop_loss,1
2025-09-11 01:05:00,2025-09-11 01:30:00,long,24128.870597,24146.524107000005,24119.293842,24146.524107000005,12.153510000003735,take_profit,5
2025-09-11 02:10:00,2025-09-11 03:10:00,long,24154.623146,24176.821224000003,24142.774107,24176.821224000003,16.69807800000126,take_profit,12
2025-09-12 02:45:00,2025-09-12 03:00:00,long,24254.351152,24244.269445,24244.269445,24273.014565999994,-15.58170699999755,stop_loss,3
2025-09-15 01:30:00,2025-09-15 02:35:00,long,24380.25,24397.75,24370.75,24397.75,12.0,take_profit,13
2025-09-16 04:00:00,2025-09-16 04:15:00,long,24643.75,24637.0,24637.0,24655.75,-12.25,stop_loss,3
2025-09-17 01:35:00,2025-09-17 02:20:00,long,24528.75,24539.75,24522.5,24539.75,5.5,take_profit,9
2025-09-17 02:50:00,2025-09-17 03:00:00,long,24549.0,24544.75,24544.75,24556.0,-9.75,stop_loss,2
2025-09-17 03:50:00,2025-09-17 05:25:00,long,24510.5,24498.75,24498.75,24532.5,-17.25,stop_loss,19
2025-09-18 02:50:00,2025-09-18 03:30:00,long,24667.0,24697.0,24651.25,24697.0,24.5,take_profit,8
2025-09-18 04:25:00,2025-09-18 05:25:00,long,24719.0,24708.5,24708.5,24738.5,-16.0,stop_loss,12
2025-09-23 01:05:00,2025-09-23 02:05:00,long,25003.75,24993.5,24993.5,25022.75,-15.75,stop_loss,12
2025-09-23 02:55:00,2025-09-23 03:05:00,long,25001.0,25015.0,24993.25,25015.0,8.5,take_profit,2
2025-09-23 04:45:00,2025-09-23 04:50:00,long,25010.75,25007.5,25007.5,25015.75,-8.75,stop_loss,1
2025-09-24 01:15:00,2025-09-24 01:25:00,long,24876.5,24866.5,24866.5,24895.0,-15.5,stop_loss,2
2025-09-24 01:35:00,2025-09-24 01:40:00,long,24869.5,24875.0,24866.0,24875.0,0.0,take_profit,1
2025-09-24 02:45:00,2025-09-24 08:30:00,long,24885.25,24867.75,24867.75,24918.75,-23.0,stop_loss,69
2025-09-25 01:55:00,2025-09-25 02:00:00,short,24726.75,24714.25,24733.75,24714.25,7.0,take_profit,1
2025-09-25 03:40:00,2025-09-25 03:45:00,short,24746.25,24733.25,24753.5,24733.25,7.5,take_profit,1
2025-09-25 04:25:00,2025-09-25 04:40:00,short,24729.5,24712.0,24739.0,24712.0,12.0,take_profit,3
2025-09-26 01:35:00,2025-09-26 01:50:00,short,24649.25,24657.25,24657.25,24634.75,-13.5,stop_loss,3
2025-09-26 02:15:00,2025-09-26 02:25:00,short,24634.5,24658.0,24658.0,24589.0,-29.0,stop_loss,2
2025-09-26 02:55:00,2025-09-26 03:00:00,short,24645.5,24650.0,24650.0,24638.0,-10.0,stop_loss,1
2025-09-26 03:20:00,2025-09-26 03:40:00,short,24643.75,24621.25,24655.75,24621.25,17.0,take_profit,4
2025-09-26 04:20:00,2025-09-26 04:50:00,short,24594.0,24613.0,24613.0,24557.5,-24.5,stop_loss,6
2025-09-29 01:15:00,2025-09-29 01:40:00,long,24834.0,24851.5,24824.5,24851.5,12.0,take_profit,5
2025-09-29 02:10:00,2025-09-29 03:05:00,long,24839.25,24872.25,24822.0,24872.25,27.5,take_profit,11
2025-09-29 04:05:00,2025-09-29 04:15:00,long,24889.5,24885.5,24885.5,24896.0,-9.5,stop_loss,2
2025-09-29 04:25:00,2025-09-29 04:30:00,long,24890.75,24884.25,24884.25,24902.25,-12.0,stop_loss,1
2025-09-29 04:35:00,2025-09-29 04:45:00,long,24894.5,24884.0,24884.0,24914.0,-16.0,stop_loss,2
2025-09-30 01:05:00,2025-09-30 01:50:00,long,24840.5,24828.5,24828.5,24863.0,-17.5,stop_loss,9
2025-09-30 03:00:00,2025-09-30 03:15:00,short,24772.75,24792.5,24792.5,24734.75,-25.25,stop_loss,3
2025-09-30 03:15:00,2025-09-30 03:45:00,long,24786.75,24802.75,24778.0,24802.75,10.5,take_profit,6
2025-09-30 04:30:00,2025-09-30 04:35:00,long,24817.25,24803.75,24803.75,24842.75,-19.0,stop_loss,1
2025-10-01 01:10:00,2025-10-01 01:40:00,short,24757.75,24736.25,24769.25,24736.25,16.0,take_profit,6
2025-10-02 02:35:00,2025-10-02 05:00:00,long,25082.5,25121.5,25062.25,25121.5,33.5,take_profit,29
2025-10-03 01:35:00,2025-10-03 01:40:00,long,25190.75,25185.5,25185.5,25199.75,-10.75,stop_loss,1
2025-10-03 02:00:00,2025-10-03 02:10:00,long,25188.5,25178.25,25178.25,25207.5,-15.75,stop_loss,2
2025-10-03 02:15:00,2025-10-03 02:20:00,long,25184.5,25179.0,25179.0,25194.0,-11.0,stop_loss,1
2025-10-06 02:10:00,2025-10-06 02:20:00,long,25101.75,25093.25,25093.25,25117.25,-14.0,stop_loss,2
2025-10-06 03:05:00,2025-10-06 03:15:00,long,25106.5,25096.0,25096.0,25126.0,-16.0,stop_loss,2
2025-10-06 03:20:00,2025-10-06 03:50:00,long,25103.75,25094.5,25094.5,25120.75,-14.75,stop_loss,6
2025-10-06 04:55:00,2025-10-06 05:10:00,long,25135.0,25129.5,25129.5,25144.5,-11.0,stop_loss,3
2025-10-07 02:40:00,2025-10-07 03:05:00,long,25154.0,25147.5,25147.5,25165.5,-12.0,stop_loss,5
2025-10-07 03:45:00,2025-10-07 04:00:00,long,25159.5,25174.5,25151.25,25174.5,9.5,take_profit,3
2025-10-07 04:55:00,2025-10-07 05:00:00,long,25189.5,25182.5,25182.5,25202.0,-12.5,stop_loss,1
2025-10-08 01:05:00,2025-10-08 01:30:00,short,25048.25,25034.75,25055.75,25034.75,8.0,take_profit,5
2025-10-08 03:35:00,2025-10-08 03:45:00,long,25104.0,25111.0,25099.75,25111.0,1.5,take_profit,2
2025-10-08 03:55:00,2025-10-08 04:00:00,short,25086.0,25096.25,25096.25,25067.0,-15.75,stop_loss,1
2025-10-09 01:00:00,2025-10-09 01:20:00,long,25362.5,25351.0,25351.0,25384.0,-17.0,stop_loss,4
2025-10-09 01:35:00,2025-10-09 01:45:00,long,25353.75,25345.5,25345.5,25368.75,-13.75,stop_loss,2
2025-10-09 02:50:00,2025-10-09 03:10:00,long,25342.75,25334.75,25334.75,25357.25,-13.5,stop_loss,4
2025-10-14 01:35:00,2025-10-14 02:05:00,short,24698.25,24637.75,24729.25,24637.75,55.0,take_profit,6
2025-10-14 02:20:00,2025-10-14 02:25:00,short,24688.0,24710.0,24710.0,24645.5,-27.5,stop_loss,1
2025-10-14 02:30:00,2025-10-14 02:35:00,short,24688.75,24630.25,24718.75,24630.25,53.0,take_profit,1
2025-10-14 02:35:00,2025-10-14 04:00:00,short,24651.75,24700.75,24700.75,24555.25,-54.5,stop_loss,17
2025-10-14 04:45:00,2025-10-14 05:10:00,short,24648.5,24600.5,24673.25,24600.5,42.5,take_profit,5
2025-10-15 01:55:00,2025-10-15 02:30:00,long,24902.5,24885.5,24885.5,24935.0,-22.5,stop_loss,7
2025-10-15 02:40:00,2025-10-15 02:55:00,short,24887.75,24902.75,24902.75,24859.25,-20.5,stop_loss,3
2025-10-15 03:00:00,2025-10-15 04:00:00,long,24919.25,24962.25,24897.0,24962.25,37.5,take_profit,12
2025-10-15 04:30:00,2025-10-15 06:15:00,long,24966.25,24942.25,24942.25,25012.75,-29.5,stop_loss,21
2025-10-16 02:55:00,2025-10-16 03:25:00,long,25039.5,25014.25,25014.25,25088.5,-30.75,stop_loss,6
2025-10-16 04:45:00,2025-10-16 07:40:00,long,25043.25,25090.75,25018.75,25090.75,42.0,take_profit,35
2025-10-17 01:10:00,2025-10-17 01:20:00,short,24664.0,24634.0,24679.75,24634.0,24.5,take_profit,2
2025-10-17 01:25:00,2025-10-17 01:35:00,short,24638.5,24616.0,24650.5,24616.0,17.0,take_profit,2
2025-10-17 03:00:00,2025-10-17 03:30:00,short,24440.0,24493.5,24493.5,24334.5,-59.0,stop_loss,6
2025-10-20 01:50:00,2025-10-20 02:00:00,long,25123.0,25103.0,25103.0,25161.5,-25.5,stop_loss,2
2025-10-20 02:00:00,2025-10-20 03:15:00,long,25116.5,25097.25,25097.25,25153.5,-24.75,stop_loss,15
2025-10-20 04:55:00,2025-10-20 05:00:00,long,25087.5,25073.75,25073.75,25113.5,-19.25,stop_loss,1
2025-10-21 01:20:00,2025-10-21 01:30:00,long,25286.25,25276.25,25276.25,25304.75,-15.5,stop_loss,2
2025-10-21 01:35:00,2025-10-21 02:00:00,long,25284.0,25271.5,25271.5,25307.5,-18.0,stop_loss,5
2025-10-21 02:15:00,2025-10-21 03:15:00,long,25279.0,25260.75,25260.75,25314.0,-23.75,stop_loss,12
2025-10-21 04:25:00,2025-10-21 05:10:00,long,25288.75,25277.5,25277.5,25309.75,-16.75,stop_loss,9
2025-10-22 01:35:00,2025-10-22 02:00:00,long,25327.25,25310.25,25310.25,25359.75,-22.5,stop_loss,5
2025-10-22 04:50:00,2025-10-22 05:15:00,long,25260.25,25281.75,25248.75,25281.75,16.0,take_profit,5
2025-10-23 01:25:00,2025-10-23 01:45:00,short,25084.0,25097.75,25097.75,25058.0,-19.25,stop_loss,4
2025-10-23 02:35:00,2025-10-23 02:40:00,short,25085.75,25099.5,25099.5,25059.75,-19.25,stop_loss,1
2025-10-23 04:10:00,2025-10-23 04:20:00,short,25065.0,25036.0,25080.25,25036.0,23.5,take_profit,2
2025-10-24 01:15:00,2025-10-24 01:30:00,long,25372.0,25365.25,25365.25,25384.0,-12.25,stop_loss,3
2025-10-24 01:45:00,2025-10-24 02:10:00,long,25362.0,25353.5,25353.5,25377.5,-14.0,stop_loss,5
2025-10-24 03:45:00,2025-10-24 03:55:00,long,25365.75,25351.75,25351.75,25392.25,-19.5,stop_loss,2
2025-10-24 04:00:00,2025-10-24 04:20:00,long,25357.75,25370.25,25350.75,25370.25,7.0,take_profit,4
2025-10-27 01:20:00,2025-10-27 01:30:00,long,25797.0,25790.5,25790.5,25808.5,-12.0,stop_loss,2
2025-10-27 01:35:00,2025-10-27 01:40:00,long,25792.75,25789.25,25789.25,25798.25,-9.0,stop_loss,1
2025-10-27 02:05:00,2025-10-27 02:15:00,long,25793.25,25809.25,25784.5,25809.25,10.5,take_profit,2
2025-10-27 02:15:00,2025-10-27 02:45:00,long,25807.25,25797.25,25797.25,25825.75,-15.5,stop_loss,6
2025-10-27 02:50:00,2025-10-27 03:00:00,long,25799.75,25791.25,25791.25,25815.25,-14.0,stop_loss,2
2025-10-27 03:05:00,2025-10-27 03:25:00,long,25792.75,25781.25,25781.25,25814.25,-17.0,stop_loss,4
2025-10-27 04:30:00,2025-10-27 05:30:00,long,25810.0,25848.0,25790.25,25848.0,32.5,take_profit,12
2025-10-28 01:30:00,2025-10-28 01:45:00,long,25978.5,25965.5,25965.5,26003.0,-18.5,stop_loss,3
2025-10-28 02:00:00,2025-10-28 02:50:00,long,25970.25,25955.5,25955.5,25998.25,-20.25,stop_loss,10
2025-10-28 04:40:00,2025-10-28 05:20:00,long,25971.25,25987.75,25962.25,25987.75,11.0,take_profit,8
2025-10-29 01:55:00,2025-10-29 02:00:00,long,26281.5,26275.5,26275.5,26292.0,-11.5,stop_loss,1
2025-10-29 02:10:00,2025-10-29 02:20:00,long,26281.25,26272.5,26272.5,26297.25,-14.25,stop_loss,2
2025-10-29 02:55:00,2025-10-29 03:00:00,long,26293.25,26287.25,26287.25,26303.75,-11.5,stop_loss,1
2025-10-29 03:15:00,2025-10-29 03:25:00,long,26306.25,26284.75,26284.75,26347.75,-27.0,stop_loss,2
2025-10-30 02:50:00,2025-10-30 03:05:00,long,26274.25,26259.5,26259.5,26302.25,-20.25,stop_loss,3
2025-10-30 03:40:00,2025-10-30 04:20:00,long,26275.25,26254.25,26254.25,26315.75,-26.5,stop_loss,8
2025-10-31 01:35:00,2025-10-31 01:40:00,long,26190.75,26185.75,26185.75,26199.25,-10.5,stop_loss,1
2025-10-31 02:35:00,2025-10-31 03:10:00,long,26198.5,26177.0,26177.0,26240.0,-27.0,stop_loss,7
2025-10-31 03:25:00,2025-10-31 03:35:00,long,26179.0,26169.0,26169.0,26197.5,-15.5,stop_loss,2
2025-10-31 03:40:00,2025-10-31 05:25:00,long,26182.5,26164.75,26164.75,26216.5,-23.25,stop_loss,21
2025-11-03 01:30:00,2025-11-03 02:05:00,short,26031.0,26041.0,26041.0,26012.5,-15.5,stop_loss,7
2025-11-03 03:05:00,2025-11-03 03:30:00,long,26118.0,26150.5,26101.0,26150.5,27.0,take_profit,5
2025-11-03 04:05:00,2025-11-03 04:50:00,long,26136.0,26160.5,26123.0,26160.5,19.0,take_profit,9
2025-11-04 01:40:00,2025-11-04 01:50:00,short,25774.25,25793.0,25793.0,25738.25,-24.25,stop_loss,2
2025-11-04 02:00:00,2025-11-04 03:55:00,short,25753.0,25674.5,25793.0,25674.5,73.0,take_profit,23
2025-11-05 01:35:00,2025-11-05 01:50:00,short,25482.0,25503.5,25503.5,25440.5,-27.0,stop_loss,3
2025-11-05 01:55:00,2025-11-05 02:05:00,short,25473.25,25505.25,25505.25,25410.75,-37.5,stop_loss,2
2025-11-06 01:15:00,2025-11-06 01:20:00,short,25681.25,25696.75,25696.75,25651.75,-21.0,stop_loss,1
2025-11-06 01:30:00,2025-11-06 03:05:00,short,25663.25,25703.75,25703.75,25583.75,-46.0,stop_loss,19
2025-11-07 01:00:00,2025-11-07 01:20:00,short,25315.25,25336.75,25336.75,25273.75,-27.0,stop_loss,4
2025-11-07 01:20:00,2025-11-07 02:05:00,short,25322.0,25350.25,25350.25,25267.0,-33.75,stop_loss,9
2025-11-07 03:00:00,2025-11-07 03:10:00,short,25289.75,25314.5,25314.5,25241.75,-30.25,stop_loss,2
2025-11-07 03:20:00,2025-11-07 04:10:00,short,25297.25,25239.75,25326.75,25239.75,52.0,take_profit,10
2025-11-07 04:45:00,2025-11-07 05:05:00,short,25219.5,25188.0,25236.0,25188.0,26.0,take_profit,4
2025-11-10 04:35:00,2025-11-10 04:45:00,long,25553.75,25541.25,25541.25,25577.25,-18.0,stop_loss,2
2025-11-11 04:35:00,2025-11-11 04:40:00,long,25623.75,25612.25,25612.25,25645.25,-17.0,stop_loss,1
2025-11-11 04:50:00,2025-11-11 05:00:00,long,25618.75,25632.75,25611.0,25632.75,8.5,take_profit,2
